from	to	w
S__3300000179_4	S__3300001683_4	0.115417044930648
S__3300001683_28	S__3300001683_4	0.145988261199393
S__3300001683_31	S__3300001683_4	0.117758041017636
S__3300001683_4	S__3300006311_3	0.114186351100316
S__3300001683_28	S__3300020187_18	0.119224639885616
S__3300001683_4	S__3300020187_18	0.111653861193023
S__3300001683_28	S__3300020263_16	0.118797657102208
S__3300001683_4	S__3300020263_16	0.109481669710069
S__3300020187_18	S__3300020263_16	0.109999994444811
S__3300000179_4	S__3300020389_17	0.109568629434899
S__3300001683_28	S__3300020389_17	0.14670389176833
S__3300001683_4	S__3300020389_17	0.157245855125956
S__3300020263_16	S__3300020389_17	0.11860745488085
S__3300000179_4	S__3300020389_47	0.132834300629105
S__3300001683_21	S__3300020389_47	0.117075598738087
S__3300001683_28	S__3300020389_47	0.155892607313386
S__3300001683_31	S__3300020389_47	0.150578387103595
S__3300001683_4	S__3300020389_47	0.173288270616016
S__3300020187_18	S__3300020389_47	0.115350051565848
S__3300020263_16	S__3300020389_47	0.120689210070502
S__3300020303_5	S__3300020389_47	0.143996901859906
S__3300020389_17	S__3300020389_47	0.172320465458901
S__3300020389_47	S__3300022920_20	0.152581854818552
S__3300020389_47	S__3300024058_15	0.112205419698632
S__3300024353_106	S__3300024353_29	0.131438265013525
S__3300024353_106	S__3300024433_34	0.14041554324329
S__3300024353_29	S__3300024433_34	0.156017203688171
S__3300024353_30	S__3300024433_34	0.108541912866942
S__3300024353_49	S__3300024433_34	0.152564024826506
S__3300001683_28	S__3300024516_18	0.121993016794491
S__3300001683_4	S__3300024516_18	0.14476040957462
S__3300020389_17	S__3300024516_18	0.13043517121795
S__3300020389_47	S__3300024516_18	0.130065282572389
S__3300001683_28	S__3300024516_26	0.121443983710213
S__3300001683_4	S__3300024516_26	0.148715175109273
S__3300020389_17	S__3300024516_26	0.128012986432487
S__3300020389_47	S__3300024516_26	0.145208062504998
S__3300020263_16	S__3300024516_38	0.154548858899646
S__3300024058_22	S__3300024516_38	0.121035878820731
S__3300024433_34	S__3300025661_25	0.111936847498094
S__3300020389_47	S__3300025690_38	0.115659332111696
S__3300020389_17	S__3300025892_34	0.10960034539495
S__3300020389_47	S__3300025892_34	0.145218675911005
S__3300001683_28	S__3300025894_53	0.120634881331813
S__3300001683_4	S__3300025894_53	0.119687115821906
S__3300020389_17	S__3300025894_53	0.111535715758614
S__3300020389_47	S__3300025894_53	0.133488573503462
S__3300001683_28	S__3300026108_2	0.130587588531329
S__3300001683_4	S__3300026108_2	0.144582966771357
S__3300020389_17	S__3300026108_2	0.138139051954147
S__3300020389_47	S__3300026108_2	0.12515052457742
S__3300024516_18	S__3300026108_2	0.116875992844669
S__3300020389_47	S__3300026108_4	0.127857655895341
S__3300001683_28	S__3300026119_8	0.113641538609528
S__3300001683_4	S__3300026119_8	0.139322636512008
S__3300020389_17	S__3300026119_8	0.122199947085355
S__3300020389_47	S__3300026119_8	0.131152709386143
S__3300001683_28	S__3300026253_8	0.123569945481781
S__3300001683_4	S__3300026253_8	0.115058130675709
S__3300020187_18	S__3300026253_8	0.131782360828349
S__3300020263_16	S__3300026253_8	0.166229950047419
S__3300020389_17	S__3300026253_8	0.121306136127761
S__3300020389_47	S__3300026253_8	0.12535483112016
S__3300024516_38	S__3300026253_8	0.147813220298714
S__3300026108_2	S__3300026253_8	0.108087917944506
S__3300026253_28	S__3300026253_8	0.108697833661674
S__3300020389_17	S__3300026264_29	0.109231771804886
S__3300020389_47	S__3300026264_29	0.13817820008775
S__3300001683_4	S__3300026267_11	0.114125845197148
S__3300020389_17	S__3300026267_11	0.116039431253291
S__3300020389_47	S__3300026267_11	0.155422312327641
S__3300001683_28	S__3300027668_18	0.123419245979108
S__3300001683_4	S__3300027668_18	0.15418126819599
S__3300020389_17	S__3300027668_18	0.132077051856059
S__3300020389_47	S__3300027668_18	0.163337727235206
S__3300024516_26	S__3300027668_18	0.12038395795369
S__3300026119_8	S__3300027668_18	0.109423684643865
S__3300020389_47	S__3300027685_11	0.112146046935098
S__3300001683_4	S__3300027685_16	0.128602397921303
S__3300020389_47	S__3300027685_16	0.131554280783631
S__3300001683_28	S__3300027685_31	0.12388081945797
S__3300001683_31	S__3300027685_31	0.123132504892087
S__3300001683_4	S__3300027685_31	0.13536731329805
S__3300020303_5	S__3300027685_31	0.116711498539757
S__3300020389_17	S__3300027685_31	0.133132385425563
S__3300020389_47	S__3300027685_31	0.187498916110917
S__3300022920_20	S__3300027685_31	0.125019701172882
S__3300024516_26	S__3300027685_31	0.117586119123498
S__3300025892_34	S__3300027685_31	0.114592330298125
S__3300025894_53	S__3300027685_31	0.110593246862014
S__3300026264_29	S__3300027685_31	0.112584396166268
S__3300026267_11	S__3300027685_31	0.129540892773959
S__3300027668_18	S__3300027685_31	0.130094793308948
S__3300001683_4	S__3300027685_36	0.124247336609565
S__3300020389_17	S__3300027685_36	0.121359943857293
S__3300020389_47	S__3300027685_36	0.184483472588735
S__3300026267_11	S__3300027685_36	0.108697803033573
S__3300027685_31	S__3300027685_36	0.149779215686904
S__3300020389_47	S__3300027687_7	0.120567601496779
S__3300020389_47	S__3300027700_13	0.124566206183949
S__3300009702_36	S__3300027706_22	0.111439102649656
S__3300020373_18	S__3300027706_22	0.146180538890449
S__3300001683_28	S__3300027752_17	0.127180453968795
S__3300001683_4	S__3300027752_17	0.121788383693615
S__3300020187_18	S__3300027752_17	0.129900311101982
S__3300020263_16	S__3300027752_17	0.152744167218212
S__3300020389_17	S__3300027752_17	0.124126413990807
S__3300020389_47	S__3300027752_17	0.129403209416355
S__3300024516_38	S__3300027752_17	0.152619474123517
S__3300026108_2	S__3300027752_17	0.111549176405747
S__3300026253_8	S__3300027752_17	0.148847682799524
S__3300001683_28	S__3300027771_26	0.114867350262971
S__3300001683_4	S__3300027771_26	0.141066878269192
S__3300020389_17	S__3300027771_26	0.130284901912815
S__3300020389_47	S__3300027771_26	0.150824563689141
S__3300027685_31	S__3300027771_26	0.118458561958492
S__3300001683_28	S__3300027779_22	0.14565539657902
S__3300001683_4	S__3300027779_22	0.125951607237543
S__3300020187_18	S__3300027779_22	0.156399076393847
S__3300020263_16	S__3300027779_22	0.167997303754028
S__3300020389_17	S__3300027779_22	0.131338227439596
S__3300020389_47	S__3300027779_22	0.136898910831988
S__3300024516_18	S__3300027779_22	0.127154921713561
S__3300024516_26	S__3300027779_22	0.135891545127038
S__3300024516_38	S__3300027779_22	0.151892480314602
S__3300025276_12	S__3300027779_22	0.124557827786514
S__3300025894_53	S__3300027779_22	0.151031543147566
S__3300026108_2	S__3300027779_22	0.135865562438481
S__3300026119_8	S__3300027779_22	0.121813607341505
S__3300026253_28	S__3300027779_22	0.109858357668402
S__3300026253_8	S__3300027779_22	0.162882714845589
S__3300026264_34	S__3300027779_22	0.109019522590426
S__3300027668_18	S__3300027779_22	0.130057796493657
S__3300027685_31	S__3300027779_22	0.113789193825357
S__3300027687_20	S__3300027779_22	0.111526772060618
S__3300027752_17	S__3300027779_22	0.172894390755137
S__3300020389_47	S__3300027779_26	0.144929139088112
S__3300027685_31	S__3300027779_26	0.123846032352782
S__3300001683_4	S__3300027779_27	0.11119906254592
S__3300020389_47	S__3300027779_27	0.167239273735283
S__3300022920_20	S__3300027779_27	0.148099756109392
S__3300027668_18	S__3300027779_27	0.119338724806917
S__3300027685_31	S__3300027779_27	0.137054629642853
S__3300027685_36	S__3300027779_27	0.122237859968394
S__3300027687_7	S__3300027779_27	0.109139536334608
S__3300027779_26	S__3300027779_27	0.142205105042681
S__3300001683_28	S__3300027780_12	0.131565194898966
S__3300001683_4	S__3300027780_12	0.155759127264844
S__3300020389_17	S__3300027780_12	0.140044445304164
S__3300020389_47	S__3300027780_12	0.166155281545237
S__3300024516_18	S__3300027780_12	0.1166080963378
S__3300024516_26	S__3300027780_12	0.121408190715048
S__3300025894_53	S__3300027780_12	0.108409769789609
S__3300026108_2	S__3300027780_12	0.117824988702614
S__3300026119_8	S__3300027780_12	0.108852062580823
S__3300027668_18	S__3300027780_12	0.142329159712308
S__3300027685_31	S__3300027780_12	0.132165130565118
S__3300027752_17	S__3300027780_12	0.111165266292045
S__3300027771_26	S__3300027780_12	0.137342980927818
S__3300027779_22	S__3300027780_12	0.128156892332488
S__3300027779_27	S__3300027780_12	0.110818992009964
S__3300001683_4	S__3300027788_10	0.126394824210145
S__3300020389_17	S__3300027788_10	0.108266684697605
S__3300020389_47	S__3300027788_10	0.154217378495874
S__3300027668_18	S__3300027788_10	0.111978809701882
S__3300027685_31	S__3300027788_10	0.129328543762976
S__3300027779_27	S__3300027788_10	0.127318561573594
S__3300027780_12	S__3300027788_10	0.121518395365723
S__3300001683_28	S__3300027791_27	0.111239648124833
S__3300001683_4	S__3300027791_27	0.109564205526181
S__3300020263_16	S__3300027791_27	0.109517726085063
S__3300020389_47	S__3300027791_27	0.123905906873263
S__3300025894_53	S__3300027791_27	0.10914378489356
S__3300026253_8	S__3300027791_27	0.127445108174228
S__3300027752_17	S__3300027791_27	0.119773447429
S__3300027779_22	S__3300027791_27	0.154353822583008
S__3300000179_4	S__3300027801_21	0.122005830097528
S__3300001683_28	S__3300027801_21	0.175609139904031
S__3300001683_31	S__3300027801_21	0.122720649284306
S__3300001683_4	S__3300027801_21	0.173654018666001
S__3300020187_18	S__3300027801_21	0.135816260519865
S__3300020263_16	S__3300027801_21	0.144045876277024
S__3300020303_5	S__3300027801_21	0.109025670388177
S__3300020389_17	S__3300027801_21	0.18584543460813
S__3300020389_47	S__3300027801_21	0.173596593992555
S__3300024516_18	S__3300027801_21	0.152683890523115
S__3300024516_26	S__3300027801_21	0.15561168361423
S__3300024516_38	S__3300027801_21	0.124889673737573
S__3300025276_12	S__3300027801_21	0.1137171776018
S__3300025892_34	S__3300027801_21	0.116787392198928
S__3300025894_53	S__3300027801_21	0.140096341360914
S__3300026108_2	S__3300027801_21	0.161632549090841
S__3300026119_8	S__3300027801_21	0.145057288433145
S__3300026253_8	S__3300027801_21	0.146973520466082
S__3300026264_29	S__3300027801_21	0.12043905201041
S__3300026264_34	S__3300027801_21	0.108566671820493
S__3300026267_11	S__3300027801_21	0.123206836321463
S__3300027668_18	S__3300027801_21	0.165671754168129
S__3300027685_16	S__3300027801_21	0.12551452480305
S__3300027685_31	S__3300027801_21	0.144730328958119
S__3300027685_36	S__3300027801_21	0.134702111860944
S__3300027700_13	S__3300027801_21	0.108115186804956
S__3300027752_17	S__3300027801_21	0.155438087225496
S__3300027771_26	S__3300027801_21	0.1567742491981
S__3300027779_22	S__3300027801_21	0.158011377058933
S__3300027779_27	S__3300027801_21	0.116386171878005
S__3300027780_12	S__3300027801_21	0.172971678855929
S__3300027788_10	S__3300027801_21	0.134066684765146
S__3300027791_27	S__3300027801_21	0.130209926526554
S__3300001683_28	S__3300027801_7	0.127567459020755
S__3300001683_4	S__3300027801_7	0.123708832121142
S__3300020389_17	S__3300027801_7	0.120958419501381
S__3300020389_47	S__3300027801_7	0.147145199700673
S__3300026253_8	S__3300027801_7	0.117535781111768
S__3300027668_18	S__3300027801_7	0.110249542768495
S__3300027685_31	S__3300027801_7	0.122842146358113
S__3300027752_17	S__3300027801_7	0.121165625505419
S__3300027779_22	S__3300027801_7	0.160268815061376
S__3300027780_12	S__3300027801_7	0.116686428792237
S__3300027801_21	S__3300027801_7	0.153555402108456
S__3300001683_28	S__3300027810_12	0.108578896714341
S__3300001683_4	S__3300027810_12	0.111332697002844
S__3300020389_47	S__3300027810_12	0.137972645294632
S__3300027685_31	S__3300027810_12	0.117869634643353
S__3300027779_22	S__3300027810_12	0.142194807110439
S__3300027779_27	S__3300027810_12	0.110565408083126
S__3300027801_21	S__3300027810_12	0.129144686267434
S__3300001683_28	S__3300027827_16	0.135194640136851
S__3300001683_4	S__3300027827_16	0.13352440147185
S__3300020187_18	S__3300027827_16	0.11049957225236
S__3300020263_16	S__3300027827_16	0.130568965929706
S__3300020389_17	S__3300027827_16	0.145009376235861
S__3300020389_47	S__3300027827_16	0.145986941290378
S__3300026108_2	S__3300027827_16	0.11890717161857
S__3300026253_8	S__3300027827_16	0.129348748971346
S__3300027685_31	S__3300027827_16	0.11585999621622
S__3300027752_17	S__3300027827_16	0.129584201288177
S__3300027771_26	S__3300027827_16	0.135323703037023
S__3300027779_22	S__3300027827_16	0.14014656742581
S__3300027780_12	S__3300027827_16	0.123680485642683
S__3300027801_21	S__3300027827_16	0.175919281369057
S__3300027801_7	S__3300027827_16	0.113473070209476
S__3300000179_4	S__3300027838_66	0.134385338761431
S__3300001683_21	S__3300027838_66	0.118054591747572
S__3300001683_28	S__3300027838_66	0.16123702070752
S__3300001683_31	S__3300027838_66	0.15062790787128
S__3300001683_4	S__3300027838_66	0.180205880867274
S__3300020187_18	S__3300027838_66	0.129800320358214
S__3300020263_16	S__3300027838_66	0.12372791088471
S__3300020303_5	S__3300027838_66	0.123342526144991
S__3300020389_17	S__3300027838_66	0.170070894248447
S__3300020389_47	S__3300027838_66	0.188128878734911
S__3300022920_20	S__3300027838_66	0.153382130276291
S__3300024058_15	S__3300027838_66	0.117649861056906
S__3300024516_18	S__3300027838_66	0.135223777691755
S__3300024516_24	S__3300027838_66	0.108333261485486
S__3300024516_26	S__3300027838_66	0.157809871583169
S__3300025276_12	S__3300027838_66	0.117354183270056
S__3300025892_34	S__3300027838_66	0.125098088222091
S__3300025894_53	S__3300027838_66	0.148758440404442
S__3300026087_14	S__3300027838_66	0.117507612484639
S__3300026108_2	S__3300027838_66	0.13080365959899
S__3300026108_4	S__3300027838_66	0.116408317787474
S__3300026119_8	S__3300027838_66	0.138761492161943
S__3300026253_8	S__3300027838_66	0.131131935802045
S__3300026264_29	S__3300027838_66	0.134274599985697
S__3300026267_11	S__3300027838_66	0.138009905153767
S__3300027668_18	S__3300027838_66	0.186092171566865
S__3300027685_11	S__3300027838_66	0.119419475392198
S__3300027685_16	S__3300027838_66	0.142765281384542
S__3300027685_31	S__3300027838_66	0.182597968261408
S__3300027685_36	S__3300027838_66	0.170193737145679
S__3300027687_20	S__3300027838_66	0.118819998637221
S__3300027687_7	S__3300027838_66	0.13215927645131
S__3300027700_13	S__3300027838_66	0.120791698436668
S__3300027752_17	S__3300027838_66	0.138836238889603
S__3300027771_26	S__3300027838_66	0.161130292512474
S__3300027779_22	S__3300027838_66	0.148508914272825
S__3300027779_26	S__3300027838_66	0.151128325985069
S__3300027779_27	S__3300027838_66	0.170320912840415
S__3300027780_12	S__3300027838_66	0.183025101136722
S__3300027788_10	S__3300027838_66	0.174202232310588
S__3300027791_27	S__3300027838_66	0.138344699890219
S__3300027801_21	S__3300027838_66	0.181185688139532
S__3300027801_7	S__3300027838_66	0.161552720748123
S__3300027810_12	S__3300027838_66	0.154788808550686
S__3300027827_16	S__3300027838_66	0.152004809429125
S__3300000179_4	S__3300027838_7	0.156748726945306
S__3300001683_21	S__3300027838_7	0.129257186319553
S__3300001683_28	S__3300027838_7	0.180181364830777
S__3300001683_31	S__3300027838_7	0.16553163998526
S__3300001683_4	S__3300027838_7	0.210249805285
S__3300006311_3	S__3300027838_7	0.118780703527201
S__3300020187_18	S__3300027838_7	0.138198354886392
S__3300020263_16	S__3300027838_7	0.137735799830753
S__3300020303_5	S__3300027838_7	0.134942654085208
S__3300020389_17	S__3300027838_7	0.199672163025231
S__3300020389_47	S__3300027838_7	0.202077202599263
S__3300022920_20	S__3300027838_7	0.144489240497449
S__3300024058_15	S__3300027838_7	0.125740975394011
S__3300024516_18	S__3300027838_7	0.158405526835066
S__3300024516_24	S__3300027838_7	0.118077555111905
S__3300024516_26	S__3300027838_7	0.176468607580198
S__3300024516_38	S__3300027838_7	0.117227771907906
S__3300025276_12	S__3300027838_7	0.126582924792688
S__3300025623_36	S__3300027838_7	0.120184094430991
S__3300025690_38	S__3300027838_7	0.133955831425812
S__3300025892_34	S__3300027838_7	0.147121360533109
S__3300025894_53	S__3300027838_7	0.15108981049291
S__3300026087_14	S__3300027838_7	0.111031376250561
S__3300026108_2	S__3300027838_7	0.153986414712978
S__3300026108_4	S__3300027838_7	0.132959251259292
S__3300026119_8	S__3300027838_7	0.156954268035649
S__3300026253_8	S__3300027838_7	0.144781023153182
S__3300026264_29	S__3300027838_7	0.139831371655767
S__3300026267_11	S__3300027838_7	0.166460903375455
S__3300027668_18	S__3300027838_7	0.192414901973318
S__3300027685_11	S__3300027838_7	0.128333245135374
S__3300027685_16	S__3300027838_7	0.161748047609022
S__3300027685_31	S__3300027838_7	0.193676257605075
S__3300027685_36	S__3300027838_7	0.189783729683457
S__3300027687_20	S__3300027838_7	0.115335960636277
S__3300027687_7	S__3300027838_7	0.133123109007021
S__3300027700_13	S__3300027838_7	0.148265888491447
S__3300027752_17	S__3300027838_7	0.150126725014045
S__3300027771_26	S__3300027838_7	0.19230508938114
S__3300027779_22	S__3300027838_7	0.155731146896462
S__3300027779_26	S__3300027838_7	0.140477800483131
S__3300027779_27	S__3300027838_7	0.160059774698247
S__3300027780_12	S__3300027838_7	0.194283753613197
S__3300027788_10	S__3300027838_7	0.17272000053112
S__3300027791_27	S__3300027838_7	0.13849549103986
S__3300027801_21	S__3300027838_7	0.201635106529563
S__3300027801_7	S__3300027838_7	0.162318038873579
S__3300027810_12	S__3300027838_7	0.143481914258734
S__3300027827_16	S__3300027838_7	0.17215467593494
S__3300027838_66	S__3300027838_7	0.207346994426178
S__3300024433_34	S__3300027839_66	0.139048976783616
S__3300006902_27	S__3300027839_78	0.119361322871946
S__3300020477_98	S__3300027839_78	0.118201031376254
S__3300025673_14	S__3300027839_78	0.138361314987575
S__3300025890_25	S__3300027839_78	0.160991362051023
S__3300027685_28	S__3300027839_78	0.136085868276863
S__3300001683_4	S__3300027844_42	0.120818588857737
S__3300020389_47	S__3300027844_42	0.155171779136228
S__3300027685_31	S__3300027844_42	0.133219566382941
S__3300027779_27	S__3300027844_42	0.13627833687984
S__3300027801_21	S__3300027844_42	0.122470533005894
S__3300027838_66	S__3300027844_42	0.165613217427455
S__3300027838_7	S__3300027844_42	0.164703907110712
S__3300020389_47	S__3300027844_60	0.112148303819748
S__3300027779_27	S__3300027844_60	0.110658774030358
S__3300027838_66	S__3300027844_60	0.11080303411903
S__3300027838_7	S__3300027844_60	0.11216875879604
S__3300000179_4	S__3300027844_72	0.125569563611452
S__3300001683_21	S__3300027844_72	0.111829706210814
S__3300001683_28	S__3300027844_72	0.14706893119062
S__3300001683_31	S__3300027844_72	0.142358692045501
S__3300001683_4	S__3300027844_72	0.167651117656979
S__3300020187_18	S__3300027844_72	0.113037540015576
S__3300020263_16	S__3300027844_72	0.112912276659411
S__3300020303_5	S__3300027844_72	0.116601459597799
S__3300020389_17	S__3300027844_72	0.162503295087074
S__3300020389_47	S__3300027844_72	0.191581269282038
S__3300022920_20	S__3300027844_72	0.131702696491816
S__3300024516_18	S__3300027844_72	0.123774646991483
S__3300024516_26	S__3300027844_72	0.140789570978514
S__3300025690_38	S__3300027844_72	0.116160776043864
S__3300025892_34	S__3300027844_72	0.127802195228034
S__3300025894_53	S__3300027844_72	0.126239609819849
S__3300026108_2	S__3300027844_72	0.118188903775145
S__3300026108_4	S__3300027844_72	0.123001419995261
S__3300026119_8	S__3300027844_72	0.124072019201564
S__3300026253_8	S__3300027844_72	0.119501627605485
S__3300026264_29	S__3300027844_72	0.121661552377185
S__3300026267_11	S__3300027844_72	0.144522763978021
S__3300027668_18	S__3300027844_72	0.156663557214163
S__3300027685_16	S__3300027844_72	0.130716315648308
S__3300027685_31	S__3300027844_72	0.173202854238311
S__3300027685_36	S__3300027844_72	0.168741863695202
S__3300027687_7	S__3300027844_72	0.118044766104361
S__3300027700_13	S__3300027844_72	0.124085596200262
S__3300027752_17	S__3300027844_72	0.122712276765462
S__3300027771_26	S__3300027844_72	0.155527669606335
S__3300027779_22	S__3300027844_72	0.128830861102831
S__3300027779_26	S__3300027844_72	0.130787023975636
S__3300027779_27	S__3300027844_72	0.145252506964495
S__3300027780_12	S__3300027844_72	0.15987788175572
S__3300027788_10	S__3300027844_72	0.148816030116162
S__3300027791_27	S__3300027844_72	0.116251849734139
S__3300027801_21	S__3300027844_72	0.166269672664536
S__3300027801_7	S__3300027844_72	0.137930474869257
S__3300027810_12	S__3300027844_72	0.125252045642768
S__3300027827_16	S__3300027844_72	0.143195258008806
S__3300027838_66	S__3300027844_72	0.193355235177326
S__3300027838_7	S__3300027844_72	0.21800001552289
S__3300027844_42	S__3300027844_72	0.143306014493494
S__3300001683_28	S__3300027844_79	0.138161064402396
S__3300001683_4	S__3300027844_79	0.146450076723882
S__3300020187_18	S__3300027844_79	0.120186221304932
S__3300020263_16	S__3300027844_79	0.115465823619099
S__3300020389_17	S__3300027844_79	0.141392472806669
S__3300020389_47	S__3300027844_79	0.162971494267608
S__3300024516_26	S__3300027844_79	0.12039169318706
S__3300025276_12	S__3300027844_79	0.109968263583567
S__3300025894_53	S__3300027844_79	0.132477898734919
S__3300026253_8	S__3300027844_79	0.120316585950247
S__3300027668_18	S__3300027844_79	0.12213358506948
S__3300027685_31	S__3300027844_79	0.134026133052481
S__3300027685_36	S__3300027844_79	0.108819624017232
S__3300027752_17	S__3300027844_79	0.123619485456172
S__3300027771_26	S__3300027844_79	0.124363428731903
S__3300027779_22	S__3300027844_79	0.145671277450126
S__3300027780_12	S__3300027844_79	0.127645170744409
S__3300027788_10	S__3300027844_79	0.110039781242265
S__3300027791_27	S__3300027844_79	0.118655636289083
S__3300027801_21	S__3300027844_79	0.170758359197006
S__3300027801_7	S__3300027844_79	0.124702864124301
S__3300027810_12	S__3300027844_79	0.117656196098147
S__3300027827_16	S__3300027844_79	0.133937046037979
S__3300027838_66	S__3300027844_79	0.176639969817894
S__3300027838_7	S__3300027844_79	0.198969039000821
S__3300027844_72	S__3300027844_79	0.165038456441472
S__3300006902_27	S__3300027844_92	0.125196242248848
S__3300020477_98	S__3300027844_92	0.157048117214055
S__3300025673_14	S__3300027844_92	0.195734399864657
S__3300025890_25	S__3300027844_92	0.223574927430741
S__3300027685_19	S__3300027844_92	0.147852974487425
S__3300027685_28	S__3300027844_92	0.19108510284572
S__3300027838_49	S__3300027844_92	0.127952699380861
S__3300027839_78	S__3300027844_92	0.257960568518476
S__3300027844_59	S__3300027844_92	0.142459448964466
S__3300027839_78	S__3300027847_10	0.108534206969133
S__3300027844_92	S__3300027847_10	0.151030571176257
S__3300000179_4	S__3300027847_13	0.15785687465862
S__3300001683_21	S__3300027847_13	0.136989743165817
S__3300001683_28	S__3300027847_13	0.188655844035385
S__3300001683_31	S__3300027847_13	0.173741158100119
S__3300001683_4	S__3300027847_13	0.21970681874495
S__3300006311_3	S__3300027847_13	0.121832062912859
S__3300020187_18	S__3300027847_13	0.144850481093902
S__3300020263_16	S__3300027847_13	0.140616394087034
S__3300020303_5	S__3300027847_13	0.138397564138131
S__3300020389_13	S__3300027847_13	0.108071198631264
S__3300020389_17	S__3300027847_13	0.205429585272465
S__3300020389_47	S__3300027847_13	0.211081642886024
S__3300022920_20	S__3300027847_13	0.158489983242849
S__3300024058_15	S__3300027847_13	0.133913118113113
S__3300024516_18	S__3300027847_13	0.163982253592831
S__3300024516_24	S__3300027847_13	0.121766032184622
S__3300024516_26	S__3300027847_13	0.185371497955906
S__3300024516_38	S__3300027847_13	0.119569387090601
S__3300025276_12	S__3300027847_13	0.135227900387866
S__3300025623_36	S__3300027847_13	0.121458206432533
S__3300025690_38	S__3300027847_13	0.13343076512922
S__3300025892_34	S__3300027847_13	0.150434054200103
S__3300025894_53	S__3300027847_13	0.164545019490506
S__3300026087_14	S__3300027847_13	0.11985077161269
S__3300026108_2	S__3300027847_13	0.158098637440252
S__3300026108_4	S__3300027847_13	0.132420059047082
S__3300026119_8	S__3300027847_13	0.165281746442438
S__3300026253_28	S__3300027847_13	0.110858349058988
S__3300026253_8	S__3300027847_13	0.148946987776162
S__3300026264_29	S__3300027847_13	0.144775869171594
S__3300026264_34	S__3300027847_13	0.109187102226182
S__3300026267_11	S__3300027847_13	0.166343643640978
S__3300027668_18	S__3300027847_13	0.202259773928231
S__3300027685_11	S__3300027847_13	0.134943637336948
S__3300027685_16	S__3300027847_13	0.166521147180944
S__3300027685_31	S__3300027847_13	0.201329185442759
S__3300027685_36	S__3300027847_13	0.196366798685125
S__3300027687_20	S__3300027847_13	0.12384929151281
S__3300027687_7	S__3300027847_13	0.145127809832545
S__3300027700_13	S__3300027847_13	0.15595035158765
S__3300027752_17	S__3300027847_13	0.155382646808621
S__3300027771_26	S__3300027847_13	0.198904048139377
S__3300027779_22	S__3300027847_13	0.163242866599728
S__3300027779_26	S__3300027847_13	0.15231567837316
S__3300027779_27	S__3300027847_13	0.17391577539878
S__3300027780_12	S__3300027847_13	0.202831794808745
S__3300027788_10	S__3300027847_13	0.186623852721415
S__3300027791_27	S__3300027847_13	0.147076174018839
S__3300027801_21	S__3300027847_13	0.209022866580794
S__3300027801_7	S__3300027847_13	0.169394616307847
S__3300027810_12	S__3300027847_13	0.154548072687689
S__3300027827_16	S__3300027847_13	0.175494292145213
S__3300027838_66	S__3300027847_13	0.21755088008905
S__3300027838_7	S__3300027847_13	0.23108873583556
S__3300027839_47	S__3300027847_13	0.11143707725742
S__3300027839_55	S__3300027847_13	0.110793385590153
S__3300027844_42	S__3300027847_13	0.177610505476519
S__3300027844_60	S__3300027847_13	0.1215954736698
S__3300027844_72	S__3300027847_13	0.224654456846797
S__3300027844_79	S__3300027847_13	0.208474904222043
S__3300027839_78	S__3300027847_31	0.173159194300305
S__3300027844_92	S__3300027847_31	0.244433205015139
S__3300001683_4	S__3300027847_4	0.127134798159326
S__3300020389_47	S__3300027847_4	0.109616099715418
S__3300027801_21	S__3300027847_4	0.122242380350996
S__3300027838_66	S__3300027847_4	0.116854038236291
S__3300027838_7	S__3300027847_4	0.138583037657282
S__3300027847_13	S__3300027847_4	0.144601109830469
S__3300027839_78	S__3300027847_53	0.153287607710402
S__3300027844_92	S__3300027847_53	0.205617545682776
S__3300027847_31	S__3300027847_53	0.112875547682213
S__3300027844_59	S__3300027847_58	0.14751299577826
S__3300027844_92	S__3300027847_58	0.114118765337979
S__3300001683_28	S__3300027847_80	0.108888936938828
S__3300001683_4	S__3300027847_80	0.113389594290484
S__3300020389_17	S__3300027847_80	0.112595296728731
S__3300020389_47	S__3300027847_80	0.135257082212479
S__3300027685_31	S__3300027847_80	0.109817178296535
S__3300027779_22	S__3300027847_80	0.119853333286024
S__3300027801_21	S__3300027847_80	0.136550099218133
S__3300027838_66	S__3300027847_80	0.141224200706844
S__3300027838_7	S__3300027847_80	0.148943281885861
S__3300027844_72	S__3300027847_80	0.124833668039848
S__3300027844_79	S__3300027847_80	0.110468774147791
S__3300027847_13	S__3300027847_80	0.158482654906181
S__3300001683_28	S__3300027849_41	0.110573401057961
S__3300001683_31	S__3300027849_41	0.116383549833435
S__3300001683_4	S__3300027849_41	0.131097147096064
S__3300020389_17	S__3300027849_41	0.115151538618752
S__3300020389_47	S__3300027849_41	0.175779203903133
S__3300022920_20	S__3300027849_41	0.14149910191897
S__3300024516_26	S__3300027849_41	0.111831481133969
S__3300025894_53	S__3300027849_41	0.108310387338095
S__3300027668_18	S__3300027849_41	0.134197311988683
S__3300027685_31	S__3300027849_41	0.142948838218042
S__3300027685_36	S__3300027849_41	0.127846777541534
S__3300027687_7	S__3300027849_41	0.115518052291092
S__3300027771_26	S__3300027849_41	0.111074623300862
S__3300027779_26	S__3300027849_41	0.134074164905749
S__3300027779_27	S__3300027849_41	0.148441668708142
S__3300027780_12	S__3300027849_41	0.130775817998727
S__3300027788_10	S__3300027849_41	0.139702545764747
S__3300027801_21	S__3300027849_41	0.136902452441118
S__3300027801_7	S__3300027849_41	0.112549871468572
S__3300027810_12	S__3300027849_41	0.116887717132379
S__3300027838_66	S__3300027849_41	0.184540973760207
S__3300027838_7	S__3300027849_41	0.184541044912968
S__3300027844_42	S__3300027849_41	0.134703085572852
S__3300027844_72	S__3300027849_41	0.163213121723588
S__3300027844_79	S__3300027849_41	0.118473538786022
S__3300027847_13	S__3300027849_41	0.197953807131437
S__3300020389_47	S__3300027883_17	0.107888295491574
S__3300027779_22	S__3300027883_17	0.116523648054682
S__3300027801_21	S__3300027883_17	0.114489826382796
S__3300027838_66	S__3300027883_17	0.124630769401004
S__3300027838_7	S__3300027883_17	0.120890228910243
S__3300027847_13	S__3300027883_17	0.130924028641481
S__3300025673_9	S__3300027906_4	0.226964706728301
S__3300001683_28	S__3300027997_10	0.11710620099896
S__3300001683_4	S__3300027997_10	0.134547251926153
S__3300020389_17	S__3300027997_10	0.136726586935555
S__3300020389_47	S__3300027997_10	0.134003001902693
S__3300027779_22	S__3300027997_10	0.115703621686877
S__3300027801_21	S__3300027997_10	0.158002676365456
S__3300027827_16	S__3300027997_10	0.139759777207276
S__3300027838_66	S__3300027997_10	0.13347497495707
S__3300027838_7	S__3300027997_10	0.160809887541446
S__3300027844_72	S__3300027997_10	0.129525346221145
S__3300027847_13	S__3300027997_10	0.163373621917637
S__3300020317_19	S__3300028197_7	0.12552002192854
S__3300000179_4	S__GCA_000213395.2	0.138852699018306
S__3300001683_21	S__GCA_000213395.2	0.109933204470343
S__3300001683_28	S__GCA_000213395.2	0.174131914254755
S__3300001683_31	S__GCA_000213395.2	0.139808267297049
S__3300001683_4	S__GCA_000213395.2	0.181837396012829
S__3300006311_3	S__GCA_000213395.2	0.108717066041204
S__3300020187_18	S__GCA_000213395.2	0.13467701099976
S__3300020263_16	S__GCA_000213395.2	0.145614407998599
S__3300020303_5	S__GCA_000213395.2	0.12846757241419
S__3300020389_17	S__GCA_000213395.2	0.18589921158559
S__3300020389_47	S__GCA_000213395.2	0.17859093939942
S__3300022920_20	S__GCA_000213395.2	0.119712735900613
S__3300024058_15	S__GCA_000213395.2	0.108614117958424
S__3300024516_18	S__GCA_000213395.2	0.142761349948452
S__3300024516_26	S__GCA_000213395.2	0.158519092467981
S__3300024516_38	S__GCA_000213395.2	0.122258890959529
S__3300025276_12	S__GCA_000213395.2	0.121022025303601
S__3300025690_38	S__GCA_000213395.2	0.125624268878826
S__3300025892_34	S__GCA_000213395.2	0.13700793104444
S__3300025894_53	S__GCA_000213395.2	0.147001748883619
S__3300026108_2	S__GCA_000213395.2	0.147812619524426
S__3300026108_4	S__GCA_000213395.2	0.119163489066997
S__3300026119_8	S__GCA_000213395.2	0.140532609695339
S__3300026253_8	S__GCA_000213395.2	0.147812289301302
S__3300026264_29	S__GCA_000213395.2	0.128590347419774
S__3300026264_34	S__GCA_000213395.2	0.108785199374179
S__3300026267_11	S__GCA_000213395.2	0.153030090184786
S__3300027668_18	S__GCA_000213395.2	0.160829742575598
S__3300027685_16	S__GCA_000213395.2	0.135577000417896
S__3300027685_31	S__GCA_000213395.2	0.174381847709046
S__3300027685_36	S__GCA_000213395.2	0.161988715805824
S__3300027687_20	S__GCA_000213395.2	0.111565928375096
S__3300027687_7	S__GCA_000213395.2	0.108206553308968
S__3300027700_13	S__GCA_000213395.2	0.126952251370716
S__3300027752_17	S__GCA_000213395.2	0.152513337697868
S__3300027771_26	S__GCA_000213395.2	0.159163385623977
S__3300027779_22	S__GCA_000213395.2	0.157792353047685
S__3300027779_26	S__GCA_000213395.2	0.118722104192787
S__3300027779_27	S__GCA_000213395.2	0.132946588183101
S__3300027780_12	S__GCA_000213395.2	0.166934402214224
S__3300027788_10	S__GCA_000213395.2	0.144007300996163
S__3300027791_27	S__GCA_000213395.2	0.136087476650964
S__3300027801_21	S__GCA_000213395.2	0.188070242624508
S__3300027801_7	S__GCA_000213395.2	0.155497647911971
S__3300027810_12	S__GCA_000213395.2	0.139619603810409
S__3300027827_16	S__GCA_000213395.2	0.171541134015858
S__3300027838_66	S__GCA_000213395.2	0.176944915559154
S__3300027838_7	S__GCA_000213395.2	0.207552268049337
S__3300027844_42	S__GCA_000213395.2	0.140499974364798
S__3300027844_72	S__GCA_000213395.2	0.186555057829511
S__3300027844_79	S__GCA_000213395.2	0.187586631477679
S__3300027847_13	S__GCA_000213395.2	0.213379036088958
S__3300027847_4	S__GCA_000213395.2	0.121747038251812
S__3300027847_80	S__GCA_000213395.2	0.137947820128915
S__3300027849_41	S__GCA_000213395.2	0.15289225708972
S__3300027883_17	S__GCA_000213395.2	0.113590783420638
S__3300027997_10	S__GCA_000213395.2	0.15322648766579
S__3300001683_4	S__GCA_000383355.1	0.132727170752279
S__3300020389_17	S__GCA_000383355.1	0.117080535889515
S__3300020389_47	S__GCA_000383355.1	0.154510251537386
S__3300027685_31	S__GCA_000383355.1	0.122736923971048
S__3300027780_12	S__GCA_000383355.1	0.112164157595632
S__3300027801_21	S__GCA_000383355.1	0.13707993692624
S__3300027838_66	S__GCA_000383355.1	0.159449739700416
S__3300027838_7	S__GCA_000383355.1	0.173785722776065
S__3300027844_72	S__GCA_000383355.1	0.144664369584387
S__3300027844_79	S__GCA_000383355.1	0.112428067311684
S__3300027847_13	S__GCA_000383355.1	0.182988289037288
S__3300027849_41	S__GCA_000383355.1	0.120985895928386
S__GCA_000213395.2	S__GCA_000383355.1	0.154849437652382
S__3300020389_47	S__GCA_000402075.1	0.118358654627786
S__3300027838_66	S__GCA_000402075.1	0.118700233377377
S__3300027838_7	S__GCA_000402075.1	0.13482339034337
S__3300027844_72	S__GCA_000402075.1	0.109104040124565
S__3300027847_13	S__GCA_000402075.1	0.137098009276148
S__GCA_000213395.2	S__GCA_000402075.1	0.12052235271363
S__GCA_000405345.1	S__GCA_000405605.1	0.117996986093558
S__3300001683_28	S__GCA_001437625.1	0.111885929550517
S__3300020263_16	S__GCA_001437625.1	0.118532086371859
S__3300020389_47	S__GCA_001437625.1	0.111545878504128
S__3300026253_8	S__GCA_001437625.1	0.143610990246728
S__3300027752_17	S__GCA_001437625.1	0.125867189762871
S__3300027779_22	S__GCA_001437625.1	0.157940918680861
S__3300027791_27	S__GCA_001437625.1	0.115329166721355
S__3300027801_21	S__GCA_001437625.1	0.125046263345169
S__3300027838_66	S__GCA_001437625.1	0.123807194194481
S__3300027838_7	S__GCA_001437625.1	0.123937944244709
S__3300027844_79	S__GCA_001437625.1	0.110079244532752
S__3300027847_13	S__GCA_001437625.1	0.130988986227968
S__GCA_000213395.2	S__GCA_001437625.1	0.125963137530143
S__3300001683_4	S__GCA_001542995.1	0.11310093710691
S__3300020389_47	S__GCA_001542995.1	0.114558713408572
S__3300027801_21	S__GCA_001542995.1	0.123920449756872
S__3300027838_66	S__GCA_001542995.1	0.11481338503561
S__3300027838_7	S__GCA_001542995.1	0.139028578320284
S__3300027844_72	S__GCA_001542995.1	0.11224118018038
S__3300027847_13	S__GCA_001542995.1	0.141258885562497
S__GCA_000213395.2	S__GCA_001542995.1	0.122005412299155
S__3300027801_21	S__GCA_001543015.1	0.118453574768305
S__3300027838_7	S__GCA_001543015.1	0.123497683128408
S__3300027847_13	S__GCA_001543015.1	0.124440824191285
S__GCA_000213395.2	S__GCA_001543015.1	0.113427745839278
S__3300001683_4	S__GCA_001643555.1	0.130182240768465
S__3300020389_17	S__GCA_001643555.1	0.114142599772622
S__3300020389_47	S__GCA_001643555.1	0.131425381919608
S__3300027801_21	S__GCA_001643555.1	0.127855439508107
S__3300027838_66	S__GCA_001643555.1	0.136731959781601
S__3300027838_7	S__GCA_001643555.1	0.161893146271333
S__3300027844_72	S__GCA_001643555.1	0.126308570066504
S__3300027847_13	S__GCA_001643555.1	0.167568912457002
S__GCA_000213395.2	S__GCA_001643555.1	0.136810586218171
S__3300024353_106	S__GCA_001773955.1	0.136025725468837
S__3300024433_34	S__GCA_001773955.1	0.117166351917125
S__3300025661_25	S__GCA_001773955.1	0.154273936024819
S__3300001683_28	S__GCA_002082295.1	0.111709398952153
S__3300001683_4	S__GCA_002082295.1	0.120512837433423
S__3300020389_17	S__GCA_002082295.1	0.117071116383611
S__3300020389_47	S__GCA_002082295.1	0.141940911799353
S__3300027685_31	S__GCA_002082295.1	0.120683803334171
S__3300027752_17	S__GCA_002082295.1	0.111657713247901
S__3300027779_22	S__GCA_002082295.1	0.142041131742139
S__3300027801_21	S__GCA_002082295.1	0.141452850726865
S__3300027838_66	S__GCA_002082295.1	0.14381237658677
S__3300027838_7	S__GCA_002082295.1	0.151684668487131
S__3300027844_72	S__GCA_002082295.1	0.126941972955154
S__3300027847_13	S__GCA_002082295.1	0.156562820834848
S__GCA_000213395.2	S__GCA_002082295.1	0.152166692882805
S__3300025673_9	S__GCA_002167845.2	0.184367746808732
S__3300027906_4	S__GCA_002167845.2	0.140279817131745
S__3300027838_7	S__GCA_002168195.1	0.110402581262394
S__3300027847_13	S__GCA_002168195.1	0.110540291306565
S__3300020469_71	S__GCA_002295285.1	0.119308920417026
S__3300025890_25	S__GCA_002311835.1	0.115127706229086
S__3300027839_78	S__GCA_002311835.1	0.182083676980306
S__3300027844_92	S__GCA_002311835.1	0.218975169358434
S__3300027847_31	S__GCA_002311835.1	0.120278857971643
S__3300027847_53	S__GCA_002311835.1	0.11560985751252
S__3300001683_4	S__GCA_002313235.1	0.120371344674091
S__3300020389_47	S__GCA_002313235.1	0.12405423799515
S__3300027801_21	S__GCA_002313235.1	0.11788579752647
S__3300027838_66	S__GCA_002313235.1	0.124774630519277
S__3300027838_7	S__GCA_002313235.1	0.150972606093752
S__3300027844_72	S__GCA_002313235.1	0.121933334350627
S__3300027847_13	S__GCA_002313235.1	0.15406328809665
S__GCA_000213395.2	S__GCA_002313235.1	0.132229859182257
S__3300020389_47	S__GCA_002313265.1	0.131492256057934
S__3300027685_36	S__GCA_002313265.1	0.111273210270737
S__3300027838_66	S__GCA_002313265.1	0.114093677400532
S__3300027838_7	S__GCA_002313265.1	0.13128307694991
S__3300027844_72	S__GCA_002313265.1	0.116956861636708
S__3300027847_13	S__GCA_002313265.1	0.133948548056292
S__GCA_000213395.2	S__GCA_002313265.1	0.113130525905874
S__3300027838_7	S__GCA_002317795.1	0.12052359528666
S__3300027847_13	S__GCA_002317795.1	0.122567086726246
S__3300025890_25	S__GCA_002341135.1	0.114014285619008
S__3300027685_19	S__GCA_002341135.1	0.114395619991502
S__3300027685_28	S__GCA_002341135.1	0.115938592503832
S__3300027839_78	S__GCA_002341135.1	0.176712767801438
S__3300027844_92	S__GCA_002341135.1	0.236540931315136
S__3300027847_31	S__GCA_002341135.1	0.148936477360994
S__3300027847_53	S__GCA_002341135.1	0.113941028568214
S__GCA_002311835.1	S__GCA_002341135.1	0.134336045502222
S__3300001683_4	S__GCA_002390675.1	0.114344051164778
S__3300020389_17	S__GCA_002390675.1	0.10968564585894
S__3300020389_47	S__GCA_002390675.1	0.147363744491318
S__3300027685_31	S__GCA_002390675.1	0.116201131318011
S__3300027801_21	S__GCA_002390675.1	0.123472500172008
S__3300027838_66	S__GCA_002390675.1	0.134296273192184
S__3300027838_7	S__GCA_002390675.1	0.150255202235065
S__3300027844_72	S__GCA_002390675.1	0.127458308521377
S__3300027847_13	S__GCA_002390675.1	0.157145153362465
S__GCA_000213395.2	S__GCA_002390675.1	0.141810701190078
S__3300001683_28	S__GCA_002401955.1	0.124025617556147
S__3300001683_4	S__GCA_002401955.1	0.151104792207706
S__3300020389_17	S__GCA_002401955.1	0.144218731702093
S__3300020389_47	S__GCA_002401955.1	0.161707032761429
S__3300026108_2	S__GCA_002401955.1	0.109904741437929
S__3300027685_31	S__GCA_002401955.1	0.129964674544323
S__3300027779_22	S__GCA_002401955.1	0.130780306611858
S__3300027780_12	S__GCA_002401955.1	0.124316990935282
S__3300027801_21	S__GCA_002401955.1	0.165423385247957
S__3300027827_16	S__GCA_002401955.1	0.131202018346314
S__3300027838_66	S__GCA_002401955.1	0.160923861045014
S__3300027838_7	S__GCA_002401955.1	0.185759874496174
S__3300027844_72	S__GCA_002401955.1	0.153896398714591
S__3300027844_79	S__GCA_002401955.1	0.122209741297676
S__3300027847_13	S__GCA_002401955.1	0.189597474574513
S__3300027849_41	S__GCA_002401955.1	0.108985323273458
S__GCA_000213395.2	S__GCA_002401955.1	0.175007544065053
S__3300001683_28	S__GCA_002499015.1	0.139450820317264
S__3300001683_4	S__GCA_002499015.1	0.134371334072329
S__3300020389_17	S__GCA_002499015.1	0.131289154312743
S__3300020389_47	S__GCA_002499015.1	0.147566772207357
S__3300027668_18	S__GCA_002499015.1	0.111875937954557
S__3300027685_31	S__GCA_002499015.1	0.120553924533729
S__3300027752_17	S__GCA_002499015.1	0.10933103640366
S__3300027779_22	S__GCA_002499015.1	0.152660855716243
S__3300027780_12	S__GCA_002499015.1	0.124143608462257
S__3300027801_21	S__GCA_002499015.1	0.165482617737385
S__3300027801_7	S__GCA_002499015.1	0.1097126044882
S__3300027827_16	S__GCA_002499015.1	0.115915598938952
S__3300027838_66	S__GCA_002499015.1	0.161091259816798
S__3300027838_7	S__GCA_002499015.1	0.167490532293589
S__3300027844_72	S__GCA_002499015.1	0.140525938326902
S__3300027844_79	S__GCA_002499015.1	0.131288297225879
S__3300027847_13	S__GCA_002499015.1	0.178817554857599
S__3300027849_41	S__GCA_002499015.1	0.114280951533646
S__GCA_000213395.2	S__GCA_002499015.1	0.160529705693027
S__3300020389_47	S__GCA_002505495.1	0.126800327849376
S__3300027779_27	S__GCA_002505495.1	0.126502788305868
S__3300027838_66	S__GCA_002505495.1	0.120600004751881
S__3300027838_7	S__GCA_002505495.1	0.114185352185076
S__3300027847_13	S__GCA_002505495.1	0.124886130809787
S__3300027849_41	S__GCA_002505495.1	0.108563851570078
S__3300020469_71	S__GCA_002691505.1	0.132283018073607
S__GCA_002295285.1	S__GCA_002691505.1	0.200125170999035
S__3300027838_7	S__GCA_002700285.1	0.118143458474857
S__3300027847_13	S__GCA_002700285.1	0.119207006673579
S__3300027839_78	S__GCA_002705605.1	0.145321502538394
S__3300027844_92	S__GCA_002705605.1	0.208834534959303
S__GCA_002341135.1	S__GCA_002705605.1	0.134312837528955
S__3300001683_28	S__GCA_002712885.1	0.112100282581503
S__3300001683_4	S__GCA_002712885.1	0.149097167801404
S__3300020389_17	S__GCA_002712885.1	0.127461928243492
S__3300020389_47	S__GCA_002712885.1	0.148105247660305
S__3300027685_31	S__GCA_002712885.1	0.117862160488492
S__3300027801_21	S__GCA_002712885.1	0.140134306713373
S__3300027838_66	S__GCA_002712885.1	0.148003200033163
S__3300027838_7	S__GCA_002712885.1	0.172556789893866
S__3300027844_72	S__GCA_002712885.1	0.137846002534114
S__3300027847_13	S__GCA_002712885.1	0.182343404217856
S__GCA_000213395.2	S__GCA_002712885.1	0.153259967094271
S__3300025673_14	S__GCA_002719675.1	0.147018740403434
S__3300025890_25	S__GCA_002719675.1	0.127986520275556
S__3300027839_78	S__GCA_002719675.1	0.152071174820884
S__3300027844_92	S__GCA_002719675.1	0.209483588854745
S__GCA_002311835.1	S__GCA_002719675.1	0.110117477548353
S__GCA_002341135.1	S__GCA_002719675.1	0.114178611391138
S__3300027706_22	S__GCA_002781745.1	0.121406842843757
S__3300000179_4	S__GCA_002862985.1	0.132048358303318
S__3300001683_28	S__GCA_002862985.1	0.178009863090181
S__3300001683_31	S__GCA_002862985.1	0.129582936488399
S__3300001683_4	S__GCA_002862985.1	0.183859346737609
S__3300020187_18	S__GCA_002862985.1	0.138053729191559
S__3300020263_16	S__GCA_002862985.1	0.142063076511353
S__3300020303_5	S__GCA_002862985.1	0.114857976006742
S__3300020389_17	S__GCA_002862985.1	0.192566233831912
S__3300020389_47	S__GCA_002862985.1	0.176827605606519
S__3300024516_18	S__GCA_002862985.1	0.147965971960269
S__3300024516_26	S__GCA_002862985.1	0.152565495617041
S__3300024516_38	S__GCA_002862985.1	0.115169738945573
S__3300025276_12	S__GCA_002862985.1	0.116566378747822
S__3300025690_38	S__GCA_002862985.1	0.12560151432609
S__3300025892_34	S__GCA_002862985.1	0.130889049561681
S__3300025894_53	S__GCA_002862985.1	0.142312348097157
S__3300026080_15	S__GCA_002862985.1	0.114098274604901
S__3300026108_2	S__GCA_002862985.1	0.155271326974968
S__3300026108_4	S__GCA_002862985.1	0.111901090540958
S__3300026119_8	S__GCA_002862985.1	0.140413205850754
S__3300026253_8	S__GCA_002862985.1	0.148864637563116
S__3300026264_29	S__GCA_002862985.1	0.130634520078989
S__3300026264_34	S__GCA_002862985.1	0.111497440025726
S__3300026267_11	S__GCA_002862985.1	0.137465412875343
S__3300027668_18	S__GCA_002862985.1	0.163355523162112
S__3300027685_16	S__GCA_002862985.1	0.130350255910782
S__3300027685_31	S__GCA_002862985.1	0.154874458276483
S__3300027685_36	S__GCA_002862985.1	0.14753811345163
S__3300027700_13	S__GCA_002862985.1	0.115574784248807
S__3300027752_17	S__GCA_002862985.1	0.151256234125258
S__3300027771_26	S__GCA_002862985.1	0.180792090253359
S__3300027779_22	S__GCA_002862985.1	0.154921932190673
S__3300027779_27	S__GCA_002862985.1	0.117258171048791
S__3300027780_12	S__GCA_002862985.1	0.180673560277054
S__3300027788_10	S__GCA_002862985.1	0.137277852893428
S__3300027791_27	S__GCA_002862985.1	0.127110976278849
S__3300027801_21	S__GCA_002862985.1	0.199411334505955
S__3300027801_7	S__GCA_002862985.1	0.148799470047375
S__3300027810_12	S__GCA_002862985.1	0.127485956777953
S__3300027827_16	S__GCA_002862985.1	0.191668106663479
S__3300027838_66	S__GCA_002862985.1	0.182223404626909
S__3300027838_7	S__GCA_002862985.1	0.207401441817651
S__3300027844_42	S__GCA_002862985.1	0.123706718364232
S__3300027844_72	S__GCA_002862985.1	0.175362923076615
S__3300027844_79	S__GCA_002862985.1	0.185066716966167
S__3300027847_13	S__GCA_002862985.1	0.214553662546888
S__3300027847_4	S__GCA_002862985.1	0.120340176357535
S__3300027847_80	S__GCA_002862985.1	0.13954978229398
S__3300027849_41	S__GCA_002862985.1	0.142063128997674
S__3300027883_17	S__GCA_002862985.1	0.110452367939599
S__3300027997_10	S__GCA_002862985.1	0.162967903577009
S__GCA_000213395.2	S__GCA_002862985.1	0.189746824882838
S__GCA_000383355.1	S__GCA_002862985.1	0.146562812158629
S__GCA_000402075.1	S__GCA_002862985.1	0.110004309651861
S__GCA_001437625.1	S__GCA_002862985.1	0.122261412678675
S__GCA_001542995.1	S__GCA_002862985.1	0.124135670571985
S__GCA_001543015.1	S__GCA_002862985.1	0.116659686693536
S__GCA_001643555.1	S__GCA_002862985.1	0.133022003813427
S__GCA_002082295.1	S__GCA_002862985.1	0.134707727687405
S__GCA_002313235.1	S__GCA_002862985.1	0.123331928840507
S__GCA_002390675.1	S__GCA_002862985.1	0.123097352437398
S__GCA_002401955.1	S__GCA_002862985.1	0.178748998584907
S__GCA_002499015.1	S__GCA_002862985.1	0.162388512786264
S__GCA_002712885.1	S__GCA_002862985.1	0.147000464482983
S__3300020385_31	S__GCA_003210375.1	0.108967496512003
S__3300006902_27	S__GCA_003228095.2	0.118138368333501
S__3300020477_98	S__GCA_003228095.2	0.131878729608222
S__3300025673_14	S__GCA_003228095.2	0.161258429252932
S__3300025890_25	S__GCA_003228095.2	0.185785387967403
S__3300027685_19	S__GCA_003228095.2	0.121232875568557
S__3300027685_28	S__GCA_003228095.2	0.158760150514207
S__3300027838_49	S__GCA_003228095.2	0.108604024938281
S__3300027839_78	S__GCA_003228095.2	0.230312219603032
S__3300027844_59	S__GCA_003228095.2	0.117897900320677
S__3300027844_92	S__GCA_003228095.2	0.276348578827749
S__3300027847_10	S__GCA_003228095.2	0.12621732116432
S__3300027847_31	S__GCA_003228095.2	0.202726720471312
S__3300027847_53	S__GCA_003228095.2	0.173728398078743
S__GCA_002311835.1	S__GCA_003228095.2	0.192256004656637
S__GCA_002341135.1	S__GCA_003228095.2	0.198901175785978
S__GCA_002705605.1	S__GCA_003228095.2	0.171577635001791
S__GCA_002719675.1	S__GCA_003228095.2	0.174023768985067
S__3300020477_98	S__GCA_003228125.1	0.127378171088771
S__3300025673_14	S__GCA_003228125.1	0.183783896115642
S__3300025890_25	S__GCA_003228125.1	0.201161569584615
S__3300027685_19	S__GCA_003228125.1	0.110778238724671
S__3300027685_28	S__GCA_003228125.1	0.141325968015368
S__3300027839_78	S__GCA_003228125.1	0.200384894135395
S__3300027844_59	S__GCA_003228125.1	0.1078996215793
S__3300027844_92	S__GCA_003228125.1	0.264786139680708
S__3300027847_10	S__GCA_003228125.1	0.116222345325022
S__3300027847_31	S__GCA_003228125.1	0.184600466974681
S__3300027847_53	S__GCA_003228125.1	0.160536478849126
S__GCA_002311835.1	S__GCA_003228125.1	0.17218297028348
S__GCA_002341135.1	S__GCA_003228125.1	0.182094615137237
S__GCA_002705605.1	S__GCA_003228125.1	0.156504235731107
S__GCA_002719675.1	S__GCA_003228125.1	0.194813182610784
S__GCA_003228095.2	S__GCA_003228125.1	0.223657062058432
S__3300020477_98	S__GCA_003228195.2	0.128694560022672
S__3300025673_14	S__GCA_003228195.2	0.162237339881381
S__3300025890_25	S__GCA_003228195.2	0.178597295175268
S__3300027685_19	S__GCA_003228195.2	0.144208411843137
S__3300027685_28	S__GCA_003228195.2	0.175134750878768
S__3300027839_78	S__GCA_003228195.2	0.210502072144372
S__3300027844_59	S__GCA_003228195.2	0.115603532550842
S__3300027844_92	S__GCA_003228195.2	0.275238839219303
S__3300027847_10	S__GCA_003228195.2	0.124409823157261
S__3300027847_31	S__GCA_003228195.2	0.222643943284471
S__3300027847_53	S__GCA_003228195.2	0.170398055575379
S__GCA_002311835.1	S__GCA_003228195.2	0.18159498545338
S__GCA_002341135.1	S__GCA_003228195.2	0.215450412018943
S__GCA_002705605.1	S__GCA_003228195.2	0.196877286294115
S__GCA_002719675.1	S__GCA_003228195.2	0.175313344435363
S__GCA_003228095.2	S__GCA_003228195.2	0.23227922031537
S__GCA_003228125.1	S__GCA_003228195.2	0.220528621974679
S__3300027838_7	S__GCA_003228495.1	0.109537419819692
S__3300027847_13	S__GCA_003228495.1	0.116341464301181
S__3300001683_28	S__GCA_003229345.1	0.125564381013755
S__3300001683_4	S__GCA_003229345.1	0.15865062893368
S__3300020389_17	S__GCA_003229345.1	0.137795946227567
S__3300020389_47	S__GCA_003229345.1	0.164622945946547
S__3300024516_18	S__GCA_003229345.1	0.113072997229583
S__3300024516_26	S__GCA_003229345.1	0.108685692091885
S__3300026108_2	S__GCA_003229345.1	0.108942330191662
S__3300027668_18	S__GCA_003229345.1	0.11050311656822
S__3300027685_31	S__GCA_003229345.1	0.128150735156984
S__3300027771_26	S__GCA_003229345.1	0.110491533957987
S__3300027779_22	S__GCA_003229345.1	0.122536057987868
S__3300027780_12	S__GCA_003229345.1	0.128757943766374
S__3300027801_21	S__GCA_003229345.1	0.164059975315423
S__3300027827_16	S__GCA_003229345.1	0.117115420883125
S__3300027838_66	S__GCA_003229345.1	0.169938986411634
S__3300027838_7	S__GCA_003229345.1	0.194964307822566
S__3300027844_72	S__GCA_003229345.1	0.158202491868231
S__3300027844_79	S__GCA_003229345.1	0.122196707085509
S__3300027847_13	S__GCA_003229345.1	0.206689864861536
S__3300027849_41	S__GCA_003229345.1	0.123438430724419
S__GCA_000213395.2	S__GCA_003229345.1	0.167650946901065
S__GCA_002862985.1	S__GCA_003229345.1	0.170293673403897
S__3300001683_28	S__GCA_003230615.1	0.113355489959975
S__3300001683_4	S__GCA_003230615.1	0.150288403513795
S__3300020389_17	S__GCA_003230615.1	0.130027467317818
S__3300020389_47	S__GCA_003230615.1	0.147319361787721
S__3300027685_31	S__GCA_003230615.1	0.119671435862018
S__3300027779_22	S__GCA_003230615.1	0.108556299597995
S__3300027780_12	S__GCA_003230615.1	0.112634627874937
S__3300027801_21	S__GCA_003230615.1	0.146607252322276
S__3300027838_66	S__GCA_003230615.1	0.150942046904168
S__3300027838_7	S__GCA_003230615.1	0.188974016415643
S__3300027844_72	S__GCA_003230615.1	0.152304179176967
S__3300027844_79	S__GCA_003230615.1	0.119431009020608
S__3300027847_13	S__GCA_003230615.1	0.195949186002425
S__GCA_000213395.2	S__GCA_003230615.1	0.163805020410011
S__GCA_002862985.1	S__GCA_003230615.1	0.158770360123994
S__GCA_003229345.1	S__GCA_003230615.1	0.109784874455993
S__3300027706_22	S__GCA_003231035.1	0.118225141313889
S__GCA_002691505.1	S__GCA_003331265.1	0.134746612454832
S__3300024433_34	S__GCA_003451675.1	0.115642245168661
S__3300025661_25	S__GCA_003451675.1	0.138975804032562
S__3300001683_4	S__GCA_003509045.1	0.121473857047203
S__3300020389_17	S__GCA_003509045.1	0.130078092579386
S__3300020389_47	S__GCA_003509045.1	0.146865795247015
S__3300027685_31	S__GCA_003509045.1	0.114927870532249
S__3300027779_22	S__GCA_003509045.1	0.109969971976782
S__3300027801_21	S__GCA_003509045.1	0.141583580167975
S__3300027827_16	S__GCA_003509045.1	0.117971077191606
S__3300027838_66	S__GCA_003509045.1	0.136883300474596
S__3300027838_7	S__GCA_003509045.1	0.161575439645415
S__3300027844_72	S__GCA_003509045.1	0.132915521305866
S__3300027847_13	S__GCA_003509045.1	0.163388144352069
S__GCA_000213395.2	S__GCA_003509045.1	0.155944888158024
S__GCA_002862985.1	S__GCA_003509045.1	0.152740941889969
S__3300021511_7	S__GCA_003527405.1	0.123249899708812
S__3300024353_49	S__GCA_003527405.1	0.119739803419277
S__3300024433_34	S__GCA_003527405.1	0.120825369743222
S__3300025661_25	S__GCA_003527405.1	0.280902067042686
S__GCA_001773955.1	S__GCA_003527405.1	0.160420359184951
S__GCA_003451675.1	S__GCA_003527405.1	0.150550497596945
S__3300024353_29	S__GCA_003575245.1	0.124510754299121
S__3300024353_30	S__GCA_003575245.1	0.133637712277738
S__3300024353_49	S__GCA_003575245.1	0.120827748144354
S__3300024433_34	S__GCA_003575245.1	0.12852830883377
S__3300027839_66	S__GCA_003575245.1	0.118077704927681
S__GCA_000405345.1	S__GCA_003575245.1	0.12399767349003
S__GCA_000405605.1	S__GCA_003575245.1	0.111844800820204
S__GCA_003451675.1	S__GCA_003575245.1	0.131376680951465
S__3300024433_34	S__GCA_003648635.1	0.108326325270802
S__GCA_003527405.1	S__GCA_003648635.1	0.11841773602753
S__GCA_003575245.1	S__GCA_003648635.1	0.112459311310486
S__3300027801_21	S__GCA_003672175.1	0.10811132757245
S__3300027827_16	S__GCA_003672175.1	0.141386687821783
S__GCA_000213395.2	S__GCA_003672175.1	0.113094467828954
S__GCA_002862985.1	S__GCA_003672175.1	0.124359650991045
S__3300006913_8	S__GCA_003693905.1	0.279408520373486
S__3300006913_8	S__GCA_003695865.1	0.109973789964171
S__3300020389_47	S__GCA_004195515.1	0.108596590472266
S__3300027847_13	S__GCA_004195515.1	0.114875226310066
S__3300027844_92	S__GCA_004213215.1	0.122060704880553
S__GCA_003228195.2	S__GCA_004213215.1	0.118958697568759
S__3300026108_2	S__GCA_004356105.1	0.112138957019095
S__3300027801_21	S__GCA_004356105.1	0.110078442234063
S__3300027847_13	S__GCA_004356105.1	0.108896121532793
S__GCA_000405345.1	S__GCA_004356335.1	0.11684040901729
S__GCA_003575245.1	S__GCA_004356335.1	0.12817891321175
S__3300001683_4	S__GCA_004356455.1	0.11433037354332
S__3300027801_21	S__GCA_004356455.1	0.109550195629778
S__3300027838_7	S__GCA_004356455.1	0.118351295884422
S__3300027847_13	S__GCA_004356455.1	0.120808701188342
S__GCA_002862985.1	S__GCA_004356455.1	0.108396068105284
S__3300020263_16	S__GCA_004356825.1	0.147710928884028
S__3300024058_22	S__GCA_004356825.1	0.118775281516625
S__3300024516_38	S__GCA_004356825.1	0.158561223124632
S__3300026253_8	S__GCA_004356825.1	0.140802498549853
S__3300027752_17	S__GCA_004356825.1	0.147209425448742
S__3300027779_22	S__GCA_004356825.1	0.146810793840909
S__3300027801_21	S__GCA_004356825.1	0.125134132208593
S__3300027838_7	S__GCA_004356825.1	0.120397215953203
S__3300027847_13	S__GCA_004356825.1	0.123093705455967
S__GCA_000213395.2	S__GCA_004356825.1	0.123208667822289
S__GCA_002862985.1	S__GCA_004356825.1	0.115030209858232
S__3300001683_28	S__GCA_004356895.1	0.117582877083948
S__3300001683_4	S__GCA_004356895.1	0.146898006053335
S__3300020389_17	S__GCA_004356895.1	0.1243193350005
S__3300020389_47	S__GCA_004356895.1	0.152244442878269
S__3300027668_18	S__GCA_004356895.1	0.118343187661402
S__3300027685_31	S__GCA_004356895.1	0.122806955610246
S__3300027779_22	S__GCA_004356895.1	0.134309312650739
S__3300027780_12	S__GCA_004356895.1	0.120272976994004
S__3300027801_21	S__GCA_004356895.1	0.14978214359374
S__3300027838_66	S__GCA_004356895.1	0.161692020314966
S__3300027838_7	S__GCA_004356895.1	0.17798747953304
S__3300027844_72	S__GCA_004356895.1	0.144560217244719
S__3300027844_79	S__GCA_004356895.1	0.119153134080087
S__3300027847_13	S__GCA_004356895.1	0.188183050656545
S__3300027849_41	S__GCA_004356895.1	0.118062301711047
S__GCA_000213395.2	S__GCA_004356895.1	0.158419841324305
S__GCA_002862985.1	S__GCA_004356895.1	0.148531169934807
S__GCA_003575245.1	S__GCA_004375715.1	0.120409443344471
S__3300021511_7	S__GCA_004377275.1	0.128867554542562
S__3300024353_106	S__GCA_004377275.1	0.185710001890973
S__3300024353_29	S__GCA_004377275.1	0.167316314053911
S__3300024353_49	S__GCA_004377275.1	0.170216229239308
S__3300024433_34	S__GCA_004377275.1	0.199023556248044
S__3300025661_25	S__GCA_004377275.1	0.162611554961717
S__3300027839_66	S__GCA_004377275.1	0.13674829543175
S__3300027858_23	S__GCA_004377275.1	0.116695299527651
S__GCA_001773955.1	S__GCA_004377275.1	0.167503294468378
S__GCA_003451675.1	S__GCA_004377275.1	0.132492319860375
S__GCA_003527405.1	S__GCA_004377275.1	0.166936796285966
S__GCA_003575245.1	S__GCA_004377275.1	0.130043405694432
S__3300024433_34	S__GCA_004525335.1	0.13466704919313
S__GCA_003575245.1	S__GCA_004525335.1	0.141437837196989
S__GCA_004377275.1	S__GCA_004525335.1	0.146823900852574
S__3300024353_30	S__GCA_005223125.1	0.1285509477576
S__3300024433_34	S__GCA_005223125.1	0.119617394902816
S__3300027839_66	S__GCA_005223125.1	0.145865308005678
S__GCA_003575245.1	S__GCA_005223125.1	0.130139384513381
S__GCA_004356335.1	S__GCA_005223125.1	0.125932949542294
S__GCA_004375715.1	S__GCA_005223125.1	0.147445321319012
S__GCA_004525335.1	S__GCA_005223125.1	0.108161772084191
S__3300006913_8	S__GCA_006969625.1	0.148483443509951
S__GCA_003695865.1	S__GCA_006969625.1	0.177530408126686
S__3300001683_4	S__GCA_008974855.1	0.114120015847182
S__3300020389_17	S__GCA_008974855.1	0.109443696971732
S__3300020389_47	S__GCA_008974855.1	0.113311877859978
S__3300027779_22	S__GCA_008974855.1	0.125087003650711
S__3300027801_21	S__GCA_008974855.1	0.131203494281512
S__3300027838_66	S__GCA_008974855.1	0.117904549696311
S__3300027838_7	S__GCA_008974855.1	0.132528205579643
S__3300027847_13	S__GCA_008974855.1	0.13751957181846
S__GCA_000213395.2	S__GCA_008974855.1	0.127344620641273
S__GCA_002862985.1	S__GCA_008974855.1	0.125069354401294
S__3300027706_22	S__GCA_009377445.1	0.127092332942556
S__GCA_002781745.1	S__GCA_009377445.1	0.236813102936049
S__GCA_003231035.1	S__GCA_009377445.1	0.108490054899279
S__3300006913_8	S__GCA_009377535.1	0.11472730348778
S__GCA_003576805.1	S__GCA_009377535.1	0.137903918076652
S__3300006913_8	S__GCA_009377745.1	0.142507774457089
S__3300025673_14	S__GCA_009391235.1	0.134026588195438
S__3300027685_19	S__GCA_009391235.1	0.128208657855382
S__3300027839_78	S__GCA_009391235.1	0.138682443360592
S__3300027844_92	S__GCA_009391235.1	0.203571959028941
S__GCA_002341135.1	S__GCA_009391235.1	0.127575524145015
S__GCA_002705605.1	S__GCA_009391235.1	0.126277800149696
S__GCA_002719675.1	S__GCA_009391235.1	0.157200776560272
S__GCA_003228095.2	S__GCA_009391235.1	0.163381868362351
S__GCA_003228125.1	S__GCA_009391235.1	0.189900206123408
S__GCA_003228195.2	S__GCA_009391235.1	0.198570357163616
S__3300024353_29	S__GCA_009619015.1	0.132368584152579
S__3300024353_30	S__GCA_009619015.1	0.126843916605431
S__3300024353_49	S__GCA_009619015.1	0.143342335844722
S__3300024433_34	S__GCA_009619015.1	0.147803767883386
S__3300027839_66	S__GCA_009619015.1	0.115090010732748
S__GCA_003451675.1	S__GCA_009619015.1	0.110876304838907
S__GCA_003527405.1	S__GCA_009619015.1	0.109370999002055
S__GCA_003575245.1	S__GCA_009619015.1	0.127220631601039
S__GCA_004377275.1	S__GCA_009619015.1	0.154489847844581
S__GCA_004525335.1	S__GCA_009619015.1	0.141408922140198
S__GCA_005223125.1	S__GCA_009619015.1	0.118780241016972
S__3300006913_8	S__GCA_009691085.1	0.267512458025601
S__GCA_003693905.1	S__GCA_009691085.1	0.167717353469617
S__3300020385_31	S__GCA_009886465.1	0.120748476920984
S__GCA_003457335.1	S__GCA_009886595.1	0.114941229268771
S__3300020389_47	S__GCA_009936995.1	0.120816131041953
S__3300027838_66	S__GCA_009936995.1	0.129546461417694
S__3300027838_7	S__GCA_009936995.1	0.141797963364593
S__3300027844_72	S__GCA_009936995.1	0.11907412464596
S__3300027847_13	S__GCA_009936995.1	0.153835092380494
S__GCA_000213395.2	S__GCA_009936995.1	0.120700970170509
S__GCA_002862985.1	S__GCA_009936995.1	0.111528750114234
S__GCA_003457335.1	S__GCA_009937025.1	0.156623628708795
S__GCA_009886595.1	S__GCA_009937025.1	0.121933293371505
S__GCA_009887215.1	S__GCA_009937025.1	0.114645010500261
S__3300001683_28	S__GCA_009937205.1	0.122170194717971
S__3300001683_4	S__GCA_009937205.1	0.129615561105394
S__3300020389_17	S__GCA_009937205.1	0.140343627211458
S__3300020389_47	S__GCA_009937205.1	0.151019734530527
S__3300026253_8	S__GCA_009937205.1	0.112303757338103
S__3300027685_31	S__GCA_009937205.1	0.119722352047825
S__3300027779_22	S__GCA_009937205.1	0.128749824112744
S__3300027801_21	S__GCA_009937205.1	0.163747195336457
S__3300027827_16	S__GCA_009937205.1	0.157388029703989
S__3300027838_66	S__GCA_009937205.1	0.145850233164679
S__3300027838_7	S__GCA_009937205.1	0.172235730773879
S__3300027844_72	S__GCA_009937205.1	0.143115215993778
S__3300027844_79	S__GCA_009937205.1	0.124906995228167
S__3300027847_13	S__GCA_009937205.1	0.17549385818428
S__3300027997_10	S__GCA_009937205.1	0.112033163812795
S__GCA_000213395.2	S__GCA_009937205.1	0.175543385817592
S__GCA_002401955.1	S__GCA_009937205.1	0.110749406857999
S__GCA_002862985.1	S__GCA_009937205.1	0.174027588549691
S__GCA_003672175.1	S__GCA_009937205.1	0.113445681580144
S__3300006913_8	S__GCA_011523425.1	0.210265741321114
S__3300027706_22	S__GCA_011523425.1	0.11010755220286
S__GCA_003693905.1	S__GCA_011523425.1	0.120620651510236
S__GCA_009691085.1	S__GCA_011523425.1	0.12984884863633
S__3300001683_4	S__GCA_012959275.1	0.114217480317932
S__3300020389_47	S__GCA_012959275.1	0.162475769364436
S__3300027685_31	S__GCA_012959275.1	0.141062479189658
S__3300027685_36	S__GCA_012959275.1	0.114202048737458
S__3300027779_27	S__GCA_012959275.1	0.113803816762874
S__3300027801_21	S__GCA_012959275.1	0.119094913248053
S__3300027838_66	S__GCA_012959275.1	0.153846229342416
S__3300027838_7	S__GCA_012959275.1	0.171392151185525
S__3300027844_72	S__GCA_012959275.1	0.15761513808831
S__3300027847_13	S__GCA_012959275.1	0.180500847376878
S__3300027849_41	S__GCA_012959275.1	0.122131715366504
S__GCA_000213395.2	S__GCA_012959275.1	0.149112887298459
S__GCA_002862985.1	S__GCA_012959275.1	0.134400426778765
S__3300020389_47	S__GCA_012959435.1	0.134224187856913
S__3300027685_31	S__GCA_012959435.1	0.114589222883115
S__3300027779_27	S__GCA_012959435.1	0.124825647016147
S__3300027838_66	S__GCA_012959435.1	0.127439366965803
S__3300027838_7	S__GCA_012959435.1	0.127452033322134
S__3300027844_72	S__GCA_012959435.1	0.119605503861439
S__3300027847_13	S__GCA_012959435.1	0.137707298534372
S__3300027849_41	S__GCA_012959435.1	0.11311456447379
S__GCA_000213395.2	S__GCA_012959435.1	0.108469685556183
S__3300027839_78	S__GCA_012959595.1	0.114014254484507
S__3300027844_92	S__GCA_012959595.1	0.127884918746573
S__GCA_003228095.2	S__GCA_012959595.1	0.11146014630238
S__3300020389_47	S__GCA_012959845.1	0.15050297568787
S__3300027685_31	S__GCA_012959845.1	0.131220104950639
S__3300027779_27	S__GCA_012959845.1	0.124714151044654
S__3300027838_66	S__GCA_012959845.1	0.147366890895011
S__3300027838_7	S__GCA_012959845.1	0.155018895248838
S__3300027844_72	S__GCA_012959845.1	0.143467496285305
S__3300027847_13	S__GCA_012959845.1	0.16475856858253
S__3300027849_41	S__GCA_012959845.1	0.124051081557957
S__GCA_000213395.2	S__GCA_012959845.1	0.129871725911756
S__GCA_002862985.1	S__GCA_012959845.1	0.11441713816397
S__GCA_012959275.1	S__GCA_012959845.1	0.121922848075221
S__3300001683_4	S__GCA_012960505.1	0.115057008349071
S__3300020389_17	S__GCA_012960505.1	0.120015021165945
S__3300020389_47	S__GCA_012960505.1	0.125212349370172
S__3300027771_26	S__GCA_012960505.1	0.121794713589015
S__3300027780_12	S__GCA_012960505.1	0.113784295682625
S__3300027801_21	S__GCA_012960505.1	0.144269225449959
S__3300027827_16	S__GCA_012960505.1	0.144729898855293
S__3300027838_66	S__GCA_012960505.1	0.130882015806659
S__3300027838_7	S__GCA_012960505.1	0.157230519556245
S__3300027844_72	S__GCA_012960505.1	0.132045487203319
S__3300027844_79	S__GCA_012960505.1	0.108486897849023
S__3300027847_13	S__GCA_012960505.1	0.158505074858316
S__GCA_000213395.2	S__GCA_012960505.1	0.13995004030505
S__GCA_002862985.1	S__GCA_012960505.1	0.165991944294167
S__3300001683_28	S__GCA_012960805.1	0.139638869207111
S__3300001683_4	S__GCA_012960805.1	0.128703677142129
S__3300020187_18	S__GCA_012960805.1	0.135218702313915
S__3300020263_16	S__GCA_012960805.1	0.154940935331959
S__3300020389_17	S__GCA_012960805.1	0.137705540616414
S__3300020389_47	S__GCA_012960805.1	0.13850207415901
S__3300024516_18	S__GCA_012960805.1	0.11725583908796
S__3300024516_26	S__GCA_012960805.1	0.11824972013113
S__3300024516_38	S__GCA_012960805.1	0.13870832861194
S__3300025894_53	S__GCA_012960805.1	0.121934694000086
S__3300026108_2	S__GCA_012960805.1	0.128823902386936
S__3300026253_8	S__GCA_012960805.1	0.1508281641999
S__3300027668_18	S__GCA_012960805.1	0.10896841378645
S__3300027685_31	S__GCA_012960805.1	0.11266410981493
S__3300027752_17	S__GCA_012960805.1	0.15380043014888
S__3300027771_26	S__GCA_012960805.1	0.117479240704183
S__3300027779_22	S__GCA_012960805.1	0.163081344048396
S__3300027780_12	S__GCA_012960805.1	0.119847145360263
S__3300027791_27	S__GCA_012960805.1	0.120600134032277
S__3300027801_21	S__GCA_012960805.1	0.168798065042052
S__3300027801_7	S__GCA_012960805.1	0.134208257836505
S__3300027827_16	S__GCA_012960805.1	0.159557089508216
S__3300027838_66	S__GCA_012960805.1	0.14582409870249
S__3300027838_7	S__GCA_012960805.1	0.163422552153013
S__3300027844_72	S__GCA_012960805.1	0.134370275775273
S__3300027844_79	S__GCA_012960805.1	0.139618441550638
S__3300027847_13	S__GCA_012960805.1	0.168494023959433
S__3300027847_80	S__GCA_012960805.1	0.113102795231131
S__3300027997_10	S__GCA_012960805.1	0.130951508287531
S__GCA_000213395.2	S__GCA_012960805.1	0.166978078627225
S__GCA_001437625.1	S__GCA_012960805.1	0.127311838426249
S__GCA_002082295.1	S__GCA_012960805.1	0.119917303320145
S__GCA_002401955.1	S__GCA_012960805.1	0.127230192363231
S__GCA_002499015.1	S__GCA_012960805.1	0.132030986759957
S__GCA_002862985.1	S__GCA_012960805.1	0.173235740413626
S__GCA_003229345.1	S__GCA_012960805.1	0.120214875200336
S__GCA_003509045.1	S__GCA_012960805.1	0.113401558712467
S__GCA_003672175.1	S__GCA_012960805.1	0.114605995109535
S__GCA_004356825.1	S__GCA_012960805.1	0.133556405433715
S__GCA_004356895.1	S__GCA_012960805.1	0.111003207251065
S__GCA_008974855.1	S__GCA_012960805.1	0.113464149980128
S__GCA_009937205.1	S__GCA_012960805.1	0.145840787750274
S__GCA_012960505.1	S__GCA_012960805.1	0.119349268668164
S__3300000179_4	S__GCA_012960835.1	0.169983681677941
S__3300001683_21	S__GCA_012960835.1	0.133100005303605
S__3300001683_28	S__GCA_012960835.1	0.219545464672303
S__3300001683_31	S__GCA_012960835.1	0.178618920697955
S__3300001683_4	S__GCA_012960835.1	0.240824105271756
S__3300006311_3	S__GCA_012960835.1	0.140147206243708
S__3300020187_18	S__GCA_012960835.1	0.16923127907254
S__3300020263_16	S__GCA_012960835.1	0.174512157236437
S__3300020303_5	S__GCA_012960835.1	0.155287971021233
S__3300020389_13	S__GCA_012960835.1	0.110404383477135
S__3300020389_17	S__GCA_012960835.1	0.234295990293443
S__3300020389_47	S__GCA_012960835.1	0.224071061285936
S__3300022920_20	S__GCA_012960835.1	0.150267955909465
S__3300024058_15	S__GCA_012960835.1	0.135882913007343
S__3300024516_18	S__GCA_012960835.1	0.187667150344992
S__3300024516_24	S__GCA_012960835.1	0.122138903450583
S__3300024516_26	S__GCA_012960835.1	0.206570428607009
S__3300024516_38	S__GCA_012960835.1	0.14849584207448
S__3300025276_12	S__GCA_012960835.1	0.151772311961266
S__3300025623_36	S__GCA_012960835.1	0.133668385299049
S__3300025690_38	S__GCA_012960835.1	0.158227049280845
S__3300025892_34	S__GCA_012960835.1	0.169359974725061
S__3300025894_53	S__GCA_012960835.1	0.188318530291438
S__3300026080_15	S__GCA_012960835.1	0.129905186552414
S__3300026087_14	S__GCA_012960835.1	0.130115997196454
S__3300026108_2	S__GCA_012960835.1	0.189809268506123
S__3300026108_4	S__GCA_012960835.1	0.145945461911815
S__3300026119_8	S__GCA_012960835.1	0.184469290705631
S__3300026253_28	S__GCA_012960835.1	0.130418453092379
S__3300026253_8	S__GCA_012960835.1	0.180483196472113
S__3300026264_29	S__GCA_012960835.1	0.158585762313722
S__3300026264_34	S__GCA_012960835.1	0.133386877962354
S__3300026267_11	S__GCA_012960835.1	0.183815378405891
S__3300027668_18	S__GCA_012960835.1	0.214247336229963
S__3300027685_11	S__GCA_012960835.1	0.13501502867699
S__3300027685_16	S__GCA_012960835.1	0.17591173844417
S__3300027685_31	S__GCA_012960835.1	0.211393079362313
S__3300027685_36	S__GCA_012960835.1	0.201453184099979
S__3300027687_20	S__GCA_012960835.1	0.138689583912129
S__3300027687_7	S__GCA_012960835.1	0.140643105886933
S__3300027700_13	S__GCA_012960835.1	0.158739313844801
S__3300027752_17	S__GCA_012960835.1	0.187495422348251
S__3300027771_26	S__GCA_012960835.1	0.218793200279454
S__3300027779_22	S__GCA_012960835.1	0.194204444306963
S__3300027779_26	S__GCA_012960835.1	0.145108714284254
S__3300027779_27	S__GCA_012960835.1	0.165869460969375
S__3300027780_12	S__GCA_012960835.1	0.222899954444042
S__3300027788_10	S__GCA_012960835.1	0.186337337331938
S__3300027791_27	S__GCA_012960835.1	0.168332445822668
S__3300027801_21	S__GCA_012960835.1	0.241854605407521
S__3300027801_7	S__GCA_012960835.1	0.189115934605045
S__3300027810_12	S__GCA_012960835.1	0.171998525193852
S__3300027827_16	S__GCA_012960835.1	0.217103510351304
S__3300027838_66	S__GCA_012960835.1	0.224616380159088
S__3300027838_7	S__GCA_012960835.1	0.24026909238331
S__3300027839_47	S__GCA_012960835.1	0.108190578433226
S__3300027844_42	S__GCA_012960835.1	0.173502464003993
S__3300027844_60	S__GCA_012960835.1	0.113027078353109
S__3300027844_72	S__GCA_012960835.1	0.234872358065549
S__3300027844_79	S__GCA_012960835.1	0.234377937612068
S__3300027847_13	S__GCA_012960835.1	0.241359072772697
S__3300027847_4	S__GCA_012960835.1	0.161822780985278
S__3300027847_80	S__GCA_012960835.1	0.175849915946848
S__3300027849_41	S__GCA_012960835.1	0.196707706184699
S__3300027883_17	S__GCA_012960835.1	0.145131843203449
S__3300027997_10	S__GCA_012960835.1	0.19561600277515
S__GCA_000213395.2	S__GCA_012960835.1	0.237203796942375
S__GCA_000383355.1	S__GCA_012960835.1	0.19720958790554
S__GCA_000402075.1	S__GCA_012960835.1	0.146072357699078
S__GCA_001437625.1	S__GCA_012960835.1	0.15361408997028
S__GCA_001542995.1	S__GCA_012960835.1	0.161852143441389
S__GCA_001543015.1	S__GCA_012960835.1	0.150077746652154
S__GCA_001643555.1	S__GCA_012960835.1	0.175934929203538
S__GCA_002082295.1	S__GCA_012960835.1	0.179595913017552
S__GCA_002168195.1	S__GCA_012960835.1	0.127000531459215
S__GCA_002313235.1	S__GCA_012960835.1	0.164813608481747
S__GCA_002313265.1	S__GCA_012960835.1	0.1380773490517
S__GCA_002317795.1	S__GCA_012960835.1	0.137799566456486
S__GCA_002390675.1	S__GCA_012960835.1	0.17285503723504
S__GCA_002401955.1	S__GCA_012960835.1	0.2245502135083
S__GCA_002499015.1	S__GCA_012960835.1	0.204314595819833
S__GCA_002505495.1	S__GCA_012960835.1	0.118060227499044
S__GCA_002700285.1	S__GCA_012960835.1	0.132099732985935
S__GCA_002712885.1	S__GCA_012960835.1	0.197613401153258
S__GCA_002862985.1	S__GCA_012960835.1	0.247484577021588
S__GCA_003228495.1	S__GCA_012960835.1	0.116867776825819
S__GCA_003229345.1	S__GCA_012960835.1	0.226462782108672
S__GCA_003230615.1	S__GCA_012960835.1	0.211671422010616
S__GCA_003509045.1	S__GCA_012960835.1	0.193271504919918
S__GCA_003526595.1	S__GCA_012960835.1	0.113346751179957
S__GCA_003672175.1	S__GCA_012960835.1	0.136544599589543
S__GCA_004356105.1	S__GCA_012960835.1	0.130821352432806
S__GCA_004356455.1	S__GCA_012960835.1	0.141178434543282
S__GCA_004356825.1	S__GCA_012960835.1	0.150957018607662
S__GCA_004356895.1	S__GCA_012960835.1	0.205929081893686
S__GCA_008974855.1	S__GCA_012960835.1	0.159660518896815
S__GCA_009936995.1	S__GCA_012960835.1	0.150896328263691
S__GCA_009937205.1	S__GCA_012960835.1	0.215277846966561
S__GCA_011055585.1	S__GCA_012960835.1	0.121572714277935
S__GCA_012959275.1	S__GCA_012960835.1	0.185020539928287
S__GCA_012959435.1	S__GCA_012960835.1	0.131685847860512
S__GCA_012959845.1	S__GCA_012960835.1	0.160347325652361
S__GCA_012960345.1	S__GCA_012960835.1	0.125407247774829
S__GCA_012960505.1	S__GCA_012960835.1	0.186625271757189
S__GCA_012960805.1	S__GCA_012960835.1	0.206301077995928
S__3300001683_28	S__GCA_012964335.1	0.147007139245253
S__3300001683_4	S__GCA_012964335.1	0.132032497921087
S__3300020187_18	S__GCA_012964335.1	0.146056612250898
S__3300020263_16	S__GCA_012964335.1	0.146350467453743
S__3300020389_17	S__GCA_012964335.1	0.134907443971025
S__3300020389_47	S__GCA_012964335.1	0.144331321150431
S__3300024516_18	S__GCA_012964335.1	0.115611771516895
S__3300024516_26	S__GCA_012964335.1	0.1266556402807
S__3300024516_38	S__GCA_012964335.1	0.118706553925069
S__3300025276_12	S__GCA_012964335.1	0.117246766226454
S__3300025894_53	S__GCA_012964335.1	0.14975686928551
S__3300026108_2	S__GCA_012964335.1	0.1230775998581
S__3300026119_8	S__GCA_012964335.1	0.114310942427596
S__3300026253_8	S__GCA_012964335.1	0.149770208810522
S__3300027668_18	S__GCA_012964335.1	0.123746617958539
S__3300027685_31	S__GCA_012964335.1	0.118876436787025
S__3300027687_20	S__GCA_012964335.1	0.109684211887748
S__3300027752_17	S__GCA_012964335.1	0.148743366520463
S__3300027771_26	S__GCA_012964335.1	0.113329182051582
S__3300027779_22	S__GCA_012964335.1	0.1607917742525
S__3300027780_12	S__GCA_012964335.1	0.128863548387145
S__3300027791_27	S__GCA_012964335.1	0.141501490746507
S__3300027801_21	S__GCA_012964335.1	0.160387284119162
S__3300027801_7	S__GCA_012964335.1	0.142090724558436
S__3300027810_12	S__GCA_012964335.1	0.131017266503349
S__3300027827_16	S__GCA_012964335.1	0.141647103602103
S__3300027838_66	S__GCA_012964335.1	0.154494600997018
S__3300027838_7	S__GCA_012964335.1	0.167227937880006
S__3300027844_72	S__GCA_012964335.1	0.138517185881293
S__3300027844_79	S__GCA_012964335.1	0.152877517631033
S__3300027847_13	S__GCA_012964335.1	0.176131273272987
S__3300027847_80	S__GCA_012964335.1	0.126626315949587
S__3300027883_17	S__GCA_012964335.1	0.10841353499819
S__3300027997_10	S__GCA_012964335.1	0.112348129903342
S__GCA_000213395.2	S__GCA_012964335.1	0.165189606795718
S__GCA_000383355.1	S__GCA_012964335.1	0.112678841218047
S__GCA_001437625.1	S__GCA_012964335.1	0.145272462034147
S__GCA_002082295.1	S__GCA_012964335.1	0.122606833159641
S__GCA_002401955.1	S__GCA_012964335.1	0.126707863280852
S__GCA_002499015.1	S__GCA_012964335.1	0.146023271334503
S__GCA_002862985.1	S__GCA_012964335.1	0.166685746992935
S__GCA_003229345.1	S__GCA_012964335.1	0.124469229527721
S__GCA_003230615.1	S__GCA_012964335.1	0.112205223350861
S__GCA_003509045.1	S__GCA_012964335.1	0.110201826952985
S__GCA_004356825.1	S__GCA_012964335.1	0.11459033000897
S__GCA_004356895.1	S__GCA_012964335.1	0.124764428889976
S__GCA_008974855.1	S__GCA_012964335.1	0.11134160495723
S__GCA_009937205.1	S__GCA_012964335.1	0.128253350445767
S__GCA_012960805.1	S__GCA_012964335.1	0.15782340386435
S__GCA_012960835.1	S__GCA_012964335.1	0.205934842110233
S__3300020389_47	S__GCA_012964845.1	0.126366422039584
S__3300027779_22	S__GCA_012964845.1	0.116238392343736
S__3300027801_21	S__GCA_012964845.1	0.115631809727238
S__3300027838_66	S__GCA_012964845.1	0.124029958214193
S__3300027838_7	S__GCA_012964845.1	0.140330101129675
S__3300027844_72	S__GCA_012964845.1	0.116025898524562
S__3300027847_13	S__GCA_012964845.1	0.143670345494471
S__GCA_000213395.2	S__GCA_012964845.1	0.135128646468609
S__GCA_002862985.1	S__GCA_012964845.1	0.115242740533765
S__GCA_012960835.1	S__GCA_012964845.1	0.156286753938331
S__3300020389_47	S__GCA_012965955.1	0.111173918189566
S__3300027838_66	S__GCA_012965955.1	0.112315315559476
S__3300027847_13	S__GCA_012965955.1	0.119381559731852
S__GCA_012960835.1	S__GCA_012965955.1	0.119813033734273
S__3300001683_28	S__GCA_012966015.1	0.110147801727962
S__3300001683_4	S__GCA_012966015.1	0.127800688636003
S__3300020389_17	S__GCA_012966015.1	0.11439351573484
S__3300020389_47	S__GCA_012966015.1	0.15100673235804
S__3300027685_31	S__GCA_012966015.1	0.123697966160891
S__3300027779_22	S__GCA_012966015.1	0.122844349102565
S__3300027779_27	S__GCA_012966015.1	0.113028782841896
S__3300027801_21	S__GCA_012966015.1	0.134323208058427
S__3300027838_66	S__GCA_012966015.1	0.156186523324744
S__3300027838_7	S__GCA_012966015.1	0.165957799632362
S__3300027844_72	S__GCA_012966015.1	0.141195737666904
S__3300027844_79	S__GCA_012966015.1	0.119509438780895
S__3300027847_13	S__GCA_012966015.1	0.182929303719531
S__3300027849_41	S__GCA_012966015.1	0.122066390725033
S__GCA_000213395.2	S__GCA_012966015.1	0.154118216005165
S__GCA_002862985.1	S__GCA_012966015.1	0.137328266212841
S__GCA_012960835.1	S__GCA_012966015.1	0.195690597048922
S__GCA_012964335.1	S__GCA_012966015.1	0.12515299202452
S__3300024353_29	S__GCA_012974295.1	0.117106133536958
S__3300024353_30	S__GCA_012974295.1	0.157662792063278
S__3300024433_34	S__GCA_012974295.1	0.127964759790492
S__3300027839_66	S__GCA_012974295.1	0.126701788035056
S__GCA_003451675.1	S__GCA_012974295.1	0.110912946793991
S__GCA_003527405.1	S__GCA_012974295.1	0.109798157688364
S__GCA_003575245.1	S__GCA_012974295.1	0.145372844616533
S__GCA_004377275.1	S__GCA_012974295.1	0.133129643923738
S__GCA_004525335.1	S__GCA_012974295.1	0.138833403621111
S__GCA_005223125.1	S__GCA_012974295.1	0.117893856643429
S__GCA_009619015.1	S__GCA_012974295.1	0.144230606657879
S__3300001683_4	S__GCA_012974435.1	0.133967289592402
S__3300020389_47	S__GCA_012974435.1	0.118610212043741
S__3300027668_18	S__GCA_012974435.1	0.110867834786835
S__3300027780_12	S__GCA_012974435.1	0.112719108823301
S__3300027801_21	S__GCA_012974435.1	0.127338092907028
S__3300027838_66	S__GCA_012974435.1	0.132105544444807
S__3300027838_7	S__GCA_012974435.1	0.149502047054849
S__3300027844_72	S__GCA_012974435.1	0.114840792145569
S__3300027847_13	S__GCA_012974435.1	0.152730293356781
S__GCA_000213395.2	S__GCA_012974435.1	0.123183637020963
S__GCA_002862985.1	S__GCA_012974435.1	0.123669290951195
S__GCA_012960835.1	S__GCA_012974435.1	0.163715163695656
S__3300024353_106	S__GCA_012974475.1	0.119608424616558
S__3300024353_29	S__GCA_012974475.1	0.136014218380499
S__3300024353_30	S__GCA_012974475.1	0.115044130901983
S__3300024353_49	S__GCA_012974475.1	0.138973949907792
S__3300024433_34	S__GCA_012974475.1	0.155973906214323
S__3300025661_25	S__GCA_012974475.1	0.164326931236472
S__3300027839_66	S__GCA_012974475.1	0.115673648865702
S__GCA_001773955.1	S__GCA_012974475.1	0.125662680442914
S__GCA_003451675.1	S__GCA_012974475.1	0.11743906866375
S__GCA_003527405.1	S__GCA_012974475.1	0.167133064728191
S__GCA_003575245.1	S__GCA_012974475.1	0.120448725865172
S__GCA_004377275.1	S__GCA_012974475.1	0.187886290718576
S__GCA_004525335.1	S__GCA_012974475.1	0.13821095150827
S__GCA_009619015.1	S__GCA_012974475.1	0.164182669792152
S__GCA_012974295.1	S__GCA_012974475.1	0.152725004240658
S__3300027838_7	S__GCA_013138675.1	0.1158304835631
S__3300027847_13	S__GCA_013138675.1	0.127142466658648
S__GCA_012960835.1	S__GCA_013138675.1	0.123704804329546
S__3300024353_29	S__GCA_013138755.1	0.136096177408063
S__3300024353_30	S__GCA_013138755.1	0.156875829528619
S__3300024353_49	S__GCA_013138755.1	0.123816092421034
S__3300024433_34	S__GCA_013138755.1	0.141354736304698
S__3300027839_66	S__GCA_013138755.1	0.147045183977038
S__3300027858_23	S__GCA_013138755.1	0.110242833367551
S__GCA_000405345.1	S__GCA_013138755.1	0.110358025214231
S__GCA_000405605.1	S__GCA_013138755.1	0.119486737069594
S__GCA_003451675.1	S__GCA_013138755.1	0.121560228002572
S__GCA_003575245.1	S__GCA_013138755.1	0.149536861679921
S__GCA_004356335.1	S__GCA_013138755.1	0.120411156843892
S__GCA_004375715.1	S__GCA_013138755.1	0.123266029031971
S__GCA_004377275.1	S__GCA_013138755.1	0.132285949093842
S__GCA_004525335.1	S__GCA_013138755.1	0.15295335731449
S__GCA_005223125.1	S__GCA_013138755.1	0.145713710248252
S__GCA_009619015.1	S__GCA_013138755.1	0.151237541672381
S__GCA_012974295.1	S__GCA_013138755.1	0.170307323644304
S__GCA_012974475.1	S__GCA_013138755.1	0.146621095291648
S__3300024433_34	S__GCA_013139195.1	0.133803816828004
S__3300025661_25	S__GCA_013139195.1	0.160390177931751
S__GCA_001773955.1	S__GCA_013139195.1	0.12810635911373
S__GCA_003451675.1	S__GCA_013139195.1	0.130129970741684
S__GCA_003527405.1	S__GCA_013139195.1	0.194359417898031
S__GCA_003575245.1	S__GCA_013139195.1	0.124222288116375
S__GCA_003648635.1	S__GCA_013139195.1	0.120987379110608
S__GCA_004377275.1	S__GCA_013139195.1	0.16320724679854
S__GCA_009619015.1	S__GCA_013139195.1	0.111494220240988
S__GCA_012974295.1	S__GCA_013139195.1	0.121763802875479
S__GCA_012974475.1	S__GCA_013139195.1	0.155317331547583
S__GCA_013138755.1	S__GCA_013139195.1	0.11547113209114
S__3300021511_7	S__GCA_013139435.1	0.11636313849961
S__3300024353_106	S__GCA_013139435.1	0.177740416465717
S__3300024353_29	S__GCA_013139435.1	0.172315706015929
S__3300024353_30	S__GCA_013139435.1	0.109824460423941
S__3300024353_49	S__GCA_013139435.1	0.168632510187347
S__3300024433_34	S__GCA_013139435.1	0.204238479417467
S__3300025661_25	S__GCA_013139435.1	0.145272983955468
S__3300027839_66	S__GCA_013139435.1	0.142088054838505
S__3300027858_23	S__GCA_013139435.1	0.10959166386225
S__GCA_001773955.1	S__GCA_013139435.1	0.150649776195926
S__GCA_003451675.1	S__GCA_013139435.1	0.123801684063694
S__GCA_003527405.1	S__GCA_013139435.1	0.153719046747705
S__GCA_003575245.1	S__GCA_013139435.1	0.124416058995857
S__GCA_004377275.1	S__GCA_013139435.1	0.235186307032203
S__GCA_004525335.1	S__GCA_013139435.1	0.143840504157906
S__GCA_009619015.1	S__GCA_013139435.1	0.164328590329195
S__GCA_012974295.1	S__GCA_013139435.1	0.138405324933511
S__GCA_012974475.1	S__GCA_013139435.1	0.194061381305609
S__GCA_013138755.1	S__GCA_013139435.1	0.139146832082171
S__GCA_013139195.1	S__GCA_013139435.1	0.151736081285029
S__3300024353_106	S__GCA_013139935.1	0.107948475453723
S__3300024433_34	S__GCA_013139935.1	0.110777970441629
S__3300025661_25	S__GCA_013139935.1	0.142117977275473
S__GCA_001773955.1	S__GCA_013139935.1	0.220095669014269
S__GCA_003527405.1	S__GCA_013139935.1	0.143908111817576
S__GCA_004377275.1	S__GCA_013139935.1	0.155429909730047
S__GCA_012974475.1	S__GCA_013139935.1	0.119517536449859
S__GCA_013139195.1	S__GCA_013139935.1	0.119193583062638
S__GCA_013139435.1	S__GCA_013139935.1	0.139894028384486
S__3300024353_106	S__GCA_013202615.1	0.121444837555345
S__3300024353_29	S__GCA_013202615.1	0.118018198584181
S__3300024433_34	S__GCA_013202615.1	0.13391001492221
S__GCA_001773955.1	S__GCA_013202615.1	0.122608943876691
S__GCA_003527405.1	S__GCA_013202615.1	0.117828956471966
S__GCA_004377275.1	S__GCA_013202615.1	0.185138436639708
S__GCA_012974475.1	S__GCA_013202615.1	0.135808379002477
S__GCA_013139435.1	S__GCA_013202615.1	0.177277364264674
S__3300024433_34	S__GCA_013202965.1	0.123686385395146
S__3300025661_25	S__GCA_013202965.1	0.253859331831334
S__GCA_001773955.1	S__GCA_013202965.1	0.131328369329536
S__GCA_003451675.1	S__GCA_013202965.1	0.128425689289699
S__GCA_003527405.1	S__GCA_013202965.1	0.259589728162272
S__GCA_004377275.1	S__GCA_013202965.1	0.173006561519789
S__GCA_009619015.1	S__GCA_013202965.1	0.115289814747551
S__GCA_012974295.1	S__GCA_013202965.1	0.113157108108196
S__GCA_012974475.1	S__GCA_013202965.1	0.174354062990313
S__GCA_013139195.1	S__GCA_013202965.1	0.143347315025665
S__GCA_013139435.1	S__GCA_013202965.1	0.162003485352876
S__GCA_013139935.1	S__GCA_013202965.1	0.115525593995013
S__3300024433_34	S__GCA_013203065.1	0.136105549783875
S__3300025661_25	S__GCA_013203065.1	0.137283674287148
S__GCA_001773955.1	S__GCA_013203065.1	0.129288738847956
S__GCA_003451675.1	S__GCA_013203065.1	0.109740927229833
S__GCA_003527405.1	S__GCA_013203065.1	0.159968480196524
S__GCA_004377275.1	S__GCA_013203065.1	0.167367011154344
S__GCA_012974475.1	S__GCA_013203065.1	0.135188356556851
S__GCA_013139195.1	S__GCA_013203065.1	0.119821382538777
S__GCA_013139435.1	S__GCA_013203065.1	0.155613825840917
S__GCA_013139935.1	S__GCA_013203065.1	0.119305743309216
S__GCA_013202615.1	S__GCA_013203065.1	0.129877732775447
S__GCA_013202965.1	S__GCA_013203065.1	0.133391141777223
S__3300027838_66	S__GCA_013203245.1	0.109080807922076
S__3300027847_13	S__GCA_013203245.1	0.116485867234739
S__GCA_012960835.1	S__GCA_013203245.1	0.123528279301828
S__GCA_000405345.1	S__GCA_013203755.1	0.121327869466775
S__GCA_003575245.1	S__GCA_013203755.1	0.11089484569906
S__GCA_009619015.1	S__GCA_013203755.1	0.116999069285278
S__GCA_013138755.1	S__GCA_013203755.1	0.113119521001519
S__3300001683_4	S__GCA_013214205.1	0.113794716671687
S__3300020389_17	S__GCA_013214205.1	0.112882486741335
S__3300020389_47	S__GCA_013214205.1	0.148045509510335
S__3300027685_31	S__GCA_013214205.1	0.126526331027472
S__3300027801_21	S__GCA_013214205.1	0.128904925207092
S__3300027838_66	S__GCA_013214205.1	0.140566379674925
S__3300027838_7	S__GCA_013214205.1	0.167291052511866
S__3300027844_72	S__GCA_013214205.1	0.150121253653889
S__3300027847_13	S__GCA_013214205.1	0.167537722999088
S__GCA_000213395.2	S__GCA_013214205.1	0.152505193661146
S__GCA_002862985.1	S__GCA_013214205.1	0.146971262924921
S__GCA_012960835.1	S__GCA_013214205.1	0.192169342074958
S__3300001683_28	S__GCA_013215285.1	0.129019590644466
S__3300001683_4	S__GCA_013215285.1	0.124200253785145
S__3300020263_16	S__GCA_013215285.1	0.109819220718938
S__3300020389_17	S__GCA_013215285.1	0.122507448893788
S__3300020389_47	S__GCA_013215285.1	0.125199492657913
S__3300026253_8	S__GCA_013215285.1	0.126901950077875
S__3300027752_17	S__GCA_013215285.1	0.127657535494422
S__3300027779_22	S__GCA_013215285.1	0.151546193825878
S__3300027780_12	S__GCA_013215285.1	0.112846637810196
S__3300027801_21	S__GCA_013215285.1	0.150505384602641
S__3300027827_16	S__GCA_013215285.1	0.123015085251929
S__3300027838_66	S__GCA_013215285.1	0.133490091717716
S__3300027838_7	S__GCA_013215285.1	0.147032694793535
S__3300027844_72	S__GCA_013215285.1	0.119851836113726
S__3300027844_79	S__GCA_013215285.1	0.113241821244019
S__3300027847_13	S__GCA_013215285.1	0.152142066768241
S__GCA_000213395.2	S__GCA_013215285.1	0.144379945111362
S__GCA_002862985.1	S__GCA_013215285.1	0.148177580837548
S__GCA_012960805.1	S__GCA_013215285.1	0.139742053392857
S__GCA_012960835.1	S__GCA_013215285.1	0.180656396464454
S__GCA_012964335.1	S__GCA_013215285.1	0.139443405738319
S__3300027847_13	S__GCA_013215515.1	0.10792125141437
S__3300024433_34	S__GCA_013375475.1	0.10984554588433
S__3300027839_66	S__GCA_013375475.1	0.122720332485197
S__GCA_003575245.1	S__GCA_013375475.1	0.117523432911917
S__GCA_004356335.1	S__GCA_013375475.1	0.114284024656061
S__GCA_004375715.1	S__GCA_013375475.1	0.150908765324692
S__GCA_005222975.1	S__GCA_013375475.1	0.124822655793334
S__GCA_005223125.1	S__GCA_013375475.1	0.19051298428086
S__GCA_013138755.1	S__GCA_013375475.1	0.128554220061567
S__GCA_004375715.1	S__GCA_013375485.1	0.110803071656922
S__GCA_005222975.1	S__GCA_013375485.1	0.125427512620031
S__GCA_005223125.1	S__GCA_013375485.1	0.160814318358674
S__GCA_013138755.1	S__GCA_013375485.1	0.110056910167623
S__GCA_013375475.1	S__GCA_013375485.1	0.276684755983476
S__GCA_005223125.1	S__GCA_013375495.1	0.146889933123914
S__GCA_013375475.1	S__GCA_013375495.1	0.254316311165552
S__GCA_013375485.1	S__GCA_013375495.1	0.281434849274819
S__3300027847_13	S__GCA_013390475.1	0.110044233613086
S__GCA_012960835.1	S__GCA_013390475.1	0.129689069457229
S__3300021511_7	S__GCA_013619005.1	0.117448838211094
S__3300024353_106	S__GCA_013619005.1	0.12348799320111
S__3300024353_29	S__GCA_013619005.1	0.137224588643996
S__3300024353_49	S__GCA_013619005.1	0.140779875077776
S__3300024433_34	S__GCA_013619005.1	0.148406739540755
S__3300025661_25	S__GCA_013619005.1	0.237518272979349
S__3300027858_23	S__GCA_013619005.1	0.123100975997367
S__GCA_001773955.1	S__GCA_013619005.1	0.17713647059343
S__GCA_003451675.1	S__GCA_013619005.1	0.166216446481108
S__GCA_003527405.1	S__GCA_013619005.1	0.232393391946189
S__GCA_003575245.1	S__GCA_013619005.1	0.132789860745739
S__GCA_003648635.1	S__GCA_013619005.1	0.159716009258958
S__GCA_004377275.1	S__GCA_013619005.1	0.168203173407007
S__GCA_004525335.1	S__GCA_013619005.1	0.143251215826129
S__GCA_009619015.1	S__GCA_013619005.1	0.126548673293864
S__GCA_012974295.1	S__GCA_013619005.1	0.140123168369435
S__GCA_012974475.1	S__GCA_013619005.1	0.178828346637858
S__GCA_013138755.1	S__GCA_013619005.1	0.122431851725815
S__GCA_013139195.1	S__GCA_013619005.1	0.244082200840162
S__GCA_013139435.1	S__GCA_013619005.1	0.163863392638421
S__GCA_013139935.1	S__GCA_013619005.1	0.165441561010248
S__GCA_013202615.1	S__GCA_013619005.1	0.136632141755774
S__GCA_013202965.1	S__GCA_013619005.1	0.215350358000197
S__GCA_013203065.1	S__GCA_013619005.1	0.171698767730649
S__3300006913_8	S__GCA_013821475.1	0.289635440407912
S__GCA_003693905.1	S__GCA_013821475.1	0.275266422716621
S__GCA_006969625.1	S__GCA_013821475.1	0.112128373297882
S__GCA_009377745.1	S__GCA_013821475.1	0.156436906419431
S__GCA_009691085.1	S__GCA_013821475.1	0.288027340368457
S__GCA_011523425.1	S__GCA_013821475.1	0.237468853230257
S__3300001683_28	S__GCA_013911135.1	0.111644128114836
S__3300001683_4	S__GCA_013911135.1	0.115856106173144
S__3300020263_16	S__GCA_013911135.1	0.113980594354063
S__3300020389_17	S__GCA_013911135.1	0.115732669608069
S__3300020389_47	S__GCA_013911135.1	0.114818094921697
S__3300026253_8	S__GCA_013911135.1	0.126079527005982
S__3300027752_17	S__GCA_013911135.1	0.118940044115329
S__3300027779_22	S__GCA_013911135.1	0.134653715881031
S__3300027801_21	S__GCA_013911135.1	0.134750459670648
S__3300027827_16	S__GCA_013911135.1	0.115059481703698
S__3300027838_66	S__GCA_013911135.1	0.115719824714085
S__3300027838_7	S__GCA_013911135.1	0.134217880063312
S__3300027847_13	S__GCA_013911135.1	0.136819090401385
S__GCA_000213395.2	S__GCA_013911135.1	0.132523547828449
S__GCA_002862985.1	S__GCA_013911135.1	0.135297568490119
S__GCA_012960805.1	S__GCA_013911135.1	0.13028431414873
S__GCA_012960835.1	S__GCA_013911135.1	0.165189888332676
S__GCA_012964335.1	S__GCA_013911135.1	0.121513315979685
S__3300000179_4	S__GCA_014237975.1	0.149412173697174
S__3300001683_21	S__GCA_014237975.1	0.116741822000236
S__3300001683_28	S__GCA_014237975.1	0.166234041886321
S__3300001683_31	S__GCA_014237975.1	0.155118190262399
S__3300001683_4	S__GCA_014237975.1	0.190246227392038
S__3300020187_18	S__GCA_014237975.1	0.121081609019295
S__3300020263_16	S__GCA_014237975.1	0.132704749413087
S__3300020303_5	S__GCA_014237975.1	0.147738611670742
S__3300020389_13	S__GCA_014237975.1	0.111059027742284
S__3300020389_17	S__GCA_014237975.1	0.191289617807568
S__3300020389_47	S__GCA_014237975.1	0.199774570738053
S__3300022920_20	S__GCA_014237975.1	0.134313537223255
S__3300024058_15	S__GCA_014237975.1	0.110795935476406
S__3300024516_18	S__GCA_014237975.1	0.140881162983175
S__3300024516_26	S__GCA_014237975.1	0.152901505599693
S__3300025276_12	S__GCA_014237975.1	0.109781087836989
S__3300025623_36	S__GCA_014237975.1	0.127831445719977
S__3300025690_38	S__GCA_014237975.1	0.151415077074324
S__3300025892_34	S__GCA_014237975.1	0.166392558742802
S__3300025894_53	S__GCA_014237975.1	0.134073806596094
S__3300026108_2	S__GCA_014237975.1	0.137236247614649
S__3300026108_4	S__GCA_014237975.1	0.1365126840887
S__3300026119_8	S__GCA_014237975.1	0.137257809871533
S__3300026253_8	S__GCA_014237975.1	0.136714999710291
S__3300026264_29	S__GCA_014237975.1	0.140597758748043
S__3300026267_11	S__GCA_014237975.1	0.175559841829697
S__3300027668_18	S__GCA_014237975.1	0.162844962929086
S__3300027685_11	S__GCA_014237975.1	0.110027328615949
S__3300027685_16	S__GCA_014237975.1	0.140673006911266
S__3300027685_31	S__GCA_014237975.1	0.191030585334641
S__3300027685_36	S__GCA_014237975.1	0.191754483366968
S__3300027687_7	S__GCA_014237975.1	0.11425667820317
S__3300027700_13	S__GCA_014237975.1	0.139178684950754
S__3300027752_17	S__GCA_014237975.1	0.138286191588039
S__3300027771_26	S__GCA_014237975.1	0.179805931100497
S__3300027779_22	S__GCA_014237975.1	0.141134523033098
S__3300027779_26	S__GCA_014237975.1	0.12603619377536
S__3300027779_27	S__GCA_014237975.1	0.146141963059679
S__3300027780_12	S__GCA_014237975.1	0.173205606656576
S__3300027788_10	S__GCA_014237975.1	0.150312873268966
S__3300027791_27	S__GCA_014237975.1	0.121918851218524
S__3300027801_21	S__GCA_014237975.1	0.188103537852429
S__3300027801_7	S__GCA_014237975.1	0.144573750053553
S__3300027810_12	S__GCA_014237975.1	0.127538628106247
S__3300027827_16	S__GCA_014237975.1	0.169184319477212
S__3300027838_66	S__GCA_014237975.1	0.189054696723566
S__3300027838_7	S__GCA_014237975.1	0.218190761623047
S__3300027844_42	S__GCA_014237975.1	0.145430368374314
S__3300027844_72	S__GCA_014237975.1	0.206146893566993
S__3300027844_79	S__GCA_014237975.1	0.181389251870014
S__3300027847_13	S__GCA_014237975.1	0.225140867567889
S__3300027847_4	S__GCA_014237975.1	0.118428127798013
S__3300027847_80	S__GCA_014237975.1	0.13788543726658
S__3300027849_41	S__GCA_014237975.1	0.166777608349941
S__3300027997_10	S__GCA_014237975.1	0.155957963494825
S__GCA_000213395.2	S__GCA_014237975.1	0.198738106542747
S__GCA_000383355.1	S__GCA_014237975.1	0.161426069482507
S__GCA_000402075.1	S__GCA_014237975.1	0.124121760723472
S__GCA_001437625.1	S__GCA_014237975.1	0.110261189422752
S__GCA_001542995.1	S__GCA_014237975.1	0.129993756429092
S__GCA_001543015.1	S__GCA_014237975.1	0.116383698520057
S__GCA_001643555.1	S__GCA_014237975.1	0.144755478269906
S__GCA_002082295.1	S__GCA_014237975.1	0.14198093158357
S__GCA_002168195.1	S__GCA_014237975.1	0.128356298191602
S__GCA_002313235.1	S__GCA_014237975.1	0.137907118711098
S__GCA_002313265.1	S__GCA_014237975.1	0.138032318618105
S__GCA_002390675.1	S__GCA_014237975.1	0.147753091830612
S__GCA_002401955.1	S__GCA_014237975.1	0.181898524310363
S__GCA_002499015.1	S__GCA_014237975.1	0.148583049369133
S__GCA_002700285.1	S__GCA_014237975.1	0.125565080718296
S__GCA_002708345.1	S__GCA_014237975.1	0.107981006701347
S__GCA_002712885.1	S__GCA_014237975.1	0.159645611034881
S__GCA_002862985.1	S__GCA_014237975.1	0.199368775728265
S__GCA_003229345.1	S__GCA_014237975.1	0.177459172953021
S__GCA_003230615.1	S__GCA_014237975.1	0.171528758975694
S__GCA_003509045.1	S__GCA_014237975.1	0.165072684074367
S__GCA_003672175.1	S__GCA_014237975.1	0.113174003838998
S__GCA_004356825.1	S__GCA_014237975.1	0.109682376491073
S__GCA_004356895.1	S__GCA_014237975.1	0.157603823984992
S__GCA_008974855.1	S__GCA_014237975.1	0.119288464380835
S__GCA_009936995.1	S__GCA_014237975.1	0.125977273597699
S__GCA_009937205.1	S__GCA_014237975.1	0.176836977956643
S__GCA_012959275.1	S__GCA_014237975.1	0.174781875326052
S__GCA_012959435.1	S__GCA_014237975.1	0.123024613943692
S__GCA_012959845.1	S__GCA_014237975.1	0.14940001263445
S__GCA_012960345.1	S__GCA_014237975.1	0.113407205173195
S__GCA_012960505.1	S__GCA_014237975.1	0.154478421311116
S__GCA_012960805.1	S__GCA_014237975.1	0.154429023150807
S__GCA_012960835.1	S__GCA_014237975.1	0.242826240052243
S__GCA_012964335.1	S__GCA_014237975.1	0.153131819042139
S__GCA_012964845.1	S__GCA_014237975.1	0.13078346633092
S__GCA_012966015.1	S__GCA_014237975.1	0.153414645644966
S__GCA_012974435.1	S__GCA_014237975.1	0.124146742251232
S__GCA_013214205.1	S__GCA_014237975.1	0.174762013366794
S__GCA_013215285.1	S__GCA_014237975.1	0.132742386571124
S__GCA_013911135.1	S__GCA_014237975.1	0.127296199517711
S__3300020389_47	S__GCA_014238125.1	0.119958482248323
S__3300027838_7	S__GCA_014238125.1	0.128283843689633
S__3300027844_72	S__GCA_014238125.1	0.115748040758567
S__3300027847_13	S__GCA_014238125.1	0.12935404513463
S__GCA_000213395.2	S__GCA_014238125.1	0.110107077991321
S__GCA_012960835.1	S__GCA_014238125.1	0.135710735891389
S__GCA_014237975.1	S__GCA_014238125.1	0.138688214488438
S__3300001683_28	S__GCA_014238335.1	0.113690454399282
S__3300001683_4	S__GCA_014238335.1	0.138654665997569
S__3300020389_17	S__GCA_014238335.1	0.134548903833577
S__3300020389_47	S__GCA_014238335.1	0.159853878604979
S__3300027685_31	S__GCA_014238335.1	0.128485525466534
S__3300027685_36	S__GCA_014238335.1	0.108506650790451
S__3300027780_12	S__GCA_014238335.1	0.109648504212702
S__3300027801_21	S__GCA_014238335.1	0.14851643757084
S__3300027827_16	S__GCA_014238335.1	0.10894546824149
S__3300027838_66	S__GCA_014238335.1	0.158025588142182
S__3300027838_7	S__GCA_014238335.1	0.194256781439369
S__3300027844_72	S__GCA_014238335.1	0.157797625517931
S__3300027844_79	S__GCA_014238335.1	0.124843648276198
S__3300027847_13	S__GCA_014238335.1	0.202429230872693
S__3300027849_41	S__GCA_014238335.1	0.108634178428378
S__GCA_000213395.2	S__GCA_014238335.1	0.17004775949215
S__GCA_002862985.1	S__GCA_014238335.1	0.165078932098442
S__GCA_012960835.1	S__GCA_014238335.1	0.214026753716784
S__GCA_012964335.1	S__GCA_014238335.1	0.113624826773565
S__GCA_014237975.1	S__GCA_014238335.1	0.188294776643473
S__3300000179_4	S__GCA_014238785.1	0.141528547938597
S__3300001683_21	S__GCA_014238785.1	0.115929686100159
S__3300001683_28	S__GCA_014238785.1	0.175875831131848
S__3300001683_31	S__GCA_014238785.1	0.154635932245049
S__3300001683_4	S__GCA_014238785.1	0.188728630662178
S__3300020187_18	S__GCA_014238785.1	0.13616797860889
S__3300020263_16	S__GCA_014238785.1	0.136111732843741
S__3300020303_5	S__GCA_014238785.1	0.129046047312154
S__3300020389_17	S__GCA_014238785.1	0.190437127738766
S__3300020389_47	S__GCA_014238785.1	0.19485263736418
S__3300022920_20	S__GCA_014238785.1	0.134484754990381
S__3300024058_15	S__GCA_014238785.1	0.1089356327975
S__3300024516_18	S__GCA_014238785.1	0.140888802695711
S__3300024516_26	S__GCA_014238785.1	0.156651882484958
S__3300025276_12	S__GCA_014238785.1	0.123944729525054
S__3300025623_36	S__GCA_014238785.1	0.11719674065595
S__3300025690_38	S__GCA_014238785.1	0.133507741336848
S__3300025892_34	S__GCA_014238785.1	0.144502661544879
S__3300025894_53	S__GCA_014238785.1	0.151018064167273
S__3300026080_15	S__GCA_014238785.1	0.113055113805053
S__3300026087_14	S__GCA_014238785.1	0.111346923785318
S__3300026108_2	S__GCA_014238785.1	0.138474448104899
S__3300026108_4	S__GCA_014238785.1	0.131006852005748
S__3300026119_8	S__GCA_014238785.1	0.14022574732983
S__3300026253_8	S__GCA_014238785.1	0.143953964069657
S__3300026264_29	S__GCA_014238785.1	0.139730840731125
S__3300026267_11	S__GCA_014238785.1	0.156476384925819
S__3300027668_18	S__GCA_014238785.1	0.173286728172834
S__3300027685_11	S__GCA_014238785.1	0.112075491640961
S__3300027685_16	S__GCA_014238785.1	0.14237467282802
S__3300027685_31	S__GCA_014238785.1	0.186940471936683
S__3300027685_36	S__GCA_014238785.1	0.186052263864035
S__3300027687_20	S__GCA_014238785.1	0.111540998218464
S__3300027687_7	S__GCA_014238785.1	0.120051880763115
S__3300027700_13	S__GCA_014238785.1	0.136602024541101
S__3300027752_17	S__GCA_014238785.1	0.147439464423004
S__3300027771_26	S__GCA_014238785.1	0.189505485977164
S__3300027779_22	S__GCA_014238785.1	0.15349815199401
S__3300027779_26	S__GCA_014238785.1	0.131551046419833
S__3300027779_27	S__GCA_014238785.1	0.148773345210266
S__3300027780_12	S__GCA_014238785.1	0.184360675902543
S__3300027788_10	S__GCA_014238785.1	0.160128873079439
S__3300027791_27	S__GCA_014238785.1	0.134335594979071
S__3300027801_21	S__GCA_014238785.1	0.198633960022423
S__3300027801_7	S__GCA_014238785.1	0.162535692089703
S__3300027810_12	S__GCA_014238785.1	0.141538060677333
S__3300027827_16	S__GCA_014238785.1	0.178084066408952
S__3300027838_66	S__GCA_014238785.1	0.198827018293569
S__3300027838_7	S__GCA_014238785.1	0.220574836462557
S__3300027844_42	S__GCA_014238785.1	0.153435881339769
S__3300027844_60	S__GCA_014238785.1	0.108781910899842
S__3300027844_72	S__GCA_014238785.1	0.20939010482605
S__3300027844_79	S__GCA_014238785.1	0.201294332709017
S__3300027847_13	S__GCA_014238785.1	0.229539862696247
S__3300027847_4	S__GCA_014238785.1	0.118538549939407
S__3300027847_80	S__GCA_014238785.1	0.149787671721398
S__3300027849_41	S__GCA_014238785.1	0.171586937575982
S__3300027883_17	S__GCA_014238785.1	0.116636599177998
S__3300027997_10	S__GCA_014238785.1	0.152210395780894
S__GCA_000213395.2	S__GCA_014238785.1	0.197425868142407
S__GCA_000383355.1	S__GCA_014238785.1	0.164800311784077
S__GCA_000402075.1	S__GCA_014238785.1	0.118833315929259
S__GCA_001437625.1	S__GCA_014238785.1	0.121838074157918
S__GCA_001542995.1	S__GCA_014238785.1	0.127654884736688
S__GCA_001543015.1	S__GCA_014238785.1	0.11513751835373
S__GCA_001643555.1	S__GCA_014238785.1	0.141372389222169
S__GCA_002082295.1	S__GCA_014238785.1	0.141130337781793
S__GCA_002168195.1	S__GCA_014238785.1	0.11250730511889
S__GCA_002313235.1	S__GCA_014238785.1	0.131225236214741
S__GCA_002313265.1	S__GCA_014238785.1	0.128669777684224
S__GCA_002390675.1	S__GCA_014238785.1	0.136743577929025
S__GCA_002401955.1	S__GCA_014238785.1	0.175530541333967
S__GCA_002499015.1	S__GCA_014238785.1	0.167079919324212
S__GCA_002700285.1	S__GCA_014238785.1	0.116990540165436
S__GCA_002712885.1	S__GCA_014238785.1	0.151368509766637
S__GCA_002862985.1	S__GCA_014238785.1	0.208336242751454
S__GCA_003229345.1	S__GCA_014238785.1	0.179609907303422
S__GCA_003230615.1	S__GCA_014238785.1	0.170232603321631
S__GCA_003509045.1	S__GCA_014238785.1	0.150615086905017
S__GCA_003672175.1	S__GCA_014238785.1	0.108943812002188
S__GCA_004356895.1	S__GCA_014238785.1	0.15896356581039
S__GCA_008974855.1	S__GCA_014238785.1	0.122210876319435
S__GCA_009936995.1	S__GCA_014238785.1	0.133964255045721
S__GCA_009937205.1	S__GCA_014238785.1	0.173931926358337
S__GCA_012959275.1	S__GCA_014238785.1	0.170467239295521
S__GCA_012959435.1	S__GCA_014238785.1	0.123660679273784
S__GCA_012959845.1	S__GCA_014238785.1	0.151515080962024
S__GCA_012960345.1	S__GCA_014238785.1	0.108390618227248
S__GCA_012960505.1	S__GCA_014238785.1	0.164644439810683
S__GCA_012960805.1	S__GCA_014238785.1	0.165140989573463
S__GCA_012960835.1	S__GCA_014238785.1	0.247487089893604
S__GCA_012964335.1	S__GCA_014238785.1	0.166515260117255
S__GCA_012964845.1	S__GCA_014238785.1	0.125976419745395
S__GCA_012966015.1	S__GCA_014238785.1	0.154466599829333
S__GCA_012974435.1	S__GCA_014238785.1	0.125483226118284
S__GCA_013214205.1	S__GCA_014238785.1	0.165690808022906
S__GCA_013215285.1	S__GCA_014238785.1	0.141509935620635
S__GCA_013911135.1	S__GCA_014238785.1	0.126271984271489
S__GCA_014237975.1	S__GCA_014238785.1	0.212047833562505
S__GCA_014238125.1	S__GCA_014238785.1	0.12885730973391
S__GCA_014238335.1	S__GCA_014238785.1	0.191612675540802
S__3300027844_92	S__GCA_014239355.1	0.132290248395242
S__GCA_002719675.1	S__GCA_014239355.1	0.125619225124659
S__GCA_003228095.2	S__GCA_014239355.1	0.111710506572037
S__GCA_003228125.1	S__GCA_014239355.1	0.124459164196354
S__3300000179_4	S__GCA_014239685.1	0.112276866234323
S__3300001683_28	S__GCA_014239685.1	0.128787894934628
S__3300001683_31	S__GCA_014239685.1	0.122724624192851
S__3300001683_4	S__GCA_014239685.1	0.150644387887508
S__3300020389_17	S__GCA_014239685.1	0.143097129979929
S__3300020389_47	S__GCA_014239685.1	0.172620595393016
S__3300024516_18	S__GCA_014239685.1	0.113673295150223
S__3300024516_26	S__GCA_014239685.1	0.121023680350016
S__3300025690_38	S__GCA_014239685.1	0.123047521601714
S__3300025892_34	S__GCA_014239685.1	0.114814118120931
S__3300025894_53	S__GCA_014239685.1	0.108175834255368
S__3300026108_2	S__GCA_014239685.1	0.109142621655582
S__3300026119_8	S__GCA_014239685.1	0.110627661010163
S__3300026267_11	S__GCA_014239685.1	0.125093209788492
S__3300027668_18	S__GCA_014239685.1	0.125779071462955
S__3300027685_16	S__GCA_014239685.1	0.114397421556931
S__3300027685_31	S__GCA_014239685.1	0.141222851414455
S__3300027685_36	S__GCA_014239685.1	0.138189448720384
S__3300027700_13	S__GCA_014239685.1	0.113457876056469
S__3300027771_26	S__GCA_014239685.1	0.149271448543375
S__3300027779_22	S__GCA_014239685.1	0.109174326375202
S__3300027779_27	S__GCA_014239685.1	0.11163143142104
S__3300027780_12	S__GCA_014239685.1	0.136731804134696
S__3300027788_10	S__GCA_014239685.1	0.12424028484196
S__3300027801_21	S__GCA_014239685.1	0.150508324897561
S__3300027801_7	S__GCA_014239685.1	0.109162900065582
S__3300027827_16	S__GCA_014239685.1	0.126969784646474
S__3300027838_66	S__GCA_014239685.1	0.169441255186289
S__3300027838_7	S__GCA_014239685.1	0.206030039050289
S__3300027844_42	S__GCA_014239685.1	0.116344283648295
S__3300027844_72	S__GCA_014239685.1	0.173342839736429
S__3300027844_79	S__GCA_014239685.1	0.141638607863815
S__3300027847_13	S__GCA_014239685.1	0.215514178271661
S__3300027849_41	S__GCA_014239685.1	0.131997339005182
S__3300027997_10	S__GCA_014239685.1	0.121946265470593
S__GCA_000213395.2	S__GCA_014239685.1	0.175830433140141
S__GCA_000383355.1	S__GCA_014239685.1	0.129424633721468
S__GCA_001643555.1	S__GCA_014239685.1	0.116480228336652
S__GCA_002313235.1	S__GCA_014239685.1	0.113694241168115
S__GCA_002390675.1	S__GCA_014239685.1	0.109219062429588
S__GCA_002401955.1	S__GCA_014239685.1	0.133384287661417
S__GCA_002499015.1	S__GCA_014239685.1	0.117920591546232
S__GCA_002712885.1	S__GCA_014239685.1	0.129466838299188
S__GCA_002862985.1	S__GCA_014239685.1	0.167743010824863
S__GCA_003229345.1	S__GCA_014239685.1	0.145214825763153
S__GCA_003230615.1	S__GCA_014239685.1	0.141750706939486
S__GCA_003509045.1	S__GCA_014239685.1	0.115295190233435
S__GCA_004356895.1	S__GCA_014239685.1	0.124341137151057
S__GCA_009936995.1	S__GCA_014239685.1	0.108493634376026
S__GCA_009937205.1	S__GCA_014239685.1	0.129394587993165
S__GCA_012959275.1	S__GCA_014239685.1	0.143648436507565
S__GCA_012959845.1	S__GCA_014239685.1	0.121305922720275
S__GCA_012960505.1	S__GCA_014239685.1	0.124607306699086
S__GCA_012960805.1	S__GCA_014239685.1	0.119045398449717
S__GCA_012960835.1	S__GCA_014239685.1	0.226898342253817
S__GCA_012964335.1	S__GCA_014239685.1	0.120326055936011
S__GCA_012966015.1	S__GCA_014239685.1	0.124536538139419
S__GCA_013214205.1	S__GCA_014239685.1	0.132723195546885
S__GCA_014237975.1	S__GCA_014239685.1	0.197841838797366
S__GCA_014238125.1	S__GCA_014239685.1	0.108681240462382
S__GCA_014238335.1	S__GCA_014239685.1	0.150340706748335
S__GCA_014238785.1	S__GCA_014239685.1	0.191892550819753
S__3300027844_92	S__GCA_014240005.1	0.111452326522875
S__3300020389_47	S__GCA_014240055.1	0.122815490001971
S__3300027801_21	S__GCA_014240055.1	0.11026192563468
S__3300027827_16	S__GCA_014240055.1	0.111619743398088
S__3300027838_66	S__GCA_014240055.1	0.110314051764673
S__3300027838_7	S__GCA_014240055.1	0.139428094581901
S__3300027844_72	S__GCA_014240055.1	0.12063448655976
S__3300027847_13	S__GCA_014240055.1	0.14067779299116
S__GCA_000213395.2	S__GCA_014240055.1	0.131588274509119
S__GCA_002862985.1	S__GCA_014240055.1	0.131254630868675
S__GCA_012960835.1	S__GCA_014240055.1	0.16538186725562
S__GCA_014237975.1	S__GCA_014240055.1	0.158047823964658
S__GCA_014238785.1	S__GCA_014240055.1	0.139127572528287
S__GCA_014239685.1	S__GCA_014240055.1	0.123365289146102
S__3300027844_92	S__GCA_014240065.1	0.139081050082261
S__GCA_003228095.2	S__GCA_014240065.1	0.116718579767995
S__GCA_003228195.2	S__GCA_014240065.1	0.115007208148
S__3300006902_27	S__GCA_014240385.1	0.117712603899773
S__3300027839_78	S__GCA_014240385.1	0.169542247923165
S__3300027844_92	S__GCA_014240385.1	0.183384202113861
S__GCA_002311835.1	S__GCA_014240385.1	0.128826962897792
S__GCA_002341135.1	S__GCA_014240385.1	0.121517255537147
S__GCA_003228095.2	S__GCA_014240385.1	0.172237622733954
S__GCA_003228125.1	S__GCA_014240385.1	0.1397012409311
S__GCA_003228195.2	S__GCA_014240385.1	0.150234705205565
S__3300027839_78	S__GCA_014240435.1	0.120985942751359
S__3300027844_92	S__GCA_014240435.1	0.174340610021352
S__GCA_002719675.1	S__GCA_014240435.1	0.166389996910458
S__GCA_003228095.2	S__GCA_014240435.1	0.14130605191967
S__GCA_003228125.1	S__GCA_014240435.1	0.169340486435336
S__GCA_003228195.2	S__GCA_014240435.1	0.161041042086609
S__GCA_009391235.1	S__GCA_014240435.1	0.163995375329745
S__3300025673_14	S__GCA_014381415.1	0.132931439907816
S__3300027685_19	S__GCA_014381415.1	0.125058633171087
S__3300027839_78	S__GCA_014381415.1	0.139927621166403
S__3300027844_92	S__GCA_014381415.1	0.205162161157677
S__GCA_002341135.1	S__GCA_014381415.1	0.128394193652501
S__GCA_002705605.1	S__GCA_014381415.1	0.123675326136861
S__GCA_002719675.1	S__GCA_014381415.1	0.158373525682889
S__GCA_003228095.2	S__GCA_014381415.1	0.164730000645949
S__GCA_003228125.1	S__GCA_014381415.1	0.191643639090489
S__GCA_003228195.2	S__GCA_014381415.1	0.200047203771511
S__GCA_009391235.1	S__GCA_014381415.1	0.240894729161671
S__GCA_014240435.1	S__GCA_014381415.1	0.162557833842023
S__3300027706_22	S__GCA_014382345.1	0.119294881526672
S__3300027844_92	S__GCA_014382585.1	0.108797927181007
S__3300020389_47	S__GCA_014382645.1	0.119902789386513
S__3300027779_27	S__GCA_014382645.1	0.119157612727142
S__3300027838_66	S__GCA_014382645.1	0.112611879604596
S__3300027838_7	S__GCA_014382645.1	0.110772981128454
S__3300027847_13	S__GCA_014382645.1	0.119692617325571
S__GCA_012960835.1	S__GCA_014382645.1	0.112026396420716
S__3300000179_4	S__GCA_014384445.1	0.131104640113019
S__3300001683_21	S__GCA_014384445.1	0.118781673094175
S__3300001683_28	S__GCA_014384445.1	0.159986093101659
S__3300001683_31	S__GCA_014384445.1	0.155512086395608
S__3300001683_4	S__GCA_014384445.1	0.178032817433753
S__3300020187_18	S__GCA_014384445.1	0.127274499426033
S__3300020263_16	S__GCA_014384445.1	0.119490363084577
S__3300020303_5	S__GCA_014384445.1	0.126208282976032
S__3300020389_17	S__GCA_014384445.1	0.168393236007647
S__3300020389_47	S__GCA_014384445.1	0.193298443831798
S__3300022920_20	S__GCA_014384445.1	0.158298252071176
S__3300024058_15	S__GCA_014384445.1	0.114768102350459
S__3300024516_18	S__GCA_014384445.1	0.132214380196749
S__3300024516_26	S__GCA_014384445.1	0.152205054739781
S__3300025276_12	S__GCA_014384445.1	0.115804788391658
S__3300025690_38	S__GCA_014384445.1	0.109388214801054
S__3300025892_34	S__GCA_014384445.1	0.129743260996251
S__3300025894_53	S__GCA_014384445.1	0.146662422606663
S__3300026087_14	S__GCA_014384445.1	0.117813436026616
S__3300026108_2	S__GCA_014384445.1	0.125613453268143
S__3300026108_4	S__GCA_014384445.1	0.1217659387397
S__3300026119_8	S__GCA_014384445.1	0.135119599177798
S__3300026253_8	S__GCA_014384445.1	0.128074234778839
S__3300026264_29	S__GCA_014384445.1	0.136403406319512
S__3300026267_11	S__GCA_014384445.1	0.140716043004627
S__3300027668_18	S__GCA_014384445.1	0.181450634269832
S__3300027685_11	S__GCA_014384445.1	0.119044592871496
S__3300027685_16	S__GCA_014384445.1	0.141702032748301
S__3300027685_31	S__GCA_014384445.1	0.187540749453007
S__3300027685_36	S__GCA_014384445.1	0.177644573743141
S__3300027687_20	S__GCA_014384445.1	0.114581242438006
S__3300027687_7	S__GCA_014384445.1	0.133027868712672
S__3300027700_13	S__GCA_014384445.1	0.123449433979255
S__3300027752_17	S__GCA_014384445.1	0.134586994905388
S__3300027771_26	S__GCA_014384445.1	0.166964882696056
S__3300027779_22	S__GCA_014384445.1	0.144351810132852
S__3300027779_26	S__GCA_014384445.1	0.154597204015071
S__3300027779_27	S__GCA_014384445.1	0.175112054244208
S__3300027780_12	S__GCA_014384445.1	0.182412643716207
S__3300027788_10	S__GCA_014384445.1	0.173369011705495
S__3300027791_27	S__GCA_014384445.1	0.133702218785626
S__3300027801_21	S__GCA_014384445.1	0.179709527800722
S__3300027801_7	S__GCA_014384445.1	0.160275182979606
S__3300027810_12	S__GCA_014384445.1	0.15150449117457
S__3300027827_16	S__GCA_014384445.1	0.151586226096067
S__3300027838_66	S__GCA_014384445.1	0.205007522093335
S__3300027838_7	S__GCA_014384445.1	0.206245381330743
S__3300027844_42	S__GCA_014384445.1	0.167533283510324
S__3300027844_60	S__GCA_014384445.1	0.119861935007103
S__3300027844_72	S__GCA_014384445.1	0.197998826633881
S__3300027844_79	S__GCA_014384445.1	0.17636902166099
S__3300027847_13	S__GCA_014384445.1	0.217312150458184
S__3300027847_4	S__GCA_014384445.1	0.113522818598159
S__3300027847_80	S__GCA_014384445.1	0.142608288832839
S__3300027849_41	S__GCA_014384445.1	0.188416675751534
S__3300027883_17	S__GCA_014384445.1	0.122539092261165
S__3300027997_10	S__GCA_014384445.1	0.131457150161193
S__GCA_000213395.2	S__GCA_014384445.1	0.176748569217976
S__GCA_000383355.1	S__GCA_014384445.1	0.162448411135537
S__GCA_000402075.1	S__GCA_014384445.1	0.115529145049692
S__GCA_001437625.1	S__GCA_014384445.1	0.119546615416626
S__GCA_001542995.1	S__GCA_014384445.1	0.11639637631011
S__GCA_001643555.1	S__GCA_014384445.1	0.133550217510443
S__GCA_002082295.1	S__GCA_014384445.1	0.140243832848723
S__GCA_002313235.1	S__GCA_014384445.1	0.12301911536032
S__GCA_002313265.1	S__GCA_014384445.1	0.11881742550372
S__GCA_002390675.1	S__GCA_014384445.1	0.135023196078851
S__GCA_002401955.1	S__GCA_014384445.1	0.159282541850196
S__GCA_002499015.1	S__GCA_014384445.1	0.160867670719817
S__GCA_002505495.1	S__GCA_014384445.1	0.12438423003887
S__GCA_002712885.1	S__GCA_014384445.1	0.144606697247719
S__GCA_002862985.1	S__GCA_014384445.1	0.1833884792434
S__GCA_003229345.1	S__GCA_014384445.1	0.171735581594058
S__GCA_003230615.1	S__GCA_014384445.1	0.149834487670842
S__GCA_003509045.1	S__GCA_014384445.1	0.134020100906161
S__GCA_004195515.1	S__GCA_014384445.1	0.111809637793895
S__GCA_004356895.1	S__GCA_014384445.1	0.157173269087272
S__GCA_008974855.1	S__GCA_014384445.1	0.114770782298423
S__GCA_009936995.1	S__GCA_014384445.1	0.132721494405394
S__GCA_009937205.1	S__GCA_014384445.1	0.146330202197303
S__GCA_012959275.1	S__GCA_014384445.1	0.164757080170865
S__GCA_012959435.1	S__GCA_014384445.1	0.136214601158627
S__GCA_012959845.1	S__GCA_014384445.1	0.158175934821921
S__GCA_012960505.1	S__GCA_014384445.1	0.136323246636793
S__GCA_012960805.1	S__GCA_014384445.1	0.143354172061674
S__GCA_012960835.1	S__GCA_014384445.1	0.225163164624355
S__GCA_012964335.1	S__GCA_014384445.1	0.152177872384296
S__GCA_012964845.1	S__GCA_014384445.1	0.120168446811255
S__GCA_012965955.1	S__GCA_014384445.1	0.114159730500224
S__GCA_012966015.1	S__GCA_014384445.1	0.154456898824204
S__GCA_012974435.1	S__GCA_014384445.1	0.127847489698504
S__GCA_013214205.1	S__GCA_014384445.1	0.146607591853577
S__GCA_013215285.1	S__GCA_014384445.1	0.131070805432584
S__GCA_013911135.1	S__GCA_014384445.1	0.112425288011042
S__GCA_014237975.1	S__GCA_014384445.1	0.19167307910153
S__GCA_014238125.1	S__GCA_014384445.1	0.112694110042694
S__GCA_014238335.1	S__GCA_014384445.1	0.16173068473444
S__GCA_014238785.1	S__GCA_014384445.1	0.204261803655987
S__GCA_014239685.1	S__GCA_014384445.1	0.174941481758969
S__GCA_014240055.1	S__GCA_014384445.1	0.116141204822332
S__GCA_014382645.1	S__GCA_014384445.1	0.119894144676035
S__3300001683_28	S__GCA_014384505.1	0.116233707186053
S__3300020187_18	S__GCA_014384505.1	0.110362326789003
S__3300020263_16	S__GCA_014384505.1	0.122498479076371
S__3300020389_17	S__GCA_014384505.1	0.108259076625565
S__3300020389_47	S__GCA_014384505.1	0.118616524381728
S__3300026253_8	S__GCA_014384505.1	0.146786406446304
S__3300027752_17	S__GCA_014384505.1	0.12406918638833
S__3300027779_22	S__GCA_014384505.1	0.158681937584365
S__3300027791_27	S__GCA_014384505.1	0.11572323419743
S__3300027801_21	S__GCA_014384505.1	0.133971774766186
S__3300027827_16	S__GCA_014384505.1	0.108128767684652
S__3300027838_66	S__GCA_014384505.1	0.129943430918583
S__3300027838_7	S__GCA_014384505.1	0.13500032081087
S__3300027844_72	S__GCA_014384505.1	0.11202066725739
S__3300027844_79	S__GCA_014384505.1	0.115324149602232
S__3300027847_13	S__GCA_014384505.1	0.140955951021324
S__GCA_000213395.2	S__GCA_014384505.1	0.134549567716917
S__GCA_001437625.1	S__GCA_014384505.1	0.130796776908511
S__GCA_002862985.1	S__GCA_014384505.1	0.133369289141853
S__GCA_012960805.1	S__GCA_014384505.1	0.136326010491391
S__GCA_012960835.1	S__GCA_014384505.1	0.165387939303031
S__GCA_012964335.1	S__GCA_014384505.1	0.147796484057867
S__GCA_014237975.1	S__GCA_014384505.1	0.121595235195068
S__GCA_014238785.1	S__GCA_014384505.1	0.132374266677471
S__GCA_014384445.1	S__GCA_014384505.1	0.126157106378014
S__3300025661_25	S__GCA_014764495.1	0.117178258683029
S__GCA_001773955.1	S__GCA_014764495.1	0.111947458825774
S__GCA_003527405.1	S__GCA_014764495.1	0.14752855793679
S__GCA_004377275.1	S__GCA_014764495.1	0.119134148348564
S__GCA_013203065.1	S__GCA_014764495.1	0.128970971626841
S__GCA_013619005.1	S__GCA_014764495.1	0.135208115961514
S__3300024433_34	S__GCA_014894735.1	0.121614710298348
S__3300025661_25	S__GCA_014894735.1	0.213930194425297
S__GCA_001773955.1	S__GCA_014894735.1	0.152162035881815
S__GCA_003451675.1	S__GCA_014894735.1	0.129565636613697
S__GCA_003527405.1	S__GCA_014894735.1	0.219954084652132
S__GCA_004377275.1	S__GCA_014894735.1	0.156959500741141
S__GCA_012974475.1	S__GCA_014894735.1	0.134475239138189
S__GCA_013139195.1	S__GCA_014894735.1	0.150179467866796
S__GCA_013139435.1	S__GCA_014894735.1	0.140518174956325
S__GCA_013139935.1	S__GCA_014894735.1	0.135618444720791
S__GCA_013202965.1	S__GCA_014894735.1	0.177347876016211
S__GCA_013203065.1	S__GCA_014894735.1	0.149406835350614
S__GCA_013619005.1	S__GCA_014894735.1	0.216072819991181
S__GCA_014764495.1	S__GCA_014894735.1	0.108429550537898
S__GCA_000405345.1	S__GCA_015222065.1	0.117596649189302
S__GCA_003575245.1	S__GCA_015222065.1	0.140055387095684
S__GCA_005223125.1	S__GCA_015222065.1	0.111994032166586
S__GCA_009619015.1	S__GCA_015222065.1	0.110325426204025
S__GCA_012974295.1	S__GCA_015222065.1	0.109993236655651
S__GCA_013138755.1	S__GCA_015222065.1	0.128614575687089
S__3300025661_25	S__GCA_015223015.1	0.195230589593629
S__GCA_003451675.1	S__GCA_015223015.1	0.124650509190625
S__GCA_003527405.1	S__GCA_015223015.1	0.240911901581621
S__GCA_004377275.1	S__GCA_015223015.1	0.136802688138621
S__GCA_012974475.1	S__GCA_015223015.1	0.146217754505433
S__GCA_013139195.1	S__GCA_015223015.1	0.138372095238385
S__GCA_013139435.1	S__GCA_015223015.1	0.127347460968845
S__GCA_013202965.1	S__GCA_015223015.1	0.161819080684078
S__GCA_013619005.1	S__GCA_015223015.1	0.199848206641721
S__GCA_014894735.1	S__GCA_015223015.1	0.126403364669673
S__3300027685_19	S__GCA_015658495.1	0.160647588149902
S__3300027839_78	S__GCA_015658495.1	0.132532229082572
S__3300027844_92	S__GCA_015658495.1	0.192135350695371
S__GCA_002341135.1	S__GCA_015658495.1	0.126307173367049
S__GCA_002705605.1	S__GCA_015658495.1	0.149013643327818
S__GCA_002719675.1	S__GCA_015658495.1	0.110936684440679
S__GCA_003228095.2	S__GCA_015658495.1	0.156221803117669
S__GCA_003228125.1	S__GCA_015658495.1	0.151439751054755
S__GCA_003228195.2	S__GCA_015658495.1	0.183570195848856
S__GCA_004213215.1	S__GCA_015658495.1	0.127272882351675
S__GCA_009391235.1	S__GCA_015658495.1	0.17090534494985
S__GCA_014381415.1	S__GCA_015658495.1	0.167839053389143
S__GCA_012960835.1	S__GCA_015659035.1	0.118850582889924
S__3300001683_28	S__GCA_015659595.1	0.126537419377666
S__3300001683_4	S__GCA_015659595.1	0.138825867709058
S__3300020389_17	S__GCA_015659595.1	0.133249104211534
S__3300020389_47	S__GCA_015659595.1	0.152376101630867
S__3300027685_31	S__GCA_015659595.1	0.122672320248513
S__3300027779_22	S__GCA_015659595.1	0.133539239598717
S__3300027780_12	S__GCA_015659595.1	0.113669752460105
S__3300027801_21	S__GCA_015659595.1	0.152692522480158
S__3300027838_66	S__GCA_015659595.1	0.15711931675333
S__3300027838_7	S__GCA_015659595.1	0.178799264951842
S__3300027844_72	S__GCA_015659595.1	0.143892981887975
S__3300027844_79	S__GCA_015659595.1	0.12922145702132
S__3300027847_13	S__GCA_015659595.1	0.190589330415608
S__3300027849_41	S__GCA_015659595.1	0.114062610639655
S__GCA_000213395.2	S__GCA_015659595.1	0.165274876977888
S__GCA_002862985.1	S__GCA_015659595.1	0.158330712766948
S__GCA_012960805.1	S__GCA_015659595.1	0.120694106338492
S__GCA_012960835.1	S__GCA_015659595.1	0.20692447940902
S__GCA_012964335.1	S__GCA_015659595.1	0.139295109455119
S__GCA_014237975.1	S__GCA_015659595.1	0.161591546375899
S__GCA_014238785.1	S__GCA_015659595.1	0.166650752140115
S__GCA_014239685.1	S__GCA_015659595.1	0.129619116971662
S__GCA_014384445.1	S__GCA_015659595.1	0.156129555104533
S__GCA_002691505.1	S__GCA_015665265.1	0.144018614215382
S__3300006913_8	S__GCA_016187325.1	0.132403133709707
S__GCA_002781745.1	S__GCA_016187325.1	0.128657489234168
S__GCA_009377445.1	S__GCA_016187325.1	0.18218885120084
S__3300006913_8	S__GCA_016201285.1	0.141514298942057
S__GCA_003695865.1	S__GCA_016201285.1	0.141718108182576
S__GCA_006969625.1	S__GCA_016201285.1	0.162763288893763
S__GCA_013821475.1	S__GCA_016201285.1	0.141902842352453
S__GCA_011774835.1	S__GCA_016209145.1	0.118646702242795
S__GCA_009380075.1	S__GCA_016210895.1	0.115668049202133
S__GCA_009885795.1	S__GCA_016210895.1	0.108876673030333
S__3300027706_22	S__GCA_016213125.1	0.109610870409242
S__GCA_002781745.1	S__GCA_016213125.1	0.160990730841039
S__GCA_009377445.1	S__GCA_016213125.1	0.224468432600721
S__3300020263_16	S__GCA_016276965.1	0.116989581521094
S__3300026253_8	S__GCA_016276965.1	0.124567622726709
S__3300027752_17	S__GCA_016276965.1	0.126881208075095
S__3300027779_22	S__GCA_016276965.1	0.14732114364162
S__3300027801_21	S__GCA_016276965.1	0.125837529858845
S__3300027838_7	S__GCA_016276965.1	0.11562419749833
S__3300027847_13	S__GCA_016276965.1	0.119882878685993
S__GCA_000213395.2	S__GCA_016276965.1	0.119041553764017
S__GCA_002862985.1	S__GCA_016276965.1	0.117160805065657
S__GCA_012960805.1	S__GCA_016276965.1	0.130751709415273
S__GCA_012960835.1	S__GCA_016276965.1	0.147240410851491
S__GCA_012964335.1	S__GCA_016276965.1	0.121765347407544
S__GCA_014238785.1	S__GCA_016276965.1	0.110836116224937
S__3300020389_47	S__GCA_016776815.1	0.121117510508363
S__3300027801_21	S__GCA_016776815.1	0.1093170610852
S__3300027838_66	S__GCA_016776815.1	0.114985413393312
S__3300027838_7	S__GCA_016776815.1	0.143873023204695
S__3300027844_72	S__GCA_016776815.1	0.124026528053554
S__3300027847_13	S__GCA_016776815.1	0.148172519379737
S__GCA_000213395.2	S__GCA_016776815.1	0.128460295983624
S__GCA_002862985.1	S__GCA_016776815.1	0.133423838156762
S__GCA_012960835.1	S__GCA_016776815.1	0.166382127419113
S__GCA_014237975.1	S__GCA_016776815.1	0.153056767136326
S__GCA_014238785.1	S__GCA_016776815.1	0.146264459255273
S__GCA_014239685.1	S__GCA_016776815.1	0.127642656981543
S__GCA_014384445.1	S__GCA_016776815.1	0.121512832650575
S__3300020469_71	S__GCA_016777095.1	0.115318845682014
S__GCA_015665265.1	S__GCA_016777095.1	0.155908935604684
S__GCA_003457335.1	S__GCA_016777125.1	0.121609806627429
S__GCA_009886595.1	S__GCA_016777125.1	0.11479495061988
S__GCA_009937025.1	S__GCA_016777125.1	0.151527615922935
S__3300020389_17	S__GCA_016777225.1	0.112026329558521
S__3300027801_21	S__GCA_016777225.1	0.131556569820428
S__3300027827_16	S__GCA_016777225.1	0.18810548056809
S__3300027838_7	S__GCA_016777225.1	0.118673957450911
S__3300027847_13	S__GCA_016777225.1	0.118247989303592
S__GCA_000213395.2	S__GCA_016777225.1	0.132196150034477
S__GCA_002862985.1	S__GCA_016777225.1	0.150592759357163
S__GCA_009937205.1	S__GCA_016777225.1	0.148384473391388
S__GCA_012960805.1	S__GCA_016777225.1	0.142073649732172
S__GCA_012960835.1	S__GCA_016777225.1	0.162437795498059
S__GCA_014237975.1	S__GCA_016777225.1	0.132312866647003
S__GCA_014238785.1	S__GCA_016777225.1	0.127060420904894
S__3300020385_31	S__GCA_016777265.1	0.11682027938087
S__GCA_004212795.1	S__GCA_016777365.1	0.110530843824506
S__GCA_016777005.1	S__GCA_016777365.1	0.110691834563514
S__GCA_003457335.1	S__GCA_016777625.1	0.11139643043659
S__GCA_009937025.1	S__GCA_016777625.1	0.119364007404631
S__GCA_003457335.1	S__GCA_016779765.1	0.147083284463499
S__GCA_009886595.1	S__GCA_016779765.1	0.129984627925392
S__GCA_009887215.1	S__GCA_016779765.1	0.128663981069457
S__GCA_009937025.1	S__GCA_016779765.1	0.164768008910801
S__GCA_016777125.1	S__GCA_016779765.1	0.1415817148492
S__3300024433_34	S__GCA_016783105.1	0.112343583882876
S__GCA_004377275.1	S__GCA_016783105.1	0.154089542402567
S__GCA_012974475.1	S__GCA_016783105.1	0.115554722406586
S__GCA_013139435.1	S__GCA_016783105.1	0.148512220701965
S__GCA_013202615.1	S__GCA_016783105.1	0.123228151841404
S__GCA_013203065.1	S__GCA_016783105.1	0.113458714835629
S__GCA_013619005.1	S__GCA_016783105.1	0.111511647482921
S__3300024353_106	S__GCA_016783455.1	0.126754401710608
S__3300024353_29	S__GCA_016783455.1	0.144360452700268
S__3300024353_49	S__GCA_016783455.1	0.118998090966001
S__3300024433_34	S__GCA_016783455.1	0.165149888271124
S__GCA_003527405.1	S__GCA_016783455.1	0.128030926798148
S__GCA_003575245.1	S__GCA_016783455.1	0.118371254497075
S__GCA_004377275.1	S__GCA_016783455.1	0.193978763950978
S__GCA_009619015.1	S__GCA_016783455.1	0.166944434577375
S__GCA_012974295.1	S__GCA_016783455.1	0.123515363264741
S__GCA_012974475.1	S__GCA_016783455.1	0.172910629941235
S__GCA_013138755.1	S__GCA_016783455.1	0.13343881142526
S__GCA_013139435.1	S__GCA_016783455.1	0.206071990585758
S__GCA_013202615.1	S__GCA_016783455.1	0.127351925237698
S__GCA_013202965.1	S__GCA_016783455.1	0.113773084722634
S__GCA_013619005.1	S__GCA_016783455.1	0.146685992866255
S__GCA_015223015.1	S__GCA_016783455.1	0.108559023256141
S__GCA_016783105.1	S__GCA_016783455.1	0.108001353318714
S__3300025661_25	S__GCA_016783945.1	0.167114966118517
S__GCA_001773955.1	S__GCA_016783945.1	0.108276980069977
S__GCA_003527405.1	S__GCA_016783945.1	0.205048179710977
S__GCA_004377275.1	S__GCA_016783945.1	0.11985938935123
S__GCA_012974475.1	S__GCA_016783945.1	0.12113284591
S__GCA_013139195.1	S__GCA_016783945.1	0.118835814383751
S__GCA_013202965.1	S__GCA_016783945.1	0.136155208192394
S__GCA_013203065.1	S__GCA_016783945.1	0.116980941959984
S__GCA_013619005.1	S__GCA_016783945.1	0.172614595530756
S__GCA_014764495.1	S__GCA_016783945.1	0.113053090318677
S__GCA_014894735.1	S__GCA_016783945.1	0.12065766183222
S__GCA_015223015.1	S__GCA_016783945.1	0.12098625457558
S__3300027706_22	S__GCA_016784625.1	0.1161110709254
S__3300027779_22	S__GCA_016838825.1	0.111571336030711
S__3300027801_21	S__GCA_016838825.1	0.10882036245672
S__3300027847_13	S__GCA_016838825.1	0.110099782560106
S__GCA_012960835.1	S__GCA_016838825.1	0.136232844645013
S__3300021511_7	S__GCA_016840385.1	0.109779232292171
S__3300024433_34	S__GCA_016840385.1	0.126189503539919
S__3300025661_25	S__GCA_016840385.1	0.128766330112607
S__GCA_001773955.1	S__GCA_016840385.1	0.124537201556768
S__GCA_003527405.1	S__GCA_016840385.1	0.154142719392532
S__GCA_004377275.1	S__GCA_016840385.1	0.165903818905946
S__GCA_009619015.1	S__GCA_016840385.1	0.108667837771809
S__GCA_012974475.1	S__GCA_016840385.1	0.145853806613609
S__GCA_013139435.1	S__GCA_016840385.1	0.155424062517503
S__GCA_013139935.1	S__GCA_016840385.1	0.114150945826715
S__GCA_013202615.1	S__GCA_016840385.1	0.125745423646453
S__GCA_013202965.1	S__GCA_016840385.1	0.124389659178331
S__GCA_013203065.1	S__GCA_016840385.1	0.16566455954805
S__GCA_013619005.1	S__GCA_016840385.1	0.153492208053892
S__GCA_014764495.1	S__GCA_016840385.1	0.136497054356013
S__GCA_014894735.1	S__GCA_016840385.1	0.123466119593328
S__GCA_016783105.1	S__GCA_016840385.1	0.111231694280547
S__GCA_016783945.1	S__GCA_016840385.1	0.118037831346748
S__GCA_009380075.1	S__GCA_016869145.1	0.219864064435817
S__3300020373_18	S__GCA_016869275.1	0.162251892703558
S__3300027706_22	S__GCA_016869275.1	0.205695611086033
S__GCA_005880075.1	S__GCA_016869275.1	0.109526326928779
S__GCA_011523425.1	S__GCA_016869275.1	0.110900211587826
S__3300027706_22	S__GCA_016869515.1	0.119044627019434
S__GCA_009377445.1	S__GCA_016869515.1	0.116220998483067
S__3300006913_7	S__GCA_016872535.1	0.109010159725814
S__3300027844_92	S__GCA_017854045.1	0.120794655486468
S__GCA_004375715.1	S__GCA_018238625.1	0.112033909497784
S__GCA_005222975.1	S__GCA_018238625.1	0.126734252755747
S__GCA_005223125.1	S__GCA_018238625.1	0.160207356287992
S__GCA_013138755.1	S__GCA_018238625.1	0.10987620472421
S__GCA_013375475.1	S__GCA_018238625.1	0.275256442995205
S__GCA_013375485.1	S__GCA_018238625.1	0.32484727590351
S__GCA_013375495.1	S__GCA_018238625.1	0.284591464839149
S__GCA_016195145.1	S__GCA_018606725.1	0.165303258227716
S__3300000179_4	S__GCA_018645865.1	0.132169803501035
S__3300001683_21	S__GCA_018645865.1	0.108548103005424
S__3300001683_28	S__GCA_018645865.1	0.148078822521262
S__3300001683_31	S__GCA_018645865.1	0.146013600079034
S__3300001683_4	S__GCA_018645865.1	0.172190693026922
S__3300020187_18	S__GCA_018645865.1	0.111872339956532
S__3300020263_16	S__GCA_018645865.1	0.11332917121152
S__3300020303_5	S__GCA_018645865.1	0.12969051463812
S__3300020389_17	S__GCA_018645865.1	0.165938239669955
S__3300020389_47	S__GCA_018645865.1	0.191706012652923
S__3300022920_20	S__GCA_018645865.1	0.138900280491095
S__3300024516_18	S__GCA_018645865.1	0.12527416194829
S__3300024516_26	S__GCA_018645865.1	0.142828395315205
S__3300025623_36	S__GCA_018645865.1	0.116112553129735
S__3300025690_38	S__GCA_018645865.1	0.112773869109294
S__3300025892_34	S__GCA_018645865.1	0.13657929234455
S__3300025894_53	S__GCA_018645865.1	0.126668589410661
S__3300026108_2	S__GCA_018645865.1	0.120099443158401
S__3300026108_4	S__GCA_018645865.1	0.117649735333111
S__3300026119_8	S__GCA_018645865.1	0.124211350370923
S__3300026253_8	S__GCA_018645865.1	0.119500436636432
S__3300026264_29	S__GCA_018645865.1	0.126879522452278
S__3300026267_11	S__GCA_018645865.1	0.142925229669818
S__3300027668_18	S__GCA_018645865.1	0.16870176173131
S__3300027685_11	S__GCA_018645865.1	0.113198952971351
S__3300027685_16	S__GCA_018645865.1	0.133370516101166
S__3300027685_31	S__GCA_018645865.1	0.16952617401251
S__3300027685_36	S__GCA_018645865.1	0.170261722150659
S__3300027687_7	S__GCA_018645865.1	0.119814359038739
S__3300027700_13	S__GCA_018645865.1	0.118724834836176
S__3300027752_17	S__GCA_018645865.1	0.123319124114838
S__3300027771_26	S__GCA_018645865.1	0.164038067937915
S__3300027779_22	S__GCA_018645865.1	0.128860298511368
S__3300027779_26	S__GCA_018645865.1	0.128900888225908
S__3300027779_27	S__GCA_018645865.1	0.150500400507322
S__3300027780_12	S__GCA_018645865.1	0.168450712790033
S__3300027788_10	S__GCA_018645865.1	0.150892278835988
S__3300027791_27	S__GCA_018645865.1	0.116375022942258
S__3300027801_21	S__GCA_018645865.1	0.169751514735085
S__3300027801_7	S__GCA_018645865.1	0.138634508184086
S__3300027810_12	S__GCA_018645865.1	0.124826777114895
S__3300027827_16	S__GCA_018645865.1	0.145774307382131
S__3300027838_66	S__GCA_018645865.1	0.196113528547445
S__3300027838_7	S__GCA_018645865.1	0.217025177368106
S__3300027844_42	S__GCA_018645865.1	0.140562607331336
S__3300027844_72	S__GCA_018645865.1	0.185200814196221
S__3300027844_79	S__GCA_018645865.1	0.161043444941038
S__3300027847_13	S__GCA_018645865.1	0.226599744970322
S__3300027847_4	S__GCA_018645865.1	0.1080322606492
S__3300027847_80	S__GCA_018645865.1	0.126377197229734
S__3300027849_41	S__GCA_018645865.1	0.166756723997137
S__3300027997_10	S__GCA_018645865.1	0.129139559111369
S__GCA_000213395.2	S__GCA_018645865.1	0.180282107243181
S__GCA_000383355.1	S__GCA_018645865.1	0.148025484905372
S__GCA_000402075.1	S__GCA_018645865.1	0.117318724089871
S__GCA_001542995.1	S__GCA_018645865.1	0.116029167373357
S__GCA_001643555.1	S__GCA_018645865.1	0.130802373890476
S__GCA_002082295.1	S__GCA_018645865.1	0.127244430297972
S__GCA_002313235.1	S__GCA_018645865.1	0.11933855773373
S__GCA_002313265.1	S__GCA_018645865.1	0.119438232384061
S__GCA_002390675.1	S__GCA_018645865.1	0.127648693386365
S__GCA_002401955.1	S__GCA_018645865.1	0.158307686595418
S__GCA_002499015.1	S__GCA_018645865.1	0.139169859814104
S__GCA_002505495.1	S__GCA_018645865.1	0.109345862890751
S__GCA_002712885.1	S__GCA_018645865.1	0.136959687462239
S__GCA_002862985.1	S__GCA_018645865.1	0.175638960752031
S__GCA_003229345.1	S__GCA_018645865.1	0.160498117242318
S__GCA_003230615.1	S__GCA_018645865.1	0.145137321119501
S__GCA_003509045.1	S__GCA_018645865.1	0.141942352536505
S__GCA_004356895.1	S__GCA_018645865.1	0.146395177561287
S__GCA_009936995.1	S__GCA_018645865.1	0.116808585709475
S__GCA_009937205.1	S__GCA_018645865.1	0.144255750779112
S__GCA_012959275.1	S__GCA_018645865.1	0.146784354272774
S__GCA_012959435.1	S__GCA_018645865.1	0.117065418377364
S__GCA_012959845.1	S__GCA_018645865.1	0.136991861232344
S__GCA_012960505.1	S__GCA_018645865.1	0.133371392197188
S__GCA_012960805.1	S__GCA_018645865.1	0.133698419328044
S__GCA_012960835.1	S__GCA_018645865.1	0.233414673195244
S__GCA_012964335.1	S__GCA_018645865.1	0.137221820141305
S__GCA_012964845.1	S__GCA_018645865.1	0.116665695676025
S__GCA_012966015.1	S__GCA_018645865.1	0.139817307721228
S__GCA_012974435.1	S__GCA_018645865.1	0.122261437002857
S__GCA_013214205.1	S__GCA_018645865.1	0.146979932741269
S__GCA_013215285.1	S__GCA_018645865.1	0.119064905905855
S__GCA_013911135.1	S__GCA_018645865.1	0.108952676174535
S__GCA_014237975.1	S__GCA_018645865.1	0.20660825395406
S__GCA_014238125.1	S__GCA_018645865.1	0.112517135678622
S__GCA_014238335.1	S__GCA_018645865.1	0.156841861003135
S__GCA_014238785.1	S__GCA_018645865.1	0.202936674730978
S__GCA_014239685.1	S__GCA_018645865.1	0.168547242017261
S__GCA_014240055.1	S__GCA_018645865.1	0.122480711172299
S__GCA_014384445.1	S__GCA_018645865.1	0.198144647481997
S__GCA_014384505.1	S__GCA_018645865.1	0.114286877477848
S__GCA_015659595.1	S__GCA_018645865.1	0.145694300046457
S__GCA_016776815.1	S__GCA_018645865.1	0.117610529031596
S__3300000179_4	S__GCA_018647945.1	0.142099933629121
S__3300001683_21	S__GCA_018647945.1	0.109496644199015
S__3300001683_28	S__GCA_018647945.1	0.162653496827313
S__3300001683_31	S__GCA_018647945.1	0.154117112823577
S__3300001683_4	S__GCA_018647945.1	0.1857689531572
S__3300020187_18	S__GCA_018647945.1	0.123245181966535
S__3300020263_16	S__GCA_018647945.1	0.131419650599405
S__3300020303_5	S__GCA_018647945.1	0.135366641348264
S__3300020389_17	S__GCA_018647945.1	0.183982608128466
S__3300020389_47	S__GCA_018647945.1	0.192464646030905
S__3300022920_20	S__GCA_018647945.1	0.12396018399474
S__3300024516_18	S__GCA_018647945.1	0.138733417561515
S__3300024516_26	S__GCA_018647945.1	0.149236394774577
S__3300025276_12	S__GCA_018647945.1	0.111353164272627
S__3300025623_36	S__GCA_018647945.1	0.13284549980162
S__3300025690_38	S__GCA_018647945.1	0.16266162599506
S__3300025892_34	S__GCA_018647945.1	0.157780615962685
S__3300025894_53	S__GCA_018647945.1	0.133242949077936
S__3300026080_15	S__GCA_018647945.1	0.110585923415759
S__3300026108_2	S__GCA_018647945.1	0.134295710651917
S__3300026108_4	S__GCA_018647945.1	0.140278158984159
S__3300026119_8	S__GCA_018647945.1	0.132849482847902
S__3300026253_8	S__GCA_018647945.1	0.136829654749657
S__3300026264_29	S__GCA_018647945.1	0.135680423947555
S__3300026267_11	S__GCA_018647945.1	0.170963897883231
S__3300027668_18	S__GCA_018647945.1	0.15865401458805
S__3300027685_16	S__GCA_018647945.1	0.141315471089431
S__3300027685_31	S__GCA_018647945.1	0.185549729578403
S__3300027685_36	S__GCA_018647945.1	0.184213670108763
S__3300027687_7	S__GCA_018647945.1	0.111774787691873
S__3300027700_13	S__GCA_018647945.1	0.131540080250411
S__3300027752_17	S__GCA_018647945.1	0.137744554280095
S__3300027771_26	S__GCA_018647945.1	0.188255718559272
S__3300027779_22	S__GCA_018647945.1	0.139610226906661
S__3300027779_26	S__GCA_018647945.1	0.11910961785402
S__3300027779_27	S__GCA_018647945.1	0.135144728896879
S__3300027780_12	S__GCA_018647945.1	0.173337704624683
S__3300027788_10	S__GCA_018647945.1	0.147958305670286
S__3300027791_27	S__GCA_018647945.1	0.119609845624504
S__3300027801_21	S__GCA_018647945.1	0.186614091987891
S__3300027801_7	S__GCA_018647945.1	0.141646377429016
S__3300027810_12	S__GCA_018647945.1	0.125766015871119
S__3300027827_16	S__GCA_018647945.1	0.175428533682144
S__3300027838_66	S__GCA_018647945.1	0.185411494531677
S__3300027838_7	S__GCA_018647945.1	0.214512758350609
S__3300027844_42	S__GCA_018647945.1	0.138684614570201
S__3300027844_72	S__GCA_018647945.1	0.207466435303752
S__3300027844_79	S__GCA_018647945.1	0.182620653613927
S__3300027847_13	S__GCA_018647945.1	0.219845855944649
S__3300027847_4	S__GCA_018647945.1	0.116867495312286
S__3300027847_80	S__GCA_018647945.1	0.135629235789086
S__3300027849_41	S__GCA_018647945.1	0.161537549890497
S__3300027997_10	S__GCA_018647945.1	0.157827332232285
S__GCA_000213395.2	S__GCA_018647945.1	0.193639184843158
S__GCA_000383355.1	S__GCA_018647945.1	0.160276026046462
S__GCA_000402075.1	S__GCA_018647945.1	0.116038058726971
S__GCA_001437625.1	S__GCA_018647945.1	0.108727829411461
S__GCA_001542995.1	S__GCA_018647945.1	0.135809544204619
S__GCA_001543015.1	S__GCA_018647945.1	0.124345105415319
S__GCA_001643555.1	S__GCA_018647945.1	0.138053245528247
S__GCA_002082295.1	S__GCA_018647945.1	0.135648896978626
S__GCA_002168195.1	S__GCA_018647945.1	0.138250106267161
S__GCA_002313235.1	S__GCA_018647945.1	0.134052517124464
S__GCA_002313265.1	S__GCA_018647945.1	0.129212848334856
S__GCA_002317795.1	S__GCA_018647945.1	0.108571487152749
S__GCA_002390675.1	S__GCA_018647945.1	0.137379166475442
S__GCA_002401955.1	S__GCA_018647945.1	0.182148980361786
S__GCA_002499015.1	S__GCA_018647945.1	0.147716029400853
S__GCA_002700285.1	S__GCA_018647945.1	0.129136393998368
S__GCA_002712885.1	S__GCA_018647945.1	0.151396318808948
S__GCA_002862985.1	S__GCA_018647945.1	0.200935475371987
S__GCA_003229345.1	S__GCA_018647945.1	0.177592840907481
S__GCA_003230615.1	S__GCA_018647945.1	0.16917182562458
S__GCA_003509045.1	S__GCA_018647945.1	0.157848494447515
S__GCA_003672175.1	S__GCA_018647945.1	0.117925034220267
S__GCA_004356895.1	S__GCA_018647945.1	0.152401141663401
S__GCA_008974855.1	S__GCA_018647945.1	0.115829135938949
S__GCA_009936995.1	S__GCA_018647945.1	0.122959449828545
S__GCA_009937205.1	S__GCA_018647945.1	0.178642508157742
S__GCA_012959275.1	S__GCA_018647945.1	0.176880022992395
S__GCA_012959435.1	S__GCA_018647945.1	0.11771933309824
S__GCA_012959845.1	S__GCA_018647945.1	0.149094062881882
S__GCA_012960345.1	S__GCA_018647945.1	0.126558305044242
S__GCA_012960505.1	S__GCA_018647945.1	0.169831561004986
S__GCA_012960805.1	S__GCA_018647945.1	0.156983423268502
S__GCA_012960835.1	S__GCA_018647945.1	0.245086951053873
S__GCA_012964335.1	S__GCA_018647945.1	0.152417336698506
S__GCA_012964845.1	S__GCA_018647945.1	0.120212300196906
S__GCA_012966015.1	S__GCA_018647945.1	0.146353887188615
S__GCA_012974435.1	S__GCA_018647945.1	0.121567782722767
S__GCA_013214205.1	S__GCA_018647945.1	0.189187931833489
S__GCA_013215285.1	S__GCA_018647945.1	0.133510419252018
S__GCA_013911135.1	S__GCA_018647945.1	0.125445449653036
S__GCA_014237975.1	S__GCA_018647945.1	0.2174709782663
S__GCA_014238125.1	S__GCA_018647945.1	0.138563402483851
S__GCA_014238335.1	S__GCA_018647945.1	0.182936381752783
S__GCA_014238785.1	S__GCA_018647945.1	0.214881978790352
S__GCA_014239685.1	S__GCA_018647945.1	0.197760733674268
S__GCA_014240055.1	S__GCA_018647945.1	0.165021545994559
S__GCA_014384445.1	S__GCA_018647945.1	0.191484286838814
S__GCA_014384505.1	S__GCA_018647945.1	0.120262993600911
S__GCA_015659595.1	S__GCA_018647945.1	0.153489750358163
S__GCA_016776815.1	S__GCA_018647945.1	0.161106921153736
S__GCA_016777225.1	S__GCA_018647945.1	0.140507942786027
S__GCA_018645865.1	S__GCA_018647945.1	0.198949624896552
S__3300000179_4	S__GCA_018658605.1	0.13646157369978
S__3300001683_28	S__GCA_018658605.1	0.156165019847941
S__3300001683_31	S__GCA_018658605.1	0.142354318023084
S__3300001683_4	S__GCA_018658605.1	0.174927524497952
S__3300020187_18	S__GCA_018658605.1	0.116741632770237
S__3300020263_16	S__GCA_018658605.1	0.12851777310227
S__3300020303_5	S__GCA_018658605.1	0.129872268476001
S__3300020389_17	S__GCA_018658605.1	0.176980571524812
S__3300020389_47	S__GCA_018658605.1	0.187189696452086
S__3300022920_20	S__GCA_018658605.1	0.114332738014593
S__3300024516_18	S__GCA_018658605.1	0.132983373214906
S__3300024516_26	S__GCA_018658605.1	0.141511667480003
S__3300025623_36	S__GCA_018658605.1	0.122714437149918
S__3300025690_38	S__GCA_018658605.1	0.146484028681215
S__3300025892_34	S__GCA_018658605.1	0.147933620660993
S__3300025894_53	S__GCA_018658605.1	0.124858899009211
S__3300026080_15	S__GCA_018658605.1	0.110005158827871
S__3300026108_2	S__GCA_018658605.1	0.130830645409332
S__3300026108_4	S__GCA_018658605.1	0.132634178271779
S__3300026119_8	S__GCA_018658605.1	0.125475401227258
S__3300026253_8	S__GCA_018658605.1	0.132718617708811
S__3300026264_29	S__GCA_018658605.1	0.125996360914711
S__3300026267_11	S__GCA_018658605.1	0.156478966547981
S__3300027668_18	S__GCA_018658605.1	0.151409109647473
S__3300027685_16	S__GCA_018658605.1	0.129762034889686
S__3300027685_31	S__GCA_018658605.1	0.169711802324151
S__3300027685_36	S__GCA_018658605.1	0.171627405523298
S__3300027700_13	S__GCA_018658605.1	0.123004452469584
S__3300027752_17	S__GCA_018658605.1	0.133710171816746
S__3300027771_26	S__GCA_018658605.1	0.176946495954688
S__3300027779_22	S__GCA_018658605.1	0.134568204428891
S__3300027779_26	S__GCA_018658605.1	0.108595966875357
S__3300027779_27	S__GCA_018658605.1	0.123949225023416
S__3300027780_12	S__GCA_018658605.1	0.164549099885572
S__3300027788_10	S__GCA_018658605.1	0.1361719208521
S__3300027791_27	S__GCA_018658605.1	0.112769093222405
S__3300027801_21	S__GCA_018658605.1	0.179709533888516
S__3300027801_7	S__GCA_018658605.1	0.136378563358284
S__3300027810_12	S__GCA_018658605.1	0.116283255903816
S__3300027827_16	S__GCA_018658605.1	0.170300439555531
S__3300027838_66	S__GCA_018658605.1	0.180653639148996
S__3300027838_7	S__GCA_018658605.1	0.215213142639413
S__3300027844_42	S__GCA_018658605.1	0.126879185096256
S__3300027844_72	S__GCA_018658605.1	0.191887645083977
S__3300027844_79	S__GCA_018658605.1	0.172847351755919
S__3300027847_13	S__GCA_018658605.1	0.220424079667944
S__3300027847_4	S__GCA_018658605.1	0.110762920433076
S__3300027847_80	S__GCA_018658605.1	0.128576157577051
S__3300027849_41	S__GCA_018658605.1	0.148867481097794
S__3300027997_10	S__GCA_018658605.1	0.150257721524179
S__GCA_000213395.2	S__GCA_018658605.1	0.190733405355109
S__GCA_000383355.1	S__GCA_018658605.1	0.150261741189332
S__GCA_000402075.1	S__GCA_018658605.1	0.111369670430909
S__GCA_001542995.1	S__GCA_018658605.1	0.130071830476786
S__GCA_001543015.1	S__GCA_018658605.1	0.121201978508308
S__GCA_001643555.1	S__GCA_018658605.1	0.130163597319739
S__GCA_002082295.1	S__GCA_018658605.1	0.129836691108759
S__GCA_002168195.1	S__GCA_018658605.1	0.123080647404623
S__GCA_002313235.1	S__GCA_018658605.1	0.123681368917724
S__GCA_002313265.1	S__GCA_018658605.1	0.121747890551669
S__GCA_002390675.1	S__GCA_018658605.1	0.128640797680294
S__GCA_002401955.1	S__GCA_018658605.1	0.174560387225222
S__GCA_002499015.1	S__GCA_018658605.1	0.141037534007773
S__GCA_002700285.1	S__GCA_018658605.1	0.119836237418488
S__GCA_002712885.1	S__GCA_018658605.1	0.139199275713283
S__GCA_002862985.1	S__GCA_018658605.1	0.191028458956247
S__GCA_003229345.1	S__GCA_018658605.1	0.166101035128297
S__GCA_003230615.1	S__GCA_018658605.1	0.157567153405797
S__GCA_003509045.1	S__GCA_018658605.1	0.153155715624147
S__GCA_003672175.1	S__GCA_018658605.1	0.114586903751977
S__GCA_004356895.1	S__GCA_018658605.1	0.143276192615094
S__GCA_008974855.1	S__GCA_018658605.1	0.112297398674825
S__GCA_009936995.1	S__GCA_018658605.1	0.111905400693234
S__GCA_009937205.1	S__GCA_018658605.1	0.172134123088695
S__GCA_012959275.1	S__GCA_018658605.1	0.157081141667599
S__GCA_012959845.1	S__GCA_018658605.1	0.133993344268672
S__GCA_012960345.1	S__GCA_018658605.1	0.114729908388726
S__GCA_012960505.1	S__GCA_018658605.1	0.160539419877923
S__GCA_012960805.1	S__GCA_018658605.1	0.151989508004861
S__GCA_012960835.1	S__GCA_018658605.1	0.246177772333446
S__GCA_012964335.1	S__GCA_018658605.1	0.144865976390247
S__GCA_012964845.1	S__GCA_018658605.1	0.116521972362976
S__GCA_012966015.1	S__GCA_018658605.1	0.134587265737776
S__GCA_012974435.1	S__GCA_018658605.1	0.115691402762091
S__GCA_013214205.1	S__GCA_018658605.1	0.172713476430741
S__GCA_013215285.1	S__GCA_018658605.1	0.129225915745474
S__GCA_013911135.1	S__GCA_018658605.1	0.122295133869545
S__GCA_014237975.1	S__GCA_018658605.1	0.216614108716344
S__GCA_014238125.1	S__GCA_018658605.1	0.126483873989027
S__GCA_014238335.1	S__GCA_018658605.1	0.171228102038041
S__GCA_014238785.1	S__GCA_018658605.1	0.215494199046764
S__GCA_014239685.1	S__GCA_018658605.1	0.181013183413139
S__GCA_014240055.1	S__GCA_018658605.1	0.151604798155623
S__GCA_014384445.1	S__GCA_018658605.1	0.187813853205553
S__GCA_014384505.1	S__GCA_018658605.1	0.116094313215269
S__GCA_015659595.1	S__GCA_018658605.1	0.144984565989601
S__GCA_016776815.1	S__GCA_018658605.1	0.143549235662784
S__GCA_016777225.1	S__GCA_018658605.1	0.136862264472159
S__GCA_018645865.1	S__GCA_018658605.1	0.188101571669892
S__GCA_018647945.1	S__GCA_018658605.1	0.222499378847136
S__GCA_002691505.1	S__GCA_018658685.1	0.123974787973616
S__GCA_015665265.1	S__GCA_018658685.1	0.204711207973685
S__GCA_016777095.1	S__GCA_018658685.1	0.217604223668238
S__3300027839_78	S__GCA_018659815.1	0.142650679441556
S__3300027844_92	S__GCA_018659815.1	0.169111275161165
S__GCA_002311835.1	S__GCA_018659815.1	0.108432046268155
S__GCA_002719675.1	S__GCA_018659815.1	0.116220537614581
S__GCA_003228095.2	S__GCA_018659815.1	0.146851044244655
S__GCA_003228125.1	S__GCA_018659815.1	0.152677202787903
S__GCA_003228195.2	S__GCA_018659815.1	0.134218352328527
S__3300001683_4	S__GCA_018661165.1	0.136409351812812
S__3300020389_17	S__GCA_018661165.1	0.117122965621719
S__3300020389_47	S__GCA_018661165.1	0.164228038064943
S__3300027685_31	S__GCA_018661165.1	0.132011701839703
S__3300027779_27	S__GCA_018661165.1	0.126969996525833
S__3300027780_12	S__GCA_018661165.1	0.111247085012635
S__3300027801_21	S__GCA_018661165.1	0.137195401003053
S__3300027838_66	S__GCA_018661165.1	0.172500513611444
S__3300027838_7	S__GCA_018661165.1	0.18557006716221
S__3300027844_72	S__GCA_018661165.1	0.157085085844795
S__3300027844_79	S__GCA_018661165.1	0.109416343937457
S__3300027847_13	S__GCA_018661165.1	0.200751319994113
S__3300027849_41	S__GCA_018661165.1	0.136662887860939
S__GCA_000213395.2	S__GCA_018661165.1	0.154262573739433
S__GCA_002862985.1	S__GCA_018661165.1	0.14138751624986
S__GCA_012960835.1	S__GCA_018661165.1	0.199189289758841
S__GCA_014237975.1	S__GCA_018661165.1	0.167498024678466
S__GCA_014238785.1	S__GCA_018661165.1	0.166639255203887
S__GCA_014239685.1	S__GCA_018661165.1	0.134177511833805
S__GCA_014384445.1	S__GCA_018661165.1	0.17289192722444
S__GCA_018645865.1	S__GCA_018661165.1	0.163979288053258
S__GCA_018647945.1	S__GCA_018661165.1	0.159593824047741
S__GCA_018658605.1	S__GCA_018661165.1	0.148559918284625
S__3300000179_4	S__GCA_018666495.1	0.14365913011405
S__3300001683_21	S__GCA_018666495.1	0.119170407088631
S__3300001683_28	S__GCA_018666495.1	0.170183298551174
S__3300001683_31	S__GCA_018666495.1	0.161526319879227
S__3300001683_4	S__GCA_018666495.1	0.195122993622705
S__3300020187_18	S__GCA_018666495.1	0.130511447809919
S__3300020263_16	S__GCA_018666495.1	0.131975223512058
S__3300020303_5	S__GCA_018666495.1	0.134767768913862
S__3300020389_17	S__GCA_018666495.1	0.189039661994759
S__3300020389_47	S__GCA_018666495.1	0.199651975460476
S__3300022920_20	S__GCA_018666495.1	0.144189926493351
S__3300024058_15	S__GCA_018666495.1	0.113096215854862
S__3300024516_18	S__GCA_018666495.1	0.144795908757203
S__3300024516_26	S__GCA_018666495.1	0.163096697964359
S__3300025276_12	S__GCA_018666495.1	0.117622059190535
S__3300025623_36	S__GCA_018666495.1	0.12196976646864
S__3300025690_38	S__GCA_018666495.1	0.133195441162435
S__3300025892_34	S__GCA_018666495.1	0.146742657416197
S__3300025894_53	S__GCA_018666495.1	0.146411677319335
S__3300026080_15	S__GCA_018666495.1	0.107928780141718
S__3300026087_14	S__GCA_018666495.1	0.109102371025322
S__3300026108_2	S__GCA_018666495.1	0.139790872149016
S__3300026108_4	S__GCA_018666495.1	0.135539100522423
S__3300026119_8	S__GCA_018666495.1	0.143468013051533
S__3300026253_8	S__GCA_018666495.1	0.139043221562399
S__3300026264_29	S__GCA_018666495.1	0.137378522797876
S__3300026267_11	S__GCA_018666495.1	0.162956784066382
S__3300027668_18	S__GCA_018666495.1	0.18039406913145
S__3300027685_11	S__GCA_018666495.1	0.121265050692348
S__3300027685_16	S__GCA_018666495.1	0.147929834835929
S__3300027685_31	S__GCA_018666495.1	0.188486504576087
S__3300027685_36	S__GCA_018666495.1	0.18977897892006
S__3300027687_20	S__GCA_018666495.1	0.109966049108699
S__3300027687_7	S__GCA_018666495.1	0.129253644363792
S__3300027700_13	S__GCA_018666495.1	0.137817600820398
S__3300027752_17	S__GCA_018666495.1	0.142612277517211
S__3300027771_26	S__GCA_018666495.1	0.184625696443092
S__3300027779_22	S__GCA_018666495.1	0.14849472599548
S__3300027779_26	S__GCA_018666495.1	0.138897970202061
S__3300027779_27	S__GCA_018666495.1	0.157770116299984
S__3300027780_12	S__GCA_018666495.1	0.185217824077888
S__3300027788_10	S__GCA_018666495.1	0.164925435039349
S__3300027791_27	S__GCA_018666495.1	0.132334959697189
S__3300027801_21	S__GCA_018666495.1	0.193741965682159
S__3300027801_7	S__GCA_018666495.1	0.153739445131263
S__3300027810_12	S__GCA_018666495.1	0.139841973299351
S__3300027827_16	S__GCA_018666495.1	0.168793079855151
S__3300027838_66	S__GCA_018666495.1	0.199253267619976
S__3300027838_7	S__GCA_018666495.1	0.216801915976529
S__3300027844_42	S__GCA_018666495.1	0.154344126999673
S__3300027844_60	S__GCA_018666495.1	0.113141220428039
S__3300027844_72	S__GCA_018666495.1	0.212043557357782
S__3300027844_79	S__GCA_018666495.1	0.187118045285047
S__3300027847_13	S__GCA_018666495.1	0.225363261266793
S__3300027847_4	S__GCA_018666495.1	0.12467824854245
S__3300027847_80	S__GCA_018666495.1	0.144108873321837
S__3300027849_41	S__GCA_018666495.1	0.180686424673476
S__3300027883_17	S__GCA_018666495.1	0.115840779220438
S__3300027997_10	S__GCA_018666495.1	0.152178120988949
S__GCA_000213395.2	S__GCA_018666495.1	0.194101680618747
S__GCA_000383355.1	S__GCA_018666495.1	0.165219363150856
S__GCA_000402075.1	S__GCA_018666495.1	0.124404247688545
S__GCA_001437625.1	S__GCA_018666495.1	0.119751314004947
S__GCA_001542995.1	S__GCA_018666495.1	0.132025537799966
S__GCA_001543015.1	S__GCA_018666495.1	0.120470480543633
S__GCA_001643555.1	S__GCA_018666495.1	0.144100826048028
S__GCA_002082295.1	S__GCA_018666495.1	0.14223455111628
S__GCA_002168195.1	S__GCA_018666495.1	0.111336808456352
S__GCA_002313235.1	S__GCA_018666495.1	0.13709107856221
S__GCA_002313265.1	S__GCA_018666495.1	0.133311839962236
S__GCA_002317795.1	S__GCA_018666495.1	0.109958805563711
S__GCA_002390675.1	S__GCA_018666495.1	0.144722204886061
S__GCA_002401955.1	S__GCA_018666495.1	0.180443231076975
S__GCA_002499015.1	S__GCA_018666495.1	0.160685516532987
S__GCA_002505495.1	S__GCA_018666495.1	0.113688691627358
S__GCA_002700285.1	S__GCA_018666495.1	0.11697878427388
S__GCA_002712885.1	S__GCA_018666495.1	0.157605523417125
S__GCA_002862985.1	S__GCA_018666495.1	0.201351328306675
S__GCA_003229345.1	S__GCA_018666495.1	0.184900168827712
S__GCA_003230615.1	S__GCA_018666495.1	0.170758050044542
S__GCA_003509045.1	S__GCA_018666495.1	0.158132235511643
S__GCA_004356825.1	S__GCA_018666495.1	0.109602320238159
S__GCA_004356895.1	S__GCA_018666495.1	0.166332205072323
S__GCA_008974855.1	S__GCA_018666495.1	0.122146449923262
S__GCA_009936995.1	S__GCA_018666495.1	0.132832441586837
S__GCA_009937205.1	S__GCA_018666495.1	0.167347281767486
S__GCA_012959275.1	S__GCA_018666495.1	0.17065325703446
S__GCA_012959435.1	S__GCA_018666495.1	0.129177801665207
S__GCA_012959845.1	S__GCA_018666495.1	0.155085231697111
S__GCA_012960505.1	S__GCA_018666495.1	0.155863873464853
S__GCA_012960805.1	S__GCA_018666495.1	0.156528567758888
S__GCA_012960835.1	S__GCA_018666495.1	0.241155211964128
S__GCA_012964335.1	S__GCA_018666495.1	0.159610697948027
S__GCA_012964845.1	S__GCA_018666495.1	0.12940214914997
S__GCA_012965955.1	S__GCA_018666495.1	0.109513082851491
S__GCA_012966015.1	S__GCA_018666495.1	0.16020020867242
S__GCA_012974435.1	S__GCA_018666495.1	0.132253381866143
S__GCA_013214205.1	S__GCA_018666495.1	0.169562545634556
S__GCA_013215285.1	S__GCA_018666495.1	0.138244571246101
S__GCA_013911135.1	S__GCA_018666495.1	0.125680286530131
S__GCA_014237975.1	S__GCA_018666495.1	0.210874324691209
S__GCA_014238125.1	S__GCA_018666495.1	0.128849306051311
S__GCA_014238335.1	S__GCA_018666495.1	0.178599616393239
S__GCA_014238785.1	S__GCA_018666495.1	0.214361836511952
S__GCA_014239685.1	S__GCA_018666495.1	0.19528862757454
S__GCA_014240055.1	S__GCA_018666495.1	0.13912066833972
S__GCA_014382645.1	S__GCA_018666495.1	0.113076751095033
S__GCA_014384445.1	S__GCA_018666495.1	0.202545892028215
S__GCA_014384505.1	S__GCA_018666495.1	0.129382447676068
S__GCA_015659595.1	S__GCA_018666495.1	0.165830968086739
S__GCA_016276965.1	S__GCA_018666495.1	0.109079718578673
S__GCA_016776815.1	S__GCA_018666495.1	0.142332164045721
S__GCA_016777225.1	S__GCA_018666495.1	0.118330078408781
S__GCA_018645865.1	S__GCA_018666495.1	0.208859511966989
S__GCA_018647945.1	S__GCA_018666495.1	0.214343554392181
S__GCA_018658605.1	S__GCA_018666495.1	0.212958617522159
S__GCA_018661165.1	S__GCA_018666495.1	0.176221361101941
S__GCA_002499365.1	S__GCA_018667655.1	0.118332995186964
S__GCA_004212795.1	S__GCA_018667655.1	0.110241069607809
S__GCA_016777365.1	S__GCA_018667655.1	0.120556357678198
S__3300025673_9	S__GCA_018670575.1	0.120529020511605
S__GCA_002691505.1	S__GCA_018670575.1	0.119647322790473
S__GCA_015665265.1	S__GCA_018670575.1	0.16943061908404
S__GCA_018658685.1	S__GCA_018670575.1	0.115767044280302
S__3300000179_4	S__GCA_018672475.1	0.159982105162084
S__3300001683_21	S__GCA_018672475.1	0.130639411323058
S__3300001683_28	S__GCA_018672475.1	0.225052906731475
S__3300001683_31	S__GCA_018672475.1	0.166709729929209
S__3300001683_4	S__GCA_018672475.1	0.233041558077173
S__3300006311_3	S__GCA_018672475.1	0.140025916513157
S__3300020187_18	S__GCA_018672475.1	0.177374609188078
S__3300020263_16	S__GCA_018672475.1	0.175173047770233
S__3300020303_5	S__GCA_018672475.1	0.140663752581575
S__3300020389_17	S__GCA_018672475.1	0.229773257577736
S__3300020389_47	S__GCA_018672475.1	0.208948607238096
S__3300022920_20	S__GCA_018672475.1	0.146522171977896
S__3300024058_15	S__GCA_018672475.1	0.137853504982439
S__3300024516_18	S__GCA_018672475.1	0.189420738887541
S__3300024516_24	S__GCA_018672475.1	0.122473456408658
S__3300024516_26	S__GCA_018672475.1	0.209714338168345
S__3300024516_38	S__GCA_018672475.1	0.153364972912823
S__3300025276_12	S__GCA_018672475.1	0.158475447208712
S__3300025623_36	S__GCA_018672475.1	0.113204992652027
S__3300025690_38	S__GCA_018672475.1	0.130843635794071
S__3300025892_34	S__GCA_018672475.1	0.147337198242147
S__3300025894_53	S__GCA_018672475.1	0.196951523942948
S__3300026080_15	S__GCA_018672475.1	0.119362967313518
S__3300026087_14	S__GCA_018672475.1	0.137281119682843
S__3300026108_2	S__GCA_018672475.1	0.19624994172707
S__3300026108_4	S__GCA_018672475.1	0.129980182723095
S__3300026119_8	S__GCA_018672475.1	0.191068129612041
S__3300026253_28	S__GCA_018672475.1	0.133140696947182
S__3300026253_8	S__GCA_018672475.1	0.181239134030732
S__3300026264_29	S__GCA_018672475.1	0.153702675619772
S__3300026264_34	S__GCA_018672475.1	0.134283356823789
S__3300026267_11	S__GCA_018672475.1	0.165800196737331
S__3300027668_18	S__GCA_018672475.1	0.219950578420271
S__3300027685_11	S__GCA_018672475.1	0.131732774024818
S__3300027685_16	S__GCA_018672475.1	0.171975625587049
S__3300027685_31	S__GCA_018672475.1	0.199999198731763
S__3300027685_36	S__GCA_018672475.1	0.180686885933136
S__3300027687_20	S__GCA_018672475.1	0.15149657958934
S__3300027687_7	S__GCA_018672475.1	0.138238198090676
S__3300027700_13	S__GCA_018672475.1	0.148522098244742
S__3300027752_17	S__GCA_018672475.1	0.192775847484664
S__3300027771_26	S__GCA_018672475.1	0.196692993922421
S__3300027779_22	S__GCA_018672475.1	0.20341437905329
S__3300027779_26	S__GCA_018672475.1	0.148086606079223
S__3300027779_27	S__GCA_018672475.1	0.163572804657851
S__3300027780_12	S__GCA_018672475.1	0.222460043043418
S__3300027788_10	S__GCA_018672475.1	0.187624876052619
S__3300027791_27	S__GCA_018672475.1	0.179673744770333
S__3300027801_21	S__GCA_018672475.1	0.242031531014013
S__3300027801_7	S__GCA_018672475.1	0.197790436753465
S__3300027810_12	S__GCA_018672475.1	0.182403751034126
S__3300027827_16	S__GCA_018672475.1	0.205167147198039
S__3300027838_66	S__GCA_018672475.1	0.217770110521988
S__3300027838_7	S__GCA_018672475.1	0.224952978562584
S__3300027839_47	S__GCA_018672475.1	0.108328616742337
S__3300027844_42	S__GCA_018672475.1	0.174896195838976
S__3300027844_60	S__GCA_018672475.1	0.109424433323217
S__3300027844_72	S__GCA_018672475.1	0.217796797325615
S__3300027844_79	S__GCA_018672475.1	0.23057833648869
S__3300027847_13	S__GCA_018672475.1	0.22612661953439
S__3300027847_4	S__GCA_018672475.1	0.163989759663844
S__3300027847_80	S__GCA_018672475.1	0.174965754299867
S__3300027849_41	S__GCA_018672475.1	0.189330576260708
S__3300027883_17	S__GCA_018672475.1	0.159917791204915
S__3300027997_10	S__GCA_018672475.1	0.185186870983425
S__GCA_000213395.2	S__GCA_018672475.1	0.22794741657784
S__GCA_000383355.1	S__GCA_018672475.1	0.186716624078181
S__GCA_000402075.1	S__GCA_018672475.1	0.14033453315175
S__GCA_001437625.1	S__GCA_018672475.1	0.16402514372241
S__GCA_001542995.1	S__GCA_018672475.1	0.151076083348424
S__GCA_001543015.1	S__GCA_018672475.1	0.141562005049452
S__GCA_001643555.1	S__GCA_018672475.1	0.170420100271388
S__GCA_002082295.1	S__GCA_018672475.1	0.184401136189435
S__GCA_002313235.1	S__GCA_018672475.1	0.158429572103154
S__GCA_002313265.1	S__GCA_018672475.1	0.121654889361808
S__GCA_002317795.1	S__GCA_018672475.1	0.134561123757266
S__GCA_002390675.1	S__GCA_018672475.1	0.168882336081178
S__GCA_002401955.1	S__GCA_018672475.1	0.210407981445211
S__GCA_002499015.1	S__GCA_018672475.1	0.216473142598939
S__GCA_002505495.1	S__GCA_018672475.1	0.117446780701113
S__GCA_002700285.1	S__GCA_018672475.1	0.113035179908661
S__GCA_002712885.1	S__GCA_018672475.1	0.195078572649343
S__GCA_002862985.1	S__GCA_018672475.1	0.236763315561924
S__GCA_003228495.1	S__GCA_018672475.1	0.111615811200025
S__GCA_003229345.1	S__GCA_018672475.1	0.214815601320048
S__GCA_003230615.1	S__GCA_018672475.1	0.201689762150603
S__GCA_003509045.1	S__GCA_018672475.1	0.177878863335166
S__GCA_003672175.1	S__GCA_018672475.1	0.121076825296493
S__GCA_004356105.1	S__GCA_018672475.1	0.13125456122551
S__GCA_004356455.1	S__GCA_018672475.1	0.137009628522546
S__GCA_004356825.1	S__GCA_018672475.1	0.155393800017102
S__GCA_004356895.1	S__GCA_018672475.1	0.207645899634003
S__GCA_008974855.1	S__GCA_018672475.1	0.163282062767494
S__GCA_009936995.1	S__GCA_018672475.1	0.147798106523885
S__GCA_009937205.1	S__GCA_018672475.1	0.197788933033155
S__GCA_011055585.1	S__GCA_018672475.1	0.11402728884708
S__GCA_012959275.1	S__GCA_018672475.1	0.16687720362024
S__GCA_012959435.1	S__GCA_018672475.1	0.125185014345544
S__GCA_012959845.1	S__GCA_018672475.1	0.148062334795428
S__GCA_012960505.1	S__GCA_018672475.1	0.166385674859135
S__GCA_012960805.1	S__GCA_018672475.1	0.20560694066353
S__GCA_012960835.1	S__GCA_018672475.1	0.241676313780104
S__GCA_012964335.1	S__GCA_018672475.1	0.21059623709964
S__GCA_012964845.1	S__GCA_018672475.1	0.15620065682356
S__GCA_012965955.1	S__GCA_018672475.1	0.117856447574963
S__GCA_012966015.1	S__GCA_018672475.1	0.193316923983055
S__GCA_012974435.1	S__GCA_018672475.1	0.166883334101583
S__GCA_013138675.1	S__GCA_018672475.1	0.121978776171842
S__GCA_013203245.1	S__GCA_018672475.1	0.133613685129354
S__GCA_013214205.1	S__GCA_018672475.1	0.167869619480284
S__GCA_013215285.1	S__GCA_018672475.1	0.18574499306455
S__GCA_013390475.1	S__GCA_018672475.1	0.132832198200657
S__GCA_013911135.1	S__GCA_018672475.1	0.162410861971324
S__GCA_014237975.1	S__GCA_018672475.1	0.218802115601282
S__GCA_014238125.1	S__GCA_018672475.1	0.115303763945252
S__GCA_014238335.1	S__GCA_018672475.1	0.197944879884104
S__GCA_014238785.1	S__GCA_018672475.1	0.229006030979343
S__GCA_014239685.1	S__GCA_018672475.1	0.206112813205548
S__GCA_014240055.1	S__GCA_018672475.1	0.138120169694301
S__GCA_014382645.1	S__GCA_018672475.1	0.108634885839357
S__GCA_014384445.1	S__GCA_018672475.1	0.213235839973849
S__GCA_014384505.1	S__GCA_018672475.1	0.172176531264928
S__GCA_015659035.1	S__GCA_018672475.1	0.115371555685356
S__GCA_015659595.1	S__GCA_018672475.1	0.208079138877393
S__GCA_016276965.1	S__GCA_018672475.1	0.152596179465112
S__GCA_016776815.1	S__GCA_018672475.1	0.144927301116843
S__GCA_016777225.1	S__GCA_018672475.1	0.139963104544136
S__GCA_016838825.1	S__GCA_018672475.1	0.13362637803599
S__GCA_018645865.1	S__GCA_018672475.1	0.214507692938085
S__GCA_018647945.1	S__GCA_018672475.1	0.217351518755015
S__GCA_018658605.1	S__GCA_018672475.1	0.219318491021885
S__GCA_018661165.1	S__GCA_018672475.1	0.190685487203612
S__GCA_018666495.1	S__GCA_018672475.1	0.220825809666609
S__3300025673_9	S__GCA_018672825.1	0.110417391280383
S__GCA_002457395.1	S__GCA_018672825.1	0.122020987201016
S__GCA_016777095.1	S__GCA_018672825.1	0.110125630790973
S__3300027839_78	S__GCA_018673815.1	0.138586013573493
S__3300027844_92	S__GCA_018673815.1	0.165236915031883
S__GCA_002311835.1	S__GCA_018673815.1	0.118420354710501
S__GCA_002719675.1	S__GCA_018673815.1	0.114131385893612
S__GCA_003228095.2	S__GCA_018673815.1	0.142731830457846
S__GCA_003228125.1	S__GCA_018673815.1	0.147376935732864
S__GCA_003228195.2	S__GCA_018673815.1	0.131272208494789
S__3300001683_28	S__GCA_018675825.1	0.113513960864753
S__3300001683_31	S__GCA_018675825.1	0.11124239830905
S__3300001683_4	S__GCA_018675825.1	0.141791175741437
S__3300020303_5	S__GCA_018675825.1	0.109185939924341
S__3300020389_17	S__GCA_018675825.1	0.138265338153163
S__3300020389_47	S__GCA_018675825.1	0.187785835061121
S__3300025690_38	S__GCA_018675825.1	0.112723763900697
S__3300025892_34	S__GCA_018675825.1	0.121607256785071
S__3300026108_4	S__GCA_018675825.1	0.107938332471535
S__3300026267_11	S__GCA_018675825.1	0.125212601246609
S__3300027668_18	S__GCA_018675825.1	0.113348772047823
S__3300027685_31	S__GCA_018675825.1	0.148053894494525
S__3300027685_36	S__GCA_018675825.1	0.134975771643411
S__3300027771_26	S__GCA_018675825.1	0.127572421263971
S__3300027780_12	S__GCA_018675825.1	0.121466376622207
S__3300027801_21	S__GCA_018675825.1	0.15764649615161
S__3300027827_16	S__GCA_018675825.1	0.123263483618296
S__3300027838_66	S__GCA_018675825.1	0.17606254492341
S__3300027838_7	S__GCA_018675825.1	0.202484422657587
S__3300027844_72	S__GCA_018675825.1	0.179466632633118
S__3300027844_79	S__GCA_018675825.1	0.122412372901726
S__3300027847_13	S__GCA_018675825.1	0.207197885693738
S__3300027849_41	S__GCA_018675825.1	0.12376706329704
S__3300027997_10	S__GCA_018675825.1	0.110484116051922
S__GCA_000213395.2	S__GCA_018675825.1	0.178232181067136
S__GCA_000383355.1	S__GCA_018675825.1	0.110996844554807
S__GCA_002401955.1	S__GCA_018675825.1	0.130116706860816
S__GCA_002862985.1	S__GCA_018675825.1	0.176340815550242
S__GCA_003229345.1	S__GCA_018675825.1	0.122091718163972
S__GCA_003230615.1	S__GCA_018675825.1	0.111909548739054
S__GCA_003509045.1	S__GCA_018675825.1	0.119052090942247
S__GCA_009937205.1	S__GCA_018675825.1	0.126575288881517
S__GCA_012959275.1	S__GCA_018675825.1	0.121018405417726
S__GCA_012960505.1	S__GCA_018675825.1	0.116396354461389
S__GCA_012960805.1	S__GCA_018675825.1	0.110277494510478
S__GCA_012960835.1	S__GCA_018675825.1	0.231982824676034
S__GCA_012964335.1	S__GCA_018675825.1	0.113020877447275
S__GCA_013214205.1	S__GCA_018675825.1	0.138916646155262
S__GCA_014237975.1	S__GCA_018675825.1	0.210908524616762
S__GCA_014238335.1	S__GCA_018675825.1	0.121901794485003
S__GCA_014238785.1	S__GCA_018675825.1	0.200457363837781
S__GCA_014239685.1	S__GCA_018675825.1	0.151160857239805
S__GCA_014240055.1	S__GCA_018675825.1	0.119334371981489
S__GCA_014384445.1	S__GCA_018675825.1	0.183352611646331
S__GCA_016776815.1	S__GCA_018675825.1	0.1087351550709
S__GCA_018645865.1	S__GCA_018675825.1	0.183973261952589
S__GCA_018647945.1	S__GCA_018675825.1	0.216537063629328
S__GCA_018658605.1	S__GCA_018675825.1	0.200440766631134
S__GCA_018661165.1	S__GCA_018675825.1	0.114618747142363
S__GCA_018666495.1	S__GCA_018675825.1	0.20741679021037
S__GCA_018672475.1	S__GCA_018675825.1	0.203803044948381
S__3300027844_92	S__GCA_018676735.1	0.114701014436654
S__3300001683_4	S__GCA_018696455.1	0.130235558690691
S__3300020389_17	S__GCA_018696455.1	0.12566088490999
S__3300020389_47	S__GCA_018696455.1	0.169045138688967
S__3300025690_38	S__GCA_018696455.1	0.148366661230817
S__3300025892_34	S__GCA_018696455.1	0.120072106923738
S__3300026267_11	S__GCA_018696455.1	0.127297319160988
S__3300027685_31	S__GCA_018696455.1	0.142048251787211
S__3300027685_36	S__GCA_018696455.1	0.13066078308377
S__3300027771_26	S__GCA_018696455.1	0.139352222502719
S__3300027780_12	S__GCA_018696455.1	0.11042115647941
S__3300027801_21	S__GCA_018696455.1	0.137107520092873
S__3300027827_16	S__GCA_018696455.1	0.116372808608802
S__3300027838_66	S__GCA_018696455.1	0.156066027143511
S__3300027838_7	S__GCA_018696455.1	0.195208697813319
S__3300027844_72	S__GCA_018696455.1	0.171888716455784
S__3300027844_79	S__GCA_018696455.1	0.117993158390714
S__3300027847_13	S__GCA_018696455.1	0.198824588794153
S__3300027849_41	S__GCA_018696455.1	0.11069188821715
S__GCA_000213395.2	S__GCA_018696455.1	0.169768021703787
S__GCA_002168195.1	S__GCA_018696455.1	0.132987224944492
S__GCA_002401955.1	S__GCA_018696455.1	0.119653223079468
S__GCA_002862985.1	S__GCA_018696455.1	0.163227586247809
S__GCA_003229345.1	S__GCA_018696455.1	0.115783496949949
S__GCA_003230615.1	S__GCA_018696455.1	0.118907293825862
S__GCA_009937205.1	S__GCA_018696455.1	0.122281354757521
S__GCA_012959275.1	S__GCA_018696455.1	0.141980121086841
S__GCA_012959845.1	S__GCA_018696455.1	0.11115177937861
S__GCA_012960345.1	S__GCA_018696455.1	0.114478553922655
S__GCA_012960505.1	S__GCA_018696455.1	0.129326114848197
S__GCA_012960835.1	S__GCA_018696455.1	0.216543024137081
S__GCA_013214205.1	S__GCA_018696455.1	0.14196977063656
S__GCA_014237975.1	S__GCA_018696455.1	0.207559725665162
S__GCA_014238125.1	S__GCA_018696455.1	0.121476758940232
S__GCA_014238335.1	S__GCA_018696455.1	0.13918217758304
S__GCA_014238785.1	S__GCA_018696455.1	0.1934060831344
S__GCA_014239685.1	S__GCA_018696455.1	0.166918657840299
S__GCA_014240055.1	S__GCA_018696455.1	0.146994992968306
S__GCA_014384445.1	S__GCA_018696455.1	0.166333042422372
S__GCA_016776815.1	S__GCA_018696455.1	0.139986432558944
S__GCA_018645865.1	S__GCA_018696455.1	0.164467274278206
S__GCA_018647945.1	S__GCA_018696455.1	0.216774389874588
S__GCA_018658605.1	S__GCA_018696455.1	0.194203945903562
S__GCA_018666495.1	S__GCA_018696455.1	0.192766852520835
S__GCA_018672475.1	S__GCA_018696455.1	0.184264580857849
S__GCA_018675825.1	S__GCA_018696455.1	0.151139699053275
S__3300027839_78	S__GCA_018697615.1	0.110289807485397
S__3300027844_92	S__GCA_018697615.1	0.126368916116038
S__GCA_003228095.2	S__GCA_018697615.1	0.110899484719396
S__3300027839_78	S__GCA_018698655.1	0.117721139239564
S__3300027844_92	S__GCA_018698655.1	0.153316487574659
S__GCA_003228095.2	S__GCA_018698655.1	0.130166354647174
S__GCA_003228125.1	S__GCA_018698655.1	0.117604928003288
S__GCA_003228195.2	S__GCA_018698655.1	0.125758686130439
S__3300001683_4	S__GCA_018699155.1	0.111895529965483
S__3300020389_17	S__GCA_018699155.1	0.110544638765399
S__3300020389_47	S__GCA_018699155.1	0.148762532972861
S__3300027685_31	S__GCA_018699155.1	0.123255245410295
S__3300027801_21	S__GCA_018699155.1	0.123023584956674
S__3300027838_66	S__GCA_018699155.1	0.138273829488039
S__3300027838_7	S__GCA_018699155.1	0.166095553019439
S__3300027844_72	S__GCA_018699155.1	0.150570344240599
S__3300027847_13	S__GCA_018699155.1	0.16948426379738
S__GCA_000213395.2	S__GCA_018699155.1	0.146942143986741
S__GCA_002862985.1	S__GCA_018699155.1	0.143684827200434
S__GCA_012960835.1	S__GCA_018699155.1	0.188060711616982
S__GCA_014237975.1	S__GCA_018699155.1	0.17921647951434
S__GCA_014238785.1	S__GCA_018699155.1	0.166947367613574
S__GCA_014239685.1	S__GCA_018699155.1	0.137378137287114
S__GCA_014384445.1	S__GCA_018699155.1	0.145281744748066
S__GCA_018645865.1	S__GCA_018699155.1	0.146654993695663
S__GCA_018647945.1	S__GCA_018699155.1	0.190060080319531
S__GCA_018658605.1	S__GCA_018699155.1	0.172190590461806
S__GCA_018666495.1	S__GCA_018699155.1	0.169827015507647
S__GCA_018672475.1	S__GCA_018699155.1	0.160782889611574
S__GCA_018675825.1	S__GCA_018699155.1	0.140443168582822
S__GCA_018696455.1	S__GCA_018699155.1	0.150940541500021
S__3300024433_34	S__GCA_018700215.1	0.11631892207543
S__GCA_003575245.1	S__GCA_018700215.1	0.113345005617949
S__GCA_009619015.1	S__GCA_018700215.1	0.132009092743385
S__GCA_013138755.1	S__GCA_018700215.1	0.123759612108691
S__3300020389_47	S__GCA_018701395.1	0.121164492158407
S__3300027838_66	S__GCA_018701395.1	0.113907889121037
S__3300027838_7	S__GCA_018701395.1	0.130592647621778
S__3300027844_72	S__GCA_018701395.1	0.11803456448864
S__3300027847_13	S__GCA_018701395.1	0.134763212647704
S__GCA_000213395.2	S__GCA_018701395.1	0.10976059805451
S__GCA_012960835.1	S__GCA_018701395.1	0.136935728238309
S__GCA_014237975.1	S__GCA_018701395.1	0.134520719745953
S__GCA_014238785.1	S__GCA_018701395.1	0.12985287649947
S__GCA_014239685.1	S__GCA_018701395.1	0.111278354617947
S__GCA_014384445.1	S__GCA_018701395.1	0.122994067137103
S__GCA_018645865.1	S__GCA_018701395.1	0.115097399805949
S__GCA_018647945.1	S__GCA_018701395.1	0.136544792554922
S__GCA_018658605.1	S__GCA_018701395.1	0.123506076074991
S__GCA_018666495.1	S__GCA_018701395.1	0.130137577388
S__GCA_018672475.1	S__GCA_018701395.1	0.119628772372354
S__GCA_018696455.1	S__GCA_018701395.1	0.116460750576252
S__3300000179_4	S__GCA_018702595.1	0.107906630912791
S__3300001683_28	S__GCA_018702595.1	0.116951911052282
S__3300001683_31	S__GCA_018702595.1	0.11534057029392
S__3300001683_4	S__GCA_018702595.1	0.139211355838571
S__3300020389_17	S__GCA_018702595.1	0.132456294854812
S__3300020389_47	S__GCA_018702595.1	0.173338886741147
S__3300025690_38	S__GCA_018702595.1	0.133519046450173
S__3300025892_34	S__GCA_018702595.1	0.11643895744283
S__3300026267_11	S__GCA_018702595.1	0.126048093445533
S__3300027668_18	S__GCA_018702595.1	0.114296354971743
S__3300027685_31	S__GCA_018702595.1	0.143083867595341
S__3300027685_36	S__GCA_018702595.1	0.138680683751731
S__3300027771_26	S__GCA_018702595.1	0.156734596749272
S__3300027780_12	S__GCA_018702595.1	0.129278219133938
S__3300027788_10	S__GCA_018702595.1	0.111784401933995
S__3300027801_21	S__GCA_018702595.1	0.149820372835092
S__3300027827_16	S__GCA_018702595.1	0.129429577805813
S__3300027838_66	S__GCA_018702595.1	0.168919122161719
S__3300027838_7	S__GCA_018702595.1	0.205126961554894
S__3300027844_72	S__GCA_018702595.1	0.178084370248273
S__3300027844_79	S__GCA_018702595.1	0.136404320498891
S__3300027847_13	S__GCA_018702595.1	0.209755183885716
S__3300027849_41	S__GCA_018702595.1	0.1194332757976
S__3300027997_10	S__GCA_018702595.1	0.113367058599015
S__GCA_000213395.2	S__GCA_018702595.1	0.17549175992074
S__GCA_000383355.1	S__GCA_018702595.1	0.11850608161182
S__GCA_002168195.1	S__GCA_018702595.1	0.114489804977501
S__GCA_002401955.1	S__GCA_018702595.1	0.130523949274226
S__GCA_002712885.1	S__GCA_018702595.1	0.109857071127231
S__GCA_002862985.1	S__GCA_018702595.1	0.174240860476611
S__GCA_003229345.1	S__GCA_018702595.1	0.129005760005344
S__GCA_003230615.1	S__GCA_018702595.1	0.130359714033974
S__GCA_003509045.1	S__GCA_018702595.1	0.112217209797381
S__GCA_004356895.1	S__GCA_018702595.1	0.10928294803731
S__GCA_009937205.1	S__GCA_018702595.1	0.128616087042861
S__GCA_012959275.1	S__GCA_018702595.1	0.140776165860069
S__GCA_012959845.1	S__GCA_018702595.1	0.116531781389663
S__GCA_012960345.1	S__GCA_018702595.1	0.109464867720473
S__GCA_012960505.1	S__GCA_018702595.1	0.141320049446086
S__GCA_012960805.1	S__GCA_018702595.1	0.113953214959739
S__GCA_012960835.1	S__GCA_018702595.1	0.228067167445985
S__GCA_012964335.1	S__GCA_018702595.1	0.111589515470726
S__GCA_013214205.1	S__GCA_018702595.1	0.140905187958978
S__GCA_014237975.1	S__GCA_018702595.1	0.20621177409021
S__GCA_014238125.1	S__GCA_018702595.1	0.114701654976545
S__GCA_014238335.1	S__GCA_018702595.1	0.147025485901166
S__GCA_014238785.1	S__GCA_018702595.1	0.206892576796071
S__GCA_014239685.1	S__GCA_018702595.1	0.163285118810279
S__GCA_014240055.1	S__GCA_018702595.1	0.134070571588598
S__GCA_014384445.1	S__GCA_018702595.1	0.179377893135267
S__GCA_015659595.1	S__GCA_018702595.1	0.111749462032205
S__GCA_016776815.1	S__GCA_018702595.1	0.13183190650146
S__GCA_018645865.1	S__GCA_018702595.1	0.173106449668297
S__GCA_018647945.1	S__GCA_018702595.1	0.21684112077613
S__GCA_018658605.1	S__GCA_018702595.1	0.198629058765833
S__GCA_018661165.1	S__GCA_018702595.1	0.115963528796507
S__GCA_018666495.1	S__GCA_018702595.1	0.201642908680733
S__GCA_018672475.1	S__GCA_018702595.1	0.199045689982896
S__GCA_018675825.1	S__GCA_018702595.1	0.15658149882564
S__GCA_018696455.1	S__GCA_018702595.1	0.175663388333584
S__GCA_018699155.1	S__GCA_018702595.1	0.142666347928153
S__GCA_018701395.1	S__GCA_018702595.1	0.113974348958208
S__3300024353_30	S__GCA_018812385.1	0.109932323043248
S__3300024433_34	S__GCA_018812385.1	0.131794617300885
S__GCA_003575245.1	S__GCA_018812385.1	0.124435655565518
S__GCA_004377275.1	S__GCA_018812385.1	0.147189848998275
S__GCA_009619015.1	S__GCA_018812385.1	0.178522111168786
S__GCA_012974295.1	S__GCA_018812385.1	0.149988408987863
S__GCA_012974475.1	S__GCA_018812385.1	0.161307687838688
S__GCA_013138755.1	S__GCA_018812385.1	0.147184115804813
S__GCA_013139435.1	S__GCA_018812385.1	0.15778446586877
S__GCA_013619005.1	S__GCA_018812385.1	0.123494280379755
S__GCA_016783455.1	S__GCA_018812385.1	0.134548600327089
S__3300025661_25	S__GCA_018812885.1	0.113182339372185
S__GCA_003527405.1	S__GCA_018812885.1	0.136949206699772
S__GCA_004377275.1	S__GCA_018812885.1	0.123541573292298
S__GCA_012974475.1	S__GCA_018812885.1	0.118904272252114
S__GCA_013139435.1	S__GCA_018812885.1	0.126504736522378
S__GCA_013619005.1	S__GCA_018812885.1	0.128892281207297
S__3300024433_34	S__GCA_018820345.1	0.116790205798188
S__GCA_004377275.1	S__GCA_018820345.1	0.126420415767133
S__GCA_009619015.1	S__GCA_018820345.1	0.131931533001949
S__GCA_012974475.1	S__GCA_018820345.1	0.119775100266943
S__GCA_013138755.1	S__GCA_018820345.1	0.115844019374656
S__GCA_013139435.1	S__GCA_018820345.1	0.120850360070359
S__GCA_013375475.1	S__GCA_018820345.1	0.118761573914943
S__GCA_013619005.1	S__GCA_018820345.1	0.127635328787692
S__GCA_000405345.1	S__GCA_018828925.1	0.138674135544301
S__GCA_000405605.1	S__GCA_018828925.1	0.125898633502167
S__GCA_003575245.1	S__GCA_018828925.1	0.119481301617971
S__GCA_004356335.1	S__GCA_018828925.1	0.120668199190541
S__GCA_004375715.1	S__GCA_018828925.1	0.118627371658813
S__GCA_013203755.1	S__GCA_018828925.1	0.114151218583186
S__GCA_015222065.1	S__GCA_018828925.1	0.135985105558534
S__3300024353_30	S__GCA_018894595.1	0.111256108787699
S__3300024353_49	S__GCA_018894595.1	0.114260431723562
S__GCA_000405345.1	S__GCA_018894595.1	0.153204990950599
S__GCA_000405605.1	S__GCA_018894595.1	0.12593904809161
S__GCA_003451675.1	S__GCA_018894595.1	0.111615343274656
S__GCA_003575245.1	S__GCA_018894595.1	0.139563431190984
S__GCA_003648635.1	S__GCA_018894595.1	0.118470716980572
S__GCA_004356335.1	S__GCA_018894595.1	0.145550459136903
S__GCA_004375715.1	S__GCA_018894595.1	0.124515552722248
S__GCA_005223125.1	S__GCA_018894595.1	0.116173791057318
S__GCA_009619015.1	S__GCA_018894595.1	0.116969829552113
S__GCA_012974295.1	S__GCA_018894595.1	0.111550108921722
S__GCA_013138755.1	S__GCA_018894595.1	0.122626221672823
S__GCA_013203755.1	S__GCA_018894595.1	0.128527489201597
S__GCA_014382715.1	S__GCA_018894595.1	0.108684423612401
S__GCA_015222065.1	S__GCA_018894595.1	0.144276709315745
S__GCA_016785005.1	S__GCA_018894595.1	0.128445674336169
S__GCA_018700215.1	S__GCA_018894595.1	0.135329663604475
S__GCA_018828925.1	S__GCA_018894595.1	0.148276971440132
S__3300024353_106	S__GCA_018896565.1	0.111623138964578
S__3300024433_34	S__GCA_018896565.1	0.125696583958449
S__GCA_001773955.1	S__GCA_018896565.1	0.128599390718736
S__GCA_003527405.1	S__GCA_018896565.1	0.108922631114179
S__GCA_003575245.1	S__GCA_018896565.1	0.113715485208104
S__GCA_004377275.1	S__GCA_018896565.1	0.161761709575752
S__GCA_012974475.1	S__GCA_018896565.1	0.110024617040116
S__GCA_013138755.1	S__GCA_018896565.1	0.113955335997446
S__GCA_013139435.1	S__GCA_018896565.1	0.149276207944866
S__GCA_013139935.1	S__GCA_018896565.1	0.121974200818703
S__GCA_013375475.1	S__GCA_018896565.1	0.114147292569832
S__GCA_013619005.1	S__GCA_018896565.1	0.135808951759728
S__3300024353_29	S__GCA_018903015.1	0.114708015693733
S__3300024353_30	S__GCA_018903015.1	0.145168534201136
S__3300024353_49	S__GCA_018903015.1	0.109730277596451
S__3300024433_34	S__GCA_018903015.1	0.11767682417767
S__3300027839_66	S__GCA_018903015.1	0.110514426738832
S__GCA_000405345.1	S__GCA_018903015.1	0.120550330194885
S__GCA_000405605.1	S__GCA_018903015.1	0.115114563949406
S__GCA_003451675.1	S__GCA_018903015.1	0.120236129248596
S__GCA_003575245.1	S__GCA_018903015.1	0.171710051793084
S__GCA_004356335.1	S__GCA_018903015.1	0.116990595136908
S__GCA_004375715.1	S__GCA_018903015.1	0.115480398792834
S__GCA_004377275.1	S__GCA_018903015.1	0.125424482384249
S__GCA_004525335.1	S__GCA_018903015.1	0.133002629733755
S__GCA_005223125.1	S__GCA_018903015.1	0.120026641064451
S__GCA_009619015.1	S__GCA_018903015.1	0.122879853063411
S__GCA_012974295.1	S__GCA_018903015.1	0.148105706168059
S__GCA_012974475.1	S__GCA_018903015.1	0.1162787797449
S__GCA_013138755.1	S__GCA_018903015.1	0.150415437701685
S__GCA_013139195.1	S__GCA_018903015.1	0.113653563759455
S__GCA_013139435.1	S__GCA_018903015.1	0.120736959642579
S__GCA_013203755.1	S__GCA_018903015.1	0.111353355056604
S__GCA_013619005.1	S__GCA_018903015.1	0.127686534984563
S__GCA_015222065.1	S__GCA_018903015.1	0.138385067285781
S__GCA_016783455.1	S__GCA_018903015.1	0.110493525332919
S__GCA_018812385.1	S__GCA_018903015.1	0.133364222745836
S__GCA_018828925.1	S__GCA_018903015.1	0.117252544613298
S__GCA_018894595.1	S__GCA_018903015.1	0.131485192437254
S__GCA_018896565.1	S__GCA_018903015.1	0.109487996558853
S__3300024433_34	S__GCA_019057575.1	0.122002403462792
S__GCA_003575245.1	S__GCA_019057575.1	0.112345251047351
S__GCA_004375715.1	S__GCA_019057575.1	0.118263016245743
S__GCA_004377275.1	S__GCA_019057575.1	0.115656079798882
S__GCA_004525335.1	S__GCA_019057575.1	0.117540362699912
S__GCA_005223125.1	S__GCA_019057575.1	0.15268671538543
S__GCA_009619015.1	S__GCA_019057575.1	0.11733984784286
S__GCA_013138755.1	S__GCA_019057575.1	0.131600316716642
S__GCA_013139435.1	S__GCA_019057575.1	0.108366422126039
S__GCA_013375475.1	S__GCA_019057575.1	0.193013045986963
S__GCA_013375485.1	S__GCA_019057575.1	0.195509566400004
S__GCA_013375495.1	S__GCA_019057575.1	0.157328238666808
S__GCA_018238625.1	S__GCA_019057575.1	0.194447142454661
S__GCA_018820345.1	S__GCA_019057575.1	0.142659857254233
S__GCA_018896565.1	S__GCA_019057575.1	0.120184774380814
S__3300024433_34	S__GCA_019057735.1	0.114710120218205
S__3300027839_66	S__GCA_019057735.1	0.135050019248172
S__GCA_003575245.1	S__GCA_019057735.1	0.121686621556541
S__GCA_004356335.1	S__GCA_019057735.1	0.117320369182615
S__GCA_004375715.1	S__GCA_019057735.1	0.156802629232718
S__GCA_005222975.1	S__GCA_019057735.1	0.113394658337466
S__GCA_005223125.1	S__GCA_019057735.1	0.203840525777854
S__GCA_013138755.1	S__GCA_019057735.1	0.132140419229413
S__GCA_013375475.1	S__GCA_019057735.1	0.239720927650988
S__GCA_013375485.1	S__GCA_019057735.1	0.218321329836134
S__GCA_013375495.1	S__GCA_019057735.1	0.199917131984869
S__GCA_018238625.1	S__GCA_019057735.1	0.217295643276634
S__GCA_018820345.1	S__GCA_019057735.1	0.117556123125683
S__GCA_018896565.1	S__GCA_019057735.1	0.11301560368952
S__GCA_018903015.1	S__GCA_019057735.1	0.108962167916618
S__GCA_019057575.1	S__GCA_019057735.1	0.180836441772707
S__3300024353_30	S__GCA_019057795.1	0.118799283327508
S__3300024433_34	S__GCA_019057795.1	0.10818295522566
S__3300027839_66	S__GCA_019057795.1	0.123360947652016
S__GCA_003575245.1	S__GCA_019057795.1	0.139867626618255
S__GCA_004356335.1	S__GCA_019057795.1	0.134039094240241
S__GCA_004375715.1	S__GCA_019057795.1	0.161503995612909
S__GCA_004525335.1	S__GCA_019057795.1	0.115849557367032
S__GCA_005223125.1	S__GCA_019057795.1	0.186710402242997
S__GCA_009619015.1	S__GCA_019057795.1	0.121956916476334
S__GCA_012974295.1	S__GCA_019057795.1	0.113370734847517
S__GCA_013138755.1	S__GCA_019057795.1	0.142178692249573
S__GCA_013375475.1	S__GCA_019057795.1	0.190737284425084
S__GCA_013375485.1	S__GCA_019057795.1	0.154121797439371
S__GCA_013375495.1	S__GCA_019057795.1	0.14434866624021
S__GCA_015222065.1	S__GCA_019057795.1	0.127846194027656
S__GCA_018238625.1	S__GCA_019057795.1	0.153634447065927
S__GCA_018820345.1	S__GCA_019057795.1	0.117482366289035
S__GCA_018894595.1	S__GCA_019057795.1	0.123223855809448
S__GCA_018903015.1	S__GCA_019057795.1	0.128756157410014
S__GCA_019057575.1	S__GCA_019057795.1	0.157795512822199
S__GCA_019057735.1	S__GCA_019057795.1	0.195895913327166
S__GCA_005223125.1	S__GCA_019057865.1	0.130010705890664
S__GCA_013375475.1	S__GCA_019057865.1	0.2196779625998
S__GCA_013375485.1	S__GCA_019057865.1	0.233044552105709
S__GCA_013375495.1	S__GCA_019057865.1	0.140986094796261
S__GCA_018238625.1	S__GCA_019057865.1	0.235147934534864
S__GCA_019057575.1	S__GCA_019057865.1	0.169617003068063
S__GCA_019057735.1	S__GCA_019057865.1	0.177856261907911
S__GCA_019057795.1	S__GCA_019057865.1	0.130586419692814
S__GCA_004377275.1	S__GCA_019057915.1	0.116228202576702
S__GCA_013375475.1	S__GCA_019057915.1	0.163764397904276
S__GCA_013375485.1	S__GCA_019057915.1	0.169409125351716
S__GCA_018238625.1	S__GCA_019057915.1	0.170572785996352
S__GCA_019057575.1	S__GCA_019057915.1	0.140235443781162
S__GCA_019057735.1	S__GCA_019057915.1	0.138233198452938
S__3300024433_34	S__GCA_019057955.1	0.108784657282495
S__GCA_003575245.1	S__GCA_019057955.1	0.111169210205283
S__GCA_005223125.1	S__GCA_019057955.1	0.175043978568682
S__GCA_012974295.1	S__GCA_019057955.1	0.110648627513511
S__GCA_013138755.1	S__GCA_019057955.1	0.144297885530712
S__GCA_013375475.1	S__GCA_019057955.1	0.202041866168628
S__GCA_013375485.1	S__GCA_019057955.1	0.198505891281705
S__GCA_013375495.1	S__GCA_019057955.1	0.128035485387765
S__GCA_018238625.1	S__GCA_019057955.1	0.200113118065419
S__GCA_019057575.1	S__GCA_019057955.1	0.176256526944983
S__GCA_019057735.1	S__GCA_019057955.1	0.190785554242311
S__GCA_019057795.1	S__GCA_019057955.1	0.153266927772643
S__GCA_019057865.1	S__GCA_019057955.1	0.114672065657091
S__GCA_000405345.1	S__GCA_019057975.1	0.121898306920688
S__GCA_003575245.1	S__GCA_019057975.1	0.125178032024332
S__GCA_004375715.1	S__GCA_019057975.1	0.113880646935966
S__GCA_005223125.1	S__GCA_019057975.1	0.146402410852135
S__GCA_009619015.1	S__GCA_019057975.1	0.110905797117961
S__GCA_012974295.1	S__GCA_019057975.1	0.109148670094398
S__GCA_013138755.1	S__GCA_019057975.1	0.12495881722778
S__GCA_013375475.1	S__GCA_019057975.1	0.113361487448276
S__GCA_018828925.1	S__GCA_019057975.1	0.126804868561431
S__GCA_018894595.1	S__GCA_019057975.1	0.140553298429132
S__GCA_018903015.1	S__GCA_019057975.1	0.118856161557887
S__GCA_019057735.1	S__GCA_019057975.1	0.130591330289884
S__GCA_019057795.1	S__GCA_019057975.1	0.143056500208538
S__3300021511_7	S__GCA_019058035.1	0.120983678796192
S__3300024353_106	S__GCA_019058035.1	0.139650625670072
S__3300024353_29	S__GCA_019058035.1	0.125919550029118
S__3300024433_34	S__GCA_019058035.1	0.130236377549459
S__3300027839_66	S__GCA_019058035.1	0.122517946905848
S__3300027858_23	S__GCA_019058035.1	0.125278506360363
S__GCA_001773955.1	S__GCA_019058035.1	0.142472160510978
S__GCA_004376485.1	S__GCA_019058035.1	0.110608714196336
S__GCA_004377275.1	S__GCA_019058035.1	0.141485730400955
S__GCA_004525335.1	S__GCA_019058035.1	0.131504566646744
S__GCA_005223125.1	S__GCA_019058035.1	0.133449437267372
S__GCA_009619015.1	S__GCA_019058035.1	0.1112918848354
S__GCA_012974475.1	S__GCA_019058035.1	0.112913744979092
S__GCA_013138755.1	S__GCA_019058035.1	0.123444064196985
S__GCA_013139195.1	S__GCA_019058035.1	0.118768045730976
S__GCA_013139435.1	S__GCA_019058035.1	0.131672473239769
S__GCA_013139935.1	S__GCA_019058035.1	0.139848778836569
S__GCA_013203065.1	S__GCA_019058035.1	0.132046482730206
S__GCA_013375475.1	S__GCA_019058035.1	0.171902926131032
S__GCA_013375485.1	S__GCA_019058035.1	0.186454988680296
S__GCA_013375495.1	S__GCA_019058035.1	0.148338923338175
S__GCA_013619005.1	S__GCA_019058035.1	0.127338340256744
S__GCA_014764495.1	S__GCA_019058035.1	0.114369046343527
S__GCA_014894735.1	S__GCA_019058035.1	0.119443461311079
S__GCA_016840385.1	S__GCA_019058035.1	0.140155138333109
S__GCA_018238625.1	S__GCA_019058035.1	0.18607748613985
S__GCA_018820345.1	S__GCA_019058035.1	0.148884900091441
S__GCA_018896565.1	S__GCA_019058035.1	0.154920004629706
S__GCA_019057575.1	S__GCA_019058035.1	0.199722456688317
S__GCA_019057735.1	S__GCA_019058035.1	0.160595743238015
S__GCA_019057795.1	S__GCA_019058035.1	0.131782439861223
S__GCA_019057865.1	S__GCA_019058035.1	0.162127219125819
S__GCA_019057915.1	S__GCA_019058035.1	0.171362746495305
S__GCA_019057955.1	S__GCA_019058035.1	0.171939400094198
S__3300024433_34	S__GCA_019058095.1	0.118771155446895
S__3300027839_66	S__GCA_019058095.1	0.113605261323496
S__GCA_003575245.1	S__GCA_019058095.1	0.113477951217492
S__GCA_004377275.1	S__GCA_019058095.1	0.120181585745976
S__GCA_005223125.1	S__GCA_019058095.1	0.145452925043733
S__GCA_013138755.1	S__GCA_019058095.1	0.134686622246576
S__GCA_013139435.1	S__GCA_019058095.1	0.114022809287629
S__GCA_013375475.1	S__GCA_019058095.1	0.208048639411071
S__GCA_013375485.1	S__GCA_019058095.1	0.221329344199129
S__GCA_013375495.1	S__GCA_019058095.1	0.173971706940391
S__GCA_018238625.1	S__GCA_019058095.1	0.223118897957965
S__GCA_019057575.1	S__GCA_019058095.1	0.154617656708577
S__GCA_019057735.1	S__GCA_019058095.1	0.1760026362228
S__GCA_019057795.1	S__GCA_019058095.1	0.136168083851102
S__GCA_019057865.1	S__GCA_019058095.1	0.146244162333191
S__GCA_019057915.1	S__GCA_019058095.1	0.159435123976248
S__GCA_019057955.1	S__GCA_019058095.1	0.159528015050673
S__GCA_019058035.1	S__GCA_019058095.1	0.166466851977756
S__3300024353_106	S__GCA_019058135.1	0.12656025566024
S__3300024353_29	S__GCA_019058135.1	0.14245442813149
S__3300024353_30	S__GCA_019058135.1	0.153836445049514
S__3300024353_49	S__GCA_019058135.1	0.120495238182859
S__3300024433_34	S__GCA_019058135.1	0.150139282673741
S__3300027839_66	S__GCA_019058135.1	0.164274114608906
S__3300027858_23	S__GCA_019058135.1	0.134107018151919
S__GCA_000405345.1	S__GCA_019058135.1	0.111604506263121
S__GCA_000405605.1	S__GCA_019058135.1	0.11993639996549
S__GCA_003451675.1	S__GCA_019058135.1	0.126059717525752
S__GCA_003575245.1	S__GCA_019058135.1	0.1665916599947
S__GCA_003648635.1	S__GCA_019058135.1	0.109708719670865
S__GCA_004356335.1	S__GCA_019058135.1	0.160664068615537
S__GCA_004375715.1	S__GCA_019058135.1	0.201803747612731
S__GCA_004377275.1	S__GCA_019058135.1	0.127444368743527
S__GCA_004525335.1	S__GCA_019058135.1	0.16720448678355
S__GCA_005222975.1	S__GCA_019058135.1	0.138682579080529
S__GCA_005223125.1	S__GCA_019058135.1	0.237033382827067
S__GCA_009619015.1	S__GCA_019058135.1	0.153297068325822
S__GCA_012974295.1	S__GCA_019058135.1	0.152548399756404
S__GCA_012974475.1	S__GCA_019058135.1	0.121367433658764
S__GCA_013138755.1	S__GCA_019058135.1	0.173570662946469
S__GCA_013139195.1	S__GCA_019058135.1	0.108818931144218
S__GCA_013139435.1	S__GCA_019058135.1	0.125367524310079
S__GCA_013139935.1	S__GCA_019058135.1	0.113456389802633
S__GCA_013203065.1	S__GCA_019058135.1	0.120167494953027
S__GCA_013203755.1	S__GCA_019058135.1	0.118623803036455
S__GCA_013375475.1	S__GCA_019058135.1	0.281187937604714
S__GCA_013375485.1	S__GCA_019058135.1	0.257355780676197
S__GCA_013375495.1	S__GCA_019058135.1	0.23101856137592
S__GCA_013619005.1	S__GCA_019058135.1	0.111293316888925
S__GCA_015222065.1	S__GCA_019058135.1	0.145745661413384
S__GCA_016783455.1	S__GCA_019058135.1	0.108348718734767
S__GCA_016840385.1	S__GCA_019058135.1	0.126027454280473
S__GCA_018238625.1	S__GCA_019058135.1	0.256338364397932
S__GCA_018700215.1	S__GCA_019058135.1	0.132678799655977
S__GCA_018812385.1	S__GCA_019058135.1	0.127431704368285
S__GCA_018820345.1	S__GCA_019058135.1	0.173324529148798
S__GCA_018828925.1	S__GCA_019058135.1	0.113253216676529
S__GCA_018894595.1	S__GCA_019058135.1	0.13036879380218
S__GCA_018896565.1	S__GCA_019058135.1	0.151584029867525
S__GCA_018903015.1	S__GCA_019058135.1	0.160168196215343
S__GCA_019057575.1	S__GCA_019058135.1	0.239590299788177
S__GCA_019057735.1	S__GCA_019058135.1	0.268678484927882
S__GCA_019057795.1	S__GCA_019058135.1	0.246680721698658
S__GCA_019057865.1	S__GCA_019058135.1	0.214178743265888
S__GCA_019057915.1	S__GCA_019058135.1	0.179219575762208
S__GCA_019057955.1	S__GCA_019058135.1	0.231614114301758
S__GCA_019057975.1	S__GCA_019058135.1	0.164469394642957
S__GCA_019058035.1	S__GCA_019058135.1	0.198867445372866
S__GCA_019058095.1	S__GCA_019058135.1	0.219067069199188
S__GCA_016777095.1	S__GCA_900197625.1	0.128177725967426
S__3300000179_4	S__GCA_902512375.1	0.13729159285017
S__3300001683_21	S__GCA_902512375.1	0.111479889794253
S__3300001683_28	S__GCA_902512375.1	0.200868386698066
S__3300001683_31	S__GCA_902512375.1	0.141033239753408
S__3300001683_4	S__GCA_902512375.1	0.193053208878947
S__3300006311_3	S__GCA_902512375.1	0.111609275924286
S__3300020187_18	S__GCA_902512375.1	0.167870752192199
S__3300020263_16	S__GCA_902512375.1	0.162271557239746
S__3300020303_5	S__GCA_902512375.1	0.117537058990441
S__3300020389_17	S__GCA_902512375.1	0.197427018926806
S__3300020389_47	S__GCA_902512375.1	0.177182491723867
S__3300022920_20	S__GCA_902512375.1	0.120759994905302
S__3300024058_15	S__GCA_902512375.1	0.112225652234542
S__3300024516_18	S__GCA_902512375.1	0.154114541049027
S__3300024516_26	S__GCA_902512375.1	0.1753336381015
S__3300024516_38	S__GCA_902512375.1	0.132882278292954
S__3300025276_12	S__GCA_902512375.1	0.153018017806675
S__3300025690_38	S__GCA_902512375.1	0.116062799376571
S__3300025892_34	S__GCA_902512375.1	0.125793647181383
S__3300025894_53	S__GCA_902512375.1	0.184622244896051
S__3300026080_15	S__GCA_902512375.1	0.111373648699276
S__3300026087_14	S__GCA_902512375.1	0.123328796670421
S__3300026108_2	S__GCA_902512375.1	0.161997598548519
S__3300026108_4	S__GCA_902512375.1	0.112928616817541
S__3300026119_8	S__GCA_902512375.1	0.157584751630946
S__3300026253_28	S__GCA_902512375.1	0.11312408199273
S__3300026253_8	S__GCA_902512375.1	0.168732432488807
S__3300026264_29	S__GCA_902512375.1	0.132479472633498
S__3300026264_34	S__GCA_902512375.1	0.121666434262734
S__3300026267_11	S__GCA_902512375.1	0.142131135914047
S__3300027668_18	S__GCA_902512375.1	0.181040876525646
S__3300027685_11	S__GCA_902512375.1	0.107900731168054
S__3300027685_16	S__GCA_902512375.1	0.141048388739669
S__3300027685_31	S__GCA_902512375.1	0.172950687019328
S__3300027685_36	S__GCA_902512375.1	0.156065145121297
S__3300027687_20	S__GCA_902512375.1	0.138983917036886
S__3300027687_7	S__GCA_902512375.1	0.115165598662573
S__3300027700_13	S__GCA_902512375.1	0.128827902191529
S__3300027752_17	S__GCA_902512375.1	0.176348356153615
S__3300027771_26	S__GCA_902512375.1	0.172416514779652
S__3300027779_22	S__GCA_902512375.1	0.187128948028782
S__3300027779_26	S__GCA_902512375.1	0.123483971559755
S__3300027779_27	S__GCA_902512375.1	0.135600705748515
S__3300027780_12	S__GCA_902512375.1	0.188445588154522
S__3300027788_10	S__GCA_902512375.1	0.161072845260432
S__3300027791_27	S__GCA_902512375.1	0.166208454258645
S__3300027801_21	S__GCA_902512375.1	0.209863708857939
S__3300027801_7	S__GCA_902512375.1	0.179462653997637
S__3300027810_12	S__GCA_902512375.1	0.166274702264344
S__3300027827_16	S__GCA_902512375.1	0.189810198655846
S__3300027838_66	S__GCA_902512375.1	0.1873269957108
S__3300027838_7	S__GCA_902512375.1	0.201944792808741
S__3300027844_42	S__GCA_902512375.1	0.148983703326461
S__3300027844_72	S__GCA_902512375.1	0.188757019005052
S__3300027844_79	S__GCA_902512375.1	0.218986895177455
S__3300027847_13	S__GCA_902512375.1	0.211651563420171
S__3300027847_4	S__GCA_902512375.1	0.130815874485055
S__3300027847_80	S__GCA_902512375.1	0.159038645238832
S__3300027849_41	S__GCA_902512375.1	0.158883316295876
S__3300027883_17	S__GCA_902512375.1	0.144309938310189
S__3300027997_10	S__GCA_902512375.1	0.156788018714302
S__GCA_000213395.2	S__GCA_902512375.1	0.201270217079047
S__GCA_000383355.1	S__GCA_902512375.1	0.160470258262361
S__GCA_000402075.1	S__GCA_902512375.1	0.119570008192469
S__GCA_001437625.1	S__GCA_902512375.1	0.153838419186607
S__GCA_001542995.1	S__GCA_902512375.1	0.124032944602613
S__GCA_001543015.1	S__GCA_902512375.1	0.116831604831995
S__GCA_001643555.1	S__GCA_902512375.1	0.139170265871069
S__GCA_002082295.1	S__GCA_902512375.1	0.158064308282323
S__GCA_002313235.1	S__GCA_902512375.1	0.129963897566726
S__GCA_002317795.1	S__GCA_902512375.1	0.11042620612241
S__GCA_002390675.1	S__GCA_902512375.1	0.139910458500439
S__GCA_002401955.1	S__GCA_902512375.1	0.178573449820442
S__GCA_002499015.1	S__GCA_902512375.1	0.194769406040732
S__GCA_002712885.1	S__GCA_902512375.1	0.158848734322608
S__GCA_002862985.1	S__GCA_902512375.1	0.21029103592643
S__GCA_003229345.1	S__GCA_902512375.1	0.179283338028833
S__GCA_003230615.1	S__GCA_902512375.1	0.171419229572742
S__GCA_003509045.1	S__GCA_902512375.1	0.152713255564773
S__GCA_003672175.1	S__GCA_902512375.1	0.115476207272769
S__GCA_004356455.1	S__GCA_902512375.1	0.108125006970261
S__GCA_004356825.1	S__GCA_902512375.1	0.132047202670381
S__GCA_004356895.1	S__GCA_902512375.1	0.173715637786444
S__GCA_008974855.1	S__GCA_902512375.1	0.139571036563019
S__GCA_009936995.1	S__GCA_902512375.1	0.133731056527794
S__GCA_009937205.1	S__GCA_902512375.1	0.178317570053505
S__GCA_012959275.1	S__GCA_902512375.1	0.146667713257229
S__GCA_012959845.1	S__GCA_902512375.1	0.128396566561175
S__GCA_012960505.1	S__GCA_902512375.1	0.150009897501758
S__GCA_012960805.1	S__GCA_902512375.1	0.192363905803185
S__GCA_012960835.1	S__GCA_902512375.1	0.240695383608058
S__GCA_012964335.1	S__GCA_902512375.1	0.197298793648568
S__GCA_012964845.1	S__GCA_902512375.1	0.138001595524246
S__GCA_012966015.1	S__GCA_902512375.1	0.16972862470101
S__GCA_012974435.1	S__GCA_902512375.1	0.130654983963518
S__GCA_013203245.1	S__GCA_902512375.1	0.115003084508504
S__GCA_013214205.1	S__GCA_902512375.1	0.147872438383695
S__GCA_013215285.1	S__GCA_902512375.1	0.166066239692347
S__GCA_013390475.1	S__GCA_902512375.1	0.111038856311354
S__GCA_013911135.1	S__GCA_902512375.1	0.141695187655713
S__GCA_014237975.1	S__GCA_902512375.1	0.188692315352858
S__GCA_014238335.1	S__GCA_902512375.1	0.17669270539003
S__GCA_014238785.1	S__GCA_902512375.1	0.206328947173514
S__GCA_014239685.1	S__GCA_902512375.1	0.178650903716779
S__GCA_014240055.1	S__GCA_902512375.1	0.121680742567893
S__GCA_014384445.1	S__GCA_902512375.1	0.184662612131862
S__GCA_014384505.1	S__GCA_902512375.1	0.160514601926105
S__GCA_015659595.1	S__GCA_902512375.1	0.186595282793532
S__GCA_016276965.1	S__GCA_902512375.1	0.137509589569235
S__GCA_016776815.1	S__GCA_902512375.1	0.131339317945588
S__GCA_016777225.1	S__GCA_902512375.1	0.133968810009614
S__GCA_016838825.1	S__GCA_902512375.1	0.110371577395852
S__GCA_018645865.1	S__GCA_902512375.1	0.180889073769637
S__GCA_018647945.1	S__GCA_902512375.1	0.189703113887739
S__GCA_018658605.1	S__GCA_902512375.1	0.191700223122849
S__GCA_018661165.1	S__GCA_902512375.1	0.158757948082362
S__GCA_018666495.1	S__GCA_902512375.1	0.19043379369826
S__GCA_018672475.1	S__GCA_902512375.1	0.241225956800183
S__GCA_018675825.1	S__GCA_902512375.1	0.174084066306776
S__GCA_018696455.1	S__GCA_902512375.1	0.162511015119418
S__GCA_018699155.1	S__GCA_902512375.1	0.141520298364128
S__GCA_018702595.1	S__GCA_902512375.1	0.176923841203829
S__3300027839_78	S__GCA_902512485.1	0.187758209152246
S__3300027844_92	S__GCA_902512485.1	0.25889612609468
S__3300027847_31	S__GCA_902512485.1	0.116440675158947
S__3300027847_53	S__GCA_902512485.1	0.121508927335662
S__GCA_002311835.1	S__GCA_902512485.1	0.129886297543764
S__GCA_002341135.1	S__GCA_902512485.1	0.139324839098768
S__GCA_002705605.1	S__GCA_902512485.1	0.118282891772348
S__GCA_002719675.1	S__GCA_902512485.1	0.119144456510515
S__GCA_003228095.2	S__GCA_902512485.1	0.218449696686572
S__GCA_003228125.1	S__GCA_902512485.1	0.201017398991943
S__GCA_003228195.2	S__GCA_902512485.1	0.213170055795746
S__GCA_015658495.1	S__GCA_902512485.1	0.109312051394476
S__3300027838_7	S__GCA_902514095.1	0.124233320901602
S__3300027847_13	S__GCA_902514095.1	0.126465085246306
S__GCA_000213395.2	S__GCA_902514095.1	0.110810936520047
S__GCA_002862985.1	S__GCA_902514095.1	0.110193513461567
S__GCA_012960835.1	S__GCA_902514095.1	0.140201237196953
S__GCA_014237975.1	S__GCA_902514095.1	0.118510204921982
S__GCA_014238785.1	S__GCA_902514095.1	0.122567371592242
S__GCA_018647945.1	S__GCA_902514095.1	0.119256265474017
S__GCA_018658605.1	S__GCA_902514095.1	0.116137952684287
S__GCA_018666495.1	S__GCA_902514095.1	0.121268636974403
S__GCA_018672475.1	S__GCA_902514095.1	0.13022921003248
S__GCA_902512375.1	S__GCA_902514095.1	0.112079813350689
S__3300027839_78	S__GCA_902590845.1	0.150670340751955
S__3300027844_92	S__GCA_902590845.1	0.218298540794319
S__GCA_002341135.1	S__GCA_902590845.1	0.131854737148546
S__GCA_002719675.1	S__GCA_902590845.1	0.159781602101585
S__GCA_003228095.2	S__GCA_902590845.1	0.177361773030977
S__GCA_003228125.1	S__GCA_902590845.1	0.201689707705898
S__GCA_003228195.2	S__GCA_902590845.1	0.202479583840227
S__GCA_009391235.1	S__GCA_902590845.1	0.185191364725317
S__GCA_014240435.1	S__GCA_902590845.1	0.121632175785316
S__GCA_014381415.1	S__GCA_902590845.1	0.183764818458637
S__GCA_015658495.1	S__GCA_902590845.1	0.11580335540325
S__3300025890_25	S__GCA_902607585.1	0.121311453661215
S__3300027839_78	S__GCA_902607585.1	0.17532236387517
S__3300027844_92	S__GCA_902607585.1	0.239016812335286
S__3300027847_31	S__GCA_902607585.1	0.113121786978972
S__3300027847_53	S__GCA_902607585.1	0.113406882141407
S__GCA_002311835.1	S__GCA_902607585.1	0.1233571427672
S__GCA_002341135.1	S__GCA_902607585.1	0.129108816612808
S__GCA_002719675.1	S__GCA_902607585.1	0.114554821442297
S__GCA_003228095.2	S__GCA_902607585.1	0.201608971784928
S__GCA_003228125.1	S__GCA_902607585.1	0.191117432726833
S__GCA_003228195.2	S__GCA_902607585.1	0.196809185284275
S__GCA_902512485.1	S__GCA_902607585.1	0.123212137929924
S__3300027838_7	S__GCA_902608305.1	0.108824475233421
S__3300027847_13	S__GCA_902608305.1	0.111706208512557
S__GCA_012960835.1	S__GCA_902608305.1	0.116755171917382
S__GCA_018672475.1	S__GCA_902608305.1	0.110501994844738
S__3300001683_28	S__GCA_905181595.1	0.129050293465957
S__3300001683_4	S__GCA_905181595.1	0.121652869812286
S__3300020263_16	S__GCA_905181595.1	0.132340121930564
S__3300020389_17	S__GCA_905181595.1	0.128769007531906
S__3300020389_47	S__GCA_905181595.1	0.132051044426012
S__3300024516_38	S__GCA_905181595.1	0.118651971403181
S__3300026253_8	S__GCA_905181595.1	0.146868279131339
S__3300027685_31	S__GCA_905181595.1	0.108065237139027
S__3300027752_17	S__GCA_905181595.1	0.133147723781975
S__3300027779_22	S__GCA_905181595.1	0.161171801675533
S__3300027780_12	S__GCA_905181595.1	0.110627670068343
S__3300027801_21	S__GCA_905181595.1	0.15492535762213
S__3300027827_16	S__GCA_905181595.1	0.134875121124802
S__3300027838_66	S__GCA_905181595.1	0.13783407735158
S__3300027838_7	S__GCA_905181595.1	0.150244859637187
S__3300027844_72	S__GCA_905181595.1	0.123970910646673
S__3300027844_79	S__GCA_905181595.1	0.122042544921809
S__3300027847_13	S__GCA_905181595.1	0.154263975842975
S__GCA_000213395.2	S__GCA_905181595.1	0.153136033997488
S__GCA_001437625.1	S__GCA_905181595.1	0.108593548647451
S__GCA_002862985.1	S__GCA_905181595.1	0.157982495977325
S__GCA_004356825.1	S__GCA_905181595.1	0.113668290757824
S__GCA_012960805.1	S__GCA_905181595.1	0.1533933109488
S__GCA_012960835.1	S__GCA_905181595.1	0.187371826666814
S__GCA_012964335.1	S__GCA_905181595.1	0.151086902202904
S__GCA_013215285.1	S__GCA_905181595.1	0.109463877001912
S__GCA_013911135.1	S__GCA_905181595.1	0.110772833857427
S__GCA_014237975.1	S__GCA_905181595.1	0.142563976693649
S__GCA_014238785.1	S__GCA_905181595.1	0.1489857932574
S__GCA_014384445.1	S__GCA_905181595.1	0.134011464803179
S__GCA_014384505.1	S__GCA_905181595.1	0.11233996925086
S__GCA_018645865.1	S__GCA_905181595.1	0.125637345875075
S__GCA_018647945.1	S__GCA_905181595.1	0.141269953281319
S__GCA_018658605.1	S__GCA_905181595.1	0.137435917177807
S__GCA_018666495.1	S__GCA_905181595.1	0.144209304071567
S__GCA_018672475.1	S__GCA_905181595.1	0.188830097444911
S__GCA_902512375.1	S__GCA_905181595.1	0.173609897434048
S__3300020389_47	S__GCA_905181625.1	0.12202380000329
S__3300027779_27	S__GCA_905181625.1	0.114486635137868
S__3300027838_66	S__GCA_905181625.1	0.130600363054755
S__3300027838_7	S__GCA_905181625.1	0.117149881539551
S__3300027847_13	S__GCA_905181625.1	0.129992094921485
S__3300027849_41	S__GCA_905181625.1	0.109928117920741
S__GCA_000213395.2	S__GCA_905181625.1	0.11073257854486
S__GCA_012960835.1	S__GCA_905181625.1	0.136028923585346
S__GCA_014238785.1	S__GCA_905181625.1	0.112934751974385
S__GCA_014384445.1	S__GCA_905181625.1	0.129277384488148
S__GCA_018666495.1	S__GCA_905181625.1	0.116222100775534
S__GCA_018672475.1	S__GCA_905181625.1	0.144584302406974
S__GCA_902512375.1	S__GCA_905181625.1	0.128523499573874
S__3300001683_4	S__GCA_905181635.1	0.125831142084434
S__3300020389_17	S__GCA_905181635.1	0.111431423287123
S__3300020389_47	S__GCA_905181635.1	0.156083533604609
S__3300027668_18	S__GCA_905181635.1	0.113544326523426
S__3300027685_31	S__GCA_905181635.1	0.128360805603582
S__3300027779_27	S__GCA_905181635.1	0.121225391786365
S__3300027780_12	S__GCA_905181635.1	0.119184883510304
S__3300027801_21	S__GCA_905181635.1	0.134048292360429
S__3300027838_66	S__GCA_905181635.1	0.171703126428189
S__3300027838_7	S__GCA_905181635.1	0.177411612060623
S__3300027844_72	S__GCA_905181635.1	0.151382433013759
S__3300027844_79	S__GCA_905181635.1	0.11150242568136
S__3300027847_13	S__GCA_905181635.1	0.187303319162338
S__3300027849_41	S__GCA_905181635.1	0.133366949536508
S__GCA_000213395.2	S__GCA_905181635.1	0.148237103324776
S__GCA_002862985.1	S__GCA_905181635.1	0.139288526417904
S__GCA_012960835.1	S__GCA_905181635.1	0.189257609958933
S__GCA_014237975.1	S__GCA_905181635.1	0.152867535635822
S__GCA_014238785.1	S__GCA_905181635.1	0.160418228658882
S__GCA_014239685.1	S__GCA_905181635.1	0.122605640134224
S__GCA_014384445.1	S__GCA_905181635.1	0.171163826297736
S__GCA_018645865.1	S__GCA_905181635.1	0.154826088871972
S__GCA_018647945.1	S__GCA_905181635.1	0.150040029378415
S__GCA_018658605.1	S__GCA_905181635.1	0.140134370276529
S__GCA_018666495.1	S__GCA_905181635.1	0.168502203394919
S__GCA_018672475.1	S__GCA_905181635.1	0.186191574054355
S__GCA_018702595.1	S__GCA_905181635.1	0.111476223181275
S__GCA_902512375.1	S__GCA_905181635.1	0.159706092126786
S__GCA_018647945.1	S__GCA_905181655.1	0.115668238476032
S__GCA_018696455.1	S__GCA_905181655.1	0.11315529737498
S__3300020389_47	S__GCA_905181705.1	0.125093411787778
S__3300027801_21	S__GCA_905181705.1	0.111417644439327
S__3300027838_66	S__GCA_905181705.1	0.121237113641841
S__3300027838_7	S__GCA_905181705.1	0.153512785554498
S__3300027844_72	S__GCA_905181705.1	0.125170454169664
S__3300027847_13	S__GCA_905181705.1	0.156562507081254
S__GCA_000213395.2	S__GCA_905181705.1	0.128743889183318
S__GCA_002862985.1	S__GCA_905181705.1	0.133702845889038
S__GCA_012960835.1	S__GCA_905181705.1	0.169133448159822
S__GCA_014237975.1	S__GCA_905181705.1	0.15597615173246
S__GCA_014238785.1	S__GCA_905181705.1	0.146091268365909
S__GCA_014239685.1	S__GCA_905181705.1	0.128230837409146
S__GCA_014384445.1	S__GCA_905181705.1	0.126762102712435
S__GCA_018645865.1	S__GCA_905181705.1	0.133860787367174
S__GCA_018647945.1	S__GCA_905181705.1	0.158044967575527
S__GCA_018658605.1	S__GCA_905181705.1	0.145784924304298
S__GCA_018666495.1	S__GCA_905181705.1	0.146363482888321
S__GCA_018672475.1	S__GCA_905181705.1	0.145304259568218
S__GCA_018675825.1	S__GCA_905181705.1	0.111306758380222
S__GCA_018696455.1	S__GCA_905181705.1	0.132289844274503
S__GCA_018702595.1	S__GCA_905181705.1	0.134795766055601
S__GCA_902512375.1	S__GCA_905181705.1	0.127487863622612
S__3300020389_47	S__GCA_905181765.1	0.111336016912506
S__3300026253_8	S__GCA_905181765.1	0.113861118452736
S__3300027779_22	S__GCA_905181765.1	0.138828569978318
S__3300027801_21	S__GCA_905181765.1	0.114762835689915
S__3300027838_66	S__GCA_905181765.1	0.124452400937998
S__3300027838_7	S__GCA_905181765.1	0.122516302013184
S__3300027847_13	S__GCA_905181765.1	0.129210555077035
S__GCA_000213395.2	S__GCA_905181765.1	0.120744661766462
S__GCA_002862985.1	S__GCA_905181765.1	0.111264310664394
S__GCA_012960805.1	S__GCA_905181765.1	0.113462312100619
S__GCA_012960835.1	S__GCA_905181765.1	0.146510049648821
S__GCA_012964335.1	S__GCA_905181765.1	0.12670936121159
S__GCA_014238785.1	S__GCA_905181765.1	0.120497146951996
S__GCA_014384445.1	S__GCA_905181765.1	0.121712075373735
S__GCA_014384505.1	S__GCA_905181765.1	0.11891159874335
S__GCA_018666495.1	S__GCA_905181765.1	0.116458113233766
S__GCA_018672475.1	S__GCA_905181765.1	0.156222962259449
S__GCA_902512375.1	S__GCA_905181765.1	0.14613286414014
S__3300027838_7	S__GCA_905182065.1	0.111220653425258
S__3300027847_13	S__GCA_905182065.1	0.112984422804116
S__GCA_002862985.1	S__GCA_905182065.1	0.120123145018053
S__GCA_012960835.1	S__GCA_905182065.1	0.136216594937972
S__GCA_014237975.1	S__GCA_905182065.1	0.113518290642375
S__GCA_014238785.1	S__GCA_905182065.1	0.112843584763388
S__GCA_018647945.1	S__GCA_905182065.1	0.116563511663516
S__GCA_018658605.1	S__GCA_905182065.1	0.110112287210656
S__GCA_018666495.1	S__GCA_905182065.1	0.110015405856044
S__GCA_018672475.1	S__GCA_905182065.1	0.125380976029052
S__GCA_902512375.1	S__GCA_905182065.1	0.10860577103336
S__3300020389_47	S__GCA_905182125.1	0.113224040655039
S__3300027838_66	S__GCA_905182125.1	0.127431608484585
S__3300027838_7	S__GCA_905182125.1	0.130562361847564
S__3300027844_72	S__GCA_905182125.1	0.112966208048987
S__3300027847_13	S__GCA_905182125.1	0.136750527964065
S__GCA_012960835.1	S__GCA_905182125.1	0.13380274150479
S__GCA_014237975.1	S__GCA_905182125.1	0.108543905107008
S__GCA_014238785.1	S__GCA_905182125.1	0.116147130906509
S__GCA_014384445.1	S__GCA_905182125.1	0.129793489741034
S__GCA_018645865.1	S__GCA_905182125.1	0.115670578886871
S__GCA_018647945.1	S__GCA_905182125.1	0.10810178331091
S__GCA_018666495.1	S__GCA_905182125.1	0.123500420874807
S__GCA_018672475.1	S__GCA_905182125.1	0.134010324447498
S__GCA_902512375.1	S__GCA_905182125.1	0.113688935648909
S__3300000179_4	S__GCA_905182165.1	0.140977573495903
S__3300001683_21	S__GCA_905182165.1	0.113178286991866
S__3300001683_28	S__GCA_905182165.1	0.174062930661316
S__3300001683_31	S__GCA_905182165.1	0.147851956151852
S__3300001683_4	S__GCA_905182165.1	0.192967915175915
S__3300020187_18	S__GCA_905182165.1	0.135460478854079
S__3300020263_16	S__GCA_905182165.1	0.132190842098748
S__3300020303_5	S__GCA_905182165.1	0.124529378798608
S__3300020389_17	S__GCA_905182165.1	0.186917970423695
S__3300020389_47	S__GCA_905182165.1	0.18583039248648
S__3300022920_20	S__GCA_905182165.1	0.137305738122301
S__3300024058_15	S__GCA_905182165.1	0.11338008257236
S__3300024516_18	S__GCA_905182165.1	0.148244133523417
S__3300024516_24	S__GCA_905182165.1	0.108291724054007
S__3300024516_26	S__GCA_905182165.1	0.16786108585944
S__3300024516_38	S__GCA_905182165.1	0.110597685058254
S__3300025276_12	S__GCA_905182165.1	0.120272842972708
S__3300025690_38	S__GCA_905182165.1	0.108613422844285
S__3300025892_34	S__GCA_905182165.1	0.128051198459458
S__3300025894_53	S__GCA_905182165.1	0.149740693467214
S__3300026087_14	S__GCA_905182165.1	0.114529534017409
S__3300026108_2	S__GCA_905182165.1	0.14783643170803
S__3300026108_4	S__GCA_905182165.1	0.116423475235403
S__3300026119_8	S__GCA_905182165.1	0.148586625031042
S__3300026253_8	S__GCA_905182165.1	0.139182515207584
S__3300026264_29	S__GCA_905182165.1	0.132763983153157
S__3300026267_11	S__GCA_905182165.1	0.141720743443323
S__3300027668_18	S__GCA_905182165.1	0.198600906420903
S__3300027685_11	S__GCA_905182165.1	0.12075530501525
S__3300027685_16	S__GCA_905182165.1	0.147825048176099
S__3300027685_31	S__GCA_905182165.1	0.174051746316581
S__3300027685_36	S__GCA_905182165.1	0.165001833996177
S__3300027687_20	S__GCA_905182165.1	0.118912836002107
S__3300027687_7	S__GCA_905182165.1	0.125729385921571
S__3300027700_13	S__GCA_905182165.1	0.122292837162132
S__3300027752_17	S__GCA_905182165.1	0.148051647223056
S__3300027771_26	S__GCA_905182165.1	0.178550722103452
S__3300027779_22	S__GCA_905182165.1	0.155456346115739
S__3300027779_26	S__GCA_905182165.1	0.135819712028195
S__3300027779_27	S__GCA_905182165.1	0.153523259610546
S__3300027780_12	S__GCA_905182165.1	0.196972805696299
S__3300027788_10	S__GCA_905182165.1	0.167141952806097
S__3300027791_27	S__GCA_905182165.1	0.139777629051102
S__3300027801_21	S__GCA_905182165.1	0.199123084448491
S__3300027801_7	S__GCA_905182165.1	0.164491172418106
S__3300027810_12	S__GCA_905182165.1	0.146007897476103
S__3300027827_16	S__GCA_905182165.1	0.165943106166727
S__3300027838_66	S__GCA_905182165.1	0.201226843228529
S__3300027838_7	S__GCA_905182165.1	0.217243981393161
S__3300027844_42	S__GCA_905182165.1	0.152105707549628
S__3300027844_72	S__GCA_905182165.1	0.193750439265321
S__3300027844_79	S__GCA_905182165.1	0.183523442614167
S__3300027847_13	S__GCA_905182165.1	0.224848260809985
S__3300027847_4	S__GCA_905182165.1	0.12726518660713
S__3300027847_80	S__GCA_905182165.1	0.143132178925007
S__3300027849_41	S__GCA_905182165.1	0.174434670327511
S__3300027883_17	S__GCA_905182165.1	0.126617631556302
S__3300027997_10	S__GCA_905182165.1	0.14582986719697
S__GCA_000213395.2	S__GCA_905182165.1	0.185390547816139
S__GCA_000383355.1	S__GCA_905182165.1	0.158729616065954
S__GCA_000402075.1	S__GCA_905182165.1	0.122987881556395
S__GCA_001437625.1	S__GCA_905182165.1	0.125521851986404
S__GCA_001542995.1	S__GCA_905182165.1	0.127766363329249
S__GCA_001543015.1	S__GCA_905182165.1	0.115782889039365
S__GCA_001643555.1	S__GCA_905182165.1	0.145367265294089
S__GCA_002082295.1	S__GCA_905182165.1	0.146440083229336
S__GCA_002313235.1	S__GCA_905182165.1	0.128774190479571
S__GCA_002313265.1	S__GCA_905182165.1	0.111315859781657
S__GCA_002317795.1	S__GCA_905182165.1	0.111653936905125
S__GCA_002390675.1	S__GCA_905182165.1	0.135117341638483
S__GCA_002401955.1	S__GCA_905182165.1	0.17303863122325
S__GCA_002499015.1	S__GCA_905182165.1	0.168467669304794
S__GCA_002505495.1	S__GCA_905182165.1	0.109067049958556
S__GCA_002712885.1	S__GCA_905182165.1	0.151713156423205
S__GCA_002862985.1	S__GCA_905182165.1	0.197949266736322
S__GCA_003229345.1	S__GCA_905182165.1	0.176941451114619
S__GCA_003230615.1	S__GCA_905182165.1	0.161139574067186
S__GCA_003509045.1	S__GCA_905182165.1	0.148770275202645
S__GCA_004356825.1	S__GCA_905182165.1	0.112757112726785
S__GCA_004356895.1	S__GCA_905182165.1	0.168035892105971
S__GCA_008974855.1	S__GCA_905182165.1	0.12661052880904
S__GCA_009936995.1	S__GCA_905182165.1	0.12291905681536
S__GCA_009937205.1	S__GCA_905182165.1	0.155301918144312
S__GCA_012959275.1	S__GCA_905182165.1	0.143997746590818
S__GCA_012959435.1	S__GCA_905182165.1	0.112930123162804
S__GCA_012959845.1	S__GCA_905182165.1	0.133719063503912
S__GCA_012960505.1	S__GCA_905182165.1	0.146691931928018
S__GCA_012960805.1	S__GCA_905182165.1	0.157097325021089
S__GCA_012960835.1	S__GCA_905182165.1	0.239899501256264
S__GCA_012964335.1	S__GCA_905182165.1	0.161038249861516
S__GCA_012964845.1	S__GCA_905182165.1	0.128541956517669
S__GCA_012966015.1	S__GCA_905182165.1	0.148903367917162
S__GCA_012974435.1	S__GCA_905182165.1	0.145428859085879
S__GCA_013203245.1	S__GCA_905182165.1	0.109381385649552
S__GCA_013214205.1	S__GCA_905182165.1	0.14617634847555
S__GCA_013215285.1	S__GCA_905182165.1	0.143009390614013
S__GCA_013911135.1	S__GCA_905182165.1	0.125232249799172
S__GCA_014237975.1	S__GCA_905182165.1	0.196465154423759
S__GCA_014238335.1	S__GCA_905182165.1	0.1661164415386
S__GCA_014238785.1	S__GCA_905182165.1	0.205876980443199
S__GCA_014239685.1	S__GCA_905182165.1	0.173096096791259
S__GCA_014240055.1	S__GCA_905182165.1	0.115928205654925
S__GCA_014384445.1	S__GCA_905182165.1	0.200202937486964
S__GCA_014384505.1	S__GCA_905182165.1	0.134977592542469
S__GCA_015659595.1	S__GCA_905182165.1	0.162827923455816
S__GCA_016276965.1	S__GCA_905182165.1	0.114146449613844
S__GCA_016776815.1	S__GCA_905182165.1	0.11944541401108
S__GCA_018645865.1	S__GCA_905182165.1	0.201107761495189
S__GCA_018647945.1	S__GCA_905182165.1	0.192877074439467
S__GCA_018658605.1	S__GCA_905182165.1	0.190558610501632
S__GCA_018661165.1	S__GCA_905182165.1	0.167549700057105
S__GCA_018666495.1	S__GCA_905182165.1	0.205847320250991
S__GCA_018672475.1	S__GCA_905182165.1	0.234735080251646
S__GCA_018675825.1	S__GCA_905182165.1	0.181567749903116
S__GCA_018696455.1	S__GCA_905182165.1	0.159377144487156
S__GCA_018699155.1	S__GCA_905182165.1	0.141510059310823
S__GCA_018701395.1	S__GCA_905182165.1	0.109636831083697
S__GCA_018702595.1	S__GCA_905182165.1	0.176016968408661
S__GCA_902512375.1	S__GCA_905182165.1	0.199242857834884
S__GCA_902514095.1	S__GCA_905182165.1	0.113679351589613
S__GCA_905181595.1	S__GCA_905182165.1	0.147132073342877
S__GCA_905181625.1	S__GCA_905182165.1	0.119244315280914
S__GCA_905181635.1	S__GCA_905182165.1	0.16833827543236
S__GCA_905181705.1	S__GCA_905182165.1	0.132159918470983
S__GCA_905181765.1	S__GCA_905182165.1	0.12357455004935
S__GCA_905182125.1	S__GCA_905182165.1	0.124935490027281
S__3300027779_27	S__GCA_905182195.1	0.110261037468907
S__3300000179_4	S__GCA_905182235.1	0.134510243639322
S__3300001683_21	S__GCA_905182235.1	0.108424466777862
S__3300001683_28	S__GCA_905182235.1	0.193048898752222
S__3300001683_31	S__GCA_905182235.1	0.142151748037705
S__3300001683_4	S__GCA_905182235.1	0.194726165876697
S__3300006311_3	S__GCA_905182235.1	0.109001962872202
S__3300020187_18	S__GCA_905182235.1	0.157113701079236
S__3300020263_16	S__GCA_905182235.1	0.14998963422365
S__3300020303_5	S__GCA_905182235.1	0.120175753131729
S__3300020389_17	S__GCA_905182235.1	0.195928308711115
S__3300020389_47	S__GCA_905182235.1	0.180664904032469
S__3300022920_20	S__GCA_905182235.1	0.131729229419916
S__3300024058_15	S__GCA_905182235.1	0.111656021728838
S__3300024516_18	S__GCA_905182235.1	0.157137806810458
S__3300024516_26	S__GCA_905182235.1	0.176443910403271
S__3300024516_38	S__GCA_905182235.1	0.124062078049393
S__3300025276_12	S__GCA_905182235.1	0.138229181442071
S__3300025892_34	S__GCA_905182235.1	0.123054222478151
S__3300025894_53	S__GCA_905182235.1	0.176180529128422
S__3300026080_15	S__GCA_905182235.1	0.108078864779963
S__3300026087_14	S__GCA_905182235.1	0.126024971132395
S__3300026108_2	S__GCA_905182235.1	0.161852235716265
S__3300026108_4	S__GCA_905182235.1	0.113404992251505
S__3300026119_8	S__GCA_905182235.1	0.161538269084829
S__3300026253_8	S__GCA_905182235.1	0.157153612695311
S__3300026264_29	S__GCA_905182235.1	0.135688758340666
S__3300026264_34	S__GCA_905182235.1	0.112053711888224
S__3300026267_11	S__GCA_905182235.1	0.134561031221304
S__3300027668_18	S__GCA_905182235.1	0.202686842926696
S__3300027685_11	S__GCA_905182235.1	0.116129435271146
S__3300027685_16	S__GCA_905182235.1	0.143227926186192
S__3300027685_31	S__GCA_905182235.1	0.170564692040062
S__3300027685_36	S__GCA_905182235.1	0.155877607708509
S__3300027687_20	S__GCA_905182235.1	0.139038044345976
S__3300027687_7	S__GCA_905182235.1	0.123421785755721
S__3300027700_13	S__GCA_905182235.1	0.119759694038264
S__3300027752_17	S__GCA_905182235.1	0.168632346211248
S__3300027771_26	S__GCA_905182235.1	0.170432492815045
S__3300027779_22	S__GCA_905182235.1	0.179725285614473
S__3300027779_26	S__GCA_905182235.1	0.133512747008768
S__3300027779_27	S__GCA_905182235.1	0.148158348154783
S__3300027780_12	S__GCA_905182235.1	0.202063742299817
S__3300027788_10	S__GCA_905182235.1	0.168115450756131
S__3300027791_27	S__GCA_905182235.1	0.162010867427751
S__3300027801_21	S__GCA_905182235.1	0.212915967112239
S__3300027801_7	S__GCA_905182235.1	0.180858949870196
S__3300027810_12	S__GCA_905182235.1	0.166112709750135
S__3300027827_16	S__GCA_905182235.1	0.178836377144394
S__3300027838_66	S__GCA_905182235.1	0.195848552169953
S__3300027838_7	S__GCA_905182235.1	0.202399083772331
S__3300027844_42	S__GCA_905182235.1	0.150485235151413
S__3300027844_72	S__GCA_905182235.1	0.186830636933989
S__3300027844_79	S__GCA_905182235.1	0.197884990694512
S__3300027847_13	S__GCA_905182235.1	0.21216891588295
S__3300027847_4	S__GCA_905182235.1	0.133082620122665
S__3300027847_80	S__GCA_905182235.1	0.154177254951445
S__3300027849_41	S__GCA_905182235.1	0.168623131866412
S__3300027883_17	S__GCA_905182235.1	0.149543273173413
S__3300027997_10	S__GCA_905182235.1	0.150051339428268
S__GCA_000213395.2	S__GCA_905182235.1	0.18733378251616
S__GCA_000383355.1	S__GCA_905182235.1	0.156797263976582
S__GCA_000402075.1	S__GCA_905182235.1	0.117650026476704
S__GCA_001437625.1	S__GCA_905182235.1	0.148198907351371
S__GCA_001542995.1	S__GCA_905182235.1	0.125533853404194
S__GCA_001543015.1	S__GCA_905182235.1	0.118437731831776
S__GCA_001643555.1	S__GCA_905182235.1	0.137188171038336
S__GCA_002082295.1	S__GCA_905182235.1	0.156078263143659
S__GCA_002313235.1	S__GCA_905182235.1	0.126096902302654
S__GCA_002317795.1	S__GCA_905182235.1	0.111751731841708
S__GCA_002390675.1	S__GCA_905182235.1	0.137026867029822
S__GCA_002401955.1	S__GCA_905182235.1	0.178278423902193
S__GCA_002499015.1	S__GCA_905182235.1	0.194237918997224
S__GCA_002712885.1	S__GCA_905182235.1	0.154047313778537
S__GCA_002862985.1	S__GCA_905182235.1	0.20861402164903
S__GCA_003229345.1	S__GCA_905182235.1	0.177575768778693
S__GCA_003230615.1	S__GCA_905182235.1	0.160029167833494
S__GCA_003509045.1	S__GCA_905182235.1	0.14814877221526
S__GCA_004356825.1	S__GCA_905182235.1	0.124606426026276
S__GCA_004356895.1	S__GCA_905182235.1	0.176872592132224
S__GCA_008974855.1	S__GCA_905182235.1	0.137659353953215
S__GCA_009936995.1	S__GCA_905182235.1	0.12522258010741
S__GCA_009937205.1	S__GCA_905182235.1	0.161226468694482
S__GCA_012959275.1	S__GCA_905182235.1	0.138884863583741
S__GCA_012959435.1	S__GCA_905182235.1	0.108274681691622
S__GCA_012959845.1	S__GCA_905182235.1	0.12661376967664
S__GCA_012960505.1	S__GCA_905182235.1	0.144481037455519
S__GCA_012960805.1	S__GCA_905182235.1	0.176053149463093
S__GCA_012960835.1	S__GCA_905182235.1	0.238518253087665
S__GCA_012964335.1	S__GCA_905182235.1	0.182712666710625
S__GCA_012964845.1	S__GCA_905182235.1	0.132117612529193
S__GCA_012966015.1	S__GCA_905182235.1	0.158877972418077
S__GCA_012974435.1	S__GCA_905182235.1	0.143423491687093
S__GCA_013203245.1	S__GCA_905182235.1	0.119199591457881
S__GCA_013214205.1	S__GCA_905182235.1	0.140817828255371
S__GCA_013215285.1	S__GCA_905182235.1	0.160559643962029
S__GCA_013911135.1	S__GCA_905182235.1	0.13569390279621
S__GCA_014237975.1	S__GCA_905182235.1	0.184675645332938
S__GCA_014238335.1	S__GCA_905182235.1	0.161907257958916
S__GCA_014238785.1	S__GCA_905182235.1	0.2005729348088
S__GCA_014239685.1	S__GCA_905182235.1	0.167676757299171
S__GCA_014240055.1	S__GCA_905182235.1	0.110285683708367
S__GCA_014384445.1	S__GCA_905182235.1	0.192388153662207
S__GCA_014384505.1	S__GCA_905182235.1	0.154833180766735
S__GCA_015659595.1	S__GCA_905182235.1	0.173815339369823
S__GCA_016276965.1	S__GCA_905182235.1	0.132185788335057
S__GCA_016776815.1	S__GCA_905182235.1	0.117401956335252
S__GCA_016777225.1	S__GCA_905182235.1	0.113894919566677
S__GCA_018645865.1	S__GCA_905182235.1	0.188739631902449
S__GCA_018647945.1	S__GCA_905182235.1	0.1834310433674
S__GCA_018658605.1	S__GCA_905182235.1	0.185907755588204
S__GCA_018661165.1	S__GCA_905182235.1	0.161756344619042
S__GCA_018666495.1	S__GCA_905182235.1	0.195883555369172
S__GCA_018672475.1	S__GCA_905182235.1	0.241923873341732
S__GCA_018675825.1	S__GCA_905182235.1	0.175384152900917
S__GCA_018696455.1	S__GCA_905182235.1	0.149855001864627
S__GCA_018699155.1	S__GCA_905182235.1	0.134401037512037
S__GCA_018702595.1	S__GCA_905182235.1	0.1675437089959
S__GCA_902512375.1	S__GCA_905182235.1	0.211880874483068
S__GCA_902514095.1	S__GCA_905182235.1	0.112255126007592
S__GCA_905181595.1	S__GCA_905182235.1	0.165536831324793
S__GCA_905181625.1	S__GCA_905182235.1	0.133716897115258
S__GCA_905181635.1	S__GCA_905182235.1	0.166009501739145
S__GCA_905181705.1	S__GCA_905182235.1	0.120810009630102
S__GCA_905181765.1	S__GCA_905182235.1	0.141400099249708
S__GCA_905182065.1	S__GCA_905182235.1	0.110484643465829
S__GCA_905182125.1	S__GCA_905182235.1	0.121745035138836
S__GCA_905182165.1	S__GCA_905182235.1	0.210630089238646
S__3300027838_66	S__GCA_905182305.1	0.12061557302311
S__3300027847_13	S__GCA_905182305.1	0.120806922974085
S__GCA_012960835.1	S__GCA_905182305.1	0.129690862625595
S__GCA_014238785.1	S__GCA_905182305.1	0.10809147961354
S__GCA_014384445.1	S__GCA_905182305.1	0.121126798459203
S__GCA_018666495.1	S__GCA_905182305.1	0.107902003724146
S__GCA_018672475.1	S__GCA_905182305.1	0.13883357979665
S__GCA_902512375.1	S__GCA_905182305.1	0.126377400247223
S__GCA_905182165.1	S__GCA_905182305.1	0.113437295613437
S__GCA_905182235.1	S__GCA_905182305.1	0.133216239738921
S__3300000179_4	S__GCA_905182385.1	0.108283305480629
S__3300001683_21	S__GCA_905182385.1	0.11432707431871
S__3300001683_28	S__GCA_905182385.1	0.12629981831143
S__3300001683_31	S__GCA_905182385.1	0.134672356800299
S__3300001683_4	S__GCA_905182385.1	0.142245641597721
S__3300020303_5	S__GCA_905182385.1	0.112842461486798
S__3300020389_17	S__GCA_905182385.1	0.132332207321399
S__3300020389_47	S__GCA_905182385.1	0.18466993022875
S__3300022920_20	S__GCA_905182385.1	0.163371808085608
S__3300024516_26	S__GCA_905182385.1	0.123752600524786
S__3300025892_34	S__GCA_905182385.1	0.111456508821722
S__3300025894_53	S__GCA_905182385.1	0.116699861829114
S__3300026119_8	S__GCA_905182385.1	0.109756219817635
S__3300026264_29	S__GCA_905182385.1	0.118878904155274
S__3300026267_11	S__GCA_905182385.1	0.120294135476111
S__3300027668_18	S__GCA_905182385.1	0.15084209310825
S__3300027685_16	S__GCA_905182385.1	0.11576279940694
S__3300027685_31	S__GCA_905182385.1	0.167618625717577
S__3300027685_36	S__GCA_905182385.1	0.155175457731606
S__3300027687_7	S__GCA_905182385.1	0.122802960676335
S__3300027771_26	S__GCA_905182385.1	0.120374359079826
S__3300027779_22	S__GCA_905182385.1	0.114400133148605
S__3300027779_26	S__GCA_905182385.1	0.160110918587093
S__3300027779_27	S__GCA_905182385.1	0.176848866670814
S__3300027780_12	S__GCA_905182385.1	0.145715123245995
S__3300027788_10	S__GCA_905182385.1	0.153428776123903
S__3300027791_27	S__GCA_905182385.1	0.110438219336136
S__3300027801_21	S__GCA_905182385.1	0.138305203839992
S__3300027801_7	S__GCA_905182385.1	0.13274723781632
S__3300027810_12	S__GCA_905182385.1	0.13114342093067
S__3300027827_16	S__GCA_905182385.1	0.109816103398117
S__3300027838_66	S__GCA_905182385.1	0.191386656709574
S__3300027838_7	S__GCA_905182385.1	0.186313861357609
S__3300027844_42	S__GCA_905182385.1	0.160361196677304
S__3300027844_60	S__GCA_905182385.1	0.124700985042631
S__3300027844_72	S__GCA_905182385.1	0.168139157742963
S__3300027844_79	S__GCA_905182385.1	0.132974098199511
S__3300027847_13	S__GCA_905182385.1	0.197951813296391
S__3300027847_80	S__GCA_905182385.1	0.113698832451661
S__3300027849_41	S__GCA_905182385.1	0.17335059799566
S__GCA_000213395.2	S__GCA_905182385.1	0.156424133121318
S__GCA_000383355.1	S__GCA_905182385.1	0.135369045605494
S__GCA_001643555.1	S__GCA_905182385.1	0.11084407479942
S__GCA_002082295.1	S__GCA_905182385.1	0.122076522485623
S__GCA_002390675.1	S__GCA_905182385.1	0.120785874949271
S__GCA_002401955.1	S__GCA_905182385.1	0.124235134163119
S__GCA_002499015.1	S__GCA_905182385.1	0.129433602223237
S__GCA_002505495.1	S__GCA_905182385.1	0.130501364774037
S__GCA_002712885.1	S__GCA_905182385.1	0.124381788853134
S__GCA_002862985.1	S__GCA_905182385.1	0.141585037032957
S__GCA_003229345.1	S__GCA_905182385.1	0.136233656902702
S__GCA_003230615.1	S__GCA_905182385.1	0.118637728644061
S__GCA_004195515.1	S__GCA_905182385.1	0.117962119938748
S__GCA_004356895.1	S__GCA_905182385.1	0.130948755632821
S__GCA_009936995.1	S__GCA_905182385.1	0.11771362959678
S__GCA_009937205.1	S__GCA_905182385.1	0.109580116195275
S__GCA_012959275.1	S__GCA_905182385.1	0.147675208093121
S__GCA_012959435.1	S__GCA_905182385.1	0.141576802972822
S__GCA_012959845.1	S__GCA_905182385.1	0.152569973958463
S__GCA_012960835.1	S__GCA_905182385.1	0.19400483142772
S__GCA_012964335.1	S__GCA_905182385.1	0.11920435135295
S__GCA_012965955.1	S__GCA_905182385.1	0.108478026763484
S__GCA_012966015.1	S__GCA_905182385.1	0.136703286559552
S__GCA_013214205.1	S__GCA_905182385.1	0.11446245374651
S__GCA_014237975.1	S__GCA_905182385.1	0.172811221165887
S__GCA_014238335.1	S__GCA_905182385.1	0.124776463175426
S__GCA_014238785.1	S__GCA_905182385.1	0.174519709575269
S__GCA_014239685.1	S__GCA_905182385.1	0.141619344187413
S__GCA_014382645.1	S__GCA_905182385.1	0.12795678825825
S__GCA_014384445.1	S__GCA_905182385.1	0.194971882494884
S__GCA_015659595.1	S__GCA_905182385.1	0.128181004355328
S__GCA_018645865.1	S__GCA_905182385.1	0.171343123284059
S__GCA_018647945.1	S__GCA_905182385.1	0.164391573888098
S__GCA_018658605.1	S__GCA_905182385.1	0.150043266542485
S__GCA_018661165.1	S__GCA_905182385.1	0.156355169111978
S__GCA_018666495.1	S__GCA_905182385.1	0.181393115777171
S__GCA_018672475.1	S__GCA_905182385.1	0.188576464493301
S__GCA_018675825.1	S__GCA_905182385.1	0.146506580988641
S__GCA_018696455.1	S__GCA_905182385.1	0.130407324834661
S__GCA_018699155.1	S__GCA_905182385.1	0.115754425986127
S__GCA_018701395.1	S__GCA_905182385.1	0.109053342918584
S__GCA_018702595.1	S__GCA_905182385.1	0.136532215753918
S__GCA_902512375.1	S__GCA_905182385.1	0.157875824487723
S__GCA_905181625.1	S__GCA_905182385.1	0.122637677557233
S__GCA_905181635.1	S__GCA_905182385.1	0.147075675527144
S__GCA_905182125.1	S__GCA_905182385.1	0.118434977502215
S__GCA_905182165.1	S__GCA_905182385.1	0.176654732827262
S__GCA_905182235.1	S__GCA_905182385.1	0.168458641510074
S__3300020389_47	S__GCA_905182415.1	0.137688377751451
S__3300027685_31	S__GCA_905182415.1	0.11249068060944
S__3300027779_27	S__GCA_905182415.1	0.128270613734546
S__3300027838_66	S__GCA_905182415.1	0.135434601993927
S__3300027838_7	S__GCA_905182415.1	0.128774678786436
S__3300027844_72	S__GCA_905182415.1	0.118708790243782
S__3300027847_13	S__GCA_905182415.1	0.138128160068093
S__3300027849_41	S__GCA_905182415.1	0.118319037179047
S__GCA_012960835.1	S__GCA_905182415.1	0.133908992238635
S__GCA_014237975.1	S__GCA_905182415.1	0.121136301160499
S__GCA_014238785.1	S__GCA_905182415.1	0.122217515147452
S__GCA_014384445.1	S__GCA_905182415.1	0.141953379949987
S__GCA_018645865.1	S__GCA_905182415.1	0.124075119419585
S__GCA_018647945.1	S__GCA_905182415.1	0.114788776491402
S__GCA_018666495.1	S__GCA_905182415.1	0.131417804020082
S__GCA_018672475.1	S__GCA_905182415.1	0.128857071690225
S__GCA_905182165.1	S__GCA_905182415.1	0.123084103656143
S__GCA_905182235.1	S__GCA_905182415.1	0.118399320613302
S__GCA_905182385.1	S__GCA_905182415.1	0.144220309467927
S__3300020389_47	S__GCA_905182435.1	0.109810303379549
S__3300027838_7	S__GCA_905182435.1	0.116471266072014
S__3300027847_13	S__GCA_905182435.1	0.120679555966068
S__GCA_000213395.2	S__GCA_905182435.1	0.110447946981285
S__GCA_012960835.1	S__GCA_905182435.1	0.132094560970067
S__GCA_014237975.1	S__GCA_905182435.1	0.12148322016889
S__GCA_014238785.1	S__GCA_905182435.1	0.110951534284267
S__GCA_018647945.1	S__GCA_905182435.1	0.117994980828568
S__GCA_018658605.1	S__GCA_905182435.1	0.109352774176233
S__GCA_018666495.1	S__GCA_905182435.1	0.113487567607159
S__GCA_018672475.1	S__GCA_905182435.1	0.11933977028332
S__3300001683_28	S__GCA_905182475.1	0.125118523627267
S__3300001683_4	S__GCA_905182475.1	0.12217015974089
S__3300020389_17	S__GCA_905182475.1	0.118882296757671
S__3300020389_47	S__GCA_905182475.1	0.1266065999158
S__3300027779_22	S__GCA_905182475.1	0.13209947218509
S__3300027780_12	S__GCA_905182475.1	0.113191418815712
S__3300027801_21	S__GCA_905182475.1	0.145474624613594
S__3300027827_16	S__GCA_905182475.1	0.117607582193173
S__3300027838_66	S__GCA_905182475.1	0.138986978159236
S__3300027838_7	S__GCA_905182475.1	0.155268506580835
S__3300027844_72	S__GCA_905182475.1	0.126156038411055
S__3300027844_79	S__GCA_905182475.1	0.12686562998656
S__3300027847_13	S__GCA_905182475.1	0.162717597717173
S__GCA_000213395.2	S__GCA_905182475.1	0.146013104314967
S__GCA_002862985.1	S__GCA_905182475.1	0.154969527382076
S__GCA_012960805.1	S__GCA_905182475.1	0.129063758436039
S__GCA_012960835.1	S__GCA_905182475.1	0.187241603914687
S__GCA_012964335.1	S__GCA_905182475.1	0.142665306266758
S__GCA_014237975.1	S__GCA_905182475.1	0.138228687017931
S__GCA_014238785.1	S__GCA_905182475.1	0.154313302355585
S__GCA_014239685.1	S__GCA_905182475.1	0.11661229841822
S__GCA_014384445.1	S__GCA_905182475.1	0.139188475104051
S__GCA_018645865.1	S__GCA_905182475.1	0.122844479575247
S__GCA_018647945.1	S__GCA_905182475.1	0.14159523060336
S__GCA_018658605.1	S__GCA_905182475.1	0.132718742140653
S__GCA_018666495.1	S__GCA_905182475.1	0.146788860488158
S__GCA_018672475.1	S__GCA_905182475.1	0.19088372767115
S__GCA_018702595.1	S__GCA_905182475.1	0.108908713540771
S__GCA_902512375.1	S__GCA_905182475.1	0.180068179920711
S__GCA_905182165.1	S__GCA_905182475.1	0.146089025952969
S__GCA_905182235.1	S__GCA_905182475.1	0.163220526938083
S__3300001683_28	S__GCA_905182525.1	0.111514332975023
S__3300001683_4	S__GCA_905182525.1	0.144200044862397
S__3300020389_17	S__GCA_905182525.1	0.135269441794391
S__3300020389_47	S__GCA_905182525.1	0.172015321321949
S__3300025690_38	S__GCA_905182525.1	0.124501969593001
S__3300025892_34	S__GCA_905182525.1	0.108464733880445
S__3300026267_11	S__GCA_905182525.1	0.115971384117892
S__3300027668_18	S__GCA_905182525.1	0.110953509573556
S__3300027685_31	S__GCA_905182525.1	0.138043998346033
S__3300027685_36	S__GCA_905182525.1	0.124308755758684
S__3300027771_26	S__GCA_905182525.1	0.148296280237169
S__3300027780_12	S__GCA_905182525.1	0.124835024631182
S__3300027801_21	S__GCA_905182525.1	0.149979001991118
S__3300027827_16	S__GCA_905182525.1	0.120044375404037
S__3300027838_66	S__GCA_905182525.1	0.167919825574832
S__3300027838_7	S__GCA_905182525.1	0.207724500591274
S__3300027844_72	S__GCA_905182525.1	0.17185284998298
S__3300027844_79	S__GCA_905182525.1	0.125032972615146
S__3300027847_13	S__GCA_905182525.1	0.213321611997396
S__3300027849_41	S__GCA_905182525.1	0.12025227736978
S__3300027997_10	S__GCA_905182525.1	0.109257617104972
S__GCA_000213395.2	S__GCA_905182525.1	0.175602920695965
S__GCA_000383355.1	S__GCA_905182525.1	0.113923877968497
S__GCA_002401955.1	S__GCA_905182525.1	0.122755809554826
S__GCA_002712885.1	S__GCA_905182525.1	0.108667304097959
S__GCA_002862985.1	S__GCA_905182525.1	0.172618860288233
S__GCA_003229345.1	S__GCA_905182525.1	0.124554175912092
S__GCA_003230615.1	S__GCA_905182525.1	0.123986916357129
S__GCA_003509045.1	S__GCA_905182525.1	0.108275078992256
S__GCA_009937205.1	S__GCA_905182525.1	0.119512226143902
S__GCA_012959275.1	S__GCA_905182525.1	0.124497603427581
S__GCA_012960505.1	S__GCA_905182525.1	0.128251705657135
S__GCA_012960835.1	S__GCA_905182525.1	0.22645503660185
S__GCA_012964335.1	S__GCA_905182525.1	0.110410159318457
S__GCA_013214205.1	S__GCA_905182525.1	0.126034025713418
S__GCA_014237975.1	S__GCA_905182525.1	0.203841547262992
S__GCA_014238335.1	S__GCA_905182525.1	0.139174111073736
S__GCA_014238785.1	S__GCA_905182525.1	0.195979659278745
S__GCA_014239685.1	S__GCA_905182525.1	0.166658823510917
S__GCA_014240055.1	S__GCA_905182525.1	0.122208857648146
S__GCA_014384445.1	S__GCA_905182525.1	0.17409687160075
S__GCA_015659595.1	S__GCA_905182525.1	0.109338895965825
S__GCA_016776815.1	S__GCA_905182525.1	0.119715471526609
S__GCA_018645865.1	S__GCA_905182525.1	0.174572423244839
S__GCA_018647945.1	S__GCA_905182525.1	0.2042272939391
S__GCA_018658605.1	S__GCA_905182525.1	0.189263824121348
S__GCA_018661165.1	S__GCA_905182525.1	0.111264257565092
S__GCA_018666495.1	S__GCA_905182525.1	0.195568125144099
S__GCA_018672475.1	S__GCA_905182525.1	0.200354021506871
S__GCA_018675825.1	S__GCA_905182525.1	0.140250425119433
S__GCA_018696455.1	S__GCA_905182525.1	0.159698903589475
S__GCA_018699155.1	S__GCA_905182525.1	0.125875347209038
S__GCA_018702595.1	S__GCA_905182525.1	0.164963577536625
S__GCA_902512375.1	S__GCA_905182525.1	0.174305066983958
S__GCA_905181635.1	S__GCA_905182525.1	0.110154084345659
S__GCA_905181705.1	S__GCA_905182525.1	0.131361659197971
S__GCA_905182165.1	S__GCA_905182525.1	0.177172694223194
S__GCA_905182235.1	S__GCA_905182525.1	0.166024192832506
S__GCA_905182385.1	S__GCA_905182525.1	0.135378332998645
S__3300001683_28	S__GCA_905182565.1	0.112355679313678
S__3300001683_4	S__GCA_905182565.1	0.132463512223902
S__3300020389_17	S__GCA_905182565.1	0.117012186723135
S__3300020389_47	S__GCA_905182565.1	0.164878146267122
S__3300027668_18	S__GCA_905182565.1	0.127090538927969
S__3300027685_31	S__GCA_905182565.1	0.135076743776446
S__3300027779_22	S__GCA_905182565.1	0.117432571963958
S__3300027779_27	S__GCA_905182565.1	0.139299545883427
S__3300027780_12	S__GCA_905182565.1	0.128500453637982
S__3300027788_10	S__GCA_905182565.1	0.113808767045922
S__3300027801_21	S__GCA_905182565.1	0.148057611100975
S__3300027838_66	S__GCA_905182565.1	0.187019804445887
S__3300027838_7	S__GCA_905182565.1	0.177919111047797
S__3300027844_72	S__GCA_905182565.1	0.154045102441308
S__3300027844_79	S__GCA_905182565.1	0.112884847077078
S__3300027847_13	S__GCA_905182565.1	0.189540780421803
S__3300027849_41	S__GCA_905182565.1	0.142689957505248
S__GCA_000213395.2	S__GCA_905182565.1	0.150553191683756
S__GCA_002862985.1	S__GCA_905182565.1	0.145107948971151
S__GCA_012960835.1	S__GCA_905182565.1	0.191776663588912
S__GCA_012964335.1	S__GCA_905182565.1	0.114301250762834
S__GCA_014237975.1	S__GCA_905182565.1	0.153851091756678
S__GCA_014238785.1	S__GCA_905182565.1	0.166376081279168
S__GCA_014239685.1	S__GCA_905182565.1	0.117847728293788
S__GCA_014384445.1	S__GCA_905182565.1	0.183959495666546
S__GCA_018645865.1	S__GCA_905182565.1	0.161890959141527
S__GCA_018647945.1	S__GCA_905182565.1	0.147954755496097
S__GCA_018658605.1	S__GCA_905182565.1	0.138360910966888
S__GCA_018666495.1	S__GCA_905182565.1	0.170123721831073
S__GCA_018672475.1	S__GCA_905182565.1	0.200956476356774
S__GCA_902512375.1	S__GCA_905182565.1	0.168271070110253
S__GCA_905182165.1	S__GCA_905182565.1	0.186186411496456
S__GCA_905182235.1	S__GCA_905182565.1	0.18869681933213
S__GCA_905182385.1	S__GCA_905182565.1	0.167073058366655
S__3300027839_78	S__GCA_905182705.1	0.113743475864866
S__3300027844_92	S__GCA_905182705.1	0.140325399703033
S__GCA_003228095.2	S__GCA_905182705.1	0.121099758868171
S__GCA_003228125.1	S__GCA_905182705.1	0.109380040902471
S__GCA_003228195.2	S__GCA_905182705.1	0.114144009981652
S__3300001683_28	S__GCA_905182715.1	0.13060133997694
S__3300001683_4	S__GCA_905182715.1	0.152567271716441
S__3300020187_18	S__GCA_905182715.1	0.10869591061988
S__3300020389_17	S__GCA_905182715.1	0.142615078062499
S__3300020389_47	S__GCA_905182715.1	0.16083828274386
S__3300024516_18	S__GCA_905182715.1	0.118498074711628
S__3300024516_26	S__GCA_905182715.1	0.121214926029663
S__3300026108_2	S__GCA_905182715.1	0.121151579617478
S__3300026253_8	S__GCA_905182715.1	0.111562911476951
S__3300027668_18	S__GCA_905182715.1	0.133346383922242
S__3300027685_31	S__GCA_905182715.1	0.126555954316338
S__3300027685_36	S__GCA_905182715.1	0.111755820383342
S__3300027752_17	S__GCA_905182715.1	0.115432806327807
S__3300027771_26	S__GCA_905182715.1	0.176068406242587
S__3300027779_22	S__GCA_905182715.1	0.12072217785158
S__3300027780_12	S__GCA_905182715.1	0.152626306745647
S__3300027788_10	S__GCA_905182715.1	0.114986442652395
S__3300027801_21	S__GCA_905182715.1	0.172982382580629
S__3300027801_7	S__GCA_905182715.1	0.112781118006339
S__3300027827_16	S__GCA_905182715.1	0.149573747342983
S__3300027838_66	S__GCA_905182715.1	0.175823588991156
S__3300027838_7	S__GCA_905182715.1	0.20183328000711
S__3300027844_72	S__GCA_905182715.1	0.163851334267414
S__3300027844_79	S__GCA_905182715.1	0.138221936089809
S__3300027847_13	S__GCA_905182715.1	0.208421297255114
S__3300027849_41	S__GCA_905182715.1	0.119963261992711
S__3300027997_10	S__GCA_905182715.1	0.128647766216457
S__GCA_000213395.2	S__GCA_905182715.1	0.170934020467079
S__GCA_000383355.1	S__GCA_905182715.1	0.115275867058552
S__GCA_001542995.1	S__GCA_905182715.1	0.108938012981189
S__GCA_001643555.1	S__GCA_905182715.1	0.112545450783134
S__GCA_002401955.1	S__GCA_905182715.1	0.133639721971194
S__GCA_002499015.1	S__GCA_905182715.1	0.119471943156435
S__GCA_002712885.1	S__GCA_905182715.1	0.10965496902149
S__GCA_002862985.1	S__GCA_905182715.1	0.190704057472956
S__GCA_003229345.1	S__GCA_905182715.1	0.139115565256063
S__GCA_003230615.1	S__GCA_905182715.1	0.127685926633253
S__GCA_003509045.1	S__GCA_905182715.1	0.110343618515809
S__GCA_004356895.1	S__GCA_905182715.1	0.115322766422503
S__GCA_009937205.1	S__GCA_905182715.1	0.128446424581581
S__GCA_012960505.1	S__GCA_905182715.1	0.158820043940423
S__GCA_012960805.1	S__GCA_905182715.1	0.130294617739413
S__GCA_012960835.1	S__GCA_905182715.1	0.229833879726617
S__GCA_012964335.1	S__GCA_905182715.1	0.125925277695031
S__GCA_012974435.1	S__GCA_905182715.1	0.109084078793778
S__GCA_013214205.1	S__GCA_905182715.1	0.115527853298294
S__GCA_013215285.1	S__GCA_905182715.1	0.115109889316711
S__GCA_014237975.1	S__GCA_905182715.1	0.183578204592723
S__GCA_014238335.1	S__GCA_905182715.1	0.129207364591388
S__GCA_014238785.1	S__GCA_905182715.1	0.195492545152197
S__GCA_014239685.1	S__GCA_905182715.1	0.147471350278795
S__GCA_014384445.1	S__GCA_905182715.1	0.177941281755571
S__GCA_015659595.1	S__GCA_905182715.1	0.115658149593793
S__GCA_016776815.1	S__GCA_905182715.1	0.111155063369667
S__GCA_016777225.1	S__GCA_905182715.1	0.118188082527198
S__GCA_018645865.1	S__GCA_905182715.1	0.17246697521486
S__GCA_018647945.1	S__GCA_905182715.1	0.188623386064417
S__GCA_018658605.1	S__GCA_905182715.1	0.179247867274909
S__GCA_018661165.1	S__GCA_905182715.1	0.112722433251178
S__GCA_018666495.1	S__GCA_905182715.1	0.191926319104804
S__GCA_018672475.1	S__GCA_905182715.1	0.215524558603134
S__GCA_018675825.1	S__GCA_905182715.1	0.13367890892029
S__GCA_018696455.1	S__GCA_905182715.1	0.130528193044224
S__GCA_018699155.1	S__GCA_905182715.1	0.11015621496979
S__GCA_018702595.1	S__GCA_905182715.1	0.14862420834538
S__GCA_902512375.1	S__GCA_905182715.1	0.187150045679052
S__GCA_905181595.1	S__GCA_905182715.1	0.115804943804814
S__GCA_905181635.1	S__GCA_905182715.1	0.116746432036193
S__GCA_905181705.1	S__GCA_905182715.1	0.119755294933163
S__GCA_905182165.1	S__GCA_905182715.1	0.193569901766475
S__GCA_905182235.1	S__GCA_905182715.1	0.189565610962231
S__GCA_905182385.1	S__GCA_905182715.1	0.132730680279586
S__GCA_905182475.1	S__GCA_905182715.1	0.122525785442573
S__GCA_905182525.1	S__GCA_905182715.1	0.145238301840616
S__GCA_905182565.1	S__GCA_905182715.1	0.115750708988488
S__3300027779_27	S__GCA_905182735.1	0.116099437022117
S__GCA_905182385.1	S__GCA_905182735.1	0.112251406550024
S__GCA_012960835.1	S__GCA_905182765.1	0.109965161172209
S__3300001683_28	S__GCA_905182795.1	0.141271948219597
S__3300001683_31	S__GCA_905182795.1	0.110383934962224
S__3300001683_4	S__GCA_905182795.1	0.140952772644531
S__3300020187_18	S__GCA_905182795.1	0.116149440162722
S__3300020263_16	S__GCA_905182795.1	0.107994989961933
S__3300020389_17	S__GCA_905182795.1	0.135576100691276
S__3300020389_47	S__GCA_905182795.1	0.173675579033573
S__3300022920_20	S__GCA_905182795.1	0.11601112755533
S__3300024516_18	S__GCA_905182795.1	0.111010058532495
S__3300024516_26	S__GCA_905182795.1	0.126153439037157
S__3300025894_53	S__GCA_905182795.1	0.132299272224187
S__3300026108_2	S__GCA_905182795.1	0.113401552429405
S__3300026119_8	S__GCA_905182795.1	0.115916848722773
S__3300026253_8	S__GCA_905182795.1	0.113822953834294
S__3300027668_18	S__GCA_905182795.1	0.147196663048995
S__3300027685_31	S__GCA_905182795.1	0.143178387640186
S__3300027685_36	S__GCA_905182795.1	0.120736907804088
S__3300027752_17	S__GCA_905182795.1	0.122398739519539
S__3300027771_26	S__GCA_905182795.1	0.119758692867357
S__3300027779_22	S__GCA_905182795.1	0.136695672736648
S__3300027779_26	S__GCA_905182795.1	0.118243775170161
S__3300027779_27	S__GCA_905182795.1	0.128961427634826
S__3300027780_12	S__GCA_905182795.1	0.149657548385283
S__3300027788_10	S__GCA_905182795.1	0.13561506958538
S__3300027791_27	S__GCA_905182795.1	0.121801741985832
S__3300027801_21	S__GCA_905182795.1	0.169010553860731
S__3300027801_7	S__GCA_905182795.1	0.137766626040992
S__3300027810_12	S__GCA_905182795.1	0.133713298113457
S__3300027827_16	S__GCA_905182795.1	0.12525198864622
S__3300027838_66	S__GCA_905182795.1	0.185798818162687
S__3300027838_7	S__GCA_905182795.1	0.183796506426333
S__3300027844_42	S__GCA_905182795.1	0.12725057877401
S__3300027844_72	S__GCA_905182795.1	0.158967316126383
S__3300027844_79	S__GCA_905182795.1	0.142297890151828
S__3300027847_13	S__GCA_905182795.1	0.195787130533263
S__3300027847_80	S__GCA_905182795.1	0.118956833238203
S__3300027849_41	S__GCA_905182795.1	0.138121804474298
S__3300027883_17	S__GCA_905182795.1	0.115242116226114
S__GCA_000213395.2	S__GCA_905182795.1	0.169478676114805
S__GCA_000383355.1	S__GCA_905182795.1	0.120264134255123
S__GCA_001437625.1	S__GCA_905182795.1	0.112395020593712
S__GCA_002082295.1	S__GCA_905182795.1	0.120019960670069
S__GCA_002401955.1	S__GCA_905182795.1	0.124038905706792
S__GCA_002499015.1	S__GCA_905182795.1	0.147391644950605
S__GCA_002712885.1	S__GCA_905182795.1	0.112338775060931
S__GCA_002862985.1	S__GCA_905182795.1	0.169541080987278
S__GCA_003229345.1	S__GCA_905182795.1	0.129181787015378
S__GCA_003230615.1	S__GCA_905182795.1	0.111240442214274
S__GCA_004356895.1	S__GCA_905182795.1	0.129058813343961
S__GCA_009937205.1	S__GCA_905182795.1	0.113786083422042
S__GCA_012959275.1	S__GCA_905182795.1	0.111172473329681
S__GCA_012960805.1	S__GCA_905182795.1	0.126576463274635
S__GCA_012960835.1	S__GCA_905182795.1	0.217071267694323
S__GCA_012964335.1	S__GCA_905182795.1	0.135681131964907
S__GCA_012966015.1	S__GCA_905182795.1	0.124174876826468
S__GCA_013215285.1	S__GCA_905182795.1	0.117680914250749
S__GCA_014237975.1	S__GCA_905182795.1	0.167986411285628
S__GCA_014238335.1	S__GCA_905182795.1	0.114762823772013
S__GCA_014238785.1	S__GCA_905182795.1	0.185147285830372
S__GCA_014239685.1	S__GCA_905182795.1	0.127829166936634
S__GCA_014384445.1	S__GCA_905182795.1	0.187864333413216
S__GCA_014384505.1	S__GCA_905182795.1	0.115117904115011
S__GCA_015659595.1	S__GCA_905182795.1	0.128175768257155
S__GCA_018645865.1	S__GCA_905182795.1	0.161062533577642
S__GCA_018647945.1	S__GCA_905182795.1	0.165481113589564
S__GCA_018658605.1	S__GCA_905182795.1	0.155882452528855
S__GCA_018661165.1	S__GCA_905182795.1	0.124130214118512
S__GCA_018666495.1	S__GCA_905182795.1	0.179883520986518
S__GCA_018672475.1	S__GCA_905182795.1	0.224075007093044
S__GCA_018675825.1	S__GCA_905182795.1	0.123858859260506
S__GCA_018702595.1	S__GCA_905182795.1	0.119538736933425
S__GCA_902512375.1	S__GCA_905182795.1	0.196365029066661
S__GCA_905181595.1	S__GCA_905182795.1	0.119288684333842
S__GCA_905181625.1	S__GCA_905182795.1	0.115160930071527
S__GCA_905181635.1	S__GCA_905182795.1	0.129060303050461
S__GCA_905181765.1	S__GCA_905182795.1	0.112399671081864
S__GCA_905182165.1	S__GCA_905182795.1	0.188190060276265
S__GCA_905182235.1	S__GCA_905182795.1	0.203493789010836
S__GCA_905182305.1	S__GCA_905182795.1	0.113226796198804
S__GCA_905182385.1	S__GCA_905182795.1	0.158721756808827
S__GCA_905182475.1	S__GCA_905182795.1	0.121662988527857
S__GCA_905182525.1	S__GCA_905182795.1	0.117125074019877
S__GCA_905182565.1	S__GCA_905182795.1	0.148493088190402
S__GCA_905182715.1	S__GCA_905182795.1	0.133296941040343
S__3300001683_28	S__GCA_905182815.1	0.118127167814797
S__3300001683_4	S__GCA_905182815.1	0.110257002764625
S__3300020187_18	S__GCA_905182815.1	0.130723298583738
S__3300020263_16	S__GCA_905182815.1	0.125989816956272
S__3300020389_17	S__GCA_905182815.1	0.109284175012143
S__3300020389_47	S__GCA_905182815.1	0.124355955398545
S__3300025894_53	S__GCA_905182815.1	0.11299781009673
S__3300026253_8	S__GCA_905182815.1	0.13593099969046
S__3300027752_17	S__GCA_905182815.1	0.12330914328112
S__3300027779_22	S__GCA_905182815.1	0.15639749033173
S__3300027791_27	S__GCA_905182815.1	0.1327561037154
S__3300027801_21	S__GCA_905182815.1	0.136466574770597
S__3300027801_7	S__GCA_905182815.1	0.114803913002291
S__3300027838_66	S__GCA_905182815.1	0.136885935827037
S__3300027838_7	S__GCA_905182815.1	0.14000826161956
S__3300027844_72	S__GCA_905182815.1	0.117351001971197
S__3300027844_79	S__GCA_905182815.1	0.116106500843616
S__3300027847_13	S__GCA_905182815.1	0.147267611261883
S__GCA_000213395.2	S__GCA_905182815.1	0.137124459134945
S__GCA_001437625.1	S__GCA_905182815.1	0.149891697054687
S__GCA_002499015.1	S__GCA_905182815.1	0.109508370568002
S__GCA_002862985.1	S__GCA_905182815.1	0.13421914290606
S__GCA_012960805.1	S__GCA_905182815.1	0.131377626568517
S__GCA_012960835.1	S__GCA_905182815.1	0.168912544351513
S__GCA_012964335.1	S__GCA_905182815.1	0.144871481172215
S__GCA_013215285.1	S__GCA_905182815.1	0.108609796036844
S__GCA_014237975.1	S__GCA_905182815.1	0.124359550227869
S__GCA_014238785.1	S__GCA_905182815.1	0.136923887389297
S__GCA_014384445.1	S__GCA_905182815.1	0.133762891606378
S__GCA_014384505.1	S__GCA_905182815.1	0.155578442378677
S__GCA_018645865.1	S__GCA_905182815.1	0.118302181226666
S__GCA_018647945.1	S__GCA_905182815.1	0.122622913617849
S__GCA_018658605.1	S__GCA_905182815.1	0.117510028338703
S__GCA_018666495.1	S__GCA_905182815.1	0.133886309533233
S__GCA_018672475.1	S__GCA_905182815.1	0.17783373212731
S__GCA_902512375.1	S__GCA_905182815.1	0.164159357689928
S__GCA_905181595.1	S__GCA_905182815.1	0.118231406856002
S__GCA_905181765.1	S__GCA_905182815.1	0.133087690848639
S__GCA_905182165.1	S__GCA_905182815.1	0.140261558963538
S__GCA_905182235.1	S__GCA_905182815.1	0.160248749696163
S__GCA_905182385.1	S__GCA_905182815.1	0.109457327542589
S__GCA_905182795.1	S__GCA_905182815.1	0.121097664868403
S__3300001683_4	S__GCA_905182835.1	0.108749613594882
S__3300020389_47	S__GCA_905182835.1	0.149286293553218
S__3300027668_18	S__GCA_905182835.1	0.110399694836386
S__3300027685_31	S__GCA_905182835.1	0.121496256622146
S__3300027779_27	S__GCA_905182835.1	0.13578895032206
S__3300027780_12	S__GCA_905182835.1	0.108228826372467
S__3300027801_21	S__GCA_905182835.1	0.119023286157144
S__3300027838_66	S__GCA_905182835.1	0.160460059896106
S__3300027838_7	S__GCA_905182835.1	0.149949002893667
S__3300027844_72	S__GCA_905182835.1	0.130867750146481
S__3300027847_13	S__GCA_905182835.1	0.162433073362991
S__3300027849_41	S__GCA_905182835.1	0.137102631447462
S__GCA_000213395.2	S__GCA_905182835.1	0.124116460294243
S__GCA_002862985.1	S__GCA_905182835.1	0.116101999098146
S__GCA_012960835.1	S__GCA_905182835.1	0.159407603637621
S__GCA_014237975.1	S__GCA_905182835.1	0.13297167237402
S__GCA_014238785.1	S__GCA_905182835.1	0.139317063068367
S__GCA_014384445.1	S__GCA_905182835.1	0.161641991935846
S__GCA_018645865.1	S__GCA_905182835.1	0.143719438531764
S__GCA_018647945.1	S__GCA_905182835.1	0.123836546876806
S__GCA_018658605.1	S__GCA_905182835.1	0.116966435041875
S__GCA_018666495.1	S__GCA_905182835.1	0.14618510091056
S__GCA_018672475.1	S__GCA_905182835.1	0.160930969473164
S__GCA_902512375.1	S__GCA_905182835.1	0.13296848908349
S__GCA_905182165.1	S__GCA_905182835.1	0.154878812905337
S__GCA_905182235.1	S__GCA_905182835.1	0.15405344394154
S__GCA_905182385.1	S__GCA_905182835.1	0.152907671186895
S__GCA_905182565.1	S__GCA_905182835.1	0.11296733915526
S__GCA_905182795.1	S__GCA_905182835.1	0.128961914576442
S__3300020389_47	S__GCA_905182865.1	0.126575187212269
S__3300027779_22	S__GCA_905182865.1	0.119110020724836
S__3300027801_21	S__GCA_905182865.1	0.123067849872951
S__3300027838_66	S__GCA_905182865.1	0.140182150253766
S__3300027838_7	S__GCA_905182865.1	0.138011868197471
S__3300027844_72	S__GCA_905182865.1	0.119088248377676
S__3300027847_13	S__GCA_905182865.1	0.147679821605178
S__GCA_000213395.2	S__GCA_905182865.1	0.128377509750921
S__GCA_002862985.1	S__GCA_905182865.1	0.121383696592384
S__GCA_012960835.1	S__GCA_905182865.1	0.160927808081574
S__GCA_012964335.1	S__GCA_905182865.1	0.112824309282283
S__GCA_014237975.1	S__GCA_905182865.1	0.119515420154207
S__GCA_014238785.1	S__GCA_905182865.1	0.13341322687946
S__GCA_014384445.1	S__GCA_905182865.1	0.139373142011738
S__GCA_018645865.1	S__GCA_905182865.1	0.117915325576338
S__GCA_018647945.1	S__GCA_905182865.1	0.117429288232592
S__GCA_018658605.1	S__GCA_905182865.1	0.11013807445052
S__GCA_018666495.1	S__GCA_905182865.1	0.13251822614473
S__GCA_018672475.1	S__GCA_905182865.1	0.173142491185536
S__GCA_902512375.1	S__GCA_905182865.1	0.15380068488949
S__GCA_905182165.1	S__GCA_905182865.1	0.139849719435776
S__GCA_905182235.1	S__GCA_905182865.1	0.158150322161317
S__GCA_905182385.1	S__GCA_905182865.1	0.119653554274219
S__GCA_905182795.1	S__GCA_905182865.1	0.123895605774083
S__3300001683_28	S__GCA_905182885.1	0.148371070287073
S__3300001683_31	S__GCA_905182885.1	0.116497180753788
S__3300001683_4	S__GCA_905182885.1	0.145800111034118
S__3300020187_18	S__GCA_905182885.1	0.123813722438749
S__3300020263_16	S__GCA_905182885.1	0.109013831561633
S__3300020389_17	S__GCA_905182885.1	0.140881562331735
S__3300020389_47	S__GCA_905182885.1	0.163362806711917
S__3300022920_20	S__GCA_905182885.1	0.126938064423345
S__3300024516_18	S__GCA_905182885.1	0.116407634920921
S__3300024516_26	S__GCA_905182885.1	0.137994575372959
S__3300025276_12	S__GCA_905182885.1	0.119386713791885
S__3300025894_53	S__GCA_905182885.1	0.150967146316789
S__3300026087_14	S__GCA_905182885.1	0.116987298030874
S__3300026108_2	S__GCA_905182885.1	0.118313268574465
S__3300026119_8	S__GCA_905182885.1	0.125641955194619
S__3300026253_8	S__GCA_905182885.1	0.115675673984836
S__3300027668_18	S__GCA_905182885.1	0.158541634573344
S__3300027685_16	S__GCA_905182885.1	0.111697952839285
S__3300027685_31	S__GCA_905182885.1	0.143898985512701
S__3300027685_36	S__GCA_905182885.1	0.124130217949024
S__3300027687_20	S__GCA_905182885.1	0.123758477572416
S__3300027687_7	S__GCA_905182885.1	0.115356668566748
S__3300027752_17	S__GCA_905182885.1	0.126015758487703
S__3300027771_26	S__GCA_905182885.1	0.117057525223293
S__3300027779_22	S__GCA_905182885.1	0.140784767328567
S__3300027779_26	S__GCA_905182885.1	0.131206832841664
S__3300027779_27	S__GCA_905182885.1	0.141914555364111
S__3300027780_12	S__GCA_905182885.1	0.153336184327515
S__3300027788_10	S__GCA_905182885.1	0.154885171339368
S__3300027791_27	S__GCA_905182885.1	0.136928923150473
S__3300027801_21	S__GCA_905182885.1	0.157252940116757
S__3300027801_7	S__GCA_905182885.1	0.144074783458004
S__3300027810_12	S__GCA_905182885.1	0.154314044927843
S__3300027827_16	S__GCA_905182885.1	0.12179578219673
S__3300027838_66	S__GCA_905182885.1	0.178956527732489
S__3300027838_7	S__GCA_905182885.1	0.175612600210298
S__3300027844_42	S__GCA_905182885.1	0.142673845213069
S__3300027844_72	S__GCA_905182885.1	0.15079756322021
S__3300027844_79	S__GCA_905182885.1	0.151266801606998
S__3300027847_13	S__GCA_905182885.1	0.189520198139814
S__3300027847_80	S__GCA_905182885.1	0.125104897954387
S__3300027849_41	S__GCA_905182885.1	0.149786389060834
S__3300027883_17	S__GCA_905182885.1	0.137377818273605
S__GCA_000213395.2	S__GCA_905182885.1	0.162030948066847
S__GCA_000383355.1	S__GCA_905182885.1	0.128700422423925
S__GCA_001437625.1	S__GCA_905182885.1	0.122392943756921
S__GCA_002082295.1	S__GCA_905182885.1	0.128514642226771
S__GCA_002390675.1	S__GCA_905182885.1	0.11549512370143
S__GCA_002401955.1	S__GCA_905182885.1	0.126021934211276
S__GCA_002499015.1	S__GCA_905182885.1	0.157712813655209
S__GCA_002712885.1	S__GCA_905182885.1	0.126928528815959
S__GCA_002862985.1	S__GCA_905182885.1	0.154921008895129
S__GCA_003229345.1	S__GCA_905182885.1	0.136923146879286
S__GCA_003230615.1	S__GCA_905182885.1	0.120245521790994
S__GCA_004356895.1	S__GCA_905182885.1	0.141775517214283
S__GCA_009936995.1	S__GCA_905182885.1	0.113849366898581
S__GCA_009937205.1	S__GCA_905182885.1	0.114428865803468
S__GCA_012959275.1	S__GCA_905182885.1	0.118101812257418
S__GCA_012959845.1	S__GCA_905182885.1	0.11328547494453
S__GCA_012960805.1	S__GCA_905182885.1	0.128239515440371
S__GCA_012960835.1	S__GCA_905182885.1	0.205290158557443
S__GCA_012964335.1	S__GCA_905182885.1	0.142746839071906
S__GCA_012966015.1	S__GCA_905182885.1	0.144797334295423
S__GCA_013203245.1	S__GCA_905182885.1	0.118960534369156
S__GCA_013215285.1	S__GCA_905182885.1	0.120820757677571
S__GCA_014237975.1	S__GCA_905182885.1	0.156755794703275
S__GCA_014238335.1	S__GCA_905182885.1	0.121423967937703
S__GCA_014238785.1	S__GCA_905182885.1	0.170357624199223
S__GCA_014239685.1	S__GCA_905182885.1	0.129225404337362
S__GCA_014384445.1	S__GCA_905182885.1	0.177168145372387
S__GCA_014384505.1	S__GCA_905182885.1	0.121593755350887
S__GCA_015659595.1	S__GCA_905182885.1	0.140185970235095
S__GCA_018645865.1	S__GCA_905182885.1	0.151308806428805
S__GCA_018647945.1	S__GCA_905182885.1	0.152048274058472
S__GCA_018658605.1	S__GCA_905182885.1	0.141536424072652
S__GCA_018661165.1	S__GCA_905182885.1	0.139165569901204
S__GCA_018666495.1	S__GCA_905182885.1	0.168885222308163
S__GCA_018672475.1	S__GCA_905182885.1	0.215941950371463
S__GCA_018675825.1	S__GCA_905182885.1	0.125212070116516
S__GCA_018696455.1	S__GCA_905182885.1	0.108779303865849
S__GCA_018702595.1	S__GCA_905182885.1	0.120361507080893
S__GCA_902512375.1	S__GCA_905182885.1	0.188484002811147
S__GCA_905181595.1	S__GCA_905182885.1	0.120800060782549
S__GCA_905181625.1	S__GCA_905182885.1	0.135818976734863
S__GCA_905181635.1	S__GCA_905182885.1	0.144270594684137
S__GCA_905181765.1	S__GCA_905182885.1	0.122622586935301
S__GCA_905182125.1	S__GCA_905182885.1	0.110666609194815
S__GCA_905182165.1	S__GCA_905182885.1	0.176912362617793
S__GCA_905182235.1	S__GCA_905182885.1	0.192423264078405
S__GCA_905182305.1	S__GCA_905182885.1	0.135293821122593
S__GCA_905182385.1	S__GCA_905182885.1	0.154177941891589
S__GCA_905182415.1	S__GCA_905182885.1	0.110169064246059
S__GCA_905182475.1	S__GCA_905182885.1	0.128831350873259
S__GCA_905182525.1	S__GCA_905182885.1	0.120397053068942
S__GCA_905182565.1	S__GCA_905182885.1	0.165395066804286
S__GCA_905182715.1	S__GCA_905182885.1	0.132684743042851
S__GCA_905182795.1	S__GCA_905182885.1	0.171808880724445
S__GCA_905182815.1	S__GCA_905182885.1	0.129731630902046
S__GCA_905182835.1	S__GCA_905182885.1	0.13933103152455
S__GCA_905182865.1	S__GCA_905182885.1	0.13947709420344
S__3300020389_47	S__GCA_905182935.1	0.125793991753842
S__3300027779_27	S__GCA_905182935.1	0.114556152705015
S__3300027838_66	S__GCA_905182935.1	0.129725853212203
S__3300027838_7	S__GCA_905182935.1	0.124970383552812
S__3300027844_72	S__GCA_905182935.1	0.112911857993639
S__3300027847_13	S__GCA_905182935.1	0.13239660790876
S__GCA_012960835.1	S__GCA_905182935.1	0.12693977840625
S__GCA_014237975.1	S__GCA_905182935.1	0.114096680061644
S__GCA_014238785.1	S__GCA_905182935.1	0.11586040555583
S__GCA_014384445.1	S__GCA_905182935.1	0.133771060309719
S__GCA_018645865.1	S__GCA_905182935.1	0.118219460618557
S__GCA_018666495.1	S__GCA_905182935.1	0.122094656731162
S__GCA_018672475.1	S__GCA_905182935.1	0.125870651737775
S__GCA_905182165.1	S__GCA_905182935.1	0.119257709381028
S__GCA_905182235.1	S__GCA_905182935.1	0.114657261000371
S__GCA_905182385.1	S__GCA_905182935.1	0.135175093340893
S__3300001683_28	S__GCA_905478185.1	0.11781794830329
S__3300001683_4	S__GCA_905478185.1	0.114010410439072
S__3300020389_17	S__GCA_905478185.1	0.131842986018719
S__3300020389_47	S__GCA_905478185.1	0.123009413909959
S__3300026253_8	S__GCA_905478185.1	0.114640128159065
S__3300027779_22	S__GCA_905478185.1	0.12181522005555
S__3300027801_21	S__GCA_905478185.1	0.156136456521661
S__3300027827_16	S__GCA_905478185.1	0.182792705384732
S__3300027838_66	S__GCA_905478185.1	0.121328712848197
S__3300027838_7	S__GCA_905478185.1	0.144619754582843
S__3300027844_72	S__GCA_905478185.1	0.118534998271771
S__3300027844_79	S__GCA_905478185.1	0.113159505974643
S__3300027847_13	S__GCA_905478185.1	0.145216905654176
S__3300027997_10	S__GCA_905478185.1	0.11487270868176
S__GCA_000213395.2	S__GCA_905478185.1	0.153830499787855
S__GCA_002862985.1	S__GCA_905478185.1	0.171038511305708
S__GCA_003672175.1	S__GCA_905478185.1	0.134011179594938
S__GCA_009937205.1	S__GCA_905478185.1	0.140390498830776
S__GCA_012960805.1	S__GCA_905478185.1	0.154396512716879
S__GCA_012960835.1	S__GCA_905478185.1	0.189891169620472
S__GCA_012964335.1	S__GCA_905478185.1	0.121240550450742
S__GCA_014237975.1	S__GCA_905478185.1	0.150660154438916
S__GCA_014238785.1	S__GCA_905478185.1	0.149490286570578
S__GCA_014239685.1	S__GCA_905478185.1	0.111656243209677
S__GCA_014384445.1	S__GCA_905478185.1	0.119899909185262
S__GCA_016777225.1	S__GCA_905478185.1	0.187880520926641
S__GCA_018645865.1	S__GCA_905478185.1	0.120198036027911
S__GCA_018647945.1	S__GCA_905478185.1	0.156453199427354
S__GCA_018658605.1	S__GCA_905478185.1	0.152953936530889
S__GCA_018666495.1	S__GCA_905478185.1	0.141713632972888
S__GCA_018672475.1	S__GCA_905478185.1	0.173181114752556
S__GCA_018675825.1	S__GCA_905478185.1	0.111245240793767
S__GCA_018696455.1	S__GCA_905478185.1	0.109307683605073
S__GCA_018702595.1	S__GCA_905478185.1	0.114559784151174
S__GCA_902512375.1	S__GCA_905478185.1	0.160888863409134
S__GCA_905182165.1	S__GCA_905478185.1	0.133749361050049
S__GCA_905182235.1	S__GCA_905478185.1	0.143985070846628
S__GCA_905182715.1	S__GCA_905478185.1	0.131700170886046
S__3300001683_4	S__GCA_905478325.1	0.131116527342505
S__3300020389_17	S__GCA_905478325.1	0.120560687308525
S__3300020389_47	S__GCA_905478325.1	0.174439372155804
S__3300027685_31	S__GCA_905478325.1	0.146193423831568
S__3300027685_36	S__GCA_905478325.1	0.118097128714605
S__3300027771_26	S__GCA_905478325.1	0.11269594339285
S__3300027779_27	S__GCA_905478325.1	0.112894734494459
S__3300027780_12	S__GCA_905478325.1	0.112087608466221
S__3300027801_21	S__GCA_905478325.1	0.134194318376923
S__3300027838_66	S__GCA_905478325.1	0.169878648983848
S__3300027838_7	S__GCA_905478325.1	0.195088461522397
S__3300027844_72	S__GCA_905478325.1	0.169369178251762
S__3300027844_79	S__GCA_905478325.1	0.111874372121551
S__3300027847_13	S__GCA_905478325.1	0.20298849222479
S__3300027849_41	S__GCA_905478325.1	0.12847673459643
S__GCA_000213395.2	S__GCA_905478325.1	0.163979533913939
S__GCA_002862985.1	S__GCA_905478325.1	0.153267583710701
S__GCA_012959275.1	S__GCA_905478325.1	0.127579866887918
S__GCA_012960835.1	S__GCA_905478325.1	0.206630765009727
S__GCA_014237975.1	S__GCA_905478325.1	0.193508947767112
S__GCA_014238335.1	S__GCA_905478325.1	0.112396389219633
S__GCA_014238785.1	S__GCA_905478325.1	0.185327650895414
S__GCA_014239685.1	S__GCA_905478325.1	0.159981375377714
S__GCA_014384445.1	S__GCA_905478325.1	0.17738780655725
S__GCA_018645865.1	S__GCA_905478325.1	0.165771840073204
S__GCA_018647945.1	S__GCA_905478325.1	0.19085607603575
S__GCA_018658605.1	S__GCA_905478325.1	0.172545562628351
S__GCA_018666495.1	S__GCA_905478325.1	0.187326367282845
S__GCA_018672475.1	S__GCA_905478325.1	0.184577776162519
S__GCA_018675825.1	S__GCA_905478325.1	0.131594194938965
S__GCA_018696455.1	S__GCA_905478325.1	0.152352783323957
S__GCA_018699155.1	S__GCA_905478325.1	0.10999835249447
S__GCA_018702595.1	S__GCA_905478325.1	0.152254409469962
S__GCA_902512375.1	S__GCA_905478325.1	0.160605207417269
S__GCA_905182165.1	S__GCA_905478325.1	0.164211181795937
S__GCA_905182235.1	S__GCA_905478325.1	0.1541803659369
S__GCA_905182385.1	S__GCA_905478325.1	0.151509767222625
S__GCA_905182525.1	S__GCA_905478325.1	0.144328831356432
S__GCA_905182715.1	S__GCA_905478325.1	0.125574946591724
S__GCA_905182795.1	S__GCA_905478325.1	0.117199956615516
S__GCA_905182885.1	S__GCA_905478325.1	0.12375309401357
S__3300001683_28	S__GCA_905478585.1	0.128042501902465
S__3300001683_4	S__GCA_905478585.1	0.150169207546505
S__3300020389_17	S__GCA_905478585.1	0.142621992406073
S__3300020389_47	S__GCA_905478585.1	0.160307776808818
S__3300027668_18	S__GCA_905478585.1	0.108071360386527
S__3300027685_31	S__GCA_905478585.1	0.126932178113133
S__3300027771_26	S__GCA_905478585.1	0.150688623924623
S__3300027779_22	S__GCA_905478585.1	0.11943281408917
S__3300027780_12	S__GCA_905478585.1	0.131644576279745
S__3300027801_21	S__GCA_905478585.1	0.165760939695509
S__3300027827_16	S__GCA_905478585.1	0.134539748279512
S__3300027838_66	S__GCA_905478585.1	0.166490275215835
S__3300027838_7	S__GCA_905478585.1	0.203829740474251
S__3300027844_72	S__GCA_905478585.1	0.162879628166291
S__3300027844_79	S__GCA_905478585.1	0.139616619339764
S__3300027847_13	S__GCA_905478585.1	0.212996037297434
S__3300027849_41	S__GCA_905478585.1	0.113849918436017
S__3300027997_10	S__GCA_905478585.1	0.112697673571019
S__GCA_000213395.2	S__GCA_905478585.1	0.176993762653479
S__GCA_002401955.1	S__GCA_905478585.1	0.115502848098748
S__GCA_002862985.1	S__GCA_905478585.1	0.189003510225747
S__GCA_003229345.1	S__GCA_905478585.1	0.123064343363601
S__GCA_003230615.1	S__GCA_905478585.1	0.121054035928144
S__GCA_009937205.1	S__GCA_905478585.1	0.118127997270098
S__GCA_012960505.1	S__GCA_905478585.1	0.129901361718033
S__GCA_012960805.1	S__GCA_905478585.1	0.126630766881164
S__GCA_012960835.1	S__GCA_905478585.1	0.233416649417901
S__GCA_012964335.1	S__GCA_905478585.1	0.129192479093515
S__GCA_014237975.1	S__GCA_905478585.1	0.191792727921494
S__GCA_014238335.1	S__GCA_905478585.1	0.131173835897721
S__GCA_014238785.1	S__GCA_905478585.1	0.200817021558465
S__GCA_014239685.1	S__GCA_905478585.1	0.161272304878335
S__GCA_014384445.1	S__GCA_905478585.1	0.171537983142095
S__GCA_015659595.1	S__GCA_905478585.1	0.11097558085489
S__GCA_016776815.1	S__GCA_905478585.1	0.109158795066813
S__GCA_018645865.1	S__GCA_905478585.1	0.16588720274411
S__GCA_018647945.1	S__GCA_905478585.1	0.194028116970999
S__GCA_018658605.1	S__GCA_905478585.1	0.182544257338238
S__GCA_018666495.1	S__GCA_905478585.1	0.189567502283547
S__GCA_018672475.1	S__GCA_905478585.1	0.215288626608489
S__GCA_018675825.1	S__GCA_905478585.1	0.128769285438164
S__GCA_018696455.1	S__GCA_905478585.1	0.143595171842181
S__GCA_018702595.1	S__GCA_905478585.1	0.157279731375175
S__GCA_902512375.1	S__GCA_905478585.1	0.196096136378964
S__GCA_905181705.1	S__GCA_905478585.1	0.115329461508128
S__GCA_905182165.1	S__GCA_905478585.1	0.18055429901943
S__GCA_905182235.1	S__GCA_905478585.1	0.182399597318439
S__GCA_905182385.1	S__GCA_905478585.1	0.124060195726464
S__GCA_905182475.1	S__GCA_905478585.1	0.114495072276063
S__GCA_905182525.1	S__GCA_905478585.1	0.153684419338133
S__GCA_905182715.1	S__GCA_905478585.1	0.159730627203638
S__GCA_905182795.1	S__GCA_905478585.1	0.127010793710599
S__GCA_905182885.1	S__GCA_905478585.1	0.129990994617799
S__GCA_905478185.1	S__GCA_905478585.1	0.116317416994369
S__GCA_905478325.1	S__GCA_905478585.1	0.123754245364424
S__3300027906_4	S__GCA_905479055.1	0.122946777115718
S__GCA_002729835.1	S__GCA_905479055.1	0.109767038732848
S__GCA_016777095.1	S__GCA_905479055.1	0.112576724904066
S__GCA_017857255.1	S__GCA_905479055.1	0.150066784807891
S__3300000179_4	S__GCA_905479195.1	0.141842058875933
S__3300001683_21	S__GCA_905479195.1	0.137242728468685
S__3300001683_28	S__GCA_905479195.1	0.163671798380751
S__3300001683_31	S__GCA_905479195.1	0.167046906363845
S__3300001683_4	S__GCA_905479195.1	0.187786867007918
S__3300020187_18	S__GCA_905479195.1	0.126985493733418
S__3300020263_16	S__GCA_905479195.1	0.121593565365318
S__3300020303_5	S__GCA_905479195.1	0.138165592607014
S__3300020389_17	S__GCA_905479195.1	0.175769319781564
S__3300020389_47	S__GCA_905479195.1	0.209695026118065
S__3300022920_20	S__GCA_905479195.1	0.184565957377425
S__3300024058_15	S__GCA_905479195.1	0.129916263055005
S__3300024516_18	S__GCA_905479195.1	0.13797141636663
S__3300024516_24	S__GCA_905479195.1	0.120860072815143
S__3300024516_26	S__GCA_905479195.1	0.160659630229908
S__3300025276_12	S__GCA_905479195.1	0.116669137610489
S__3300025623_36	S__GCA_905479195.1	0.111625369217289
S__3300025690_38	S__GCA_905479195.1	0.112968644873654
S__3300025892_34	S__GCA_905479195.1	0.140976748965135
S__3300025894_53	S__GCA_905479195.1	0.146635206733548
S__3300026087_14	S__GCA_905479195.1	0.122334500986824
S__3300026108_2	S__GCA_905479195.1	0.129553705660573
S__3300026108_4	S__GCA_905479195.1	0.131726032042113
S__3300026119_8	S__GCA_905479195.1	0.141792538446745
S__3300026253_8	S__GCA_905479195.1	0.129779056867894
S__3300026264_29	S__GCA_905479195.1	0.145430314606789
S__3300026267_11	S__GCA_905479195.1	0.154480439021688
S__3300027668_18	S__GCA_905479195.1	0.192309799459476
S__3300027685_11	S__GCA_905479195.1	0.128089259583704
S__3300027685_16	S__GCA_905479195.1	0.149529435546912
S__3300027685_31	S__GCA_905479195.1	0.207400512077157
S__3300027685_36	S__GCA_905479195.1	0.194082182545912
S__3300027687_20	S__GCA_905479195.1	0.11908418408707
S__3300027687_7	S__GCA_905479195.1	0.148553702099086
S__3300027700_13	S__GCA_905479195.1	0.136041063026143
S__3300027752_17	S__GCA_905479195.1	0.136247010775844
S__3300027771_26	S__GCA_905479195.1	0.166764247311601
S__3300027779_22	S__GCA_905479195.1	0.146548894101861
S__3300027779_26	S__GCA_905479195.1	0.181445581008595
S__3300027779_27	S__GCA_905479195.1	0.202343860673822
S__3300027780_12	S__GCA_905479195.1	0.189851143489196
S__3300027788_10	S__GCA_905479195.1	0.189292353819147
S__3300027791_27	S__GCA_905479195.1	0.137888125571569
S__3300027801_21	S__GCA_905479195.1	0.183249062892478
S__3300027801_7	S__GCA_905479195.1	0.16631446218974
S__3300027810_12	S__GCA_905479195.1	0.158537945735042
S__3300027827_16	S__GCA_905479195.1	0.149629045813498
S__3300027838_66	S__GCA_905479195.1	0.219846008197683
S__3300027838_7	S__GCA_905479195.1	0.205155876891007
S__3300027839_47	S__GCA_905479195.1	0.109203248713356
S__3300027839_55	S__GCA_905479195.1	0.117445132130227
S__3300027844_42	S__GCA_905479195.1	0.188960008965311
S__3300027844_60	S__GCA_905479195.1	0.138540874996288
S__3300027844_72	S__GCA_905479195.1	0.213683717845956
S__3300027844_79	S__GCA_905479195.1	0.176744756351411
S__3300027847_13	S__GCA_905479195.1	0.215089586696635
S__3300027847_4	S__GCA_905479195.1	0.119291330614849
S__3300027847_80	S__GCA_905479195.1	0.14542849665832
S__3300027849_41	S__GCA_905479195.1	0.209745825062647
S__3300027883_17	S__GCA_905479195.1	0.125409873918881
S__3300027997_10	S__GCA_905479195.1	0.135152676547884
S__GCA_000213395.2	S__GCA_905479195.1	0.188030537899316
S__GCA_000383355.1	S__GCA_905479195.1	0.171359259016197
S__GCA_000402075.1	S__GCA_905479195.1	0.12684490527567
S__GCA_001437625.1	S__GCA_905479195.1	0.122731432936955
S__GCA_001542995.1	S__GCA_905479195.1	0.119515782307736
S__GCA_001643555.1	S__GCA_905479195.1	0.144891737420457
S__GCA_002082295.1	S__GCA_905479195.1	0.151909543721622
S__GCA_002313235.1	S__GCA_905479195.1	0.134592431911442
S__GCA_002313265.1	S__GCA_905479195.1	0.132575718355421
S__GCA_002390675.1	S__GCA_905479195.1	0.14866653348955
S__GCA_002401955.1	S__GCA_905479195.1	0.165448028920068
S__GCA_002499015.1	S__GCA_905479195.1	0.163567713060559
S__GCA_002505495.1	S__GCA_905479195.1	0.144017425372907
S__GCA_002712885.1	S__GCA_905479195.1	0.158350285301009
S__GCA_002862985.1	S__GCA_905479195.1	0.184568761482075
S__GCA_003228495.1	S__GCA_905479195.1	0.115947971389249
S__GCA_003229345.1	S__GCA_905479195.1	0.178436968238321
S__GCA_003230615.1	S__GCA_905479195.1	0.159836906482554
S__GCA_003509045.1	S__GCA_905479195.1	0.142318263717374
S__GCA_004195515.1	S__GCA_905479195.1	0.129314305097775
S__GCA_004356895.1	S__GCA_905479195.1	0.167598911433613
S__GCA_008974855.1	S__GCA_905479195.1	0.119619102088576
S__GCA_009936995.1	S__GCA_905479195.1	0.1431056870221
S__GCA_009937205.1	S__GCA_905479195.1	0.147442294539179
S__GCA_012959275.1	S__GCA_905479195.1	0.182000295262157
S__GCA_012959435.1	S__GCA_905479195.1	0.156932659766899
S__GCA_012959845.1	S__GCA_905479195.1	0.178512996182958
S__GCA_012960505.1	S__GCA_905479195.1	0.133194399562924
S__GCA_012960805.1	S__GCA_905479195.1	0.142688245446857
S__GCA_012960835.1	S__GCA_905479195.1	0.21448747039248
S__GCA_012964335.1	S__GCA_905479195.1	0.153979170931297
S__GCA_012964845.1	S__GCA_905479195.1	0.132160484681937
S__GCA_012965955.1	S__GCA_905479195.1	0.125452884308028
S__GCA_012966015.1	S__GCA_905479195.1	0.167789553013628
S__GCA_012974435.1	S__GCA_905479195.1	0.136645293528854
S__GCA_013138675.1	S__GCA_905479195.1	0.116118602522654
S__GCA_013203245.1	S__GCA_905479195.1	0.113441513280979
S__GCA_013214205.1	S__GCA_905479195.1	0.152400657837234
S__GCA_013215285.1	S__GCA_905479195.1	0.13377427441632
S__GCA_013215515.1	S__GCA_905479195.1	0.116482941449267
S__GCA_013911135.1	S__GCA_905479195.1	0.115821468180742
S__GCA_014237975.1	S__GCA_905479195.1	0.200671369165476
S__GCA_014238125.1	S__GCA_905479195.1	0.123173197843029
S__GCA_014238335.1	S__GCA_905479195.1	0.167672876229992
S__GCA_014238785.1	S__GCA_905479195.1	0.206258398685362
S__GCA_014239685.1	S__GCA_905479195.1	0.187370418971465
S__GCA_014240055.1	S__GCA_905479195.1	0.121666845448549
S__GCA_014382645.1	S__GCA_905479195.1	0.139325461052473
S__GCA_014384445.1	S__GCA_905479195.1	0.220644753864648
S__GCA_014384505.1	S__GCA_905479195.1	0.128645335048249
S__GCA_015659595.1	S__GCA_905479195.1	0.163808438589275
S__GCA_016776815.1	S__GCA_905479195.1	0.12662282461278
S__GCA_018645865.1	S__GCA_905479195.1	0.21290969798903
S__GCA_018647945.1	S__GCA_905479195.1	0.195665093006661
S__GCA_018658605.1	S__GCA_905479195.1	0.191910289319085
S__GCA_018661165.1	S__GCA_905479195.1	0.192394881559414
S__GCA_018666495.1	S__GCA_905479195.1	0.205467539376587
S__GCA_018672475.1	S__GCA_905479195.1	0.205619336492624
S__GCA_018675825.1	S__GCA_905479195.1	0.190708759817938
S__GCA_018696455.1	S__GCA_905479195.1	0.17460722524578
S__GCA_018699155.1	S__GCA_905479195.1	0.153469714110535
S__GCA_018701395.1	S__GCA_905479195.1	0.135709181924744
S__GCA_018702595.1	S__GCA_905479195.1	0.183295397804783
S__GCA_902512375.1	S__GCA_905479195.1	0.18212915964288
S__GCA_902514095.1	S__GCA_905479195.1	0.109925895302173
S__GCA_902608305.1	S__GCA_905479195.1	0.112385856393773
S__GCA_905181595.1	S__GCA_905479195.1	0.136691984314192
S__GCA_905181615.1	S__GCA_905479195.1	0.110442072112383
S__GCA_905181625.1	S__GCA_905479195.1	0.141110052233214
S__GCA_905181635.1	S__GCA_905479195.1	0.18519648721933
S__GCA_905181705.1	S__GCA_905479195.1	0.131098114487747
S__GCA_905181765.1	S__GCA_905479195.1	0.125790824714846
S__GCA_905182125.1	S__GCA_905479195.1	0.142824813560034
S__GCA_905182165.1	S__GCA_905479195.1	0.210966413684442
S__GCA_905182235.1	S__GCA_905479195.1	0.195718687766262
S__GCA_905182305.1	S__GCA_905479195.1	0.125118440774669
S__GCA_905182385.1	S__GCA_905479195.1	0.222095742684103
S__GCA_905182415.1	S__GCA_905479195.1	0.162004862026037
S__GCA_905182435.1	S__GCA_905479195.1	0.116756344770013
S__GCA_905182475.1	S__GCA_905479195.1	0.13887148621802
S__GCA_905182525.1	S__GCA_905479195.1	0.183021022353856
S__GCA_905182565.1	S__GCA_905479195.1	0.202250918256652
S__GCA_905182715.1	S__GCA_905479195.1	0.180581378545778
S__GCA_905182735.1	S__GCA_905479195.1	0.121342612430564
S__GCA_905182795.1	S__GCA_905479195.1	0.196762117824752
S__GCA_905182815.1	S__GCA_905479195.1	0.137779149491913
S__GCA_905182835.1	S__GCA_905479195.1	0.18063798766668
S__GCA_905182865.1	S__GCA_905479195.1	0.146133820570257
S__GCA_905182885.1	S__GCA_905479195.1	0.189252094526536
S__GCA_905182935.1	S__GCA_905479195.1	0.154195235270618
S__GCA_905478185.1	S__GCA_905479195.1	0.118108914462147
S__GCA_905478325.1	S__GCA_905479195.1	0.195377951352566
S__GCA_905478585.1	S__GCA_905479195.1	0.171368352545366
S__3300001683_28	S__GCA_905480075.1	0.113510285196049
S__3300001683_31	S__GCA_905480075.1	0.115572200522008
S__3300001683_4	S__GCA_905480075.1	0.137269154872428
S__3300020389_17	S__GCA_905480075.1	0.130571615506648
S__3300020389_47	S__GCA_905480075.1	0.177423436743477
S__3300025690_38	S__GCA_905480075.1	0.132533475157266
S__3300025892_34	S__GCA_905480075.1	0.123801806635893
S__3300026267_11	S__GCA_905480075.1	0.128722330675692
S__3300027668_18	S__GCA_905480075.1	0.108774063381072
S__3300027685_31	S__GCA_905480075.1	0.148332165994975
S__3300027685_36	S__GCA_905480075.1	0.137883534325709
S__3300027771_26	S__GCA_905480075.1	0.13827467998471
S__3300027780_12	S__GCA_905480075.1	0.121356567084444
S__3300027788_10	S__GCA_905480075.1	0.111935493448291
S__3300027801_21	S__GCA_905480075.1	0.144240664297335
S__3300027827_16	S__GCA_905480075.1	0.12010956436989
S__3300027838_66	S__GCA_905480075.1	0.167393291346447
S__3300027838_7	S__GCA_905480075.1	0.199253999239708
S__3300027844_72	S__GCA_905480075.1	0.17416585317695
S__3300027844_79	S__GCA_905480075.1	0.127763271119141
S__3300027847_13	S__GCA_905480075.1	0.206520949728465
S__3300027849_41	S__GCA_905480075.1	0.121534082851655
S__3300027997_10	S__GCA_905480075.1	0.111994075554641
S__GCA_000213395.2	S__GCA_905480075.1	0.175273811635556
S__GCA_000383355.1	S__GCA_905480075.1	0.118737104254294
S__GCA_002168195.1	S__GCA_905480075.1	0.113831363979127
S__GCA_002401955.1	S__GCA_905480075.1	0.127138013055159
S__GCA_002712885.1	S__GCA_905480075.1	0.116046434115126
S__GCA_002862985.1	S__GCA_905480075.1	0.165971821276434
S__GCA_003229345.1	S__GCA_905480075.1	0.125858848254047
S__GCA_003230615.1	S__GCA_905480075.1	0.125623366640622
S__GCA_003509045.1	S__GCA_905480075.1	0.112008233066602
S__GCA_004356895.1	S__GCA_905480075.1	0.10892154924241
S__GCA_009937205.1	S__GCA_905480075.1	0.1267362042342
S__GCA_012959275.1	S__GCA_905480075.1	0.146096976828191
S__GCA_012959845.1	S__GCA_905480075.1	0.118781135176793
S__GCA_012960505.1	S__GCA_905480075.1	0.121637394108076
S__GCA_012960805.1	S__GCA_905480075.1	0.108114994990058
S__GCA_012960835.1	S__GCA_905480075.1	0.222346582903843
S__GCA_012964335.1	S__GCA_905480075.1	0.108710824887025
S__GCA_012966015.1	S__GCA_905480075.1	0.112261910311813
S__GCA_013214205.1	S__GCA_905480075.1	0.135204262556199
S__GCA_014237975.1	S__GCA_905480075.1	0.207769622279805
S__GCA_014238125.1	S__GCA_905480075.1	0.114241642554705
S__GCA_014238335.1	S__GCA_905480075.1	0.142205217862172
S__GCA_014238785.1	S__GCA_905480075.1	0.194722220423995
S__GCA_014239685.1	S__GCA_905480075.1	0.162874142331506
S__GCA_014240055.1	S__GCA_905480075.1	0.135055502129544
S__GCA_014384445.1	S__GCA_905480075.1	0.175135676802316
S__GCA_015659595.1	S__GCA_905480075.1	0.112063860164396
S__GCA_016776815.1	S__GCA_905480075.1	0.130633547492198
S__GCA_018645865.1	S__GCA_905480075.1	0.170801920495116
S__GCA_018647945.1	S__GCA_905480075.1	0.21035656700528
S__GCA_018658605.1	S__GCA_905480075.1	0.189450805748502
S__GCA_018661165.1	S__GCA_905480075.1	0.120357184408441
S__GCA_018666495.1	S__GCA_905480075.1	0.195586167869218
S__GCA_018672475.1	S__GCA_905480075.1	0.19600203244596
S__GCA_018675825.1	S__GCA_905480075.1	0.154272359454909
S__GCA_018696455.1	S__GCA_905480075.1	0.174603952915265
S__GCA_018699155.1	S__GCA_905480075.1	0.143418146396891
S__GCA_018701395.1	S__GCA_905480075.1	0.112587351182404
S__GCA_018702595.1	S__GCA_905480075.1	0.165137301472919
S__GCA_902512375.1	S__GCA_905480075.1	0.170792544347735
S__GCA_905181635.1	S__GCA_905480075.1	0.108233980817251
S__GCA_905181705.1	S__GCA_905480075.1	0.125535475943268
S__GCA_905182165.1	S__GCA_905480075.1	0.167872948056571
S__GCA_905182235.1	S__GCA_905480075.1	0.16106872485158
S__GCA_905182385.1	S__GCA_905480075.1	0.14310879671912
S__GCA_905182525.1	S__GCA_905480075.1	0.157670686493828
S__GCA_905182715.1	S__GCA_905480075.1	0.133460742238762
S__GCA_905182795.1	S__GCA_905480075.1	0.11774828174783
S__GCA_905182885.1	S__GCA_905480075.1	0.12354761316223
S__GCA_905478185.1	S__GCA_905480075.1	0.109095118779675
S__GCA_905478325.1	S__GCA_905480075.1	0.155033967336887
S__GCA_905478585.1	S__GCA_905480075.1	0.144724275245923
S__GCA_905479195.1	S__GCA_905480075.1	0.18673347547057
S__3300001683_4	S__GCA_905480095.1	0.112038419284398
S__3300020389_17	S__GCA_905480095.1	0.122386393370435
S__3300020389_47	S__GCA_905480095.1	0.131721532195668
S__3300027801_21	S__GCA_905480095.1	0.130420348599378
S__3300027827_16	S__GCA_905480095.1	0.115595054044582
S__3300027838_66	S__GCA_905480095.1	0.121351703019795
S__3300027838_7	S__GCA_905480095.1	0.144179336421262
S__3300027844_72	S__GCA_905480095.1	0.122362004053772
S__3300027847_13	S__GCA_905480095.1	0.14558927660602
S__GCA_000213395.2	S__GCA_905480095.1	0.139656909068262
S__GCA_002862985.1	S__GCA_905480095.1	0.145929215387248
S__GCA_012960835.1	S__GCA_905480095.1	0.174095707777607
S__GCA_014237975.1	S__GCA_905480095.1	0.152804518458761
S__GCA_014238785.1	S__GCA_905480095.1	0.138541728080181
S__GCA_014239685.1	S__GCA_905480095.1	0.11069519893626
S__GCA_014384445.1	S__GCA_905480095.1	0.120740475947332
S__GCA_018645865.1	S__GCA_905480095.1	0.124553054099869
S__GCA_018647945.1	S__GCA_905480095.1	0.15042359866797
S__GCA_018658605.1	S__GCA_905480095.1	0.143410768644535
S__GCA_018666495.1	S__GCA_905480095.1	0.143725386826985
S__GCA_018672475.1	S__GCA_905480095.1	0.157102997563524
S__GCA_018675825.1	S__GCA_905480095.1	0.112325647688595
S__GCA_902512375.1	S__GCA_905480095.1	0.134593889798405
S__GCA_905182165.1	S__GCA_905480095.1	0.127837209813891
S__GCA_905182235.1	S__GCA_905480095.1	0.129927691846786
S__GCA_905479195.1	S__GCA_905480095.1	0.127869748852876
S__GCA_905480075.1	S__GCA_905480095.1	0.110692590170173
S__3300020317_19	S__GCA_905480315.1	0.121972873771897
S__3300001683_28	S__GCA_905612275.1	0.134295705607269
S__3300001683_4	S__GCA_905612275.1	0.146085463811393
S__3300020389_17	S__GCA_905612275.1	0.142252412662906
S__3300020389_47	S__GCA_905612275.1	0.152702248062463
S__3300027668_18	S__GCA_905612275.1	0.113651367595894
S__3300027685_31	S__GCA_905612275.1	0.121662311208011
S__3300027779_22	S__GCA_905612275.1	0.133817336714177
S__3300027780_12	S__GCA_905612275.1	0.134083310798522
S__3300027801_21	S__GCA_905612275.1	0.173389792732096
S__3300027827_16	S__GCA_905612275.1	0.13151709915274
S__3300027838_66	S__GCA_905612275.1	0.162724421222684
S__3300027838_7	S__GCA_905612275.1	0.185752974772482
S__3300027844_72	S__GCA_905612275.1	0.149905460827563
S__3300027844_79	S__GCA_905612275.1	0.127195606921713
S__3300027847_13	S__GCA_905612275.1	0.192192510035047
S__3300027849_41	S__GCA_905612275.1	0.11282236204426
S__GCA_000213395.2	S__GCA_905612275.1	0.170119316750069
S__GCA_002862985.1	S__GCA_905612275.1	0.175196269779433
S__GCA_003229345.1	S__GCA_905612275.1	0.11243069901775
S__GCA_012960805.1	S__GCA_905612275.1	0.132652952826823
S__GCA_012960835.1	S__GCA_905612275.1	0.219579975786671
S__GCA_012964335.1	S__GCA_905612275.1	0.132935469225904
S__GCA_014237975.1	S__GCA_905612275.1	0.166947606026278
S__GCA_014238785.1	S__GCA_905612275.1	0.17544088681082
S__GCA_014239685.1	S__GCA_905612275.1	0.132076345684404
S__GCA_014384445.1	S__GCA_905612275.1	0.161971220369127
S__GCA_018645865.1	S__GCA_905612275.1	0.154913667989085
S__GCA_018647945.1	S__GCA_905612275.1	0.167937250894617
S__GCA_018658605.1	S__GCA_905612275.1	0.161822345289024
S__GCA_018666495.1	S__GCA_905612275.1	0.174529840751984
S__GCA_018672475.1	S__GCA_905612275.1	0.219367543326638
S__GCA_018675825.1	S__GCA_905612275.1	0.116814134375384
S__GCA_018696455.1	S__GCA_905612275.1	0.107989045411696
S__GCA_018702595.1	S__GCA_905612275.1	0.124147443447238
S__GCA_902512375.1	S__GCA_905612275.1	0.187836137764328
S__GCA_905182165.1	S__GCA_905612275.1	0.181215986605465
S__GCA_905182235.1	S__GCA_905612275.1	0.186436381033484
S__GCA_905182385.1	S__GCA_905612275.1	0.12601058674766
S__GCA_905182525.1	S__GCA_905612275.1	0.119852985699288
S__GCA_905182715.1	S__GCA_905612275.1	0.145808453919784
S__GCA_905182795.1	S__GCA_905612275.1	0.136464930944407
S__GCA_905182885.1	S__GCA_905612275.1	0.139864382936945
S__GCA_905478585.1	S__GCA_905612275.1	0.123317651361231
S__GCA_905479195.1	S__GCA_905612275.1	0.166869833812799
S__GCA_905480075.1	S__GCA_905612275.1	0.116174131672193
S__3300001683_28	S__GCA_905612295.1	0.134236716874857
S__3300001683_4	S__GCA_905612295.1	0.127363473286847
S__3300020389_17	S__GCA_905612295.1	0.123505789066622
S__3300020389_47	S__GCA_905612295.1	0.133954619289627
S__3300027685_31	S__GCA_905612295.1	0.111055797386076
S__3300027752_17	S__GCA_905612295.1	0.108037575574111
S__3300027779_22	S__GCA_905612295.1	0.150914454451275
S__3300027780_12	S__GCA_905612295.1	0.119889680017628
S__3300027801_21	S__GCA_905612295.1	0.154164368753994
S__3300027827_16	S__GCA_905612295.1	0.113799134050799
S__3300027838_66	S__GCA_905612295.1	0.14865544862101
S__3300027838_7	S__GCA_905612295.1	0.155371583339627
S__3300027844_72	S__GCA_905612295.1	0.128852519351152
S__3300027844_79	S__GCA_905612295.1	0.122844440837772
S__3300027847_13	S__GCA_905612295.1	0.163240982010471
S__GCA_000213395.2	S__GCA_905612295.1	0.148398714262155
S__GCA_002499015.1	S__GCA_905612295.1	0.115149066929071
S__GCA_002862985.1	S__GCA_905612295.1	0.153143028022932
S__GCA_012960805.1	S__GCA_905612295.1	0.130609732747091
S__GCA_012960835.1	S__GCA_905612295.1	0.186698809063347
S__GCA_012964335.1	S__GCA_905612295.1	0.142015894810756
S__GCA_014237975.1	S__GCA_905612295.1	0.1358176730381
S__GCA_014238785.1	S__GCA_905612295.1	0.152335317215718
S__GCA_014239685.1	S__GCA_905612295.1	0.108617365316376
S__GCA_014384445.1	S__GCA_905612295.1	0.147313723746415
S__GCA_018645865.1	S__GCA_905612295.1	0.128401739891962
S__GCA_018647945.1	S__GCA_905612295.1	0.136077842180161
S__GCA_018658605.1	S__GCA_905612295.1	0.130185677183687
S__GCA_018666495.1	S__GCA_905612295.1	0.147060424827599
S__GCA_018672475.1	S__GCA_905612295.1	0.197527143063839
S__GCA_902512375.1	S__GCA_905612295.1	0.179821841002606
S__GCA_905182165.1	S__GCA_905612295.1	0.155673494264132
S__GCA_905182235.1	S__GCA_905612295.1	0.178608878939431
S__GCA_905182385.1	S__GCA_905612295.1	0.117604294988823
S__GCA_905182715.1	S__GCA_905612295.1	0.115950031304652
S__GCA_905182795.1	S__GCA_905612295.1	0.132442107377697
S__GCA_905182885.1	S__GCA_905612295.1	0.140662955513442
S__GCA_905479195.1	S__GCA_905612295.1	0.149586893946074
S__3300001683_28	S__GCA_905612305.1	0.142788904032602
S__3300001683_4	S__GCA_905612305.1	0.138164741205341
S__3300020187_18	S__GCA_905612305.1	0.122993358261186
S__3300020263_16	S__GCA_905612305.1	0.136124516296671
S__3300020389_17	S__GCA_905612305.1	0.143358180977814
S__3300020389_47	S__GCA_905612305.1	0.143877216100516
S__3300024516_18	S__GCA_905612305.1	0.114954490011858
S__3300024516_26	S__GCA_905612305.1	0.113233236874908
S__3300024516_38	S__GCA_905612305.1	0.110915620105683
S__3300025894_53	S__GCA_905612305.1	0.11323795184753
S__3300026108_2	S__GCA_905612305.1	0.126490513190866
S__3300026253_8	S__GCA_905612305.1	0.138680075112474
S__3300027668_18	S__GCA_905612305.1	0.108199624993009
S__3300027685_31	S__GCA_905612305.1	0.114999857721207
S__3300027752_17	S__GCA_905612305.1	0.134981206743856
S__3300027771_26	S__GCA_905612305.1	0.121205433230794
S__3300027779_22	S__GCA_905612305.1	0.150596357527927
S__3300027780_12	S__GCA_905612305.1	0.123283343113302
S__3300027801_21	S__GCA_905612305.1	0.17161498001313
S__3300027801_7	S__GCA_905612305.1	0.122841500516933
S__3300027827_16	S__GCA_905612305.1	0.159704826552109
S__3300027838_66	S__GCA_905612305.1	0.151044897148415
S__3300027838_7	S__GCA_905612305.1	0.170774673996156
S__3300027844_72	S__GCA_905612305.1	0.140088169992142
S__3300027844_79	S__GCA_905612305.1	0.137198587074516
S__3300027847_13	S__GCA_905612305.1	0.176415742997701
S__3300027847_80	S__GCA_905612305.1	0.107965103766036
S__3300027997_10	S__GCA_905612305.1	0.128115866343168
S__GCA_000213395.2	S__GCA_905612305.1	0.170038327157224
S__GCA_001437625.1	S__GCA_905612305.1	0.117153507831745
S__GCA_002401955.1	S__GCA_905612305.1	0.129604500292607
S__GCA_002499015.1	S__GCA_905612305.1	0.127440552103881
S__GCA_002862985.1	S__GCA_905612305.1	0.184740179186832
S__GCA_003229345.1	S__GCA_905612305.1	0.119655368924482
S__GCA_003509045.1	S__GCA_905612305.1	0.109958259539764
S__GCA_003672175.1	S__GCA_905612305.1	0.10988191676816
S__GCA_009937205.1	S__GCA_905612305.1	0.140169132965222
S__GCA_012960505.1	S__GCA_905612305.1	0.121623175705904
S__GCA_012960805.1	S__GCA_905612305.1	0.157443081002922
S__GCA_012960835.1	S__GCA_905612305.1	0.213819520256792
S__GCA_012964335.1	S__GCA_905612305.1	0.153620869293324
S__GCA_013215285.1	S__GCA_905612305.1	0.135361887597638
S__GCA_013911135.1	S__GCA_905612305.1	0.122921415666498
S__GCA_014237975.1	S__GCA_905612305.1	0.161657531534821
S__GCA_014238335.1	S__GCA_905612305.1	0.108481856782141
S__GCA_014238785.1	S__GCA_905612305.1	0.172013855424353
S__GCA_014239685.1	S__GCA_905612305.1	0.124827293063753
S__GCA_014384445.1	S__GCA_905612305.1	0.149272128981777
S__GCA_014384505.1	S__GCA_905612305.1	0.122993056364189
S__GCA_015659595.1	S__GCA_905612305.1	0.11621461173721
S__GCA_016276965.1	S__GCA_905612305.1	0.110298144411631
S__GCA_016777225.1	S__GCA_905612305.1	0.1418532612176
S__GCA_018645865.1	S__GCA_905612305.1	0.140529858557728
S__GCA_018647945.1	S__GCA_905612305.1	0.164027292261335
S__GCA_018658605.1	S__GCA_905612305.1	0.158791196879671
S__GCA_018666495.1	S__GCA_905612305.1	0.164130831792285
S__GCA_018672475.1	S__GCA_905612305.1	0.209229962895689
S__GCA_018675825.1	S__GCA_905612305.1	0.11383116564879
S__GCA_018702595.1	S__GCA_905612305.1	0.119592800165533
S__GCA_902512375.1	S__GCA_905612305.1	0.194179362967402
S__GCA_905181595.1	S__GCA_905612305.1	0.144403538315125
S__GCA_905182165.1	S__GCA_905612305.1	0.162332243327449
S__GCA_905182235.1	S__GCA_905612305.1	0.180924988611362
S__GCA_905182385.1	S__GCA_905612305.1	0.111176080869591
S__GCA_905182475.1	S__GCA_905612305.1	0.125898040282917
S__GCA_905182525.1	S__GCA_905612305.1	0.11203365201551
S__GCA_905182715.1	S__GCA_905612305.1	0.137624793335116
S__GCA_905182795.1	S__GCA_905612305.1	0.127700601785889
S__GCA_905182815.1	S__GCA_905612305.1	0.119281308285214
S__GCA_905182885.1	S__GCA_905612305.1	0.128615563428914
S__GCA_905478185.1	S__GCA_905612305.1	0.153664293086125
S__GCA_905478585.1	S__GCA_905612305.1	0.129616515620982
S__GCA_905479195.1	S__GCA_905612305.1	0.148792329387922
S__GCA_905480075.1	S__GCA_905612305.1	0.112993703859777
S__GCA_905612275.1	S__GCA_905612305.1	0.129711898609015
S__GCA_905612295.1	S__GCA_905612305.1	0.12765155958787
S__3300027844_92	S__GCA_905612405.1	0.116100928659919
S__GCA_003228195.2	S__GCA_905612405.1	0.109334640184541
S__3300027839_78	S__GCA_905612415.1	0.121195090066653
S__3300027844_92	S__GCA_905612415.1	0.122967182095266
S__GCA_003228095.2	S__GCA_905612415.1	0.117819630812732
S__3300001683_28	S__GCA_905612455.1	0.139635838335614
S__3300001683_4	S__GCA_905612455.1	0.137004121389395
S__3300020389_17	S__GCA_905612455.1	0.141588989181143
S__3300020389_47	S__GCA_905612455.1	0.14636850274613
S__3300026253_8	S__GCA_905612455.1	0.118800374496297
S__3300027685_31	S__GCA_905612455.1	0.119323643063589
S__3300027752_17	S__GCA_905612455.1	0.109909577192417
S__3300027779_22	S__GCA_905612455.1	0.14273051863548
S__3300027780_12	S__GCA_905612455.1	0.122076201904578
S__3300027801_21	S__GCA_905612455.1	0.168928040273171
S__3300027827_16	S__GCA_905612455.1	0.158145419536612
S__3300027838_66	S__GCA_905612455.1	0.15362978683512
S__3300027838_7	S__GCA_905612455.1	0.17920162808221
S__3300027844_72	S__GCA_905612455.1	0.148077879268439
S__3300027844_79	S__GCA_905612455.1	0.146084599600579
S__3300027847_13	S__GCA_905612455.1	0.184802320941868
S__GCA_000213395.2	S__GCA_905612455.1	0.174831328131199
S__GCA_002862985.1	S__GCA_905612455.1	0.189270223846075
S__GCA_009937205.1	S__GCA_905612455.1	0.109907072592787
S__GCA_012960805.1	S__GCA_905612455.1	0.157994666048772
S__GCA_012960835.1	S__GCA_905612455.1	0.218652857393284
S__GCA_012964335.1	S__GCA_905612455.1	0.15345130999133
S__GCA_014237975.1	S__GCA_905612455.1	0.170415211130342
S__GCA_014238785.1	S__GCA_905612455.1	0.184026302270902
S__GCA_014239685.1	S__GCA_905612455.1	0.134581152090052
S__GCA_014384445.1	S__GCA_905612455.1	0.153890176903869
S__GCA_018645865.1	S__GCA_905612455.1	0.143950182939536
S__GCA_018647945.1	S__GCA_905612455.1	0.175313885340099
S__GCA_018658605.1	S__GCA_905612455.1	0.167047730903951
S__GCA_018666495.1	S__GCA_905612455.1	0.169999566124481
S__GCA_018672475.1	S__GCA_905612455.1	0.209756999217168
S__GCA_018675825.1	S__GCA_905612455.1	0.118039876972956
S__GCA_018696455.1	S__GCA_905612455.1	0.118503662294187
S__GCA_018702595.1	S__GCA_905612455.1	0.132163688569489
S__GCA_902512375.1	S__GCA_905612455.1	0.202284918832385
S__GCA_905182165.1	S__GCA_905612455.1	0.163659277766155
S__GCA_905182235.1	S__GCA_905612455.1	0.17902110758171
S__GCA_905182385.1	S__GCA_905612455.1	0.111929088590722
S__GCA_905182525.1	S__GCA_905612455.1	0.122255671141176
S__GCA_905182715.1	S__GCA_905612455.1	0.143019016344249
S__GCA_905182795.1	S__GCA_905612455.1	0.126288899231065
S__GCA_905182885.1	S__GCA_905612455.1	0.127327196651723
S__GCA_905478185.1	S__GCA_905612455.1	0.11505579398138
S__GCA_905478585.1	S__GCA_905612455.1	0.134089317476649
S__GCA_905479195.1	S__GCA_905612455.1	0.152322042041404
S__GCA_905480075.1	S__GCA_905612455.1	0.122899875771376
S__GCA_905612305.1	S__GCA_905612455.1	0.158926863599809
S__3300027844_92	S__GCA_905612465.1	0.113277862709583
S__GCA_002719675.1	S__GCA_905612465.1	0.110644560782688
S__3300020389_47	S__GCA_905612485.1	0.122568205821062
S__3300027801_21	S__GCA_905612485.1	0.121184497078983
S__3300027827_16	S__GCA_905612485.1	0.118315874261165
S__3300027838_66	S__GCA_905612485.1	0.118060737288801
S__3300027838_7	S__GCA_905612485.1	0.143325391560328
S__3300027844_72	S__GCA_905612485.1	0.130444704572062
S__3300027847_13	S__GCA_905612485.1	0.143561809027488
S__GCA_000213395.2	S__GCA_905612485.1	0.133457369641487
S__GCA_002862985.1	S__GCA_905612485.1	0.142431984305403
S__GCA_012960835.1	S__GCA_905612485.1	0.168522436687236
S__GCA_014237975.1	S__GCA_905612485.1	0.151560225912634
S__GCA_014238785.1	S__GCA_905612485.1	0.151112048243154
S__GCA_014239685.1	S__GCA_905612485.1	0.11978095166331
S__GCA_014384445.1	S__GCA_905612485.1	0.124802605627552
S__GCA_018645865.1	S__GCA_905612485.1	0.122703237220282
S__GCA_018647945.1	S__GCA_905612485.1	0.167140893186544
S__GCA_018658605.1	S__GCA_905612485.1	0.15608445490538
S__GCA_018666495.1	S__GCA_905612485.1	0.143945790346341
S__GCA_018672475.1	S__GCA_905612485.1	0.14691610254071
S__GCA_018675825.1	S__GCA_905612485.1	0.118545985266262
S__GCA_018696455.1	S__GCA_905612485.1	0.132563727551202
S__GCA_018702595.1	S__GCA_905612485.1	0.134026678202193
S__GCA_902512375.1	S__GCA_905612485.1	0.136160043226789
S__GCA_905182165.1	S__GCA_905612485.1	0.124347637273809
S__GCA_905182235.1	S__GCA_905612485.1	0.125347493598663
S__GCA_905182525.1	S__GCA_905612485.1	0.116680859353894
S__GCA_905182715.1	S__GCA_905612485.1	0.114259507164542
S__GCA_905479195.1	S__GCA_905612485.1	0.126378634789081
S__GCA_905480075.1	S__GCA_905612485.1	0.124890124123939
S__3300027844_92	S__GCA_905612525.1	0.14609435126344
S__GCA_003228095.2	S__GCA_905612525.1	0.11938871464464
S__GCA_003228125.1	S__GCA_905612525.1	0.113082950219912
S__GCA_003228195.2	S__GCA_905612525.1	0.131048451537274
S__3300020477_98	S__GCA_905614355.1	0.115912705777416
S__3300025673_14	S__GCA_905614355.1	0.127445144544156
S__3300025890_25	S__GCA_905614355.1	0.146535392491869
S__3300027685_28	S__GCA_905614355.1	0.147659246108513
S__3300027839_78	S__GCA_905614355.1	0.173953438021488
S__3300027844_92	S__GCA_905614355.1	0.23708608427572
S__3300027847_10	S__GCA_905614355.1	0.111671475579055
S__3300027847_31	S__GCA_905614355.1	0.160299903241667
S__3300027847_53	S__GCA_905614355.1	0.153720497937415
S__GCA_002311835.1	S__GCA_905614355.1	0.147477486994406
S__GCA_002341135.1	S__GCA_905614355.1	0.155928502034954
S__GCA_002705605.1	S__GCA_905614355.1	0.135505368924588
S__GCA_002719675.1	S__GCA_905614355.1	0.136155450609484
S__GCA_003228095.2	S__GCA_905614355.1	0.200452199154738
S__GCA_003228125.1	S__GCA_905614355.1	0.186108486997609
S__GCA_003228195.2	S__GCA_905614355.1	0.197122809304397
S__GCA_009391235.1	S__GCA_905614355.1	0.127812465759488
S__GCA_014240385.1	S__GCA_905614355.1	0.123408015419286
S__GCA_014240435.1	S__GCA_905614355.1	0.110563292466325
S__GCA_014381415.1	S__GCA_905614355.1	0.128868697751237
S__GCA_015658495.1	S__GCA_905614355.1	0.123059461714693
S__GCA_018659815.1	S__GCA_905614355.1	0.111201698172789
S__GCA_018673815.1	S__GCA_905614355.1	0.10861146769978
S__GCA_902512485.1	S__GCA_905614355.1	0.172497787893995
S__GCA_902590845.1	S__GCA_905614355.1	0.138750021946337
S__GCA_902607585.1	S__GCA_905614355.1	0.161346739914565
S__GCA_905612525.1	S__GCA_905614355.1	0.122632998323892
S__3300020389_47	S__GCA_905614375.1	0.12305902635646
S__3300027685_31	S__GCA_905614375.1	0.108485538172225
S__3300027779_27	S__GCA_905614375.1	0.119367924455081
S__3300027838_66	S__GCA_905614375.1	0.122367996834352
S__3300027838_7	S__GCA_905614375.1	0.123775689260871
S__3300027844_72	S__GCA_905614375.1	0.11635265910216
S__3300027847_13	S__GCA_905614375.1	0.134031435523763
S__3300027849_41	S__GCA_905614375.1	0.113226597490865
S__GCA_012960835.1	S__GCA_905614375.1	0.125361544316471
S__GCA_014237975.1	S__GCA_905614375.1	0.114126446790284
S__GCA_014238785.1	S__GCA_905614375.1	0.119057132859477
S__GCA_014384445.1	S__GCA_905614375.1	0.131093811831576
S__GCA_018647945.1	S__GCA_905614375.1	0.111404664383177
S__GCA_018666495.1	S__GCA_905614375.1	0.124094497677258
S__GCA_018672475.1	S__GCA_905614375.1	0.121212388847785
S__GCA_905182385.1	S__GCA_905614375.1	0.13533298915605
S__GCA_905479195.1	S__GCA_905614375.1	0.151817550956267
S__3300020389_47	S__GCA_905616395.1	0.129810742721879
S__3300027801_21	S__GCA_905616395.1	0.110354542806493
S__3300027838_66	S__GCA_905616395.1	0.12331145353171
S__3300027838_7	S__GCA_905616395.1	0.133124015305102
S__3300027844_72	S__GCA_905616395.1	0.116005863539855
S__3300027847_13	S__GCA_905616395.1	0.137015318403579
S__GCA_000213395.2	S__GCA_905616395.1	0.124634181179483
S__GCA_002862985.1	S__GCA_905616395.1	0.111424725365538
S__GCA_012960835.1	S__GCA_905616395.1	0.147827844818292
S__GCA_014237975.1	S__GCA_905616395.1	0.126847593408639
S__GCA_014238785.1	S__GCA_905616395.1	0.12690449495712
S__GCA_014384445.1	S__GCA_905616395.1	0.124655274793254
S__GCA_018645865.1	S__GCA_905616395.1	0.116086594414697
S__GCA_018647945.1	S__GCA_905616395.1	0.118882850948907
S__GCA_018658605.1	S__GCA_905616395.1	0.112941973553131
S__GCA_018666495.1	S__GCA_905616395.1	0.126797379669505
S__GCA_018672475.1	S__GCA_905616395.1	0.148810615241347
S__GCA_902512375.1	S__GCA_905616395.1	0.128452272809393
S__GCA_905182165.1	S__GCA_905616395.1	0.128205321550904
S__GCA_905182235.1	S__GCA_905616395.1	0.128474935061584
S__GCA_905182385.1	S__GCA_905616395.1	0.110898554754039
S__GCA_905182885.1	S__GCA_905616395.1	0.108427574464293
S__GCA_905479195.1	S__GCA_905616395.1	0.136873602127727
S__3300027844_92	S__GCA_905616445.1	0.116415987426948
S__3300027844_92	S__GCA_905616465.1	0.126595716736386
S__GCA_003228125.1	S__GCA_905616465.1	0.117838741175728
S__3300027844_92	S__GCA_905618885.1	0.136585887516521
S__GCA_003228095.2	S__GCA_905618885.1	0.113022036033666
S__GCA_003228125.1	S__GCA_905618885.1	0.123897828374379
S__3300001683_28	S__GCA_905618915.1	0.1081266812991
S__3300001683_4	S__GCA_905618915.1	0.133452525588987
S__3300020389_17	S__GCA_905618915.1	0.117306068195771
S__3300020389_47	S__GCA_905618915.1	0.143329770083021
S__3300027685_31	S__GCA_905618915.1	0.115663793800566
S__3300027779_22	S__GCA_905618915.1	0.112667724475078
S__3300027780_12	S__GCA_905618915.1	0.114896584931116
S__3300027801_21	S__GCA_905618915.1	0.138030517197189
S__3300027838_66	S__GCA_905618915.1	0.149688477808761
S__3300027838_7	S__GCA_905618915.1	0.165111598743378
S__3300027844_72	S__GCA_905618915.1	0.138060488444225
S__3300027844_79	S__GCA_905618915.1	0.109571251336521
S__3300027847_13	S__GCA_905618915.1	0.171941013365771
S__GCA_000213395.2	S__GCA_905618915.1	0.144266732058484
S__GCA_002862985.1	S__GCA_905618915.1	0.15265997584713
S__GCA_012960835.1	S__GCA_905618915.1	0.19157771653417
S__GCA_012964335.1	S__GCA_905618915.1	0.113542352664651
S__GCA_014237975.1	S__GCA_905618915.1	0.153666624595943
S__GCA_014238785.1	S__GCA_905618915.1	0.156094656302047
S__GCA_014239685.1	S__GCA_905618915.1	0.120072059696413
S__GCA_014384445.1	S__GCA_905618915.1	0.149942333820682
S__GCA_018645865.1	S__GCA_905618915.1	0.140644982019005
S__GCA_018647945.1	S__GCA_905618915.1	0.153372873643065
S__GCA_018658605.1	S__GCA_905618915.1	0.144033426678961
S__GCA_018666495.1	S__GCA_905618915.1	0.159365738982667
S__GCA_018672475.1	S__GCA_905618915.1	0.184403493186365
S__GCA_018702595.1	S__GCA_905618915.1	0.114266781212219
S__GCA_902512375.1	S__GCA_905618915.1	0.158200773567754
S__GCA_905182165.1	S__GCA_905618915.1	0.1577255420572
S__GCA_905182235.1	S__GCA_905618915.1	0.165550245519807
S__GCA_905182385.1	S__GCA_905618915.1	0.119643654562637
S__GCA_905182715.1	S__GCA_905618915.1	0.115437564195918
S__GCA_905182795.1	S__GCA_905618915.1	0.11631964848395
S__GCA_905182885.1	S__GCA_905618915.1	0.121866440561035
S__GCA_905479195.1	S__GCA_905618915.1	0.156178243314926
S__GCA_905480075.1	S__GCA_905618915.1	0.110019454880328
S__3300001683_28	S__GCA_905620445.1	0.12058929061713
S__3300001683_31	S__GCA_905620445.1	0.12437505721595
S__3300001683_4	S__GCA_905620445.1	0.131744429075942
S__3300020389_17	S__GCA_905620445.1	0.122196020565373
S__3300020389_47	S__GCA_905620445.1	0.182448082125136
S__3300022920_20	S__GCA_905620445.1	0.159745809709856
S__3300024516_26	S__GCA_905620445.1	0.120411474089608
S__3300025894_53	S__GCA_905620445.1	0.117178786739997
S__3300027668_18	S__GCA_905620445.1	0.154561519949291
S__3300027685_31	S__GCA_905620445.1	0.153180773853161
S__3300027685_36	S__GCA_905620445.1	0.140605241257831
S__3300027687_7	S__GCA_905620445.1	0.124596013989052
S__3300027779_22	S__GCA_905620445.1	0.111767740721858
S__3300027779_26	S__GCA_905620445.1	0.157531457197075
S__3300027779_27	S__GCA_905620445.1	0.173575699608485
S__3300027780_12	S__GCA_905620445.1	0.142359078199755
S__3300027788_10	S__GCA_905620445.1	0.15375055563524
S__3300027791_27	S__GCA_905620445.1	0.111685054162572
S__3300027801_21	S__GCA_905620445.1	0.139323149719574
S__3300027801_7	S__GCA_905620445.1	0.130980137390383
S__3300027810_12	S__GCA_905620445.1	0.133724876354654
S__3300027838_66	S__GCA_905620445.1	0.193513700977136
S__3300027838_7	S__GCA_905620445.1	0.180838829246087
S__3300027844_42	S__GCA_905620445.1	0.154188081520658
S__3300027844_60	S__GCA_905620445.1	0.10924460666511
S__3300027844_72	S__GCA_905620445.1	0.161780163445274
S__3300027844_79	S__GCA_905620445.1	0.122466961801233
S__3300027847_13	S__GCA_905620445.1	0.194021605171838
S__3300027847_80	S__GCA_905620445.1	0.111464023902992
S__3300027849_41	S__GCA_905620445.1	0.168150627642184
S__3300027883_17	S__GCA_905620445.1	0.110012627938697
S__GCA_000213395.2	S__GCA_905620445.1	0.151544818940683
S__GCA_000383355.1	S__GCA_905620445.1	0.12419731373679
S__GCA_002082295.1	S__GCA_905620445.1	0.117810790807193
S__GCA_002390675.1	S__GCA_905620445.1	0.114423999681153
S__GCA_002401955.1	S__GCA_905620445.1	0.112543980273864
S__GCA_002499015.1	S__GCA_905620445.1	0.128796562761782
S__GCA_002505495.1	S__GCA_905620445.1	0.131795734207738
S__GCA_002712885.1	S__GCA_905620445.1	0.113114116195797
S__GCA_002862985.1	S__GCA_905620445.1	0.137984928805792
S__GCA_003229345.1	S__GCA_905620445.1	0.125193223254158
S__GCA_004356895.1	S__GCA_905620445.1	0.128022581524047
S__GCA_012959275.1	S__GCA_905620445.1	0.125745342364736
S__GCA_012959435.1	S__GCA_905620445.1	0.126137388793972
S__GCA_012959845.1	S__GCA_905620445.1	0.132286946811669
S__GCA_012960835.1	S__GCA_905620445.1	0.189442329925777
S__GCA_012964335.1	S__GCA_905620445.1	0.113015795019265
S__GCA_012965955.1	S__GCA_905620445.1	0.108222811688462
S__GCA_012966015.1	S__GCA_905620445.1	0.12892652814343
S__GCA_014237975.1	S__GCA_905620445.1	0.162981442095454
S__GCA_014238335.1	S__GCA_905620445.1	0.108609412993413
S__GCA_014238785.1	S__GCA_905620445.1	0.168222726121287
S__GCA_014239685.1	S__GCA_905620445.1	0.122664240021736
S__GCA_014382645.1	S__GCA_905620445.1	0.118884268435193
S__GCA_014384445.1	S__GCA_905620445.1	0.194861067159977
S__GCA_015659595.1	S__GCA_905620445.1	0.120987772016521
S__GCA_018645865.1	S__GCA_905620445.1	0.169407923445667
S__GCA_018647945.1	S__GCA_905620445.1	0.151981246873315
S__GCA_018658605.1	S__GCA_905620445.1	0.140639413159749
S__GCA_018661165.1	S__GCA_905620445.1	0.146651817963481
S__GCA_018666495.1	S__GCA_905620445.1	0.176008471403546
S__GCA_018672475.1	S__GCA_905620445.1	0.191848516751869
S__GCA_018675825.1	S__GCA_905620445.1	0.1278627528377
S__GCA_018702595.1	S__GCA_905620445.1	0.116195946140244
S__GCA_902512375.1	S__GCA_905620445.1	0.158867014969011
S__GCA_905181625.1	S__GCA_905620445.1	0.131852215450062
S__GCA_905181635.1	S__GCA_905620445.1	0.145647452070718
S__GCA_905182125.1	S__GCA_905620445.1	0.116431760574504
S__GCA_905182165.1	S__GCA_905620445.1	0.180997186325881
S__GCA_905182195.1	S__GCA_905620445.1	0.110410198259698
S__GCA_905182235.1	S__GCA_905620445.1	0.177182865148166
S__GCA_905182305.1	S__GCA_905620445.1	0.116713675224172
S__GCA_905182385.1	S__GCA_905620445.1	0.189062115592357
S__GCA_905182415.1	S__GCA_905620445.1	0.138170456586222
S__GCA_905182525.1	S__GCA_905620445.1	0.116848083657942
S__GCA_905182565.1	S__GCA_905620445.1	0.173237853304313
S__GCA_905182715.1	S__GCA_905620445.1	0.120563538017285
S__GCA_905182735.1	S__GCA_905620445.1	0.117296641164123
S__GCA_905182795.1	S__GCA_905620445.1	0.159442604703172
S__GCA_905182815.1	S__GCA_905620445.1	0.10835676712652
S__GCA_905182835.1	S__GCA_905620445.1	0.164557639817633
S__GCA_905182865.1	S__GCA_905620445.1	0.122294947509614
S__GCA_905182885.1	S__GCA_905620445.1	0.163018300560175
S__GCA_905182935.1	S__GCA_905620445.1	0.129338278802533
S__GCA_905478325.1	S__GCA_905620445.1	0.130301182860758
S__GCA_905478585.1	S__GCA_905620445.1	0.108913057850076
S__GCA_905479195.1	S__GCA_905620445.1	0.222218706085858
S__GCA_905480075.1	S__GCA_905620445.1	0.121414434427136
S__GCA_905612275.1	S__GCA_905620445.1	0.11980247365581
S__GCA_905612295.1	S__GCA_905620445.1	0.115723237513711
S__GCA_905614375.1	S__GCA_905620445.1	0.12035557591282
S__GCA_905616395.1	S__GCA_905620445.1	0.108593165260704
S__GCA_905618915.1	S__GCA_905620445.1	0.112403658206869
S__3300027839_78	S__GCA_905620465.1	0.117856388701812
S__3300027844_92	S__GCA_905620465.1	0.140643472944157
S__GCA_003228095.2	S__GCA_905620465.1	0.122509167151165
S__GCA_003228125.1	S__GCA_905620465.1	0.10945860005134
S__GCA_003228195.2	S__GCA_905620465.1	0.113682836963883
S__GCA_905614355.1	S__GCA_905620465.1	0.113891421218749
S__3300027844_92	S__GCA_905620505.1	0.142601449125336
S__GCA_003228095.2	S__GCA_905620505.1	0.119214174788236
S__GCA_003228125.1	S__GCA_905620505.1	0.108609452317054
S__GCA_003228195.2	S__GCA_905620505.1	0.133494640186876
S__GCA_003331265.1	S__GCF_000012505.1	0.123538888948049
S__3300020385_31	S__GCF_000014585.1	0.133218708272881
S__3300027844_92	S__GCF_000744415.1	0.123450101829224
S__GCA_003228095.2	S__GCF_000744415.1	0.110395447406551
S__GCA_003228195.2	S__GCF_000744415.1	0.10985026658385
S__3300027839_78	S__GCF_000801295.1	0.166227253208032
S__3300027844_92	S__GCF_000801295.1	0.231372676749908
S__3300027847_53	S__GCF_000801295.1	0.120049847307912
S__GCA_002311835.1	S__GCF_000801295.1	0.127494849543736
S__GCA_002341135.1	S__GCF_000801295.1	0.143591157972433
S__GCA_003228095.2	S__GCF_000801295.1	0.191286547428734
S__GCA_003228125.1	S__GCF_000801295.1	0.17443873633248
S__GCA_003228195.2	S__GCF_000801295.1	0.217044613071501
S__GCA_009391235.1	S__GCF_000801295.1	0.121360047230158
S__GCA_014381415.1	S__GCF_000801295.1	0.120238505670504
S__GCA_015658495.1	S__GCF_000801295.1	0.10971728202468
S__GCA_902512485.1	S__GCF_000801295.1	0.109625047883431
S__GCA_905614355.1	S__GCF_000801295.1	0.153088052906668
S__3300027844_92	S__GCF_001574435.1	0.114026369001757
S__3300027838_66	S__GCF_002835935.1	0.113658765821161
S__3300027847_13	S__GCF_002835935.1	0.117252611099706
S__GCA_012960835.1	S__GCF_002835935.1	0.116033978212615
S__GCA_014384445.1	S__GCF_002835935.1	0.115040841938762
S__GCA_018672475.1	S__GCF_002835935.1	0.114282534205119
S__GCA_905182385.1	S__GCF_002835935.1	0.111947785432179
S__GCA_905479195.1	S__GCF_002835935.1	0.128908407342439
S__GCA_905620445.1	S__GCF_002835935.1	0.109720783762617
S__GCA_905182815.1	S__GCF_002836475.1	0.108445379992328
S__3300027838_66	S__GCF_002943715.1	0.112028196790086
S__3300027847_13	S__GCF_002943715.1	0.11473661825227
S__GCA_012960835.1	S__GCF_002943715.1	0.114598364073739
S__GCA_014384445.1	S__GCF_002943715.1	0.113663169013217
S__GCA_018672475.1	S__GCF_002943715.1	0.113296529668513
S__GCA_905182385.1	S__GCF_002943715.1	0.110109328452515
S__GCA_905479195.1	S__GCF_002943715.1	0.127381975704091
S__GCA_905620445.1	S__GCF_002943715.1	0.110226738495099
S__3300027838_7	S__GCF_002954445.1	0.108301757265547
S__3300027847_13	S__GCF_002954445.1	0.110939605630561
S__GCA_012960835.1	S__GCF_002954445.1	0.128940428901708
S__GCA_014238785.1	S__GCF_002954445.1	0.11223455598016
S__GCA_018672475.1	S__GCF_002954445.1	0.125114019917471
S__GCA_902512375.1	S__GCF_002954445.1	0.123742688540105
S__3300027827_16	S__GCF_003326015.1	0.112690258167964
S__GCA_002862985.1	S__GCF_003326015.1	0.115432821791195
S__GCA_012960835.1	S__GCF_003326015.1	0.1326009961664
S__GCA_014237975.1	S__GCF_003326015.1	0.119852011463262
S__GCA_014238785.1	S__GCF_003326015.1	0.109210987525138
S__GCA_018647945.1	S__GCF_003326015.1	0.128514340822103
S__GCA_018658605.1	S__GCF_003326015.1	0.121103565555379
S__GCA_018672475.1	S__GCF_003326015.1	0.110101546327797
S__GCA_018696455.1	S__GCF_003326015.1	0.115655168956306
S__GCA_018702595.1	S__GCF_003326015.1	0.108168201979948
S__3300001683_28	S__GCF_012276695.1	0.134584107272927
S__3300001683_4	S__GCF_012276695.1	0.129190188896697
S__3300020263_16	S__GCF_012276695.1	0.108999867887772
S__3300020389_17	S__GCF_012276695.1	0.133436676507691
S__3300020389_47	S__GCF_012276695.1	0.136865617509877
S__3300026253_8	S__GCF_012276695.1	0.128473079258582
S__3300027685_31	S__GCF_012276695.1	0.111140089049524
S__3300027752_17	S__GCF_012276695.1	0.117938637802244
S__3300027779_22	S__GCF_012276695.1	0.148114485146189
S__3300027780_12	S__GCF_012276695.1	0.115201063406468
S__3300027801_21	S__GCF_012276695.1	0.158550853192787
S__3300027827_16	S__GCF_012276695.1	0.148095894687262
S__3300027838_66	S__GCF_012276695.1	0.142994254576843
S__3300027838_7	S__GCF_012276695.1	0.160271885366374
S__3300027844_72	S__GCF_012276695.1	0.131831011278831
S__3300027844_79	S__GCF_012276695.1	0.127911390819618
S__3300027847_13	S__GCF_012276695.1	0.165536506427429
S__GCA_000213395.2	S__GCF_012276695.1	0.160283170348172
S__GCA_002862985.1	S__GCF_012276695.1	0.171161913460616
S__GCA_012960805.1	S__GCF_012276695.1	0.151119457443663
S__GCA_012960835.1	S__GCF_012276695.1	0.198703238472658
S__GCA_012964335.1	S__GCF_012276695.1	0.149634603683195
S__GCA_014237975.1	S__GCF_012276695.1	0.152005465726826
S__GCA_014238785.1	S__GCF_012276695.1	0.159712445281685
S__GCA_014239685.1	S__GCF_012276695.1	0.117881238633881
S__GCA_014384445.1	S__GCF_012276695.1	0.140939542603576
S__GCA_018645865.1	S__GCF_012276695.1	0.132456270894178
S__GCA_018647945.1	S__GCF_012276695.1	0.152566379976104
S__GCA_018658605.1	S__GCF_012276695.1	0.14742678317735
S__GCA_018666495.1	S__GCF_012276695.1	0.153229184327205
S__GCA_018672475.1	S__GCF_012276695.1	0.194250134990871
S__GCA_018702595.1	S__GCF_012276695.1	0.111846745464651
S__GCA_902512375.1	S__GCF_012276695.1	0.180633828652218
S__GCA_905181595.1	S__GCF_012276695.1	0.11738637290027
S__GCA_905182165.1	S__GCF_012276695.1	0.151077278186392
S__GCA_905182235.1	S__GCF_012276695.1	0.168044358536933
S__GCA_905182715.1	S__GCF_012276695.1	0.127634722193224
S__GCA_905182795.1	S__GCF_012276695.1	0.120130485125496
S__GCA_905182885.1	S__GCF_012276695.1	0.121575162094278
S__GCA_905478185.1	S__GCF_012276695.1	0.107995326183288
S__GCA_905478585.1	S__GCF_012276695.1	0.115034121845647
S__GCA_905479195.1	S__GCF_012276695.1	0.142539158223161
S__GCA_905612305.1	S__GCF_012276695.1	0.158361679488287
S__GCA_905612455.1	S__GCF_012276695.1	0.115987759434813
S__3300020389_47	S__GCF_013407165.1	0.111305100877695
S__3300027801_21	S__GCF_013407165.1	0.11902404060129
S__3300027838_7	S__GCF_013407165.1	0.131319876369821
S__3300027847_13	S__GCF_013407165.1	0.13430164859933
S__GCA_000213395.2	S__GCF_013407165.1	0.124754469663584
S__GCA_002862985.1	S__GCF_013407165.1	0.122218531485358
S__GCA_012960835.1	S__GCF_013407165.1	0.159038551729151
S__GCA_014237975.1	S__GCF_013407165.1	0.13035650518244
S__GCA_014238785.1	S__GCF_013407165.1	0.12211188507207
S__GCA_018645865.1	S__GCF_013407165.1	0.108764918014291
S__GCA_018647945.1	S__GCF_013407165.1	0.131628987490121
S__GCA_018658605.1	S__GCF_013407165.1	0.125521411989592
S__GCA_018666495.1	S__GCF_013407165.1	0.125005318796164
S__GCA_018672475.1	S__GCF_013407165.1	0.145696711584061
S__GCA_902512375.1	S__GCF_013407165.1	0.123279344613867
S__GCA_905182165.1	S__GCF_013407165.1	0.115639107149962
S__GCA_905182235.1	S__GCF_013407165.1	0.115272116422047
S__GCA_905479195.1	S__GCF_013407165.1	0.11203164334462
S__3300020385_31	S__GCF_014279555.1	0.154803776406523
S__GCA_016777265.1	S__GCF_014279555.1	0.112384643532674
S__3300027839_78	S__IMGVR_UViG_3300017727_001923	0.131950333368152
S__3300027844_92	S__IMGVR_UViG_3300017727_001923	0.183496588483506
S__GCA_003228095.2	S__IMGVR_UViG_3300017727_001923	0.152965057362894
S__GCA_003228125.1	S__IMGVR_UViG_3300017727_001923	0.141954971618706
S__GCA_003228195.2	S__IMGVR_UViG_3300017727_001923	0.153036473020663
S__GCA_009391235.1	S__IMGVR_UViG_3300017727_001923	0.112234084339825
S__GCA_014381415.1	S__IMGVR_UViG_3300017727_001923	0.109710142978641
S__GCA_015658495.1	S__IMGVR_UViG_3300017727_001923	0.13580623453238
S__GCA_902512485.1	S__IMGVR_UViG_3300017727_001923	0.109617720991099
S__GCA_905614355.1	S__IMGVR_UViG_3300017727_001923	0.121446045192779
S__3300027844_92	S__IMGVR_UViG_3300021087_000038	0.139747649242944
S__GCA_003228095.2	S__IMGVR_UViG_3300021087_000038	0.11026593764344
S__GCA_003228125.1	S__IMGVR_UViG_3300021087_000038	0.126790647414424
S__GCA_003228195.2	S__IMGVR_UViG_3300021087_000038	0.138735987194504
S__GCA_009391235.1	S__IMGVR_UViG_3300021087_000038	0.191537995361463
S__GCA_014381415.1	S__IMGVR_UViG_3300021087_000038	0.18766570169891
S__GCA_015658495.1	S__IMGVR_UViG_3300021087_000038	0.157681135254612
S__3300027844_92	S__IMGVR_UViG_3300023238_000017	0.123324147138778
S__GCA_003228125.1	S__IMGVR_UViG_3300023238_000017	0.110893189660614
S__GCA_003228195.2	S__IMGVR_UViG_3300023238_000017	0.11873441090025
S__GCA_009391235.1	S__IMGVR_UViG_3300023238_000017	0.161569645343149
S__GCA_014381415.1	S__IMGVR_UViG_3300023238_000017	0.157809778447342
S__GCA_015658495.1	S__IMGVR_UViG_3300023238_000017	0.135930009017564
S__IMGVR_UViG_3300021087_000038	S__IMGVR_UViG_3300023238_000017	0.173933008561557
S__3300027839_78	S__IMGVR_UViG_3300024344_003081	0.111934130823314
S__3300027844_92	S__IMGVR_UViG_3300024344_003081	0.110382065991
S__GCA_018672815.1	S__IMGVR_UViG_3300024344_003081	0.115618195109618
S__GCA_905612415.1	S__IMGVR_UViG_3300024344_003081	0.108459249346579
S__GCA_000405345.1	S__IMGVR_UViG_3300024520_000070	0.10965978944173
S__GCA_003575245.1	S__IMGVR_UViG_3300024520_000070	0.117237695705981
S__GCA_013138755.1	S__IMGVR_UViG_3300024520_000070	0.113067331630787
S__GCA_018700215.1	S__IMGVR_UViG_3300024520_000070	0.118250949115332
S__GCA_018894595.1	S__IMGVR_UViG_3300024520_000070	0.144972412727484
S__3300027844_59	S__IMGVR_UViG_3300025296_001443	0.125092048691646
S__3300027847_58	S__IMGVR_UViG_3300025296_001443	0.168351917025809
S__3300027844_92	S__IMGVR_UViG_3300025684_000010	0.12403482495029
S__GCA_003228125.1	S__IMGVR_UViG_3300025684_000010	0.111547231525076
S__3300027844_92	S__IMGVR_UViG_3300027668_002455	0.129641109812816
S__GCA_003228095.2	S__IMGVR_UViG_3300027668_002455	0.115144404401203
S__3300027839_78	S__IMGVR_UViG_3300028198_000003	0.115565849249549
S__3300027844_92	S__IMGVR_UViG_3300028198_000003	0.160131638461929
S__GCA_003228095.2	S__IMGVR_UViG_3300028198_000003	0.134004016899006
S__GCA_003228125.1	S__IMGVR_UViG_3300028198_000003	0.124515070137683
S__GCA_003228195.2	S__IMGVR_UViG_3300028198_000003	0.130533626950333
S__3300020469_71	S__IMGVR_UViG_3300046167_000935	0.12030481006459
S__3300027906_4	S__IMGVR_UViG_3300046167_000935	0.108718218422352
S__GCA_905479055.1	S__IMGVR_UViG_3300046167_000935	0.11745678344199
S__3300025673_14	S__IMGVR_UViG_3300046532_001046	0.127285552131086
S__3300025890_25	S__IMGVR_UViG_3300046532_001046	0.144912995288608
S__3300027685_28	S__IMGVR_UViG_3300046532_001046	0.124632715650349
S__3300027839_78	S__IMGVR_UViG_3300046532_001046	0.168725010909143
S__3300027844_59	S__IMGVR_UViG_3300046532_001046	0.156196224526572
S__3300027844_92	S__IMGVR_UViG_3300046532_001046	0.230091650903656
S__3300027847_31	S__IMGVR_UViG_3300046532_001046	0.185390204087009
S__3300027847_53	S__IMGVR_UViG_3300046532_001046	0.137593830039796
S__3300027847_58	S__IMGVR_UViG_3300046532_001046	0.138351544080475
S__GCA_002311835.1	S__IMGVR_UViG_3300046532_001046	0.142178507152741
S__GCA_002341135.1	S__IMGVR_UViG_3300046532_001046	0.155214283532998
S__GCA_002705605.1	S__IMGVR_UViG_3300046532_001046	0.136036464975526
S__GCA_002719675.1	S__IMGVR_UViG_3300046532_001046	0.136918200911855
S__GCA_003228095.2	S__IMGVR_UViG_3300046532_001046	0.193543966039179
S__GCA_003228125.1	S__IMGVR_UViG_3300046532_001046	0.17980372471783
S__GCA_003228195.2	S__IMGVR_UViG_3300046532_001046	0.190994866254759
S__GCA_009391235.1	S__IMGVR_UViG_3300046532_001046	0.131947020141943
S__GCA_014240385.1	S__IMGVR_UViG_3300046532_001046	0.118577535562988
S__GCA_014240435.1	S__IMGVR_UViG_3300046532_001046	0.112744183023953
S__GCA_014381415.1	S__IMGVR_UViG_3300046532_001046	0.132842072575309
S__GCA_015658495.1	S__IMGVR_UViG_3300046532_001046	0.12758997020557
S__GCA_018659815.1	S__IMGVR_UViG_3300046532_001046	0.110790596042008
S__GCA_018698655.1	S__IMGVR_UViG_3300046532_001046	0.119696252190539
S__GCA_902512485.1	S__IMGVR_UViG_3300046532_001046	0.173459175161003
S__GCA_902590845.1	S__IMGVR_UViG_3300046532_001046	0.138870691298948
S__GCA_902607585.1	S__IMGVR_UViG_3300046532_001046	0.158548165787213
S__GCA_905182705.1	S__IMGVR_UViG_3300046532_001046	0.113855371806388
S__GCA_905612525.1	S__IMGVR_UViG_3300046532_001046	0.110931355101483
S__GCA_905614355.1	S__IMGVR_UViG_3300046532_001046	0.159651710201032
S__GCF_000801295.1	S__IMGVR_UViG_3300046532_001046	0.152830011663044
S__IMGVR_UViG_3300017727_001923	S__IMGVR_UViG_3300046532_001046	0.125348564625962
S__IMGVR_UViG_3300021087_000038	S__IMGVR_UViG_3300046532_001046	0.11611234660642
S__IMGVR_UViG_3300023238_000017	S__IMGVR_UViG_3300046532_001046	0.117604474016783
S__IMGVR_UViG_3300027668_002455	S__IMGVR_UViG_3300046532_001046	0.1198928708138
S__IMGVR_UViG_3300028198_000003	S__IMGVR_UViG_3300046532_001046	0.148199794739789
S__GCA_015665265.1	S__IMGVR_UViG_GVMAG-S-1059906-7_000001	0.13627810803094
S__GCA_018658685.1	S__IMGVR_UViG_GVMAG-S-1059906-7_000001	0.118567084123841
S__GCA_013817555.1	S__ISO_N1995-1-1	0.120863011452833
S__GCF_000768695.1	S__ISO_N1995-1-1	0.112641015732599
S__3300027844_92	S__Schulz_GVMAG_M_3300000128_11	0.130616459562361
S__GCA_003228125.1	S__Schulz_GVMAG_M_3300000128_11	0.111768918042703
S__IMGVR_UViG_3300046532_001046	S__Schulz_GVMAG_M_3300000128_11	0.137887619069788
S__GCA_012960835.1	S__TARA_ANE_MAG_00034	0.120447517505494
S__GCA_014237975.1	S__TARA_ANE_MAG_00034	0.118771545275689
S__GCA_018647945.1	S__TARA_ANE_MAG_00034	0.122319891929767
S__GCA_018658605.1	S__TARA_ANE_MAG_00034	0.113286558897463
S__3300020389_47	S__TARA_AON_82_MAG_00120	0.1244515522141
S__3300027838_66	S__TARA_AON_82_MAG_00120	0.110600541549707
S__3300027838_7	S__TARA_AON_82_MAG_00120	0.120082019595015
S__3300027844_72	S__TARA_AON_82_MAG_00120	0.109176280057395
S__3300027847_13	S__TARA_AON_82_MAG_00120	0.122577010891512
S__GCA_012960835.1	S__TARA_AON_82_MAG_00120	0.129990955418569
S__GCA_014237975.1	S__TARA_AON_82_MAG_00120	0.126474283991683
S__GCA_014238785.1	S__TARA_AON_82_MAG_00120	0.118569382478937
S__GCA_014384445.1	S__TARA_AON_82_MAG_00120	0.114937347691941
S__GCA_018645865.1	S__TARA_AON_82_MAG_00120	0.115880532134203
S__GCA_018647945.1	S__TARA_AON_82_MAG_00120	0.121453892299053
S__GCA_018658605.1	S__TARA_AON_82_MAG_00120	0.114773882564995
S__GCA_018666495.1	S__TARA_AON_82_MAG_00120	0.125266737218756
S__GCA_018672475.1	S__TARA_AON_82_MAG_00120	0.115163683976497
S__GCA_905182165.1	S__TARA_AON_82_MAG_00120	0.108085666936954
S__GCA_905479195.1	S__TARA_AON_82_MAG_00120	0.12616724156132
S__GCA_015665265.1	S__TARA_AOS_82_MAG_00047	0.201615280261395
S__GCA_018658685.1	S__TARA_AOS_82_MAG_00047	0.121902258726645
S__3300020317_19	S__TARA_AOS_82_MAG_00091	0.120966609161946
S__GCA_016777005.1	S__TARA_AOS_82_MAG_00091	0.111399625693212
S__GCA_016777365.1	S__TARA_AOS_82_MAG_00091	0.11093465367841
S__GCA_018667655.1	S__TARA_AOS_82_MAG_00091	0.115151463525907
S__3300020389_47	S__TARA_ARC_108_MAG_00010	0.110658153530779
S__3300027838_66	S__TARA_ARC_108_MAG_00010	0.114165575448485
S__3300027838_7	S__TARA_ARC_108_MAG_00010	0.135494485176326
S__3300027844_72	S__TARA_ARC_108_MAG_00010	0.114763997307272
S__3300027847_13	S__TARA_ARC_108_MAG_00010	0.136341205611405
S__GCA_000213395.2	S__TARA_ARC_108_MAG_00010	0.112732903255906
S__GCA_002862985.1	S__TARA_ARC_108_MAG_00010	0.114713197051405
S__GCA_012960835.1	S__TARA_ARC_108_MAG_00010	0.150089879373803
S__GCA_014237975.1	S__TARA_ARC_108_MAG_00010	0.127222825130404
S__GCA_014238785.1	S__TARA_ARC_108_MAG_00010	0.130716964311187
S__GCA_014384445.1	S__TARA_ARC_108_MAG_00010	0.120101790481436
S__GCA_018645865.1	S__TARA_ARC_108_MAG_00010	0.118088674932967
S__GCA_018647945.1	S__TARA_ARC_108_MAG_00010	0.140041070002341
S__GCA_018658605.1	S__TARA_ARC_108_MAG_00010	0.1302172216126
S__GCA_018666495.1	S__TARA_ARC_108_MAG_00010	0.133605792859097
S__GCA_018672475.1	S__TARA_ARC_108_MAG_00010	0.13282391530666
S__GCA_018702595.1	S__TARA_ARC_108_MAG_00010	0.10814283781113
S__GCA_902512375.1	S__TARA_ARC_108_MAG_00010	0.115006190245985
S__GCA_905182165.1	S__TARA_ARC_108_MAG_00010	0.121854417649587
S__GCA_905182235.1	S__TARA_ARC_108_MAG_00010	0.114403049871549
S__GCA_905479195.1	S__TARA_ARC_108_MAG_00010	0.120818334344925
S__3300020389_47	S__TARA_ARC_108_MAG_00012	0.127944965820187
S__3300027779_27	S__TARA_ARC_108_MAG_00012	0.123505426067863
S__3300027838_66	S__TARA_ARC_108_MAG_00012	0.128539384559457
S__3300027838_7	S__TARA_ARC_108_MAG_00012	0.125934672540733
S__3300027844_72	S__TARA_ARC_108_MAG_00012	0.114109504793824
S__3300027847_13	S__TARA_ARC_108_MAG_00012	0.137069866203948
S__3300027849_41	S__TARA_ARC_108_MAG_00012	0.11941111056853
S__GCA_012960835.1	S__TARA_ARC_108_MAG_00012	0.131586189520579
S__GCA_014237975.1	S__TARA_ARC_108_MAG_00012	0.117200053149933
S__GCA_014238785.1	S__TARA_ARC_108_MAG_00012	0.116192962748605
S__GCA_014384445.1	S__TARA_ARC_108_MAG_00012	0.13282239454763
S__GCA_018645865.1	S__TARA_ARC_108_MAG_00012	0.1155373794906
S__GCA_018647945.1	S__TARA_ARC_108_MAG_00012	0.110135907035881
S__GCA_018666495.1	S__TARA_ARC_108_MAG_00012	0.126150345385204
S__GCA_018672475.1	S__TARA_ARC_108_MAG_00012	0.127957108428362
S__GCA_905182165.1	S__TARA_ARC_108_MAG_00012	0.114924303501946
S__GCA_905182235.1	S__TARA_ARC_108_MAG_00012	0.111516488622871
S__GCA_905182385.1	S__TARA_ARC_108_MAG_00012	0.137628894487933
S__GCA_905479195.1	S__TARA_ARC_108_MAG_00012	0.154698224188054
S__GCA_905620445.1	S__TARA_ARC_108_MAG_00012	0.12800203996761
S__3300001683_28	S__TARA_ARC_108_MAG_00021	0.127293610411584
S__3300001683_4	S__TARA_ARC_108_MAG_00021	0.136723344096867
S__3300020389_17	S__TARA_ARC_108_MAG_00021	0.129452145511608
S__3300020389_47	S__TARA_ARC_108_MAG_00021	0.14388628589029
S__3300027685_31	S__TARA_ARC_108_MAG_00021	0.11908708097926
S__3300027779_22	S__TARA_ARC_108_MAG_00021	0.133539582576252
S__3300027780_12	S__TARA_ARC_108_MAG_00021	0.117918702134589
S__3300027801_21	S__TARA_ARC_108_MAG_00021	0.154054332444664
S__3300027827_16	S__TARA_ARC_108_MAG_00021	0.109532793696925
S__3300027838_66	S__TARA_ARC_108_MAG_00021	0.154169935769992
S__3300027838_7	S__TARA_ARC_108_MAG_00021	0.173199394288791
S__3300027844_72	S__TARA_ARC_108_MAG_00021	0.142828658112944
S__3300027844_79	S__TARA_ARC_108_MAG_00021	0.129972644844592
S__3300027847_13	S__TARA_ARC_108_MAG_00021	0.181583460235356
S__GCA_000213395.2	S__TARA_ARC_108_MAG_00021	0.160049478563464
S__GCA_002862985.1	S__TARA_ARC_108_MAG_00021	0.162128514626079
S__GCA_012960805.1	S__TARA_ARC_108_MAG_00021	0.121894222392088
S__GCA_012960835.1	S__TARA_ARC_108_MAG_00021	0.199200175828183
S__GCA_012964335.1	S__TARA_ARC_108_MAG_00021	0.138002520339312
S__GCA_014237975.1	S__TARA_ARC_108_MAG_00021	0.155557810996754
S__GCA_014238785.1	S__TARA_ARC_108_MAG_00021	0.168378785935944
S__GCA_014239685.1	S__TARA_ARC_108_MAG_00021	0.124357632089867
S__GCA_014384445.1	S__TARA_ARC_108_MAG_00021	0.15243699453098
S__GCA_018645865.1	S__TARA_ARC_108_MAG_00021	0.137197063762642
S__GCA_018647945.1	S__TARA_ARC_108_MAG_00021	0.153267470356726
S__GCA_018658605.1	S__TARA_ARC_108_MAG_00021	0.144141003572627
S__GCA_018666495.1	S__TARA_ARC_108_MAG_00021	0.159725161225459
S__GCA_018672475.1	S__TARA_ARC_108_MAG_00021	0.2041763538571
S__GCA_018702595.1	S__TARA_ARC_108_MAG_00021	0.113167473679021
S__GCA_902512375.1	S__TARA_ARC_108_MAG_00021	0.18881465203576
S__GCA_905182165.1	S__TARA_ARC_108_MAG_00021	0.160953327090497
S__GCA_905182235.1	S__TARA_ARC_108_MAG_00021	0.178224609973741
S__GCA_905182385.1	S__TARA_ARC_108_MAG_00021	0.120943270698255
S__GCA_905182715.1	S__TARA_ARC_108_MAG_00021	0.117982217255976
S__GCA_905182795.1	S__TARA_ARC_108_MAG_00021	0.126918860998445
S__GCA_905182885.1	S__TARA_ARC_108_MAG_00021	0.137632871137936
S__GCA_905478585.1	S__TARA_ARC_108_MAG_00021	0.111062887341993
S__GCA_905479195.1	S__TARA_ARC_108_MAG_00021	0.157460621865513
S__GCA_905480075.1	S__TARA_ARC_108_MAG_00021	0.109168106773577
S__GCA_905612305.1	S__TARA_ARC_108_MAG_00021	0.121591279560628
S__GCA_905620445.1	S__TARA_ARC_108_MAG_00021	0.114422472686362
S__3300001683_28	S__TARA_ARC_108_MAG_00032	0.129684562455437
S__3300001683_4	S__TARA_ARC_108_MAG_00032	0.141898887036977
S__3300020389_17	S__TARA_ARC_108_MAG_00032	0.132120775335942
S__3300020389_47	S__TARA_ARC_108_MAG_00032	0.16124080336087
S__3300027668_18	S__TARA_ARC_108_MAG_00032	0.108486917000336
S__3300027685_31	S__TARA_ARC_108_MAG_00032	0.129243637867857
S__3300027779_22	S__TARA_ARC_108_MAG_00032	0.125565014420316
S__3300027779_27	S__TARA_ARC_108_MAG_00032	0.107913624763717
S__3300027780_12	S__TARA_ARC_108_MAG_00032	0.129724521012511
S__3300027801_21	S__TARA_ARC_108_MAG_00032	0.162477042424176
S__3300027827_16	S__TARA_ARC_108_MAG_00032	0.119538476907901
S__3300027838_66	S__TARA_ARC_108_MAG_00032	0.175756127732726
S__3300027838_7	S__TARA_ARC_108_MAG_00032	0.195666610527516
S__3300027844_72	S__TARA_ARC_108_MAG_00032	0.161223238421377
S__3300027844_79	S__TARA_ARC_108_MAG_00032	0.14089758615616
S__3300027847_13	S__TARA_ARC_108_MAG_00032	0.209358130121625
S__3300027849_41	S__TARA_ARC_108_MAG_00032	0.124526691723056
S__GCA_000213395.2	S__TARA_ARC_108_MAG_00032	0.167974685203557
S__GCA_002862985.1	S__TARA_ARC_108_MAG_00032	0.174864036498405
S__GCA_003229345.1	S__TARA_ARC_108_MAG_00032	0.111284634608223
S__GCA_012960805.1	S__TARA_ARC_108_MAG_00032	0.121539986568966
S__GCA_012960835.1	S__TARA_ARC_108_MAG_00032	0.220125715586757
S__GCA_012964335.1	S__TARA_ARC_108_MAG_00032	0.132532888006221
S__GCA_014237975.1	S__TARA_ARC_108_MAG_00032	0.173014997071906
S__GCA_014238785.1	S__TARA_ARC_108_MAG_00032	0.201635106322334
S__GCA_014239685.1	S__TARA_ARC_108_MAG_00032	0.141221948866931
S__GCA_014384445.1	S__TARA_ARC_108_MAG_00032	0.184236271021265
S__GCA_018645865.1	S__TARA_ARC_108_MAG_00032	0.161772354988237
S__GCA_018647945.1	S__TARA_ARC_108_MAG_00032	0.174034249824312
S__GCA_018658605.1	S__TARA_ARC_108_MAG_00032	0.165163173332979
S__GCA_018666495.1	S__TARA_ARC_108_MAG_00032	0.184353848849508
S__GCA_018672475.1	S__TARA_ARC_108_MAG_00032	0.212488906043809
S__GCA_018675825.1	S__TARA_ARC_108_MAG_00032	0.115949063038927
S__GCA_018696455.1	S__TARA_ARC_108_MAG_00032	0.113541850298006
S__GCA_018702595.1	S__TARA_ARC_108_MAG_00032	0.134233452525585
S__GCA_902512375.1	S__TARA_ARC_108_MAG_00032	0.197124489199289
S__GCA_905182165.1	S__TARA_ARC_108_MAG_00032	0.181306524428595
S__GCA_905182235.1	S__TARA_ARC_108_MAG_00032	0.188738719930605
S__GCA_905182385.1	S__TARA_ARC_108_MAG_00032	0.139676005404854
S__GCA_905182525.1	S__TARA_ARC_108_MAG_00032	0.125151600424836
S__GCA_905182715.1	S__TARA_ARC_108_MAG_00032	0.142982294026165
S__GCA_905182795.1	S__TARA_ARC_108_MAG_00032	0.140248930751625
S__GCA_905182885.1	S__TARA_ARC_108_MAG_00032	0.144895699533027
S__GCA_905478585.1	S__TARA_ARC_108_MAG_00032	0.134898015571559
S__GCA_905479195.1	S__TARA_ARC_108_MAG_00032	0.182666592392194
S__GCA_905480075.1	S__TARA_ARC_108_MAG_00032	0.122904704135116
S__GCA_905612305.1	S__TARA_ARC_108_MAG_00032	0.123310494753512
S__GCA_905620445.1	S__TARA_ARC_108_MAG_00032	0.129605609435555
S__3300001683_4	S__TARA_ARC_108_MAG_00033	0.115410789444935
S__3300020389_47	S__TARA_ARC_108_MAG_00033	0.156046090431073
S__3300027685_31	S__TARA_ARC_108_MAG_00033	0.130495795924325
S__3300027779_27	S__TARA_ARC_108_MAG_00033	0.133722255427762
S__3300027801_21	S__TARA_ARC_108_MAG_00033	0.122556195747818
S__3300027838_66	S__TARA_ARC_108_MAG_00033	0.162168114072439
S__3300027838_7	S__TARA_ARC_108_MAG_00033	0.156353161598125
S__3300027844_72	S__TARA_ARC_108_MAG_00033	0.138584179754993
S__3300027847_13	S__TARA_ARC_108_MAG_00033	0.16811681304273
S__3300027849_41	S__TARA_ARC_108_MAG_00033	0.128110459764579
S__GCA_000213395.2	S__TARA_ARC_108_MAG_00033	0.136177978436973
S__GCA_002862985.1	S__TARA_ARC_108_MAG_00033	0.121024575049138
S__GCA_012960835.1	S__TARA_ARC_108_MAG_00033	0.168850934621578
S__GCA_014237975.1	S__TARA_ARC_108_MAG_00033	0.140039403358796
S__GCA_014238785.1	S__TARA_ARC_108_MAG_00033	0.148157333657146
S__GCA_014384445.1	S__TARA_ARC_108_MAG_00033	0.164020035339991
S__GCA_018645865.1	S__TARA_ARC_108_MAG_00033	0.137222286624781
S__GCA_018647945.1	S__TARA_ARC_108_MAG_00033	0.132447732576558
S__GCA_018658605.1	S__TARA_ARC_108_MAG_00033	0.122164194604937
S__GCA_018666495.1	S__TARA_ARC_108_MAG_00033	0.150581552091982
S__GCA_018672475.1	S__TARA_ARC_108_MAG_00033	0.172065523122626
S__GCA_902512375.1	S__TARA_ARC_108_MAG_00033	0.145541363872224
S__GCA_905182165.1	S__TARA_ARC_108_MAG_00033	0.150151984119749
S__GCA_905182235.1	S__TARA_ARC_108_MAG_00033	0.153603700996804
S__GCA_905182385.1	S__TARA_ARC_108_MAG_00033	0.15428300756307
S__GCA_905182795.1	S__TARA_ARC_108_MAG_00033	0.127042323902958
S__GCA_905182885.1	S__TARA_ARC_108_MAG_00033	0.141230055116495
S__GCA_905479195.1	S__TARA_ARC_108_MAG_00033	0.182571166681732
S__GCA_905620445.1	S__TARA_ARC_108_MAG_00033	0.152976552429169
S__GCF_002836745.1	S__TARA_ARC_108_MAG_00037	0.123419754168572
S__3300000179_4	S__TARA_ARC_108_MAG_00039	0.130796411456828
S__3300001683_28	S__TARA_ARC_108_MAG_00039	0.184335719035937
S__3300001683_31	S__TARA_ARC_108_MAG_00039	0.133592946256523
S__3300001683_4	S__TARA_ARC_108_MAG_00039	0.188653802974307
S__3300006311_3	S__TARA_ARC_108_MAG_00039	0.114246933509289
S__3300020187_18	S__TARA_ARC_108_MAG_00039	0.159537709075717
S__3300020263_16	S__TARA_ARC_108_MAG_00039	0.1574857623625
S__3300020303_5	S__TARA_ARC_108_MAG_00039	0.111351018760375
S__3300020389_17	S__TARA_ARC_108_MAG_00039	0.186001969846424
S__3300020389_47	S__TARA_ARC_108_MAG_00039	0.168718577255276
S__3300022920_20	S__TARA_ARC_108_MAG_00039	0.116913933052458
S__3300024058_15	S__TARA_ARC_108_MAG_00039	0.109031593129946
S__3300024516_18	S__TARA_ARC_108_MAG_00039	0.15340439207899
S__3300024516_26	S__TARA_ARC_108_MAG_00039	0.178117321057832
S__3300024516_38	S__TARA_ARC_108_MAG_00039	0.137944098264725
S__3300025276_12	S__TARA_ARC_108_MAG_00039	0.141641517996155
S__3300025892_34	S__TARA_ARC_108_MAG_00039	0.116790182680159
S__3300025894_53	S__TARA_ARC_108_MAG_00039	0.178624793114247
S__3300026087_14	S__TARA_ARC_108_MAG_00039	0.117003942275919
S__3300026108_2	S__TARA_ARC_108_MAG_00039	0.15937554267171
S__3300026119_8	S__TARA_ARC_108_MAG_00039	0.158129056394063
S__3300026253_28	S__TARA_ARC_108_MAG_00039	0.11277805586397
S__3300026253_8	S__TARA_ARC_108_MAG_00039	0.160697575106173
S__3300026264_29	S__TARA_ARC_108_MAG_00039	0.125650347598293
S__3300026264_34	S__TARA_ARC_108_MAG_00039	0.111183503328801
S__3300026267_11	S__TARA_ARC_108_MAG_00039	0.129012783308009
S__3300027668_18	S__TARA_ARC_108_MAG_00039	0.185557392769115
S__3300027685_16	S__TARA_ARC_108_MAG_00039	0.137941060167384
S__3300027685_31	S__TARA_ARC_108_MAG_00039	0.158663090176503
S__3300027685_36	S__TARA_ARC_108_MAG_00039	0.143797521371999
S__3300027687_20	S__TARA_ARC_108_MAG_00039	0.137128439133014
S__3300027687_7	S__TARA_ARC_108_MAG_00039	0.112850958643521
S__3300027700_13	S__TARA_ARC_108_MAG_00039	0.117763253112716
S__3300027752_17	S__TARA_ARC_108_MAG_00039	0.172031868138399
S__3300027771_26	S__TARA_ARC_108_MAG_00039	0.161971398015398
S__3300027779_22	S__TARA_ARC_108_MAG_00039	0.18039475617936
S__3300027779_26	S__TARA_ARC_108_MAG_00039	0.118253482011623
S__3300027779_27	S__TARA_ARC_108_MAG_00039	0.13080845632459
S__3300027780_12	S__TARA_ARC_108_MAG_00039	0.184854869059461
S__3300027788_10	S__TARA_ARC_108_MAG_00039	0.153724236801091
S__3300027791_27	S__TARA_ARC_108_MAG_00039	0.165152987634075
S__3300027801_21	S__TARA_ARC_108_MAG_00039	0.199576027354969
S__3300027801_7	S__TARA_ARC_108_MAG_00039	0.171921058205311
S__3300027810_12	S__TARA_ARC_108_MAG_00039	0.162974169437289
S__3300027827_16	S__TARA_ARC_108_MAG_00039	0.17102808859321
S__3300027838_66	S__TARA_ARC_108_MAG_00039	0.181551619464353
S__3300027838_7	S__TARA_ARC_108_MAG_00039	0.198896452205315
S__3300027844_42	S__TARA_ARC_108_MAG_00039	0.140203783214559
S__3300027844_72	S__TARA_ARC_108_MAG_00039	0.17470212816876
S__3300027844_79	S__TARA_ARC_108_MAG_00039	0.197914639416865
S__3300027847_13	S__TARA_ARC_108_MAG_00039	0.208972068344762
S__3300027847_4	S__TARA_ARC_108_MAG_00039	0.13166559906117
S__3300027847_80	S__TARA_ARC_108_MAG_00039	0.149999585233711
S__3300027849_41	S__TARA_ARC_108_MAG_00039	0.153340332514626
S__3300027883_17	S__TARA_ARC_108_MAG_00039	0.137449399464107
S__3300027997_10	S__TARA_ARC_108_MAG_00039	0.148376527264399
S__GCA_000213395.2	S__TARA_ARC_108_MAG_00039	0.184441210512917
S__GCA_000383355.1	S__TARA_ARC_108_MAG_00039	0.154625004470241
S__GCA_000402075.1	S__TARA_ARC_108_MAG_00039	0.114364257048508
S__GCA_001437625.1	S__TARA_ARC_108_MAG_00039	0.150036477744196
S__GCA_001542995.1	S__TARA_ARC_108_MAG_00039	0.121626376955042
S__GCA_001543015.1	S__TARA_ARC_108_MAG_00039	0.113129306836907
S__GCA_001643555.1	S__TARA_ARC_108_MAG_00039	0.134878481816169
S__GCA_002082295.1	S__TARA_ARC_108_MAG_00039	0.155165897570448
S__GCA_002313235.1	S__TARA_ARC_108_MAG_00039	0.12745987831235
S__GCA_002390675.1	S__TARA_ARC_108_MAG_00039	0.131996758055163
S__GCA_002401955.1	S__TARA_ARC_108_MAG_00039	0.172087609942863
S__GCA_002499015.1	S__TARA_ARC_108_MAG_00039	0.181834253850044
S__GCA_002712885.1	S__TARA_ARC_108_MAG_00039	0.153696011167943
S__GCA_002862985.1	S__TARA_ARC_108_MAG_00039	0.1958595501275
S__GCA_003229345.1	S__TARA_ARC_108_MAG_00039	0.172464708594852
S__GCA_003230615.1	S__TARA_ARC_108_MAG_00039	0.161686206523306
S__GCA_003509045.1	S__TARA_ARC_108_MAG_00039	0.145753993506063
S__GCA_004356455.1	S__TARA_ARC_108_MAG_00039	0.111451652227757
S__GCA_004356825.1	S__TARA_ARC_108_MAG_00039	0.138031200572191
S__GCA_004356895.1	S__TARA_ARC_108_MAG_00039	0.179447529156736
S__GCA_008974855.1	S__TARA_ARC_108_MAG_00039	0.135461347429609
S__GCA_009936995.1	S__TARA_ARC_108_MAG_00039	0.12160486303021
S__GCA_009937205.1	S__TARA_ARC_108_MAG_00039	0.162087705668108
S__GCA_012959275.1	S__TARA_ARC_108_MAG_00039	0.131837541035217
S__GCA_012959845.1	S__TARA_ARC_108_MAG_00039	0.117237797082349
S__GCA_012960505.1	S__TARA_ARC_108_MAG_00039	0.136668039320842
S__GCA_012960805.1	S__TARA_ARC_108_MAG_00039	0.176647951358385
S__GCA_012960835.1	S__TARA_ARC_108_MAG_00039	0.23764258987355
S__GCA_012964335.1	S__TARA_ARC_108_MAG_00039	0.183099703617182
S__GCA_012964845.1	S__TARA_ARC_108_MAG_00039	0.130584635725236
S__GCA_012966015.1	S__TARA_ARC_108_MAG_00039	0.164017762863562
S__GCA_012974435.1	S__TARA_ARC_108_MAG_00039	0.137157201949551
S__GCA_013203245.1	S__TARA_ARC_108_MAG_00039	0.10967239240431
S__GCA_013214205.1	S__TARA_ARC_108_MAG_00039	0.134092806319866
S__GCA_013215285.1	S__TARA_ARC_108_MAG_00039	0.156823291889771
S__GCA_013390475.1	S__TARA_ARC_108_MAG_00039	0.107925152779151
S__GCA_013911135.1	S__TARA_ARC_108_MAG_00039	0.137230590438116
S__GCA_014237975.1	S__TARA_ARC_108_MAG_00039	0.181260940182564
S__GCA_014238335.1	S__TARA_ARC_108_MAG_00039	0.159951400982681
S__GCA_014238785.1	S__TARA_ARC_108_MAG_00039	0.193572660147831
S__GCA_014239685.1	S__TARA_ARC_108_MAG_00039	0.164112395060323
S__GCA_014240055.1	S__TARA_ARC_108_MAG_00039	0.108597308503171
S__GCA_014384445.1	S__TARA_ARC_108_MAG_00039	0.178659439664847
S__GCA_014384505.1	S__TARA_ARC_108_MAG_00039	0.156238566293755
S__GCA_015659595.1	S__TARA_ARC_108_MAG_00039	0.173515516724065
S__GCA_016276965.1	S__TARA_ARC_108_MAG_00039	0.138104665756745
S__GCA_016776815.1	S__TARA_ARC_108_MAG_00039	0.117646984598213
S__GCA_016777225.1	S__TARA_ARC_108_MAG_00039	0.114124988160129
S__GCA_016838825.1	S__TARA_ARC_108_MAG_00039	0.115077673494575
S__GCA_018645865.1	S__TARA_ARC_108_MAG_00039	0.173826265616133
S__GCA_018647945.1	S__TARA_ARC_108_MAG_00039	0.179493209237846
S__GCA_018658605.1	S__TARA_ARC_108_MAG_00039	0.176479135267757
S__GCA_018661165.1	S__TARA_ARC_108_MAG_00039	0.154160508523277
S__GCA_018666495.1	S__TARA_ARC_108_MAG_00039	0.189075105124313
S__GCA_018672475.1	S__TARA_ARC_108_MAG_00039	0.239509572040944
S__GCA_018675825.1	S__TARA_ARC_108_MAG_00039	0.163838273678867
S__GCA_018696455.1	S__TARA_ARC_108_MAG_00039	0.145695811255228
S__GCA_018699155.1	S__TARA_ARC_108_MAG_00039	0.128996826942673
S__GCA_018702595.1	S__TARA_ARC_108_MAG_00039	0.160460941203922
S__GCA_902512375.1	S__TARA_ARC_108_MAG_00039	0.212377844236446
S__GCA_905181595.1	S__TARA_ARC_108_MAG_00039	0.165332833798008
S__GCA_905181625.1	S__TARA_ARC_108_MAG_00039	0.127817165228317
S__GCA_905181635.1	S__TARA_ARC_108_MAG_00039	0.151099175091091
S__GCA_905181705.1	S__TARA_ARC_108_MAG_00039	0.117313846815417
S__GCA_905181765.1	S__TARA_ARC_108_MAG_00039	0.143250494335961
S__GCA_905182125.1	S__TARA_ARC_108_MAG_00039	0.109024041538531
S__GCA_905182165.1	S__TARA_ARC_108_MAG_00039	0.19365336268269
S__GCA_905182235.1	S__TARA_ARC_108_MAG_00039	0.209784466782212
S__GCA_905182305.1	S__TARA_ARC_108_MAG_00039	0.121265790572765
S__GCA_905182385.1	S__TARA_ARC_108_MAG_00039	0.150652003373345
S__GCA_905182475.1	S__TARA_ARC_108_MAG_00039	0.161731343255965
S__GCA_905182525.1	S__TARA_ARC_108_MAG_00039	0.160160287031692
S__GCA_905182565.1	S__TARA_ARC_108_MAG_00039	0.166959175950501
S__GCA_905182715.1	S__TARA_ARC_108_MAG_00039	0.177476314533035
S__GCA_905182795.1	S__TARA_ARC_108_MAG_00039	0.185258207390372
S__GCA_905182815.1	S__TARA_ARC_108_MAG_00039	0.158601936247075
S__GCA_905182835.1	S__TARA_ARC_108_MAG_00039	0.13432680496231
S__GCA_905182865.1	S__TARA_ARC_108_MAG_00039	0.144416856721837
S__GCA_905182885.1	S__TARA_ARC_108_MAG_00039	0.178629469315507
S__GCA_905478185.1	S__TARA_ARC_108_MAG_00039	0.141711285664764
S__GCA_905478325.1	S__TARA_ARC_108_MAG_00039	0.14722205217141
S__GCA_905478585.1	S__TARA_ARC_108_MAG_00039	0.177603334463926
S__GCA_905479195.1	S__TARA_ARC_108_MAG_00039	0.182226645964429
S__GCA_905480075.1	S__TARA_ARC_108_MAG_00039	0.15602615922921
S__GCA_905480095.1	S__TARA_ARC_108_MAG_00039	0.124402880721212
S__GCA_905612275.1	S__TARA_ARC_108_MAG_00039	0.17654316238336
S__GCA_905612295.1	S__TARA_ARC_108_MAG_00039	0.168537090124022
S__GCA_905612305.1	S__TARA_ARC_108_MAG_00039	0.176378860640415
S__GCA_905612455.1	S__TARA_ARC_108_MAG_00039	0.17622844206182
S__GCA_905612485.1	S__TARA_ARC_108_MAG_00039	0.119105995093878
S__GCA_905616395.1	S__TARA_ARC_108_MAG_00039	0.117392671753026
S__GCA_905618915.1	S__TARA_ARC_108_MAG_00039	0.155068542445049
S__GCA_905620445.1	S__TARA_ARC_108_MAG_00039	0.15493783617644
S__GCF_002954445.1	S__TARA_ARC_108_MAG_00039	0.110658575404781
S__GCF_012276695.1	S__TARA_ARC_108_MAG_00039	0.164462663038589
S__GCF_013407165.1	S__TARA_ARC_108_MAG_00039	0.114930845663571
S__TARA_ARC_108_MAG_00010	S__TARA_ARC_108_MAG_00039	0.108220722105001
S__TARA_ARC_108_MAG_00021	S__TARA_ARC_108_MAG_00039	0.174064393090097
S__TARA_ARC_108_MAG_00032	S__TARA_ARC_108_MAG_00039	0.17728236468986
S__TARA_ARC_108_MAG_00033	S__TARA_ARC_108_MAG_00039	0.140998726619237
S__TARA_ARC_108_MAG_00037	S__TARA_ARC_108_MAG_00043	0.122373075719096
S__3300000179_4	S__TARA_ARC_108_MAG_00050	0.122726047892946
S__3300001683_21	S__TARA_ARC_108_MAG_00050	0.108184736875575
S__3300001683_28	S__TARA_ARC_108_MAG_00050	0.147019518524469
S__3300001683_31	S__TARA_ARC_108_MAG_00050	0.135161367099185
S__3300001683_4	S__TARA_ARC_108_MAG_00050	0.16923177760821
S__3300020187_18	S__TARA_ARC_108_MAG_00050	0.120424289446558
S__3300020263_16	S__TARA_ARC_108_MAG_00050	0.108480727434578
S__3300020303_5	S__TARA_ARC_108_MAG_00050	0.108433978407739
S__3300020389_17	S__TARA_ARC_108_MAG_00050	0.156893547536379
S__3300020389_47	S__TARA_ARC_108_MAG_00050	0.178454453366409
S__3300022920_20	S__TARA_ARC_108_MAG_00050	0.13350318315718
S__3300024516_18	S__TARA_ARC_108_MAG_00050	0.126958148828955
S__3300024516_26	S__TARA_ARC_108_MAG_00050	0.147295214297685
S__3300025276_12	S__TARA_ARC_108_MAG_00050	0.110238156522592
S__3300025892_34	S__TARA_ARC_108_MAG_00050	0.111283644212129
S__3300025894_53	S__TARA_ARC_108_MAG_00050	0.13406032550194
S__3300026108_2	S__TARA_ARC_108_MAG_00050	0.122901350264798
S__3300026119_8	S__TARA_ARC_108_MAG_00050	0.128025926281665
S__3300026253_8	S__TARA_ARC_108_MAG_00050	0.116796791801372
S__3300026264_29	S__TARA_ARC_108_MAG_00050	0.114823302431835
S__3300026267_11	S__TARA_ARC_108_MAG_00050	0.123964780570103
S__3300027668_18	S__TARA_ARC_108_MAG_00050	0.178095794346533
S__3300027685_11	S__TARA_ARC_108_MAG_00050	0.122477525610523
S__3300027685_16	S__TARA_ARC_108_MAG_00050	0.135077533685226
S__3300027685_31	S__TARA_ARC_108_MAG_00050	0.159112694600761
S__3300027685_36	S__TARA_ARC_108_MAG_00050	0.14983769714403
S__3300027687_20	S__TARA_ARC_108_MAG_00050	0.10787474721174
S__3300027687_7	S__TARA_ARC_108_MAG_00050	0.129667589075723
S__3300027700_13	S__TARA_ARC_108_MAG_00050	0.110349580740588
S__3300027752_17	S__TARA_ARC_108_MAG_00050	0.123566703665052
S__3300027771_26	S__TARA_ARC_108_MAG_00050	0.158140032506443
S__3300027779_22	S__TARA_ARC_108_MAG_00050	0.13189571120332
S__3300027779_26	S__TARA_ARC_108_MAG_00050	0.13071787886129
S__3300027779_27	S__TARA_ARC_108_MAG_00050	0.151165137539387
S__3300027780_12	S__TARA_ARC_108_MAG_00050	0.172550842288655
S__3300027788_10	S__TARA_ARC_108_MAG_00050	0.159726839992836
S__3300027791_27	S__TARA_ARC_108_MAG_00050	0.124198194604853
S__3300027801_21	S__TARA_ARC_108_MAG_00050	0.165702018908198
S__3300027801_7	S__TARA_ARC_108_MAG_00050	0.14235751919365
S__3300027810_12	S__TARA_ARC_108_MAG_00050	0.133946424772809
S__3300027827_16	S__TARA_ARC_108_MAG_00050	0.138124704207655
S__3300027838_66	S__TARA_ARC_108_MAG_00050	0.194241337996691
S__3300027838_7	S__TARA_ARC_108_MAG_00050	0.208568735127714
S__3300027844_42	S__TARA_ARC_108_MAG_00050	0.142668701249325
S__3300027844_72	S__TARA_ARC_108_MAG_00050	0.176708533388166
S__3300027844_79	S__TARA_ARC_108_MAG_00050	0.159102698015113
S__3300027847_13	S__TARA_ARC_108_MAG_00050	0.217181079135401
S__3300027847_4	S__TARA_ARC_108_MAG_00050	0.114163577155897
S__3300027847_80	S__TARA_ARC_108_MAG_00050	0.125123599118174
S__3300027849_41	S__TARA_ARC_108_MAG_00050	0.168020629464114
S__3300027883_17	S__TARA_ARC_108_MAG_00050	0.120644304646038
S__3300027997_10	S__TARA_ARC_108_MAG_00050	0.121011956425153
S__GCA_000213395.2	S__TARA_ARC_108_MAG_00050	0.171829051640387
S__GCA_000383355.1	S__TARA_ARC_108_MAG_00050	0.145440988585325
S__GCA_000402075.1	S__TARA_ARC_108_MAG_00050	0.110250479085352
S__GCA_001437625.1	S__TARA_ARC_108_MAG_00050	0.111051186671277
S__GCA_001542995.1	S__TARA_ARC_108_MAG_00050	0.111162562570215
S__GCA_001643555.1	S__TARA_ARC_108_MAG_00050	0.128000432194854
S__GCA_002082295.1	S__TARA_ARC_108_MAG_00050	0.126598778236659
S__GCA_002313235.1	S__TARA_ARC_108_MAG_00050	0.116351013850627
S__GCA_002390675.1	S__TARA_ARC_108_MAG_00050	0.119336127453425
S__GCA_002401955.1	S__TARA_ARC_108_MAG_00050	0.149305193032244
S__GCA_002499015.1	S__TARA_ARC_108_MAG_00050	0.145157260289955
S__GCA_002712885.1	S__TARA_ARC_108_MAG_00050	0.133729045149241
S__GCA_002862985.1	S__TARA_ARC_108_MAG_00050	0.168166466878609
S__GCA_003229345.1	S__TARA_ARC_108_MAG_00050	0.156467514277584
S__GCA_003230615.1	S__TARA_ARC_108_MAG_00050	0.14170085031725
S__GCA_003509045.1	S__TARA_ARC_108_MAG_00050	0.125873101147344
S__GCA_004356895.1	S__TARA_ARC_108_MAG_00050	0.148764653238825
S__GCA_009936995.1	S__TARA_ARC_108_MAG_00050	0.118759745794708
S__GCA_009937205.1	S__TARA_ARC_108_MAG_00050	0.129661568426429
S__GCA_012959275.1	S__TARA_ARC_108_MAG_00050	0.133751467967691
S__GCA_012959435.1	S__TARA_ARC_108_MAG_00050	0.108117506487643
S__GCA_012959845.1	S__TARA_ARC_108_MAG_00050	0.127024417069411
S__GCA_012960505.1	S__TARA_ARC_108_MAG_00050	0.125108225787388
S__GCA_012960805.1	S__TARA_ARC_108_MAG_00050	0.130470723690901
S__GCA_012960835.1	S__TARA_ARC_108_MAG_00050	0.222245648350653
S__GCA_012964335.1	S__TARA_ARC_108_MAG_00050	0.13782081742167
S__GCA_012964845.1	S__TARA_ARC_108_MAG_00050	0.112418312994534
S__GCA_012966015.1	S__TARA_ARC_108_MAG_00050	0.137243993784351
S__GCA_012974435.1	S__TARA_ARC_108_MAG_00050	0.129107608551538
S__GCA_013203245.1	S__TARA_ARC_108_MAG_00050	0.114856252891998
S__GCA_013214205.1	S__TARA_ARC_108_MAG_00050	0.130238554762278
S__GCA_013215285.1	S__TARA_ARC_108_MAG_00050	0.121734184997583
S__GCA_014237975.1	S__TARA_ARC_108_MAG_00050	0.184598098914579
S__GCA_014238335.1	S__TARA_ARC_108_MAG_00050	0.143848142122479
S__GCA_014238785.1	S__TARA_ARC_108_MAG_00050	0.190908636450711
S__GCA_014239685.1	S__TARA_ARC_108_MAG_00050	0.157897385696989
S__GCA_014384445.1	S__TARA_ARC_108_MAG_00050	0.194492869782251
S__GCA_014384505.1	S__TARA_ARC_108_MAG_00050	0.118081785291918
S__GCA_015659595.1	S__TARA_ARC_108_MAG_00050	0.143623742946205
S__GCA_018645865.1	S__TARA_ARC_108_MAG_00050	0.184729576878172
S__GCA_018647945.1	S__TARA_ARC_108_MAG_00050	0.180496843378729
S__GCA_018658605.1	S__TARA_ARC_108_MAG_00050	0.170049066359529
S__GCA_018661165.1	S__TARA_ARC_108_MAG_00050	0.156926816072764
S__GCA_018666495.1	S__TARA_ARC_108_MAG_00050	0.196989794792327
S__GCA_018672475.1	S__TARA_ARC_108_MAG_00050	0.2138806318363
S__GCA_018675825.1	S__TARA_ARC_108_MAG_00050	0.160586369822352
S__GCA_018696455.1	S__TARA_ARC_108_MAG_00050	0.143081837780085
S__GCA_018699155.1	S__TARA_ARC_108_MAG_00050	0.12451195575067
S__GCA_018702595.1	S__TARA_ARC_108_MAG_00050	0.157427537570245
S__GCA_902512375.1	S__TARA_ARC_108_MAG_00050	0.180199014365085
S__GCA_905181595.1	S__TARA_ARC_108_MAG_00050	0.12244895262106
S__GCA_905181625.1	S__TARA_ARC_108_MAG_00050	0.114855652394541
S__GCA_905181635.1	S__TARA_ARC_108_MAG_00050	0.166309753633939
S__GCA_905181705.1	S__TARA_ARC_108_MAG_00050	0.118227286575707
S__GCA_905181765.1	S__TARA_ARC_108_MAG_00050	0.112139622941759
S__GCA_905182125.1	S__TARA_ARC_108_MAG_00050	0.134212406002027
S__GCA_905182165.1	S__TARA_ARC_108_MAG_00050	0.199668253939821
S__GCA_905182235.1	S__TARA_ARC_108_MAG_00050	0.190975281289096
S__GCA_905182305.1	S__TARA_ARC_108_MAG_00050	0.112608725030505
S__GCA_905182385.1	S__TARA_ARC_108_MAG_00050	0.167809898284782
S__GCA_905182415.1	S__TARA_ARC_108_MAG_00050	0.120417437602529
S__GCA_905182475.1	S__TARA_ARC_108_MAG_00050	0.127164941158155
S__GCA_905182525.1	S__TARA_ARC_108_MAG_00050	0.162129550885141
S__GCA_905182565.1	S__TARA_ARC_108_MAG_00050	0.17153583228431
S__GCA_905182715.1	S__TARA_ARC_108_MAG_00050	0.169940839215247
S__GCA_905182795.1	S__TARA_ARC_108_MAG_00050	0.164628907921734
S__GCA_905182815.1	S__TARA_ARC_108_MAG_00050	0.123766131732886
S__GCA_905182835.1	S__TARA_ARC_108_MAG_00050	0.148525709702335
S__GCA_905182865.1	S__TARA_ARC_108_MAG_00050	0.128387647684735
S__GCA_905182885.1	S__TARA_ARC_108_MAG_00050	0.158199069080156
S__GCA_905182935.1	S__TARA_ARC_108_MAG_00050	0.115423986544787
S__GCA_905478185.1	S__TARA_ARC_108_MAG_00050	0.108233500302931
S__GCA_905478325.1	S__TARA_ARC_108_MAG_00050	0.152937244783776
S__GCA_905478585.1	S__TARA_ARC_108_MAG_00050	0.159020782008135
S__GCA_905479195.1	S__TARA_ARC_108_MAG_00050	0.209257317526927
S__GCA_905480075.1	S__TARA_ARC_108_MAG_00050	0.151455569675604
S__GCA_905480095.1	S__TARA_ARC_108_MAG_00050	0.10798663465731
S__GCA_905612275.1	S__TARA_ARC_108_MAG_00050	0.155545489541317
S__GCA_905612295.1	S__TARA_ARC_108_MAG_00050	0.13614038075794
S__GCA_905612305.1	S__TARA_ARC_108_MAG_00050	0.136812507771664
S__GCA_905612455.1	S__TARA_ARC_108_MAG_00050	0.138981696910232
S__GCA_905612485.1	S__TARA_ARC_108_MAG_00050	0.107900189056629
S__GCA_905616395.1	S__TARA_ARC_108_MAG_00050	0.116010847854328
S__GCA_905618915.1	S__TARA_ARC_108_MAG_00050	0.140661439494075
S__GCA_905620445.1	S__TARA_ARC_108_MAG_00050	0.172064486467682
S__GCF_012276695.1	S__TARA_ARC_108_MAG_00050	0.129029118475754
S__TARA_ARC_108_MAG_00010	S__TARA_ARC_108_MAG_00050	0.11444300474763
S__TARA_ARC_108_MAG_00012	S__TARA_ARC_108_MAG_00050	0.11136290897242
S__TARA_ARC_108_MAG_00021	S__TARA_ARC_108_MAG_00050	0.139117425729627
S__TARA_ARC_108_MAG_00032	S__TARA_ARC_108_MAG_00050	0.162217817856111
S__TARA_ARC_108_MAG_00033	S__TARA_ARC_108_MAG_00050	0.140274105133231
S__TARA_ARC_108_MAG_00039	S__TARA_ARC_108_MAG_00050	0.174459462597781
S__3300000179_4	S__TARA_ARC_108_MAG_00053	0.124881400045324
S__3300001683_28	S__TARA_ARC_108_MAG_00053	0.162394689019364
S__3300001683_31	S__TARA_ARC_108_MAG_00053	0.133051930186075
S__3300001683_4	S__TARA_ARC_108_MAG_00053	0.174903712285967
S__3300020187_18	S__TARA_ARC_108_MAG_00053	0.126282061312049
S__3300020263_16	S__TARA_ARC_108_MAG_00053	0.125219409337672
S__3300020389_17	S__TARA_ARC_108_MAG_00053	0.17528361066041
S__3300020389_47	S__TARA_ARC_108_MAG_00053	0.178072559795105
S__3300022920_20	S__TARA_ARC_108_MAG_00053	0.112364064263931
S__3300024516_18	S__TARA_ARC_108_MAG_00053	0.134153460762628
S__3300024516_26	S__TARA_ARC_108_MAG_00053	0.145447593532296
S__3300025276_12	S__TARA_ARC_108_MAG_00053	0.11894880826696
S__3300025690_38	S__TARA_ARC_108_MAG_00053	0.124911859886918
S__3300025892_34	S__TARA_ARC_108_MAG_00053	0.126474806658414
S__3300025894_53	S__TARA_ARC_108_MAG_00053	0.139603229422824
S__3300026108_2	S__TARA_ARC_108_MAG_00053	0.134953019480266
S__3300026108_4	S__TARA_ARC_108_MAG_00053	0.108832511585662
S__3300026119_8	S__TARA_ARC_108_MAG_00053	0.133439130643514
S__3300026253_8	S__TARA_ARC_108_MAG_00053	0.131577720930121
S__3300026264_29	S__TARA_ARC_108_MAG_00053	0.117574794758417
S__3300026267_11	S__TARA_ARC_108_MAG_00053	0.136108807327583
S__3300027668_18	S__TARA_ARC_108_MAG_00053	0.149729594306087
S__3300027685_16	S__TARA_ARC_108_MAG_00053	0.128351447795199
S__3300027685_31	S__TARA_ARC_108_MAG_00053	0.158073092540239
S__3300027685_36	S__TARA_ARC_108_MAG_00053	0.15193488913224
S__3300027700_13	S__TARA_ARC_108_MAG_00053	0.125845767277972
S__3300027752_17	S__TARA_ARC_108_MAG_00053	0.135150711491703
S__3300027771_26	S__TARA_ARC_108_MAG_00053	0.171571238470198
S__3300027779_22	S__TARA_ARC_108_MAG_00053	0.140045159595641
S__3300027779_26	S__TARA_ARC_108_MAG_00053	0.108964210251771
S__3300027779_27	S__TARA_ARC_108_MAG_00053	0.122969101843767
S__3300027780_12	S__TARA_ARC_108_MAG_00053	0.162494208558935
S__3300027788_10	S__TARA_ARC_108_MAG_00053	0.139942047733588
S__3300027791_27	S__TARA_ARC_108_MAG_00053	0.121488216156526
S__3300027801_21	S__TARA_ARC_108_MAG_00053	0.177893199001056
S__3300027801_7	S__TARA_ARC_108_MAG_00053	0.137497713502621
S__3300027810_12	S__TARA_ARC_108_MAG_00053	0.124155850479663
S__3300027827_16	S__TARA_ARC_108_MAG_00053	0.160568929120662
S__3300027838_66	S__TARA_ARC_108_MAG_00053	0.178839075415257
S__3300027838_7	S__TARA_ARC_108_MAG_00053	0.214055207854599
S__3300027844_42	S__TARA_ARC_108_MAG_00053	0.13066343153451
S__3300027844_72	S__TARA_ARC_108_MAG_00053	0.179124860789437
S__3300027844_79	S__TARA_ARC_108_MAG_00053	0.180230125348569
S__3300027847_13	S__TARA_ARC_108_MAG_00053	0.22504844437072
S__3300027847_4	S__TARA_ARC_108_MAG_00053	0.115810384195742
S__3300027847_80	S__TARA_ARC_108_MAG_00053	0.132402562221127
S__3300027849_41	S__TARA_ARC_108_MAG_00053	0.146604873980482
S__3300027997_10	S__TARA_ARC_108_MAG_00053	0.145466712299088
S__GCA_000213395.2	S__TARA_ARC_108_MAG_00053	0.19081576456485
S__GCA_000383355.1	S__TARA_ARC_108_MAG_00053	0.147395233997515
S__GCA_001437625.1	S__TARA_ARC_108_MAG_00053	0.110695308435481
S__GCA_001542995.1	S__TARA_ARC_108_MAG_00053	0.11576017693423
S__GCA_001643555.1	S__TARA_ARC_108_MAG_00053	0.13106361354765
S__GCA_002082295.1	S__TARA_ARC_108_MAG_00053	0.126438820787147
S__GCA_002313235.1	S__TARA_ARC_108_MAG_00053	0.125961947694551
S__GCA_002390675.1	S__TARA_ARC_108_MAG_00053	0.12434691415497
S__GCA_002401955.1	S__TARA_ARC_108_MAG_00053	0.157092685592022
S__GCA_002499015.1	S__TARA_ARC_108_MAG_00053	0.150783355062385
S__GCA_002712885.1	S__TARA_ARC_108_MAG_00053	0.14588406602546
S__GCA_002862985.1	S__TARA_ARC_108_MAG_00053	0.188704013363783
S__GCA_003229345.1	S__TARA_ARC_108_MAG_00053	0.165551487270064
S__GCA_003230615.1	S__TARA_ARC_108_MAG_00053	0.164844075100973
S__GCA_003509045.1	S__TARA_ARC_108_MAG_00053	0.135240702609208
S__GCA_004356895.1	S__TARA_ARC_108_MAG_00053	0.146682054535307
S__GCA_008974855.1	S__TARA_ARC_108_MAG_00053	0.113918874590624
S__GCA_009936995.1	S__TARA_ARC_108_MAG_00053	0.124984553806167
S__GCA_009937205.1	S__TARA_ARC_108_MAG_00053	0.158226639760251
S__GCA_012959275.1	S__TARA_ARC_108_MAG_00053	0.15004385748049
S__GCA_012959845.1	S__TARA_ARC_108_MAG_00053	0.127817975925613
S__GCA_012960505.1	S__TARA_ARC_108_MAG_00053	0.146610971817506
S__GCA_012960805.1	S__TARA_ARC_108_MAG_00053	0.152025441054374
S__GCA_012960835.1	S__TARA_ARC_108_MAG_00053	0.244306606120087
S__GCA_012964335.1	S__TARA_ARC_108_MAG_00053	0.153141284295154
S__GCA_012964845.1	S__TARA_ARC_108_MAG_00053	0.111705551638501
S__GCA_012966015.1	S__TARA_ARC_108_MAG_00053	0.147733378989585
S__GCA_012974435.1	S__TARA_ARC_108_MAG_00053	0.113870261575525
S__GCA_013214205.1	S__TARA_ARC_108_MAG_00053	0.142836669605832
S__GCA_013215285.1	S__TARA_ARC_108_MAG_00053	0.130522250362953
S__GCA_013911135.1	S__TARA_ARC_108_MAG_00053	0.117313883282854
S__GCA_014237975.1	S__TARA_ARC_108_MAG_00053	0.20378488999845
S__GCA_014238125.1	S__TARA_ARC_108_MAG_00053	0.109804814375258
S__GCA_014238335.1	S__TARA_ARC_108_MAG_00053	0.173572293679597
S__GCA_014238785.1	S__TARA_ARC_108_MAG_00053	0.210075516739028
S__GCA_014239685.1	S__TARA_ARC_108_MAG_00053	0.180157816282971
S__GCA_014240055.1	S__TARA_ARC_108_MAG_00053	0.128249862788285
S__GCA_014384445.1	S__TARA_ARC_108_MAG_00053	0.183411004368993
S__GCA_014384505.1	S__TARA_ARC_108_MAG_00053	0.119455414926639
S__GCA_015659595.1	S__TARA_ARC_108_MAG_00053	0.157876555256621
S__GCA_016776815.1	S__TARA_ARC_108_MAG_00053	0.138702192078455
S__GCA_016777225.1	S__TARA_ARC_108_MAG_00053	0.12179650283359
S__GCA_018645865.1	S__TARA_ARC_108_MAG_00053	0.174117596397723
S__GCA_018647945.1	S__TARA_ARC_108_MAG_00053	0.202372296584025
S__GCA_018658605.1	S__TARA_ARC_108_MAG_00053	0.18925736851531
S__GCA_018661165.1	S__TARA_ARC_108_MAG_00053	0.150263138200679
S__GCA_018666495.1	S__TARA_ARC_108_MAG_00053	0.202559468287937
S__GCA_018672475.1	S__TARA_ARC_108_MAG_00053	0.229288960466111
S__GCA_018675825.1	S__TARA_ARC_108_MAG_00053	0.169302190087244
S__GCA_018696455.1	S__TARA_ARC_108_MAG_00053	0.173539448007704
S__GCA_018699155.1	S__TARA_ARC_108_MAG_00053	0.145752749178978
S__GCA_018701395.1	S__TARA_ARC_108_MAG_00053	0.11152404276144
S__GCA_018702595.1	S__TARA_ARC_108_MAG_00053	0.178911683206689
S__GCA_902512375.1	S__TARA_ARC_108_MAG_00053	0.205493721907671
S__GCA_905181595.1	S__TARA_ARC_108_MAG_00053	0.135418688293714
S__GCA_905181635.1	S__TARA_ARC_108_MAG_00053	0.139213338614165
S__GCA_905181705.1	S__TARA_ARC_108_MAG_00053	0.134055562077006
S__GCA_905182165.1	S__TARA_ARC_108_MAG_00053	0.187093416981473
S__GCA_905182235.1	S__TARA_ARC_108_MAG_00053	0.191584530494938
S__GCA_905182385.1	S__TARA_ARC_108_MAG_00053	0.144769875009772
S__GCA_905182475.1	S__TARA_ARC_108_MAG_00053	0.144519106819534
S__GCA_905182525.1	S__TARA_ARC_108_MAG_00053	0.17932181725485
S__GCA_905182565.1	S__TARA_ARC_108_MAG_00053	0.138348418684387
S__GCA_905182715.1	S__TARA_ARC_108_MAG_00053	0.174595338226635
S__GCA_905182795.1	S__TARA_ARC_108_MAG_00053	0.158507869157642
S__GCA_905182815.1	S__TARA_ARC_108_MAG_00053	0.122834788827078
S__GCA_905182835.1	S__TARA_ARC_108_MAG_00053	0.113632219799135
S__GCA_905182865.1	S__TARA_ARC_108_MAG_00053	0.117282438805101
S__GCA_905182885.1	S__TARA_ARC_108_MAG_00053	0.1508960622178
S__GCA_905478185.1	S__TARA_ARC_108_MAG_00053	0.140220270967629
S__GCA_905478325.1	S__TARA_ARC_108_MAG_00053	0.167070666486278
S__GCA_905478585.1	S__TARA_ARC_108_MAG_00053	0.188840039820832
S__GCA_905479195.1	S__TARA_ARC_108_MAG_00053	0.18968746680003
S__GCA_905480075.1	S__TARA_ARC_108_MAG_00053	0.174833828283026
S__GCA_905480095.1	S__TARA_ARC_108_MAG_00053	0.126827522945019
S__GCA_905612275.1	S__TARA_ARC_108_MAG_00053	0.159719050335093
S__GCA_905612295.1	S__TARA_ARC_108_MAG_00053	0.137009145768989
S__GCA_905612305.1	S__TARA_ARC_108_MAG_00053	0.15844345817069
S__GCA_905612455.1	S__TARA_ARC_108_MAG_00053	0.169403551239325
S__GCA_905612485.1	S__TARA_ARC_108_MAG_00053	0.134483727213637
S__GCA_905616395.1	S__TARA_ARC_108_MAG_00053	0.108740553152898
S__GCA_905618915.1	S__TARA_ARC_108_MAG_00053	0.138356788187693
S__GCA_905620445.1	S__TARA_ARC_108_MAG_00053	0.137376683980376
S__GCF_012276695.1	S__TARA_ARC_108_MAG_00053	0.147514880931084
S__GCF_013407165.1	S__TARA_ARC_108_MAG_00053	0.115679575513649
S__TARA_ARC_108_MAG_00010	S__TARA_ARC_108_MAG_00053	0.110871699014564
S__TARA_ARC_108_MAG_00021	S__TARA_ARC_108_MAG_00053	0.154539804138657
S__TARA_ARC_108_MAG_00032	S__TARA_ARC_108_MAG_00053	0.175421577343376
S__TARA_ARC_108_MAG_00033	S__TARA_ARC_108_MAG_00053	0.123084674195617
S__TARA_ARC_108_MAG_00039	S__TARA_ARC_108_MAG_00053	0.187129516536562
S__TARA_ARC_108_MAG_00050	S__TARA_ARC_108_MAG_00053	0.164612380074898
S__3300000179_4	S__TARA_ARC_108_MAG_00055	0.143217832540791
S__3300001683_21	S__TARA_ARC_108_MAG_00055	0.120433488899176
S__3300001683_28	S__TARA_ARC_108_MAG_00055	0.17968285084901
S__3300001683_31	S__TARA_ARC_108_MAG_00055	0.154453691956595
S__3300001683_4	S__TARA_ARC_108_MAG_00055	0.193018849289886
S__3300020187_18	S__TARA_ARC_108_MAG_00055	0.139072795030139
S__3300020263_16	S__TARA_ARC_108_MAG_00055	0.137295841570697
S__3300020303_5	S__TARA_ARC_108_MAG_00055	0.128038766661411
S__3300020389_17	S__TARA_ARC_108_MAG_00055	0.192488760448649
S__3300020389_47	S__TARA_ARC_108_MAG_00055	0.193520392703245
S__3300022920_20	S__TARA_ARC_108_MAG_00055	0.136940957127046
S__3300024058_15	S__TARA_ARC_108_MAG_00055	0.116571574684023
S__3300024516_18	S__TARA_ARC_108_MAG_00055	0.145844163315597
S__3300024516_26	S__TARA_ARC_108_MAG_00055	0.162393348888638
S__3300024516_38	S__TARA_ARC_108_MAG_00055	0.110933925575618
S__3300025276_12	S__TARA_ARC_108_MAG_00055	0.127915654177442
S__3300025623_36	S__TARA_ARC_108_MAG_00055	0.111063204089968
S__3300025690_38	S__TARA_ARC_108_MAG_00055	0.126337775472192
S__3300025892_34	S__TARA_ARC_108_MAG_00055	0.141528578991726
S__3300025894_53	S__TARA_ARC_108_MAG_00055	0.156580260442394
S__3300026087_14	S__TARA_ARC_108_MAG_00055	0.112307620211882
S__3300026108_2	S__TARA_ARC_108_MAG_00055	0.144201739686685
S__3300026108_4	S__TARA_ARC_108_MAG_00055	0.123972975884085
S__3300026119_8	S__TARA_ARC_108_MAG_00055	0.147269280882176
S__3300026253_8	S__TARA_ARC_108_MAG_00055	0.144660263822512
S__3300026264_29	S__TARA_ARC_108_MAG_00055	0.140662118749367
S__3300026267_11	S__TARA_ARC_108_MAG_00055	0.153398184759653
S__3300027668_18	S__TARA_ARC_108_MAG_00055	0.176302886822495
S__3300027685_11	S__TARA_ARC_108_MAG_00055	0.114148099564323
S__3300027685_16	S__TARA_ARC_108_MAG_00055	0.146187062658209
S__3300027685_31	S__TARA_ARC_108_MAG_00055	0.186115824909883
S__3300027685_36	S__TARA_ARC_108_MAG_00055	0.1825729492478
S__3300027687_20	S__TARA_ARC_108_MAG_00055	0.116303918337864
S__3300027687_7	S__TARA_ARC_108_MAG_00055	0.122956619684355
S__3300027700_13	S__TARA_ARC_108_MAG_00055	0.141083022667166
S__3300027752_17	S__TARA_ARC_108_MAG_00055	0.149835816382175
S__3300027771_26	S__TARA_ARC_108_MAG_00055	0.183818662402436
S__3300027779_22	S__TARA_ARC_108_MAG_00055	0.157168472932905
S__3300027779_26	S__TARA_ARC_108_MAG_00055	0.133788965570549
S__3300027779_27	S__TARA_ARC_108_MAG_00055	0.152051544368078
S__3300027780_12	S__TARA_ARC_108_MAG_00055	0.183421044587577
S__3300027788_10	S__TARA_ARC_108_MAG_00055	0.163715478179009
S__3300027791_27	S__TARA_ARC_108_MAG_00055	0.138873219867932
S__3300027801_21	S__TARA_ARC_108_MAG_00055	0.199212579126918
S__3300027801_7	S__TARA_ARC_108_MAG_00055	0.165581288050862
S__3300027810_12	S__TARA_ARC_108_MAG_00055	0.146425994763953
S__3300027827_16	S__TARA_ARC_108_MAG_00055	0.173679181068277
S__3300027838_66	S__TARA_ARC_108_MAG_00055	0.199453812124807
S__3300027838_7	S__TARA_ARC_108_MAG_00055	0.218741367448428
S__3300027844_42	S__TARA_ARC_108_MAG_00055	0.159887816406582
S__3300027844_60	S__TARA_ARC_108_MAG_00055	0.10821534391956
S__3300027844_72	S__TARA_ARC_108_MAG_00055	0.205249898600236
S__3300027844_79	S__TARA_ARC_108_MAG_00055	0.203395393712755
S__3300027847_13	S__TARA_ARC_108_MAG_00055	0.229627249690194
S__3300027847_4	S__TARA_ARC_108_MAG_00055	0.124467617833873
S__3300027847_80	S__TARA_ARC_108_MAG_00055	0.152353654130419
S__3300027849_41	S__TARA_ARC_108_MAG_00055	0.172711441576386
S__3300027883_17	S__TARA_ARC_108_MAG_00055	0.121552862867789
S__3300027997_10	S__TARA_ARC_108_MAG_00055	0.153511624105905
S__GCA_000213395.2	S__TARA_ARC_108_MAG_00055	0.199123179403585
S__GCA_000383355.1	S__TARA_ARC_108_MAG_00055	0.166348869264497
S__GCA_000402075.1	S__TARA_ARC_108_MAG_00055	0.120818826741111
S__GCA_001437625.1	S__TARA_ARC_108_MAG_00055	0.124864168359551
S__GCA_001542995.1	S__TARA_ARC_108_MAG_00055	0.125903040851115
S__GCA_001543015.1	S__TARA_ARC_108_MAG_00055	0.111942561978776
S__GCA_001643555.1	S__TARA_ARC_108_MAG_00055	0.148341986343402
S__GCA_002082295.1	S__TARA_ARC_108_MAG_00055	0.145050623214155
S__GCA_002313235.1	S__TARA_ARC_108_MAG_00055	0.135740271270114
S__GCA_002313265.1	S__TARA_ARC_108_MAG_00055	0.12608646423962
S__GCA_002390675.1	S__TARA_ARC_108_MAG_00055	0.139916354009133
S__GCA_002401955.1	S__TARA_ARC_108_MAG_00055	0.172488716877678
S__GCA_002499015.1	S__TARA_ARC_108_MAG_00055	0.171320265444822
S__GCA_002505495.1	S__TARA_ARC_108_MAG_00055	0.109601468594736
S__GCA_002700285.1	S__TARA_ARC_108_MAG_00055	0.112082495692796
S__GCA_002712885.1	S__TARA_ARC_108_MAG_00055	0.160190016613972
S__GCA_002862985.1	S__TARA_ARC_108_MAG_00055	0.205910898738229
S__GCA_003229345.1	S__TARA_ARC_108_MAG_00055	0.182994925500888
S__GCA_003230615.1	S__TARA_ARC_108_MAG_00055	0.174727248026119
S__GCA_003509045.1	S__TARA_ARC_108_MAG_00055	0.148902631936475
S__GCA_004356825.1	S__TARA_ARC_108_MAG_00055	0.112523038904239
S__GCA_004356895.1	S__TARA_ARC_108_MAG_00055	0.164438564281008
S__GCA_008974855.1	S__TARA_ARC_108_MAG_00055	0.126815902572703
S__GCA_009936995.1	S__TARA_ARC_108_MAG_00055	0.140020419950893
S__GCA_009937205.1	S__TARA_ARC_108_MAG_00055	0.172289365302332
S__GCA_012959275.1	S__TARA_ARC_108_MAG_00055	0.167386584634843
S__GCA_012959435.1	S__TARA_ARC_108_MAG_00055	0.123309644987815
S__GCA_012959845.1	S__TARA_ARC_108_MAG_00055	0.149310096229679
S__GCA_012960505.1	S__TARA_ARC_108_MAG_00055	0.15489426556469
S__GCA_012960805.1	S__TARA_ARC_108_MAG_00055	0.165714921230124
S__GCA_012960835.1	S__TARA_ARC_108_MAG_00055	0.243566125624238
S__GCA_012964335.1	S__TARA_ARC_108_MAG_00055	0.169729404103638
S__GCA_012964845.1	S__TARA_ARC_108_MAG_00055	0.128729077517808
S__GCA_012966015.1	S__TARA_ARC_108_MAG_00055	0.162359297543058
S__GCA_012974435.1	S__TARA_ARC_108_MAG_00055	0.130048964406773
S__GCA_013214205.1	S__TARA_ARC_108_MAG_00055	0.155869732581378
S__GCA_013215285.1	S__TARA_ARC_108_MAG_00055	0.143930020561364
S__GCA_013911135.1	S__TARA_ARC_108_MAG_00055	0.128325597945471
S__GCA_014237975.1	S__TARA_ARC_108_MAG_00055	0.207590147801923
S__GCA_014238125.1	S__TARA_ARC_108_MAG_00055	0.124013952821425
S__GCA_014238335.1	S__TARA_ARC_108_MAG_00055	0.196322929349876
S__GCA_014238785.1	S__TARA_ARC_108_MAG_00055	0.22384537044922
S__GCA_014239685.1	S__TARA_ARC_108_MAG_00055	0.192342124057784
S__GCA_014240055.1	S__TARA_ARC_108_MAG_00055	0.133269182810339
S__GCA_014384445.1	S__TARA_ARC_108_MAG_00055	0.202520141070138
S__GCA_014384505.1	S__TARA_ARC_108_MAG_00055	0.134607917988023
S__GCA_015659595.1	S__TARA_ARC_108_MAG_00055	0.173498360286769
S__GCA_016276965.1	S__TARA_ARC_108_MAG_00055	0.114018240687819
S__GCA_016776815.1	S__TARA_ARC_108_MAG_00055	0.142228336668572
S__GCA_016777225.1	S__TARA_ARC_108_MAG_00055	0.122475476569084
S__GCA_018645865.1	S__TARA_ARC_108_MAG_00055	0.201812638803286
S__GCA_018647945.1	S__TARA_ARC_108_MAG_00055	0.206443888585498
S__GCA_018658605.1	S__TARA_ARC_108_MAG_00055	0.207800284619759
S__GCA_018661165.1	S__TARA_ARC_108_MAG_00055	0.172292903894251
S__GCA_018666495.1	S__TARA_ARC_108_MAG_00055	0.207138823783228
S__GCA_018672475.1	S__TARA_ARC_108_MAG_00055	0.229767408508092
S__GCA_018675825.1	S__TARA_ARC_108_MAG_00055	0.191136305060716
S__GCA_018696455.1	S__TARA_ARC_108_MAG_00055	0.185838561643938
S__GCA_018699155.1	S__TARA_ARC_108_MAG_00055	0.158679067272905
S__GCA_018701395.1	S__TARA_ARC_108_MAG_00055	0.125445288699063
S__GCA_018702595.1	S__TARA_ARC_108_MAG_00055	0.198645454667616
S__GCA_902512375.1	S__TARA_ARC_108_MAG_00055	0.206437422928942
S__GCA_902514095.1	S__TARA_ARC_108_MAG_00055	0.11896222087393
S__GCA_905181595.1	S__TARA_ARC_108_MAG_00055	0.149743386905068
S__GCA_905181625.1	S__TARA_ARC_108_MAG_00055	0.118568221210081
S__GCA_905181635.1	S__TARA_ARC_108_MAG_00055	0.161729246294104
S__GCA_905181705.1	S__TARA_ARC_108_MAG_00055	0.141736609507429
S__GCA_905181765.1	S__TARA_ARC_108_MAG_00055	0.124181589985702
S__GCA_905182065.1	S__TARA_ARC_108_MAG_00055	0.108984122803718
S__GCA_905182125.1	S__TARA_ARC_108_MAG_00055	0.117170237800924
S__GCA_905182165.1	S__TARA_ARC_108_MAG_00055	0.205664710909109
S__GCA_905182235.1	S__TARA_ARC_108_MAG_00055	0.201070844450202
S__GCA_905182305.1	S__TARA_ARC_108_MAG_00055	0.111989712832547
S__GCA_905182385.1	S__TARA_ARC_108_MAG_00055	0.176070895613772
S__GCA_905182415.1	S__TARA_ARC_108_MAG_00055	0.121960546180612
S__GCA_905182435.1	S__TARA_ARC_108_MAG_00055	0.11096603150368
S__GCA_905182475.1	S__TARA_ARC_108_MAG_00055	0.157005302297243
S__GCA_905182525.1	S__TARA_ARC_108_MAG_00055	0.193266652476558
S__GCA_905182565.1	S__TARA_ARC_108_MAG_00055	0.16992731788172
S__GCA_905182715.1	S__TARA_ARC_108_MAG_00055	0.191798272132542
S__GCA_905182795.1	S__TARA_ARC_108_MAG_00055	0.186707430724674
S__GCA_905182815.1	S__TARA_ARC_108_MAG_00055	0.140003773366491
S__GCA_905182835.1	S__TARA_ARC_108_MAG_00055	0.14232724502786
S__GCA_905182865.1	S__TARA_ARC_108_MAG_00055	0.137294627313712
S__GCA_905182885.1	S__TARA_ARC_108_MAG_00055	0.1760082683575
S__GCA_905182935.1	S__TARA_ARC_108_MAG_00055	0.117164488198519
S__GCA_905478185.1	S__TARA_ARC_108_MAG_00055	0.145865377573464
S__GCA_905478325.1	S__TARA_ARC_108_MAG_00055	0.18422733103227
S__GCA_905478585.1	S__TARA_ARC_108_MAG_00055	0.201223189615345
S__GCA_905479195.1	S__TARA_ARC_108_MAG_00055	0.204015789585629
S__GCA_905480075.1	S__TARA_ARC_108_MAG_00055	0.190932520959326
S__GCA_905480095.1	S__TARA_ARC_108_MAG_00055	0.135634597522199
S__GCA_905612275.1	S__TARA_ARC_108_MAG_00055	0.17612355558215
S__GCA_905612295.1	S__TARA_ARC_108_MAG_00055	0.155590129045219
S__GCA_905612305.1	S__TARA_ARC_108_MAG_00055	0.17172862780923
S__GCA_905612455.1	S__TARA_ARC_108_MAG_00055	0.182912725289377
S__GCA_905612485.1	S__TARA_ARC_108_MAG_00055	0.140975052833039
S__GCA_905614375.1	S__TARA_ARC_108_MAG_00055	0.119048213687268
S__GCA_905616395.1	S__TARA_ARC_108_MAG_00055	0.127383341125213
S__GCA_905618915.1	S__TARA_ARC_108_MAG_00055	0.154994502611523
S__GCA_905620445.1	S__TARA_ARC_108_MAG_00055	0.171404502229947
S__GCF_002954445.1	S__TARA_ARC_108_MAG_00055	0.111251959567369
S__GCF_012276695.1	S__TARA_ARC_108_MAG_00055	0.1602860210725
S__GCF_013407165.1	S__TARA_ARC_108_MAG_00055	0.122116853518964
S__TARA_AON_82_MAG_00120	S__TARA_ARC_108_MAG_00055	0.114676640646778
S__TARA_ARC_108_MAG_00010	S__TARA_ARC_108_MAG_00055	0.124082553003803
S__TARA_ARC_108_MAG_00012	S__TARA_ARC_108_MAG_00055	0.117989811316431
S__TARA_ARC_108_MAG_00021	S__TARA_ARC_108_MAG_00055	0.172636381084215
S__TARA_ARC_108_MAG_00032	S__TARA_ARC_108_MAG_00055	0.204204733909052
S__TARA_ARC_108_MAG_00033	S__TARA_ARC_108_MAG_00055	0.153428278246841
S__TARA_ARC_108_MAG_00039	S__TARA_ARC_108_MAG_00055	0.196573380760817
S__TARA_ARC_108_MAG_00050	S__TARA_ARC_108_MAG_00055	0.190942266556536
S__TARA_ARC_108_MAG_00053	S__TARA_ARC_108_MAG_00055	0.211722749803813
S__3300001683_28	S__TARA_ARC_108_MAG_00066	0.118699563325607
S__3300001683_4	S__TARA_ARC_108_MAG_00066	0.113842910611934
S__3300020263_16	S__TARA_ARC_108_MAG_00066	0.129027663875177
S__3300020389_17	S__TARA_ARC_108_MAG_00066	0.118412514829782
S__3300020389_47	S__TARA_ARC_108_MAG_00066	0.12886699289119
S__3300026253_8	S__TARA_ARC_108_MAG_00066	0.148850949367317
S__3300027752_17	S__TARA_ARC_108_MAG_00066	0.126939349094199
S__3300027779_22	S__TARA_ARC_108_MAG_00066	0.160084490552417
S__3300027801_21	S__TARA_ARC_108_MAG_00066	0.143283277083213
S__3300027827_16	S__TARA_ARC_108_MAG_00066	0.120143570560886
S__3300027838_66	S__TARA_ARC_108_MAG_00066	0.136481528930221
S__3300027838_7	S__TARA_ARC_108_MAG_00066	0.14766071784082
S__3300027844_72	S__TARA_ARC_108_MAG_00066	0.121972652528554
S__3300027844_79	S__TARA_ARC_108_MAG_00066	0.126377305964222
S__3300027847_13	S__TARA_ARC_108_MAG_00066	0.153372969281108
S__GCA_000213395.2	S__TARA_ARC_108_MAG_00066	0.150040124632439
S__GCA_002862985.1	S__TARA_ARC_108_MAG_00066	0.147137466176944
S__GCA_012960805.1	S__TARA_ARC_108_MAG_00066	0.142878934021587
S__GCA_012960835.1	S__TARA_ARC_108_MAG_00066	0.183663730872802
S__GCA_012964335.1	S__TARA_ARC_108_MAG_00066	0.152014649413624
S__GCA_014237975.1	S__TARA_ARC_108_MAG_00066	0.13968703178901
S__GCA_014238785.1	S__TARA_ARC_108_MAG_00066	0.147329531364992
S__GCA_014384445.1	S__TARA_ARC_108_MAG_00066	0.132538095975421
S__GCA_014384505.1	S__TARA_ARC_108_MAG_00066	0.130340860185872
S__GCA_018645865.1	S__TARA_ARC_108_MAG_00066	0.124133858584399
S__GCA_018647945.1	S__TARA_ARC_108_MAG_00066	0.137968907656509
S__GCA_018658605.1	S__TARA_ARC_108_MAG_00066	0.132791184940791
S__GCA_018666495.1	S__TARA_ARC_108_MAG_00066	0.14205423946692
S__GCA_018672475.1	S__TARA_ARC_108_MAG_00066	0.184967473345141
S__GCA_902512375.1	S__TARA_ARC_108_MAG_00066	0.173778354044196
S__GCA_905181595.1	S__TARA_ARC_108_MAG_00066	0.112599510679803
S__GCA_905182165.1	S__TARA_ARC_108_MAG_00066	0.143123893825079
S__GCA_905182235.1	S__TARA_ARC_108_MAG_00066	0.162066253674056
S__GCA_905182795.1	S__TARA_ARC_108_MAG_00066	0.117241400299019
S__GCA_905182815.1	S__TARA_ARC_108_MAG_00066	0.13970994930105
S__GCA_905182885.1	S__TARA_ARC_108_MAG_00066	0.122286745091708
S__GCA_905479195.1	S__TARA_ARC_108_MAG_00066	0.133959074167176
S__GCA_905612305.1	S__TARA_ARC_108_MAG_00066	0.129157694783304
S__TARA_ARC_108_MAG_00039	S__TARA_ARC_108_MAG_00066	0.167766821151796
S__TARA_ARC_108_MAG_00050	S__TARA_ARC_108_MAG_00066	0.121270333150416
S__TARA_ARC_108_MAG_00053	S__TARA_ARC_108_MAG_00066	0.133845168865588
S__TARA_ARC_108_MAG_00055	S__TARA_ARC_108_MAG_00066	0.149225744133465
S__3300027839_78	S__TARA_ARC_108_MAG_00071	0.140923656082054
S__3300027844_59	S__TARA_ARC_108_MAG_00071	0.114041387909336
S__3300027844_92	S__TARA_ARC_108_MAG_00071	0.196402710204345
S__3300027847_31	S__TARA_ARC_108_MAG_00071	0.129566627671562
S__GCA_003228095.2	S__TARA_ARC_108_MAG_00071	0.164039216029842
S__GCA_003228125.1	S__TARA_ARC_108_MAG_00071	0.153272559386626
S__GCA_003228195.2	S__TARA_ARC_108_MAG_00071	0.160663329598068
S__GCA_902512485.1	S__TARA_ARC_108_MAG_00071	0.119428257456685
S__GCA_902607585.1	S__TARA_ARC_108_MAG_00071	0.108224157152282
S__GCA_905614355.1	S__TARA_ARC_108_MAG_00071	0.132122348528055
S__IMGVR_UViG_3300028198_000003	S__TARA_ARC_108_MAG_00071	0.109874899550419
S__IMGVR_UViG_3300046532_001046	S__TARA_ARC_108_MAG_00071	0.177319751396126
S__Schulz_GVMAG_M_3300000128_11	S__TARA_ARC_108_MAG_00071	0.122544457511692
S__3300000179_4	S__TARA_ARC_108_MAG_00074	0.140224731076663
S__3300001683_21	S__TARA_ARC_108_MAG_00074	0.116938530427577
S__3300001683_28	S__TARA_ARC_108_MAG_00074	0.197545600480287
S__3300001683_31	S__TARA_ARC_108_MAG_00074	0.151368756312392
S__3300001683_4	S__TARA_ARC_108_MAG_00074	0.202520617889398
S__3300006311_3	S__TARA_ARC_108_MAG_00074	0.109935131443081
S__3300020187_18	S__TARA_ARC_108_MAG_00074	0.158905570704355
S__3300020263_16	S__TARA_ARC_108_MAG_00074	0.149106985098739
S__3300020303_5	S__TARA_ARC_108_MAG_00074	0.120132303803179
S__3300020389_17	S__TARA_ARC_108_MAG_00074	0.201192695401906
S__3300020389_47	S__TARA_ARC_108_MAG_00074	0.188404134124316
S__3300022920_20	S__TARA_ARC_108_MAG_00074	0.135966595314421
S__3300024058_15	S__TARA_ARC_108_MAG_00074	0.117501632685354
S__3300024516_18	S__TARA_ARC_108_MAG_00074	0.156434367928487
S__3300024516_26	S__TARA_ARC_108_MAG_00074	0.176674528238208
S__3300024516_38	S__TARA_ARC_108_MAG_00074	0.121697947796583
S__3300025276_12	S__TARA_ARC_108_MAG_00074	0.144107935474
S__3300025690_38	S__TARA_ARC_108_MAG_00074	0.113366815270768
S__3300025892_34	S__TARA_ARC_108_MAG_00074	0.129534993458671
S__3300025894_53	S__TARA_ARC_108_MAG_00074	0.181909745992333
S__3300026080_15	S__TARA_ARC_108_MAG_00074	0.111236386720658
S__3300026087_14	S__TARA_ARC_108_MAG_00074	0.12428945894265
S__3300026108_2	S__TARA_ARC_108_MAG_00074	0.159366623539331
S__3300026108_4	S__TARA_ARC_108_MAG_00074	0.114872594975318
S__3300026119_8	S__TARA_ARC_108_MAG_00074	0.160062087532542
S__3300026253_8	S__TARA_ARC_108_MAG_00074	0.158367706100914
S__3300026264_29	S__TARA_ARC_108_MAG_00074	0.138093447001829
S__3300026264_34	S__TARA_ARC_108_MAG_00074	0.113397589594621
S__3300026267_11	S__TARA_ARC_108_MAG_00074	0.140786318347782
S__3300027668_18	S__TARA_ARC_108_MAG_00074	0.194621784816922
S__3300027685_11	S__TARA_ARC_108_MAG_00074	0.120428327753075
S__3300027685_16	S__TARA_ARC_108_MAG_00074	0.149701599385487
S__3300027685_31	S__TARA_ARC_108_MAG_00074	0.176708147590094
S__3300027685_36	S__TARA_ARC_108_MAG_00074	0.167252841365222
S__3300027687_20	S__TARA_ARC_108_MAG_00074	0.135093930921668
S__3300027687_7	S__TARA_ARC_108_MAG_00074	0.128954902475406
S__3300027700_13	S__TARA_ARC_108_MAG_00074	0.134477227384179
S__3300027752_17	S__TARA_ARC_108_MAG_00074	0.166346877226768
S__3300027771_26	S__TARA_ARC_108_MAG_00074	0.188571608045381
S__3300027779_22	S__TARA_ARC_108_MAG_00074	0.177797505998332
S__3300027779_26	S__TARA_ARC_108_MAG_00074	0.13355698253135
S__3300027779_27	S__TARA_ARC_108_MAG_00074	0.151850445584211
S__3300027780_12	S__TARA_ARC_108_MAG_00074	0.199330674619051
S__3300027788_10	S__TARA_ARC_108_MAG_00074	0.172006828096941
S__3300027791_27	S__TARA_ARC_108_MAG_00074	0.159091006778468
S__3300027801_21	S__TARA_ARC_108_MAG_00074	0.214570701520096
S__3300027801_7	S__TARA_ARC_108_MAG_00074	0.178303842952544
S__3300027810_12	S__TARA_ARC_108_MAG_00074	0.164966590720254
S__3300027827_16	S__TARA_ARC_108_MAG_00074	0.187163724531128
S__3300027838_66	S__TARA_ARC_108_MAG_00074	0.2022173958333
S__3300027838_7	S__TARA_ARC_108_MAG_00074	0.210593795227141
S__3300027844_42	S__TARA_ARC_108_MAG_00074	0.157981176468726
S__3300027844_72	S__TARA_ARC_108_MAG_00074	0.198669814570515
S__3300027844_79	S__TARA_ARC_108_MAG_00074	0.215778675932368
S__3300027847_13	S__TARA_ARC_108_MAG_00074	0.223530309975892
S__3300027847_4	S__TARA_ARC_108_MAG_00074	0.135147952744048
S__3300027847_80	S__TARA_ARC_108_MAG_00074	0.161673972493691
S__3300027849_41	S__TARA_ARC_108_MAG_00074	0.17560581551534
S__3300027883_17	S__TARA_ARC_108_MAG_00074	0.14554954194672
S__3300027997_10	S__TARA_ARC_108_MAG_00074	0.158542098080813
S__GCA_000213395.2	S__TARA_ARC_108_MAG_00074	0.198466458295363
S__GCA_000383355.1	S__TARA_ARC_108_MAG_00074	0.168653973410276
S__GCA_000402075.1	S__TARA_ARC_108_MAG_00074	0.122127370603766
S__GCA_001437625.1	S__TARA_ARC_108_MAG_00074	0.144875101912138
S__GCA_001542995.1	S__TARA_ARC_108_MAG_00074	0.127112092888134
S__GCA_001543015.1	S__TARA_ARC_108_MAG_00074	0.115769523710569
S__GCA_001643555.1	S__TARA_ARC_108_MAG_00074	0.147404716853651
S__GCA_002082295.1	S__TARA_ARC_108_MAG_00074	0.151360356287528
S__GCA_002313235.1	S__TARA_ARC_108_MAG_00074	0.134322421693113
S__GCA_002313265.1	S__TARA_ARC_108_MAG_00074	0.111873311021885
S__GCA_002317795.1	S__TARA_ARC_108_MAG_00074	0.112074484640914
S__GCA_002390675.1	S__TARA_ARC_108_MAG_00074	0.140450788909119
S__GCA_002401955.1	S__TARA_ARC_108_MAG_00074	0.179287009545791
S__GCA_002499015.1	S__TARA_ARC_108_MAG_00074	0.194009911881178
S__GCA_002712885.1	S__TARA_ARC_108_MAG_00074	0.163380160584813
S__GCA_002862985.1	S__TARA_ARC_108_MAG_00074	0.217837510793383
S__GCA_003229345.1	S__TARA_ARC_108_MAG_00074	0.19056237027224
S__GCA_003230615.1	S__TARA_ARC_108_MAG_00074	0.175577220223571
S__GCA_003509045.1	S__TARA_ARC_108_MAG_00074	0.150804464816928
S__GCA_004356455.1	S__TARA_ARC_108_MAG_00074	0.109001277258632
S__GCA_004356825.1	S__TARA_ARC_108_MAG_00074	0.12240847258655
S__GCA_004356895.1	S__TARA_ARC_108_MAG_00074	0.176384980978552
S__GCA_008974855.1	S__TARA_ARC_108_MAG_00074	0.136928764513232
S__GCA_009936995.1	S__TARA_ARC_108_MAG_00074	0.14288682973638
S__GCA_009937205.1	S__TARA_ARC_108_MAG_00074	0.173508652365757
S__GCA_012959275.1	S__TARA_ARC_108_MAG_00074	0.152002379629686
S__GCA_012959435.1	S__TARA_ARC_108_MAG_00074	0.115425951836349
S__GCA_012959845.1	S__TARA_ARC_108_MAG_00074	0.137527752445077
S__GCA_012960505.1	S__TARA_ARC_108_MAG_00074	0.157061386170586
S__GCA_012960805.1	S__TARA_ARC_108_MAG_00074	0.181977237133614
S__GCA_012960835.1	S__TARA_ARC_108_MAG_00074	0.24477319341166
S__GCA_012964335.1	S__TARA_ARC_108_MAG_00074	0.189214473159454
S__GCA_012964845.1	S__TARA_ARC_108_MAG_00074	0.131698472943375
S__GCA_012965955.1	S__TARA_ARC_108_MAG_00074	0.111061453150643
S__GCA_012966015.1	S__TARA_ARC_108_MAG_00074	0.172472001523832
S__GCA_012974435.1	S__TARA_ARC_108_MAG_00074	0.138141789458111
S__GCA_013138675.1	S__TARA_ARC_108_MAG_00074	0.108958712482543
S__GCA_013203245.1	S__TARA_ARC_108_MAG_00074	0.119746024949058
S__GCA_013214205.1	S__TARA_ARC_108_MAG_00074	0.146798024945714
S__GCA_013215285.1	S__TARA_ARC_108_MAG_00074	0.159148685206523
S__GCA_013911135.1	S__TARA_ARC_108_MAG_00074	0.136574190853723
S__GCA_014237975.1	S__TARA_ARC_108_MAG_00074	0.197182105731971
S__GCA_014238335.1	S__TARA_ARC_108_MAG_00074	0.185364420360663
S__GCA_014238785.1	S__TARA_ARC_108_MAG_00074	0.219100141741243
S__GCA_014239685.1	S__TARA_ARC_108_MAG_00074	0.186468216460737
S__GCA_014240055.1	S__TARA_ARC_108_MAG_00074	0.120611566635048
S__GCA_014384445.1	S__TARA_ARC_108_MAG_00074	0.202299227578995
S__GCA_014384505.1	S__TARA_ARC_108_MAG_00074	0.152949670716189
S__GCA_015659595.1	S__TARA_ARC_108_MAG_00074	0.186347042759226
S__GCA_016276965.1	S__TARA_ARC_108_MAG_00074	0.1286815715039
S__GCA_016776815.1	S__TARA_ARC_108_MAG_00074	0.13315735182712
S__GCA_016777225.1	S__TARA_ARC_108_MAG_00074	0.125961160040315
S__GCA_018645865.1	S__TARA_ARC_108_MAG_00074	0.199419213969574
S__GCA_018647945.1	S__TARA_ARC_108_MAG_00074	0.19745229860159
S__GCA_018658605.1	S__TARA_ARC_108_MAG_00074	0.199692987423288
S__GCA_018661165.1	S__TARA_ARC_108_MAG_00074	0.173978700102359
S__GCA_018666495.1	S__TARA_ARC_108_MAG_00074	0.203123068133754
S__GCA_018672475.1	S__TARA_ARC_108_MAG_00074	0.239325844176078
S__GCA_018675825.1	S__TARA_ARC_108_MAG_00074	0.183928793223475
S__GCA_018696455.1	S__TARA_ARC_108_MAG_00074	0.166716638418855
S__GCA_018699155.1	S__TARA_ARC_108_MAG_00074	0.145091333581642
S__GCA_018701395.1	S__TARA_ARC_108_MAG_00074	0.11092445508491
S__GCA_018702595.1	S__TARA_ARC_108_MAG_00074	0.18567528811793
S__GCA_902512375.1	S__TARA_ARC_108_MAG_00074	0.218015542773781
S__GCA_902514095.1	S__TARA_ARC_108_MAG_00074	0.118119905327752
S__GCA_905181595.1	S__TARA_ARC_108_MAG_00074	0.164788559298656
S__GCA_905181625.1	S__TARA_ARC_108_MAG_00074	0.131482868856941
S__GCA_905181635.1	S__TARA_ARC_108_MAG_00074	0.170726110565231
S__GCA_905181705.1	S__TARA_ARC_108_MAG_00074	0.13518925790671
S__GCA_905181765.1	S__TARA_ARC_108_MAG_00074	0.13955213906202
S__GCA_905182065.1	S__TARA_ARC_108_MAG_00074	0.112068859064743
S__GCA_905182125.1	S__TARA_ARC_108_MAG_00074	0.125167684550989
S__GCA_905182165.1	S__TARA_ARC_108_MAG_00074	0.213469094684997
S__GCA_905182235.1	S__TARA_ARC_108_MAG_00074	0.219794346560887
S__GCA_905182305.1	S__TARA_ARC_108_MAG_00074	0.132684356966564
S__GCA_905182385.1	S__TARA_ARC_108_MAG_00074	0.172361076279862
S__GCA_905182415.1	S__TARA_ARC_108_MAG_00074	0.120254950010716
S__GCA_905182475.1	S__TARA_ARC_108_MAG_00074	0.174014689875736
S__GCA_905182525.1	S__TARA_ARC_108_MAG_00074	0.184176268460633
S__GCA_905182565.1	S__TARA_ARC_108_MAG_00074	0.181677919743381
S__GCA_905182715.1	S__TARA_ARC_108_MAG_00074	0.201619550637902
S__GCA_905182795.1	S__TARA_ARC_108_MAG_00074	0.20142095702529
S__GCA_905182815.1	S__TARA_ARC_108_MAG_00074	0.158289921819015
S__GCA_905182835.1	S__TARA_ARC_108_MAG_00074	0.148873088173607
S__GCA_905182865.1	S__TARA_ARC_108_MAG_00074	0.154905585756864
S__GCA_905182885.1	S__TARA_ARC_108_MAG_00074	0.19179772672092
S__GCA_905182935.1	S__TARA_ARC_108_MAG_00074	0.115208295996427
S__GCA_905478185.1	S__TARA_ARC_108_MAG_00074	0.153674688051795
S__GCA_905478325.1	S__TARA_ARC_108_MAG_00074	0.170048611944013
S__GCA_905478585.1	S__TARA_ARC_108_MAG_00074	0.205883669329158
S__GCA_905479195.1	S__TARA_ARC_108_MAG_00074	0.195266661761461
S__GCA_905480075.1	S__TARA_ARC_108_MAG_00074	0.176574856843987
S__GCA_905480095.1	S__TARA_ARC_108_MAG_00074	0.134950950110536
S__GCA_905612275.1	S__TARA_ARC_108_MAG_00074	0.189727121184253
S__GCA_905612295.1	S__TARA_ARC_108_MAG_00074	0.176509075168772
S__GCA_905612305.1	S__TARA_ARC_108_MAG_00074	0.189268777065914
S__GCA_905612455.1	S__TARA_ARC_108_MAG_00074	0.195009021632273
S__GCA_905612485.1	S__TARA_ARC_108_MAG_00074	0.134506652722712
S__GCA_905614375.1	S__TARA_ARC_108_MAG_00074	0.112222682796401
S__GCA_905616395.1	S__TARA_ARC_108_MAG_00074	0.127813093043952
S__GCA_905618915.1	S__TARA_ARC_108_MAG_00074	0.165920553417319
S__GCA_905620445.1	S__TARA_ARC_108_MAG_00074	0.174313552209777
S__GCF_002954445.1	S__TARA_ARC_108_MAG_00074	0.118144102488801
S__GCF_012276695.1	S__TARA_ARC_108_MAG_00074	0.175632308064355
S__GCF_013407165.1	S__TARA_ARC_108_MAG_00074	0.122456458199828
S__TARA_ARC_108_MAG_00010	S__TARA_ARC_108_MAG_00074	0.12208612742318
S__TARA_ARC_108_MAG_00012	S__TARA_ARC_108_MAG_00074	0.117419686767491
S__TARA_ARC_108_MAG_00021	S__TARA_ARC_108_MAG_00074	0.184189798997517
S__TARA_ARC_108_MAG_00032	S__TARA_ARC_108_MAG_00074	0.212802861438906
S__TARA_ARC_108_MAG_00033	S__TARA_ARC_108_MAG_00074	0.155230142977146
S__TARA_ARC_108_MAG_00039	S__TARA_ARC_108_MAG_00074	0.213939072073163
S__TARA_ARC_108_MAG_00050	S__TARA_ARC_108_MAG_00074	0.197344352737402
S__TARA_ARC_108_MAG_00053	S__TARA_ARC_108_MAG_00074	0.212515838920479
S__TARA_ARC_108_MAG_00055	S__TARA_ARC_108_MAG_00074	0.21848868640827
S__TARA_ARC_108_MAG_00066	S__TARA_ARC_108_MAG_00074	0.164665772377402
S__3300027827_16	S__TARA_ARC_108_MAG_00082	0.122909611568511
S__GCA_002862985.1	S__TARA_ARC_108_MAG_00082	0.120552480589855
S__GCA_012960835.1	S__TARA_ARC_108_MAG_00082	0.134355464451391
S__GCA_014237975.1	S__TARA_ARC_108_MAG_00082	0.11688431663567
S__GCA_014238785.1	S__TARA_ARC_108_MAG_00082	0.11001539230761
S__GCA_018647945.1	S__TARA_ARC_108_MAG_00082	0.125862075920114
S__GCA_018658605.1	S__TARA_ARC_108_MAG_00082	0.11721072369759
S__GCA_018672475.1	S__TARA_ARC_108_MAG_00082	0.11395128807943
S__GCA_018696455.1	S__TARA_ARC_108_MAG_00082	0.10920852864675
S__GCA_905478185.1	S__TARA_ARC_108_MAG_00082	0.113449009204873
S__3300000179_4	S__TARA_ARC_108_MAG_00084	0.110919544264165
S__3300001683_21	S__TARA_ARC_108_MAG_00084	0.119457773349553
S__3300001683_28	S__TARA_ARC_108_MAG_00084	0.132620692180534
S__3300001683_31	S__TARA_ARC_108_MAG_00084	0.142615988304018
S__3300001683_4	S__TARA_ARC_108_MAG_00084	0.150068866276256
S__3300020303_5	S__TARA_ARC_108_MAG_00084	0.112811681381958
S__3300020389_17	S__TARA_ARC_108_MAG_00084	0.137067585450789
S__3300020389_47	S__TARA_ARC_108_MAG_00084	0.180307043193284
S__3300022920_20	S__TARA_ARC_108_MAG_00084	0.177261184416013
S__3300024058_15	S__TARA_ARC_108_MAG_00084	0.112046203805744
S__3300024516_18	S__TARA_ARC_108_MAG_00084	0.109538378067325
S__3300024516_26	S__TARA_ARC_108_MAG_00084	0.132054436523758
S__3300025892_34	S__TARA_ARC_108_MAG_00084	0.109459325810652
S__3300025894_53	S__TARA_ARC_108_MAG_00084	0.129856609321721
S__3300026087_14	S__TARA_ARC_108_MAG_00084	0.113051856319746
S__3300026119_8	S__TARA_ARC_108_MAG_00084	0.116824147424001
S__3300026264_29	S__TARA_ARC_108_MAG_00084	0.118629496405048
S__3300026267_11	S__TARA_ARC_108_MAG_00084	0.118896074522462
S__3300027668_18	S__TARA_ARC_108_MAG_00084	0.163542455512546
S__3300027685_11	S__TARA_ARC_108_MAG_00084	0.114013749832694
S__3300027685_16	S__TARA_ARC_108_MAG_00084	0.120820530998958
S__3300027685_31	S__TARA_ARC_108_MAG_00084	0.173101958164508
S__3300027685_36	S__TARA_ARC_108_MAG_00084	0.161319179888131
S__3300027687_7	S__TARA_ARC_108_MAG_00084	0.143226802583463
S__3300027700_13	S__TARA_ARC_108_MAG_00084	0.110244894996559
S__3300027752_17	S__TARA_ARC_108_MAG_00084	0.109409270822077
S__3300027771_26	S__TARA_ARC_108_MAG_00084	0.130177295249016
S__3300027779_22	S__TARA_ARC_108_MAG_00084	0.121260053664706
S__3300027779_26	S__TARA_ARC_108_MAG_00084	0.171683601480535
S__3300027779_27	S__TARA_ARC_108_MAG_00084	0.190667251685817
S__3300027780_12	S__TARA_ARC_108_MAG_00084	0.156958920721345
S__3300027788_10	S__TARA_ARC_108_MAG_00084	0.169790144715891
S__3300027791_27	S__TARA_ARC_108_MAG_00084	0.119996226875534
S__3300027801_21	S__TARA_ARC_108_MAG_00084	0.145596235088261
S__3300027801_7	S__TARA_ARC_108_MAG_00084	0.140583460533127
S__3300027810_12	S__TARA_ARC_108_MAG_00084	0.144162636402083
S__3300027827_16	S__TARA_ARC_108_MAG_00084	0.114054116769517
S__3300027838_66	S__TARA_ARC_108_MAG_00084	0.189341113110473
S__3300027838_7	S__TARA_ARC_108_MAG_00084	0.184025854305561
S__3300027844_42	S__TARA_ARC_108_MAG_00084	0.170572520946731
S__3300027844_60	S__TARA_ARC_108_MAG_00084	0.12949538765883
S__3300027844_72	S__TARA_ARC_108_MAG_00084	0.173514850243279
S__3300027844_79	S__TARA_ARC_108_MAG_00084	0.141799829913203
S__3300027847_13	S__TARA_ARC_108_MAG_00084	0.19759521949688
S__3300027847_80	S__TARA_ARC_108_MAG_00084	0.125439100706424
S__3300027849_41	S__TARA_ARC_108_MAG_00084	0.190592207262781
S__3300027883_17	S__TARA_ARC_108_MAG_00084	0.116403929013161
S__GCA_000213395.2	S__TARA_ARC_108_MAG_00084	0.151820361418357
S__GCA_000383355.1	S__TARA_ARC_108_MAG_00084	0.145811820551898
S__GCA_001643555.1	S__TARA_ARC_108_MAG_00084	0.1159402161218
S__GCA_002082295.1	S__TARA_ARC_108_MAG_00084	0.126668942850319
S__GCA_002313265.1	S__TARA_ARC_108_MAG_00084	0.108951801244982
S__GCA_002390675.1	S__TARA_ARC_108_MAG_00084	0.125433461171207
S__GCA_002401955.1	S__TARA_ARC_108_MAG_00084	0.128311981534315
S__GCA_002499015.1	S__TARA_ARC_108_MAG_00084	0.139588929238374
S__GCA_002505495.1	S__TARA_ARC_108_MAG_00084	0.139882814604982
S__GCA_002712885.1	S__TARA_ARC_108_MAG_00084	0.128781426401578
S__GCA_002862985.1	S__TARA_ARC_108_MAG_00084	0.143567867981439
S__GCA_003229345.1	S__TARA_ARC_108_MAG_00084	0.14599472681589
S__GCA_003230615.1	S__TARA_ARC_108_MAG_00084	0.124178669314066
S__GCA_003509045.1	S__TARA_ARC_108_MAG_00084	0.109719552690574
S__GCA_004195515.1	S__TARA_ARC_108_MAG_00084	0.120291768180473
S__GCA_004356895.1	S__TARA_ARC_108_MAG_00084	0.140464306676412
S__GCA_009936995.1	S__TARA_ARC_108_MAG_00084	0.127535548300766
S__GCA_009937205.1	S__TARA_ARC_108_MAG_00084	0.112661151941966
S__GCA_012959275.1	S__TARA_ARC_108_MAG_00084	0.152749993289725
S__GCA_012959435.1	S__TARA_ARC_108_MAG_00084	0.145037359692953
S__GCA_012959845.1	S__TARA_ARC_108_MAG_00084	0.157473537227118
S__GCA_012960805.1	S__TARA_ARC_108_MAG_00084	0.111859289931788
S__GCA_012960835.1	S__TARA_ARC_108_MAG_00084	0.19237253688673
S__GCA_012964335.1	S__TARA_ARC_108_MAG_00084	0.126439236097684
S__GCA_012965955.1	S__TARA_ARC_108_MAG_00084	0.120310013093563
S__GCA_012966015.1	S__TARA_ARC_108_MAG_00084	0.148737800356913
S__GCA_012974435.1	S__TARA_ARC_108_MAG_00084	0.110840393867377
S__GCA_013203245.1	S__TARA_ARC_108_MAG_00084	0.11004920951787
S__GCA_013214205.1	S__TARA_ARC_108_MAG_00084	0.116201727250677
S__GCA_013215285.1	S__TARA_ARC_108_MAG_00084	0.107978880101556
S__GCA_014237975.1	S__TARA_ARC_108_MAG_00084	0.167156324853101
S__GCA_014238335.1	S__TARA_ARC_108_MAG_00084	0.131475929934412
S__GCA_014238785.1	S__TARA_ARC_108_MAG_00084	0.173100289576163
S__GCA_014239685.1	S__TARA_ARC_108_MAG_00084	0.149900153809173
S__GCA_014382645.1	S__TARA_ARC_108_MAG_00084	0.132489548391725
S__GCA_014384445.1	S__TARA_ARC_108_MAG_00084	0.193856462748527
S__GCA_014384505.1	S__TARA_ARC_108_MAG_00084	0.108088398314133
S__GCA_015659595.1	S__TARA_ARC_108_MAG_00084	0.137093154249937
S__GCA_018645865.1	S__TARA_ARC_108_MAG_00084	0.175059874741176
S__GCA_018647945.1	S__TARA_ARC_108_MAG_00084	0.159700410341337
S__GCA_018658605.1	S__TARA_ARC_108_MAG_00084	0.149647232656085
S__GCA_018661165.1	S__TARA_ARC_108_MAG_00084	0.168573993599659
S__GCA_018666495.1	S__TARA_ARC_108_MAG_00084	0.179698276475747
S__GCA_018672475.1	S__TARA_ARC_108_MAG_00084	0.186478386801179
S__GCA_018675825.1	S__TARA_ARC_108_MAG_00084	0.150090243378292
S__GCA_018696455.1	S__TARA_ARC_108_MAG_00084	0.13366088930382
S__GCA_018699155.1	S__TARA_ARC_108_MAG_00084	0.117642038502082
S__GCA_018701395.1	S__TARA_ARC_108_MAG_00084	0.111660453585789
S__GCA_018702595.1	S__TARA_ARC_108_MAG_00084	0.14351550775685
S__GCA_902512375.1	S__TARA_ARC_108_MAG_00084	0.156671961571188
S__GCA_905181595.1	S__TARA_ARC_108_MAG_00084	0.108240972684677
S__GCA_905181615.1	S__TARA_ARC_108_MAG_00084	0.108587228048613
S__GCA_905181625.1	S__TARA_ARC_108_MAG_00084	0.13968404976998
S__GCA_905181635.1	S__TARA_ARC_108_MAG_00084	0.162011768963664
S__GCA_905181765.1	S__TARA_ARC_108_MAG_00084	0.113095731569986
S__GCA_905182125.1	S__TARA_ARC_108_MAG_00084	0.133111451844861
S__GCA_905182165.1	S__TARA_ARC_108_MAG_00084	0.175093506486761
S__GCA_905182195.1	S__TARA_ARC_108_MAG_00084	0.118109316586316
S__GCA_905182235.1	S__TARA_ARC_108_MAG_00084	0.168177128905026
S__GCA_905182305.1	S__TARA_ARC_108_MAG_00084	0.125665302148775
S__GCA_905182385.1	S__TARA_ARC_108_MAG_00084	0.196500329766584
S__GCA_905182415.1	S__TARA_ARC_108_MAG_00084	0.154214477434231
S__GCA_905182475.1	S__TARA_ARC_108_MAG_00084	0.113764252166185
S__GCA_905182525.1	S__TARA_ARC_108_MAG_00084	0.143419813385854
S__GCA_905182565.1	S__TARA_ARC_108_MAG_00084	0.181316361383097
S__GCA_905182715.1	S__TARA_ARC_108_MAG_00084	0.142001936462129
S__GCA_905182735.1	S__TARA_ARC_108_MAG_00084	0.126780600755935
S__GCA_905182795.1	S__TARA_ARC_108_MAG_00084	0.171559564134024
S__GCA_905182815.1	S__TARA_ARC_108_MAG_00084	0.117687110640531
S__GCA_905182835.1	S__TARA_ARC_108_MAG_00084	0.173018334669113
S__GCA_905182865.1	S__TARA_ARC_108_MAG_00084	0.130595995592683
S__GCA_905182885.1	S__TARA_ARC_108_MAG_00084	0.167570658722528
S__GCA_905182935.1	S__TARA_ARC_108_MAG_00084	0.140605070412671
S__GCA_905478325.1	S__TARA_ARC_108_MAG_00084	0.158837425099868
S__GCA_905478585.1	S__TARA_ARC_108_MAG_00084	0.13383500180975
S__GCA_905479195.1	S__TARA_ARC_108_MAG_00084	0.218286048760648
S__GCA_905480075.1	S__TARA_ARC_108_MAG_00084	0.14788128094099
S__GCA_905612275.1	S__TARA_ARC_108_MAG_00084	0.133831014163259
S__GCA_905612295.1	S__TARA_ARC_108_MAG_00084	0.125703788864122
S__GCA_905612305.1	S__TARA_ARC_108_MAG_00084	0.116077869850837
S__GCA_905612455.1	S__TARA_ARC_108_MAG_00084	0.117318807210245
S__GCA_905614375.1	S__TARA_ARC_108_MAG_00084	0.141654083846482
S__GCA_905616395.1	S__TARA_ARC_108_MAG_00084	0.117070190472835
S__GCA_905618915.1	S__TARA_ARC_108_MAG_00084	0.127375823627251
S__GCA_905620445.1	S__TARA_ARC_108_MAG_00084	0.203478179542906
S__GCF_002835935.1	S__TARA_ARC_108_MAG_00084	0.127758733476126
S__GCF_002943715.1	S__TARA_ARC_108_MAG_00084	0.126868823658493
S__GCF_012276695.1	S__TARA_ARC_108_MAG_00084	0.112229795539801
S__TARA_ARC_108_MAG_00012	S__TARA_ARC_108_MAG_00084	0.1464644322094
S__TARA_ARC_108_MAG_00021	S__TARA_ARC_108_MAG_00084	0.127980209390697
S__TARA_ARC_108_MAG_00032	S__TARA_ARC_108_MAG_00084	0.153511939070803
S__TARA_ARC_108_MAG_00033	S__TARA_ARC_108_MAG_00084	0.165454328274262
S__TARA_ARC_108_MAG_00039	S__TARA_ARC_108_MAG_00084	0.150258813610297
S__TARA_ARC_108_MAG_00044	S__TARA_ARC_108_MAG_00084	0.111331646286874
S__TARA_ARC_108_MAG_00050	S__TARA_ARC_108_MAG_00084	0.176565541299813
S__TARA_ARC_108_MAG_00053	S__TARA_ARC_108_MAG_00084	0.151393917828677
S__TARA_ARC_108_MAG_00055	S__TARA_ARC_108_MAG_00084	0.174935570144256
S__TARA_ARC_108_MAG_00066	S__TARA_ARC_108_MAG_00084	0.10788509598933
S__TARA_ARC_108_MAG_00074	S__TARA_ARC_108_MAG_00084	0.174361965773683
S__3300001683_28	S__TARA_ARC_108_MAG_00099	0.116233056981293
S__3300001683_4	S__TARA_ARC_108_MAG_00099	0.128091291702885
S__3300020389_17	S__TARA_ARC_108_MAG_00099	0.110237779073127
S__3300020389_47	S__TARA_ARC_108_MAG_00099	0.144202657063882
S__3300027668_18	S__TARA_ARC_108_MAG_00099	0.122812134152126
S__3300027685_31	S__TARA_ARC_108_MAG_00099	0.11911410240146
S__3300027779_22	S__TARA_ARC_108_MAG_00099	0.123619411462531
S__3300027779_27	S__TARA_ARC_108_MAG_00099	0.121141991745598
S__3300027780_12	S__TARA_ARC_108_MAG_00099	0.127860912133649
S__3300027801_21	S__TARA_ARC_108_MAG_00099	0.140549032368371
S__3300027838_66	S__TARA_ARC_108_MAG_00099	0.166988539056478
S__3300027838_7	S__TARA_ARC_108_MAG_00099	0.162276192201918
S__3300027844_72	S__TARA_ARC_108_MAG_00099	0.135849851448878
S__3300027844_79	S__TARA_ARC_108_MAG_00099	0.115626155567557
S__3300027847_13	S__TARA_ARC_108_MAG_00099	0.17456494163093
S__3300027849_41	S__TARA_ARC_108_MAG_00099	0.12973694656687
S__GCA_000213395.2	S__TARA_ARC_108_MAG_00099	0.140860562755708
S__GCA_002862985.1	S__TARA_ARC_108_MAG_00099	0.139325025960822
S__GCA_012960835.1	S__TARA_ARC_108_MAG_00099	0.182957173740966
S__GCA_012964335.1	S__TARA_ARC_108_MAG_00099	0.122017787330544
S__GCA_014237975.1	S__TARA_ARC_108_MAG_00099	0.134801930403116
S__GCA_014238785.1	S__TARA_ARC_108_MAG_00099	0.151086687382107
S__GCA_014239685.1	S__TARA_ARC_108_MAG_00099	0.108533926623173
S__GCA_014384445.1	S__TARA_ARC_108_MAG_00099	0.164924168608408
S__GCA_018645865.1	S__TARA_ARC_108_MAG_00099	0.142659768777003
S__GCA_018647945.1	S__TARA_ARC_108_MAG_00099	0.131412689505495
S__GCA_018658605.1	S__TARA_ARC_108_MAG_00099	0.123885114270021
S__GCA_018666495.1	S__TARA_ARC_108_MAG_00099	0.153408475803222
S__GCA_018672475.1	S__TARA_ARC_108_MAG_00099	0.19558744100515
S__GCA_902512375.1	S__TARA_ARC_108_MAG_00099	0.169017938663868
S__GCA_905182165.1	S__TARA_ARC_108_MAG_00099	0.169954958454292
S__GCA_905182235.1	S__TARA_ARC_108_MAG_00099	0.18187455644954
S__GCA_905182385.1	S__TARA_ARC_108_MAG_00099	0.144061418651344
S__GCA_905182565.1	S__TARA_ARC_108_MAG_00099	0.119507201610163
S__GCA_905182715.1	S__TARA_ARC_108_MAG_00099	0.111638309637034
S__GCA_905182795.1	S__TARA_ARC_108_MAG_00099	0.144408788289618
S__GCA_905182885.1	S__TARA_ARC_108_MAG_00099	0.161311783955767
S__GCA_905479195.1	S__TARA_ARC_108_MAG_00099	0.175903821237026
S__GCA_905620445.1	S__TARA_ARC_108_MAG_00099	0.151900469169856
S__TARA_ARC_108_MAG_00039	S__TARA_ARC_108_MAG_00099	0.164946765785699
S__TARA_ARC_108_MAG_00050	S__TARA_ARC_108_MAG_00099	0.158872165135373
S__TARA_ARC_108_MAG_00053	S__TARA_ARC_108_MAG_00099	0.131340139662861
S__TARA_ARC_108_MAG_00055	S__TARA_ARC_108_MAG_00099	0.155708471996462
S__TARA_ARC_108_MAG_00074	S__TARA_ARC_108_MAG_00099	0.177265674339922
S__TARA_ARC_108_MAG_00084	S__TARA_ARC_108_MAG_00099	0.161242676286852
S__3300001683_4	S__TARA_ARC_108_MAG_00105	0.111250726938756
S__3300020389_47	S__TARA_ARC_108_MAG_00105	0.121738325783819
S__3300025894_53	S__TARA_ARC_108_MAG_00105	0.109408497684919
S__3300027779_22	S__TARA_ARC_108_MAG_00105	0.127152802524745
S__3300027801_21	S__TARA_ARC_108_MAG_00105	0.120503945433576
S__3300027838_66	S__TARA_ARC_108_MAG_00105	0.134997983649503
S__3300027838_7	S__TARA_ARC_108_MAG_00105	0.136384228415469
S__3300027844_72	S__TARA_ARC_108_MAG_00105	0.114668525906509
S__3300027844_79	S__TARA_ARC_108_MAG_00105	0.11906931342415
S__3300027847_13	S__TARA_ARC_108_MAG_00105	0.146845974601203
S__GCA_000213395.2	S__TARA_ARC_108_MAG_00105	0.132744716859171
S__GCA_002862985.1	S__TARA_ARC_108_MAG_00105	0.125096340607001
S__GCA_012960835.1	S__TARA_ARC_108_MAG_00105	0.166621951453484
S__GCA_012964335.1	S__TARA_ARC_108_MAG_00105	0.134174503153851
S__GCA_014237975.1	S__TARA_ARC_108_MAG_00105	0.120528316782004
S__GCA_014238785.1	S__TARA_ARC_108_MAG_00105	0.132076092763786
S__GCA_014384445.1	S__TARA_ARC_108_MAG_00105	0.131091292789423
S__GCA_018645865.1	S__TARA_ARC_108_MAG_00105	0.113533022389055
S__GCA_018647945.1	S__TARA_ARC_108_MAG_00105	0.118396047135834
S__GCA_018658605.1	S__TARA_ARC_108_MAG_00105	0.109147197535049
S__GCA_018666495.1	S__TARA_ARC_108_MAG_00105	0.130514009952405
S__GCA_018672475.1	S__TARA_ARC_108_MAG_00105	0.177805505183694
S__GCA_902512375.1	S__TARA_ARC_108_MAG_00105	0.1653511966101
S__GCA_905182165.1	S__TARA_ARC_108_MAG_00105	0.134528447013767
S__GCA_905182235.1	S__TARA_ARC_108_MAG_00105	0.156631613188578
S__GCA_905182385.1	S__TARA_ARC_108_MAG_00105	0.111316493937458
S__GCA_905182795.1	S__TARA_ARC_108_MAG_00105	0.120653065033066
S__GCA_905182885.1	S__TARA_ARC_108_MAG_00105	0.139690821393944
S__GCA_905479195.1	S__TARA_ARC_108_MAG_00105	0.136164630292698
S__GCA_905620445.1	S__TARA_ARC_108_MAG_00105	0.111310951704617
S__TARA_ARC_108_MAG_00039	S__TARA_ARC_108_MAG_00105	0.160782346316033
S__TARA_ARC_108_MAG_00050	S__TARA_ARC_108_MAG_00105	0.121317145623126
S__TARA_ARC_108_MAG_00053	S__TARA_ARC_108_MAG_00105	0.122028662344164
S__TARA_ARC_108_MAG_00055	S__TARA_ARC_108_MAG_00105	0.137267950259596
S__TARA_ARC_108_MAG_00074	S__TARA_ARC_108_MAG_00105	0.15813277053259
S__TARA_ARC_108_MAG_00084	S__TARA_ARC_108_MAG_00105	0.121180128385299
S__3300001683_28	S__TARA_ARC_108_MAG_00110	0.115110878772352
S__3300001683_4	S__TARA_ARC_108_MAG_00110	0.120770030420152
S__3300020389_17	S__TARA_ARC_108_MAG_00110	0.111732086353422
S__3300020389_47	S__TARA_ARC_108_MAG_00110	0.136525357866783
S__3300027685_31	S__TARA_ARC_108_MAG_00110	0.113238798274108
S__3300027779_22	S__TARA_ARC_108_MAG_00110	0.134294551632746
S__3300027801_21	S__TARA_ARC_108_MAG_00110	0.137242951392508
S__3300027838_66	S__TARA_ARC_108_MAG_00110	0.149800176123677
S__3300027838_7	S__TARA_ARC_108_MAG_00110	0.157967838847365
S__3300027844_72	S__TARA_ARC_108_MAG_00110	0.132834856650339
S__3300027844_79	S__TARA_ARC_108_MAG_00110	0.136766081502319
S__3300027847_13	S__TARA_ARC_108_MAG_00110	0.168650544366127
S__GCA_000213395.2	S__TARA_ARC_108_MAG_00110	0.153138670763266
S__GCA_002862985.1	S__TARA_ARC_108_MAG_00110	0.145584811908311
S__GCA_012960805.1	S__TARA_ARC_108_MAG_00110	0.116629774192474
S__GCA_012960835.1	S__TARA_ARC_108_MAG_00110	0.193299319311024
S__GCA_012964335.1	S__TARA_ARC_108_MAG_00110	0.140537798419301
S__GCA_014237975.1	S__TARA_ARC_108_MAG_00110	0.142762482060697
S__GCA_014238785.1	S__TARA_ARC_108_MAG_00110	0.157836148714165
S__GCA_014239685.1	S__TARA_ARC_108_MAG_00110	0.11348206423226
S__GCA_014384445.1	S__TARA_ARC_108_MAG_00110	0.147994612478742
S__GCA_018645865.1	S__TARA_ARC_108_MAG_00110	0.130494873523455
S__GCA_018647945.1	S__TARA_ARC_108_MAG_00110	0.143746445712943
S__GCA_018658605.1	S__TARA_ARC_108_MAG_00110	0.133692082673374
S__GCA_018666495.1	S__TARA_ARC_108_MAG_00110	0.152220419856586
S__GCA_018672475.1	S__TARA_ARC_108_MAG_00110	0.195313424977022
S__GCA_902512375.1	S__TARA_ARC_108_MAG_00110	0.184361911049549
S__GCA_905182165.1	S__TARA_ARC_108_MAG_00110	0.149634576404551
S__GCA_905182235.1	S__TARA_ARC_108_MAG_00110	0.167623249512259
S__GCA_905182385.1	S__TARA_ARC_108_MAG_00110	0.117425292732311
S__GCA_905182795.1	S__TARA_ARC_108_MAG_00110	0.125572362491324
S__GCA_905182815.1	S__TARA_ARC_108_MAG_00110	0.11071594626045
S__GCA_905182885.1	S__TARA_ARC_108_MAG_00110	0.140746789862649
S__GCA_905479195.1	S__TARA_ARC_108_MAG_00110	0.149492556023758
S__GCA_905612305.1	S__TARA_ARC_108_MAG_00110	0.110854235541802
S__GCA_905620445.1	S__TARA_ARC_108_MAG_00110	0.111363604087981
S__TARA_ARC_108_MAG_00039	S__TARA_ARC_108_MAG_00110	0.172780927372988
S__TARA_ARC_108_MAG_00050	S__TARA_ARC_108_MAG_00110	0.134046424490184
S__TARA_ARC_108_MAG_00053	S__TARA_ARC_108_MAG_00110	0.144099128476616
S__TARA_ARC_108_MAG_00055	S__TARA_ARC_108_MAG_00110	0.161427120681296
S__TARA_ARC_108_MAG_00074	S__TARA_ARC_108_MAG_00110	0.180068811306175
S__TARA_ARC_108_MAG_00084	S__TARA_ARC_108_MAG_00110	0.127491277322441
S__3300000179_4	S__TARA_ARC_108_MAG_00128	0.16642767180444
S__3300001683_21	S__TARA_ARC_108_MAG_00128	0.131524938249842
S__3300001683_28	S__TARA_ARC_108_MAG_00128	0.20059207179952
S__3300001683_31	S__TARA_ARC_108_MAG_00128	0.17711487166347
S__3300001683_4	S__TARA_ARC_108_MAG_00128	0.232858485273226
S__3300006311_3	S__TARA_ARC_108_MAG_00128	0.125476081641298
S__3300020187_18	S__TARA_ARC_108_MAG_00128	0.156112747822532
S__3300020263_16	S__TARA_ARC_108_MAG_00128	0.152825778230048
S__3300020303_5	S__TARA_ARC_108_MAG_00128	0.146338004220926
S__3300020389_17	S__TARA_ARC_108_MAG_00128	0.219262819283954
S__3300020389_47	S__TARA_ARC_108_MAG_00128	0.219876472365535
S__3300022920_20	S__TARA_ARC_108_MAG_00128	0.157094603331505
S__3300024058_15	S__TARA_ARC_108_MAG_00128	0.130301333275433
S__3300024516_18	S__TARA_ARC_108_MAG_00128	0.174734858234655
S__3300024516_24	S__TARA_ARC_108_MAG_00128	0.124312525749802
S__3300024516_26	S__TARA_ARC_108_MAG_00128	0.195893468901397
S__3300024516_38	S__TARA_ARC_108_MAG_00128	0.12755831153895
S__3300025276_12	S__TARA_ARC_108_MAG_00128	0.141178646814968
S__3300025623_36	S__TARA_ARC_108_MAG_00128	0.136400110794357
S__3300025690_38	S__TARA_ARC_108_MAG_00128	0.144709120768161
S__3300025892_34	S__TARA_ARC_108_MAG_00128	0.158892859626614
S__3300025894_53	S__TARA_ARC_108_MAG_00128	0.172179494251169
S__3300026080_15	S__TARA_ARC_108_MAG_00128	0.126526704105413
S__3300026087_14	S__TARA_ARC_108_MAG_00128	0.12729544406205
S__3300026108_2	S__TARA_ARC_108_MAG_00128	0.171451791421305
S__3300026108_4	S__TARA_ARC_108_MAG_00128	0.141176535990413
S__3300026119_8	S__TARA_ARC_108_MAG_00128	0.171148453019076
S__3300026253_28	S__TARA_ARC_108_MAG_00128	0.111655388491125
S__3300026253_8	S__TARA_ARC_108_MAG_00128	0.162013867013336
S__3300026264_29	S__TARA_ARC_108_MAG_00128	0.15223386545348
S__3300026264_34	S__TARA_ARC_108_MAG_00128	0.118556216166438
S__3300026267_11	S__TARA_ARC_108_MAG_00128	0.170862949489526
S__3300027668_18	S__TARA_ARC_108_MAG_00128	0.223557283587023
S__3300027685_11	S__TARA_ARC_108_MAG_00128	0.141774290410206
S__3300027685_16	S__TARA_ARC_108_MAG_00128	0.174902008022553
S__3300027685_31	S__TARA_ARC_108_MAG_00128	0.204546571522072
S__3300027685_36	S__TARA_ARC_108_MAG_00128	0.199719029483172
S__3300027687_20	S__TARA_ARC_108_MAG_00128	0.129295117100083
S__3300027687_7	S__TARA_ARC_108_MAG_00128	0.147246097110152
S__3300027700_13	S__TARA_ARC_108_MAG_00128	0.150145950502699
S__3300027752_17	S__TARA_ARC_108_MAG_00128	0.169263426303846
S__3300027771_26	S__TARA_ARC_108_MAG_00128	0.23062728185371
S__3300027779_22	S__TARA_ARC_108_MAG_00128	0.175075230472168
S__3300027779_26	S__TARA_ARC_108_MAG_00128	0.149717594058719
S__3300027779_27	S__TARA_ARC_108_MAG_00128	0.174078390283218
S__3300027780_12	S__TARA_ARC_108_MAG_00128	0.229644398606594
S__3300027788_10	S__TARA_ARC_108_MAG_00128	0.193668893494642
S__3300027791_27	S__TARA_ARC_108_MAG_00128	0.15503287308923
S__3300027801_21	S__TARA_ARC_108_MAG_00128	0.230070507442385
S__3300027801_7	S__TARA_ARC_108_MAG_00128	0.180775552459692
S__3300027810_12	S__TARA_ARC_108_MAG_00128	0.161472852331628
S__3300027827_16	S__TARA_ARC_108_MAG_00128	0.202656926300585
S__3300027838_66	S__TARA_ARC_108_MAG_00128	0.231921827874527
S__3300027838_7	S__TARA_ARC_108_MAG_00128	0.239445969986885
S__3300027844_42	S__TARA_ARC_108_MAG_00128	0.173067567242859
S__3300027844_60	S__TARA_ARC_108_MAG_00128	0.112679459535175
S__3300027844_72	S__TARA_ARC_108_MAG_00128	0.233395729668226
S__3300027844_79	S__TARA_ARC_108_MAG_00128	0.219184547712393
S__3300027847_13	S__TARA_ARC_108_MAG_00128	0.239962360736147
S__3300027847_4	S__TARA_ARC_108_MAG_00128	0.151358750655296
S__3300027847_80	S__TARA_ARC_108_MAG_00128	0.166821348513828
S__3300027849_41	S__TARA_ARC_108_MAG_00128	0.204978932291747
S__3300027883_17	S__TARA_ARC_108_MAG_00128	0.1390357118511
S__3300027997_10	S__TARA_ARC_108_MAG_00128	0.178777428785569
S__GCA_000213395.2	S__TARA_ARC_108_MAG_00128	0.219398154936685
S__GCA_000383355.1	S__TARA_ARC_108_MAG_00128	0.192214253828554
S__GCA_000402075.1	S__TARA_ARC_108_MAG_00128	0.142765071503185
S__GCA_001437625.1	S__TARA_ARC_108_MAG_00128	0.139575019041018
S__GCA_001542995.1	S__TARA_ARC_108_MAG_00128	0.155887048808148
S__GCA_001543015.1	S__TARA_ARC_108_MAG_00128	0.140299692815046
S__GCA_001643555.1	S__TARA_ARC_108_MAG_00128	0.17204534243309
S__GCA_002082295.1	S__TARA_ARC_108_MAG_00128	0.163260976462037
S__GCA_002168195.1	S__TARA_ARC_108_MAG_00128	0.117045748463954
S__GCA_002313235.1	S__TARA_ARC_108_MAG_00128	0.155725800347223
S__GCA_002313265.1	S__TARA_ARC_108_MAG_00128	0.134487422150024
S__GCA_002317795.1	S__TARA_ARC_108_MAG_00128	0.133100248388913
S__GCA_002390675.1	S__TARA_ARC_108_MAG_00128	0.157073266296191
S__GCA_002401955.1	S__TARA_ARC_108_MAG_00128	0.211147885443696
S__GCA_002499015.1	S__TARA_ARC_108_MAG_00128	0.189252406752923
S__GCA_002505495.1	S__TARA_ARC_108_MAG_00128	0.120539620508415
S__GCA_002700285.1	S__TARA_ARC_108_MAG_00128	0.130261200871291
S__GCA_002712885.1	S__TARA_ARC_108_MAG_00128	0.181778352279333
S__GCA_002862985.1	S__TARA_ARC_108_MAG_00128	0.238516898378489
S__GCA_003228495.1	S__TARA_ARC_108_MAG_00128	0.117804766405971
S__GCA_003229345.1	S__TARA_ARC_108_MAG_00128	0.218505552709899
S__GCA_003230615.1	S__TARA_ARC_108_MAG_00128	0.19929530562195
S__GCA_003509045.1	S__TARA_ARC_108_MAG_00128	0.178804493783194
S__GCA_003526595.1	S__TARA_ARC_108_MAG_00128	0.109653474563047
S__GCA_003672175.1	S__TARA_ARC_108_MAG_00128	0.119594694960885
S__GCA_004356105.1	S__TARA_ARC_108_MAG_00128	0.118307823104389
S__GCA_004356455.1	S__TARA_ARC_108_MAG_00128	0.12847951632111
S__GCA_004356825.1	S__TARA_ARC_108_MAG_00128	0.130427451926165
S__GCA_004356895.1	S__TARA_ARC_108_MAG_00128	0.19571511634234
S__GCA_008974855.1	S__TARA_ARC_108_MAG_00128	0.145103757992834
S__GCA_009936995.1	S__TARA_ARC_108_MAG_00128	0.148302552736366
S__GCA_009937205.1	S__TARA_ARC_108_MAG_00128	0.191316790844523
S__GCA_012959275.1	S__TARA_ARC_108_MAG_00128	0.178021622892559
S__GCA_012959435.1	S__TARA_ARC_108_MAG_00128	0.131595062344786
S__GCA_012959845.1	S__TARA_ARC_108_MAG_00128	0.160939318854059
S__GCA_012960345.1	S__TARA_ARC_108_MAG_00128	0.119396519622863
S__GCA_012960505.1	S__TARA_ARC_108_MAG_00128	0.189282902459753
S__GCA_012960805.1	S__TARA_ARC_108_MAG_00128	0.18483061829063
S__GCA_012960835.1	S__TARA_ARC_108_MAG_00128	0.249645080916904
S__GCA_012964335.1	S__TARA_ARC_108_MAG_00128	0.186415994978781
S__GCA_012964845.1	S__TARA_ARC_108_MAG_00128	0.145565172780895
S__GCA_012965955.1	S__TARA_ARC_108_MAG_00128	0.117236984582983
S__GCA_012966015.1	S__TARA_ARC_108_MAG_00128	0.178315199653496
S__GCA_012974435.1	S__TARA_ARC_108_MAG_00128	0.166153317063034
S__GCA_013138675.1	S__TARA_ARC_108_MAG_00128	0.120783887531537
S__GCA_013203245.1	S__TARA_ARC_108_MAG_00128	0.123640682722259
S__GCA_013214205.1	S__TARA_ARC_108_MAG_00128	0.183029922952986
S__GCA_013215285.1	S__TARA_ARC_108_MAG_00128	0.164487730955565
S__GCA_013390475.1	S__TARA_ARC_108_MAG_00128	0.111979906240743
S__GCA_013911135.1	S__TARA_ARC_108_MAG_00128	0.148371797086745
S__GCA_014237975.1	S__TARA_ARC_108_MAG_00128	0.233977982519506
S__GCA_014238125.1	S__TARA_ARC_108_MAG_00128	0.13092332999756
S__GCA_014238335.1	S__TARA_ARC_108_MAG_00128	0.203897949206714
S__GCA_014238785.1	S__TARA_ARC_108_MAG_00128	0.243505385406245
S__GCA_014239685.1	S__TARA_ARC_108_MAG_00128	0.218825490899789
S__GCA_014240055.1	S__TARA_ARC_108_MAG_00128	0.152052946143484
S__GCA_014382645.1	S__TARA_ARC_108_MAG_00128	0.113480824672046
S__GCA_014384445.1	S__TARA_ARC_108_MAG_00128	0.232236302165454
S__GCA_014384505.1	S__TARA_ARC_108_MAG_00128	0.152712178837474
S__GCA_015659595.1	S__TARA_ARC_108_MAG_00128	0.191534094505899
S__GCA_016276965.1	S__TARA_ARC_108_MAG_00128	0.12998107849303
S__GCA_016776815.1	S__TARA_ARC_108_MAG_00128	0.157021836217502
S__GCA_016777225.1	S__TARA_ARC_108_MAG_00128	0.140173563923232
S__GCA_016838825.1	S__TARA_ARC_108_MAG_00128	0.119194987798995
S__GCA_018645865.1	S__TARA_ARC_108_MAG_00128	0.242023312987123
S__GCA_018647945.1	S__TARA_ARC_108_MAG_00128	0.235918181488479
S__GCA_018658605.1	S__TARA_ARC_108_MAG_00128	0.237844045884881
S__GCA_018661165.1	S__TARA_ARC_108_MAG_00128	0.1996991661582
S__GCA_018666495.1	S__TARA_ARC_108_MAG_00128	0.239541921280899
S__GCA_018672475.1	S__TARA_ARC_108_MAG_00128	0.232784377499499
S__GCA_018675825.1	S__TARA_ARC_108_MAG_00128	0.226160758788527
S__GCA_018696455.1	S__TARA_ARC_108_MAG_00128	0.206585087158896
S__GCA_018699155.1	S__TARA_ARC_108_MAG_00128	0.179280755538566
S__GCA_018701395.1	S__TARA_ARC_108_MAG_00128	0.136081616807565
S__GCA_018702595.1	S__TARA_ARC_108_MAG_00128	0.224561051957222
S__GCA_902512375.1	S__TARA_ARC_108_MAG_00128	0.222028183168904
S__GCA_902514095.1	S__TARA_ARC_108_MAG_00128	0.137059335911436
S__GCA_902608305.1	S__TARA_ARC_108_MAG_00128	0.115273092092819
S__GCA_905181595.1	S__TARA_ARC_108_MAG_00128	0.169513457578565
S__GCA_905181625.1	S__TARA_ARC_108_MAG_00128	0.13010454979124
S__GCA_905181635.1	S__TARA_ARC_108_MAG_00128	0.198210712980087
S__GCA_905181705.1	S__TARA_ARC_108_MAG_00128	0.172287525289744
S__GCA_905181765.1	S__TARA_ARC_108_MAG_00128	0.136045644497296
S__GCA_905182065.1	S__TARA_ARC_108_MAG_00128	0.131998778034804
S__GCA_905182125.1	S__TARA_ARC_108_MAG_00128	0.144259297475972
S__GCA_905182165.1	S__TARA_ARC_108_MAG_00128	0.246556303370026
S__GCA_905182235.1	S__TARA_ARC_108_MAG_00128	0.234154403897412
S__GCA_905182305.1	S__TARA_ARC_108_MAG_00128	0.127385354702327
S__GCA_905182385.1	S__TARA_ARC_108_MAG_00128	0.201922523851565
S__GCA_905182415.1	S__TARA_ARC_108_MAG_00128	0.140848423678934
S__GCA_905182435.1	S__TARA_ARC_108_MAG_00128	0.121851170596869
S__GCA_905182475.1	S__TARA_ARC_108_MAG_00128	0.173471566349252
S__GCA_905182525.1	S__TARA_ARC_108_MAG_00128	0.225599903841087
S__GCA_905182565.1	S__TARA_ARC_108_MAG_00128	0.201924083128781
S__GCA_905182715.1	S__TARA_ARC_108_MAG_00128	0.238784582510002
S__GCA_905182795.1	S__TARA_ARC_108_MAG_00128	0.211442372088094
S__GCA_905182815.1	S__TARA_ARC_108_MAG_00128	0.157152580983787
S__GCA_905182835.1	S__TARA_ARC_108_MAG_00128	0.171709895595991
S__GCA_905182865.1	S__TARA_ARC_108_MAG_00128	0.153848431245233
S__GCA_905182885.1	S__TARA_ARC_108_MAG_00128	0.196917935863501
S__GCA_905182935.1	S__TARA_ARC_108_MAG_00128	0.133119928414021
S__GCA_905478185.1	S__TARA_ARC_108_MAG_00128	0.168045798065258
S__GCA_905478325.1	S__TARA_ARC_108_MAG_00128	0.205694213216463
S__GCA_905478585.1	S__TARA_ARC_108_MAG_00128	0.229794249802341
S__GCA_905479195.1	S__TARA_ARC_108_MAG_00128	0.222785801093178
S__GCA_905480075.1	S__TARA_ARC_108_MAG_00128	0.212356309976356
S__GCA_905480095.1	S__TARA_ARC_108_MAG_00128	0.158585802424483
S__GCA_905612275.1	S__TARA_ARC_108_MAG_00128	0.212318819220572
S__GCA_905612295.1	S__TARA_ARC_108_MAG_00128	0.175257852649856
S__GCA_905612305.1	S__TARA_ARC_108_MAG_00128	0.195299838823034
S__GCA_905612455.1	S__TARA_ARC_108_MAG_00128	0.200712514692005
S__GCA_905612485.1	S__TARA_ARC_108_MAG_00128	0.158847306623606
S__GCA_905614375.1	S__TARA_ARC_108_MAG_00128	0.125571422706856
S__GCA_905616395.1	S__TARA_ARC_108_MAG_00128	0.142115456947866
S__GCA_905618915.1	S__TARA_ARC_108_MAG_00128	0.189092030357921
S__GCA_905620445.1	S__TARA_ARC_108_MAG_00128	0.200299486828909
S__GCF_002835935.1	S__TARA_ARC_108_MAG_00128	0.118003284713962
S__GCF_002943715.1	S__TARA_ARC_108_MAG_00128	0.116747160003999
S__GCF_002954445.1	S__TARA_ARC_108_MAG_00128	0.120011764816925
S__GCF_003326015.1	S__TARA_ARC_108_MAG_00128	0.122558676418897
S__GCF_012276695.1	S__TARA_ARC_108_MAG_00128	0.18127974803607
S__GCF_013407165.1	S__TARA_ARC_108_MAG_00128	0.145045905646009
S__TARA_ANE_MAG_00034	S__TARA_ARC_108_MAG_00128	0.112072111722433
S__TARA_AON_82_MAG_00120	S__TARA_ARC_108_MAG_00128	0.128968945247804
S__TARA_ARC_108_MAG_00010	S__TARA_ARC_108_MAG_00128	0.153532697231071
S__TARA_ARC_108_MAG_00012	S__TARA_ARC_108_MAG_00128	0.13402368924714
S__TARA_ARC_108_MAG_00021	S__TARA_ARC_108_MAG_00128	0.185982319007724
S__TARA_ARC_108_MAG_00032	S__TARA_ARC_108_MAG_00128	0.220289791625178
S__TARA_ARC_108_MAG_00033	S__TARA_ARC_108_MAG_00128	0.167497998435514
S__TARA_ARC_108_MAG_00039	S__TARA_ARC_108_MAG_00128	0.224632888007845
S__TARA_ARC_108_MAG_00050	S__TARA_ARC_108_MAG_00128	0.234598255299217
S__TARA_ARC_108_MAG_00053	S__TARA_ARC_108_MAG_00128	0.231708521122009
S__TARA_ARC_108_MAG_00055	S__TARA_ARC_108_MAG_00128	0.237851269721858
S__TARA_ARC_108_MAG_00066	S__TARA_ARC_108_MAG_00128	0.165796545386998
S__TARA_ARC_108_MAG_00074	S__TARA_ARC_108_MAG_00128	0.238850436360501
S__TARA_ARC_108_MAG_00082	S__TARA_ARC_108_MAG_00128	0.124170308023618
S__TARA_ARC_108_MAG_00084	S__TARA_ARC_108_MAG_00128	0.202458350520926
S__TARA_ARC_108_MAG_00099	S__TARA_ARC_108_MAG_00128	0.187442205674798
S__TARA_ARC_108_MAG_00105	S__TARA_ARC_108_MAG_00128	0.151108108533598
S__TARA_ARC_108_MAG_00110	S__TARA_ARC_108_MAG_00128	0.176342110098814
S__3300001683_28	S__TARA_ARC_108_MAG_00146	0.115591100324231
S__3300020187_18	S__TARA_ARC_108_MAG_00146	0.124687212395657
S__3300020263_16	S__TARA_ARC_108_MAG_00146	0.126652358917137
S__3300020389_47	S__TARA_ARC_108_MAG_00146	0.116658251283043
S__3300024516_38	S__TARA_ARC_108_MAG_00146	0.108243740465276
S__3300026253_8	S__TARA_ARC_108_MAG_00146	0.145219629337514
S__3300027752_17	S__TARA_ARC_108_MAG_00146	0.140805603432041
S__3300027779_22	S__TARA_ARC_108_MAG_00146	0.165827650147945
S__3300027791_27	S__TARA_ARC_108_MAG_00146	0.115293369850064
S__3300027801_21	S__TARA_ARC_108_MAG_00146	0.134545634286691
S__3300027827_16	S__TARA_ARC_108_MAG_00146	0.108405848666542
S__3300027838_66	S__TARA_ARC_108_MAG_00146	0.129019808155985
S__3300027838_7	S__TARA_ARC_108_MAG_00146	0.135243618537509
S__3300027844_72	S__TARA_ARC_108_MAG_00146	0.112125410969868
S__3300027844_79	S__TARA_ARC_108_MAG_00146	0.118168817270999
S__3300027847_13	S__TARA_ARC_108_MAG_00146	0.141734957898755
S__GCA_000213395.2	S__TARA_ARC_108_MAG_00146	0.136691450533776
S__GCA_001437625.1	S__TARA_ARC_108_MAG_00146	0.130218204778208
S__GCA_002862985.1	S__TARA_ARC_108_MAG_00146	0.130481733137597
S__GCA_012960805.1	S__TARA_ARC_108_MAG_00146	0.13804068024391
S__GCA_012960835.1	S__TARA_ARC_108_MAG_00146	0.166816659535168
S__GCA_012964335.1	S__TARA_ARC_108_MAG_00146	0.144878922498839
S__GCA_014237975.1	S__TARA_ARC_108_MAG_00146	0.120583645114773
S__GCA_014238785.1	S__TARA_ARC_108_MAG_00146	0.133149262491643
S__GCA_014384445.1	S__TARA_ARC_108_MAG_00146	0.125601315881079
S__GCA_014384505.1	S__TARA_ARC_108_MAG_00146	0.124088383364748
S__GCA_018645865.1	S__TARA_ARC_108_MAG_00146	0.110727549293924
S__GCA_018647945.1	S__TARA_ARC_108_MAG_00146	0.120824257056167
S__GCA_018658605.1	S__TARA_ARC_108_MAG_00146	0.115696850798451
S__GCA_018666495.1	S__TARA_ARC_108_MAG_00146	0.128496529626636
S__GCA_018672475.1	S__TARA_ARC_108_MAG_00146	0.175271496772556
S__GCA_902512375.1	S__TARA_ARC_108_MAG_00146	0.164779298628357
S__GCA_905181765.1	S__TARA_ARC_108_MAG_00146	0.111497395627741
S__GCA_905182165.1	S__TARA_ARC_108_MAG_00146	0.133014993629645
S__GCA_905182235.1	S__TARA_ARC_108_MAG_00146	0.154461065697905
S__GCA_905182795.1	S__TARA_ARC_108_MAG_00146	0.115939033008627
S__GCA_905182815.1	S__TARA_ARC_108_MAG_00146	0.142732762376106
S__GCA_905182885.1	S__TARA_ARC_108_MAG_00146	0.124100611154418
S__GCA_905479195.1	S__TARA_ARC_108_MAG_00146	0.127351355331282
S__GCA_905612305.1	S__TARA_ARC_108_MAG_00146	0.118925241889734
S__TARA_ARC_108_MAG_00039	S__TARA_ARC_108_MAG_00146	0.159664841583352
S__TARA_ARC_108_MAG_00050	S__TARA_ARC_108_MAG_00146	0.116230727622647
S__TARA_ARC_108_MAG_00053	S__TARA_ARC_108_MAG_00146	0.122268462921241
S__TARA_ARC_108_MAG_00055	S__TARA_ARC_108_MAG_00146	0.136334893301233
S__TARA_ARC_108_MAG_00066	S__TARA_ARC_108_MAG_00146	0.115789676687905
S__TARA_ARC_108_MAG_00074	S__TARA_ARC_108_MAG_00146	0.153965132192792
S__TARA_ARC_108_MAG_00128	S__TARA_ARC_108_MAG_00146	0.150901467040359
S__3300020317_19	S__TARA_ARC_108_MAG_00181	0.136745954851217
S__3300028197_7	S__TARA_ARC_108_MAG_00181	0.117800144824071
S__TARA_ARC_108_MAG_00037	S__TARA_ARC_108_MAG_00198	0.114275868626407
S__3300000179_4	S__TARA_ARC_108_MAG_00202	0.124526909411698
S__3300001683_28	S__TARA_ARC_108_MAG_00202	0.142481306846829
S__3300001683_31	S__TARA_ARC_108_MAG_00202	0.133982713035445
S__3300001683_4	S__TARA_ARC_108_MAG_00202	0.161269175612279
S__3300020187_18	S__TARA_ARC_108_MAG_00202	0.110830233670246
S__3300020263_16	S__TARA_ARC_108_MAG_00202	0.11005267604443
S__3300020303_5	S__TARA_ARC_108_MAG_00202	0.115867208134285
S__3300020389_17	S__TARA_ARC_108_MAG_00202	0.157992379594086
S__3300020389_47	S__TARA_ARC_108_MAG_00202	0.184356291628555
S__3300022920_20	S__TARA_ARC_108_MAG_00202	0.122675369178889
S__3300024516_18	S__TARA_ARC_108_MAG_00202	0.118393180131213
S__3300024516_26	S__TARA_ARC_108_MAG_00202	0.134273972246497
S__3300025623_36	S__TARA_ARC_108_MAG_00202	0.111167300455403
S__3300025690_38	S__TARA_ARC_108_MAG_00202	0.112326301494186
S__3300025892_34	S__TARA_ARC_108_MAG_00202	0.123744329989938
S__3300025894_53	S__TARA_ARC_108_MAG_00202	0.121150955577045
S__3300026108_2	S__TARA_ARC_108_MAG_00202	0.116098721599745
S__3300026108_4	S__TARA_ARC_108_MAG_00202	0.112036948055665
S__3300026119_8	S__TARA_ARC_108_MAG_00202	0.116547866174429
S__3300026253_8	S__TARA_ARC_108_MAG_00202	0.116565083711556
S__3300026264_29	S__TARA_ARC_108_MAG_00202	0.120334007421819
S__3300026267_11	S__TARA_ARC_108_MAG_00202	0.13439751022668
S__3300027668_18	S__TARA_ARC_108_MAG_00202	0.159846007766557
S__3300027685_16	S__TARA_ARC_108_MAG_00202	0.126108516237556
S__3300027685_31	S__TARA_ARC_108_MAG_00202	0.158874647079622
S__3300027685_36	S__TARA_ARC_108_MAG_00202	0.15380819339973
S__3300027687_7	S__TARA_ARC_108_MAG_00202	0.10941117612599
S__3300027700_13	S__TARA_ARC_108_MAG_00202	0.110307173345975
S__3300027752_17	S__TARA_ARC_108_MAG_00202	0.12020569567915
S__3300027771_26	S__TARA_ARC_108_MAG_00202	0.162264512448348
S__3300027779_22	S__TARA_ARC_108_MAG_00202	0.125156888012412
S__3300027779_26	S__TARA_ARC_108_MAG_00202	0.11805602749152
S__3300027779_27	S__TARA_ARC_108_MAG_00202	0.134827443248706
S__3300027780_12	S__TARA_ARC_108_MAG_00202	0.16382904252144
S__3300027788_10	S__TARA_ARC_108_MAG_00202	0.142920305200815
S__3300027791_27	S__TARA_ARC_108_MAG_00202	0.112206166705166
S__3300027801_21	S__TARA_ARC_108_MAG_00202	0.165306400824552
S__3300027801_7	S__TARA_ARC_108_MAG_00202	0.133931977990661
S__3300027810_12	S__TARA_ARC_108_MAG_00202	0.119435345594921
S__3300027827_16	S__TARA_ARC_108_MAG_00202	0.144694562725436
S__3300027838_66	S__TARA_ARC_108_MAG_00202	0.195578416194491
S__3300027838_7	S__TARA_ARC_108_MAG_00202	0.21475526540228
S__3300027844_42	S__TARA_ARC_108_MAG_00202	0.13040488861326
S__3300027844_72	S__TARA_ARC_108_MAG_00202	0.181086748134748
S__3300027844_79	S__TARA_ARC_108_MAG_00202	0.15670062340245
S__3300027847_13	S__TARA_ARC_108_MAG_00202	0.221389530725073
S__3300027847_80	S__TARA_ARC_108_MAG_00202	0.119440164776069
S__3300027849_41	S__TARA_ARC_108_MAG_00202	0.152483772937371
S__3300027997_10	S__TARA_ARC_108_MAG_00202	0.124636643055219
S__GCA_000213395.2	S__TARA_ARC_108_MAG_00202	0.180771938820756
S__GCA_000383355.1	S__TARA_ARC_108_MAG_00202	0.138398562361335
S__GCA_000402075.1	S__TARA_ARC_108_MAG_00202	0.109616261537372
S__GCA_001542995.1	S__TARA_ARC_108_MAG_00202	0.109558566171603
S__GCA_001643555.1	S__TARA_ARC_108_MAG_00202	0.123034924577015
S__GCA_002082295.1	S__TARA_ARC_108_MAG_00202	0.120675449076679
S__GCA_002313235.1	S__TARA_ARC_108_MAG_00202	0.111924167034212
S__GCA_002390675.1	S__TARA_ARC_108_MAG_00202	0.114746345448413
S__GCA_002401955.1	S__TARA_ARC_108_MAG_00202	0.149596825772253
S__GCA_002499015.1	S__TARA_ARC_108_MAG_00202	0.134972794499302
S__GCA_002712885.1	S__TARA_ARC_108_MAG_00202	0.127134613446146
S__GCA_002862985.1	S__TARA_ARC_108_MAG_00202	0.179404972203205
S__GCA_003229345.1	S__TARA_ARC_108_MAG_00202	0.14886183793927
S__GCA_003230615.1	S__TARA_ARC_108_MAG_00202	0.137916102934682
S__GCA_003509045.1	S__TARA_ARC_108_MAG_00202	0.132170377808755
S__GCA_004356895.1	S__TARA_ARC_108_MAG_00202	0.135729496795113
S__GCA_009936995.1	S__TARA_ARC_108_MAG_00202	0.110217745543307
S__GCA_009937205.1	S__TARA_ARC_108_MAG_00202	0.137707865440188
S__GCA_012959275.1	S__TARA_ARC_108_MAG_00202	0.139382456389885
S__GCA_012959845.1	S__TARA_ARC_108_MAG_00202	0.128438606603415
S__GCA_012960505.1	S__TARA_ARC_108_MAG_00202	0.137248095117169
S__GCA_012960805.1	S__TARA_ARC_108_MAG_00202	0.131580334599071
S__GCA_012960835.1	S__TARA_ARC_108_MAG_00202	0.230385155269784
S__GCA_012964335.1	S__TARA_ARC_108_MAG_00202	0.133267559462633
S__GCA_012964845.1	S__TARA_ARC_108_MAG_00202	0.107924306186633
S__GCA_012966015.1	S__TARA_ARC_108_MAG_00202	0.127442112813956
S__GCA_012974435.1	S__TARA_ARC_108_MAG_00202	0.115758772167891
S__GCA_013214205.1	S__TARA_ARC_108_MAG_00202	0.144838413018868
S__GCA_013215285.1	S__TARA_ARC_108_MAG_00202	0.115963819759211
S__GCA_014237975.1	S__TARA_ARC_108_MAG_00202	0.201174778272794
S__GCA_014238335.1	S__TARA_ARC_108_MAG_00202	0.149254541275173
S__GCA_014238785.1	S__TARA_ARC_108_MAG_00202	0.203184881685732
S__GCA_014239685.1	S__TARA_ARC_108_MAG_00202	0.159386944568008
S__GCA_014240055.1	S__TARA_ARC_108_MAG_00202	0.12029462814745
S__GCA_014384445.1	S__TARA_ARC_108_MAG_00202	0.196613983749806
S__GCA_014384505.1	S__TARA_ARC_108_MAG_00202	0.111082052189717
S__GCA_015659595.1	S__TARA_ARC_108_MAG_00202	0.136293752206572
S__GCA_016776815.1	S__TARA_ARC_108_MAG_00202	0.116651071923886
S__GCA_018645865.1	S__TARA_ARC_108_MAG_00202	0.193472256332953
S__GCA_018647945.1	S__TARA_ARC_108_MAG_00202	0.197810118357768
S__GCA_018658605.1	S__TARA_ARC_108_MAG_00202	0.186118937256675
S__GCA_018661165.1	S__TARA_ARC_108_MAG_00202	0.148592514724419
S__GCA_018666495.1	S__TARA_ARC_108_MAG_00202	0.204152563252151
S__GCA_018672475.1	S__TARA_ARC_108_MAG_00202	0.216470743711254
S__GCA_018675825.1	S__TARA_ARC_108_MAG_00202	0.170112563943722
S__GCA_018696455.1	S__TARA_ARC_108_MAG_00202	0.158661047095595
S__GCA_018699155.1	S__TARA_ARC_108_MAG_00202	0.139734203540129
S__GCA_018701395.1	S__TARA_ARC_108_MAG_00202	0.110437103752555
S__GCA_018702595.1	S__TARA_ARC_108_MAG_00202	0.16687167124473
S__GCA_902512375.1	S__TARA_ARC_108_MAG_00202	0.185303883776364
S__GCA_905181595.1	S__TARA_ARC_108_MAG_00202	0.122606781917544
S__GCA_905181635.1	S__TARA_ARC_108_MAG_00202	0.146198123980494
S__GCA_905181705.1	S__TARA_ARC_108_MAG_00202	0.129474136232512
S__GCA_905182125.1	S__TARA_ARC_108_MAG_00202	0.112632410953592
S__GCA_905182165.1	S__TARA_ARC_108_MAG_00202	0.202940758083531
S__GCA_905182235.1	S__TARA_ARC_108_MAG_00202	0.192021935517038
S__GCA_905182385.1	S__TARA_ARC_108_MAG_00202	0.162293773986723
S__GCA_905182415.1	S__TARA_ARC_108_MAG_00202	0.111560711089318
S__GCA_905182475.1	S__TARA_ARC_108_MAG_00202	0.121956864991086
S__GCA_905182525.1	S__TARA_ARC_108_MAG_00202	0.167040451550348
S__GCA_905182565.1	S__TARA_ARC_108_MAG_00202	0.153717244001827
S__GCA_905182715.1	S__TARA_ARC_108_MAG_00202	0.16997042117038
S__GCA_905182795.1	S__TARA_ARC_108_MAG_00202	0.154348942014578
S__GCA_905182815.1	S__TARA_ARC_108_MAG_00202	0.11458485680245
S__GCA_905182835.1	S__TARA_ARC_108_MAG_00202	0.130055348227599
S__GCA_905182865.1	S__TARA_ARC_108_MAG_00202	0.113172844000672
S__GCA_905182885.1	S__TARA_ARC_108_MAG_00202	0.144380962672151
S__GCA_905182935.1	S__TARA_ARC_108_MAG_00202	0.110261108776631
S__GCA_905478185.1	S__TARA_ARC_108_MAG_00202	0.119625581514276
S__GCA_905478325.1	S__TARA_ARC_108_MAG_00202	0.157359106466626
S__GCA_905478585.1	S__TARA_ARC_108_MAG_00202	0.162328213108285
S__GCA_905479195.1	S__TARA_ARC_108_MAG_00202	0.210301990405009
S__GCA_905480075.1	S__TARA_ARC_108_MAG_00202	0.161455997529456
S__GCA_905480095.1	S__TARA_ARC_108_MAG_00202	0.117283197159322
S__GCA_905612275.1	S__TARA_ARC_108_MAG_00202	0.151205062015581
S__GCA_905612295.1	S__TARA_ARC_108_MAG_00202	0.125904217956923
S__GCA_905612305.1	S__TARA_ARC_108_MAG_00202	0.137955551655908
S__GCA_905612455.1	S__TARA_ARC_108_MAG_00202	0.142867412281899
S__GCA_905612485.1	S__TARA_ARC_108_MAG_00202	0.1227484456986
S__GCA_905616395.1	S__TARA_ARC_108_MAG_00202	0.108564762915282
S__GCA_905618915.1	S__TARA_ARC_108_MAG_00202	0.133746089872885
S__GCA_905620445.1	S__TARA_ARC_108_MAG_00202	0.155445452070725
S__GCF_012276695.1	S__TARA_ARC_108_MAG_00202	0.129889231829124
S__TARA_ARC_108_MAG_00010	S__TARA_ARC_108_MAG_00202	0.114717590173674
S__TARA_ARC_108_MAG_00021	S__TARA_ARC_108_MAG_00202	0.132998069644219
S__TARA_ARC_108_MAG_00032	S__TARA_ARC_108_MAG_00202	0.155254435293512
S__TARA_ARC_108_MAG_00033	S__TARA_ARC_108_MAG_00202	0.126488288367377
S__TARA_ARC_108_MAG_00039	S__TARA_ARC_108_MAG_00202	0.176320684233093
S__TARA_ARC_108_MAG_00050	S__TARA_ARC_108_MAG_00202	0.18316000942943
S__TARA_ARC_108_MAG_00053	S__TARA_ARC_108_MAG_00202	0.1724579488731
S__TARA_ARC_108_MAG_00055	S__TARA_ARC_108_MAG_00202	0.201125136320057
S__TARA_ARC_108_MAG_00066	S__TARA_ARC_108_MAG_00202	0.120345384379673
S__TARA_ARC_108_MAG_00074	S__TARA_ARC_108_MAG_00202	0.200114151164652
S__TARA_ARC_108_MAG_00084	S__TARA_ARC_108_MAG_00202	0.169488919028732
S__TARA_ARC_108_MAG_00099	S__TARA_ARC_108_MAG_00202	0.137020452190425
S__TARA_ARC_108_MAG_00105	S__TARA_ARC_108_MAG_00202	0.109273184287578
S__TARA_ARC_108_MAG_00110	S__TARA_ARC_108_MAG_00202	0.12566950143054
S__TARA_ARC_108_MAG_00128	S__TARA_ARC_108_MAG_00202	0.240020922992772
S__TARA_ARC_108_MAG_00146	S__TARA_ARC_108_MAG_00202	0.108502072874322
S__3300000179_4	S__TARA_ARC_108_MAG_00205	0.107971466023027
S__3300001683_28	S__TARA_ARC_108_MAG_00205	0.149899907905058
S__3300001683_31	S__TARA_ARC_108_MAG_00205	0.114971514051628
S__3300001683_4	S__TARA_ARC_108_MAG_00205	0.154772139465805
S__3300020187_18	S__TARA_ARC_108_MAG_00205	0.130351225971668
S__3300020263_16	S__TARA_ARC_108_MAG_00205	0.126935915825853
S__3300020389_17	S__TARA_ARC_108_MAG_00205	0.148831107790596
S__3300020389_47	S__TARA_ARC_108_MAG_00205	0.166532791984164
S__3300024516_18	S__TARA_ARC_108_MAG_00205	0.118641635702102
S__3300024516_26	S__TARA_ARC_108_MAG_00205	0.143376551330434
S__3300024516_38	S__TARA_ARC_108_MAG_00205	0.107994700471118
S__3300025276_12	S__TARA_ARC_108_MAG_00205	0.12034651558267
S__3300025894_53	S__TARA_ARC_108_MAG_00205	0.154225172891156
S__3300026108_2	S__TARA_ARC_108_MAG_00205	0.123037582440795
S__3300026119_8	S__TARA_ARC_108_MAG_00205	0.122709116643369
S__3300026253_8	S__TARA_ARC_108_MAG_00205	0.130534697199072
S__3300026267_11	S__TARA_ARC_108_MAG_00205	0.111025204724598
S__3300027668_18	S__TARA_ARC_108_MAG_00205	0.143644551099126
S__3300027685_16	S__TARA_ARC_108_MAG_00205	0.112944233963596
S__3300027685_31	S__TARA_ARC_108_MAG_00205	0.136788986132611
S__3300027685_36	S__TARA_ARC_108_MAG_00205	0.123543575588089
S__3300027687_20	S__TARA_ARC_108_MAG_00205	0.114058233797487
S__3300027752_17	S__TARA_ARC_108_MAG_00205	0.136899890265744
S__3300027771_26	S__TARA_ARC_108_MAG_00205	0.135295944064481
S__3300027779_22	S__TARA_ARC_108_MAG_00205	0.146374330033846
S__3300027779_27	S__TARA_ARC_108_MAG_00205	0.114865001489625
S__3300027780_12	S__TARA_ARC_108_MAG_00205	0.146270591639261
S__3300027788_10	S__TARA_ARC_108_MAG_00205	0.129702080012995
S__3300027791_27	S__TARA_ARC_108_MAG_00205	0.13687958356787
S__3300027801_21	S__TARA_ARC_108_MAG_00205	0.166012897125504
S__3300027801_7	S__TARA_ARC_108_MAG_00205	0.136455238311559
S__3300027810_12	S__TARA_ARC_108_MAG_00205	0.141659480358468
S__3300027827_16	S__TARA_ARC_108_MAG_00205	0.141010303870931
S__3300027838_66	S__TARA_ARC_108_MAG_00205	0.173317324268658
S__3300027838_7	S__TARA_ARC_108_MAG_00205	0.192909116290559
S__3300027844_42	S__TARA_ARC_108_MAG_00205	0.121182680562513
S__3300027844_72	S__TARA_ARC_108_MAG_00205	0.159647623693298
S__3300027844_79	S__TARA_ARC_108_MAG_00205	0.167766477355763
S__3300027847_13	S__TARA_ARC_108_MAG_00205	0.205465969937416
S__3300027847_80	S__TARA_ARC_108_MAG_00205	0.12459413038871
S__3300027849_41	S__TARA_ARC_108_MAG_00205	0.133279374877065
S__3300027883_17	S__TARA_ARC_108_MAG_00205	0.113540068193714
S__3300027997_10	S__TARA_ARC_108_MAG_00205	0.120188636499739
S__GCA_000213395.2	S__TARA_ARC_108_MAG_00205	0.18190790914469
S__GCA_000383355.1	S__TARA_ARC_108_MAG_00205	0.139140393555995
S__GCA_001437625.1	S__TARA_ARC_108_MAG_00205	0.123724633309307
S__GCA_001643555.1	S__TARA_ARC_108_MAG_00205	0.110313422295122
S__GCA_002082295.1	S__TARA_ARC_108_MAG_00205	0.12744263580121
S__GCA_002390675.1	S__TARA_ARC_108_MAG_00205	0.112978558486626
S__GCA_002401955.1	S__TARA_ARC_108_MAG_00205	0.142507240296396
S__GCA_002499015.1	S__TARA_ARC_108_MAG_00205	0.14690510335004
S__GCA_002712885.1	S__TARA_ARC_108_MAG_00205	0.129711305057664
S__GCA_002862985.1	S__TARA_ARC_108_MAG_00205	0.174321481486755
S__GCA_003229345.1	S__TARA_ARC_108_MAG_00205	0.144981446753604
S__GCA_003230615.1	S__TARA_ARC_108_MAG_00205	0.134296427247249
S__GCA_003509045.1	S__TARA_ARC_108_MAG_00205	0.123009340760813
S__GCA_004356825.1	S__TARA_ARC_108_MAG_00205	0.108627922816893
S__GCA_004356895.1	S__TARA_ARC_108_MAG_00205	0.145612679507038
S__GCA_009936995.1	S__TARA_ARC_108_MAG_00205	0.1083938370372
S__GCA_009937205.1	S__TARA_ARC_108_MAG_00205	0.14068394870441
S__GCA_012959275.1	S__TARA_ARC_108_MAG_00205	0.118375639376367
S__GCA_012960505.1	S__TARA_ARC_108_MAG_00205	0.112082913696836
S__GCA_012960805.1	S__TARA_ARC_108_MAG_00205	0.145446645004703
S__GCA_012960835.1	S__TARA_ARC_108_MAG_00205	0.234440082187127
S__GCA_012964335.1	S__TARA_ARC_108_MAG_00205	0.153049998540951
S__GCA_012966015.1	S__TARA_ARC_108_MAG_00205	0.150704050290382
S__GCA_013214205.1	S__TARA_ARC_108_MAG_00205	0.115029184501354
S__GCA_013215285.1	S__TARA_ARC_108_MAG_00205	0.124122456508005
S__GCA_013911135.1	S__TARA_ARC_108_MAG_00205	0.109360543870589
S__GCA_014237975.1	S__TARA_ARC_108_MAG_00205	0.179505796540254
S__GCA_014238335.1	S__TARA_ARC_108_MAG_00205	0.13513003456625
S__GCA_014238785.1	S__TARA_ARC_108_MAG_00205	0.187231184726355
S__GCA_014239685.1	S__TARA_ARC_108_MAG_00205	0.142178988029732
S__GCA_014384445.1	S__TARA_ARC_108_MAG_00205	0.173220388461453
S__GCA_014384505.1	S__TARA_ARC_108_MAG_00205	0.127105745243932
S__GCA_015659595.1	S__TARA_ARC_108_MAG_00205	0.147337772251604
S__GCA_016276965.1	S__TARA_ARC_108_MAG_00205	0.108303667516381
S__GCA_018645865.1	S__TARA_ARC_108_MAG_00205	0.160524989221492
S__GCA_018647945.1	S__TARA_ARC_108_MAG_00205	0.178394653783375
S__GCA_018658605.1	S__TARA_ARC_108_MAG_00205	0.167524338379932
S__GCA_018661165.1	S__TARA_ARC_108_MAG_00205	0.134074286191589
S__GCA_018666495.1	S__TARA_ARC_108_MAG_00205	0.185742830593782
S__GCA_018672475.1	S__TARA_ARC_108_MAG_00205	0.229343703864418
S__GCA_018675825.1	S__TARA_ARC_108_MAG_00205	0.13982123578064
S__GCA_018696455.1	S__TARA_ARC_108_MAG_00205	0.128189676137793
S__GCA_018699155.1	S__TARA_ARC_108_MAG_00205	0.11201324017441
S__GCA_018702595.1	S__TARA_ARC_108_MAG_00205	0.138341462091698
S__GCA_902512375.1	S__TARA_ARC_108_MAG_00205	0.204520771617913
S__GCA_905181595.1	S__TARA_ARC_108_MAG_00205	0.132802119985996
S__GCA_905181625.1	S__TARA_ARC_108_MAG_00205	0.113128265741734
S__GCA_905181635.1	S__TARA_ARC_108_MAG_00205	0.127696769554165
S__GCA_905181765.1	S__TARA_ARC_108_MAG_00205	0.11995484939409
S__GCA_905182165.1	S__TARA_ARC_108_MAG_00205	0.179574765194793
S__GCA_905182235.1	S__TARA_ARC_108_MAG_00205	0.192089880385118
S__GCA_905182385.1	S__TARA_ARC_108_MAG_00205	0.137301035713993
S__GCA_905182475.1	S__TARA_ARC_108_MAG_00205	0.135739366669143
S__GCA_905182525.1	S__TARA_ARC_108_MAG_00205	0.137382152228806
S__GCA_905182565.1	S__TARA_ARC_108_MAG_00205	0.13422683141357
S__GCA_905182715.1	S__TARA_ARC_108_MAG_00205	0.144439423504772
S__GCA_905182795.1	S__TARA_ARC_108_MAG_00205	0.152331345892671
S__GCA_905182815.1	S__TARA_ARC_108_MAG_00205	0.129031226100317
S__GCA_905182835.1	S__TARA_ARC_108_MAG_00205	0.1107919543958
S__GCA_905182865.1	S__TARA_ARC_108_MAG_00205	0.118428447725938
S__GCA_905182885.1	S__TARA_ARC_108_MAG_00205	0.155082942915824
S__GCA_905478185.1	S__TARA_ARC_108_MAG_00205	0.119669963236373
S__GCA_905478325.1	S__TARA_ARC_108_MAG_00205	0.128632549639108
S__GCA_905478585.1	S__TARA_ARC_108_MAG_00205	0.148791474260394
S__GCA_905479195.1	S__TARA_ARC_108_MAG_00205	0.177431584671728
S__GCA_905480075.1	S__TARA_ARC_108_MAG_00205	0.137592403526202
S__GCA_905612275.1	S__TARA_ARC_108_MAG_00205	0.143963648792422
S__GCA_905612295.1	S__TARA_ARC_108_MAG_00205	0.133315681973912
S__GCA_905612305.1	S__TARA_ARC_108_MAG_00205	0.145583797278169
S__GCA_905612455.1	S__TARA_ARC_108_MAG_00205	0.147438922405951
S__GCA_905618915.1	S__TARA_ARC_108_MAG_00205	0.125966792026148
S__GCA_905620445.1	S__TARA_ARC_108_MAG_00205	0.129561796923106
S__GCF_012276695.1	S__TARA_ARC_108_MAG_00205	0.136394415100311
S__TARA_ARC_108_MAG_00021	S__TARA_ARC_108_MAG_00205	0.138195342733096
S__TARA_ARC_108_MAG_00032	S__TARA_ARC_108_MAG_00205	0.147569620343073
S__TARA_ARC_108_MAG_00033	S__TARA_ARC_108_MAG_00205	0.118078000015733
S__TARA_ARC_108_MAG_00039	S__TARA_ARC_108_MAG_00205	0.194451449835107
S__TARA_ARC_108_MAG_00050	S__TARA_ARC_108_MAG_00205	0.15800208695262
S__TARA_ARC_108_MAG_00053	S__TARA_ARC_108_MAG_00205	0.172570500010439
S__TARA_ARC_108_MAG_00055	S__TARA_ARC_108_MAG_00205	0.19063569594766
S__TARA_ARC_108_MAG_00066	S__TARA_ARC_108_MAG_00205	0.139062226988457
S__TARA_ARC_108_MAG_00074	S__TARA_ARC_108_MAG_00205	0.204670482680326
S__TARA_ARC_108_MAG_00084	S__TARA_ARC_108_MAG_00205	0.148382974766239
S__TARA_ARC_108_MAG_00099	S__TARA_ARC_108_MAG_00205	0.135902692508587
S__TARA_ARC_108_MAG_00105	S__TARA_ARC_108_MAG_00205	0.141601657200935
S__TARA_ARC_108_MAG_00110	S__TARA_ARC_108_MAG_00205	0.155112482035718
S__TARA_ARC_108_MAG_00128	S__TARA_ARC_108_MAG_00205	0.216154925037842
S__TARA_ARC_108_MAG_00146	S__TARA_ARC_108_MAG_00205	0.131067416726074
S__TARA_ARC_108_MAG_00202	S__TARA_ARC_108_MAG_00205	0.151261696048271
S__GCA_905479195.1	S__TARA_ARC_NCLDV_00033	0.115984131524791
S__TARA_ARC_108_MAG_00084	S__TARA_ARC_NCLDV_00033	0.117143707832152
S__3300001683_4	S__TARA_MED_95_MAG_00126	0.137119956461385
S__3300020389_17	S__TARA_MED_95_MAG_00126	0.133211561937276
S__3300020389_47	S__TARA_MED_95_MAG_00126	0.168901273789526
S__3300025690_38	S__TARA_MED_95_MAG_00126	0.141427301841028
S__3300025892_34	S__TARA_MED_95_MAG_00126	0.116675750756799
S__3300026267_11	S__TARA_MED_95_MAG_00126	0.121878342381587
S__3300027685_31	S__TARA_MED_95_MAG_00126	0.138935049444652
S__3300027685_36	S__TARA_MED_95_MAG_00126	0.122750025322423
S__3300027771_26	S__TARA_MED_95_MAG_00126	0.140212927817624
S__3300027780_12	S__TARA_MED_95_MAG_00126	0.110733184670483
S__3300027801_21	S__TARA_MED_95_MAG_00126	0.144635436803384
S__3300027827_16	S__TARA_MED_95_MAG_00126	0.118801725465521
S__3300027838_66	S__TARA_MED_95_MAG_00126	0.156281811406648
S__3300027838_7	S__TARA_MED_95_MAG_00126	0.200924191104999
S__3300027844_72	S__TARA_MED_95_MAG_00126	0.170395877898312
S__3300027844_79	S__TARA_MED_95_MAG_00126	0.11893847166364
S__3300027847_13	S__TARA_MED_95_MAG_00126	0.203957594551598
S__3300027849_41	S__TARA_MED_95_MAG_00126	0.108492971933908
S__3300027997_10	S__TARA_MED_95_MAG_00126	0.109290931787238
S__GCA_000213395.2	S__TARA_MED_95_MAG_00126	0.175474621627396
S__GCA_002168195.1	S__TARA_MED_95_MAG_00126	0.121836196622322
S__GCA_002401955.1	S__TARA_MED_95_MAG_00126	0.120270338596665
S__GCA_002862985.1	S__TARA_MED_95_MAG_00126	0.171749943135437
S__GCA_003229345.1	S__TARA_MED_95_MAG_00126	0.11395219786314
S__GCA_003230615.1	S__TARA_MED_95_MAG_00126	0.119028269586276
S__GCA_009937205.1	S__TARA_MED_95_MAG_00126	0.12348979391364
S__GCA_012959275.1	S__TARA_MED_95_MAG_00126	0.128416242508422
S__GCA_012960345.1	S__TARA_MED_95_MAG_00126	0.109563256675291
S__GCA_012960505.1	S__TARA_MED_95_MAG_00126	0.127833577927245
S__GCA_012960835.1	S__TARA_MED_95_MAG_00126	0.224089381813757
S__GCA_013214205.1	S__TARA_MED_95_MAG_00126	0.131444837037648
S__GCA_014237975.1	S__TARA_MED_95_MAG_00126	0.210918237489173
S__GCA_014238125.1	S__TARA_MED_95_MAG_00126	0.111526138789903
S__GCA_014238335.1	S__TARA_MED_95_MAG_00126	0.135929417691281
S__GCA_014238785.1	S__TARA_MED_95_MAG_00126	0.195523305199497
S__GCA_014239685.1	S__TARA_MED_95_MAG_00126	0.167835774953521
S__GCA_014240055.1	S__TARA_MED_95_MAG_00126	0.140132881551023
S__GCA_014384445.1	S__TARA_MED_95_MAG_00126	0.164491190839324
S__GCA_016776815.1	S__TARA_MED_95_MAG_00126	0.133614858468437
S__GCA_016777225.1	S__TARA_MED_95_MAG_00126	0.11268208820279
S__GCA_018645865.1	S__TARA_MED_95_MAG_00126	0.167614733614185
S__GCA_018647945.1	S__TARA_MED_95_MAG_00126	0.216505685317001
S__GCA_018658605.1	S__TARA_MED_95_MAG_00126	0.196505991577445
S__GCA_018666495.1	S__TARA_MED_95_MAG_00126	0.19453834258035
S__GCA_018672475.1	S__TARA_MED_95_MAG_00126	0.192089256704799
S__GCA_018675825.1	S__TARA_MED_95_MAG_00126	0.147525130240125
S__GCA_018696455.1	S__TARA_MED_95_MAG_00126	0.179361131748247
S__GCA_018699155.1	S__TARA_MED_95_MAG_00126	0.13788126515098
S__GCA_018702595.1	S__TARA_MED_95_MAG_00126	0.17599083894844
S__GCA_902512375.1	S__TARA_MED_95_MAG_00126	0.168959414782815
S__GCA_905181655.1	S__TARA_MED_95_MAG_00126	0.109590291857769
S__GCA_905181705.1	S__TARA_MED_95_MAG_00126	0.13081179830925
S__GCA_905182165.1	S__TARA_MED_95_MAG_00126	0.165046952784833
S__GCA_905182235.1	S__TARA_MED_95_MAG_00126	0.155705153575565
S__GCA_905182385.1	S__TARA_MED_95_MAG_00126	0.125441855918835
S__GCA_905182525.1	S__TARA_MED_95_MAG_00126	0.161709794377645
S__GCA_905182715.1	S__TARA_MED_95_MAG_00126	0.137991799304476
S__GCA_905182885.1	S__TARA_MED_95_MAG_00126	0.108787600620846
S__GCA_905478185.1	S__TARA_MED_95_MAG_00126	0.113805375010597
S__GCA_905478325.1	S__TARA_MED_95_MAG_00126	0.144097430339003
S__GCA_905478585.1	S__TARA_MED_95_MAG_00126	0.14453492920139
S__GCA_905479195.1	S__TARA_MED_95_MAG_00126	0.17139498152258
S__GCA_905480075.1	S__TARA_MED_95_MAG_00126	0.172670776047761
S__GCA_905612275.1	S__TARA_MED_95_MAG_00126	0.108539534689102
S__GCA_905612305.1	S__TARA_MED_95_MAG_00126	0.108648223396148
S__GCA_905612455.1	S__TARA_MED_95_MAG_00126	0.119244228427546
S__GCA_905612485.1	S__TARA_MED_95_MAG_00126	0.125128907014567
S__GCF_003326015.1	S__TARA_MED_95_MAG_00126	0.116577920208178
S__TARA_ARC_108_MAG_00032	S__TARA_MED_95_MAG_00126	0.111502699160141
S__TARA_ARC_108_MAG_00039	S__TARA_MED_95_MAG_00126	0.152691503601206
S__TARA_ARC_108_MAG_00050	S__TARA_MED_95_MAG_00126	0.146722972125375
S__TARA_ARC_108_MAG_00053	S__TARA_MED_95_MAG_00126	0.178223074847202
S__TARA_ARC_108_MAG_00055	S__TARA_MED_95_MAG_00126	0.189427637923296
S__TARA_ARC_108_MAG_00074	S__TARA_MED_95_MAG_00126	0.173523318782915
S__TARA_ARC_108_MAG_00082	S__TARA_MED_95_MAG_00126	0.111703644449323
S__TARA_ARC_108_MAG_00084	S__TARA_MED_95_MAG_00126	0.129112888429078
S__TARA_ARC_108_MAG_00128	S__TARA_MED_95_MAG_00126	0.214255347872808
S__TARA_ARC_108_MAG_00202	S__TARA_MED_95_MAG_00126	0.161274609060115
S__TARA_ARC_108_MAG_00205	S__TARA_MED_95_MAG_00126	0.132948530553052
S__3300000179_4	S__TARA_MED_95_MAG_00401	0.142653007137317
S__3300001683_21	S__TARA_MED_95_MAG_00401	0.11366070105389
S__3300001683_28	S__TARA_MED_95_MAG_00401	0.186555491112894
S__3300001683_31	S__TARA_MED_95_MAG_00401	0.148629569504081
S__3300001683_4	S__TARA_MED_95_MAG_00401	0.200171907043023
S__3300006311_3	S__TARA_MED_95_MAG_00401	0.116827843065102
S__3300020187_18	S__TARA_MED_95_MAG_00401	0.141835260078874
S__3300020263_16	S__TARA_MED_95_MAG_00401	0.146622810658192
S__3300020303_5	S__TARA_MED_95_MAG_00401	0.126960355594855
S__3300020389_17	S__TARA_MED_95_MAG_00401	0.201288661568205
S__3300020389_47	S__TARA_MED_95_MAG_00401	0.189305015314983
S__3300022920_20	S__TARA_MED_95_MAG_00401	0.127142082197217
S__3300024058_15	S__TARA_MED_95_MAG_00401	0.120099498806187
S__3300024516_18	S__TARA_MED_95_MAG_00401	0.158393673708703
S__3300024516_26	S__TARA_MED_95_MAG_00401	0.168976938397359
S__3300024516_38	S__TARA_MED_95_MAG_00401	0.125535405704622
S__3300025276_12	S__TARA_MED_95_MAG_00401	0.125346347210164
S__3300025623_36	S__TARA_MED_95_MAG_00401	0.108626983080075
S__3300025690_38	S__TARA_MED_95_MAG_00401	0.131107346855136
S__3300025892_34	S__TARA_MED_95_MAG_00401	0.142043642808154
S__3300025894_53	S__TARA_MED_95_MAG_00401	0.15622019584437
S__3300026087_14	S__TARA_MED_95_MAG_00401	0.108736467544582
S__3300026108_2	S__TARA_MED_95_MAG_00401	0.161973457767414
S__3300026108_4	S__TARA_MED_95_MAG_00401	0.121546218014996
S__3300026119_8	S__TARA_MED_95_MAG_00401	0.156954885108957
S__3300026253_28	S__TARA_MED_95_MAG_00401	0.111992248143619
S__3300026253_8	S__TARA_MED_95_MAG_00401	0.151252590856008
S__3300026264_29	S__TARA_MED_95_MAG_00401	0.142053786540772
S__3300026264_34	S__TARA_MED_95_MAG_00401	0.110500516993598
S__3300026267_11	S__TARA_MED_95_MAG_00401	0.154818059456304
S__3300027668_18	S__TARA_MED_95_MAG_00401	0.17669099215612
S__3300027685_11	S__TARA_MED_95_MAG_00401	0.1101705628326
S__3300027685_16	S__TARA_MED_95_MAG_00401	0.149171042972864
S__3300027685_31	S__TARA_MED_95_MAG_00401	0.180725107782314
S__3300027685_36	S__TARA_MED_95_MAG_00401	0.168100984696402
S__3300027687_20	S__TARA_MED_95_MAG_00401	0.118340445725635
S__3300027687_7	S__TARA_MED_95_MAG_00401	0.115354040666085
S__3300027700_13	S__TARA_MED_95_MAG_00401	0.132263179764258
S__3300027752_17	S__TARA_MED_95_MAG_00401	0.158221197826799
S__3300027771_26	S__TARA_MED_95_MAG_00401	0.177390749815152
S__3300027779_22	S__TARA_MED_95_MAG_00401	0.163834059252485
S__3300027779_26	S__TARA_MED_95_MAG_00401	0.1256034670232
S__3300027779_27	S__TARA_MED_95_MAG_00401	0.141378324383286
S__3300027780_12	S__TARA_MED_95_MAG_00401	0.186050889066187
S__3300027788_10	S__TARA_MED_95_MAG_00401	0.156064076748951
S__3300027791_27	S__TARA_MED_95_MAG_00401	0.141636613558708
S__3300027801_21	S__TARA_MED_95_MAG_00401	0.207289409739844
S__3300027801_7	S__TARA_MED_95_MAG_00401	0.163061807422184
S__3300027810_12	S__TARA_MED_95_MAG_00401	0.14888277056287
S__3300027827_16	S__TARA_MED_95_MAG_00401	0.182829365494472
S__3300027838_66	S__TARA_MED_95_MAG_00401	0.192695711364444
S__3300027838_7	S__TARA_MED_95_MAG_00401	0.2117928315724
S__3300027844_42	S__TARA_MED_95_MAG_00401	0.151118939381277
S__3300027844_72	S__TARA_MED_95_MAG_00401	0.197243635041488
S__3300027844_79	S__TARA_MED_95_MAG_00401	0.196835766374544
S__3300027847_13	S__TARA_MED_95_MAG_00401	0.219808341853839
S__3300027847_4	S__TARA_MED_95_MAG_00401	0.134317421494585
S__3300027847_80	S__TARA_MED_95_MAG_00401	0.148853044620988
S__3300027849_41	S__TARA_MED_95_MAG_00401	0.164133137164161
S__3300027883_17	S__TARA_MED_95_MAG_00401	0.121374932298015
S__3300027997_10	S__TARA_MED_95_MAG_00401	0.171693756768204
S__GCA_000213395.2	S__TARA_MED_95_MAG_00401	0.20007969273898
S__GCA_000383355.1	S__TARA_MED_95_MAG_00401	0.165738301144001
S__GCA_000402075.1	S__TARA_MED_95_MAG_00401	0.120600585338625
S__GCA_001437625.1	S__TARA_MED_95_MAG_00401	0.128189041752341
S__GCA_001542995.1	S__TARA_MED_95_MAG_00401	0.129888218001552
S__GCA_001543015.1	S__TARA_MED_95_MAG_00401	0.117922547213874
S__GCA_001643555.1	S__TARA_MED_95_MAG_00401	0.149293458578855
S__GCA_002082295.1	S__TARA_MED_95_MAG_00401	0.153444583836155
S__GCA_002313235.1	S__TARA_MED_95_MAG_00401	0.142162220132653
S__GCA_002313265.1	S__TARA_MED_95_MAG_00401	0.115117096561844
S__GCA_002317795.1	S__TARA_MED_95_MAG_00401	0.111157886632359
S__GCA_002390675.1	S__TARA_MED_95_MAG_00401	0.145155859092802
S__GCA_002401955.1	S__TARA_MED_95_MAG_00401	0.182445116804763
S__GCA_002499015.1	S__TARA_MED_95_MAG_00401	0.173531281674611
S__GCA_002700285.1	S__TARA_MED_95_MAG_00401	0.109870872506584
S__GCA_002712885.1	S__TARA_MED_95_MAG_00401	0.171260615806914
S__GCA_002862985.1	S__TARA_MED_95_MAG_00401	0.210381022655986
S__GCA_003229345.1	S__TARA_MED_95_MAG_00401	0.187003547966627
S__GCA_003230615.1	S__TARA_MED_95_MAG_00401	0.177616183337536
S__GCA_003509045.1	S__TARA_MED_95_MAG_00401	0.155976403373546
S__GCA_003672175.1	S__TARA_MED_95_MAG_00401	0.116053388645417
S__GCA_004356105.1	S__TARA_MED_95_MAG_00401	0.108541658412475
S__GCA_004356455.1	S__TARA_MED_95_MAG_00401	0.11558258574337
S__GCA_004356825.1	S__TARA_MED_95_MAG_00401	0.127422903837838
S__GCA_004356895.1	S__TARA_MED_95_MAG_00401	0.169537158755624
S__GCA_008974855.1	S__TARA_MED_95_MAG_00401	0.134092370100964
S__GCA_009936995.1	S__TARA_MED_95_MAG_00401	0.12917788344075
S__GCA_009937205.1	S__TARA_MED_95_MAG_00401	0.181723986532179
S__GCA_012959275.1	S__TARA_MED_95_MAG_00401	0.157468018382688
S__GCA_012959435.1	S__TARA_MED_95_MAG_00401	0.111489434464896
S__GCA_012959845.1	S__TARA_MED_95_MAG_00401	0.135535300370842
S__GCA_012960505.1	S__TARA_MED_95_MAG_00401	0.15484390776908
S__GCA_012960805.1	S__TARA_MED_95_MAG_00401	0.173943910310326
S__GCA_012960835.1	S__TARA_MED_95_MAG_00401	0.246149011944974
S__GCA_012964335.1	S__TARA_MED_95_MAG_00401	0.173364569567833
S__GCA_012964845.1	S__TARA_MED_95_MAG_00401	0.128505710635452
S__GCA_012966015.1	S__TARA_MED_95_MAG_00401	0.162344752655946
S__GCA_012974435.1	S__TARA_MED_95_MAG_00401	0.136130870307862
S__GCA_013214205.1	S__TARA_MED_95_MAG_00401	0.156898528536292
S__GCA_013215285.1	S__TARA_MED_95_MAG_00401	0.151940763538601
S__GCA_013390475.1	S__TARA_MED_95_MAG_00401	0.111262696947786
S__GCA_013911135.1	S__TARA_MED_95_MAG_00401	0.138761243334566
S__GCA_014237975.1	S__TARA_MED_95_MAG_00401	0.202772507525878
S__GCA_014238125.1	S__TARA_MED_95_MAG_00401	0.114222004199392
S__GCA_014238335.1	S__TARA_MED_95_MAG_00401	0.184245453800502
S__GCA_014238785.1	S__TARA_MED_95_MAG_00401	0.209186854828672
S__GCA_014239685.1	S__TARA_MED_95_MAG_00401	0.187920220134787
S__GCA_014240055.1	S__TARA_MED_95_MAG_00401	0.135996240116506
S__GCA_014384445.1	S__TARA_MED_95_MAG_00401	0.191367071586881
S__GCA_014384505.1	S__TARA_MED_95_MAG_00401	0.137668734807184
S__GCA_015659595.1	S__TARA_MED_95_MAG_00401	0.172808939549399
S__GCA_016276965.1	S__TARA_MED_95_MAG_00401	0.122048950163087
S__GCA_016776815.1	S__TARA_MED_95_MAG_00401	0.141877772477664
S__GCA_016777225.1	S__TARA_MED_95_MAG_00401	0.138032561463848
S__GCA_016838825.1	S__TARA_MED_95_MAG_00401	0.112160340397354
S__GCA_018645865.1	S__TARA_MED_95_MAG_00401	0.191146802440659
S__GCA_018647945.1	S__TARA_MED_95_MAG_00401	0.202512408292551
S__GCA_018658605.1	S__TARA_MED_95_MAG_00401	0.201768922434475
S__GCA_018661165.1	S__TARA_MED_95_MAG_00401	0.165125517938807
S__GCA_018666495.1	S__TARA_MED_95_MAG_00401	0.201934683996305
S__GCA_018672475.1	S__TARA_MED_95_MAG_00401	0.237867768517784
S__GCA_018675825.1	S__TARA_MED_95_MAG_00401	0.190425386775768
S__GCA_018696455.1	S__TARA_MED_95_MAG_00401	0.180426804220369
S__GCA_018699155.1	S__TARA_MED_95_MAG_00401	0.15596549412019
S__GCA_018701395.1	S__TARA_MED_95_MAG_00401	0.114988998963563
S__GCA_018702595.1	S__TARA_MED_95_MAG_00401	0.187392351068313
S__GCA_902512375.1	S__TARA_MED_95_MAG_00401	0.207780395900193
S__GCA_902514095.1	S__TARA_MED_95_MAG_00401	0.115351638821401
S__GCA_905181595.1	S__TARA_MED_95_MAG_00401	0.15883010354296
S__GCA_905181625.1	S__TARA_MED_95_MAG_00401	0.115992672758536
S__GCA_905181635.1	S__TARA_MED_95_MAG_00401	0.154456566438156
S__GCA_905181705.1	S__TARA_MED_95_MAG_00401	0.136770343469306
S__GCA_905181765.1	S__TARA_MED_95_MAG_00401	0.12479155720322
S__GCA_905182065.1	S__TARA_MED_95_MAG_00401	0.116804550325842
S__GCA_905182125.1	S__TARA_MED_95_MAG_00401	0.110337556005092
S__GCA_905182165.1	S__TARA_MED_95_MAG_00401	0.202243274500371
S__GCA_905182235.1	S__TARA_MED_95_MAG_00401	0.203602419956198
S__GCA_905182385.1	S__TARA_MED_95_MAG_00401	0.167455689057063
S__GCA_905182415.1	S__TARA_MED_95_MAG_00401	0.112773793274854
S__GCA_905182435.1	S__TARA_MED_95_MAG_00401	0.111842275865522
S__GCA_905182475.1	S__TARA_MED_95_MAG_00401	0.15820048304434
S__GCA_905182525.1	S__TARA_MED_95_MAG_00401	0.186099059924431
S__GCA_905182565.1	S__TARA_MED_95_MAG_00401	0.165292595617646
S__GCA_905182715.1	S__TARA_MED_95_MAG_00401	0.189557265279099
S__GCA_905182795.1	S__TARA_MED_95_MAG_00401	0.185538872175008
S__GCA_905182815.1	S__TARA_MED_95_MAG_00401	0.141914397350835
S__GCA_905182835.1	S__TARA_MED_95_MAG_00401	0.132398338043971
S__GCA_905182865.1	S__TARA_MED_95_MAG_00401	0.13677803045764
S__GCA_905182885.1	S__TARA_MED_95_MAG_00401	0.17693858162709
S__GCA_905182935.1	S__TARA_MED_95_MAG_00401	0.109222919804827
S__GCA_905478185.1	S__TARA_MED_95_MAG_00401	0.161604465693396
S__GCA_905478325.1	S__TARA_MED_95_MAG_00401	0.175005017560587
S__GCA_905478585.1	S__TARA_MED_95_MAG_00401	0.194277221160096
S__GCA_905479195.1	S__TARA_MED_95_MAG_00401	0.196030435525279
S__GCA_905480075.1	S__TARA_MED_95_MAG_00401	0.186491133292042
S__GCA_905480095.1	S__TARA_MED_95_MAG_00401	0.148370230828578
S__GCA_905612275.1	S__TARA_MED_95_MAG_00401	0.181177751559271
S__GCA_905612295.1	S__TARA_MED_95_MAG_00401	0.158238353852059
S__GCA_905612305.1	S__TARA_MED_95_MAG_00401	0.179809494820377
S__GCA_905612455.1	S__TARA_MED_95_MAG_00401	0.184950141276002
S__GCA_905612485.1	S__TARA_MED_95_MAG_00401	0.141491724604231
S__GCA_905616395.1	S__TARA_MED_95_MAG_00401	0.124704272553649
S__GCA_905618915.1	S__TARA_MED_95_MAG_00401	0.157670666859905
S__GCA_905620445.1	S__TARA_MED_95_MAG_00401	0.162954475546912
S__GCF_002954445.1	S__TARA_MED_95_MAG_00401	0.110053648800216
S__GCF_003326015.1	S__TARA_MED_95_MAG_00401	0.108930035987271
S__GCF_012276695.1	S__TARA_MED_95_MAG_00401	0.167925067357049
S__GCF_013407165.1	S__TARA_MED_95_MAG_00401	0.128976892992293
S__TARA_ARC_108_MAG_00010	S__TARA_MED_95_MAG_00401	0.118525137909483
S__TARA_ARC_108_MAG_00012	S__TARA_MED_95_MAG_00401	0.111750837953368
S__TARA_ARC_108_MAG_00021	S__TARA_MED_95_MAG_00401	0.171953653324111
S__TARA_ARC_108_MAG_00032	S__TARA_MED_95_MAG_00401	0.184424203163778
S__TARA_ARC_108_MAG_00033	S__TARA_MED_95_MAG_00401	0.146440342007731
S__TARA_ARC_108_MAG_00039	S__TARA_MED_95_MAG_00401	0.200765561371027
S__TARA_ARC_108_MAG_00050	S__TARA_MED_95_MAG_00401	0.183586521679371
S__TARA_ARC_108_MAG_00053	S__TARA_MED_95_MAG_00401	0.205473943157277
S__TARA_ARC_108_MAG_00055	S__TARA_MED_95_MAG_00401	0.20915220704374
S__TARA_ARC_108_MAG_00066	S__TARA_MED_95_MAG_00401	0.153676092843956
S__TARA_ARC_108_MAG_00074	S__TARA_MED_95_MAG_00401	0.212674331432966
S__TARA_ARC_108_MAG_00082	S__TARA_MED_95_MAG_00401	0.112021063615182
S__TARA_ARC_108_MAG_00084	S__TARA_MED_95_MAG_00401	0.163018160258972
S__TARA_ARC_108_MAG_00099	S__TARA_MED_95_MAG_00401	0.152533947896212
S__TARA_ARC_108_MAG_00105	S__TARA_MED_95_MAG_00401	0.139822551300476
S__TARA_ARC_108_MAG_00110	S__TARA_MED_95_MAG_00401	0.161183788914736
S__TARA_ARC_108_MAG_00128	S__TARA_MED_95_MAG_00401	0.232109833265798
S__TARA_ARC_108_MAG_00146	S__TARA_MED_95_MAG_00401	0.139599300018935
S__TARA_ARC_108_MAG_00202	S__TARA_MED_95_MAG_00401	0.193156797015519
S__TARA_ARC_108_MAG_00205	S__TARA_MED_95_MAG_00401	0.192429310213979
S__TARA_MED_95_MAG_00126	S__TARA_MED_95_MAG_00401	0.185636195653194
S__3300020469_71	S__TARA_PSE_93_MAG_00155	0.12256128172685
S__3300025673_9	S__TARA_PSE_93_MAG_00155	0.110804908784433
S__GCA_002295285.1	S__TARA_PSE_93_MAG_00155	0.128855604425999
S__GCA_002691505.1	S__TARA_PSE_93_MAG_00155	0.163248000468129
S__GCA_015665265.1	S__TARA_PSE_93_MAG_00155	0.277179825711352
S__GCA_016777095.1	S__TARA_PSE_93_MAG_00155	0.170746308504473
S__GCA_018658685.1	S__TARA_PSE_93_MAG_00155	0.238906388667533
S__GCA_018670575.1	S__TARA_PSE_93_MAG_00155	0.170978191511158
S__GCA_018672825.1	S__TARA_PSE_93_MAG_00155	0.123109198555175
S__IMGVR_UViG_GVMAG-S-1059906-7_000001	S__TARA_PSE_93_MAG_00155	0.158984480612337
S__TARA_AOS_82_MAG_00047	S__TARA_PSE_93_MAG_00155	0.186012941211242
S__3300006913_8	S__TARA_PSW_MAG_00046	0.311768658729974
S__GCA_003693905.1	S__TARA_PSW_MAG_00046	0.279220733416564
S__GCA_003695865.1	S__TARA_PSW_MAG_00046	0.111978507862166
S__GCA_006969625.1	S__TARA_PSW_MAG_00046	0.150087262794754
S__GCA_009377535.1	S__TARA_PSW_MAG_00046	0.116511811428287
S__GCA_009377745.1	S__TARA_PSW_MAG_00046	0.144031138187595
S__GCA_009691085.1	S__TARA_PSW_MAG_00046	0.270839583964735
S__GCA_011523425.1	S__TARA_PSW_MAG_00046	0.210090793905747
S__GCA_013821475.1	S__TARA_PSW_MAG_00046	0.290369669603762
S__GCA_016187325.1	S__TARA_PSW_MAG_00046	0.129150550618944
S__GCA_016201285.1	S__TARA_PSW_MAG_00046	0.143696726647001
S__3300001683_28	S__TARA_SOC_28_MAG_00007	0.130508373035111
S__3300001683_4	S__TARA_SOC_28_MAG_00007	0.129675124849251
S__3300020389_17	S__TARA_SOC_28_MAG_00007	0.122772385897437
S__3300020389_47	S__TARA_SOC_28_MAG_00007	0.131751731413995
S__3300026253_8	S__TARA_SOC_28_MAG_00007	0.108402389326616
S__3300027685_31	S__TARA_SOC_28_MAG_00007	0.108629080080579
S__3300027779_22	S__TARA_SOC_28_MAG_00007	0.147024353676888
S__3300027780_12	S__TARA_SOC_28_MAG_00007	0.121151039452559
S__3300027801_21	S__TARA_SOC_28_MAG_00007	0.150341013931281
S__3300027827_16	S__TARA_SOC_28_MAG_00007	0.11026847706639
S__3300027838_66	S__TARA_SOC_28_MAG_00007	0.146221156260961
S__3300027838_7	S__TARA_SOC_28_MAG_00007	0.15635561091586
S__3300027844_72	S__TARA_SOC_28_MAG_00007	0.127174655712143
S__3300027844_79	S__TARA_SOC_28_MAG_00007	0.127926245707551
S__3300027847_13	S__TARA_SOC_28_MAG_00007	0.165017933123514
S__GCA_000213395.2	S__TARA_SOC_28_MAG_00007	0.148522982955677
S__GCA_002862985.1	S__TARA_SOC_28_MAG_00007	0.154152661121575
S__GCA_012960805.1	S__TARA_SOC_28_MAG_00007	0.126896377896915
S__GCA_012960835.1	S__TARA_SOC_28_MAG_00007	0.189695275672612
S__GCA_012964335.1	S__TARA_SOC_28_MAG_00007	0.144218935603379
S__GCA_014237975.1	S__TARA_SOC_28_MAG_00007	0.13705448091758
S__GCA_014238785.1	S__TARA_SOC_28_MAG_00007	0.15151886446983
S__GCA_014239685.1	S__TARA_SOC_28_MAG_00007	0.11086586808015
S__GCA_014384445.1	S__TARA_SOC_28_MAG_00007	0.143351549714985
S__GCA_018645865.1	S__TARA_SOC_28_MAG_00007	0.128185951122041
S__GCA_018647945.1	S__TARA_SOC_28_MAG_00007	0.1365591335131
S__GCA_018658605.1	S__TARA_SOC_28_MAG_00007	0.129668030885161
S__GCA_018666495.1	S__TARA_SOC_28_MAG_00007	0.147347902224473
S__GCA_018672475.1	S__TARA_SOC_28_MAG_00007	0.199060485557999
S__GCA_902512375.1	S__TARA_SOC_28_MAG_00007	0.182594729788982
S__GCA_905182165.1	S__TARA_SOC_28_MAG_00007	0.15484081186741
S__GCA_905182235.1	S__TARA_SOC_28_MAG_00007	0.177218425153335
S__GCA_905182385.1	S__TARA_SOC_28_MAG_00007	0.112187647403932
S__GCA_905182715.1	S__TARA_SOC_28_MAG_00007	0.117290407129233
S__GCA_905182795.1	S__TARA_SOC_28_MAG_00007	0.129714897490665
S__GCA_905182885.1	S__TARA_SOC_28_MAG_00007	0.139770120081554
S__GCA_905479195.1	S__TARA_SOC_28_MAG_00007	0.144759716436279
S__GCA_905612305.1	S__TARA_SOC_28_MAG_00007	0.12400416399811
S__GCA_905620445.1	S__TARA_SOC_28_MAG_00007	0.110443255445511
S__TARA_ARC_108_MAG_00039	S__TARA_SOC_28_MAG_00007	0.174777708775338
S__TARA_ARC_108_MAG_00050	S__TARA_SOC_28_MAG_00007	0.136075031612933
S__TARA_ARC_108_MAG_00053	S__TARA_SOC_28_MAG_00007	0.140419063809363
S__TARA_ARC_108_MAG_00055	S__TARA_SOC_28_MAG_00007	0.155235276857618
S__TARA_ARC_108_MAG_00074	S__TARA_SOC_28_MAG_00007	0.177726279238725
S__TARA_ARC_108_MAG_00084	S__TARA_SOC_28_MAG_00007	0.121392221824949
S__TARA_ARC_108_MAG_00128	S__TARA_SOC_28_MAG_00007	0.177594421075673
S__TARA_ARC_108_MAG_00202	S__TARA_SOC_28_MAG_00007	0.125465920493285
S__TARA_ARC_108_MAG_00205	S__TARA_SOC_28_MAG_00007	0.14130077452164
S__TARA_MED_95_MAG_00401	S__TARA_SOC_28_MAG_00007	0.158572919405291
S__3300001683_28	S__TARA_SOC_28_MAG_00016	0.118046422848874
S__3300001683_4	S__TARA_SOC_28_MAG_00016	0.119382563785053
S__3300020389_17	S__TARA_SOC_28_MAG_00016	0.108185735049363
S__3300020389_47	S__TARA_SOC_28_MAG_00016	0.128217411084068
S__3300027779_22	S__TARA_SOC_28_MAG_00016	0.132082165634673
S__3300027780_12	S__TARA_SOC_28_MAG_00016	0.115064184908918
S__3300027801_21	S__TARA_SOC_28_MAG_00016	0.134248852343901
S__3300027838_66	S__TARA_SOC_28_MAG_00016	0.144808515234603
S__3300027838_7	S__TARA_SOC_28_MAG_00016	0.148272175503818
S__3300027844_72	S__TARA_SOC_28_MAG_00016	0.122767505846533
S__3300027844_79	S__TARA_SOC_28_MAG_00016	0.122038762039046
S__3300027847_13	S__TARA_SOC_28_MAG_00016	0.157679640490936
S__GCA_000213395.2	S__TARA_SOC_28_MAG_00016	0.136983937365632
S__GCA_002862985.1	S__TARA_SOC_28_MAG_00016	0.139102553762993
S__GCA_012960805.1	S__TARA_SOC_28_MAG_00016	0.109304671881032
S__GCA_012960835.1	S__TARA_SOC_28_MAG_00016	0.176399852133615
S__GCA_012964335.1	S__TARA_SOC_28_MAG_00016	0.136529965052507
S__GCA_014237975.1	S__TARA_SOC_28_MAG_00016	0.128504803152379
S__GCA_014238785.1	S__TARA_SOC_28_MAG_00016	0.144450304541419
S__GCA_014384445.1	S__TARA_SOC_28_MAG_00016	0.14256240532925
S__GCA_018645865.1	S__TARA_SOC_28_MAG_00016	0.125662406494921
S__GCA_018647945.1	S__TARA_SOC_28_MAG_00016	0.127490048974303
S__GCA_018658605.1	S__TARA_SOC_28_MAG_00016	0.119884964366553
S__GCA_018666495.1	S__TARA_SOC_28_MAG_00016	0.141112005302906
S__GCA_018672475.1	S__TARA_SOC_28_MAG_00016	0.186105491237364
S__GCA_902512375.1	S__TARA_SOC_28_MAG_00016	0.171428741657162
S__GCA_905182165.1	S__TARA_SOC_28_MAG_00016	0.149762363016093
S__GCA_905182235.1	S__TARA_SOC_28_MAG_00016	0.170151545776794
S__GCA_905182385.1	S__TARA_SOC_28_MAG_00016	0.115028563645268
S__GCA_905182795.1	S__TARA_SOC_28_MAG_00016	0.128162021027172
S__GCA_905182815.1	S__TARA_SOC_28_MAG_00016	0.108396078107443
S__GCA_905182885.1	S__TARA_SOC_28_MAG_00016	0.140258849571037
S__GCA_905479195.1	S__TARA_SOC_28_MAG_00016	0.145088516288616
S__GCA_905612305.1	S__TARA_SOC_28_MAG_00016	0.108643207352204
S__GCA_905620445.1	S__TARA_SOC_28_MAG_00016	0.115854950947341
S__TARA_ARC_108_MAG_00039	S__TARA_SOC_28_MAG_00016	0.165969707599111
S__TARA_ARC_108_MAG_00050	S__TARA_SOC_28_MAG_00016	0.134712357509425
S__TARA_ARC_108_MAG_00053	S__TARA_SOC_28_MAG_00016	0.129669516641658
S__TARA_ARC_108_MAG_00055	S__TARA_SOC_28_MAG_00016	0.147833295538851
S__TARA_ARC_108_MAG_00074	S__TARA_SOC_28_MAG_00016	0.169844776962322
S__TARA_ARC_108_MAG_00084	S__TARA_SOC_28_MAG_00016	0.125966720520634
S__TARA_ARC_108_MAG_00128	S__TARA_SOC_28_MAG_00016	0.169572428685793
S__TARA_ARC_108_MAG_00202	S__TARA_SOC_28_MAG_00016	0.12213081519445
S__TARA_ARC_108_MAG_00205	S__TARA_SOC_28_MAG_00016	0.136963028189717
S__TARA_MED_95_MAG_00401	S__TARA_SOC_28_MAG_00016	0.146899285152887
S__3300001683_28	S__TARA_SOC_28_MAG_00024	0.125220757373256
S__3300001683_4	S__TARA_SOC_28_MAG_00024	0.140477852779522
S__3300020389_17	S__TARA_SOC_28_MAG_00024	0.127750339342781
S__3300020389_47	S__TARA_SOC_28_MAG_00024	0.159941629794363
S__3300024516_26	S__TARA_SOC_28_MAG_00024	0.109923057015328
S__3300025894_53	S__TARA_SOC_28_MAG_00024	0.111373158412761
S__3300027668_18	S__TARA_SOC_28_MAG_00024	0.130416452116575
S__3300027685_31	S__TARA_SOC_28_MAG_00024	0.13015333128802
S__3300027771_26	S__TARA_SOC_28_MAG_00024	0.114510484558628
S__3300027779_22	S__TARA_SOC_28_MAG_00024	0.13428472931699
S__3300027779_27	S__TARA_SOC_28_MAG_00024	0.112103645493973
S__3300027780_12	S__TARA_SOC_28_MAG_00024	0.139613038640171
S__3300027788_10	S__TARA_SOC_28_MAG_00024	0.111942394478775
S__3300027801_21	S__TARA_SOC_28_MAG_00024	0.160303527957107
S__3300027801_7	S__TARA_SOC_28_MAG_00024	0.11520907248614
S__3300027810_12	S__TARA_SOC_28_MAG_00024	0.10951676370182
S__3300027827_16	S__TARA_SOC_28_MAG_00024	0.115028363956163
S__3300027838_66	S__TARA_SOC_28_MAG_00024	0.182177495567895
S__3300027838_7	S__TARA_SOC_28_MAG_00024	0.184634701385753
S__3300027844_72	S__TARA_SOC_28_MAG_00024	0.153524361530369
S__3300027844_79	S__TARA_SOC_28_MAG_00024	0.130565911221102
S__3300027847_13	S__TARA_SOC_28_MAG_00024	0.194704884130206
S__3300027849_41	S__TARA_SOC_28_MAG_00024	0.128946384735452
S__GCA_000213395.2	S__TARA_SOC_28_MAG_00024	0.160464381910889
S__GCA_002401955.1	S__TARA_SOC_28_MAG_00024	0.108549257450281
S__GCA_002499015.1	S__TARA_SOC_28_MAG_00024	0.117610913429066
S__GCA_002862985.1	S__TARA_SOC_28_MAG_00024	0.167041282832461
S__GCA_003229345.1	S__TARA_SOC_28_MAG_00024	0.109041751846766
S__GCA_004356895.1	S__TARA_SOC_28_MAG_00024	0.109164023214333
S__GCA_012960805.1	S__TARA_SOC_28_MAG_00024	0.118563470303361
S__GCA_012960835.1	S__TARA_SOC_28_MAG_00024	0.210657998337589
S__GCA_012964335.1	S__TARA_SOC_28_MAG_00024	0.131872308021963
S__GCA_014237975.1	S__TARA_SOC_28_MAG_00024	0.16217980822636
S__GCA_014238785.1	S__TARA_SOC_28_MAG_00024	0.179480320225364
S__GCA_014239685.1	S__TARA_SOC_28_MAG_00024	0.125689932524073
S__GCA_014384445.1	S__TARA_SOC_28_MAG_00024	0.181471178277218
S__GCA_018645865.1	S__TARA_SOC_28_MAG_00024	0.165200687787178
S__GCA_018647945.1	S__TARA_SOC_28_MAG_00024	0.161624248332697
S__GCA_018658605.1	S__TARA_SOC_28_MAG_00024	0.154558273237757
S__GCA_018666495.1	S__TARA_SOC_28_MAG_00024	0.177031570216516
S__GCA_018672475.1	S__TARA_SOC_28_MAG_00024	0.210647847474199
S__GCA_018675825.1	S__TARA_SOC_28_MAG_00024	0.114804938177728
S__GCA_018702595.1	S__TARA_SOC_28_MAG_00024	0.120402322363206
S__GCA_902512375.1	S__TARA_SOC_28_MAG_00024	0.184968471902408
S__GCA_905181635.1	S__TARA_SOC_28_MAG_00024	0.114682059893525
S__GCA_905182165.1	S__TARA_SOC_28_MAG_00024	0.188372990928822
S__GCA_905182235.1	S__TARA_SOC_28_MAG_00024	0.195407975822858
S__GCA_905182385.1	S__TARA_SOC_28_MAG_00024	0.144496802226828
S__GCA_905182525.1	S__TARA_SOC_28_MAG_00024	0.114602801782197
S__GCA_905182565.1	S__TARA_SOC_28_MAG_00024	0.119835139393078
S__GCA_905182715.1	S__TARA_SOC_28_MAG_00024	0.13890613739003
S__GCA_905182795.1	S__TARA_SOC_28_MAG_00024	0.147932330575805
S__GCA_905182885.1	S__TARA_SOC_28_MAG_00024	0.153529636837755
S__GCA_905478585.1	S__TARA_SOC_28_MAG_00024	0.116555870001297
S__GCA_905479195.1	S__TARA_SOC_28_MAG_00024	0.185947353636839
S__GCA_905480075.1	S__TARA_SOC_28_MAG_00024	0.112186989830347
S__GCA_905612275.1	S__TARA_SOC_28_MAG_00024	0.116576948282111
S__GCA_905612295.1	S__TARA_SOC_28_MAG_00024	0.112968234453556
S__GCA_905612305.1	S__TARA_SOC_28_MAG_00024	0.118801193308409
S__GCA_905612455.1	S__TARA_SOC_28_MAG_00024	0.109386420001371
S__GCA_905620445.1	S__TARA_SOC_28_MAG_00024	0.142288327073479
S__TARA_ARC_108_MAG_00032	S__TARA_SOC_28_MAG_00024	0.120093649030745
S__TARA_ARC_108_MAG_00039	S__TARA_SOC_28_MAG_00024	0.180110210170363
S__TARA_ARC_108_MAG_00050	S__TARA_SOC_28_MAG_00024	0.169270475699509
S__TARA_ARC_108_MAG_00053	S__TARA_SOC_28_MAG_00024	0.153301977313297
S__TARA_ARC_108_MAG_00055	S__TARA_SOC_28_MAG_00024	0.179614487100758
S__TARA_ARC_108_MAG_00074	S__TARA_SOC_28_MAG_00024	0.196499545980382
S__TARA_ARC_108_MAG_00084	S__TARA_SOC_28_MAG_00024	0.156878593497662
S__TARA_ARC_108_MAG_00099	S__TARA_SOC_28_MAG_00024	0.1222801914079
S__TARA_ARC_108_MAG_00128	S__TARA_SOC_28_MAG_00024	0.218474561379333
S__TARA_ARC_108_MAG_00202	S__TARA_SOC_28_MAG_00024	0.160341555189486
S__TARA_ARC_108_MAG_00205	S__TARA_SOC_28_MAG_00024	0.145627576485588
S__TARA_MED_95_MAG_00401	S__TARA_SOC_28_MAG_00024	0.174275452523186
S__TARA_SOC_28_MAG_00007	S__TARA_SOC_28_MAG_00024	0.113470803204336
S__TARA_SOC_28_MAG_00016	S__TARA_SOC_28_MAG_00024	0.112664533520159
S__3300020389_47	S__TARA_SOC_28_MAG_00030	0.15359181040795
S__3300027685_31	S__TARA_SOC_28_MAG_00030	0.12098137770017
S__3300027779_27	S__TARA_SOC_28_MAG_00030	0.117761540458127
S__3300027801_21	S__TARA_SOC_28_MAG_00030	0.118123040785655
S__3300027838_66	S__TARA_SOC_28_MAG_00030	0.149119104860684
S__3300027838_7	S__TARA_SOC_28_MAG_00030	0.148810158564744
S__3300027844_72	S__TARA_SOC_28_MAG_00030	0.131461377263403
S__3300027847_13	S__TARA_SOC_28_MAG_00030	0.158818774404828
S__3300027849_41	S__TARA_SOC_28_MAG_00030	0.118831990000919
S__GCA_000213395.2	S__TARA_SOC_28_MAG_00030	0.128808898172997
S__GCA_002862985.1	S__TARA_SOC_28_MAG_00030	0.120831536910291
S__GCA_012960835.1	S__TARA_SOC_28_MAG_00030	0.163700170273874
S__GCA_014237975.1	S__TARA_SOC_28_MAG_00030	0.146112307343627
S__GCA_014238785.1	S__TARA_SOC_28_MAG_00030	0.140547352500454
S__GCA_014384445.1	S__TARA_SOC_28_MAG_00030	0.151198854311678
S__GCA_018645865.1	S__TARA_SOC_28_MAG_00030	0.144036082022117
S__GCA_018647945.1	S__TARA_SOC_28_MAG_00030	0.136482759215621
S__GCA_018658605.1	S__TARA_SOC_28_MAG_00030	0.128860663268899
S__GCA_018666495.1	S__TARA_SOC_28_MAG_00030	0.149228263762222
S__GCA_018672475.1	S__TARA_SOC_28_MAG_00030	0.155792867347773
S__GCA_902512375.1	S__TARA_SOC_28_MAG_00030	0.129847616771893
S__GCA_905182165.1	S__TARA_SOC_28_MAG_00030	0.143379862497107
S__GCA_905182235.1	S__TARA_SOC_28_MAG_00030	0.140970308914088
S__GCA_905182385.1	S__TARA_SOC_28_MAG_00030	0.138373961947848
S__GCA_905182795.1	S__TARA_SOC_28_MAG_00030	0.111812302809955
S__GCA_905182885.1	S__TARA_SOC_28_MAG_00030	0.119055016583237
S__GCA_905479195.1	S__TARA_SOC_28_MAG_00030	0.166538427104071
S__GCA_905620445.1	S__TARA_SOC_28_MAG_00030	0.136199814414061
S__TARA_ARC_108_MAG_00039	S__TARA_SOC_28_MAG_00030	0.126165127564187
S__TARA_ARC_108_MAG_00050	S__TARA_SOC_28_MAG_00030	0.131657948310481
S__TARA_ARC_108_MAG_00053	S__TARA_SOC_28_MAG_00030	0.11744025101335
S__TARA_ARC_108_MAG_00055	S__TARA_SOC_28_MAG_00030	0.140914215590903
S__TARA_ARC_108_MAG_00074	S__TARA_SOC_28_MAG_00030	0.141583385036021
S__TARA_ARC_108_MAG_00084	S__TARA_SOC_28_MAG_00030	0.148338138194399
S__TARA_ARC_108_MAG_00128	S__TARA_SOC_28_MAG_00030	0.16572860131137
S__TARA_ARC_108_MAG_00202	S__TARA_SOC_28_MAG_00030	0.128137353989498
S__TARA_MED_95_MAG_00401	S__TARA_SOC_28_MAG_00030	0.136477944886437
S__3300027844_92	S__TARA_SOC_28_MAG_00046	0.149716389476392
S__GCA_003228095.2	S__TARA_SOC_28_MAG_00046	0.124000950644288
S__GCA_003228125.1	S__TARA_SOC_28_MAG_00046	0.117085561636201
S__GCA_003228195.2	S__TARA_SOC_28_MAG_00046	0.121705573090045
S__GCA_905614355.1	S__TARA_SOC_28_MAG_00046	0.131675947786657
S__3300020389_47	S__TARA_SOC_NCLDV_00026	0.115691050556885
S__3300027779_27	S__TARA_SOC_NCLDV_00026	0.127551157708266
S__3300027838_66	S__TARA_SOC_NCLDV_00026	0.135184634951065
S__3300027838_7	S__TARA_SOC_NCLDV_00026	0.114811097792626
S__3300027847_13	S__TARA_SOC_NCLDV_00026	0.126366232355413
S__3300027849_41	S__TARA_SOC_NCLDV_00026	0.121287750963347
S__GCA_012960835.1	S__TARA_SOC_NCLDV_00026	0.117907942068407
S__GCA_014384445.1	S__TARA_SOC_NCLDV_00026	0.135166047577109
S__GCA_018645865.1	S__TARA_SOC_NCLDV_00026	0.110139666439352
S__GCA_018666495.1	S__TARA_SOC_NCLDV_00026	0.111691889020001
S__GCA_018672475.1	S__TARA_SOC_NCLDV_00026	0.1275018496034
S__GCA_905182165.1	S__TARA_SOC_NCLDV_00026	0.122880357619065
S__GCA_905182235.1	S__TARA_SOC_NCLDV_00026	0.125961917228019
S__GCA_905182385.1	S__TARA_SOC_NCLDV_00026	0.134886398276317
S__GCA_905182565.1	S__TARA_SOC_NCLDV_00026	0.11125189331904
S__GCA_905182795.1	S__TARA_SOC_NCLDV_00026	0.111765296955529
S__GCA_905182885.1	S__TARA_SOC_NCLDV_00026	0.133966789611439
S__GCA_905479195.1	S__TARA_SOC_NCLDV_00026	0.153676283972074
S__GCA_905620445.1	S__TARA_SOC_NCLDV_00026	0.152051462714668
S__TARA_ARC_108_MAG_00050	S__TARA_SOC_NCLDV_00026	0.132965146562867
S__TARA_ARC_108_MAG_00055	S__TARA_SOC_NCLDV_00026	0.107894189090489
S__TARA_ARC_108_MAG_00074	S__TARA_SOC_NCLDV_00026	0.119056130644887
S__TARA_ARC_108_MAG_00084	S__TARA_SOC_NCLDV_00026	0.158494837574342
S__TARA_ARC_108_MAG_00128	S__TARA_SOC_NCLDV_00026	0.131359292898946
