PC1	PC2	PC3	PC4	PC5	sample	variant
-111.637159194156	-47.6003203961922	36.3262296533435	-18.5663091392702	18.4454628129497	LV3003046936	current_taxon_centered_log
-33.1778185924624	-27.0208342045497	-6.51603614218834	7.60808681412002	-10.0990619187178	LV3003046937	current_taxon_centered_log
-27.0316122766786	56.574503812305	37.8708387791529	47.9709498658481	-13.2515524890776	LV3003046938	current_taxon_centered_log
-21.4396019321381	57.4546497862326	29.0509791601008	33.856316239651	-33.6247811694336	LV3003046939	current_taxon_centered_log
-88.1860221552295	-40.5350917012974	25.4116934567859	-10.0028581820891	22.1103787127977	LV3003046949	current_taxon_centered_log
-71.6821228162284	-38.9390929905013	14.8721101929565	7.25228149002231	10.7063312359078	LV3003046950	current_taxon_centered_log
-11.6057949509437	60.1537682327424	40.2340791966256	40.8024135739529	-18.7711125148181	LV3003046952	current_taxon_centered_log
-24.4031418806512	44.3788415709996	24.5804292030287	27.656629566485	-31.8844122914773	LV3003046953	current_taxon_centered_log
-117.979549455062	-48.8238453600326	43.9995827413717	-19.056150141405	15.6267800490168	LV3003046965	current_taxon_centered_log
-57.6078786049636	-45.7487104349361	-2.02294095748839	8.62243281331964	10.4039673462179	LV3003046966	current_taxon_centered_log
-92.7487820453787	-41.0952834008316	26.2990775051355	-28.1090032859202	9.77200188700464	LV3003046978	current_taxon_centered_log
-36.1680706462594	7.26357727940252	0.466525989128249	0.873642956237643	-18.983458207663	LV3003046979	current_taxon_centered_log
-5.87788690216889	61.0925786308524	37.2861642566281	31.5893171645296	-27.577438787636	LV3003046980	current_taxon_centered_log
-72.9819746241292	14.2319723279341	48.7376693862631	-36.5347523877885	-58.3144477729936	LV3003046993	current_taxon_centered_log
13.7409567976702	-23.9720145029574	-2.15831353816152	-47.5605779298313	-45.4162624090228	LV3003046994	current_taxon_centered_log
-5.49999581649808	51.6507646305295	31.1189461269604	31.5969284472908	-27.622362850901	LV3003046995	current_taxon_centered_log
-7.75103871031017	-31.2814100414528	1.85227257549117	-59.0979752279065	-54.4008266126471	LV3003047009	current_taxon_centered_log
-15.2571070430248	61.8296813137769	42.5059120546241	38.7591339327433	-23.7341450889445	LV3003047010	current_taxon_centered_log
4.00192655587517	57.4214322233315	31.0462009638401	32.712143743377	-27.9424572772771	LV3003047013	current_taxon_centered_log
-60.0573638451108	-31.2583953199663	13.5474844017559	-67.1643971681946	-52.0476856166096	LV3003047026	current_taxon_centered_log
-40.9375344809951	44.9096097657331	33.4309791015768	43.6976994255488	-10.5108098945129	LV3003047027	current_taxon_centered_log
93.7995921280493	-8.72533137962022	33.8511376453568	2.99882243472807	11.6267476712361	LV3003047028	current_taxon_centered_log
-95.420729770064	-41.3992995695522	28.7463533647123	-27.9850338541075	-2.98594987128389	LV3003047041	current_taxon_centered_log
-6.66480352599734	-21.393328275547	-13.4601212427673	30.8334873456701	3.71561400839088	LV3003047044	current_taxon_centered_log
-14.241439477631	55.8614781280153	29.8030339638104	34.8727343674812	-30.9668661013948	LV3003047045	current_taxon_centered_log
75.6997286395172	-7.09931370233049	15.2515389426824	-5.26062637510505	7.67193038249882	LV3003047059	current_taxon_centered_log
71.8141509705565	-3.89054149963441	13.8064359222595	1.48076891145754	4.14093840148309	LV3003047060	current_taxon_centered_log
84.0798744739725	-10.2896441040761	22.9535957355639	-0.912638810491835	10.2747218556155	LV3003047061	current_taxon_centered_log
86.6711298088404	-15.010162525012	24.1692199609954	-4.73389901414808	9.97788466122188	LV3003047062	current_taxon_centered_log
95.6677971602877	-14.4322294483024	31.7587385323117	-2.11900888467808	17.5115607135254	LV3003047063	current_taxon_centered_log
99.5531399402386	-12.6909378449398	34.0244728043499	-6.58002534140753	18.5749767762909	LV3003047064	current_taxon_centered_log
50.2847406947499	-12.15867378634	2.37872127818799	-9.11301478145186	-1.60862492458487	LV3003047065	current_taxon_centered_log
-22.4138539892897	-6.35011405147229	-19.5520598287504	19.0494866919264	-5.43539153757836	LV3003047067	current_taxon_centered_log
5.38638334325355	-11.3564105079855	-23.9295651430801	12.4046578730402	-11.5612019370711	LV3003047068	current_taxon_centered_log
2.19516261212809	-10.2834240098652	-21.5165385208418	14.8572834635193	-12.2326158435261	LV3003047069	current_taxon_centered_log
1.18102084709544	-25.7500992390037	-29.3289224158868	10.714174020225	1.71947272594708	LV3003047070	current_taxon_centered_log
-23.4225275784479	-39.1339992435846	-29.5043331173857	11.7368420014653	13.8757080358313	LV3003047071	current_taxon_centered_log
100.749979533448	-13.7430071230861	37.3638689424294	-0.829031409726747	17.7273723247899	LV3003047073	current_taxon_centered_log
100.233449534461	-13.4963194356515	37.0329246834708	-1.24363769143994	16.7073791780414	LV3003047074	current_taxon_centered_log
83.7169171841997	-14.8992818890653	21.6279710828271	-1.32885559880373	14.639035209547	LV3003047077	current_taxon_centered_log
97.4211839697388	-13.6315049385564	33.5875819874682	-1.58588926362146	18.0161347979933	LV3003047078	current_taxon_centered_log
45.2026023735247	27.1572430135195	17.8470810950886	5.32614826586229	-3.46317571722988	LV3003047079	current_taxon_centered_log
11.7117768757728	22.2635255324435	-20.5405904917275	-12.0059625035332	-3.32050947041847	LV3003047080	current_taxon_centered_log
-8.04198606048374	-10.5319972716807	-20.7408429609683	7.61777481965151	-1.85378582793461	LV3003047081	current_taxon_centered_log
20.3032742434367	-3.74848560261616	-18.4336534255018	10.6703548065203	-12.9039192720602	LV3003047082	current_taxon_centered_log
4.52604956827751	-6.92838986938404	-26.2492953947608	16.6934534687074	-9.31670022466299	LV3003047083	current_taxon_centered_log
-33.3653041967269	10.9166256120898	-13.2904391020942	17.4537973488886	-2.71461452245012	LV3003047084	current_taxon_centered_log
-17.6138382949433	-42.3865969007897	-22.0854267571609	13.8859522402507	10.4518455329743	LV3003047085	current_taxon_centered_log
77.6507269111109	-9.76758286040575	19.3486190305708	2.51035449259353	10.3494647553848	LV3003047087	current_taxon_centered_log
84.5166636030656	0.16239137506452	28.1845191703194	-1.00686239486033	8.85937272834532	LV3003047088	current_taxon_centered_log
71.0268152654871	16.7125371034192	25.4237180346938	-5.19427921732072	7.65960718960931	LV3003047089	current_taxon_centered_log
77.0345160334591	0.646800709866555	16.6927630031845	-7.74321305867116	9.63785533438021	LV3003047090	current_taxon_centered_log
38.3700721309127	30.7420978951859	-0.294464023242409	-4.86930781847072	0.065913723362343	LV3003047091	current_taxon_centered_log
16.7062349915819	38.5933905879178	-6.61910289197266	-3.52075993564946	-6.49587610002285	LV3003047093	current_taxon_centered_log
7.66512186860583	9.54545571981847	-21.5524561727141	6.79304405178126	-6.4625638410399	LV3003047094	current_taxon_centered_log
10.4576064198962	1.42447722423504	-23.8262094884299	10.5865133320623	-9.46595383121762	LV3003047095	current_taxon_centered_log
-16.3377754568915	-28.9119410251555	-29.3038844329601	10.317436984277	3.64497111639398	LV3003047096	current_taxon_centered_log
-7.59199030669356	-10.8257861928234	-28.5843128922761	19.2036731459373	0.644082106109867	LV3003047097	current_taxon_centered_log
19.0815212105232	-26.0933196070312	-26.63433547548	9.76496925697809	2.28603021447325	LV3003047098	current_taxon_centered_log
-32.6458434098086	-31.31267072657	-11.1757376687595	3.4750995388254	6.63551773845093	LV3003047099	current_taxon_centered_log
15.1116470734664	31.7649660167852	-11.9162532971231	-5.05760023952771	-6.34240274944445	LV3003047100	current_taxon_centered_log
35.3851469769623	10.6912380722185	-10.563599332163	-3.10926529038071	-2.17860115580993	LV3003047101	current_taxon_centered_log
78.5606865314302	-3.58190614156977	16.3496252945705	-5.01075388189711	11.5902341838414	LV3003047104	current_taxon_centered_log
83.042975000635	-4.8908596507109	18.5255722508443	-4.66742599954194	10.4170991628062	LV3003047105	current_taxon_centered_log
52.5427575210669	10.275916931382	-6.73085226428797	-9.45663677141657	1.59066108296583	LV3003047106	current_taxon_centered_log
9.99281649936213	14.2363478744443	-20.886875625912	2.47628638472323	-7.57485709727359	LV3003047107	current_taxon_centered_log
28.8399930475326	-5.69995878553061	-18.6926615278337	7.86405515886895	-6.25029946012543	LV3003047110	current_taxon_centered_log
-9.39218950153748	-10.3569568089237	-20.856568478822	18.1422523403532	-8.16584704954469	LV3003047112	current_taxon_centered_log
-32.466723647861	-29.469671484599	-21.9805275637763	12.4508287422695	4.01390028892214	LV3003047113	current_taxon_centered_log
11.4030465523879	-4.75633088066448	-22.2596131949185	20.2135000092217	-4.50430162743734	LV3003047114	current_taxon_centered_log
-4.14305742620628	-15.1252790026012	-26.4116257165523	17.0369420253192	-4.3795158078406	LV3003047117	current_taxon_centered_log
-84.4194791400257	-30.2999623677682	24.7232170996581	-5.33439538500475	6.49375654841953	LV3003047118	current_taxon_centered_log
80.5242898067353	-11.8266311742377	17.67505999576	-3.7877444370547	9.76546973085109	LV3003047122	current_taxon_centered_log
87.93057874227	-11.7856146755761	27.1571412090697	0.774552551116564	11.7953457044379	LV3003047123	current_taxon_centered_log
77.7497168965714	-11.4726578812681	17.6187060582486	-7.11513425385917	8.44061134841651	LV3003047124	current_taxon_centered_log
57.4998260356677	7.02014182910707	3.01189052847082	0.683936124497859	-0.92224575756973	LV3003047125	current_taxon_centered_log
25.8650136753587	-6.03952909391697	-17.4351727270344	5.13631438664531	-8.5808281701051	LV3003047126	current_taxon_centered_log
55.3027863367211	-5.98613128672123	-2.15577373921251	-4.83578750238217	-3.65625876542434	LV3003047127	current_taxon_centered_log
-13.3702861957996	-31.2949763954198	-23.8574322210124	14.6218442494415	6.45003565947707	LV3003047128	current_taxon_centered_log
-11.6003278100333	-32.5686552694942	-25.3618160419461	12.5257968295349	3.44289789294211	LV3003047129	current_taxon_centered_log
4.0760852685137	-14.4270001688629	-24.8470762855616	23.9513392425023	1.61422268094717	LV3003047130	current_taxon_centered_log
-14.7987725894	-10.8736062975763	-28.0029087416354	14.3047462769076	1.44909057770096	LV3003047131	current_taxon_centered_log
-119.443168124179	-47.0898724216498	36.6288919910642	-11.5072489552254	30.2483346244698	LV3003047132	current_taxon_centered_log
17.1260422313239	14.3911528422805	-23.3463907253416	3.73971744943907	-4.74101911917941	LV3003047133	current_taxon_centered_log
21.139473964341	45.2791826031817	4.96840237583511	7.41179702380995	-8.07243632851016	LV3003047134	current_taxon_centered_log
6.87748391743134	29.9373599766922	-11.1826284513666	7.68592166791895	-7.2812602689253	LV3003047136	current_taxon_centered_log
36.9531091329982	-11.0152015530093	-13.7629658855027	-1.70645576558508	2.78590449835995	LV3003047137	current_taxon_centered_log
20.5143733184362	25.3535855053309	-10.3176716588204	1.56621184292432	-8.70704701856782	LV3003047138	current_taxon_centered_log
24.2218484629539	-23.0329534247827	-12.4864300587441	11.4061704279416	-2.50101336217034	LV3003047139	current_taxon_centered_log
79.7786386313183	-14.2316864727486	19.0281762851952	4.2922382442504	6.20195978750795	LV3003047140	current_taxon_centered_log
96.1245698113584	-13.7005741711592	33.1444707320853	1.29396282151349	14.0055692558085	LV3003047141	current_taxon_centered_log
13.3079127792476	-27.1873777863724	-17.6395815572716	16.9127405383161	2.72231247370104	LV3003047142	current_taxon_centered_log
-11.0014743482802	-11.3940417547896	-28.1479651592657	18.4849489347013	-2.87472080420529	LV3003047143	current_taxon_centered_log
-51.5680635110273	-39.3802931119301	-15.2588953458517	17.3932889189367	17.041908665879	LV3003047144	current_taxon_centered_log
-38.8111238025047	-32.4662589454524	-2.50648813561941	-37.9845072702714	-29.7215756091689	LV3003047145	current_taxon_centered_log
-22.6772525168054	-18.2884994728873	-20.9705951409554	5.78830458744166	3.92142957322118	LV3003047146	current_taxon_centered_log
10.4850108693636	-15.9487226330096	-18.7840131105414	4.4951758215186	-6.09699354908011	LV3003047147	current_taxon_centered_log
18.4069197942484	-7.99261728052715	-20.1328641940066	0.862101731366914	-9.52042963750782	LV3003047148	current_taxon_centered_log
26.3926399504437	-6.97472913613121	-15.9910702336385	0.406729767630439	-11.1388297221012	LV3003047149	current_taxon_centered_log
-9.00566558033979	-25.3552063321812	-20.5098651719955	11.8825108964741	0.567738296178597	LV3003047150	current_taxon_centered_log
-1.74415690133468	-3.44471769847348	-23.7520988220777	17.1780907596593	-11.4334118553913	LV3003047152	current_taxon_centered_log
-14.3198201763213	-10.8166517449495	-29.4195652166049	18.2915277906702	-5.69743758462341	LV3003047153	current_taxon_centered_log
10.0692163161059	-2.69111592257426	-21.8363404528255	8.36659360477272	-13.3283756215605	LV3003047154	current_taxon_centered_log
23.4142425985007	-26.9762293188888	-24.146821510915	5.22252864891598	8.23371408418809	LV3003047155	current_taxon_centered_log
-36.7064338759018	-38.6789484250992	-14.015407007932	15.8794036033484	12.5943076670254	LV3003047156	current_taxon_centered_log
23.9248211878839	-24.4711953568026	-13.6360310081952	13.0913276014842	0.326581125644884	LV3003047158	current_taxon_centered_log
25.6372970807752	4.33676347724693	-12.9628427230197	13.545481038172	-9.46027029744018	LV3003047159	current_taxon_centered_log
98.1552381579436	-14.1021333104136	34.9551457581799	-0.985411933962814	15.1991449988706	LV3003047160	current_taxon_centered_log
96.121970199066	-14.4388684368415	33.5824952349643	0.632376290510243	14.0730010179198	LV3003047161	current_taxon_centered_log
96.9801114701211	-12.6469761751388	33.6826168475381	-4.98511924239224	16.3294188018238	LV3003047162	current_taxon_centered_log
20.7512239870454	-10.3361396195019	-23.0472921064579	11.2847307174354	-5.44776933737994	LV3003047164	current_taxon_centered_log
-12.7871795453298	-11.5739093050501	-26.1627035084891	20.8096649258988	-1.11171516028381	LV3003047166	current_taxon_centered_log
22.9347566396252	-22.4550086281747	-19.37111759892	13.1668133307029	1.20848946002811	LV3003047167	current_taxon_centered_log
-19.7735964242863	-39.8169240192326	-21.1336241896399	9.91289444403329	8.48442402766999	LV3003047168	current_taxon_centered_log
-33.5020599887056	-43.3028137398046	-22.7076415732368	8.24677555626259	19.0076543157648	LV3003047169	current_taxon_centered_log
69.7067437419306	-7.26137868623121	16.1119411187293	5.66821326094523	4.59416394411174	LV3003061473	current_taxon_centered_log
-34.8289059574337	26.7756519018492	-11.6706857883514	1.04056410256823	8.42763417229413	LV3003061474	current_taxon_centered_log
-0.0145043943704769	2.85820708190953	-21.488993594874	7.79799279684256	-9.08035208818627	LV3003061475	current_taxon_centered_log
-37.2010598267625	2.74117006239152	-14.3585800278713	23.1641492714263	5.58260625559648	LV3003061476	current_taxon_centered_log
-109.681274807334	-34.2505878086752	52.797644734325	-1.47059812748999	10.2662854632672	LV3003061477	current_taxon_centered_log
-86.2865123311766	40.4656215520635	21.5708198495941	3.53911111624277	24.3757847925654	LV3003061485	current_taxon_centered_log
34.6570163435509	-3.92891128969906	-12.8873663139064	4.55617749074528	-9.01963012614452	LV3003061486	current_taxon_centered_log
-66.2354026445406	-19.0789281530739	0.605982459685722	24.0753747173681	17.728277803751	LV3003061488	current_taxon_centered_log
47.3914548564817	23.6401655459161	19.2592579300175	7.9706386171258	-4.25547758027572	LV3003061489	current_taxon_centered_log
-117.879040435226	-40.2850578507781	54.7844417840041	-16.9457693636086	3.14934346799338	LV3003061492	current_taxon_centered_log
-1.72211257658819	-16.0946398680468	-14.4091574527298	-18.0480712960909	-27.9781620406951	LV3003061500	current_taxon_centered_log
-8.96754114192062	41.4617745197485	-5.43076274495458	-3.01113803813534	5.23320250754223	LV3003061501	current_taxon_centered_log
-60.3706831598151	30.9437842610056	-1.163065416613	6.08073130027924	15.0208102700569	LV3003061503	current_taxon_centered_log
0.202646198730994	-3.28699618780833	-19.6628255926274	19.7549997463583	-8.18458321369874	LV3003061504	current_taxon_centered_log
-16.7840569659559	-17.2277899641869	-21.2954324341341	19.0389812634959	-5.49896740026152	LV3003061505	current_taxon_centered_log
-0.595466087880631	-21.9800052337202	-5.53862885779921	-15.4053804289319	-40.4279490598307	LV3003061506	current_taxon_centered_log
23.1636397909296	-5.85300919782469	-7.90586460011863	14.7202057247548	-12.5840134873177	LV3003061513	current_taxon_centered_log
-82.449263335661	55.9351026163422	30.5099844744795	3.14168176002313	16.1283603751392	LV3003061514	current_taxon_centered_log
-93.8751258680172	50.9325982139308	38.329156294106	17.2271387449514	19.2229946957141	LV3003061515	current_taxon_centered_log
-3.29350054889059	-3.09429944641163	-22.1483349271151	19.7552631971959	-8.44339606020855	LV3003061516	current_taxon_centered_log
-74.9297929925425	-2.1720592078644	7.58702734962591	21.1458749631579	18.9484160825012	LV3003061517	current_taxon_centered_log
-87.3209800315937	-22.4986859221559	36.6748009230525	-3.12806168357728	2.9949264321759	LV3003061518	current_taxon_centered_log
93.5438715889454	-14.0777127666892	31.1732775778271	0.831552045911878	13.1158031586936	LV3003061527	current_taxon_centered_log
-64.8582799243469	47.2952766277726	15.2427399898982	3.80486416478144	10.0833655321233	LV3003061528	current_taxon_centered_log
-77.7641053159702	11.4830901527162	20.4604018917925	5.41044969806113	10.0935309463273	LV3003061529	current_taxon_centered_log
8.19022635819426	3.52054956074258	-19.4613229650091	13.7543387209733	-10.9193942203199	LV3003061530	current_taxon_centered_log
-79.0764872029072	-20.9086890004571	-1.70402518935079	8.90857446626161	25.0887758315126	LV3003061531	current_taxon_centered_log
-12.1789016108886	-27.2887198673592	0.859798233990819	-42.1233426853463	-57.6384252417475	LV3003061533	current_taxon_centered_log
18.6497500238336	-7.33808467527838	-9.33988704280817	18.2775820026049	-9.37964134578769	LV3003061539	current_taxon_centered_log
-20.8107264080939	23.0024362530574	-23.8272646798362	-7.47792692044734	10.7121769830233	LV3003061541	current_taxon_centered_log
-63.7349147501253	15.6246132002632	7.76848536472998	21.7082867059889	14.5904891657524	LV3003061543	current_taxon_centered_log
-23.1623661438592	-2.37982499229537	-17.0201898948304	22.1220293187397	-1.88934892253636	LV3003061544	current_taxon_centered_log
-62.9110281833978	-37.0814366336911	-3.37874531941876	14.5923054824849	18.8044150240632	LV3003061545	current_taxon_centered_log
15.0510290825131	-25.8405737267913	4.79508487058047	-48.8330318802767	-55.2208704747989	LV3003061546	current_taxon_centered_log
83.0487964257158	-14.5767827179	22.7800321284205	2.34786256155062	8.674852896613	LV3003061555	current_taxon_centered_log
-9.41590908348844	31.2224996817502	-12.3909762663005	4.74136834192484	3.0863409975298	LV3003061556	current_taxon_centered_log
-12.2185055330199	29.5812087079892	-0.18678394741421	22.3455261614587	-6.17318918097595	LV3003061557	current_taxon_centered_log
-37.8795458984745	-9.29400832959521	-17.9172882117863	23.0402073795192	4.30425533003038	LV3003061558	current_taxon_centered_log
-51.5188791738561	-17.4843527291562	-6.2183421799291	15.4846441072456	11.3350252354702	LV3003061559	current_taxon_centered_log
93.0831011467949	-13.8793949639724	30.7095163370867	1.52472299127429	14.1741190722189	LV3003061568	current_taxon_centered_log
-43.4247951348679	40.5685101433719	-3.7353845363275	0.754267850650552	8.30187052744357	LV3003061569	current_taxon_centered_log
-25.5926140038448	17.4700973089863	-13.5275991066333	17.8233293726261	-3.63539817999511	LV3003061570	current_taxon_centered_log
-18.5315852536608	-22.5832517314176	-24.66934532201	2.0423458683966	-0.582410248838392	LV3003061571	current_taxon_centered_log
-103.910369336249	-37.9305067388369	44.5817009755278	-9.4355479815856	8.77226063855985	LV3003061572	current_taxon_centered_log
-41.1448201297664	-22.7642281816736	10.8222551758471	-22.3793668123636	-44.7557781697699	LV7001898064	current_taxon_centered_log
-115.704220457423	-30.874054970657	58.5286171630197	-18.8562999873112	-13.3349470070901	LV7001898076	current_taxon_centered_log
-64.9758266158333	17.292901112454	18.2903401802926	35.907316554272	-8.43601614076403	LV7001898088	current_taxon_centered_log
-27.7059234920953	55.7234826013604	24.8985291365555	26.3743105055029	-31.145482742099	LV7001898100	current_taxon_centered_log
5.78257085826697	-3.26540360954156	-29.646050050856	-5.87548430792312	-0.502962129837582	LV7008886221	current_taxon_centered_log
27.6246232700349	4.57167145053283	-10.8880576631559	5.36872884663684	-6.10940164685619	LV7008886222	current_taxon_centered_log
12.9838577986524	-4.80292021221839	-22.5302809841506	-7.98093691650839	-7.67271668575202	LV7008886226	current_taxon_centered_log
89.3907393224125	-13.1006226507368	24.2717754648476	-3.78779156481725	15.5858107088879	LV7008886228	current_taxon_centered_log
-61.2460271846208	55.1796256605697	-12.8401164297886	-38.0549806463422	29.2849459971104	LV7008886229	current_taxon_centered_log
47.4046966351361	-21.2827564000277	11.1560841743458	-42.9484557864861	-34.9120795245217	LV7008886690	current_taxon_centered_log
34.1400529762377	-3.77573755305184	-18.2548763809454	-2.40555514898717	-4.79704106212227	LV7008886692	current_taxon_centered_log
-10.6533454843781	48.9513774885632	-29.3244594784964	-45.0260447516876	21.8483551539192	LV7008886695	current_taxon_centered_log
-25.4959578536559	-21.1044863100127	0.301534437589191	-25.5803834708458	-51.3971217417557	LV7008886702	current_taxon_centered_log
-46.1846846379083	-32.2984136021489	-19.4182831167211	12.4046802106792	20.2727328702783	LV7008886703	current_taxon_centered_log
20.4782983800406	3.36334949251177	-18.0522580523787	7.56772881135806	-8.49402458401284	LV7008886704	current_taxon_centered_log
62.5393391852582	-4.81621946005701	6.12814522348241	2.5120587782882	0.576761035950554	LV7008886705	current_taxon_centered_log
-42.3231746685961	51.3883453229376	-14.5378548534706	-34.1523722132109	17.5939000727388	LV7008886706	current_taxon_centered_log
9.33041055516293	38.569889272783	-30.6370564488952	-42.0932004623297	18.3619375413536	LV7008886707	current_taxon_centered_log
20.5612901903296	43.0517853146641	-19.6383919920144	-46.8259795889707	17.8259577990674	LV7008886708	current_taxon_centered_log
24.4480439209798	-2.59652864419772	-15.1143874664101	-4.45510881041295	-7.46733354949548	LV7008886709	current_taxon_centered_log
-20.6205554069442	36.5499307027724	13.5208951691251	14.4406070410761	-33.5516996717091	LV7008886714	current_taxon_centered_log
-53.5116328686492	-33.6066987872044	-15.9033493561445	14.6247409329806	19.1413320088969	LV7008886715	current_taxon_centered_log
25.0205389212196	12.0531710797988	-10.0613492652794	1.84325184324213	-6.00991923451282	LV7008886717	current_taxon_centered_log
-30.3952954514645	32.3796558832387	-20.4019960781797	-26.1423360664972	18.0523538277154	LV7008886718	current_taxon_centered_log
28.8000599488473	19.2893064893185	-28.9136519571551	-39.3588002878735	13.8904992684318	LV7008886719	current_taxon_centered_log
5.40060071316817	58.7314864104179	-15.8889561467448	-52.0575362655529	19.6731274342557	LV7008886720	current_taxon_centered_log
3.46240203352741	1.18279051532455	-19.6585389612278	-4.38647839770486	-7.29589033373874	LV7008886721	current_taxon_centered_log
-4.61004229830314	43.1132748750812	14.1709662964496	15.9647515732268	-32.6981778154499	LV7008886726	current_taxon_centered_log
-92.7853789210796	-39.4349460241111	41.5143856062207	-15.039327668439	-4.59077281338977	LV7008886727	current_taxon_centered_log
6.50339785444154	-12.4428623696306	-25.5224185275013	12.2954561547243	-3.94784272218621	LV7008886728	current_taxon_centered_log
-52.4017728165537	48.9188435663636	-15.8775325659921	-33.781470068802	31.0813433118574	LV7008886730	current_taxon_centered_log
26.7996017333644	18.8598989072227	-28.5233776895205	-42.1646605352239	12.3703107531043	LV7008886731	current_taxon_centered_log
-112.00415909621	-35.1200022491347	51.5049434272698	-9.90928687809273	13.3832575447181	LV7008886739	current_taxon_centered_log
-12.3578122619029	-7.2216651727633	-19.8754548894118	13.405815271293	-0.338474638176909	LV7008886740	current_taxon_centered_log
84.8191404817895	-10.8589331272577	25.3199937615389	-2.10847807974013	9.8888229769047	LV7008886741	current_taxon_centered_log
-72.957367948023	46.8534322970204	-7.87629290884455	-35.3721072130882	39.6946359536735	LV7008886742	current_taxon_centered_log
14.8749801021594	40.7370001366602	-26.5926617238212	-39.57385808129	12.2042700387992	LV7008886743	current_taxon_centered_log
39.1582520057539	33.7600714658716	-15.6962258127462	-44.9663178166758	15.7317081876081	LV7008886744	current_taxon_centered_log
49.6625290764413	-2.30274721882236	-2.63731759669024	0.722040018569058	-3.10252272061363	LV7008886745	current_taxon_centered_log
-2.57526390578406	-23.2614125701556	-6.83839351085836	-44.6990935033557	-44.8952274125253	LV7008886751	current_taxon_centered_log
-1.08868707405842	-8.22982918216202	-30.0218499883353	9.31228340786386	-2.84367181594897	LV7008886752	current_taxon_centered_log
37.5054146507159	11.9458853090344	2.62861327499195	3.95842571471806	-6.35214715712336	LV7008886753	current_taxon_centered_log
-66.9232872805893	56.4195071932224	5.54422552553808	-20.5328290269929	25.0499645490785	LV7008886754	current_taxon_centered_log
-6.43577495486233	55.6015726515102	-23.8208940162903	-39.6225586813169	15.4025024433937	LV7008886755	current_taxon_centered_log
22.2027554390686	33.9804577119981	-27.5345590147235	-40.4222907812414	13.0081934529792	LV7008886756	current_taxon_centered_log
89.1827954247172	-13.0237346222484	23.2954053456135	-5.45019265226221	17.8222164267708	LV7008886757	current_taxon_centered_log
44.5742169669566	-21.8043501896042	7.92456515493543	-36.0521929726724	-32.5530628273533	LV7008886763	current_taxon_centered_log
-8.2795209019892	-2.22697205724196	-29.0171703536462	1.27498373483565	2.70351708182637	LV7008886765	current_taxon_centered_log
-62.9415102926921	60.5418442459583	4.78765132813873	-19.8061073419922	21.6000204413731	LV7008886766	current_taxon_centered_log
-19.1508839896214	50.8956139202108	-23.1991501592669	-32.8075138078941	13.53155513043	LV7008886768	current_taxon_centered_log
72.8088576092394	-15.885977761508	11.5273648387243	-3.86256923745985	18.4497222396051	LV7008886769	current_taxon_centered_log
-67.1308547195354	-12.1321438537908	-3.40477363104884	22.1888626773957	22.7583780453447	LV7008886776	current_taxon_centered_log
-52.1557300436086	61.1761422041888	-7.4033325168665	-30.3217348028338	23.2013524580004	LV7008886778	current_taxon_centered_log
-43.8758376418196	50.975735680661	-15.3600596516674	-30.3241027351634	19.220140880267	LV7008886780	current_taxon_centered_log
92.6388398394822	-13.1643449424513	28.4762144830833	-1.30439747277736	17.2595598613105	LV7008886781	current_taxon_centered_log
-51.0176019002785	-29.9370766710269	42.4881980257178	-11.9512281121449	10.34030651006	LV3003046936	deseq_length_log
-33.4996013955571	-27.0010980329094	2.35755509389744	4.52055464576286	-5.55412322782235	LV3003046937	deseq_length_log
-8.94186932711894	48.6444739113012	32.1766476359404	39.3262879394603	-14.6983059526228	LV3003046938	deseq_length_log
-8.70958836100378	47.7789601709715	21.0861275304908	25.2477266106465	-29.1137304046137	LV3003046939	deseq_length_log
-45.8574306146609	-27.8674400408538	34.9390405649351	-6.66152758327036	13.8973215772079	LV3003046949	deseq_length_log
-42.6613831956002	-29.5713886854194	28.9820425225493	4.56455959014456	9.64962574522799	LV3003046950	deseq_length_log
4.1894621974801	51.1868769007655	30.7553914488377	34.2834236803319	-18.8349212773475	LV3003046952	deseq_length_log
-9.28728947552119	35.9495304719687	19.4409368245953	19.0100395274832	-26.1084290636136	LV3003046953	deseq_length_log
-53.0986014511813	-29.7893177233728	47.1531985013261	-11.2390029528591	6.29472562249497	LV3003046965	deseq_length_log
-31.033177370676	-36.559467289371	14.5987653972623	5.74755585232323	12.2478361955529	LV3003046966	deseq_length_log
-45.5461503709733	-27.8994537706448	35.0097533823394	-19.5227567311242	6.25139302894952	LV3003046978	deseq_length_log
-28.555906943973	8.77068842528413	8.9599427598915	0.727712708484706	-11.3794895774008	LV3003046979	deseq_length_log
4.36100611583192	52.9929369350066	25.5549454205263	27.3796839587128	-26.9880861355593	LV3003046980	deseq_length_log
-31.8155755998044	10.7978047941996	50.1198168396818	-29.6296924024277	-39.3885046131318	LV3003046993	deseq_length_log
13.8325574232453	-23.9093494136486	2.84568999217588	-43.0442872758746	-32.6798535822185	LV3003046994	deseq_length_log
-2.97501474153677	48.9962912361798	24.1889518580809	26.9115071501055	-27.6142724810205	LV3003046995	deseq_length_log
-1.69869408272488	-30.322892488115	14.3521591881586	-53.7656955365486	-39.5391487579977	LV3003047009	deseq_length_log
0.164711235629516	52.4221275916187	31.2996882983597	32.1755781939287	-23.1361003255885	LV3003047010	deseq_length_log
5.76831266391674	53.9217088546787	19.0921866309853	28.9093057088043	-28.988784876751	LV3003047013	deseq_length_log
-29.8024160086132	-25.3457492603797	31.6591129942179	-55.9722258363432	-32.5055873940004	LV3003047026	deseq_length_log
-22.7096819472762	39.7527174668598	31.2474753969618	35.88456461911	-11.54303860042	LV3003047027	deseq_length_log
81.4928451622568	-2.26285456984406	27.1321051964134	10.9234730406821	1.55686162972286	LV3003047028	deseq_length_log
-49.4156599872303	-28.076375482475	38.1268996063816	-21.3423745127046	-2.0200671774244	LV3003047041	deseq_length_log
-13.0315272024794	-23.1536726342368	-4.73999696439949	27.1463015746556	6.24532501603487	LV3003047044	deseq_length_log
-4.95927589130827	47.9844267043103	20.7280761008312	27.9053773844733	-28.9091075849424	LV3003047045	deseq_length_log
61.399642408208	-4.80854435937631	-2.68222233778999	-2.52925867446012	1.52158737090925	LV3003047059	deseq_length_log
53.4197341625509	0.0329572831239563	-6.24361473386901	5.32714105449181	-4.66697241656542	LV3003047060	deseq_length_log
70.4495226366549	-7.63845483332808	8.01550580933509	5.13389396080504	2.32370497962306	LV3003047061	deseq_length_log
75.5014429460013	-14.9736249118792	12.6967437178843	-0.151510919785926	4.19100035830228	LV3003047062	deseq_length_log
86.6865123677284	-12.2874481808218	25.8901109234461	5.71353924332212	12.5093102844831	LV3003047063	deseq_length_log
90.0356413569948	-9.29733129582952	32.564104988287	3.09206600858902	11.7515103397258	LV3003047064	deseq_length_log
34.0585972868384	-13.2443434092388	-6.04181450071971	-9.14349524457096	-2.38469488338694	LV3003047065	deseq_length_log
-30.9123146704625	-7.49924687719382	-13.6920578909779	14.4626044860151	-1.67031907967686	LV3003047067	deseq_length_log
-15.0289812588421	-14.3956548429403	-30.0366888394806	9.55360408899432	-10.505218846773	LV3003047068	deseq_length_log
-18.2863770793834	-13.4815864711629	-26.5269421475894	12.2700359092761	-11.3216614793026	LV3003047069	deseq_length_log
-12.877477721066	-29.1367814300895	-23.9221657978125	6.31277047319701	8.45054504624279	LV3003047070	deseq_length_log
-21.1447129618762	-37.9779834774706	-10.9440173954842	6.71151362228991	19.5619311280331	LV3003047071	deseq_length_log
89.4421154678711	-9.95898227281708	36.0985363401502	8.58501782861335	9.81070268851149	LV3003047073	deseq_length_log
89.3987845561288	-9.92467297023176	35.6111359071801	8.23626059111101	9.25563854705317	LV3003047074	deseq_length_log
73.8755481370216	-14.5704002172846	12.1383878951573	5.72283749804175	11.0836999382842	LV3003047077	deseq_length_log
89.1412739325359	-10.6161851691085	27.9059309317126	6.04180121610753	12.635316628132	LV3003047078	deseq_length_log
35.8315855755453	32.6691174541443	4.6027208433777	8.93634182997997	-9.68301642205195	LV3003047079	deseq_length_log
-2.78779318014172	23.2977588060027	-29.3946201675866	-15.0792815850396	-0.56801635855819	LV3003047080	deseq_length_log
-20.6257970124303	-13.5948480220562	-16.612297614193	4.95747759561161	3.24838549756867	LV3003047081	deseq_length_log
-4.29304347235465	-5.01186672108572	-32.7462108743787	8.78982190415678	-15.8520417861997	LV3003047082	deseq_length_log
-16.9360029252958	-9.84662006802212	-32.8440468536694	14.8498354419717	-8.65655966354229	LV3003047083	deseq_length_log
-32.3806992645233	10.4694957901567	-5.92272565327136	14.5404474955252	1.29679620515719	LV3003047084	deseq_length_log
-12.0388027308227	-40.3507017273743	-4.75188431146295	8.77791099918318	16.7620656809553	LV3003047085	deseq_length_log
64.8406752489073	-7.73894265512399	4.98496689091716	9.40285726002227	3.88100395520587	LV3003047087	deseq_length_log
73.1640447018387	8.08034292837991	15.6643562206154	5.16154711579922	-0.303773438786933	LV3003047088	deseq_length_log
64.2636415540789	20.7872406763618	16.5097750096258	0.501885939635923	2.38246074821884	LV3003047089	deseq_length_log
65.0702515648745	6.7008312398474	3.28779961696005	-5.58308713633345	4.27973618427079	LV3003047090	deseq_length_log
23.1644365960982	38.1656693500134	-14.5376283861725	-5.40607938900189	-1.50104784721175	LV3003047091	deseq_length_log
3.85038401842917	43.8044741120715	-15.7365573157325	-4.31990940501095	-5.44092806966626	LV3003047093	deseq_length_log
-12.7198524377111	11.2721934468429	-29.6362804960915	4.89986427899082	-5.85776610053804	LV3003047094	deseq_length_log
-12.1980750926583	0.623588474811649	-34.0704047757677	8.62640026579492	-9.73777280594816	LV3003047095	deseq_length_log
-21.312748887105	-30.1853725428028	-16.152079887513	4.82813846353901	10.5687167890205	LV3003047096	deseq_length_log
-22.5591709539273	-12.718333762763	-25.4356613410655	15.6076784760088	5.48140021271918	LV3003047097	deseq_length_log
5.50693133201574	-30.1594501824557	-25.2799448272114	6.80033817131718	8.62397435523421	LV3003047098	deseq_length_log
-26.812900464216	-30.7154715343454	1.96372926194859	0.186158650047611	11.2342972047041	LV3003047099	deseq_length_log
0.524489319286582	35.8326273897822	-22.7272550966874	-7.42868061617876	-4.62503668491328	LV3003047100	deseq_length_log
14.955467732659	13.8032763428412	-27.0155081118618	-4.77245711054892	-2.29520194463398	LV3003047101	deseq_length_log
65.5981286474302	1.24216309955999	1.78319021716201	-2.33401489309957	7.15682376244591	LV3003047104	deseq_length_log
70.423525254701	0.0966828268170863	2.82551906980598	-2.14002832731146	5.06174667403817	LV3003047105	deseq_length_log
33.4994328138035	16.0247209007773	-27.8821040706107	-12.6491728868003	-1.04563423360571	LV3003047106	deseq_length_log
-10.8553002001569	14.9887998056588	-31.6004611547699	-0.0681753287470906	-4.47645945254756	LV3003047107	deseq_length_log
3.88940925307358	-7.42416932953011	-34.3059739767449	7.33776370158625	-9.47804878518694	LV3003047110	deseq_length_log
-25.5623462298314	-13.3561762171473	-20.185391057984	15.6513892437597	-5.21859918552391	LV3003047112	deseq_length_log
-30.8767864858668	-28.7565491228454	-6.02009577277836	6.93797245684502	9.2701092122366	LV3003047113	deseq_length_log
-10.0907384659866	-6.39107510003246	-28.2179143815242	18.9605342719984	-1.98970713394361	LV3003047114	deseq_length_log
-19.4083912632631	-18.0915400092039	-25.4293452951595	13.2892916493257	-0.371374497299188	LV3003047117	deseq_length_log
-46.6706917677922	-22.1948544851853	31.6357243036144	-4.33703112686326	2.68608873184229	LV3003047118	deseq_length_log
66.4008848805571	-12.010583508244	3.97110442607872	-0.817099022610126	6.44341340831998	LV3003047122	deseq_length_log
75.6582933297961	-9.85935670401507	18.2738313440738	6.70979198126253	6.37187841267388	LV3003047123	deseq_length_log
65.3173541874089	-10.7928418586689	7.86829707140397	-5.18555803733763	5.55059334860003	LV3003047124	deseq_length_log
37.071641554148	13.4384986520055	-18.3016025377908	0.911249803165269	-6.43945328744759	LV3003047125	deseq_length_log
-0.00939411443036398	-8.52703373355772	-32.58650981836	3.94735245733476	-10.111934582481	LV3003047126	deseq_length_log
35.3280380729266	-4.84916439765677	-21.517680493432	-6.27888066383044	-9.61423750172445	LV3003047127	deseq_length_log
-16.9243810916792	-32.9366709204079	-11.2318782987078	10.8231983342486	13.2296757453765	LV3003047128	deseq_length_log
-17.1824542898341	-34.7765167225364	-13.0526317461661	8.23295806992862	9.84787908326311	LV3003047129	deseq_length_log
-14.6897371378493	-16.8976203497397	-24.383790562817	21.7832388245993	6.11799505817857	LV3003047130	deseq_length_log
-26.6515561374637	-11.6167068045008	-21.8136551193959	9.62952475625119	6.98345542674095	LV3003047131	deseq_length_log
-55.1629488210061	-28.7334545495281	44.4250176635264	-8.11740582381487	15.6621307407094	LV3003047132	deseq_length_log
-3.71202254390815	15.8612553776041	-36.4768214419747	0.937656594122751	-1.9373456157731	LV3003047133	deseq_length_log
9.08966677152183	51.0117345143628	-5.2032790504435	8.370568938607	-8.6759982798283	LV3003047134	deseq_length_log
-10.2522057311362	34.4616471883842	-18.8650717040127	7.12986363446824	-5.80643883896933	LV3003047136	deseq_length_log
20.5942975528366	-13.2997894950197	-22.0621230743328	-2.10457986151712	5.6827429197478	LV3003047137	deseq_length_log
1.63362446217991	31.0802188027082	-23.1302400733738	0.704385502949557	-8.51711105320775	LV3003047138	deseq_length_log
5.17533012217875	-28.7202389956033	-15.9084616298463	12.1271751266494	1.08472930085959	LV3003047139	deseq_length_log
62.3502287774836	-15.5405296422689	5.34668632415379	10.4202230322273	-0.940754238523668	LV3003047140	deseq_length_log
84.4725782916271	-10.6388313681644	27.6713985810927	8.71239553808527	6.46615986684896	LV3003047141	deseq_length_log
-0.172216460214922	-30.4625717245512	-16.3776661696909	15.9407296038472	5.86879472508885	LV3003047142	deseq_length_log
-23.8220525067045	-13.8509200795767	-22.9976436475327	14.5054784159519	2.93838845053475	LV3003047143	deseq_length_log
-33.5609830325549	-33.6411380605055	4.21290510493855	10.6000619350852	17.7619669960301	LV3003047144	deseq_length_log
-28.3986222244423	-29.9857559556395	13.0530656616437	-34.8260398009446	-18.4576481586155	LV3003047145	deseq_length_log
-25.1613823651385	-19.612908439251	-10.1473896681898	3.19409192656456	10.4263322320371	LV3003047146	deseq_length_log
-8.4775720985141	-20.3478753637935	-21.8309702024149	2.40543729772667	-0.806181386258132	LV3003047147	deseq_length_log
-3.68223934508822	-11.06292024561	-30.3171018352749	-1.22003206371464	-7.44084567845603	LV3003047148	deseq_length_log
1.4204793726294	-8.47867970078695	-29.7935534875398	-3.18036372019305	-11.4635433529606	LV3003047149	deseq_length_log
-20.7683003027438	-28.3539569666925	-15.0665990839189	9.91862708139507	7.95230165326541	LV3003047150	deseq_length_log
-20.5294199165691	-5.17292467033787	-27.6805423564774	14.3841779225198	-8.96166678400354	LV3003047152	deseq_length_log
-27.2338799975654	-14.0798319847614	-26.0771815407427	14.5469999329588	-0.767647361223873	LV3003047153	deseq_length_log
-12.5013904206426	-4.21808875951467	-32.8276257913455	5.79506640715532	-13.3533683409349	LV3003047154	deseq_length_log
12.7956953238986	-30.1393442505932	-17.9412848824514	2.01075828384483	13.143121689522	LV3003047155	deseq_length_log
-27.5780261112271	-34.0762927439515	2.65372941938934	10.736272034867	14.8578815751695	LV3003047156	deseq_length_log
7.50279127845524	-29.1399090110236	-16.0035902215323	14.119961458081	3.92567743661252	LV3003047158	deseq_length_log
1.43932201114317	5.18469890550155	-27.9160796749983	14.0517044689131	-11.7310665679525	LV3003047159	deseq_length_log
88.0897732230791	-10.6581807130095	31.314834030643	5.96474293234352	8.27151470325131	LV3003047160	deseq_length_log
84.8968362894913	-11.7663380577035	29.055109601415	8.03938260946387	6.72576977924665	LV3003047161	deseq_length_log
88.6729200776507	-9.26001002214049	29.8075591996121	2.62819323252462	10.3458242899466	LV3003047162	deseq_length_log
-1.54453686965008	-13.1255621271	-34.1922579390374	9.41422345751775	-7.10578901549804	LV3003047164	deseq_length_log
-26.64202303041	-14.0388612133837	-21.6568419248201	17.2428490401121	3.87926877211293	LV3003047166	deseq_length_log
5.35281861771386	-28.1898158006811	-21.7080151731665	12.3836368715577	4.89733663943982	LV3003047167	deseq_length_log
-9.86194724065125	-37.4168315480668	-1.74530618351247	5.87713397208372	14.3441635075053	LV3003047168	deseq_length_log
-19.7578754179999	-38.4827841460496	-1.18165512876754	4.31463487009213	21.5721657279741	LV3003047169	deseq_length_log
53.5454442871886	-5.03955021959293	1.55303645212913	11.7526558064757	-3.80872300567398	LV3003061473	deseq_length_log
-33.4655158562992	23.536339426309	-1.88265434788258	0.0892904355475188	11.0065123832131	LV3003061474	deseq_length_log
-17.4333407789358	2.05480585356284	-25.689076540774	5.55046409121519	-9.01954043313689	LV3003061475	deseq_length_log
-34.7097767270409	2.87699938888041	-1.64544988685273	17.688127568727	7.59423393940721	LV3003061476	deseq_length_log
-54.4743031531067	-19.7083290448688	52.6340529734479	-1.50410073030654	0.567356877168443	LV3003061477	deseq_length_log
-45.1028672599069	35.360234721799	30.0315289182304	3.86204440321406	15.0996180060183	LV3003061485	deseq_length_log
11.2362460983975	-4.800251146103	-27.8858444190662	3.43075535924526	-15.0626474672557	LV3003061486	deseq_length_log
-45.0230328300771	-15.1262043744739	18.2892857622071	15.9887129536171	13.8497248332882	LV3003061488	deseq_length_log
38.3820966330495	27.4586112474497	9.32107601834357	10.4234351996547	-11.092562253558	LV3003061489	deseq_length_log
-54.4611808031118	-23.1098263312758	53.446029606084	-11.415920178792	-2.68288986548006	LV3003061492	deseq_length_log
-11.1251050236038	-19.0630346313299	-12.5095990059394	-22.0392875200812	-23.5199470067332	LV3003061500	deseq_length_log
-9.92375619552867	38.8465975367761	-4.36389791225212	-2.70553788003994	5.58583979133891	LV3003061501	deseq_length_log
-40.2726308143665	28.2011051199495	11.3347127113615	3.89071575469334	13.2228393306142	LV3003061503	deseq_length_log
-19.7566247937936	-4.34302449099868	-22.3879119079906	17.9037865218179	-8.6623118614991	LV3003061504	deseq_length_log
-30.3955716666982	-19.6098971638953	-14.1346690739928	13.7837174175833	-2.22793949088429	LV3003061505	deseq_length_log
-10.4932453133949	-23.980953968618	-3.64796441112009	-20.0003272775182	-36.7596944117668	LV3003061506	deseq_length_log
0.434150308504286	-7.53594680072322	-19.0969478031327	14.9504029185207	-18.2118210799879	LV3003061513	deseq_length_log
-40.7126293088957	45.3622413930549	33.1896487498895	5.18371841338473	9.38429969017496	LV3003061514	deseq_length_log
-46.4662135433	43.913113096632	40.9049069540673	13.7814068475865	10.3500056175915	LV3003061515	deseq_length_log
-22.065889658422	-5.42365516744017	-23.8080544237461	16.8710525227878	-8.07582439898972	LV3003061516	deseq_length_log
-48.8120936688361	0.983055576023867	24.9178141666607	13.8226593289999	15.0309793284462	LV3003061517	deseq_length_log
-46.9637538464284	-13.1066550764336	41.998286570791	-3.93716551889877	-2.94544985626394	LV3003061518	deseq_length_log
82.5184098964315	-12.3314198559463	23.580509124297	8.44092392607498	5.34966512822606	LV3003061527	deseq_length_log
-37.256313622318	38.4027957281621	22.2535292195258	4.05109564544541	8.17437824675583	LV3003061528	deseq_length_log
-50.6981562248768	11.2059858672415	29.8081050933181	4.54182222151287	7.32782307409488	LV3003061529	deseq_length_log
-12.0026156078576	2.38263346056706	-26.0008562389253	11.8260193574962	-12.4934039632405	LV3003061530	deseq_length_log
-49.10131995317	-14.6801085406625	18.6405687320878	4.27436125345536	20.4427452710386	LV3003061531	deseq_length_log
-13.6470167452084	-27.6221964166398	9.37589380699235	-44.1681327681707	-48.5048529902733	LV3003061533	deseq_length_log
-1.10064184715022	-8.92561419212287	-17.0617767384333	19.8348542745913	-12.3557231330482	LV3003061539	deseq_length_log
-23.0990737439159	20.9655770614827	-15.9041147982214	-8.14133549064597	13.0737289397094	LV3003061541	deseq_length_log
-46.1043542120787	17.6214900130241	20.7718696124246	18.3296550417674	11.030663960204	LV3003061543	deseq_length_log
-31.8769444317318	-3.53775427280571	-12.0989570783998	18.8877815791068	-0.344375027180231	LV3003061544	deseq_length_log
-39.6591989849652	-29.5891705682919	15.8708357356786	8.06916977429157	16.6646022831961	LV3003061545	deseq_length_log
12.361856480038	-25.8811902337881	10.1262612786299	-48.4976221871132	-47.3851908382583	LV3003061546	deseq_length_log
68.9354732366026	-15.0972226964696	10.9817939928365	8.99108965654601	0.892828564656031	LV3003061555	deseq_length_log
-19.1195827292317	32.8364456503606	-10.3297703314261	3.50671198873857	4.02434968433601	LV3003061556	deseq_length_log
-21.2127757862592	33.1632184582517	0.473142224054087	20.8748564334115	-6.02360068185057	LV3003061557	deseq_length_log
-41.5407985587192	-8.39341967874904	-5.62443654353741	17.3631460286543	6.06763218092499	LV3003061558	deseq_length_log
-41.6478760612794	-15.2841667739312	10.3101924831673	8.57147273510251	11.7909705618847	LV3003061559	deseq_length_log
83.1124494508365	-12.088173352933	23.4961537366249	9.82930051504813	7.41091474801736	LV3003061568	deseq_length_log
-37.3817875166712	38.4009996182389	6.52803274229385	1.30310216378655	10.0066204597788	LV3003061569	deseq_length_log
-32.1622799072287	17.8077312422328	-8.04087584173045	14.6607635437279	-0.822336926275374	LV3003061570	deseq_length_log
-24.2376453954089	-24.2059525161309	-12.1164575087839	-2.68220586925253	4.47359154467293	LV3003061571	deseq_length_log
-51.8332245714383	-24.2141890157357	48.1834058216862	-6.35780318900001	1.98448054379316	LV3003061572	deseq_length_log
-26.396940155022	-21.0582473839119	16.5694283356563	-22.861402710067	-34.822781923683	LV7001898064	deseq_length_log
-52.3881155590909	-16.5261844372103	53.765111561305	-13.7177874971017	-13.7990256081662	LV7001898076	deseq_length_log
-38.1581019874663	15.3806793406146	23.418118801812	22.7406175964559	-6.91026128116353	LV7001898088	deseq_length_log
-9.68576936399872	45.1074986193507	20.2103621424627	17.7861255055984	-24.822443388292	LV7001898100	deseq_length_log
-9.46441793152825	-6.67769187204358	-30.7851439661562	-10.080140074401	3.73789487592198	LV7008886221	deseq_length_log
9.68980182835451	4.12478148821114	-22.9292720210028	5.79760273034997	-9.61333445102329	LV7008886222	deseq_length_log
1.30269875519523	-7.81598192995596	-25.3393188329828	-12.0581497664518	-6.20512489683607	LV7008886226	deseq_length_log
80.4931370029079	-11.8233014858002	15.0480864431681	2.40903022901851	11.7227091712612	LV7008886228	deseq_length_log
-31.0712442242504	42.0815119681014	6.56188728422559	-26.0691107686565	26.5286575424325	LV7008886229	deseq_length_log
48.5172188358984	-20.0700286847508	14.8452869862769	-37.3562279973386	-26.4942516528185	LV7008886690	deseq_length_log
11.5698713130705	-4.95503008155252	-32.4910349311237	-6.22041942497732	-7.42260598479871	LV7008886692	deseq_length_log
-4.98371511743185	40.729912756791	-18.1389554848111	-38.8546474749779	25.8165632262914	LV7008886695	deseq_length_log
-21.6187894195106	-22.040410531744	7.33230210854963	-28.7598683521037	-41.2320911525927	LV7008886702	deseq_length_log
-30.8375022030983	-28.6285349628369	2.90655041712541	6.49969169352102	20.4124256490276	LV7008886703	deseq_length_log
-1.93410610003895	3.41807259600177	-30.0525920548262	5.41035219349929	-10.5006074892586	LV7008886704	deseq_length_log
43.7613761997946	-1.92484967899367	-11.0869537676103	3.56934352452512	-7.83827393978515	LV7008886705	deseq_length_log
-24.9773281161954	40.8193750289951	-0.384233426340713	-27.3455211819964	19.6917964391889	LV7008886706	deseq_length_log
8.06560034888099	32.971714441454	-25.7271815556792	-38.9230399944559	23.1606517749869	LV7008886707	deseq_length_log
22.5467944007623	36.8521775577621	-14.7438886742072	-40.671795219023	20.8688533605078	LV7008886708	deseq_length_log
7.3122877615822	-4.86950843684458	-25.0127796356233	-6.36604622166929	-8.74085162660237	LV7008886709	deseq_length_log
-6.62296609584177	29.2261940089962	11.5514733789259	7.06988063215797	-26.6992366784321	LV7008886714	deseq_length_log
-34.6204850988255	-29.1844675612613	7.19525280652965	6.64988700051911	18.727179953079	LV7008886715	deseq_length_log
4.9504623588204	15.4995396995848	-22.2182319077813	-0.69113496258462	-8.93409519008534	LV7008886717	deseq_length_log
-22.8160225375295	26.5395767408107	-8.58921345649508	-24.0097683370313	21.397050364599	LV7008886718	deseq_length_log
22.9007772516901	16.4480080547666	-28.0606071694252	-39.9714128362529	18.2605349530485	LV7008886719	deseq_length_log
19.6826058311497	44.239828553655	-6.62708551129506	-39.2131576700615	21.4027511902422	LV7008886720	deseq_length_log
-12.4811448556545	-0.883208381875342	-24.0622401967279	-6.77669451190597	-5.68340215269575	LV7008886721	deseq_length_log
1.81642678038489	36.2506977654933	8.13828656516734	9.80240632065445	-28.2595493226425	LV7008886726	deseq_length_log
-46.1150515296932	-26.3195030997853	43.9117078904645	-11.0102954505591	-7.14319967232794	LV7008886727	deseq_length_log
-10.4929267963718	-16.0765378262834	-26.2018978233128	7.73321441878231	-1.47843255812951	LV7008886728	deseq_length_log
-27.6303979125928	38.0305358964662	1.87437546764328	-24.7739663469856	28.533034391202	LV7008886730	deseq_length_log
23.4205054305614	15.1847270601834	-25.3103547909494	-41.1906864116755	17.3396024535409	LV7008886731	deseq_length_log
-52.1540525242769	-20.9520111086535	50.4026246904092	-5.91547468966983	3.06677788872379	LV7008886739	deseq_length_log
-23.270756998513	-9.86264597842329	-15.5918498162974	9.20690893485137	2.84908519426752	LV7008886740	deseq_length_log
71.6390920536391	-8.28382913141466	17.5611040509326	2.03542192116544	3.04208172847621	LV7008886741	deseq_length_log
-35.8682121352915	36.0427120755909	11.7177551402405	-23.4333587485768	32.0784136668017	LV7008886742	deseq_length_log
8.94439825273367	37.621072770831	-25.7534843347268	-38.5352124165548	16.9021268469987	LV7008886743	deseq_length_log
36.3668838546638	30.9884018090438	-14.7844089519367	-40.9588511188506	19.2551433769673	LV7008886744	deseq_length_log
28.3956177792965	-1.40249036084651	-21.2807020161187	1.17556409970021	-9.40096326775487	LV7008886745	deseq_length_log
-7.00775446992935	-24.5780352594488	-0.524132821992286	-46.7528112611728	-36.2264861797162	LV7008886751	deseq_length_log
-17.8822413697841	-11.5990523695011	-30.1029672056499	4.68990877831613	0.048286038672867	LV7008886752	deseq_length_log
21.8868515690508	15.2225394364324	-9.79299081018918	4.07745817925577	-11.9996679525404	LV7008886753	deseq_length_log
-33.6158817262637	45.033549005725	18.3296938456659	-13.1906456992507	20.226280679305	LV7008886754	deseq_length_log
-2.90647828738462	47.3455786263163	-15.4873711662315	-33.8511097062447	19.0455045845637	LV7008886755	deseq_length_log
15.9876519651529	31.325379137473	-28.0426963126802	-40.811609565047	19.5224794546926	LV7008886756	deseq_length_log
81.0435643049818	-11.8498431424653	16.0969852140997	0.685657322545353	14.8465670199652	LV7008886757	deseq_length_log
37.5118511573246	-22.8835739894752	7.40002608065827	-37.5373223873107	-31.7027284148302	LV7008886763	deseq_length_log
-20.1530613200055	-3.8725935977457	-26.4114548102249	-1.89013117140938	6.69526246920223	LV7008886765	deseq_length_log
-31.3880416011304	48.2741317568144	18.7930429095628	-13.2929520455121	19.0457237727333	LV7008886766	deseq_length_log
-15.3196184791699	42.6247943176001	-14.525524665581	-29.9833210561369	18.9620652482418	LV7008886768	deseq_length_log
66.302941552953	-15.6099580998429	7.3069107257988	2.57686566834912	15.9155962848834	LV7008886769	deseq_length_log
-43.195251018705	-7.99786066266691	14.3135109426298	14.7607280873794	18.7729982655802	LV7008886776	deseq_length_log
-28.4805056296179	48.6348485342688	8.80779473953706	-19.8205184467345	20.4270490601535	LV7008886778	deseq_length_log
-25.540086693005	39.1512080753092	-2.62521006207758	-23.3390916973714	20.9859390168286	LV7008886780	deseq_length_log
83.9914911528683	-11.4300889325727	20.0372208833051	6.09417816690856	13.1540813995651	LV7008886781	deseq_length_log
60.9754159022684	-40.9768480490955	31.4974797550794	-14.1468448520792	29.2240613295116	LV3003046936	sample_clr_raw
41.9649656571928	-15.6199242105088	-1.83631293562246	-4.88768809756556	-5.0015970870927	LV3003046937	sample_clr_raw
-0.991612714272239	57.6720075065143	48.9099272929443	30.691495287513	-33.5847568201014	LV3003046938	sample_clr_raw
5.825276231022	61.6702829010119	40.20885364704	2.15905487094245	-35.9005554656349	LV3003046939	sample_clr_raw
57.6533666930999	-31.724837698369	23.8315684606392	-7.71053468701573	32.3562382373195	LV3003046949	sample_clr_raw
52.7442137470492	-29.050794165645	16.8503651130628	6.77978710247065	8.48033313808063	LV3003046950	sample_clr_raw
-11.5500355452743	58.6579415498423	49.6200278130231	21.7231523186852	-34.8511697464416	LV3003046952	sample_clr_raw
15.9279871041107	51.2013361198721	35.3166280005305	-5.51850047203139	-27.021769674254	LV3003046953	sample_clr_raw
60.8207043321544	-43.1960223603841	38.5447391330052	-15.9243499612275	26.9095997654278	LV3003046965	sample_clr_raw
43.0576079832421	-37.8192205736439	-1.2995271521706	16.8169345987349	-1.99129485093268	LV3003046966	sample_clr_raw
54.1173899718911	-34.8070591460735	20.7366612155746	-27.5018866162267	27.5342630614414	LV3003046978	sample_clr_raw
17.6398366085238	10.8516855043233	2.07754509389866	-7.54431393663302	-20.1146403597569	LV3003046979	sample_clr_raw
-11.7156231236542	59.9777722156752	45.905576410381	6.70782947489824	-34.2824819073002	LV3003046980	sample_clr_raw
7.11141031278737	7.47803659978973	40.0711363968768	-56.2921175774641	-44.6920369952871	LV3003046993	sample_clr_raw
-18.4751936032335	-32.7033959229167	-14.3659633855587	-51.32994475222	-31.6157039573301	LV3003046994	sample_clr_raw
-1.84818543371031	53.9195978962501	40.9183503521157	3.67944641059112	-30.10997678414	LV3003046995	sample_clr_raw
-5.88196308085788	-38.4130855903881	-11.9916361966038	-68.0549851098614	-31.5134939054794	LV3003047009	sample_clr_raw
-7.77601280271565	61.4085251869238	52.3658096392036	14.4333214716541	-34.3511240073797	LV3003047010	sample_clr_raw
-13.6293130786901	56.6530152798945	40.0027761836546	7.98655891459559	-34.764980700155	LV3003047013	sample_clr_raw
17.0484671434014	-35.7443909090749	-1.39019993984547	-76.9214024470674	-24.1866515751417	LV3003047026	sample_clr_raw
12.6886769522506	49.0012993377894	44.2262824013736	26.7851640915388	-27.2652707459687	LV3003047027	sample_clr_raw
-55.1821696613936	-22.0845217239269	29.7349845951322	8.81278454826169	7.87441476926482	LV3003047028	sample_clr_raw
58.4511948560683	-33.762040249411	24.0829833163134	-35.209021972696	18.0612619821938	LV3003047041	sample_clr_raw
16.3705889717493	-15.4329174384024	-7.62409622627362	34.1926731757042	-17.3917185639707	LV3003047044	sample_clr_raw
3.22032431056453	59.6834137233008	40.9732921795478	4.07832720076351	-33.6961515262743	LV3003047045	sample_clr_raw
-50.1770934812712	-19.7961425670885	9.5747036498276	5.09733410603922	3.13529728622756	LV3003047059	sample_clr_raw
-42.0942745622763	-13.3810301503426	10.9683940219093	5.82796634805156	1.00148964045712	LV3003047060	sample_clr_raw
-51.7071337429661	-23.0906665733274	18.0147407841387	7.91112574874778	5.63945227026803	LV3003047061	sample_clr_raw
-54.8684123500721	-29.2391768509145	17.7076153865539	6.1769751530697	5.03311157044226	LV3003047062	sample_clr_raw
-60.6638299718693	-30.1746891252124	25.1825891658164	10.9985241397724	11.2529739668665	LV3003047063	sample_clr_raw
-64.4509031574805	-29.6889503407287	26.3326498134347	7.4762338812323	14.115569730332	LV3003047064	sample_clr_raw
-28.0823261014595	-18.9854294197537	-1.84359933342865	-4.74435645135472	-0.591951428506551	LV3003047065	sample_clr_raw
30.8581591168076	4.31338753655026	-12.244358940703	9.49484065640025	-7.10452808767845	LV3003047067	sample_clr_raw
14.0874234584961	-4.59015884086954	-19.1430023409836	4.36774077583141	-11.9772697366017	LV3003047068	sample_clr_raw
16.2619846692547	-2.96600676896258	-16.0821274778281	5.72153822438456	-13.7481482058486	LV3003047069	sample_clr_raw
13.2931071240169	-20.6831266060784	-27.2169873085285	17.2539647607723	-10.1614263990934	LV3003047070	sample_clr_raw
29.0143555781962	-31.5242523271121	-27.6790706043863	25.1333791550012	-2.58983346065091	LV3003047071	sample_clr_raw
-61.3143867219799	-29.3857322050713	31.3139666766057	9.79957794128797	13.2715627437161	LV3003047073	sample_clr_raw
-61.8778279422183	-29.3686636269893	30.816085895658	9.42045261944049	12.0874318098104	LV3003047074	sample_clr_raw
-51.8706798952032	-28.0969357991622	16.0033970522948	11.3191346920767	7.58580844844462	LV3003047077	sample_clr_raw
-61.183067650022	-29.40786351498	27.1977778904665	10.8845841912257	12.316675793904	LV3003047078	sample_clr_raw
-41.2794244771521	17.34176769997	16.6363239048358	6.25462743661769	-10.0753207057478	LV3003047079	sample_clr_raw
-11.7633746326311	20.7297936270109	-21.7272220842406	-10.7153111822792	2.98733468007658	LV3003047080	sample_clr_raw
15.3543681784049	-5.04583514021523	-17.8926135096063	7.15417551893828	-5.49260992831178	LV3003047081	sample_clr_raw
1.39665845887703	-0.100219382294401	-14.5795239852611	2.61589642427596	-13.0509111575744	LV3003047082	sample_clr_raw
13.9974874604662	0.261412943430063	-20.4375214583706	9.40566440874152	-12.1432958007496	LV3003047083	sample_clr_raw
24.4920305219595	18.8299096976687	-6.95131689346705	11.2019363704614	-7.10524222756078	LV3003047084	sample_clr_raw
21.7839326662943	-37.3092822804475	-21.2034743556767	28.5129588616172	-11.0720550775663	LV3003047085	sample_clr_raw
-47.0370527900417	-21.1435282655182	15.4316160980702	11.3847787532537	3.52217011008608	LV3003047087	sample_clr_raw
-55.7995969917261	-13.7148494608414	23.3832146617024	6.24871031540443	4.70097928802112	LV3003047088	sample_clr_raw
-56.7752183898392	2.11843869888497	20.1876569280333	2.93201771267004	4.16710933711856	LV3003047089	sample_clr_raw
-53.4598540092844	-12.883224058644	10.680397234942	3.09598407157738	6.51741308151295	LV3003047090	sample_clr_raw
-34.6820017415418	23.2401551674874	-2.05279333683857	-2.23307477153631	0.91878241500837	LV3003047091	sample_clr_raw
-19.8749727635573	35.3753578034262	-6.01187844273135	-7.26391848023915	-1.88629574482079	LV3003047093	sample_clr_raw
2.69372294470421	13.1660468087356	-18.0013259872224	1.7339616174518	-4.99486379631889	LV3003047094	sample_clr_raw
6.43647424927296	6.52561108159098	-19.2941513479174	3.32654650028716	-8.60779782101614	LV3003047095	sample_clr_raw
24.9760316444643	-21.4076279307586	-26.6513159316659	16.0660329069874	-6.48157107009706	LV3003047096	sample_clr_raw
18.3522842209961	-3.41887140362734	-23.2278612053428	20.254924687489	-10.4092485314863	LV3003047097	sample_clr_raw
-1.85682694422412	-25.1353175783661	-26.3830048010519	20.8357881539063	-14.1824852297846	LV3003047098	sample_clr_raw
35.4631388093475	-22.7364974287725	-9.3153970098536	5.24851576976678	4.37905532823914	LV3003047099	sample_clr_raw
-16.0330025060254	29.5439424045256	-11.563822436673	-7.71449998965701	-1.61091139477833	LV3003047100	sample_clr_raw
-21.3101836640104	7.17256939109151	-11.3531673684531	-1.85221896305209	-0.768295986551186	LV3003047101	sample_clr_raw
-50.3419280130275	-15.9055218779711	11.1929398513944	4.74301609150335	9.39000627019012	LV3003047104	sample_clr_raw
-52.9369564154677	-17.903397118205	13.1412800132443	4.89943789033059	7.54986663386587	LV3003047105	sample_clr_raw
-37.142513044555	2.03563911373326	-10.5126353830174	-2.59309391712861	2.29564627461875	LV3003047106	sample_clr_raw
-1.40739690594299	16.5839405859721	-18.3338559669545	-1.80873580191741	-5.494785620118	LV3003047107	sample_clr_raw
-6.14537029519509	-4.33708460124689	-16.4801544845805	5.50757094352415	-8.19051461674094	LV3003047110	sample_clr_raw
24.9157898621343	-0.836925715267828	-14.1148292445233	8.22303944014278	-9.1564810728705	LV3003047112	sample_clr_raw
35.6722837020073	-19.7468951092685	-18.1466397358133	14.3145887511094	-3.38681366746567	LV3003047113	sample_clr_raw
7.41217982543851	0.618303968412291	-16.7199563274423	17.2010159962132	-13.6597900283607	LV3003047114	sample_clr_raw
18.0594084398254	-7.86860785856248	-21.4621956220623	15.3207244730024	-12.9306290116938	LV3003047117	sample_clr_raw
59.0149514905018	-19.551027094917	25.9348899658425	-14.9688089333239	21.6773509874907	LV3003047118	sample_clr_raw
-48.805242357519	-23.9065926418742	12.4002504798061	5.8569849370641	5.77840943154131	LV3003047122	sample_clr_raw
-52.7228806908377	-24.7928799175615	22.429273112271	9.1577810590265	6.88685107188765	LV3003047123	sample_clr_raw
-48.7050632411261	-23.8976511718096	11.6222191216326	2.75014658654725	5.47211400269624	LV3003047124	sample_clr_raw
-34.811799454879	-0.0203839076604618	1.51338873017407	2.34605162125491	-2.29618276645633	LV3003047125	sample_clr_raw
-3.57778975240721	-4.20641283276375	-15.4410062314847	1.08474548463828	-8.32001761415643	LV3003047126	sample_clr_raw
-29.8766187592017	-12.2117147148864	-4.93286676187185	-2.39470595518963	-3.25190298734983	LV3003047127	sample_clr_raw
23.0363861647871	-24.4259859546106	-20.9288651656594	21.4390208183582	-6.9147395365653	LV3003047128	sample_clr_raw
23.8755949013519	-25.3121288435409	-22.5428477341989	17.6791170839691	-7.83683937560484	LV3003047129	sample_clr_raw
13.2839090332457	-7.97275499074304	-19.1615173126346	25.5214393013465	-12.74266659434	LV3003047130	sample_clr_raw
23.5809604617122	-2.49586338900168	-23.0805262342002	14.5931971106821	-5.91119210325816	LV3003047131	sample_clr_raw
64.15426304661	-39.7949640690302	32.8296887279341	-2.03895690083978	35.8929592220277	LV3003047132	sample_clr_raw
-7.97725048253	15.1302153645763	-21.3555180660942	3.36955785570997	-6.46579565721716	LV3003047133	sample_clr_raw
-24.7761540696205	41.0598232599609	7.35510488088552	1.23659732302004	-9.34178552844709	LV3003047134	sample_clr_raw
-4.8648929629802	31.4967299583587	-7.25111273479107	0.527611618276159	-5.91289514465002	LV3003047136	sample_clr_raw
-18.4238004940442	-14.5281158578545	-15.8226759907037	6.36663212682758	-2.62930665644356	LV3003047137	sample_clr_raw
-15.2105024490484	23.8144758609561	-8.79563668238299	-2.85560133699321	-6.98837520864895	LV3003047138	sample_clr_raw
2.51355974439956	-20.1516183915655	-10.1555429247528	10.4584778993153	-8.1026599974641	LV3003047139	sample_clr_raw
-42.8781157165988	-23.983882219269	16.1264467673346	9.03907206820206	1.47901835859433	LV3003047140	sample_clr_raw
-55.9458033450033	-27.4895058417961	28.2620805820584	9.26259449781794	9.99416841519863	LV3003047141	sample_clr_raw
6.59974721018385	-23.7275778854686	-15.0055197216239	21.9719587697302	-11.1558152281437	LV3003047142	sample_clr_raw
19.4823185639663	-3.95092228942081	-22.9587775867433	18.5874033074174	-14.2027934661918	LV3003047143	sample_clr_raw
44.5006395503183	-29.05000047125	-11.6994000893132	26.7753838362472	2.10118650503489	LV3003047144	sample_clr_raw
25.5801631966172	-30.0499395685123	-9.50427813564261	-46.2957493461429	-10.3119791371785	LV3003047145	sample_clr_raw
27.4176779932355	-10.4109375601041	-18.1895004068609	7.48120322238999	0.210166611308716	LV3003047146	sample_clr_raw
7.64238775872692	-12.0946808997591	-16.9973178119029	2.82362955834461	-8.25905713018494	LV3003047147	sample_clr_raw
-0.990088825290165	-6.12010588800293	-19.1421598568832	-1.54319896689406	-9.25860212531341	LV3003047148	sample_clr_raw
-5.92732435143915	-6.28001753817298	-15.2995320192454	-3.28157803362594	-9.81511043543873	LV3003047149	sample_clr_raw
23.4972113230817	-17.7020602573623	-16.8513128103838	11.4760345708823	-4.91659603074256	LV3003047150	sample_clr_raw
16.0610156196744	4.02850640309469	-17.6443983925478	8.54049129658886	-14.5461959798215	LV3003047152	sample_clr_raw
24.4666741588362	-1.67626657337597	-23.2988960549981	14.1800859950814	-12.4825511841766	LV3003047153	sample_clr_raw
8.2527443135754	2.60552399885961	-17.7374564494424	-0.475880486529855	-11.4886464603509	LV3003047154	sample_clr_raw
-8.42064736765724	-28.4693328460036	-25.8874545867179	21.5381353611307	-9.19646385826981	LV3003047155	sample_clr_raw
37.8051304652121	-29.437996379156	-10.6818120933016	22.488827480525	0.266319896199407	LV3003047156	sample_clr_raw
-0.109198994875925	-22.5624855529465	-11.7347843792342	15.6898274764482	-8.98358445392076	LV3003047158	sample_clr_raw
-6.32888043815192	5.94667787200433	-9.15628384724872	7.69188887475406	-13.2629791280546	LV3003047159	sample_clr_raw
-58.9100279853562	-29.0071672989671	29.1821047174145	8.45169574180927	11.2875622896372	LV3003047160	sample_clr_raw
-56.4483850994006	-28.5105693209279	28.4067511740285	9.09895757828649	9.83762218477944	LV3003047161	sample_clr_raw
-62.9554232963979	-29.2094168876947	26.4356380000651	7.86083484311323	11.4352754569378	LV3003047162	sample_clr_raw
1.03103225125561	-7.0429010784208	-19.9043453449222	9.42399525892475	-9.63011094336368	LV3003047164	sample_clr_raw
23.721421301416	-2.66824858085158	-19.8139041270774	18.1117351786826	-9.40963017465964	LV3003047166	sample_clr_raw
-0.465172793926358	-20.4732926845111	-17.505206527685	18.1678574746771	-10.5603597268839	LV3003047167	sample_clr_raw
19.8247040104228	-35.7055761073612	-21.2069251932307	24.6585999108592	-11.7145823645675	LV3003047168	sample_clr_raw
31.2569716030954	-36.5880011846114	-22.4144087384463	25.1462019995493	2.03458700415695	LV3003047169	sample_clr_raw
-39.1034228810249	-15.9612656195878	14.080110215282	9.35333480011914	-0.439783089207567	LV3003061473	sample_clr_raw
21.2027646596894	33.4154729025798	-7.61053025619643	-3.11064274310327	16.1311032507949	LV3003061474	sample_clr_raw
11.0217082172593	8.52442818291529	-17.2340495875054	-0.127524159445236	-5.89617546425584	LV3003061475	sample_clr_raw
30.2431246819883	12.1386878607817	-7.15617487508495	20.451187623282	-3.05483955258121	LV3003061476	sample_clr_raw
67.1037404676205	-24.0873882139342	53.8316260160345	-13.67513438611	26.0794257681618	LV3003061477	sample_clr_raw
32.7259294573659	45.9313048306553	25.0853872926409	2.70683118205132	30.307425478561	LV3003061485	sample_clr_raw
-11.0573144265593	-4.05860106667601	-11.507653851978	0.224250459543116	-7.92517731438779	LV3003061486	sample_clr_raw
50.4457845676575	-6.93075055727056	7.39167585598876	23.5869250999285	10.1527868386187	LV3003061488	sample_clr_raw
-35.8285739020913	15.938145385657	19.5111842773082	4.44188158921582	-7.44564583306178	LV3003061489	sample_clr_raw
62.6994880803044	-33.6301324730066	51.1692325808622	-25.6174741752968	21.0108716764909	LV3003061492	sample_clr_raw
7.26389203304184	-14.4920913076846	-17.0142287224766	-26.9954809619411	-17.1477533590959	LV3003061500	sample_clr_raw
-6.05749190876178	40.8919382603347	-4.12228892012841	-3.226940160385	9.22364498234986	LV3003061501	sample_clr_raw
32.4243156381988	39.3085080565485	4.18531439668885	1.56017907653154	21.7014123246675	LV3003061503	sample_clr_raw
16.7588179919414	4.63631321461707	-12.7500566374757	9.3861757090188	-8.99051269344842	LV3003061504	sample_clr_raw
31.0702274641942	-6.53677764559193	-14.5008644079737	10.7067712809622	-8.12763859140192	LV3003061505	sample_clr_raw
12.904393118271	-18.6781414943502	-6.80324809805239	-34.1280485544337	-25.872956616429	LV3003061506	sample_clr_raw
1.19554699187277	-2.38000420615528	-3.39644853068087	3.9883445158399	-12.5108225052994	LV3003061513	sample_clr_raw
21.5397493957944	58.2007694485484	33.5201786660469	-0.339604341340574	20.6361740393428	LV3003061514	sample_clr_raw
29.1592278043624	54.8840271709577	43.7289303640258	13.8253200019812	15.0399305618806	LV3003061515	sample_clr_raw
19.2486386399742	5.50911080535456	-15.0279899660316	9.59665076398804	-9.75582581003795	LV3003061516	sample_clr_raw
47.479411115235	8.61588550878661	14.0582397700419	20.1697485722238	13.0624148435215	LV3003061517	sample_clr_raw
56.9752723849455	-12.6963463869906	38.3387820809926	-16.56090931517	18.7118010044562	LV3003061518	sample_clr_raw
-55.3151214322561	-27.836288893272	26.1141435500837	9.43150159121867	8.35293380100199	LV3003061527	sample_clr_raw
24.0264903268493	52.3702783008695	19.7016507265797	-3.71910247164881	17.8312498050405	LV3003061528	sample_clr_raw
44.62927696784	20.6552289142835	24.9333515147429	-3.99932126595717	19.1105928806159	LV3003061529	sample_clr_raw
8.56314251160816	9.29453607452064	-13.9359818153833	3.68182241240367	-9.7870901632706	LV3003061530	sample_clr_raw
47.5367573931557	-11.933580000837	0.365537279742047	19.5894727839985	15.9289060685196	LV3003061531	sample_clr_raw
7.5141181911285	-28.7271835883241	-7.17124618073387	-61.3850170719383	-34.0441070052186	LV3003061533	sample_clr_raw
3.09723459594052	-3.47733663003083	-4.38701687710024	9.7031588320765	-12.4875598310889	LV3003061539	sample_clr_raw
10.5401065752937	26.9073048548792	-22.5613820238227	-4.57666884691637	18.1045855272219	LV3003061541	sample_clr_raw
38.7093708819943	25.4172302879084	15.3320444011676	15.8223490417606	12.9034097797508	LV3003061543	sample_clr_raw
30.3980960039016	8.30953695997025	-9.00144669935827	12.5389003001438	-3.6044645031413	LV3003061544	sample_clr_raw
50.799702520984	-25.9540967315647	0.249390363175526	20.0929499104992	10.0036676812315	LV3003061545	sample_clr_raw
-14.2144038310581	-33.1713941479199	-6.54561512215164	-62.1100531526993	-33.5257884486311	LV3003061546	sample_clr_raw
-46.9310457295272	-25.8110773912386	18.8864860670331	9.01788186546741	3.7480875535137	LV3003061555	sample_clr_raw
5.51244242619141	35.0266975467227	-8.19302800421767	-0.692947434531255	8.87222721155731	LV3003061556	sample_clr_raw
11.6589599993464	35.6566607381112	7.99527898763247	7.89760939003008	-5.70904900252796	LV3003061557	sample_clr_raw
40.7725505296201	3.4250623080338	-9.64741803156722	16.0105715827272	1.2980291429026	LV3003061558	sample_clr_raw
44.5303823617699	-6.14096641300993	-0.698356024625925	13.5427178716357	8.01700514040526	LV3003061559	sample_clr_raw
-55.3790525525851	-27.6436184784606	25.7310720871859	10.7337475212514	8.8075735340458	LV3003061568	sample_clr_raw
19.8445203669928	46.3795416696888	0.564497102717766	-5.21895573013613	17.2530528389452	LV3003061569	sample_clr_raw
23.2081508310586	26.1505430850658	-5.99313622482659	6.97059828689801	-2.47949914979425	LV3003061570	sample_clr_raw
27.6839070785151	-14.3570766725052	-22.2728487300766	0.994929771510687	0.702579994172731	LV3003061571	sample_clr_raw
65.8492464794172	-27.9582550721032	44.1101706660638	-19.9017096975949	27.0873956942782	LV3003061572	sample_clr_raw
31.939925891871	-17.2554388811476	8.88813918631277	-46.8075837398873	-23.1766022591595	LV7001898064	sample_clr_raw
53.4148530952096	-26.9455323371863	54.1421797720594	-32.4468486340207	4.12306293065987	LV7001898076	sample_clr_raw
43.5840959037505	29.2603964487072	29.6955080513783	15.4852435158381	-13.1903527820591	LV7001898088	sample_clr_raw
10.9835927628912	60.9586656790388	35.1123475367886	-4.49453885453101	-28.5760154833226	LV7001898100	sample_clr_raw
3.30054918543824	-0.714325575713924	-29.6688302457802	-2.58914012331573	1.66821601826667	LV7008886221	sample_clr_raw
-13.0636029061808	3.44542901390826	-9.66098200578184	3.51898332194248	-7.76864603493521	LV7008886222	sample_clr_raw
-2.63419682687568	-4.17436345716507	-23.5391242847857	-7.36158742667867	-4.55001762119962	LV7008886226	sample_clr_raw
-56.0937705207056	-27.4469896436521	17.9673874931207	9.20051103226298	9.8870601047697	LV7008886228	sample_clr_raw
-2.60719220124471	50.1663453577808	-20.3913980122089	-15.3547971892743	36.7702923169556	LV7008886229	sample_clr_raw
-36.4176508461848	-33.6576378636662	-1.04797511809744	-45.600358714021	-20.6116708695186	LV7008886690	sample_clr_raw
-13.0573009466229	-4.86142782690768	-18.6351970581693	-1.83658559309892	-3.32483576071487	LV7008886692	sample_clr_raw
-25.1637277716832	40.5045291073073	-38.784263129859	-21.6974480162828	32.7627074440193	LV7008886695	sample_clr_raw
21.8596122422552	-17.3764551288058	-2.58936105104445	-49.0457337718892	-30.7097247853733	LV7008886702	sample_clr_raw
36.6618929156619	-24.0005871927542	-17.222502174753	25.6505988184354	5.59705796950669	LV7008886703	sample_clr_raw
-3.44123182297183	5.47571547417805	-15.1036832609831	2.42179346721793	-8.18217830611042	LV7008886704	sample_clr_raw
-35.4065623839582	-12.367909863476	4.08343419285283	5.92994418784736	-3.31812933544451	LV7008886705	sample_clr_raw
-1.83869291341182	48.6458822607604	-19.7347497231967	-22.1146041639357	31.0512209864556	LV7008886706	sample_clr_raw
-34.624124559379	28.1193269334806	-40.7659970881203	-17.2349780562836	24.9628335008842	LV7008886707	sample_clr_raw
-49.9187903790899	27.5909807409033	-32.400257600654	-19.038938158435	22.828854480148	LV7008886708	sample_clr_raw
-10.0896811179322	-3.63043201279161	-15.8800482976505	-4.97291289728113	-5.12495711012506	LV7008886709	sample_clr_raw
15.4721356270742	42.9214927202518	21.4852987481952	-15.3937682558813	-24.61156615321	LV7008886714	sample_clr_raw
41.2273230192243	-24.4073989101299	-13.0785531738941	25.9233864558698	4.69114897134503	LV7008886715	sample_clr_raw
-11.0714388150454	11.6383361990273	-8.60884238533642	-2.24942668843014	-3.41922789948834	LV7008886717	sample_clr_raw
3.70261650586181	32.2578188544042	-23.9393889512763	-14.8058430450945	28.5000816812887	LV7008886718	sample_clr_raw
-36.3813996950152	8.96810684973735	-39.0691591123587	-16.7785183380682	20.1085383876232	LV7008886719	sample_clr_raw
-52.3663601154809	41.4136403570597	-29.9357695500463	-21.4197997203871	24.0444361444835	LV7008886720	sample_clr_raw
5.2846913729488	4.2304609280901	-18.7005967664119	-7.9982106925015	-1.77786893545156	LV7008886721	sample_clr_raw
3.32220506165405	46.95925054112	21.8752683688971	-12.5410381973748	-25.3876037822868	LV7008886726	sample_clr_raw
57.929182639213	-31.4414190543569	39.5228067808034	-28.110081835791	14.7853715600001	LV7008886727	sample_clr_raw
10.4503764103259	-7.03704919639234	-21.7314261000647	10.8247126857288	-9.05937944106071	LV7008886728	sample_clr_raw
0.64693659087086	45.920180304005	-21.8586742862512	-13.5303480759822	40.5384469945531	LV7008886730	sample_clr_raw
-35.9322534852345	8.35010885762012	-39.2576637735159	-19.7774226157642	19.6770734427826	LV7008886731	sample_clr_raw
60.6540576170003	-27.9876976801201	49.4466534038186	-15.2543901492531	27.7557359584717	LV7008886739	sample_clr_raw
22.9812625424491	1.13923977099639	-14.4884039257802	8.18457124896398	-1.02443247765149	LV7008886740	sample_clr_raw
-50.0754924703241	-23.1653412691475	20.5134769190935	4.8017576624312	7.76839765805053	LV7008886741	sample_clr_raw
6.10717034570951	43.2970145358065	-15.1336888600764	-9.81377862841113	46.4164478125455	LV7008886742	sample_clr_raw
-34.6465569874119	30.9494696498558	-35.5118032006694	-20.6509638067348	21.4277630918467	LV7008886743	sample_clr_raw
-55.7490688849389	17.3006997631482	-28.6279429285354	-18.7148791522055	20.816933325302	LV7008886744	sample_clr_raw
-26.32061131857	-7.2638866575443	-3.87450994119278	2.07229656231189	-4.63721552511865	LV7008886745	sample_clr_raw
-1.0045562596873	-26.6315480730506	-16.1418824805942	-54.9076624547806	-24.4006589279838	LV7008886751	sample_clr_raw
13.0983759284576	-2.2772158075322	-26.4434583274249	8.9150440789994	-6.7855336034667	LV7008886752	sample_clr_raw
-20.3951793478919	8.87769717151517	3.59128575536186	-1.38780252626242	-4.18899751530464	LV7008886753	sample_clr_raw
2.12371381795274	52.7222966378493	1.53759442536399	-4.7002441090861	25.9590828984735	LV7008886754	sample_clr_raw
-27.4731984742048	47.1956697730949	-31.7201789626143	-21.8118070524413	26.2634623298605	LV7008886755	sample_clr_raw
-39.9967984090909	22.4575388152473	-37.7930504949773	-17.4369940130796	18.2965248102383	LV7008886756	sample_clr_raw
-57.8237793267706	-28.0758564013922	16.3141185864047	9.81610520126667	11.5677347980764	LV7008886757	sample_clr_raw
-30.7873533476363	-31.9579374769125	-2.25308876558642	-39.8330956882054	-19.6484883298258	LV7008886763	sample_clr_raw
10.7669777908393	2.05682921126785	-27.4693365577996	5.41330694410658	0.292627236825448	LV7008886765	sample_clr_raw
0.778247768782175	57.0731609838634	1.42151808946398	-6.63034347176959	23.6885088591955	LV7008886766	sample_clr_raw
-14.4462894680118	46.0826603064179	-28.8066372237969	-18.7869876263044	23.1439962798417	LV7008886768	sample_clr_raw
-47.7918774831886	-28.4188097103787	5.24729222396355	13.910006456769	9.05346020310851	LV7008886769	sample_clr_raw
46.1854280266684	-1.23286920046007	2.61817494123571	26.6403030480728	12.4744385099294	LV7008886776	sample_clr_raw
-3.33049026293856	57.3488988069743	-12.2963811288491	-15.8127381481964	32.9514410411658	LV7008886778	sample_clr_raw
-1.82456944169063	48.2554517430605	-20.0960136587515	-16.7882343621549	29.4722728127558	LV7008886780	sample_clr_raw
-57.5724170976296	-27.8066003643532	22.5422169423384	11.137281853707	11.3116409687747	LV7008886781	sample_clr_raw
-77.6689457883079	17.6630810255228	-27.6763382743164	14.7003050078213	-22.2900206085312	LV3003046936	log_depth_residualized
-29.595618024995	-13.9399653734449	2.68165459029223	-10.3445060558108	3.22710706389873	LV3003046937	log_depth_residualized
33.2957602283321	60.1464205868915	8.44449683793225	-46.0217392047349	6.89187802663722	LV3003046938	log_depth_residualized
58.6815793186919	29.7029400498013	-14.484840125664	-53.4550154873736	-12.1841345081367	LV3003046939	log_depth_residualized
-64.2267263389886	12.6148814865348	-15.4239497099159	11.4930722599025	-24.8831033137918	LV3003046949	log_depth_residualized
-59.9887328638161	7.50656976301599	-1.67818960926984	-3.76033214008012	-14.5964943482644	LV3003046950	log_depth_residualized
42.405345047675	57.1728416919599	-1.16184976338877	-45.4144743426647	1.30189707217221	LV3003046952	log_depth_residualized
55.3594556977153	13.7721779176989	-21.2431509201886	-51.6822945426664	-20.7842315381584	LV3003046953	log_depth_residualized
-81.7139527517561	22.9744646930734	-32.8751341992671	12.9395457341165	-16.0824204411905	LV3003046965	log_depth_residualized
-54.0491404892389	-13.2711751476482	4.20537213330395	-5.24040220882407	-20.567658195311	LV3003046966	log_depth_residualized
-63.5967045769618	8.15130444777527	-29.1423493183385	20.980528292113	-10.9018717736955	LV3003046978	log_depth_residualized
-5.85059310870211	8.72448784249618	1.42500632283013	-3.62118931496283	25.5977299768219	LV3003046979	log_depth_residualized
49.618728023789	48.5456734301589	-9.85932584091549	-43.5462511363618	1.04538813496924	LV3003046980	log_depth_residualized
-9.21960865806392	33.0968007426582	-59.5721402485667	0.102190762401186	57.2289462638773	LV3003046993	log_depth_residualized
11.3715243337383	-48.4651243973098	-55.6123875122266	6.9523803056901	24.503103022814	LV3003046994	log_depth_residualized
47.6998468138089	35.6879846883764	-10.6577813073255	-45.5881389050766	-4.33414624303266	LV3003046995	log_depth_residualized
-3.7674134853783	-46.0639028825753	-63.5186752914791	14.5770656068679	42.2016231951286	LV3003047009	log_depth_residualized
45.4582589814169	56.3377290203174	-6.60507456614983	-47.6368676078787	0.452888836114457	LV3003047010	log_depth_residualized
55.3032250857161	36.9188406634763	-10.1407154536291	-46.767340206462	-5.44562403115491	LV3003047013	log_depth_residualized
-21.8889458543743	-29.889764662992	-69.0395912236577	23.3793650347879	45.6136716759954	LV3003047026	log_depth_residualized
15.793358040152	57.4964945067903	12.0763362026424	-38.3806216100051	12.4369109532529	LV3003047027	log_depth_residualized
-18.7440842291767	33.5793788402257	-7.30550278720295	2.70954151714655	4.94169872079123	LV3003047028	log_depth_residualized
-63.3439028098492	7.08331055571964	-34.7084941798503	14.8396049353938	0.511882960003134	LV3003047041	log_depth_residualized
-20.805447066726	-11.5416926738817	24.0218542754703	-21.3430461593604	-5.45588250270649	LV3003047044	log_depth_residualized
53.1099754545671	34.1987339361224	-10.6339711979463	-50.8747449750996	-8.84589459637313	LV3003047045	log_depth_residualized
11.8976416278853	-3.16853520692789	-17.7388684414068	-1.05142610171241	-11.9709916559422	LV3003047059	log_depth_residualized
1.85905109422602	8.25656891653927	-6.1908874834065	-1.56374365783815	0.291209457938203	LV3003047060	log_depth_residualized
-0.903244942362326	9.62393515150017	-14.0600282967679	-0.783855498230751	-5.6118940286574	LV3003047061	log_depth_residualized
-2.66982466865493	5.92100586920311	-18.926022257208	0.536743801161963	-7.00608045976928	LV3003047062	log_depth_residualized
-8.36885344595003	17.7332842322647	-16.2957342096918	2.95659836426613	-6.27480918938854	LV3003047063	log_depth_residualized
-7.31896534938963	20.1356590919144	-19.021304152814	7.06020993165379	-6.73713266229953	LV3003047064	log_depth_residualized
6.23790647874211	-14.9843310759185	-14.5019184236525	0.961166685392684	-3.72339302605346	LV3003047065	log_depth_residualized
-15.1076943671557	-5.22448539890265	26.4328405460194	-8.85331793837193	15.03805755908	LV3003047067	log_depth_residualized
-3.54386314056694	-22.3121119455601	16.4908146547862	-10.4621987522736	11.674091257127	LV3003047068	log_depth_residualized
-7.4818753570859	-16.4554222498227	18.7664463851784	-11.1858965580536	16.1684936669623	LV3003047069	log_depth_residualized
-16.6612491748636	-30.3794693705801	20.3858316437415	-4.12956071817568	-4.6963726497977	LV3003047070	log_depth_residualized
-35.7752918338329	-31.0686616562864	24.1288678470248	-0.172657425247321	-18.3331345608164	LV3003047071	log_depth_residualized
-37.8003514729576	46.6768685197589	-1.20940655967261	14.360472694475	13.3632419290906	LV3003047073	log_depth_residualized
-26.8066037854026	37.4380025372238	-7.86784196854717	9.52537989176436	7.11565477302852	LV3003047074	log_depth_residualized
-1.62323645723227	4.45739826049197	-15.0228006598847	-0.43481644238582	-11.9089317891887	LV3003047077	log_depth_residualized
-18.5883654256815	28.3891573666146	-10.5120846368717	7.2453868969549	0.347918773525462	LV3003047078	log_depth_residualized
34.2544667937852	16.3486341442871	-10.8925290003736	-11.4835008290537	-8.78013830351338	LV3003047079	log_depth_residualized
30.10426809045	-10.4731077037805	6.48934449379576	12.9772897919739	3.42127019890136	LV3003047080	log_depth_residualized
-13.6459989518398	-11.5414830924992	20.0097348983915	0.684306224792332	11.07719608672	LV3003047081	log_depth_residualized
4.06821129163272	-16.095446967501	12.6382537570199	-10.3283809202689	11.7406106452214	LV3003047082	log_depth_residualized
-3.03284514239421	-17.8553475550514	23.8952372849511	-10.2329039762854	14.6176772715426	LV3003047083	log_depth_residualized
-3.50459867690294	8.19679734947467	25.8985616562513	-5.55923057442636	17.0107100109522	LV3003047084	log_depth_residualized
-35.0243440626326	-31.7042606747722	15.9476780980374	-7.81416722790949	-26.1165441912773	LV3003047085	log_depth_residualized
-0.755064213125873	7.69940153383088	-10.3712524855388	-3.22947671309299	-8.60226008851657	LV3003047087	log_depth_residualized
10.1811169436137	14.8564321228451	-18.5725203280447	-3.48365389926076	-11.4846232293114	LV3003047088	log_depth_residualized
37.161775048118	8.15944549266044	-25.6275510386038	-5.41953185386485	-23.9154425366777	LV3003047089	log_depth_residualized
25.0202331535275	-4.4963406694902	-22.5964162515466	-1.34477401238658	-21.5651644978087	LV3003047090	log_depth_residualized
41.0744123735035	4.3874062647573	-3.20221615274451	2.68108662180136	-6.84264599355097	LV3003047091	log_depth_residualized
43.506030803872	6.06840357754752	3.18476800113779	2.87539039719036	6.38478476332546	LV3003047093	log_depth_residualized
13.9594554609142	-10.6216541811074	17.4226266404587	-1.76797843853996	14.6065238078099	LV3003047094	log_depth_residualized
10.0876297561315	-17.8974356354043	17.2123419215274	-7.50868797772286	12.1368944816618	LV3003047095	log_depth_residualized
-18.4724609984534	-33.9929554943014	18.0618864648595	-5.0747444971868	-8.94695386858046	LV3003047096	log_depth_residualized
-10.5355784142786	-17.2310813409602	29.9230766437545	-7.48795320773453	4.01177658583757	LV3003047097	log_depth_residualized
-9.40159824191353	-34.3587831318344	14.1992632219327	-6.9928531728809	-15.371221067773	LV3003047098	log_depth_residualized
-34.3753741104007	-16.323537608353	7.59308520323042	0.224872761213617	-16.8980605742844	LV3003047099	log_depth_residualized
35.4290105079066	1.49452091168615	6.22510030243777	5.77590987078639	5.59262752418613	LV3003047100	log_depth_residualized
23.7866599856081	-10.5679259821143	1.33670366651744	1.42892097666517	-3.63148655039092	LV3003047101	log_depth_residualized
17.8008403985183	-2.67729536988863	-18.465431952665	-0.986542353232148	-17.4814287446699	LV3003047104	log_depth_residualized
12.5807199884001	1.59643870474947	-17.5676738989127	-0.309024555043893	-13.5470967337914	LV3003047105	log_depth_residualized
31.0170785198344	-13.8367839938554	-7.00152150267337	4.60334327052892	-9.11465565923088	LV3003047106	log_depth_residualized
17.0993207465524	-8.10830109536394	15.4558116024286	1.63923418030712	10.6140571341787	LV3003047107	log_depth_residualized
4.71815281794194	-17.7680861933905	12.191245923141	-5.9389337379572	7.07757108154675	LV3003047110	log_depth_residualized
-11.8735700597562	-12.5395481057779	22.7941378310611	-11.1613550995239	15.3759902036553	LV3003047112	log_depth_residualized
-31.4857023928737	-20.980337351518	19.9746410344814	-4.26864150025897	-3.1922477702544	LV3003047113	log_depth_residualized
-2.26492967376244	-12.3981541393459	25.2505456438658	-11.6049078831608	8.43088204912481	LV3003047114	log_depth_residualized
-13.173665019021	-19.6366275173578	24.6661633734783	-9.19576741890289	4.5438520711638	LV3003047117	log_depth_residualized
-52.9638209179968	14.1604715044248	-15.5508797351763	2.51698045923974	-7.28750631414221	LV3003047118	log_depth_residualized
-0.734847563787245	3.87583306589381	-13.5799224387109	1.47777970924338	-8.90647832747513	LV3003047122	log_depth_residualized
-8.21120871088119	16.6879765015752	-12.5908295770644	-0.371335012291416	-6.25428926519488	LV3003047123	log_depth_residualized
7.2286062679488	-3.2829880684929	-20.5212160791086	-0.131733430850532	-15.5051238752376	LV3003047124	log_depth_residualized
19.8548915353983	-2.0064254987113	-5.03524256760859	-4.06097900272847	-5.80587094242516	LV3003047125	log_depth_residualized
0.558301157348066	-14.7156127090884	11.5415374969269	-3.20338116864754	10.9859744013115	LV3003047126	log_depth_residualized
8.04267246221033	-11.2082779667227	-6.33482687984004	0.17762809021442	-0.182281174373236	LV3003047127	log_depth_residualized
-26.5016549395804	-26.1737408386918	20.2444618153529	-6.63455408322273	-10.5548862894576	LV3003047128	log_depth_residualized
-28.8927622223913	-26.8377167408435	20.4045376299745	-4.84697353158894	-4.81291762264665	LV3003047129	log_depth_residualized
-11.7220600251219	-16.8630937859561	28.9379923242472	-12.6892436913134	0.828925145712936	LV3003047130	log_depth_residualized
-13.1505215633829	-16.0271762193467	27.9594309178385	-2.85058691457589	2.50674261248505	LV3003047131	log_depth_residualized
-79.8489156416821	21.8917780701984	-20.1981546384794	14.149202597901	-30.2878419617374	LV3003047132	log_depth_residualized
21.2368535061067	-11.7880664565663	16.5087588105921	0.727267438484401	3.37089029767252	LV3003047133	log_depth_residualized
42.4301437926024	22.2623702642448	4.96462032308866	-6.52115250794001	7.16734704164965	LV3003047134	log_depth_residualized
24.2141526032159	10.3023247170983	17.5879469434637	-0.723138271839169	17.4228106603225	LV3003047136	log_depth_residualized
7.34816366946992	-23.0986258461069	1.10905298724852	0.284621700765634	-10.1773762109023	LV3003047137	log_depth_residualized
27.8576055613011	2.17556846420436	8.60480198330771	-0.213177445593403	9.38551357645943	LV3003047138	log_depth_residualized
-11.0210062515531	-21.3923022716277	7.43893000691534	-11.1600073988059	-3.4901130083641	LV3003047139	log_depth_residualized
-11.2407346677228	11.049141126861	-6.64172397801688	-3.25023553404117	-0.0458105364039617	LV3003047140	log_depth_residualized
-31.6727962354022	38.5783591090117	-2.23528580884791	9.10119352870587	10.6249617585967	LV3003047141	log_depth_residualized
-20.2788800317331	-20.9605554021875	17.271793174033	-10.6374605491889	-4.39562878672256	LV3003047142	log_depth_residualized
-9.57504837242899	-19.2414184140242	27.1505462583281	-9.27271338728311	5.22899509339523	LV3003047143	log_depth_residualized
-48.7969773935334	-14.6774254866674	22.0635913120987	-4.55643923807364	-21.5548565258743	LV3003047144	log_depth_residualized
-30.0440474915176	-25.3393273101	-31.2437450578631	16.8245620322206	29.2530523900608	LV3003047145	log_depth_residualized
-22.9265237973386	-14.190662967759	19.2774072254208	3.30919262313965	-0.888469573276117	LV3003047146	log_depth_residualized
-9.14137576514235	-20.3223116258269	10.365604805391	-3.14757348039866	2.3987563492807	LV3003047147	log_depth_residualized
2.74652614092584	-21.7546036214565	7.54603202918579	-2.06005620590433	4.82106319123046	LV3003047148	log_depth_residualized
2.99140332960739	-18.2858426793696	4.78006400547678	-2.88117820999482	6.34613714540229	LV3003047149	log_depth_residualized
-20.6274809771704	-22.6206931843363	16.22300675247	-6.6093334246006	-2.47004712426309	LV3003047150	log_depth_residualized
-3.8857427479511	-12.466426063261	24.1195362092233	-10.514371385709	18.3370720578341	LV3003047152	log_depth_residualized
-10.0429024227003	-19.2844939630989	28.0246975265785	-9.16015188183735	11.8797754581259	LV3003047153	log_depth_residualized
0.584485893395921	-14.7891440926207	16.1086547668595	-5.89883479133012	15.2047000170051	LV3003047154	log_depth_residualized
-5.78991156740794	-36.5514699748576	9.09665930622206	-3.54290326243389	-21.5169000821857	LV3003047155	log_depth_residualized
-43.6193963898522	-16.7193811004535	18.1420601930062	-6.06323991353287	-16.7203823051055	LV3003047156	log_depth_residualized
-12.2384474337475	-22.0796876598577	9.73130285182695	-11.1382946167632	-4.72516677114012	LV3003047158	log_depth_residualized
8.17717181620525	-5.71662552868869	14.584761737919	-10.3683809835598	11.2291825918187	LV3003047159	log_depth_residualized
-32.559292529309	39.9961246849616	-3.82216867894975	11.4274482884906	11.2576390385639	LV3003047160	log_depth_residualized
-30.4893691148158	36.9910634482399	-3.94404994164446	8.78989602843858	10.0066095892137	LV3003047161	log_depth_residualized
-6.03118283175861	18.4428506849547	-19.7278646930115	3.99757888288054	-7.39979600848499	LV3003047162	log_depth_residualized
-1.81336023615612	-20.3276942688988	17.4430122054273	-7.01172347401839	6.60757795733456	LV3003047164	log_depth_residualized
-12.6606657570807	-15.4910112115431	28.8912628511573	-9.91385717836721	5.15838309729719	LV3003047166	log_depth_residualized
-10.8937217128947	-24.011756812074	14.4866386380896	-9.086103741755	-6.24773590667375	LV3003047167	log_depth_residualized
-31.710045858113	-31.8873173402054	12.2178170068845	-6.06547212196411	-25.1223373714344	LV3003047168	log_depth_residualized
-41.9789037676496	-27.9669271042055	18.4983806843412	2.52172873085443	-24.6092176188344	LV3003047169	log_depth_residualized
15.579585858225	-5.87064717470248	-16.7977966903018	-14.0395382193403	-15.0319305948192	LV3003061473	log_depth_residualized
10.3810952173172	15.6201577716704	21.743009983822	13.3638095599244	14.733222923026	LV3003061474	log_depth_residualized
5.8257197538432	-12.5848724450826	16.9164237395146	-3.70036591702474	18.6830200771061	LV3003061475	log_depth_residualized
-12.6717574920098	6.57240660939728	30.7347864478007	-7.46991154360316	7.44145434498882	LV3003061476	log_depth_residualized
-65.5632717335041	32.9635773365365	-31.6638027761272	-6.6479743441211	-17.2988679061238	LV3003061477	log_depth_residualized
-0.982135223178843	56.6251172072233	14.2958749937901	15.8228304832882	9.85465051585948	LV3003061485	log_depth_residualized
12.705853185914	-19.6522982758953	2.13180517551757	-8.65701175498864	5.20902500680887	LV3003061486	log_depth_residualized
-40.0267166691952	10.2279639834389	21.6704252529705	-9.05613115772805	-10.3060518503765	LV3003061488	log_depth_residualized
43.3335387582532	5.2866436743611	-19.1935914044061	-20.8745731947303	-20.5101322014386	LV3003061489	log_depth_residualized
-74.0653072514818	30.9053699247177	-42.0546470960116	3.57467813581697	-7.04277692935656	LV3003061492	log_depth_residualized
1.82970130480387	-33.5991255938351	-17.3875673660877	0.0743019956211783	19.0968928829049	LV3003061500	log_depth_residualized
37.7524925638159	13.7798008035261	8.3362385051886	8.35872044088914	-3.02600667429404	LV3003061501	log_depth_residualized
6.22565533721398	28.8974387076785	21.6709432243522	11.0798640329571	14.0601260346732	LV3003061503	log_depth_residualized
3.16408515569182	-15.2126238044512	19.1652825536184	-15.6762676226481	14.2820107302047	LV3003061504	log_depth_residualized
-15.0116923639424	-18.8022204079841	20.385457195903	-13.6694924884975	7.98919442138872	LV3003061505	log_depth_residualized
-2.70439538810692	-33.466829895643	-27.4545262752324	-10.8045048362604	23.6614079044195	LV3003061506	log_depth_residualized
3.20789266416713	-11.4810455598679	6.31186993689148	-17.1274849918928	10.0867831970276	LV3003061513	log_depth_residualized
9.83437082851939	69.7554113790657	9.51294164230569	12.9856353794369	15.2689329360684	LV3003061514	log_depth_residualized
0.715628016111425	76.3094846057821	12.2997028948159	0.62750081148978	8.08804664205261	LV3003061515	log_depth_residualized
4.07674766631272	-17.5363463953194	20.0401049704578	-15.8037815706726	11.8672392034887	LV3003061516	log_depth_residualized
-31.854777385734	26.3659241599131	21.6016631240771	-3.85215123710088	-3.95411665683131	LV3003061517	log_depth_residualized
-50.7290062144113	27.5485277163076	-20.2368148357939	-1.36007210853278	1.63853347295784	LV3003061518	log_depth_residualized
-18.6760253912444	25.8473699565211	-9.51829187060572	3.44125783677757	2.5081199093713	LV3003061527	log_depth_residualized
11.3777600942216	51.0825143955772	14.3336348947407	11.0169790818562	17.1368435400739	LV3003061528	log_depth_residualized
-23.6744327528939	39.4785149792331	6.18022903947528	4.85718998831881	7.85159945788958	LV3003061529	log_depth_residualized
23.1795253388353	-24.3925980767703	8.10114794496448	-17.5673166209072	4.5200540319662	LV3003061530	log_depth_residualized
-47.602162704088	11.4368734188915	20.1684229651924	9.0116648812357	-11.6789651197718	LV3003061531	log_depth_residualized
-4.0194611044726	-40.9234802954652	-53.1081660760412	0.774339899278081	43.1701005682925	LV3003061533	log_depth_residualized
3.85682890624611	-13.9371734360858	8.50989781951547	-19.4213850039354	7.74868540180159	LV3003061539	log_depth_residualized
19.042296846071	-1.90948814579421	20.5453949054392	20.2317372814282	10.5874099756958	LV3003061541	log_depth_residualized
-15.8745003597679	35.4205409349295	25.3284439071099	-2.44661981077168	15.4015314618409	LV3003061543	log_depth_residualized
-11.4548455742121	-1.27798744261374	27.8615361333293	-10.0952017901578	17.6735738472384	LV3003061544	log_depth_residualized
-50.9073297978558	-5.04494746877548	14.0988287047033	-3.90421415504203	-21.985370611872	LV3003061545	log_depth_residualized
12.5150636806789	-49.3395065867193	-66.0300205645622	0.514869277429457	29.437376605107	LV3003061546	log_depth_residualized
-5.49212203792822	8.25363550415143	-13.1287967870086	-4.31524578567805	-5.00834201896161	LV3003061555	log_depth_residualized
25.1578046014387	9.92886706314385	18.7171180832112	5.32250732895404	13.7469508485287	LV3003061556	log_depth_residualized
18.2845739887226	20.8751010737307	18.991911766526	-14.3253322246102	19.5438325768823	LV3003061557	log_depth_residualized
-19.6995066184567	-3.72797370865818	29.1901022755417	-9.28468459482929	8.74958440574078	LV3003061558	log_depth_residualized
-32.7135151224621	1.77374802960398	18.4660862073882	-4.13769256603074	-8.62089036641797	LV3003061559	log_depth_residualized
-10.7064120796091	19.3487062149397	-13.2542248368233	-0.162956265679915	-3.54735211663166	LV3003061568	log_depth_residualized
16.0372127645413	30.9020582948789	21.4473710418142	15.2950920904636	22.0152840174619	LV3003061569	log_depth_residualized
4.49819031897186	9.82933575429126	26.5179573174706	-5.79508966411668	23.432434170459	LV3003061570	log_depth_residualized
-12.4942720706072	-30.4868873008511	10.27812744608	-0.585894493551138	1.03997487532658	LV3003061571	log_depth_residualized
-66.3200118425059	24.5303595182845	-31.2154697044873	1.10882976075399	-14.1785396365431	LV3003061572	log_depth_residualized
-17.0720446489896	-18.8086464994037	-39.809776140077	-8.60780157435025	26.4916912917913	LV7001898064	log_depth_residualized
-63.4088328256511	33.1071678377492	-49.6847667131397	-2.22391477075259	8.86759682157039	LV7001898076	log_depth_residualized
8.96171440921811	18.6214100278182	1.42945162617563	-40.5722465625879	-14.6022675799777	LV7001898088	log_depth_residualized
69.4622844511697	15.2178655544562	-22.9155492349993	-51.4518786403645	-22.2732195134289	LV7001898100	log_depth_residualized
11.7053371831723	-29.4555417314457	10.3858280080862	7.3517407997746	-0.331180005006445	LV7008886221	log_depth_residualized
19.8877657984341	-14.7621269207062	2.61239694771384	-8.5005424236475	-0.409721639383364	LV7008886222	log_depth_residualized
22.8451276911411	-37.7579116375224	-5.66631823295589	-1.93967593574512	-8.68621894753876	LV7008886226	log_depth_residualized
0.826004760468108	6.38367129310426	-17.6197174398615	1.45883821702302	-12.2402339343767	LV7008886228	log_depth_residualized
29.4006234256615	28.5877886572143	14.1715306198164	57.7752260714634	4.02183429554249	LV7008886229	log_depth_residualized
33.3576892416906	-52.6913707009282	-70.4650114571959	-4.73373021615641	-5.52696856055958	LV7008886690	log_depth_residualized
15.2657694641148	-24.9193849494823	1.98534653062127	-1.02779321990518	-1.08463820518141	LV7008886692	log_depth_residualized
51.0240334803737	-3.79080450531886	6.46774062221949	54.5876277472922	-12.0448137812698	LV7008886695	log_depth_residualized
-1.63925863157011	-35.179213079039	-42.2010104153868	-10.5143238988039	27.6412042711475	LV7008886702	log_depth_residualized
-40.7925112870274	-14.7173429364386	24.235148819326	2.62459004476487	-18.5483903878401	LV7008886703	log_depth_residualized
14.5481609408581	-16.1357146831035	10.3553995279863	-7.5719188076931	6.46373781089122	LV7008886704	log_depth_residualized
8.17646623050353	-3.60092132539024	-6.47495916203172	-5.86292214283715	-4.20826193387069	LV7008886705	log_depth_residualized
35.1924698423921	18.7966222832184	9.52483137731189	46.9181859217083	5.66266122172054	LV7008886706	log_depth_residualized
51.2857272242567	-15.4925875061914	2.13908619880762	47.0139378193138	-17.1447674725985	LV7008886707	log_depth_residualized
60.2039989473674	-12.1717888489994	-11.0797822267479	45.0541945315329	-30.0881934517099	LV7008886708	log_depth_residualized
8.06448870958645	-17.0940720285826	2.49262560974882	2.11099761906557	4.68389840362693	LV7008886709	log_depth_residualized
65.3049072299349	-11.091255093239	-31.2267282698403	-46.2867877669023	-28.4571769658393	LV7008886714	log_depth_residualized
-41.6733660158125	-14.2438326699416	21.4156259639209	-1.51861186505805	-19.0885123109028	LV7008886715	log_depth_residualized
17.3862580275758	-4.00792300870244	6.66952424564318	-1.10675874324223	7.07676705297658	LV7008886717	log_depth_residualized
21.2121686211436	6.84830013191887	14.3239146775545	39.9205305193735	2.09194477540536	LV7008886718	log_depth_residualized
44.1905705356747	-30.0933961141125	-6.41624686989143	37.3366594250044	-20.9630818438754	LV7008886719	log_depth_residualized
72.3410047902602	-3.60494505611882	-14.0439118579087	49.9261310372475	-33.6701595381223	LV7008886720	log_depth_residualized
3.61138951866586	-12.6725345932709	10.1809401386735	6.71810969042835	13.5354707506124	LV7008886721	log_depth_residualized
71.150975907848	-6.00077584226859	-28.1388897600925	-45.4314268594552	-23.9252204887542	LV7008886726	log_depth_residualized
-66.9580557621701	20.4496586698877	-34.7500486273828	2.00197491705307	-0.357035528492232	LV7008886727	log_depth_residualized
-1.62154198937958	-25.3275640122145	17.3337489402141	-8.72500300553001	2.6788303575794	LV7008886728	log_depth_residualized
26.3020151900386	23.6559846996173	17.3587685846071	54.7747217300153	1.83543606422516	LV7008886730	log_depth_residualized
44.9571692275117	-31.6945684276467	-9.39478231112038	38.2959579589515	-20.2729045547572	LV7008886731	log_depth_residualized
-72.2920510126376	36.2495915507336	-30.674606707597	4.64141123124204	-14.1519652190323	LV7008886739	log_depth_residualized
-7.81127146004557	-12.0699671505785	20.3521849130585	-5.8589328431265	3.55362363941328	LV7008886740	log_depth_residualized
-2.71309484596059	11.6342331815191	-15.7190280976417	-0.0244982050760765	-4.18344080778202	LV7008886741	log_depth_residualized
13.9018834036534	35.0679003537827	17.4354781200549	60.5333284627268	1.4048763131709	LV7008886742	log_depth_residualized
55.1259646683781	-14.0117001413592	-1.59898522526049	40.9625122223727	-14.2634883358986	LV7008886743	log_depth_residualized
59.3949922383855	-18.620311035387	-17.6908465383337	38.824695909487	-30.6959810505844	LV7008886744	log_depth_residualized
15.248698608522	-12.9530803438569	-5.35932846602553	-5.96769859839363	-4.38616190186054	LV7008886745	log_depth_residualized
0.104015457758393	-41.72464691209	-44.6101513842388	10.6175687304332	31.7066299741681	LV7008886751	log_depth_residualized
0.0545020913225762	-24.8695436823121	20.909936258538	-3.45086381814361	4.94766133559956	LV7008886752	log_depth_residualized
21.7092360998201	-0.0829036982660751	-4.02556757449455	-8.67752555805578	-3.08140625884738	LV7008886753	log_depth_residualized
20.8078580709895	47.6174955620501	13.2981599583182	39.6890122871483	4.65020654745824	LV7008886754	log_depth_residualized
54.6862211992068	4.32231359932881	6.44503300440574	48.1845854952961	-3.97644782578444	LV7008886755	log_depth_residualized
50.5122391712964	-18.4167917505229	-3.00083312119002	40.8353686483561	-21.2265752845676	LV7008886756	log_depth_residualized
0.569215215146998	6.22551087969093	-16.990875430072	4.11062825764619	-13.5994240776592	LV7008886757	log_depth_residualized
14.4850790697991	-37.8900323579592	-52.3844113710721	0.519604448899425	11.605541414002	LV7008886763	log_depth_residualized
0.707688651018833	-18.4312377037708	20.9714289110638	7.55261665320916	6.00302866976595	LV7008886765	log_depth_residualized
27.4362258840931	46.711114974918	12.7407714220558	37.5261779552695	8.40835956268506	LV7008886766	log_depth_residualized
42.4538306540453	8.74708882862386	12.0428390136135	44.0352368991227	-0.586502442934246	LV7008886768	log_depth_residualized
9.30162949329658	-11.9361765282886	-15.9093810774354	0.0295984521735886	-21.8857839013498	LV7008886769	log_depth_residualized
-37.8390266032256	14.935763266021	28.5387926533171	-1.7701647845094	-9.57103731272026	LV7008886776	log_depth_residualized
34.8516545770088	34.9935461748525	14.1421368748765	48.5894217408594	10.0735456674965	LV7008886778	log_depth_residualized
31.2159585330334	21.6066118519816	14.3379273681134	45.9980152020894	5.2516631920613	LV7008886780	log_depth_residualized
-8.24137080548721	16.942177574222	-13.2993556101167	3.20194004127527	-6.99228284520051	LV7008886781	log_depth_residualized
