state	sample	module	core	age_kyr	state_label	index	centered	state_label_ref	state_label_source
1	LV3003047044	grey	ST8	12.078	state_03	OAP	35.7542925984069	state_03	G-A
1	LV3003047044	turquoise	ST8	12.078	state_03	OAP	-140.717116791423	state_03	G-A
1	LV3003047044	yellow	ST8	12.078	state_03	OAP	1.08138000613667	state_03	G-A
1	LV3003047044	green	ST8	12.078	state_03	OAP	154.41124253626	state_03	G-A
1	LV3003047044	blue	ST8	12.078	state_03	OAP	239.966971054317	state_03	G-A
1	LV3003047044	brown	ST8	12.078	state_03	OAP	-290.496769403698	state_03	G-A
1	LV3003047067	turquoise	ST8	42.86602	state_03	OAP	-75.8862183565947	state_03	G-A
1	LV3003047067	grey	ST8	42.86602	state_03	OAP	-23.6760873461446	state_03	G-A
1	LV3003047067	yellow	ST8	42.86602	state_03	OAP	94.374296590461	state_03	G-A
1	LV3003047067	green	ST8	42.86602	state_03	OAP	171.630950540983	state_03	G-A
1	LV3003047067	blue	ST8	42.86602	state_03	OAP	231.409501421961	state_03	G-A
1	LV3003047067	brown	ST8	42.86602	state_03	OAP	-397.852442850665	state_03	G-A
1	LV3003047068	turquoise	ST8	37.78969	state_03	OAP	-82.857720042224	state_03	G-A
1	LV3003047068	yellow	ST8	37.78969	state_03	OAP	98.9929971958401	state_03	G-A
1	LV3003047068	grey	ST8	37.78969	state_03	OAP	-2.35906259736316	state_03	G-A
1	LV3003047068	blue	ST8	37.78969	state_03	OAP	-127.646741396571	state_03	G-A
1	LV3003047068	brown	ST8	37.78969	state_03	OAP	-224.003408454841	state_03	G-A
1	LV3003047068	green	ST8	37.78969	state_03	OAP	337.873935295159	state_03	G-A
1	LV3003047069	turquoise	ST8	33.7436870748299	state_03	OAP	-25.3733192403934	state_03	G-A
1	LV3003047069	grey	ST8	33.7436870748299	state_03	OAP	-59.5822324770728	state_03	G-A
1	LV3003047069	yellow	ST8	33.7436870748299	state_03	OAP	39.0663521582172	state_03	G-A
1	LV3003047069	brown	ST8	33.7436870748299	state_03	OAP	-235.94467975373	state_03	G-A
1	LV3003047069	blue	ST8	33.7436870748299	state_03	OAP	25.4229160020865	state_03	G-A
1	LV3003047069	green	ST8	33.7436870748299	state_03	OAP	256.410963310892	state_03	G-A
1	LV3003047070	turquoise	ST8	30.128	state_03	OAP	-2.64665530817337	state_03	G-A
1	LV3003047070	yellow	ST8	30.128	state_03	OAP	197.813238830092	state_03	G-A
1	LV3003047070	grey	ST8	30.128	state_03	OAP	62.3370998156846	state_03	G-A
1	LV3003047070	brown	ST8	30.128	state_03	OAP	-90.2690658142093	state_03	G-A
1	LV3003047070	blue	ST8	30.128	state_03	OAP	-167.234617523394	state_03	G-A
1	LV3003047071	grey	ST8	26.141	state_03	OAP	59.7353869486083	state_03	G-A
1	LV3003047071	turquoise	ST8	26.141	state_03	OAP	-59.1428511901153	state_03	G-A
1	LV3003047071	yellow	ST8	26.141	state_03	OAP	103.205469038186	state_03	G-A
1	LV3003047071	brown	ST8	26.141	state_03	OAP	-399.93503187502	state_03	G-A
1	LV3003047071	blue	ST8	26.141	state_03	OAP	124.927670092649	state_03	G-A
1	LV3003047071	green	ST8	26.141	state_03	OAP	171.209356985693	state_03	G-A
1	LV3003047081	turquoise	ST8	52.20718	state_03	OAP	-162.336413819987	state_03	G-A
1	LV3003047081	grey	ST8	52.20718	state_03	OAP	-87.0563363325353	state_03	G-A
1	LV3003047081	yellow	ST8	52.20718	state_03	OAP	-2.73090008309191	state_03	G-A
1	LV3003047081	brown	ST8	52.20718	state_03	OAP	133.568008407809	state_03	G-A
1	LV3003047081	blue	ST8	52.20718	state_03	OAP	-23.4768200572984	state_03	G-A
1	LV3003047081	green	ST8	52.20718	state_03	OAP	142.032461885105	state_03	G-A
1	LV3003047082	turquoise	ST8	41.9168333333333	state_03	OAP	-94.5830152912477	state_03	G-A
1	LV3003047082	yellow	ST8	41.9168333333333	state_03	OAP	91.7255935882013	state_03	G-A
1	LV3003047082	grey	ST8	41.9168333333333	state_03	OAP	-44.1028904024403	state_03	G-A
1	LV3003047082	green	ST8	41.9168333333333	state_03	OAP	315.531215146273	state_03	G-A
1	LV3003047082	brown	ST8	41.9168333333333	state_03	OAP	-466.60211818706	state_03	G-A
1	LV3003047082	blue	ST8	41.9168333333333	state_03	OAP	198.031215146273	state_03	G-A
1	LV3003047083	grey	ST8	37.30319	state_03	OAP	-61.8675198650307	state_03	G-A
1	LV3003047083	turquoise	ST8	37.30319	state_03	OAP	-105.00931345851	state_03	G-A
1	LV3003047083	yellow	ST8	37.30319	state_03	OAP	55.0076713692528	state_03	G-A
1	LV3003047083	blue	ST8	37.30319	state_03	OAP	95.3850790743684	state_03	G-A
1	LV3003047083	green	ST8	37.30319	state_03	OAP	201.845670472218	state_03	G-A
1	LV3003047083	brown	ST8	37.30319	state_03	OAP	-185.361587592298	state_03	G-A
1	LV3003047085	grey	ST8	29.703	state_03	OAP	-15.2170340902067	state_03	G-A
1	LV3003047085	turquoise	ST8	29.703	state_03	OAP	-70.6726626526149	state_03	G-A
1	LV3003047085	yellow	ST8	29.703	state_03	OAP	33.3439621868999	state_03	G-A
1	LV3003047085	brown	ST8	29.703	state_03	OAP	-469.430846870985	state_03	G-A
1	LV3003047085	blue	ST8	29.703	state_03	OAP	216.246826511339	state_03	G-A
1	LV3003047085	green	ST8	29.703	state_03	OAP	305.729754915568	state_03	G-A
1	LV3003047094	turquoise	ST8	50.6848	state_03	OAP	-230.957516804207	state_03	G-A
1	LV3003047094	grey	ST8	50.6848	state_03	OAP	-135.702052275476	state_03	G-A
1	LV3003047094	green	ST8	50.6848	state_03	OAP	93.494656976157	state_03	G-A
1	LV3003047094	yellow	ST8	50.6848	state_03	OAP	-2.49581494117706	state_03	G-A
1	LV3003047094	blue	ST8	50.6848	state_03	OAP	275.660727044702	state_03	G-A
1	LV3003047095	turquoise	ST8	40.9751666666667	state_03	OAP	-189.640899357775	state_03	G-A
1	LV3003047095	grey	ST8	40.9751666666667	state_03	OAP	-56.6266736957414	state_03	G-A
1	LV3003047095	green	ST8	40.9751666666667	state_03	OAP	256.408622695397	state_03	G-A
1	LV3003047095	yellow	ST8	40.9751666666667	state_03	OAP	89.7756808507462	state_03	G-A
1	LV3003047095	blue	ST8	40.9751666666667	state_03	OAP	244.986240055101	state_03	G-A
1	LV3003047095	brown	ST8	40.9751666666667	state_03	OAP	-344.902970547729	state_03	G-A
1	LV3003047096	grey	ST8	36.89377	state_03	OAP	-62.1897056463521	state_03	G-A
1	LV3003047096	turquoise	ST8	36.89377	state_03	OAP	-223.705514390186	state_03	G-A
1	LV3003047096	yellow	ST8	36.89377	state_03	OAP	64.7514576419115	state_03	G-A
1	LV3003047096	blue	ST8	36.89377	state_03	OAP	201.840389478468	state_03	G-A
1	LV3003047096	brown	ST8	36.89377	state_03	OAP	-298.204076310738	state_03	G-A
1	LV3003047096	green	ST8	36.89377	state_03	OAP	317.507449226896	state_03	G-A
1	LV3003047097	grey	ST8	32.835	state_03	OAP	68.1555191456045	state_03	G-A
1	LV3003047097	turquoise	ST8	32.835	state_03	OAP	63.0681112644846	state_03	G-A
1	LV3003047097	yellow	ST8	32.835	state_03	OAP	163.18423796635	state_03	G-A
1	LV3003047097	green	ST8	32.835	state_03	OAP	429.369252207853	state_03	G-A
1	LV3003047097	blue	ST8	32.835	state_03	OAP	-607.630747792147	state_03	G-A
1	LV3003047097	brown	ST8	32.835	state_03	OAP	-116.146372792147	state_03	G-A
1	LV3003047098	turquoise	ST8	29.278	state_03	OAP	-1.70343729218507	state_03	G-A
1	LV3003047098	grey	ST8	29.278	state_03	OAP	78.3610773165482	state_03	G-A
1	LV3003047098	yellow	ST8	29.278	state_03	OAP	155.769852109806	state_03	G-A
1	LV3003047098	blue	ST8	29.278	state_03	OAP	415.786253932915	state_03	G-A
1	LV3003047098	brown	ST8	29.278	state_03	OAP	-648.213746067085	state_03	G-A
1	LV3003047099	turquoise	ST8	25.058	state_03	OAP	-100.410183132084	state_03	G-A
1	LV3003047099	grey	ST8	25.058	state_03	OAP	-30.8368462480351	state_03	G-A
1	LV3003047099	yellow	ST8	25.058	state_03	OAP	28.1624465234066	state_03	G-A
1	LV3003047099	brown	ST8	25.058	state_03	OAP	-261.428522565657	state_03	G-A
1	LV3003047099	blue	ST8	25.058	state_03	OAP	135.83285543648	state_03	G-A
1	LV3003047099	green	ST8	25.058	state_03	OAP	228.680249985889	state_03	G-A
1	LV3003047110	grey	ST8	49.1548	state_03	OAP	-178.351080347188	state_03	G-A
1	LV3003047110	turquoise	ST8	49.1548	state_03	OAP	-125.639471125306	state_03	G-A
1	LV3003047110	yellow	ST8	49.1548	state_03	OAP	39.088403435069	state_03	G-A
1	LV3003047110	green	ST8	49.1548	state_03	OAP	264.902148037425	state_03	G-A
1	LV3003047112	turquoise	ST8	40.0335	state_03	OAP	-20.9371747214416	state_03	G-A
1	LV3003047112	yellow	ST8	40.0335	state_03	OAP	49.8631239700634	state_03	G-A
1	LV3003047112	grey	ST8	40.0335	state_03	OAP	13.6890433649211	state_03	G-A
1	LV3003047112	blue	ST8	40.0335	state_03	OAP	13.7632943596705	state_03	G-A
1	LV3003047112	green	ST8	40.0335	state_03	OAP	155.794461069944	state_03	G-A
1	LV3003047112	brown	ST8	40.0335	state_03	OAP	-212.172748043156	state_03	G-A
1	LV3003047113	grey	ST8	36.48927	state_03	OAP	9.63027284732368	state_03	G-A
1	LV3003047113	turquoise	ST8	36.48927	state_03	OAP	-157.264293907366	state_03	G-A
1	LV3003047113	yellow	ST8	36.48927	state_03	OAP	73.2101285299039	state_03	G-A
1	LV3003047113	brown	ST8	36.48927	state_03	OAP	-254.738126831038	state_03	G-A
1	LV3003047113	blue	ST8	36.48927	state_03	OAP	4.88500376342813	state_03	G-A
1	LV3003047113	green	ST8	36.48927	state_03	OAP	324.277015597748	state_03	G-A
1	LV3003047114	green	ST8	32.3855	state_03	OAP	189.299463106025	state_03	G-A
1	LV3003047114	turquoise	ST8	32.3855	state_03	OAP	-89.5716098207711	state_03	G-A
1	LV3003047114	yellow	ST8	32.3855	state_03	OAP	30.5315958307189	state_03	G-A
1	LV3003047114	grey	ST8	32.3855	state_03	OAP	-130.259449115973	state_03	G-A
1	LV3003047117	grey	ST8	28.7616666666667	state_03	OAP	-46.0311879391943	state_03	G-A
1	LV3003047117	turquoise	ST8	28.7616666666667	state_03	OAP	-84.4851311873239	state_03	G-A
1	LV3003047117	yellow	ST8	28.7616666666667	state_03	OAP	12.2711210445854	state_03	G-A
1	LV3003047117	blue	ST8	28.7616666666667	state_03	OAP	265.050049627147	state_03	G-A
1	LV3003047117	green	ST8	28.7616666666667	state_03	OAP	204.55838296048	state_03	G-A
1	LV3003047117	brown	ST8	28.7616666666667	state_03	OAP	-351.363234505694	state_03	G-A
1	LV3003047126	turquoise	ST8	64.210824	state_03	OAP	-149.207685339501	state_03	G-A
1	LV3003047126	grey	ST8	64.210824	state_03	OAP	-131.05607327031	state_03	G-A
1	LV3003047126	yellow	ST8	64.210824	state_03	OAP	-159.841118919251	state_03	G-A
1	LV3003047126	blue	ST8	64.210824	state_03	OAP	220.052438764531	state_03	G-A
1	LV3003047126	green	ST8	64.210824	state_03	OAP	220.052438764531	state_03	G-A
1	LV3003047128	grey	ST8	39.57797	state_03	OAP	3.37197629415056	state_03	G-A
1	LV3003047128	turquoise	ST8	39.57797	state_03	OAP	-94.7349391362549	state_03	G-A
1	LV3003047128	yellow	ST8	39.57797	state_03	OAP	128.421850852162	state_03	G-A
1	LV3003047128	blue	ST8	39.57797	state_03	OAP	320.238909263574	state_03	G-A
1	LV3003047128	brown	ST8	39.57797	state_03	OAP	-357.297797273632	state_03	G-A
1	LV3003047129	turquoise	ST8	36.0373	state_03	OAP	-23.026172502356	state_03	G-A
1	LV3003047129	grey	ST8	36.0373	state_03	OAP	62.433231273202	state_03	G-A
1	LV3003047129	yellow	ST8	36.0373	state_03	OAP	130.421583213393	state_03	G-A
1	LV3003047129	brown	ST8	36.0373	state_03	OAP	-448.283496794784	state_03	G-A
1	LV3003047129	blue	ST8	36.0373	state_03	OAP	278.454854810545	state_03	G-A
1	LV3003047130	grey	ST8	31.936	state_03	OAP	-69.4550218838533	state_03	G-A
1	LV3003047130	turquoise	ST8	31.936	state_03	OAP	-1.586796888214	state_03	G-A
1	LV3003047130	yellow	ST8	31.936	state_03	OAP	132.540624439681	state_03	G-A
1	LV3003047130	green	ST8	31.936	state_03	OAP	327.691172830469	state_03	G-A
1	LV3003047130	brown	ST8	31.936	state_03	OAP	-276.558827169531	state_03	G-A
1	LV3003047130	blue	ST8	31.936	state_03	OAP	-112.631151328552	state_03	G-A
1	LV3003047131	turquoise	ST8	28.2453333333333	state_03	OAP	-114.620784884907	state_03	G-A
1	LV3003047131	yellow	ST8	28.2453333333333	state_03	OAP	48.4253617759179	state_03	G-A
1	LV3003047131	grey	ST8	28.2453333333333	state_03	OAP	-9.64817195118303	state_03	G-A
1	LV3003047131	green	ST8	28.2453333333333	state_03	OAP	145.270350592015	state_03	G-A
1	LV3003047131	brown	ST8	28.2453333333333	state_03	OAP	-138.913624941063	state_03	G-A
1	LV3003047131	blue	ST8	28.2453333333333	state_03	OAP	69.4868694092197	state_03	G-A
1	LV3003047137	turquoise	ST8	66.9462	state_03	OAP	4.92728411499701	state_03	G-A
1	LV3003047137	grey	ST8	66.9462	state_03	OAP	-67.6844842576711	state_03	G-A
1	LV3003047137	yellow	ST8	66.9462	state_03	OAP	272.717292430011	state_03	G-A
1	LV3003047137	brown	ST8	66.9462	state_03	OAP	-215.220862470199	state_03	G-A
1	LV3003047137	blue	ST8	66.9462	state_03	OAP	5.26077018286213	state_03	G-A
1	LV3003047139	turquoise	ST8	58.6141266666667	state_03	OAP	4.21425891861583	state_03	G-A
1	LV3003047139	yellow	ST8	58.6141266666667	state_03	OAP	160.099210230825	state_03	G-A
1	LV3003047139	grey	ST8	58.6141266666667	state_03	OAP	55.9179324686275	state_03	G-A
1	LV3003047139	blue	ST8	58.6141266666667	state_03	OAP	-83.7157008090341	state_03	G-A
1	LV3003047139	brown	ST8	58.6141266666667	state_03	OAP	-136.515700809034	state_03	G-A
1	LV3003047142	turquoise	ST8	35.5823	state_03	OAP	-13.7932388466318	state_03	G-A
1	LV3003047142	grey	ST8	35.5823	state_03	OAP	49.9490934722044	state_03	G-A
1	LV3003047142	yellow	ST8	35.5823	state_03	OAP	102.845806882391	state_03	G-A
1	LV3003047142	blue	ST8	35.5823	state_03	OAP	143.228342526442	state_03	G-A
1	LV3003047142	brown	ST8	35.5823	state_03	OAP	-282.230004034405	state_03	G-A
1	LV3003047143	turquoise	ST8	31.398	state_03	OAP	-55.5055729707954	state_03	G-A
1	LV3003047143	yellow	ST8	31.398	state_03	OAP	72.5820706486221	state_03	G-A
1	LV3003047143	grey	ST8	31.398	state_03	OAP	-43.3889796403344	state_03	G-A
1	LV3003047143	green	ST8	31.398	state_03	OAP	314.455383757979	state_03	G-A
1	LV3003047143	brown	ST8	31.398	state_03	OAP	-623.937422870427	state_03	G-A
1	LV3003047143	blue	ST8	31.398	state_03	OAP	335.794521074956	state_03	G-A
1	LV3003047144	grey	ST8	27.729	state_03	OAP	23.9406080105438	state_03	G-A
1	LV3003047144	turquoise	ST8	27.729	state_03	OAP	-55.00515549105	state_03	G-A
1	LV3003047144	yellow	ST8	27.729	state_03	OAP	-18.4532426005688	state_03	G-A
1	LV3003047144	brown	ST8	27.729	state_03	OAP	-141.56667358229	state_03	G-A
1	LV3003047144	blue	ST8	27.729	state_03	OAP	35.5649707874576	state_03	G-A
1	LV3003047144	green	ST8	27.729	state_03	OAP	155.519492875907	state_03	G-A
1	LV3003047146	turquoise	ST8	63.2667	state_03	OAP	-78.1223449591746	state_03	G-A
1	LV3003047146	grey	ST8	63.2667	state_03	OAP	-2.39861913196944	state_03	G-A
1	LV3003047146	yellow	ST8	63.2667	state_03	OAP	11.5700627594127	state_03	G-A
1	LV3003047146	brown	ST8	63.2667	state_03	OAP	-303.01202887984	state_03	G-A
1	LV3003047146	blue	ST8	63.2667	state_03	OAP	188.192092793976	state_03	G-A
1	LV3003047146	green	ST8	63.2667	state_03	OAP	183.770837417595	state_03	G-A
1	LV3003047147	turquoise	ST8	62.3217	state_03	OAP	-146.331533785961	state_03	G-A
1	LV3003047147	grey	ST8	62.3217	state_03	OAP	-80.8263526841124	state_03	G-A
1	LV3003047147	yellow	ST8	62.3217	state_03	OAP	24.4435457139524	state_03	G-A
1	LV3003047147	brown	ST8	62.3217	state_03	OAP	-321.704433840101	state_03	G-A
1	LV3003047147	blue	ST8	62.3217	state_03	OAP	262.209387298111	state_03	G-A
1	LV3003047147	green	ST8	62.3217	state_03	OAP	262.209387298111	state_03	G-A
1	LV3003047148	grey	ST8	61.3767	state_03	OAP	-165.228536968684	state_03	G-A
1	LV3003047148	turquoise	ST8	61.3767	state_03	OAP	-221.64981335139	state_03	G-A
1	LV3003047148	yellow	ST8	61.3767	state_03	OAP	27.4838886081949	state_03	G-A
1	LV3003047148	brown	ST8	61.3767	state_03	OAP	-141.833944861472	state_03	G-A
1	LV3003047148	blue	ST8	61.3767	state_03	OAP	250.614203286676	state_03	G-A
1	LV3003047148	green	ST8	61.3767	state_03	OAP	250.614203286676	state_03	G-A
1	LV3003047149	grey	ST8	60.4317	state_03	OAP	145.187793045845	state_03	G-A
1	LV3003047149	yellow	ST8	60.4317	state_03	OAP	274.955271770763	state_03	G-A
1	LV3003047149	turquoise	ST8	60.4317	state_03	OAP	113.378425811935	state_03	G-A
1	LV3003047149	green	ST8	60.4317	state_03	OAP	473.511729844467	state_03	G-A
1	LV3003047149	brown	ST8	60.4317	state_03	OAP	-517.016610236505	state_03	G-A
1	LV3003047149	blue	ST8	60.4317	state_03	OAP	-490.016610236505	state_03	G-A
1	LV3003047150	grey	ST8	59.5217933333333	state_03	OAP	-21.8661433167368	state_03	G-A
1	LV3003047150	turquoise	ST8	59.5217933333333	state_03	OAP	-115.571450992059	state_03	G-A
1	LV3003047150	yellow	ST8	59.5217933333333	state_03	OAP	57.5171089899277	state_03	G-A
1	LV3003047150	blue	ST8	59.5217933333333	state_03	OAP	231.592848212371	state_03	G-A
1	LV3003047150	brown	ST8	59.5217933333333	state_03	OAP	-355.354958909749	state_03	G-A
1	LV3003047150	green	ST8	59.5217933333333	state_03	OAP	203.682596016246	state_03	G-A
1	LV3003047152	grey	ST8	45.00002	state_03	OAP	67.2590741042391	state_03	G-A
1	LV3003047152	turquoise	ST8	45.00002	state_03	OAP	28.8458432111632	state_03	G-A
1	LV3003047152	yellow	ST8	45.00002	state_03	OAP	176.019858959251	state_03	G-A
1	LV3003047152	green	ST8	45.00002	state_03	OAP	257.428852524229	state_03	G-A
1	LV3003047152	blue	ST8	45.00002	state_03	OAP	137.598185600559	state_03	G-A
1	LV3003047152	brown	ST8	45.00002	state_03	OAP	-667.151814399441	state_03	G-A
1	LV3003047153	grey	ST8	38.71393	state_03	OAP	-69.3507340557239	state_03	G-A
1	LV3003047153	turquoise	ST8	38.71393	state_03	OAP	-138.779994451788	state_03	G-A
1	LV3003047153	yellow	ST8	38.71393	state_03	OAP	95.0552233199402	state_03	G-A
1	LV3003047153	green	ST8	38.71393	state_03	OAP	167.379365926721	state_03	G-A
1	LV3003047153	brown	ST8	38.71393	state_03	OAP	-298.988041480686	state_03	G-A
1	LV3003047153	blue	ST8	38.71393	state_03	OAP	244.684180741536	state_03	G-A
1	LV3003047154	turquoise	ST8	35.13012	state_03	OAP	-4.29126076022686	state_03	G-A
1	LV3003047154	yellow	ST8	35.13012	state_03	OAP	119.959905443295	state_03	G-A
1	LV3003047154	grey	ST8	35.13012	state_03	OAP	-9.34263695273506	state_03	G-A
1	LV3003047154	green	ST8	35.13012	state_03	OAP	269.482383600878	state_03	G-A
1	LV3003047154	brown	ST8	35.13012	state_03	OAP	-375.808391331211	state_03	G-A
1	LV3003047155	turquoise	ST8	30.9475	state_03	OAP	-139.657895748	state_03	G-A
1	LV3003047155	yellow	ST8	30.9475	state_03	OAP	86.2098819844459	state_03	G-A
1	LV3003047155	grey	ST8	30.9475	state_03	OAP	-57.1555160417253	state_03	G-A
1	LV3003047155	brown	ST8	30.9475	state_03	OAP	29.755611056486	state_03	G-A
1	LV3003047155	blue	ST8	30.9475	state_03	OAP	80.8479187487938	state_03	G-A
1	LV3003047156	grey	ST8	27.1996666666667	state_03	OAP	-1.02055516077462	state_03	G-A
1	LV3003047156	turquoise	ST8	27.1996666666667	state_03	OAP	-70.4829904823223	state_03	G-A
1	LV3003047156	yellow	ST8	27.1996666666667	state_03	OAP	23.742389498974	state_03	G-A
1	LV3003047156	blue	ST8	27.1996666666667	state_03	OAP	85.8829395295098	state_03	G-A
1	LV3003047156	brown	ST8	27.1996666666667	state_03	OAP	-150.770657649151	state_03	G-A
1	LV3003047156	green	ST8	27.1996666666667	state_03	OAP	112.648874263764	state_03	G-A
1	LV3003047158	grey	ST8	57.70646	state_03	OAP	-60.9168909063162	state_03	G-A
1	LV3003047158	turquoise	ST8	57.70646	state_03	OAP	-92.1754482362505	state_03	G-A
1	LV3003047158	yellow	ST8	57.70646	state_03	OAP	51.0386862421317	state_03	G-A
1	LV3003047158	blue	ST8	57.70646	state_03	OAP	279.928598585859	state_03	G-A
1	LV3003047158	brown	ST8	57.70646	state_03	OAP	-457.803544271284	state_03	G-A
1	LV3003047158	green	ST8	57.70646	state_03	OAP	279.928598585859	state_03	G-A
1	LV3003047159	turquoise	ST8	56.7987933333333	state_03	OAP	-29.081252905914	state_03	G-A
1	LV3003047159	yellow	ST8	56.7987933333333	state_03	OAP	16.5583616019031	state_03	G-A
1	LV3003047159	grey	ST8	56.7987933333333	state_03	OAP	33.5451420530296	state_03	G-A
1	LV3003047159	green	ST8	56.7987933333333	state_03	OAP	154.6028910654	state_03	G-A
1	LV3003047159	brown	ST8	56.7987933333333	state_03	OAP	-175.625141814419	state_03	G-A
1	LV3003047164	grey	ST8	43.93302	state_03	OAP	-199.158762613057	state_03	G-A
1	LV3003047164	turquoise	ST8	43.93302	state_03	OAP	-127.070866481163	state_03	G-A
1	LV3003047164	yellow	ST8	43.93302	state_03	OAP	-74.6825824876288	state_03	G-A
1	LV3003047164	blue	ST8	43.93302	state_03	OAP	200.456105790924	state_03	G-A
1	LV3003047164	green	ST8	43.93302	state_03	OAP	200.456105790925	state_03	G-A
1	LV3003047166	grey	ST8	38.27343	state_03	OAP	-19.4181754165368	state_03	G-A
1	LV3003047166	turquoise	ST8	38.27343	state_03	OAP	-123.620210815475	state_03	G-A
1	LV3003047166	yellow	ST8	38.27343	state_03	OAP	95.1367995985961	state_03	G-A
1	LV3003047166	green	ST8	38.27343	state_03	OAP	200.593579613221	state_03	G-A
1	LV3003047166	blue	ST8	38.27343	state_03	OAP	55.4290035100974	state_03	G-A
1	LV3003047166	brown	ST8	38.27343	state_03	OAP	-208.120996489903	state_03	G-A
1	LV3003047167	turquoise	ST8	34.67812	state_03	OAP	87.8111264113077	state_03	G-A
1	LV3003047167	yellow	ST8	34.67812	state_03	OAP	266.743602709969	state_03	G-A
1	LV3003047167	grey	ST8	34.67812	state_03	OAP	127.415743966041	state_03	G-A
1	LV3003047167	brown	ST8	34.67812	state_03	OAP	-481.970473087318	state_03	G-A
1	LV3003047168	grey	ST8	30.497	state_03	OAP	-58.3782792116844	state_03	G-A
1	LV3003047168	turquoise	ST8	30.497	state_03	OAP	-72.8896123019762	state_03	G-A
1	LV3003047168	yellow	ST8	30.497	state_03	OAP	85.611570364968	state_03	G-A
1	LV3003047168	blue	ST8	30.497	state_03	OAP	98.5805186659791	state_03	G-A
1	LV3003047168	brown	ST8	30.497	state_03	OAP	-282.188834838158	state_03	G-A
1	LV3003047168	green	ST8	30.497	state_03	OAP	229.264637320871	state_03	G-A
1	LV3003047169	grey	ST8	26.6703333333333	state_03	OAP	-14.294134992942	state_03	G-A
1	LV3003047169	turquoise	ST8	26.6703333333333	state_03	OAP	-97.9439640272738	state_03	G-A
1	LV3003047169	yellow	ST8	26.6703333333333	state_03	OAP	-2.90324383969221	state_03	G-A
1	LV3003047169	brown	ST8	26.6703333333333	state_03	OAP	-192.924417386172	state_03	G-A
1	LV3003047169	blue	ST8	26.6703333333333	state_03	OAP	40.1797637470716	state_03	G-A
1	LV3003047169	green	ST8	26.6703333333333	state_03	OAP	267.885996499008	state_03	G-A
1	LV3003061475	turquoise	ST13	53.844	state_03	OAP	44.4371062442385	state_03	G-A
1	LV3003061475	yellow	ST13	53.844	state_03	OAP	183.017870351024	state_03	G-A
1	LV3003061475	grey	ST13	53.844	state_03	OAP	28.3545088905123	state_03	G-A
1	LV3003061475	green	ST13	53.844	state_03	OAP	341.098893774156	state_03	G-A
1	LV3003061475	blue	ST13	53.844	state_03	OAP	-596.908379259931	state_03	G-A
1	LV3003061476	grey	ST13	37.16	state_03	OAP	10.9622730325554	state_03	G-A
1	LV3003061476	green	ST13	37.16	state_03	OAP	216.636846137938	state_03	G-A
1	LV3003061476	turquoise	ST13	37.16	state_03	OAP	-88.4579096291396	state_03	G-A
1	LV3003061476	yellow	ST13	37.16	state_03	OAP	148.663567393384	state_03	G-A
1	LV3003061476	blue	ST13	37.16	state_03	OAP	309.702923192178	state_03	G-A
1	LV3003061476	brown	ST13	37.16	state_03	OAP	-597.507700126917	state_03	G-A
1	LV3003061488	grey	ST13	35.041	state_03	OAP	37.9083144556224	state_03	G-A
1	LV3003061488	green	ST13	35.041	state_03	OAP	183.511028953347	state_03	G-A
1	LV3003061488	turquoise	ST13	35.041	state_03	OAP	-111.245650005626	state_03	G-A
1	LV3003061488	yellow	ST13	35.041	state_03	OAP	94.5802951175185	state_03	G-A
1	LV3003061488	blue	ST13	35.041	state_03	OAP	167.296935189753	state_03	G-A
1	LV3003061488	brown	ST13	35.041	state_03	OAP	-372.050923710615	state_03	G-A
1	LV3003061504	turquoise	ST13	50.268	state_03	OAP	-95.8245611738135	state_03	G-A
1	LV3003061504	grey	ST13	50.268	state_03	OAP	-158.819255954445	state_03	G-A
1	LV3003061504	yellow	ST13	50.268	state_03	OAP	76.1802505227812	state_03	G-A
1	LV3003061504	green	ST13	50.268	state_03	OAP	178.463566605477	state_03	G-A
1	LV3003061505	grey	ST13	32.81	state_03	OAP	4.8071147585917	state_03	G-A
1	LV3003061505	turquoise	ST13	32.81	state_03	OAP	-97.3493567256517	state_03	G-A
1	LV3003061505	yellow	ST13	32.81	state_03	OAP	91.756243986381	state_03	G-A
1	LV3003061505	blue	ST13	32.81	state_03	OAP	155.324421530801	state_03	G-A
1	LV3003061505	green	ST13	32.81	state_03	OAP	23.7919156846274	state_03	G-A
1	LV3003061505	brown	ST13	32.81	state_03	OAP	-178.330339234749	state_03	G-A
1	LV3003061516	turquoise	ST13	48.537	state_03	OAP	-186.261496967604	state_03	G-A
1	LV3003061516	grey	ST13	48.537	state_03	OAP	-235.129034261637	state_03	G-A
1	LV3003061516	yellow	ST13	48.537	state_03	OAP	42.1235037696642	state_03	G-A
1	LV3003061516	blue	ST13	48.537	state_03	OAP	264.988847063122	state_03	G-A
1	LV3003061516	green	ST13	48.537	state_03	OAP	114.278180396455	state_03	G-A
1	LV3003061530	turquoise	ST13	47.046	state_03	OAP	-190.92639745495	state_03	G-A
1	LV3003061530	grey	ST13	47.046	state_03	OAP	46.8999984538875	state_03	G-A
1	LV3003061530	yellow	ST13	47.046	state_03	OAP	169.282958903473	state_03	G-A
1	LV3003061530	green	ST13	47.046	state_03	OAP	301.237022571853	state_03	G-A
1	LV3003061530	blue	ST13	47.046	state_03	OAP	-326.493582474264	state_03	G-A
1	LV3003061531	grey	ST13	28.445	state_03	OAP	30.7082289863282	state_03	G-A
1	LV3003061531	green	ST13	28.445	state_03	OAP	255.358654607699	state_03	G-A
1	LV3003061531	turquoise	ST13	28.445	state_03	OAP	-139.535731082421	state_03	G-A
1	LV3003061531	yellow	ST13	28.445	state_03	OAP	128.634294600627	state_03	G-A
1	LV3003061531	blue	ST13	28.445	state_03	OAP	107.185190353241	state_03	G-A
1	LV3003061531	brown	ST13	28.445	state_03	OAP	-382.350637465474	state_03	G-A
1	LV3003061544	grey	ST13	45.122	state_03	OAP	-2.15533594107671	state_03	G-A
1	LV3003061544	turquoise	ST13	45.122	state_03	OAP	-41.1177201687731	state_03	G-A
1	LV3003061544	yellow	ST13	45.122	state_03	OAP	63.1774964232825	state_03	G-A
1	LV3003061544	green	ST13	45.122	state_03	OAP	179.075863554143	state_03	G-A
1	LV3003061544	blue	ST13	45.122	state_03	OAP	21.6107613913526	state_03	G-A
1	LV3003061544	brown	ST13	45.122	state_03	OAP	-220.591065258929	state_03	G-A
1	LV3003061545	grey	ST13	23.172	state_03	OAP	6.29964121364463	state_03	G-A
1	LV3003061545	turquoise	ST13	23.172	state_03	OAP	-117.963583665237	state_03	G-A
1	LV3003061545	yellow	ST13	23.172	state_03	OAP	31.3196116256549	state_03	G-A
1	LV3003061545	blue	ST13	23.172	state_03	OAP	183.042246220194	state_03	G-A
1	LV3003061545	brown	ST13	23.172	state_03	OAP	-328.614262366782	state_03	G-A
1	LV3003061545	green	ST13	23.172	state_03	OAP	225.916346972526	state_03	G-A
1	LV3003061558	grey	ST13	42.626	state_03	OAP	66.8665033732729	state_03	G-A
1	LV3003061558	green	ST13	42.626	state_03	OAP	255.21786715946	state_03	G-A
1	LV3003061558	turquoise	ST13	42.626	state_03	OAP	-77.3996927492107	state_03	G-A
1	LV3003061558	yellow	ST13	42.626	state_03	OAP	46.0508404130051	state_03	G-A
1	LV3003061558	blue	ST13	42.626	state_03	OAP	158.827522193045	state_03	G-A
1	LV3003061558	brown	ST13	42.626	state_03	OAP	-449.563040389573	state_03	G-A
1	LV3003061559	green	ST13	21.069	state_03	OAP	24.5908244029195	state_03	G-A
1	LV3003061559	grey	ST13	21.069	state_03	OAP	24.3299495028106	state_03	G-A
1	LV3003061559	turquoise	ST13	21.069	state_03	OAP	-46.5341346504015	state_03	G-A
1	LV3003061559	yellow	ST13	21.069	state_03	OAP	140.41850626472	state_03	G-A
1	LV3003061559	blue	ST13	21.069	state_03	OAP	96.7424945591183	state_03	G-A
1	LV3003061559	brown	ST13	21.069	state_03	OAP	-239.547640079167	state_03	G-A
1	LV3003061571	turquoise	ST13	40.457	state_03	OAP	-202.868724705683	state_03	G-A
1	LV3003061571	grey	ST13	40.457	state_03	OAP	26.203316117653	state_03	G-A
1	LV3003061571	yellow	ST13	40.457	state_03	OAP	102.806225018887	state_03	G-A
1	LV3003061571	blue	ST13	40.457	state_03	OAP	263.484444961869	state_03	G-A
1	LV3003061571	brown	ST13	40.457	state_03	OAP	-473.596092465882	state_03	G-A
1	LV3003061571	green	ST13	40.457	state_03	OAP	283.970831073156	state_03	G-A
1	LV7008886221	grey	GeoB25202_R1	50.3555	state_03	OAP	-204.847026418479	state_03	G-A
1	LV7008886221	turquoise	GeoB25202_R1	50.3555	state_03	OAP	-315.650738360591	state_03	G-A
1	LV7008886221	yellow	GeoB25202_R1	50.3555	state_03	OAP	36.4049412298892	state_03	G-A
1	LV7008886221	green	GeoB25202_R1	50.3555	state_03	OAP	242.04641177459	state_03	G-A
1	LV7008886221	brown	GeoB25202_R1	50.3555	state_03	OAP	242.04641177459	state_03	G-A
1	LV7008886222	turquoise	GeoB25202_R1	136.2775	state_03	OAP	-46.376341510367	state_03	G-A
1	LV7008886222	yellow	GeoB25202_R1	136.2775	state_03	OAP	-64.4846392060512	state_03	G-A
1	LV7008886222	grey	GeoB25202_R1	136.2775	state_03	OAP	-294.059686502087	state_03	G-A
1	LV7008886222	green	GeoB25202_R1	136.2775	state_03	OAP	142.334275916945	state_03	G-A
1	LV7008886222	blue	GeoB25202_R1	136.2775	state_03	OAP	262.58639130156	state_03	G-A
1	LV7008886226	grey	GeoB25202_R2	36.607	state_03	OAP	-227.107468054512	state_03	G-A
1	LV7008886226	turquoise	GeoB25202_R2	36.607	state_03	OAP	-243.630241197876	state_03	G-A
1	LV7008886226	yellow	GeoB25202_R2	36.607	state_03	OAP	141.583381630949	state_03	G-A
1	LV7008886226	brown	GeoB25202_R2	36.607	state_03	OAP	8.50131030452963	state_03	G-A
1	LV7008886226	blue	GeoB25202_R2	36.607	state_03	OAP	149.767176342181	state_03	G-A
1	LV7008886226	green	GeoB25202_R2	36.607	state_03	OAP	170.885840974728	state_03	G-A
1	LV7008886692	turquoise	GeoB25202_R1	53.875	state_03	OAP	5.37358462412715	state_03	G-A
1	LV7008886692	grey	GeoB25202_R1	53.875	state_03	OAP	-223.438505785587	state_03	G-A
1	LV7008886692	yellow	GeoB25202_R1	53.875	state_03	OAP	218.064921161459	state_03	G-A
1	LV7008886703	grey	GeoB25202_R1	27.6855	state_03	OAP	40.1297006502451	state_03	G-A
1	LV7008886703	turquoise	GeoB25202_R1	27.6855	state_03	OAP	-50.9647409387183	state_03	G-A
1	LV7008886703	yellow	GeoB25202_R1	27.6855	state_03	OAP	126.259234409515	state_03	G-A
1	LV7008886703	blue	GeoB25202_R1	27.6855	state_03	OAP	14.0398066677246	state_03	G-A
1	LV7008886703	brown	GeoB25202_R1	27.6855	state_03	OAP	-345.495353687681	state_03	G-A
1	LV7008886703	green	GeoB25202_R1	27.6855	state_03	OAP	216.031352898914	state_03	G-A
1	LV7008886704	grey	GeoB25202_R2	53.875	state_03	OAP	-186.385888080233	state_03	G-A
1	LV7008886704	turquoise	GeoB25202_R2	53.875	state_03	OAP	71.794812340767	state_03	G-A
1	LV7008886704	yellow	GeoB25202_R2	53.875	state_03	OAP	262.430186675669	state_03	G-A
1	LV7008886704	blue	GeoB25202_R2	53.875	state_03	OAP	-536.108147077691	state_03	G-A
1	LV7008886704	green	GeoB25202_R2	53.875	state_03	OAP	388.269036141487	state_03	G-A
1	LV7008886709	turquoise	GeoB25202_R1	147.206	state_03	OAP	78.0317933907908	state_03	G-A
1	LV7008886709	yellow	GeoB25202_R1	147.206	state_03	OAP	198.27665735229	state_03	G-A
1	LV7008886709	grey	GeoB25202_R1	147.206	state_03	OAP	-50.2578859443903	state_03	G-A
1	LV7008886709	blue	GeoB25202_R1	147.206	state_03	OAP	32.589110928251	state_03	G-A
1	LV7008886709	green	GeoB25202_R1	147.206	state_03	OAP	397.984509962616	state_03	G-A
1	LV7008886709	brown	GeoB25202_R1	147.206	state_03	OAP	-656.624185689558	state_03	G-A
1	LV7008886715	grey	GeoB25202_R2	27.6855	state_03	OAP	44.1209815778115	state_03	G-A
1	LV7008886715	turquoise	GeoB25202_R2	27.6855	state_03	OAP	-166.988637473523	state_03	G-A
1	LV7008886715	yellow	GeoB25202_R2	27.6855	state_03	OAP	72.1945560173369	state_03	G-A
1	LV7008886715	blue	GeoB25202_R2	27.6855	state_03	OAP	124.778856537673	state_03	G-A
1	LV7008886715	brown	GeoB25202_R2	27.6855	state_03	OAP	-376.172722150127	state_03	G-A
1	LV7008886715	green	GeoB25202_R2	27.6855	state_03	OAP	302.066965490829	state_03	G-A
1	LV7008886721	turquoise	GeoB25202_R2	147.206	state_03	OAP	2.62326734109416	state_03	G-A
1	LV7008886721	yellow	GeoB25202_R2	147.206	state_03	OAP	116.086570245206	state_03	G-A
1	LV7008886721	grey	GeoB25202_R2	147.206	state_03	OAP	-164.930092377326	state_03	G-A
1	LV7008886721	green	GeoB25202_R2	147.206	state_03	OAP	144.237960185968	state_03	G-A
1	LV7008886721	blue	GeoB25202_R2	147.206	state_03	OAP	310.491067084336	state_03	G-A
1	LV7008886721	brown	GeoB25202_R2	147.206	state_03	OAP	-408.508772479278	state_03	G-A
1	LV7008886728	grey	GeoB25202_R2	50.3555	state_03	OAP	-318.297966114949	state_03	G-A
1	LV7008886728	turquoise	GeoB25202_R2	50.3555	state_03	OAP	-144.13082359357	state_03	G-A
1	LV7008886728	yellow	GeoB25202_R2	50.3555	state_03	OAP	49.0110056462136	state_03	G-A
1	LV7008886728	green	GeoB25202_R2	50.3555	state_03	OAP	298.137463459724	state_03	G-A
1	LV7008886728	blue	GeoB25202_R2	50.3555	state_03	OAP	115.280320602581	state_03	G-A
1	LV7008886740	grey	GeoB25202_R1	43.105	state_03	OAP	-63.0828760658932	state_03	G-A
1	LV7008886740	turquoise	GeoB25202_R1	43.105	state_03	OAP	-83.6891511525166	state_03	G-A
1	LV7008886740	yellow	GeoB25202_R1	43.105	state_03	OAP	116.284812508388	state_03	G-A
1	LV7008886740	blue	GeoB25202_R1	43.105	state_03	OAP	80.4800244724847	state_03	G-A
1	LV7008886740	green	GeoB25202_R1	43.105	state_03	OAP	-49.9928097624625	state_03	G-A
1	LV7008886752	grey	GeoB25202_R2	43.105	state_03	OAP	-184.676457315092	state_03	G-A
1	LV7008886752	turquoise	GeoB25202_R2	43.105	state_03	OAP	-73.9029260560158	state_03	G-A
1	LV7008886752	yellow	GeoB25202_R2	43.105	state_03	OAP	97.6655336403578	state_03	G-A
1	LV7008886752	blue	GeoB25202_R2	43.105	state_03	OAP	148.856262012027	state_03	G-A
1	LV7008886752	green	GeoB25202_R2	43.105	state_03	OAP	12.057587718724	state_03	G-A
1	LV7008886765	turquoise	GeoB25202_R1	58.181	state_03	OAP	-16.5686052408481	state_03	G-A
1	LV7008886765	grey	GeoB25202_R1	58.181	state_03	OAP	-145.179224759798	state_03	G-A
1	LV7008886765	yellow	GeoB25202_R1	58.181	state_03	OAP	137.45006850295	state_03	G-A
1	LV7008886765	brown	GeoB25202_R1	58.181	state_03	OAP	-226.623169298544	state_03	G-A
1	LV7008886765	green	GeoB25202_R1	58.181	state_03	OAP	250.920930796241	state_03	G-A
1	LV7008886776	grey	GeoB25202_R1	36.607	state_03	OAP	-59.2612281454074	state_03	G-A
1	LV7008886776	green	GeoB25202_R1	36.607	state_03	OAP	214.682488835971	state_03	G-A
1	LV7008886776	turquoise	GeoB25202_R1	36.607	state_03	OAP	-47.2110786765275	state_03	G-A
1	LV7008886776	yellow	GeoB25202_R1	36.607	state_03	OAP	44.8681466866775	state_03	G-A
1	LV7008886776	blue	GeoB25202_R1	36.607	state_03	OAP	44.0355028801186	state_03	G-A
1	LV7008886776	brown	GeoB25202_R1	36.607	state_03	OAP	-197.113831580832	state_03	G-A
1	LV3003047044	grey	ST8	12.078	state_03	MGI	0	state_03	G-A
1	LV3003047044	turquoise	ST8	12.078	state_03	MGI	0	state_03	G-A
1	LV3003047044	yellow	ST8	12.078	state_03	MGI	0	state_03	G-A
1	LV3003047044	green	ST8	12.078	state_03	MGI	0	state_03	G-A
1	LV3003047044	blue	ST8	12.078	state_03	MGI	0	state_03	G-A
1	LV3003047044	brown	ST8	12.078	state_03	MGI	0	state_03	G-A
1	LV3003047067	turquoise	ST8	42.86602	state_03	MGI	0	state_03	G-A
1	LV3003047067	grey	ST8	42.86602	state_03	MGI	0	state_03	G-A
1	LV3003047067	yellow	ST8	42.86602	state_03	MGI	0	state_03	G-A
1	LV3003047067	green	ST8	42.86602	state_03	MGI	0	state_03	G-A
1	LV3003047067	blue	ST8	42.86602	state_03	MGI	0	state_03	G-A
1	LV3003047067	brown	ST8	42.86602	state_03	MGI	0	state_03	G-A
1	LV3003047068	turquoise	ST8	37.78969	state_03	MGI	0	state_03	G-A
1	LV3003047068	yellow	ST8	37.78969	state_03	MGI	0	state_03	G-A
1	LV3003047068	grey	ST8	37.78969	state_03	MGI	0	state_03	G-A
1	LV3003047068	blue	ST8	37.78969	state_03	MGI	0	state_03	G-A
1	LV3003047068	brown	ST8	37.78969	state_03	MGI	0	state_03	G-A
1	LV3003047068	green	ST8	37.78969	state_03	MGI	0	state_03	G-A
1	LV3003047069	turquoise	ST8	33.7436870748299	state_03	MGI	0	state_03	G-A
1	LV3003047069	grey	ST8	33.7436870748299	state_03	MGI	0	state_03	G-A
1	LV3003047069	yellow	ST8	33.7436870748299	state_03	MGI	0	state_03	G-A
1	LV3003047069	brown	ST8	33.7436870748299	state_03	MGI	0	state_03	G-A
1	LV3003047069	blue	ST8	33.7436870748299	state_03	MGI	0	state_03	G-A
1	LV3003047069	green	ST8	33.7436870748299	state_03	MGI	0	state_03	G-A
1	LV3003047070	turquoise	ST8	30.128	state_03	MGI	0	state_03	G-A
1	LV3003047070	yellow	ST8	30.128	state_03	MGI	0	state_03	G-A
1	LV3003047070	grey	ST8	30.128	state_03	MGI	0	state_03	G-A
1	LV3003047070	brown	ST8	30.128	state_03	MGI	0	state_03	G-A
1	LV3003047070	blue	ST8	30.128	state_03	MGI	0	state_03	G-A
1	LV3003047071	grey	ST8	26.141	state_03	MGI	0	state_03	G-A
1	LV3003047071	turquoise	ST8	26.141	state_03	MGI	0	state_03	G-A
1	LV3003047071	yellow	ST8	26.141	state_03	MGI	0	state_03	G-A
1	LV3003047071	brown	ST8	26.141	state_03	MGI	0	state_03	G-A
1	LV3003047071	blue	ST8	26.141	state_03	MGI	0	state_03	G-A
1	LV3003047071	green	ST8	26.141	state_03	MGI	0	state_03	G-A
1	LV3003047081	turquoise	ST8	52.20718	state_03	MGI	0	state_03	G-A
1	LV3003047081	grey	ST8	52.20718	state_03	MGI	0	state_03	G-A
1	LV3003047081	yellow	ST8	52.20718	state_03	MGI	0	state_03	G-A
1	LV3003047081	brown	ST8	52.20718	state_03	MGI	0	state_03	G-A
1	LV3003047081	blue	ST8	52.20718	state_03	MGI	0	state_03	G-A
1	LV3003047081	green	ST8	52.20718	state_03	MGI	0	state_03	G-A
1	LV3003047082	turquoise	ST8	41.9168333333333	state_03	MGI	0	state_03	G-A
1	LV3003047082	yellow	ST8	41.9168333333333	state_03	MGI	0	state_03	G-A
1	LV3003047082	grey	ST8	41.9168333333333	state_03	MGI	0	state_03	G-A
1	LV3003047082	green	ST8	41.9168333333333	state_03	MGI	0	state_03	G-A
1	LV3003047082	brown	ST8	41.9168333333333	state_03	MGI	0	state_03	G-A
1	LV3003047082	blue	ST8	41.9168333333333	state_03	MGI	0	state_03	G-A
1	LV3003047083	grey	ST8	37.30319	state_03	MGI	-2.14986997101502	state_03	G-A
1	LV3003047083	turquoise	ST8	37.30319	state_03	MGI	-2.14986997101502	state_03	G-A
1	LV3003047083	yellow	ST8	37.30319	state_03	MGI	-2.14986997101502	state_03	G-A
1	LV3003047083	blue	ST8	37.30319	state_03	MGI	-2.14986997101502	state_03	G-A
1	LV3003047083	green	ST8	37.30319	state_03	MGI	-2.14986997101502	state_03	G-A
1	LV3003047083	brown	ST8	37.30319	state_03	MGI	10.7493498550751	state_03	G-A
1	LV3003047085	grey	ST8	29.703	state_03	MGI	0	state_03	G-A
1	LV3003047085	turquoise	ST8	29.703	state_03	MGI	0	state_03	G-A
1	LV3003047085	yellow	ST8	29.703	state_03	MGI	0	state_03	G-A
1	LV3003047085	brown	ST8	29.703	state_03	MGI	0	state_03	G-A
1	LV3003047085	blue	ST8	29.703	state_03	MGI	0	state_03	G-A
1	LV3003047085	green	ST8	29.703	state_03	MGI	0	state_03	G-A
1	LV3003047094	turquoise	ST8	50.6848	state_03	MGI	0	state_03	G-A
1	LV3003047094	grey	ST8	50.6848	state_03	MGI	0	state_03	G-A
1	LV3003047094	green	ST8	50.6848	state_03	MGI	0	state_03	G-A
1	LV3003047094	yellow	ST8	50.6848	state_03	MGI	0	state_03	G-A
1	LV3003047094	blue	ST8	50.6848	state_03	MGI	0	state_03	G-A
1	LV3003047095	turquoise	ST8	40.9751666666667	state_03	MGI	0	state_03	G-A
1	LV3003047095	grey	ST8	40.9751666666667	state_03	MGI	0	state_03	G-A
1	LV3003047095	green	ST8	40.9751666666667	state_03	MGI	0	state_03	G-A
1	LV3003047095	yellow	ST8	40.9751666666667	state_03	MGI	0	state_03	G-A
1	LV3003047095	blue	ST8	40.9751666666667	state_03	MGI	0	state_03	G-A
1	LV3003047095	brown	ST8	40.9751666666667	state_03	MGI	0	state_03	G-A
1	LV3003047096	grey	ST8	36.89377	state_03	MGI	0	state_03	G-A
1	LV3003047096	turquoise	ST8	36.89377	state_03	MGI	0	state_03	G-A
1	LV3003047096	yellow	ST8	36.89377	state_03	MGI	0	state_03	G-A
1	LV3003047096	blue	ST8	36.89377	state_03	MGI	0	state_03	G-A
1	LV3003047096	brown	ST8	36.89377	state_03	MGI	0	state_03	G-A
1	LV3003047096	green	ST8	36.89377	state_03	MGI	0	state_03	G-A
1	LV3003047097	grey	ST8	32.835	state_03	MGI	0	state_03	G-A
1	LV3003047097	turquoise	ST8	32.835	state_03	MGI	0	state_03	G-A
1	LV3003047097	yellow	ST8	32.835	state_03	MGI	0	state_03	G-A
1	LV3003047097	green	ST8	32.835	state_03	MGI	0	state_03	G-A
1	LV3003047097	blue	ST8	32.835	state_03	MGI	0	state_03	G-A
1	LV3003047097	brown	ST8	32.835	state_03	MGI	0	state_03	G-A
1	LV3003047098	turquoise	ST8	29.278	state_03	MGI	-2.92230302479279	state_03	G-A
1	LV3003047098	grey	ST8	29.278	state_03	MGI	-2.92230302479279	state_03	G-A
1	LV3003047098	yellow	ST8	29.278	state_03	MGI	-2.92230302479279	state_03	G-A
1	LV3003047098	blue	ST8	29.278	state_03	MGI	-2.92230302479279	state_03	G-A
1	LV3003047098	brown	ST8	29.278	state_03	MGI	11.6892120991711	state_03	G-A
1	LV3003047099	turquoise	ST8	25.058	state_03	MGI	-1.76520273868344	state_03	G-A
1	LV3003047099	grey	ST8	25.058	state_03	MGI	8.82601369341721	state_03	G-A
1	LV3003047099	yellow	ST8	25.058	state_03	MGI	-1.76520273868344	state_03	G-A
1	LV3003047099	brown	ST8	25.058	state_03	MGI	-1.76520273868344	state_03	G-A
1	LV3003047099	blue	ST8	25.058	state_03	MGI	-1.76520273868344	state_03	G-A
1	LV3003047099	green	ST8	25.058	state_03	MGI	-1.76520273868344	state_03	G-A
1	LV3003047110	grey	ST8	49.1548	state_03	MGI	0	state_03	G-A
1	LV3003047110	turquoise	ST8	49.1548	state_03	MGI	0	state_03	G-A
1	LV3003047110	yellow	ST8	49.1548	state_03	MGI	0	state_03	G-A
1	LV3003047110	green	ST8	49.1548	state_03	MGI	0	state_03	G-A
1	LV3003047112	turquoise	ST8	40.0335	state_03	MGI	0	state_03	G-A
1	LV3003047112	yellow	ST8	40.0335	state_03	MGI	0	state_03	G-A
1	LV3003047112	grey	ST8	40.0335	state_03	MGI	0	state_03	G-A
1	LV3003047112	blue	ST8	40.0335	state_03	MGI	0	state_03	G-A
1	LV3003047112	green	ST8	40.0335	state_03	MGI	0	state_03	G-A
1	LV3003047112	brown	ST8	40.0335	state_03	MGI	0	state_03	G-A
1	LV3003047113	grey	ST8	36.48927	state_03	MGI	0	state_03	G-A
1	LV3003047113	turquoise	ST8	36.48927	state_03	MGI	0	state_03	G-A
1	LV3003047113	yellow	ST8	36.48927	state_03	MGI	0	state_03	G-A
1	LV3003047113	brown	ST8	36.48927	state_03	MGI	0	state_03	G-A
1	LV3003047113	blue	ST8	36.48927	state_03	MGI	0	state_03	G-A
1	LV3003047113	green	ST8	36.48927	state_03	MGI	0	state_03	G-A
1	LV3003047114	green	ST8	32.3855	state_03	MGI	0	state_03	G-A
1	LV3003047114	turquoise	ST8	32.3855	state_03	MGI	0	state_03	G-A
1	LV3003047114	yellow	ST8	32.3855	state_03	MGI	0	state_03	G-A
1	LV3003047114	grey	ST8	32.3855	state_03	MGI	0	state_03	G-A
1	LV3003047117	grey	ST8	28.7616666666667	state_03	MGI	0	state_03	G-A
1	LV3003047117	turquoise	ST8	28.7616666666667	state_03	MGI	0	state_03	G-A
1	LV3003047117	yellow	ST8	28.7616666666667	state_03	MGI	0	state_03	G-A
1	LV3003047117	blue	ST8	28.7616666666667	state_03	MGI	0	state_03	G-A
1	LV3003047117	green	ST8	28.7616666666667	state_03	MGI	0	state_03	G-A
1	LV3003047117	brown	ST8	28.7616666666667	state_03	MGI	0	state_03	G-A
1	LV3003047126	turquoise	ST8	64.210824	state_03	MGI	0	state_03	G-A
1	LV3003047126	grey	ST8	64.210824	state_03	MGI	0	state_03	G-A
1	LV3003047126	yellow	ST8	64.210824	state_03	MGI	0	state_03	G-A
1	LV3003047126	blue	ST8	64.210824	state_03	MGI	0	state_03	G-A
1	LV3003047126	green	ST8	64.210824	state_03	MGI	0	state_03	G-A
1	LV3003047128	grey	ST8	39.57797	state_03	MGI	8.65515462952158	state_03	G-A
1	LV3003047128	turquoise	ST8	39.57797	state_03	MGI	-2.16378865738039	state_03	G-A
1	LV3003047128	yellow	ST8	39.57797	state_03	MGI	-2.16378865738039	state_03	G-A
1	LV3003047128	blue	ST8	39.57797	state_03	MGI	-2.16378865738039	state_03	G-A
1	LV3003047128	brown	ST8	39.57797	state_03	MGI	-2.16378865738039	state_03	G-A
1	LV3003047129	turquoise	ST8	36.0373	state_03	MGI	-2.8576298469696	state_03	G-A
1	LV3003047129	grey	ST8	36.0373	state_03	MGI	-2.8576298469696	state_03	G-A
1	LV3003047129	yellow	ST8	36.0373	state_03	MGI	-2.8576298469696	state_03	G-A
1	LV3003047129	brown	ST8	36.0373	state_03	MGI	11.4305193878784	state_03	G-A
1	LV3003047129	blue	ST8	36.0373	state_03	MGI	-2.8576298469696	state_03	G-A
1	LV3003047130	grey	ST8	31.936	state_03	MGI	0	state_03	G-A
1	LV3003047130	turquoise	ST8	31.936	state_03	MGI	0	state_03	G-A
1	LV3003047130	yellow	ST8	31.936	state_03	MGI	0	state_03	G-A
1	LV3003047130	green	ST8	31.936	state_03	MGI	0	state_03	G-A
1	LV3003047130	brown	ST8	31.936	state_03	MGI	0	state_03	G-A
1	LV3003047130	blue	ST8	31.936	state_03	MGI	0	state_03	G-A
1	LV3003047131	turquoise	ST8	28.2453333333333	state_03	MGI	0	state_03	G-A
1	LV3003047131	yellow	ST8	28.2453333333333	state_03	MGI	0	state_03	G-A
1	LV3003047131	grey	ST8	28.2453333333333	state_03	MGI	0	state_03	G-A
1	LV3003047131	green	ST8	28.2453333333333	state_03	MGI	0	state_03	G-A
1	LV3003047131	brown	ST8	28.2453333333333	state_03	MGI	0	state_03	G-A
1	LV3003047131	blue	ST8	28.2453333333333	state_03	MGI	0	state_03	G-A
1	LV3003047137	turquoise	ST8	66.9462	state_03	MGI	0	state_03	G-A
1	LV3003047137	grey	ST8	66.9462	state_03	MGI	0	state_03	G-A
1	LV3003047137	yellow	ST8	66.9462	state_03	MGI	0	state_03	G-A
1	LV3003047137	brown	ST8	66.9462	state_03	MGI	0	state_03	G-A
1	LV3003047137	blue	ST8	66.9462	state_03	MGI	0	state_03	G-A
1	LV3003047137	green	ST8	66.9462	state_03	MGI	0	state_03	G-A
1	LV3003047139	turquoise	ST8	58.6141266666667	state_03	MGI	0	state_03	G-A
1	LV3003047139	yellow	ST8	58.6141266666667	state_03	MGI	0	state_03	G-A
1	LV3003047139	grey	ST8	58.6141266666667	state_03	MGI	0	state_03	G-A
1	LV3003047139	blue	ST8	58.6141266666667	state_03	MGI	0	state_03	G-A
1	LV3003047139	brown	ST8	58.6141266666667	state_03	MGI	0	state_03	G-A
1	LV3003047142	turquoise	ST8	35.5823	state_03	MGI	0	state_03	G-A
1	LV3003047142	grey	ST8	35.5823	state_03	MGI	0	state_03	G-A
1	LV3003047142	yellow	ST8	35.5823	state_03	MGI	0	state_03	G-A
1	LV3003047142	blue	ST8	35.5823	state_03	MGI	0	state_03	G-A
1	LV3003047142	brown	ST8	35.5823	state_03	MGI	0	state_03	G-A
1	LV3003047143	turquoise	ST8	31.398	state_03	MGI	0	state_03	G-A
1	LV3003047143	yellow	ST8	31.398	state_03	MGI	0	state_03	G-A
1	LV3003047143	grey	ST8	31.398	state_03	MGI	0	state_03	G-A
1	LV3003047143	green	ST8	31.398	state_03	MGI	0	state_03	G-A
1	LV3003047143	brown	ST8	31.398	state_03	MGI	0	state_03	G-A
1	LV3003047143	blue	ST8	31.398	state_03	MGI	0	state_03	G-A
1	LV3003047144	grey	ST8	27.729	state_03	MGI	0	state_03	G-A
1	LV3003047144	turquoise	ST8	27.729	state_03	MGI	0	state_03	G-A
1	LV3003047144	yellow	ST8	27.729	state_03	MGI	0	state_03	G-A
1	LV3003047144	brown	ST8	27.729	state_03	MGI	0	state_03	G-A
1	LV3003047144	blue	ST8	27.729	state_03	MGI	0	state_03	G-A
1	LV3003047144	green	ST8	27.729	state_03	MGI	0	state_03	G-A
1	LV3003047146	turquoise	ST8	63.2667	state_03	MGI	0	state_03	G-A
1	LV3003047146	grey	ST8	63.2667	state_03	MGI	0	state_03	G-A
1	LV3003047146	yellow	ST8	63.2667	state_03	MGI	0	state_03	G-A
1	LV3003047146	brown	ST8	63.2667	state_03	MGI	0	state_03	G-A
1	LV3003047146	blue	ST8	63.2667	state_03	MGI	0	state_03	G-A
1	LV3003047146	green	ST8	63.2667	state_03	MGI	0	state_03	G-A
1	LV3003047147	turquoise	ST8	62.3217	state_03	MGI	0	state_03	G-A
1	LV3003047147	grey	ST8	62.3217	state_03	MGI	0	state_03	G-A
1	LV3003047147	yellow	ST8	62.3217	state_03	MGI	0	state_03	G-A
1	LV3003047147	brown	ST8	62.3217	state_03	MGI	0	state_03	G-A
1	LV3003047147	blue	ST8	62.3217	state_03	MGI	0	state_03	G-A
1	LV3003047147	green	ST8	62.3217	state_03	MGI	0	state_03	G-A
1	LV3003047148	grey	ST8	61.3767	state_03	MGI	0	state_03	G-A
1	LV3003047148	turquoise	ST8	61.3767	state_03	MGI	0	state_03	G-A
1	LV3003047148	yellow	ST8	61.3767	state_03	MGI	0	state_03	G-A
1	LV3003047148	brown	ST8	61.3767	state_03	MGI	0	state_03	G-A
1	LV3003047148	blue	ST8	61.3767	state_03	MGI	0	state_03	G-A
1	LV3003047148	green	ST8	61.3767	state_03	MGI	0	state_03	G-A
1	LV3003047149	grey	ST8	60.4317	state_03	MGI	-2.43525252066065	state_03	G-A
1	LV3003047149	yellow	ST8	60.4317	state_03	MGI	-2.43525252066065	state_03	G-A
1	LV3003047149	turquoise	ST8	60.4317	state_03	MGI	-2.43525252066065	state_03	G-A
1	LV3003047149	green	ST8	60.4317	state_03	MGI	-2.43525252066065	state_03	G-A
1	LV3003047149	brown	ST8	60.4317	state_03	MGI	12.1762626033033	state_03	G-A
1	LV3003047149	blue	ST8	60.4317	state_03	MGI	-2.43525252066065	state_03	G-A
1	LV3003047150	grey	ST8	59.5217933333333	state_03	MGI	0	state_03	G-A
1	LV3003047150	turquoise	ST8	59.5217933333333	state_03	MGI	0	state_03	G-A
1	LV3003047150	yellow	ST8	59.5217933333333	state_03	MGI	0	state_03	G-A
1	LV3003047150	blue	ST8	59.5217933333333	state_03	MGI	0	state_03	G-A
1	LV3003047150	brown	ST8	59.5217933333333	state_03	MGI	0	state_03	G-A
1	LV3003047150	green	ST8	59.5217933333333	state_03	MGI	0	state_03	G-A
1	LV3003047152	grey	ST8	45.00002	state_03	MGI	-2.43525252066065	state_03	G-A
1	LV3003047152	turquoise	ST8	45.00002	state_03	MGI	-2.43525252066065	state_03	G-A
1	LV3003047152	yellow	ST8	45.00002	state_03	MGI	-2.43525252066065	state_03	G-A
1	LV3003047152	green	ST8	45.00002	state_03	MGI	-2.43525252066065	state_03	G-A
1	LV3003047152	blue	ST8	45.00002	state_03	MGI	-2.43525252066065	state_03	G-A
1	LV3003047152	brown	ST8	45.00002	state_03	MGI	12.1762626033033	state_03	G-A
1	LV3003047153	grey	ST8	38.71393	state_03	MGI	0	state_03	G-A
1	LV3003047153	turquoise	ST8	38.71393	state_03	MGI	0	state_03	G-A
1	LV3003047153	yellow	ST8	38.71393	state_03	MGI	0	state_03	G-A
1	LV3003047153	green	ST8	38.71393	state_03	MGI	0	state_03	G-A
1	LV3003047153	brown	ST8	38.71393	state_03	MGI	0	state_03	G-A
1	LV3003047153	blue	ST8	38.71393	state_03	MGI	0	state_03	G-A
1	LV3003047154	turquoise	ST8	35.13012	state_03	MGI	0	state_03	G-A
1	LV3003047154	yellow	ST8	35.13012	state_03	MGI	0	state_03	G-A
1	LV3003047154	grey	ST8	35.13012	state_03	MGI	0	state_03	G-A
1	LV3003047154	green	ST8	35.13012	state_03	MGI	0	state_03	G-A
1	LV3003047154	brown	ST8	35.13012	state_03	MGI	0	state_03	G-A
1	LV3003047155	turquoise	ST8	30.9475	state_03	MGI	0	state_03	G-A
1	LV3003047155	yellow	ST8	30.9475	state_03	MGI	0	state_03	G-A
1	LV3003047155	grey	ST8	30.9475	state_03	MGI	0	state_03	G-A
1	LV3003047155	brown	ST8	30.9475	state_03	MGI	0	state_03	G-A
1	LV3003047155	blue	ST8	30.9475	state_03	MGI	0	state_03	G-A
1	LV3003047156	grey	ST8	27.1996666666667	state_03	MGI	0	state_03	G-A
1	LV3003047156	turquoise	ST8	27.1996666666667	state_03	MGI	0	state_03	G-A
1	LV3003047156	yellow	ST8	27.1996666666667	state_03	MGI	0	state_03	G-A
1	LV3003047156	blue	ST8	27.1996666666667	state_03	MGI	0	state_03	G-A
1	LV3003047156	brown	ST8	27.1996666666667	state_03	MGI	0	state_03	G-A
1	LV3003047156	green	ST8	27.1996666666667	state_03	MGI	0	state_03	G-A
1	LV3003047158	grey	ST8	57.70646	state_03	MGI	0	state_03	G-A
1	LV3003047158	turquoise	ST8	57.70646	state_03	MGI	0	state_03	G-A
1	LV3003047158	yellow	ST8	57.70646	state_03	MGI	0	state_03	G-A
1	LV3003047158	blue	ST8	57.70646	state_03	MGI	0	state_03	G-A
1	LV3003047158	brown	ST8	57.70646	state_03	MGI	0	state_03	G-A
1	LV3003047158	green	ST8	57.70646	state_03	MGI	0	state_03	G-A
1	LV3003047159	turquoise	ST8	56.7987933333333	state_03	MGI	0	state_03	G-A
1	LV3003047159	yellow	ST8	56.7987933333333	state_03	MGI	0	state_03	G-A
1	LV3003047159	grey	ST8	56.7987933333333	state_03	MGI	0	state_03	G-A
1	LV3003047159	green	ST8	56.7987933333333	state_03	MGI	0	state_03	G-A
1	LV3003047159	brown	ST8	56.7987933333333	state_03	MGI	0	state_03	G-A
1	LV3003047164	grey	ST8	43.93302	state_03	MGI	0	state_03	G-A
1	LV3003047164	turquoise	ST8	43.93302	state_03	MGI	0	state_03	G-A
1	LV3003047164	yellow	ST8	43.93302	state_03	MGI	0	state_03	G-A
1	LV3003047164	blue	ST8	43.93302	state_03	MGI	0	state_03	G-A
1	LV3003047164	green	ST8	43.93302	state_03	MGI	0	state_03	G-A
1	LV3003047166	grey	ST8	38.27343	state_03	MGI	0	state_03	G-A
1	LV3003047166	turquoise	ST8	38.27343	state_03	MGI	0	state_03	G-A
1	LV3003047166	yellow	ST8	38.27343	state_03	MGI	0	state_03	G-A
1	LV3003047166	green	ST8	38.27343	state_03	MGI	0	state_03	G-A
1	LV3003047166	blue	ST8	38.27343	state_03	MGI	0	state_03	G-A
1	LV3003047166	brown	ST8	38.27343	state_03	MGI	0	state_03	G-A
1	LV3003047167	turquoise	ST8	34.67812	state_03	MGI	0	state_03	G-A
1	LV3003047167	yellow	ST8	34.67812	state_03	MGI	0	state_03	G-A
1	LV3003047167	grey	ST8	34.67812	state_03	MGI	0	state_03	G-A
1	LV3003047167	brown	ST8	34.67812	state_03	MGI	0	state_03	G-A
1	LV3003047168	grey	ST8	30.497	state_03	MGI	0	state_03	G-A
1	LV3003047168	turquoise	ST8	30.497	state_03	MGI	0	state_03	G-A
1	LV3003047168	yellow	ST8	30.497	state_03	MGI	0	state_03	G-A
1	LV3003047168	blue	ST8	30.497	state_03	MGI	0	state_03	G-A
1	LV3003047168	brown	ST8	30.497	state_03	MGI	0	state_03	G-A
1	LV3003047168	green	ST8	30.497	state_03	MGI	0	state_03	G-A
1	LV3003047169	grey	ST8	26.6703333333333	state_03	MGI	0	state_03	G-A
1	LV3003047169	turquoise	ST8	26.6703333333333	state_03	MGI	0	state_03	G-A
1	LV3003047169	yellow	ST8	26.6703333333333	state_03	MGI	0	state_03	G-A
1	LV3003047169	brown	ST8	26.6703333333333	state_03	MGI	0	state_03	G-A
1	LV3003047169	blue	ST8	26.6703333333333	state_03	MGI	0	state_03	G-A
1	LV3003047169	green	ST8	26.6703333333333	state_03	MGI	0	state_03	G-A
1	LV3003061475	turquoise	ST13	53.844	state_03	MGI	0	state_03	G-A
1	LV3003061475	yellow	ST13	53.844	state_03	MGI	0	state_03	G-A
1	LV3003061475	grey	ST13	53.844	state_03	MGI	0	state_03	G-A
1	LV3003061475	green	ST13	53.844	state_03	MGI	0	state_03	G-A
1	LV3003061475	blue	ST13	53.844	state_03	MGI	0	state_03	G-A
1	LV3003061476	grey	ST13	37.16	state_03	MGI	0	state_03	G-A
1	LV3003061476	green	ST13	37.16	state_03	MGI	0	state_03	G-A
1	LV3003061476	turquoise	ST13	37.16	state_03	MGI	0	state_03	G-A
1	LV3003061476	yellow	ST13	37.16	state_03	MGI	0	state_03	G-A
1	LV3003061476	blue	ST13	37.16	state_03	MGI	0	state_03	G-A
1	LV3003061476	brown	ST13	37.16	state_03	MGI	0	state_03	G-A
1	LV3003061488	grey	ST13	35.041	state_03	MGI	8.17883072881511	state_03	G-A
1	LV3003061488	green	ST13	35.041	state_03	MGI	-1.63576614576302	state_03	G-A
1	LV3003061488	turquoise	ST13	35.041	state_03	MGI	-1.63576614576302	state_03	G-A
1	LV3003061488	yellow	ST13	35.041	state_03	MGI	-1.63576614576302	state_03	G-A
1	LV3003061488	blue	ST13	35.041	state_03	MGI	-1.63576614576302	state_03	G-A
1	LV3003061488	brown	ST13	35.041	state_03	MGI	-1.63576614576302	state_03	G-A
1	LV3003061504	turquoise	ST13	50.268	state_03	MGI	0	state_03	G-A
1	LV3003061504	grey	ST13	50.268	state_03	MGI	0	state_03	G-A
1	LV3003061504	yellow	ST13	50.268	state_03	MGI	0	state_03	G-A
1	LV3003061504	green	ST13	50.268	state_03	MGI	0	state_03	G-A
1	LV3003061505	grey	ST13	32.81	state_03	MGI	0	state_03	G-A
1	LV3003061505	turquoise	ST13	32.81	state_03	MGI	0	state_03	G-A
1	LV3003061505	yellow	ST13	32.81	state_03	MGI	0	state_03	G-A
1	LV3003061505	blue	ST13	32.81	state_03	MGI	0	state_03	G-A
1	LV3003061505	green	ST13	32.81	state_03	MGI	0	state_03	G-A
1	LV3003061505	brown	ST13	32.81	state_03	MGI	0	state_03	G-A
1	LV3003061516	turquoise	ST13	48.537	state_03	MGI	0	state_03	G-A
1	LV3003061516	grey	ST13	48.537	state_03	MGI	0	state_03	G-A
1	LV3003061516	yellow	ST13	48.537	state_03	MGI	0	state_03	G-A
1	LV3003061516	blue	ST13	48.537	state_03	MGI	0	state_03	G-A
1	LV3003061516	green	ST13	48.537	state_03	MGI	0	state_03	G-A
1	LV3003061530	turquoise	ST13	47.046	state_03	MGI	0	state_03	G-A
1	LV3003061530	grey	ST13	47.046	state_03	MGI	0	state_03	G-A
1	LV3003061530	yellow	ST13	47.046	state_03	MGI	0	state_03	G-A
1	LV3003061530	green	ST13	47.046	state_03	MGI	0	state_03	G-A
1	LV3003061530	blue	ST13	47.046	state_03	MGI	0	state_03	G-A
1	LV3003061531	grey	ST13	28.445	state_03	MGI	-2.31511624547648	state_03	G-A
1	LV3003061531	green	ST13	28.445	state_03	MGI	-2.31511624547648	state_03	G-A
1	LV3003061531	turquoise	ST13	28.445	state_03	MGI	-2.31511624547648	state_03	G-A
1	LV3003061531	yellow	ST13	28.445	state_03	MGI	-2.31511624547648	state_03	G-A
1	LV3003061531	blue	ST13	28.445	state_03	MGI	-2.31511624547648	state_03	G-A
1	LV3003061531	brown	ST13	28.445	state_03	MGI	11.5755812273824	state_03	G-A
1	LV3003061544	grey	ST13	45.122	state_03	MGI	0	state_03	G-A
1	LV3003061544	turquoise	ST13	45.122	state_03	MGI	0	state_03	G-A
1	LV3003061544	yellow	ST13	45.122	state_03	MGI	0	state_03	G-A
1	LV3003061544	green	ST13	45.122	state_03	MGI	0	state_03	G-A
1	LV3003061544	blue	ST13	45.122	state_03	MGI	0	state_03	G-A
1	LV3003061544	brown	ST13	45.122	state_03	MGI	0	state_03	G-A
1	LV3003061545	grey	ST13	23.172	state_03	MGI	0	state_03	G-A
1	LV3003061545	turquoise	ST13	23.172	state_03	MGI	0	state_03	G-A
1	LV3003061545	yellow	ST13	23.172	state_03	MGI	0	state_03	G-A
1	LV3003061545	blue	ST13	23.172	state_03	MGI	0	state_03	G-A
1	LV3003061545	brown	ST13	23.172	state_03	MGI	0	state_03	G-A
1	LV3003061545	green	ST13	23.172	state_03	MGI	0	state_03	G-A
1	LV3003061558	grey	ST13	42.626	state_03	MGI	0	state_03	G-A
1	LV3003061558	green	ST13	42.626	state_03	MGI	0	state_03	G-A
1	LV3003061558	turquoise	ST13	42.626	state_03	MGI	0	state_03	G-A
1	LV3003061558	yellow	ST13	42.626	state_03	MGI	0	state_03	G-A
1	LV3003061558	blue	ST13	42.626	state_03	MGI	0	state_03	G-A
1	LV3003061558	brown	ST13	42.626	state_03	MGI	0	state_03	G-A
1	LV3003061559	green	ST13	21.069	state_03	MGI	-2.4009122503815	state_03	G-A
1	LV3003061559	grey	ST13	21.069	state_03	MGI	-2.4009122503815	state_03	G-A
1	LV3003061559	turquoise	ST13	21.069	state_03	MGI	-2.4009122503815	state_03	G-A
1	LV3003061559	yellow	ST13	21.069	state_03	MGI	-2.4009122503815	state_03	G-A
1	LV3003061559	blue	ST13	21.069	state_03	MGI	-2.4009122503815	state_03	G-A
1	LV3003061559	brown	ST13	21.069	state_03	MGI	12.0045612519075	state_03	G-A
1	LV3003061571	turquoise	ST13	40.457	state_03	MGI	0	state_03	G-A
1	LV3003061571	grey	ST13	40.457	state_03	MGI	0	state_03	G-A
1	LV3003061571	yellow	ST13	40.457	state_03	MGI	0	state_03	G-A
1	LV3003061571	blue	ST13	40.457	state_03	MGI	0	state_03	G-A
1	LV3003061571	brown	ST13	40.457	state_03	MGI	0	state_03	G-A
1	LV3003061571	green	ST13	40.457	state_03	MGI	0	state_03	G-A
1	LV7008886221	grey	GeoB25202_R1	50.3555	state_03	MGI	0	state_03	G-A
1	LV7008886221	turquoise	GeoB25202_R1	50.3555	state_03	MGI	0	state_03	G-A
1	LV7008886221	yellow	GeoB25202_R1	50.3555	state_03	MGI	0	state_03	G-A
1	LV7008886221	green	GeoB25202_R1	50.3555	state_03	MGI	0	state_03	G-A
1	LV7008886221	brown	GeoB25202_R1	50.3555	state_03	MGI	0	state_03	G-A
1	LV7008886222	turquoise	GeoB25202_R1	136.2775	state_03	MGI	0	state_03	G-A
1	LV7008886222	yellow	GeoB25202_R1	136.2775	state_03	MGI	0	state_03	G-A
1	LV7008886222	grey	GeoB25202_R1	136.2775	state_03	MGI	0	state_03	G-A
1	LV7008886222	green	GeoB25202_R1	136.2775	state_03	MGI	0	state_03	G-A
1	LV7008886222	blue	GeoB25202_R1	136.2775	state_03	MGI	0	state_03	G-A
1	LV7008886226	grey	GeoB25202_R2	36.607	state_03	MGI	0	state_03	G-A
1	LV7008886226	turquoise	GeoB25202_R2	36.607	state_03	MGI	0	state_03	G-A
1	LV7008886226	yellow	GeoB25202_R2	36.607	state_03	MGI	0	state_03	G-A
1	LV7008886226	brown	GeoB25202_R2	36.607	state_03	MGI	0	state_03	G-A
1	LV7008886226	blue	GeoB25202_R2	36.607	state_03	MGI	0	state_03	G-A
1	LV7008886226	green	GeoB25202_R2	36.607	state_03	MGI	0	state_03	G-A
1	LV7008886692	turquoise	GeoB25202_R1	53.875	state_03	MGI	0	state_03	G-A
1	LV7008886692	grey	GeoB25202_R1	53.875	state_03	MGI	0	state_03	G-A
1	LV7008886692	yellow	GeoB25202_R1	53.875	state_03	MGI	0	state_03	G-A
1	LV7008886692	green	GeoB25202_R1	53.875	state_03	MGI	0	state_03	G-A
1	LV7008886703	grey	GeoB25202_R1	27.6855	state_03	MGI	0	state_03	G-A
1	LV7008886703	turquoise	GeoB25202_R1	27.6855	state_03	MGI	0	state_03	G-A
1	LV7008886703	yellow	GeoB25202_R1	27.6855	state_03	MGI	0	state_03	G-A
1	LV7008886703	blue	GeoB25202_R1	27.6855	state_03	MGI	0	state_03	G-A
1	LV7008886703	brown	GeoB25202_R1	27.6855	state_03	MGI	0	state_03	G-A
1	LV7008886703	green	GeoB25202_R1	27.6855	state_03	MGI	0	state_03	G-A
1	LV7008886704	grey	GeoB25202_R2	53.875	state_03	MGI	0	state_03	G-A
1	LV7008886704	turquoise	GeoB25202_R2	53.875	state_03	MGI	0	state_03	G-A
1	LV7008886704	yellow	GeoB25202_R2	53.875	state_03	MGI	0	state_03	G-A
1	LV7008886704	blue	GeoB25202_R2	53.875	state_03	MGI	0	state_03	G-A
1	LV7008886704	green	GeoB25202_R2	53.875	state_03	MGI	0	state_03	G-A
1	LV7008886709	turquoise	GeoB25202_R1	147.206	state_03	MGI	0	state_03	G-A
1	LV7008886709	yellow	GeoB25202_R1	147.206	state_03	MGI	0	state_03	G-A
1	LV7008886709	grey	GeoB25202_R1	147.206	state_03	MGI	0	state_03	G-A
1	LV7008886709	blue	GeoB25202_R1	147.206	state_03	MGI	0	state_03	G-A
1	LV7008886709	green	GeoB25202_R1	147.206	state_03	MGI	0	state_03	G-A
1	LV7008886709	brown	GeoB25202_R1	147.206	state_03	MGI	0	state_03	G-A
1	LV7008886715	grey	GeoB25202_R2	27.6855	state_03	MGI	0	state_03	G-A
1	LV7008886715	turquoise	GeoB25202_R2	27.6855	state_03	MGI	0	state_03	G-A
1	LV7008886715	yellow	GeoB25202_R2	27.6855	state_03	MGI	0	state_03	G-A
1	LV7008886715	blue	GeoB25202_R2	27.6855	state_03	MGI	0	state_03	G-A
1	LV7008886715	brown	GeoB25202_R2	27.6855	state_03	MGI	0	state_03	G-A
1	LV7008886715	green	GeoB25202_R2	27.6855	state_03	MGI	0	state_03	G-A
1	LV7008886721	turquoise	GeoB25202_R2	147.206	state_03	MGI	0	state_03	G-A
1	LV7008886721	yellow	GeoB25202_R2	147.206	state_03	MGI	0	state_03	G-A
1	LV7008886721	grey	GeoB25202_R2	147.206	state_03	MGI	0	state_03	G-A
1	LV7008886721	green	GeoB25202_R2	147.206	state_03	MGI	0	state_03	G-A
1	LV7008886721	blue	GeoB25202_R2	147.206	state_03	MGI	0	state_03	G-A
1	LV7008886721	brown	GeoB25202_R2	147.206	state_03	MGI	0	state_03	G-A
1	LV7008886728	grey	GeoB25202_R2	50.3555	state_03	MGI	0	state_03	G-A
1	LV7008886728	turquoise	GeoB25202_R2	50.3555	state_03	MGI	0	state_03	G-A
1	LV7008886728	yellow	GeoB25202_R2	50.3555	state_03	MGI	0	state_03	G-A
1	LV7008886728	green	GeoB25202_R2	50.3555	state_03	MGI	0	state_03	G-A
1	LV7008886728	blue	GeoB25202_R2	50.3555	state_03	MGI	0	state_03	G-A
1	LV7008886740	grey	GeoB25202_R1	43.105	state_03	MGI	0	state_03	G-A
1	LV7008886740	turquoise	GeoB25202_R1	43.105	state_03	MGI	0	state_03	G-A
1	LV7008886740	yellow	GeoB25202_R1	43.105	state_03	MGI	0	state_03	G-A
1	LV7008886740	blue	GeoB25202_R1	43.105	state_03	MGI	0	state_03	G-A
1	LV7008886740	green	GeoB25202_R1	43.105	state_03	MGI	0	state_03	G-A
1	LV7008886752	grey	GeoB25202_R2	43.105	state_03	MGI	0	state_03	G-A
1	LV7008886752	turquoise	GeoB25202_R2	43.105	state_03	MGI	0	state_03	G-A
1	LV7008886752	yellow	GeoB25202_R2	43.105	state_03	MGI	0	state_03	G-A
1	LV7008886752	blue	GeoB25202_R2	43.105	state_03	MGI	0	state_03	G-A
1	LV7008886752	green	GeoB25202_R2	43.105	state_03	MGI	0	state_03	G-A
1	LV7008886765	turquoise	GeoB25202_R1	58.181	state_03	MGI	0	state_03	G-A
1	LV7008886765	grey	GeoB25202_R1	58.181	state_03	MGI	0	state_03	G-A
1	LV7008886765	yellow	GeoB25202_R1	58.181	state_03	MGI	0	state_03	G-A
1	LV7008886765	brown	GeoB25202_R1	58.181	state_03	MGI	0	state_03	G-A
1	LV7008886765	green	GeoB25202_R1	58.181	state_03	MGI	0	state_03	G-A
1	LV7008886776	grey	GeoB25202_R1	36.607	state_03	MGI	0	state_03	G-A
1	LV7008886776	green	GeoB25202_R1	36.607	state_03	MGI	0	state_03	G-A
1	LV7008886776	turquoise	GeoB25202_R1	36.607	state_03	MGI	0	state_03	G-A
1	LV7008886776	yellow	GeoB25202_R1	36.607	state_03	MGI	0	state_03	G-A
1	LV7008886776	blue	GeoB25202_R1	36.607	state_03	MGI	0	state_03	G-A
1	LV7008886776	brown	GeoB25202_R1	36.607	state_03	MGI	0	state_03	G-A
1	LV3003047044	grey	ST8	12.078	state_03	MFI	0	state_03	G-A
1	LV3003047044	turquoise	ST8	12.078	state_03	MFI	0	state_03	G-A
1	LV3003047044	yellow	ST8	12.078	state_03	MFI	0	state_03	G-A
1	LV3003047044	green	ST8	12.078	state_03	MFI	0	state_03	G-A
1	LV3003047044	blue	ST8	12.078	state_03	MFI	0	state_03	G-A
1	LV3003047044	brown	ST8	12.078	state_03	MFI	0	state_03	G-A
1	LV3003047067	turquoise	ST8	42.86602	state_03	MFI	-1.45350527526823	state_03	G-A
1	LV3003047067	grey	ST8	42.86602	state_03	MFI	7.26752637634113	state_03	G-A
1	LV3003047067	yellow	ST8	42.86602	state_03	MFI	-1.45350527526823	state_03	G-A
1	LV3003047067	green	ST8	42.86602	state_03	MFI	-1.45350527526823	state_03	G-A
1	LV3003047067	blue	ST8	42.86602	state_03	MFI	-1.45350527526823	state_03	G-A
1	LV3003047067	brown	ST8	42.86602	state_03	MFI	-1.45350527526823	state_03	G-A
1	LV3003047068	turquoise	ST8	37.78969	state_03	MFI	0	state_03	G-A
1	LV3003047068	yellow	ST8	37.78969	state_03	MFI	0	state_03	G-A
1	LV3003047068	grey	ST8	37.78969	state_03	MFI	0	state_03	G-A
1	LV3003047068	blue	ST8	37.78969	state_03	MFI	0	state_03	G-A
1	LV3003047068	brown	ST8	37.78969	state_03	MFI	0	state_03	G-A
1	LV3003047068	green	ST8	37.78969	state_03	MFI	0	state_03	G-A
1	LV3003047069	turquoise	ST8	33.7436870748299	state_03	MFI	0	state_03	G-A
1	LV3003047069	grey	ST8	33.7436870748299	state_03	MFI	0	state_03	G-A
1	LV3003047069	yellow	ST8	33.7436870748299	state_03	MFI	0	state_03	G-A
1	LV3003047069	brown	ST8	33.7436870748299	state_03	MFI	0	state_03	G-A
1	LV3003047069	blue	ST8	33.7436870748299	state_03	MFI	0	state_03	G-A
1	LV3003047069	green	ST8	33.7436870748299	state_03	MFI	0	state_03	G-A
1	LV3003047070	turquoise	ST8	30.128	state_03	MFI	0	state_03	G-A
1	LV3003047070	yellow	ST8	30.128	state_03	MFI	0	state_03	G-A
1	LV3003047070	grey	ST8	30.128	state_03	MFI	0	state_03	G-A
1	LV3003047070	brown	ST8	30.128	state_03	MFI	0	state_03	G-A
1	LV3003047070	blue	ST8	30.128	state_03	MFI	0	state_03	G-A
1	LV3003047071	grey	ST8	26.141	state_03	MFI	0	state_03	G-A
1	LV3003047071	turquoise	ST8	26.141	state_03	MFI	0	state_03	G-A
1	LV3003047071	yellow	ST8	26.141	state_03	MFI	0	state_03	G-A
1	LV3003047071	brown	ST8	26.141	state_03	MFI	0	state_03	G-A
1	LV3003047071	blue	ST8	26.141	state_03	MFI	0	state_03	G-A
1	LV3003047071	green	ST8	26.141	state_03	MFI	0	state_03	G-A
1	LV3003047081	turquoise	ST8	52.20718	state_03	MFI	0	state_03	G-A
1	LV3003047081	grey	ST8	52.20718	state_03	MFI	0	state_03	G-A
1	LV3003047081	yellow	ST8	52.20718	state_03	MFI	0	state_03	G-A
1	LV3003047081	brown	ST8	52.20718	state_03	MFI	0	state_03	G-A
1	LV3003047081	blue	ST8	52.20718	state_03	MFI	0	state_03	G-A
1	LV3003047081	green	ST8	52.20718	state_03	MFI	0	state_03	G-A
1	LV3003047082	turquoise	ST8	41.9168333333333	state_03	MFI	0	state_03	G-A
1	LV3003047082	yellow	ST8	41.9168333333333	state_03	MFI	0	state_03	G-A
1	LV3003047082	grey	ST8	41.9168333333333	state_03	MFI	0	state_03	G-A
1	LV3003047082	green	ST8	41.9168333333333	state_03	MFI	0	state_03	G-A
1	LV3003047082	brown	ST8	41.9168333333333	state_03	MFI	0	state_03	G-A
1	LV3003047082	blue	ST8	41.9168333333333	state_03	MFI	0	state_03	G-A
1	LV3003047083	grey	ST8	37.30319	state_03	MFI	2.03434627425295	state_03	G-A
1	LV3003047083	turquoise	ST8	37.30319	state_03	MFI	2.03434627425295	state_03	G-A
1	LV3003047083	yellow	ST8	37.30319	state_03	MFI	2.03434627425295	state_03	G-A
1	LV3003047083	blue	ST8	37.30319	state_03	MFI	2.03434627425295	state_03	G-A
1	LV3003047083	green	ST8	37.30319	state_03	MFI	2.03434627425295	state_03	G-A
1	LV3003047083	brown	ST8	37.30319	state_03	MFI	-10.1717313712647	state_03	G-A
1	LV3003047085	grey	ST8	29.703	state_03	MFI	0	state_03	G-A
1	LV3003047085	turquoise	ST8	29.703	state_03	MFI	0	state_03	G-A
1	LV3003047085	yellow	ST8	29.703	state_03	MFI	0	state_03	G-A
1	LV3003047085	brown	ST8	29.703	state_03	MFI	0	state_03	G-A
1	LV3003047085	blue	ST8	29.703	state_03	MFI	0	state_03	G-A
1	LV3003047085	green	ST8	29.703	state_03	MFI	0	state_03	G-A
1	LV3003047094	turquoise	ST8	50.6848	state_03	MFI	0	state_03	G-A
1	LV3003047094	grey	ST8	50.6848	state_03	MFI	0	state_03	G-A
1	LV3003047094	green	ST8	50.6848	state_03	MFI	0	state_03	G-A
1	LV3003047094	yellow	ST8	50.6848	state_03	MFI	0	state_03	G-A
1	LV3003047094	blue	ST8	50.6848	state_03	MFI	0	state_03	G-A
1	LV3003047095	turquoise	ST8	40.9751666666667	state_03	MFI	0	state_03	G-A
1	LV3003047095	grey	ST8	40.9751666666667	state_03	MFI	0	state_03	G-A
1	LV3003047095	green	ST8	40.9751666666667	state_03	MFI	0	state_03	G-A
1	LV3003047095	yellow	ST8	40.9751666666667	state_03	MFI	0	state_03	G-A
1	LV3003047095	blue	ST8	40.9751666666667	state_03	MFI	0	state_03	G-A
1	LV3003047095	brown	ST8	40.9751666666667	state_03	MFI	0	state_03	G-A
1	LV3003047096	grey	ST8	36.89377	state_03	MFI	0	state_03	G-A
1	LV3003047096	turquoise	ST8	36.89377	state_03	MFI	0	state_03	G-A
1	LV3003047096	yellow	ST8	36.89377	state_03	MFI	0	state_03	G-A
1	LV3003047096	blue	ST8	36.89377	state_03	MFI	0	state_03	G-A
1	LV3003047096	brown	ST8	36.89377	state_03	MFI	0	state_03	G-A
1	LV3003047096	green	ST8	36.89377	state_03	MFI	0	state_03	G-A
1	LV3003047097	grey	ST8	32.835	state_03	MFI	0	state_03	G-A
1	LV3003047097	turquoise	ST8	32.835	state_03	MFI	0	state_03	G-A
1	LV3003047097	yellow	ST8	32.835	state_03	MFI	0	state_03	G-A
1	LV3003047097	green	ST8	32.835	state_03	MFI	0	state_03	G-A
1	LV3003047097	blue	ST8	32.835	state_03	MFI	0	state_03	G-A
1	LV3003047097	brown	ST8	32.835	state_03	MFI	0	state_03	G-A
1	LV3003047098	turquoise	ST8	29.278	state_03	MFI	2.78367376913184	state_03	G-A
1	LV3003047098	grey	ST8	29.278	state_03	MFI	2.78367376913184	state_03	G-A
1	LV3003047098	yellow	ST8	29.278	state_03	MFI	2.78367376913184	state_03	G-A
1	LV3003047098	blue	ST8	29.278	state_03	MFI	2.78367376913184	state_03	G-A
1	LV3003047098	brown	ST8	29.278	state_03	MFI	-11.1346950765274	state_03	G-A
1	LV3003047099	turquoise	ST8	25.058	state_03	MFI	1.76520273868344	state_03	G-A
1	LV3003047099	grey	ST8	25.058	state_03	MFI	-8.82601369341721	state_03	G-A
1	LV3003047099	yellow	ST8	25.058	state_03	MFI	1.76520273868344	state_03	G-A
1	LV3003047099	brown	ST8	25.058	state_03	MFI	1.76520273868344	state_03	G-A
1	LV3003047099	blue	ST8	25.058	state_03	MFI	1.76520273868344	state_03	G-A
1	LV3003047099	green	ST8	25.058	state_03	MFI	1.76520273868344	state_03	G-A
1	LV3003047110	grey	ST8	49.1548	state_03	MFI	0	state_03	G-A
1	LV3003047110	turquoise	ST8	49.1548	state_03	MFI	0	state_03	G-A
1	LV3003047110	yellow	ST8	49.1548	state_03	MFI	0	state_03	G-A
1	LV3003047110	green	ST8	49.1548	state_03	MFI	0	state_03	G-A
1	LV3003047112	turquoise	ST8	40.0335	state_03	MFI	0	state_03	G-A
1	LV3003047112	yellow	ST8	40.0335	state_03	MFI	0	state_03	G-A
1	LV3003047112	grey	ST8	40.0335	state_03	MFI	0	state_03	G-A
1	LV3003047112	blue	ST8	40.0335	state_03	MFI	0	state_03	G-A
1	LV3003047112	green	ST8	40.0335	state_03	MFI	0	state_03	G-A
1	LV3003047112	brown	ST8	40.0335	state_03	MFI	0	state_03	G-A
1	LV3003047113	grey	ST8	36.48927	state_03	MFI	0	state_03	G-A
1	LV3003047113	turquoise	ST8	36.48927	state_03	MFI	0	state_03	G-A
1	LV3003047113	yellow	ST8	36.48927	state_03	MFI	0	state_03	G-A
1	LV3003047113	brown	ST8	36.48927	state_03	MFI	0	state_03	G-A
1	LV3003047113	blue	ST8	36.48927	state_03	MFI	0	state_03	G-A
1	LV3003047113	green	ST8	36.48927	state_03	MFI	0	state_03	G-A
1	LV3003047114	green	ST8	32.3855	state_03	MFI	0	state_03	G-A
1	LV3003047114	turquoise	ST8	32.3855	state_03	MFI	0	state_03	G-A
1	LV3003047114	yellow	ST8	32.3855	state_03	MFI	0	state_03	G-A
1	LV3003047114	grey	ST8	32.3855	state_03	MFI	0	state_03	G-A
1	LV3003047117	grey	ST8	28.7616666666667	state_03	MFI	0	state_03	G-A
1	LV3003047117	turquoise	ST8	28.7616666666667	state_03	MFI	0	state_03	G-A
1	LV3003047117	yellow	ST8	28.7616666666667	state_03	MFI	0	state_03	G-A
1	LV3003047117	blue	ST8	28.7616666666667	state_03	MFI	0	state_03	G-A
1	LV3003047117	green	ST8	28.7616666666667	state_03	MFI	0	state_03	G-A
1	LV3003047117	brown	ST8	28.7616666666667	state_03	MFI	0	state_03	G-A
1	LV3003047126	turquoise	ST8	64.210824	state_03	MFI	0	state_03	G-A
1	LV3003047126	grey	ST8	64.210824	state_03	MFI	0	state_03	G-A
1	LV3003047126	yellow	ST8	64.210824	state_03	MFI	0	state_03	G-A
1	LV3003047126	blue	ST8	64.210824	state_03	MFI	0	state_03	G-A
1	LV3003047126	green	ST8	64.210824	state_03	MFI	0	state_03	G-A
1	LV3003047128	grey	ST8	39.57797	state_03	MFI	-8.65515462952158	state_03	G-A
1	LV3003047128	turquoise	ST8	39.57797	state_03	MFI	2.16378865738039	state_03	G-A
1	LV3003047128	yellow	ST8	39.57797	state_03	MFI	2.16378865738039	state_03	G-A
1	LV3003047128	blue	ST8	39.57797	state_03	MFI	2.16378865738039	state_03	G-A
1	LV3003047128	brown	ST8	39.57797	state_03	MFI	2.16378865738039	state_03	G-A
1	LV3003047129	turquoise	ST8	36.0373	state_03	MFI	2.8576298469696	state_03	G-A
1	LV3003047129	grey	ST8	36.0373	state_03	MFI	2.8576298469696	state_03	G-A
1	LV3003047129	yellow	ST8	36.0373	state_03	MFI	2.8576298469696	state_03	G-A
1	LV3003047129	brown	ST8	36.0373	state_03	MFI	-11.4305193878784	state_03	G-A
1	LV3003047129	blue	ST8	36.0373	state_03	MFI	2.8576298469696	state_03	G-A
1	LV3003047130	grey	ST8	31.936	state_03	MFI	0	state_03	G-A
1	LV3003047130	turquoise	ST8	31.936	state_03	MFI	0	state_03	G-A
1	LV3003047130	yellow	ST8	31.936	state_03	MFI	0	state_03	G-A
1	LV3003047130	green	ST8	31.936	state_03	MFI	0	state_03	G-A
1	LV3003047130	brown	ST8	31.936	state_03	MFI	0	state_03	G-A
1	LV3003047130	blue	ST8	31.936	state_03	MFI	0	state_03	G-A
1	LV3003047131	turquoise	ST8	28.2453333333333	state_03	MFI	0	state_03	G-A
1	LV3003047131	yellow	ST8	28.2453333333333	state_03	MFI	0	state_03	G-A
1	LV3003047131	grey	ST8	28.2453333333333	state_03	MFI	0	state_03	G-A
1	LV3003047131	green	ST8	28.2453333333333	state_03	MFI	0	state_03	G-A
1	LV3003047131	brown	ST8	28.2453333333333	state_03	MFI	0	state_03	G-A
1	LV3003047131	blue	ST8	28.2453333333333	state_03	MFI	0	state_03	G-A
1	LV3003047137	turquoise	ST8	66.9462	state_03	MFI	0	state_03	G-A
1	LV3003047137	grey	ST8	66.9462	state_03	MFI	0	state_03	G-A
1	LV3003047137	yellow	ST8	66.9462	state_03	MFI	0	state_03	G-A
1	LV3003047137	brown	ST8	66.9462	state_03	MFI	0	state_03	G-A
1	LV3003047137	blue	ST8	66.9462	state_03	MFI	0	state_03	G-A
1	LV3003047137	green	ST8	66.9462	state_03	MFI	0	state_03	G-A
1	LV3003047139	turquoise	ST8	58.6141266666667	state_03	MFI	0	state_03	G-A
1	LV3003047139	yellow	ST8	58.6141266666667	state_03	MFI	0	state_03	G-A
1	LV3003047139	grey	ST8	58.6141266666667	state_03	MFI	0	state_03	G-A
1	LV3003047139	blue	ST8	58.6141266666667	state_03	MFI	0	state_03	G-A
1	LV3003047139	brown	ST8	58.6141266666667	state_03	MFI	0	state_03	G-A
1	LV3003047142	turquoise	ST8	35.5823	state_03	MFI	-1.58114161691021	state_03	G-A
1	LV3003047142	grey	ST8	35.5823	state_03	MFI	6.32456646764086	state_03	G-A
1	LV3003047142	yellow	ST8	35.5823	state_03	MFI	-1.58114161691021	state_03	G-A
1	LV3003047142	blue	ST8	35.5823	state_03	MFI	-1.58114161691021	state_03	G-A
1	LV3003047142	brown	ST8	35.5823	state_03	MFI	-1.58114161691021	state_03	G-A
1	LV3003047143	turquoise	ST8	31.398	state_03	MFI	0	state_03	G-A
1	LV3003047143	yellow	ST8	31.398	state_03	MFI	0	state_03	G-A
1	LV3003047143	grey	ST8	31.398	state_03	MFI	0	state_03	G-A
1	LV3003047143	green	ST8	31.398	state_03	MFI	0	state_03	G-A
1	LV3003047143	brown	ST8	31.398	state_03	MFI	0	state_03	G-A
1	LV3003047143	blue	ST8	31.398	state_03	MFI	0	state_03	G-A
1	LV3003047144	grey	ST8	27.729	state_03	MFI	0	state_03	G-A
1	LV3003047144	turquoise	ST8	27.729	state_03	MFI	0	state_03	G-A
1	LV3003047144	yellow	ST8	27.729	state_03	MFI	0	state_03	G-A
1	LV3003047144	brown	ST8	27.729	state_03	MFI	0	state_03	G-A
1	LV3003047144	blue	ST8	27.729	state_03	MFI	0	state_03	G-A
1	LV3003047144	green	ST8	27.729	state_03	MFI	0	state_03	G-A
1	LV3003047146	turquoise	ST8	63.2667	state_03	MFI	0	state_03	G-A
1	LV3003047146	grey	ST8	63.2667	state_03	MFI	0	state_03	G-A
1	LV3003047146	yellow	ST8	63.2667	state_03	MFI	0	state_03	G-A
1	LV3003047146	brown	ST8	63.2667	state_03	MFI	0	state_03	G-A
1	LV3003047146	blue	ST8	63.2667	state_03	MFI	0	state_03	G-A
1	LV3003047146	green	ST8	63.2667	state_03	MFI	0	state_03	G-A
1	LV3003047147	turquoise	ST8	62.3217	state_03	MFI	0	state_03	G-A
1	LV3003047147	grey	ST8	62.3217	state_03	MFI	0	state_03	G-A
1	LV3003047147	yellow	ST8	62.3217	state_03	MFI	0	state_03	G-A
1	LV3003047147	brown	ST8	62.3217	state_03	MFI	0	state_03	G-A
1	LV3003047147	blue	ST8	62.3217	state_03	MFI	0	state_03	G-A
1	LV3003047147	green	ST8	62.3217	state_03	MFI	0	state_03	G-A
1	LV3003047148	grey	ST8	61.3767	state_03	MFI	0	state_03	G-A
1	LV3003047148	turquoise	ST8	61.3767	state_03	MFI	0	state_03	G-A
1	LV3003047148	yellow	ST8	61.3767	state_03	MFI	0	state_03	G-A
1	LV3003047148	brown	ST8	61.3767	state_03	MFI	0	state_03	G-A
1	LV3003047148	blue	ST8	61.3767	state_03	MFI	0	state_03	G-A
1	LV3003047148	green	ST8	61.3767	state_03	MFI	0	state_03	G-A
1	LV3003047149	grey	ST8	60.4317	state_03	MFI	2.3197281409432	state_03	G-A
1	LV3003047149	yellow	ST8	60.4317	state_03	MFI	2.3197281409432	state_03	G-A
1	LV3003047149	turquoise	ST8	60.4317	state_03	MFI	2.3197281409432	state_03	G-A
1	LV3003047149	green	ST8	60.4317	state_03	MFI	2.3197281409432	state_03	G-A
1	LV3003047149	brown	ST8	60.4317	state_03	MFI	-11.598640704716	state_03	G-A
1	LV3003047149	blue	ST8	60.4317	state_03	MFI	2.3197281409432	state_03	G-A
1	LV3003047150	grey	ST8	59.5217933333333	state_03	MFI	0	state_03	G-A
1	LV3003047150	turquoise	ST8	59.5217933333333	state_03	MFI	0	state_03	G-A
1	LV3003047150	yellow	ST8	59.5217933333333	state_03	MFI	0	state_03	G-A
1	LV3003047150	blue	ST8	59.5217933333333	state_03	MFI	0	state_03	G-A
1	LV3003047150	brown	ST8	59.5217933333333	state_03	MFI	0	state_03	G-A
1	LV3003047150	green	ST8	59.5217933333333	state_03	MFI	0	state_03	G-A
1	LV3003047152	grey	ST8	45.00002	state_03	MFI	2.3197281409432	state_03	G-A
1	LV3003047152	turquoise	ST8	45.00002	state_03	MFI	2.3197281409432	state_03	G-A
1	LV3003047152	yellow	ST8	45.00002	state_03	MFI	2.3197281409432	state_03	G-A
1	LV3003047152	green	ST8	45.00002	state_03	MFI	2.3197281409432	state_03	G-A
1	LV3003047152	blue	ST8	45.00002	state_03	MFI	2.3197281409432	state_03	G-A
1	LV3003047152	brown	ST8	45.00002	state_03	MFI	-11.598640704716	state_03	G-A
1	LV3003047153	grey	ST8	38.71393	state_03	MFI	0	state_03	G-A
1	LV3003047153	turquoise	ST8	38.71393	state_03	MFI	0	state_03	G-A
1	LV3003047153	yellow	ST8	38.71393	state_03	MFI	0	state_03	G-A
1	LV3003047153	green	ST8	38.71393	state_03	MFI	0	state_03	G-A
1	LV3003047153	brown	ST8	38.71393	state_03	MFI	0	state_03	G-A
1	LV3003047153	blue	ST8	38.71393	state_03	MFI	0	state_03	G-A
1	LV3003047154	turquoise	ST8	35.13012	state_03	MFI	-1.75878718756171	state_03	G-A
1	LV3003047154	yellow	ST8	35.13012	state_03	MFI	-1.75878718756171	state_03	G-A
1	LV3003047154	grey	ST8	35.13012	state_03	MFI	7.03514875024686	state_03	G-A
1	LV3003047154	green	ST8	35.13012	state_03	MFI	-1.75878718756171	state_03	G-A
1	LV3003047154	brown	ST8	35.13012	state_03	MFI	-1.75878718756171	state_03	G-A
1	LV3003047155	turquoise	ST8	30.9475	state_03	MFI	0	state_03	G-A
1	LV3003047155	yellow	ST8	30.9475	state_03	MFI	0	state_03	G-A
1	LV3003047155	grey	ST8	30.9475	state_03	MFI	0	state_03	G-A
1	LV3003047155	brown	ST8	30.9475	state_03	MFI	0	state_03	G-A
1	LV3003047155	blue	ST8	30.9475	state_03	MFI	0	state_03	G-A
1	LV3003047156	grey	ST8	27.1996666666667	state_03	MFI	0	state_03	G-A
1	LV3003047156	turquoise	ST8	27.1996666666667	state_03	MFI	0	state_03	G-A
1	LV3003047156	yellow	ST8	27.1996666666667	state_03	MFI	0	state_03	G-A
1	LV3003047156	blue	ST8	27.1996666666667	state_03	MFI	0	state_03	G-A
1	LV3003047156	brown	ST8	27.1996666666667	state_03	MFI	0	state_03	G-A
1	LV3003047156	green	ST8	27.1996666666667	state_03	MFI	0	state_03	G-A
1	LV3003047158	grey	ST8	57.70646	state_03	MFI	0	state_03	G-A
1	LV3003047158	turquoise	ST8	57.70646	state_03	MFI	0	state_03	G-A
1	LV3003047158	yellow	ST8	57.70646	state_03	MFI	0	state_03	G-A
1	LV3003047158	blue	ST8	57.70646	state_03	MFI	0	state_03	G-A
1	LV3003047158	brown	ST8	57.70646	state_03	MFI	0	state_03	G-A
1	LV3003047158	green	ST8	57.70646	state_03	MFI	0	state_03	G-A
1	LV3003047159	turquoise	ST8	56.7987933333333	state_03	MFI	0	state_03	G-A
1	LV3003047159	yellow	ST8	56.7987933333333	state_03	MFI	0	state_03	G-A
1	LV3003047159	grey	ST8	56.7987933333333	state_03	MFI	0	state_03	G-A
1	LV3003047159	green	ST8	56.7987933333333	state_03	MFI	0	state_03	G-A
1	LV3003047159	brown	ST8	56.7987933333333	state_03	MFI	0	state_03	G-A
1	LV3003047164	grey	ST8	43.93302	state_03	MFI	0	state_03	G-A
1	LV3003047164	turquoise	ST8	43.93302	state_03	MFI	0	state_03	G-A
1	LV3003047164	yellow	ST8	43.93302	state_03	MFI	0	state_03	G-A
1	LV3003047164	blue	ST8	43.93302	state_03	MFI	0	state_03	G-A
1	LV3003047164	green	ST8	43.93302	state_03	MFI	0	state_03	G-A
1	LV3003047166	grey	ST8	38.27343	state_03	MFI	0	state_03	G-A
1	LV3003047166	turquoise	ST8	38.27343	state_03	MFI	0	state_03	G-A
1	LV3003047166	yellow	ST8	38.27343	state_03	MFI	0	state_03	G-A
1	LV3003047166	green	ST8	38.27343	state_03	MFI	0	state_03	G-A
1	LV3003047166	blue	ST8	38.27343	state_03	MFI	0	state_03	G-A
1	LV3003047166	brown	ST8	38.27343	state_03	MFI	0	state_03	G-A
1	LV3003047167	turquoise	ST8	34.67812	state_03	MFI	0	state_03	G-A
1	LV3003047167	yellow	ST8	34.67812	state_03	MFI	0	state_03	G-A
1	LV3003047167	grey	ST8	34.67812	state_03	MFI	0	state_03	G-A
1	LV3003047167	brown	ST8	34.67812	state_03	MFI	0	state_03	G-A
1	LV3003047168	grey	ST8	30.497	state_03	MFI	-1.93936537649714	state_03	G-A
1	LV3003047168	turquoise	ST8	30.497	state_03	MFI	-1.93936537649714	state_03	G-A
1	LV3003047168	yellow	ST8	30.497	state_03	MFI	-1.93936537649714	state_03	G-A
1	LV3003047168	blue	ST8	30.497	state_03	MFI	-1.93936537649714	state_03	G-A
1	LV3003047168	brown	ST8	30.497	state_03	MFI	9.69682688248572	state_03	G-A
1	LV3003047168	green	ST8	30.497	state_03	MFI	-1.93936537649714	state_03	G-A
1	LV3003047169	grey	ST8	26.6703333333333	state_03	MFI	0	state_03	G-A
1	LV3003047169	turquoise	ST8	26.6703333333333	state_03	MFI	0	state_03	G-A
1	LV3003047169	yellow	ST8	26.6703333333333	state_03	MFI	0	state_03	G-A
1	LV3003047169	brown	ST8	26.6703333333333	state_03	MFI	0	state_03	G-A
1	LV3003047169	blue	ST8	26.6703333333333	state_03	MFI	0	state_03	G-A
1	LV3003047169	green	ST8	26.6703333333333	state_03	MFI	0	state_03	G-A
1	LV3003061475	turquoise	ST13	53.844	state_03	MFI	0	state_03	G-A
1	LV3003061475	yellow	ST13	53.844	state_03	MFI	0	state_03	G-A
1	LV3003061475	grey	ST13	53.844	state_03	MFI	0	state_03	G-A
1	LV3003061475	green	ST13	53.844	state_03	MFI	0	state_03	G-A
1	LV3003061475	blue	ST13	53.844	state_03	MFI	0	state_03	G-A
1	LV3003061476	grey	ST13	37.16	state_03	MFI	0	state_03	G-A
1	LV3003061476	green	ST13	37.16	state_03	MFI	0	state_03	G-A
1	LV3003061476	turquoise	ST13	37.16	state_03	MFI	0	state_03	G-A
1	LV3003061476	yellow	ST13	37.16	state_03	MFI	0	state_03	G-A
1	LV3003061476	blue	ST13	37.16	state_03	MFI	0	state_03	G-A
1	LV3003061476	brown	ST13	37.16	state_03	MFI	0	state_03	G-A
1	LV3003061488	grey	ST13	35.041	state_03	MFI	-8.17883072881511	state_03	G-A
1	LV3003061488	green	ST13	35.041	state_03	MFI	1.63576614576302	state_03	G-A
1	LV3003061488	turquoise	ST13	35.041	state_03	MFI	1.63576614576302	state_03	G-A
1	LV3003061488	yellow	ST13	35.041	state_03	MFI	1.63576614576302	state_03	G-A
1	LV3003061488	blue	ST13	35.041	state_03	MFI	1.63576614576302	state_03	G-A
1	LV3003061488	brown	ST13	35.041	state_03	MFI	1.63576614576302	state_03	G-A
1	LV3003061504	turquoise	ST13	50.268	state_03	MFI	0	state_03	G-A
1	LV3003061504	grey	ST13	50.268	state_03	MFI	0	state_03	G-A
1	LV3003061504	yellow	ST13	50.268	state_03	MFI	0	state_03	G-A
1	LV3003061504	green	ST13	50.268	state_03	MFI	0	state_03	G-A
1	LV3003061505	grey	ST13	32.81	state_03	MFI	0	state_03	G-A
1	LV3003061505	turquoise	ST13	32.81	state_03	MFI	0	state_03	G-A
1	LV3003061505	yellow	ST13	32.81	state_03	MFI	0	state_03	G-A
1	LV3003061505	blue	ST13	32.81	state_03	MFI	0	state_03	G-A
1	LV3003061505	green	ST13	32.81	state_03	MFI	0	state_03	G-A
1	LV3003061505	brown	ST13	32.81	state_03	MFI	0	state_03	G-A
1	LV3003061516	turquoise	ST13	48.537	state_03	MFI	0	state_03	G-A
1	LV3003061516	grey	ST13	48.537	state_03	MFI	0	state_03	G-A
1	LV3003061516	yellow	ST13	48.537	state_03	MFI	0	state_03	G-A
1	LV3003061516	blue	ST13	48.537	state_03	MFI	0	state_03	G-A
1	LV3003061516	green	ST13	48.537	state_03	MFI	0	state_03	G-A
1	LV3003061530	turquoise	ST13	47.046	state_03	MFI	0	state_03	G-A
1	LV3003061530	grey	ST13	47.046	state_03	MFI	0	state_03	G-A
1	LV3003061530	yellow	ST13	47.046	state_03	MFI	0	state_03	G-A
1	LV3003061530	green	ST13	47.046	state_03	MFI	0	state_03	G-A
1	LV3003061530	blue	ST13	47.046	state_03	MFI	0	state_03	G-A
1	LV3003061531	grey	ST13	28.445	state_03	MFI	8.42352830152945	state_03	G-A
1	LV3003061531	green	ST13	28.445	state_03	MFI	1.09343383426589	state_03	G-A
1	LV3003061531	turquoise	ST13	28.445	state_03	MFI	1.09343383426589	state_03	G-A
1	LV3003061531	yellow	ST13	28.445	state_03	MFI	1.09343383426589	state_03	G-A
1	LV3003061531	blue	ST13	28.445	state_03	MFI	1.09343383426589	state_03	G-A
1	LV3003061531	brown	ST13	28.445	state_03	MFI	-12.797263638593	state_03	G-A
1	LV3003061544	grey	ST13	45.122	state_03	MFI	0	state_03	G-A
1	LV3003061544	turquoise	ST13	45.122	state_03	MFI	0	state_03	G-A
1	LV3003061544	yellow	ST13	45.122	state_03	MFI	0	state_03	G-A
1	LV3003061544	green	ST13	45.122	state_03	MFI	0	state_03	G-A
1	LV3003061544	blue	ST13	45.122	state_03	MFI	0	state_03	G-A
1	LV3003061544	brown	ST13	45.122	state_03	MFI	0	state_03	G-A
1	LV3003061545	grey	ST13	23.172	state_03	MFI	5.7197819946378	state_03	G-A
1	LV3003061545	turquoise	ST13	23.172	state_03	MFI	-1.14395639892756	state_03	G-A
1	LV3003061545	yellow	ST13	23.172	state_03	MFI	-1.14395639892756	state_03	G-A
1	LV3003061545	blue	ST13	23.172	state_03	MFI	-1.14395639892756	state_03	G-A
1	LV3003061545	brown	ST13	23.172	state_03	MFI	-1.14395639892756	state_03	G-A
1	LV3003061545	green	ST13	23.172	state_03	MFI	-1.14395639892756	state_03	G-A
1	LV3003061558	grey	ST13	42.626	state_03	MFI	0	state_03	G-A
1	LV3003061558	green	ST13	42.626	state_03	MFI	0	state_03	G-A
1	LV3003061558	turquoise	ST13	42.626	state_03	MFI	0	state_03	G-A
1	LV3003061558	yellow	ST13	42.626	state_03	MFI	0	state_03	G-A
1	LV3003061558	blue	ST13	42.626	state_03	MFI	0	state_03	G-A
1	LV3003061558	brown	ST13	42.626	state_03	MFI	0	state_03	G-A
1	LV3003061559	green	ST13	21.069	state_03	MFI	2.4009122503815	state_03	G-A
1	LV3003061559	grey	ST13	21.069	state_03	MFI	2.4009122503815	state_03	G-A
1	LV3003061559	turquoise	ST13	21.069	state_03	MFI	2.4009122503815	state_03	G-A
1	LV3003061559	yellow	ST13	21.069	state_03	MFI	2.4009122503815	state_03	G-A
1	LV3003061559	blue	ST13	21.069	state_03	MFI	2.4009122503815	state_03	G-A
1	LV3003061559	brown	ST13	21.069	state_03	MFI	-12.0045612519075	state_03	G-A
1	LV3003061571	turquoise	ST13	40.457	state_03	MFI	0	state_03	G-A
1	LV3003061571	grey	ST13	40.457	state_03	MFI	0	state_03	G-A
1	LV3003061571	yellow	ST13	40.457	state_03	MFI	0	state_03	G-A
1	LV3003061571	blue	ST13	40.457	state_03	MFI	0	state_03	G-A
1	LV3003061571	brown	ST13	40.457	state_03	MFI	0	state_03	G-A
1	LV3003061571	green	ST13	40.457	state_03	MFI	0	state_03	G-A
1	LV7008886221	grey	GeoB25202_R1	50.3555	state_03	MFI	0	state_03	G-A
1	LV7008886221	turquoise	GeoB25202_R1	50.3555	state_03	MFI	0	state_03	G-A
1	LV7008886221	yellow	GeoB25202_R1	50.3555	state_03	MFI	0	state_03	G-A
1	LV7008886221	green	GeoB25202_R1	50.3555	state_03	MFI	0	state_03	G-A
1	LV7008886221	brown	GeoB25202_R1	50.3555	state_03	MFI	0	state_03	G-A
1	LV7008886222	turquoise	GeoB25202_R1	136.2775	state_03	MFI	0	state_03	G-A
1	LV7008886222	yellow	GeoB25202_R1	136.2775	state_03	MFI	0	state_03	G-A
1	LV7008886222	grey	GeoB25202_R1	136.2775	state_03	MFI	0	state_03	G-A
1	LV7008886222	green	GeoB25202_R1	136.2775	state_03	MFI	0	state_03	G-A
1	LV7008886222	blue	GeoB25202_R1	136.2775	state_03	MFI	0	state_03	G-A
1	LV7008886226	grey	GeoB25202_R2	36.607	state_03	MFI	0	state_03	G-A
1	LV7008886226	turquoise	GeoB25202_R2	36.607	state_03	MFI	0	state_03	G-A
1	LV7008886226	yellow	GeoB25202_R2	36.607	state_03	MFI	0	state_03	G-A
1	LV7008886226	brown	GeoB25202_R2	36.607	state_03	MFI	0	state_03	G-A
1	LV7008886226	blue	GeoB25202_R2	36.607	state_03	MFI	0	state_03	G-A
1	LV7008886226	green	GeoB25202_R2	36.607	state_03	MFI	0	state_03	G-A
1	LV7008886692	turquoise	GeoB25202_R1	53.875	state_03	MFI	0	state_03	G-A
1	LV7008886692	grey	GeoB25202_R1	53.875	state_03	MFI	0	state_03	G-A
1	LV7008886692	yellow	GeoB25202_R1	53.875	state_03	MFI	0	state_03	G-A
1	LV7008886692	green	GeoB25202_R1	53.875	state_03	MFI	0	state_03	G-A
1	LV7008886703	grey	GeoB25202_R1	27.6855	state_03	MFI	0	state_03	G-A
1	LV7008886703	turquoise	GeoB25202_R1	27.6855	state_03	MFI	0	state_03	G-A
1	LV7008886703	yellow	GeoB25202_R1	27.6855	state_03	MFI	0	state_03	G-A
1	LV7008886703	blue	GeoB25202_R1	27.6855	state_03	MFI	0	state_03	G-A
1	LV7008886703	brown	GeoB25202_R1	27.6855	state_03	MFI	0	state_03	G-A
1	LV7008886703	green	GeoB25202_R1	27.6855	state_03	MFI	0	state_03	G-A
1	LV7008886704	grey	GeoB25202_R2	53.875	state_03	MFI	0	state_03	G-A
1	LV7008886704	turquoise	GeoB25202_R2	53.875	state_03	MFI	0	state_03	G-A
1	LV7008886704	yellow	GeoB25202_R2	53.875	state_03	MFI	0	state_03	G-A
1	LV7008886704	blue	GeoB25202_R2	53.875	state_03	MFI	0	state_03	G-A
1	LV7008886704	green	GeoB25202_R2	53.875	state_03	MFI	0	state_03	G-A
1	LV7008886709	turquoise	GeoB25202_R1	147.206	state_03	MFI	0	state_03	G-A
1	LV7008886709	yellow	GeoB25202_R1	147.206	state_03	MFI	0	state_03	G-A
1	LV7008886709	grey	GeoB25202_R1	147.206	state_03	MFI	0	state_03	G-A
1	LV7008886709	blue	GeoB25202_R1	147.206	state_03	MFI	0	state_03	G-A
1	LV7008886709	green	GeoB25202_R1	147.206	state_03	MFI	0	state_03	G-A
1	LV7008886709	brown	GeoB25202_R1	147.206	state_03	MFI	0	state_03	G-A
1	LV7008886715	grey	GeoB25202_R2	27.6855	state_03	MFI	0	state_03	G-A
1	LV7008886715	turquoise	GeoB25202_R2	27.6855	state_03	MFI	0	state_03	G-A
1	LV7008886715	yellow	GeoB25202_R2	27.6855	state_03	MFI	0	state_03	G-A
1	LV7008886715	blue	GeoB25202_R2	27.6855	state_03	MFI	0	state_03	G-A
1	LV7008886715	brown	GeoB25202_R2	27.6855	state_03	MFI	0	state_03	G-A
1	LV7008886715	green	GeoB25202_R2	27.6855	state_03	MFI	0	state_03	G-A
1	LV7008886721	turquoise	GeoB25202_R2	147.206	state_03	MFI	0	state_03	G-A
1	LV7008886721	yellow	GeoB25202_R2	147.206	state_03	MFI	0	state_03	G-A
1	LV7008886721	grey	GeoB25202_R2	147.206	state_03	MFI	0	state_03	G-A
1	LV7008886721	green	GeoB25202_R2	147.206	state_03	MFI	0	state_03	G-A
1	LV7008886721	blue	GeoB25202_R2	147.206	state_03	MFI	0	state_03	G-A
1	LV7008886721	brown	GeoB25202_R2	147.206	state_03	MFI	0	state_03	G-A
1	LV7008886728	grey	GeoB25202_R2	50.3555	state_03	MFI	0	state_03	G-A
1	LV7008886728	turquoise	GeoB25202_R2	50.3555	state_03	MFI	0	state_03	G-A
1	LV7008886728	yellow	GeoB25202_R2	50.3555	state_03	MFI	0	state_03	G-A
1	LV7008886728	green	GeoB25202_R2	50.3555	state_03	MFI	0	state_03	G-A
1	LV7008886728	blue	GeoB25202_R2	50.3555	state_03	MFI	0	state_03	G-A
1	LV7008886740	grey	GeoB25202_R1	43.105	state_03	MFI	0	state_03	G-A
1	LV7008886740	turquoise	GeoB25202_R1	43.105	state_03	MFI	0	state_03	G-A
1	LV7008886740	yellow	GeoB25202_R1	43.105	state_03	MFI	0	state_03	G-A
1	LV7008886740	blue	GeoB25202_R1	43.105	state_03	MFI	0	state_03	G-A
1	LV7008886740	green	GeoB25202_R1	43.105	state_03	MFI	0	state_03	G-A
1	LV7008886752	grey	GeoB25202_R2	43.105	state_03	MFI	0	state_03	G-A
1	LV7008886752	turquoise	GeoB25202_R2	43.105	state_03	MFI	0	state_03	G-A
1	LV7008886752	yellow	GeoB25202_R2	43.105	state_03	MFI	0	state_03	G-A
1	LV7008886752	blue	GeoB25202_R2	43.105	state_03	MFI	0	state_03	G-A
1	LV7008886752	green	GeoB25202_R2	43.105	state_03	MFI	0	state_03	G-A
1	LV7008886765	turquoise	GeoB25202_R1	58.181	state_03	MFI	0	state_03	G-A
1	LV7008886765	grey	GeoB25202_R1	58.181	state_03	MFI	0	state_03	G-A
1	LV7008886765	yellow	GeoB25202_R1	58.181	state_03	MFI	0	state_03	G-A
1	LV7008886765	brown	GeoB25202_R1	58.181	state_03	MFI	0	state_03	G-A
1	LV7008886765	green	GeoB25202_R1	58.181	state_03	MFI	0	state_03	G-A
1	LV7008886776	grey	GeoB25202_R1	36.607	state_03	MFI	0	state_03	G-A
1	LV7008886776	green	GeoB25202_R1	36.607	state_03	MFI	0	state_03	G-A
1	LV7008886776	turquoise	GeoB25202_R1	36.607	state_03	MFI	0	state_03	G-A
1	LV7008886776	yellow	GeoB25202_R1	36.607	state_03	MFI	0	state_03	G-A
1	LV7008886776	blue	GeoB25202_R1	36.607	state_03	MFI	0	state_03	G-A
1	LV7008886776	brown	GeoB25202_R1	36.607	state_03	MFI	0	state_03	G-A
1	LV3003047044	grey	ST8	12.078	state_03	DCI	-1.413443751558	state_03	G-A
1	LV3003047044	turquoise	ST8	12.078	state_03	DCI	-0.982144906735835	state_03	G-A
1	LV3003047044	yellow	ST8	12.078	state_03	DCI	0.434069014446781	state_03	G-A
1	LV3003047044	green	ST8	12.078	state_03	DCI	0.653839881282351	state_03	G-A
1	LV3003047044	blue	ST8	12.078	state_03	DCI	0.653839881282351	state_03	G-A
1	LV3003047044	brown	ST8	12.078	state_03	DCI	0.653839881282351	state_03	G-A
1	LV3003047067	turquoise	ST8	42.86602	state_03	DCI	0.951901566061604	state_03	G-A
1	LV3003047067	grey	ST8	42.86602	state_03	DCI	1.13164954173263	state_03	G-A
1	LV3003047067	yellow	ST8	42.86602	state_03	DCI	2.18374718065917	state_03	G-A
1	LV3003047067	green	ST8	42.86602	state_03	DCI	2.90200983659681	state_03	G-A
1	LV3003047067	blue	ST8	42.86602	state_03	DCI	2.90200983659681	state_03	G-A
1	LV3003047067	brown	ST8	42.86602	state_03	DCI	-10.071317961647	state_03	G-A
1	LV3003047068	turquoise	ST8	37.78969	state_03	DCI	0.391185978342378	state_03	G-A
1	LV3003047068	yellow	ST8	37.78969	state_03	DCI	2.23095020775591	state_03	G-A
1	LV3003047068	grey	ST8	37.78969	state_03	DCI	0.798582081758479	state_03	G-A
1	LV3003047068	blue	ST8	37.78969	state_03	DCI	-9.00374151233544	state_03	G-A
1	LV3003047068	brown	ST8	37.78969	state_03	DCI	2.79151162223934	state_03	G-A
1	LV3003047068	green	ST8	37.78969	state_03	DCI	2.79151162223934	state_03	G-A
1	LV3003047069	turquoise	ST8	33.7436870748299	state_03	DCI	3.12488692314188	state_03	G-A
1	LV3003047069	grey	ST8	33.7436870748299	state_03	DCI	3.71124153587936	state_03	G-A
1	LV3003047069	yellow	ST8	33.7436870748299	state_03	DCI	4.57236028365559	state_03	G-A
1	LV3003047069	brown	ST8	33.7436870748299	state_03	DCI	-9.16754592513869	state_03	G-A
1	LV3003047069	blue	ST8	33.7436870748299	state_03	DCI	-7.38252094524859	state_03	G-A
1	LV3003047069	green	ST8	33.7436870748299	state_03	DCI	5.14157812771046	state_03	G-A
1	LV3003047070	turquoise	ST8	30.128	state_03	DCI	5.37438186568763	state_03	G-A
1	LV3003047070	yellow	ST8	30.128	state_03	DCI	6.2241095720779	state_03	G-A
1	LV3003047070	grey	ST8	30.128	state_03	DCI	3.78190838237931	state_03	G-A
1	LV3003047070	brown	ST8	30.128	state_03	DCI	-7.53930809891982	state_03	G-A
1	LV3003047070	blue	ST8	30.128	state_03	DCI	-7.84109172122502	state_03	G-A
1	LV3003047071	grey	ST8	26.141	state_03	DCI	1.06937400651673	state_03	G-A
1	LV3003047071	turquoise	ST8	26.141	state_03	DCI	1.35432025340021	state_03	G-A
1	LV3003047071	yellow	ST8	26.141	state_03	DCI	2.62849537149781	state_03	G-A
1	LV3003047071	brown	ST8	26.141	state_03	DCI	2.83397155650001	state_03	G-A
1	LV3003047071	blue	ST8	26.141	state_03	DCI	-10.7201327444148	state_03	G-A
1	LV3003047071	green	ST8	26.141	state_03	DCI	2.83397155650001	state_03	G-A
1	LV3003047081	turquoise	ST8	52.20718	state_03	DCI	-1.19495336602575	state_03	G-A
1	LV3003047081	grey	ST8	52.20718	state_03	DCI	-1.21135172041173	state_03	G-A
1	LV3003047081	yellow	ST8	52.20718	state_03	DCI	1.30087808903299	state_03	G-A
1	LV3003047081	brown	ST8	52.20718	state_03	DCI	0.368475665801495	state_03	G-A
1	LV3003047081	blue	ST8	52.20718	state_03	DCI	0.368475665801495	state_03	G-A
1	LV3003047081	green	ST8	52.20718	state_03	DCI	0.368475665801495	state_03	G-A
1	LV3003047082	turquoise	ST8	41.9168333333333	state_03	DCI	0.989213996068963	state_03	G-A
1	LV3003047082	yellow	ST8	41.9168333333333	state_03	DCI	3.04275536595375	state_03	G-A
1	LV3003047082	grey	ST8	41.9168333333333	state_03	DCI	0.704721704931436	state_03	G-A
1	LV3003047082	green	ST8	41.9168333333333	state_03	DCI	3.13843057587711	state_03	G-A
1	LV3003047082	brown	ST8	41.9168333333333	state_03	DCI	-11.0135522187084	state_03	G-A
1	LV3003047082	blue	ST8	41.9168333333333	state_03	DCI	3.13843057587711	state_03	G-A
1	LV3003047083	grey	ST8	37.30319	state_03	DCI	2.76872223456415	state_03	G-A
1	LV3003047083	turquoise	ST8	37.30319	state_03	DCI	2.74579650103765	state_03	G-A
1	LV3003047083	yellow	ST8	37.30319	state_03	DCI	4.46419886112984	state_03	G-A
1	LV3003047083	blue	ST8	37.30319	state_03	DCI	-7.49218727123513	state_03	G-A
1	LV3003047083	green	ST8	37.30319	state_03	DCI	4.97134493566993	state_03	G-A
1	LV3003047083	brown	ST8	37.30319	state_03	DCI	-7.45787526116645	state_03	G-A
1	LV3003047085	grey	ST8	29.703	state_03	DCI	0.0159417129728014	state_03	G-A
1	LV3003047085	turquoise	ST8	29.703	state_03	DCI	1.76059743040566	state_03	G-A
1	LV3003047085	yellow	ST8	29.703	state_03	DCI	2.45330285149766	state_03	G-A
1	LV3003047085	brown	ST8	29.703	state_03	DCI	-10.642486689194	state_03	G-A
1	LV3003047085	blue	ST8	29.703	state_03	DCI	3.42585419387323	state_03	G-A
1	LV3003047085	green	ST8	29.703	state_03	DCI	2.98679050044465	state_03	G-A
1	LV3003047094	turquoise	ST8	50.6848	state_03	DCI	-1.34612437662872	state_03	G-A
1	LV3003047094	grey	ST8	50.6848	state_03	DCI	-1.45626243365264	state_03	G-A
1	LV3003047094	green	ST8	50.6848	state_03	DCI	0.274547794259992	state_03	G-A
1	LV3003047094	yellow	ST8	50.6848	state_03	DCI	2.25329122176138	state_03	G-A
1	LV3003047094	blue	ST8	50.6848	state_03	DCI	0.274547794259992	state_03	G-A
1	LV3003047095	turquoise	ST8	40.9751666666667	state_03	DCI	0.820777789872694	state_03	G-A
1	LV3003047095	grey	ST8	40.9751666666667	state_03	DCI	0.544539179872463	state_03	G-A
1	LV3003047095	green	ST8	40.9751666666667	state_03	DCI	2.94763372163216	state_03	G-A
1	LV3003047095	yellow	ST8	40.9751666666667	state_03	DCI	4.63192429899276	state_03	G-A
1	LV3003047095	blue	ST8	40.9751666666667	state_03	DCI	2.94763372163216	state_03	G-A
1	LV3003047095	brown	ST8	40.9751666666667	state_03	DCI	-11.8925087120022	state_03	G-A
1	LV3003047096	grey	ST8	36.89377	state_03	DCI	2.96726361164914	state_03	G-A
1	LV3003047096	turquoise	ST8	36.89377	state_03	DCI	3.22786137599425	state_03	G-A
1	LV3003047096	yellow	ST8	36.89377	state_03	DCI	6.2232597900628	state_03	G-A
1	LV3003047096	blue	ST8	36.89377	state_03	DCI	-7.78934864706622	state_03	G-A
1	LV3003047096	brown	ST8	36.89377	state_03	DCI	-9.44541689561633	state_03	G-A
1	LV3003047096	green	ST8	36.89377	state_03	DCI	4.81638076497637	state_03	G-A
1	LV3003047097	grey	ST8	32.835	state_03	DCI	-1.84041386355602	state_03	G-A
1	LV3003047097	turquoise	ST8	32.835	state_03	DCI	-0.901161264523324	state_03	G-A
1	LV3003047097	yellow	ST8	32.835	state_03	DCI	0.251619811029546	state_03	G-A
1	LV3003047097	green	ST8	32.835	state_03	DCI	0.829985105683266	state_03	G-A
1	LV3003047097	blue	ST8	32.835	state_03	DCI	0.829985105683266	state_03	G-A
1	LV3003047097	brown	ST8	32.835	state_03	DCI	0.829985105683266	state_03	G-A
1	LV3003047098	turquoise	ST8	29.278	state_03	DCI	-0.397137944915971	state_03	G-A
1	LV3003047098	grey	ST8	29.278	state_03	DCI	-2.08010149066031	state_03	G-A
1	LV3003047098	yellow	ST8	29.278	state_03	DCI	0.396372694398895	state_03	G-A
1	LV3003047098	blue	ST8	29.278	state_03	DCI	1.04043337058869	state_03	G-A
1	LV3003047098	brown	ST8	29.278	state_03	DCI	1.04043337058869	state_03	G-A
1	LV3003047099	turquoise	ST8	25.058	state_03	DCI	1.7896747476218	state_03	G-A
1	LV3003047099	grey	ST8	25.058	state_03	DCI	0.646850874452834	state_03	G-A
1	LV3003047099	yellow	ST8	25.058	state_03	DCI	3.35279855103925	state_03	G-A
1	LV3003047099	brown	ST8	25.058	state_03	DCI	-10.4926597131999	state_03	G-A
1	LV3003047099	blue	ST8	25.058	state_03	DCI	1.54979088400343	state_03	G-A
1	LV3003047099	green	ST8	25.058	state_03	DCI	3.15354465608254	state_03	G-A
1	LV3003047110	grey	ST8	49.1548	state_03	DCI	-0.920715681722356	state_03	G-A
1	LV3003047110	turquoise	ST8	49.1548	state_03	DCI	-1.05428794558994	state_03	G-A
1	LV3003047110	yellow	ST8	49.1548	state_03	DCI	0.84366077743026	state_03	G-A
1	LV3003047110	green	ST8	49.1548	state_03	DCI	1.13134284988204	state_03	G-A
1	LV3003047112	turquoise	ST8	40.0335	state_03	DCI	3.67201894596108	state_03	G-A
1	LV3003047112	yellow	ST8	40.0335	state_03	DCI	3.89020676221352	state_03	G-A
1	LV3003047112	grey	ST8	40.0335	state_03	DCI	4.04415057212587	state_03	G-A
1	LV3003047112	blue	ST8	40.0335	state_03	DCI	-7.31430348377883	state_03	G-A
1	LV3003047112	green	ST8	40.0335	state_03	DCI	5.45486606128126	state_03	G-A
1	LV3003047112	brown	ST8	40.0335	state_03	DCI	-9.7469388578029	state_03	G-A
1	LV3003047113	grey	ST8	36.48927	state_03	DCI	1.28132447887013	state_03	G-A
1	LV3003047113	turquoise	ST8	36.48927	state_03	DCI	1.32690960887365	state_03	G-A
1	LV3003047113	yellow	ST8	36.48927	state_03	DCI	2.37712569255915	state_03	G-A
1	LV3003047113	brown	ST8	36.48927	state_03	DCI	-10.1077529409235	state_03	G-A
1	LV3003047113	blue	ST8	36.48927	state_03	DCI	2.05237496724305	state_03	G-A
1	LV3003047113	green	ST8	36.48927	state_03	DCI	3.07001819337749	state_03	G-A
1	LV3003047114	green	ST8	32.3855	state_03	DCI	-6.70411843144193	state_03	G-A
1	LV3003047114	turquoise	ST8	32.3855	state_03	DCI	2.21608794198834	state_03	G-A
1	LV3003047114	yellow	ST8	32.3855	state_03	DCI	3.19299299332312	state_03	G-A
1	LV3003047114	grey	ST8	32.3855	state_03	DCI	1.29503749613046	state_03	G-A
1	LV3003047117	grey	ST8	28.7616666666667	state_03	DCI	-2.07452650637255	state_03	G-A
1	LV3003047117	turquoise	ST8	28.7616666666667	state_03	DCI	-1.24208290709025	state_03	G-A
1	LV3003047117	yellow	ST8	28.7616666666667	state_03	DCI	1.46672045174886	state_03	G-A
1	LV3003047117	blue	ST8	28.7616666666667	state_03	DCI	0.616629653904646	state_03	G-A
1	LV3003047117	green	ST8	28.7616666666667	state_03	DCI	0.616629653904646	state_03	G-A
1	LV3003047117	brown	ST8	28.7616666666667	state_03	DCI	0.616629653904646	state_03	G-A
1	LV3003047126	turquoise	ST8	64.210824	state_03	DCI	-1.25511385665245	state_03	G-A
1	LV3003047126	grey	ST8	64.210824	state_03	DCI	-1.68748151262169	state_03	G-A
1	LV3003047126	yellow	ST8	64.210824	state_03	DCI	1.46687540268253	state_03	G-A
1	LV3003047126	blue	ST8	64.210824	state_03	DCI	0.737859983295802	state_03	G-A
1	LV3003047126	green	ST8	64.210824	state_03	DCI	0.737859983295802	state_03	G-A
1	LV3003047128	grey	ST8	39.57797	state_03	DCI	4.23156698636955	state_03	G-A
1	LV3003047128	turquoise	ST8	39.57797	state_03	DCI	3.1324756609213	state_03	G-A
1	LV3003047128	yellow	ST8	39.57797	state_03	DCI	6.74464020595915	state_03	G-A
1	LV3003047128	blue	ST8	39.57797	state_03	DCI	-5.53744151503098	state_03	G-A
1	LV3003047128	brown	ST8	39.57797	state_03	DCI	-8.57124133821903	state_03	G-A
1	LV3003047129	turquoise	ST8	36.0373	state_03	DCI	1.12755310535455	state_03	G-A
1	LV3003047129	grey	ST8	36.0373	state_03	DCI	1.32242575870772	state_03	G-A
1	LV3003047129	yellow	ST8	36.0373	state_03	DCI	3.98382853234844	state_03	G-A
1	LV3003047129	brown	ST8	36.0373	state_03	DCI	-9.76875911235533	state_03	G-A
1	LV3003047129	blue	ST8	36.0373	state_03	DCI	3.33495171594462	state_03	G-A
1	LV3003047130	grey	ST8	31.936	state_03	DCI	1.2208223709572	state_03	G-A
1	LV3003047130	turquoise	ST8	31.936	state_03	DCI	1.50755481318125	state_03	G-A
1	LV3003047130	yellow	ST8	31.936	state_03	DCI	2.51383732230761	state_03	G-A
1	LV3003047130	green	ST8	31.936	state_03	DCI	3.32411755475065	state_03	G-A
1	LV3003047130	brown	ST8	31.936	state_03	DCI	3.32411755475065	state_03	G-A
1	LV3003047130	blue	ST8	31.936	state_03	DCI	-11.8904496159474	state_03	G-A
1	LV3003047131	turquoise	ST8	28.2453333333333	state_03	DCI	1.15258703767649	state_03	G-A
1	LV3003047131	yellow	ST8	28.2453333333333	state_03	DCI	2.75910430129564	state_03	G-A
1	LV3003047131	grey	ST8	28.2453333333333	state_03	DCI	1.09885055921659	state_03	G-A
1	LV3003047131	green	ST8	28.2453333333333	state_03	DCI	2.87646796181483	state_03	G-A
1	LV3003047131	brown	ST8	28.2453333333333	state_03	DCI	-10.7634778218184	state_03	G-A
1	LV3003047131	blue	ST8	28.2453333333333	state_03	DCI	2.87646796181483	state_03	G-A
1	LV3003047137	turquoise	ST8	66.9462	state_03	DCI	0.660238088418792	state_03	G-A
1	LV3003047137	grey	ST8	66.9462	state_03	DCI	0.851716137028507	state_03	G-A
1	LV3003047137	yellow	ST8	66.9462	state_03	DCI	3.42442066825572	state_03	G-A
1	LV3003047137	brown	ST8	66.9462	state_03	DCI	2.95971222142025	state_03	G-A
1	LV3003047137	blue	ST8	66.9462	state_03	DCI	-10.8557993365435	state_03	G-A
1	LV3003047137	green	ST8	66.9462	state_03	DCI	2.95971222142025	state_03	G-A
1	LV3003047139	turquoise	ST8	58.6141266666667	state_03	DCI	4.72090804070899	state_03	G-A
1	LV3003047139	yellow	ST8	58.6141266666667	state_03	DCI	4.89558955258304	state_03	G-A
1	LV3003047139	grey	ST8	58.6141266666667	state_03	DCI	5.19973682045513	state_03	G-A
1	LV3003047139	blue	ST8	58.6141266666667	state_03	DCI	-6.38209689609974	state_03	G-A
1	LV3003047139	brown	ST8	58.6141266666667	state_03	DCI	-8.43413751764741	state_03	G-A
1	LV3003047142	turquoise	ST8	35.5823	state_03	DCI	1.96937807814865	state_03	G-A
1	LV3003047142	grey	ST8	35.5823	state_03	DCI	2.3051020802467	state_03	G-A
1	LV3003047142	yellow	ST8	35.5823	state_03	DCI	3.38925406542475	state_03	G-A
1	LV3003047142	blue	ST8	35.5823	state_03	DCI	3.40633132624295	state_03	G-A
1	LV3003047142	brown	ST8	35.5823	state_03	DCI	-11.0700655500631	state_03	G-A
1	LV3003047143	turquoise	ST8	31.398	state_03	DCI	1.84663731571126	state_03	G-A
1	LV3003047143	yellow	ST8	31.398	state_03	DCI	2.75745276592918	state_03	G-A
1	LV3003047143	grey	ST8	31.398	state_03	DCI	0.17458124014079	state_03	G-A
1	LV3003047143	green	ST8	31.398	state_03	DCI	3.19749820763412	state_03	G-A
1	LV3003047143	brown	ST8	31.398	state_03	DCI	-11.1736677370495	state_03	G-A
1	LV3003047143	blue	ST8	31.398	state_03	DCI	3.19749820763412	state_03	G-A
1	LV3003047144	grey	ST8	27.729	state_03	DCI	0.473818754784805	state_03	G-A
1	LV3003047144	turquoise	ST8	27.729	state_03	DCI	0.715882076064438	state_03	G-A
1	LV3003047144	yellow	ST8	27.729	state_03	DCI	1.90527092530536	state_03	G-A
1	LV3003047144	brown	ST8	27.729	state_03	DCI	2.21938240548094	state_03	G-A
1	LV3003047144	blue	ST8	27.729	state_03	DCI	-7.53373656711648	state_03	G-A
1	LV3003047144	green	ST8	27.729	state_03	DCI	2.21938240548094	state_03	G-A
1	LV3003047146	turquoise	ST8	63.2667	state_03	DCI	3.73565240927697	state_03	G-A
1	LV3003047146	grey	ST8	63.2667	state_03	DCI	2.48858436667656	state_03	G-A
1	LV3003047146	yellow	ST8	63.2667	state_03	DCI	3.80203435809114	state_03	G-A
1	LV3003047146	brown	ST8	63.2667	state_03	DCI	-8.86845100875326	state_03	G-A
1	LV3003047146	blue	ST8	63.2667	state_03	DCI	-6.2817778977264	state_03	G-A
1	LV3003047146	green	ST8	63.2667	state_03	DCI	5.12395777243498	state_03	G-A
1	LV3003047147	turquoise	ST8	62.3217	state_03	DCI	3.62813410023417	state_03	G-A
1	LV3003047147	grey	ST8	62.3217	state_03	DCI	2.34332686844702	state_03	G-A
1	LV3003047147	yellow	ST8	62.3217	state_03	DCI	-6.54611048712791	state_03	G-A
1	LV3003047147	brown	ST8	62.3217	state_03	DCI	-9.09550341901714	state_03	G-A
1	LV3003047147	blue	ST8	62.3217	state_03	DCI	4.83507646873193	state_03	G-A
1	LV3003047147	green	ST8	62.3217	state_03	DCI	4.83507646873193	state_03	G-A
1	LV3003047148	grey	ST8	61.3767	state_03	DCI	1.70359108065139	state_03	G-A
1	LV3003047148	turquoise	ST8	61.3767	state_03	DCI	0.943737436892924	state_03	G-A
1	LV3003047148	yellow	ST8	61.3767	state_03	DCI	2.3108212612306	state_03	G-A
1	LV3003047148	brown	ST8	61.3767	state_03	DCI	-11.2254672626271	state_03	G-A
1	LV3003047148	blue	ST8	61.3767	state_03	DCI	3.13365874192611	state_03	G-A
1	LV3003047148	green	ST8	61.3767	state_03	DCI	3.13365874192611	state_03	G-A
1	LV3003047149	grey	ST8	60.4317	state_03	DCI	0.940668108708515	state_03	G-A
1	LV3003047149	yellow	ST8	60.4317	state_03	DCI	-8.75326368709804	state_03	G-A
1	LV3003047149	turquoise	ST8	60.4317	state_03	DCI	0.209493985973828	state_03	G-A
1	LV3003047149	green	ST8	60.4317	state_03	DCI	2.5343671974719	state_03	G-A
1	LV3003047149	brown	ST8	60.4317	state_03	DCI	2.5343671974719	state_03	G-A
1	LV3003047149	blue	ST8	60.4317	state_03	DCI	2.5343671974719	state_03	G-A
1	LV3003047150	grey	ST8	59.5217933333333	state_03	DCI	2.9425944896931	state_03	G-A
1	LV3003047150	turquoise	ST8	59.5217933333333	state_03	DCI	2.91555212658234	state_03	G-A
1	LV3003047150	yellow	ST8	59.5217933333333	state_03	DCI	5.35064200194776	state_03	G-A
1	LV3003047150	blue	ST8	59.5217933333333	state_03	DCI	-6.24633033072416	state_03	G-A
1	LV3003047150	brown	ST8	59.5217933333333	state_03	DCI	-9.73287909347645	state_03	G-A
1	LV3003047150	green	ST8	59.5217933333333	state_03	DCI	4.77042080597741	state_03	G-A
1	LV3003047152	grey	ST8	45.00002	state_03	DCI	-0.951236973132233	state_03	G-A
1	LV3003047152	turquoise	ST8	45.00002	state_03	DCI	-1.08199445704745	state_03	G-A
1	LV3003047152	yellow	ST8	45.00002	state_03	DCI	-0.175569428598661	state_03	G-A
1	LV3003047152	green	ST8	45.00002	state_03	DCI	0.736266952926114	state_03	G-A
1	LV3003047152	blue	ST8	45.00002	state_03	DCI	0.736266952926114	state_03	G-A
1	LV3003047152	brown	ST8	45.00002	state_03	DCI	0.736266952926114	state_03	G-A
1	LV3003047153	grey	ST8	38.71393	state_03	DCI	-1.223199768605	state_03	G-A
1	LV3003047153	turquoise	ST8	38.71393	state_03	DCI	-1.4209770925639	state_03	G-A
1	LV3003047153	yellow	ST8	38.71393	state_03	DCI	0.364832340507083	state_03	G-A
1	LV3003047153	green	ST8	38.71393	state_03	DCI	0.759781506887272	state_03	G-A
1	LV3003047153	brown	ST8	38.71393	state_03	DCI	0.759781506887272	state_03	G-A
1	LV3003047153	blue	ST8	38.71393	state_03	DCI	0.759781506887272	state_03	G-A
1	LV3003047154	turquoise	ST8	35.13012	state_03	DCI	2.03288236418938	state_03	G-A
1	LV3003047154	yellow	ST8	35.13012	state_03	DCI	2.66516086840405	state_03	G-A
1	LV3003047154	grey	ST8	35.13012	state_03	DCI	2.08166471339213	state_03	G-A
1	LV3003047154	green	ST8	35.13012	state_03	DCI	3.78835284549099	state_03	G-A
1	LV3003047154	brown	ST8	35.13012	state_03	DCI	-10.5680607914766	state_03	G-A
1	LV3003047155	turquoise	ST8	30.9475	state_03	DCI	-4.18869748735201	state_03	G-A
1	LV3003047155	yellow	ST8	30.9475	state_03	DCI	-1.73671969769126	state_03	G-A
1	LV3003047155	grey	ST8	30.9475	state_03	DCI	-5.12135013497038	state_03	G-A
1	LV3003047155	brown	ST8	30.9475	state_03	DCI	-1.58710417302939	state_03	G-A
1	LV3003047155	blue	ST8	30.9475	state_03	DCI	12.633871493043	state_03	G-A
1	LV3003047156	grey	ST8	27.1996666666667	state_03	DCI	0.732025248177711	state_03	G-A
1	LV3003047156	turquoise	ST8	27.1996666666667	state_03	DCI	1.28056574632796	state_03	G-A
1	LV3003047156	yellow	ST8	27.1996666666667	state_03	DCI	4.43601735360527	state_03	G-A
1	LV3003047156	blue	ST8	27.1996666666667	state_03	DCI	2.05036392921132	state_03	G-A
1	LV3003047156	brown	ST8	27.1996666666667	state_03	DCI	-11.0895707437084	state_03	G-A
1	LV3003047156	green	ST8	27.1996666666667	state_03	DCI	2.59059846638613	state_03	G-A
1	LV3003047158	grey	ST8	57.70646	state_03	DCI	1.72067031294876	state_03	G-A
1	LV3003047158	turquoise	ST8	57.70646	state_03	DCI	0.977094624632063	state_03	G-A
1	LV3003047158	yellow	ST8	57.70646	state_03	DCI	3.50771484535323	state_03	G-A
1	LV3003047158	blue	ST8	57.70646	state_03	DCI	2.69759585248001	state_03	G-A
1	LV3003047158	brown	ST8	57.70646	state_03	DCI	-11.6006714878941	state_03	G-A
1	LV3003047158	green	ST8	57.70646	state_03	DCI	2.69759585248001	state_03	G-A
1	LV3003047159	turquoise	ST8	56.7987933333333	state_03	DCI	4.6462571036325	state_03	G-A
1	LV3003047159	yellow	ST8	56.7987933333333	state_03	DCI	-5.36082417054137	state_03	G-A
1	LV3003047159	grey	ST8	56.7987933333333	state_03	DCI	4.17578629998708	state_03	G-A
1	LV3003047159	green	ST8	56.7987933333333	state_03	DCI	5.72645180677709	state_03	G-A
1	LV3003047159	brown	ST8	56.7987933333333	state_03	DCI	-9.1876710398553	state_03	G-A
1	LV3003047164	grey	ST8	43.93302	state_03	DCI	-1.00602351670029	state_03	G-A
1	LV3003047164	turquoise	ST8	43.93302	state_03	DCI	-1.75006450237475	state_03	G-A
1	LV3003047164	yellow	ST8	43.93302	state_03	DCI	2.08886424542009	state_03	G-A
1	LV3003047164	blue	ST8	43.93302	state_03	DCI	0.333611886827482	state_03	G-A
1	LV3003047164	green	ST8	43.93302	state_03	DCI	0.333611886827482	state_03	G-A
1	LV3003047166	grey	ST8	38.27343	state_03	DCI	1.33302251454435	state_03	G-A
1	LV3003047166	turquoise	ST8	38.27343	state_03	DCI	1.70807327078244	state_03	G-A
1	LV3003047166	yellow	ST8	38.27343	state_03	DCI	2.29626117764363	state_03	G-A
1	LV3003047166	green	ST8	38.27343	state_03	DCI	3.28814931870458	state_03	G-A
1	LV3003047166	blue	ST8	38.27343	state_03	DCI	3.28814931870458	state_03	G-A
1	LV3003047166	brown	ST8	38.27343	state_03	DCI	-11.9136556003796	state_03	G-A
1	LV3003047167	turquoise	ST8	34.67812	state_03	DCI	-0.997793415124482	state_03	G-A
1	LV3003047167	yellow	ST8	34.67812	state_03	DCI	0.89034123583375	state_03	G-A
1	LV3003047167	grey	ST8	34.67812	state_03	DCI	-1.09566469659246	state_03	G-A
1	LV3003047167	brown	ST8	34.67812	state_03	DCI	1.20311687588319	state_03	G-A
1	LV3003047168	grey	ST8	30.497	state_03	DCI	-0.289378497377446	state_03	G-A
1	LV3003047168	turquoise	ST8	30.497	state_03	DCI	1.35872705644486	state_03	G-A
1	LV3003047168	yellow	ST8	30.497	state_03	DCI	2.35331769874322	state_03	G-A
1	LV3003047168	blue	ST8	30.497	state_03	DCI	3.45996997808255	state_03	G-A
1	LV3003047168	brown	ST8	30.497	state_03	DCI	-9.90045953923297	state_03	G-A
1	LV3003047168	green	ST8	30.497	state_03	DCI	3.01782330333978	state_03	G-A
1	LV3003047169	grey	ST8	26.6703333333333	state_03	DCI	-1.35289483656948	state_03	G-A
1	LV3003047169	turquoise	ST8	26.6703333333333	state_03	DCI	-1.27861090221926	state_03	G-A
1	LV3003047169	yellow	ST8	26.6703333333333	state_03	DCI	1.05317590101085	state_03	G-A
1	LV3003047169	brown	ST8	26.6703333333333	state_03	DCI	0.885569766366722	state_03	G-A
1	LV3003047169	blue	ST8	26.6703333333333	state_03	DCI	-0.192809694955553	state_03	G-A
1	LV3003047169	green	ST8	26.6703333333333	state_03	DCI	0.885569766366722	state_03	G-A
1	LV3003061475	turquoise	ST13	53.844	state_03	DCI	-1.11194376538637	state_03	G-A
1	LV3003061475	yellow	ST13	53.844	state_03	DCI	0.448734257352709	state_03	G-A
1	LV3003061475	grey	ST13	53.844	state_03	DCI	-0.903774711716254	state_03	G-A
1	LV3003061475	green	ST13	53.844	state_03	DCI	0.783492109874957	state_03	G-A
1	LV3003061475	blue	ST13	53.844	state_03	DCI	0.783492109874957	state_03	G-A
1	LV3003061476	grey	ST13	37.16	state_03	DCI	2.80788805870552	state_03	G-A
1	LV3003061476	green	ST13	37.16	state_03	DCI	-5.28951709622803	state_03	G-A
1	LV3003061476	turquoise	ST13	37.16	state_03	DCI	2.84590908584216	state_03	G-A
1	LV3003061476	yellow	ST13	37.16	state_03	DCI	3.77277240272088	state_03	G-A
1	LV3003061476	blue	ST13	37.16	state_03	DCI	4.48695414713299	state_03	G-A
1	LV3003061476	brown	ST13	37.16	state_03	DCI	-8.62400659817353	state_03	G-A
1	LV3003061488	grey	ST13	35.041	state_03	DCI	3.617646549826	state_03	G-A
1	LV3003061488	green	ST13	35.041	state_03	DCI	-4.94617690281948	state_03	G-A
1	LV3003061488	turquoise	ST13	35.041	state_03	DCI	2.64426617254619	state_03	G-A
1	LV3003061488	yellow	ST13	35.041	state_03	DCI	3.9115349726953	state_03	G-A
1	LV3003061488	blue	ST13	35.041	state_03	DCI	3.13068008117429	state_03	G-A
1	LV3003061488	brown	ST13	35.041	state_03	DCI	-8.35795087342231	state_03	G-A
1	LV3003061504	turquoise	ST13	50.268	state_03	DCI	-1.36403095612173	state_03	G-A
1	LV3003061504	grey	ST13	50.268	state_03	DCI	0.132164292525656	state_03	G-A
1	LV3003061504	yellow	ST13	50.268	state_03	DCI	0.576885987599265	state_03	G-A
1	LV3003061504	green	ST13	50.268	state_03	DCI	0.654980675996808	state_03	G-A
1	LV3003061505	grey	ST13	32.81	state_03	DCI	3.76282015561341	state_03	G-A
1	LV3003061505	turquoise	ST13	32.81	state_03	DCI	2.91310213544258	state_03	G-A
1	LV3003061505	yellow	ST13	32.81	state_03	DCI	4.76945663621568	state_03	G-A
1	LV3003061505	blue	ST13	32.81	state_03	DCI	-7.58957063612695	state_03	G-A
1	LV3003061505	green	ST13	32.81	state_03	DCI	5.21325550258438	state_03	G-A
1	LV3003061505	brown	ST13	32.81	state_03	DCI	-9.06906379372911	state_03	G-A
1	LV3003061516	turquoise	ST13	48.537	state_03	DCI	-1.07452495068836	state_03	G-A
1	LV3003061516	grey	ST13	48.537	state_03	DCI	-0.597872034367297	state_03	G-A
1	LV3003061516	yellow	ST13	48.537	state_03	DCI	0.303663920435864	state_03	G-A
1	LV3003061516	blue	ST13	48.537	state_03	DCI	0.684366532309895	state_03	G-A
1	LV3003061516	green	ST13	48.537	state_03	DCI	0.684366532309895	state_03	G-A
1	LV3003061530	turquoise	ST13	47.046	state_03	DCI	-1.97101618952164	state_03	G-A
1	LV3003061530	grey	ST13	47.046	state_03	DCI	-0.824531915779542	state_03	G-A
1	LV3003061530	yellow	ST13	47.046	state_03	DCI	0.983322793874197	state_03	G-A
1	LV3003061530	green	ST13	47.046	state_03	DCI	0.906112655713491	state_03	G-A
1	LV3003061530	blue	ST13	47.046	state_03	DCI	0.906112655713491	state_03	G-A
1	LV3003061531	grey	ST13	28.445	state_03	DCI	3.18096266671105	state_03	G-A
1	LV3003061531	green	ST13	28.445	state_03	DCI	-4.98436864831046	state_03	G-A
1	LV3003061531	turquoise	ST13	28.445	state_03	DCI	2.4690499460181	state_03	G-A
1	LV3003061531	yellow	ST13	28.445	state_03	DCI	3.49645871499961	state_03	G-A
1	LV3003061531	blue	ST13	28.445	state_03	DCI	3.62230435542366	state_03	G-A
1	LV3003061531	brown	ST13	28.445	state_03	DCI	-7.78440703484195	state_03	G-A
1	LV3003061544	grey	ST13	45.122	state_03	DCI	3.81668414541888	state_03	G-A
1	LV3003061544	turquoise	ST13	45.122	state_03	DCI	3.02244811574375	state_03	G-A
1	LV3003061544	yellow	ST13	45.122	state_03	DCI	4.50820708543777	state_03	G-A
1	LV3003061544	green	ST13	45.122	state_03	DCI	4.98578464554349	state_03	G-A
1	LV3003061544	blue	ST13	45.122	state_03	DCI	-6.81419567745417	state_03	G-A
1	LV3003061544	brown	ST13	45.122	state_03	DCI	-9.51892831468971	state_03	G-A
1	LV3003061545	grey	ST13	23.172	state_03	DCI	1.82726060365228	state_03	G-A
1	LV3003061545	turquoise	ST13	23.172	state_03	DCI	0.789373606775318	state_03	G-A
1	LV3003061545	yellow	ST13	23.172	state_03	DCI	2.04861451204447	state_03	G-A
1	LV3003061545	blue	ST13	23.172	state_03	DCI	2.31033506727233	state_03	G-A
1	LV3003061545	brown	ST13	23.172	state_03	DCI	-10.1546686441219	state_03	G-A
1	LV3003061545	green	ST13	23.172	state_03	DCI	3.17908485437748	state_03	G-A
1	LV3003061558	grey	ST13	42.626	state_03	DCI	0.855138992051947	state_03	G-A
1	LV3003061558	green	ST13	42.626	state_03	DCI	-7.45152185547487	state_03	G-A
1	LV3003061558	turquoise	ST13	42.626	state_03	DCI	0.848813318375662	state_03	G-A
1	LV3003061558	yellow	ST13	42.626	state_03	DCI	3.57956794274437	state_03	G-A
1	LV3003061558	blue	ST13	42.626	state_03	DCI	-0.308740883776787	state_03	G-A
1	LV3003061558	brown	ST13	42.626	state_03	DCI	2.47674248607967	state_03	G-A
1	LV3003061559	green	ST13	21.069	state_03	DCI	-3.01121386386556	state_03	G-A
1	LV3003061559	grey	ST13	21.069	state_03	DCI	4.75780909982657	state_03	G-A
1	LV3003061559	turquoise	ST13	21.069	state_03	DCI	4.55109977950486	state_03	G-A
1	LV3003061559	yellow	ST13	21.069	state_03	DCI	5.19236115444913	state_03	G-A
1	LV3003061559	blue	ST13	21.069	state_03	DCI	-5.10515760748388	state_03	G-A
1	LV3003061559	brown	ST13	21.069	state_03	DCI	-6.38489856243112	state_03	G-A
1	LV3003061571	turquoise	ST13	40.457	state_03	DCI	-4.33791021066889	state_03	G-A
1	LV3003061571	grey	ST13	40.457	state_03	DCI	-2.28555143321908	state_03	G-A
1	LV3003061571	yellow	ST13	40.457	state_03	DCI	-0.950831361975498	state_03	G-A
1	LV3003061571	blue	ST13	40.457	state_03	DCI	11.4023772306665	state_03	G-A
1	LV3003061571	brown	ST13	40.457	state_03	DCI	-2.81135656822954	state_03	G-A
1	LV3003061571	green	ST13	40.457	state_03	DCI	-1.01672765657353	state_03	G-A
1	LV7008886221	grey	GeoB25202_R1	50.3555	state_03	DCI	-1.14998057571838	state_03	G-A
1	LV7008886221	turquoise	GeoB25202_R1	50.3555	state_03	DCI	-1.10469069963686	state_03	G-A
1	LV7008886221	yellow	GeoB25202_R1	50.3555	state_03	DCI	0.234697487707903	state_03	G-A
1	LV7008886221	green	GeoB25202_R1	50.3555	state_03	DCI	1.00998689382367	state_03	G-A
1	LV7008886221	brown	GeoB25202_R1	50.3555	state_03	DCI	1.00998689382367	state_03	G-A
1	LV7008886222	turquoise	GeoB25202_R1	136.2775	state_03	DCI	-1.79131097760421	state_03	G-A
1	LV7008886222	yellow	GeoB25202_R1	136.2775	state_03	DCI	0.162781096821114	state_03	G-A
1	LV7008886222	grey	GeoB25202_R1	136.2775	state_03	DCI	-0.0937163077332266	state_03	G-A
1	LV7008886222	green	GeoB25202_R1	136.2775	state_03	DCI	0.861123094258164	state_03	G-A
1	LV7008886222	blue	GeoB25202_R1	136.2775	state_03	DCI	0.861123094258164	state_03	G-A
1	LV7008886226	grey	GeoB25202_R2	36.607	state_03	DCI	-1.32550878743678	state_03	G-A
1	LV7008886226	turquoise	GeoB25202_R2	36.607	state_03	DCI	-2.01168274609441	state_03	G-A
1	LV7008886226	yellow	GeoB25202_R2	36.607	state_03	DCI	3.4824725733786	state_03	G-A
1	LV7008886226	brown	GeoB25202_R2	36.607	state_03	DCI	0.134310705330065	state_03	G-A
1	LV7008886226	blue	GeoB25202_R2	36.607	state_03	DCI	-1.10704963106749	state_03	G-A
1	LV7008886226	green	GeoB25202_R2	36.607	state_03	DCI	0.82745788589001	state_03	G-A
1	LV7008886692	turquoise	GeoB25202_R1	53.875	state_03	DCI	-1.73935238688794	state_03	G-A
1	LV7008886692	grey	GeoB25202_R1	53.875	state_03	DCI	-0.273820711478688	state_03	G-A
1	LV7008886692	yellow	GeoB25202_R1	53.875	state_03	DCI	1.00658654918331	state_03	G-A
1	LV7008886692	green	GeoB25202_R1	53.875	state_03	DCI	1.00658654918331	state_03	G-A
1	LV7008886703	grey	GeoB25202_R1	27.6855	state_03	DCI	-0.823287455008579	state_03	G-A
1	LV7008886703	turquoise	GeoB25202_R1	27.6855	state_03	DCI	-0.586398622225632	state_03	G-A
1	LV7008886703	yellow	GeoB25202_R1	27.6855	state_03	DCI	-0.0929663709989841	state_03	G-A
1	LV7008886703	blue	GeoB25202_R1	27.6855	state_03	DCI	-0.507644857000028	state_03	G-A
1	LV7008886703	brown	GeoB25202_R1	27.6855	state_03	DCI	1.00514865261661	state_03	G-A
1	LV7008886703	green	GeoB25202_R1	27.6855	state_03	DCI	1.00514865261661	state_03	G-A
1	LV7008886704	grey	GeoB25202_R2	53.875	state_03	DCI	1.0865717287139	state_03	G-A
1	LV7008886704	turquoise	GeoB25202_R2	53.875	state_03	DCI	1.15584109565491	state_03	G-A
1	LV7008886704	yellow	GeoB25202_R2	53.875	state_03	DCI	-8.26251153125341	state_03	G-A
1	LV7008886704	blue	GeoB25202_R2	53.875	state_03	DCI	3.0100493534423	state_03	G-A
1	LV7008886704	green	GeoB25202_R2	53.875	state_03	DCI	3.0100493534423	state_03	G-A
1	LV7008886709	turquoise	GeoB25202_R1	147.206	state_03	DCI	0.669258957895934	state_03	G-A
1	LV7008886709	yellow	GeoB25202_R1	147.206	state_03	DCI	-8.79900711045241	state_03	G-A
1	LV7008886709	grey	GeoB25202_R1	147.206	state_03	DCI	1.45788035013026	state_03	G-A
1	LV7008886709	blue	GeoB25202_R1	147.206	state_03	DCI	1.19699257351064	state_03	G-A
1	LV7008886709	green	GeoB25202_R1	147.206	state_03	DCI	2.73743761445779	state_03	G-A
1	LV7008886709	brown	GeoB25202_R1	147.206	state_03	DCI	2.73743761445779	state_03	G-A
1	LV7008886715	grey	GeoB25202_R2	27.6855	state_03	DCI	-0.961216462478459	state_03	G-A
1	LV7008886715	turquoise	GeoB25202_R2	27.6855	state_03	DCI	-0.801500886336625	state_03	G-A
1	LV7008886715	yellow	GeoB25202_R2	27.6855	state_03	DCI	0.0585993507344492	state_03	G-A
1	LV7008886715	blue	GeoB25202_R2	27.6855	state_03	DCI	-0.253323882709537	state_03	G-A
1	LV7008886715	brown	GeoB25202_R2	27.6855	state_03	DCI	0.978720940395085	state_03	G-A
1	LV7008886715	green	GeoB25202_R2	27.6855	state_03	DCI	0.978720940395085	state_03	G-A
1	LV7008886721	turquoise	GeoB25202_R2	147.206	state_03	DCI	1.49322449628582	state_03	G-A
1	LV7008886721	yellow	GeoB25202_R2	147.206	state_03	DCI	0.931615630361327	state_03	G-A
1	LV7008886721	grey	GeoB25202_R2	147.206	state_03	DCI	1.40661871268937	state_03	G-A
1	LV7008886721	green	GeoB25202_R2	147.206	state_03	DCI	3.21659701893712	state_03	G-A
1	LV7008886721	blue	GeoB25202_R2	147.206	state_03	DCI	3.21659701893712	state_03	G-A
1	LV7008886721	brown	GeoB25202_R2	147.206	state_03	DCI	-10.2646528772108	state_03	G-A
1	LV7008886728	grey	GeoB25202_R2	50.3555	state_03	DCI	3.17862172012799	state_03	G-A
1	LV7008886728	turquoise	GeoB25202_R2	50.3555	state_03	DCI	1.28272225161159	state_03	G-A
1	LV7008886728	yellow	GeoB25202_R2	50.3555	state_03	DCI	3.19571453582032	state_03	G-A
1	LV7008886728	green	GeoB25202_R2	50.3555	state_03	DCI	3.97510575981621	state_03	G-A
1	LV7008886728	blue	GeoB25202_R2	50.3555	state_03	DCI	-11.6321642673761	state_03	G-A
1	LV7008886740	grey	GeoB25202_R1	43.105	state_03	DCI	-0.772662940918668	state_03	G-A
1	LV7008886740	turquoise	GeoB25202_R1	43.105	state_03	DCI	-1.05682928782043	state_03	G-A
1	LV7008886740	yellow	GeoB25202_R1	43.105	state_03	DCI	-0.262734546134957	state_03	G-A
1	LV7008886740	blue	GeoB25202_R1	43.105	state_03	DCI	1.04611338743703	state_03	G-A
1	LV7008886740	green	GeoB25202_R1	43.105	state_03	DCI	1.04611338743703	state_03	G-A
1	LV7008886752	grey	GeoB25202_R2	43.105	state_03	DCI	-1.51559648171469	state_03	G-A
1	LV7008886752	turquoise	GeoB25202_R2	43.105	state_03	DCI	-1.02765789533078	state_03	G-A
1	LV7008886752	yellow	GeoB25202_R2	43.105	state_03	DCI	0.607612448001795	state_03	G-A
1	LV7008886752	blue	GeoB25202_R2	43.105	state_03	DCI	0.967820964521838	state_03	G-A
1	LV7008886752	green	GeoB25202_R2	43.105	state_03	DCI	0.967820964521838	state_03	G-A
1	LV7008886765	turquoise	GeoB25202_R1	58.181	state_03	DCI	1.88280337466883	state_03	G-A
1	LV7008886765	grey	GeoB25202_R1	58.181	state_03	DCI	1.27092074863366	state_03	G-A
1	LV7008886765	yellow	GeoB25202_R1	58.181	state_03	DCI	3.13020359110327	state_03	G-A
1	LV7008886765	brown	GeoB25202_R1	58.181	state_03	DCI	-9.91463489120548	state_03	G-A
1	LV7008886765	green	GeoB25202_R1	58.181	state_03	DCI	3.63070717679972	state_03	G-A
1	LV7008886776	grey	GeoB25202_R1	36.607	state_03	DCI	3.21378003971625	state_03	G-A
1	LV7008886776	green	GeoB25202_R1	36.607	state_03	DCI	-4.69850846695822	state_03	G-A
1	LV7008886776	turquoise	GeoB25202_R1	36.607	state_03	DCI	3.36230286670542	state_03	G-A
1	LV7008886776	yellow	GeoB25202_R1	36.607	state_03	DCI	3.69928585638966	state_03	G-A
1	LV7008886776	blue	GeoB25202_R1	36.607	state_03	DCI	4.5389450305843	state_03	G-A
1	LV7008886776	brown	GeoB25202_R1	36.607	state_03	DCI	-10.1158053264374	state_03	G-A
1	LV3003047044	grey	ST8	12.078	state_03	MII	0.377876914414139	state_03	G-A
1	LV3003047044	turquoise	ST8	12.078	state_03	MII	-1.45404832423965	state_03	G-A
1	LV3003047044	yellow	ST8	12.078	state_03	MII	-1.34051584255344	state_03	G-A
1	LV3003047044	green	ST8	12.078	state_03	MII	-12.9099322681241	state_03	G-A
1	LV3003047044	blue	ST8	12.078	state_03	MII	-0.141122156974179	state_03	G-A
1	LV3003047044	brown	ST8	12.078	state_03	MII	15.4677416774772	state_03	G-A
1	LV3003047067	turquoise	ST8	42.86602	state_03	MII	3.49969318467938	state_03	G-A
1	LV3003047067	grey	ST8	42.86602	state_03	MII	4.60678122243965	state_03	G-A
1	LV3003047067	yellow	ST8	42.86602	state_03	MII	3.06123050389995	state_03	G-A
1	LV3003047067	green	ST8	42.86602	state_03	MII	-8.54201081531913	state_03	G-A
1	LV3003047067	blue	ST8	42.86602	state_03	MII	-8.87208075309084	state_03	G-A
1	LV3003047067	brown	ST8	42.86602	state_03	MII	6.24638665739099	state_03	G-A
1	LV3003047068	turquoise	ST8	37.78969	state_03	MII	-1.28505778966053	state_03	G-A
1	LV3003047068	yellow	ST8	37.78969	state_03	MII	-1.11301965164267	state_03	G-A
1	LV3003047068	grey	ST8	37.78969	state_03	MII	0.300709725414887	state_03	G-A
1	LV3003047068	blue	ST8	37.78969	state_03	MII	-0.836656037695929	state_03	G-A
1	LV3003047068	brown	ST8	37.78969	state_03	MII	15.7624226293969	state_03	G-A
1	LV3003047068	green	ST8	37.78969	state_03	MII	-12.8283988758127	state_03	G-A
1	LV3003047069	turquoise	ST8	33.7436870748299	state_03	MII	0.734927671390949	state_03	G-A
1	LV3003047069	grey	ST8	33.7436870748299	state_03	MII	2.4253772864797	state_03	G-A
1	LV3003047069	yellow	ST8	33.7436870748299	state_03	MII	1.02990761632112	state_03	G-A
1	LV3003047069	brown	ST8	33.7436870748299	state_03	MII	4.37473472692371	state_03	G-A
1	LV3003047069	blue	ST8	33.7436870748299	state_03	MII	2.00923024280956	state_03	G-A
1	LV3003047069	green	ST8	33.7436870748299	state_03	MII	-10.574177543925	state_03	G-A
1	LV3003047070	turquoise	ST8	30.128	state_03	MII	4.43479853781301	state_03	G-A
1	LV3003047070	yellow	ST8	30.128	state_03	MII	3.83996251595124	state_03	G-A
1	LV3003047070	grey	ST8	30.128	state_03	MII	5.73237894320895	state_03	G-A
1	LV3003047070	brown	ST8	30.128	state_03	MII	-7.0896527472982	state_03	G-A
1	LV3003047070	blue	ST8	30.128	state_03	MII	-6.917487249675	state_03	G-A
1	LV3003047071	grey	ST8	26.141	state_03	MII	4.68115826826821	state_03	G-A
1	LV3003047071	turquoise	ST8	26.141	state_03	MII	3.7640562637536	state_03	G-A
1	LV3003047071	yellow	ST8	26.141	state_03	MII	3.17597302289997	state_03	G-A
1	LV3003047071	brown	ST8	26.141	state_03	MII	-8.34812829113268	state_03	G-A
1	LV3003047071	blue	ST8	26.141	state_03	MII	5.16811334515128	state_03	G-A
1	LV3003047071	green	ST8	26.141	state_03	MII	-8.44117260894038	state_03	G-A
1	LV3003047081	turquoise	ST8	52.20718	state_03	MII	5.97200940065752	state_03	G-A
1	LV3003047081	grey	ST8	52.20718	state_03	MII	6.91452488048582	state_03	G-A
1	LV3003047081	yellow	ST8	52.20718	state_03	MII	5.78068075803279	state_03	G-A
1	LV3003047081	brown	ST8	52.20718	state_03	MII	-6.58248935378641	state_03	G-A
1	LV3003047081	blue	ST8	52.20718	state_03	MII	-6.06576168112787	state_03	G-A
1	LV3003047081	green	ST8	52.20718	state_03	MII	-6.01896400426184	state_03	G-A
1	LV3003047082	turquoise	ST8	41.9168333333333	state_03	MII	5.86701507575094	state_03	G-A
1	LV3003047082	yellow	ST8	41.9168333333333	state_03	MII	5.24289683527159	state_03	G-A
1	LV3003047082	grey	ST8	41.9168333333333	state_03	MII	6.58238606372511	state_03	G-A
1	LV3003047082	green	ST8	41.9168333333333	state_03	MII	-5.88465037073548	state_03	G-A
1	LV3003047082	brown	ST8	41.9168333333333	state_03	MII	-4.71803481976559	state_03	G-A
1	LV3003047082	blue	ST8	41.9168333333333	state_03	MII	-7.08961278424658	state_03	G-A
1	LV3003047083	grey	ST8	37.30319	state_03	MII	2.6230234919913	state_03	G-A
1	LV3003047083	turquoise	ST8	37.30319	state_03	MII	1.02679613493573	state_03	G-A
1	LV3003047083	yellow	ST8	37.30319	state_03	MII	1.09338194715254	state_03	G-A
1	LV3003047083	blue	ST8	37.30319	state_03	MII	1.96743448475815	state_03	G-A
1	LV3003047083	green	ST8	37.30319	state_03	MII	-10.7849110594638	state_03	G-A
1	LV3003047083	brown	ST8	37.30319	state_03	MII	4.0742750006261	state_03	G-A
1	LV3003047085	grey	ST8	29.703	state_03	MII	4.70391832872934	state_03	G-A
1	LV3003047085	turquoise	ST8	29.703	state_03	MII	3.4670664646329	state_03	G-A
1	LV3003047085	yellow	ST8	29.703	state_03	MII	3.20646980086301	state_03	G-A
1	LV3003047085	brown	ST8	29.703	state_03	MII	-7.2989310348524	state_03	G-A
1	LV3003047085	blue	ST8	29.703	state_03	MII	4.37490022254212	state_03	G-A
1	LV3003047085	green	ST8	29.703	state_03	MII	-8.45342378191496	state_03	G-A
1	LV3003047094	turquoise	ST8	50.6848	state_03	MII	4.74893121479974	state_03	G-A
1	LV3003047094	grey	ST8	50.6848	state_03	MII	5.87488942559454	state_03	G-A
1	LV3003047094	green	ST8	50.6848	state_03	MII	-7.32921751453048	state_03	G-A
1	LV3003047094	yellow	ST8	50.6848	state_03	MII	4.57908042638095	state_03	G-A
1	LV3003047094	blue	ST8	50.6848	state_03	MII	-7.87368355224475	state_03	G-A
1	LV3003047095	turquoise	ST8	40.9751666666667	state_03	MII	0.976721151516736	state_03	G-A
1	LV3003047095	grey	ST8	40.9751666666667	state_03	MII	2.55314472112241	state_03	G-A
1	LV3003047095	green	ST8	40.9751666666667	state_03	MII	-10.6910961248315	state_03	G-A
1	LV3003047095	yellow	ST8	40.9751666666667	state_03	MII	1.03001226080087	state_03	G-A
1	LV3003047095	blue	ST8	40.9751666666667	state_03	MII	-11.0444668117209	state_03	G-A
1	LV3003047095	brown	ST8	40.9751666666667	state_03	MII	17.1756848031124	state_03	G-A
1	LV3003047096	grey	ST8	36.89377	state_03	MII	4.73204517291517	state_03	G-A
1	LV3003047096	turquoise	ST8	36.89377	state_03	MII	3.72540733041423	state_03	G-A
1	LV3003047096	yellow	ST8	36.89377	state_03	MII	3.30490570134975	state_03	G-A
1	LV3003047096	blue	ST8	36.89377	state_03	MII	-8.65129130766581	state_03	G-A
1	LV3003047096	brown	ST8	36.89377	state_03	MII	5.68189147838951	state_03	G-A
1	LV3003047096	green	ST8	36.89377	state_03	MII	-8.79295837540286	state_03	G-A
1	LV3003047097	grey	ST8	32.835	state_03	MII	2.02758331014451	state_03	G-A
1	LV3003047097	turquoise	ST8	32.835	state_03	MII	1.00551797678127	state_03	G-A
1	LV3003047097	yellow	ST8	32.835	state_03	MII	0.591402787243726	state_03	G-A
1	LV3003047097	green	ST8	32.835	state_03	MII	-10.7536944812936	state_03	G-A
1	LV3003047097	blue	ST8	32.835	state_03	MII	-10.8322324281188	state_03	G-A
1	LV3003047097	brown	ST8	32.835	state_03	MII	17.9614228352428	state_03	G-A
1	LV3003047098	turquoise	ST8	29.278	state_03	MII	1.81109007586263	state_03	G-A
1	LV3003047098	grey	ST8	29.278	state_03	MII	3.00218382777379	state_03	G-A
1	LV3003047098	yellow	ST8	29.278	state_03	MII	0.857988873339632	state_03	G-A
1	LV3003047098	blue	ST8	29.278	state_03	MII	-10.2926928118042	state_03	G-A
1	LV3003047098	brown	ST8	29.278	state_03	MII	4.62143003482817	state_03	G-A
1	LV3003047099	turquoise	ST8	25.058	state_03	MII	1.95743438951959	state_03	G-A
1	LV3003047099	grey	ST8	25.058	state_03	MII	2.47841076708043	state_03	G-A
1	LV3003047099	yellow	ST8	25.058	state_03	MII	1.47246145780312	state_03	G-A
1	LV3003047099	brown	ST8	25.058	state_03	MII	1.9936109191561	state_03	G-A
1	LV3003047099	blue	ST8	25.058	state_03	MII	2.23752876467465	state_03	G-A
1	LV3003047099	green	ST8	25.058	state_03	MII	-10.1394462982339	state_03	G-A
1	LV3003047110	grey	ST8	49.1548	state_03	MII	3.97839884529348	state_03	G-A
1	LV3003047110	turquoise	ST8	49.1548	state_03	MII	2.44255089171828	state_03	G-A
1	LV3003047110	yellow	ST8	49.1548	state_03	MII	2.67830495230507	state_03	G-A
1	LV3003047110	green	ST8	49.1548	state_03	MII	-9.09925468931683	state_03	G-A
1	LV3003047112	turquoise	ST8	40.0335	state_03	MII	0.616780567731871	state_03	G-A
1	LV3003047112	yellow	ST8	40.0335	state_03	MII	1.05345568523136	state_03	G-A
1	LV3003047112	grey	ST8	40.0335	state_03	MII	2.35291575720579	state_03	G-A
1	LV3003047112	blue	ST8	40.0335	state_03	MII	2.32181367816054	state_03	G-A
1	LV3003047112	green	ST8	40.0335	state_03	MII	-10.5701299011266	state_03	G-A
1	LV3003047112	brown	ST8	40.0335	state_03	MII	4.22516421279706	state_03	G-A
1	LV3003047113	grey	ST8	36.48927	state_03	MII	4.784824073291	state_03	G-A
1	LV3003047113	turquoise	ST8	36.48927	state_03	MII	3.65917719513685	state_03	G-A
1	LV3003047113	yellow	ST8	36.48927	state_03	MII	3.34792662578833	state_03	G-A
1	LV3003047113	brown	ST8	36.48927	state_03	MII	5.19432918080001	state_03	G-A
1	LV3003047113	blue	ST8	36.48927	state_03	MII	-8.47553091250247	state_03	G-A
1	LV3003047113	green	ST8	36.48927	state_03	MII	-8.51072616251372	state_03	G-A
1	LV3003047114	green	ST8	32.3855	state_03	MII	-8.76368202581966	state_03	G-A
1	LV3003047114	turquoise	ST8	32.3855	state_03	MII	2.34620063454958	state_03	G-A
1	LV3003047114	yellow	ST8	32.3855	state_03	MII	2.670346980587	state_03	G-A
1	LV3003047114	grey	ST8	32.3855	state_03	MII	3.74713441068308	state_03	G-A
1	LV3003047117	grey	ST8	28.7616666666667	state_03	MII	6.92433438667665	state_03	G-A
1	LV3003047117	turquoise	ST8	28.7616666666667	state_03	MII	5.44899750070391	state_03	G-A
1	LV3003047117	yellow	ST8	28.7616666666667	state_03	MII	5.79911606286628	state_03	G-A
1	LV3003047117	blue	ST8	28.7616666666667	state_03	MII	-6.43546370731692	state_03	G-A
1	LV3003047117	green	ST8	28.7616666666667	state_03	MII	-6.06679738231851	state_03	G-A
1	LV3003047117	brown	ST8	28.7616666666667	state_03	MII	-5.6701868606114	state_03	G-A
1	LV3003047126	turquoise	ST8	64.210824	state_03	MII	4.63991131889786	state_03	G-A
1	LV3003047126	grey	ST8	64.210824	state_03	MII	5.24306843902572	state_03	G-A
1	LV3003047126	yellow	ST8	64.210824	state_03	MII	4.50857228621433	state_03	G-A
1	LV3003047126	blue	ST8	64.210824	state_03	MII	-7.60861744941464	state_03	G-A
1	LV3003047126	green	ST8	64.210824	state_03	MII	-6.78293459472327	state_03	G-A
1	LV3003047128	grey	ST8	39.57797	state_03	MII	2.7819074639199	state_03	G-A
1	LV3003047128	turquoise	ST8	39.57797	state_03	MII	1.516896920299	state_03	G-A
1	LV3003047128	yellow	ST8	39.57797	state_03	MII	0.860945002510904	state_03	G-A
1	LV3003047128	blue	ST8	39.57797	state_03	MII	-10.4502373822618	state_03	G-A
1	LV3003047128	brown	ST8	39.57797	state_03	MII	5.29048799553195	state_03	G-A
1	LV3003047129	turquoise	ST8	36.0373	state_03	MII	2.0047164820699	state_03	G-A
1	LV3003047129	grey	ST8	36.0373	state_03	MII	3.00592372135499	state_03	G-A
1	LV3003047129	yellow	ST8	36.0373	state_03	MII	1.56772898840129	state_03	G-A
1	LV3003047129	brown	ST8	36.0373	state_03	MII	3.79349589926236	state_03	G-A
1	LV3003047129	blue	ST8	36.0373	state_03	MII	-10.3718650910885	state_03	G-A
1	LV3003047130	grey	ST8	31.936	state_03	MII	2.21650124417777	state_03	G-A
1	LV3003047130	turquoise	ST8	31.936	state_03	MII	0.737727227142342	state_03	G-A
1	LV3003047130	yellow	ST8	31.936	state_03	MII	0.974387711592582	state_03	G-A
1	LV3003047130	green	ST8	31.936	state_03	MII	-10.5295930942254	state_03	G-A
1	LV3003047130	brown	ST8	31.936	state_03	MII	18.3648334643216	state_03	G-A
1	LV3003047130	blue	ST8	31.936	state_03	MII	-11.7638565530088	state_03	G-A
1	LV3003047131	turquoise	ST8	28.2453333333333	state_03	MII	1.37606395486088	state_03	G-A
1	LV3003047131	yellow	ST8	28.2453333333333	state_03	MII	1.19225105438543	state_03	G-A
1	LV3003047131	grey	ST8	28.2453333333333	state_03	MII	2.31585210827083	state_03	G-A
1	LV3003047131	green	ST8	28.2453333333333	state_03	MII	-10.6017507250961	state_03	G-A
1	LV3003047131	brown	ST8	28.2453333333333	state_03	MII	1.84921753998382	state_03	G-A
1	LV3003047131	blue	ST8	28.2453333333333	state_03	MII	3.86836606759514	state_03	G-A
1	LV3003047137	turquoise	ST8	66.9462	state_03	MII	3.18026092356454	state_03	G-A
1	LV3003047137	grey	ST8	66.9462	state_03	MII	4.37921405947388	state_03	G-A
1	LV3003047137	yellow	ST8	66.9462	state_03	MII	2.6698914117635	state_03	G-A
1	LV3003047137	brown	ST8	66.9462	state_03	MII	-8.59846594919626	state_03	G-A
1	LV3003047137	blue	ST8	66.9462	state_03	MII	6.29503761023339	state_03	G-A
1	LV3003047137	green	ST8	66.9462	state_03	MII	-7.92593805583905	state_03	G-A
1	LV3003047139	turquoise	ST8	58.6141266666667	state_03	MII	-1.41360389398636	state_03	G-A
1	LV3003047139	yellow	ST8	58.6141266666667	state_03	MII	-1.38670771880375	state_03	G-A
1	LV3003047139	grey	ST8	58.6141266666667	state_03	MII	-0.338920640029281	state_03	G-A
1	LV3003047139	blue	ST8	58.6141266666667	state_03	MII	1.23674202322378	state_03	G-A
1	LV3003047139	brown	ST8	58.6141266666667	state_03	MII	1.90249022959561	state_03	G-A
1	LV3003047142	turquoise	ST8	35.5823	state_03	MII	-1.12175446296619	state_03	G-A
1	LV3003047142	grey	ST8	35.5823	state_03	MII	0.416573616536778	state_03	G-A
1	LV3003047142	yellow	ST8	35.5823	state_03	MII	-0.870885947266094	state_03	G-A
1	LV3003047142	blue	ST8	35.5823	state_03	MII	0.838668662050901	state_03	G-A
1	LV3003047142	brown	ST8	35.5823	state_03	MII	0.7373981316446	state_03	G-A
1	LV3003047143	turquoise	ST8	31.398	state_03	MII	0.627929105028376	state_03	G-A
1	LV3003047143	yellow	ST8	31.398	state_03	MII	0.651945227438211	state_03	G-A
1	LV3003047143	grey	ST8	31.398	state_03	MII	2.08296941627657	state_03	G-A
1	LV3003047143	green	ST8	31.398	state_03	MII	-10.8185869359563	state_03	G-A
1	LV3003047143	brown	ST8	31.398	state_03	MII	18.3705159892645	state_03	G-A
1	LV3003047143	blue	ST8	31.398	state_03	MII	-10.9147728020514	state_03	G-A
1	LV3003047144	grey	ST8	27.729	state_03	MII	2.54759659231844	state_03	G-A
1	LV3003047144	turquoise	ST8	27.729	state_03	MII	1.42079782654818	state_03	G-A
1	LV3003047144	yellow	ST8	27.729	state_03	MII	1.55565314638179	state_03	G-A
1	LV3003047144	brown	ST8	27.729	state_03	MII	2.51090532733378	state_03	G-A
1	LV3003047144	blue	ST8	27.729	state_03	MII	2.31043942746778	state_03	G-A
1	LV3003047144	green	ST8	27.729	state_03	MII	-10.34539232005	state_03	G-A
1	LV3003047146	turquoise	ST8	63.2667	state_03	MII	1.60319621203314	state_03	G-A
1	LV3003047146	grey	ST8	63.2667	state_03	MII	2.37410160314097	state_03	G-A
1	LV3003047146	yellow	ST8	63.2667	state_03	MII	1.60579159124138	state_03	G-A
1	LV3003047146	brown	ST8	63.2667	state_03	MII	2.70484544211725	state_03	G-A
1	LV3003047146	blue	ST8	63.2667	state_03	MII	1.82376606726604	state_03	G-A
1	LV3003047146	green	ST8	63.2667	state_03	MII	-10.1117009157988	state_03	G-A
1	LV3003047147	turquoise	ST8	62.3217	state_03	MII	5.93076901434894	state_03	G-A
1	LV3003047147	grey	ST8	62.3217	state_03	MII	6.74166893052786	state_03	G-A
1	LV3003047147	yellow	ST8	62.3217	state_03	MII	5.20128833525656	state_03	G-A
1	LV3003047147	brown	ST8	62.3217	state_03	MII	-5.76565996857896	state_03	G-A
1	LV3003047147	blue	ST8	62.3217	state_03	MII	-6.39010529132309	state_03	G-A
1	LV3003047147	green	ST8	62.3217	state_03	MII	-5.71796102023131	state_03	G-A
1	LV3003047148	grey	ST8	61.3767	state_03	MII	6.95068314709143	state_03	G-A
1	LV3003047148	turquoise	ST8	61.3767	state_03	MII	6.18936485030803	state_03	G-A
1	LV3003047148	yellow	ST8	61.3767	state_03	MII	5.05072972372811	state_03	G-A
1	LV3003047148	brown	ST8	61.3767	state_03	MII	-6.24277774970606	state_03	G-A
1	LV3003047148	blue	ST8	61.3767	state_03	MII	-6.18830730262387	state_03	G-A
1	LV3003047148	green	ST8	61.3767	state_03	MII	-5.75969266879763	state_03	G-A
1	LV3003047149	grey	ST8	60.4317	state_03	MII	1.87977055615852	state_03	G-A
1	LV3003047149	yellow	ST8	60.4317	state_03	MII	-0.673663540030252	state_03	G-A
1	LV3003047149	turquoise	ST8	60.4317	state_03	MII	1.18820320320103	state_03	G-A
1	LV3003047149	green	ST8	60.4317	state_03	MII	-10.6168807988247	state_03	G-A
1	LV3003047149	brown	ST8	60.4317	state_03	MII	4.11128528974768	state_03	G-A
1	LV3003047149	blue	ST8	60.4317	state_03	MII	4.11128528974768	state_03	G-A
1	LV3003047150	grey	ST8	59.5217933333333	state_03	MII	4.35779642402464	state_03	G-A
1	LV3003047150	turquoise	ST8	59.5217933333333	state_03	MII	3.3972319281741	state_03	G-A
1	LV3003047150	yellow	ST8	59.5217933333333	state_03	MII	3.37407096113146	state_03	G-A
1	LV3003047150	blue	ST8	59.5217933333333	state_03	MII	2.99100248648989	state_03	G-A
1	LV3003047150	brown	ST8	59.5217933333333	state_03	MII	-6.08156331615372	state_03	G-A
1	LV3003047150	green	ST8	59.5217933333333	state_03	MII	-8.03853848366637	state_03	G-A
1	LV3003047152	grey	ST8	45.00002	state_03	MII	4.82113128761681	state_03	G-A
1	LV3003047152	turquoise	ST8	45.00002	state_03	MII	3.25372603130859	state_03	G-A
1	LV3003047152	yellow	ST8	45.00002	state_03	MII	3.20091465605364	state_03	G-A
1	LV3003047152	green	ST8	45.00002	state_03	MII	-8.46639806957084	state_03	G-A
1	LV3003047152	blue	ST8	45.00002	state_03	MII	-9.20832196630027	state_03	G-A
1	LV3003047152	brown	ST8	45.00002	state_03	MII	6.39894806089206	state_03	G-A
1	LV3003047153	grey	ST8	38.71393	state_03	MII	2.35915879097455	state_03	G-A
1	LV3003047153	turquoise	ST8	38.71393	state_03	MII	1.31812700093551	state_03	G-A
1	LV3003047153	yellow	ST8	38.71393	state_03	MII	0.490228651147496	state_03	G-A
1	LV3003047153	green	ST8	38.71393	state_03	MII	-10.8603045408021	state_03	G-A
1	LV3003047153	brown	ST8	38.71393	state_03	MII	18.2003748125674	state_03	G-A
1	LV3003047153	blue	ST8	38.71393	state_03	MII	-11.5075847148229	state_03	G-A
1	LV3003047154	turquoise	ST8	35.13012	state_03	MII	4.38365647750877	state_03	G-A
1	LV3003047154	yellow	ST8	35.13012	state_03	MII	4.11550433729993	state_03	G-A
1	LV3003047154	grey	ST8	35.13012	state_03	MII	5.43029316869957	state_03	G-A
1	LV3003047154	green	ST8	35.13012	state_03	MII	-7.56058929980397	state_03	G-A
1	LV3003047154	brown	ST8	35.13012	state_03	MII	-6.3688646837043	state_03	G-A
1	LV3003047155	turquoise	ST8	30.9475	state_03	MII	5.15694979318554	state_03	G-A
1	LV3003047155	yellow	ST8	30.9475	state_03	MII	4.18480593147167	state_03	G-A
1	LV3003047155	grey	ST8	30.9475	state_03	MII	6.20734139176743	state_03	G-A
1	LV3003047155	brown	ST8	30.9475	state_03	MII	-7.91838959443821	state_03	G-A
1	LV3003047155	blue	ST8	30.9475	state_03	MII	-7.63070752198643	state_03	G-A
1	LV3003047156	grey	ST8	27.1996666666667	state_03	MII	2.40524402595841	state_03	G-A
1	LV3003047156	turquoise	ST8	27.1996666666667	state_03	MII	1.06216029831067	state_03	G-A
1	LV3003047156	yellow	ST8	27.1996666666667	state_03	MII	1.36696509517416	state_03	G-A
1	LV3003047156	blue	ST8	27.1996666666667	state_03	MII	1.66983699239595	state_03	G-A
1	LV3003047156	brown	ST8	27.1996666666667	state_03	MII	4.0284003341664	state_03	G-A
1	LV3003047156	green	ST8	27.1996666666667	state_03	MII	-10.5326067460056	state_03	G-A
1	LV3003047158	grey	ST8	57.70646	state_03	MII	6.6689158242445	state_03	G-A
1	LV3003047158	turquoise	ST8	57.70646	state_03	MII	5.61425603406877	state_03	G-A
1	LV3003047158	yellow	ST8	57.70646	state_03	MII	5.29144045130963	state_03	G-A
1	LV3003047158	blue	ST8	57.70646	state_03	MII	-6.1562667836393	state_03	G-A
1	LV3003047158	brown	ST8	57.70646	state_03	MII	-4.92426689248234	state_03	G-A
1	LV3003047158	green	ST8	57.70646	state_03	MII	-6.49407863350126	state_03	G-A
1	LV3003047159	turquoise	ST8	56.7987933333333	state_03	MII	4.05167663877328	state_03	G-A
1	LV3003047159	yellow	ST8	56.7987933333333	state_03	MII	4.3755486878016	state_03	G-A
1	LV3003047159	grey	ST8	56.7987933333333	state_03	MII	5.393838910919	state_03	G-A
1	LV3003047159	green	ST8	56.7987933333333	state_03	MII	-7.17374812949987	state_03	G-A
1	LV3003047159	brown	ST8	56.7987933333333	state_03	MII	-6.64731610799401	state_03	G-A
1	LV3003047164	grey	ST8	43.93302	state_03	MII	6.21537560753501	state_03	G-A
1	LV3003047164	turquoise	ST8	43.93302	state_03	MII	4.25226110934957	state_03	G-A
1	LV3003047164	yellow	ST8	43.93302	state_03	MII	4.55663093114239	state_03	G-A
1	LV3003047164	blue	ST8	43.93302	state_03	MII	-7.79527405385407	state_03	G-A
1	LV3003047164	green	ST8	43.93302	state_03	MII	-7.22899359417291	state_03	G-A
1	LV3003047166	grey	ST8	38.27343	state_03	MII	4.53674870765968	state_03	G-A
1	LV3003047166	turquoise	ST8	38.27343	state_03	MII	3.3603457183208	state_03	G-A
1	LV3003047166	yellow	ST8	38.27343	state_03	MII	2.98481271702544	state_03	G-A
1	LV3003047166	green	ST8	38.27343	state_03	MII	-8.55931106818991	state_03	G-A
1	LV3003047166	blue	ST8	38.27343	state_03	MII	-8.66938408790128	state_03	G-A
1	LV3003047166	brown	ST8	38.27343	state_03	MII	6.34678801308527	state_03	G-A
1	LV3003047167	turquoise	ST8	34.67812	state_03	MII	-4.13427100103781	state_03	G-A
1	LV3003047167	yellow	ST8	34.67812	state_03	MII	-5.01408821038615	state_03	G-A
1	LV3003047167	grey	ST8	34.67812	state_03	MII	-2.83001378765951	state_03	G-A
1	LV3003047167	brown	ST8	34.67812	state_03	MII	11.9783729990835	state_03	G-A
1	LV3003047168	grey	ST8	30.497	state_03	MII	2.85231891908862	state_03	G-A
1	LV3003047168	turquoise	ST8	30.497	state_03	MII	1.7209502745219	state_03	G-A
1	LV3003047168	yellow	ST8	30.497	state_03	MII	1.19521409818519	state_03	G-A
1	LV3003047168	blue	ST8	30.497	state_03	MII	2.18289033528378	state_03	G-A
1	LV3003047168	brown	ST8	30.497	state_03	MII	2.63796952484073	state_03	G-A
1	LV3003047168	green	ST8	30.497	state_03	MII	-10.5893431519202	state_03	G-A
1	LV3003047169	grey	ST8	26.6703333333333	state_03	MII	2.64058625727299	state_03	G-A
1	LV3003047169	turquoise	ST8	26.6703333333333	state_03	MII	1.70881100272981	state_03	G-A
1	LV3003047169	yellow	ST8	26.6703333333333	state_03	MII	1.61204167383104	state_03	G-A
1	LV3003047169	brown	ST8	26.6703333333333	state_03	MII	1.83765782121002	state_03	G-A
1	LV3003047169	blue	ST8	26.6703333333333	state_03	MII	2.60903734906087	state_03	G-A
1	LV3003047169	green	ST8	26.6703333333333	state_03	MII	-10.4081341041047	state_03	G-A
1	LV3003061475	turquoise	ST13	53.844	state_03	MII	1.47632340928831	state_03	G-A
1	LV3003061475	yellow	ST13	53.844	state_03	MII	1.6408171828954	state_03	G-A
1	LV3003061475	grey	ST13	53.844	state_03	MII	2.38749166118817	state_03	G-A
1	LV3003061475	green	ST13	53.844	state_03	MII	-10.2263172382592	state_03	G-A
1	LV3003061475	blue	ST13	53.844	state_03	MII	4.72168498488729	state_03	G-A
1	LV3003061476	grey	ST13	37.16	state_03	MII	0.301315874743507	state_03	G-A
1	LV3003061476	green	ST13	37.16	state_03	MII	-12.438169602327	state_03	G-A
1	LV3003061476	turquoise	ST13	37.16	state_03	MII	-0.688112565187411	state_03	G-A
1	LV3003061476	yellow	ST13	37.16	state_03	MII	-0.950321245302014	state_03	G-A
1	LV3003061476	blue	ST13	37.16	state_03	MII	-0.743535691926152	state_03	G-A
1	LV3003061476	brown	ST13	37.16	state_03	MII	14.5188232299991	state_03	G-A
1	LV3003061488	grey	ST13	35.041	state_03	MII	2.27332663922706	state_03	G-A
1	LV3003061488	green	ST13	35.041	state_03	MII	-10.6416425735457	state_03	G-A
1	LV3003061488	turquoise	ST13	35.041	state_03	MII	1.23238931199606	state_03	G-A
1	LV3003061488	yellow	ST13	35.041	state_03	MII	1.00779263320439	state_03	G-A
1	LV3003061488	blue	ST13	35.041	state_03	MII	0.814072084474865	state_03	G-A
1	LV3003061488	brown	ST13	35.041	state_03	MII	5.31406190464329	state_03	G-A
1	LV3003061504	turquoise	ST13	50.268	state_03	MII	2.46894661045685	state_03	G-A
1	LV3003061504	grey	ST13	50.268	state_03	MII	3.74271824184443	state_03	G-A
1	LV3003061504	yellow	ST13	50.268	state_03	MII	2.9263035854353	state_03	G-A
1	LV3003061504	green	ST13	50.268	state_03	MII	-9.13796843773659	state_03	G-A
1	LV3003061505	grey	ST13	32.81	state_03	MII	0.0798032715757047	state_03	G-A
1	LV3003061505	turquoise	ST13	32.81	state_03	MII	-0.423328572476186	state_03	G-A
1	LV3003061505	yellow	ST13	32.81	state_03	MII	-1.09146453799951	state_03	G-A
1	LV3003061505	blue	ST13	32.81	state_03	MII	-0.459854435055214	state_03	G-A
1	LV3003061505	green	ST13	32.81	state_03	MII	-12.8491949362566	state_03	G-A
1	LV3003061505	brown	ST13	32.81	state_03	MII	14.7440392102118	state_03	G-A
1	LV3003061516	turquoise	ST13	48.537	state_03	MII	2.07066688446986	state_03	G-A
1	LV3003061516	grey	ST13	48.537	state_03	MII	2.88339131529611	state_03	G-A
1	LV3003061516	yellow	ST13	48.537	state_03	MII	1.56302150524063	state_03	G-A
1	LV3003061516	blue	ST13	48.537	state_03	MII	3.40886050734039	state_03	G-A
1	LV3003061516	green	ST13	48.537	state_03	MII	-9.92594021234698	state_03	G-A
1	LV3003061530	turquoise	ST13	47.046	state_03	MII	5.69513423349879	state_03	G-A
1	LV3003061530	grey	ST13	47.046	state_03	MII	5.58898281668563	state_03	G-A
1	LV3003061530	yellow	ST13	47.046	state_03	MII	4.27172023941142	state_03	G-A
1	LV3003061530	green	ST13	47.046	state_03	MII	-7.57916268263659	state_03	G-A
1	LV3003061530	blue	ST13	47.046	state_03	MII	-7.97667460695925	state_03	G-A
1	LV3003061531	grey	ST13	28.445	state_03	MII	3.10683685047976	state_03	G-A
1	LV3003061531	green	ST13	28.445	state_03	MII	-9.91631051383489	state_03	G-A
1	LV3003061531	turquoise	ST13	28.445	state_03	MII	2.2867404563161	state_03	G-A
1	LV3003061531	yellow	ST13	28.445	state_03	MII	1.63200603264889	state_03	G-A
1	LV3003061531	blue	ST13	28.445	state_03	MII	0.641489939716975	state_03	G-A
1	LV3003061531	brown	ST13	28.445	state_03	MII	2.24923723467317	state_03	G-A
1	LV3003061544	grey	ST13	45.122	state_03	MII	2.77334125233585	state_03	G-A
1	LV3003061544	turquoise	ST13	45.122	state_03	MII	0.937728533225219	state_03	G-A
1	LV3003061544	yellow	ST13	45.122	state_03	MII	1.29596785051552	state_03	G-A
1	LV3003061544	green	ST13	45.122	state_03	MII	-10.378590407683	state_03	G-A
1	LV3003061544	blue	ST13	45.122	state_03	MII	1.64735600581331	state_03	G-A
1	LV3003061544	brown	ST13	45.122	state_03	MII	3.72419676579309	state_03	G-A
1	LV3003061545	grey	ST13	23.172	state_03	MII	2.7211217194651	state_03	G-A
1	LV3003061545	turquoise	ST13	23.172	state_03	MII	1.72641398545623	state_03	G-A
1	LV3003061545	yellow	ST13	23.172	state_03	MII	1.54326999075578	state_03	G-A
1	LV3003061545	blue	ST13	23.172	state_03	MII	0.549014138541566	state_03	G-A
1	LV3003061545	brown	ST13	23.172	state_03	MII	3.70947643739693	state_03	G-A
1	LV3003061545	green	ST13	23.172	state_03	MII	-10.2492962716156	state_03	G-A
1	LV3003061558	grey	ST13	42.626	state_03	MII	0.100626196685185	state_03	G-A
1	LV3003061558	green	ST13	42.626	state_03	MII	-12.7950854425415	state_03	G-A
1	LV3003061558	turquoise	ST13	42.626	state_03	MII	-0.823378249119394	state_03	G-A
1	LV3003061558	yellow	ST13	42.626	state_03	MII	-1.03316121765901	state_03	G-A
1	LV3003061558	blue	ST13	42.626	state_03	MII	-1.02631477235114	state_03	G-A
1	LV3003061558	brown	ST13	42.626	state_03	MII	15.5773134849858	state_03	G-A
1	LV3003061559	green	ST13	21.069	state_03	MII	-10.1818143754715	state_03	G-A
1	LV3003061559	grey	ST13	21.069	state_03	MII	2.42917823362628	state_03	G-A
1	LV3003061559	turquoise	ST13	21.069	state_03	MII	1.7338474725485	state_03	G-A
1	LV3003061559	yellow	ST13	21.069	state_03	MII	2.03042301873099	state_03	G-A
1	LV3003061559	blue	ST13	21.069	state_03	MII	1.6465639431158	state_03	G-A
1	LV3003061559	brown	ST13	21.069	state_03	MII	2.34180170744993	state_03	G-A
1	LV3003061571	turquoise	ST13	40.457	state_03	MII	1.98618222355282	state_03	G-A
1	LV3003061571	grey	ST13	40.457	state_03	MII	2.39445073144074	state_03	G-A
1	LV3003061571	yellow	ST13	40.457	state_03	MII	1.10895849178568	state_03	G-A
1	LV3003061571	blue	ST13	40.457	state_03	MII	1.25208961754601	state_03	G-A
1	LV3003061571	brown	ST13	40.457	state_03	MII	4.17220208432023	state_03	G-A
1	LV3003061571	green	ST13	40.457	state_03	MII	-10.9138831486455	state_03	G-A
1	LV7008886221	grey	GeoB25202_R1	50.3555	state_03	MII	5.13401042961396	state_03	G-A
1	LV7008886221	turquoise	GeoB25202_R1	50.3555	state_03	MII	5.10218610445678	state_03	G-A
1	LV7008886221	yellow	GeoB25202_R1	50.3555	state_03	MII	4.16049115255191	state_03	G-A
1	LV7008886221	green	GeoB25202_R1	50.3555	state_03	MII	-7.1100816237565	state_03	G-A
1	LV7008886221	brown	GeoB25202_R1	50.3555	state_03	MII	-7.28660606286613	state_03	G-A
1	LV7008886222	turquoise	GeoB25202_R1	136.2775	state_03	MII	3.96309977927666	state_03	G-A
1	LV7008886222	yellow	GeoB25202_R1	136.2775	state_03	MII	5.11174638200112	state_03	G-A
1	LV7008886222	grey	GeoB25202_R1	136.2775	state_03	MII	5.39836424712318	state_03	G-A
1	LV7008886222	green	GeoB25202_R1	136.2775	state_03	MII	-7.15926828960131	state_03	G-A
1	LV7008886222	blue	GeoB25202_R1	136.2775	state_03	MII	-7.31394211879964	state_03	G-A
1	LV7008886226	grey	GeoB25202_R2	36.607	state_03	MII	5.15684603164595	state_03	G-A
1	LV7008886226	turquoise	GeoB25202_R2	36.607	state_03	MII	5.08410761331338	state_03	G-A
1	LV7008886226	yellow	GeoB25202_R2	36.607	state_03	MII	2.88881428583272	state_03	G-A
1	LV7008886226	brown	GeoB25202_R2	36.607	state_03	MII	2.89026449784175	state_03	G-A
1	LV7008886226	blue	GeoB25202_R2	36.607	state_03	MII	-8.19379057844185	state_03	G-A
1	LV7008886226	green	GeoB25202_R2	36.607	state_03	MII	-7.82624185019195	state_03	G-A
1	LV7008886692	turquoise	GeoB25202_R1	53.875	state_03	MII	2.85241190730353	state_03	G-A
1	LV7008886692	grey	GeoB25202_R1	53.875	state_03	MII	3.12173638779382	state_03	G-A
1	LV7008886692	yellow	GeoB25202_R1	53.875	state_03	MII	2.47418463574544	state_03	G-A
1	LV7008886692	green	GeoB25202_R1	53.875	state_03	MII	-8.4483329308428	state_03	G-A
1	LV7008886703	grey	GeoB25202_R1	27.6855	state_03	MII	0.135512402597074	state_03	G-A
1	LV7008886703	turquoise	GeoB25202_R1	27.6855	state_03	MII	-0.623481489878024	state_03	G-A
1	LV7008886703	yellow	GeoB25202_R1	27.6855	state_03	MII	-0.995488652633649	state_03	G-A
1	LV7008886703	blue	GeoB25202_R1	27.6855	state_03	MII	-1.30894469196746	state_03	G-A
1	LV7008886703	brown	GeoB25202_R1	27.6855	state_03	MII	15.476363348291	state_03	G-A
1	LV7008886703	green	GeoB25202_R1	27.6855	state_03	MII	-12.6839609164089	state_03	G-A
1	LV7008886704	grey	GeoB25202_R2	53.875	state_03	MII	5.32170246678339	state_03	G-A
1	LV7008886704	turquoise	GeoB25202_R2	53.875	state_03	MII	4.59564792251171	state_03	G-A
1	LV7008886704	yellow	GeoB25202_R2	53.875	state_03	MII	4.57258683571975	state_03	G-A
1	LV7008886704	blue	GeoB25202_R2	53.875	state_03	MII	-7.31348791237768	state_03	G-A
1	LV7008886704	green	GeoB25202_R2	53.875	state_03	MII	-7.17644931263717	state_03	G-A
1	LV7008886709	turquoise	GeoB25202_R1	147.206	state_03	MII	2.77711515229237	state_03	G-A
1	LV7008886709	yellow	GeoB25202_R1	147.206	state_03	MII	3.0408410701949	state_03	G-A
1	LV7008886709	grey	GeoB25202_R1	147.206	state_03	MII	4.19913905831535	state_03	G-A
1	LV7008886709	blue	GeoB25202_R1	147.206	state_03	MII	-8.30155998222712	state_03	G-A
1	LV7008886709	green	GeoB25202_R1	147.206	state_03	MII	-8.08639375778215	state_03	G-A
1	LV7008886709	brown	GeoB25202_R1	147.206	state_03	MII	6.37085845920665	state_03	G-A
1	LV7008886715	grey	GeoB25202_R2	27.6855	state_03	MII	0.665386661635438	state_03	G-A
1	LV7008886715	turquoise	GeoB25202_R2	27.6855	state_03	MII	-0.413450702260942	state_03	G-A
1	LV7008886715	yellow	GeoB25202_R2	27.6855	state_03	MII	-0.819380168050728	state_03	G-A
1	LV7008886715	blue	GeoB25202_R2	27.6855	state_03	MII	-2.17321227975087	state_03	G-A
1	LV7008886715	brown	GeoB25202_R2	27.6855	state_03	MII	15.430362135359	state_03	G-A
1	LV7008886715	green	GeoB25202_R2	27.6855	state_03	MII	-12.6897056469319	state_03	G-A
1	LV7008886721	turquoise	GeoB25202_R2	147.206	state_03	MII	3.16683107161969	state_03	G-A
1	LV7008886721	yellow	GeoB25202_R2	147.206	state_03	MII	3.57254667167023	state_03	G-A
1	LV7008886721	grey	GeoB25202_R2	147.206	state_03	MII	4.14998798368187	state_03	G-A
1	LV7008886721	green	GeoB25202_R2	147.206	state_03	MII	-8.00654617433141	state_03	G-A
1	LV7008886721	blue	GeoB25202_R2	147.206	state_03	MII	4.41778561749745	state_03	G-A
1	LV7008886721	brown	GeoB25202_R2	147.206	state_03	MII	-7.30060517013782	state_03	G-A
1	LV7008886728	grey	GeoB25202_R2	50.3555	state_03	MII	5.31983909606892	state_03	G-A
1	LV7008886728	turquoise	GeoB25202_R2	50.3555	state_03	MII	4.90144935304166	state_03	G-A
1	LV7008886728	yellow	GeoB25202_R2	50.3555	state_03	MII	4.52557646281513	state_03	G-A
1	LV7008886728	green	GeoB25202_R2	50.3555	state_03	MII	-7.37612788028029	state_03	G-A
1	LV7008886728	blue	GeoB25202_R2	50.3555	state_03	MII	-7.37073703164542	state_03	G-A
1	LV7008886740	grey	GeoB25202_R1	43.105	state_03	MII	5.32170308717391	state_03	G-A
1	LV7008886740	turquoise	GeoB25202_R1	43.105	state_03	MII	4.81852847398575	state_03	G-A
1	LV7008886740	yellow	GeoB25202_R1	43.105	state_03	MII	4.14026945449109	state_03	G-A
1	LV7008886740	blue	GeoB25202_R1	43.105	state_03	MII	-6.9562107707634	state_03	G-A
1	LV7008886740	green	GeoB25202_R1	43.105	state_03	MII	-7.32429024488734	state_03	G-A
1	LV7008886752	grey	GeoB25202_R2	43.105	state_03	MII	5.3790661880949	state_03	G-A
1	LV7008886752	turquoise	GeoB25202_R2	43.105	state_03	MII	5.04019795294735	state_03	G-A
1	LV7008886752	yellow	GeoB25202_R2	43.105	state_03	MII	4.67917150930225	state_03	G-A
1	LV7008886752	blue	GeoB25202_R2	43.105	state_03	MII	-7.93883396442314	state_03	G-A
1	LV7008886752	green	GeoB25202_R2	43.105	state_03	MII	-7.15960168592137	state_03	G-A
1	LV7008886765	turquoise	GeoB25202_R1	58.181	state_03	MII	2.01855204296468	state_03	G-A
1	LV7008886765	grey	GeoB25202_R1	58.181	state_03	MII	2.38379643980845	state_03	G-A
1	LV7008886765	yellow	GeoB25202_R1	58.181	state_03	MII	1.69285967590754	state_03	G-A
1	LV7008886765	brown	GeoB25202_R1	58.181	state_03	MII	3.81267338327456	state_03	G-A
1	LV7008886765	green	GeoB25202_R1	58.181	state_03	MII	-9.90788154195523	state_03	G-A
1	LV7008886776	grey	GeoB25202_R1	36.607	state_03	MII	2.3585863537768	state_03	G-A
1	LV7008886776	green	GeoB25202_R1	36.607	state_03	MII	-10.4171562843841	state_03	G-A
1	LV7008886776	turquoise	GeoB25202_R1	36.607	state_03	MII	1.43071906624914	state_03	G-A
1	LV7008886776	yellow	GeoB25202_R1	36.607	state_03	MII	1.07913545943359	state_03	G-A
1	LV7008886776	blue	GeoB25202_R1	36.607	state_03	MII	1.13911208091203	state_03	G-A
1	LV7008886776	brown	GeoB25202_R1	36.607	state_03	MII	4.40960332401254	state_03	G-A
1	LV3003047044	grey	ST8	12.078	state_03	SRPI	1.01951326620351	state_03	G-A
1	LV3003047044	turquoise	ST8	12.078	state_03	SRPI	1.57832251429761	state_03	G-A
1	LV3003047044	yellow	ST8	12.078	state_03	SRPI	1.39019674324239	state_03	G-A
1	LV3003047044	green	ST8	12.078	state_03	SRPI	1.02538106025463	state_03	G-A
1	LV3003047044	blue	ST8	12.078	state_03	SRPI	-6.72916842674772	state_03	G-A
1	LV3003047044	brown	ST8	12.078	state_03	SRPI	1.71575484274959	state_03	G-A
1	LV3003047067	turquoise	ST8	42.86602	state_03	SRPI	1.38628682911449	state_03	G-A
1	LV3003047067	grey	ST8	42.86602	state_03	SRPI	1.76678432835215	state_03	G-A
1	LV3003047067	yellow	ST8	42.86602	state_03	SRPI	1.19020539331919	state_03	G-A
1	LV3003047067	green	ST8	42.86602	state_03	SRPI	1.01647345981236	state_03	G-A
1	LV3003047067	blue	ST8	42.86602	state_03	SRPI	-6.8720715350319	state_03	G-A
1	LV3003047067	brown	ST8	42.86602	state_03	SRPI	1.51232152443371	state_03	G-A
1	LV3003047068	turquoise	ST8	37.78969	state_03	SRPI	1.34058796192401	state_03	G-A
1	LV3003047068	yellow	ST8	37.78969	state_03	SRPI	1.1552393288499	state_03	G-A
1	LV3003047068	grey	ST8	37.78969	state_03	SRPI	1.84460542569523	state_03	G-A
1	LV3003047068	blue	ST8	37.78969	state_03	SRPI	0.759650616611119	state_03	G-A
1	LV3003047068	brown	ST8	37.78969	state_03	SRPI	1.87622939184538	state_03	G-A
1	LV3003047068	green	ST8	37.78969	state_03	SRPI	-6.97631272492564	state_03	G-A
1	LV3003047069	turquoise	ST8	33.7436870748299	state_03	SRPI	1.35625589087865	state_03	G-A
1	LV3003047069	grey	ST8	33.7436870748299	state_03	SRPI	1.84220794374667	state_03	G-A
1	LV3003047069	yellow	ST8	33.7436870748299	state_03	SRPI	1.35636882255848	state_03	G-A
1	LV3003047069	brown	ST8	33.7436870748299	state_03	SRPI	2.37306052746126	state_03	G-A
1	LV3003047069	blue	ST8	33.7436870748299	state_03	SRPI	-6.80735192727267	state_03	G-A
1	LV3003047069	green	ST8	33.7436870748299	state_03	SRPI	-0.120541257372385	state_03	G-A
1	LV3003047070	turquoise	ST8	30.128	state_03	SRPI	0.238786181304905	state_03	G-A
1	LV3003047070	yellow	ST8	30.128	state_03	SRPI	-0.00606954945309712	state_03	G-A
1	LV3003047070	grey	ST8	30.128	state_03	SRPI	0.603420341242145	state_03	G-A
1	LV3003047070	brown	ST8	30.128	state_03	SRPI	-0.839671962064062	state_03	G-A
1	LV3003047070	blue	ST8	30.128	state_03	SRPI	0.00353498897010995	state_03	G-A
1	LV3003047071	grey	ST8	26.141	state_03	SRPI	0.00432916249173465	state_03	G-A
1	LV3003047071	turquoise	ST8	26.141	state_03	SRPI	-0.179353371443039	state_03	G-A
1	LV3003047071	yellow	ST8	26.141	state_03	SRPI	-0.0151705078902945	state_03	G-A
1	LV3003047071	brown	ST8	26.141	state_03	SRPI	0.00890524426330541	state_03	G-A
1	LV3003047071	blue	ST8	26.141	state_03	SRPI	-0.0298914853020364	state_03	G-A
1	LV3003047071	green	ST8	26.141	state_03	SRPI	0.21118095788033	state_03	G-A
1	LV3003047081	turquoise	ST8	52.20718	state_03	SRPI	0.294357982440952	state_03	G-A
1	LV3003047081	grey	ST8	52.20718	state_03	SRPI	0.526682241531898	state_03	G-A
1	LV3003047081	yellow	ST8	52.20718	state_03	SRPI	0.371375806209625	state_03	G-A
1	LV3003047081	brown	ST8	52.20718	state_03	SRPI	0.0574597454185972	state_03	G-A
1	LV3003047081	blue	ST8	52.20718	state_03	SRPI	-1.08724768902255	state_03	G-A
1	LV3003047081	green	ST8	52.20718	state_03	SRPI	-0.162628086578524	state_03	G-A
1	LV3003047082	turquoise	ST8	41.9168333333333	state_03	SRPI	4.06664287837771	state_03	G-A
1	LV3003047082	yellow	ST8	41.9168333333333	state_03	SRPI	3.927824292499	state_03	G-A
1	LV3003047082	grey	ST8	41.9168333333333	state_03	SRPI	4.7445535037255	state_03	G-A
1	LV3003047082	green	ST8	41.9168333333333	state_03	SRPI	-4.2463402248674	state_03	G-A
1	LV3003047082	brown	ST8	41.9168333333333	state_03	SRPI	-4.2463402248674	state_03	G-A
1	LV3003047082	blue	ST8	41.9168333333333	state_03	SRPI	-4.2463402248674	state_03	G-A
1	LV3003047083	grey	ST8	37.30319	state_03	SRPI	2.60156293211873	state_03	G-A
1	LV3003047083	turquoise	ST8	37.30319	state_03	SRPI	2.07374873681651	state_03	G-A
1	LV3003047083	yellow	ST8	37.30319	state_03	SRPI	1.83499687471171	state_03	G-A
1	LV3003047083	blue	ST8	37.30319	state_03	SRPI	-6.20347272929071	state_03	G-A
1	LV3003047083	green	ST8	37.30319	state_03	SRPI	1.29146672894638	state_03	G-A
1	LV3003047083	brown	ST8	37.30319	state_03	SRPI	-1.59830254330262	state_03	G-A
1	LV3003047085	grey	ST8	29.703	state_03	SRPI	2.05671094300641	state_03	G-A
1	LV3003047085	turquoise	ST8	29.703	state_03	SRPI	1.62725124608278	state_03	G-A
1	LV3003047085	yellow	ST8	29.703	state_03	SRPI	1.58533632075446	state_03	G-A
1	LV3003047085	brown	ST8	29.703	state_03	SRPI	1.84143723018493	state_03	G-A
1	LV3003047085	blue	ST8	29.703	state_03	SRPI	-0.447420914669697	state_03	G-A
1	LV3003047085	green	ST8	29.703	state_03	SRPI	-6.66331482535889	state_03	G-A
1	LV3003047094	turquoise	ST8	50.6848	state_03	SRPI	1.73000710486194	state_03	G-A
1	LV3003047094	grey	ST8	50.6848	state_03	SRPI	2.08269176481829	state_03	G-A
1	LV3003047094	green	ST8	50.6848	state_03	SRPI	1.43532222854601	state_03	G-A
1	LV3003047094	yellow	ST8	50.6848	state_03	SRPI	1.48474776878913	state_03	G-A
1	LV3003047094	blue	ST8	50.6848	state_03	SRPI	-6.73276886701537	state_03	G-A
1	LV3003047095	turquoise	ST8	40.9751666666667	state_03	SRPI	-0.0716700744260437	state_03	G-A
1	LV3003047095	grey	ST8	40.9751666666667	state_03	SRPI	0.188486310626298	state_03	G-A
1	LV3003047095	green	ST8	40.9751666666667	state_03	SRPI	-0.824105157072915	state_03	G-A
1	LV3003047095	yellow	ST8	40.9751666666667	state_03	SRPI	-0.367901344983203	state_03	G-A
1	LV3003047095	blue	ST8	40.9751666666667	state_03	SRPI	-0.352777052171112	state_03	G-A
1	LV3003047095	brown	ST8	40.9751666666667	state_03	SRPI	1.42796731802698	state_03	G-A
1	LV3003047096	grey	ST8	36.89377	state_03	SRPI	1.92743768907315	state_03	G-A
1	LV3003047096	turquoise	ST8	36.89377	state_03	SRPI	1.76889241255142	state_03	G-A
1	LV3003047096	yellow	ST8	36.89377	state_03	SRPI	1.58298152181411	state_03	G-A
1	LV3003047096	blue	ST8	36.89377	state_03	SRPI	-0.11976230521786	state_03	G-A
1	LV3003047096	brown	ST8	36.89377	state_03	SRPI	1.63012150410039	state_03	G-A
1	LV3003047096	green	ST8	36.89377	state_03	SRPI	-6.78967082232121	state_03	G-A
1	LV3003047097	grey	ST8	32.835	state_03	SRPI	1.69131597213629	state_03	G-A
1	LV3003047097	turquoise	ST8	32.835	state_03	SRPI	1.25444430449572	state_03	G-A
1	LV3003047097	yellow	ST8	32.835	state_03	SRPI	0.987613333323914	state_03	G-A
1	LV3003047097	green	ST8	32.835	state_03	SRPI	-7.02397372541511	state_03	G-A
1	LV3003047097	blue	ST8	32.835	state_03	SRPI	1.85457245740187	state_03	G-A
1	LV3003047097	brown	ST8	32.835	state_03	SRPI	1.23602765805733	state_03	G-A
1	LV3003047098	turquoise	ST8	29.278	state_03	SRPI	2.36105086836084	state_03	G-A
1	LV3003047098	grey	ST8	29.278	state_03	SRPI	2.74866240747937	state_03	G-A
1	LV3003047098	yellow	ST8	29.278	state_03	SRPI	2.32515187126677	state_03	G-A
1	LV3003047098	blue	ST8	29.278	state_03	SRPI	-6.02001766654754	state_03	G-A
1	LV3003047098	brown	ST8	29.278	state_03	SRPI	-1.41484748055944	state_03	G-A
1	LV3003047099	turquoise	ST8	25.058	state_03	SRPI	0.0167722452367045	state_03	G-A
1	LV3003047099	grey	ST8	25.058	state_03	SRPI	0.501430321298346	state_03	G-A
1	LV3003047099	yellow	ST8	25.058	state_03	SRPI	0.246881518811866	state_03	G-A
1	LV3003047099	brown	ST8	25.058	state_03	SRPI	0.663167296223923	state_03	G-A
1	LV3003047099	blue	ST8	25.058	state_03	SRPI	-0.222480417959961	state_03	G-A
1	LV3003047099	green	ST8	25.058	state_03	SRPI	-1.20577096361088	state_03	G-A
1	LV3003047110	grey	ST8	49.1548	state_03	SRPI	2.70324483528848	state_03	G-A
1	LV3003047110	turquoise	ST8	49.1548	state_03	SRPI	1.93857868420063	state_03	G-A
1	LV3003047110	yellow	ST8	49.1548	state_03	SRPI	1.64709583610607	state_03	G-A
1	LV3003047110	green	ST8	49.1548	state_03	SRPI	-6.28891935559518	state_03	G-A
1	LV3003047112	turquoise	ST8	40.0335	state_03	SRPI	1.01857284179081	state_03	G-A
1	LV3003047112	yellow	ST8	40.0335	state_03	SRPI	1.11419849596088	state_03	G-A
1	LV3003047112	grey	ST8	40.0335	state_03	SRPI	1.37664354184324	state_03	G-A
1	LV3003047112	blue	ST8	40.0335	state_03	SRPI	-7.13578072136507	state_03	G-A
1	LV3003047112	green	ST8	40.0335	state_03	SRPI	0.539379515461301	state_03	G-A
1	LV3003047112	brown	ST8	40.0335	state_03	SRPI	3.08698632630883	state_03	G-A
1	LV3003047113	grey	ST8	36.48927	state_03	SRPI	1.51532640708186	state_03	G-A
1	LV3003047113	turquoise	ST8	36.48927	state_03	SRPI	1.33112126627722	state_03	G-A
1	LV3003047113	yellow	ST8	36.48927	state_03	SRPI	1.17351982536713	state_03	G-A
1	LV3003047113	brown	ST8	36.48927	state_03	SRPI	2.19393997960729	state_03	G-A
1	LV3003047113	blue	ST8	36.48927	state_03	SRPI	0.920837979542732	state_03	G-A
1	LV3003047113	green	ST8	36.48927	state_03	SRPI	-7.13474545787623	state_03	G-A
1	LV3003047114	green	ST8	32.3855	state_03	SRPI	-1.31670198834111	state_03	G-A
1	LV3003047114	turquoise	ST8	32.3855	state_03	SRPI	0.374071000465042	state_03	G-A
1	LV3003047114	yellow	ST8	32.3855	state_03	SRPI	0.0545267582703148	state_03	G-A
1	LV3003047114	grey	ST8	32.3855	state_03	SRPI	0.888104229605751	state_03	G-A
1	LV3003047117	grey	ST8	28.7616666666667	state_03	SRPI	3.29152643184441	state_03	G-A
1	LV3003047117	turquoise	ST8	28.7616666666667	state_03	SRPI	2.82395567519648	state_03	G-A
1	LV3003047117	yellow	ST8	28.7616666666667	state_03	SRPI	2.77324116198013	state_03	G-A
1	LV3003047117	blue	ST8	28.7616666666667	state_03	SRPI	-5.40667642878077	state_03	G-A
1	LV3003047117	green	ST8	28.7616666666667	state_03	SRPI	1.92462958854052	state_03	G-A
1	LV3003047117	brown	ST8	28.7616666666667	state_03	SRPI	-5.40667642878077	state_03	G-A
1	LV3003047126	turquoise	ST8	64.210824	state_03	SRPI	3.27183115805817	state_03	G-A
1	LV3003047126	grey	ST8	64.210824	state_03	SRPI	3.74318879895805	state_03	G-A
1	LV3003047126	yellow	ST8	64.210824	state_03	SRPI	3.11069148855877	state_03	G-A
1	LV3003047126	blue	ST8	64.210824	state_03	SRPI	-5.06285572278749	state_03	G-A
1	LV3003047126	green	ST8	64.210824	state_03	SRPI	-5.06285572278749	state_03	G-A
1	LV3003047128	grey	ST8	39.57797	state_03	SRPI	1.80641946682721	state_03	G-A
1	LV3003047128	turquoise	ST8	39.57797	state_03	SRPI	1.45352621549278	state_03	G-A
1	LV3003047128	yellow	ST8	39.57797	state_03	SRPI	1.51259560280211	state_03	G-A
1	LV3003047128	blue	ST8	39.57797	state_03	SRPI	-6.90043411768285	state_03	G-A
1	LV3003047128	brown	ST8	39.57797	state_03	SRPI	2.12789283256075	state_03	G-A
1	LV3003047129	turquoise	ST8	36.0373	state_03	SRPI	-0.127554527777595	state_03	G-A
1	LV3003047129	grey	ST8	36.0373	state_03	SRPI	0.178272967131883	state_03	G-A
1	LV3003047129	yellow	ST8	36.0373	state_03	SRPI	-0.116239032096327	state_03	G-A
1	LV3003047129	brown	ST8	36.0373	state_03	SRPI	0.447190417291427	state_03	G-A
1	LV3003047129	blue	ST8	36.0373	state_03	SRPI	-0.381669824549388	state_03	G-A
1	LV3003047130	grey	ST8	31.936	state_03	SRPI	1.67941400244577	state_03	G-A
1	LV3003047130	turquoise	ST8	31.936	state_03	SRPI	1.15274958231478	state_03	G-A
1	LV3003047130	yellow	ST8	31.936	state_03	SRPI	0.816139119862485	state_03	G-A
1	LV3003047130	green	ST8	31.936	state_03	SRPI	-7.00110097678216	state_03	G-A
1	LV3003047130	brown	ST8	31.936	state_03	SRPI	2.22401879631479	state_03	G-A
1	LV3003047130	blue	ST8	31.936	state_03	SRPI	1.12877947584434	state_03	G-A
1	LV3003047131	turquoise	ST8	28.2453333333333	state_03	SRPI	-0.162981517388247	state_03	G-A
1	LV3003047131	yellow	ST8	28.2453333333333	state_03	SRPI	-0.457724601985985	state_03	G-A
1	LV3003047131	grey	ST8	28.2453333333333	state_03	SRPI	0.185196131765736	state_03	G-A
1	LV3003047131	green	ST8	28.2453333333333	state_03	SRPI	-0.504996130241779	state_03	G-A
1	LV3003047131	brown	ST8	28.2453333333333	state_03	SRPI	0.38582204922011	state_03	G-A
1	LV3003047131	blue	ST8	28.2453333333333	state_03	SRPI	0.554684068630166	state_03	G-A
1	LV3003047137	turquoise	ST8	66.9462	state_03	SRPI	2.900207194393	state_03	G-A
1	LV3003047137	grey	ST8	66.9462	state_03	SRPI	3.20455869775698	state_03	G-A
1	LV3003047137	yellow	ST8	66.9462	state_03	SRPI	2.29522476822727	state_03	G-A
1	LV3003047137	brown	ST8	66.9462	state_03	SRPI	2.88420153556439	state_03	G-A
1	LV3003047137	blue	ST8	66.9462	state_03	SRPI	-5.64209609797082	state_03	G-A
1	LV3003047137	green	ST8	66.9462	state_03	SRPI	-5.64209609797082	state_03	G-A
1	LV3003047139	turquoise	ST8	58.6141266666667	state_03	SRPI	1.20707849179155	state_03	G-A
1	LV3003047139	yellow	ST8	58.6141266666667	state_03	SRPI	1.12591236380486	state_03	G-A
1	LV3003047139	grey	ST8	58.6141266666667	state_03	SRPI	1.63471358929881	state_03	G-A
1	LV3003047139	blue	ST8	58.6141266666667	state_03	SRPI	-7.09523574628456	state_03	G-A
1	LV3003047139	brown	ST8	58.6141266666667	state_03	SRPI	3.12753130138934	state_03	G-A
1	LV3003047142	turquoise	ST8	35.5823	state_03	SRPI	0.136501771232699	state_03	G-A
1	LV3003047142	grey	ST8	35.5823	state_03	SRPI	0.303865684129484	state_03	G-A
1	LV3003047142	yellow	ST8	35.5823	state_03	SRPI	-0.0166939601788116	state_03	G-A
1	LV3003047142	blue	ST8	35.5823	state_03	SRPI	0.164656155577699	state_03	G-A
1	LV3003047142	brown	ST8	35.5823	state_03	SRPI	-0.58832965076107	state_03	G-A
1	LV3003047143	turquoise	ST8	31.398	state_03	SRPI	1.45012106072934	state_03	G-A
1	LV3003047143	yellow	ST8	31.398	state_03	SRPI	1.13698947217447	state_03	G-A
1	LV3003047143	grey	ST8	31.398	state_03	SRPI	1.90315379735892	state_03	G-A
1	LV3003047143	green	ST8	31.398	state_03	SRPI	-0.489011182310679	state_03	G-A
1	LV3003047143	brown	ST8	31.398	state_03	SRPI	2.88663741907598	state_03	G-A
1	LV3003047143	blue	ST8	31.398	state_03	SRPI	-6.88789056702803	state_03	G-A
1	LV3003047144	grey	ST8	27.729	state_03	SRPI	0.303467574579556	state_03	G-A
1	LV3003047144	turquoise	ST8	27.729	state_03	SRPI	0.0997945515867293	state_03	G-A
1	LV3003047144	yellow	ST8	27.729	state_03	SRPI	0.0718284335949759	state_03	G-A
1	LV3003047144	brown	ST8	27.729	state_03	SRPI	1.04347299602151	state_03	G-A
1	LV3003047144	blue	ST8	27.729	state_03	SRPI	-0.204172662392054	state_03	G-A
1	LV3003047144	green	ST8	27.729	state_03	SRPI	-1.31439089339072	state_03	G-A
1	LV3003047146	turquoise	ST8	63.2667	state_03	SRPI	0.326521782225367	state_03	G-A
1	LV3003047146	grey	ST8	63.2667	state_03	SRPI	0.655020480676512	state_03	G-A
1	LV3003047146	yellow	ST8	63.2667	state_03	SRPI	0.0590692843716492	state_03	G-A
1	LV3003047146	brown	ST8	63.2667	state_03	SRPI	1.02401952151598	state_03	G-A
1	LV3003047146	blue	ST8	63.2667	state_03	SRPI	-1.6710043257276	state_03	G-A
1	LV3003047146	green	ST8	63.2667	state_03	SRPI	-0.393626743061911	state_03	G-A
1	LV3003047147	turquoise	ST8	62.3217	state_03	SRPI	2.83555897540347	state_03	G-A
1	LV3003047147	grey	ST8	62.3217	state_03	SRPI	3.22177364510243	state_03	G-A
1	LV3003047147	yellow	ST8	62.3217	state_03	SRPI	2.44054174657989	state_03	G-A
1	LV3003047147	brown	ST8	62.3217	state_03	SRPI	2.6039198319238	state_03	G-A
1	LV3003047147	blue	ST8	62.3217	state_03	SRPI	-5.5508970995048	state_03	G-A
1	LV3003047147	green	ST8	62.3217	state_03	SRPI	-5.5508970995048	state_03	G-A
1	LV3003047148	grey	ST8	61.3767	state_03	SRPI	3.29496561374634	state_03	G-A
1	LV3003047148	turquoise	ST8	61.3767	state_03	SRPI	2.77152042408911	state_03	G-A
1	LV3003047148	yellow	ST8	61.3767	state_03	SRPI	2.51706659949824	state_03	G-A
1	LV3003047148	brown	ST8	61.3767	state_03	SRPI	2.73273778339186	state_03	G-A
1	LV3003047148	blue	ST8	61.3767	state_03	SRPI	-5.65814521036278	state_03	G-A
1	LV3003047148	green	ST8	61.3767	state_03	SRPI	-5.65814521036278	state_03	G-A
1	LV3003047149	grey	ST8	60.4317	state_03	SRPI	1.12529504326819	state_03	G-A
1	LV3003047149	yellow	ST8	60.4317	state_03	SRPI	0.575379906874766	state_03	G-A
1	LV3003047149	turquoise	ST8	60.4317	state_03	SRPI	0.643914414359898	state_03	G-A
1	LV3003047149	green	ST8	60.4317	state_03	SRPI	-0.688817125006019	state_03	G-A
1	LV3003047149	brown	ST8	60.4317	state_03	SRPI	-3.13786091330285	state_03	G-A
1	LV3003047149	blue	ST8	60.4317	state_03	SRPI	1.48208867380601	state_03	G-A
1	LV3003047150	grey	ST8	59.5217933333333	state_03	SRPI	0.490559379071726	state_03	G-A
1	LV3003047150	turquoise	ST8	59.5217933333333	state_03	SRPI	0.0470385862364238	state_03	G-A
1	LV3003047150	yellow	ST8	59.5217933333333	state_03	SRPI	-0.211332722591843	state_03	G-A
1	LV3003047150	blue	ST8	59.5217933333333	state_03	SRPI	-0.812427880689851	state_03	G-A
1	LV3003047150	brown	ST8	59.5217933333333	state_03	SRPI	0.738035639287433	state_03	G-A
1	LV3003047150	green	ST8	59.5217933333333	state_03	SRPI	-0.25187300131389	state_03	G-A
1	LV3003047152	grey	ST8	45.00002	state_03	SRPI	0.794666061653993	state_03	G-A
1	LV3003047152	turquoise	ST8	45.00002	state_03	SRPI	0.432379792411853	state_03	G-A
1	LV3003047152	yellow	ST8	45.00002	state_03	SRPI	0.354496211352727	state_03	G-A
1	LV3003047152	green	ST8	45.00002	state_03	SRPI	0.0707937960883804	state_03	G-A
1	LV3003047152	blue	ST8	45.00002	state_03	SRPI	1.585173139828	state_03	G-A
1	LV3003047152	brown	ST8	45.00002	state_03	SRPI	-3.23750900133495	state_03	G-A
1	LV3003047153	grey	ST8	38.71393	state_03	SRPI	1.76150449522431	state_03	G-A
1	LV3003047153	turquoise	ST8	38.71393	state_03	SRPI	1.30669832961778	state_03	G-A
1	LV3003047153	yellow	ST8	38.71393	state_03	SRPI	1.11460934201352	state_03	G-A
1	LV3003047153	green	ST8	38.71393	state_03	SRPI	0.720102178167638	state_03	G-A
1	LV3003047153	brown	ST8	38.71393	state_03	SRPI	2.16110271403685	state_03	G-A
1	LV3003047153	blue	ST8	38.71393	state_03	SRPI	-7.0640170590601	state_03	G-A
1	LV3003047154	turquoise	ST8	35.13012	state_03	SRPI	1.71384871344894	state_03	G-A
1	LV3003047154	yellow	ST8	35.13012	state_03	SRPI	1.59613144681369	state_03	G-A
1	LV3003047154	grey	ST8	35.13012	state_03	SRPI	2.38046084363612	state_03	G-A
1	LV3003047154	green	ST8	35.13012	state_03	SRPI	0.83954331194073	state_03	G-A
1	LV3003047154	brown	ST8	35.13012	state_03	SRPI	-6.52998431583947	state_03	G-A
1	LV3003047155	turquoise	ST8	30.9475	state_03	SRPI	-0.205716711320812	state_03	G-A
1	LV3003047155	yellow	ST8	30.9475	state_03	SRPI	-0.648452962115576	state_03	G-A
1	LV3003047155	grey	ST8	30.9475	state_03	SRPI	0.216171722015729	state_03	G-A
1	LV3003047155	brown	ST8	30.9475	state_03	SRPI	0.492285770850316	state_03	G-A
1	LV3003047155	blue	ST8	30.9475	state_03	SRPI	0.145712180570343	state_03	G-A
1	LV3003047156	grey	ST8	27.1996666666667	state_03	SRPI	0.176163843306362	state_03	G-A
1	LV3003047156	turquoise	ST8	27.1996666666667	state_03	SRPI	-0.0634535197667947	state_03	G-A
1	LV3003047156	yellow	ST8	27.1996666666667	state_03	SRPI	-0.160211352853831	state_03	G-A
1	LV3003047156	blue	ST8	27.1996666666667	state_03	SRPI	0.393504399519249	state_03	G-A
1	LV3003047156	brown	ST8	27.1996666666667	state_03	SRPI	0.807000117073092	state_03	G-A
1	LV3003047156	green	ST8	27.1996666666667	state_03	SRPI	-1.15300348727808	state_03	G-A
1	LV3003047158	grey	ST8	57.70646	state_03	SRPI	4.58756219542707	state_03	G-A
1	LV3003047158	turquoise	ST8	57.70646	state_03	SRPI	4.06218042436311	state_03	G-A
1	LV3003047158	yellow	ST8	57.70646	state_03	SRPI	4.00738247929032	state_03	G-A
1	LV3003047158	blue	ST8	57.70646	state_03	SRPI	-4.2190416996935	state_03	G-A
1	LV3003047158	brown	ST8	57.70646	state_03	SRPI	-4.2190416996935	state_03	G-A
1	LV3003047158	green	ST8	57.70646	state_03	SRPI	-4.2190416996935	state_03	G-A
1	LV3003047159	turquoise	ST8	56.7987933333333	state_03	SRPI	1.82877713388	state_03	G-A
1	LV3003047159	yellow	ST8	56.7987933333333	state_03	SRPI	1.65249444306177	state_03	G-A
1	LV3003047159	grey	ST8	56.7987933333333	state_03	SRPI	2.07090728188983	state_03	G-A
1	LV3003047159	green	ST8	56.7987933333333	state_03	SRPI	0.899100190532003	state_03	G-A
1	LV3003047159	brown	ST8	56.7987933333333	state_03	SRPI	-6.45127904936361	state_03	G-A
1	LV3003047164	grey	ST8	43.93302	state_03	SRPI	3.74027511198006	state_03	G-A
1	LV3003047164	turquoise	ST8	43.93302	state_03	SRPI	3.12634511215691	state_03	G-A
1	LV3003047164	yellow	ST8	43.93302	state_03	SRPI	3.22567544517519	state_03	G-A
1	LV3003047164	blue	ST8	43.93302	state_03	SRPI	-5.04614783465608	state_03	G-A
1	LV3003047164	green	ST8	43.93302	state_03	SRPI	-5.04614783465608	state_03	G-A
1	LV3003047166	grey	ST8	38.27343	state_03	SRPI	0.0259195658328601	state_03	G-A
1	LV3003047166	turquoise	ST8	38.27343	state_03	SRPI	-0.338871369902235	state_03	G-A
1	LV3003047166	yellow	ST8	38.27343	state_03	SRPI	-0.382806298992583	state_03	G-A
1	LV3003047166	green	ST8	38.27343	state_03	SRPI	-0.7412009991174	state_03	G-A
1	LV3003047166	blue	ST8	38.27343	state_03	SRPI	-0.0700921588546004	state_03	G-A
1	LV3003047166	brown	ST8	38.27343	state_03	SRPI	1.50705126103396	state_03	G-A
1	LV3003047167	turquoise	ST8	34.67812	state_03	SRPI	-0.0636385327784493	state_03	G-A
1	LV3003047167	yellow	ST8	34.67812	state_03	SRPI	-0.149851260156127	state_03	G-A
1	LV3003047167	grey	ST8	34.67812	state_03	SRPI	0.451650692012008	state_03	G-A
1	LV3003047167	brown	ST8	34.67812	state_03	SRPI	-0.238160899077431	state_03	G-A
1	LV3003047168	grey	ST8	30.497	state_03	SRPI	0.384877863359796	state_03	G-A
1	LV3003047168	turquoise	ST8	30.497	state_03	SRPI	-0.114434945882219	state_03	G-A
1	LV3003047168	yellow	ST8	30.497	state_03	SRPI	-0.377666369401635	state_03	G-A
1	LV3003047168	blue	ST8	30.497	state_03	SRPI	0.250555162092373	state_03	G-A
1	LV3003047168	brown	ST8	30.497	state_03	SRPI	0.60939930507174	state_03	G-A
1	LV3003047168	green	ST8	30.497	state_03	SRPI	-0.752731015240055	state_03	G-A
1	LV3003047169	grey	ST8	26.6703333333333	state_03	SRPI	1.52207332860263	state_03	G-A
1	LV3003047169	turquoise	ST8	26.6703333333333	state_03	SRPI	1.20218922414938	state_03	G-A
1	LV3003047169	yellow	ST8	26.6703333333333	state_03	SRPI	1.22213591232799	state_03	G-A
1	LV3003047169	brown	ST8	26.6703333333333	state_03	SRPI	1.40176467214329	state_03	G-A
1	LV3003047169	blue	ST8	26.6703333333333	state_03	SRPI	1.71225636248196	state_03	G-A
1	LV3003047169	green	ST8	26.6703333333333	state_03	SRPI	-7.06041949970525	state_03	G-A
1	LV3003061475	turquoise	ST13	53.844	state_03	SRPI	-0.0910223555352505	state_03	G-A
1	LV3003061475	yellow	ST13	53.844	state_03	SRPI	-0.307078856150107	state_03	G-A
1	LV3003061475	grey	ST13	53.844	state_03	SRPI	0.200373304828412	state_03	G-A
1	LV3003061475	green	ST13	53.844	state_03	SRPI	-0.679148169188551	state_03	G-A
1	LV3003061475	blue	ST13	53.844	state_03	SRPI	0.876876076045497	state_03	G-A
1	LV3003061476	grey	ST13	37.16	state_03	SRPI	1.50614105034297	state_03	G-A
1	LV3003061476	green	ST13	37.16	state_03	SRPI	1.20624231753715	state_03	G-A
1	LV3003061476	turquoise	ST13	37.16	state_03	SRPI	1.42766838906781	state_03	G-A
1	LV3003061476	yellow	ST13	37.16	state_03	SRPI	1.19016945919474	state_03	G-A
1	LV3003061476	blue	ST13	37.16	state_03	SRPI	-6.89815515445572	state_03	G-A
1	LV3003061476	brown	ST13	37.16	state_03	SRPI	1.56793393831305	state_03	G-A
1	LV3003061488	grey	ST13	35.041	state_03	SRPI	0.0706386681790225	state_03	G-A
1	LV3003061488	green	ST13	35.041	state_03	SRPI	-0.35462890084231	state_03	G-A
1	LV3003061488	turquoise	ST13	35.041	state_03	SRPI	0.0587366693912016	state_03	G-A
1	LV3003061488	yellow	ST13	35.041	state_03	SRPI	-0.191585496630975	state_03	G-A
1	LV3003061488	blue	ST13	35.041	state_03	SRPI	-0.90974929820236	state_03	G-A
1	LV3003061488	brown	ST13	35.041	state_03	SRPI	1.32658835810542	state_03	G-A
1	LV3003061504	turquoise	ST13	50.268	state_03	SRPI	0.0135493782739814	state_03	G-A
1	LV3003061504	grey	ST13	50.268	state_03	SRPI	0.236326365555919	state_03	G-A
1	LV3003061504	yellow	ST13	50.268	state_03	SRPI	-0.241455902288912	state_03	G-A
1	LV3003061504	green	ST13	50.268	state_03	SRPI	-0.0084198415409884	state_03	G-A
1	LV3003061505	grey	ST13	32.81	state_03	SRPI	0.270508371666842	state_03	G-A
1	LV3003061505	turquoise	ST13	32.81	state_03	SRPI	0.0212930956488959	state_03	G-A
1	LV3003061505	yellow	ST13	32.81	state_03	SRPI	-0.105847852137537	state_03	G-A
1	LV3003061505	blue	ST13	32.81	state_03	SRPI	-0.932518115767725	state_03	G-A
1	LV3003061505	green	ST13	32.81	state_03	SRPI	-0.47711753684257	state_03	G-A
1	LV3003061505	brown	ST13	32.81	state_03	SRPI	1.22368203743209	state_03	G-A
1	LV3003061516	turquoise	ST13	48.537	state_03	SRPI	1.7793021313854	state_03	G-A
1	LV3003061516	grey	ST13	48.537	state_03	SRPI	2.04300709990273	state_03	G-A
1	LV3003061516	yellow	ST13	48.537	state_03	SRPI	1.45197173090894	state_03	G-A
1	LV3003061516	blue	ST13	48.537	state_03	SRPI	-6.54583616148149	state_03	G-A
1	LV3003061516	green	ST13	48.537	state_03	SRPI	1.27155519928442	state_03	G-A
1	LV3003061530	turquoise	ST13	47.046	state_03	SRPI	0.235049659458217	state_03	G-A
1	LV3003061530	grey	ST13	47.046	state_03	SRPI	0.0230850855038086	state_03	G-A
1	LV3003061530	yellow	ST13	47.046	state_03	SRPI	-0.269939432500981	state_03	G-A
1	LV3003061530	green	ST13	47.046	state_03	SRPI	-0.149043808005054	state_03	G-A
1	LV3003061530	blue	ST13	47.046	state_03	SRPI	0.160848495544008	state_03	G-A
1	LV3003061531	grey	ST13	28.445	state_03	SRPI	0.459670459425067	state_03	G-A
1	LV3003061531	green	ST13	28.445	state_03	SRPI	-0.769133789525845	state_03	G-A
1	LV3003061531	turquoise	ST13	28.445	state_03	SRPI	0.300092408348936	state_03	G-A
1	LV3003061531	yellow	ST13	28.445	state_03	SRPI	0.0588340418928601	state_03	G-A
1	LV3003061531	blue	ST13	28.445	state_03	SRPI	-0.6845794245544	state_03	G-A
1	LV3003061531	brown	ST13	28.445	state_03	SRPI	0.635116304413382	state_03	G-A
1	LV3003061544	grey	ST13	45.122	state_03	SRPI	0.162298819965525	state_03	G-A
1	LV3003061544	turquoise	ST13	45.122	state_03	SRPI	0.279435376382716	state_03	G-A
1	LV3003061544	yellow	ST13	45.122	state_03	SRPI	0.0512506792808041	state_03	G-A
1	LV3003061544	green	ST13	45.122	state_03	SRPI	-0.118040908410298	state_03	G-A
1	LV3003061544	blue	ST13	45.122	state_03	SRPI	-0.633621205767921	state_03	G-A
1	LV3003061544	brown	ST13	45.122	state_03	SRPI	0.258677238549173	state_03	G-A
1	LV3003061545	grey	ST13	23.172	state_03	SRPI	0.472514759558596	state_03	G-A
1	LV3003061545	turquoise	ST13	23.172	state_03	SRPI	0.267315281370436	state_03	G-A
1	LV3003061545	yellow	ST13	23.172	state_03	SRPI	0.0193326157215061	state_03	G-A
1	LV3003061545	blue	ST13	23.172	state_03	SRPI	-0.272526804971208	state_03	G-A
1	LV3003061545	brown	ST13	23.172	state_03	SRPI	0.331797043679288	state_03	G-A
1	LV3003061545	green	ST13	23.172	state_03	SRPI	-0.818432895358618	state_03	G-A
1	LV3003061558	grey	ST13	42.626	state_03	SRPI	-0.0829018620046341	state_03	G-A
1	LV3003061558	green	ST13	42.626	state_03	SRPI	-0.870399078618331	state_03	G-A
1	LV3003061558	turquoise	ST13	42.626	state_03	SRPI	0.110127659646616	state_03	G-A
1	LV3003061558	yellow	ST13	42.626	state_03	SRPI	-0.00496277502889053	state_03	G-A
1	LV3003061558	blue	ST13	42.626	state_03	SRPI	-0.00841002016254233	state_03	G-A
1	LV3003061558	brown	ST13	42.626	state_03	SRPI	0.856546076167781	state_03	G-A
1	LV3003061559	green	ST13	21.069	state_03	SRPI	-0.133762785866168	state_03	G-A
1	LV3003061559	grey	ST13	21.069	state_03	SRPI	0.571980998055903	state_03	G-A
1	LV3003061559	turquoise	ST13	21.069	state_03	SRPI	0.134119826233359	state_03	G-A
1	LV3003061559	yellow	ST13	21.069	state_03	SRPI	-0.180673143402013	state_03	G-A
1	LV3003061559	blue	ST13	21.069	state_03	SRPI	-0.667888780494668	state_03	G-A
1	LV3003061559	brown	ST13	21.069	state_03	SRPI	0.276223885473587	state_03	G-A
1	LV3003061571	turquoise	ST13	40.457	state_03	SRPI	0.340655866211883	state_03	G-A
1	LV3003061571	grey	ST13	40.457	state_03	SRPI	0.340470815399417	state_03	G-A
1	LV3003061571	yellow	ST13	40.457	state_03	SRPI	0.222774836497492	state_03	G-A
1	LV3003061571	blue	ST13	40.457	state_03	SRPI	-1.05882619545935	state_03	G-A
1	LV3003061571	brown	ST13	40.457	state_03	SRPI	0.766391103306887	state_03	G-A
1	LV3003061571	green	ST13	40.457	state_03	SRPI	-0.611466425956331	state_03	G-A
1	LV7008886221	grey	GeoB25202_R1	50.3555	state_03	SRPI	3.74538629673564	state_03	G-A
1	LV7008886221	turquoise	GeoB25202_R1	50.3555	state_03	SRPI	3.44546759855898	state_03	G-A
1	LV7008886221	yellow	GeoB25202_R1	50.3555	state_03	SRPI	3.05859932170841	state_03	G-A
1	LV7008886221	green	GeoB25202_R1	50.3555	state_03	SRPI	-5.12472660850151	state_03	G-A
1	LV7008886221	brown	GeoB25202_R1	50.3555	state_03	SRPI	-5.12472660850151	state_03	G-A
1	LV7008886222	turquoise	GeoB25202_R1	136.2775	state_03	SRPI	1.4851936114924	state_03	G-A
1	LV7008886222	yellow	GeoB25202_R1	136.2775	state_03	SRPI	1.57000958323474	state_03	G-A
1	LV7008886222	grey	GeoB25202_R1	136.2775	state_03	SRPI	2.22360497326892	state_03	G-A
1	LV7008886222	green	GeoB25202_R1	136.2775	state_03	SRPI	1.3266192031855	state_03	G-A
1	LV7008886222	blue	GeoB25202_R1	136.2775	state_03	SRPI	-6.60542737118155	state_03	G-A
1	LV7008886226	grey	GeoB25202_R2	36.607	state_03	SRPI	0.966469388745461	state_03	G-A
1	LV7008886226	turquoise	GeoB25202_R2	36.607	state_03	SRPI	0.280467892307646	state_03	G-A
1	LV7008886226	yellow	GeoB25202_R2	36.607	state_03	SRPI	-0.670432786923893	state_03	G-A
1	LV7008886226	brown	GeoB25202_R2	36.607	state_03	SRPI	0.665558101232808	state_03	G-A
1	LV7008886226	blue	GeoB25202_R2	36.607	state_03	SRPI	-0.919820532080723	state_03	G-A
1	LV7008886226	green	GeoB25202_R2	36.607	state_03	SRPI	-0.3222420632813	state_03	G-A
1	LV7008886692	turquoise	GeoB25202_R1	53.875	state_03	SRPI	2.18803589429777	state_03	G-A
1	LV7008886692	grey	GeoB25202_R1	53.875	state_03	SRPI	2.22537394325588	state_03	G-A
1	LV7008886692	yellow	GeoB25202_R1	53.875	state_03	SRPI	1.78278919948293	state_03	G-A
1	LV7008886692	green	GeoB25202_R1	53.875	state_03	SRPI	-6.19619903703658	state_03	G-A
1	LV7008886703	grey	GeoB25202_R1	27.6855	state_03	SRPI	0.515570657111093	state_03	G-A
1	LV7008886703	turquoise	GeoB25202_R1	27.6855	state_03	SRPI	0.0330705956266578	state_03	G-A
1	LV7008886703	yellow	GeoB25202_R1	27.6855	state_03	SRPI	-0.149611031689743	state_03	G-A
1	LV7008886703	blue	GeoB25202_R1	27.6855	state_03	SRPI	-0.223327817932817	state_03	G-A
1	LV7008886703	brown	GeoB25202_R1	27.6855	state_03	SRPI	0.523862018490766	state_03	G-A
1	LV7008886703	green	GeoB25202_R1	27.6855	state_03	SRPI	-0.699564421605957	state_03	G-A
1	LV7008886704	grey	GeoB25202_R2	53.875	state_03	SRPI	0.0383594121791521	state_03	G-A
1	LV7008886704	turquoise	GeoB25202_R2	53.875	state_03	SRPI	0.0758170595911519	state_03	G-A
1	LV7008886704	yellow	GeoB25202_R2	53.875	state_03	SRPI	-0.327057554060201	state_03	G-A
1	LV7008886704	blue	GeoB25202_R2	53.875	state_03	SRPI	0.643350818771408	state_03	G-A
1	LV7008886704	green	GeoB25202_R2	53.875	state_03	SRPI	-0.430469736481511	state_03	G-A
1	LV7008886709	turquoise	GeoB25202_R1	147.206	state_03	SRPI	0.892485321430331	state_03	G-A
1	LV7008886709	yellow	GeoB25202_R1	147.206	state_03	SRPI	0.849027180402069	state_03	G-A
1	LV7008886709	grey	GeoB25202_R1	147.206	state_03	SRPI	1.58223028081134	state_03	G-A
1	LV7008886709	blue	GeoB25202_R1	147.206	state_03	SRPI	1.90702841172062	state_03	G-A
1	LV7008886709	green	GeoB25202_R1	147.206	state_03	SRPI	-7.22794548373066	state_03	G-A
1	LV7008886709	brown	GeoB25202_R1	147.206	state_03	SRPI	1.9971742893663	state_03	G-A
1	LV7008886715	grey	GeoB25202_R2	27.6855	state_03	SRPI	0.171530511892651	state_03	G-A
1	LV7008886715	turquoise	GeoB25202_R2	27.6855	state_03	SRPI	0.212806776436882	state_03	G-A
1	LV7008886715	yellow	GeoB25202_R2	27.6855	state_03	SRPI	-0.112199950405959	state_03	G-A
1	LV7008886715	blue	GeoB25202_R2	27.6855	state_03	SRPI	-0.0440826261068121	state_03	G-A
1	LV7008886715	brown	GeoB25202_R2	27.6855	state_03	SRPI	0.93650794465916	state_03	G-A
1	LV7008886715	green	GeoB25202_R2	27.6855	state_03	SRPI	-1.16456265647592	state_03	G-A
1	LV7008886721	turquoise	GeoB25202_R2	147.206	state_03	SRPI	1.15352485921688	state_03	G-A
1	LV7008886721	yellow	GeoB25202_R2	147.206	state_03	SRPI	1.06025319307733	state_03	G-A
1	LV7008886721	grey	GeoB25202_R2	147.206	state_03	SRPI	1.89980343455236	state_03	G-A
1	LV7008886721	green	GeoB25202_R2	147.206	state_03	SRPI	1.01034915868072	state_03	G-A
1	LV7008886721	blue	GeoB25202_R2	147.206	state_03	SRPI	-6.95608274818531	state_03	G-A
1	LV7008886721	brown	GeoB25202_R2	147.206	state_03	SRPI	1.83215210265802	state_03	G-A
1	LV7008886728	grey	GeoB25202_R2	50.3555	state_03	SRPI	3.25420575965872	state_03	G-A
1	LV7008886728	turquoise	GeoB25202_R2	50.3555	state_03	SRPI	3.32673578299509	state_03	G-A
1	LV7008886728	yellow	GeoB25202_R2	50.3555	state_03	SRPI	3.39343641945311	state_03	G-A
1	LV7008886728	green	GeoB25202_R2	50.3555	state_03	SRPI	-4.98718898105345	state_03	G-A
1	LV7008886728	blue	GeoB25202_R2	50.3555	state_03	SRPI	-4.98718898105345	state_03	G-A
1	LV7008886740	grey	GeoB25202_R1	43.105	state_03	SRPI	1.6118193551177	state_03	G-A
1	LV7008886740	turquoise	GeoB25202_R1	43.105	state_03	SRPI	1.46788516891173	state_03	G-A
1	LV7008886740	yellow	GeoB25202_R1	43.105	state_03	SRPI	1.23985029466074	state_03	G-A
1	LV7008886740	blue	GeoB25202_R1	43.105	state_03	SRPI	-7.02335362963581	state_03	G-A
1	LV7008886740	green	GeoB25202_R1	43.105	state_03	SRPI	2.70379881094564	state_03	G-A
1	LV7008886752	grey	GeoB25202_R2	43.105	state_03	SRPI	0.0663596227426695	state_03	G-A
1	LV7008886752	turquoise	GeoB25202_R2	43.105	state_03	SRPI	-0.418693269263303	state_03	G-A
1	LV7008886752	yellow	GeoB25202_R2	43.105	state_03	SRPI	-0.549435461663186	state_03	G-A
1	LV7008886752	blue	GeoB25202_R2	43.105	state_03	SRPI	0.148032824152805	state_03	G-A
1	LV7008886752	green	GeoB25202_R2	43.105	state_03	SRPI	0.753736284031015	state_03	G-A
1	LV7008886765	turquoise	GeoB25202_R1	58.181	state_03	SRPI	-0.265741293661189	state_03	G-A
1	LV7008886765	grey	GeoB25202_R1	58.181	state_03	SRPI	0.185382022966509	state_03	G-A
1	LV7008886765	yellow	GeoB25202_R1	58.181	state_03	SRPI	-0.489699704206457	state_03	G-A
1	LV7008886765	brown	GeoB25202_R1	58.181	state_03	SRPI	1.23285075992967	state_03	G-A
1	LV7008886765	green	GeoB25202_R1	58.181	state_03	SRPI	-0.662791785028538	state_03	G-A
1	LV7008886776	grey	GeoB25202_R1	36.607	state_03	SRPI	-0.0777408141501352	state_03	G-A
1	LV7008886776	green	GeoB25202_R1	36.607	state_03	SRPI	-0.92541652665269	state_03	G-A
1	LV7008886776	turquoise	GeoB25202_R1	36.607	state_03	SRPI	-0.144225808135249	state_03	G-A
1	LV7008886776	yellow	GeoB25202_R1	36.607	state_03	SRPI	-0.020086684532545	state_03	G-A
1	LV7008886776	blue	GeoB25202_R1	36.607	state_03	SRPI	-0.656061284000123	state_03	G-A
1	LV7008886776	brown	GeoB25202_R1	36.607	state_03	SRPI	1.82353111747074	state_03	G-A
2	LV3003047028	turquoise	ST8	4.753	state_05	OAP	-179.999589749426	state_05	IG-D
2	LV3003047028	grey	ST8	4.753	state_05	OAP	-169.637865292418	state_05	IG-D
2	LV3003047028	green	ST8	4.753	state_05	OAP	349.637455041844	state_05	IG-D
2	LV3003047059	turquoise	ST8	107.683	state_05	OAP	274.979002551861	state_05	IG-D
2	LV3003047059	grey	ST8	107.683	state_05	OAP	-160.321899705281	state_05	IG-D
2	LV3003047059	yellow	ST8	107.683	state_05	OAP	333.54894857671	state_05	IG-D
2	LV3003047059	green	ST8	107.683	state_05	OAP	-448.20605142329	state_05	IG-D
2	LV3003047060	turquoise	ST8	106.686	state_05	OAP	85.7710012045179	state_05	IG-D
2	LV3003047060	grey	ST8	106.686	state_05	OAP	-80.3946897798705	state_05	IG-D
2	LV3003047060	yellow	ST8	106.686	state_05	OAP	240.937329319844	state_05	IG-D
2	LV3003047060	blue	ST8	106.686	state_05	OAP	-641.656820372246	state_05	IG-D
2	LV3003047060	green	ST8	106.686	state_05	OAP	395.343179627755	state_05	IG-D
2	LV3003047061	turquoise	ST8	105.689	state_05	OAP	83.7373575353394	state_05	IG-D
2	LV3003047061	grey	ST8	105.689	state_05	OAP	-337.562164009087	state_05	IG-D
2	LV3003047061	yellow	ST8	105.689	state_05	OAP	253.824806473747	state_05	IG-D
2	LV3003047062	grey	ST8	104.692	state_05	OAP	-266.36686564253	state_05	IG-D
2	LV3003047062	turquoise	ST8	104.692	state_05	OAP	88.2994544930356	state_05	IG-D
2	LV3003047062	yellow	ST8	104.692	state_05	OAP	307.739611251813	state_05	IG-D
2	LV3003047062	brown	ST8	104.692	state_05	OAP	-129.672200102319	state_05	IG-D
2	LV3003047063	grey	ST8	103.695	state_05	OAP	-308.251424966787	state_05	IG-D
2	LV3003047063	turquoise	ST8	103.695	state_05	OAP	77.3334847651801	state_05	IG-D
2	LV3003047063	yellow	ST8	103.695	state_05	OAP	230.917940201607	state_05	IG-D
2	LV3003047064	turquoise	ST8	96.283	state_05	OAP	49.2265755127764	state_05	IG-D
2	LV3003047064	grey	ST8	96.283	state_05	OAP	-49.2265755127764	state_05	IG-D
2	LV3003047065	turquoise	ST8	53.61018	state_05	OAP	-119.257016795386	state_05	IG-D
2	LV3003047065	grey	ST8	53.61018	state_05	OAP	-135.439546910402	state_05	IG-D
2	LV3003047065	yellow	ST8	53.61018	state_05	OAP	97.1385431384567	state_05	IG-D
2	LV3003047065	brown	ST8	53.61018	state_05	OAP	-170.498436126553	state_05	IG-D
2	LV3003047065	blue	ST8	53.61018	state_05	OAP	328.056456693885	state_05	IG-D
2	LV3003047073	grey	ST8	101.685	state_05	OAP	-54.3749113843597	state_05	IG-D
2	LV3003047073	turquoise	ST8	101.685	state_05	OAP	54.3749113843597	state_05	IG-D
2	LV3003047074	grey	ST8	100.672	state_05	OAP	-31.293408184101	state_05	IG-D
2	LV3003047074	brown	ST8	100.672	state_05	OAP	-147.326313529095	state_05	IG-D
2	LV3003047074	turquoise	ST8	100.672	state_05	OAP	178.619721713196	state_05	IG-D
2	LV3003047077	turquoise	ST8	99.7145	state_05	OAP	134.522860545658	state_05	IG-D
2	LV3003047077	grey	ST8	99.7145	state_05	OAP	-162.070865969205	state_05	IG-D
2	LV3003047077	yellow	ST8	99.7145	state_05	OAP	169.254569013552	state_05	IG-D
2	LV3003047077	brown	ST8	99.7145	state_05	OAP	-602.853281795003	state_05	IG-D
2	LV3003047077	blue	ST8	99.7145	state_05	OAP	461.146718204997	state_05	IG-D
2	LV3003047078	grey	ST8	98.757	state_05	OAP	-298.302089603587	state_05	IG-D
2	LV3003047078	turquoise	ST8	98.757	state_05	OAP	154.849152392799	state_05	IG-D
2	LV3003047078	yellow	ST8	98.757	state_05	OAP	143.452937210788	state_05	IG-D
2	LV3003047087	turquoise	ST8	94.9015	state_05	OAP	-82.6997713069783	state_05	IG-D
2	LV3003047087	grey	ST8	94.9015	state_05	OAP	-275.122938373707	state_05	IG-D
2	LV3003047087	yellow	ST8	94.9015	state_05	OAP	69.4860568065913	state_05	IG-D
2	LV3003047087	green	ST8	94.9015	state_05	OAP	288.336652874094	state_05	IG-D
2	LV3003047088	grey	ST8	93.52	state_05	OAP	-224.328415703821	state_05	IG-D
2	LV3003047088	turquoise	ST8	93.52	state_05	OAP	-30.0839559734346	state_05	IG-D
2	LV3003047088	yellow	ST8	93.52	state_05	OAP	-105.267715970158	state_05	IG-D
2	LV3003047088	green	ST8	93.52	state_05	OAP	359.680087647413	state_05	IG-D
2	LV3003047089	turquoise	ST8	92.1385	state_05	OAP	-247.515056861803	state_05	IG-D
2	LV3003047089	grey	ST8	92.1385	state_05	OAP	-299.897618104953	state_05	IG-D
2	LV3003047089	green	ST8	92.1385	state_05	OAP	234.436231667422	state_05	IG-D
2	LV3003047089	blue	ST8	92.1385	state_05	OAP	221.739033963482	state_05	IG-D
2	LV3003047089	yellow	ST8	92.1385	state_05	OAP	91.2374093358521	state_05	IG-D
2	LV3003047090	grey	ST8	90.757	state_05	OAP	-134.861778703116	state_05	IG-D
2	LV3003047090	turquoise	ST8	90.757	state_05	OAP	-63.29182103893	state_05	IG-D
2	LV3003047090	yellow	ST8	90.757	state_05	OAP	198.153599742046	state_05	IG-D
2	LV3003047101	turquoise	ST8	85.23	state_05	OAP	-141.760099021162	state_05	IG-D
2	LV3003047101	grey	ST8	85.23	state_05	OAP	-221.782730845377	state_05	IG-D
2	LV3003047101	yellow	ST8	85.23	state_05	OAP	152.485620885395	state_05	IG-D
2	LV3003047101	green	ST8	85.23	state_05	OAP	326.028383855142	state_05	IG-D
2	LV3003047101	blue	ST8	85.23	state_05	OAP	-114.971174873998	state_05	IG-D
2	LV3003047104	turquoise	ST8	83.84125	state_05	OAP	-114.425993693609	state_05	IG-D
2	LV3003047104	grey	ST8	83.84125	state_05	OAP	-195.321037885716	state_05	IG-D
2	LV3003047104	yellow	ST8	83.84125	state_05	OAP	309.747031579325	state_05	IG-D
2	LV3003047105	turquoise	ST8	82.4525	state_05	OAP	-55.7018597051915	state_05	IG-D
2	LV3003047105	grey	ST8	82.4525	state_05	OAP	-170.408395238338	state_05	IG-D
2	LV3003047105	yellow	ST8	82.4525	state_05	OAP	226.110254943529	state_05	IG-D
2	LV3003047106	grey	ST8	81.06375	state_05	OAP	-287.644962490983	state_05	IG-D
2	LV3003047106	turquoise	ST8	81.06375	state_05	OAP	-126.616581740887	state_05	IG-D
2	LV3003047106	green	ST8	81.06375	state_05	OAP	245.372602791227	state_05	IG-D
2	LV3003047106	yellow	ST8	81.06375	state_05	OAP	168.888941440643	state_05	IG-D
2	LV3003047122	turquoise	ST8	76.951	state_05	OAP	-43.5212363897184	state_05	IG-D
2	LV3003047122	grey	ST8	76.951	state_05	OAP	-153.500993619817	state_05	IG-D
2	LV3003047122	yellow	ST8	76.951	state_05	OAP	197.022230009535	state_05	IG-D
2	LV3003047123	turquoise	ST8	75.589	state_05	OAP	-81.4413459482616	state_05	IG-D
2	LV3003047123	grey	ST8	75.589	state_05	OAP	33.4949690523729	state_05	IG-D
2	LV3003047123	yellow	ST8	75.589	state_05	OAP	47.9463768958886	state_05	IG-D
2	LV3003047124	grey	ST8	74.227	state_05	OAP	151.320332426462	state_05	IG-D
2	LV3003047124	turquoise	ST8	74.227	state_05	OAP	68.9599141272992	state_05	IG-D
2	LV3003047124	yellow	ST8	74.227	state_05	OAP	215.450810789054	state_05	IG-D
2	LV3003047124	brown	ST8	74.227	state_05	OAP	-435.731057342814	state_05	IG-D
2	LV3003047125	turquoise	ST8	72.872	state_05	OAP	-169.167931171641	state_05	IG-D
2	LV3003047125	grey	ST8	72.872	state_05	OAP	-210.261127964936	state_05	IG-D
2	LV3003047125	yellow	ST8	72.872	state_05	OAP	106.640580312144	state_05	IG-D
2	LV3003047125	green	ST8	72.872	state_05	OAP	272.788478824433	state_05	IG-D
2	LV3003047127	turquoise	ST8	47.6248	state_05	OAP	-58.1729210429144	state_05	IG-D
2	LV3003047127	grey	ST8	47.6248	state_05	OAP	-13.1293904574072	state_05	IG-D
2	LV3003047127	yellow	ST8	47.6248	state_05	OAP	163.356723013947	state_05	IG-D
2	LV3003047127	brown	ST8	47.6248	state_05	OAP	-92.0544115136256	state_05	IG-D
2	LV3003047140	turquoise	ST8	46.0948	state_05	OAP	-15.8086880279098	state_05	IG-D
2	LV3003047140	grey	ST8	46.0948	state_05	OAP	-93.7756006490809	state_05	IG-D
2	LV3003047140	yellow	ST8	46.0948	state_05	OAP	109.584288676991	state_05	IG-D
2	LV3003047141	turquoise	ST8	39.15347	state_05	OAP	101.714033552185	state_05	IG-D
2	LV3003047141	grey	ST8	39.15347	state_05	OAP	4.23927037078306	state_05	IG-D
2	LV3003047141	yellow	ST8	39.15347	state_05	OAP	-105.953303922968	state_05	IG-D
2	LV3003047160	turquoise	ST8	55.8911266666667	state_05	OAP	-59.2241831988883	state_05	IG-D
2	LV3003047160	grey	ST8	55.8911266666667	state_05	OAP	-365.639908686778	state_05	IG-D
2	LV3003047160	yellow	ST8	55.8911266666667	state_05	OAP	424.864091885666	state_05	IG-D
2	LV3003047161	turquoise	ST8	54.98346	state_05	OAP	-34.2656739285317	state_05	IG-D
2	LV3003047161	grey	ST8	54.98346	state_05	OAP	-231.02315222038	state_05	IG-D
2	LV3003047161	yellow	ST8	54.98346	state_05	OAP	265.288826148912	state_05	IG-D
2	LV3003047162	grey	ST8	102.698	state_05	OAP	-254.749405164557	state_05	IG-D
2	LV3003047162	turquoise	ST8	102.698	state_05	OAP	108.722356758327	state_05	IG-D
2	LV3003047162	yellow	ST8	102.698	state_05	OAP	598.877160566752	state_05	IG-D
2	LV3003047162	brown	ST8	102.698	state_05	OAP	-452.850112160521	state_05	IG-D
2	LV3003061473	grey	ST13	117.088	state_05	OAP	-398.542884829386	state_05	IG-D
2	LV3003061473	turquoise	ST13	117.088	state_05	OAP	-32.8072906571439	state_05	IG-D
2	LV3003061473	yellow	ST13	117.088	state_05	OAP	204.407563669596	state_05	IG-D
2	LV3003061473	green	ST13	117.088	state_05	OAP	226.942611816934	state_05	IG-D
2	LV3003061486	turquoise	ST13	52.105	state_05	OAP	-4.15883355424688	state_05	IG-D
2	LV3003061486	grey	ST13	52.105	state_05	OAP	-83.324085936638	state_05	IG-D
2	LV3003061486	yellow	ST13	52.105	state_05	OAP	87.482919490885	state_05	IG-D
2	LV3003061489	turquoise	ST13	112.6068	state_05	OAP	-248.752417756335	state_05	IG-D
2	LV3003061489	grey	ST13	112.6068	state_05	OAP	-378.161034787286	state_05	IG-D
2	LV3003061489	green	ST13	112.6068	state_05	OAP	167.922021639395	state_05	IG-D
2	LV3003061489	yellow	ST13	112.6068	state_05	OAP	131.719716107421	state_05	IG-D
2	LV3003061489	blue	ST13	112.6068	state_05	OAP	327.271714796805	state_05	IG-D
2	LV3003061500	grey	ST13	148.086	state_05	OAP	-214.505758481141	state_05	IG-D
2	LV3003061500	turquoise	ST13	148.086	state_05	OAP	-51.6930988041095	state_05	IG-D
2	LV3003061500	yellow	ST13	148.086	state_05	OAP	112.378140123571	state_05	IG-D
2	LV3003061500	brown	ST13	148.086	state_05	OAP	-486.39194454129	state_05	IG-D
2	LV3003061500	blue	ST13	148.086	state_05	OAP	380.023626923993	state_05	IG-D
2	LV3003061500	green	ST13	148.086	state_05	OAP	260.189034778978	state_05	IG-D
2	LV3003061513	yellow	ST13	138.493	state_05	OAP	-5.40125930947517	state_05	IG-D
2	LV3003061513	turquoise	ST13	138.493	state_05	OAP	-28.36422580323	state_05	IG-D
2	LV3003061513	green	ST13	138.493	state_05	OAP	280.419639177059	state_05	IG-D
2	LV3003061513	grey	ST13	138.493	state_05	OAP	-30.2868914961568	state_05	IG-D
2	LV3003061513	blue	ST13	138.493	state_05	OAP	200.806030924546	state_05	IG-D
2	LV3003061513	brown	ST13	138.493	state_05	OAP	-417.173293492743	state_05	IG-D
2	LV3003061527	turquoise	ST13	133.7754	state_05	OAP	-11.9449216226226	state_05	IG-D
2	LV3003061527	grey	ST13	133.7754	state_05	OAP	-107.220814949361	state_05	IG-D
2	LV3003061527	yellow	ST13	133.7754	state_05	OAP	119.165736571983	state_05	IG-D
2	LV3003061539	yellow	ST13	130.0556	state_05	OAP	49.5886262822502	state_05	IG-D
2	LV3003061539	turquoise	ST13	130.0556	state_05	OAP	-89.8005177261947	state_05	IG-D
2	LV3003061539	grey	ST13	130.0556	state_05	OAP	-275.431786073918	state_05	IG-D
2	LV3003061539	brown	ST13	130.0556	state_05	OAP	-184.294318954901	state_05	IG-D
2	LV3003061539	green	ST13	130.0556	state_05	OAP	224.232315427665	state_05	IG-D
2	LV3003061539	blue	ST13	130.0556	state_05	OAP	275.705681045099	state_05	IG-D
2	LV3003061555	turquoise	ST13	126.443	state_05	OAP	82.5108929816561	state_05	IG-D
2	LV3003061555	grey	ST13	126.443	state_05	OAP	-270.004083428824	state_05	IG-D
2	LV3003061555	yellow	ST13	126.443	state_05	OAP	187.493190447168	state_05	IG-D
2	LV3003061568	grey	ST13	121.6354	state_05	OAP	-57.131570122207	state_05	IG-D
2	LV3003061568	turquoise	ST13	121.6354	state_05	OAP	177.614375614396	state_05	IG-D
2	LV3003061568	yellow	ST13	121.6354	state_05	OAP	291.427304736899	state_05	IG-D
2	LV3003061568	blue	ST13	121.6354	state_05	OAP	-411.910110229088	state_05	IG-D
2	LV7008886228	grey	GeoB25202_R2	120.0235	state_05	OAP	33.2367231541114	state_05	IG-D
2	LV7008886228	turquoise	GeoB25202_R2	120.0235	state_05	OAP	178.343728640943	state_05	IG-D
2	LV7008886228	yellow	GeoB25202_R2	120.0235	state_05	OAP	287.057426418686	state_05	IG-D
2	LV7008886228	brown	GeoB25202_R2	120.0235	state_05	OAP	-498.637878213741	state_05	IG-D
2	LV7008886705	turquoise	GeoB25202_R1	59.738	state_05	OAP	74.824033451707	state_05	IG-D
2	LV7008886705	grey	GeoB25202_R1	59.738	state_05	OAP	-98.6401123928433	state_05	IG-D
2	LV7008886705	yellow	GeoB25202_R1	59.738	state_05	OAP	249.146578285038	state_05	IG-D
2	LV7008886705	brown	GeoB25202_R1	59.738	state_05	OAP	-635.022392529094	state_05	IG-D
2	LV7008886705	green	GeoB25202_R1	59.738	state_05	OAP	409.691893185192	state_05	IG-D
2	LV7008886717	turquoise	GeoB25202_R2	59.738	state_05	OAP	-69.9184856933568	state_05	IG-D
2	LV7008886717	grey	GeoB25202_R2	59.738	state_05	OAP	-183.321058306945	state_05	IG-D
2	LV7008886717	green	GeoB25202_R2	59.738	state_05	OAP	212.436561335863	state_05	IG-D
2	LV7008886717	yellow	GeoB25202_R2	59.738	state_05	OAP	80.6721029005153	state_05	IG-D
2	LV7008886717	blue	GeoB25202_R2	59.738	state_05	OAP	282.190439881962	state_05	IG-D
2	LV7008886717	brown	GeoB25202_R2	59.738	state_05	OAP	-322.059560118038	state_05	IG-D
2	LV7008886719	grey	GeoB25202_R1	87.2825	state_05	OAP	-259.553640917142	state_05	IG-D
2	LV7008886719	turquoise	GeoB25202_R1	87.2825	state_05	OAP	-241.782891728006	state_05	IG-D
2	LV7008886719	green	GeoB25202_R1	87.2825	state_05	OAP	145.814288676012	state_05	IG-D
2	LV7008886719	blue	GeoB25202_R1	87.2825	state_05	OAP	213.88779496532	state_05	IG-D
2	LV7008886719	yellow	GeoB25202_R1	87.2825	state_05	OAP	-72.2533459615045	state_05	IG-D
2	LV7008886719	brown	GeoB25202_R1	87.2825	state_05	OAP	213.88779496532	state_05	IG-D
2	LV7008886731	grey	GeoB25202_R2	87.2825	state_05	OAP	-151.240810394687	state_05	IG-D
2	LV7008886731	turquoise	GeoB25202_R2	87.2825	state_05	OAP	-210.048445043341	state_05	IG-D
2	LV7008886731	yellow	GeoB25202_R2	87.2825	state_05	OAP	140.319840538201	state_05	IG-D
2	LV7008886731	brown	GeoB25202_R2	87.2825	state_05	OAP	7.89841890365773	state_05	IG-D
2	LV7008886731	green	GeoB25202_R2	87.2825	state_05	OAP	213.070995996169	state_05	IG-D
2	LV7008886741	turquoise	GeoB25202_R1	58.997	state_05	OAP	-57.9530608942355	state_05	IG-D
2	LV7008886741	grey	GeoB25202_R1	58.997	state_05	OAP	-163.560766623126	state_05	IG-D
2	LV7008886741	yellow	GeoB25202_R1	58.997	state_05	OAP	232.551616035389	state_05	IG-D
2	LV7008886741	green	GeoB25202_R1	58.997	state_05	OAP	-11.0377885180266	state_05	IG-D
2	LV7008886744	grey	GeoB25202_R1	105.5785	state_05	OAP	-35.5910587208629	state_05	IG-D
2	LV7008886744	turquoise	GeoB25202_R1	105.5785	state_05	OAP	-60.0425463520558	state_05	IG-D
2	LV7008886744	yellow	GeoB25202_R1	105.5785	state_05	OAP	276.848142469455	state_05	IG-D
2	LV7008886744	green	GeoB25202_R1	105.5785	state_05	OAP	413.039313580213	state_05	IG-D
2	LV7008886744	brown	GeoB25202_R1	105.5785	state_05	OAP	-594.253850976749	state_05	IG-D
2	LV7008886745	grey	GeoB25202_R2	136.2775	state_05	OAP	-291.74654213398	state_05	IG-D
2	LV7008886745	turquoise	GeoB25202_R2	136.2775	state_05	OAP	-73.3695696124357	state_05	IG-D
2	LV7008886745	yellow	GeoB25202_R2	136.2775	state_05	OAP	112.399304464799	state_05	IG-D
2	LV7008886745	green	GeoB25202_R2	136.2775	state_05	OAP	252.716807281617	state_05	IG-D
2	LV7008886753	turquoise	GeoB25202_R2	58.997	state_05	OAP	-22.99488133288	state_05	IG-D
2	LV7008886753	yellow	GeoB25202_R2	58.997	state_05	OAP	6.11236925712103	state_05	IG-D
2	LV7008886753	grey	GeoB25202_R2	58.997	state_05	OAP	-136.253529069604	state_05	IG-D
2	LV7008886753	blue	GeoB25202_R2	58.997	state_05	OAP	-323.809057257329	state_05	IG-D
2	LV7008886753	green	GeoB25202_R2	58.997	state_05	OAP	171.147012802879	state_05	IG-D
2	LV7008886753	brown	GeoB25202_R2	58.997	state_05	OAP	305.798085599814	state_05	IG-D
2	LV7008886757	grey	GeoB25202_R1	123.1195	state_05	OAP	-125.47813652819	state_05	IG-D
2	LV7008886757	turquoise	GeoB25202_R1	123.1195	state_05	OAP	8.69183325399558	state_05	IG-D
2	LV7008886757	yellow	GeoB25202_R1	123.1195	state_05	OAP	116.786303274194	state_05	IG-D
2	LV7008886769	grey	GeoB25202_R2	123.1195	state_05	OAP	-50.7084315051521	state_05	IG-D
2	LV7008886769	turquoise	GeoB25202_R2	123.1195	state_05	OAP	162.75493164448	state_05	IG-D
2	LV7008886769	yellow	GeoB25202_R2	123.1195	state_05	OAP	206.274379016294	state_05	IG-D
2	LV7008886769	brown	GeoB25202_R2	123.1195	state_05	OAP	-691.160439577811	state_05	IG-D
2	LV7008886769	blue	GeoB25202_R2	123.1195	state_05	OAP	372.839560422189	state_05	IG-D
2	LV7008886781	grey	GeoB25202_R1	120.0235	state_05	OAP	-139.630971743562	state_05	IG-D
2	LV7008886781	turquoise	GeoB25202_R1	120.0235	state_05	OAP	35.5159954164557	state_05	IG-D
2	LV7008886781	yellow	GeoB25202_R1	120.0235	state_05	OAP	104.114976327106	state_05	IG-D
2	LV3003047028	turquoise	ST8	4.753	state_05	MGI	0	state_05	IG-D
2	LV3003047028	grey	ST8	4.753	state_05	MGI	0	state_05	IG-D
2	LV3003047028	green	ST8	4.753	state_05	MGI	0	state_05	IG-D
2	LV3003047059	turquoise	ST8	107.683	state_05	MGI	0	state_05	IG-D
2	LV3003047059	grey	ST8	107.683	state_05	MGI	0	state_05	IG-D
2	LV3003047059	yellow	ST8	107.683	state_05	MGI	0	state_05	IG-D
2	LV3003047059	green	ST8	107.683	state_05	MGI	0	state_05	IG-D
2	LV3003047060	turquoise	ST8	106.686	state_05	MGI	0	state_05	IG-D
2	LV3003047060	grey	ST8	106.686	state_05	MGI	0	state_05	IG-D
2	LV3003047060	yellow	ST8	106.686	state_05	MGI	0	state_05	IG-D
2	LV3003047060	blue	ST8	106.686	state_05	MGI	0	state_05	IG-D
2	LV3003047060	green	ST8	106.686	state_05	MGI	0	state_05	IG-D
2	LV3003047061	turquoise	ST8	105.689	state_05	MGI	0	state_05	IG-D
2	LV3003047061	grey	ST8	105.689	state_05	MGI	0	state_05	IG-D
2	LV3003047061	yellow	ST8	105.689	state_05	MGI	0	state_05	IG-D
2	LV3003047062	grey	ST8	104.692	state_05	MGI	0	state_05	IG-D
2	LV3003047062	turquoise	ST8	104.692	state_05	MGI	0	state_05	IG-D
2	LV3003047062	yellow	ST8	104.692	state_05	MGI	0	state_05	IG-D
2	LV3003047062	brown	ST8	104.692	state_05	MGI	0	state_05	IG-D
2	LV3003047063	grey	ST8	103.695	state_05	MGI	0	state_05	IG-D
2	LV3003047063	turquoise	ST8	103.695	state_05	MGI	0	state_05	IG-D
2	LV3003047063	yellow	ST8	103.695	state_05	MGI	0	state_05	IG-D
2	LV3003047064	turquoise	ST8	96.283	state_05	MGI	0	state_05	IG-D
2	LV3003047064	grey	ST8	96.283	state_05	MGI	0	state_05	IG-D
2	LV3003047065	turquoise	ST8	53.61018	state_05	MGI	0	state_05	IG-D
2	LV3003047065	grey	ST8	53.61018	state_05	MGI	0	state_05	IG-D
2	LV3003047065	yellow	ST8	53.61018	state_05	MGI	0	state_05	IG-D
2	LV3003047065	brown	ST8	53.61018	state_05	MGI	0	state_05	IG-D
2	LV3003047065	blue	ST8	53.61018	state_05	MGI	0	state_05	IG-D
2	LV3003047073	grey	ST8	101.685	state_05	MGI	0	state_05	IG-D
2	LV3003047073	turquoise	ST8	101.685	state_05	MGI	0	state_05	IG-D
2	LV3003047074	grey	ST8	100.672	state_05	MGI	-4.80417129265711	state_05	IG-D
2	LV3003047074	brown	ST8	100.672	state_05	MGI	9.60834258531421	state_05	IG-D
2	LV3003047074	turquoise	ST8	100.672	state_05	MGI	-4.80417129265711	state_05	IG-D
2	LV3003047077	turquoise	ST8	99.7145	state_05	MGI	-3.00588673862868	state_05	IG-D
2	LV3003047077	grey	ST8	99.7145	state_05	MGI	-3.00588673862868	state_05	IG-D
2	LV3003047077	yellow	ST8	99.7145	state_05	MGI	-3.00588673862868	state_05	IG-D
2	LV3003047077	brown	ST8	99.7145	state_05	MGI	12.0235469545147	state_05	IG-D
2	LV3003047077	blue	ST8	99.7145	state_05	MGI	-3.00588673862868	state_05	IG-D
2	LV3003047078	grey	ST8	98.757	state_05	MGI	0	state_05	IG-D
2	LV3003047078	turquoise	ST8	98.757	state_05	MGI	0	state_05	IG-D
2	LV3003047078	yellow	ST8	98.757	state_05	MGI	0	state_05	IG-D
2	LV3003047087	turquoise	ST8	94.9015	state_05	MGI	0	state_05	IG-D
2	LV3003047087	grey	ST8	94.9015	state_05	MGI	0	state_05	IG-D
2	LV3003047087	yellow	ST8	94.9015	state_05	MGI	0	state_05	IG-D
2	LV3003047087	green	ST8	94.9015	state_05	MGI	0	state_05	IG-D
2	LV3003047088	grey	ST8	93.52	state_05	MGI	0	state_05	IG-D
2	LV3003047088	turquoise	ST8	93.52	state_05	MGI	0	state_05	IG-D
2	LV3003047088	yellow	ST8	93.52	state_05	MGI	0	state_05	IG-D
2	LV3003047088	green	ST8	93.52	state_05	MGI	0	state_05	IG-D
2	LV3003047089	turquoise	ST8	92.1385	state_05	MGI	0	state_05	IG-D
2	LV3003047089	grey	ST8	92.1385	state_05	MGI	0	state_05	IG-D
2	LV3003047089	green	ST8	92.1385	state_05	MGI	0	state_05	IG-D
2	LV3003047089	blue	ST8	92.1385	state_05	MGI	0	state_05	IG-D
2	LV3003047089	yellow	ST8	92.1385	state_05	MGI	0	state_05	IG-D
2	LV3003047090	grey	ST8	90.757	state_05	MGI	0	state_05	IG-D
2	LV3003047090	turquoise	ST8	90.757	state_05	MGI	0	state_05	IG-D
2	LV3003047090	yellow	ST8	90.757	state_05	MGI	0	state_05	IG-D
2	LV3003047090	green	ST8	90.757	state_05	MGI	0	state_05	IG-D
2	LV3003047101	turquoise	ST8	85.23	state_05	MGI	0	state_05	IG-D
2	LV3003047101	grey	ST8	85.23	state_05	MGI	0	state_05	IG-D
2	LV3003047101	yellow	ST8	85.23	state_05	MGI	0	state_05	IG-D
2	LV3003047101	green	ST8	85.23	state_05	MGI	0	state_05	IG-D
2	LV3003047101	blue	ST8	85.23	state_05	MGI	0	state_05	IG-D
2	LV3003047104	turquoise	ST8	83.84125	state_05	MGI	0	state_05	IG-D
2	LV3003047104	grey	ST8	83.84125	state_05	MGI	0	state_05	IG-D
2	LV3003047104	yellow	ST8	83.84125	state_05	MGI	0	state_05	IG-D
2	LV3003047104	green	ST8	83.84125	state_05	MGI	0	state_05	IG-D
2	LV3003047105	turquoise	ST8	82.4525	state_05	MGI	0	state_05	IG-D
2	LV3003047105	grey	ST8	82.4525	state_05	MGI	0	state_05	IG-D
2	LV3003047105	yellow	ST8	82.4525	state_05	MGI	0	state_05	IG-D
2	LV3003047105	green	ST8	82.4525	state_05	MGI	0	state_05	IG-D
2	LV3003047106	grey	ST8	81.06375	state_05	MGI	0	state_05	IG-D
2	LV3003047106	turquoise	ST8	81.06375	state_05	MGI	0	state_05	IG-D
2	LV3003047106	green	ST8	81.06375	state_05	MGI	0	state_05	IG-D
2	LV3003047106	yellow	ST8	81.06375	state_05	MGI	0	state_05	IG-D
2	LV3003047122	turquoise	ST8	76.951	state_05	MGI	0	state_05	IG-D
2	LV3003047122	grey	ST8	76.951	state_05	MGI	0	state_05	IG-D
2	LV3003047122	yellow	ST8	76.951	state_05	MGI	0	state_05	IG-D
2	LV3003047123	turquoise	ST8	75.589	state_05	MGI	0	state_05	IG-D
2	LV3003047123	grey	ST8	75.589	state_05	MGI	0	state_05	IG-D
2	LV3003047123	yellow	ST8	75.589	state_05	MGI	0	state_05	IG-D
2	LV3003047124	grey	ST8	74.227	state_05	MGI	-3.65287878099098	state_05	IG-D
2	LV3003047124	turquoise	ST8	74.227	state_05	MGI	-3.65287878099098	state_05	IG-D
2	LV3003047124	yellow	ST8	74.227	state_05	MGI	-3.65287878099098	state_05	IG-D
2	LV3003047124	brown	ST8	74.227	state_05	MGI	10.9586363429729	state_05	IG-D
2	LV3003047125	turquoise	ST8	72.872	state_05	MGI	0	state_05	IG-D
2	LV3003047125	grey	ST8	72.872	state_05	MGI	0	state_05	IG-D
2	LV3003047125	yellow	ST8	72.872	state_05	MGI	0	state_05	IG-D
2	LV3003047125	green	ST8	72.872	state_05	MGI	0	state_05	IG-D
2	LV3003047127	turquoise	ST8	47.6248	state_05	MGI	0	state_05	IG-D
2	LV3003047127	grey	ST8	47.6248	state_05	MGI	0	state_05	IG-D
2	LV3003047127	yellow	ST8	47.6248	state_05	MGI	0	state_05	IG-D
2	LV3003047127	brown	ST8	47.6248	state_05	MGI	0	state_05	IG-D
2	LV3003047140	turquoise	ST8	46.0948	state_05	MGI	0	state_05	IG-D
2	LV3003047140	grey	ST8	46.0948	state_05	MGI	0	state_05	IG-D
2	LV3003047140	yellow	ST8	46.0948	state_05	MGI	0	state_05	IG-D
2	LV3003047141	turquoise	ST8	39.15347	state_05	MGI	0	state_05	IG-D
2	LV3003047141	grey	ST8	39.15347	state_05	MGI	0	state_05	IG-D
2	LV3003047141	yellow	ST8	39.15347	state_05	MGI	0	state_05	IG-D
2	LV3003047160	turquoise	ST8	55.8911266666667	state_05	MGI	0	state_05	IG-D
2	LV3003047160	grey	ST8	55.8911266666667	state_05	MGI	0	state_05	IG-D
2	LV3003047160	yellow	ST8	55.8911266666667	state_05	MGI	0	state_05	IG-D
2	LV3003047161	turquoise	ST8	54.98346	state_05	MGI	0	state_05	IG-D
2	LV3003047161	grey	ST8	54.98346	state_05	MGI	0	state_05	IG-D
2	LV3003047161	yellow	ST8	54.98346	state_05	MGI	0	state_05	IG-D
2	LV3003047162	grey	ST8	102.698	state_05	MGI	0	state_05	IG-D
2	LV3003047162	turquoise	ST8	102.698	state_05	MGI	0	state_05	IG-D
2	LV3003047162	yellow	ST8	102.698	state_05	MGI	0	state_05	IG-D
2	LV3003047162	brown	ST8	102.698	state_05	MGI	0	state_05	IG-D
2	LV3003061473	grey	ST13	117.088	state_05	MGI	0	state_05	IG-D
2	LV3003061473	turquoise	ST13	117.088	state_05	MGI	0	state_05	IG-D
2	LV3003061473	yellow	ST13	117.088	state_05	MGI	0	state_05	IG-D
2	LV3003061473	green	ST13	117.088	state_05	MGI	0	state_05	IG-D
2	LV3003061486	turquoise	ST13	52.105	state_05	MGI	0	state_05	IG-D
2	LV3003061486	grey	ST13	52.105	state_05	MGI	0	state_05	IG-D
2	LV3003061486	yellow	ST13	52.105	state_05	MGI	0	state_05	IG-D
2	LV3003061486	green	ST13	52.105	state_05	MGI	0	state_05	IG-D
2	LV3003061489	turquoise	ST13	112.6068	state_05	MGI	0	state_05	IG-D
2	LV3003061489	grey	ST13	112.6068	state_05	MGI	0	state_05	IG-D
2	LV3003061489	green	ST13	112.6068	state_05	MGI	0	state_05	IG-D
2	LV3003061489	yellow	ST13	112.6068	state_05	MGI	0	state_05	IG-D
2	LV3003061489	blue	ST13	112.6068	state_05	MGI	0	state_05	IG-D
2	LV3003061500	grey	ST13	148.086	state_05	MGI	-2.13136385711722	state_05	IG-D
2	LV3003061500	turquoise	ST13	148.086	state_05	MGI	-2.13136385711722	state_05	IG-D
2	LV3003061500	yellow	ST13	148.086	state_05	MGI	-2.13136385711722	state_05	IG-D
2	LV3003061500	brown	ST13	148.086	state_05	MGI	10.6568192855861	state_05	IG-D
2	LV3003061500	blue	ST13	148.086	state_05	MGI	-2.13136385711722	state_05	IG-D
2	LV3003061500	green	ST13	148.086	state_05	MGI	-2.13136385711722	state_05	IG-D
2	LV3003061513	yellow	ST13	138.493	state_05	MGI	0	state_05	IG-D
2	LV3003061513	turquoise	ST13	138.493	state_05	MGI	0	state_05	IG-D
2	LV3003061513	green	ST13	138.493	state_05	MGI	0	state_05	IG-D
2	LV3003061513	grey	ST13	138.493	state_05	MGI	0	state_05	IG-D
2	LV3003061513	blue	ST13	138.493	state_05	MGI	0	state_05	IG-D
2	LV3003061513	brown	ST13	138.493	state_05	MGI	0	state_05	IG-D
2	LV3003061527	turquoise	ST13	133.7754	state_05	MGI	0	state_05	IG-D
2	LV3003061527	grey	ST13	133.7754	state_05	MGI	0	state_05	IG-D
2	LV3003061527	yellow	ST13	133.7754	state_05	MGI	0	state_05	IG-D
2	LV3003061539	yellow	ST13	130.0556	state_05	MGI	0	state_05	IG-D
2	LV3003061539	turquoise	ST13	130.0556	state_05	MGI	0	state_05	IG-D
2	LV3003061539	grey	ST13	130.0556	state_05	MGI	0	state_05	IG-D
2	LV3003061539	brown	ST13	130.0556	state_05	MGI	0	state_05	IG-D
2	LV3003061539	green	ST13	130.0556	state_05	MGI	0	state_05	IG-D
2	LV3003061539	blue	ST13	130.0556	state_05	MGI	0	state_05	IG-D
2	LV3003061555	turquoise	ST13	126.443	state_05	MGI	0	state_05	IG-D
2	LV3003061555	grey	ST13	126.443	state_05	MGI	0	state_05	IG-D
2	LV3003061555	yellow	ST13	126.443	state_05	MGI	0	state_05	IG-D
2	LV3003061568	grey	ST13	121.6354	state_05	MGI	0	state_05	IG-D
2	LV3003061568	turquoise	ST13	121.6354	state_05	MGI	0	state_05	IG-D
2	LV3003061568	yellow	ST13	121.6354	state_05	MGI	0	state_05	IG-D
2	LV3003061568	blue	ST13	121.6354	state_05	MGI	0	state_05	IG-D
2	LV7008886228	grey	GeoB25202_R2	120.0235	state_05	MGI	-3.75735842328584	state_05	IG-D
2	LV7008886228	turquoise	GeoB25202_R2	120.0235	state_05	MGI	-3.75735842328584	state_05	IG-D
2	LV7008886228	yellow	GeoB25202_R2	120.0235	state_05	MGI	-3.75735842328584	state_05	IG-D
2	LV7008886228	brown	GeoB25202_R2	120.0235	state_05	MGI	11.2720752698575	state_05	IG-D
2	LV7008886705	turquoise	GeoB25202_R1	59.738	state_05	MGI	0	state_05	IG-D
2	LV7008886705	grey	GeoB25202_R1	59.738	state_05	MGI	0	state_05	IG-D
2	LV7008886705	yellow	GeoB25202_R1	59.738	state_05	MGI	0	state_05	IG-D
2	LV7008886705	brown	GeoB25202_R1	59.738	state_05	MGI	0	state_05	IG-D
2	LV7008886705	green	GeoB25202_R1	59.738	state_05	MGI	0	state_05	IG-D
2	LV7008886717	turquoise	GeoB25202_R2	59.738	state_05	MGI	0	state_05	IG-D
2	LV7008886717	grey	GeoB25202_R2	59.738	state_05	MGI	0	state_05	IG-D
2	LV7008886717	green	GeoB25202_R2	59.738	state_05	MGI	0	state_05	IG-D
2	LV7008886717	yellow	GeoB25202_R2	59.738	state_05	MGI	0	state_05	IG-D
2	LV7008886717	blue	GeoB25202_R2	59.738	state_05	MGI	0	state_05	IG-D
2	LV7008886717	brown	GeoB25202_R2	59.738	state_05	MGI	0	state_05	IG-D
2	LV7008886719	grey	GeoB25202_R1	87.2825	state_05	MGI	0	state_05	IG-D
2	LV7008886719	turquoise	GeoB25202_R1	87.2825	state_05	MGI	0	state_05	IG-D
2	LV7008886719	green	GeoB25202_R1	87.2825	state_05	MGI	0	state_05	IG-D
2	LV7008886719	blue	GeoB25202_R1	87.2825	state_05	MGI	0	state_05	IG-D
2	LV7008886719	yellow	GeoB25202_R1	87.2825	state_05	MGI	0	state_05	IG-D
2	LV7008886719	brown	GeoB25202_R1	87.2825	state_05	MGI	0	state_05	IG-D
2	LV7008886731	grey	GeoB25202_R2	87.2825	state_05	MGI	0	state_05	IG-D
2	LV7008886731	turquoise	GeoB25202_R2	87.2825	state_05	MGI	0	state_05	IG-D
2	LV7008886731	yellow	GeoB25202_R2	87.2825	state_05	MGI	0	state_05	IG-D
2	LV7008886731	brown	GeoB25202_R2	87.2825	state_05	MGI	0	state_05	IG-D
2	LV7008886731	green	GeoB25202_R2	87.2825	state_05	MGI	0	state_05	IG-D
2	LV7008886741	turquoise	GeoB25202_R1	58.997	state_05	MGI	0	state_05	IG-D
2	LV7008886741	grey	GeoB25202_R1	58.997	state_05	MGI	0	state_05	IG-D
2	LV7008886741	yellow	GeoB25202_R1	58.997	state_05	MGI	0	state_05	IG-D
2	LV7008886741	green	GeoB25202_R1	58.997	state_05	MGI	0	state_05	IG-D
2	LV7008886744	grey	GeoB25202_R1	105.5785	state_05	MGI	-2.88250277559426	state_05	IG-D
2	LV7008886744	turquoise	GeoB25202_R1	105.5785	state_05	MGI	-2.88250277559426	state_05	IG-D
2	LV7008886744	yellow	GeoB25202_R1	105.5785	state_05	MGI	-2.88250277559426	state_05	IG-D
2	LV7008886744	green	GeoB25202_R1	105.5785	state_05	MGI	-2.88250277559426	state_05	IG-D
2	LV7008886744	brown	GeoB25202_R1	105.5785	state_05	MGI	11.5300111023771	state_05	IG-D
2	LV7008886745	grey	GeoB25202_R2	136.2775	state_05	MGI	0	state_05	IG-D
2	LV7008886745	turquoise	GeoB25202_R2	136.2775	state_05	MGI	0	state_05	IG-D
2	LV7008886745	yellow	GeoB25202_R2	136.2775	state_05	MGI	0	state_05	IG-D
2	LV7008886745	green	GeoB25202_R2	136.2775	state_05	MGI	0	state_05	IG-D
2	LV7008886753	turquoise	GeoB25202_R2	58.997	state_05	MGI	0	state_05	IG-D
2	LV7008886753	yellow	GeoB25202_R2	58.997	state_05	MGI	0	state_05	IG-D
2	LV7008886753	grey	GeoB25202_R2	58.997	state_05	MGI	0	state_05	IG-D
2	LV7008886753	blue	GeoB25202_R2	58.997	state_05	MGI	0	state_05	IG-D
2	LV7008886753	green	GeoB25202_R2	58.997	state_05	MGI	0	state_05	IG-D
2	LV7008886753	brown	GeoB25202_R2	58.997	state_05	MGI	0	state_05	IG-D
2	LV7008886757	grey	GeoB25202_R1	123.1195	state_05	MGI	0	state_05	IG-D
2	LV7008886757	turquoise	GeoB25202_R1	123.1195	state_05	MGI	0	state_05	IG-D
2	LV7008886757	yellow	GeoB25202_R1	123.1195	state_05	MGI	0	state_05	IG-D
2	LV7008886769	grey	GeoB25202_R2	123.1195	state_05	MGI	-2.99352669116011	state_05	IG-D
2	LV7008886769	turquoise	GeoB25202_R2	123.1195	state_05	MGI	-2.99352669116011	state_05	IG-D
2	LV7008886769	yellow	GeoB25202_R2	123.1195	state_05	MGI	-2.99352669116011	state_05	IG-D
2	LV7008886769	brown	GeoB25202_R2	123.1195	state_05	MGI	11.9741067646404	state_05	IG-D
2	LV7008886769	blue	GeoB25202_R2	123.1195	state_05	MGI	-2.99352669116011	state_05	IG-D
2	LV7008886781	grey	GeoB25202_R1	120.0235	state_05	MGI	0	state_05	IG-D
2	LV7008886781	turquoise	GeoB25202_R1	120.0235	state_05	MGI	0	state_05	IG-D
2	LV7008886781	yellow	GeoB25202_R1	120.0235	state_05	MGI	0	state_05	IG-D
2	LV3003047028	turquoise	ST8	4.753	state_05	MFI	0	state_05	IG-D
2	LV3003047028	grey	ST8	4.753	state_05	MFI	0	state_05	IG-D
2	LV3003047028	green	ST8	4.753	state_05	MFI	0	state_05	IG-D
2	LV3003047059	turquoise	ST8	107.683	state_05	MFI	0	state_05	IG-D
2	LV3003047059	grey	ST8	107.683	state_05	MFI	0	state_05	IG-D
2	LV3003047059	yellow	ST8	107.683	state_05	MFI	0	state_05	IG-D
2	LV3003047059	green	ST8	107.683	state_05	MFI	0	state_05	IG-D
2	LV3003047060	turquoise	ST8	106.686	state_05	MFI	0	state_05	IG-D
2	LV3003047060	grey	ST8	106.686	state_05	MFI	0	state_05	IG-D
2	LV3003047060	yellow	ST8	106.686	state_05	MFI	0	state_05	IG-D
2	LV3003047060	blue	ST8	106.686	state_05	MFI	0	state_05	IG-D
2	LV3003047060	green	ST8	106.686	state_05	MFI	0	state_05	IG-D
2	LV3003047061	turquoise	ST8	105.689	state_05	MFI	0	state_05	IG-D
2	LV3003047061	grey	ST8	105.689	state_05	MFI	0	state_05	IG-D
2	LV3003047061	yellow	ST8	105.689	state_05	MFI	0	state_05	IG-D
2	LV3003047062	grey	ST8	104.692	state_05	MFI	0	state_05	IG-D
2	LV3003047062	turquoise	ST8	104.692	state_05	MFI	0	state_05	IG-D
2	LV3003047062	yellow	ST8	104.692	state_05	MFI	0	state_05	IG-D
2	LV3003047062	brown	ST8	104.692	state_05	MFI	0	state_05	IG-D
2	LV3003047063	grey	ST8	103.695	state_05	MFI	0	state_05	IG-D
2	LV3003047063	turquoise	ST8	103.695	state_05	MFI	0	state_05	IG-D
2	LV3003047063	yellow	ST8	103.695	state_05	MFI	0	state_05	IG-D
2	LV3003047064	turquoise	ST8	96.283	state_05	MFI	0	state_05	IG-D
2	LV3003047064	grey	ST8	96.283	state_05	MFI	0	state_05	IG-D
2	LV3003047065	turquoise	ST8	53.61018	state_05	MFI	-2.01335080418104	state_05	IG-D
2	LV3003047065	grey	ST8	53.61018	state_05	MFI	8.05340321672417	state_05	IG-D
2	LV3003047065	yellow	ST8	53.61018	state_05	MFI	-2.01335080418104	state_05	IG-D
2	LV3003047065	brown	ST8	53.61018	state_05	MFI	-2.01335080418104	state_05	IG-D
2	LV3003047065	blue	ST8	53.61018	state_05	MFI	-2.01335080418104	state_05	IG-D
2	LV3003047073	grey	ST8	101.685	state_05	MFI	0	state_05	IG-D
2	LV3003047073	turquoise	ST8	101.685	state_05	MFI	0	state_05	IG-D
2	LV3003047074	grey	ST8	100.672	state_05	MFI	4.57312259944273	state_05	IG-D
2	LV3003047074	brown	ST8	100.672	state_05	MFI	-9.14624519888546	state_05	IG-D
2	LV3003047074	turquoise	ST8	100.672	state_05	MFI	4.57312259944273	state_05	IG-D
2	LV3003047077	turquoise	ST8	99.7145	state_05	MFI	2.86725742132853	state_05	IG-D
2	LV3003047077	grey	ST8	99.7145	state_05	MFI	2.86725742132853	state_05	IG-D
2	LV3003047077	yellow	ST8	99.7145	state_05	MFI	2.86725742132853	state_05	IG-D
2	LV3003047077	brown	ST8	99.7145	state_05	MFI	-11.4690296853141	state_05	IG-D
2	LV3003047077	blue	ST8	99.7145	state_05	MFI	2.86725742132853	state_05	IG-D
2	LV3003047078	grey	ST8	98.757	state_05	MFI	0	state_05	IG-D
2	LV3003047078	turquoise	ST8	98.757	state_05	MFI	0	state_05	IG-D
2	LV3003047078	yellow	ST8	98.757	state_05	MFI	0	state_05	IG-D
2	LV3003047087	turquoise	ST8	94.9015	state_05	MFI	0	state_05	IG-D
2	LV3003047087	grey	ST8	94.9015	state_05	MFI	0	state_05	IG-D
2	LV3003047087	yellow	ST8	94.9015	state_05	MFI	0	state_05	IG-D
2	LV3003047087	green	ST8	94.9015	state_05	MFI	0	state_05	IG-D
2	LV3003047088	grey	ST8	93.52	state_05	MFI	0	state_05	IG-D
2	LV3003047088	turquoise	ST8	93.52	state_05	MFI	0	state_05	IG-D
2	LV3003047088	yellow	ST8	93.52	state_05	MFI	0	state_05	IG-D
2	LV3003047088	green	ST8	93.52	state_05	MFI	0	state_05	IG-D
2	LV3003047089	turquoise	ST8	92.1385	state_05	MFI	0	state_05	IG-D
2	LV3003047089	grey	ST8	92.1385	state_05	MFI	0	state_05	IG-D
2	LV3003047089	green	ST8	92.1385	state_05	MFI	0	state_05	IG-D
2	LV3003047089	blue	ST8	92.1385	state_05	MFI	0	state_05	IG-D
2	LV3003047089	yellow	ST8	92.1385	state_05	MFI	0	state_05	IG-D
2	LV3003047090	grey	ST8	90.757	state_05	MFI	0	state_05	IG-D
2	LV3003047090	turquoise	ST8	90.757	state_05	MFI	0	state_05	IG-D
2	LV3003047090	yellow	ST8	90.757	state_05	MFI	0	state_05	IG-D
2	LV3003047090	green	ST8	90.757	state_05	MFI	0	state_05	IG-D
2	LV3003047101	turquoise	ST8	85.23	state_05	MFI	0	state_05	IG-D
2	LV3003047101	grey	ST8	85.23	state_05	MFI	0	state_05	IG-D
2	LV3003047101	yellow	ST8	85.23	state_05	MFI	0	state_05	IG-D
2	LV3003047101	green	ST8	85.23	state_05	MFI	0	state_05	IG-D
2	LV3003047101	blue	ST8	85.23	state_05	MFI	0	state_05	IG-D
2	LV3003047104	turquoise	ST8	83.84125	state_05	MFI	0	state_05	IG-D
2	LV3003047104	grey	ST8	83.84125	state_05	MFI	0	state_05	IG-D
2	LV3003047104	yellow	ST8	83.84125	state_05	MFI	0	state_05	IG-D
2	LV3003047104	green	ST8	83.84125	state_05	MFI	0	state_05	IG-D
2	LV3003047105	turquoise	ST8	82.4525	state_05	MFI	0	state_05	IG-D
2	LV3003047105	grey	ST8	82.4525	state_05	MFI	0	state_05	IG-D
2	LV3003047105	yellow	ST8	82.4525	state_05	MFI	0	state_05	IG-D
2	LV3003047105	green	ST8	82.4525	state_05	MFI	0	state_05	IG-D
2	LV3003047106	grey	ST8	81.06375	state_05	MFI	0	state_05	IG-D
2	LV3003047106	turquoise	ST8	81.06375	state_05	MFI	0	state_05	IG-D
2	LV3003047106	green	ST8	81.06375	state_05	MFI	0	state_05	IG-D
2	LV3003047106	yellow	ST8	81.06375	state_05	MFI	0	state_05	IG-D
2	LV3003047122	turquoise	ST8	76.951	state_05	MFI	0	state_05	IG-D
2	LV3003047122	grey	ST8	76.951	state_05	MFI	0	state_05	IG-D
2	LV3003047122	yellow	ST8	76.951	state_05	MFI	0	state_05	IG-D
2	LV3003047123	turquoise	ST8	75.589	state_05	MFI	0	state_05	IG-D
2	LV3003047123	grey	ST8	75.589	state_05	MFI	0	state_05	IG-D
2	LV3003047123	yellow	ST8	75.589	state_05	MFI	0	state_05	IG-D
2	LV3003047124	grey	ST8	74.227	state_05	MFI	3.4795922114148	state_05	IG-D
2	LV3003047124	turquoise	ST8	74.227	state_05	MFI	3.4795922114148	state_05	IG-D
2	LV3003047124	yellow	ST8	74.227	state_05	MFI	3.4795922114148	state_05	IG-D
2	LV3003047124	brown	ST8	74.227	state_05	MFI	-10.4387766342444	state_05	IG-D
2	LV3003047125	turquoise	ST8	72.872	state_05	MFI	0	state_05	IG-D
2	LV3003047125	grey	ST8	72.872	state_05	MFI	0	state_05	IG-D
2	LV3003047125	yellow	ST8	72.872	state_05	MFI	0	state_05	IG-D
2	LV3003047125	green	ST8	72.872	state_05	MFI	0	state_05	IG-D
2	LV3003047127	turquoise	ST8	47.6248	state_05	MFI	0	state_05	IG-D
2	LV3003047127	grey	ST8	47.6248	state_05	MFI	0	state_05	IG-D
2	LV3003047127	yellow	ST8	47.6248	state_05	MFI	0	state_05	IG-D
2	LV3003047127	brown	ST8	47.6248	state_05	MFI	0	state_05	IG-D
2	LV3003047140	turquoise	ST8	46.0948	state_05	MFI	0	state_05	IG-D
2	LV3003047140	grey	ST8	46.0948	state_05	MFI	0	state_05	IG-D
2	LV3003047140	yellow	ST8	46.0948	state_05	MFI	0	state_05	IG-D
2	LV3003047141	turquoise	ST8	39.15347	state_05	MFI	0	state_05	IG-D
2	LV3003047141	grey	ST8	39.15347	state_05	MFI	0	state_05	IG-D
2	LV3003047141	yellow	ST8	39.15347	state_05	MFI	0	state_05	IG-D
2	LV3003047160	turquoise	ST8	55.8911266666667	state_05	MFI	0	state_05	IG-D
2	LV3003047160	grey	ST8	55.8911266666667	state_05	MFI	0	state_05	IG-D
2	LV3003047160	yellow	ST8	55.8911266666667	state_05	MFI	0	state_05	IG-D
2	LV3003047161	turquoise	ST8	54.98346	state_05	MFI	0	state_05	IG-D
2	LV3003047161	grey	ST8	54.98346	state_05	MFI	0	state_05	IG-D
2	LV3003047161	yellow	ST8	54.98346	state_05	MFI	0	state_05	IG-D
2	LV3003047162	grey	ST8	102.698	state_05	MFI	0	state_05	IG-D
2	LV3003047162	turquoise	ST8	102.698	state_05	MFI	0	state_05	IG-D
2	LV3003047162	yellow	ST8	102.698	state_05	MFI	0	state_05	IG-D
2	LV3003047162	brown	ST8	102.698	state_05	MFI	0	state_05	IG-D
2	LV3003061473	grey	ST13	117.088	state_05	MFI	0	state_05	IG-D
2	LV3003061473	turquoise	ST13	117.088	state_05	MFI	0	state_05	IG-D
2	LV3003061473	yellow	ST13	117.088	state_05	MFI	0	state_05	IG-D
2	LV3003061473	green	ST13	117.088	state_05	MFI	0	state_05	IG-D
2	LV3003061486	turquoise	ST13	52.105	state_05	MFI	0	state_05	IG-D
2	LV3003061486	grey	ST13	52.105	state_05	MFI	0	state_05	IG-D
2	LV3003061486	yellow	ST13	52.105	state_05	MFI	0	state_05	IG-D
2	LV3003061486	green	ST13	52.105	state_05	MFI	0	state_05	IG-D
2	LV3003061489	turquoise	ST13	112.6068	state_05	MFI	0	state_05	IG-D
2	LV3003061489	grey	ST13	112.6068	state_05	MFI	0	state_05	IG-D
2	LV3003061489	green	ST13	112.6068	state_05	MFI	0	state_05	IG-D
2	LV3003061489	yellow	ST13	112.6068	state_05	MFI	0	state_05	IG-D
2	LV3003061489	blue	ST13	112.6068	state_05	MFI	0	state_05	IG-D
2	LV3003061500	grey	ST13	148.086	state_05	MFI	2.13136385711722	state_05	IG-D
2	LV3003061500	turquoise	ST13	148.086	state_05	MFI	2.13136385711722	state_05	IG-D
2	LV3003061500	yellow	ST13	148.086	state_05	MFI	2.13136385711722	state_05	IG-D
2	LV3003061500	brown	ST13	148.086	state_05	MFI	-10.6568192855861	state_05	IG-D
2	LV3003061500	blue	ST13	148.086	state_05	MFI	2.13136385711722	state_05	IG-D
2	LV3003061500	green	ST13	148.086	state_05	MFI	2.13136385711722	state_05	IG-D
2	LV3003061513	yellow	ST13	138.493	state_05	MFI	0	state_05	IG-D
2	LV3003061513	turquoise	ST13	138.493	state_05	MFI	0	state_05	IG-D
2	LV3003061513	green	ST13	138.493	state_05	MFI	0	state_05	IG-D
2	LV3003061513	grey	ST13	138.493	state_05	MFI	0	state_05	IG-D
2	LV3003061513	blue	ST13	138.493	state_05	MFI	0	state_05	IG-D
2	LV3003061513	brown	ST13	138.493	state_05	MFI	0	state_05	IG-D
2	LV3003061527	turquoise	ST13	133.7754	state_05	MFI	0	state_05	IG-D
2	LV3003061527	grey	ST13	133.7754	state_05	MFI	0	state_05	IG-D
2	LV3003061527	yellow	ST13	133.7754	state_05	MFI	0	state_05	IG-D
2	LV3003061539	yellow	ST13	130.0556	state_05	MFI	0	state_05	IG-D
2	LV3003061539	turquoise	ST13	130.0556	state_05	MFI	0	state_05	IG-D
2	LV3003061539	grey	ST13	130.0556	state_05	MFI	0	state_05	IG-D
2	LV3003061539	brown	ST13	130.0556	state_05	MFI	0	state_05	IG-D
2	LV3003061539	green	ST13	130.0556	state_05	MFI	0	state_05	IG-D
2	LV3003061539	blue	ST13	130.0556	state_05	MFI	0	state_05	IG-D
2	LV3003061555	turquoise	ST13	126.443	state_05	MFI	0	state_05	IG-D
2	LV3003061555	grey	ST13	126.443	state_05	MFI	0	state_05	IG-D
2	LV3003061555	yellow	ST13	126.443	state_05	MFI	0	state_05	IG-D
2	LV3003061568	grey	ST13	121.6354	state_05	MFI	0	state_05	IG-D
2	LV3003061568	turquoise	ST13	121.6354	state_05	MFI	0	state_05	IG-D
2	LV3003061568	yellow	ST13	121.6354	state_05	MFI	0	state_05	IG-D
2	LV3003061568	blue	ST13	121.6354	state_05	MFI	0	state_05	IG-D
2	LV7008886228	grey	GeoB25202_R2	120.0235	state_05	MFI	3.58407177666067	state_05	IG-D
2	LV7008886228	turquoise	GeoB25202_R2	120.0235	state_05	MFI	3.58407177666067	state_05	IG-D
2	LV7008886228	yellow	GeoB25202_R2	120.0235	state_05	MFI	3.58407177666067	state_05	IG-D
2	LV7008886228	brown	GeoB25202_R2	120.0235	state_05	MFI	-10.752215329982	state_05	IG-D
2	LV7008886705	turquoise	GeoB25202_R1	59.738	state_05	MFI	0	state_05	IG-D
2	LV7008886705	grey	GeoB25202_R1	59.738	state_05	MFI	0	state_05	IG-D
2	LV7008886705	yellow	GeoB25202_R1	59.738	state_05	MFI	0	state_05	IG-D
2	LV7008886705	brown	GeoB25202_R1	59.738	state_05	MFI	0	state_05	IG-D
2	LV7008886705	green	GeoB25202_R1	59.738	state_05	MFI	0	state_05	IG-D
2	LV7008886717	turquoise	GeoB25202_R2	59.738	state_05	MFI	0	state_05	IG-D
2	LV7008886717	grey	GeoB25202_R2	59.738	state_05	MFI	0	state_05	IG-D
2	LV7008886717	green	GeoB25202_R2	59.738	state_05	MFI	0	state_05	IG-D
2	LV7008886717	yellow	GeoB25202_R2	59.738	state_05	MFI	0	state_05	IG-D
2	LV7008886717	blue	GeoB25202_R2	59.738	state_05	MFI	0	state_05	IG-D
2	LV7008886717	brown	GeoB25202_R2	59.738	state_05	MFI	0	state_05	IG-D
2	LV7008886719	grey	GeoB25202_R1	87.2825	state_05	MFI	0	state_05	IG-D
2	LV7008886719	turquoise	GeoB25202_R1	87.2825	state_05	MFI	0	state_05	IG-D
2	LV7008886719	green	GeoB25202_R1	87.2825	state_05	MFI	0	state_05	IG-D
2	LV7008886719	blue	GeoB25202_R1	87.2825	state_05	MFI	0	state_05	IG-D
2	LV7008886719	yellow	GeoB25202_R1	87.2825	state_05	MFI	0	state_05	IG-D
2	LV7008886719	brown	GeoB25202_R1	87.2825	state_05	MFI	0	state_05	IG-D
2	LV7008886731	grey	GeoB25202_R2	87.2825	state_05	MFI	0	state_05	IG-D
2	LV7008886731	turquoise	GeoB25202_R2	87.2825	state_05	MFI	0	state_05	IG-D
2	LV7008886731	yellow	GeoB25202_R2	87.2825	state_05	MFI	0	state_05	IG-D
2	LV7008886731	brown	GeoB25202_R2	87.2825	state_05	MFI	0	state_05	IG-D
2	LV7008886731	green	GeoB25202_R2	87.2825	state_05	MFI	0	state_05	IG-D
2	LV7008886741	turquoise	GeoB25202_R1	58.997	state_05	MFI	0	state_05	IG-D
2	LV7008886741	grey	GeoB25202_R1	58.997	state_05	MFI	0	state_05	IG-D
2	LV7008886741	yellow	GeoB25202_R1	58.997	state_05	MFI	0	state_05	IG-D
2	LV7008886741	green	GeoB25202_R1	58.997	state_05	MFI	0	state_05	IG-D
2	LV7008886744	grey	GeoB25202_R1	105.5785	state_05	MFI	2.74387355966564	state_05	IG-D
2	LV7008886744	turquoise	GeoB25202_R1	105.5785	state_05	MFI	2.74387355966564	state_05	IG-D
2	LV7008886744	yellow	GeoB25202_R1	105.5785	state_05	MFI	2.74387355966564	state_05	IG-D
2	LV7008886744	green	GeoB25202_R1	105.5785	state_05	MFI	2.74387355966564	state_05	IG-D
2	LV7008886744	brown	GeoB25202_R1	105.5785	state_05	MFI	-10.9754942386626	state_05	IG-D
2	LV7008886745	grey	GeoB25202_R2	136.2775	state_05	MFI	0	state_05	IG-D
2	LV7008886745	turquoise	GeoB25202_R2	136.2775	state_05	MFI	0	state_05	IG-D
2	LV7008886745	yellow	GeoB25202_R2	136.2775	state_05	MFI	0	state_05	IG-D
2	LV7008886745	green	GeoB25202_R2	136.2775	state_05	MFI	0	state_05	IG-D
2	LV7008886753	turquoise	GeoB25202_R2	58.997	state_05	MFI	0	state_05	IG-D
2	LV7008886753	yellow	GeoB25202_R2	58.997	state_05	MFI	0	state_05	IG-D
2	LV7008886753	grey	GeoB25202_R2	58.997	state_05	MFI	0	state_05	IG-D
2	LV7008886753	blue	GeoB25202_R2	58.997	state_05	MFI	0	state_05	IG-D
2	LV7008886753	green	GeoB25202_R2	58.997	state_05	MFI	0	state_05	IG-D
2	LV7008886753	brown	GeoB25202_R2	58.997	state_05	MFI	0	state_05	IG-D
2	LV7008886757	grey	GeoB25202_R1	123.1195	state_05	MFI	0	state_05	IG-D
2	LV7008886757	turquoise	GeoB25202_R1	123.1195	state_05	MFI	0	state_05	IG-D
2	LV7008886757	yellow	GeoB25202_R1	123.1195	state_05	MFI	0	state_05	IG-D
2	LV7008886769	grey	GeoB25202_R2	123.1195	state_05	MFI	2.85489738143419	state_05	IG-D
2	LV7008886769	turquoise	GeoB25202_R2	123.1195	state_05	MFI	2.85489738143419	state_05	IG-D
2	LV7008886769	yellow	GeoB25202_R2	123.1195	state_05	MFI	2.85489738143419	state_05	IG-D
2	LV7008886769	brown	GeoB25202_R2	123.1195	state_05	MFI	-11.4195895257368	state_05	IG-D
2	LV7008886769	blue	GeoB25202_R2	123.1195	state_05	MFI	2.85489738143419	state_05	IG-D
2	LV7008886781	grey	GeoB25202_R1	120.0235	state_05	MFI	0	state_05	IG-D
2	LV7008886781	turquoise	GeoB25202_R1	120.0235	state_05	MFI	0	state_05	IG-D
2	LV7008886781	yellow	GeoB25202_R1	120.0235	state_05	MFI	0	state_05	IG-D
2	LV3003047028	turquoise	ST8	4.753	state_05	DCI	4.20291611718359	state_05	IG-D
2	LV3003047028	grey	ST8	4.753	state_05	DCI	-8.40583223436718	state_05	IG-D
2	LV3003047028	green	ST8	4.753	state_05	DCI	4.20291611718359	state_05	IG-D
2	LV3003047059	turquoise	ST8	107.683	state_05	DCI	-7.24556048939888	state_05	IG-D
2	LV3003047059	grey	ST8	107.683	state_05	DCI	0.611409223301672	state_05	IG-D
2	LV3003047059	yellow	ST8	107.683	state_05	DCI	3.31707563304861	state_05	IG-D
2	LV3003047059	green	ST8	107.683	state_05	DCI	3.31707563304861	state_05	IG-D
2	LV3003047060	turquoise	ST8	106.686	state_05	DCI	1.52977285914023	state_05	IG-D
2	LV3003047060	grey	ST8	106.686	state_05	DCI	-8.92439841698577	state_05	IG-D
2	LV3003047060	yellow	ST8	106.686	state_05	DCI	2.46487518594851	state_05	IG-D
2	LV3003047060	blue	ST8	106.686	state_05	DCI	2.46487518594851	state_05	IG-D
2	LV3003047060	green	ST8	106.686	state_05	DCI	2.46487518594851	state_05	IG-D
2	LV3003047061	turquoise	ST8	105.689	state_05	DCI	-3.93607672431807	state_05	IG-D
2	LV3003047061	grey	ST8	105.689	state_05	DCI	6.43545583142864	state_05	IG-D
2	LV3003047061	yellow	ST8	105.689	state_05	DCI	-2.49937910711057	state_05	IG-D
2	LV3003047062	grey	ST8	104.692	state_05	DCI	-2.45406859011019	state_05	IG-D
2	LV3003047062	turquoise	ST8	104.692	state_05	DCI	-1.6253074742773	state_05	IG-D
2	LV3003047062	yellow	ST8	104.692	state_05	DCI	9.28056317499589	state_05	IG-D
2	LV3003047062	brown	ST8	104.692	state_05	DCI	-5.2011871106084	state_05	IG-D
2	LV3003047063	grey	ST8	103.695	state_05	DCI	3.33182548813771	state_05	IG-D
2	LV3003047063	turquoise	ST8	103.695	state_05	DCI	-6.66365097627542	state_05	IG-D
2	LV3003047063	yellow	ST8	103.695	state_05	DCI	3.33182548813771	state_05	IG-D
2	LV3003047064	turquoise	ST8	96.283	state_05	DCI	6.28213075894847	state_05	IG-D
2	LV3003047064	grey	ST8	96.283	state_05	DCI	-6.28213075894847	state_05	IG-D
2	LV3003047065	turquoise	ST8	53.61018	state_05	DCI	1.19513332934222	state_05	IG-D
2	LV3003047065	grey	ST8	53.61018	state_05	DCI	5.73247082011635	state_05	IG-D
2	LV3003047065	yellow	ST8	53.61018	state_05	DCI	-5.90430424121153	state_05	IG-D
2	LV3003047065	brown	ST8	53.61018	state_05	DCI	-7.36689623748085	state_05	IG-D
2	LV3003047065	blue	ST8	53.61018	state_05	DCI	6.34359632923381	state_05	IG-D
2	LV3003047073	grey	ST8	101.685	state_05	DCI	0	state_05	IG-D
2	LV3003047073	turquoise	ST8	101.685	state_05	DCI	0	state_05	IG-D
2	LV3003047074	grey	ST8	100.672	state_05	DCI	0	state_05	IG-D
2	LV3003047074	brown	ST8	100.672	state_05	DCI	0	state_05	IG-D
2	LV3003047074	turquoise	ST8	100.672	state_05	DCI	0	state_05	IG-D
2	LV3003047077	turquoise	ST8	99.7145	state_05	DCI	-7.97882858130681	state_05	IG-D
2	LV3003047077	grey	ST8	99.7145	state_05	DCI	0.370990205459858	state_05	IG-D
2	LV3003047077	yellow	ST8	99.7145	state_05	DCI	2.53594612528232	state_05	IG-D
2	LV3003047077	brown	ST8	99.7145	state_05	DCI	2.53594612528232	state_05	IG-D
2	LV3003047077	blue	ST8	99.7145	state_05	DCI	2.53594612528232	state_05	IG-D
2	LV3003047078	grey	ST8	98.757	state_05	DCI	-0.76549515114493	state_05	IG-D
2	LV3003047078	turquoise	ST8	98.757	state_05	DCI	0.382747575572465	state_05	IG-D
2	LV3003047078	yellow	ST8	98.757	state_05	DCI	0.382747575572465	state_05	IG-D
2	LV3003047087	turquoise	ST8	94.9015	state_05	DCI	-0.803150982394583	state_05	IG-D
2	LV3003047087	grey	ST8	94.9015	state_05	DCI	-0.20141834360799	state_05	IG-D
2	LV3003047087	yellow	ST8	94.9015	state_05	DCI	0.502284663001286	state_05	IG-D
2	LV3003047087	green	ST8	94.9015	state_05	DCI	0.502284663001286	state_05	IG-D
2	LV3003047088	grey	ST8	93.52	state_05	DCI	-1.87400796174957	state_05	IG-D
2	LV3003047088	turquoise	ST8	93.52	state_05	DCI	1.19133680541132	state_05	IG-D
2	LV3003047088	yellow	ST8	93.52	state_05	DCI	0.341335578169124	state_05	IG-D
2	LV3003047088	green	ST8	93.52	state_05	DCI	0.341335578169124	state_05	IG-D
2	LV3003047089	turquoise	ST8	92.1385	state_05	DCI	8.16064273600243	state_05	IG-D
2	LV3003047089	grey	ST8	92.1385	state_05	DCI	-3.56362723323797	state_05	IG-D
2	LV3003047089	green	ST8	92.1385	state_05	DCI	-1.53233850092149	state_05	IG-D
2	LV3003047089	blue	ST8	92.1385	state_05	DCI	-1.53233850092149	state_05	IG-D
2	LV3003047089	yellow	ST8	92.1385	state_05	DCI	-1.53233850092149	state_05	IG-D
2	LV3003047090	grey	ST8	90.757	state_05	DCI	-0.695208643119391	state_05	IG-D
2	LV3003047090	turquoise	ST8	90.757	state_05	DCI	-1.38953317635035	state_05	IG-D
2	LV3003047090	yellow	ST8	90.757	state_05	DCI	1.04237090973487	state_05	IG-D
2	LV3003047090	green	ST8	90.757	state_05	DCI	1.04237090973487	state_05	IG-D
2	LV3003047101	turquoise	ST8	85.23	state_05	DCI	0.910679637011312	state_05	IG-D
2	LV3003047101	grey	ST8	85.23	state_05	DCI	0.22619178252352	state_05	IG-D
2	LV3003047101	yellow	ST8	85.23	state_05	DCI	-7.0511890796798	state_05	IG-D
2	LV3003047101	green	ST8	85.23	state_05	DCI	2.95715883007248	state_05	IG-D
2	LV3003047101	blue	ST8	85.23	state_05	DCI	2.95715883007248	state_05	IG-D
2	LV3003047104	turquoise	ST8	83.84125	state_05	DCI	-8.11790244258638	state_05	IG-D
2	LV3003047104	grey	ST8	83.84125	state_05	DCI	2.02823053007745	state_05	IG-D
2	LV3003047104	yellow	ST8	83.84125	state_05	DCI	3.04483595625446	state_05	IG-D
2	LV3003047104	green	ST8	83.84125	state_05	DCI	3.04483595625446	state_05	IG-D
2	LV3003047105	turquoise	ST8	82.4525	state_05	DCI	-5.9942171961475	state_05	IG-D
2	LV3003047105	grey	ST8	82.4525	state_05	DCI	-5.40984486001026	state_05	IG-D
2	LV3003047105	yellow	ST8	82.4525	state_05	DCI	5.70203102807888	state_05	IG-D
2	LV3003047105	green	ST8	82.4525	state_05	DCI	5.70203102807888	state_05	IG-D
2	LV3003047106	grey	ST8	81.06375	state_05	DCI	-0.706830621263177	state_05	IG-D
2	LV3003047106	turquoise	ST8	81.06375	state_05	DCI	-1.1562430506436	state_05	IG-D
2	LV3003047106	green	ST8	81.06375	state_05	DCI	0.931536835953389	state_05	IG-D
2	LV3003047106	yellow	ST8	81.06375	state_05	DCI	0.931536835953389	state_05	IG-D
2	LV3003047122	turquoise	ST8	76.951	state_05	DCI	-7.91996988574708	state_05	IG-D
2	LV3003047122	grey	ST8	76.951	state_05	DCI	3.42657054717131	state_05	IG-D
2	LV3003047122	yellow	ST8	76.951	state_05	DCI	4.49339933857576	state_05	IG-D
2	LV3003047123	turquoise	ST8	75.589	state_05	DCI	-7.89077747312678	state_05	IG-D
2	LV3003047123	grey	ST8	75.589	state_05	DCI	3.94538873656339	state_05	IG-D
2	LV3003047123	yellow	ST8	75.589	state_05	DCI	3.94538873656339	state_05	IG-D
2	LV3003047124	grey	ST8	74.227	state_05	DCI	0.302942275730734	state_05	IG-D
2	LV3003047124	turquoise	ST8	74.227	state_05	DCI	-1.38290350645825	state_05	IG-D
2	LV3003047124	yellow	ST8	74.227	state_05	DCI	0.53998061536376	state_05	IG-D
2	LV3003047124	brown	ST8	74.227	state_05	DCI	0.53998061536376	state_05	IG-D
2	LV3003047125	turquoise	ST8	72.872	state_05	DCI	1.83193339807718	state_05	IG-D
2	LV3003047125	grey	ST8	72.872	state_05	DCI	1.4013086871614	state_05	IG-D
2	LV3003047125	yellow	ST8	72.872	state_05	DCI	-6.86027608495364	state_05	IG-D
2	LV3003047125	green	ST8	72.872	state_05	DCI	3.62703399971507	state_05	IG-D
2	LV3003047127	turquoise	ST8	47.6248	state_05	DCI	2.83500786287231	state_05	IG-D
2	LV3003047127	grey	ST8	47.6248	state_05	DCI	2.74683822152425	state_05	IG-D
2	LV3003047127	yellow	ST8	47.6248	state_05	DCI	4.66613838111791	state_05	IG-D
2	LV3003047127	brown	ST8	47.6248	state_05	DCI	-10.2479844655145	state_05	IG-D
2	LV3003047140	turquoise	ST8	46.0948	state_05	DCI	-7.69171901193569	state_05	IG-D
2	LV3003047140	grey	ST8	46.0948	state_05	DCI	3.84585950596784	state_05	IG-D
2	LV3003047140	yellow	ST8	46.0948	state_05	DCI	3.84585950596784	state_05	IG-D
2	LV3003047141	turquoise	ST8	39.15347	state_05	DCI	-8.44331619247371	state_05	IG-D
2	LV3003047141	grey	ST8	39.15347	state_05	DCI	4.22165809623685	state_05	IG-D
2	LV3003047141	yellow	ST8	39.15347	state_05	DCI	4.22165809623685	state_05	IG-D
2	LV3003047160	turquoise	ST8	55.8911266666667	state_05	DCI	-0.396141380636276	state_05	IG-D
2	LV3003047160	grey	ST8	55.8911266666667	state_05	DCI	0.792282761272553	state_05	IG-D
2	LV3003047160	yellow	ST8	55.8911266666667	state_05	DCI	-0.396141380636276	state_05	IG-D
2	LV3003047161	turquoise	ST8	54.98346	state_05	DCI	-0.135152807426399	state_05	IG-D
2	LV3003047161	grey	ST8	54.98346	state_05	DCI	0.270305614852797	state_05	IG-D
2	LV3003047161	yellow	ST8	54.98346	state_05	DCI	-0.135152807426399	state_05	IG-D
2	LV3003047162	grey	ST8	102.698	state_05	DCI	-8.56376780245049	state_05	IG-D
2	LV3003047162	turquoise	ST8	102.698	state_05	DCI	2.8545892674835	state_05	IG-D
2	LV3003047162	yellow	ST8	102.698	state_05	DCI	2.8545892674835	state_05	IG-D
2	LV3003047162	brown	ST8	102.698	state_05	DCI	2.8545892674835	state_05	IG-D
2	LV3003061473	grey	ST13	117.088	state_05	DCI	-0.795681095096734	state_05	IG-D
2	LV3003061473	turquoise	ST13	117.088	state_05	DCI	-0.128541348510537	state_05	IG-D
2	LV3003061473	yellow	ST13	117.088	state_05	DCI	0.462111221803636	state_05	IG-D
2	LV3003061473	green	ST13	117.088	state_05	DCI	0.462111221803636	state_05	IG-D
2	LV3003061486	turquoise	ST13	52.105	state_05	DCI	-3.3438555861001	state_05	IG-D
2	LV3003061486	grey	ST13	52.105	state_05	DCI	-3.96212354971967	state_05	IG-D
2	LV3003061486	yellow	ST13	52.105	state_05	DCI	9.13643985850575	state_05	IG-D
2	LV3003061486	green	ST13	52.105	state_05	DCI	-1.83046072268598	state_05	IG-D
2	LV3003061489	turquoise	ST13	112.6068	state_05	DCI	0.226427555099292	state_05	IG-D
2	LV3003061489	grey	ST13	112.6068	state_05	DCI	-2.34251972784442	state_05	IG-D
2	LV3003061489	green	ST13	112.6068	state_05	DCI	0.705364057581709	state_05	IG-D
2	LV3003061489	yellow	ST13	112.6068	state_05	DCI	0.705364057581709	state_05	IG-D
2	LV3003061489	blue	ST13	112.6068	state_05	DCI	0.705364057581709	state_05	IG-D
2	LV3003061500	grey	ST13	148.086	state_05	DCI	-1.21967446707796	state_05	IG-D
2	LV3003061500	turquoise	ST13	148.086	state_05	DCI	-1.52229967808197	state_05	IG-D
2	LV3003061500	yellow	ST13	148.086	state_05	DCI	2.31499000284731	state_05	IG-D
2	LV3003061500	brown	ST13	148.086	state_05	DCI	-0.86558006672291	state_05	IG-D
2	LV3003061500	blue	ST13	148.086	state_05	DCI	0.646282104517769	state_05	IG-D
2	LV3003061500	green	ST13	148.086	state_05	DCI	0.646282104517769	state_05	IG-D
2	LV3003061513	yellow	ST13	138.493	state_05	DCI	2.4192465322518	state_05	IG-D
2	LV3003061513	turquoise	ST13	138.493	state_05	DCI	0.602289119940252	state_05	IG-D
2	LV3003061513	green	ST13	138.493	state_05	DCI	2.65696816538596	state_05	IG-D
2	LV3003061513	grey	ST13	138.493	state_05	DCI	2.85340325856743	state_05	IG-D
2	LV3003061513	blue	ST13	138.493	state_05	DCI	3.06242996397579	state_05	IG-D
2	LV3003061513	brown	ST13	138.493	state_05	DCI	-11.5943370401212	state_05	IG-D
2	LV3003061527	turquoise	ST13	133.7754	state_05	DCI	0	state_05	IG-D
2	LV3003061527	grey	ST13	133.7754	state_05	DCI	0	state_05	IG-D
2	LV3003061527	yellow	ST13	133.7754	state_05	DCI	0	state_05	IG-D
2	LV3003061539	yellow	ST13	130.0556	state_05	DCI	2.51475101988613	state_05	IG-D
2	LV3003061539	turquoise	ST13	130.0556	state_05	DCI	1.41564010243681	state_05	IG-D
2	LV3003061539	grey	ST13	130.0556	state_05	DCI	1.59092024637961	state_05	IG-D
2	LV3003061539	brown	ST13	130.0556	state_05	DCI	-11.7831856873224	state_05	IG-D
2	LV3003061539	green	ST13	130.0556	state_05	DCI	3.13093715930995	state_05	IG-D
2	LV3003061539	blue	ST13	130.0556	state_05	DCI	3.13093715930995	state_05	IG-D
2	LV3003061555	turquoise	ST13	126.443	state_05	DCI	-2.78794787841625	state_05	IG-D
2	LV3003061555	grey	ST13	126.443	state_05	DCI	-4.45667812903415	state_05	IG-D
2	LV3003061555	yellow	ST13	126.443	state_05	DCI	7.2446260074504	state_05	IG-D
2	LV3003061568	grey	ST13	121.6354	state_05	DCI	2.39486029664115	state_05	IG-D
2	LV3003061568	turquoise	ST13	121.6354	state_05	DCI	-7.18458088992346	state_05	IG-D
2	LV3003061568	yellow	ST13	121.6354	state_05	DCI	2.39486029664115	state_05	IG-D
2	LV3003061568	blue	ST13	121.6354	state_05	DCI	2.39486029664115	state_05	IG-D
2	LV7008886228	grey	GeoB25202_R2	120.0235	state_05	DCI	1.16671814927308	state_05	IG-D
2	LV7008886228	turquoise	GeoB25202_R2	120.0235	state_05	DCI	-7.41309832203209	state_05	IG-D
2	LV7008886228	yellow	GeoB25202_R2	120.0235	state_05	DCI	3.1231900863795	state_05	IG-D
2	LV7008886228	brown	GeoB25202_R2	120.0235	state_05	DCI	3.1231900863795	state_05	IG-D
2	LV7008886705	turquoise	GeoB25202_R1	59.738	state_05	DCI	-1.31042092435296	state_05	IG-D
2	LV7008886705	grey	GeoB25202_R1	59.738	state_05	DCI	-0.851957460687893	state_05	IG-D
2	LV7008886705	yellow	GeoB25202_R1	59.738	state_05	DCI	0.720792795013618	state_05	IG-D
2	LV7008886705	brown	GeoB25202_R1	59.738	state_05	DCI	0.720792795013618	state_05	IG-D
2	LV7008886705	green	GeoB25202_R1	59.738	state_05	DCI	0.720792795013618	state_05	IG-D
2	LV7008886717	turquoise	GeoB25202_R2	59.738	state_05	DCI	-1.62312978074122	state_05	IG-D
2	LV7008886717	grey	GeoB25202_R2	59.738	state_05	DCI	-0.928248437390738	state_05	IG-D
2	LV7008886717	green	GeoB25202_R2	59.738	state_05	DCI	0.637844554532988	state_05	IG-D
2	LV7008886717	yellow	GeoB25202_R2	59.738	state_05	DCI	0.637844554532988	state_05	IG-D
2	LV7008886717	blue	GeoB25202_R2	59.738	state_05	DCI	0.637844554532988	state_05	IG-D
2	LV7008886717	brown	GeoB25202_R2	59.738	state_05	DCI	0.637844554532988	state_05	IG-D
2	LV7008886719	grey	GeoB25202_R1	87.2825	state_05	DCI	-2.84982902378568	state_05	IG-D
2	LV7008886719	turquoise	GeoB25202_R1	87.2825	state_05	DCI	-3.50159532773608	state_05	IG-D
2	LV7008886719	green	GeoB25202_R1	87.2825	state_05	DCI	-1.40250936894804	state_05	IG-D
2	LV7008886719	blue	GeoB25202_R1	87.2825	state_05	DCI	-1.40250936894804	state_05	IG-D
2	LV7008886719	yellow	GeoB25202_R1	87.2825	state_05	DCI	10.5589524583659	state_05	IG-D
2	LV7008886719	brown	GeoB25202_R1	87.2825	state_05	DCI	-1.40250936894804	state_05	IG-D
2	LV7008886731	grey	GeoB25202_R2	87.2825	state_05	DCI	-0.494803727472579	state_05	IG-D
2	LV7008886731	turquoise	GeoB25202_R2	87.2825	state_05	DCI	-1.26516474254472	state_05	IG-D
2	LV7008886731	yellow	GeoB25202_R2	87.2825	state_05	DCI	0.283498718595802	state_05	IG-D
2	LV7008886731	brown	GeoB25202_R2	87.2825	state_05	DCI	0.738234875710749	state_05	IG-D
2	LV7008886731	green	GeoB25202_R2	87.2825	state_05	DCI	0.738234875710749	state_05	IG-D
2	LV7008886741	turquoise	GeoB25202_R1	58.997	state_05	DCI	-9.16442734927177	state_05	IG-D
2	LV7008886741	grey	GeoB25202_R1	58.997	state_05	DCI	2.92849948688637	state_05	IG-D
2	LV7008886741	yellow	GeoB25202_R1	58.997	state_05	DCI	3.1179639311927	state_05	IG-D
2	LV7008886741	green	GeoB25202_R1	58.997	state_05	DCI	3.1179639311927	state_05	IG-D
2	LV7008886744	grey	GeoB25202_R1	105.5785	state_05	DCI	1.4484645610342	state_05	IG-D
2	LV7008886744	turquoise	GeoB25202_R1	105.5785	state_05	DCI	1.75443861575472	state_05	IG-D
2	LV7008886744	yellow	GeoB25202_R1	105.5785	state_05	DCI	-9.52519370341033	state_05	IG-D
2	LV7008886744	green	GeoB25202_R1	105.5785	state_05	DCI	3.16114526331071	state_05	IG-D
2	LV7008886744	brown	GeoB25202_R1	105.5785	state_05	DCI	3.16114526331071	state_05	IG-D
2	LV7008886745	grey	GeoB25202_R2	136.2775	state_05	DCI	1.1723782918145	state_05	IG-D
2	LV7008886745	turquoise	GeoB25202_R2	136.2775	state_05	DCI	1.82487497468291	state_05	IG-D
2	LV7008886745	yellow	GeoB25202_R2	136.2775	state_05	DCI	-7.33898968169229	state_05	IG-D
2	LV7008886745	green	GeoB25202_R2	136.2775	state_05	DCI	4.34173641519489	state_05	IG-D
2	LV7008886753	turquoise	GeoB25202_R2	58.997	state_05	DCI	0.450182875977484	state_05	IG-D
2	LV7008886753	yellow	GeoB25202_R2	58.997	state_05	DCI	-9.44953529972076	state_05	IG-D
2	LV7008886753	grey	GeoB25202_R2	58.997	state_05	DCI	1.81417604826988	state_05	IG-D
2	LV7008886753	blue	GeoB25202_R2	58.997	state_05	DCI	2.39505879182447	state_05	IG-D
2	LV7008886753	green	GeoB25202_R2	58.997	state_05	DCI	2.39505879182447	state_05	IG-D
2	LV7008886753	brown	GeoB25202_R2	58.997	state_05	DCI	2.39505879182447	state_05	IG-D
2	LV7008886757	grey	GeoB25202_R1	123.1195	state_05	DCI	2.32145129672032	state_05	IG-D
2	LV7008886757	turquoise	GeoB25202_R1	123.1195	state_05	DCI	-6.27543771289379	state_05	IG-D
2	LV7008886757	yellow	GeoB25202_R1	123.1195	state_05	DCI	3.95398641617346	state_05	IG-D
2	LV7008886769	grey	GeoB25202_R2	123.1195	state_05	DCI	4.36062347176868	state_05	IG-D
2	LV7008886769	turquoise	GeoB25202_R2	123.1195	state_05	DCI	-6.44652490078909	state_05	IG-D
2	LV7008886769	yellow	GeoB25202_R2	123.1195	state_05	DCI	-6.01710598586082	state_05	IG-D
2	LV7008886769	brown	GeoB25202_R2	123.1195	state_05	DCI	4.05150370744062	state_05	IG-D
2	LV7008886769	blue	GeoB25202_R2	123.1195	state_05	DCI	4.05150370744062	state_05	IG-D
2	LV7008886781	grey	GeoB25202_R1	120.0235	state_05	DCI	3.73123371420664	state_05	IG-D
2	LV7008886781	turquoise	GeoB25202_R1	120.0235	state_05	DCI	-7.05710770911772	state_05	IG-D
2	LV7008886781	yellow	GeoB25202_R1	120.0235	state_05	DCI	3.32587399491108	state_05	IG-D
2	LV3003047028	turquoise	ST8	4.753	state_05	MII	-3.83049433198862	state_05	IG-D
2	LV3003047028	grey	ST8	4.753	state_05	MII	7.76745346749874	state_05	IG-D
2	LV3003047028	green	ST8	4.753	state_05	MII	-3.93695913551012	state_05	IG-D
2	LV3003047059	turquoise	ST8	107.683	state_05	MII	2.17089610081832	state_05	IG-D
2	LV3003047059	grey	ST8	107.683	state_05	MII	3.74037300933143	state_05	IG-D
2	LV3003047059	yellow	ST8	107.683	state_05	MII	2.50571085413986	state_05	IG-D
2	LV3003047059	green	ST8	107.683	state_05	MII	-8.41697996428961	state_05	IG-D
2	LV3003047060	turquoise	ST8	106.686	state_05	MII	3.35900878573431	state_05	IG-D
2	LV3003047060	grey	ST8	106.686	state_05	MII	5.61513021903864	state_05	IG-D
2	LV3003047060	yellow	ST8	106.686	state_05	MII	4.27846041441789	state_05	IG-D
2	LV3003047060	blue	ST8	106.686	state_05	MII	-6.98139139345168	state_05	IG-D
2	LV3003047060	green	ST8	106.686	state_05	MII	-6.27120802573916	state_05	IG-D
2	LV3003047061	turquoise	ST8	105.689	state_05	MII	-1.77246805074252	state_05	IG-D
2	LV3003047061	grey	ST8	105.689	state_05	MII	1.2860131588539	state_05	IG-D
2	LV3003047061	yellow	ST8	105.689	state_05	MII	0.486454891888626	state_05	IG-D
2	LV3003047062	grey	ST8	104.692	state_05	MII	6.50850226425615	state_05	IG-D
2	LV3003047062	turquoise	ST8	104.692	state_05	MII	5.50467038724943	state_05	IG-D
2	LV3003047062	yellow	ST8	104.692	state_05	MII	-6.44387878975418	state_05	IG-D
2	LV3003047062	brown	ST8	104.692	state_05	MII	-5.5692938617514	state_05	IG-D
2	LV3003047063	grey	ST8	103.695	state_05	MII	4.93285957191227	state_05	IG-D
2	LV3003047063	turquoise	ST8	103.695	state_05	MII	3.28236970611473	state_05	IG-D
2	LV3003047063	yellow	ST8	103.695	state_05	MII	-8.215229278027	state_05	IG-D
2	LV3003047064	turquoise	ST8	96.283	state_05	MII	-5.39104170055587	state_05	IG-D
2	LV3003047064	grey	ST8	96.283	state_05	MII	5.39104170055587	state_05	IG-D
2	LV3003047065	turquoise	ST8	53.61018	state_05	MII	1.29913761605191	state_05	IG-D
2	LV3003047065	grey	ST8	53.61018	state_05	MII	3.20104535094692	state_05	IG-D
2	LV3003047065	yellow	ST8	53.61018	state_05	MII	1.35182612719148	state_05	IG-D
2	LV3003047065	brown	ST8	53.61018	state_05	MII	3.62218011902361	state_05	IG-D
2	LV3003047065	blue	ST8	53.61018	state_05	MII	-9.47418921321392	state_05	IG-D
2	LV3003047073	grey	ST8	101.685	state_05	MII	-0.812816299177041	state_05	IG-D
2	LV3003047073	turquoise	ST8	101.685	state_05	MII	0.812816299177041	state_05	IG-D
2	LV3003047074	grey	ST8	100.672	state_05	MII	4.0187282332383	state_05	IG-D
2	LV3003047074	brown	ST8	100.672	state_05	MII	4.94764561388475	state_05	IG-D
2	LV3003047074	turquoise	ST8	100.672	state_05	MII	-8.96637384712305	state_05	IG-D
2	LV3003047077	turquoise	ST8	99.7145	state_05	MII	-1.40837029810456	state_05	IG-D
2	LV3003047077	grey	ST8	99.7145	state_05	MII	0.193539455430885	state_05	IG-D
2	LV3003047077	yellow	ST8	99.7145	state_05	MII	-0.999799463525203	state_05	IG-D
2	LV3003047077	brown	ST8	99.7145	state_05	MII	1.65662129743349	state_05	IG-D
2	LV3003047077	blue	ST8	99.7145	state_05	MII	0.558009008765383	state_05	IG-D
2	LV3003047078	grey	ST8	98.757	state_05	MII	5.09955134019999	state_05	IG-D
2	LV3003047078	turquoise	ST8	98.757	state_05	MII	2.79579101902196	state_05	IG-D
2	LV3003047078	yellow	ST8	98.757	state_05	MII	-7.89534235922195	state_05	IG-D
2	LV3003047087	turquoise	ST8	94.9015	state_05	MII	2.18237435119587	state_05	IG-D
2	LV3003047087	grey	ST8	94.9015	state_05	MII	3.60563152263234	state_05	IG-D
2	LV3003047087	yellow	ST8	94.9015	state_05	MII	3.19955703833789	state_05	IG-D
2	LV3003047087	green	ST8	94.9015	state_05	MII	-8.9875629121661	state_05	IG-D
2	LV3003047088	grey	ST8	93.52	state_05	MII	6.79296396834694	state_05	IG-D
2	LV3003047088	turquoise	ST8	93.52	state_05	MII	3.91856515235043	state_05	IG-D
2	LV3003047088	yellow	ST8	93.52	state_05	MII	-4.95622647479704	state_05	IG-D
2	LV3003047088	green	ST8	93.52	state_05	MII	-5.75530264590033	state_05	IG-D
2	LV3003047089	turquoise	ST8	92.1385	state_05	MII	7.12754226738535	state_05	IG-D
2	LV3003047089	grey	ST8	92.1385	state_05	MII	7.97623456594922	state_05	IG-D
2	LV3003047089	green	ST8	92.1385	state_05	MII	-4.87824988655912	state_05	IG-D
2	LV3003047089	blue	ST8	92.1385	state_05	MII	-5.43422995034358	state_05	IG-D
2	LV3003047089	yellow	ST8	92.1385	state_05	MII	-4.79129699643187	state_05	IG-D
2	LV3003047090	grey	ST8	90.757	state_05	MII	6.03161726238317	state_05	IG-D
2	LV3003047090	turquoise	ST8	90.757	state_05	MII	6.05690481214496	state_05	IG-D
2	LV3003047090	yellow	ST8	90.757	state_05	MII	-6.57681693437448	state_05	IG-D
2	LV3003047090	green	ST8	90.757	state_05	MII	-5.51170514015365	state_05	IG-D
2	LV3003047101	turquoise	ST8	85.23	state_05	MII	4.9746267315068	state_05	IG-D
2	LV3003047101	grey	ST8	85.23	state_05	MII	5.35562082869159	state_05	IG-D
2	LV3003047101	yellow	ST8	85.23	state_05	MII	3.84066767272433	state_05	IG-D
2	LV3003047101	green	ST8	85.23	state_05	MII	-6.76044279883936	state_05	IG-D
2	LV3003047101	blue	ST8	85.23	state_05	MII	-7.41047243408335	state_05	IG-D
2	LV3003047104	turquoise	ST8	83.84125	state_05	MII	6.04785541949454	state_05	IG-D
2	LV3003047104	grey	ST8	83.84125	state_05	MII	6.25462384979238	state_05	IG-D
2	LV3003047104	yellow	ST8	83.84125	state_05	MII	-6.34219514712242	state_05	IG-D
2	LV3003047104	green	ST8	83.84125	state_05	MII	-5.96028412216451	state_05	IG-D
2	LV3003047105	turquoise	ST8	82.4525	state_05	MII	6.02550509844003	state_05	IG-D
2	LV3003047105	grey	ST8	82.4525	state_05	MII	5.85675406281199	state_05	IG-D
2	LV3003047105	yellow	ST8	82.4525	state_05	MII	-6.06620165719237	state_05	IG-D
2	LV3003047105	green	ST8	82.4525	state_05	MII	-5.81605750405965	state_05	IG-D
2	LV3003047106	grey	ST8	81.06375	state_05	MII	3.85566579077002	state_05	IG-D
2	LV3003047106	turquoise	ST8	81.06375	state_05	MII	2.81998303782997	state_05	IG-D
2	LV3003047106	green	ST8	81.06375	state_05	MII	-8.88815104379285	state_05	IG-D
2	LV3003047106	yellow	ST8	81.06375	state_05	MII	2.21250221519287	state_05	IG-D
2	LV3003047122	turquoise	ST8	76.951	state_05	MII	3.69635497041597	state_05	IG-D
2	LV3003047122	grey	ST8	76.951	state_05	MII	4.52193777399032	state_05	IG-D
2	LV3003047122	yellow	ST8	76.951	state_05	MII	-8.21829274440629	state_05	IG-D
2	LV3003047123	turquoise	ST8	75.589	state_05	MII	3.73367754972362	state_05	IG-D
2	LV3003047123	grey	ST8	75.589	state_05	MII	4.19288052718656	state_05	IG-D
2	LV3003047123	yellow	ST8	75.589	state_05	MII	-7.92655807691018	state_05	IG-D
2	LV3003047124	grey	ST8	74.227	state_05	MII	2.59485723542064	state_05	IG-D
2	LV3003047124	turquoise	ST8	74.227	state_05	MII	2.32285351571906	state_05	IG-D
2	LV3003047124	yellow	ST8	74.227	state_05	MII	-9.89923092847418	state_05	IG-D
2	LV3003047124	brown	ST8	74.227	state_05	MII	4.98152017733448	state_05	IG-D
2	LV3003047125	turquoise	ST8	72.872	state_05	MII	5.70703677981803	state_05	IG-D
2	LV3003047125	grey	ST8	72.872	state_05	MII	6.43408971182569	state_05	IG-D
2	LV3003047125	yellow	ST8	72.872	state_05	MII	-6.20487998622055	state_05	IG-D
2	LV3003047125	green	ST8	72.872	state_05	MII	-5.93624650542317	state_05	IG-D
2	LV3003047127	turquoise	ST8	47.6248	state_05	MII	5.5497942251381	state_05	IG-D
2	LV3003047127	grey	ST8	47.6248	state_05	MII	6.85030029036378	state_05	IG-D
2	LV3003047127	yellow	ST8	47.6248	state_05	MII	-6.47785187094742	state_05	IG-D
2	LV3003047127	brown	ST8	47.6248	state_05	MII	-5.92224264455446	state_05	IG-D
2	LV3003047140	turquoise	ST8	46.0948	state_05	MII	3.33350674109019	state_05	IG-D
2	LV3003047140	grey	ST8	46.0948	state_05	MII	4.98081997294973	state_05	IG-D
2	LV3003047140	yellow	ST8	46.0948	state_05	MII	-8.31432671403992	state_05	IG-D
2	LV3003047141	turquoise	ST8	39.15347	state_05	MII	-1.30889273401244	state_05	IG-D
2	LV3003047141	grey	ST8	39.15347	state_05	MII	0.145941912211606	state_05	IG-D
2	LV3003047141	yellow	ST8	39.15347	state_05	MII	1.16295082180083	state_05	IG-D
2	LV3003047160	turquoise	ST8	55.8911266666667	state_05	MII	-4.59669992093407	state_05	IG-D
2	LV3003047160	grey	ST8	55.8911266666667	state_05	MII	9.41193579787061	state_05	IG-D
2	LV3003047160	yellow	ST8	55.8911266666667	state_05	MII	-4.81523587693653	state_05	IG-D
2	LV3003047161	turquoise	ST8	54.98346	state_05	MII	-4.22429097493823	state_05	IG-D
2	LV3003047161	grey	ST8	54.98346	state_05	MII	8.66948493169122	state_05	IG-D
2	LV3003047161	yellow	ST8	54.98346	state_05	MII	-4.44519395675299	state_05	IG-D
2	LV3003047162	grey	ST8	102.698	state_05	MII	2.89085181626904	state_05	IG-D
2	LV3003047162	turquoise	ST8	102.698	state_05	MII	-10.361423184595	state_05	IG-D
2	LV3003047162	yellow	ST8	102.698	state_05	MII	-10.8322635721894	state_05	IG-D
2	LV3003047162	brown	ST8	102.698	state_05	MII	18.3028349405154	state_05	IG-D
2	LV3003061473	grey	ST13	117.088	state_05	MII	4.46541759202726	state_05	IG-D
2	LV3003061473	turquoise	ST13	117.088	state_05	MII	1.62734554657644	state_05	IG-D
2	LV3003061473	yellow	ST13	117.088	state_05	MII	2.28308217076746	state_05	IG-D
2	LV3003061473	green	ST13	117.088	state_05	MII	-8.37584530937116	state_05	IG-D
2	LV3003061486	turquoise	ST13	52.105	state_05	MII	2.48096599626235	state_05	IG-D
2	LV3003061486	grey	ST13	52.105	state_05	MII	2.95281780603148	state_05	IG-D
2	LV3003061486	yellow	ST13	52.105	state_05	MII	3.01305789383841	state_05	IG-D
2	LV3003061486	green	ST13	52.105	state_05	MII	-8.44684169613225	state_05	IG-D
2	LV3003061489	turquoise	ST13	112.6068	state_05	MII	6.57322958868205	state_05	IG-D
2	LV3003061489	grey	ST13	112.6068	state_05	MII	8.25153180971267	state_05	IG-D
2	LV3003061489	green	ST13	112.6068	state_05	MII	-4.61542262888775	state_05	IG-D
2	LV3003061489	yellow	ST13	112.6068	state_05	MII	-4.91065538756611	state_05	IG-D
2	LV3003061489	blue	ST13	112.6068	state_05	MII	-5.29868338194087	state_05	IG-D
2	LV3003061500	grey	ST13	148.086	state_05	MII	4.47509713735572	state_05	IG-D
2	LV3003061500	turquoise	ST13	148.086	state_05	MII	3.65550697190508	state_05	IG-D
2	LV3003061500	yellow	ST13	148.086	state_05	MII	3.86319931803923	state_05	IG-D
2	LV3003061500	brown	ST13	148.086	state_05	MII	5.49772091979578	state_05	IG-D
2	LV3003061500	blue	ST13	148.086	state_05	MII	-9.09197785400587	state_05	IG-D
2	LV3003061500	green	ST13	148.086	state_05	MII	-8.39954649308994	state_05	IG-D
2	LV3003061513	yellow	ST13	138.493	state_05	MII	5.75650502088473	state_05	IG-D
2	LV3003061513	turquoise	ST13	138.493	state_05	MII	5.17709644375967	state_05	IG-D
2	LV3003061513	green	ST13	138.493	state_05	MII	-6.25087331557815	state_05	IG-D
2	LV3003061513	grey	ST13	138.493	state_05	MII	6.88959536897381	state_05	IG-D
2	LV3003061513	blue	ST13	138.493	state_05	MII	-6.56578585406506	state_05	IG-D
2	LV3003061513	brown	ST13	138.493	state_05	MII	-5.006537663975	state_05	IG-D
2	LV3003061527	turquoise	ST13	133.7754	state_05	MII	-4.06989725287772	state_05	IG-D
2	LV3003061527	grey	ST13	133.7754	state_05	MII	8.11841950862698	state_05	IG-D
2	LV3003061527	yellow	ST13	133.7754	state_05	MII	-4.04852225574926	state_05	IG-D
2	LV3003061539	yellow	ST13	130.0556	state_05	MII	5.84096859271478	state_05	IG-D
2	LV3003061539	turquoise	ST13	130.0556	state_05	MII	4.79005006486411	state_05	IG-D
2	LV3003061539	grey	ST13	130.0556	state_05	MII	6.93580730051906	state_05	IG-D
2	LV3003061539	brown	ST13	130.0556	state_05	MII	-5.42791308642493	state_05	IG-D
2	LV3003061539	green	ST13	130.0556	state_05	MII	-6.01785260468815	state_05	IG-D
2	LV3003061539	blue	ST13	130.0556	state_05	MII	-6.12106026698488	state_05	IG-D
2	LV3003061555	turquoise	ST13	126.443	state_05	MII	-1.33149857567308	state_05	IG-D
2	LV3003061555	grey	ST13	126.443	state_05	MII	1.62996598421662	state_05	IG-D
2	LV3003061555	yellow	ST13	126.443	state_05	MII	-0.298467408543544	state_05	IG-D
2	LV3003061568	grey	ST13	121.6354	state_05	MII	3.41324938641322	state_05	IG-D
2	LV3003061568	turquoise	ST13	121.6354	state_05	MII	0.982742404182594	state_05	IG-D
2	LV3003061568	yellow	ST13	121.6354	state_05	MII	-9.45901382753311	state_05	IG-D
2	LV3003061568	blue	ST13	121.6354	state_05	MII	5.06302203693729	state_05	IG-D
2	LV7008886228	grey	GeoB25202_R2	120.0235	state_05	MII	-0.350443743687222	state_05	IG-D
2	LV7008886228	turquoise	GeoB25202_R2	120.0235	state_05	MII	-0.775963410574907	state_05	IG-D
2	LV7008886228	yellow	GeoB25202_R2	120.0235	state_05	MII	-1.13126798123828	state_05	IG-D
2	LV7008886228	brown	GeoB25202_R2	120.0235	state_05	MII	2.25767513550041	state_05	IG-D
2	LV7008886705	turquoise	GeoB25202_R1	59.738	state_05	MII	3.54307936030715	state_05	IG-D
2	LV7008886705	grey	GeoB25202_R1	59.738	state_05	MII	5.28004859475289	state_05	IG-D
2	LV7008886705	yellow	GeoB25202_R1	59.738	state_05	MII	-7.85921368872905	state_05	IG-D
2	LV7008886705	brown	GeoB25202_R1	59.738	state_05	MII	6.84975753860948	state_05	IG-D
2	LV7008886705	green	GeoB25202_R1	59.738	state_05	MII	-7.81367180494047	state_05	IG-D
2	LV7008886717	turquoise	GeoB25202_R2	59.738	state_05	MII	0.689479584804099	state_05	IG-D
2	LV7008886717	grey	GeoB25202_R2	59.738	state_05	MII	2.21463146377665	state_05	IG-D
2	LV7008886717	green	GeoB25202_R2	59.738	state_05	MII	-10.9416081862318	state_05	IG-D
2	LV7008886717	yellow	GeoB25202_R2	59.738	state_05	MII	0.836175310755858	state_05	IG-D
2	LV7008886717	blue	GeoB25202_R2	59.738	state_05	MII	-10.9668883429048	state_05	IG-D
2	LV7008886717	brown	GeoB25202_R2	59.738	state_05	MII	18.1682101698	state_05	IG-D
2	LV7008886719	grey	GeoB25202_R1	87.2825	state_05	MII	6.40019376656142	state_05	IG-D
2	LV7008886719	turquoise	GeoB25202_R1	87.2825	state_05	MII	6.0423447928372	state_05	IG-D
2	LV7008886719	green	GeoB25202_R1	87.2825	state_05	MII	-5.71167168995235	state_05	IG-D
2	LV7008886719	blue	GeoB25202_R1	87.2825	state_05	MII	-6.57647272166399	state_05	IG-D
2	LV7008886719	yellow	GeoB25202_R1	87.2825	state_05	MII	6.01661346577354	state_05	IG-D
2	LV7008886719	brown	GeoB25202_R1	87.2825	state_05	MII	-6.17100761355582	state_05	IG-D
2	LV7008886731	grey	GeoB25202_R2	87.2825	state_05	MII	5.65085256691023	state_05	IG-D
2	LV7008886731	turquoise	GeoB25202_R2	87.2825	state_05	MII	5.3384606884128	state_05	IG-D
2	LV7008886731	yellow	GeoB25202_R2	87.2825	state_05	MII	4.48436054562712	state_05	IG-D
2	LV7008886731	brown	GeoB25202_R2	87.2825	state_05	MII	-8.06105151349001	state_05	IG-D
2	LV7008886731	green	GeoB25202_R2	87.2825	state_05	MII	-7.41262228746014	state_05	IG-D
2	LV7008886741	turquoise	GeoB25202_R1	58.997	state_05	MII	5.28714449961248	state_05	IG-D
2	LV7008886741	grey	GeoB25202_R1	58.997	state_05	MII	7.32810761634455	state_05	IG-D
2	LV7008886741	yellow	GeoB25202_R1	58.997	state_05	MII	-6.12678379220443	state_05	IG-D
2	LV7008886741	green	GeoB25202_R1	58.997	state_05	MII	-6.4884683237526	state_05	IG-D
2	LV7008886744	grey	GeoB25202_R1	105.5785	state_05	MII	2.70504491212647	state_05	IG-D
2	LV7008886744	turquoise	GeoB25202_R1	105.5785	state_05	MII	1.79861218902335	state_05	IG-D
2	LV7008886744	yellow	GeoB25202_R1	105.5785	state_05	MII	1.21680716248379	state_05	IG-D
2	LV7008886744	green	GeoB25202_R1	105.5785	state_05	MII	-10.2275372470723	state_05	IG-D
2	LV7008886744	brown	GeoB25202_R1	105.5785	state_05	MII	4.50707298343866	state_05	IG-D
2	LV7008886745	grey	GeoB25202_R2	136.2775	state_05	MII	3.33211060853255	state_05	IG-D
2	LV7008886745	turquoise	GeoB25202_R2	136.2775	state_05	MII	2.19881565103454	state_05	IG-D
2	LV7008886745	yellow	GeoB25202_R2	136.2775	state_05	MII	3.36210052528444	state_05	IG-D
2	LV7008886745	green	GeoB25202_R2	136.2775	state_05	MII	-8.89302678485153	state_05	IG-D
2	LV7008886753	turquoise	GeoB25202_R2	58.997	state_05	MII	5.24464306805915	state_05	IG-D
2	LV7008886753	yellow	GeoB25202_R2	58.997	state_05	MII	5.65444793513099	state_05	IG-D
2	LV7008886753	grey	GeoB25202_R2	58.997	state_05	MII	6.8032006235734	state_05	IG-D
2	LV7008886753	blue	GeoB25202_R2	58.997	state_05	MII	-5.83558048992667	state_05	IG-D
2	LV7008886753	green	GeoB25202_R2	58.997	state_05	MII	-5.62566553880206	state_05	IG-D
2	LV7008886753	brown	GeoB25202_R2	58.997	state_05	MII	-6.24104559803483	state_05	IG-D
2	LV7008886757	grey	GeoB25202_R1	123.1195	state_05	MII	0.437711461581538	state_05	IG-D
2	LV7008886757	turquoise	GeoB25202_R1	123.1195	state_05	MII	0.345651929662107	state_05	IG-D
2	LV7008886757	yellow	GeoB25202_R1	123.1195	state_05	MII	-0.783363391243644	state_05	IG-D
2	LV7008886769	grey	GeoB25202_R2	123.1195	state_05	MII	-0.293898197933232	state_05	IG-D
2	LV7008886769	turquoise	GeoB25202_R2	123.1195	state_05	MII	-1.03699024909698	state_05	IG-D
2	LV7008886769	yellow	GeoB25202_R2	123.1195	state_05	MII	-1.02626482905879	state_05	IG-D
2	LV7008886769	brown	GeoB25202_R2	123.1195	state_05	MII	1.72788278237855	state_05	IG-D
2	LV7008886769	blue	GeoB25202_R2	123.1195	state_05	MII	0.629270493710444	state_05	IG-D
2	LV7008886781	grey	GeoB25202_R1	120.0235	state_05	MII	4.35366936428672	state_05	IG-D
2	LV7008886781	turquoise	GeoB25202_R1	120.0235	state_05	MII	3.58028161505182	state_05	IG-D
2	LV7008886781	yellow	GeoB25202_R1	120.0235	state_05	MII	-7.93395097933854	state_05	IG-D
2	LV3003047028	turquoise	ST8	4.753	state_05	SRPI	2.38147800148215	state_05	IG-D
2	LV3003047028	grey	ST8	4.753	state_05	SRPI	3.65262699295482	state_05	IG-D
2	LV3003047028	green	ST8	4.753	state_05	SRPI	-6.03410499443697	state_05	IG-D
2	LV3003047059	turquoise	ST8	107.683	state_05	SRPI	-0.313322849049275	state_05	IG-D
2	LV3003047059	grey	ST8	107.683	state_05	SRPI	0.460944038517772	state_05	IG-D
2	LV3003047059	yellow	ST8	107.683	state_05	SRPI	-0.583061200480552	state_05	IG-D
2	LV3003047059	green	ST8	107.683	state_05	SRPI	0.435440011012056	state_05	IG-D
2	LV3003047060	turquoise	ST8	106.686	state_05	SRPI	1.44022191503567	state_05	IG-D
2	LV3003047060	grey	ST8	106.686	state_05	SRPI	1.94727455846285	state_05	IG-D
2	LV3003047060	yellow	ST8	106.686	state_05	SRPI	1.15272888639485	state_05	IG-D
2	LV3003047060	blue	ST8	106.686	state_05	SRPI	2.1691604114618	state_05	IG-D
2	LV3003047060	green	ST8	106.686	state_05	SRPI	-6.70938577135518	state_05	IG-D
2	LV3003047061	turquoise	ST8	105.689	state_05	SRPI	0.0261896175903544	state_05	IG-D
2	LV3003047061	grey	ST8	105.689	state_05	SRPI	0.754120279792727	state_05	IG-D
2	LV3003047061	yellow	ST8	105.689	state_05	SRPI	-0.780309897383082	state_05	IG-D
2	LV3003047062	grey	ST8	104.692	state_05	SRPI	0.448984248977363	state_05	IG-D
2	LV3003047062	turquoise	ST8	104.692	state_05	SRPI	-0.0285849581288931	state_05	IG-D
2	LV3003047062	yellow	ST8	104.692	state_05	SRPI	-0.260401827765893	state_05	IG-D
2	LV3003047062	brown	ST8	104.692	state_05	SRPI	-0.159997463082577	state_05	IG-D
2	LV3003047063	grey	ST8	103.695	state_05	SRPI	0.220102837222251	state_05	IG-D
2	LV3003047063	turquoise	ST8	103.695	state_05	SRPI	-0.301711683363433	state_05	IG-D
2	LV3003047063	yellow	ST8	103.695	state_05	SRPI	0.0816088461411824	state_05	IG-D
2	LV3003047064	turquoise	ST8	96.283	state_05	SRPI	-0.255649650742956	state_05	IG-D
2	LV3003047064	grey	ST8	96.283	state_05	SRPI	0.255649650742956	state_05	IG-D
2	LV3003047065	turquoise	ST8	53.61018	state_05	SRPI	1.47482472226615	state_05	IG-D
2	LV3003047065	grey	ST8	53.61018	state_05	SRPI	1.61431986323658	state_05	IG-D
2	LV3003047065	yellow	ST8	53.61018	state_05	SRPI	1.65330594262604	state_05	IG-D
2	LV3003047065	brown	ST8	53.61018	state_05	SRPI	2.24489276048554	state_05	IG-D
2	LV3003047065	blue	ST8	53.61018	state_05	SRPI	-6.98734328861431	state_05	IG-D
2	LV3003047073	grey	ST8	101.685	state_05	SRPI	-0.00724021611430664	state_05	IG-D
2	LV3003047073	turquoise	ST8	101.685	state_05	SRPI	0.00724021611430659	state_05	IG-D
2	LV3003047074	grey	ST8	100.672	state_05	SRPI	1.40251950812601	state_05	IG-D
2	LV3003047074	brown	ST8	100.672	state_05	SRPI	-2.83794775247745	state_05	IG-D
2	LV3003047074	turquoise	ST8	100.672	state_05	SRPI	1.43542824435144	state_05	IG-D
2	LV3003047077	turquoise	ST8	99.7145	state_05	SRPI	2.01607258624324	state_05	IG-D
2	LV3003047077	grey	ST8	99.7145	state_05	SRPI	3.14994217803543	state_05	IG-D
2	LV3003047077	yellow	ST8	99.7145	state_05	SRPI	2.15323559617393	state_05	IG-D
2	LV3003047077	brown	ST8	99.7145	state_05	SRPI	-1.35704008723225	state_05	IG-D
2	LV3003047077	blue	ST8	99.7145	state_05	SRPI	-5.96221027322034	state_05	IG-D
2	LV3003047078	grey	ST8	98.757	state_05	SRPI	0.417733515107523	state_05	IG-D
2	LV3003047078	turquoise	ST8	98.757	state_05	SRPI	-0.235657431239887	state_05	IG-D
2	LV3003047078	yellow	ST8	98.757	state_05	SRPI	-0.182076083867636	state_05	IG-D
2	LV3003047087	turquoise	ST8	94.9015	state_05	SRPI	1.9787436024783	state_05	IG-D
2	LV3003047087	grey	ST8	94.9015	state_05	SRPI	2.53734418743284	state_05	IG-D
2	LV3003047087	yellow	ST8	94.9015	state_05	SRPI	1.66712688302271	state_05	IG-D
2	LV3003047087	green	ST8	94.9015	state_05	SRPI	-6.18321467293386	state_05	IG-D
2	LV3003047088	grey	ST8	93.52	state_05	SRPI	2.44266639337185	state_05	IG-D
2	LV3003047088	turquoise	ST8	93.52	state_05	SRPI	1.8871733885461	state_05	IG-D
2	LV3003047088	yellow	ST8	93.52	state_05	SRPI	2.11670105316646	state_05	IG-D
2	LV3003047088	green	ST8	93.52	state_05	SRPI	-6.44654083508441	state_05	IG-D
2	LV3003047089	turquoise	ST8	92.1385	state_05	SRPI	0.310861266707566	state_05	IG-D
2	LV3003047089	grey	ST8	92.1385	state_05	SRPI	0.726050737756135	state_05	IG-D
2	LV3003047089	green	ST8	92.1385	state_05	SRPI	-0.837217549513763	state_05	IG-D
2	LV3003047089	blue	ST8	92.1385	state_05	SRPI	0.2370794966922	state_05	IG-D
2	LV3003047089	yellow	ST8	92.1385	state_05	SRPI	-0.436773951642138	state_05	IG-D
2	LV3003047090	grey	ST8	90.757	state_05	SRPI	2.37597455828104	state_05	IG-D
2	LV3003047090	turquoise	ST8	90.757	state_05	SRPI	2.10817312073109	state_05	IG-D
2	LV3003047090	yellow	ST8	90.757	state_05	SRPI	2.02987491684063	state_05	IG-D
2	LV3003047090	green	ST8	90.757	state_05	SRPI	-6.51402259585276	state_05	IG-D
2	LV3003047101	turquoise	ST8	85.23	state_05	SRPI	0.591605832388541	state_05	IG-D
2	LV3003047101	grey	ST8	85.23	state_05	SRPI	0.912555261054251	state_05	IG-D
2	LV3003047101	yellow	ST8	85.23	state_05	SRPI	0.351753354707929	state_05	IG-D
2	LV3003047101	green	ST8	85.23	state_05	SRPI	-1.98482475994169	state_05	IG-D
2	LV3003047101	blue	ST8	85.23	state_05	SRPI	0.128910311790967	state_05	IG-D
2	LV3003047104	turquoise	ST8	83.84125	state_05	SRPI	2.37994488349495	state_05	IG-D
2	LV3003047104	grey	ST8	83.84125	state_05	SRPI	2.64730197966063	state_05	IG-D
2	LV3003047104	yellow	ST8	83.84125	state_05	SRPI	1.28544323606641	state_05	IG-D
2	LV3003047104	green	ST8	83.84125	state_05	SRPI	-6.31269009922199	state_05	IG-D
2	LV3003047105	turquoise	ST8	82.4525	state_05	SRPI	2.15221216809521	state_05	IG-D
2	LV3003047105	grey	ST8	82.4525	state_05	SRPI	2.76410324322284	state_05	IG-D
2	LV3003047105	yellow	ST8	82.4525	state_05	SRPI	1.48009127520169	state_05	IG-D
2	LV3003047105	green	ST8	82.4525	state_05	SRPI	-6.39640668651973	state_05	IG-D
2	LV3003047106	grey	ST8	81.06375	state_05	SRPI	0.665181797888283	state_05	IG-D
2	LV3003047106	turquoise	ST8	81.06375	state_05	SRPI	0.331770655136558	state_05	IG-D
2	LV3003047106	green	ST8	81.06375	state_05	SRPI	-0.596908417025459	state_05	IG-D
2	LV3003047106	yellow	ST8	81.06375	state_05	SRPI	-0.400044035999381	state_05	IG-D
2	LV3003047122	turquoise	ST8	76.951	state_05	SRPI	-0.274925845566683	state_05	IG-D
2	LV3003047122	grey	ST8	76.951	state_05	SRPI	0.271016929037077	state_05	IG-D
2	LV3003047122	yellow	ST8	76.951	state_05	SRPI	0.00390891652960501	state_05	IG-D
2	LV3003047123	turquoise	ST8	75.589	state_05	SRPI	-0.365366296297318	state_05	IG-D
2	LV3003047123	grey	ST8	75.589	state_05	SRPI	-0.276548965596284	state_05	IG-D
2	LV3003047123	yellow	ST8	75.589	state_05	SRPI	0.641915261893602	state_05	IG-D
2	LV3003047124	grey	ST8	74.227	state_05	SRPI	1.07666393100948	state_05	IG-D
2	LV3003047124	turquoise	ST8	74.227	state_05	SRPI	0.662087295372859	state_05	IG-D
2	LV3003047124	yellow	ST8	74.227	state_05	SRPI	1.7206869881746	state_05	IG-D
2	LV3003047124	brown	ST8	74.227	state_05	SRPI	-3.45943821455694	state_05	IG-D
2	LV3003047125	turquoise	ST8	72.872	state_05	SRPI	0.473589388970042	state_05	IG-D
2	LV3003047125	grey	ST8	72.872	state_05	SRPI	0.762780770666503	state_05	IG-D
2	LV3003047125	yellow	ST8	72.872	state_05	SRPI	0.391104529602047	state_05	IG-D
2	LV3003047125	green	ST8	72.872	state_05	SRPI	-1.62747468923859	state_05	IG-D
2	LV3003047127	turquoise	ST8	47.6248	state_05	SRPI	2.05501795757648	state_05	IG-D
2	LV3003047127	grey	ST8	47.6248	state_05	SRPI	2.61283010558695	state_05	IG-D
2	LV3003047127	yellow	ST8	47.6248	state_05	SRPI	1.68609047423567	state_05	IG-D
2	LV3003047127	brown	ST8	47.6248	state_05	SRPI	-6.3539385373991	state_05	IG-D
2	LV3003047140	turquoise	ST8	46.0948	state_05	SRPI	-0.330484085046943	state_05	IG-D
2	LV3003047140	grey	ST8	46.0948	state_05	SRPI	0.394119831673648	state_05	IG-D
2	LV3003047140	yellow	ST8	46.0948	state_05	SRPI	-0.0636357466267047	state_05	IG-D
2	LV3003047141	turquoise	ST8	39.15347	state_05	SRPI	-0.495186890510093	state_05	IG-D
2	LV3003047141	grey	ST8	39.15347	state_05	SRPI	0.642454981697156	state_05	IG-D
2	LV3003047141	yellow	ST8	39.15347	state_05	SRPI	-0.147268091187063	state_05	IG-D
2	LV3003047160	turquoise	ST8	55.8911266666667	state_05	SRPI	2.71834739082871	state_05	IG-D
2	LV3003047160	grey	ST8	55.8911266666667	state_05	SRPI	3.23453012578986	state_05	IG-D
2	LV3003047160	yellow	ST8	55.8911266666667	state_05	SRPI	-5.95287751661858	state_05	IG-D
2	LV3003047161	turquoise	ST8	54.98346	state_05	SRPI	0.261474365320344	state_05	IG-D
2	LV3003047161	grey	ST8	54.98346	state_05	SRPI	0.304509195562321	state_05	IG-D
2	LV3003047161	yellow	ST8	54.98346	state_05	SRPI	-0.565983560882664	state_05	IG-D
2	LV3003047162	grey	ST8	102.698	state_05	SRPI	2.21878253497818	state_05	IG-D
2	LV3003047162	turquoise	ST8	102.698	state_05	SRPI	1.88629604255599	state_05	IG-D
2	LV3003047162	yellow	ST8	102.698	state_05	SRPI	-6.66509917531556	state_05	IG-D
2	LV3003047162	brown	ST8	102.698	state_05	SRPI	2.56002059778139	state_05	IG-D
2	LV3003061473	grey	ST13	117.088	state_05	SRPI	2.46249719208629	state_05	IG-D
2	LV3003061473	turquoise	ST13	117.088	state_05	SRPI	1.98092416654352	state_05	IG-D
2	LV3003061473	yellow	ST13	117.088	state_05	SRPI	1.9407570649312	state_05	IG-D
2	LV3003061473	green	ST13	117.088	state_05	SRPI	-6.38417842356101	state_05	IG-D
2	LV3003061486	turquoise	ST13	52.105	state_05	SRPI	1.81135223943202	state_05	IG-D
2	LV3003061486	grey	ST13	52.105	state_05	SRPI	2.86279108950339	state_05	IG-D
2	LV3003061486	yellow	ST13	52.105	state_05	SRPI	1.67155452372721	state_05	IG-D
2	LV3003061486	green	ST13	52.105	state_05	SRPI	-6.34569785266261	state_05	IG-D
2	LV3003061489	turquoise	ST13	112.6068	state_05	SRPI	1.91153154366577	state_05	IG-D
2	LV3003061489	grey	ST13	112.6068	state_05	SRPI	2.17223748281956	state_05	IG-D
2	LV3003061489	green	ST13	112.6068	state_05	SRPI	1.00521349574369	state_05	IG-D
2	LV3003061489	yellow	ST13	112.6068	state_05	SRPI	1.57109581633529	state_05	IG-D
2	LV3003061489	blue	ST13	112.6068	state_05	SRPI	-6.66007833856431	state_05	IG-D
2	LV3003061500	grey	ST13	148.086	state_05	SRPI	1.85166978996404	state_05	IG-D
2	LV3003061500	turquoise	ST13	148.086	state_05	SRPI	1.44245753337662	state_05	IG-D
2	LV3003061500	yellow	ST13	148.086	state_05	SRPI	1.16653197742783	state_05	IG-D
2	LV3003061500	brown	ST13	148.086	state_05	SRPI	1.60509351096325	state_05	IG-D
2	LV3003061500	blue	ST13	148.086	state_05	SRPI	-6.98103700312043	state_05	IG-D
2	LV3003061500	green	ST13	148.086	state_05	SRPI	0.915284191388687	state_05	IG-D
2	LV3003061513	yellow	ST13	138.493	state_05	SRPI	-0.0695918741536615	state_05	IG-D
2	LV3003061513	turquoise	ST13	138.493	state_05	SRPI	-0.0515212390701115	state_05	IG-D
2	LV3003061513	green	ST13	138.493	state_05	SRPI	-0.997585992508068	state_05	IG-D
2	LV3003061513	grey	ST13	138.493	state_05	SRPI	-0.00843913394822504	state_05	IG-D
2	LV3003061513	blue	ST13	138.493	state_05	SRPI	0.869809242262234	state_05	IG-D
2	LV3003061513	brown	ST13	138.493	state_05	SRPI	0.257328997417832	state_05	IG-D
2	LV3003061527	turquoise	ST13	133.7754	state_05	SRPI	-0.0927098862941506	state_05	IG-D
2	LV3003061527	grey	ST13	133.7754	state_05	SRPI	0.358700891221007	state_05	IG-D
2	LV3003061527	yellow	ST13	133.7754	state_05	SRPI	-0.265991004926856	state_05	IG-D
2	LV3003061539	yellow	ST13	130.0556	state_05	SRPI	2.66386615863127	state_05	IG-D
2	LV3003061539	turquoise	ST13	130.0556	state_05	SRPI	2.88876740426613	state_05	IG-D
2	LV3003061539	grey	ST13	130.0556	state_05	SRPI	3.25278519172018	state_05	IG-D
2	LV3003061539	brown	ST13	130.0556	state_05	SRPI	-5.21465904328538	state_05	IG-D
2	LV3003061539	green	ST13	130.0556	state_05	SRPI	1.62389933195319	state_05	IG-D
2	LV3003061539	blue	ST13	130.0556	state_05	SRPI	-5.21465904328538	state_05	IG-D
2	LV3003061555	turquoise	ST13	126.443	state_05	SRPI	-0.170693842371046	state_05	IG-D
2	LV3003061555	grey	ST13	126.443	state_05	SRPI	0.36063383551699	state_05	IG-D
2	LV3003061555	yellow	ST13	126.443	state_05	SRPI	-0.189939993145945	state_05	IG-D
2	LV3003061568	grey	ST13	121.6354	state_05	SRPI	0.204803789039081	state_05	IG-D
2	LV3003061568	turquoise	ST13	121.6354	state_05	SRPI	-0.360750078511895	state_05	IG-D
2	LV3003061568	yellow	ST13	121.6354	state_05	SRPI	-0.433632714717295	state_05	IG-D
2	LV3003061568	blue	ST13	121.6354	state_05	SRPI	0.589579004190109	state_05	IG-D
2	LV7008886228	grey	GeoB25202_R2	120.0235	state_05	SRPI	1.50459603022648	state_05	IG-D
2	LV7008886228	turquoise	GeoB25202_R2	120.0235	state_05	SRPI	0.549422133419185	state_05	IG-D
2	LV7008886228	yellow	GeoB25202_R2	120.0235	state_05	SRPI	0.9552114827819	state_05	IG-D
2	LV7008886228	brown	GeoB25202_R2	120.0235	state_05	SRPI	-3.00922964642757	state_05	IG-D
2	LV7008886705	turquoise	GeoB25202_R1	59.738	state_05	SRPI	1.50939612666565	state_05	IG-D
2	LV7008886705	grey	GeoB25202_R1	59.738	state_05	SRPI	1.61963616096456	state_05	IG-D
2	LV7008886705	yellow	GeoB25202_R1	59.738	state_05	SRPI	0.319243242703256	state_05	IG-D
2	LV7008886705	brown	GeoB25202_R1	59.738	state_05	SRPI	3.38724575867021	state_05	IG-D
2	LV7008886705	green	GeoB25202_R1	59.738	state_05	SRPI	-6.83552128900369	state_05	IG-D
2	LV7008886717	turquoise	GeoB25202_R2	59.738	state_05	SRPI	1.43440452909706	state_05	IG-D
2	LV7008886717	grey	GeoB25202_R2	59.738	state_05	SRPI	1.43816024549414	state_05	IG-D
2	LV7008886717	green	GeoB25202_R2	59.738	state_05	SRPI	0.649152486741835	state_05	IG-D
2	LV7008886717	yellow	GeoB25202_R2	59.738	state_05	SRPI	1.1780725905379	state_05	IG-D
2	LV7008886717	blue	GeoB25202_R2	59.738	state_05	SRPI	-6.96245481248395	state_05	IG-D
2	LV7008886717	brown	GeoB25202_R2	59.738	state_05	SRPI	2.26266496061301	state_05	IG-D
2	LV7008886719	grey	GeoB25202_R1	87.2825	state_05	SRPI	3.51210968878129	state_05	IG-D
2	LV7008886719	turquoise	GeoB25202_R1	87.2825	state_05	SRPI	3.11056293883637	state_05	IG-D
2	LV7008886719	green	GeoB25202_R1	87.2825	state_05	SRPI	1.6067890805902	state_05	IG-D
2	LV7008886719	blue	GeoB25202_R1	87.2825	state_05	SRPI	-5.41797199911455	state_05	IG-D
2	LV7008886719	yellow	GeoB25202_R1	87.2825	state_05	SRPI	2.60648229002125	state_05	IG-D
2	LV7008886719	brown	GeoB25202_R1	87.2825	state_05	SRPI	-5.41797199911455	state_05	IG-D
2	LV7008886731	grey	GeoB25202_R2	87.2825	state_05	SRPI	0.680822986759385	state_05	IG-D
2	LV7008886731	turquoise	GeoB25202_R2	87.2825	state_05	SRPI	0.245660840726727	state_05	IG-D
2	LV7008886731	yellow	GeoB25202_R2	87.2825	state_05	SRPI	-0.692207617227419	state_05	IG-D
2	LV7008886731	brown	GeoB25202_R2	87.2825	state_05	SRPI	0.901867338379176	state_05	IG-D
2	LV7008886731	green	GeoB25202_R2	87.2825	state_05	SRPI	-1.13614354863787	state_05	IG-D
2	LV7008886741	turquoise	GeoB25202_R1	58.997	state_05	SRPI	0.00992090742367424	state_05	IG-D
2	LV7008886741	grey	GeoB25202_R1	58.997	state_05	SRPI	-0.354448255967682	state_05	IG-D
2	LV7008886741	yellow	GeoB25202_R1	58.997	state_05	SRPI	-0.880544669790931	state_05	IG-D
2	LV7008886741	green	GeoB25202_R1	58.997	state_05	SRPI	1.22507201833494	state_05	IG-D
2	LV7008886744	grey	GeoB25202_R1	105.5785	state_05	SRPI	1.5945963755447	state_05	IG-D
2	LV7008886744	turquoise	GeoB25202_R1	105.5785	state_05	SRPI	1.08679214676737	state_05	IG-D
2	LV7008886744	yellow	GeoB25202_R1	105.5785	state_05	SRPI	0.443468533072236	state_05	IG-D
2	LV7008886744	green	GeoB25202_R1	105.5785	state_05	SRPI	-0.244007821815312	state_05	IG-D
2	LV7008886744	brown	GeoB25202_R1	105.5785	state_05	SRPI	-2.880849233569	state_05	IG-D
2	LV7008886745	grey	GeoB25202_R2	136.2775	state_05	SRPI	2.81916625804972	state_05	IG-D
2	LV7008886745	turquoise	GeoB25202_R2	136.2775	state_05	SRPI	1.86751545980479	state_05	IG-D
2	LV7008886745	yellow	GeoB25202_R2	136.2775	state_05	SRPI	1.54086074030935	state_05	IG-D
2	LV7008886745	green	GeoB25202_R2	136.2775	state_05	SRPI	-6.22754245816386	state_05	IG-D
2	LV7008886753	turquoise	GeoB25202_R2	58.997	state_05	SRPI	1.27382524667486	state_05	IG-D
2	LV7008886753	yellow	GeoB25202_R2	58.997	state_05	SRPI	1.49948639405356	state_05	IG-D
2	LV7008886753	grey	GeoB25202_R2	58.997	state_05	SRPI	1.7345771048268	state_05	IG-D
2	LV7008886753	blue	GeoB25202_R2	58.997	state_05	SRPI	1.38894757907988	state_05	IG-D
2	LV7008886753	green	GeoB25202_R2	58.997	state_05	SRPI	1.10310660341008	state_05	IG-D
2	LV7008886753	brown	GeoB25202_R2	58.997	state_05	SRPI	-6.99994292804517	state_05	IG-D
2	LV7008886757	grey	GeoB25202_R1	123.1195	state_05	SRPI	0.484862989122978	state_05	IG-D
2	LV7008886757	turquoise	GeoB25202_R1	123.1195	state_05	SRPI	-0.423316597245874	state_05	IG-D
2	LV7008886757	yellow	GeoB25202_R1	123.1195	state_05	SRPI	-0.0615463918771041	state_05	IG-D
2	LV7008886769	grey	GeoB25202_R2	123.1195	state_05	SRPI	2.83885525544893	state_05	IG-D
2	LV7008886769	turquoise	GeoB25202_R2	123.1195	state_05	SRPI	1.84254389049604	state_05	IG-D
2	LV7008886769	yellow	GeoB25202_R2	123.1195	state_05	SRPI	2.37754859688901	state_05	IG-D
2	LV7008886769	brown	GeoB25202_R2	123.1195	state_05	SRPI	-1.22688877842294	state_05	IG-D
2	LV7008886769	blue	GeoB25202_R2	123.1195	state_05	SRPI	-5.83205896441103	state_05	IG-D
2	LV7008886781	grey	GeoB25202_R1	120.0235	state_05	SRPI	0.588390190039858	state_05	IG-D
2	LV7008886781	turquoise	GeoB25202_R1	120.0235	state_05	SRPI	-0.406365128618109	state_05	IG-D
2	LV7008886781	yellow	GeoB25202_R1	120.0235	state_05	SRPI	-0.182025061421749	state_05	IG-D
3	LV3003046936	grey	ST8	22.905	state_01	OAP	67.7920147051671	state_01	IG-A
3	LV3003046936	green	ST8	22.905	state_01	OAP	229.531864722082	state_01	IG-A
3	LV3003046936	turquoise	ST8	22.905	state_01	OAP	-66.6040038411758	state_01	IG-A
3	LV3003046936	yellow	ST8	22.905	state_01	OAP	54.6694373107463	state_01	IG-A
3	LV3003046936	blue	ST8	22.905	state_01	OAP	181.673250715452	state_01	IG-A
3	LV3003046936	brown	ST8	22.905	state_01	OAP	-467.062563612272	state_01	IG-A
3	LV3003046937	grey	ST8	18.598	state_01	OAP	98.8970012982931	state_01	IG-A
3	LV3003046937	turquoise	ST8	18.598	state_01	OAP	-98.5540438021609	state_01	IG-A
3	LV3003046937	yellow	ST8	18.598	state_01	OAP	118.299883888147	state_01	IG-A
3	LV3003046937	blue	ST8	18.598	state_01	OAP	87.3342096494816	state_01	IG-A
3	LV3003046937	brown	ST8	18.598	state_01	OAP	-467.965270937651	state_01	IG-A
3	LV3003046937	green	ST8	18.598	state_01	OAP	261.98821990389	state_01	IG-A
3	LV3003046949	grey	ST8	22.3686666666667	state_01	OAP	47.9354620084961	state_01	IG-A
3	LV3003046949	green	ST8	22.3686666666667	state_01	OAP	198.799093130608	state_01	IG-A
3	LV3003046949	turquoise	ST8	22.3686666666667	state_01	OAP	-164.673680963581	state_01	IG-A
3	LV3003046949	yellow	ST8	22.3686666666667	state_01	OAP	74.2705348543131	state_01	IG-A
3	LV3003046949	blue	ST8	22.3686666666667	state_01	OAP	160.936220867672	state_01	IG-A
3	LV3003046949	brown	ST8	22.3686666666667	state_01	OAP	-317.267629897507	state_01	IG-A
3	LV3003046950	grey	ST8	18.099	state_01	OAP	59.2008526270661	state_01	IG-A
3	LV3003046950	turquoise	ST8	18.099	state_01	OAP	-24.1603661947385	state_01	IG-A
3	LV3003046950	yellow	ST8	18.099	state_01	OAP	98.4186697124623	state_01	IG-A
3	LV3003046950	blue	ST8	18.099	state_01	OAP	153.192181722837	state_01	IG-A
3	LV3003046950	brown	ST8	18.099	state_01	OAP	-502.376492310221	state_01	IG-A
3	LV3003046950	green	ST8	18.099	state_01	OAP	215.725154442595	state_01	IG-A
3	LV3003046965	grey	ST8	21.8323333333333	state_01	OAP	88.3208975434252	state_01	IG-A
3	LV3003046965	green	ST8	21.8323333333333	state_01	OAP	219.15117990716	state_01	IG-A
3	LV3003046965	turquoise	ST8	21.8323333333333	state_01	OAP	-43.7553952022007	state_01	IG-A
3	LV3003046965	yellow	ST8	21.8323333333333	state_01	OAP	92.4307060838493	state_01	IG-A
3	LV3003046965	blue	ST8	21.8323333333333	state_01	OAP	164.645922725762	state_01	IG-A
3	LV3003046965	brown	ST8	21.8323333333333	state_01	OAP	-520.793311057996	state_01	IG-A
3	LV3003046966	grey	ST8	17.373	state_01	OAP	72.9173150502073	state_01	IG-A
3	LV3003046966	turquoise	ST8	17.373	state_01	OAP	-42.3866809598214	state_01	IG-A
3	LV3003046966	yellow	ST8	17.373	state_01	OAP	106.892955496196	state_01	IG-A
3	LV3003046966	blue	ST8	17.373	state_01	OAP	188.448578791018	state_01	IG-A
3	LV3003046966	brown	ST8	17.373	state_01	OAP	-499.295191468724	state_01	IG-A
3	LV3003046966	green	ST8	17.373	state_01	OAP	173.423023091125	state_01	IG-A
3	LV3003046978	grey	ST8	21.296	state_01	OAP	38.3926330508132	state_01	IG-A
3	LV3003046978	green	ST8	21.296	state_01	OAP	247.809704312374	state_01	IG-A
3	LV3003046978	turquoise	ST8	21.296	state_01	OAP	-105.859736131423	state_01	IG-A
3	LV3003046978	yellow	ST8	21.296	state_01	OAP	87.6005443856715	state_01	IG-A
3	LV3003046978	blue	ST8	21.296	state_01	OAP	170.27526838837	state_01	IG-A
3	LV3003046978	brown	ST8	21.296	state_01	OAP	-438.218414005805	state_01	IG-A
3	LV3003046979	grey	ST8	16.461	state_01	OAP	52.8494694551694	state_01	IG-A
3	LV3003046979	green	ST8	16.461	state_01	OAP	222.874319380474	state_01	IG-A
3	LV3003046979	turquoise	ST8	16.461	state_01	OAP	-44.3387831374662	state_01	IG-A
3	LV3003046979	yellow	ST8	16.461	state_01	OAP	143.079019677573	state_01	IG-A
3	LV3003046979	blue	ST8	16.461	state_01	OAP	226.385607623919	state_01	IG-A
3	LV3003046979	brown	ST8	16.461	state_01	OAP	-600.84963299967	state_01	IG-A
3	LV3003046993	grey	ST8	20.719	state_01	OAP	27.5838374196756	state_01	IG-A
3	LV3003046993	green	ST8	20.719	state_01	OAP	231.382256480216	state_01	IG-A
3	LV3003046993	turquoise	ST8	20.719	state_01	OAP	11.510875836669	state_01	IG-A
3	LV3003046993	yellow	ST8	20.719	state_01	OAP	157.926964549376	state_01	IG-A
3	LV3003046993	blue	ST8	20.719	state_01	OAP	106.261870510747	state_01	IG-A
3	LV3003046993	brown	ST8	20.719	state_01	OAP	-534.665804796683	state_01	IG-A
3	LV3003046994	turquoise	ST8	15.549	state_01	OAP	-41.451800317269	state_01	IG-A
3	LV3003046994	grey	ST8	15.549	state_01	OAP	-13.1849300582024	state_01	IG-A
3	LV3003046994	yellow	ST8	15.549	state_01	OAP	230.693323396489	state_01	IG-A
3	LV3003046994	brown	ST8	15.549	state_01	OAP	-512.830726249366	state_01	IG-A
3	LV3003046994	green	ST8	15.549	state_01	OAP	-110.805241078134	state_01	IG-A
3	LV3003046994	blue	ST8	15.549	state_01	OAP	447.579374306482	state_01	IG-A
3	LV3003047009	grey	ST8	20.142	state_01	OAP	2.40709583566814	state_01	IG-A
3	LV3003047009	turquoise	ST8	20.142	state_01	OAP	52.1360323042977	state_01	IG-A
3	LV3003047009	yellow	ST8	20.142	state_01	OAP	269.873531635317	state_01	IG-A
3	LV3003047009	brown	ST8	20.142	state_01	OAP	-377.772451432331	state_01	IG-A
3	LV3003047009	blue	ST8	20.142	state_01	OAP	206.812854921171	state_01	IG-A
3	LV3003047009	green	ST8	20.142	state_01	OAP	-153.457063264123	state_01	IG-A
3	LV3003047026	grey	ST8	19.565	state_01	OAP	1.0234948246005	state_01	IG-A
3	LV3003047026	turquoise	ST8	19.565	state_01	OAP	-16.6491416011573	state_01	IG-A
3	LV3003047026	yellow	ST8	19.565	state_01	OAP	175.864516965485	state_01	IG-A
3	LV3003047026	green	ST8	19.565	state_01	OAP	176.749660979834	state_01	IG-A
3	LV3003047026	blue	ST8	19.565	state_01	OAP	197.484011839457	state_01	IG-A
3	LV3003047026	brown	ST8	19.565	state_01	OAP	-534.472543008219	state_01	IG-A
3	LV3003047041	grey	ST8	19.097	state_01	OAP	80.5103419027619	state_01	IG-A
3	LV3003047041	turquoise	ST8	19.097	state_01	OAP	-112.942425496739	state_01	IG-A
3	LV3003047041	yellow	ST8	19.097	state_01	OAP	119.580993063413	state_01	IG-A
3	LV3003047041	blue	ST8	19.097	state_01	OAP	208.90035232127	state_01	IG-A
3	LV3003047041	brown	ST8	19.097	state_01	OAP	-523.294501400582	state_01	IG-A
3	LV3003047041	green	ST8	19.097	state_01	OAP	227.245239609877	state_01	IG-A
3	LV3003047118	grey	ST8	24.528	state_01	OAP	-3.97158507431362	state_01	IG-A
3	LV3003047118	turquoise	ST8	24.528	state_01	OAP	-92.0036066459396	state_01	IG-A
3	LV3003047118	yellow	ST8	24.528	state_01	OAP	68.0315637690296	state_01	IG-A
3	LV3003047118	blue	ST8	24.528	state_01	OAP	117.976533022347	state_01	IG-A
3	LV3003047118	brown	ST8	24.528	state_01	OAP	-276.204488691763	state_01	IG-A
3	LV3003047118	green	ST8	24.528	state_01	OAP	186.171583620639	state_01	IG-A
3	LV3003047132	grey	ST8	23.987	state_01	OAP	45.7592710463208	state_01	IG-A
3	LV3003047132	green	ST8	23.987	state_01	OAP	183.183226574873	state_01	IG-A
3	LV3003047132	turquoise	ST8	23.987	state_01	OAP	-112.555562846879	state_01	IG-A
3	LV3003047132	yellow	ST8	23.987	state_01	OAP	52.173477410768	state_01	IG-A
3	LV3003047132	blue	ST8	23.987	state_01	OAP	119.887317427749	state_01	IG-A
3	LV3003047132	brown	ST8	23.987	state_01	OAP	-288.447729612832	state_01	IG-A
3	LV3003047145	turquoise	ST8	23.446	state_01	OAP	-46.8825790896092	state_01	IG-A
3	LV3003047145	grey	ST8	23.446	state_01	OAP	-44.0976272673054	state_01	IG-A
3	LV3003047145	yellow	ST8	23.446	state_01	OAP	147.433088548262	state_01	IG-A
3	LV3003047145	brown	ST8	23.446	state_01	OAP	-515.410937186492	state_01	IG-A
3	LV3003047145	blue	ST8	23.446	state_01	OAP	220.436416479755	state_01	IG-A
3	LV3003047145	green	ST8	23.446	state_01	OAP	238.521638515389	state_01	IG-A
3	LV3003061477	grey	ST13	16.726	state_01	OAP	45.1881319164486	state_01	IG-A
3	LV3003061477	green	ST13	16.726	state_01	OAP	148.564425394339	state_01	IG-A
3	LV3003061477	turquoise	ST13	16.726	state_01	OAP	-107.942687141763	state_01	IG-A
3	LV3003061477	yellow	ST13	16.726	state_01	OAP	92.247308558042	state_01	IG-A
3	LV3003061477	blue	ST13	16.726	state_01	OAP	135.397727776196	state_01	IG-A
3	LV3003061477	brown	ST13	16.726	state_01	OAP	-313.454906503262	state_01	IG-A
3	LV3003061492	grey	ST13	14.437	state_01	OAP	51.4517263855779	state_01	IG-A
3	LV3003061492	green	ST13	14.437	state_01	OAP	193.264308422282	state_01	IG-A
3	LV3003061492	turquoise	ST13	14.437	state_01	OAP	-71.9815176556004	state_01	IG-A
3	LV3003061492	yellow	ST13	14.437	state_01	OAP	91.94044709775	state_01	IG-A
3	LV3003061492	blue	ST13	14.437	state_01	OAP	142.771080200672	state_01	IG-A
3	LV3003061492	brown	ST13	14.437	state_01	OAP	-407.446044450682	state_01	IG-A
3	LV3003061506	grey	ST13	11.95	state_01	OAP	141.476871517709	state_01	IG-A
3	LV3003061506	turquoise	ST13	11.95	state_01	OAP	55.1814934294925	state_01	IG-A
3	LV3003061506	yellow	ST13	11.95	state_01	OAP	254.479327150667	state_01	IG-A
3	LV3003061506	brown	ST13	11.95	state_01	OAP	-462.581536412478	state_01	IG-A
3	LV3003061506	blue	ST13	11.95	state_01	OAP	340.753517171209	state_01	IG-A
3	LV3003061506	green	ST13	11.95	state_01	OAP	-329.3096728566	state_01	IG-A
3	LV3003061518	grey	ST13	9.804	state_01	OAP	-57.1727531758888	state_01	IG-A
3	LV3003061518	green	ST13	9.804	state_01	OAP	156.253295677927	state_01	IG-A
3	LV3003061518	turquoise	ST13	9.804	state_01	OAP	-50.9358983070283	state_01	IG-A
3	LV3003061518	yellow	ST13	9.804	state_01	OAP	54.1452191890584	state_01	IG-A
3	LV3003061518	blue	ST13	9.804	state_01	OAP	153.315350655559	state_01	IG-A
3	LV3003061518	brown	ST13	9.804	state_01	OAP	-255.605214039627	state_01	IG-A
3	LV3003061533	grey	ST13	7.912	state_01	OAP	-24.8507099939405	state_01	IG-A
3	LV3003061533	turquoise	ST13	7.912	state_01	OAP	22.9832353352142	state_01	IG-A
3	LV3003061533	yellow	ST13	7.912	state_01	OAP	272.526897342722	state_01	IG-A
3	LV3003061533	brown	ST13	7.912	state_01	OAP	-466.874159894535	state_01	IG-A
3	LV3003061533	blue	ST13	7.912	state_01	OAP	461.318577673279	state_01	IG-A
3	LV3003061533	green	ST13	7.912	state_01	OAP	-265.103840462741	state_01	IG-A
3	LV3003061546	grey	ST13	7.197	state_01	OAP	-15.2669728767395	state_01	IG-A
3	LV3003061546	turquoise	ST13	7.197	state_01	OAP	-18.0831229756993	state_01	IG-A
3	LV3003061546	yellow	ST13	7.197	state_01	OAP	274.344391014284	state_01	IG-A
3	LV3003061546	brown	ST13	7.197	state_01	OAP	-445.210286435248	state_01	IG-A
3	LV3003061546	blue	ST13	7.197	state_01	OAP	204.215991273402	state_01	IG-A
3	LV3003061572	grey	ST13	19.099	state_01	OAP	46.0712881460746	state_01	IG-A
3	LV3003061572	green	ST13	19.099	state_01	OAP	200.913905502146	state_01	IG-A
3	LV3003061572	turquoise	ST13	19.099	state_01	OAP	-49.9996136237266	state_01	IG-A
3	LV3003061572	yellow	ST13	19.099	state_01	OAP	84.3933643066008	state_01	IG-A
3	LV3003061572	blue	ST13	19.099	state_01	OAP	147.130787905666	state_01	IG-A
3	LV3003061572	brown	ST13	19.099	state_01	OAP	-428.509732236761	state_01	IG-A
3	LV7001898064	grey	ST13	6.808	state_01	OAP	-17.0103279642565	state_01	IG-A
3	LV7001898064	turquoise	ST13	6.808	state_01	OAP	-64.73134741192	state_01	IG-A
3	LV7001898064	yellow	ST13	6.808	state_01	OAP	80.327895813154	state_01	IG-A
3	LV7001898064	blue	ST13	6.808	state_01	OAP	270.20888887912	state_01	IG-A
3	LV7001898064	brown	ST13	6.808	state_01	OAP	-496.465609598487	state_01	IG-A
3	LV7001898064	green	ST13	6.808	state_01	OAP	227.670500282389	state_01	IG-A
3	LV7001898076	grey	ST13	6.429	state_01	OAP	-7.97207582168159	state_01	IG-A
3	LV7001898076	green	ST13	6.429	state_01	OAP	221.228013546573	state_01	IG-A
3	LV7001898076	turquoise	ST13	6.429	state_01	OAP	-46.5007591542652	state_01	IG-A
3	LV7001898076	yellow	ST13	6.429	state_01	OAP	152.705431997428	state_01	IG-A
3	LV7001898076	blue	ST13	6.429	state_01	OAP	214.601350867058	state_01	IG-A
3	LV7001898076	brown	ST13	6.429	state_01	OAP	-534.061961435112	state_01	IG-A
3	LV7001898088	grey	ST13	6.031	state_01	OAP	-238.762627728673	state_01	IG-A
3	LV7001898088	green	ST13	6.031	state_01	OAP	249.613184292527	state_01	IG-A
3	LV7001898088	turquoise	ST13	6.031	state_01	OAP	-130.467164629768	state_01	IG-A
3	LV7001898088	yellow	ST13	6.031	state_01	OAP	196.44198312151	state_01	IG-A
3	LV7001898088	blue	ST13	6.031	state_01	OAP	192.932587506689	state_01	IG-A
3	LV7001898088	brown	ST13	6.031	state_01	OAP	-269.757962562285	state_01	IG-A
3	LV7008886690	yellow	GeoB25202_R1	2.324	state_01	OAP	253.643496182721	state_01	IG-A
3	LV7008886690	turquoise	GeoB25202_R1	2.324	state_01	OAP	-79.0487939774579	state_01	IG-A
3	LV7008886690	grey	GeoB25202_R1	2.324	state_01	OAP	-113.100144326057	state_01	IG-A
3	LV7008886690	brown	GeoB25202_R1	2.324	state_01	OAP	-484.697704517854	state_01	IG-A
3	LV7008886690	blue	GeoB25202_R1	2.324	state_01	OAP	423.203146638648	state_01	IG-A
3	LV7008886702	grey	GeoB25202_R2	2.324	state_01	OAP	-66.8512403861453	state_01	IG-A
3	LV7008886702	turquoise	GeoB25202_R2	2.324	state_01	OAP	-105.079521123983	state_01	IG-A
3	LV7008886702	yellow	GeoB25202_R2	2.324	state_01	OAP	99.5590678841342	state_01	IG-A
3	LV7008886702	blue	GeoB25202_R2	2.324	state_01	OAP	330.504797152211	state_01	IG-A
3	LV7008886702	brown	GeoB25202_R2	2.324	state_01	OAP	-547.396146841219	state_01	IG-A
3	LV7008886702	green	GeoB25202_R2	2.324	state_01	OAP	289.263043315002	state_01	IG-A
3	LV7008886727	grey	GeoB25202_R1	16.4375	state_01	OAP	34.3948024677039	state_01	IG-A
3	LV7008886727	green	GeoB25202_R1	16.4375	state_01	OAP	206.162234053741	state_01	IG-A
3	LV7008886727	turquoise	GeoB25202_R1	16.4375	state_01	OAP	19.8541889872819	state_01	IG-A
3	LV7008886727	yellow	GeoB25202_R1	16.4375	state_01	OAP	83.8908493708689	state_01	IG-A
3	LV7008886727	blue	GeoB25202_R1	16.4375	state_01	OAP	153.435729857396	state_01	IG-A
3	LV7008886727	brown	GeoB25202_R1	16.4375	state_01	OAP	-497.737804736993	state_01	IG-A
3	LV7008886739	grey	GeoB25202_R2	16.4375	state_01	OAP	50.9355163851183	state_01	IG-A
3	LV7008886739	green	GeoB25202_R2	16.4375	state_01	OAP	190.087533713389	state_01	IG-A
3	LV7008886739	turquoise	GeoB25202_R2	16.4375	state_01	OAP	-13.3482569387786	state_01	IG-A
3	LV7008886739	yellow	GeoB25202_R2	16.4375	state_01	OAP	75.9817762762416	state_01	IG-A
3	LV7008886739	blue	GeoB25202_R2	16.4375	state_01	OAP	124.635639036124	state_01	IG-A
3	LV7008886739	brown	GeoB25202_R2	16.4375	state_01	OAP	-428.292208472094	state_01	IG-A
3	LV7008886751	grey	GeoB25202_R1	7.1335	state_01	OAP	-152.249738291944	state_01	IG-A
3	LV7008886751	turquoise	GeoB25202_R1	7.1335	state_01	OAP	-55.8197603739328	state_01	IG-A
3	LV7008886751	yellow	GeoB25202_R1	7.1335	state_01	OAP	109.357320778237	state_01	IG-A
3	LV7008886751	brown	GeoB25202_R1	7.1335	state_01	OAP	-556.888578535389	state_01	IG-A
3	LV7008886751	blue	GeoB25202_R1	7.1335	state_01	OAP	327.800378211515	state_01	IG-A
3	LV7008886751	green	GeoB25202_R1	7.1335	state_01	OAP	327.800378211515	state_01	IG-A
3	LV7008886763	grey	GeoB25202_R2	7.1335	state_01	OAP	-100.393495224387	state_01	IG-A
3	LV7008886763	yellow	GeoB25202_R2	7.1335	state_01	OAP	353.081573599138	state_01	IG-A
3	LV7008886763	turquoise	GeoB25202_R2	7.1335	state_01	OAP	112.338261821034	state_01	IG-A
3	LV7008886763	brown	GeoB25202_R2	7.1335	state_01	OAP	-365.026340195785	state_01	IG-A
3	LV3003046936	grey	ST8	22.905	state_01	MGI	5.87450905347087	state_01	IG-A
3	LV3003046936	green	ST8	22.905	state_01	MGI	-3.69949245824704	state_01	IG-A
3	LV3003046936	turquoise	ST8	22.905	state_01	MGI	-3.69949245824704	state_01	IG-A
3	LV3003046936	yellow	ST8	22.905	state_01	MGI	-3.69949245824704	state_01	IG-A
3	LV3003046936	blue	ST8	22.905	state_01	MGI	-3.69949245824704	state_01	IG-A
3	LV3003046936	brown	ST8	22.905	state_01	MGI	8.92346077951729	state_01	IG-A
3	LV3003046937	grey	ST8	18.598	state_01	MGI	0	state_01	IG-A
3	LV3003046937	turquoise	ST8	18.598	state_01	MGI	0	state_01	IG-A
3	LV3003046937	yellow	ST8	18.598	state_01	MGI	0	state_01	IG-A
3	LV3003046937	blue	ST8	18.598	state_01	MGI	0	state_01	IG-A
3	LV3003046937	brown	ST8	18.598	state_01	MGI	0	state_01	IG-A
3	LV3003046937	green	ST8	18.598	state_01	MGI	0	state_01	IG-A
3	LV3003046949	grey	ST8	22.3686666666667	state_01	MGI	0	state_01	IG-A
3	LV3003046949	green	ST8	22.3686666666667	state_01	MGI	0	state_01	IG-A
3	LV3003046949	turquoise	ST8	22.3686666666667	state_01	MGI	0	state_01	IG-A
3	LV3003046949	yellow	ST8	22.3686666666667	state_01	MGI	0	state_01	IG-A
3	LV3003046949	blue	ST8	22.3686666666667	state_01	MGI	0	state_01	IG-A
3	LV3003046949	brown	ST8	22.3686666666667	state_01	MGI	0	state_01	IG-A
3	LV3003046950	grey	ST8	18.099	state_01	MGI	-2.15918642158281	state_01	IG-A
3	LV3003046950	turquoise	ST8	18.099	state_01	MGI	-2.15918642158281	state_01	IG-A
3	LV3003046950	yellow	ST8	18.099	state_01	MGI	-2.15918642158281	state_01	IG-A
3	LV3003046950	blue	ST8	18.099	state_01	MGI	-2.15918642158281	state_01	IG-A
3	LV3003046950	brown	ST8	18.099	state_01	MGI	10.795932107914	state_01	IG-A
3	LV3003046950	green	ST8	18.099	state_01	MGI	-2.15918642158281	state_01	IG-A
3	LV3003046965	grey	ST8	21.8323333333333	state_01	MGI	5.87317418205731	state_01	IG-A
3	LV3003046965	green	ST8	21.8323333333333	state_01	MGI	-3.55746914531799	state_01	IG-A
3	LV3003046965	turquoise	ST8	21.8323333333333	state_01	MGI	-3.55746914531799	state_01	IG-A
3	LV3003046965	yellow	ST8	21.8323333333333	state_01	MGI	-3.55746914531799	state_01	IG-A
3	LV3003046965	blue	ST8	21.8323333333333	state_01	MGI	-3.55746914531799	state_01	IG-A
3	LV3003046965	brown	ST8	21.8323333333333	state_01	MGI	8.35670239921467	state_01	IG-A
3	LV3003046966	grey	ST8	17.373	state_01	MGI	0	state_01	IG-A
3	LV3003046966	turquoise	ST8	17.373	state_01	MGI	0	state_01	IG-A
3	LV3003046966	yellow	ST8	17.373	state_01	MGI	0	state_01	IG-A
3	LV3003046966	blue	ST8	17.373	state_01	MGI	0	state_01	IG-A
3	LV3003046966	brown	ST8	17.373	state_01	MGI	0	state_01	IG-A
3	LV3003046966	green	ST8	17.373	state_01	MGI	0	state_01	IG-A
3	LV3003046978	grey	ST8	21.296	state_01	MGI	0	state_01	IG-A
3	LV3003046978	green	ST8	21.296	state_01	MGI	0	state_01	IG-A
3	LV3003046978	turquoise	ST8	21.296	state_01	MGI	0	state_01	IG-A
3	LV3003046978	yellow	ST8	21.296	state_01	MGI	0	state_01	IG-A
3	LV3003046978	blue	ST8	21.296	state_01	MGI	0	state_01	IG-A
3	LV3003046978	brown	ST8	21.296	state_01	MGI	0	state_01	IG-A
3	LV3003046979	grey	ST8	16.461	state_01	MGI	-2.01076487848395	state_01	IG-A
3	LV3003046979	green	ST8	16.461	state_01	MGI	-2.01076487848395	state_01	IG-A
3	LV3003046979	turquoise	ST8	16.461	state_01	MGI	-2.01076487848395	state_01	IG-A
3	LV3003046979	yellow	ST8	16.461	state_01	MGI	-2.01076487848395	state_01	IG-A
3	LV3003046979	blue	ST8	16.461	state_01	MGI	-2.01076487848395	state_01	IG-A
3	LV3003046979	brown	ST8	16.461	state_01	MGI	10.0538243924197	state_01	IG-A
3	LV3003046993	grey	ST8	20.719	state_01	MGI	-2.04565889363573	state_01	IG-A
3	LV3003046993	green	ST8	20.719	state_01	MGI	-2.04565889363573	state_01	IG-A
3	LV3003046993	turquoise	ST8	20.719	state_01	MGI	-2.04565889363573	state_01	IG-A
3	LV3003046993	yellow	ST8	20.719	state_01	MGI	-2.04565889363573	state_01	IG-A
3	LV3003046993	blue	ST8	20.719	state_01	MGI	-2.04565889363573	state_01	IG-A
3	LV3003046993	brown	ST8	20.719	state_01	MGI	10.2282944681786	state_01	IG-A
3	LV3003046994	turquoise	ST8	15.549	state_01	MGI	-2.04665684775238	state_01	IG-A
3	LV3003046994	grey	ST8	15.549	state_01	MGI	-2.04665684775238	state_01	IG-A
3	LV3003046994	yellow	ST8	15.549	state_01	MGI	-2.04665684775238	state_01	IG-A
3	LV3003046994	brown	ST8	15.549	state_01	MGI	10.2332842387619	state_01	IG-A
3	LV3003046994	green	ST8	15.549	state_01	MGI	-2.04665684775238	state_01	IG-A
3	LV3003046994	blue	ST8	15.549	state_01	MGI	-2.04665684775238	state_01	IG-A
3	LV3003047009	grey	ST8	20.142	state_01	MGI	-2.04471715180933	state_01	IG-A
3	LV3003047009	turquoise	ST8	20.142	state_01	MGI	-2.04471715180933	state_01	IG-A
3	LV3003047009	yellow	ST8	20.142	state_01	MGI	-2.04471715180933	state_01	IG-A
3	LV3003047009	brown	ST8	20.142	state_01	MGI	10.2235857590466	state_01	IG-A
3	LV3003047009	blue	ST8	20.142	state_01	MGI	-2.04471715180933	state_01	IG-A
3	LV3003047009	green	ST8	20.142	state_01	MGI	-2.04471715180933	state_01	IG-A
3	LV3003047026	grey	ST8	19.565	state_01	MGI	-1.94169291465486	state_01	IG-A
3	LV3003047026	turquoise	ST8	19.565	state_01	MGI	-1.94169291465486	state_01	IG-A
3	LV3003047026	yellow	ST8	19.565	state_01	MGI	-1.94169291465486	state_01	IG-A
3	LV3003047026	green	ST8	19.565	state_01	MGI	-1.94169291465486	state_01	IG-A
3	LV3003047026	blue	ST8	19.565	state_01	MGI	-1.94169291465486	state_01	IG-A
3	LV3003047026	brown	ST8	19.565	state_01	MGI	9.70846457327428	state_01	IG-A
3	LV3003047041	grey	ST8	19.097	state_01	MGI	5.95691967380769	state_01	IG-A
3	LV3003047041	turquoise	ST8	19.097	state_01	MGI	-3.57094752160034	state_01	IG-A
3	LV3003047041	yellow	ST8	19.097	state_01	MGI	-3.57094752160034	state_01	IG-A
3	LV3003047041	blue	ST8	19.097	state_01	MGI	-3.57094752160034	state_01	IG-A
3	LV3003047041	brown	ST8	19.097	state_01	MGI	8.32687041259366	state_01	IG-A
3	LV3003047041	green	ST8	19.097	state_01	MGI	-3.57094752160034	state_01	IG-A
3	LV3003047118	grey	ST8	24.528	state_01	MGI	-2.1436836938556	state_01	IG-A
3	LV3003047118	turquoise	ST8	24.528	state_01	MGI	-2.1436836938556	state_01	IG-A
3	LV3003047118	yellow	ST8	24.528	state_01	MGI	-2.1436836938556	state_01	IG-A
3	LV3003047118	blue	ST8	24.528	state_01	MGI	-2.1436836938556	state_01	IG-A
3	LV3003047118	brown	ST8	24.528	state_01	MGI	10.718418469278	state_01	IG-A
3	LV3003047118	green	ST8	24.528	state_01	MGI	-2.1436836938556	state_01	IG-A
3	LV3003047132	grey	ST8	23.987	state_01	MGI	7.54485794527979	state_01	IG-A
3	LV3003047132	green	ST8	23.987	state_01	MGI	-1.50897158905596	state_01	IG-A
3	LV3003047132	turquoise	ST8	23.987	state_01	MGI	-1.50897158905596	state_01	IG-A
3	LV3003047132	yellow	ST8	23.987	state_01	MGI	-1.50897158905596	state_01	IG-A
3	LV3003047132	blue	ST8	23.987	state_01	MGI	-1.50897158905596	state_01	IG-A
3	LV3003047132	brown	ST8	23.987	state_01	MGI	-1.50897158905596	state_01	IG-A
3	LV3003047145	turquoise	ST8	23.446	state_01	MGI	-2.08744790072239	state_01	IG-A
3	LV3003047145	grey	ST8	23.446	state_01	MGI	-2.08744790072239	state_01	IG-A
3	LV3003047145	yellow	ST8	23.446	state_01	MGI	-2.08744790072239	state_01	IG-A
3	LV3003047145	brown	ST8	23.446	state_01	MGI	10.4372395036119	state_01	IG-A
3	LV3003047145	blue	ST8	23.446	state_01	MGI	-2.08744790072239	state_01	IG-A
3	LV3003047145	green	ST8	23.446	state_01	MGI	-2.08744790072239	state_01	IG-A
3	LV3003061477	grey	ST13	16.726	state_01	MGI	5.89610996816275	state_01	IG-A
3	LV3003061477	green	ST13	16.726	state_01	MGI	-3.80256911983372	state_01	IG-A
3	LV3003061477	turquoise	ST13	16.726	state_01	MGI	-3.80256911983372	state_01	IG-A
3	LV3003061477	yellow	ST13	16.726	state_01	MGI	-3.80256911983372	state_01	IG-A
3	LV3003061477	blue	ST13	16.726	state_01	MGI	-3.80256911983372	state_01	IG-A
3	LV3003061477	brown	ST13	16.726	state_01	MGI	9.31416651117214	state_01	IG-A
3	LV3003061492	grey	ST13	14.437	state_01	MGI	6.10348813019103	state_01	IG-A
3	LV3003061492	green	ST13	14.437	state_01	MGI	-3.64677039541382	state_01	IG-A
3	LV3003061492	turquoise	ST13	14.437	state_01	MGI	-3.64677039541382	state_01	IG-A
3	LV3003061492	yellow	ST13	14.437	state_01	MGI	-3.64677039541382	state_01	IG-A
3	LV3003061492	blue	ST13	14.437	state_01	MGI	-3.64677039541382	state_01	IG-A
3	LV3003061492	brown	ST13	14.437	state_01	MGI	8.48359345146427	state_01	IG-A
3	LV3003061506	grey	ST13	11.95	state_01	MGI	-2.01638108377625	state_01	IG-A
3	LV3003061506	turquoise	ST13	11.95	state_01	MGI	-2.01638108377625	state_01	IG-A
3	LV3003061506	yellow	ST13	11.95	state_01	MGI	-2.01638108377625	state_01	IG-A
3	LV3003061506	brown	ST13	11.95	state_01	MGI	10.0819054188813	state_01	IG-A
3	LV3003061506	blue	ST13	11.95	state_01	MGI	-2.01638108377625	state_01	IG-A
3	LV3003061506	green	ST13	11.95	state_01	MGI	-2.01638108377625	state_01	IG-A
3	LV3003061518	grey	ST13	9.804	state_01	MGI	0	state_01	IG-A
3	LV3003061518	green	ST13	9.804	state_01	MGI	0	state_01	IG-A
3	LV3003061518	turquoise	ST13	9.804	state_01	MGI	0	state_01	IG-A
3	LV3003061518	yellow	ST13	9.804	state_01	MGI	0	state_01	IG-A
3	LV3003061518	blue	ST13	9.804	state_01	MGI	0	state_01	IG-A
3	LV3003061518	brown	ST13	9.804	state_01	MGI	0	state_01	IG-A
3	LV3003061533	grey	ST13	7.912	state_01	MGI	-1.97174367898983	state_01	IG-A
3	LV3003061533	turquoise	ST13	7.912	state_01	MGI	-1.97174367898983	state_01	IG-A
3	LV3003061533	yellow	ST13	7.912	state_01	MGI	-1.97174367898983	state_01	IG-A
3	LV3003061533	brown	ST13	7.912	state_01	MGI	9.85871839494916	state_01	IG-A
3	LV3003061533	blue	ST13	7.912	state_01	MGI	-1.97174367898983	state_01	IG-A
3	LV3003061533	green	ST13	7.912	state_01	MGI	-1.97174367898983	state_01	IG-A
3	LV3003061546	grey	ST13	7.197	state_01	MGI	-2.02938957276375	state_01	IG-A
3	LV3003061546	turquoise	ST13	7.197	state_01	MGI	-2.02938957276375	state_01	IG-A
3	LV3003061546	yellow	ST13	7.197	state_01	MGI	-2.02938957276375	state_01	IG-A
3	LV3003061546	brown	ST13	7.197	state_01	MGI	10.1469478638188	state_01	IG-A
3	LV3003061546	blue	ST13	7.197	state_01	MGI	-2.02938957276375	state_01	IG-A
3	LV3003061546	green	ST13	7.197	state_01	MGI	-2.02938957276375	state_01	IG-A
3	LV3003061572	grey	ST13	19.099	state_01	MGI	8.18869670212633	state_01	IG-A
3	LV3003061572	green	ST13	19.099	state_01	MGI	-1.63773934042526	state_01	IG-A
3	LV3003061572	turquoise	ST13	19.099	state_01	MGI	-1.63773934042526	state_01	IG-A
3	LV3003061572	yellow	ST13	19.099	state_01	MGI	-1.63773934042526	state_01	IG-A
3	LV3003061572	blue	ST13	19.099	state_01	MGI	-1.63773934042526	state_01	IG-A
3	LV3003061572	brown	ST13	19.099	state_01	MGI	-1.63773934042526	state_01	IG-A
3	LV7001898064	grey	ST13	6.808	state_01	MGI	-1.96192099044268	state_01	IG-A
3	LV7001898064	turquoise	ST13	6.808	state_01	MGI	-1.96192099044268	state_01	IG-A
3	LV7001898064	yellow	ST13	6.808	state_01	MGI	-1.96192099044268	state_01	IG-A
3	LV7001898064	blue	ST13	6.808	state_01	MGI	-1.96192099044268	state_01	IG-A
3	LV7001898064	brown	ST13	6.808	state_01	MGI	9.80960495221338	state_01	IG-A
3	LV7001898064	green	ST13	6.808	state_01	MGI	-1.96192099044268	state_01	IG-A
3	LV7001898076	grey	ST13	6.429	state_01	MGI	-1.90975850845115	state_01	IG-A
3	LV7001898076	green	ST13	6.429	state_01	MGI	-1.90975850845115	state_01	IG-A
3	LV7001898076	turquoise	ST13	6.429	state_01	MGI	-1.90975850845115	state_01	IG-A
3	LV7001898076	yellow	ST13	6.429	state_01	MGI	-1.90975850845115	state_01	IG-A
3	LV7001898076	blue	ST13	6.429	state_01	MGI	-1.90975850845115	state_01	IG-A
3	LV7001898076	brown	ST13	6.429	state_01	MGI	9.54879254225573	state_01	IG-A
3	LV7001898088	grey	ST13	6.031	state_01	MGI	0	state_01	IG-A
3	LV7001898088	green	ST13	6.031	state_01	MGI	0	state_01	IG-A
3	LV7001898088	turquoise	ST13	6.031	state_01	MGI	0	state_01	IG-A
3	LV7001898088	yellow	ST13	6.031	state_01	MGI	0	state_01	IG-A
3	LV7001898088	blue	ST13	6.031	state_01	MGI	0	state_01	IG-A
3	LV7001898088	brown	ST13	6.031	state_01	MGI	0	state_01	IG-A
3	LV7008886690	yellow	GeoB25202_R1	2.324	state_01	MGI	-2.16916071549306	state_01	IG-A
3	LV7008886690	turquoise	GeoB25202_R1	2.324	state_01	MGI	-2.16916071549306	state_01	IG-A
3	LV7008886690	grey	GeoB25202_R1	2.324	state_01	MGI	-2.16916071549306	state_01	IG-A
3	LV7008886690	brown	GeoB25202_R1	2.324	state_01	MGI	8.67664286197223	state_01	IG-A
3	LV7008886690	blue	GeoB25202_R1	2.324	state_01	MGI	-2.16916071549306	state_01	IG-A
3	LV7008886702	grey	GeoB25202_R2	2.324	state_01	MGI	-1.85153248909243	state_01	IG-A
3	LV7008886702	turquoise	GeoB25202_R2	2.324	state_01	MGI	-1.85153248909243	state_01	IG-A
3	LV7008886702	yellow	GeoB25202_R2	2.324	state_01	MGI	-1.85153248909243	state_01	IG-A
3	LV7008886702	blue	GeoB25202_R2	2.324	state_01	MGI	-1.85153248909243	state_01	IG-A
3	LV7008886702	brown	GeoB25202_R2	2.324	state_01	MGI	9.25766244546213	state_01	IG-A
3	LV7008886702	green	GeoB25202_R2	2.324	state_01	MGI	-1.85153248909243	state_01	IG-A
3	LV7008886727	grey	GeoB25202_R1	16.4375	state_01	MGI	-1.96302427592784	state_01	IG-A
3	LV7008886727	green	GeoB25202_R1	16.4375	state_01	MGI	-1.96302427592784	state_01	IG-A
3	LV7008886727	turquoise	GeoB25202_R1	16.4375	state_01	MGI	-1.96302427592784	state_01	IG-A
3	LV7008886727	yellow	GeoB25202_R1	16.4375	state_01	MGI	-1.96302427592784	state_01	IG-A
3	LV7008886727	blue	GeoB25202_R1	16.4375	state_01	MGI	-1.96302427592784	state_01	IG-A
3	LV7008886727	brown	GeoB25202_R1	16.4375	state_01	MGI	9.81512137963922	state_01	IG-A
3	LV7008886739	grey	GeoB25202_R2	16.4375	state_01	MGI	0	state_01	IG-A
3	LV7008886739	green	GeoB25202_R2	16.4375	state_01	MGI	0	state_01	IG-A
3	LV7008886739	turquoise	GeoB25202_R2	16.4375	state_01	MGI	0	state_01	IG-A
3	LV7008886739	yellow	GeoB25202_R2	16.4375	state_01	MGI	0	state_01	IG-A
3	LV7008886739	blue	GeoB25202_R2	16.4375	state_01	MGI	0	state_01	IG-A
3	LV7008886739	brown	GeoB25202_R2	16.4375	state_01	MGI	0	state_01	IG-A
3	LV7008886751	grey	GeoB25202_R1	7.1335	state_01	MGI	-1.89817365212031	state_01	IG-A
3	LV7008886751	turquoise	GeoB25202_R1	7.1335	state_01	MGI	-1.89817365212031	state_01	IG-A
3	LV7008886751	yellow	GeoB25202_R1	7.1335	state_01	MGI	-1.89817365212031	state_01	IG-A
3	LV7008886751	brown	GeoB25202_R1	7.1335	state_01	MGI	9.49086826060154	state_01	IG-A
3	LV7008886751	blue	GeoB25202_R1	7.1335	state_01	MGI	-1.89817365212031	state_01	IG-A
3	LV7008886751	green	GeoB25202_R1	7.1335	state_01	MGI	-1.89817365212031	state_01	IG-A
3	LV7008886763	grey	GeoB25202_R2	7.1335	state_01	MGI	-2.91442646876055	state_01	IG-A
3	LV7008886763	yellow	GeoB25202_R2	7.1335	state_01	MGI	-2.91442646876055	state_01	IG-A
3	LV7008886763	turquoise	GeoB25202_R2	7.1335	state_01	MGI	-2.91442646876055	state_01	IG-A
3	LV7008886763	brown	GeoB25202_R2	7.1335	state_01	MGI	8.74327940628164	state_01	IG-A
3	LV3003046936	grey	ST8	22.905	state_01	MFI	-2.55035123037545	state_01	IG-A
3	LV3003046936	green	ST8	22.905	state_01	MFI	0.949084590870114	state_01	IG-A
3	LV3003046936	turquoise	ST8	22.905	state_01	MFI	0.949084590870114	state_01	IG-A
3	LV3003046936	yellow	ST8	22.905	state_01	MFI	0.949084590870114	state_01	IG-A
3	LV3003046936	blue	ST8	22.905	state_01	MFI	0.949084590870114	state_01	IG-A
3	LV3003046936	brown	ST8	22.905	state_01	MFI	-1.245987133105	state_01	IG-A
3	LV3003046937	grey	ST8	18.598	state_01	MFI	0	state_01	IG-A
3	LV3003046937	turquoise	ST8	18.598	state_01	MFI	0	state_01	IG-A
3	LV3003046937	yellow	ST8	18.598	state_01	MFI	0	state_01	IG-A
3	LV3003046937	blue	ST8	18.598	state_01	MFI	0	state_01	IG-A
3	LV3003046937	brown	ST8	18.598	state_01	MFI	0	state_01	IG-A
3	LV3003046937	green	ST8	18.598	state_01	MFI	0	state_01	IG-A
3	LV3003046949	grey	ST8	22.3686666666667	state_01	MFI	-1.76033617000246	state_01	IG-A
3	LV3003046949	green	ST8	22.3686666666667	state_01	MFI	-1.76033617000246	state_01	IG-A
3	LV3003046949	turquoise	ST8	22.3686666666667	state_01	MFI	-1.76033617000246	state_01	IG-A
3	LV3003046949	yellow	ST8	22.3686666666667	state_01	MFI	-1.76033617000246	state_01	IG-A
3	LV3003046949	blue	ST8	22.3686666666667	state_01	MFI	-1.76033617000246	state_01	IG-A
3	LV3003046949	brown	ST8	22.3686666666667	state_01	MFI	8.80168085001229	state_01	IG-A
3	LV3003046950	grey	ST8	18.099	state_01	MFI	0.415146136129084	state_01	IG-A
3	LV3003046950	turquoise	ST8	18.099	state_01	MFI	0.415146136129084	state_01	IG-A
3	LV3003046950	yellow	ST8	18.099	state_01	MFI	0.415146136129084	state_01	IG-A
3	LV3003046950	blue	ST8	18.099	state_01	MFI	0.415146136129084	state_01	IG-A
3	LV3003046950	brown	ST8	18.099	state_01	MFI	-2.07573068064542	state_01	IG-A
3	LV3003046950	green	ST8	18.099	state_01	MFI	0.415146136129084	state_01	IG-A
3	LV3003046965	grey	ST8	21.8323333333333	state_01	MFI	-2.23123712174569	state_01	IG-A
3	LV3003046965	green	ST8	21.8323333333333	state_01	MFI	0.928354645762523	state_01	IG-A
3	LV3003046965	turquoise	ST8	21.8323333333333	state_01	MFI	0.928354645762523	state_01	IG-A
3	LV3003046965	yellow	ST8	21.8323333333333	state_01	MFI	0.928354645762523	state_01	IG-A
3	LV3003046965	blue	ST8	21.8323333333333	state_01	MFI	0.928354645762523	state_01	IG-A
3	LV3003046965	brown	ST8	21.8323333333333	state_01	MFI	-1.48218146130441	state_01	IG-A
3	LV3003046966	grey	ST8	17.373	state_01	MFI	-1.74003812643957	state_01	IG-A
3	LV3003046966	turquoise	ST8	17.373	state_01	MFI	-1.74003812643957	state_01	IG-A
3	LV3003046966	yellow	ST8	17.373	state_01	MFI	-1.74003812643957	state_01	IG-A
3	LV3003046966	blue	ST8	17.373	state_01	MFI	-1.74003812643957	state_01	IG-A
3	LV3003046966	brown	ST8	17.373	state_01	MFI	8.70019063219787	state_01	IG-A
3	LV3003046966	green	ST8	17.373	state_01	MFI	-1.74003812643957	state_01	IG-A
3	LV3003046978	grey	ST8	21.296	state_01	MFI	-1.57658794735327	state_01	IG-A
3	LV3003046978	green	ST8	21.296	state_01	MFI	-1.57658794735327	state_01	IG-A
3	LV3003046978	turquoise	ST8	21.296	state_01	MFI	-1.57658794735327	state_01	IG-A
3	LV3003046978	yellow	ST8	21.296	state_01	MFI	-1.57658794735327	state_01	IG-A
3	LV3003046978	blue	ST8	21.296	state_01	MFI	-1.57658794735327	state_01	IG-A
3	LV3003046978	brown	ST8	21.296	state_01	MFI	7.88293973676636	state_01	IG-A
3	LV3003046979	grey	ST8	16.461	state_01	MFI	2.01076487848395	state_01	IG-A
3	LV3003046979	green	ST8	16.461	state_01	MFI	2.01076487848395	state_01	IG-A
3	LV3003046979	turquoise	ST8	16.461	state_01	MFI	2.01076487848395	state_01	IG-A
3	LV3003046979	yellow	ST8	16.461	state_01	MFI	2.01076487848395	state_01	IG-A
3	LV3003046979	blue	ST8	16.461	state_01	MFI	2.01076487848395	state_01	IG-A
3	LV3003046979	brown	ST8	16.461	state_01	MFI	-10.0538243924197	state_01	IG-A
3	LV3003046993	grey	ST8	20.719	state_01	MFI	6.94318373536803	state_01	IG-A
3	LV3003046993	green	ST8	20.719	state_01	MFI	-0.718262714963251	state_01	IG-A
3	LV3003046993	turquoise	ST8	20.719	state_01	MFI	-0.718262714963251	state_01	IG-A
3	LV3003046993	yellow	ST8	20.719	state_01	MFI	-0.718262714963251	state_01	IG-A
3	LV3003046993	blue	ST8	20.719	state_01	MFI	-0.718262714963251	state_01	IG-A
3	LV3003046993	brown	ST8	20.719	state_01	MFI	-4.07013287551503	state_01	IG-A
3	LV3003046994	turquoise	ST8	15.549	state_01	MFI	0.615872287483091	state_01	IG-A
3	LV3003046994	grey	ST8	15.549	state_01	MFI	0.615872287483091	state_01	IG-A
3	LV3003046994	yellow	ST8	15.549	state_01	MFI	0.615872287483091	state_01	IG-A
3	LV3003046994	brown	ST8	15.549	state_01	MFI	-3.07936143741545	state_01	IG-A
3	LV3003046994	green	ST8	15.549	state_01	MFI	0.615872287483091	state_01	IG-A
3	LV3003046994	blue	ST8	15.549	state_01	MFI	0.615872287483091	state_01	IG-A
3	LV3003047009	grey	ST8	20.142	state_01	MFI	6.47263109235274	state_01	IG-A
3	LV3003047009	turquoise	ST8	20.142	state_01	MFI	-0.578513094236315	state_01	IG-A
3	LV3003047009	yellow	ST8	20.142	state_01	MFI	-0.578513094236315	state_01	IG-A
3	LV3003047009	brown	ST8	20.142	state_01	MFI	-4.15857871540748	state_01	IG-A
3	LV3003047009	blue	ST8	20.142	state_01	MFI	-0.578513094236315	state_01	IG-A
3	LV3003047009	green	ST8	20.142	state_01	MFI	-0.578513094236315	state_01	IG-A
3	LV3003047026	grey	ST8	19.565	state_01	MFI	6.24017348284648	state_01	IG-A
3	LV3003047026	turquoise	ST8	19.565	state_01	MFI	-0.636351501399761	state_01	IG-A
3	LV3003047026	yellow	ST8	19.565	state_01	MFI	-0.636351501399761	state_01	IG-A
3	LV3003047026	green	ST8	19.565	state_01	MFI	-0.636351501399761	state_01	IG-A
3	LV3003047026	blue	ST8	19.565	state_01	MFI	-0.636351501399761	state_01	IG-A
3	LV3003047026	brown	ST8	19.565	state_01	MFI	-3.69476747724744	state_01	IG-A
3	LV3003047041	grey	ST8	19.097	state_01	MFI	-2.20039167062591	state_01	IG-A
3	LV3003047041	turquoise	ST8	19.097	state_01	MFI	0.914649191893302	state_01	IG-A
3	LV3003047041	yellow	ST8	19.097	state_01	MFI	0.914649191893302	state_01	IG-A
3	LV3003047041	blue	ST8	19.097	state_01	MFI	0.914649191893302	state_01	IG-A
3	LV3003047041	brown	ST8	19.097	state_01	MFI	-1.4582050969473	state_01	IG-A
3	LV3003047041	green	ST8	19.097	state_01	MFI	0.914649191893302	state_01	IG-A
3	LV3003047118	grey	ST8	24.528	state_01	MFI	2.1436836938556	state_01	IG-A
3	LV3003047118	turquoise	ST8	24.528	state_01	MFI	2.1436836938556	state_01	IG-A
3	LV3003047118	yellow	ST8	24.528	state_01	MFI	2.1436836938556	state_01	IG-A
3	LV3003047118	blue	ST8	24.528	state_01	MFI	2.1436836938556	state_01	IG-A
3	LV3003047118	brown	ST8	24.528	state_01	MFI	-10.718418469278	state_01	IG-A
3	LV3003047118	green	ST8	24.528	state_01	MFI	2.1436836938556	state_01	IG-A
3	LV3003047132	grey	ST8	23.987	state_01	MFI	-7.54485794527979	state_01	IG-A
3	LV3003047132	green	ST8	23.987	state_01	MFI	1.50897158905596	state_01	IG-A
3	LV3003047132	turquoise	ST8	23.987	state_01	MFI	1.50897158905596	state_01	IG-A
3	LV3003047132	yellow	ST8	23.987	state_01	MFI	1.50897158905596	state_01	IG-A
3	LV3003047132	blue	ST8	23.987	state_01	MFI	1.50897158905596	state_01	IG-A
3	LV3003047132	brown	ST8	23.987	state_01	MFI	1.50897158905596	state_01	IG-A
3	LV3003047145	turquoise	ST8	23.446	state_01	MFI	0.582422982283906	state_01	IG-A
3	LV3003047145	grey	ST8	23.446	state_01	MFI	0.582422982283906	state_01	IG-A
3	LV3003047145	yellow	ST8	23.446	state_01	MFI	0.582422982283906	state_01	IG-A
3	LV3003047145	brown	ST8	23.446	state_01	MFI	-2.91211491141953	state_01	IG-A
3	LV3003047145	blue	ST8	23.446	state_01	MFI	0.582422982283906	state_01	IG-A
3	LV3003047145	green	ST8	23.446	state_01	MFI	0.582422982283906	state_01	IG-A
3	LV3003061477	grey	ST13	16.726	state_01	MFI	-0.335249753270284	state_01	IG-A
3	LV3003061477	green	ST13	16.726	state_01	MFI	2.69039707685523	state_01	IG-A
3	LV3003061477	turquoise	ST13	16.726	state_01	MFI	2.69039707685523	state_01	IG-A
3	LV3003061477	yellow	ST13	16.726	state_01	MFI	2.69039707685523	state_01	IG-A
3	LV3003061477	blue	ST13	16.726	state_01	MFI	2.69039707685523	state_01	IG-A
3	LV3003061477	brown	ST13	16.726	state_01	MFI	-10.4263385541506	state_01	IG-A
3	LV3003061492	grey	ST13	14.437	state_01	MFI	-2.23441694461161	state_01	IG-A
3	LV3003061492	green	ST13	14.437	state_01	MFI	0.95302662608618	state_01	IG-A
3	LV3003061492	turquoise	ST13	14.437	state_01	MFI	0.95302662608618	state_01	IG-A
3	LV3003061492	yellow	ST13	14.437	state_01	MFI	0.95302662608618	state_01	IG-A
3	LV3003061492	blue	ST13	14.437	state_01	MFI	0.95302662608618	state_01	IG-A
3	LV3003061492	brown	ST13	14.437	state_01	MFI	-1.57768955973311	state_01	IG-A
3	LV3003061506	grey	ST13	11.95	state_01	MFI	0.457402974212181	state_01	IG-A
3	LV3003061506	turquoise	ST13	11.95	state_01	MFI	0.457402974212181	state_01	IG-A
3	LV3003061506	yellow	ST13	11.95	state_01	MFI	0.457402974212181	state_01	IG-A
3	LV3003061506	brown	ST13	11.95	state_01	MFI	-2.2870148710609	state_01	IG-A
3	LV3003061506	blue	ST13	11.95	state_01	MFI	0.457402974212181	state_01	IG-A
3	LV3003061506	green	ST13	11.95	state_01	MFI	0.457402974212181	state_01	IG-A
3	LV3003061518	grey	ST13	9.804	state_01	MFI	5.13871088044595	state_01	IG-A
3	LV3003061518	green	ST13	9.804	state_01	MFI	-1.02774217608919	state_01	IG-A
3	LV3003061518	turquoise	ST13	9.804	state_01	MFI	-1.02774217608919	state_01	IG-A
3	LV3003061518	yellow	ST13	9.804	state_01	MFI	-1.02774217608919	state_01	IG-A
3	LV3003061518	blue	ST13	9.804	state_01	MFI	-1.02774217608919	state_01	IG-A
3	LV3003061518	brown	ST13	9.804	state_01	MFI	-1.02774217608919	state_01	IG-A
3	LV3003061533	grey	ST13	7.912	state_01	MFI	6.50771254533411	state_01	IG-A
3	LV3003061533	turquoise	ST13	7.912	state_01	MFI	-0.641878023248011	state_01	IG-A
3	LV3003061533	yellow	ST13	7.912	state_01	MFI	-0.641878023248011	state_01	IG-A
3	LV3003061533	brown	ST13	7.912	state_01	MFI	-3.94020045234207	state_01	IG-A
3	LV3003061533	blue	ST13	7.912	state_01	MFI	-0.641878023248011	state_01	IG-A
3	LV3003061533	green	ST13	7.912	state_01	MFI	-0.641878023248011	state_01	IG-A
3	LV3003061546	grey	ST13	7.197	state_01	MFI	7.74518734310193	state_01	IG-A
3	LV3003061546	turquoise	ST13	7.197	state_01	MFI	0.886230018696117	state_01	IG-A
3	LV3003061546	yellow	ST13	7.197	state_01	MFI	0.886230018696117	state_01	IG-A
3	LV3003061546	brown	ST13	7.197	state_01	MFI	-11.2901074178864	state_01	IG-A
3	LV3003061546	blue	ST13	7.197	state_01	MFI	0.886230018696117	state_01	IG-A
3	LV3003061546	green	ST13	7.197	state_01	MFI	0.886230018696117	state_01	IG-A
3	LV3003061572	grey	ST13	19.099	state_01	MFI	-4.49563238481295	state_01	IG-A
3	LV3003061572	green	ST13	19.099	state_01	MFI	-1.04155356655544	state_01	IG-A
3	LV3003061572	turquoise	ST13	19.099	state_01	MFI	-1.04155356655544	state_01	IG-A
3	LV3003061572	yellow	ST13	19.099	state_01	MFI	-1.04155356655544	state_01	IG-A
3	LV3003061572	blue	ST13	19.099	state_01	MFI	-1.04155356655544	state_01	IG-A
3	LV3003061572	brown	ST13	19.099	state_01	MFI	8.66184665103471	state_01	IG-A
3	LV7001898064	grey	ST13	6.808	state_01	MFI	7.57177915285622	state_01	IG-A
3	LV7001898064	turquoise	ST13	6.808	state_01	MFI	0.839949357959968	state_01	IG-A
3	LV7001898064	yellow	ST13	6.808	state_01	MFI	0.839949357959968	state_01	IG-A
3	LV7001898064	blue	ST13	6.808	state_01	MFI	0.839949357959968	state_01	IG-A
3	LV7001898064	brown	ST13	6.808	state_01	MFI	-10.9315765846961	state_01	IG-A
3	LV7001898064	green	ST13	6.808	state_01	MFI	0.839949357959968	state_01	IG-A
3	LV7001898076	grey	ST13	6.429	state_01	MFI	6.2289542847605	state_01	IG-A
3	LV7001898076	green	ST13	6.429	state_01	MFI	-0.834419679145882	state_01	IG-A
3	LV7001898076	turquoise	ST13	6.429	state_01	MFI	-0.834419679145882	state_01	IG-A
3	LV7001898076	yellow	ST13	6.429	state_01	MFI	-0.834419679145882	state_01	IG-A
3	LV7001898076	blue	ST13	6.429	state_01	MFI	-0.834419679145882	state_01	IG-A
3	LV7001898076	brown	ST13	6.429	state_01	MFI	-2.89127556817697	state_01	IG-A
3	LV7001898088	grey	ST13	6.031	state_01	MFI	0	state_01	IG-A
3	LV7001898088	green	ST13	6.031	state_01	MFI	0	state_01	IG-A
3	LV7001898088	turquoise	ST13	6.031	state_01	MFI	0	state_01	IG-A
3	LV7001898088	yellow	ST13	6.031	state_01	MFI	0	state_01	IG-A
3	LV7001898088	blue	ST13	6.031	state_01	MFI	0	state_01	IG-A
3	LV7001898088	brown	ST13	6.031	state_01	MFI	0	state_01	IG-A
3	LV7008886690	yellow	GeoB25202_R1	2.324	state_01	MFI	2.16916071549306	state_01	IG-A
3	LV7008886690	turquoise	GeoB25202_R1	2.324	state_01	MFI	2.16916071549306	state_01	IG-A
3	LV7008886690	grey	GeoB25202_R1	2.324	state_01	MFI	2.16916071549306	state_01	IG-A
3	LV7008886690	brown	GeoB25202_R1	2.324	state_01	MFI	-8.67664286197223	state_01	IG-A
3	LV7008886690	blue	GeoB25202_R1	2.324	state_01	MFI	2.16916071549306	state_01	IG-A
3	LV7008886702	grey	GeoB25202_R2	2.324	state_01	MFI	1.85153248909243	state_01	IG-A
3	LV7008886702	turquoise	GeoB25202_R2	2.324	state_01	MFI	1.85153248909243	state_01	IG-A
3	LV7008886702	yellow	GeoB25202_R2	2.324	state_01	MFI	1.85153248909243	state_01	IG-A
3	LV7008886702	blue	GeoB25202_R2	2.324	state_01	MFI	1.85153248909243	state_01	IG-A
3	LV7008886702	brown	GeoB25202_R2	2.324	state_01	MFI	-9.25766244546213	state_01	IG-A
3	LV7008886702	green	GeoB25202_R2	2.324	state_01	MFI	1.85153248909243	state_01	IG-A
3	LV7008886727	grey	GeoB25202_R1	16.4375	state_01	MFI	5.81068567824341	state_01	IG-A
3	LV7008886727	green	GeoB25202_R1	16.4375	state_01	MFI	-0.770495600275538	state_01	IG-A
3	LV7008886727	turquoise	GeoB25202_R1	16.4375	state_01	MFI	-0.770495600275538	state_01	IG-A
3	LV7008886727	yellow	GeoB25202_R1	16.4375	state_01	MFI	-0.770495600275538	state_01	IG-A
3	LV7008886727	blue	GeoB25202_R1	16.4375	state_01	MFI	-0.770495600275538	state_01	IG-A
3	LV7008886727	brown	GeoB25202_R1	16.4375	state_01	MFI	-2.72870327714126	state_01	IG-A
3	LV7008886739	grey	GeoB25202_R2	16.4375	state_01	MFI	4.07539406266888	state_01	IG-A
3	LV7008886739	green	GeoB25202_R2	16.4375	state_01	MFI	-2.99831707139987	state_01	IG-A
3	LV7008886739	turquoise	GeoB25202_R2	16.4375	state_01	MFI	-2.99831707139987	state_01	IG-A
3	LV7008886739	yellow	GeoB25202_R2	16.4375	state_01	MFI	-2.99831707139987	state_01	IG-A
3	LV7008886739	blue	GeoB25202_R2	16.4375	state_01	MFI	-2.99831707139987	state_01	IG-A
3	LV7008886739	brown	GeoB25202_R2	16.4375	state_01	MFI	7.91787422293061	state_01	IG-A
3	LV7008886751	grey	GeoB25202_R1	7.1335	state_01	MFI	5.9412307590981	state_01	IG-A
3	LV7008886751	turquoise	GeoB25202_R1	7.1335	state_01	MFI	-0.696871124633198	state_01	IG-A
3	LV7008886751	yellow	GeoB25202_R1	7.1335	state_01	MFI	-0.696871124633198	state_01	IG-A
3	LV7008886751	brown	GeoB25202_R1	7.1335	state_01	MFI	-3.15374626056531	state_01	IG-A
3	LV7008886751	blue	GeoB25202_R1	7.1335	state_01	MFI	-0.696871124633198	state_01	IG-A
3	LV7008886751	green	GeoB25202_R1	7.1335	state_01	MFI	-0.696871124633198	state_01	IG-A
3	LV7008886763	grey	GeoB25202_R2	7.1335	state_01	MFI	5.79243893022082	state_01	IG-A
3	LV7008886763	yellow	GeoB25202_R2	7.1335	state_01	MFI	-1.10407939049008	state_01	IG-A
3	LV7008886763	turquoise	GeoB25202_R2	7.1335	state_01	MFI	-1.10407939049008	state_01	IG-A
3	LV7008886763	brown	GeoB25202_R2	7.1335	state_01	MFI	-3.58428014924067	state_01	IG-A
3	LV3003046936	grey	ST8	22.905	state_01	DCI	1.24457995373107	state_01	IG-A
3	LV3003046936	green	ST8	22.905	state_01	DCI	-6.73527686375392	state_01	IG-A
3	LV3003046936	turquoise	ST8	22.905	state_01	DCI	1.51526574916449	state_01	IG-A
3	LV3003046936	yellow	ST8	22.905	state_01	DCI	2.41743198615652	state_01	IG-A
3	LV3003046936	blue	ST8	22.905	state_01	DCI	1.08515748199258	state_01	IG-A
3	LV3003046936	brown	ST8	22.905	state_01	DCI	0.472841692709252	state_01	IG-A
3	LV3003046937	grey	ST8	18.598	state_01	DCI	0.922641227405956	state_01	IG-A
3	LV3003046937	turquoise	ST8	18.598	state_01	DCI	1.78381362639646	state_01	IG-A
3	LV3003046937	yellow	ST8	18.598	state_01	DCI	1.62556838686417	state_01	IG-A
3	LV3003046937	blue	ST8	18.598	state_01	DCI	2.21679559772115	state_01	IG-A
3	LV3003046937	brown	ST8	18.598	state_01	DCI	-9.43357136784028	state_01	IG-A
3	LV3003046937	green	ST8	18.598	state_01	DCI	2.88475252945254	state_01	IG-A
3	LV3003046949	grey	ST8	22.3686666666667	state_01	DCI	2.83708045611498	state_01	IG-A
3	LV3003046949	green	ST8	22.3686666666667	state_01	DCI	-5.11297017979151	state_01	IG-A
3	LV3003046949	turquoise	ST8	22.3686666666667	state_01	DCI	3.8143364354982	state_01	IG-A
3	LV3003046949	yellow	ST8	22.3686666666667	state_01	DCI	4.81808635095246	state_01	IG-A
3	LV3003046949	blue	ST8	22.3686666666667	state_01	DCI	2.47581792748743	state_01	IG-A
3	LV3003046949	brown	ST8	22.3686666666667	state_01	DCI	-8.83235099026156	state_01	IG-A
3	LV3003046950	grey	ST8	18.099	state_01	DCI	1.59630639895317	state_01	IG-A
3	LV3003046950	turquoise	ST8	18.099	state_01	DCI	1.76621780380797	state_01	IG-A
3	LV3003046950	yellow	ST8	18.099	state_01	DCI	1.89882245103644	state_01	IG-A
3	LV3003046950	blue	ST8	18.099	state_01	DCI	1.80618190204254	state_01	IG-A
3	LV3003046950	brown	ST8	18.099	state_01	DCI	-10.0527166394781	state_01	IG-A
3	LV3003046950	green	ST8	18.099	state_01	DCI	2.98518808363801	state_01	IG-A
3	LV3003046965	grey	ST8	21.8323333333333	state_01	DCI	1.52441271877174	state_01	IG-A
3	LV3003046965	green	ST8	21.8323333333333	state_01	DCI	-6.70438398308971	state_01	IG-A
3	LV3003046965	turquoise	ST8	21.8323333333333	state_01	DCI	1.89261916871153	state_01	IG-A
3	LV3003046965	yellow	ST8	21.8323333333333	state_01	DCI	1.55971190163511	state_01	IG-A
3	LV3003046965	blue	ST8	21.8323333333333	state_01	DCI	1.18565733114665	state_01	IG-A
3	LV3003046965	brown	ST8	21.8323333333333	state_01	DCI	0.541982862824681	state_01	IG-A
3	LV3003046966	grey	ST8	17.373	state_01	DCI	0.960234065091259	state_01	IG-A
3	LV3003046966	turquoise	ST8	17.373	state_01	DCI	1.55752689527034	state_01	IG-A
3	LV3003046966	yellow	ST8	17.373	state_01	DCI	3.47829585136852	state_01	IG-A
3	LV3003046966	blue	ST8	17.373	state_01	DCI	1.3748872768381	state_01	IG-A
3	LV3003046966	brown	ST8	17.373	state_01	DCI	-10.3042270910179	state_01	IG-A
3	LV3003046966	green	ST8	17.373	state_01	DCI	2.93328300244969	state_01	IG-A
3	LV3003046978	grey	ST8	21.296	state_01	DCI	0.920536386736918	state_01	IG-A
3	LV3003046978	green	ST8	21.296	state_01	DCI	-6.8774851916819	state_01	IG-A
3	LV3003046978	turquoise	ST8	21.296	state_01	DCI	1.7758326602501	state_01	IG-A
3	LV3003046978	yellow	ST8	21.296	state_01	DCI	1.98209073938957	state_01	IG-A
3	LV3003046978	blue	ST8	21.296	state_01	DCI	2.05682001186105	state_01	IG-A
3	LV3003046978	brown	ST8	21.296	state_01	DCI	0.142205393444264	state_01	IG-A
3	LV3003046979	grey	ST8	16.461	state_01	DCI	1.2192235815465	state_01	IG-A
3	LV3003046979	green	ST8	16.461	state_01	DCI	-6.64905611052653	state_01	IG-A
3	LV3003046979	turquoise	ST8	16.461	state_01	DCI	1.84355060195218	state_01	IG-A
3	LV3003046979	yellow	ST8	16.461	state_01	DCI	2.41509846121675	state_01	IG-A
3	LV3003046979	blue	ST8	16.461	state_01	DCI	0.525379534091125	state_01	IG-A
3	LV3003046979	brown	ST8	16.461	state_01	DCI	0.645803931719971	state_01	IG-A
3	LV3003046993	grey	ST8	20.719	state_01	DCI	0.416218033760351	state_01	IG-A
3	LV3003046993	green	ST8	20.719	state_01	DCI	-6.5923391635173	state_01	IG-A
3	LV3003046993	turquoise	ST8	20.719	state_01	DCI	0.589827697554419	state_01	IG-A
3	LV3003046993	yellow	ST8	20.719	state_01	DCI	2.00918294968439	state_01	IG-A
3	LV3003046993	blue	ST8	20.719	state_01	DCI	3.31697682201596	state_01	IG-A
3	LV3003046993	brown	ST8	20.719	state_01	DCI	0.260133660502174	state_01	IG-A
3	LV3003046994	turquoise	ST8	15.549	state_01	DCI	-1.29788301845185	state_01	IG-A
3	LV3003046994	grey	ST8	15.549	state_01	DCI	-1.37208268644578	state_01	IG-A
3	LV3003046994	yellow	ST8	15.549	state_01	DCI	0.819193738537887	state_01	IG-A
3	LV3003046994	brown	ST8	15.549	state_01	DCI	-0.375924684630823	state_01	IG-A
3	LV3003046994	green	ST8	15.549	state_01	DCI	1.11334832549529	state_01	IG-A
3	LV3003046994	blue	ST8	15.549	state_01	DCI	1.11334832549529	state_01	IG-A
3	LV3003047009	grey	ST8	20.142	state_01	DCI	0.627875261474579	state_01	IG-A
3	LV3003047009	turquoise	ST8	20.142	state_01	DCI	0.423015008248442	state_01	IG-A
3	LV3003047009	yellow	ST8	20.142	state_01	DCI	2.58355324135113	state_01	IG-A
3	LV3003047009	brown	ST8	20.142	state_01	DCI	2.32346538560336	state_01	IG-A
3	LV3003047009	blue	ST8	20.142	state_01	DCI	-9.38843153725342	state_01	IG-A
3	LV3003047009	green	ST8	20.142	state_01	DCI	3.43052264057591	state_01	IG-A
3	LV3003047026	grey	ST8	19.565	state_01	DCI	-1.48971045040565	state_01	IG-A
3	LV3003047026	turquoise	ST8	19.565	state_01	DCI	-1.27491790638522	state_01	IG-A
3	LV3003047026	yellow	ST8	19.565	state_01	DCI	1.2593281711676	state_01	IG-A
3	LV3003047026	green	ST8	19.565	state_01	DCI	1.08519219896009	state_01	IG-A
3	LV3003047026	blue	ST8	19.565	state_01	DCI	1.30547451799327	state_01	IG-A
3	LV3003047026	brown	ST8	19.565	state_01	DCI	-0.885366531330085	state_01	IG-A
3	LV3003047041	grey	ST8	19.097	state_01	DCI	-0.359277739497497	state_01	IG-A
3	LV3003047041	turquoise	ST8	19.097	state_01	DCI	-0.162417917254592	state_01	IG-A
3	LV3003047041	yellow	ST8	19.097	state_01	DCI	-0.0257083765973105	state_01	IG-A
3	LV3003047041	blue	ST8	19.097	state_01	DCI	0.132003562004454	state_01	IG-A
3	LV3003047041	brown	ST8	19.097	state_01	DCI	-0.938952374359851	state_01	IG-A
3	LV3003047041	green	ST8	19.097	state_01	DCI	1.3543528457048	state_01	IG-A
3	LV3003047118	grey	ST8	24.528	state_01	DCI	0.640358451417362	state_01	IG-A
3	LV3003047118	turquoise	ST8	24.528	state_01	DCI	2.07328170133753	state_01	IG-A
3	LV3003047118	yellow	ST8	24.528	state_01	DCI	1.86690287891159	state_01	IG-A
3	LV3003047118	blue	ST8	24.528	state_01	DCI	2.42756298590062	state_01	IG-A
3	LV3003047118	brown	ST8	24.528	state_01	DCI	-10.5544839994533	state_01	IG-A
3	LV3003047118	green	ST8	24.528	state_01	DCI	3.54637798188624	state_01	IG-A
3	LV3003047132	grey	ST8	23.987	state_01	DCI	3.15812970652973	state_01	IG-A
3	LV3003047132	green	ST8	23.987	state_01	DCI	-4.84520083233125	state_01	IG-A
3	LV3003047132	turquoise	ST8	23.987	state_01	DCI	3.55540153217427	state_01	IG-A
3	LV3003047132	yellow	ST8	23.987	state_01	DCI	3.22454112540433	state_01	IG-A
3	LV3003047132	blue	ST8	23.987	state_01	DCI	3.37866380184453	state_01	IG-A
3	LV3003047132	brown	ST8	23.987	state_01	DCI	-8.47153533362161	state_01	IG-A
3	LV3003047145	turquoise	ST8	23.446	state_01	DCI	-0.680910598007371	state_01	IG-A
3	LV3003047145	grey	ST8	23.446	state_01	DCI	-1.039566876284	state_01	IG-A
3	LV3003047145	yellow	ST8	23.446	state_01	DCI	0.0187497080553719	state_01	IG-A
3	LV3003047145	brown	ST8	23.446	state_01	DCI	-1.06286716854	state_01	IG-A
3	LV3003047145	blue	ST8	23.446	state_01	DCI	1.91089320215572	state_01	IG-A
3	LV3003047145	green	ST8	23.446	state_01	DCI	0.853701732620276	state_01	IG-A
3	LV3003061477	grey	ST13	16.726	state_01	DCI	3.12328226118854	state_01	IG-A
3	LV3003061477	green	ST13	16.726	state_01	DCI	-4.70605601582932	state_01	IG-A
3	LV3003061477	turquoise	ST13	16.726	state_01	DCI	3.69694756239588	state_01	IG-A
3	LV3003061477	yellow	ST13	16.726	state_01	DCI	2.74037821416739	state_01	IG-A
3	LV3003061477	blue	ST13	16.726	state_01	DCI	3.00846458226867	state_01	IG-A
3	LV3003061477	brown	ST13	16.726	state_01	DCI	-7.86301660419115	state_01	IG-A
3	LV3003061492	grey	ST13	14.437	state_01	DCI	1.54694268971549	state_01	IG-A
3	LV3003061492	green	ST13	14.437	state_01	DCI	-6.4636930768343	state_01	IG-A
3	LV3003061492	turquoise	ST13	14.437	state_01	DCI	1.98829597168923	state_01	IG-A
3	LV3003061492	yellow	ST13	14.437	state_01	DCI	1.32767963832175	state_01	IG-A
3	LV3003061492	blue	ST13	14.437	state_01	DCI	1.26891283890103	state_01	IG-A
3	LV3003061492	brown	ST13	14.437	state_01	DCI	0.331861938206806	state_01	IG-A
3	LV3003061506	grey	ST13	11.95	state_01	DCI	-3.38976958314542	state_01	IG-A
3	LV3003061506	turquoise	ST13	11.95	state_01	DCI	-4.0745303168646	state_01	IG-A
3	LV3003061506	yellow	ST13	11.95	state_01	DCI	-2.14482903563512	state_01	IG-A
3	LV3003061506	brown	ST13	11.95	state_01	DCI	-2.21282830384231	state_01	IG-A
3	LV3003061506	blue	ST13	11.95	state_01	DCI	12.4065687269076	state_01	IG-A
3	LV3003061506	green	ST13	11.95	state_01	DCI	-0.584611487420106	state_01	IG-A
3	LV3003061518	grey	ST13	9.804	state_01	DCI	0.859610858220264	state_01	IG-A
3	LV3003061518	green	ST13	9.804	state_01	DCI	-6.14707281203239	state_01	IG-A
3	LV3003061518	turquoise	ST13	9.804	state_01	DCI	1.36700459081008	state_01	IG-A
3	LV3003061518	yellow	ST13	9.804	state_01	DCI	1.12132745427133	state_01	IG-A
3	LV3003061518	blue	ST13	9.804	state_01	DCI	2.88405078803747	state_01	IG-A
3	LV3003061518	brown	ST13	9.804	state_01	DCI	-0.0849208793067553	state_01	IG-A
3	LV3003061533	grey	ST13	7.912	state_01	DCI	-1.83454935437555	state_01	IG-A
3	LV3003061533	turquoise	ST13	7.912	state_01	DCI	-0.938406222700877	state_01	IG-A
3	LV3003061533	yellow	ST13	7.912	state_01	DCI	0.335238661689789	state_01	IG-A
3	LV3003061533	brown	ST13	7.912	state_01	DCI	-0.449383779506591	state_01	IG-A
3	LV3003061533	blue	ST13	7.912	state_01	DCI	1.44355034744661	state_01	IG-A
3	LV3003061533	green	ST13	7.912	state_01	DCI	1.44355034744661	state_01	IG-A
3	LV3003061546	grey	ST13	7.197	state_01	DCI	0.576211646296482	state_01	IG-A
3	LV3003061546	turquoise	ST13	7.197	state_01	DCI	1.0954096287256	state_01	IG-A
3	LV3003061546	yellow	ST13	7.197	state_01	DCI	2.51874428423133	state_01	IG-A
3	LV3003061546	brown	ST13	7.197	state_01	DCI	2.22308465036766	state_01	IG-A
3	LV3003061546	blue	ST13	7.197	state_01	DCI	-9.98087861323856	state_01	IG-A
3	LV3003061546	green	ST13	7.197	state_01	DCI	3.56742840361748	state_01	IG-A
3	LV3003061572	grey	ST13	19.099	state_01	DCI	2.69698244520557	state_01	IG-A
3	LV3003061572	green	ST13	19.099	state_01	DCI	-6.55154931997588	state_01	IG-A
3	LV3003061572	turquoise	ST13	19.099	state_01	DCI	1.6632982000616	state_01	IG-A
3	LV3003061572	yellow	ST13	19.099	state_01	DCI	1.01090295372259	state_01	IG-A
3	LV3003061572	blue	ST13	19.099	state_01	DCI	1.28942202197915	state_01	IG-A
3	LV3003061572	brown	ST13	19.099	state_01	DCI	-0.109056300993023	state_01	IG-A
3	LV7001898064	grey	ST13	6.808	state_01	DCI	-0.856710764734545	state_01	IG-A
3	LV7001898064	turquoise	ST13	6.808	state_01	DCI	-1.18927236622923	state_01	IG-A
3	LV7001898064	yellow	ST13	6.808	state_01	DCI	-0.870185532890811	state_01	IG-A
3	LV7001898064	blue	ST13	6.808	state_01	DCI	1.43134637411858	state_01	IG-A
3	LV7001898064	brown	ST13	6.808	state_01	DCI	0.0534759156174312	state_01	IG-A
3	LV7001898064	green	ST13	6.808	state_01	DCI	1.43134637411858	state_01	IG-A
3	LV7001898076	grey	ST13	6.429	state_01	DCI	1.72438100383645	state_01	IG-A
3	LV7001898076	green	ST13	6.429	state_01	DCI	-6.26500131753608	state_01	IG-A
3	LV7001898076	turquoise	ST13	6.429	state_01	DCI	1.11020646322666	state_01	IG-A
3	LV7001898076	yellow	ST13	6.429	state_01	DCI	1.2037140166063	state_01	IG-A
3	LV7001898076	blue	ST13	6.429	state_01	DCI	1.72946599128777	state_01	IG-A
3	LV7001898076	brown	ST13	6.429	state_01	DCI	0.49723384257891	state_01	IG-A
3	LV7001898088	grey	ST13	6.031	state_01	DCI	1.39229120669299	state_01	IG-A
3	LV7001898088	green	ST13	6.031	state_01	DCI	-6.72218980670469	state_01	IG-A
3	LV7001898088	turquoise	ST13	6.031	state_01	DCI	-0.00124664075959746	state_01	IG-A
3	LV7001898088	yellow	ST13	6.031	state_01	DCI	1.71450226440436	state_01	IG-A
3	LV7001898088	blue	ST13	6.031	state_01	DCI	0.849972026405624	state_01	IG-A
3	LV7001898088	brown	ST13	6.031	state_01	DCI	2.76667094996132	state_01	IG-A
3	LV7008886690	yellow	GeoB25202_R1	2.324	state_01	DCI	-8.67496802729844	state_01	IG-A
3	LV7008886690	turquoise	GeoB25202_R1	2.324	state_01	DCI	1.47140405051303	state_01	IG-A
3	LV7008886690	grey	GeoB25202_R1	2.324	state_01	DCI	0.5726985444009	state_01	IG-A
3	LV7008886690	brown	GeoB25202_R1	2.324	state_01	DCI	2.41126230994221	state_01	IG-A
3	LV7008886690	blue	GeoB25202_R1	2.324	state_01	DCI	4.2196031224423	state_01	IG-A
3	LV7008886702	grey	GeoB25202_R2	2.324	state_01	DCI	-0.44510262204086	state_01	IG-A
3	LV7008886702	turquoise	GeoB25202_R2	2.324	state_01	DCI	-0.775078191574466	state_01	IG-A
3	LV7008886702	yellow	GeoB25202_R2	2.324	state_01	DCI	-0.691767431525325	state_01	IG-A
3	LV7008886702	blue	GeoB25202_R2	2.324	state_01	DCI	1.30201291178643	state_01	IG-A
3	LV7008886702	brown	GeoB25202_R2	2.324	state_01	DCI	-0.692077578432203	state_01	IG-A
3	LV7008886702	green	GeoB25202_R2	2.324	state_01	DCI	1.30201291178643	state_01	IG-A
3	LV7008886727	grey	GeoB25202_R1	16.4375	state_01	DCI	1.2595428530122	state_01	IG-A
3	LV7008886727	green	GeoB25202_R1	16.4375	state_01	DCI	-6.45367209210578	state_01	IG-A
3	LV7008886727	turquoise	GeoB25202_R1	16.4375	state_01	DCI	1.88139739039651	state_01	IG-A
3	LV7008886727	yellow	GeoB25202_R1	16.4375	state_01	DCI	0.772661629087761	state_01	IG-A
3	LV7008886727	blue	GeoB25202_R1	16.4375	state_01	DCI	1.03836130001163	state_01	IG-A
3	LV7008886727	brown	GeoB25202_R1	16.4375	state_01	DCI	1.50170891959767	state_01	IG-A
3	LV7008886739	grey	GeoB25202_R2	16.4375	state_01	DCI	1.9669183501795	state_01	IG-A
3	LV7008886739	green	GeoB25202_R2	16.4375	state_01	DCI	-6.50842937291982	state_01	IG-A
3	LV7008886739	turquoise	GeoB25202_R2	16.4375	state_01	DCI	1.59007188634041	state_01	IG-A
3	LV7008886739	yellow	GeoB25202_R2	16.4375	state_01	DCI	0.881001434861413	state_01	IG-A
3	LV7008886739	blue	GeoB25202_R2	16.4375	state_01	DCI	1.2249875160145	state_01	IG-A
3	LV7008886739	brown	GeoB25202_R2	16.4375	state_01	DCI	0.845450185524011	state_01	IG-A
3	LV7008886751	grey	GeoB25202_R1	7.1335	state_01	DCI	-0.257543092521867	state_01	IG-A
3	LV7008886751	turquoise	GeoB25202_R1	7.1335	state_01	DCI	1.29513080250217	state_01	IG-A
3	LV7008886751	yellow	GeoB25202_R1	7.1335	state_01	DCI	-8.62867024281447	state_01	IG-A
3	LV7008886751	brown	GeoB25202_R1	7.1335	state_01	DCI	1.15391105093851	state_01	IG-A
3	LV7008886751	blue	GeoB25202_R1	7.1335	state_01	DCI	3.21858574094783	state_01	IG-A
3	LV7008886751	green	GeoB25202_R1	7.1335	state_01	DCI	3.21858574094783	state_01	IG-A
3	LV7008886763	grey	GeoB25202_R2	7.1335	state_01	DCI	1.88548454936596	state_01	IG-A
3	LV7008886763	yellow	GeoB25202_R2	7.1335	state_01	DCI	-7.10122909734108	state_01	IG-A
3	LV7008886763	turquoise	GeoB25202_R2	7.1335	state_01	DCI	2.43828733394855	state_01	IG-A
3	LV7008886763	brown	GeoB25202_R2	7.1335	state_01	DCI	2.77745721402657	state_01	IG-A
3	LV3003046936	grey	ST8	22.905	state_01	MII	2.50639780609036	state_01	IG-A
3	LV3003046936	green	ST8	22.905	state_01	MII	-10.2901345094748	state_01	IG-A
3	LV3003046936	turquoise	ST8	22.905	state_01	MII	1.77201265842422	state_01	IG-A
3	LV3003046936	yellow	ST8	22.905	state_01	MII	1.43421984403033	state_01	IG-A
3	LV3003046936	blue	ST8	22.905	state_01	MII	1.42246817961724	state_01	IG-A
3	LV3003046936	brown	ST8	22.905	state_01	MII	3.1550360213127	state_01	IG-A
3	LV3003046937	grey	ST8	18.598	state_01	MII	2.53403794219891	state_01	IG-A
3	LV3003046937	turquoise	ST8	18.598	state_01	MII	1.89000228516827	state_01	IG-A
3	LV3003046937	yellow	ST8	18.598	state_01	MII	1.64085082236844	state_01	IG-A
3	LV3003046937	blue	ST8	18.598	state_01	MII	1.33429067726049	state_01	IG-A
3	LV3003046937	brown	ST8	18.598	state_01	MII	2.51410033764322	state_01	IG-A
3	LV3003046937	green	ST8	18.598	state_01	MII	-9.91328206463932	state_01	IG-A
3	LV3003046949	grey	ST8	22.3686666666667	state_01	MII	2.73028356990506	state_01	IG-A
3	LV3003046949	green	ST8	22.3686666666667	state_01	MII	-10.2164437210562	state_01	IG-A
3	LV3003046949	turquoise	ST8	22.3686666666667	state_01	MII	1.89833933455423	state_01	IG-A
3	LV3003046949	yellow	ST8	22.3686666666667	state_01	MII	1.55263777006461	state_01	IG-A
3	LV3003046949	blue	ST8	22.3686666666667	state_01	MII	1.34181705321381	state_01	IG-A
3	LV3003046949	brown	ST8	22.3686666666667	state_01	MII	2.69336599331846	state_01	IG-A
3	LV3003046950	grey	ST8	18.099	state_01	MII	2.60706928654459	state_01	IG-A
3	LV3003046950	turquoise	ST8	18.099	state_01	MII	1.37792512628742	state_01	IG-A
3	LV3003046950	yellow	ST8	18.099	state_01	MII	1.49709665643979	state_01	IG-A
3	LV3003046950	blue	ST8	18.099	state_01	MII	2.08433207590268	state_01	IG-A
3	LV3003046950	brown	ST8	18.099	state_01	MII	2.63351420711616	state_01	IG-A
3	LV3003046950	green	ST8	18.099	state_01	MII	-10.1999373522906	state_01	IG-A
3	LV3003046965	grey	ST8	21.8323333333333	state_01	MII	2.52611196689128	state_01	IG-A
3	LV3003046965	green	ST8	21.8323333333333	state_01	MII	-10.302699131032	state_01	IG-A
3	LV3003046965	turquoise	ST8	21.8323333333333	state_01	MII	1.84142391906512	state_01	IG-A
3	LV3003046965	yellow	ST8	21.8323333333333	state_01	MII	1.61137148288876	state_01	IG-A
3	LV3003046965	blue	ST8	21.8323333333333	state_01	MII	1.40086557960068	state_01	IG-A
3	LV3003046965	brown	ST8	21.8323333333333	state_01	MII	2.9229261825862	state_01	IG-A
3	LV3003046966	grey	ST8	17.373	state_01	MII	2.46583749065683	state_01	IG-A
3	LV3003046966	turquoise	ST8	17.373	state_01	MII	1.54134045528406	state_01	IG-A
3	LV3003046966	yellow	ST8	17.373	state_01	MII	1.46518727288039	state_01	IG-A
3	LV3003046966	blue	ST8	17.373	state_01	MII	2.07908665998417	state_01	IG-A
3	LV3003046966	brown	ST8	17.373	state_01	MII	2.94909793706736	state_01	IG-A
3	LV3003046966	green	ST8	17.373	state_01	MII	-10.5005498158728	state_01	IG-A
3	LV3003046978	grey	ST8	21.296	state_01	MII	2.55612214924153	state_01	IG-A
3	LV3003046978	green	ST8	21.296	state_01	MII	-10.3339316979441	state_01	IG-A
3	LV3003046978	turquoise	ST8	21.296	state_01	MII	2.01593157008378	state_01	IG-A
3	LV3003046978	yellow	ST8	21.296	state_01	MII	1.48955240281726	state_01	IG-A
3	LV3003046978	blue	ST8	21.296	state_01	MII	1.58365729185303	state_01	IG-A
3	LV3003046978	brown	ST8	21.296	state_01	MII	2.68866828394847	state_01	IG-A
3	LV3003046979	grey	ST8	16.461	state_01	MII	4.91132734069291	state_01	IG-A
3	LV3003046979	green	ST8	16.461	state_01	MII	-8.28166107301301	state_01	IG-A
3	LV3003046979	turquoise	ST8	16.461	state_01	MII	3.25361104451683	state_01	IG-A
3	LV3003046979	yellow	ST8	16.461	state_01	MII	3.40493663539544	state_01	IG-A
3	LV3003046979	blue	ST8	16.461	state_01	MII	-8.50092808038669	state_01	IG-A
3	LV3003046979	brown	ST8	16.461	state_01	MII	5.21271413279452	state_01	IG-A
3	LV3003046993	grey	ST8	20.719	state_01	MII	2.43727637474438	state_01	IG-A
3	LV3003046993	green	ST8	20.719	state_01	MII	-10.1602875537994	state_01	IG-A
3	LV3003046993	turquoise	ST8	20.719	state_01	MII	1.61561731905523	state_01	IG-A
3	LV3003046993	yellow	ST8	20.719	state_01	MII	1.57069009550052	state_01	IG-A
3	LV3003046993	blue	ST8	20.719	state_01	MII	0.28098529094535	state_01	IG-A
3	LV3003046993	brown	ST8	20.719	state_01	MII	4.25571847355388	state_01	IG-A
3	LV3003046994	turquoise	ST8	15.549	state_01	MII	3.33310864587985	state_01	IG-A
3	LV3003046994	grey	ST8	15.549	state_01	MII	4.30540574259557	state_01	IG-A
3	LV3003046994	yellow	ST8	15.549	state_01	MII	3.14181740566743	state_01	IG-A
3	LV3003046994	brown	ST8	15.549	state_01	MII	5.80661385791298	state_01	IG-A
3	LV3003046994	green	ST8	15.549	state_01	MII	-8.02099351096019	state_01	IG-A
3	LV3003046994	blue	ST8	15.549	state_01	MII	-8.56595214109564	state_01	IG-A
3	LV3003047009	grey	ST8	20.142	state_01	MII	2.44544170121535	state_01	IG-A
3	LV3003047009	turquoise	ST8	20.142	state_01	MII	1.76474659644454	state_01	IG-A
3	LV3003047009	yellow	ST8	20.142	state_01	MII	1.21446071387248	state_01	IG-A
3	LV3003047009	brown	ST8	20.142	state_01	MII	3.5141269259255	state_01	IG-A
3	LV3003047009	blue	ST8	20.142	state_01	MII	0.992952034042389	state_01	IG-A
3	LV3003047009	green	ST8	20.142	state_01	MII	-9.93172797150027	state_01	IG-A
3	LV3003047026	grey	ST8	19.565	state_01	MII	2.44742731186254	state_01	IG-A
3	LV3003047026	turquoise	ST8	19.565	state_01	MII	2.14957738300832	state_01	IG-A
3	LV3003047026	yellow	ST8	19.565	state_01	MII	1.51159553540373	state_01	IG-A
3	LV3003047026	green	ST8	19.565	state_01	MII	-10.0414235678915	state_01	IG-A
3	LV3003047026	blue	ST8	19.565	state_01	MII	0.260324071350397	state_01	IG-A
3	LV3003047026	brown	ST8	19.565	state_01	MII	3.67249926626654	state_01	IG-A
3	LV3003047041	grey	ST8	19.097	state_01	MII	2.33939410632633	state_01	IG-A
3	LV3003047041	turquoise	ST8	19.097	state_01	MII	1.92870519236748	state_01	IG-A
3	LV3003047041	yellow	ST8	19.097	state_01	MII	1.39526528985807	state_01	IG-A
3	LV3003047041	blue	ST8	19.097	state_01	MII	1.39922931739874	state_01	IG-A
3	LV3003047041	brown	ST8	19.097	state_01	MII	3.07284232985939	state_01	IG-A
3	LV3003047041	green	ST8	19.097	state_01	MII	-10.13543623581	state_01	IG-A
3	LV3003047118	grey	ST8	24.528	state_01	MII	2.99860810137228	state_01	IG-A
3	LV3003047118	turquoise	ST8	24.528	state_01	MII	2.15578537152003	state_01	IG-A
3	LV3003047118	yellow	ST8	24.528	state_01	MII	1.7812946560848	state_01	IG-A
3	LV3003047118	blue	ST8	24.528	state_01	MII	1.55225750081135	state_01	IG-A
3	LV3003047118	brown	ST8	24.528	state_01	MII	1.25027853731584	state_01	IG-A
3	LV3003047118	green	ST8	24.528	state_01	MII	-9.7382241671043	state_01	IG-A
3	LV3003047132	grey	ST8	23.987	state_01	MII	2.61009222289475	state_01	IG-A
3	LV3003047132	green	ST8	23.987	state_01	MII	-10.2672208491129	state_01	IG-A
3	LV3003047132	turquoise	ST8	23.987	state_01	MII	1.69753472308777	state_01	IG-A
3	LV3003047132	yellow	ST8	23.987	state_01	MII	1.61890432566412	state_01	IG-A
3	LV3003047132	blue	ST8	23.987	state_01	MII	1.3783322795902	state_01	IG-A
3	LV3003047132	brown	ST8	23.987	state_01	MII	2.96235729787602	state_01	IG-A
3	LV3003047145	turquoise	ST8	23.446	state_01	MII	1.97208182078603	state_01	IG-A
3	LV3003047145	grey	ST8	23.446	state_01	MII	2.35448319574139	state_01	IG-A
3	LV3003047145	yellow	ST8	23.446	state_01	MII	1.31291473005384	state_01	IG-A
3	LV3003047145	brown	ST8	23.446	state_01	MII	4.12702053970765	state_01	IG-A
3	LV3003047145	blue	ST8	23.446	state_01	MII	0.533904078502028	state_01	IG-A
3	LV3003047145	green	ST8	23.446	state_01	MII	-10.3004043647909	state_01	IG-A
3	LV3003061477	grey	ST13	16.726	state_01	MII	2.62318290956386	state_01	IG-A
3	LV3003061477	green	ST13	16.726	state_01	MII	-10.1083470177328	state_01	IG-A
3	LV3003061477	turquoise	ST13	16.726	state_01	MII	1.931529711604	state_01	IG-A
3	LV3003061477	yellow	ST13	16.726	state_01	MII	1.62154857122199	state_01	IG-A
3	LV3003061477	blue	ST13	16.726	state_01	MII	1.19001762634465	state_01	IG-A
3	LV3003061477	brown	ST13	16.726	state_01	MII	2.74206819899831	state_01	IG-A
3	LV3003061492	grey	ST13	14.437	state_01	MII	2.39454723452885	state_01	IG-A
3	LV3003061492	green	ST13	14.437	state_01	MII	-10.0986825491526	state_01	IG-A
3	LV3003061492	turquoise	ST13	14.437	state_01	MII	1.66072396851482	state_01	IG-A
3	LV3003061492	yellow	ST13	14.437	state_01	MII	1.2218768822588	state_01	IG-A
3	LV3003061492	blue	ST13	14.437	state_01	MII	1.23459231444283	state_01	IG-A
3	LV3003061492	brown	ST13	14.437	state_01	MII	3.58694214940725	state_01	IG-A
3	LV3003061506	grey	ST13	11.95	state_01	MII	2.55128810262109	state_01	IG-A
3	LV3003061506	turquoise	ST13	11.95	state_01	MII	1.58615318452881	state_01	IG-A
3	LV3003061506	yellow	ST13	11.95	state_01	MII	1.24684361798021	state_01	IG-A
3	LV3003061506	brown	ST13	11.95	state_01	MII	3.65664607849974	state_01	IG-A
3	LV3003061506	blue	ST13	11.95	state_01	MII	1.25632484837201	state_01	IG-A
3	LV3003061506	green	ST13	11.95	state_01	MII	-10.2972558320019	state_01	IG-A
3	LV3003061518	grey	ST13	9.804	state_01	MII	2.59709856216504	state_01	IG-A
3	LV3003061518	green	ST13	9.804	state_01	MII	-9.89078398630905	state_01	IG-A
3	LV3003061518	turquoise	ST13	9.804	state_01	MII	1.70070875538275	state_01	IG-A
3	LV3003061518	yellow	ST13	9.804	state_01	MII	1.78495019692943	state_01	IG-A
3	LV3003061518	blue	ST13	9.804	state_01	MII	1.56826437910162	state_01	IG-A
3	LV3003061518	brown	ST13	9.804	state_01	MII	2.23976209273021	state_01	IG-A
3	LV3003061533	grey	ST13	7.912	state_01	MII	3.42081571752602	state_01	IG-A
3	LV3003061533	turquoise	ST13	7.912	state_01	MII	1.58078831653978	state_01	IG-A
3	LV3003061533	yellow	ST13	7.912	state_01	MII	0.320322665352176	state_01	IG-A
3	LV3003061533	brown	ST13	7.912	state_01	MII	3.07375407103148	state_01	IG-A
3	LV3003061533	blue	ST13	7.912	state_01	MII	1.94757402734147	state_01	IG-A
3	LV3003061533	green	ST13	7.912	state_01	MII	-10.3432547977909	state_01	IG-A
3	LV3003061546	grey	ST13	7.197	state_01	MII	5.26118511850696	state_01	IG-A
3	LV3003061546	turquoise	ST13	7.197	state_01	MII	3.19443685547145	state_01	IG-A
3	LV3003061546	yellow	ST13	7.197	state_01	MII	2.51177002494297	state_01	IG-A
3	LV3003061546	brown	ST13	7.197	state_01	MII	4.79090531176585	state_01	IG-A
3	LV3003061546	blue	ST13	7.197	state_01	MII	-7.48409170329896	state_01	IG-A
3	LV3003061546	green	ST13	7.197	state_01	MII	-8.27420560738826	state_01	IG-A
3	LV3003061572	grey	ST13	19.099	state_01	MII	2.6196215097545	state_01	IG-A
3	LV3003061572	green	ST13	19.099	state_01	MII	-10.2695323548079	state_01	IG-A
3	LV3003061572	turquoise	ST13	19.099	state_01	MII	1.7479352671008	state_01	IG-A
3	LV3003061572	yellow	ST13	19.099	state_01	MII	1.40925820602951	state_01	IG-A
3	LV3003061572	blue	ST13	19.099	state_01	MII	1.16989176577567	state_01	IG-A
3	LV3003061572	brown	ST13	19.099	state_01	MII	3.32282560614743	state_01	IG-A
3	LV7001898064	grey	ST13	6.808	state_01	MII	2.96505622797973	state_01	IG-A
3	LV7001898064	turquoise	ST13	6.808	state_01	MII	2.01867825152077	state_01	IG-A
3	LV7001898064	yellow	ST13	6.808	state_01	MII	1.41872856121348	state_01	IG-A
3	LV7001898064	blue	ST13	6.808	state_01	MII	1.00687029403439	state_01	IG-A
3	LV7001898064	brown	ST13	6.808	state_01	MII	2.93680345973955	state_01	IG-A
3	LV7001898064	green	ST13	6.808	state_01	MII	-10.3461367944879	state_01	IG-A
3	LV7001898076	grey	ST13	6.429	state_01	MII	2.96809642425099	state_01	IG-A
3	LV7001898076	green	ST13	6.429	state_01	MII	-10.5352398527075	state_01	IG-A
3	LV7001898076	turquoise	ST13	6.429	state_01	MII	1.49574919239382	state_01	IG-A
3	LV7001898076	yellow	ST13	6.429	state_01	MII	1.15710526021411	state_01	IG-A
3	LV7001898076	blue	ST13	6.429	state_01	MII	1.08867971207666	state_01	IG-A
3	LV7001898076	brown	ST13	6.429	state_01	MII	3.82560926377189	state_01	IG-A
3	LV7001898088	grey	ST13	6.031	state_01	MII	-0.417918927243765	state_01	IG-A
3	LV7001898088	green	ST13	6.031	state_01	MII	-12.667586647486	state_01	IG-A
3	LV7001898088	turquoise	ST13	6.031	state_01	MII	-0.395645927328884	state_01	IG-A
3	LV7001898088	yellow	ST13	6.031	state_01	MII	-1.11320185903127	state_01	IG-A
3	LV7001898088	blue	ST13	6.031	state_01	MII	-0.623875216946054	state_01	IG-A
3	LV7001898088	brown	ST13	6.031	state_01	MII	15.218228578036	state_01	IG-A
3	LV7008886690	yellow	GeoB25202_R1	2.324	state_01	MII	1.60763809373095	state_01	IG-A
3	LV7008886690	turquoise	GeoB25202_R1	2.324	state_01	MII	2.80409602087863	state_01	IG-A
3	LV7008886690	grey	GeoB25202_R1	2.324	state_01	MII	4.96666270965628	state_01	IG-A
3	LV7008886690	brown	GeoB25202_R1	2.324	state_01	MII	2.33762591766049	state_01	IG-A
3	LV7008886690	blue	GeoB25202_R1	2.324	state_01	MII	-11.7160227419263	state_01	IG-A
3	LV7008886702	grey	GeoB25202_R2	2.324	state_01	MII	3.1641945478732	state_01	IG-A
3	LV7008886702	turquoise	GeoB25202_R2	2.324	state_01	MII	1.97765572641991	state_01	IG-A
3	LV7008886702	yellow	GeoB25202_R2	2.324	state_01	MII	0.951256524744629	state_01	IG-A
3	LV7008886702	blue	GeoB25202_R2	2.324	state_01	MII	1.64342736513033	state_01	IG-A
3	LV7008886702	brown	GeoB25202_R2	2.324	state_01	MII	2.72064629762367	state_01	IG-A
3	LV7008886702	green	GeoB25202_R2	2.324	state_01	MII	-10.4571804617917	state_01	IG-A
3	LV7008886727	grey	GeoB25202_R1	16.4375	state_01	MII	2.06428966777849	state_01	IG-A
3	LV7008886727	green	GeoB25202_R1	16.4375	state_01	MII	-10.2469140551304	state_01	IG-A
3	LV7008886727	turquoise	GeoB25202_R1	16.4375	state_01	MII	1.99280547610208	state_01	IG-A
3	LV7008886727	yellow	GeoB25202_R1	16.4375	state_01	MII	1.32990651307508	state_01	IG-A
3	LV7008886727	blue	GeoB25202_R1	16.4375	state_01	MII	1.28501534672769	state_01	IG-A
3	LV7008886727	brown	GeoB25202_R1	16.4375	state_01	MII	3.57489705144702	state_01	IG-A
3	LV7008886739	grey	GeoB25202_R2	16.4375	state_01	MII	2.12638838005408	state_01	IG-A
3	LV7008886739	green	GeoB25202_R2	16.4375	state_01	MII	-10.3173723198361	state_01	IG-A
3	LV7008886739	turquoise	GeoB25202_R2	16.4375	state_01	MII	1.77218094149452	state_01	IG-A
3	LV7008886739	yellow	GeoB25202_R2	16.4375	state_01	MII	1.29512989858488	state_01	IG-A
3	LV7008886739	blue	GeoB25202_R2	16.4375	state_01	MII	1.16031600084022	state_01	IG-A
3	LV7008886739	brown	GeoB25202_R2	16.4375	state_01	MII	3.96335709886235	state_01	IG-A
3	LV7008886751	grey	GeoB25202_R1	7.1335	state_01	MII	5.12085967351774	state_01	IG-A
3	LV7008886751	turquoise	GeoB25202_R1	7.1335	state_01	MII	3.9169863414171	state_01	IG-A
3	LV7008886751	yellow	GeoB25202_R1	7.1335	state_01	MII	3.38683515793358	state_01	IG-A
3	LV7008886751	brown	GeoB25202_R1	7.1335	state_01	MII	5.52413972846011	state_01	IG-A
3	LV7008886751	blue	GeoB25202_R1	7.1335	state_01	MII	-9.3337308601203	state_01	IG-A
3	LV7008886751	green	GeoB25202_R1	7.1335	state_01	MII	-8.61509004120823	state_01	IG-A
3	LV7008886763	grey	GeoB25202_R2	7.1335	state_01	MII	1.53554469023202	state_01	IG-A
3	LV7008886763	yellow	GeoB25202_R2	7.1335	state_01	MII	-1.76508115316889	state_01	IG-A
3	LV7008886763	turquoise	GeoB25202_R2	7.1335	state_01	MII	-0.660591674354127	state_01	IG-A
3	LV7008886763	brown	GeoB25202_R2	7.1335	state_01	MII	0.890128137290999	state_01	IG-A
3	LV3003046936	grey	ST8	22.905	state_01	SRPI	0.346173283457642	state_01	IG-A
3	LV3003046936	green	ST8	22.905	state_01	SRPI	-0.676820861110902	state_01	IG-A
3	LV3003046936	turquoise	ST8	22.905	state_01	SRPI	0.162024837340788	state_01	IG-A
3	LV3003046936	yellow	ST8	22.905	state_01	SRPI	0.224781287054654	state_01	IG-A
3	LV3003046936	blue	ST8	22.905	state_01	SRPI	-0.543486709300012	state_01	IG-A
3	LV3003046936	brown	ST8	22.905	state_01	SRPI	0.48732816255783	state_01	IG-A
3	LV3003046937	grey	ST8	18.598	state_01	SRPI	0.437382001001614	state_01	IG-A
3	LV3003046937	turquoise	ST8	18.598	state_01	SRPI	0.214602386098029	state_01	IG-A
3	LV3003046937	yellow	ST8	18.598	state_01	SRPI	0.0516042858269983	state_01	IG-A
3	LV3003046937	blue	ST8	18.598	state_01	SRPI	0.30841798030496	state_01	IG-A
3	LV3003046937	brown	ST8	18.598	state_01	SRPI	0.365994957850516	state_01	IG-A
3	LV3003046937	green	ST8	18.598	state_01	SRPI	-1.37800161108212	state_01	IG-A
3	LV3003046949	grey	ST8	22.3686666666667	state_01	SRPI	0.313119949832513	state_01	IG-A
3	LV3003046949	green	ST8	22.3686666666667	state_01	SRPI	-0.61046380896547	state_01	IG-A
3	LV3003046949	turquoise	ST8	22.3686666666667	state_01	SRPI	0.171645096464039	state_01	IG-A
3	LV3003046949	yellow	ST8	22.3686666666667	state_01	SRPI	0.0319948896487553	state_01	IG-A
3	LV3003046949	blue	ST8	22.3686666666667	state_01	SRPI	-0.627645610544104	state_01	IG-A
3	LV3003046949	brown	ST8	22.3686666666667	state_01	SRPI	0.721349483564268	state_01	IG-A
3	LV3003046950	grey	ST8	18.099	state_01	SRPI	0.259447543674716	state_01	IG-A
3	LV3003046950	turquoise	ST8	18.099	state_01	SRPI	0.111198041508088	state_01	IG-A
3	LV3003046950	yellow	ST8	18.099	state_01	SRPI	0.053208856108707	state_01	IG-A
3	LV3003046950	blue	ST8	18.099	state_01	SRPI	-0.00864348206700849	state_01	IG-A
3	LV3003046950	brown	ST8	18.099	state_01	SRPI	0.374767309828546	state_01	IG-A
3	LV3003046950	green	ST8	18.099	state_01	SRPI	-0.789978269053049	state_01	IG-A
3	LV3003046965	grey	ST8	21.8323333333333	state_01	SRPI	0.380444861808213	state_01	IG-A
3	LV3003046965	green	ST8	21.8323333333333	state_01	SRPI	-0.459509176563674	state_01	IG-A
3	LV3003046965	turquoise	ST8	21.8323333333333	state_01	SRPI	0.204479000594659	state_01	IG-A
3	LV3003046965	yellow	ST8	21.8323333333333	state_01	SRPI	0.093341812839822	state_01	IG-A
3	LV3003046965	blue	ST8	21.8323333333333	state_01	SRPI	-0.286459792965306	state_01	IG-A
3	LV3003046965	brown	ST8	21.8323333333333	state_01	SRPI	0.0677032942862861	state_01	IG-A
3	LV3003046966	grey	ST8	17.373	state_01	SRPI	0.168789487682913	state_01	IG-A
3	LV3003046966	turquoise	ST8	17.373	state_01	SRPI	0.151804904793866	state_01	IG-A
3	LV3003046966	yellow	ST8	17.373	state_01	SRPI	-0.0976026482733334	state_01	IG-A
3	LV3003046966	blue	ST8	17.373	state_01	SRPI	0.198876669632817	state_01	IG-A
3	LV3003046966	brown	ST8	17.373	state_01	SRPI	0.175184988895484	state_01	IG-A
3	LV3003046966	green	ST8	17.373	state_01	SRPI	-0.597053402731747	state_01	IG-A
3	LV3003046978	grey	ST8	21.296	state_01	SRPI	0.618427380849666	state_01	IG-A
3	LV3003046978	green	ST8	21.296	state_01	SRPI	-0.788405513335991	state_01	IG-A
3	LV3003046978	turquoise	ST8	21.296	state_01	SRPI	0.192027227670118	state_01	IG-A
3	LV3003046978	yellow	ST8	21.296	state_01	SRPI	-0.00968183806401324	state_01	IG-A
3	LV3003046978	blue	ST8	21.296	state_01	SRPI	-0.169749064762505	state_01	IG-A
3	LV3003046978	brown	ST8	21.296	state_01	SRPI	0.157381807642725	state_01	IG-A
3	LV3003046979	grey	ST8	16.461	state_01	SRPI	0.243102353831934	state_01	IG-A
3	LV3003046979	green	ST8	16.461	state_01	SRPI	-0.20184787946368	state_01	IG-A
3	LV3003046979	turquoise	ST8	16.461	state_01	SRPI	0.141106810797671	state_01	IG-A
3	LV3003046979	yellow	ST8	16.461	state_01	SRPI	-0.262069709945525	state_01	IG-A
3	LV3003046979	blue	ST8	16.461	state_01	SRPI	0.35980425839288	state_01	IG-A
3	LV3003046979	brown	ST8	16.461	state_01	SRPI	-0.280095833613282	state_01	IG-A
3	LV3003046993	grey	ST8	20.719	state_01	SRPI	0.550336368535265	state_01	IG-A
3	LV3003046993	green	ST8	20.719	state_01	SRPI	-0.260410775600596	state_01	IG-A
3	LV3003046993	turquoise	ST8	20.719	state_01	SRPI	0.140176015747038	state_01	IG-A
3	LV3003046993	yellow	ST8	20.719	state_01	SRPI	-0.105239489084692	state_01	IG-A
3	LV3003046993	blue	ST8	20.719	state_01	SRPI	-0.655013344680738	state_01	IG-A
3	LV3003046993	brown	ST8	20.719	state_01	SRPI	0.330151225083724	state_01	IG-A
3	LV3003046994	turquoise	ST8	15.549	state_01	SRPI	1.59205112066022	state_01	IG-A
3	LV3003046994	grey	ST8	15.549	state_01	SRPI	1.9614614068463	state_01	IG-A
3	LV3003046994	yellow	ST8	15.549	state_01	SRPI	1.25612768347737	state_01	IG-A
3	LV3003046994	brown	ST8	15.549	state_01	SRPI	1.20728676453212	state_01	IG-A
3	LV3003046994	green	ST8	15.549	state_01	SRPI	1.01776644424053	state_01	IG-A
3	LV3003046994	blue	ST8	15.549	state_01	SRPI	-7.03469341975654	state_01	IG-A
3	LV3003047009	grey	ST8	20.142	state_01	SRPI	1.17506228060327	state_01	IG-A
3	LV3003047009	turquoise	ST8	20.142	state_01	SRPI	0.359655691940089	state_01	IG-A
3	LV3003047009	yellow	ST8	20.142	state_01	SRPI	-0.129878393850756	state_01	IG-A
3	LV3003047009	brown	ST8	20.142	state_01	SRPI	0.252800040929056	state_01	IG-A
3	LV3003047009	blue	ST8	20.142	state_01	SRPI	-1.340748264316	state_01	IG-A
3	LV3003047009	green	ST8	20.142	state_01	SRPI	-0.31689135530566	state_01	IG-A
3	LV3003047026	grey	ST8	19.565	state_01	SRPI	0.889263200038306	state_01	IG-A
3	LV3003047026	turquoise	ST8	19.565	state_01	SRPI	0.314975295116532	state_01	IG-A
3	LV3003047026	yellow	ST8	19.565	state_01	SRPI	-0.179189542416054	state_01	IG-A
3	LV3003047026	green	ST8	19.565	state_01	SRPI	-0.390877457953402	state_01	IG-A
3	LV3003047026	blue	ST8	19.565	state_01	SRPI	-0.781499736038878	state_01	IG-A
3	LV3003047026	brown	ST8	19.565	state_01	SRPI	0.147328241253496	state_01	IG-A
3	LV3003047041	grey	ST8	19.097	state_01	SRPI	0.4282251380241	state_01	IG-A
3	LV3003047041	turquoise	ST8	19.097	state_01	SRPI	0.263424577169771	state_01	IG-A
3	LV3003047041	yellow	ST8	19.097	state_01	SRPI	0.0666200832755207	state_01	IG-A
3	LV3003047041	blue	ST8	19.097	state_01	SRPI	-0.427555868287856	state_01	IG-A
3	LV3003047041	brown	ST8	19.097	state_01	SRPI	0.224909709791376	state_01	IG-A
3	LV3003047041	green	ST8	19.097	state_01	SRPI	-0.555623639972912	state_01	IG-A
3	LV3003047118	grey	ST8	24.528	state_01	SRPI	0.72454976665851	state_01	IG-A
3	LV3003047118	turquoise	ST8	24.528	state_01	SRPI	0.00933611038974291	state_01	IG-A
3	LV3003047118	yellow	ST8	24.528	state_01	SRPI	0.0511120368863482	state_01	IG-A
3	LV3003047118	blue	ST8	24.528	state_01	SRPI	-0.2908245603026	state_01	IG-A
3	LV3003047118	brown	ST8	24.528	state_01	SRPI	0.150520637916993	state_01	IG-A
3	LV3003047118	green	ST8	24.528	state_01	SRPI	-0.644693991548995	state_01	IG-A
3	LV3003047132	grey	ST8	23.987	state_01	SRPI	0.300760606261719	state_01	IG-A
3	LV3003047132	green	ST8	23.987	state_01	SRPI	-0.448526536793632	state_01	IG-A
3	LV3003047132	turquoise	ST8	23.987	state_01	SRPI	0.118826187869923	state_01	IG-A
3	LV3003047132	yellow	ST8	23.987	state_01	SRPI	0.0218837728789818	state_01	IG-A
3	LV3003047132	blue	ST8	23.987	state_01	SRPI	-0.37825560983648	state_01	IG-A
3	LV3003047132	brown	ST8	23.987	state_01	SRPI	0.38531157961949	state_01	IG-A
3	LV3003047145	turquoise	ST8	23.446	state_01	SRPI	0.35625615243751	state_01	IG-A
3	LV3003047145	grey	ST8	23.446	state_01	SRPI	1.05824402759895	state_01	IG-A
3	LV3003047145	yellow	ST8	23.446	state_01	SRPI	0.209489712546273	state_01	IG-A
3	LV3003047145	brown	ST8	23.446	state_01	SRPI	0.487745013544779	state_01	IG-A
3	LV3003047145	blue	ST8	23.446	state_01	SRPI	-1.26953614628142	state_01	IG-A
3	LV3003047145	green	ST8	23.446	state_01	SRPI	-0.842198759846093	state_01	IG-A
3	LV3003061477	grey	ST13	16.726	state_01	SRPI	0.285899672293176	state_01	IG-A
3	LV3003061477	green	ST13	16.726	state_01	SRPI	-0.409564551271167	state_01	IG-A
3	LV3003061477	turquoise	ST13	16.726	state_01	SRPI	0.215936261900429	state_01	IG-A
3	LV3003061477	yellow	ST13	16.726	state_01	SRPI	-0.00627372280998606	state_01	IG-A
3	LV3003061477	blue	ST13	16.726	state_01	SRPI	-0.466953830762029	state_01	IG-A
3	LV3003061477	brown	ST13	16.726	state_01	SRPI	0.380956170649577	state_01	IG-A
3	LV3003061492	grey	ST13	14.437	state_01	SRPI	0.292053560941716	state_01	IG-A
3	LV3003061492	green	ST13	14.437	state_01	SRPI	-0.697538620526205	state_01	IG-A
3	LV3003061492	turquoise	ST13	14.437	state_01	SRPI	0.167220221753816	state_01	IG-A
3	LV3003061492	yellow	ST13	14.437	state_01	SRPI	0.222895740345956	state_01	IG-A
3	LV3003061492	blue	ST13	14.437	state_01	SRPI	-0.401749067941165	state_01	IG-A
3	LV3003061492	brown	ST13	14.437	state_01	SRPI	0.417118165425881	state_01	IG-A
3	LV3003061506	grey	ST13	11.95	state_01	SRPI	0.315762749296103	state_01	IG-A
3	LV3003061506	turquoise	ST13	11.95	state_01	SRPI	-0.00589650705144529	state_01	IG-A
3	LV3003061506	yellow	ST13	11.95	state_01	SRPI	-0.479062921605113	state_01	IG-A
3	LV3003061506	brown	ST13	11.95	state_01	SRPI	0.326782346439191	state_01	IG-A
3	LV3003061506	blue	ST13	11.95	state_01	SRPI	-0.618809401643079	state_01	IG-A
3	LV3003061506	green	ST13	11.95	state_01	SRPI	0.461223734564341	state_01	IG-A
3	LV3003061518	grey	ST13	9.804	state_01	SRPI	0.209177586196012	state_01	IG-A
3	LV3003061518	green	ST13	9.804	state_01	SRPI	-0.264992433753799	state_01	IG-A
3	LV3003061518	turquoise	ST13	9.804	state_01	SRPI	0.139799703670104	state_01	IG-A
3	LV3003061518	yellow	ST13	9.804	state_01	SRPI	-0.00586588044461589	state_01	IG-A
3	LV3003061518	blue	ST13	9.804	state_01	SRPI	-0.518701723371898	state_01	IG-A
3	LV3003061518	brown	ST13	9.804	state_01	SRPI	0.440582747704196	state_01	IG-A
3	LV3003061533	grey	ST13	7.912	state_01	SRPI	1.755596486834	state_01	IG-A
3	LV3003061533	turquoise	ST13	7.912	state_01	SRPI	1.53281894404446	state_01	IG-A
3	LV3003061533	yellow	ST13	7.912	state_01	SRPI	0.942953928812154	state_01	IG-A
3	LV3003061533	brown	ST13	7.912	state_01	SRPI	1.30793797553404	state_01	IG-A
3	LV3003061533	blue	ST13	7.912	state_01	SRPI	-6.99806952437157	state_01	IG-A
3	LV3003061533	green	ST13	7.912	state_01	SRPI	1.4587621891469	state_01	IG-A
3	LV3003061546	grey	ST13	7.197	state_01	SRPI	2.10396371504629	state_01	IG-A
3	LV3003061546	turquoise	ST13	7.197	state_01	SRPI	1.91693779374756	state_01	IG-A
3	LV3003061546	yellow	ST13	7.197	state_01	SRPI	1.25033226396364	state_01	IG-A
3	LV3003061546	brown	ST13	7.197	state_01	SRPI	1.65175083669616	state_01	IG-A
3	LV3003061546	blue	ST13	7.197	state_01	SRPI	-0.216596651165885	state_01	IG-A
3	LV3003061546	green	ST13	7.197	state_01	SRPI	-6.70638795828777	state_01	IG-A
3	LV3003061572	grey	ST13	19.099	state_01	SRPI	0.261349021675061	state_01	IG-A
3	LV3003061572	green	ST13	19.099	state_01	SRPI	-0.471343688653793	state_01	IG-A
3	LV3003061572	turquoise	ST13	19.099	state_01	SRPI	0.088590276735157	state_01	IG-A
3	LV3003061572	yellow	ST13	19.099	state_01	SRPI	0.0618159269926523	state_01	IG-A
3	LV3003061572	blue	ST13	19.099	state_01	SRPI	-0.660586246353796	state_01	IG-A
3	LV3003061572	brown	ST13	19.099	state_01	SRPI	0.720174709604718	state_01	IG-A
3	LV7001898064	grey	ST13	6.808	state_01	SRPI	0.619692142899689	state_01	IG-A
3	LV7001898064	turquoise	ST13	6.808	state_01	SRPI	0.498885651133566	state_01	IG-A
3	LV7001898064	yellow	ST13	6.808	state_01	SRPI	0.189975241170941	state_01	IG-A
3	LV7001898064	blue	ST13	6.808	state_01	SRPI	-0.83844113476941	state_01	IG-A
3	LV7001898064	brown	ST13	6.808	state_01	SRPI	0.345251923607622	state_01	IG-A
3	LV7001898064	green	ST13	6.808	state_01	SRPI	-0.815363824042408	state_01	IG-A
3	LV7001898076	grey	ST13	6.429	state_01	SRPI	0.492379362073844	state_01	IG-A
3	LV7001898076	green	ST13	6.429	state_01	SRPI	-0.396515062044427	state_01	IG-A
3	LV7001898076	turquoise	ST13	6.429	state_01	SRPI	0.166305852895743	state_01	IG-A
3	LV7001898076	yellow	ST13	6.429	state_01	SRPI	-0.150811003386211	state_01	IG-A
3	LV7001898076	blue	ST13	6.429	state_01	SRPI	-0.585783409979527	state_01	IG-A
3	LV7001898076	brown	ST13	6.429	state_01	SRPI	0.474424260440576	state_01	IG-A
3	LV7001898088	grey	ST13	6.031	state_01	SRPI	0.476007418120326	state_01	IG-A
3	LV7001898088	green	ST13	6.031	state_01	SRPI	-0.415676227139191	state_01	IG-A
3	LV7001898088	turquoise	ST13	6.031	state_01	SRPI	0.0546609515918511	state_01	IG-A
3	LV7001898088	yellow	ST13	6.031	state_01	SRPI	-0.41988480032986	state_01	IG-A
3	LV7001898088	blue	ST13	6.031	state_01	SRPI	-0.638570362822136	state_01	IG-A
3	LV7001898088	brown	ST13	6.031	state_01	SRPI	0.943463020579008	state_01	IG-A
3	LV7008886690	yellow	GeoB25202_R1	2.324	state_01	SRPI	1.25724160177908	state_01	IG-A
3	LV7008886690	turquoise	GeoB25202_R1	2.324	state_01	SRPI	1.99311327870244	state_01	IG-A
3	LV7008886690	grey	GeoB25202_R1	2.324	state_01	SRPI	2.28261695133781	state_01	IG-A
3	LV7008886690	brown	GeoB25202_R1	2.324	state_01	SRPI	1.33762383605565	state_01	IG-A
3	LV7008886690	blue	GeoB25202_R1	2.324	state_01	SRPI	-6.87059566787498	state_01	IG-A
3	LV7008886702	grey	GeoB25202_R2	2.324	state_01	SRPI	0.76819663773315	state_01	IG-A
3	LV7008886702	turquoise	GeoB25202_R2	2.324	state_01	SRPI	0.462211480117124	state_01	IG-A
3	LV7008886702	yellow	GeoB25202_R2	2.324	state_01	SRPI	0.329230147888543	state_01	IG-A
3	LV7008886702	blue	GeoB25202_R2	2.324	state_01	SRPI	-1.21875007390419	state_01	IG-A
3	LV7008886702	brown	GeoB25202_R2	2.324	state_01	SRPI	-0.0184609989415623	state_01	IG-A
3	LV7008886702	green	GeoB25202_R2	2.324	state_01	SRPI	-0.322427192893061	state_01	IG-A
3	LV7008886727	grey	GeoB25202_R1	16.4375	state_01	SRPI	0.395457238289469	state_01	IG-A
3	LV7008886727	green	GeoB25202_R1	16.4375	state_01	SRPI	-0.515332333380123	state_01	IG-A
3	LV7008886727	turquoise	GeoB25202_R1	16.4375	state_01	SRPI	0.090596095420628	state_01	IG-A
3	LV7008886727	yellow	GeoB25202_R1	16.4375	state_01	SRPI	0.0625449015997688	state_01	IG-A
3	LV7008886727	blue	GeoB25202_R1	16.4375	state_01	SRPI	-0.50191551920777	state_01	IG-A
3	LV7008886727	brown	GeoB25202_R1	16.4375	state_01	SRPI	0.468649617278027	state_01	IG-A
3	LV7008886739	grey	GeoB25202_R2	16.4375	state_01	SRPI	0.271805366084254	state_01	IG-A
3	LV7008886739	green	GeoB25202_R2	16.4375	state_01	SRPI	-0.490573732831225	state_01	IG-A
3	LV7008886739	turquoise	GeoB25202_R2	16.4375	state_01	SRPI	0.134042542167038	state_01	IG-A
3	LV7008886739	yellow	GeoB25202_R2	16.4375	state_01	SRPI	0.0521571944405601	state_01	IG-A
3	LV7008886739	blue	GeoB25202_R2	16.4375	state_01	SRPI	-0.408753358343507	state_01	IG-A
3	LV7008886739	brown	GeoB25202_R2	16.4375	state_01	SRPI	0.44132198848288	state_01	IG-A
3	LV7008886751	grey	GeoB25202_R1	7.1335	state_01	SRPI	3.39064994106162	state_01	IG-A
3	LV7008886751	turquoise	GeoB25202_R1	7.1335	state_01	SRPI	2.74802583851147	state_01	IG-A
3	LV7008886751	yellow	GeoB25202_R1	7.1335	state_01	SRPI	2.37837483601507	state_01	IG-A
3	LV7008886751	brown	GeoB25202_R1	7.1335	state_01	SRPI	2.94815890012048	state_01	IG-A
3	LV7008886751	blue	GeoB25202_R1	7.1335	state_01	SRPI	-5.73260475785432	state_01	IG-A
3	LV7008886751	green	GeoB25202_R1	7.1335	state_01	SRPI	-5.73260475785432	state_01	IG-A
3	LV7008886763	grey	GeoB25202_R2	7.1335	state_01	SRPI	0.290837839364379	state_01	IG-A
3	LV7008886763	yellow	GeoB25202_R2	7.1335	state_01	SRPI	-0.828807354066584	state_01	IG-A
3	LV7008886763	turquoise	GeoB25202_R2	7.1335	state_01	SRPI	0.085484966620292	state_01	IG-A
3	LV7008886763	brown	GeoB25202_R2	7.1335	state_01	SRPI	0.452484548081913	state_01	IG-A
4	LV3003047079	green	ST8	97.52	state_02	OAP	280.565258940769	state_02	IG-B
4	LV3003047079	turquoise	ST8	97.52	state_02	OAP	41.4582069605553	state_02	IG-B
4	LV3003047079	grey	ST8	97.52	state_02	OAP	-181.454996097228	state_02	IG-B
4	LV3003047079	yellow	ST8	97.52	state_02	OAP	91.2352206257264	state_02	IG-B
4	LV3003047079	blue	ST8	97.52	state_02	OAP	411.162479070345	state_02	IG-B
4	LV3003047079	brown	ST8	97.52	state_02	OAP	-642.966169500169	state_02	IG-B
4	LV3003047080	turquoise	ST8	87.9935	state_02	OAP	-105.370790785286	state_02	IG-B
4	LV3003047080	yellow	ST8	87.9935	state_02	OAP	88.2657261583263	state_02	IG-B
4	LV3003047080	grey	ST8	87.9935	state_02	OAP	-232.654816632923	state_02	IG-B
4	LV3003047080	green	ST8	87.9935	state_02	OAP	249.759881259883	state_02	IG-B
4	LV3003047084	grey	ST8	33.276	state_02	OAP	0.253483844485743	state_02	IG-B
4	LV3003047084	green	ST8	33.276	state_02	OAP	219.873193386504	state_02	IG-B
4	LV3003047084	turquoise	ST8	33.276	state_02	OAP	-14.661595755756	state_02	IG-B
4	LV3003047084	yellow	ST8	33.276	state_02	OAP	110.162535637366	state_02	IG-B
4	LV3003047084	blue	ST8	33.276	state_02	OAP	-204.900500144186	state_02	IG-B
4	LV3003047084	brown	ST8	33.276	state_02	OAP	-110.727116968413	state_02	IG-B
4	LV3003047091	turquoise	ST8	89.37525	state_02	OAP	-164.83364159044	state_02	IG-B
4	LV3003047091	grey	ST8	89.37525	state_02	OAP	-311.796815440246	state_02	IG-B
4	LV3003047091	green	ST8	89.37525	state_02	OAP	212.326668787677	state_02	IG-B
4	LV3003047091	yellow	ST8	89.37525	state_02	OAP	-56.9606162176186	state_02	IG-B
4	LV3003047091	blue	ST8	89.37525	state_02	OAP	321.264404460628	state_02	IG-B
4	LV3003047093	green	ST8	79.675	state_02	OAP	196.863165836859	state_02	IG-B
4	LV3003047093	turquoise	ST8	79.675	state_02	OAP	-112.528748589779	state_02	IG-B
4	LV3003047093	yellow	ST8	79.675	state_02	OAP	159.629726501086	state_02	IG-B
4	LV3003047093	grey	ST8	79.675	state_02	OAP	-243.964143748167	state_02	IG-B
4	LV3003047100	green	ST8	86.61175	state_02	OAP	154.521862441851	state_02	IG-B
4	LV3003047100	turquoise	ST8	86.61175	state_02	OAP	-141.891211195717	state_02	IG-B
4	LV3003047100	grey	ST8	86.61175	state_02	OAP	-324.545635143162	state_02	IG-B
4	LV3003047100	yellow	ST8	86.61175	state_02	OAP	21.5285006081068	state_02	IG-B
4	LV3003047100	blue	ST8	86.61175	state_02	OAP	290.386483288922	state_02	IG-B
4	LV3003047107	turquoise	ST8	71.517	state_02	OAP	-103.303944303317	state_02	IG-B
4	LV3003047107	grey	ST8	71.517	state_02	OAP	-263.169001807028	state_02	IG-B
4	LV3003047107	yellow	ST8	71.517	state_02	OAP	98.720208506438	state_02	IG-B
4	LV3003047107	green	ST8	71.517	state_02	OAP	262.492736295426	state_02	IG-B
4	LV3003047107	brown	ST8	71.517	state_02	OAP	5.26000130848104	state_02	IG-B
4	LV3003047133	green	ST8	70.162	state_02	OAP	223.423624504086	state_02	IG-B
4	LV3003047133	grey	ST8	70.162	state_02	OAP	-201.179952549879	state_02	IG-B
4	LV3003047133	turquoise	ST8	70.162	state_02	OAP	-120.180289535233	state_02	IG-B
4	LV3003047133	yellow	ST8	70.162	state_02	OAP	97.9366175810251	state_02	IG-B
4	LV3003047134	grey	ST8	68.807	state_02	OAP	-174.408062095946	state_02	IG-B
4	LV3003047134	green	ST8	68.807	state_02	OAP	167.539403195426	state_02	IG-B
4	LV3003047134	turquoise	ST8	68.807	state_02	OAP	-18.131488984484	state_02	IG-B
4	LV3003047134	yellow	ST8	68.807	state_02	OAP	25.0001478850033	state_02	IG-B
4	LV3003047136	green	ST8	67.8766	state_02	OAP	73.4444624395355	state_02	IG-B
4	LV3003047136	turquoise	ST8	67.8766	state_02	OAP	-98.1707502636297	state_02	IG-B
4	LV3003047136	grey	ST8	67.8766	state_02	OAP	-215.133371538604	state_02	IG-B
4	LV3003047136	yellow	ST8	67.8766	state_02	OAP	18.6580715506634	state_02	IG-B
4	LV3003047136	blue	ST8	67.8766	state_02	OAP	221.201587812035	state_02	IG-B
4	LV3003047138	turquoise	ST8	66.0158	state_02	OAP	-61.6744794217444	state_02	IG-B
4	LV3003047138	yellow	ST8	66.0158	state_02	OAP	135.51196751326	state_02	IG-B
4	LV3003047138	grey	ST8	66.0158	state_02	OAP	-210.41701359371	state_02	IG-B
4	LV3003047138	green	ST8	66.0158	state_02	OAP	136.579525502194	state_02	IG-B
4	LV3003061474	grey	ST13	77.7798	state_02	OAP	-165.597880472687	state_02	IG-B
4	LV3003061474	green	ST13	77.7798	state_02	OAP	79.4321912878074	state_02	IG-B
4	LV3003061474	turquoise	ST13	77.7798	state_02	OAP	-217.015798847837	state_02	IG-B
4	LV3003061474	yellow	ST13	77.7798	state_02	OAP	43.8259557462235	state_02	IG-B
4	LV3003061474	blue	ST13	77.7798	state_02	OAP	259.355532286493	state_02	IG-B
4	LV3003061485	grey	ST13	75.7796	state_02	OAP	-132.841486851512	state_02	IG-B
4	LV3003061485	green	ST13	75.7796	state_02	OAP	84.5299076475507	state_02	IG-B
4	LV3003061485	turquoise	ST13	75.7796	state_02	OAP	-229.375854168885	state_02	IG-B
4	LV3003061485	yellow	ST13	75.7796	state_02	OAP	7.12557166009754	state_02	IG-B
4	LV3003061485	blue	ST13	75.7796	state_02	OAP	38.8312653166635	state_02	IG-B
4	LV3003061485	brown	ST13	75.7796	state_02	OAP	231.730596396086	state_02	IG-B
4	LV3003061501	green	ST13	105.5872	state_02	OAP	202.850812131275	state_02	IG-B
4	LV3003061501	grey	ST13	105.5872	state_02	OAP	-215.080603951922	state_02	IG-B
4	LV3003061501	turquoise	ST13	105.5872	state_02	OAP	-197.139263094978	state_02	IG-B
4	LV3003061501	yellow	ST13	105.5872	state_02	OAP	5.56231129777473	state_02	IG-B
4	LV3003061501	blue	ST13	105.5872	state_02	OAP	203.80674361785	state_02	IG-B
4	LV3003061503	grey	ST13	73.1472	state_02	OAP	-104.161007370448	state_02	IG-B
4	LV3003061503	green	ST13	73.1472	state_02	OAP	133.572033637414	state_02	IG-B
4	LV3003061503	turquoise	ST13	73.1472	state_02	OAP	-208.060098301069	state_02	IG-B
4	LV3003061503	yellow	ST13	73.1472	state_02	OAP	70.3365529902642	state_02	IG-B
4	LV3003061503	blue	ST13	73.1472	state_02	OAP	16.1978058787058	state_02	IG-B
4	LV3003061503	brown	ST13	73.1472	state_02	OAP	92.114713165133	state_02	IG-B
4	LV3003061514	grey	ST13	100.6726	state_02	OAP	-71.5539987617174	state_02	IG-B
4	LV3003061514	green	ST13	100.6726	state_02	OAP	167.815917852535	state_02	IG-B
4	LV3003061514	turquoise	ST13	100.6726	state_02	OAP	-126.048670180734	state_02	IG-B
4	LV3003061514	yellow	ST13	100.6726	state_02	OAP	54.9413641483579	state_02	IG-B
4	LV3003061514	blue	ST13	100.6726	state_02	OAP	-11.4820972480424	state_02	IG-B
4	LV3003061514	brown	ST13	100.6726	state_02	OAP	-13.672515810399	state_02	IG-B
4	LV3003061515	grey	ST13	71.0012	state_02	OAP	-20.5258212173432	state_02	IG-B
4	LV3003061515	green	ST13	71.0012	state_02	OAP	145.663283970499	state_02	IG-B
4	LV3003061515	turquoise	ST13	71.0012	state_02	OAP	-105.795133850635	state_02	IG-B
4	LV3003061515	yellow	ST13	71.0012	state_02	OAP	103.162635879245	state_02	IG-B
4	LV3003061515	blue	ST13	71.0012	state_02	OAP	103.539544704993	state_02	IG-B
4	LV3003061515	brown	ST13	71.0012	state_02	OAP	-226.04450948676	state_02	IG-B
4	LV3003061517	grey	ST13	30.678	state_02	OAP	14.5632231780545	state_02	IG-B
4	LV3003061517	green	ST13	30.678	state_02	OAP	181.621428857464	state_02	IG-B
4	LV3003061517	turquoise	ST13	30.678	state_02	OAP	-148.399427436226	state_02	IG-B
4	LV3003061517	yellow	ST13	30.678	state_02	OAP	75.9702397282963	state_02	IG-B
4	LV3003061517	blue	ST13	30.678	state_02	OAP	100.288307603278	state_02	IG-B
4	LV3003061517	brown	ST13	30.678	state_02	OAP	-224.043771930866	state_02	IG-B
4	LV3003061528	green	ST13	95.118	state_02	OAP	154.455425985658	state_02	IG-B
4	LV3003061528	turquoise	ST13	95.118	state_02	OAP	-167.071062315822	state_02	IG-B
4	LV3003061528	grey	ST13	95.118	state_02	OAP	-120.529375575279	state_02	IG-B
4	LV3003061528	yellow	ST13	95.118	state_02	OAP	48.7981538432952	state_02	IG-B
4	LV3003061528	blue	ST13	95.118	state_02	OAP	84.3468580621478	state_02	IG-B
4	LV3003061529	grey	ST13	66.015	state_02	OAP	31.8151018349161	state_02	IG-B
4	LV3003061529	green	ST13	66.015	state_02	OAP	160.36293620933	state_02	IG-B
4	LV3003061529	turquoise	ST13	66.015	state_02	OAP	-111.153279866812	state_02	IG-B
4	LV3003061529	yellow	ST13	66.015	state_02	OAP	113.01681678724	state_02	IG-B
4	LV3003061529	blue	ST13	66.015	state_02	OAP	114.75474883253	state_02	IG-B
4	LV3003061529	brown	ST13	66.015	state_02	OAP	-308.796323797204	state_02	IG-B
4	LV3003061541	green	ST13	91.09	state_02	OAP	273.061001647097	state_02	IG-B
4	LV3003061541	turquoise	ST13	91.09	state_02	OAP	-36.0867337206122	state_02	IG-B
4	LV3003061541	yellow	ST13	91.09	state_02	OAP	195.377035873394	state_02	IG-B
4	LV3003061541	grey	ST13	91.09	state_02	OAP	-150.537469135527	state_02	IG-B
4	LV3003061541	blue	ST13	91.09	state_02	OAP	-281.813834664352	state_02	IG-B
4	LV3003061543	grey	ST13	62.293	state_02	OAP	-48.1462829374	state_02	IG-B
4	LV3003061543	green	ST13	62.293	state_02	OAP	107.208963757035	state_02	IG-B
4	LV3003061543	turquoise	ST13	62.293	state_02	OAP	-119.982198339766	state_02	IG-B
4	LV3003061543	yellow	ST13	62.293	state_02	OAP	49.7753278791699	state_02	IG-B
4	LV3003061543	blue	ST13	62.293	state_02	OAP	23.7979770117742	state_02	IG-B
4	LV3003061543	brown	ST13	62.293	state_02	OAP	-12.6537873708131	state_02	IG-B
4	LV3003061556	grey	ST13	86.6174	state_02	OAP	-243.230918873755	state_02	IG-B
4	LV3003061556	green	ST13	86.6174	state_02	OAP	181.279799563496	state_02	IG-B
4	LV3003061556	turquoise	ST13	86.6174	state_02	OAP	-141.862713240265	state_02	IG-B
4	LV3003061556	yellow	ST13	86.6174	state_02	OAP	127.320694634195	state_02	IG-B
4	LV3003061556	blue	ST13	86.6174	state_02	OAP	76.493137916328	state_02	IG-B
4	LV3003061557	green	ST13	58.082	state_02	OAP	129.851492423079	state_02	IG-B
4	LV3003061557	yellow	ST13	58.082	state_02	OAP	21.4901993006462	state_02	IG-B
4	LV3003061557	turquoise	ST13	58.082	state_02	OAP	-145.076545406661	state_02	IG-B
4	LV3003061557	grey	ST13	58.082	state_02	OAP	-6.26514631706436	state_02	IG-B
4	LV3003061569	grey	ST13	81.6946	state_02	OAP	-147.672174660164	state_02	IG-B
4	LV3003061569	green	ST13	81.6946	state_02	OAP	140.179190066688	state_02	IG-B
4	LV3003061569	turquoise	ST13	81.6946	state_02	OAP	-156.077133205841	state_02	IG-B
4	LV3003061569	yellow	ST13	81.6946	state_02	OAP	107.962165134821	state_02	IG-B
4	LV3003061569	blue	ST13	81.6946	state_02	OAP	207.616622702271	state_02	IG-B
4	LV3003061569	brown	ST13	81.6946	state_02	OAP	-152.008670037776	state_02	IG-B
4	LV3003061570	green	ST13	55.466	state_02	OAP	303.724708363847	state_02	IG-B
4	LV3003061570	turquoise	ST13	55.466	state_02	OAP	15.7466015951807	state_02	IG-B
4	LV3003061570	grey	ST13	55.466	state_02	OAP	99.2438731945745	state_02	IG-B
4	LV3003061570	yellow	ST13	55.466	state_02	OAP	188.783168679392	state_02	IG-B
4	LV3003061570	blue	ST13	55.466	state_02	OAP	-607.498351832994	state_02	IG-B
4	LV7008886229	grey	GeoB25202_R2	68.149	state_02	OAP	-84.1744921312129	state_02	IG-B
4	LV7008886229	green	GeoB25202_R2	68.149	state_02	OAP	191.772430648699	state_02	IG-B
4	LV7008886229	turquoise	GeoB25202_R2	68.149	state_02	OAP	-150.195529342339	state_02	IG-B
4	LV7008886229	yellow	GeoB25202_R2	68.149	state_02	OAP	140.28269042573	state_02	IG-B
4	LV7008886229	brown	GeoB25202_R2	68.149	state_02	OAP	109.015297145405	state_02	IG-B
4	LV7008886229	blue	GeoB25202_R2	68.149	state_02	OAP	-206.700396746283	state_02	IG-B
4	LV7008886695	green	GeoB25202_R1	95.3875	state_02	OAP	83.4870373402369	state_02	IG-B
4	LV7008886695	grey	GeoB25202_R1	95.3875	state_02	OAP	-223.127000249266	state_02	IG-B
4	LV7008886695	turquoise	GeoB25202_R1	95.3875	state_02	OAP	-267.242116727977	state_02	IG-B
4	LV7008886695	yellow	GeoB25202_R1	95.3875	state_02	OAP	44.5181451938576	state_02	IG-B
4	LV7008886695	blue	GeoB25202_R1	95.3875	state_02	OAP	122.431967221575	state_02	IG-B
4	LV7008886695	brown	GeoB25202_R1	95.3875	state_02	OAP	239.931967221575	state_02	IG-B
4	LV7008886706	green	GeoB25202_R1	79.0255	state_02	OAP	70.4527997204435	state_02	IG-B
4	LV7008886706	grey	GeoB25202_R1	79.0255	state_02	OAP	-167.452370369998	state_02	IG-B
4	LV7008886706	turquoise	GeoB25202_R1	79.0255	state_02	OAP	-211.268594670825	state_02	IG-B
4	LV7008886706	yellow	GeoB25202_R1	79.0255	state_02	OAP	63.7467076324804	state_02	IG-B
4	LV7008886706	blue	GeoB25202_R1	79.0255	state_02	OAP	189.904217539162	state_02	IG-B
4	LV7008886706	brown	GeoB25202_R1	79.0255	state_02	OAP	54.6172401487366	state_02	IG-B
4	LV7008886707	grey	GeoB25202_R2	95.3875	state_02	OAP	-142.896559513337	state_02	IG-B
4	LV7008886707	green	GeoB25202_R2	95.3875	state_02	OAP	208.993708050624	state_02	IG-B
4	LV7008886707	turquoise	GeoB25202_R2	95.3875	state_02	OAP	-172.870942432445	state_02	IG-B
4	LV7008886707	yellow	GeoB25202_R2	95.3875	state_02	OAP	106.773793895158	state_02	IG-B
4	LV7008886708	green	GeoB25202_R1	109.6305	state_02	OAP	284.312405914908	state_02	IG-B
4	LV7008886708	grey	GeoB25202_R1	109.6305	state_02	OAP	-67.7785568191792	state_02	IG-B
4	LV7008886708	turquoise	GeoB25202_R1	109.6305	state_02	OAP	-93.5878078603846	state_02	IG-B
4	LV7008886708	yellow	GeoB25202_R1	109.6305	state_02	OAP	140.153118613868	state_02	IG-B
4	LV7008886708	blue	GeoB25202_R1	109.6305	state_02	OAP	400.450420075393	state_02	IG-B
4	LV7008886708	brown	GeoB25202_R1	109.6305	state_02	OAP	-663.549579924607	state_02	IG-B
4	LV7008886718	green	GeoB25202_R2	79.0255	state_02	OAP	55.00444245558	state_02	IG-B
4	LV7008886718	grey	GeoB25202_R2	79.0255	state_02	OAP	-153.077400873747	state_02	IG-B
4	LV7008886718	turquoise	GeoB25202_R2	79.0255	state_02	OAP	-215.243773541319	state_02	IG-B
4	LV7008886718	yellow	GeoB25202_R2	79.0255	state_02	OAP	41.0519816151461	state_02	IG-B
4	LV7008886718	blue	GeoB25202_R2	79.0255	state_02	OAP	161.370908212198	state_02	IG-B
4	LV7008886718	brown	GeoB25202_R2	79.0255	state_02	OAP	110.893842132142	state_02	IG-B
4	LV7008886720	green	GeoB25202_R2	109.6305	state_02	OAP	135.891648014045	state_02	IG-B
4	LV7008886720	grey	GeoB25202_R2	109.6305	state_02	OAP	-269.681954835908	state_02	IG-B
4	LV7008886720	turquoise	GeoB25202_R2	109.6305	state_02	OAP	-207.730122852405	state_02	IG-B
4	LV7008886720	yellow	GeoB25202_R2	109.6305	state_02	OAP	78.828628861045	state_02	IG-B
4	LV7008886720	blue	GeoB25202_R2	109.6305	state_02	OAP	222.557932932438	state_02	IG-B
4	LV7008886720	brown	GeoB25202_R2	109.6305	state_02	OAP	40.1338678807846	state_02	IG-B
4	LV7008886730	green	GeoB25202_R1	75.351	state_02	OAP	138.170371513714	state_02	IG-B
4	LV7008886730	grey	GeoB25202_R1	75.351	state_02	OAP	-116.775547934384	state_02	IG-B
4	LV7008886730	turquoise	GeoB25202_R1	75.351	state_02	OAP	-197.01214124338	state_02	IG-B
4	LV7008886730	yellow	GeoB25202_R1	75.351	state_02	OAP	84.0590564343198	state_02	IG-B
4	LV7008886730	brown	GeoB25202_R1	75.351	state_02	OAP	141.729419374184	state_02	IG-B
4	LV7008886730	blue	GeoB25202_R1	75.351	state_02	OAP	-50.1711581444532	state_02	IG-B
4	LV7008886742	grey	GeoB25202_R2	75.351	state_02	OAP	-133.844284058465	state_02	IG-B
4	LV7008886742	green	GeoB25202_R2	75.351	state_02	OAP	155.377602026694	state_02	IG-B
4	LV7008886742	turquoise	GeoB25202_R2	75.351	state_02	OAP	-165.610410298759	state_02	IG-B
4	LV7008886742	yellow	GeoB25202_R2	75.351	state_02	OAP	83.6679764935931	state_02	IG-B
4	LV7008886742	blue	GeoB25202_R2	75.351	state_02	OAP	79.9164794683288	state_02	IG-B
4	LV7008886742	brown	GeoB25202_R2	75.351	state_02	OAP	-19.5073636313916	state_02	IG-B
4	LV7008886743	green	GeoB25202_R1	81.6705	state_02	OAP	318.646362893363	state_02	IG-B
4	LV7008886743	grey	GeoB25202_R1	81.6705	state_02	OAP	1.62023697965907	state_02	IG-B
4	LV7008886743	turquoise	GeoB25202_R1	81.6705	state_02	OAP	-22.5284208404691	state_02	IG-B
4	LV7008886743	yellow	GeoB25202_R1	81.6705	state_02	OAP	297.569851516707	state_02	IG-B
4	LV7008886743	brown	GeoB25202_R1	81.6705	state_02	OAP	-595.30803054926	state_02	IG-B
4	LV7008886754	green	GeoB25202_R1	71.8895	state_02	OAP	87.6799687684666	state_02	IG-B
4	LV7008886754	grey	GeoB25202_R1	71.8895	state_02	OAP	-178.503909067096	state_02	IG-B
4	LV7008886754	turquoise	GeoB25202_R1	71.8895	state_02	OAP	-140.128251685506	state_02	IG-B
4	LV7008886754	yellow	GeoB25202_R1	71.8895	state_02	OAP	59.5431492899272	state_02	IG-B
4	LV7008886754	blue	GeoB25202_R1	71.8895	state_02	OAP	159.606048772338	state_02	IG-B
4	LV7008886754	brown	GeoB25202_R1	71.8895	state_02	OAP	11.8029939218696	state_02	IG-B
4	LV7008886755	green	GeoB25202_R2	81.6705	state_02	OAP	184.124459024141	state_02	IG-B
4	LV7008886755	grey	GeoB25202_R2	81.6705	state_02	OAP	-87.4705632969695	state_02	IG-B
4	LV7008886755	turquoise	GeoB25202_R2	81.6705	state_02	OAP	-160.923606820888	state_02	IG-B
4	LV7008886755	yellow	GeoB25202_R2	81.6705	state_02	OAP	64.2697110937174	state_02	IG-B
4	LV7008886756	grey	GeoB25202_R2	105.5785	state_02	OAP	-115.022047635344	state_02	IG-B
4	LV7008886756	turquoise	GeoB25202_R2	105.5785	state_02	OAP	-137.018336237219	state_02	IG-B
4	LV7008886756	yellow	GeoB25202_R2	105.5785	state_02	OAP	24.4432794461341	state_02	IG-B
4	LV7008886756	green	GeoB25202_R2	105.5785	state_02	OAP	227.59710442643	state_02	IG-B
4	LV7008886766	grey	GeoB25202_R2	71.8895	state_02	OAP	-149.174208776752	state_02	IG-B
4	LV7008886766	green	GeoB25202_R2	71.8895	state_02	OAP	106.164847832353	state_02	IG-B
4	LV7008886766	turquoise	GeoB25202_R2	71.8895	state_02	OAP	-155.039013777694	state_02	IG-B
4	LV7008886766	blue	GeoB25202_R2	71.8895	state_02	OAP	139.556784420038	state_02	IG-B
4	LV7008886766	yellow	GeoB25202_R2	71.8895	state_02	OAP	42.9744015047953	state_02	IG-B
4	LV7008886766	brown	GeoB25202_R2	71.8895	state_02	OAP	15.5171887972599	state_02	IG-B
4	LV7008886768	green	GeoB25202_R1	102.2955	state_02	OAP	184.229573192893	state_02	IG-B
4	LV7008886768	grey	GeoB25202_R1	102.2955	state_02	OAP	-120.332571930844	state_02	IG-B
4	LV7008886768	turquoise	GeoB25202_R1	102.2955	state_02	OAP	-137.92761078389	state_02	IG-B
4	LV7008886768	yellow	GeoB25202_R1	102.2955	state_02	OAP	74.0306095218423	state_02	IG-B
4	LV7008886778	grey	GeoB25202_R1	68.149	state_02	OAP	-136.119372639113	state_02	IG-B
4	LV7008886778	green	GeoB25202_R1	68.149	state_02	OAP	116.108839313365	state_02	IG-B
4	LV7008886778	turquoise	GeoB25202_R1	68.149	state_02	OAP	-220.761276364162	state_02	IG-B
4	LV7008886778	yellow	GeoB25202_R1	68.149	state_02	OAP	34.3979965679596	state_02	IG-B
4	LV7008886778	blue	GeoB25202_R1	68.149	state_02	OAP	-53.8438101625748	state_02	IG-B
4	LV7008886778	brown	GeoB25202_R1	68.149	state_02	OAP	260.217623284524	state_02	IG-B
4	LV7008886780	green	GeoB25202_R2	102.2955	state_02	OAP	134.885213573849	state_02	IG-B
4	LV7008886780	grey	GeoB25202_R2	102.2955	state_02	OAP	-170.747499334803	state_02	IG-B
4	LV7008886780	turquoise	GeoB25202_R2	102.2955	state_02	OAP	-187.321448166054	state_02	IG-B
4	LV7008886780	yellow	GeoB25202_R2	102.2955	state_02	OAP	44.2193258779304	state_02	IG-B
4	LV7008886780	brown	GeoB25202_R2	102.2955	state_02	OAP	69.7064332275637	state_02	IG-B
4	LV7008886780	blue	GeoB25202_R2	102.2955	state_02	OAP	109.257974821514	state_02	IG-B
4	LV3003047079	green	ST8	97.52	state_02	MGI	0	state_02	IG-B
4	LV3003047079	turquoise	ST8	97.52	state_02	MGI	0	state_02	IG-B
4	LV3003047079	grey	ST8	97.52	state_02	MGI	0	state_02	IG-B
4	LV3003047079	yellow	ST8	97.52	state_02	MGI	0	state_02	IG-B
4	LV3003047079	blue	ST8	97.52	state_02	MGI	0	state_02	IG-B
4	LV3003047079	brown	ST8	97.52	state_02	MGI	0	state_02	IG-B
4	LV3003047080	turquoise	ST8	87.9935	state_02	MGI	0	state_02	IG-B
4	LV3003047080	yellow	ST8	87.9935	state_02	MGI	0	state_02	IG-B
4	LV3003047080	grey	ST8	87.9935	state_02	MGI	0	state_02	IG-B
4	LV3003047080	green	ST8	87.9935	state_02	MGI	0	state_02	IG-B
4	LV3003047084	grey	ST8	33.276	state_02	MGI	0	state_02	IG-B
4	LV3003047084	green	ST8	33.276	state_02	MGI	0	state_02	IG-B
4	LV3003047084	turquoise	ST8	33.276	state_02	MGI	0	state_02	IG-B
4	LV3003047084	yellow	ST8	33.276	state_02	MGI	0	state_02	IG-B
4	LV3003047084	blue	ST8	33.276	state_02	MGI	0	state_02	IG-B
4	LV3003047084	brown	ST8	33.276	state_02	MGI	0	state_02	IG-B
4	LV3003047091	turquoise	ST8	89.37525	state_02	MGI	0	state_02	IG-B
4	LV3003047091	grey	ST8	89.37525	state_02	MGI	0	state_02	IG-B
4	LV3003047091	green	ST8	89.37525	state_02	MGI	0	state_02	IG-B
4	LV3003047091	yellow	ST8	89.37525	state_02	MGI	0	state_02	IG-B
4	LV3003047091	blue	ST8	89.37525	state_02	MGI	0	state_02	IG-B
4	LV3003047093	green	ST8	79.675	state_02	MGI	0	state_02	IG-B
4	LV3003047093	turquoise	ST8	79.675	state_02	MGI	0	state_02	IG-B
4	LV3003047093	yellow	ST8	79.675	state_02	MGI	0	state_02	IG-B
4	LV3003047093	grey	ST8	79.675	state_02	MGI	0	state_02	IG-B
4	LV3003047100	green	ST8	86.61175	state_02	MGI	0	state_02	IG-B
4	LV3003047100	turquoise	ST8	86.61175	state_02	MGI	0	state_02	IG-B
4	LV3003047100	grey	ST8	86.61175	state_02	MGI	0	state_02	IG-B
4	LV3003047100	yellow	ST8	86.61175	state_02	MGI	0	state_02	IG-B
4	LV3003047100	blue	ST8	86.61175	state_02	MGI	0	state_02	IG-B
4	LV3003047107	turquoise	ST8	71.517	state_02	MGI	0	state_02	IG-B
4	LV3003047107	grey	ST8	71.517	state_02	MGI	0	state_02	IG-B
4	LV3003047107	yellow	ST8	71.517	state_02	MGI	0	state_02	IG-B
4	LV3003047107	green	ST8	71.517	state_02	MGI	0	state_02	IG-B
4	LV3003047107	brown	ST8	71.517	state_02	MGI	0	state_02	IG-B
4	LV3003047133	green	ST8	70.162	state_02	MGI	0	state_02	IG-B
4	LV3003047133	grey	ST8	70.162	state_02	MGI	0	state_02	IG-B
4	LV3003047133	turquoise	ST8	70.162	state_02	MGI	0	state_02	IG-B
4	LV3003047133	yellow	ST8	70.162	state_02	MGI	0	state_02	IG-B
4	LV3003047134	grey	ST8	68.807	state_02	MGI	0	state_02	IG-B
4	LV3003047134	green	ST8	68.807	state_02	MGI	0	state_02	IG-B
4	LV3003047134	turquoise	ST8	68.807	state_02	MGI	0	state_02	IG-B
4	LV3003047134	yellow	ST8	68.807	state_02	MGI	0	state_02	IG-B
4	LV3003047134	blue	ST8	68.807	state_02	MGI	0	state_02	IG-B
4	LV3003047136	green	ST8	67.8766	state_02	MGI	0	state_02	IG-B
4	LV3003047136	turquoise	ST8	67.8766	state_02	MGI	0	state_02	IG-B
4	LV3003047136	grey	ST8	67.8766	state_02	MGI	0	state_02	IG-B
4	LV3003047136	yellow	ST8	67.8766	state_02	MGI	0	state_02	IG-B
4	LV3003047136	blue	ST8	67.8766	state_02	MGI	0	state_02	IG-B
4	LV3003047138	turquoise	ST8	66.0158	state_02	MGI	0	state_02	IG-B
4	LV3003047138	yellow	ST8	66.0158	state_02	MGI	0	state_02	IG-B
4	LV3003047138	grey	ST8	66.0158	state_02	MGI	0	state_02	IG-B
4	LV3003047138	green	ST8	66.0158	state_02	MGI	0	state_02	IG-B
4	LV3003061474	grey	ST13	77.7798	state_02	MGI	0	state_02	IG-B
4	LV3003061474	green	ST13	77.7798	state_02	MGI	0	state_02	IG-B
4	LV3003061474	turquoise	ST13	77.7798	state_02	MGI	0	state_02	IG-B
4	LV3003061474	yellow	ST13	77.7798	state_02	MGI	0	state_02	IG-B
4	LV3003061474	blue	ST13	77.7798	state_02	MGI	0	state_02	IG-B
4	LV3003061485	grey	ST13	75.7796	state_02	MGI	0	state_02	IG-B
4	LV3003061485	green	ST13	75.7796	state_02	MGI	0	state_02	IG-B
4	LV3003061485	turquoise	ST13	75.7796	state_02	MGI	0	state_02	IG-B
4	LV3003061485	yellow	ST13	75.7796	state_02	MGI	0	state_02	IG-B
4	LV3003061485	blue	ST13	75.7796	state_02	MGI	0	state_02	IG-B
4	LV3003061485	brown	ST13	75.7796	state_02	MGI	0	state_02	IG-B
4	LV3003061501	green	ST13	105.5872	state_02	MGI	0	state_02	IG-B
4	LV3003061501	grey	ST13	105.5872	state_02	MGI	0	state_02	IG-B
4	LV3003061501	turquoise	ST13	105.5872	state_02	MGI	0	state_02	IG-B
4	LV3003061501	yellow	ST13	105.5872	state_02	MGI	0	state_02	IG-B
4	LV3003061501	blue	ST13	105.5872	state_02	MGI	0	state_02	IG-B
4	LV3003061503	grey	ST13	73.1472	state_02	MGI	0	state_02	IG-B
4	LV3003061503	green	ST13	73.1472	state_02	MGI	0	state_02	IG-B
4	LV3003061503	turquoise	ST13	73.1472	state_02	MGI	0	state_02	IG-B
4	LV3003061503	yellow	ST13	73.1472	state_02	MGI	0	state_02	IG-B
4	LV3003061503	blue	ST13	73.1472	state_02	MGI	0	state_02	IG-B
4	LV3003061503	brown	ST13	73.1472	state_02	MGI	0	state_02	IG-B
4	LV3003061514	grey	ST13	100.6726	state_02	MGI	0	state_02	IG-B
4	LV3003061514	green	ST13	100.6726	state_02	MGI	0	state_02	IG-B
4	LV3003061514	turquoise	ST13	100.6726	state_02	MGI	0	state_02	IG-B
4	LV3003061514	yellow	ST13	100.6726	state_02	MGI	0	state_02	IG-B
4	LV3003061514	blue	ST13	100.6726	state_02	MGI	0	state_02	IG-B
4	LV3003061514	brown	ST13	100.6726	state_02	MGI	0	state_02	IG-B
4	LV3003061515	grey	ST13	71.0012	state_02	MGI	0	state_02	IG-B
4	LV3003061515	green	ST13	71.0012	state_02	MGI	0	state_02	IG-B
4	LV3003061515	turquoise	ST13	71.0012	state_02	MGI	0	state_02	IG-B
4	LV3003061515	yellow	ST13	71.0012	state_02	MGI	0	state_02	IG-B
4	LV3003061515	blue	ST13	71.0012	state_02	MGI	0	state_02	IG-B
4	LV3003061515	brown	ST13	71.0012	state_02	MGI	0	state_02	IG-B
4	LV3003061517	grey	ST13	30.678	state_02	MGI	8.34850591969881	state_02	IG-B
4	LV3003061517	green	ST13	30.678	state_02	MGI	-1.66970118393976	state_02	IG-B
4	LV3003061517	turquoise	ST13	30.678	state_02	MGI	-1.66970118393976	state_02	IG-B
4	LV3003061517	yellow	ST13	30.678	state_02	MGI	-1.66970118393976	state_02	IG-B
4	LV3003061517	blue	ST13	30.678	state_02	MGI	-1.66970118393976	state_02	IG-B
4	LV3003061517	brown	ST13	30.678	state_02	MGI	-1.66970118393976	state_02	IG-B
4	LV3003061528	green	ST13	95.118	state_02	MGI	0	state_02	IG-B
4	LV3003061528	turquoise	ST13	95.118	state_02	MGI	0	state_02	IG-B
4	LV3003061528	grey	ST13	95.118	state_02	MGI	0	state_02	IG-B
4	LV3003061528	yellow	ST13	95.118	state_02	MGI	0	state_02	IG-B
4	LV3003061528	blue	ST13	95.118	state_02	MGI	0	state_02	IG-B
4	LV3003061529	grey	ST13	66.015	state_02	MGI	0	state_02	IG-B
4	LV3003061529	green	ST13	66.015	state_02	MGI	0	state_02	IG-B
4	LV3003061529	turquoise	ST13	66.015	state_02	MGI	0	state_02	IG-B
4	LV3003061529	yellow	ST13	66.015	state_02	MGI	0	state_02	IG-B
4	LV3003061529	blue	ST13	66.015	state_02	MGI	0	state_02	IG-B
4	LV3003061529	brown	ST13	66.015	state_02	MGI	0	state_02	IG-B
4	LV3003061541	green	ST13	91.09	state_02	MGI	0	state_02	IG-B
4	LV3003061541	turquoise	ST13	91.09	state_02	MGI	0	state_02	IG-B
4	LV3003061541	yellow	ST13	91.09	state_02	MGI	0	state_02	IG-B
4	LV3003061541	grey	ST13	91.09	state_02	MGI	0	state_02	IG-B
4	LV3003061541	blue	ST13	91.09	state_02	MGI	0	state_02	IG-B
4	LV3003061543	grey	ST13	62.293	state_02	MGI	0	state_02	IG-B
4	LV3003061543	green	ST13	62.293	state_02	MGI	0	state_02	IG-B
4	LV3003061543	turquoise	ST13	62.293	state_02	MGI	0	state_02	IG-B
4	LV3003061543	yellow	ST13	62.293	state_02	MGI	0	state_02	IG-B
4	LV3003061543	blue	ST13	62.293	state_02	MGI	0	state_02	IG-B
4	LV3003061543	brown	ST13	62.293	state_02	MGI	0	state_02	IG-B
4	LV3003061556	grey	ST13	86.6174	state_02	MGI	0	state_02	IG-B
4	LV3003061556	green	ST13	86.6174	state_02	MGI	0	state_02	IG-B
4	LV3003061556	turquoise	ST13	86.6174	state_02	MGI	0	state_02	IG-B
4	LV3003061556	yellow	ST13	86.6174	state_02	MGI	0	state_02	IG-B
4	LV3003061556	blue	ST13	86.6174	state_02	MGI	0	state_02	IG-B
4	LV3003061557	green	ST13	58.082	state_02	MGI	0	state_02	IG-B
4	LV3003061557	yellow	ST13	58.082	state_02	MGI	0	state_02	IG-B
4	LV3003061557	turquoise	ST13	58.082	state_02	MGI	0	state_02	IG-B
4	LV3003061557	grey	ST13	58.082	state_02	MGI	0	state_02	IG-B
4	LV3003061557	blue	ST13	58.082	state_02	MGI	0	state_02	IG-B
4	LV3003061569	grey	ST13	81.6946	state_02	MGI	0	state_02	IG-B
4	LV3003061569	green	ST13	81.6946	state_02	MGI	0	state_02	IG-B
4	LV3003061569	turquoise	ST13	81.6946	state_02	MGI	0	state_02	IG-B
4	LV3003061569	yellow	ST13	81.6946	state_02	MGI	0	state_02	IG-B
4	LV3003061569	blue	ST13	81.6946	state_02	MGI	0	state_02	IG-B
4	LV3003061569	brown	ST13	81.6946	state_02	MGI	0	state_02	IG-B
4	LV3003061570	green	ST13	55.466	state_02	MGI	0	state_02	IG-B
4	LV3003061570	turquoise	ST13	55.466	state_02	MGI	0	state_02	IG-B
4	LV3003061570	grey	ST13	55.466	state_02	MGI	0	state_02	IG-B
4	LV3003061570	yellow	ST13	55.466	state_02	MGI	0	state_02	IG-B
4	LV3003061570	blue	ST13	55.466	state_02	MGI	0	state_02	IG-B
4	LV7008886229	grey	GeoB25202_R2	68.149	state_02	MGI	0	state_02	IG-B
4	LV7008886229	green	GeoB25202_R2	68.149	state_02	MGI	0	state_02	IG-B
4	LV7008886229	turquoise	GeoB25202_R2	68.149	state_02	MGI	0	state_02	IG-B
4	LV7008886229	yellow	GeoB25202_R2	68.149	state_02	MGI	0	state_02	IG-B
4	LV7008886229	brown	GeoB25202_R2	68.149	state_02	MGI	0	state_02	IG-B
4	LV7008886229	blue	GeoB25202_R2	68.149	state_02	MGI	0	state_02	IG-B
4	LV7008886695	green	GeoB25202_R1	95.3875	state_02	MGI	0	state_02	IG-B
4	LV7008886695	grey	GeoB25202_R1	95.3875	state_02	MGI	0	state_02	IG-B
4	LV7008886695	turquoise	GeoB25202_R1	95.3875	state_02	MGI	0	state_02	IG-B
4	LV7008886695	yellow	GeoB25202_R1	95.3875	state_02	MGI	0	state_02	IG-B
4	LV7008886695	blue	GeoB25202_R1	95.3875	state_02	MGI	0	state_02	IG-B
4	LV7008886695	brown	GeoB25202_R1	95.3875	state_02	MGI	0	state_02	IG-B
4	LV7008886706	green	GeoB25202_R1	79.0255	state_02	MGI	0	state_02	IG-B
4	LV7008886706	grey	GeoB25202_R1	79.0255	state_02	MGI	0	state_02	IG-B
4	LV7008886706	turquoise	GeoB25202_R1	79.0255	state_02	MGI	0	state_02	IG-B
4	LV7008886706	yellow	GeoB25202_R1	79.0255	state_02	MGI	0	state_02	IG-B
4	LV7008886706	blue	GeoB25202_R1	79.0255	state_02	MGI	0	state_02	IG-B
4	LV7008886706	brown	GeoB25202_R1	79.0255	state_02	MGI	0	state_02	IG-B
4	LV7008886707	grey	GeoB25202_R2	95.3875	state_02	MGI	0	state_02	IG-B
4	LV7008886707	green	GeoB25202_R2	95.3875	state_02	MGI	0	state_02	IG-B
4	LV7008886707	turquoise	GeoB25202_R2	95.3875	state_02	MGI	0	state_02	IG-B
4	LV7008886707	yellow	GeoB25202_R2	95.3875	state_02	MGI	0	state_02	IG-B
4	LV7008886708	green	GeoB25202_R1	109.6305	state_02	MGI	-2.43525252066065	state_02	IG-B
4	LV7008886708	grey	GeoB25202_R1	109.6305	state_02	MGI	-2.43525252066065	state_02	IG-B
4	LV7008886708	turquoise	GeoB25202_R1	109.6305	state_02	MGI	-2.43525252066065	state_02	IG-B
4	LV7008886708	yellow	GeoB25202_R1	109.6305	state_02	MGI	-2.43525252066065	state_02	IG-B
4	LV7008886708	blue	GeoB25202_R1	109.6305	state_02	MGI	-2.43525252066065	state_02	IG-B
4	LV7008886708	brown	GeoB25202_R1	109.6305	state_02	MGI	12.1762626033033	state_02	IG-B
4	LV7008886718	green	GeoB25202_R2	79.0255	state_02	MGI	0	state_02	IG-B
4	LV7008886718	grey	GeoB25202_R2	79.0255	state_02	MGI	0	state_02	IG-B
4	LV7008886718	turquoise	GeoB25202_R2	79.0255	state_02	MGI	0	state_02	IG-B
4	LV7008886718	yellow	GeoB25202_R2	79.0255	state_02	MGI	0	state_02	IG-B
4	LV7008886718	blue	GeoB25202_R2	79.0255	state_02	MGI	0	state_02	IG-B
4	LV7008886718	brown	GeoB25202_R2	79.0255	state_02	MGI	0	state_02	IG-B
4	LV7008886720	green	GeoB25202_R2	109.6305	state_02	MGI	0	state_02	IG-B
4	LV7008886720	grey	GeoB25202_R2	109.6305	state_02	MGI	0	state_02	IG-B
4	LV7008886720	turquoise	GeoB25202_R2	109.6305	state_02	MGI	0	state_02	IG-B
4	LV7008886720	yellow	GeoB25202_R2	109.6305	state_02	MGI	0	state_02	IG-B
4	LV7008886720	blue	GeoB25202_R2	109.6305	state_02	MGI	0	state_02	IG-B
4	LV7008886720	brown	GeoB25202_R2	109.6305	state_02	MGI	0	state_02	IG-B
4	LV7008886730	green	GeoB25202_R1	75.351	state_02	MGI	0	state_02	IG-B
4	LV7008886730	grey	GeoB25202_R1	75.351	state_02	MGI	0	state_02	IG-B
4	LV7008886730	turquoise	GeoB25202_R1	75.351	state_02	MGI	0	state_02	IG-B
4	LV7008886730	yellow	GeoB25202_R1	75.351	state_02	MGI	0	state_02	IG-B
4	LV7008886730	brown	GeoB25202_R1	75.351	state_02	MGI	0	state_02	IG-B
4	LV7008886730	blue	GeoB25202_R1	75.351	state_02	MGI	0	state_02	IG-B
4	LV7008886742	grey	GeoB25202_R2	75.351	state_02	MGI	0	state_02	IG-B
4	LV7008886742	green	GeoB25202_R2	75.351	state_02	MGI	0	state_02	IG-B
4	LV7008886742	turquoise	GeoB25202_R2	75.351	state_02	MGI	0	state_02	IG-B
4	LV7008886742	yellow	GeoB25202_R2	75.351	state_02	MGI	0	state_02	IG-B
4	LV7008886742	blue	GeoB25202_R2	75.351	state_02	MGI	0	state_02	IG-B
4	LV7008886742	brown	GeoB25202_R2	75.351	state_02	MGI	0	state_02	IG-B
4	LV7008886743	green	GeoB25202_R1	81.6705	state_02	MGI	-2.88250277559426	state_02	IG-B
4	LV7008886743	grey	GeoB25202_R1	81.6705	state_02	MGI	-2.88250277559426	state_02	IG-B
4	LV7008886743	turquoise	GeoB25202_R1	81.6705	state_02	MGI	-2.88250277559426	state_02	IG-B
4	LV7008886743	yellow	GeoB25202_R1	81.6705	state_02	MGI	-2.88250277559426	state_02	IG-B
4	LV7008886743	brown	GeoB25202_R1	81.6705	state_02	MGI	11.5300111023771	state_02	IG-B
4	LV7008886754	green	GeoB25202_R1	71.8895	state_02	MGI	0	state_02	IG-B
4	LV7008886754	grey	GeoB25202_R1	71.8895	state_02	MGI	0	state_02	IG-B
4	LV7008886754	turquoise	GeoB25202_R1	71.8895	state_02	MGI	0	state_02	IG-B
4	LV7008886754	yellow	GeoB25202_R1	71.8895	state_02	MGI	0	state_02	IG-B
4	LV7008886754	blue	GeoB25202_R1	71.8895	state_02	MGI	0	state_02	IG-B
4	LV7008886754	brown	GeoB25202_R1	71.8895	state_02	MGI	0	state_02	IG-B
4	LV7008886755	green	GeoB25202_R2	81.6705	state_02	MGI	0	state_02	IG-B
4	LV7008886755	grey	GeoB25202_R2	81.6705	state_02	MGI	0	state_02	IG-B
4	LV7008886755	turquoise	GeoB25202_R2	81.6705	state_02	MGI	0	state_02	IG-B
4	LV7008886755	yellow	GeoB25202_R2	81.6705	state_02	MGI	0	state_02	IG-B
4	LV7008886756	grey	GeoB25202_R2	105.5785	state_02	MGI	0	state_02	IG-B
4	LV7008886756	turquoise	GeoB25202_R2	105.5785	state_02	MGI	0	state_02	IG-B
4	LV7008886756	yellow	GeoB25202_R2	105.5785	state_02	MGI	0	state_02	IG-B
4	LV7008886756	green	GeoB25202_R2	105.5785	state_02	MGI	0	state_02	IG-B
4	LV7008886766	grey	GeoB25202_R2	71.8895	state_02	MGI	0	state_02	IG-B
4	LV7008886766	green	GeoB25202_R2	71.8895	state_02	MGI	0	state_02	IG-B
4	LV7008886766	turquoise	GeoB25202_R2	71.8895	state_02	MGI	0	state_02	IG-B
4	LV7008886766	blue	GeoB25202_R2	71.8895	state_02	MGI	0	state_02	IG-B
4	LV7008886766	yellow	GeoB25202_R2	71.8895	state_02	MGI	0	state_02	IG-B
4	LV7008886766	brown	GeoB25202_R2	71.8895	state_02	MGI	0	state_02	IG-B
4	LV7008886768	green	GeoB25202_R1	102.2955	state_02	MGI	0	state_02	IG-B
4	LV7008886768	grey	GeoB25202_R1	102.2955	state_02	MGI	0	state_02	IG-B
4	LV7008886768	turquoise	GeoB25202_R1	102.2955	state_02	MGI	0	state_02	IG-B
4	LV7008886768	yellow	GeoB25202_R1	102.2955	state_02	MGI	0	state_02	IG-B
4	LV7008886778	grey	GeoB25202_R1	68.149	state_02	MGI	0	state_02	IG-B
4	LV7008886778	green	GeoB25202_R1	68.149	state_02	MGI	0	state_02	IG-B
4	LV7008886778	turquoise	GeoB25202_R1	68.149	state_02	MGI	0	state_02	IG-B
4	LV7008886778	yellow	GeoB25202_R1	68.149	state_02	MGI	0	state_02	IG-B
4	LV7008886778	blue	GeoB25202_R1	68.149	state_02	MGI	0	state_02	IG-B
4	LV7008886778	brown	GeoB25202_R1	68.149	state_02	MGI	0	state_02	IG-B
4	LV7008886780	green	GeoB25202_R2	102.2955	state_02	MGI	0	state_02	IG-B
4	LV7008886780	grey	GeoB25202_R2	102.2955	state_02	MGI	0	state_02	IG-B
4	LV7008886780	turquoise	GeoB25202_R2	102.2955	state_02	MGI	0	state_02	IG-B
4	LV7008886780	yellow	GeoB25202_R2	102.2955	state_02	MGI	0	state_02	IG-B
4	LV7008886780	brown	GeoB25202_R2	102.2955	state_02	MGI	0	state_02	IG-B
4	LV7008886780	blue	GeoB25202_R2	102.2955	state_02	MGI	0	state_02	IG-B
4	LV3003047079	green	ST8	97.52	state_02	MFI	0	state_02	IG-B
4	LV3003047079	turquoise	ST8	97.52	state_02	MFI	0	state_02	IG-B
4	LV3003047079	grey	ST8	97.52	state_02	MFI	0	state_02	IG-B
4	LV3003047079	yellow	ST8	97.52	state_02	MFI	0	state_02	IG-B
4	LV3003047079	blue	ST8	97.52	state_02	MFI	0	state_02	IG-B
4	LV3003047079	brown	ST8	97.52	state_02	MFI	0	state_02	IG-B
4	LV3003047080	turquoise	ST8	87.9935	state_02	MFI	0	state_02	IG-B
4	LV3003047080	yellow	ST8	87.9935	state_02	MFI	0	state_02	IG-B
4	LV3003047080	grey	ST8	87.9935	state_02	MFI	0	state_02	IG-B
4	LV3003047080	green	ST8	87.9935	state_02	MFI	0	state_02	IG-B
4	LV3003047084	grey	ST8	33.276	state_02	MFI	0	state_02	IG-B
4	LV3003047084	green	ST8	33.276	state_02	MFI	0	state_02	IG-B
4	LV3003047084	turquoise	ST8	33.276	state_02	MFI	0	state_02	IG-B
4	LV3003047084	yellow	ST8	33.276	state_02	MFI	0	state_02	IG-B
4	LV3003047084	blue	ST8	33.276	state_02	MFI	0	state_02	IG-B
4	LV3003047084	brown	ST8	33.276	state_02	MFI	0	state_02	IG-B
4	LV3003047091	turquoise	ST8	89.37525	state_02	MFI	0	state_02	IG-B
4	LV3003047091	grey	ST8	89.37525	state_02	MFI	0	state_02	IG-B
4	LV3003047091	green	ST8	89.37525	state_02	MFI	0	state_02	IG-B
4	LV3003047091	yellow	ST8	89.37525	state_02	MFI	0	state_02	IG-B
4	LV3003047091	blue	ST8	89.37525	state_02	MFI	0	state_02	IG-B
4	LV3003047093	green	ST8	79.675	state_02	MFI	0	state_02	IG-B
4	LV3003047093	turquoise	ST8	79.675	state_02	MFI	0	state_02	IG-B
4	LV3003047093	yellow	ST8	79.675	state_02	MFI	0	state_02	IG-B
4	LV3003047093	grey	ST8	79.675	state_02	MFI	0	state_02	IG-B
4	LV3003047100	green	ST8	86.61175	state_02	MFI	0	state_02	IG-B
4	LV3003047100	turquoise	ST8	86.61175	state_02	MFI	0	state_02	IG-B
4	LV3003047100	grey	ST8	86.61175	state_02	MFI	0	state_02	IG-B
4	LV3003047100	yellow	ST8	86.61175	state_02	MFI	0	state_02	IG-B
4	LV3003047100	blue	ST8	86.61175	state_02	MFI	0	state_02	IG-B
4	LV3003047107	turquoise	ST8	71.517	state_02	MFI	0	state_02	IG-B
4	LV3003047107	grey	ST8	71.517	state_02	MFI	0	state_02	IG-B
4	LV3003047107	yellow	ST8	71.517	state_02	MFI	0	state_02	IG-B
4	LV3003047107	green	ST8	71.517	state_02	MFI	0	state_02	IG-B
4	LV3003047107	brown	ST8	71.517	state_02	MFI	0	state_02	IG-B
4	LV3003047133	green	ST8	70.162	state_02	MFI	0	state_02	IG-B
4	LV3003047133	grey	ST8	70.162	state_02	MFI	0	state_02	IG-B
4	LV3003047133	turquoise	ST8	70.162	state_02	MFI	0	state_02	IG-B
4	LV3003047133	yellow	ST8	70.162	state_02	MFI	0	state_02	IG-B
4	LV3003047134	grey	ST8	68.807	state_02	MFI	0	state_02	IG-B
4	LV3003047134	green	ST8	68.807	state_02	MFI	0	state_02	IG-B
4	LV3003047134	turquoise	ST8	68.807	state_02	MFI	0	state_02	IG-B
4	LV3003047134	yellow	ST8	68.807	state_02	MFI	0	state_02	IG-B
4	LV3003047134	blue	ST8	68.807	state_02	MFI	0	state_02	IG-B
4	LV3003047136	green	ST8	67.8766	state_02	MFI	0	state_02	IG-B
4	LV3003047136	turquoise	ST8	67.8766	state_02	MFI	0	state_02	IG-B
4	LV3003047136	grey	ST8	67.8766	state_02	MFI	0	state_02	IG-B
4	LV3003047136	yellow	ST8	67.8766	state_02	MFI	0	state_02	IG-B
4	LV3003047136	blue	ST8	67.8766	state_02	MFI	0	state_02	IG-B
4	LV3003047138	turquoise	ST8	66.0158	state_02	MFI	0	state_02	IG-B
4	LV3003047138	yellow	ST8	66.0158	state_02	MFI	0	state_02	IG-B
4	LV3003047138	grey	ST8	66.0158	state_02	MFI	0	state_02	IG-B
4	LV3003047138	green	ST8	66.0158	state_02	MFI	0	state_02	IG-B
4	LV3003061474	grey	ST13	77.7798	state_02	MFI	0	state_02	IG-B
4	LV3003061474	green	ST13	77.7798	state_02	MFI	0	state_02	IG-B
4	LV3003061474	turquoise	ST13	77.7798	state_02	MFI	0	state_02	IG-B
4	LV3003061474	yellow	ST13	77.7798	state_02	MFI	0	state_02	IG-B
4	LV3003061474	blue	ST13	77.7798	state_02	MFI	0	state_02	IG-B
4	LV3003061485	grey	ST13	75.7796	state_02	MFI	0	state_02	IG-B
4	LV3003061485	green	ST13	75.7796	state_02	MFI	0	state_02	IG-B
4	LV3003061485	turquoise	ST13	75.7796	state_02	MFI	0	state_02	IG-B
4	LV3003061485	yellow	ST13	75.7796	state_02	MFI	0	state_02	IG-B
4	LV3003061485	blue	ST13	75.7796	state_02	MFI	0	state_02	IG-B
4	LV3003061485	brown	ST13	75.7796	state_02	MFI	0	state_02	IG-B
4	LV3003061501	green	ST13	105.5872	state_02	MFI	0	state_02	IG-B
4	LV3003061501	grey	ST13	105.5872	state_02	MFI	0	state_02	IG-B
4	LV3003061501	turquoise	ST13	105.5872	state_02	MFI	0	state_02	IG-B
4	LV3003061501	yellow	ST13	105.5872	state_02	MFI	0	state_02	IG-B
4	LV3003061501	blue	ST13	105.5872	state_02	MFI	0	state_02	IG-B
4	LV3003061503	grey	ST13	73.1472	state_02	MFI	0	state_02	IG-B
4	LV3003061503	green	ST13	73.1472	state_02	MFI	0	state_02	IG-B
4	LV3003061503	turquoise	ST13	73.1472	state_02	MFI	0	state_02	IG-B
4	LV3003061503	yellow	ST13	73.1472	state_02	MFI	0	state_02	IG-B
4	LV3003061503	blue	ST13	73.1472	state_02	MFI	0	state_02	IG-B
4	LV3003061503	brown	ST13	73.1472	state_02	MFI	0	state_02	IG-B
4	LV3003061514	grey	ST13	100.6726	state_02	MFI	5.7954753651972	state_02	IG-B
4	LV3003061514	green	ST13	100.6726	state_02	MFI	-1.15909507303944	state_02	IG-B
4	LV3003061514	turquoise	ST13	100.6726	state_02	MFI	-1.15909507303944	state_02	IG-B
4	LV3003061514	yellow	ST13	100.6726	state_02	MFI	-1.15909507303944	state_02	IG-B
4	LV3003061514	blue	ST13	100.6726	state_02	MFI	-1.15909507303944	state_02	IG-B
4	LV3003061514	brown	ST13	100.6726	state_02	MFI	-1.15909507303944	state_02	IG-B
4	LV3003061515	grey	ST13	71.0012	state_02	MFI	5.07014983836274	state_02	IG-B
4	LV3003061515	green	ST13	71.0012	state_02	MFI	-1.01402996767255	state_02	IG-B
4	LV3003061515	turquoise	ST13	71.0012	state_02	MFI	-1.01402996767255	state_02	IG-B
4	LV3003061515	yellow	ST13	71.0012	state_02	MFI	-1.01402996767255	state_02	IG-B
4	LV3003061515	blue	ST13	71.0012	state_02	MFI	-1.01402996767255	state_02	IG-B
4	LV3003061515	brown	ST13	71.0012	state_02	MFI	-1.01402996767255	state_02	IG-B
4	LV3003061517	grey	ST13	30.678	state_02	MFI	-8.34850591969881	state_02	IG-B
4	LV3003061517	green	ST13	30.678	state_02	MFI	1.66970118393976	state_02	IG-B
4	LV3003061517	turquoise	ST13	30.678	state_02	MFI	1.66970118393976	state_02	IG-B
4	LV3003061517	yellow	ST13	30.678	state_02	MFI	1.66970118393976	state_02	IG-B
4	LV3003061517	blue	ST13	30.678	state_02	MFI	1.66970118393976	state_02	IG-B
4	LV3003061517	brown	ST13	30.678	state_02	MFI	1.66970118393976	state_02	IG-B
4	LV3003061528	green	ST13	95.118	state_02	MFI	-1.36250679840351	state_02	IG-B
4	LV3003061528	turquoise	ST13	95.118	state_02	MFI	-1.36250679840351	state_02	IG-B
4	LV3003061528	grey	ST13	95.118	state_02	MFI	5.45002719361404	state_02	IG-B
4	LV3003061528	yellow	ST13	95.118	state_02	MFI	-1.36250679840351	state_02	IG-B
4	LV3003061528	blue	ST13	95.118	state_02	MFI	-1.36250679840351	state_02	IG-B
4	LV3003061529	grey	ST13	66.015	state_02	MFI	5.59156186812645	state_02	IG-B
4	LV3003061529	green	ST13	66.015	state_02	MFI	-1.11831237362529	state_02	IG-B
4	LV3003061529	turquoise	ST13	66.015	state_02	MFI	-1.11831237362529	state_02	IG-B
4	LV3003061529	yellow	ST13	66.015	state_02	MFI	-1.11831237362529	state_02	IG-B
4	LV3003061529	blue	ST13	66.015	state_02	MFI	-1.11831237362529	state_02	IG-B
4	LV3003061529	brown	ST13	66.015	state_02	MFI	-1.11831237362529	state_02	IG-B
4	LV3003061541	green	ST13	91.09	state_02	MFI	0	state_02	IG-B
4	LV3003061541	turquoise	ST13	91.09	state_02	MFI	0	state_02	IG-B
4	LV3003061541	yellow	ST13	91.09	state_02	MFI	0	state_02	IG-B
4	LV3003061541	grey	ST13	91.09	state_02	MFI	0	state_02	IG-B
4	LV3003061541	blue	ST13	91.09	state_02	MFI	0	state_02	IG-B
4	LV3003061543	grey	ST13	62.293	state_02	MFI	0	state_02	IG-B
4	LV3003061543	green	ST13	62.293	state_02	MFI	0	state_02	IG-B
4	LV3003061543	turquoise	ST13	62.293	state_02	MFI	0	state_02	IG-B
4	LV3003061543	yellow	ST13	62.293	state_02	MFI	0	state_02	IG-B
4	LV3003061543	blue	ST13	62.293	state_02	MFI	0	state_02	IG-B
4	LV3003061543	brown	ST13	62.293	state_02	MFI	0	state_02	IG-B
4	LV3003061556	grey	ST13	86.6174	state_02	MFI	0	state_02	IG-B
4	LV3003061556	green	ST13	86.6174	state_02	MFI	0	state_02	IG-B
4	LV3003061556	turquoise	ST13	86.6174	state_02	MFI	0	state_02	IG-B
4	LV3003061556	yellow	ST13	86.6174	state_02	MFI	0	state_02	IG-B
4	LV3003061556	blue	ST13	86.6174	state_02	MFI	0	state_02	IG-B
4	LV3003061557	green	ST13	58.082	state_02	MFI	0	state_02	IG-B
4	LV3003061557	yellow	ST13	58.082	state_02	MFI	0	state_02	IG-B
4	LV3003061557	turquoise	ST13	58.082	state_02	MFI	0	state_02	IG-B
4	LV3003061557	grey	ST13	58.082	state_02	MFI	0	state_02	IG-B
4	LV3003061557	blue	ST13	58.082	state_02	MFI	0	state_02	IG-B
4	LV3003061569	grey	ST13	81.6946	state_02	MFI	0	state_02	IG-B
4	LV3003061569	green	ST13	81.6946	state_02	MFI	0	state_02	IG-B
4	LV3003061569	turquoise	ST13	81.6946	state_02	MFI	0	state_02	IG-B
4	LV3003061569	yellow	ST13	81.6946	state_02	MFI	0	state_02	IG-B
4	LV3003061569	blue	ST13	81.6946	state_02	MFI	0	state_02	IG-B
4	LV3003061569	brown	ST13	81.6946	state_02	MFI	0	state_02	IG-B
4	LV3003061570	green	ST13	55.466	state_02	MFI	-1.51627374459611	state_02	IG-B
4	LV3003061570	turquoise	ST13	55.466	state_02	MFI	-1.51627374459611	state_02	IG-B
4	LV3003061570	grey	ST13	55.466	state_02	MFI	6.06509497838442	state_02	IG-B
4	LV3003061570	yellow	ST13	55.466	state_02	MFI	-1.51627374459611	state_02	IG-B
4	LV3003061570	blue	ST13	55.466	state_02	MFI	-1.51627374459611	state_02	IG-B
4	LV7008886229	grey	GeoB25202_R2	68.149	state_02	MFI	0	state_02	IG-B
4	LV7008886229	green	GeoB25202_R2	68.149	state_02	MFI	0	state_02	IG-B
4	LV7008886229	turquoise	GeoB25202_R2	68.149	state_02	MFI	0	state_02	IG-B
4	LV7008886229	yellow	GeoB25202_R2	68.149	state_02	MFI	0	state_02	IG-B
4	LV7008886229	brown	GeoB25202_R2	68.149	state_02	MFI	0	state_02	IG-B
4	LV7008886229	blue	GeoB25202_R2	68.149	state_02	MFI	0	state_02	IG-B
4	LV7008886695	green	GeoB25202_R1	95.3875	state_02	MFI	0	state_02	IG-B
4	LV7008886695	grey	GeoB25202_R1	95.3875	state_02	MFI	0	state_02	IG-B
4	LV7008886695	turquoise	GeoB25202_R1	95.3875	state_02	MFI	0	state_02	IG-B
4	LV7008886695	yellow	GeoB25202_R1	95.3875	state_02	MFI	0	state_02	IG-B
4	LV7008886695	blue	GeoB25202_R1	95.3875	state_02	MFI	0	state_02	IG-B
4	LV7008886695	brown	GeoB25202_R1	95.3875	state_02	MFI	0	state_02	IG-B
4	LV7008886706	green	GeoB25202_R1	79.0255	state_02	MFI	0	state_02	IG-B
4	LV7008886706	grey	GeoB25202_R1	79.0255	state_02	MFI	0	state_02	IG-B
4	LV7008886706	turquoise	GeoB25202_R1	79.0255	state_02	MFI	0	state_02	IG-B
4	LV7008886706	yellow	GeoB25202_R1	79.0255	state_02	MFI	0	state_02	IG-B
4	LV7008886706	blue	GeoB25202_R1	79.0255	state_02	MFI	0	state_02	IG-B
4	LV7008886706	brown	GeoB25202_R1	79.0255	state_02	MFI	0	state_02	IG-B
4	LV7008886707	grey	GeoB25202_R2	95.3875	state_02	MFI	0	state_02	IG-B
4	LV7008886707	green	GeoB25202_R2	95.3875	state_02	MFI	0	state_02	IG-B
4	LV7008886707	turquoise	GeoB25202_R2	95.3875	state_02	MFI	0	state_02	IG-B
4	LV7008886707	yellow	GeoB25202_R2	95.3875	state_02	MFI	0	state_02	IG-B
4	LV7008886708	green	GeoB25202_R1	109.6305	state_02	MFI	2.3197281409432	state_02	IG-B
4	LV7008886708	grey	GeoB25202_R1	109.6305	state_02	MFI	2.3197281409432	state_02	IG-B
4	LV7008886708	turquoise	GeoB25202_R1	109.6305	state_02	MFI	2.3197281409432	state_02	IG-B
4	LV7008886708	yellow	GeoB25202_R1	109.6305	state_02	MFI	2.3197281409432	state_02	IG-B
4	LV7008886708	blue	GeoB25202_R1	109.6305	state_02	MFI	2.3197281409432	state_02	IG-B
4	LV7008886708	brown	GeoB25202_R1	109.6305	state_02	MFI	-11.598640704716	state_02	IG-B
4	LV7008886718	green	GeoB25202_R2	79.0255	state_02	MFI	0	state_02	IG-B
4	LV7008886718	grey	GeoB25202_R2	79.0255	state_02	MFI	0	state_02	IG-B
4	LV7008886718	turquoise	GeoB25202_R2	79.0255	state_02	MFI	0	state_02	IG-B
4	LV7008886718	yellow	GeoB25202_R2	79.0255	state_02	MFI	0	state_02	IG-B
4	LV7008886718	blue	GeoB25202_R2	79.0255	state_02	MFI	0	state_02	IG-B
4	LV7008886718	brown	GeoB25202_R2	79.0255	state_02	MFI	0	state_02	IG-B
4	LV7008886720	green	GeoB25202_R2	109.6305	state_02	MFI	0	state_02	IG-B
4	LV7008886720	grey	GeoB25202_R2	109.6305	state_02	MFI	0	state_02	IG-B
4	LV7008886720	turquoise	GeoB25202_R2	109.6305	state_02	MFI	0	state_02	IG-B
4	LV7008886720	yellow	GeoB25202_R2	109.6305	state_02	MFI	0	state_02	IG-B
4	LV7008886720	blue	GeoB25202_R2	109.6305	state_02	MFI	0	state_02	IG-B
4	LV7008886720	brown	GeoB25202_R2	109.6305	state_02	MFI	0	state_02	IG-B
4	LV7008886730	green	GeoB25202_R1	75.351	state_02	MFI	0	state_02	IG-B
4	LV7008886730	grey	GeoB25202_R1	75.351	state_02	MFI	0	state_02	IG-B
4	LV7008886730	turquoise	GeoB25202_R1	75.351	state_02	MFI	0	state_02	IG-B
4	LV7008886730	yellow	GeoB25202_R1	75.351	state_02	MFI	0	state_02	IG-B
4	LV7008886730	brown	GeoB25202_R1	75.351	state_02	MFI	0	state_02	IG-B
4	LV7008886730	blue	GeoB25202_R1	75.351	state_02	MFI	0	state_02	IG-B
4	LV7008886742	grey	GeoB25202_R2	75.351	state_02	MFI	0	state_02	IG-B
4	LV7008886742	green	GeoB25202_R2	75.351	state_02	MFI	0	state_02	IG-B
4	LV7008886742	turquoise	GeoB25202_R2	75.351	state_02	MFI	0	state_02	IG-B
4	LV7008886742	yellow	GeoB25202_R2	75.351	state_02	MFI	0	state_02	IG-B
4	LV7008886742	blue	GeoB25202_R2	75.351	state_02	MFI	0	state_02	IG-B
4	LV7008886742	brown	GeoB25202_R2	75.351	state_02	MFI	0	state_02	IG-B
4	LV7008886743	green	GeoB25202_R1	81.6705	state_02	MFI	2.74387355966564	state_02	IG-B
4	LV7008886743	grey	GeoB25202_R1	81.6705	state_02	MFI	2.74387355966564	state_02	IG-B
4	LV7008886743	turquoise	GeoB25202_R1	81.6705	state_02	MFI	2.74387355966564	state_02	IG-B
4	LV7008886743	yellow	GeoB25202_R1	81.6705	state_02	MFI	2.74387355966564	state_02	IG-B
4	LV7008886743	brown	GeoB25202_R1	81.6705	state_02	MFI	-10.9754942386626	state_02	IG-B
4	LV7008886754	green	GeoB25202_R1	71.8895	state_02	MFI	0	state_02	IG-B
4	LV7008886754	grey	GeoB25202_R1	71.8895	state_02	MFI	0	state_02	IG-B
4	LV7008886754	turquoise	GeoB25202_R1	71.8895	state_02	MFI	0	state_02	IG-B
4	LV7008886754	yellow	GeoB25202_R1	71.8895	state_02	MFI	0	state_02	IG-B
4	LV7008886754	blue	GeoB25202_R1	71.8895	state_02	MFI	0	state_02	IG-B
4	LV7008886754	brown	GeoB25202_R1	71.8895	state_02	MFI	0	state_02	IG-B
4	LV7008886755	green	GeoB25202_R2	81.6705	state_02	MFI	0	state_02	IG-B
4	LV7008886755	grey	GeoB25202_R2	81.6705	state_02	MFI	0	state_02	IG-B
4	LV7008886755	turquoise	GeoB25202_R2	81.6705	state_02	MFI	0	state_02	IG-B
4	LV7008886755	yellow	GeoB25202_R2	81.6705	state_02	MFI	0	state_02	IG-B
4	LV7008886756	grey	GeoB25202_R2	105.5785	state_02	MFI	0	state_02	IG-B
4	LV7008886756	turquoise	GeoB25202_R2	105.5785	state_02	MFI	0	state_02	IG-B
4	LV7008886756	yellow	GeoB25202_R2	105.5785	state_02	MFI	0	state_02	IG-B
4	LV7008886756	green	GeoB25202_R2	105.5785	state_02	MFI	0	state_02	IG-B
4	LV7008886766	grey	GeoB25202_R2	71.8895	state_02	MFI	0	state_02	IG-B
4	LV7008886766	green	GeoB25202_R2	71.8895	state_02	MFI	0	state_02	IG-B
4	LV7008886766	turquoise	GeoB25202_R2	71.8895	state_02	MFI	0	state_02	IG-B
4	LV7008886766	blue	GeoB25202_R2	71.8895	state_02	MFI	0	state_02	IG-B
4	LV7008886766	yellow	GeoB25202_R2	71.8895	state_02	MFI	0	state_02	IG-B
4	LV7008886766	brown	GeoB25202_R2	71.8895	state_02	MFI	0	state_02	IG-B
4	LV7008886768	green	GeoB25202_R1	102.2955	state_02	MFI	0	state_02	IG-B
4	LV7008886768	grey	GeoB25202_R1	102.2955	state_02	MFI	0	state_02	IG-B
4	LV7008886768	turquoise	GeoB25202_R1	102.2955	state_02	MFI	0	state_02	IG-B
4	LV7008886768	yellow	GeoB25202_R1	102.2955	state_02	MFI	0	state_02	IG-B
4	LV7008886778	grey	GeoB25202_R1	68.149	state_02	MFI	0	state_02	IG-B
4	LV7008886778	green	GeoB25202_R1	68.149	state_02	MFI	0	state_02	IG-B
4	LV7008886778	turquoise	GeoB25202_R1	68.149	state_02	MFI	0	state_02	IG-B
4	LV7008886778	yellow	GeoB25202_R1	68.149	state_02	MFI	0	state_02	IG-B
4	LV7008886778	blue	GeoB25202_R1	68.149	state_02	MFI	0	state_02	IG-B
4	LV7008886778	brown	GeoB25202_R1	68.149	state_02	MFI	0	state_02	IG-B
4	LV7008886780	green	GeoB25202_R2	102.2955	state_02	MFI	0	state_02	IG-B
4	LV7008886780	grey	GeoB25202_R2	102.2955	state_02	MFI	0	state_02	IG-B
4	LV7008886780	turquoise	GeoB25202_R2	102.2955	state_02	MFI	0	state_02	IG-B
4	LV7008886780	yellow	GeoB25202_R2	102.2955	state_02	MFI	0	state_02	IG-B
4	LV7008886780	brown	GeoB25202_R2	102.2955	state_02	MFI	0	state_02	IG-B
4	LV7008886780	blue	GeoB25202_R2	102.2955	state_02	MFI	0	state_02	IG-B
4	LV3003047079	green	ST8	97.52	state_02	DCI	-7.46003226040942	state_02	IG-B
4	LV3003047079	turquoise	ST8	97.52	state_02	DCI	1.95253757191926	state_02	IG-B
4	LV3003047079	grey	ST8	97.52	state_02	DCI	-0.252926428716892	state_02	IG-B
4	LV3003047079	yellow	ST8	97.52	state_02	DCI	1.92014037240235	state_02	IG-B
4	LV3003047079	blue	ST8	97.52	state_02	DCI	1.92014037240235	state_02	IG-B
4	LV3003047079	brown	ST8	97.52	state_02	DCI	1.92014037240235	state_02	IG-B
4	LV3003047080	turquoise	ST8	87.9935	state_02	DCI	-0.289996717553651	state_02	IG-B
4	LV3003047080	yellow	ST8	87.9935	state_02	DCI	-0.445660484942409	state_02	IG-B
4	LV3003047080	grey	ST8	87.9935	state_02	DCI	-0.70162824441005	state_02	IG-B
4	LV3003047080	green	ST8	87.9935	state_02	DCI	1.43728544690611	state_02	IG-B
4	LV3003047084	grey	ST8	33.276	state_02	DCI	4.97135314821075	state_02	IG-B
4	LV3003047084	green	ST8	33.276	state_02	DCI	-2.4897476254811	state_02	IG-B
4	LV3003047084	turquoise	ST8	33.276	state_02	DCI	5.20207496326359	state_02	IG-B
4	LV3003047084	yellow	ST8	33.276	state_02	DCI	5.77178335062463	state_02	IG-B
4	LV3003047084	blue	ST8	33.276	state_02	DCI	-6.16354715376154	state_02	IG-B
4	LV3003047084	brown	ST8	33.276	state_02	DCI	-7.29191668285632	state_02	IG-B
4	LV3003047091	turquoise	ST8	89.37525	state_02	DCI	-0.0738696788103975	state_02	IG-B
4	LV3003047091	grey	ST8	89.37525	state_02	DCI	-1.68491822271129	state_02	IG-B
4	LV3003047091	green	ST8	89.37525	state_02	DCI	0.586262633840562	state_02	IG-B
4	LV3003047091	yellow	ST8	89.37525	state_02	DCI	0.586262633840562	state_02	IG-B
4	LV3003047091	blue	ST8	89.37525	state_02	DCI	0.586262633840562	state_02	IG-B
4	LV3003047093	green	ST8	79.675	state_02	DCI	-5.77966764684328	state_02	IG-B
4	LV3003047093	turquoise	ST8	79.675	state_02	DCI	2.50664920169577	state_02	IG-B
4	LV3003047093	yellow	ST8	79.675	state_02	DCI	1.76056504252854	state_02	IG-B
4	LV3003047093	grey	ST8	79.675	state_02	DCI	1.51245340261896	state_02	IG-B
4	LV3003047100	green	ST8	86.61175	state_02	DCI	-4.32621655724946	state_02	IG-B
4	LV3003047100	turquoise	ST8	86.61175	state_02	DCI	2.93758762974892	state_02	IG-B
4	LV3003047100	grey	ST8	86.61175	state_02	DCI	2.26942533441028	state_02	IG-B
4	LV3003047100	yellow	ST8	86.61175	state_02	DCI	-5.55604528431418	state_02	IG-B
4	LV3003047100	blue	ST8	86.61175	state_02	DCI	4.67524887740444	state_02	IG-B
4	LV3003047107	turquoise	ST8	71.517	state_02	DCI	-0.602055057244129	state_02	IG-B
4	LV3003047107	grey	ST8	71.517	state_02	DCI	-1.00760449114471	state_02	IG-B
4	LV3003047107	yellow	ST8	71.517	state_02	DCI	-0.272728907323124	state_02	IG-B
4	LV3003047107	green	ST8	71.517	state_02	DCI	0.94119422785598	state_02	IG-B
4	LV3003047107	brown	ST8	71.517	state_02	DCI	0.94119422785598	state_02	IG-B
4	LV3003047133	green	ST8	70.162	state_02	DCI	-6.12849898264518	state_02	IG-B
4	LV3003047133	grey	ST8	70.162	state_02	DCI	1.42960219073678	state_02	IG-B
4	LV3003047133	turquoise	ST8	70.162	state_02	DCI	1.44005723619105	state_02	IG-B
4	LV3003047133	yellow	ST8	70.162	state_02	DCI	3.25883955571734	state_02	IG-B
4	LV3003047134	grey	ST8	68.807	state_02	DCI	-6.16629270721029	state_02	IG-B
4	LV3003047134	green	ST8	68.807	state_02	DCI	-2.91447870353693	state_02	IG-B
4	LV3003047134	turquoise	ST8	68.807	state_02	DCI	6.13655197554045	state_02	IG-B
4	LV3003047134	yellow	ST8	68.807	state_02	DCI	-3.58128115645167	state_02	IG-B
4	LV3003047134	blue	ST8	68.807	state_02	DCI	6.52550059165843	state_02	IG-B
4	LV3003047136	green	ST8	67.8766	state_02	DCI	-4.53587321943883	state_02	IG-B
4	LV3003047136	turquoise	ST8	67.8766	state_02	DCI	3.5201458294477	state_02	IG-B
4	LV3003047136	grey	ST8	67.8766	state_02	DCI	1.00190860570643	state_02	IG-B
4	LV3003047136	yellow	ST8	67.8766	state_02	DCI	-4.72377334173348	state_02	IG-B
4	LV3003047136	blue	ST8	67.8766	state_02	DCI	4.73759212601817	state_02	IG-B
4	LV3003047138	turquoise	ST8	66.0158	state_02	DCI	2.95004819643048	state_02	IG-B
4	LV3003047138	yellow	ST8	66.0158	state_02	DCI	-7.06312746554944	state_02	IG-B
4	LV3003047138	grey	ST8	66.0158	state_02	DCI	0.0292932217381559	state_02	IG-B
4	LV3003047138	green	ST8	66.0158	state_02	DCI	4.0837860473808	state_02	IG-B
4	LV3003061474	grey	ST13	77.7798	state_02	DCI	0.848058678898373	state_02	IG-B
4	LV3003061474	green	ST13	77.7798	state_02	DCI	-6.56257205584777	state_02	IG-B
4	LV3003061474	turquoise	ST13	77.7798	state_02	DCI	1.12508215067771	state_02	IG-B
4	LV3003061474	yellow	ST13	77.7798	state_02	DCI	1.94613264305841	state_02	IG-B
4	LV3003061474	blue	ST13	77.7798	state_02	DCI	2.64329858321327	state_02	IG-B
4	LV3003061485	grey	ST13	75.7796	state_02	DCI	0.441895623583153	state_02	IG-B
4	LV3003061485	green	ST13	75.7796	state_02	DCI	-7.35515840964314	state_02	IG-B
4	LV3003061485	turquoise	ST13	75.7796	state_02	DCI	1.04321764285154	state_02	IG-B
4	LV3003061485	yellow	ST13	75.7796	state_02	DCI	1.13602231868324	state_02	IG-B
4	LV3003061485	blue	ST13	75.7796	state_02	DCI	2.74080157447205	state_02	IG-B
4	LV3003061485	brown	ST13	75.7796	state_02	DCI	1.99322125005315	state_02	IG-B
4	LV3003061501	green	ST13	105.5872	state_02	DCI	-6.80164038255332	state_02	IG-B
4	LV3003061501	grey	ST13	105.5872	state_02	DCI	0.883679950045995	state_02	IG-B
4	LV3003061501	turquoise	ST13	105.5872	state_02	DCI	1.62304167575632	state_02	IG-B
4	LV3003061501	yellow	ST13	105.5872	state_02	DCI	1.63623391452423	state_02	IG-B
4	LV3003061501	blue	ST13	105.5872	state_02	DCI	2.65868484222677	state_02	IG-B
4	LV3003061503	grey	ST13	73.1472	state_02	DCI	3.12748457014046	state_02	IG-B
4	LV3003061503	green	ST13	73.1472	state_02	DCI	-5.19541726913444	state_02	IG-B
4	LV3003061503	turquoise	ST13	73.1472	state_02	DCI	2.77232703541705	state_02	IG-B
4	LV3003061503	yellow	ST13	73.1472	state_02	DCI	3.23508659562734	state_02	IG-B
4	LV3003061503	blue	ST13	73.1472	state_02	DCI	-8.30535458225669	state_02	IG-B
4	LV3003061503	brown	ST13	73.1472	state_02	DCI	4.36587365020629	state_02	IG-B
4	LV3003061514	grey	ST13	100.6726	state_02	DCI	1.15385952510416	state_02	IG-B
4	LV3003061514	green	ST13	100.6726	state_02	DCI	-6.92256072336679	state_02	IG-B
4	LV3003061514	turquoise	ST13	100.6726	state_02	DCI	0.799314017714779	state_02	IG-B
4	LV3003061514	yellow	ST13	100.6726	state_02	DCI	0.75667065007554	state_02	IG-B
4	LV3003061514	blue	ST13	100.6726	state_02	DCI	1.82398297153243	state_02	IG-B
4	LV3003061514	brown	ST13	100.6726	state_02	DCI	2.38873355893989	state_02	IG-B
4	LV3003061515	grey	ST13	71.0012	state_02	DCI	2.68806036188391	state_02	IG-B
4	LV3003061515	green	ST13	71.0012	state_02	DCI	-4.34774480650053	state_02	IG-B
4	LV3003061515	turquoise	ST13	71.0012	state_02	DCI	4.03945004794736	state_02	IG-B
4	LV3003061515	yellow	ST13	71.0012	state_02	DCI	3.48656912756861	state_02	IG-B
4	LV3003061515	blue	ST13	71.0012	state_02	DCI	3.37449864515009	state_02	IG-B
4	LV3003061515	brown	ST13	71.0012	state_02	DCI	-9.24083337604944	state_02	IG-B
4	LV3003061517	grey	ST13	30.678	state_02	DCI	2.89646838349347	state_02	IG-B
4	LV3003061517	green	ST13	30.678	state_02	DCI	-4.33798534132132	state_02	IG-B
4	LV3003061517	turquoise	ST13	30.678	state_02	DCI	3.57268755574627	state_02	IG-B
4	LV3003061517	yellow	ST13	30.678	state_02	DCI	3.79801731318761	state_02	IG-B
4	LV3003061517	blue	ST13	30.678	state_02	DCI	3.80599554528218	state_02	IG-B
4	LV3003061517	brown	ST13	30.678	state_02	DCI	-9.7351834563882	state_02	IG-B
4	LV3003061528	green	ST13	95.118	state_02	DCI	-6.54154844211021	state_02	IG-B
4	LV3003061528	turquoise	ST13	95.118	state_02	DCI	0.912634461773685	state_02	IG-B
4	LV3003061528	grey	ST13	95.118	state_02	DCI	0.815762142343014	state_02	IG-B
4	LV3003061528	yellow	ST13	95.118	state_02	DCI	1.16441929418434	state_02	IG-B
4	LV3003061528	blue	ST13	95.118	state_02	DCI	3.64873254380917	state_02	IG-B
4	LV3003061529	grey	ST13	66.015	state_02	DCI	1.35471500287867	state_02	IG-B
4	LV3003061529	green	ST13	66.015	state_02	DCI	-6.89211886073097	state_02	IG-B
4	LV3003061529	turquoise	ST13	66.015	state_02	DCI	1.04632706413752	state_02	IG-B
4	LV3003061529	yellow	ST13	66.015	state_02	DCI	1.34234923868113	state_02	IG-B
4	LV3003061529	blue	ST13	66.015	state_02	DCI	1.5786269580785	state_02	IG-B
4	LV3003061529	brown	ST13	66.015	state_02	DCI	1.57010059695516	state_02	IG-B
4	LV3003061541	green	ST13	91.09	state_02	DCI	-4.41492355478435	state_02	IG-B
4	LV3003061541	turquoise	ST13	91.09	state_02	DCI	3.90221872645365	state_02	IG-B
4	LV3003061541	yellow	ST13	91.09	state_02	DCI	5.30034205692102	state_02	IG-B
4	LV3003061541	grey	ST13	91.09	state_02	DCI	4.14326039092513	state_02	IG-B
4	LV3003061541	blue	ST13	91.09	state_02	DCI	-8.93089761951545	state_02	IG-B
4	LV3003061543	grey	ST13	62.293	state_02	DCI	3.41863036279151	state_02	IG-B
4	LV3003061543	green	ST13	62.293	state_02	DCI	-5.07861901698198	state_02	IG-B
4	LV3003061543	turquoise	ST13	62.293	state_02	DCI	3.45148067488954	state_02	IG-B
4	LV3003061543	yellow	ST13	62.293	state_02	DCI	3.66109893673983	state_02	IG-B
4	LV3003061543	blue	ST13	62.293	state_02	DCI	4.33414342448271	state_02	IG-B
4	LV3003061543	brown	ST13	62.293	state_02	DCI	-9.78673438192161	state_02	IG-B
4	LV3003061556	grey	ST13	86.6174	state_02	DCI	1.00616068682351	state_02	IG-B
4	LV3003061556	green	ST13	86.6174	state_02	DCI	-6.73743528604256	state_02	IG-B
4	LV3003061556	turquoise	ST13	86.6174	state_02	DCI	1.14266205449112	state_02	IG-B
4	LV3003061556	yellow	ST13	86.6174	state_02	DCI	1.99908464649863	state_02	IG-B
4	LV3003061556	blue	ST13	86.6174	state_02	DCI	2.58952789822931	state_02	IG-B
4	LV3003061557	green	ST13	58.082	state_02	DCI	-7.01856283141009	state_02	IG-B
4	LV3003061557	yellow	ST13	58.082	state_02	DCI	1.82246675528913	state_02	IG-B
4	LV3003061557	turquoise	ST13	58.082	state_02	DCI	1.6382178586474	state_02	IG-B
4	LV3003061557	grey	ST13	58.082	state_02	DCI	1.13863026378133	state_02	IG-B
4	LV3003061557	blue	ST13	58.082	state_02	DCI	2.41924795369223	state_02	IG-B
4	LV3003061569	grey	ST13	81.6946	state_02	DCI	3.08980105101589	state_02	IG-B
4	LV3003061569	green	ST13	81.6946	state_02	DCI	-4.68475012636464	state_02	IG-B
4	LV3003061569	turquoise	ST13	81.6946	state_02	DCI	3.4166935124897	state_02	IG-B
4	LV3003061569	yellow	ST13	81.6946	state_02	DCI	3.88859994984366	state_02	IG-B
4	LV3003061569	blue	ST13	81.6946	state_02	DCI	4.60188922982389	state_02	IG-B
4	LV3003061569	brown	ST13	81.6946	state_02	DCI	-10.3122336168085	state_02	IG-B
4	LV3003061570	green	ST13	55.466	state_02	DCI	-6.9090596114626	state_02	IG-B
4	LV3003061570	turquoise	ST13	55.466	state_02	DCI	0.408831685140274	state_02	IG-B
4	LV3003061570	grey	ST13	55.466	state_02	DCI	1.7785040727637	state_02	IG-B
4	LV3003061570	yellow	ST13	55.466	state_02	DCI	2.12686919423456	state_02	IG-B
4	LV3003061570	blue	ST13	55.466	state_02	DCI	2.59485465932406	state_02	IG-B
4	LV7008886229	grey	GeoB25202_R2	68.149	state_02	DCI	4.20951141153342	state_02	IG-B
4	LV7008886229	green	GeoB25202_R2	68.149	state_02	DCI	-3.15932209417185	state_02	IG-B
4	LV7008886229	turquoise	GeoB25202_R2	68.149	state_02	DCI	4.92842178690391	state_02	IG-B
4	LV7008886229	yellow	GeoB25202_R2	68.149	state_02	DCI	5.23805914297494	state_02	IG-B
4	LV7008886229	brown	GeoB25202_R2	68.149	state_02	DCI	-6.31806283693725	state_02	IG-B
4	LV7008886229	blue	GeoB25202_R2	68.149	state_02	DCI	-4.89860741030316	state_02	IG-B
4	LV7008886695	green	GeoB25202_R1	95.3875	state_02	DCI	-5.49143625970175	state_02	IG-B
4	LV7008886695	grey	GeoB25202_R1	95.3875	state_02	DCI	2.6017714960954	state_02	IG-B
4	LV7008886695	turquoise	GeoB25202_R1	95.3875	state_02	DCI	2.14243042467616	state_02	IG-B
4	LV7008886695	yellow	GeoB25202_R1	95.3875	state_02	DCI	-7.40749504218017	state_02	IG-B
4	LV7008886695	blue	GeoB25202_R1	95.3875	state_02	DCI	4.07736469055518	state_02	IG-B
4	LV7008886695	brown	GeoB25202_R1	95.3875	state_02	DCI	4.07736469055518	state_02	IG-B
4	LV7008886706	green	GeoB25202_R1	79.0255	state_02	DCI	-4.71837141414985	state_02	IG-B
4	LV7008886706	grey	GeoB25202_R1	79.0255	state_02	DCI	3.16531350272022	state_02	IG-B
4	LV7008886706	turquoise	GeoB25202_R1	79.0255	state_02	DCI	2.95383903665064	state_02	IG-B
4	LV7008886706	yellow	GeoB25202_R1	79.0255	state_02	DCI	3.83615764807786	state_02	IG-B
4	LV7008886706	blue	GeoB25202_R1	79.0255	state_02	DCI	4.42179252865224	state_02	IG-B
4	LV7008886706	brown	GeoB25202_R1	79.0255	state_02	DCI	-9.6587313019511	state_02	IG-B
4	LV7008886707	grey	GeoB25202_R2	95.3875	state_02	DCI	1.9372332359655	state_02	IG-B
4	LV7008886707	green	GeoB25202_R2	95.3875	state_02	DCI	-6.52059153091338	state_02	IG-B
4	LV7008886707	turquoise	GeoB25202_R2	95.3875	state_02	DCI	1.73844847414093	state_02	IG-B
4	LV7008886707	yellow	GeoB25202_R2	95.3875	state_02	DCI	2.84490982080696	state_02	IG-B
4	LV7008886708	green	GeoB25202_R1	109.6305	state_02	DCI	-5.57701055079102	state_02	IG-B
4	LV7008886708	grey	GeoB25202_R1	109.6305	state_02	DCI	2.56490435854777	state_02	IG-B
4	LV7008886708	turquoise	GeoB25202_R1	109.6305	state_02	DCI	2.85463736592307	state_02	IG-B
4	LV7008886708	yellow	GeoB25202_R1	109.6305	state_02	DCI	-7.95295228242482	state_02	IG-B
4	LV7008886708	blue	GeoB25202_R1	109.6305	state_02	DCI	4.0552105543725	state_02	IG-B
4	LV7008886708	brown	GeoB25202_R1	109.6305	state_02	DCI	4.0552105543725	state_02	IG-B
4	LV7008886718	green	GeoB25202_R2	79.0255	state_02	DCI	-7.04421000101912	state_02	IG-B
4	LV7008886718	grey	GeoB25202_R2	79.0255	state_02	DCI	0.665049357558957	state_02	IG-B
4	LV7008886718	turquoise	GeoB25202_R2	79.0255	state_02	DCI	0.633285428127863	state_02	IG-B
4	LV7008886718	yellow	GeoB25202_R2	79.0255	state_02	DCI	1.45557138846185	state_02	IG-B
4	LV7008886718	blue	GeoB25202_R2	79.0255	state_02	DCI	2.14515191343522	state_02	IG-B
4	LV7008886718	brown	GeoB25202_R2	79.0255	state_02	DCI	2.14515191343522	state_02	IG-B
4	LV7008886720	green	GeoB25202_R2	109.6305	state_02	DCI	-7.24775591012827	state_02	IG-B
4	LV7008886720	grey	GeoB25202_R2	109.6305	state_02	DCI	0.646820931115629	state_02	IG-B
4	LV7008886720	turquoise	GeoB25202_R2	109.6305	state_02	DCI	1.40274966935333	state_02	IG-B
4	LV7008886720	yellow	GeoB25202_R2	109.6305	state_02	DCI	0.618027433111711	state_02	IG-B
4	LV7008886720	blue	GeoB25202_R2	109.6305	state_02	DCI	2.2900789382738	state_02	IG-B
4	LV7008886720	brown	GeoB25202_R2	109.6305	state_02	DCI	2.2900789382738	state_02	IG-B
4	LV7008886730	green	GeoB25202_R1	75.351	state_02	DCI	-9.14214734583664	state_02	IG-B
4	LV7008886730	grey	GeoB25202_R1	75.351	state_02	DCI	-1.4090014896802	state_02	IG-B
4	LV7008886730	turquoise	GeoB25202_R1	75.351	state_02	DCI	-0.812048853001503	state_02	IG-B
4	LV7008886730	yellow	GeoB25202_R1	75.351	state_02	DCI	-0.634984339794454	state_02	IG-B
4	LV7008886730	brown	GeoB25202_R1	75.351	state_02	DCI	0.15253778552386	state_02	IG-B
4	LV7008886730	blue	GeoB25202_R1	75.351	state_02	DCI	11.8456442427889	state_02	IG-B
4	LV7008886742	grey	GeoB25202_R2	75.351	state_02	DCI	2.70359714632984	state_02	IG-B
4	LV7008886742	green	GeoB25202_R2	75.351	state_02	DCI	-5.06795908150637	state_02	IG-B
4	LV7008886742	turquoise	GeoB25202_R2	75.351	state_02	DCI	2.9671478082944	state_02	IG-B
4	LV7008886742	yellow	GeoB25202_R2	75.351	state_02	DCI	3.10648165664514	state_02	IG-B
4	LV7008886742	blue	GeoB25202_R2	75.351	state_02	DCI	-7.93779669273203	state_02	IG-B
4	LV7008886742	brown	GeoB25202_R2	75.351	state_02	DCI	4.22852916296902	state_02	IG-B
4	LV7008886743	green	GeoB25202_R1	81.6705	state_02	DCI	-4.52756381933894	state_02	IG-B
4	LV7008886743	grey	GeoB25202_R1	81.6705	state_02	DCI	3.47645220696068	state_02	IG-B
4	LV7008886743	turquoise	GeoB25202_R1	81.6705	state_02	DCI	2.85005965007807	state_02	IG-B
4	LV7008886743	yellow	GeoB25202_R1	81.6705	state_02	DCI	-6.65627019582887	state_02	IG-B
4	LV7008886743	brown	GeoB25202_R1	81.6705	state_02	DCI	4.85732215812906	state_02	IG-B
4	LV7008886754	green	GeoB25202_R1	71.8895	state_02	DCI	-6.77549031271799	state_02	IG-B
4	LV7008886754	grey	GeoB25202_R1	71.8895	state_02	DCI	0.198544850913892	state_02	IG-B
4	LV7008886754	turquoise	GeoB25202_R1	71.8895	state_02	DCI	1.64314779683919	state_02	IG-B
4	LV7008886754	yellow	GeoB25202_R1	71.8895	state_02	DCI	1.67624961997671	state_02	IG-B
4	LV7008886754	blue	GeoB25202_R1	71.8895	state_02	DCI	13.6256320961589	state_02	IG-B
4	LV7008886754	brown	GeoB25202_R1	71.8895	state_02	DCI	-10.3680840511707	state_02	IG-B
4	LV7008886755	green	GeoB25202_R2	81.6705	state_02	DCI	-5.71200376501059	state_02	IG-B
4	LV7008886755	grey	GeoB25202_R2	81.6705	state_02	DCI	2.1175447725397	state_02	IG-B
4	LV7008886755	turquoise	GeoB25202_R2	81.6705	state_02	DCI	1.87358228529491	state_02	IG-B
4	LV7008886755	yellow	GeoB25202_R2	81.6705	state_02	DCI	1.72087670717598	state_02	IG-B
4	LV7008886756	grey	GeoB25202_R2	105.5785	state_02	DCI	2.01248332364401	state_02	IG-B
4	LV7008886756	turquoise	GeoB25202_R2	105.5785	state_02	DCI	2.30049096392685	state_02	IG-B
4	LV7008886756	yellow	GeoB25202_R2	105.5785	state_02	DCI	-8.09158530427042	state_02	IG-B
4	LV7008886756	green	GeoB25202_R2	105.5785	state_02	DCI	3.77861101669956	state_02	IG-B
4	LV7008886766	grey	GeoB25202_R2	71.8895	state_02	DCI	-2.19238775198636	state_02	IG-B
4	LV7008886766	green	GeoB25202_R2	71.8895	state_02	DCI	-9.34089979165955	state_02	IG-B
4	LV7008886766	turquoise	GeoB25202_R2	71.8895	state_02	DCI	-0.549872271612053	state_02	IG-B
4	LV7008886766	blue	GeoB25202_R2	71.8895	state_02	DCI	10.7263293923891	state_02	IG-B
4	LV7008886766	yellow	GeoB25202_R2	71.8895	state_02	DCI	1.20652322289608	state_02	IG-B
4	LV7008886766	brown	GeoB25202_R2	71.8895	state_02	DCI	0.150307199972766	state_02	IG-B
4	LV7008886768	green	GeoB25202_R1	102.2955	state_02	DCI	-5.61514572149001	state_02	IG-B
4	LV7008886768	grey	GeoB25202_R1	102.2955	state_02	DCI	2.20880335214579	state_02	IG-B
4	LV7008886768	turquoise	GeoB25202_R1	102.2955	state_02	DCI	1.8213499572984	state_02	IG-B
4	LV7008886768	yellow	GeoB25202_R1	102.2955	state_02	DCI	1.58499241204581	state_02	IG-B
4	LV7008886778	grey	GeoB25202_R1	68.149	state_02	DCI	2.40541311039972	state_02	IG-B
4	LV7008886778	green	GeoB25202_R1	68.149	state_02	DCI	-5.54222031012989	state_02	IG-B
4	LV7008886778	turquoise	GeoB25202_R1	68.149	state_02	DCI	3.00271630034208	state_02	IG-B
4	LV7008886778	yellow	GeoB25202_R1	68.149	state_02	DCI	2.98243748595135	state_02	IG-B
4	LV7008886778	blue	GeoB25202_R1	68.149	state_02	DCI	-6.78889968568042	state_02	IG-B
4	LV7008886778	brown	GeoB25202_R1	68.149	state_02	DCI	3.94055309911717	state_02	IG-B
4	LV7008886780	green	GeoB25202_R2	102.2955	state_02	DCI	-6.90268657950398	state_02	IG-B
4	LV7008886780	grey	GeoB25202_R2	102.2955	state_02	DCI	0.479718527774311	state_02	IG-B
4	LV7008886780	turquoise	GeoB25202_R2	102.2955	state_02	DCI	0.609140987164282	state_02	IG-B
4	LV7008886780	yellow	GeoB25202_R2	102.2955	state_02	DCI	1.1087229925896	state_02	IG-B
4	LV7008886780	brown	GeoB25202_R2	102.2955	state_02	DCI	2.35255203598789	state_02	IG-B
4	LV7008886780	blue	GeoB25202_R2	102.2955	state_02	DCI	2.35255203598789	state_02	IG-B
4	LV3003047079	green	ST8	97.52	state_02	MII	-8.17671546326834	state_02	IG-B
4	LV3003047079	turquoise	ST8	97.52	state_02	MII	2.63295538777399	state_02	IG-B
4	LV3003047079	grey	ST8	97.52	state_02	MII	4.42502781272379	state_02	IG-B
4	LV3003047079	yellow	ST8	97.52	state_02	MII	3.4198946053972	state_02	IG-B
4	LV3003047079	blue	ST8	97.52	state_02	MII	-8.81037514868359	state_02	IG-B
4	LV3003047079	brown	ST8	97.52	state_02	MII	6.50921280605695	state_02	IG-B
4	LV3003047080	turquoise	ST8	87.9935	state_02	MII	2.85273654651666	state_02	IG-B
4	LV3003047080	yellow	ST8	87.9935	state_02	MII	2.83278598296084	state_02	IG-B
4	LV3003047080	grey	ST8	87.9935	state_02	MII	3.35179252666337	state_02	IG-B
4	LV3003047080	green	ST8	87.9935	state_02	MII	-9.03731505614087	state_02	IG-B
4	LV3003047084	grey	ST8	33.276	state_02	MII	4.58242743368959	state_02	IG-B
4	LV3003047084	green	ST8	33.276	state_02	MII	-8.11620048638742	state_02	IG-B
4	LV3003047084	turquoise	ST8	33.276	state_02	MII	3.12020049721358	state_02	IG-B
4	LV3003047084	yellow	ST8	33.276	state_02	MII	3.3050593179294	state_02	IG-B
4	LV3003047084	blue	ST8	33.276	state_02	MII	-8.45811215392405	state_02	IG-B
4	LV3003047084	brown	ST8	33.276	state_02	MII	5.5666253914789	state_02	IG-B
4	LV3003047091	turquoise	ST8	89.37525	state_02	MII	4.50104432902975	state_02	IG-B
4	LV3003047091	grey	ST8	89.37525	state_02	MII	5.2259831094023	state_02	IG-B
4	LV3003047091	green	ST8	89.37525	state_02	MII	-6.84673163393649	state_02	IG-B
4	LV3003047091	yellow	ST8	89.37525	state_02	MII	4.64602621935218	state_02	IG-B
4	LV3003047091	blue	ST8	89.37525	state_02	MII	-7.52632202384773	state_02	IG-B
4	LV3003047093	green	ST8	79.675	state_02	MII	-9.06137361248036	state_02	IG-B
4	LV3003047093	turquoise	ST8	79.675	state_02	MII	2.69742080373955	state_02	IG-B
4	LV3003047093	yellow	ST8	79.675	state_02	MII	2.72461006890922	state_02	IG-B
4	LV3003047093	grey	ST8	79.675	state_02	MII	3.63934273983159	state_02	IG-B
4	LV3003047100	green	ST8	86.61175	state_02	MII	-6.97002955619306	state_02	IG-B
4	LV3003047100	turquoise	ST8	86.61175	state_02	MII	4.69982341340215	state_02	IG-B
4	LV3003047100	grey	ST8	86.61175	state_02	MII	5.52638545007955	state_02	IG-B
4	LV3003047100	yellow	ST8	86.61175	state_02	MII	3.90114668702322	state_02	IG-B
4	LV3003047100	blue	ST8	86.61175	state_02	MII	-7.15732599431186	state_02	IG-B
4	LV3003047107	turquoise	ST8	71.517	state_02	MII	4.73532865468166	state_02	IG-B
4	LV3003047107	grey	ST8	71.517	state_02	MII	5.68666668340334	state_02	IG-B
4	LV3003047107	yellow	ST8	71.517	state_02	MII	4.30046525766196	state_02	IG-B
4	LV3003047107	green	ST8	71.517	state_02	MII	-6.84834485323051	state_02	IG-B
4	LV3003047107	brown	ST8	71.517	state_02	MII	-7.87411574251645	state_02	IG-B
4	LV3003047133	green	ST8	70.162	state_02	MII	-8.77286344211714	state_02	IG-B
4	LV3003047133	grey	ST8	70.162	state_02	MII	3.73741270252392	state_02	IG-B
4	LV3003047133	turquoise	ST8	70.162	state_02	MII	2.57265799079546	state_02	IG-B
4	LV3003047133	yellow	ST8	70.162	state_02	MII	2.46279274879775	state_02	IG-B
4	LV3003047134	grey	ST8	68.807	state_02	MII	5.58526383519858	state_02	IG-B
4	LV3003047134	green	ST8	68.807	state_02	MII	-7.21905375310156	state_02	IG-B
4	LV3003047134	turquoise	ST8	68.807	state_02	MII	3.83991690330662	state_02	IG-B
4	LV3003047134	yellow	ST8	68.807	state_02	MII	4.50481107344767	state_02	IG-B
4	LV3003047134	blue	ST8	68.807	state_02	MII	-6.71093805885131	state_02	IG-B
4	LV3003047136	green	ST8	67.8766	state_02	MII	-6.85673951307675	state_02	IG-B
4	LV3003047136	turquoise	ST8	67.8766	state_02	MII	4.31981502821338	state_02	IG-B
4	LV3003047136	grey	ST8	67.8766	state_02	MII	5.59602194898272	state_02	IG-B
4	LV3003047136	yellow	ST8	67.8766	state_02	MII	4.35489720663321	state_02	IG-B
4	LV3003047136	blue	ST8	67.8766	state_02	MII	-7.41399467075255	state_02	IG-B
4	LV3003047138	turquoise	ST8	66.0158	state_02	MII	2.58581451050838	state_02	IG-B
4	LV3003047138	yellow	ST8	66.0158	state_02	MII	2.69869220409455	state_02	IG-B
4	LV3003047138	grey	ST8	66.0158	state_02	MII	3.66407248382836	state_02	IG-B
4	LV3003047138	green	ST8	66.0158	state_02	MII	-8.94857919843129	state_02	IG-B
4	LV3003061474	grey	ST13	77.7798	state_02	MII	5.08195428465257	state_02	IG-B
4	LV3003061474	green	ST13	77.7798	state_02	MII	-7.12088938522709	state_02	IG-B
4	LV3003061474	turquoise	ST13	77.7798	state_02	MII	4.64912363219391	state_02	IG-B
4	LV3003061474	yellow	ST13	77.7798	state_02	MII	4.56243480235382	state_02	IG-B
4	LV3003061474	blue	ST13	77.7798	state_02	MII	-7.17262333397322	state_02	IG-B
4	LV3003061485	grey	ST13	75.7796	state_02	MII	4.60827847505047	state_02	IG-B
4	LV3003061485	green	ST13	75.7796	state_02	MII	-7.75024600095116	state_02	IG-B
4	LV3003061485	turquoise	ST13	75.7796	state_02	MII	4.21697454969028	state_02	IG-B
4	LV3003061485	yellow	ST13	75.7796	state_02	MII	3.69785525997852	state_02	IG-B
4	LV3003061485	blue	ST13	75.7796	state_02	MII	3.19106194268902	state_02	IG-B
4	LV3003061485	brown	ST13	75.7796	state_02	MII	-7.96392422645714	state_02	IG-B
4	LV3003061501	green	ST13	105.5872	state_02	MII	-7.27585064523753	state_02	IG-B
4	LV3003061501	grey	ST13	105.5872	state_02	MII	5.26241532868945	state_02	IG-B
4	LV3003061501	turquoise	ST13	105.5872	state_02	MII	4.37601066996756	state_02	IG-B
4	LV3003061501	yellow	ST13	105.5872	state_02	MII	4.81836291265393	state_02	IG-B
4	LV3003061501	blue	ST13	105.5872	state_02	MII	-7.18093826607341	state_02	IG-B
4	LV3003061503	grey	ST13	73.1472	state_02	MII	2.29176295494858	state_02	IG-B
4	LV3003061503	green	ST13	73.1472	state_02	MII	-9.94216150548445	state_02	IG-B
4	LV3003061503	turquoise	ST13	73.1472	state_02	MII	1.95482179285488	state_02	IG-B
4	LV3003061503	yellow	ST13	73.1472	state_02	MII	1.53388984394522	state_02	IG-B
4	LV3003061503	blue	ST13	73.1472	state_02	MII	0.850032987331664	state_02	IG-B
4	LV3003061503	brown	ST13	73.1472	state_02	MII	3.31165392640411	state_02	IG-B
4	LV3003061514	grey	ST13	100.6726	state_02	MII	2.39629701919757	state_02	IG-B
4	LV3003061514	green	ST13	100.6726	state_02	MII	-9.96346013041392	state_02	IG-B
4	LV3003061514	turquoise	ST13	100.6726	state_02	MII	1.59245071645014	state_02	IG-B
4	LV3003061514	yellow	ST13	100.6726	state_02	MII	1.82041365236221	state_02	IG-B
4	LV3003061514	blue	ST13	100.6726	state_02	MII	0.428708089673688	state_02	IG-B
4	LV3003061514	brown	ST13	100.6726	state_02	MII	3.72559065273033	state_02	IG-B
4	LV3003061515	grey	ST13	71.0012	state_02	MII	1.73196043499209	state_02	IG-B
4	LV3003061515	green	ST13	71.0012	state_02	MII	-10.1943347854618	state_02	IG-B
4	LV3003061515	turquoise	ST13	71.0012	state_02	MII	1.46176558703996	state_02	IG-B
4	LV3003061515	yellow	ST13	71.0012	state_02	MII	1.25832631567629	state_02	IG-B
4	LV3003061515	blue	ST13	71.0012	state_02	MII	1.00954178229654	state_02	IG-B
4	LV3003061515	brown	ST13	71.0012	state_02	MII	4.73274066545691	state_02	IG-B
4	LV3003061517	grey	ST13	30.678	state_02	MII	2.09795353299648	state_02	IG-B
4	LV3003061517	green	ST13	30.678	state_02	MII	-10.6153297277711	state_02	IG-B
4	LV3003061517	turquoise	ST13	30.678	state_02	MII	1.6615899780245	state_02	IG-B
4	LV3003061517	yellow	ST13	30.678	state_02	MII	1.36102193357327	state_02	IG-B
4	LV3003061517	blue	ST13	30.678	state_02	MII	0.81051279697935	state_02	IG-B
4	LV3003061517	brown	ST13	30.678	state_02	MII	4.6842514861975	state_02	IG-B
4	LV3003061528	green	ST13	95.118	state_02	MII	-9.3667621049419	state_02	IG-B
4	LV3003061528	turquoise	ST13	95.118	state_02	MII	2.42093380921784	state_02	IG-B
4	LV3003061528	grey	ST13	95.118	state_02	MII	2.65418273444247	state_02	IG-B
4	LV3003061528	yellow	ST13	95.118	state_02	MII	2.35173613063717	state_02	IG-B
4	LV3003061528	blue	ST13	95.118	state_02	MII	1.93990943064441	state_02	IG-B
4	LV3003061529	grey	ST13	66.015	state_02	MII	2.47573643258995	state_02	IG-B
4	LV3003061529	green	ST13	66.015	state_02	MII	-10.1725998639834	state_02	IG-B
4	LV3003061529	turquoise	ST13	66.015	state_02	MII	1.50112835705823	state_02	IG-B
4	LV3003061529	yellow	ST13	66.015	state_02	MII	1.28253867183901	state_02	IG-B
4	LV3003061529	blue	ST13	66.015	state_02	MII	1.21655702318509	state_02	IG-B
4	LV3003061529	brown	ST13	66.015	state_02	MII	3.69663937931109	state_02	IG-B
4	LV3003061541	green	ST13	91.09	state_02	MII	-7.33308452164744	state_02	IG-B
4	LV3003061541	turquoise	ST13	91.09	state_02	MII	4.39581984065844	state_02	IG-B
4	LV3003061541	yellow	ST13	91.09	state_02	MII	4.45138754136133	state_02	IG-B
4	LV3003061541	grey	ST13	91.09	state_02	MII	5.9743388388227	state_02	IG-B
4	LV3003061541	blue	ST13	91.09	state_02	MII	-7.48846169919503	state_02	IG-B
4	LV3003061543	grey	ST13	62.293	state_02	MII	4.75055061158903	state_02	IG-B
4	LV3003061543	green	ST13	62.293	state_02	MII	-7.56082550871154	state_02	IG-B
4	LV3003061543	turquoise	ST13	62.293	state_02	MII	3.80770682490588	state_02	IG-B
4	LV3003061543	yellow	ST13	62.293	state_02	MII	3.57803552064721	state_02	IG-B
4	LV3003061543	blue	ST13	62.293	state_02	MII	3.0907973866831	state_02	IG-B
4	LV3003061543	brown	ST13	62.293	state_02	MII	-7.66626483511368	state_02	IG-B
4	LV3003061556	grey	ST13	86.6174	state_02	MII	5.30892931546477	state_02	IG-B
4	LV3003061556	green	ST13	86.6174	state_02	MII	-7.26987260642702	state_02	IG-B
4	LV3003061556	turquoise	ST13	86.6174	state_02	MII	4.80665076980483	state_02	IG-B
4	LV3003061556	yellow	ST13	86.6174	state_02	MII	4.49932560265859	state_02	IG-B
4	LV3003061556	blue	ST13	86.6174	state_02	MII	-7.34503308150118	state_02	IG-B
4	LV3003061557	green	ST13	58.082	state_02	MII	-7.17700029606494	state_02	IG-B
4	LV3003061557	yellow	ST13	58.082	state_02	MII	4.54221154808285	state_02	IG-B
4	LV3003061557	turquoise	ST13	58.082	state_02	MII	4.18328488652035	state_02	IG-B
4	LV3003061557	grey	ST13	58.082	state_02	MII	5.06834995850232	state_02	IG-B
4	LV3003061557	blue	ST13	58.082	state_02	MII	-6.61684609704059	state_02	IG-B
4	LV3003061569	grey	ST13	81.6946	state_02	MII	6.23455647756212	state_02	IG-B
4	LV3003061569	green	ST13	81.6946	state_02	MII	-6.02205209367248	state_02	IG-B
4	LV3003061569	turquoise	ST13	81.6946	state_02	MII	5.6146759140553	state_02	IG-B
4	LV3003061569	yellow	ST13	81.6946	state_02	MII	5.68244288219723	state_02	IG-B
4	LV3003061569	blue	ST13	81.6946	state_02	MII	-6.07114079961073	state_02	IG-B
4	LV3003061569	brown	ST13	81.6946	state_02	MII	-5.43848238053144	state_02	IG-B
4	LV3003061570	green	ST13	55.466	state_02	MII	-7.29540389811877	state_02	IG-B
4	LV3003061570	turquoise	ST13	55.466	state_02	MII	4.27099393050667	state_02	IG-B
4	LV3003061570	grey	ST13	55.466	state_02	MII	5.51691009932567	state_02	IG-B
4	LV3003061570	yellow	ST13	55.466	state_02	MII	4.65814926113356	state_02	IG-B
4	LV3003061570	blue	ST13	55.466	state_02	MII	-7.15064939284713	state_02	IG-B
4	LV7008886229	grey	GeoB25202_R2	68.149	state_02	MII	4.69807104735057	state_02	IG-B
4	LV7008886229	green	GeoB25202_R2	68.149	state_02	MII	-7.98832088714862	state_02	IG-B
4	LV7008886229	turquoise	GeoB25202_R2	68.149	state_02	MII	4.65081790407271	state_02	IG-B
4	LV7008886229	yellow	GeoB25202_R2	68.149	state_02	MII	3.71406032805805	state_02	IG-B
4	LV7008886229	brown	GeoB25202_R2	68.149	state_02	MII	-8.62470710205023	state_02	IG-B
4	LV7008886229	blue	GeoB25202_R2	68.149	state_02	MII	3.55007870971751	state_02	IG-B
4	LV7008886695	green	GeoB25202_R1	95.3875	state_02	MII	-6.14178282797093	state_02	IG-B
4	LV7008886695	grey	GeoB25202_R1	95.3875	state_02	MII	6.83722909497143	state_02	IG-B
4	LV7008886695	turquoise	GeoB25202_R1	95.3875	state_02	MII	6.10694147605428	state_02	IG-B
4	LV7008886695	yellow	GeoB25202_R1	95.3875	state_02	MII	5.70120632720667	state_02	IG-B
4	LV7008886695	blue	GeoB25202_R1	95.3875	state_02	MII	-6.25179703513073	state_02	IG-B
4	LV7008886695	brown	GeoB25202_R1	95.3875	state_02	MII	-6.25179703513073	state_02	IG-B
4	LV7008886706	green	GeoB25202_R1	79.0255	state_02	MII	-5.84538826335468	state_02	IG-B
4	LV7008886706	grey	GeoB25202_R1	79.0255	state_02	MII	6.71880968111787	state_02	IG-B
4	LV7008886706	turquoise	GeoB25202_R1	79.0255	state_02	MII	5.86137939145295	state_02	IG-B
4	LV7008886706	yellow	GeoB25202_R1	79.0255	state_02	MII	5.93234457311842	state_02	IG-B
4	LV7008886706	blue	GeoB25202_R1	79.0255	state_02	MII	-6.66653402871566	state_02	IG-B
4	LV7008886706	brown	GeoB25202_R1	79.0255	state_02	MII	-6.0006113536189	state_02	IG-B
4	LV7008886707	grey	GeoB25202_R2	95.3875	state_02	MII	3.64506453582068	state_02	IG-B
4	LV7008886707	green	GeoB25202_R2	95.3875	state_02	MII	-9.20899592571675	state_02	IG-B
4	LV7008886707	turquoise	GeoB25202_R2	95.3875	state_02	MII	2.83284411276347	state_02	IG-B
4	LV7008886707	yellow	GeoB25202_R2	95.3875	state_02	MII	2.7310872771326	state_02	IG-B
4	LV7008886708	green	GeoB25202_R1	109.6305	state_02	MII	-8.7666226782709	state_02	IG-B
4	LV7008886708	grey	GeoB25202_R1	109.6305	state_02	MII	4.14155683512824	state_02	IG-B
4	LV7008886708	turquoise	GeoB25202_R1	109.6305	state_02	MII	3.49815571632203	state_02	IG-B
4	LV7008886708	yellow	GeoB25202_R1	109.6305	state_02	MII	3.31971943884607	state_02	IG-B
4	LV7008886708	blue	GeoB25202_R1	109.6305	state_02	MII	-8.1897968066748	state_02	IG-B
4	LV7008886708	brown	GeoB25202_R1	109.6305	state_02	MII	5.99698749464936	state_02	IG-B
4	LV7008886718	green	GeoB25202_R2	79.0255	state_02	MII	-8.12137256427067	state_02	IG-B
4	LV7008886718	grey	GeoB25202_R2	79.0255	state_02	MII	4.45225266601268	state_02	IG-B
4	LV7008886718	turquoise	GeoB25202_R2	79.0255	state_02	MII	3.96080411214012	state_02	IG-B
4	LV7008886718	yellow	GeoB25202_R2	79.0255	state_02	MII	3.51351385690134	state_02	IG-B
4	LV7008886718	blue	GeoB25202_R2	79.0255	state_02	MII	-8.31376792506939	state_02	IG-B
4	LV7008886718	brown	GeoB25202_R2	79.0255	state_02	MII	4.50856985428592	state_02	IG-B
4	LV7008886720	green	GeoB25202_R2	109.6305	state_02	MII	-5.87220842253891	state_02	IG-B
4	LV7008886720	grey	GeoB25202_R2	109.6305	state_02	MII	6.86168277114084	state_02	IG-B
4	LV7008886720	turquoise	GeoB25202_R2	109.6305	state_02	MII	6.08605110295682	state_02	IG-B
4	LV7008886720	yellow	GeoB25202_R2	109.6305	state_02	MII	5.90871456665802	state_02	IG-B
4	LV7008886720	blue	GeoB25202_R2	109.6305	state_02	MII	-6.31431020852413	state_02	IG-B
4	LV7008886720	brown	GeoB25202_R2	109.6305	state_02	MII	-6.66992980969263	state_02	IG-B
4	LV7008886730	green	GeoB25202_R1	75.351	state_02	MII	-5.86924785698889	state_02	IG-B
4	LV7008886730	grey	GeoB25202_R1	75.351	state_02	MII	6.79362762778997	state_02	IG-B
4	LV7008886730	turquoise	GeoB25202_R1	75.351	state_02	MII	6.06209409481018	state_02	IG-B
4	LV7008886730	yellow	GeoB25202_R1	75.351	state_02	MII	5.60116892789288	state_02	IG-B
4	LV7008886730	brown	GeoB25202_R1	75.351	state_02	MII	-6.54431271389676	state_02	IG-B
4	LV7008886730	blue	GeoB25202_R1	75.351	state_02	MII	-6.04333007960738	state_02	IG-B
4	LV7008886742	grey	GeoB25202_R2	75.351	state_02	MII	2.89710040222045	state_02	IG-B
4	LV7008886742	green	GeoB25202_R2	75.351	state_02	MII	-9.72585822638486	state_02	IG-B
4	LV7008886742	turquoise	GeoB25202_R2	75.351	state_02	MII	2.25045469270992	state_02	IG-B
4	LV7008886742	yellow	GeoB25202_R2	75.351	state_02	MII	1.9141734434411	state_02	IG-B
4	LV7008886742	blue	GeoB25202_R2	75.351	state_02	MII	0.583071091796678	state_02	IG-B
4	LV7008886742	brown	GeoB25202_R2	75.351	state_02	MII	2.0810585962167	state_02	IG-B
4	LV7008886743	green	GeoB25202_R1	81.6705	state_02	MII	-10.3914833381853	state_02	IG-B
4	LV7008886743	grey	GeoB25202_R1	81.6705	state_02	MII	2.88148829512448	state_02	IG-B
4	LV7008886743	turquoise	GeoB25202_R1	81.6705	state_02	MII	1.50276527450509	state_02	IG-B
4	LV7008886743	yellow	GeoB25202_R1	81.6705	state_02	MII	1.46997734294075	state_02	IG-B
4	LV7008886743	brown	GeoB25202_R1	81.6705	state_02	MII	4.53725242561497	state_02	IG-B
4	LV7008886754	green	GeoB25202_R1	71.8895	state_02	MII	-7.98131234696414	state_02	IG-B
4	LV7008886754	grey	GeoB25202_R1	71.8895	state_02	MII	4.64145974958263	state_02	IG-B
4	LV7008886754	turquoise	GeoB25202_R1	71.8895	state_02	MII	3.54842067115269	state_02	IG-B
4	LV7008886754	yellow	GeoB25202_R1	71.8895	state_02	MII	3.70060333068282	state_02	IG-B
4	LV7008886754	blue	GeoB25202_R1	71.8895	state_02	MII	-8.14615651365442	state_02	IG-B
4	LV7008886754	brown	GeoB25202_R1	71.8895	state_02	MII	4.23698510920042	state_02	IG-B
4	LV7008886755	green	GeoB25202_R2	81.6705	state_02	MII	-9.13025994510447	state_02	IG-B
4	LV7008886755	grey	GeoB25202_R2	81.6705	state_02	MII	3.56710029268373	state_02	IG-B
4	LV7008886755	turquoise	GeoB25202_R2	81.6705	state_02	MII	2.55559928657398	state_02	IG-B
4	LV7008886755	yellow	GeoB25202_R2	81.6705	state_02	MII	3.00756036584677	state_02	IG-B
4	LV7008886756	grey	GeoB25202_R2	105.5785	state_02	MII	3.59902219113623	state_02	IG-B
4	LV7008886756	turquoise	GeoB25202_R2	105.5785	state_02	MII	2.83890360701408	state_02	IG-B
4	LV7008886756	yellow	GeoB25202_R2	105.5785	state_02	MII	2.77525724435441	state_02	IG-B
4	LV7008886756	green	GeoB25202_R2	105.5785	state_02	MII	-9.21318304250471	state_02	IG-B
4	LV7008886766	grey	GeoB25202_R2	71.8895	state_02	MII	4.83759133078489	state_02	IG-B
4	LV7008886766	green	GeoB25202_R2	71.8895	state_02	MII	-7.75777454695388	state_02	IG-B
4	LV7008886766	turquoise	GeoB25202_R2	71.8895	state_02	MII	3.9493835003983	state_02	IG-B
4	LV7008886766	blue	GeoB25202_R2	71.8895	state_02	MII	2.72929088067933	state_02	IG-B
4	LV7008886766	yellow	GeoB25202_R2	71.8895	state_02	MII	4.12879427720498	state_02	IG-B
4	LV7008886766	brown	GeoB25202_R2	71.8895	state_02	MII	-7.88728544211361	state_02	IG-B
4	LV7008886768	green	GeoB25202_R1	102.2955	state_02	MII	-9.02612821798255	state_02	IG-B
4	LV7008886768	grey	GeoB25202_R1	102.2955	state_02	MII	3.64403653280723	state_02	IG-B
4	LV7008886768	turquoise	GeoB25202_R1	102.2955	state_02	MII	2.77809317373207	state_02	IG-B
4	LV7008886768	yellow	GeoB25202_R1	102.2955	state_02	MII	2.60399851144325	state_02	IG-B
4	LV7008886778	grey	GeoB25202_R1	68.149	state_02	MII	4.66647311796394	state_02	IG-B
4	LV7008886778	green	GeoB25202_R1	68.149	state_02	MII	-7.96876179016107	state_02	IG-B
4	LV7008886778	turquoise	GeoB25202_R1	68.149	state_02	MII	3.86871697571959	state_02	IG-B
4	LV7008886778	yellow	GeoB25202_R1	68.149	state_02	MII	4.29589918629323	state_02	IG-B
4	LV7008886778	blue	GeoB25202_R1	68.149	state_02	MII	3.21670636671198	state_02	IG-B
4	LV7008886778	brown	GeoB25202_R1	68.149	state_02	MII	-8.07903385652767	state_02	IG-B
4	LV7008886780	green	GeoB25202_R2	102.2955	state_02	MII	-5.94775232127302	state_02	IG-B
4	LV7008886780	grey	GeoB25202_R2	102.2955	state_02	MII	6.84124208191409	state_02	IG-B
4	LV7008886780	turquoise	GeoB25202_R2	102.2955	state_02	MII	5.92190714890827	state_02	IG-B
4	LV7008886780	yellow	GeoB25202_R2	102.2955	state_02	MII	5.80254927291541	state_02	IG-B
4	LV7008886780	brown	GeoB25202_R2	102.2955	state_02	MII	-6.71791991747488	state_02	IG-B
4	LV7008886780	blue	GeoB25202_R2	102.2955	state_02	MII	-5.90002626498989	state_02	IG-B
4	LV3003047079	green	ST8	97.52	state_02	SRPI	0.490269993824995	state_02	IG-B
4	LV3003047079	turquoise	ST8	97.52	state_02	SRPI	1.1316410100294	state_02	IG-B
4	LV3003047079	grey	ST8	97.52	state_02	SRPI	1.92829590460151	state_02	IG-B
4	LV3003047079	yellow	ST8	97.52	state_02	SRPI	1.43673643683692	state_02	IG-B
4	LV3003047079	blue	ST8	97.52	state_02	SRPI	-7.05933254665254	state_02	IG-B
4	LV3003047079	brown	ST8	97.52	state_02	SRPI	2.07238920135971	state_02	IG-B
4	LV3003047080	turquoise	ST8	87.9935	state_02	SRPI	0.162996003602544	state_02	IG-B
4	LV3003047080	yellow	ST8	87.9935	state_02	SRPI	0.147643234599846	state_02	IG-B
4	LV3003047080	grey	ST8	87.9935	state_02	SRPI	0.487004986788867	state_02	IG-B
4	LV3003047080	green	ST8	87.9935	state_02	SRPI	-0.797644224991257	state_02	IG-B
4	LV3003047084	grey	ST8	33.276	state_02	SRPI	0.347812386126983	state_02	IG-B
4	LV3003047084	green	ST8	33.276	state_02	SRPI	-0.767543962363265	state_02	IG-B
4	LV3003047084	turquoise	ST8	33.276	state_02	SRPI	-0.102836855955076	state_02	IG-B
4	LV3003047084	yellow	ST8	33.276	state_02	SRPI	-0.297625221623392	state_02	IG-B
4	LV3003047084	blue	ST8	33.276	state_02	SRPI	-0.461838974106489	state_02	IG-B
4	LV3003047084	brown	ST8	33.276	state_02	SRPI	1.28203262792124	state_02	IG-B
4	LV3003047091	turquoise	ST8	89.37525	state_02	SRPI	1.7867190618677	state_02	IG-B
4	LV3003047091	grey	ST8	89.37525	state_02	SRPI	2.09644906258129	state_02	IG-B
4	LV3003047091	green	ST8	89.37525	state_02	SRPI	0.815046716304865	state_02	IG-B
4	LV3003047091	yellow	ST8	89.37525	state_02	SRPI	2.01973231698477	state_02	IG-B
4	LV3003047091	blue	ST8	89.37525	state_02	SRPI	-6.71794715773862	state_02	IG-B
4	LV3003047093	green	ST8	79.675	state_02	SRPI	-0.47159955622424	state_02	IG-B
4	LV3003047093	turquoise	ST8	79.675	state_02	SRPI	0.263382190977037	state_02	IG-B
4	LV3003047093	yellow	ST8	79.675	state_02	SRPI	-0.251031220866314	state_02	IG-B
4	LV3003047093	grey	ST8	79.675	state_02	SRPI	0.459248586113517	state_02	IG-B
4	LV3003047100	green	ST8	86.61175	state_02	SRPI	0.831875460479753	state_02	IG-B
4	LV3003047100	turquoise	ST8	86.61175	state_02	SRPI	1.77455950609709	state_02	IG-B
4	LV3003047100	grey	ST8	86.61175	state_02	SRPI	2.22063060859497	state_02	IG-B
4	LV3003047100	yellow	ST8	86.61175	state_02	SRPI	1.84082530512496	state_02	IG-B
4	LV3003047100	blue	ST8	86.61175	state_02	SRPI	-6.66789088029677	state_02	IG-B
4	LV3003047107	turquoise	ST8	71.517	state_02	SRPI	0.135685394495146	state_02	IG-B
4	LV3003047107	grey	ST8	71.517	state_02	SRPI	0.612223364207602	state_02	IG-B
4	LV3003047107	yellow	ST8	71.517	state_02	SRPI	-0.200675846972479	state_02	IG-B
4	LV3003047107	green	ST8	71.517	state_02	SRPI	-1.52534426430329	state_02	IG-B
4	LV3003047107	brown	ST8	71.517	state_02	SRPI	0.978111352573027	state_02	IG-B
4	LV3003047133	green	ST8	70.162	state_02	SRPI	-1.05854960875682	state_02	IG-B
4	LV3003047133	grey	ST8	70.162	state_02	SRPI	0.773825250181864	state_02	IG-B
4	LV3003047133	turquoise	ST8	70.162	state_02	SRPI	0.396175027437468	state_02	IG-B
4	LV3003047133	yellow	ST8	70.162	state_02	SRPI	-0.11145066886251	state_02	IG-B
4	LV3003047134	grey	ST8	68.807	state_02	SRPI	1.96945307747961	state_02	IG-B
4	LV3003047134	green	ST8	68.807	state_02	SRPI	1.36018854399685	state_02	IG-B
4	LV3003047134	turquoise	ST8	68.807	state_02	SRPI	1.63229462684112	state_02	IG-B
4	LV3003047134	yellow	ST8	68.807	state_02	SRPI	1.69320251308712	state_02	IG-B
4	LV3003047134	blue	ST8	68.807	state_02	SRPI	-6.65513876140471	state_02	IG-B
4	LV3003047136	green	ST8	67.8766	state_02	SRPI	1.4098013068086	state_02	IG-B
4	LV3003047136	turquoise	ST8	67.8766	state_02	SRPI	1.72134837601796	state_02	IG-B
4	LV3003047136	grey	ST8	67.8766	state_02	SRPI	2.1010585952515	state_02	IG-B
4	LV3003047136	yellow	ST8	67.8766	state_02	SRPI	1.31830794837249	state_02	IG-B
4	LV3003047136	blue	ST8	67.8766	state_02	SRPI	-6.55051622645055	state_02	IG-B
4	LV3003047138	turquoise	ST8	66.0158	state_02	SRPI	-0.00652458730886651	state_02	IG-B
4	LV3003047138	yellow	ST8	66.0158	state_02	SRPI	-0.604478303712364	state_02	IG-B
4	LV3003047138	grey	ST8	66.0158	state_02	SRPI	0.67522481570192	state_02	IG-B
4	LV3003047138	green	ST8	66.0158	state_02	SRPI	-0.0642219246806897	state_02	IG-B
4	LV3003061474	grey	ST13	77.7798	state_02	SRPI	2.02974065482583	state_02	IG-B
4	LV3003061474	green	ST13	77.7798	state_02	SRPI	1.24756920036013	state_02	IG-B
4	LV3003061474	turquoise	ST13	77.7798	state_02	SRPI	1.80174631858783	state_02	IG-B
4	LV3003061474	yellow	ST13	77.7798	state_02	SRPI	1.60879777003436	state_02	IG-B
4	LV3003061474	blue	ST13	77.7798	state_02	SRPI	-6.68785394380814	state_02	IG-B
4	LV3003061485	grey	ST13	75.7796	state_02	SRPI	1.68428058743424	state_02	IG-B
4	LV3003061485	green	ST13	75.7796	state_02	SRPI	0.88644590565267	state_02	IG-B
4	LV3003061485	turquoise	ST13	75.7796	state_02	SRPI	1.80009947558153	state_02	IG-B
4	LV3003061485	yellow	ST13	75.7796	state_02	SRPI	1.27869306498377	state_02	IG-B
4	LV3003061485	blue	ST13	75.7796	state_02	SRPI	1.04563734070132	state_02	IG-B
4	LV3003061485	brown	ST13	75.7796	state_02	SRPI	-6.69515637435353	state_02	IG-B
4	LV3003061501	green	ST13	105.5872	state_02	SRPI	-0.652680228984417	state_02	IG-B
4	LV3003061501	grey	ST13	105.5872	state_02	SRPI	1.00934548244607	state_02	IG-B
4	LV3003061501	turquoise	ST13	105.5872	state_02	SRPI	0.315125679044266	state_02	IG-B
4	LV3003061501	yellow	ST13	105.5872	state_02	SRPI	-0.0159414997347819	state_02	IG-B
4	LV3003061501	blue	ST13	105.5872	state_02	SRPI	-0.655849432771137	state_02	IG-B
4	LV3003061503	grey	ST13	73.1472	state_02	SRPI	0.388373335551438	state_02	IG-B
4	LV3003061503	green	ST13	73.1472	state_02	SRPI	-0.512928250863985	state_02	IG-B
4	LV3003061503	turquoise	ST13	73.1472	state_02	SRPI	0.345851738498241	state_02	IG-B
4	LV3003061503	yellow	ST13	73.1472	state_02	SRPI	-0.102373462725505	state_02	IG-B
4	LV3003061503	blue	ST13	73.1472	state_02	SRPI	-0.0679518320473926	state_02	IG-B
4	LV3003061503	brown	ST13	73.1472	state_02	SRPI	-0.0509715284127981	state_02	IG-B
4	LV3003061514	grey	ST13	100.6726	state_02	SRPI	0.294249490362984	state_02	IG-B
4	LV3003061514	green	ST13	100.6726	state_02	SRPI	-0.566895985947718	state_02	IG-B
4	LV3003061514	turquoise	ST13	100.6726	state_02	SRPI	0.249577556954534	state_02	IG-B
4	LV3003061514	yellow	ST13	100.6726	state_02	SRPI	-0.00633974612931776	state_02	IG-B
4	LV3003061514	blue	ST13	100.6726	state_02	SRPI	-0.351812004245723	state_02	IG-B
4	LV3003061514	brown	ST13	100.6726	state_02	SRPI	0.381220689005242	state_02	IG-B
4	LV3003061515	grey	ST13	71.0012	state_02	SRPI	0.241050628233559	state_02	IG-B
4	LV3003061515	green	ST13	71.0012	state_02	SRPI	-0.244674057502892	state_02	IG-B
4	LV3003061515	turquoise	ST13	71.0012	state_02	SRPI	0.201546532570283	state_02	IG-B
4	LV3003061515	yellow	ST13	71.0012	state_02	SRPI	-0.157871470197701	state_02	IG-B
4	LV3003061515	blue	ST13	71.0012	state_02	SRPI	-0.462091842137617	state_02	IG-B
4	LV3003061515	brown	ST13	71.0012	state_02	SRPI	0.422040209034367	state_02	IG-B
4	LV3003061517	grey	ST13	30.678	state_02	SRPI	0.18143681666723	state_02	IG-B
4	LV3003061517	green	ST13	30.678	state_02	SRPI	-0.639224098060664	state_02	IG-B
4	LV3003061517	turquoise	ST13	30.678	state_02	SRPI	0.0123332785967655	state_02	IG-B
4	LV3003061517	yellow	ST13	30.678	state_02	SRPI	-0.240583547173586	state_02	IG-B
4	LV3003061517	blue	ST13	30.678	state_02	SRPI	-1.04556157139532	state_02	IG-B
4	LV3003061517	brown	ST13	30.678	state_02	SRPI	1.73159912136558	state_02	IG-B
4	LV3003061528	green	ST13	95.118	state_02	SRPI	-0.40305588113626	state_02	IG-B
4	LV3003061528	turquoise	ST13	95.118	state_02	SRPI	0.407529364881331	state_02	IG-B
4	LV3003061528	grey	ST13	95.118	state_02	SRPI	0.474375666756602	state_02	IG-B
4	LV3003061528	yellow	ST13	95.118	state_02	SRPI	0.0309294489235299	state_02	IG-B
4	LV3003061528	blue	ST13	95.118	state_02	SRPI	-0.509778599425202	state_02	IG-B
4	LV3003061529	grey	ST13	66.015	state_02	SRPI	0.288130063273144	state_02	IG-B
4	LV3003061529	green	ST13	66.015	state_02	SRPI	-0.146736078265999	state_02	IG-B
4	LV3003061529	turquoise	ST13	66.015	state_02	SRPI	0.188368110385659	state_02	IG-B
4	LV3003061529	yellow	ST13	66.015	state_02	SRPI	-0.0028716715092616	state_02	IG-B
4	LV3003061529	blue	ST13	66.015	state_02	SRPI	-0.73490621411599	state_02	IG-B
4	LV3003061529	brown	ST13	66.015	state_02	SRPI	0.408015790232447	state_02	IG-B
4	LV3003061541	green	ST13	91.09	state_02	SRPI	-0.505876457245206	state_02	IG-B
4	LV3003061541	turquoise	ST13	91.09	state_02	SRPI	0.252071408489918	state_02	IG-B
4	LV3003061541	yellow	ST13	91.09	state_02	SRPI	-0.216757423059216	state_02	IG-B
4	LV3003061541	grey	ST13	91.09	state_02	SRPI	0.463444311916943	state_02	IG-B
4	LV3003061541	blue	ST13	91.09	state_02	SRPI	0.00711815989756159	state_02	IG-B
4	LV3003061543	grey	ST13	62.293	state_02	SRPI	1.56045740372527	state_02	IG-B
4	LV3003061543	green	ST13	62.293	state_02	SRPI	1.19351412366983	state_02	IG-B
4	LV3003061543	turquoise	ST13	62.293	state_02	SRPI	1.57330302689128	state_02	IG-B
4	LV3003061543	yellow	ST13	62.293	state_02	SRPI	1.29271559747477	state_02	IG-B
4	LV3003061543	blue	ST13	62.293	state_02	SRPI	1.05858260675842	state_02	IG-B
4	LV3003061543	brown	ST13	62.293	state_02	SRPI	-6.67857275851957	state_02	IG-B
4	LV3003061556	grey	ST13	86.6174	state_02	SRPI	0.336961527132974	state_02	IG-B
4	LV3003061556	green	ST13	86.6174	state_02	SRPI	-0.514275855003216	state_02	IG-B
4	LV3003061556	turquoise	ST13	86.6174	state_02	SRPI	0.178425365172917	state_02	IG-B
4	LV3003061556	yellow	ST13	86.6174	state_02	SRPI	-0.189362687102745	state_02	IG-B
4	LV3003061556	blue	ST13	86.6174	state_02	SRPI	0.18825164980007	state_02	IG-B
4	LV3003061557	green	ST13	58.082	state_02	SRPI	1.36264479786107	state_02	IG-B
4	LV3003061557	yellow	ST13	58.082	state_02	SRPI	1.66970740524396	state_02	IG-B
4	LV3003061557	turquoise	ST13	58.082	state_02	SRPI	1.86938021845244	state_02	IG-B
4	LV3003061557	grey	ST13	58.082	state_02	SRPI	1.667052280495	state_02	IG-B
4	LV3003061557	blue	ST13	58.082	state_02	SRPI	-6.56878470205247	state_02	IG-B
4	LV3003061569	grey	ST13	81.6946	state_02	SRPI	1.87849588191571	state_02	IG-B
4	LV3003061569	green	ST13	81.6946	state_02	SRPI	1.28222758765268	state_02	IG-B
4	LV3003061569	turquoise	ST13	81.6946	state_02	SRPI	1.72374125671353	state_02	IG-B
4	LV3003061569	yellow	ST13	81.6946	state_02	SRPI	1.32021337197994	state_02	IG-B
4	LV3003061569	blue	ST13	81.6946	state_02	SRPI	0.53614371557272	state_02	IG-B
4	LV3003061569	brown	ST13	81.6946	state_02	SRPI	-6.74082181383459	state_02	IG-B
4	LV3003061570	green	ST13	55.466	state_02	SRPI	-0.368726242080546	state_02	IG-B
4	LV3003061570	turquoise	ST13	55.466	state_02	SRPI	0.126919848451085	state_02	IG-B
4	LV3003061570	grey	ST13	55.466	state_02	SRPI	0.0368727247546174	state_02	IG-B
4	LV3003061570	yellow	ST13	55.466	state_02	SRPI	-0.181800563852632	state_02	IG-B
4	LV3003061570	blue	ST13	55.466	state_02	SRPI	0.386734232727475	state_02	IG-B
4	LV7008886229	grey	GeoB25202_R2	68.149	state_02	SRPI	0.506280756022783	state_02	IG-B
4	LV7008886229	green	GeoB25202_R2	68.149	state_02	SRPI	-0.305472432757356	state_02	IG-B
4	LV7008886229	turquoise	GeoB25202_R2	68.149	state_02	SRPI	0.112589979593568	state_02	IG-B
4	LV7008886229	yellow	GeoB25202_R2	68.149	state_02	SRPI	-0.393207906462357	state_02	IG-B
4	LV7008886229	brown	GeoB25202_R2	68.149	state_02	SRPI	0.424553184625951	state_02	IG-B
4	LV7008886229	blue	GeoB25202_R2	68.149	state_02	SRPI	-0.34474358102259	state_02	IG-B
4	LV7008886695	green	GeoB25202_R1	95.3875	state_02	SRPI	2.38379153180747	state_02	IG-B
4	LV7008886695	grey	GeoB25202_R1	95.3875	state_02	SRPI	3.4367873804416	state_02	IG-B
4	LV7008886695	turquoise	GeoB25202_R1	95.3875	state_02	SRPI	2.99002814263148	state_02	IG-B
4	LV7008886695	yellow	GeoB25202_R1	95.3875	state_02	SRPI	2.29711670986889	state_02	IG-B
4	LV7008886695	blue	GeoB25202_R1	95.3875	state_02	SRPI	-5.55386188237472	state_02	IG-B
4	LV7008886695	brown	GeoB25202_R1	95.3875	state_02	SRPI	-5.55386188237472	state_02	IG-B
4	LV7008886706	green	GeoB25202_R1	79.0255	state_02	SRPI	1.26625630180612	state_02	IG-B
4	LV7008886706	grey	GeoB25202_R1	79.0255	state_02	SRPI	2.17607898185281	state_02	IG-B
4	LV7008886706	turquoise	GeoB25202_R1	79.0255	state_02	SRPI	1.80249277481193	state_02	IG-B
4	LV7008886706	yellow	GeoB25202_R1	79.0255	state_02	SRPI	1.11377611368785	state_02	IG-B
4	LV7008886706	blue	GeoB25202_R1	79.0255	state_02	SRPI	0.399781558766179	state_02	IG-B
4	LV7008886706	brown	GeoB25202_R1	79.0255	state_02	SRPI	-6.75838573092489	state_02	IG-B
4	LV7008886707	grey	GeoB25202_R2	95.3875	state_02	SRPI	0.70843640011691	state_02	IG-B
4	LV7008886707	green	GeoB25202_R2	95.3875	state_02	SRPI	-0.543469032386803	state_02	IG-B
4	LV7008886707	turquoise	GeoB25202_R2	95.3875	state_02	SRPI	0.191195967141199	state_02	IG-B
4	LV7008886707	yellow	GeoB25202_R2	95.3875	state_02	SRPI	-0.356163334871306	state_02	IG-B
4	LV7008886708	green	GeoB25202_R1	109.6305	state_02	SRPI	1.38496414183289	state_02	IG-B
4	LV7008886708	grey	GeoB25202_R1	109.6305	state_02	SRPI	2.63918482748156	state_02	IG-B
4	LV7008886708	turquoise	GeoB25202_R1	109.6305	state_02	SRPI	2.19908289399051	state_02	IG-B
4	LV7008886708	yellow	GeoB25202_R1	109.6305	state_02	SRPI	1.85058549447445	state_02	IG-B
4	LV7008886708	blue	GeoB25202_R1	109.6305	state_02	SRPI	-6.33949377188375	state_02	IG-B
4	LV7008886708	brown	GeoB25202_R1	109.6305	state_02	SRPI	-1.73432358589566	state_02	IG-B
4	LV7008886718	green	GeoB25202_R2	79.0255	state_02	SRPI	-0.139763749217088	state_02	IG-B
4	LV7008886718	grey	GeoB25202_R2	79.0255	state_02	SRPI	0.783482770827456	state_02	IG-B
4	LV7008886718	turquoise	GeoB25202_R2	79.0255	state_02	SRPI	0.38130112025362	state_02	IG-B
4	LV7008886718	yellow	GeoB25202_R2	79.0255	state_02	SRPI	0.215263585923194	state_02	IG-B
4	LV7008886718	blue	GeoB25202_R2	79.0255	state_02	SRPI	-0.87253640850705	state_02	IG-B
4	LV7008886718	brown	GeoB25202_R2	79.0255	state_02	SRPI	-0.367747319280131	state_02	IG-B
4	LV7008886720	green	GeoB25202_R2	109.6305	state_02	SRPI	-0.391449126258795	state_02	IG-B
4	LV7008886720	grey	GeoB25202_R2	109.6305	state_02	SRPI	0.551645284762062	state_02	IG-B
4	LV7008886720	turquoise	GeoB25202_R2	109.6305	state_02	SRPI	0.202681799310322	state_02	IG-B
4	LV7008886720	yellow	GeoB25202_R2	109.6305	state_02	SRPI	-0.154754941546193	state_02	IG-B
4	LV7008886720	blue	GeoB25202_R2	109.6305	state_02	SRPI	-0.966235635005924	state_02	IG-B
4	LV7008886720	brown	GeoB25202_R2	109.6305	state_02	SRPI	0.758112618738528	state_02	IG-B
4	LV7008886730	green	GeoB25202_R1	75.351	state_02	SRPI	-0.652418522471716	state_02	IG-B
4	LV7008886730	grey	GeoB25202_R1	75.351	state_02	SRPI	0.59130969823729	state_02	IG-B
4	LV7008886730	turquoise	GeoB25202_R1	75.351	state_02	SRPI	0.310981858824153	state_02	IG-B
4	LV7008886730	yellow	GeoB25202_R1	75.351	state_02	SRPI	-0.181297427937793	state_02	IG-B
4	LV7008886730	brown	GeoB25202_R1	75.351	state_02	SRPI	0.254183770765094	state_02	IG-B
4	LV7008886730	blue	GeoB25202_R1	75.351	state_02	SRPI	-0.322759377417027	state_02	IG-B
4	LV7008886742	grey	GeoB25202_R2	75.351	state_02	SRPI	0.576056916650838	state_02	IG-B
4	LV7008886742	green	GeoB25202_R2	75.351	state_02	SRPI	-0.719597545718126	state_02	IG-B
4	LV7008886742	turquoise	GeoB25202_R2	75.351	state_02	SRPI	0.235475700972461	state_02	IG-B
4	LV7008886742	yellow	GeoB25202_R2	75.351	state_02	SRPI	-0.172863360497839	state_02	IG-B
4	LV7008886742	blue	GeoB25202_R2	75.351	state_02	SRPI	-0.702683575827818	state_02	IG-B
4	LV7008886742	brown	GeoB25202_R2	75.351	state_02	SRPI	0.783611864420483	state_02	IG-B
4	LV7008886743	green	GeoB25202_R1	81.6705	state_02	SRPI	0.398467541232616	state_02	IG-B
4	LV7008886743	grey	GeoB25202_R1	81.6705	state_02	SRPI	1.42235118263818	state_02	IG-B
4	LV7008886743	turquoise	GeoB25202_R1	81.6705	state_02	SRPI	0.921068119633093	state_02	IG-B
4	LV7008886743	yellow	GeoB25202_R1	81.6705	state_02	SRPI	0.282995137696756	state_02	IG-B
4	LV7008886743	brown	GeoB25202_R1	81.6705	state_02	SRPI	-3.02488198120064	state_02	IG-B
4	LV7008886754	green	GeoB25202_R1	71.8895	state_02	SRPI	-0.106293626731895	state_02	IG-B
4	LV7008886754	grey	GeoB25202_R1	71.8895	state_02	SRPI	0.57406114427774	state_02	IG-B
4	LV7008886754	turquoise	GeoB25202_R1	71.8895	state_02	SRPI	0.205982048295511	state_02	IG-B
4	LV7008886754	yellow	GeoB25202_R1	71.8895	state_02	SRPI	-0.0544507641299474	state_02	IG-B
4	LV7008886754	blue	GeoB25202_R1	71.8895	state_02	SRPI	-0.750117821352919	state_02	IG-B
4	LV7008886754	brown	GeoB25202_R1	71.8895	state_02	SRPI	0.13081901964151	state_02	IG-B
4	LV7008886755	green	GeoB25202_R2	81.6705	state_02	SRPI	-0.414911685674367	state_02	IG-B
4	LV7008886755	grey	GeoB25202_R2	81.6705	state_02	SRPI	0.527128728254595	state_02	IG-B
4	LV7008886755	turquoise	GeoB25202_R2	81.6705	state_02	SRPI	0.166525686519791	state_02	IG-B
4	LV7008886755	yellow	GeoB25202_R2	81.6705	state_02	SRPI	-0.278742729100019	state_02	IG-B
4	LV7008886756	grey	GeoB25202_R2	105.5785	state_02	SRPI	0.673951873203748	state_02	IG-B
4	LV7008886756	turquoise	GeoB25202_R2	105.5785	state_02	SRPI	0.223647056272052	state_02	IG-B
4	LV7008886756	yellow	GeoB25202_R2	105.5785	state_02	SRPI	-0.207833813628456	state_02	IG-B
4	LV7008886756	green	GeoB25202_R2	105.5785	state_02	SRPI	-0.689765115847344	state_02	IG-B
4	LV7008886766	grey	GeoB25202_R2	71.8895	state_02	SRPI	0.820482688204821	state_02	IG-B
4	LV7008886766	green	GeoB25202_R2	71.8895	state_02	SRPI	-0.0774855599645392	state_02	IG-B
4	LV7008886766	turquoise	GeoB25202_R2	71.8895	state_02	SRPI	0.365404300268461	state_02	IG-B
4	LV7008886766	blue	GeoB25202_R2	71.8895	state_02	SRPI	-0.59688452326296	state_02	IG-B
4	LV7008886766	yellow	GeoB25202_R2	71.8895	state_02	SRPI	0.0715065855987269	state_02	IG-B
4	LV7008886766	brown	GeoB25202_R2	71.8895	state_02	SRPI	-0.58302349084451	state_02	IG-B
4	LV7008886768	green	GeoB25202_R1	102.2955	state_02	SRPI	-0.764114026113397	state_02	IG-B
4	LV7008886768	grey	GeoB25202_R1	102.2955	state_02	SRPI	0.637341890344726	state_02	IG-B
4	LV7008886768	turquoise	GeoB25202_R1	102.2955	state_02	SRPI	0.15414677823253	state_02	IG-B
4	LV7008886768	yellow	GeoB25202_R1	102.2955	state_02	SRPI	-0.0273746424638591	state_02	IG-B
4	LV7008886778	grey	GeoB25202_R1	68.149	state_02	SRPI	1.91613577453504	state_02	IG-B
4	LV7008886778	green	GeoB25202_R1	68.149	state_02	SRPI	1.17107121151461	state_02	IG-B
4	LV7008886778	turquoise	GeoB25202_R1	68.149	state_02	SRPI	1.73407013951794	state_02	IG-B
4	LV7008886778	yellow	GeoB25202_R1	68.149	state_02	SRPI	1.17924582086115	state_02	IG-B
4	LV7008886778	blue	GeoB25202_R1	68.149	state_02	SRPI	0.776165539785032	state_02	IG-B
4	LV7008886778	brown	GeoB25202_R1	68.149	state_02	SRPI	-6.77668848621376	state_02	IG-B
4	LV7008886780	green	GeoB25202_R2	102.2955	state_02	SRPI	-0.448474740864039	state_02	IG-B
4	LV7008886780	grey	GeoB25202_R2	102.2955	state_02	SRPI	0.877169497143162	state_02	IG-B
4	LV7008886780	turquoise	GeoB25202_R2	102.2955	state_02	SRPI	0.438852257858443	state_02	IG-B
4	LV7008886780	yellow	GeoB25202_R2	102.2955	state_02	SRPI	0.175908731434623	state_02	IG-B
4	LV7008886780	brown	GeoB25202_R2	102.2955	state_02	SRPI	0.794175579117473	state_02	IG-B
4	LV7008886780	blue	GeoB25202_R2	102.2955	state_02	SRPI	-1.83763132468966	state_02	IG-B
5	LV3003046938	green	ST8	11.169	state_04	OAP	46.5145191227505	state_04	IG-C
5	LV3003046938	turquoise	ST8	11.169	state_04	OAP	-81.7724741633056	state_04	IG-C
5	LV3003046938	grey	ST8	11.169	state_04	OAP	47.5120286659961	state_04	IG-C
5	LV3003046938	yellow	ST8	11.169	state_04	OAP	-88.9697305637119	state_04	IG-C
5	LV3003046938	blue	ST8	11.169	state_04	OAP	76.7156569382702	state_04	IG-C
5	LV3003046939	green	ST8	2.42	state_04	OAP	158.687226899042	state_04	IG-C
5	LV3003046939	turquoise	ST8	2.42	state_04	OAP	-125.261884360835	state_04	IG-C
5	LV3003046939	grey	ST8	2.42	state_04	OAP	-153.641801039118	state_04	IG-C
5	LV3003046939	yellow	ST8	2.42	state_04	OAP	-5.80507024992562	state_04	IG-C
5	LV3003046939	blue	ST8	2.42	state_04	OAP	126.021528750837	state_04	IG-C
5	LV3003046952	green	ST8	10.26	state_04	OAP	87.2515019506727	state_04	IG-C
5	LV3003046952	turquoise	ST8	10.26	state_04	OAP	-102.374100152097	state_04	IG-C
5	LV3003046952	yellow	ST8	10.26	state_04	OAP	-108.62433090889	state_04	IG-C
5	LV3003046952	grey	ST8	10.26	state_04	OAP	28.4924182434418	state_04	IG-C
5	LV3003046952	blue	ST8	10.26	state_04	OAP	95.254510866873	state_04	IG-C
5	LV3003046953	grey	ST8	1.5215	state_04	OAP	-75.9738856717108	state_04	IG-C
5	LV3003046953	green	ST8	1.5215	state_04	OAP	185.554670140669	state_04	IG-C
5	LV3003046953	turquoise	ST8	1.5215	state_04	OAP	-77.7394174156661	state_04	IG-C
5	LV3003046953	yellow	ST8	1.5215	state_04	OAP	-21.8918217521726	state_04	IG-C
5	LV3003046953	blue	ST8	1.5215	state_04	OAP	186.028521140455	state_04	IG-C
5	LV3003046953	brown	ST8	1.5215	state_04	OAP	-195.978066441574	state_04	IG-C
5	LV3003046980	green	ST8	8.056	state_04	OAP	99.7245246672536	state_04	IG-C
5	LV3003046980	turquoise	ST8	8.056	state_04	OAP	-125.46316343423	state_04	IG-C
5	LV3003046980	yellow	ST8	8.056	state_04	OAP	-106.694880428778	state_04	IG-C
5	LV3003046980	grey	ST8	8.056	state_04	OAP	-41.9630772080062	state_04	IG-C
5	LV3003046980	blue	ST8	8.056	state_04	OAP	174.39659640376	state_04	IG-C
5	LV3003046995	grey	ST8	6.9705	state_04	OAP	-45.3387422349748	state_04	IG-C
5	LV3003046995	green	ST8	6.9705	state_04	OAP	104.991058221858	state_04	IG-C
5	LV3003046995	turquoise	ST8	6.9705	state_04	OAP	-122.548101491936	state_04	IG-C
5	LV3003046995	yellow	ST8	6.9705	state_04	OAP	-90.5565651273822	state_04	IG-C
5	LV3003046995	blue	ST8	6.9705	state_04	OAP	153.452350632435	state_04	IG-C
5	LV3003047010	green	ST8	13.676	state_04	OAP	20.1871924272724	state_04	IG-C
5	LV3003047010	turquoise	ST8	13.676	state_04	OAP	-174.368791237065	state_04	IG-C
5	LV3003047010	grey	ST8	13.676	state_04	OAP	-13.9860231386606	state_04	IG-C
5	LV3003047010	yellow	ST8	13.676	state_04	OAP	-104.375338049766	state_04	IG-C
5	LV3003047010	blue	ST8	13.676	state_04	OAP	85.222391688445	state_04	IG-C
5	LV3003047010	brown	ST8	13.676	state_04	OAP	187.320568309774	state_04	IG-C
5	LV3003047013	grey	ST8	5.885	state_04	OAP	-51.6108667715706	state_04	IG-C
5	LV3003047013	green	ST8	5.885	state_04	OAP	92.3663948484475	state_04	IG-C
5	LV3003047013	turquoise	ST8	5.885	state_04	OAP	-173.09416334602	state_04	IG-C
5	LV3003047013	yellow	ST8	5.885	state_04	OAP	-76.3708866658587	state_04	IG-C
5	LV3003047013	blue	ST8	5.885	state_04	OAP	208.709521935002	state_04	IG-C
5	LV3003047027	green	ST8	12.877	state_04	OAP	139.917084340703	state_04	IG-C
5	LV3003047027	turquoise	ST8	12.877	state_04	OAP	-67.4182946118194	state_04	IG-C
5	LV3003047027	grey	ST8	12.877	state_04	OAP	94.5259598341269	state_04	IG-C
5	LV3003047027	yellow	ST8	12.877	state_04	OAP	62.7723143273423	state_04	IG-C
5	LV3003047027	blue	ST8	12.877	state_04	OAP	36.3096253439904	state_04	IG-C
5	LV3003047027	brown	ST8	12.877	state_04	OAP	-266.106689234343	state_04	IG-C
5	LV3003047045	grey	ST8	3.5865	state_04	OAP	-125.1465732883	state_04	IG-C
5	LV3003047045	green	ST8	3.5865	state_04	OAP	78.4765576132555	state_04	IG-C
5	LV3003047045	turquoise	ST8	3.5865	state_04	OAP	-144.505316689686	state_04	IG-C
5	LV3003047045	yellow	ST8	3.5865	state_04	OAP	-56.0688177231505	state_04	IG-C
5	LV3003047045	blue	ST8	3.5865	state_04	OAP	247.244150087881	state_04	IG-C
5	LV7001898100	grey	ST13	5.659	state_04	OAP	-165.122955340212	state_04	IG-C
5	LV7001898100	green	ST13	5.659	state_04	OAP	168.797983221737	state_04	IG-C
5	LV7001898100	turquoise	ST13	5.659	state_04	OAP	-188.995861493659	state_04	IG-C
5	LV7001898100	yellow	ST13	5.659	state_04	OAP	44.5233543780334	state_04	IG-C
5	LV7001898100	blue	ST13	5.659	state_04	OAP	140.7974792341	state_04	IG-C
5	LV7008886714	grey	GeoB25202_R1	0.692	state_04	OAP	-205.135689699941	state_04	IG-C
5	LV7008886714	green	GeoB25202_R1	0.692	state_04	OAP	108.95519392925	state_04	IG-C
5	LV7008886714	turquoise	GeoB25202_R1	0.692	state_04	OAP	-223.720197543725	state_04	IG-C
5	LV7008886714	yellow	GeoB25202_R1	0.692	state_04	OAP	-22.5648487546387	state_04	IG-C
5	LV7008886714	blue	GeoB25202_R1	0.692	state_04	OAP	85.4633597717286	state_04	IG-C
5	LV7008886714	brown	GeoB25202_R1	0.692	state_04	OAP	257.002182297326	state_04	IG-C
5	LV7008886726	green	GeoB25202_R2	0.692	state_04	OAP	128.417096296881	state_04	IG-C
5	LV7008886726	turquoise	GeoB25202_R2	0.692	state_04	OAP	-178.125028510562	state_04	IG-C
5	LV7008886726	yellow	GeoB25202_R2	0.692	state_04	OAP	-7.07534485603662	state_04	IG-C
5	LV7008886726	grey	GeoB25202_R2	0.692	state_04	OAP	-166.646596631897	state_04	IG-C
5	LV7008886726	blue	GeoB25202_R2	0.692	state_04	OAP	223.429873701615	state_04	IG-C
5	LV3003046938	green	ST8	11.169	state_04	MGI	0	state_04	IG-C
5	LV3003046938	turquoise	ST8	11.169	state_04	MGI	0	state_04	IG-C
5	LV3003046938	grey	ST8	11.169	state_04	MGI	0	state_04	IG-C
5	LV3003046938	yellow	ST8	11.169	state_04	MGI	0	state_04	IG-C
5	LV3003046938	blue	ST8	11.169	state_04	MGI	0	state_04	IG-C
5	LV3003046939	green	ST8	2.42	state_04	MGI	0	state_04	IG-C
5	LV3003046939	turquoise	ST8	2.42	state_04	MGI	0	state_04	IG-C
5	LV3003046939	grey	ST8	2.42	state_04	MGI	0	state_04	IG-C
5	LV3003046939	yellow	ST8	2.42	state_04	MGI	0	state_04	IG-C
5	LV3003046939	blue	ST8	2.42	state_04	MGI	0	state_04	IG-C
5	LV3003046952	green	ST8	10.26	state_04	MGI	0	state_04	IG-C
5	LV3003046952	turquoise	ST8	10.26	state_04	MGI	0	state_04	IG-C
5	LV3003046952	yellow	ST8	10.26	state_04	MGI	0	state_04	IG-C
5	LV3003046952	grey	ST8	10.26	state_04	MGI	0	state_04	IG-C
5	LV3003046952	blue	ST8	10.26	state_04	MGI	0	state_04	IG-C
5	LV3003046953	grey	ST8	1.5215	state_04	MGI	0	state_04	IG-C
5	LV3003046953	green	ST8	1.5215	state_04	MGI	0	state_04	IG-C
5	LV3003046953	turquoise	ST8	1.5215	state_04	MGI	0	state_04	IG-C
5	LV3003046953	yellow	ST8	1.5215	state_04	MGI	0	state_04	IG-C
5	LV3003046953	blue	ST8	1.5215	state_04	MGI	0	state_04	IG-C
5	LV3003046953	brown	ST8	1.5215	state_04	MGI	0	state_04	IG-C
5	LV3003046980	green	ST8	8.056	state_04	MGI	0	state_04	IG-C
5	LV3003046980	turquoise	ST8	8.056	state_04	MGI	0	state_04	IG-C
5	LV3003046980	yellow	ST8	8.056	state_04	MGI	0	state_04	IG-C
5	LV3003046980	grey	ST8	8.056	state_04	MGI	0	state_04	IG-C
5	LV3003046980	blue	ST8	8.056	state_04	MGI	0	state_04	IG-C
5	LV3003046995	grey	ST8	6.9705	state_04	MGI	0	state_04	IG-C
5	LV3003046995	green	ST8	6.9705	state_04	MGI	0	state_04	IG-C
5	LV3003046995	turquoise	ST8	6.9705	state_04	MGI	0	state_04	IG-C
5	LV3003046995	yellow	ST8	6.9705	state_04	MGI	0	state_04	IG-C
5	LV3003046995	blue	ST8	6.9705	state_04	MGI	0	state_04	IG-C
5	LV3003047010	green	ST8	13.676	state_04	MGI	0	state_04	IG-C
5	LV3003047010	turquoise	ST8	13.676	state_04	MGI	0	state_04	IG-C
5	LV3003047010	grey	ST8	13.676	state_04	MGI	0	state_04	IG-C
5	LV3003047010	yellow	ST8	13.676	state_04	MGI	0	state_04	IG-C
5	LV3003047010	blue	ST8	13.676	state_04	MGI	0	state_04	IG-C
5	LV3003047010	brown	ST8	13.676	state_04	MGI	0	state_04	IG-C
5	LV3003047013	grey	ST8	5.885	state_04	MGI	0	state_04	IG-C
5	LV3003047013	green	ST8	5.885	state_04	MGI	0	state_04	IG-C
5	LV3003047013	turquoise	ST8	5.885	state_04	MGI	0	state_04	IG-C
5	LV3003047013	yellow	ST8	5.885	state_04	MGI	0	state_04	IG-C
5	LV3003047013	blue	ST8	5.885	state_04	MGI	0	state_04	IG-C
5	LV3003047027	green	ST8	12.877	state_04	MGI	0	state_04	IG-C
5	LV3003047027	turquoise	ST8	12.877	state_04	MGI	0	state_04	IG-C
5	LV3003047027	grey	ST8	12.877	state_04	MGI	0	state_04	IG-C
5	LV3003047027	yellow	ST8	12.877	state_04	MGI	0	state_04	IG-C
5	LV3003047027	blue	ST8	12.877	state_04	MGI	0	state_04	IG-C
5	LV3003047027	brown	ST8	12.877	state_04	MGI	0	state_04	IG-C
5	LV3003047045	grey	ST8	3.5865	state_04	MGI	0	state_04	IG-C
5	LV3003047045	green	ST8	3.5865	state_04	MGI	0	state_04	IG-C
5	LV3003047045	turquoise	ST8	3.5865	state_04	MGI	0	state_04	IG-C
5	LV3003047045	yellow	ST8	3.5865	state_04	MGI	0	state_04	IG-C
5	LV3003047045	blue	ST8	3.5865	state_04	MGI	0	state_04	IG-C
5	LV7001898100	grey	ST13	5.659	state_04	MGI	0	state_04	IG-C
5	LV7001898100	green	ST13	5.659	state_04	MGI	0	state_04	IG-C
5	LV7001898100	turquoise	ST13	5.659	state_04	MGI	0	state_04	IG-C
5	LV7001898100	yellow	ST13	5.659	state_04	MGI	0	state_04	IG-C
5	LV7001898100	blue	ST13	5.659	state_04	MGI	0	state_04	IG-C
5	LV7008886714	grey	GeoB25202_R1	0.692	state_04	MGI	0	state_04	IG-C
5	LV7008886714	green	GeoB25202_R1	0.692	state_04	MGI	0	state_04	IG-C
5	LV7008886714	turquoise	GeoB25202_R1	0.692	state_04	MGI	0	state_04	IG-C
5	LV7008886714	yellow	GeoB25202_R1	0.692	state_04	MGI	0	state_04	IG-C
5	LV7008886714	blue	GeoB25202_R1	0.692	state_04	MGI	0	state_04	IG-C
5	LV7008886714	brown	GeoB25202_R1	0.692	state_04	MGI	0	state_04	IG-C
5	LV7008886726	green	GeoB25202_R2	0.692	state_04	MGI	0	state_04	IG-C
5	LV7008886726	turquoise	GeoB25202_R2	0.692	state_04	MGI	0	state_04	IG-C
5	LV7008886726	yellow	GeoB25202_R2	0.692	state_04	MGI	0	state_04	IG-C
5	LV7008886726	grey	GeoB25202_R2	0.692	state_04	MGI	0	state_04	IG-C
5	LV7008886726	blue	GeoB25202_R2	0.692	state_04	MGI	0	state_04	IG-C
5	LV3003046938	green	ST8	11.169	state_04	MFI	0	state_04	IG-C
5	LV3003046938	turquoise	ST8	11.169	state_04	MFI	0	state_04	IG-C
5	LV3003046938	grey	ST8	11.169	state_04	MFI	0	state_04	IG-C
5	LV3003046938	yellow	ST8	11.169	state_04	MFI	0	state_04	IG-C
5	LV3003046938	blue	ST8	11.169	state_04	MFI	0	state_04	IG-C
5	LV3003046939	green	ST8	2.42	state_04	MFI	0	state_04	IG-C
5	LV3003046939	turquoise	ST8	2.42	state_04	MFI	0	state_04	IG-C
5	LV3003046939	grey	ST8	2.42	state_04	MFI	0	state_04	IG-C
5	LV3003046939	yellow	ST8	2.42	state_04	MFI	0	state_04	IG-C
5	LV3003046939	blue	ST8	2.42	state_04	MFI	0	state_04	IG-C
5	LV3003046952	green	ST8	10.26	state_04	MFI	0	state_04	IG-C
5	LV3003046952	turquoise	ST8	10.26	state_04	MFI	0	state_04	IG-C
5	LV3003046952	yellow	ST8	10.26	state_04	MFI	0	state_04	IG-C
5	LV3003046952	grey	ST8	10.26	state_04	MFI	0	state_04	IG-C
5	LV3003046952	blue	ST8	10.26	state_04	MFI	0	state_04	IG-C
5	LV3003046953	grey	ST8	1.5215	state_04	MFI	0	state_04	IG-C
5	LV3003046953	green	ST8	1.5215	state_04	MFI	0	state_04	IG-C
5	LV3003046953	turquoise	ST8	1.5215	state_04	MFI	0	state_04	IG-C
5	LV3003046953	yellow	ST8	1.5215	state_04	MFI	0	state_04	IG-C
5	LV3003046953	blue	ST8	1.5215	state_04	MFI	0	state_04	IG-C
5	LV3003046953	brown	ST8	1.5215	state_04	MFI	0	state_04	IG-C
5	LV3003046980	green	ST8	8.056	state_04	MFI	0	state_04	IG-C
5	LV3003046980	turquoise	ST8	8.056	state_04	MFI	0	state_04	IG-C
5	LV3003046980	yellow	ST8	8.056	state_04	MFI	0	state_04	IG-C
5	LV3003046980	grey	ST8	8.056	state_04	MFI	0	state_04	IG-C
5	LV3003046980	blue	ST8	8.056	state_04	MFI	0	state_04	IG-C
5	LV3003046995	grey	ST8	6.9705	state_04	MFI	0	state_04	IG-C
5	LV3003046995	green	ST8	6.9705	state_04	MFI	0	state_04	IG-C
5	LV3003046995	turquoise	ST8	6.9705	state_04	MFI	0	state_04	IG-C
5	LV3003046995	yellow	ST8	6.9705	state_04	MFI	0	state_04	IG-C
5	LV3003046995	blue	ST8	6.9705	state_04	MFI	0	state_04	IG-C
5	LV3003047010	green	ST8	13.676	state_04	MFI	0	state_04	IG-C
5	LV3003047010	turquoise	ST8	13.676	state_04	MFI	0	state_04	IG-C
5	LV3003047010	grey	ST8	13.676	state_04	MFI	0	state_04	IG-C
5	LV3003047010	yellow	ST8	13.676	state_04	MFI	0	state_04	IG-C
5	LV3003047010	blue	ST8	13.676	state_04	MFI	0	state_04	IG-C
5	LV3003047010	brown	ST8	13.676	state_04	MFI	0	state_04	IG-C
5	LV3003047013	grey	ST8	5.885	state_04	MFI	0	state_04	IG-C
5	LV3003047013	green	ST8	5.885	state_04	MFI	0	state_04	IG-C
5	LV3003047013	turquoise	ST8	5.885	state_04	MFI	0	state_04	IG-C
5	LV3003047013	yellow	ST8	5.885	state_04	MFI	0	state_04	IG-C
5	LV3003047013	blue	ST8	5.885	state_04	MFI	0	state_04	IG-C
5	LV3003047027	green	ST8	12.877	state_04	MFI	-1.14759379741481	state_04	IG-C
5	LV3003047027	turquoise	ST8	12.877	state_04	MFI	-1.14759379741481	state_04	IG-C
5	LV3003047027	grey	ST8	12.877	state_04	MFI	5.73796898707404	state_04	IG-C
5	LV3003047027	yellow	ST8	12.877	state_04	MFI	-1.14759379741481	state_04	IG-C
5	LV3003047027	blue	ST8	12.877	state_04	MFI	-1.14759379741481	state_04	IG-C
5	LV3003047027	brown	ST8	12.877	state_04	MFI	-1.14759379741481	state_04	IG-C
5	LV3003047045	grey	ST8	3.5865	state_04	MFI	0	state_04	IG-C
5	LV3003047045	green	ST8	3.5865	state_04	MFI	0	state_04	IG-C
5	LV3003047045	turquoise	ST8	3.5865	state_04	MFI	0	state_04	IG-C
5	LV3003047045	yellow	ST8	3.5865	state_04	MFI	0	state_04	IG-C
5	LV3003047045	blue	ST8	3.5865	state_04	MFI	0	state_04	IG-C
5	LV7001898100	grey	ST13	5.659	state_04	MFI	0	state_04	IG-C
5	LV7001898100	green	ST13	5.659	state_04	MFI	0	state_04	IG-C
5	LV7001898100	turquoise	ST13	5.659	state_04	MFI	0	state_04	IG-C
5	LV7001898100	yellow	ST13	5.659	state_04	MFI	0	state_04	IG-C
5	LV7001898100	blue	ST13	5.659	state_04	MFI	0	state_04	IG-C
5	LV7008886714	grey	GeoB25202_R1	0.692	state_04	MFI	0	state_04	IG-C
5	LV7008886714	green	GeoB25202_R1	0.692	state_04	MFI	0	state_04	IG-C
5	LV7008886714	turquoise	GeoB25202_R1	0.692	state_04	MFI	0	state_04	IG-C
5	LV7008886714	yellow	GeoB25202_R1	0.692	state_04	MFI	0	state_04	IG-C
5	LV7008886714	blue	GeoB25202_R1	0.692	state_04	MFI	0	state_04	IG-C
5	LV7008886714	brown	GeoB25202_R1	0.692	state_04	MFI	0	state_04	IG-C
5	LV7008886726	green	GeoB25202_R2	0.692	state_04	MFI	0	state_04	IG-C
5	LV7008886726	turquoise	GeoB25202_R2	0.692	state_04	MFI	0	state_04	IG-C
5	LV7008886726	yellow	GeoB25202_R2	0.692	state_04	MFI	0	state_04	IG-C
5	LV7008886726	grey	GeoB25202_R2	0.692	state_04	MFI	0	state_04	IG-C
5	LV7008886726	blue	GeoB25202_R2	0.692	state_04	MFI	0	state_04	IG-C
5	LV3003046938	green	ST8	11.169	state_04	DCI	-8.5012906679303	state_04	IG-C
5	LV3003046938	turquoise	ST8	11.169	state_04	DCI	-0.0137547482435046	state_04	IG-C
5	LV3003046938	grey	ST8	11.169	state_04	DCI	-2.26555523465269	state_04	IG-C
5	LV3003046938	yellow	ST8	11.169	state_04	DCI	-0.309371518101317	state_04	IG-C
5	LV3003046938	blue	ST8	11.169	state_04	DCI	11.0899721689278	state_04	IG-C
5	LV3003046939	green	ST8	2.42	state_04	DCI	-6.06391088230803	state_04	IG-C
5	LV3003046939	turquoise	ST8	2.42	state_04	DCI	1.96481738661598	state_04	IG-C
5	LV3003046939	grey	ST8	2.42	state_04	DCI	-1.59223561881038	state_04	IG-C
5	LV3003046939	yellow	ST8	2.42	state_04	DCI	2.25863899502077	state_04	IG-C
5	LV3003046939	blue	ST8	2.42	state_04	DCI	3.43269011948166	state_04	IG-C
5	LV3003046952	green	ST8	10.26	state_04	DCI	-6.21106014907604	state_04	IG-C
5	LV3003046952	turquoise	ST8	10.26	state_04	DCI	0.849391510708563	state_04	IG-C
5	LV3003046952	yellow	ST8	10.26	state_04	DCI	2.97167627369965	state_04	IG-C
5	LV3003046952	grey	ST8	10.26	state_04	DCI	0.811752460035337	state_04	IG-C
5	LV3003046952	blue	ST8	10.26	state_04	DCI	1.57823990463249	state_04	IG-C
5	LV3003046953	grey	ST8	1.5215	state_04	DCI	2.12296990637591	state_04	IG-C
5	LV3003046953	green	ST8	1.5215	state_04	DCI	-4.1498471452524	state_04	IG-C
5	LV3003046953	turquoise	ST8	1.5215	state_04	DCI	2.71141699029761	state_04	IG-C
5	LV3003046953	yellow	ST8	1.5215	state_04	DCI	3.740804637001	state_04	IG-C
5	LV3003046953	blue	ST8	1.5215	state_04	DCI	5.38823026533103	state_04	IG-C
5	LV3003046953	brown	ST8	1.5215	state_04	DCI	-9.81357465375314	state_04	IG-C
5	LV3003046980	green	ST8	8.056	state_04	DCI	-6.37805018285734	state_04	IG-C
5	LV3003046980	turquoise	ST8	8.056	state_04	DCI	1.66775522243449	state_04	IG-C
5	LV3003046980	yellow	ST8	8.056	state_04	DCI	1.56668842474218	state_04	IG-C
5	LV3003046980	grey	ST8	8.056	state_04	DCI	0.441366912731205	state_04	IG-C
5	LV3003046980	blue	ST8	8.056	state_04	DCI	2.70223962294946	state_04	IG-C
5	LV3003046995	grey	ST8	6.9705	state_04	DCI	-0.812811943217333	state_04	IG-C
5	LV3003046995	green	ST8	6.9705	state_04	DCI	-6.37534992428799	state_04	IG-C
5	LV3003046995	turquoise	ST8	6.9705	state_04	DCI	1.03318535540187	state_04	IG-C
5	LV3003046995	yellow	ST8	6.9705	state_04	DCI	3.70804311230911	state_04	IG-C
5	LV3003046995	blue	ST8	6.9705	state_04	DCI	2.44693339979433	state_04	IG-C
5	LV3003047010	green	ST8	13.676	state_04	DCI	-10.4712825822443	state_04	IG-C
5	LV3003047010	turquoise	ST8	13.676	state_04	DCI	-3.64061374276251	state_04	IG-C
5	LV3003047010	grey	ST8	13.676	state_04	DCI	-2.91790307073769	state_04	IG-C
5	LV3003047010	yellow	ST8	13.676	state_04	DCI	9.21589209560897	state_04	IG-C
5	LV3003047010	blue	ST8	13.676	state_04	DCI	9.38416250526235	state_04	IG-C
5	LV3003047010	brown	ST8	13.676	state_04	DCI	-1.57025520512682	state_04	IG-C
5	LV3003047013	grey	ST8	5.885	state_04	DCI	0.966639556757763	state_04	IG-C
5	LV3003047013	green	ST8	5.885	state_04	DCI	-6.54673487997528	state_04	IG-C
5	LV3003047013	turquoise	ST8	5.885	state_04	DCI	0.34529490931693	state_04	IG-C
5	LV3003047013	yellow	ST8	5.885	state_04	DCI	2.71405140308305	state_04	IG-C
5	LV3003047013	blue	ST8	5.885	state_04	DCI	2.52074901081754	state_04	IG-C
5	LV3003047027	green	ST8	12.877	state_04	DCI	-6.88321592358147	state_04	IG-C
5	LV3003047027	turquoise	ST8	12.877	state_04	DCI	0.76364681522902	state_04	IG-C
5	LV3003047027	grey	ST8	12.877	state_04	DCI	-0.0998002814042089	state_04	IG-C
5	LV3003047027	yellow	ST8	12.877	state_04	DCI	2.05964136333064	state_04	IG-C
5	LV3003047027	blue	ST8	12.877	state_04	DCI	1.88170605648572	state_04	IG-C
5	LV3003047027	brown	ST8	12.877	state_04	DCI	2.2780219699403	state_04	IG-C
5	LV3003047045	grey	ST8	3.5865	state_04	DCI	-0.651466091042712	state_04	IG-C
5	LV3003047045	green	ST8	3.5865	state_04	DCI	-6.20573375529002	state_04	IG-C
5	LV3003047045	turquoise	ST8	3.5865	state_04	DCI	1.66216304901364	state_04	IG-C
5	LV3003047045	yellow	ST8	3.5865	state_04	DCI	2.15094752692237	state_04	IG-C
5	LV3003047045	blue	ST8	3.5865	state_04	DCI	3.04408927039673	state_04	IG-C
5	LV7001898100	grey	ST13	5.659	state_04	DCI	-2.76503702948226	state_04	IG-C
5	LV7001898100	green	ST13	5.659	state_04	DCI	-8.09617637083755	state_04	IG-C
5	LV7001898100	turquoise	ST13	5.659	state_04	DCI	-1.1229023823706	state_04	IG-C
5	LV7001898100	yellow	ST13	5.659	state_04	DCI	-0.194178529215306	state_04	IG-C
5	LV7001898100	blue	ST13	5.659	state_04	DCI	12.1782943119057	state_04	IG-C
5	LV7008886714	grey	GeoB25202_R1	0.692	state_04	DCI	-1.98943342652054	state_04	IG-C
5	LV7008886714	green	GeoB25202_R1	0.692	state_04	DCI	-6.98279767232114	state_04	IG-C
5	LV7008886714	turquoise	GeoB25202_R1	0.692	state_04	DCI	0.471449004673623	state_04	IG-C
5	LV7008886714	yellow	GeoB25202_R1	0.692	state_04	DCI	3.27694935144526	state_04	IG-C
5	LV7008886714	blue	GeoB25202_R1	0.692	state_04	DCI	2.6119163713614	state_04	IG-C
5	LV7008886714	brown	GeoB25202_R1	0.692	state_04	DCI	2.6119163713614	state_04	IG-C
5	LV7008886726	green	GeoB25202_R2	0.692	state_04	DCI	-5.32365191360881	state_04	IG-C
5	LV7008886726	turquoise	GeoB25202_R2	0.692	state_04	DCI	0.353216448278905	state_04	IG-C
5	LV7008886726	yellow	GeoB25202_R2	0.692	state_04	DCI	2.76710584357491	state_04	IG-C
5	LV7008886726	grey	GeoB25202_R2	0.692	state_04	DCI	-1.97525176956996	state_04	IG-C
5	LV7008886726	blue	GeoB25202_R2	0.692	state_04	DCI	4.17858139132496	state_04	IG-C
5	LV3003046938	green	ST8	11.169	state_04	MII	-9.20803457483997	state_04	IG-C
5	LV3003046938	turquoise	ST8	11.169	state_04	MII	1.48735543617397	state_04	IG-C
5	LV3003046938	grey	ST8	11.169	state_04	MII	2.73054592491771	state_04	IG-C
5	LV3003046938	yellow	ST8	11.169	state_04	MII	2.74079292295609	state_04	IG-C
5	LV3003046938	blue	ST8	11.169	state_04	MII	2.2493402907922	state_04	IG-C
5	LV3003046939	green	ST8	2.42	state_04	MII	-7.41327781535723	state_04	IG-C
5	LV3003046939	turquoise	ST8	2.42	state_04	MII	4.44886621581419	state_04	IG-C
5	LV3003046939	grey	ST8	2.42	state_04	MII	5.75572276217609	state_04	IG-C
5	LV3003046939	yellow	ST8	2.42	state_04	MII	4.66843099271326	state_04	IG-C
5	LV3003046939	blue	ST8	2.42	state_04	MII	-7.45974215534632	state_04	IG-C
5	LV3003046952	green	ST8	10.26	state_04	MII	-8.99107118913442	state_04	IG-C
5	LV3003046952	turquoise	ST8	10.26	state_04	MII	1.62665114630605	state_04	IG-C
5	LV3003046952	yellow	ST8	10.26	state_04	MII	2.720155973844	state_04	IG-C
5	LV3003046952	grey	ST8	10.26	state_04	MII	2.93397037566417	state_04	IG-C
5	LV3003046952	blue	ST8	10.26	state_04	MII	1.7102936933202	state_04	IG-C
5	LV3003046953	grey	ST8	1.5215	state_04	MII	1.49083243933444	state_04	IG-C
5	LV3003046953	green	ST8	1.5215	state_04	MII	-10.3485074244599	state_04	IG-C
5	LV3003046953	turquoise	ST8	1.5215	state_04	MII	1.91390975276494	state_04	IG-C
5	LV3003046953	yellow	ST8	1.5215	state_04	MII	1.47462989386421	state_04	IG-C
5	LV3003046953	blue	ST8	1.5215	state_04	MII	1.03156249816459	state_04	IG-C
5	LV3003046953	brown	ST8	1.5215	state_04	MII	4.43757284033176	state_04	IG-C
5	LV3003046980	green	ST8	8.056	state_04	MII	-6.89012568219249	state_04	IG-C
5	LV3003046980	turquoise	ST8	8.056	state_04	MII	4.29430448007843	state_04	IG-C
5	LV3003046980	yellow	ST8	8.056	state_04	MII	4.97899138141477	state_04	IG-C
5	LV3003046980	grey	ST8	8.056	state_04	MII	4.99543420829636	state_04	IG-C
5	LV3003046980	blue	ST8	8.056	state_04	MII	-7.37860438759707	state_04	IG-C
5	LV3003046995	grey	ST8	6.9705	state_04	MII	2.10161111327047	state_04	IG-C
5	LV3003046995	green	ST8	6.9705	state_04	MII	-9.11092661430558	state_04	IG-C
5	LV3003046995	turquoise	ST8	6.9705	state_04	MII	2.31760744359559	state_04	IG-C
5	LV3003046995	yellow	ST8	6.9705	state_04	MII	2.80600895517489	state_04	IG-C
5	LV3003046995	blue	ST8	6.9705	state_04	MII	1.88569910226463	state_04	IG-C
5	LV3003047010	green	ST8	13.676	state_04	MII	-7.33584144570194	state_04	IG-C
5	LV3003047010	turquoise	ST8	13.676	state_04	MII	4.00391082637565	state_04	IG-C
5	LV3003047010	grey	ST8	13.676	state_04	MII	4.19042285972449	state_04	IG-C
5	LV3003047010	yellow	ST8	13.676	state_04	MII	4.26756771690107	state_04	IG-C
5	LV3003047010	blue	ST8	13.676	state_04	MII	2.80253538612198	state_04	IG-C
5	LV3003047010	brown	ST8	13.676	state_04	MII	-7.92859534342125	state_04	IG-C
5	LV3003047013	grey	ST8	5.885	state_04	MII	2.70198060666238	state_04	IG-C
5	LV3003047013	green	ST8	5.885	state_04	MII	-9.2522098724866	state_04	IG-C
5	LV3003047013	turquoise	ST8	5.885	state_04	MII	2.1286050641531	state_04	IG-C
5	LV3003047013	yellow	ST8	5.885	state_04	MII	2.25931257469884	state_04	IG-C
5	LV3003047013	blue	ST8	5.885	state_04	MII	2.16231162697227	state_04	IG-C
5	LV3003047027	green	ST8	12.877	state_04	MII	-12.5382922144796	state_04	IG-C
5	LV3003047027	turquoise	ST8	12.877	state_04	MII	-0.78633379563741	state_04	IG-C
5	LV3003047027	grey	ST8	12.877	state_04	MII	-0.0812461615842879	state_04	IG-C
5	LV3003047027	yellow	ST8	12.877	state_04	MII	-0.892681159926153	state_04	IG-C
5	LV3003047027	blue	ST8	12.877	state_04	MII	-1.73531483235182	state_04	IG-C
5	LV3003047027	brown	ST8	12.877	state_04	MII	16.0338681639793	state_04	IG-C
5	LV3003047045	grey	ST8	3.5865	state_04	MII	5.66295753398917	state_04	IG-C
5	LV3003047045	green	ST8	3.5865	state_04	MII	-7.12877613973613	state_04	IG-C
5	LV3003047045	turquoise	ST8	3.5865	state_04	MII	4.16086968719445	state_04	IG-C
5	LV3003047045	yellow	ST8	3.5865	state_04	MII	4.66459688245119	state_04	IG-C
5	LV3003047045	blue	ST8	3.5865	state_04	MII	-7.35964796389869	state_04	IG-C
5	LV7001898100	grey	ST13	5.659	state_04	MII	2.64595852723715	state_04	IG-C
5	LV7001898100	green	ST13	5.659	state_04	MII	-9.35125203365241	state_04	IG-C
5	LV7001898100	turquoise	ST13	5.659	state_04	MII	3.07086904620824	state_04	IG-C
5	LV7001898100	yellow	ST13	5.659	state_04	MII	2.60664975305709	state_04	IG-C
5	LV7001898100	blue	ST13	5.659	state_04	MII	1.02777470714993	state_04	IG-C
5	LV7008886714	grey	GeoB25202_R1	0.692	state_04	MII	4.59085986119414	state_04	IG-C
5	LV7008886714	green	GeoB25202_R1	0.692	state_04	MII	-7.94709075955056	state_04	IG-C
5	LV7008886714	turquoise	GeoB25202_R1	0.692	state_04	MII	5.0728355957508	state_04	IG-C
5	LV7008886714	yellow	GeoB25202_R1	0.692	state_04	MII	4.00192221392067	state_04	IG-C
5	LV7008886714	blue	GeoB25202_R1	0.692	state_04	MII	3.04847888456621	state_04	IG-C
5	LV7008886714	brown	GeoB25202_R1	0.692	state_04	MII	-8.76700579588127	state_04	IG-C
5	LV7008886726	green	GeoB25202_R2	0.692	state_04	MII	-9.46586152821629	state_04	IG-C
5	LV7008886726	turquoise	GeoB25202_R2	0.692	state_04	MII	3.22797988966345	state_04	IG-C
5	LV7008886726	yellow	GeoB25202_R2	0.692	state_04	MII	2.49126152134462	state_04	IG-C
5	LV7008886726	grey	GeoB25202_R2	0.692	state_04	MII	1.85368257826628	state_04	IG-C
5	LV7008886726	blue	GeoB25202_R2	0.692	state_04	MII	1.89293753894194	state_04	IG-C
5	LV3003046938	green	ST8	11.169	state_04	SRPI	0.135425897955108	state_04	IG-C
5	LV3003046938	turquoise	ST8	11.169	state_04	SRPI	0.276343570316281	state_04	IG-C
5	LV3003046938	grey	ST8	11.169	state_04	SRPI	-0.138127251443125	state_04	IG-C
5	LV3003046938	yellow	ST8	11.169	state_04	SRPI	0.41470251763229	state_04	IG-C
5	LV3003046938	blue	ST8	11.169	state_04	SRPI	-0.688344734460554	state_04	IG-C
5	LV3003046939	green	ST8	2.42	state_04	SRPI	-0.195641123156775	state_04	IG-C
5	LV3003046939	turquoise	ST8	2.42	state_04	SRPI	0.169008891584693	state_04	IG-C
5	LV3003046939	grey	ST8	2.42	state_04	SRPI	0.699312471851008	state_04	IG-C
5	LV3003046939	yellow	ST8	2.42	state_04	SRPI	0.239535857265963	state_04	IG-C
5	LV3003046939	blue	ST8	2.42	state_04	SRPI	-0.912216097544889	state_04	IG-C
5	LV3003046952	green	ST8	10.26	state_04	SRPI	-0.143776018162872	state_04	IG-C
5	LV3003046952	turquoise	ST8	10.26	state_04	SRPI	0.350436276227739	state_04	IG-C
5	LV3003046952	yellow	ST8	10.26	state_04	SRPI	0.441993543464146	state_04	IG-C
5	LV3003046952	grey	ST8	10.26	state_04	SRPI	0.05037863918953	state_04	IG-C
5	LV3003046952	blue	ST8	10.26	state_04	SRPI	-0.699032440718542	state_04	IG-C
5	LV3003046953	grey	ST8	1.5215	state_04	SRPI	0.937102665195166	state_04	IG-C
5	LV3003046953	green	ST8	1.5215	state_04	SRPI	-0.651474244079905	state_04	IG-C
5	LV3003046953	turquoise	ST8	1.5215	state_04	SRPI	-0.379158756152181	state_04	IG-C
5	LV3003046953	yellow	ST8	1.5215	state_04	SRPI	0.35980174284681	state_04	IG-C
5	LV3003046953	blue	ST8	1.5215	state_04	SRPI	-1.92158134372484	state_04	IG-C
5	LV3003046953	brown	ST8	1.5215	state_04	SRPI	1.65530993591495	state_04	IG-C
5	LV3003046980	green	ST8	8.056	state_04	SRPI	-0.334982057370824	state_04	IG-C
5	LV3003046980	turquoise	ST8	8.056	state_04	SRPI	0.130201149247872	state_04	IG-C
5	LV3003046980	yellow	ST8	8.056	state_04	SRPI	0.274331209748165	state_04	IG-C
5	LV3003046980	grey	ST8	8.056	state_04	SRPI	0.358310476584058	state_04	IG-C
5	LV3003046980	blue	ST8	8.056	state_04	SRPI	-0.427860778209271	state_04	IG-C
5	LV3003046995	grey	ST8	6.9705	state_04	SRPI	0.592249319441524	state_04	IG-C
5	LV3003046995	green	ST8	6.9705	state_04	SRPI	-0.227162487401989	state_04	IG-C
5	LV3003046995	turquoise	ST8	6.9705	state_04	SRPI	0.605899409834109	state_04	IG-C
5	LV3003046995	yellow	ST8	6.9705	state_04	SRPI	0.548832700618648	state_04	IG-C
5	LV3003046995	blue	ST8	6.9705	state_04	SRPI	-1.51981894249229	state_04	IG-C
5	LV3003047010	green	ST8	13.676	state_04	SRPI	1.12186859886258	state_04	IG-C
5	LV3003047010	turquoise	ST8	13.676	state_04	SRPI	1.59855229484497	state_04	IG-C
5	LV3003047010	grey	ST8	13.676	state_04	SRPI	1.39807290974065	state_04	IG-C
5	LV3003047010	yellow	ST8	13.676	state_04	SRPI	1.63418008860553	state_04	IG-C
5	LV3003047010	blue	ST8	13.676	state_04	SRPI	0.956448027393634	state_04	IG-C
5	LV3003047010	brown	ST8	13.676	state_04	SRPI	-6.70912191944735	state_04	IG-C
5	LV3003047013	grey	ST8	5.885	state_04	SRPI	0.484318606660717	state_04	IG-C
5	LV3003047013	green	ST8	5.885	state_04	SRPI	-0.221176313949381	state_04	IG-C
5	LV3003047013	turquoise	ST8	5.885	state_04	SRPI	0.269004340201409	state_04	IG-C
5	LV3003047013	yellow	ST8	5.885	state_04	SRPI	0.171446475683962	state_04	IG-C
5	LV3003047013	blue	ST8	5.885	state_04	SRPI	-0.703593108596708	state_04	IG-C
5	LV3003047027	green	ST8	12.877	state_04	SRPI	-0.247299426430088	state_04	IG-C
5	LV3003047027	turquoise	ST8	12.877	state_04	SRPI	0.0957265306641118	state_04	IG-C
5	LV3003047027	grey	ST8	12.877	state_04	SRPI	-0.344922551372702	state_04	IG-C
5	LV3003047027	yellow	ST8	12.877	state_04	SRPI	0.0511863097214879	state_04	IG-C
5	LV3003047027	blue	ST8	12.877	state_04	SRPI	-0.195968009754787	state_04	IG-C
5	LV3003047027	brown	ST8	12.877	state_04	SRPI	0.641277147171978	state_04	IG-C
5	LV3003047045	grey	ST8	3.5865	state_04	SRPI	1.98126912776816	state_04	IG-C
5	LV3003047045	green	ST8	3.5865	state_04	SRPI	1.21605448531207	state_04	IG-C
5	LV3003047045	turquoise	ST8	3.5865	state_04	SRPI	1.73610034422275	state_04	IG-C
5	LV3003047045	yellow	ST8	3.5865	state_04	SRPI	1.70889054792985	state_04	IG-C
5	LV3003047045	blue	ST8	3.5865	state_04	SRPI	-6.64231450523283	state_04	IG-C
5	LV7001898100	grey	ST13	5.659	state_04	SRPI	1.05375862276015	state_04	IG-C
5	LV7001898100	green	ST13	5.659	state_04	SRPI	-0.194049655213547	state_04	IG-C
5	LV7001898100	turquoise	ST13	5.659	state_04	SRPI	0.284072207106336	state_04	IG-C
5	LV7001898100	yellow	ST13	5.659	state_04	SRPI	0.330184794290044	state_04	IG-C
5	LV7001898100	blue	ST13	5.659	state_04	SRPI	-1.47396596894299	state_04	IG-C
5	LV7008886714	grey	GeoB25202_R1	0.692	state_04	SRPI	2.53098362991183	state_04	IG-C
5	LV7008886714	green	GeoB25202_R1	0.692	state_04	SRPI	1.25107837363028	state_04	IG-C
5	LV7008886714	turquoise	GeoB25202_R1	0.692	state_04	SRPI	1.68569984774235	state_04	IG-C
5	LV7008886714	yellow	GeoB25202_R1	0.692	state_04	SRPI	1.47686791042795	state_04	IG-C
5	LV7008886714	blue	GeoB25202_R1	0.692	state_04	SRPI	-0.16712215982159	state_04	IG-C
5	LV7008886714	brown	GeoB25202_R1	0.692	state_04	SRPI	-6.77750760189082	state_04	IG-C
5	LV7008886726	green	GeoB25202_R2	0.692	state_04	SRPI	-0.108844112825797	state_04	IG-C
5	LV7008886726	turquoise	GeoB25202_R2	0.692	state_04	SRPI	0.279416541332161	state_04	IG-C
5	LV7008886726	yellow	GeoB25202_R2	0.692	state_04	SRPI	0.289366751269616	state_04	IG-C
5	LV7008886726	grey	GeoB25202_R2	0.692	state_04	SRPI	1.20342527659963	state_04	IG-C
5	LV7008886726	blue	GeoB25202_R2	0.692	state_04	SRPI	-1.66336445637561	state_04	IG-C
