sample	module	module_abundance	core	age_kyr	state	state_label	index	value
LV3003046936	grey	0.227473761205709	ST8	22.905	3	IG-A	OAP	572.309357525889
LV3003046936	green	0.00578678109105755	ST8	22.905	3	IG-A	OAP	734.049207542804
LV3003046936	turquoise	0.641368414785582	ST8	22.905	3	IG-A	OAP	437.913338979546
LV3003046936	yellow	0.0947865812169357	ST8	22.905	3	IG-A	OAP	559.186780131469
LV3003046936	blue	0.0232688562097062	ST8	22.905	3	IG-A	OAP	686.190593536174
LV3003046936	brown	0.00731560549100992	ST8	22.905	3	IG-A	OAP	37.4547792084498
LV3003046937	grey	0.171712915879704	ST8	18.598	3	IG-A	OAP	568.568895143167
LV3003046937	turquoise	0.714223449077437	ST8	18.598	3	IG-A	OAP	371.117850042713
LV3003046937	yellow	0.0933077873020485	ST8	18.598	3	IG-A	OAP	587.971777733021
LV3003046937	blue	0.0080833212262095	ST8	18.598	3	IG-A	OAP	557.006103494356
LV3003046937	brown	0.00801067848321953	ST8	18.598	3	IG-A	OAP	1.70662290722319
LV3003046937	green	0.00466184803138167	ST8	18.598	3	IG-A	OAP	731.660113748764
LV3003046938	green	0.144800523217789	ST8	11.169	5	IG-C	OAP	677.250904758616
LV3003046938	turquoise	0.511574858851323	ST8	11.169	5	IG-C	OAP	548.96391147256
LV3003046938	grey	0.305049318615608	ST8	11.169	5	IG-C	OAP	678.248414301862
LV3003046938	yellow	0.0332403464983116	ST8	11.169	5	IG-C	OAP	541.766655072154
LV3003046938	blue	0.00533495281696721	ST8	11.169	5	IG-C	OAP	707.452042574136
LV3003046939	green	0.0813613407686019	ST8	2.42	5	IG-C	OAP	660.531327201383
LV3003046939	turquoise	0.66897950083558	ST8	2.42	5	IG-C	OAP	376.582215941505
LV3003046939	grey	0.231337565710249	ST8	2.42	5	IG-C	OAP	348.202299263222
LV3003046939	yellow	0.0165096898982638	ST8	2.42	5	IG-C	OAP	496.039030052415
LV3003046939	blue	0.00181190278730497	ST8	2.42	5	IG-C	OAP	627.865629053178
LV3003046949	grey	0.205364837223529	ST8	22.3686666666667	3	IG-A	OAP	560.295244889662
LV3003046949	green	0.00507044407485997	ST8	22.3686666666667	3	IG-A	OAP	711.158876011773
LV3003046949	turquoise	0.676260824683145	ST8	22.3686666666667	3	IG-A	OAP	347.686101917585
LV3003046949	yellow	0.0870814933761542	ST8	22.3686666666667	3	IG-A	OAP	586.630317735479
LV3003046949	blue	0.0202557779434536	ST8	22.3686666666667	3	IG-A	OAP	673.296003748838
LV3003046949	brown	0.00596662269885875	ST8	22.3686666666667	3	IG-A	OAP	195.092152983659
LV3003046950	grey	0.235457542404424	ST8	18.099	3	IG-A	OAP	578.209322795436
LV3003046950	turquoise	0.620739618227256	ST8	18.099	3	IG-A	OAP	494.848103973632
LV3003046950	yellow	0.113617028475858	ST8	18.099	3	IG-A	OAP	617.427139880832
LV3003046950	blue	0.0156131421085959	ST8	18.099	3	IG-A	OAP	672.200651891207
LV3003046950	brown	0.00863919140358764	ST8	18.099	3	IG-A	OAP	16.6319778581486
LV3003046950	green	0.0059334773802791	ST8	18.099	3	IG-A	OAP	734.733624610965
LV3003046952	green	0.17778202178914	ST8	10.26	5	IG-C	OAP	681.36315161987
LV3003046952	turquoise	0.535038847172186	ST8	10.26	5	IG-C	OAP	491.7375495171
LV3003046952	yellow	0.030918008594123	ST8	10.26	5	IG-C	OAP	485.487318760308
LV3003046952	grey	0.251497026780676	ST8	10.26	5	IG-C	OAP	622.60406791264
LV3003046952	blue	0.0047640956638743	ST8	10.26	5	IG-C	OAP	689.366160536071
LV3003046953	grey	0.283958253048404	ST8	1.5215	5	IG-C	OAP	417.204180769864
LV3003046953	green	0.0417201394594673	ST8	1.5215	5	IG-C	OAP	678.732736582244
LV3003046953	turquoise	0.654451541834205	ST8	1.5215	5	IG-C	OAP	415.438649025908
LV3003046953	yellow	0.0175433175065985	ST8	1.5215	5	IG-C	OAP	471.286244689402
LV3003046953	blue	0.00227539609251732	ST8	1.5215	5	IG-C	OAP	679.206587582029
LV3003046953	brown	5.13520588085595e-05	ST8	1.5215	5	IG-C	OAP	297.2
LV3003046965	grey	0.2215519533301	ST8	21.8323333333333	3	IG-A	OAP	562.501474862847
LV3003046965	green	0.00615963400491513	ST8	21.8323333333333	3	IG-A	OAP	693.331757226582
LV3003046965	turquoise	0.639078703999283	ST8	21.8323333333333	3	IG-A	OAP	430.425182117221
LV3003046965	yellow	0.0932635673466976	ST8	21.8323333333333	3	IG-A	OAP	566.611283403271
LV3003046965	blue	0.0243288390747971	ST8	21.8323333333333	3	IG-A	OAP	638.826500045183
LV3003046965	brown	0.015617302244207	ST8	21.8323333333333	3	IG-A	OAP	-46.6127337385738
LV3003046966	grey	0.308766514849249	ST8	17.373	3	IG-A	OAP	581.599060259955
LV3003046966	turquoise	0.569730618185468	ST8	17.373	3	IG-A	OAP	466.295064249927
LV3003046966	yellow	0.0980238641924192	ST8	17.373	3	IG-A	OAP	615.574700705944
LV3003046966	blue	0.00982421801483043	ST8	17.373	3	IG-A	OAP	697.130324000766
LV3003046966	brown	0.0112784030313296	ST8	17.373	3	IG-A	OAP	9.38655374102429
LV3003046966	green	0.00237638172670355	ST8	17.373	3	IG-A	OAP	682.104768300873
LV3003046978	grey	0.239493854641152	ST8	21.296	3	IG-A	OAP	503.374199421511
LV3003046978	green	0.00421811197897472	ST8	21.296	3	IG-A	OAP	712.791270683072
LV3003046978	turquoise	0.649486055802063	ST8	21.296	3	IG-A	OAP	359.121830239275
LV3003046978	yellow	0.0727980563973294	ST8	21.296	3	IG-A	OAP	552.582110756369
LV3003046978	blue	0.0166049989786399	ST8	21.296	3	IG-A	OAP	635.256834759067
LV3003046978	brown	0.0173989222018418	ST8	21.296	3	IG-A	OAP	26.7631523648925
LV3003046979	grey	0.284580822468627	ST8	16.461	3	IG-A	OAP	486.916789055869
LV3003046979	green	0.0263373776430273	ST8	16.461	3	IG-A	OAP	656.941638981174
LV3003046979	turquoise	0.578187294800199	ST8	16.461	3	IG-A	OAP	389.728536463233
LV3003046979	yellow	0.055281207871774	ST8	16.461	3	IG-A	OAP	577.146339278273
LV3003046979	blue	0.00238565804849941	ST8	16.461	3	IG-A	OAP	660.452927224619
LV3003046979	brown	0.0532276391678739	ST8	16.461	3	IG-A	OAP	-166.782313398971
LV3003046980	green	0.13853008381725	ST8	8.056	5	IG-C	OAP	642.67849720593
LV3003046980	turquoise	0.609220071030392	ST8	8.056	5	IG-C	OAP	417.490809104447
LV3003046980	yellow	0.0266563492738209	ST8	8.056	5	IG-C	OAP	436.259092109898
LV3003046980	grey	0.221884092419319	ST8	8.056	5	IG-C	OAP	500.99089533067
LV3003046980	blue	0.00370940345921825	ST8	8.056	5	IG-C	OAP	717.350568942436
LV3003046993	grey	0.284711030558345	ST8	20.719	3	IG-A	OAP	451.388800442471
LV3003046993	green	0.0337366414394997	ST8	20.719	3	IG-A	OAP	655.187219503012
LV3003046993	turquoise	0.463899842432258	ST8	20.719	3	IG-A	OAP	435.315838859465
LV3003046993	yellow	0.0351441377452301	ST8	20.719	3	IG-A	OAP	581.731927572171
LV3003046993	blue	0.0121065909035245	ST8	20.719	3	IG-A	OAP	530.066833533542
LV3003046993	brown	0.170401756921143	ST8	20.719	3	IG-A	OAP	-110.860841773888
LV3003046994	turquoise	0.417734879657566	ST8	15.549	3	IG-A	OAP	330.968825376249
LV3003046994	grey	0.444926001825191	ST8	15.549	3	IG-A	OAP	359.235695635316
LV3003046994	yellow	0.0216749536395021	ST8	15.549	3	IG-A	OAP	603.113949090007
LV3003046994	brown	0.114292024045753	ST8	15.549	3	IG-A	OAP	-140.410100555848
LV3003046994	green	0.00120975730157545	ST8	15.549	3	IG-A	OAP	261.615384615385
LV3003046994	blue	0.000162383530412811	ST8	15.549	3	IG-A	OAP	820
LV3003046995	grey	0.202181385829952	ST8	6.9705	5	IG-C	OAP	577.354842661673
LV3003046995	green	0.197519381167947	ST8	6.9705	5	IG-C	OAP	727.684643118505
LV3003046995	turquoise	0.572071207214587	ST8	6.9705	5	IG-C	OAP	500.145483404712
LV3003046995	yellow	0.0233982003353571	ST8	6.9705	5	IG-C	OAP	532.137019769265
LV3003046995	blue	0.00482982545215614	ST8	6.9705	5	IG-C	OAP	776.145935529082
LV3003047009	grey	0.386984755450892	ST8	20.142	3	IG-A	OAP	341.116828138937
LV3003047009	turquoise	0.433729992549043	ST8	20.142	3	IG-A	OAP	390.845764607567
LV3003047009	yellow	0.0284808749707672	ST8	20.142	3	IG-A	OAP	608.583263938586
LV3003047009	brown	0.144040050253169	ST8	20.142	3	IG-A	OAP	-39.0627191290621
LV3003047009	blue	0.00609945123974134	ST8	20.142	3	IG-A	OAP	545.52258722444
LV3003047009	green	0.000664875536387319	ST8	20.142	3	IG-A	OAP	185.252669039146
LV3003047010	green	0.154002613653786	ST8	13.676	5	IG-C	OAP	652.866624117499
LV3003047010	turquoise	0.614169215830857	ST8	13.676	5	IG-C	OAP	458.310640453162
LV3003047010	grey	0.193690727369628	ST8	13.676	5	IG-C	OAP	618.693408551566
LV3003047010	yellow	0.031258715221248	ST8	13.676	5	IG-C	OAP	528.304093640461
LV3003047010	blue	0.00658523942674834	ST8	13.676	5	IG-C	OAP	717.901823378671
LV3003047010	brown	0.00029348849773313	ST8	13.676	5	IG-C	OAP	820
LV3003047013	grey	0.199405300624319	ST8	5.885	5	IG-C	OAP	493.069392315325
LV3003047013	green	0.0990995586652669	ST8	5.885	5	IG-C	OAP	637.046653935343
LV3003047013	turquoise	0.678834362894972	ST8	5.885	5	IG-C	OAP	371.586095740875
LV3003047013	yellow	0.0202648666616203	ST8	5.885	5	IG-C	OAP	468.309372421037
LV3003047013	blue	0.0023959111538221	ST8	5.885	5	IG-C	OAP	753.389781021898
LV3003047026	grey	0.4107582756752	ST8	19.565	3	IG-A	OAP	444.388657633313
LV3003047026	turquoise	0.433194051582276	ST8	19.565	3	IG-A	OAP	426.716021207555
LV3003047026	yellow	0.0258558885963771	ST8	19.565	3	IG-A	OAP	619.229679774197
LV3003047026	green	0.00188826620761828	ST8	19.565	3	IG-A	OAP	620.114823788546
LV3003047026	blue	0.00778056678319822	ST8	19.565	3	IG-A	OAP	640.84917464817
LV3003047026	brown	0.120522951155331	ST8	19.565	3	IG-A	OAP	-91.1073801995071
LV3003047027	green	0.0887700842881602	ST8	12.877	5	IG-C	OAP	668.110653007671
LV3003047027	turquoise	0.610781860485535	ST8	12.877	5	IG-C	OAP	460.775274055148
LV3003047027	grey	0.241959425347908	ST8	12.877	5	IG-C	OAP	622.719528501094
LV3003047027	yellow	0.0515386979235261	ST8	12.877	5	IG-C	OAP	590.96588299431
LV3003047027	blue	0.00636962772729268	ST8	12.877	5	IG-C	OAP	564.503194010958
LV3003047027	brown	0.000580304227578032	ST8	12.877	5	IG-C	OAP	262.086879432624
LV3003047028	turquoise	0.802540804307589	ST8	4.753	2	IG-D	OAP	290.36295520873
LV3003047028	grey	0.151018004374895	ST8	4.753	2	IG-D	OAP	300.724679665738
LV3003047028	green	0.0464411913175164	ST8	4.753	2	IG-D	OAP	820
LV3003047041	grey	0.21422974392921	ST8	19.097	3	IG-A	OAP	541.771319710855
LV3003047041	turquoise	0.676038449498645	ST8	19.097	3	IG-A	OAP	348.318552311354
LV3003047041	yellow	0.0692744960033178	ST8	19.097	3	IG-A	OAP	580.841970871506
LV3003047041	blue	0.0160133136340465	ST8	19.097	3	IG-A	OAP	670.161330129363
LV3003047041	brown	0.0189961206229069	ST8	19.097	3	IG-A	OAP	-62.0335235924892
LV3003047041	green	0.00544787631187347	ST8	19.097	3	IG-A	OAP	688.50621741797
LV3003047044	grey	0.309383583789876	ST8	12.078	1	G-A	OAP	615.78732154409
LV3003047044	turquoise	0.573911624547864	ST8	12.078	1	G-A	OAP	439.31591215426
LV3003047044	yellow	0.110618894083021	ST8	12.078	1	G-A	OAP	581.11440895182
LV3003047044	green	0.00309129752907723	ST8	12.078	1	G-A	OAP	734.444271481943
LV3003047044	blue	0.00180703413723185	ST8	12.078	1	G-A	OAP	820
LV3003047044	brown	0.00118756591292996	ST8	12.078	1	G-A	OAP	289.536259541985
LV3003047045	grey	0.177549232955595	ST8	3.5865	5	IG-C	OAP	447.60927662382
LV3003047045	green	0.12462361843623	ST8	3.5865	5	IG-C	OAP	651.232407525375
LV3003047045	turquoise	0.673032654190356	ST8	3.5865	5	IG-C	OAP	428.250533222433
LV3003047045	yellow	0.0226283342537933	ST8	3.5865	5	IG-C	OAP	516.687032188969
LV3003047045	blue	0.00216616016402496	ST8	3.5865	5	IG-C	OAP	820
LV3003047059	turquoise	0.321071033303149	ST8	107.683	2	IG-D	OAP	506.185053975151
LV3003047059	grey	0.648480732468055	ST8	107.683	2	IG-D	OAP	70.8841517180094
LV3003047059	yellow	0.0270399436563035	ST8	107.683	2	IG-D	OAP	564.755
LV3003047059	green	0.0034082905724922	ST8	107.683	2	IG-D	OAP	-217
LV3003047060	turquoise	0.64129092689573	ST8	106.686	2	IG-D	OAP	510.427821576764
LV3003047060	grey	0.295589049261293	ST8	106.686	2	IG-D	OAP	344.262130592375
LV3003047060	yellow	0.0482394516115298	ST8	106.686	2	IG-D	OAP	665.594149692089
LV3003047060	blue	0.00227785583514285	ST8	106.686	2	IG-D	OAP	-217
LV3003047060	green	0.0126027163963043	ST8	106.686	2	IG-D	OAP	820
LV3003047061	turquoise	0.433517055700897	ST8	105.689	2	IG-D	OAP	487.77614376092
LV3003047061	grey	0.536968834929263	ST8	105.689	2	IG-D	OAP	66.4766222164936
LV3003047061	yellow	0.0295141093698407	ST8	105.689	2	IG-D	OAP	657.863592699328
LV3003047062	grey	0.584121415497254	ST8	104.692	2	IG-D	OAP	14.5783881984066
LV3003047062	turquoise	0.369000406752085	ST8	104.692	2	IG-D	OAP	369.244708333972
LV3003047062	yellow	0.0382601179581045	ST8	104.692	2	IG-D	OAP	588.684865092749
LV3003047062	brown	0.00861805979255644	ST8	104.692	2	IG-D	OAP	151.273053738617
LV3003047063	grey	0.777529459569281	ST8	103.695	2	IG-D	OAP	-18.4251367358308
LV3003047063	turquoise	0.189028850060951	ST8	103.695	2	IG-D	OAP	367.159772996137
LV3003047063	yellow	0.0334416903697684	ST8	103.695	2	IG-D	OAP	520.744228432564
LV3003047064	turquoise	0.0883517495395948	ST8	96.283	2	IG-D	OAP	261.153830119854
LV3003047064	grey	0.911648250460405	ST8	96.283	2	IG-D	OAP	162.700679094301
LV3003047065	turquoise	0.637418689285612	ST8	53.61018	2	IG-D	OAP	372.686526510729
LV3003047065	grey	0.289788520503195	ST8	53.61018	2	IG-D	OAP	356.503996395713
LV3003047065	yellow	0.0612158638278362	ST8	53.61018	2	IG-D	OAP	589.082086444572
LV3003047065	brown	0.00697051322463249	ST8	53.61018	2	IG-D	OAP	321.445107179562
LV3003047065	blue	0.00460641315872425	ST8	53.61018	2	IG-D	OAP	820
LV3003047067	turquoise	0.688699129285169	ST8	42.86602	1	G-A	OAP	442.736642680991
LV3003047067	grey	0.210128358645651	ST8	42.86602	1	G-A	OAP	494.946773691442
LV3003047067	yellow	0.0850450528551536	ST8	42.86602	1	G-A	OAP	612.997157628047
LV3003047067	green	0.0113973157926106	ST8	42.86602	1	G-A	OAP	690.253811578569
LV3003047067	blue	0.00156045968541566	ST8	42.86602	1	G-A	OAP	750.032362459547
LV3003047067	brown	0.00316968373600056	ST8	42.86602	1	G-A	OAP	120.770418186921
LV3003047068	turquoise	0.745866883456402	ST8	37.78969	1	G-A	OAP	399.268344662617
LV3003047068	yellow	0.0724480261227133	ST8	37.78969	1	G-A	OAP	581.119061900682
LV3003047068	grey	0.175788589528651	ST8	37.78969	1	G-A	OAP	479.767002107478
LV3003047068	blue	0.00315402078617763	ST8	37.78969	1	G-A	OAP	354.479323308271
LV3003047068	brown	0.00107945096425331	ST8	37.78969	1	G-A	OAP	258.12265625
LV3003047068	green	0.00166302914180275	ST8	37.78969	1	G-A	OAP	820
LV3003047069	turquoise	0.704385347284714	ST8	33.7436870748299	1	G-A	OAP	506.187750522645
LV3003047069	grey	0.197801866794182	ST8	33.7436870748299	1	G-A	OAP	471.978837285965
LV3003047069	yellow	0.089205501733882	ST8	33.7436870748299	1	G-A	OAP	570.627421921255
LV3003047069	brown	0.00220641668141376	ST8	33.7436870748299	1	G-A	OAP	295.616390009308
LV3003047069	blue	0.0015889212279123	ST8	33.7436870748299	1	G-A	OAP	556.983985765124
LV3003047069	green	0.00481194627789555	ST8	33.7436870748299	1	G-A	OAP	787.97203307393
LV3003047070	turquoise	0.610565232330708	ST8	30.128	1	G-A	OAP	383.287096414355
LV3003047070	yellow	0.08218137125337	ST8	30.128	1	G-A	OAP	583.746990552621
LV3003047070	grey	0.3005662895808	ST8	30.128	1	G-A	OAP	448.270851538213
LV3003047070	brown	0.00389200190305017	ST8	30.128	1	G-A	OAP	295.664685908319
LV3003047070	blue	0.00279510493207168	ST8	30.128	1	G-A	OAP	218.699134199134
LV3003047071	grey	0.331271922142431	ST8	26.141	1	G-A	OAP	563.093103133647
LV3003047071	turquoise	0.556053318243265	ST8	26.141	1	G-A	OAP	444.214864994924
LV3003047071	yellow	0.106717326183515	ST8	26.141	1	G-A	OAP	606.563185223225
LV3003047071	brown	0.00118789381262266	ST8	26.141	1	G-A	OAP	103.422684310019
LV3003047071	blue	0.00421713531210843	ST8	26.141	1	G-A	OAP	628.285386277688
LV3003047071	green	0.000552404306058932	ST8	26.141	1	G-A	OAP	674.567073170732
LV3003047073	grey	0.938944614042739	ST8	101.685	2	IG-D	OAP	-42.2498227687193
LV3003047073	turquoise	0.0610553859572612	ST8	101.685	2	IG-D	OAP	66.5
LV3003047074	grey	0.865113427345187	ST8	100.672	2	IG-D	OAP	-127.967094655006
LV3003047074	brown	0.0235438381361128	ST8	100.672	2	IG-D	OAP	-244
LV3003047074	turquoise	0.1113427345187	ST8	100.672	2	IG-D	OAP	81.9460352422908
LV3003047077	turquoise	0.397366080145799	ST8	99.7145	2	IG-D	OAP	493.376142340661
LV3003047077	grey	0.545507799787377	ST8	99.7145	2	IG-D	OAP	196.782415825798
LV3003047077	yellow	0.0504653836974681	ST8	99.7145	2	IG-D	OAP	528.107850808555
LV3003047077	brown	0.00397040637000716	ST8	99.7145	2	IG-D	OAP	-244
LV3003047077	blue	0.00269032999934911	ST8	99.7145	2	IG-D	OAP	820
LV3003047078	grey	0.750447894893998	ST8	98.757	2	IG-D	OAP	-1.51902681437519
LV3003047078	turquoise	0.230889817856076	ST8	98.757	2	IG-D	OAP	451.63221518201
LV3003047078	yellow	0.0186622872499254	ST8	98.757	2	IG-D	OAP	440.236
LV3003047079	green	0.0723281441315375	ST8	97.52	4	IG-B	OAP	689.402779870424
LV3003047079	turquoise	0.404740248382019	ST8	97.52	4	IG-B	OAP	450.29572789021
LV3003047079	grey	0.470928808815813	ST8	97.52	4	IG-B	OAP	227.382524832427
LV3003047079	yellow	0.0265932015625911	ST8	97.52	4	IG-B	OAP	500.072741555381
LV3003047079	blue	0.000857092880881581	ST8	97.52	4	IG-B	OAP	820
LV3003047079	brown	0.0245525042271588	ST8	97.52	4	IG-B	OAP	-234.128648570514
LV3003047080	turquoise	0.626681091877497	ST8	87.9935	4	IG-B	OAP	346.223589853191
LV3003047080	yellow	0.0326786506879716	ST8	87.9935	4	IG-B	OAP	539.860106796803
LV3003047080	grey	0.316419773635153	ST8	87.9935	4	IG-B	OAP	218.939564005554
LV3003047080	green	0.0242204837993786	ST8	87.9935	4	IG-B	OAP	701.35426189836
LV3003047081	turquoise	0.660182101757788	ST8	52.20718	1	G-A	OAP	424.627585724491
LV3003047081	grey	0.250885216878135	ST8	52.20718	1	G-A	OAP	499.907663211943
LV3003047081	yellow	0.0757527856229538	ST8	52.20718	1	G-A	OAP	584.233099461386
LV3003047081	brown	0.00176692099088086	ST8	52.20718	1	G-A	OAP	720.532007952286
LV3003047081	blue	0.0040888589132909	ST8	52.20718	1	G-A	OAP	563.48717948718
LV3003047081	green	0.00732411583695148	ST8	52.20718	1	G-A	OAP	728.996461429582
LV3003047082	turquoise	0.730862192030323	ST8	41.9168333333333	1	G-A	OAP	409.885769562479
LV3003047082	yellow	0.0696202220089099	ST8	41.9168333333333	1	G-A	OAP	596.194378441928
LV3003047082	grey	0.19097196583721	ST8	41.9168333333333	1	G-A	OAP	460.365894451287
LV3003047082	green	0.00663565433557311	ST8	41.9168333333333	1	G-A	OAP	820
LV3003047082	brown	0.00140293878756553	ST8	41.9168333333333	1	G-A	OAP	37.8666666666667
LV3003047082	blue	0.00050702700041842	ST8	41.9168333333333	1	G-A	OAP	702.5
LV3003047083	grey	0.186732032421809	ST8	37.30319	1	G-A	OAP	473.494067727268
LV3003047083	turquoise	0.722534191412802	ST8	37.30319	1	G-A	OAP	430.352274133788
LV3003047083	yellow	0.0827280720550314	ST8	37.30319	1	G-A	OAP	590.369258961551
LV3003047083	blue	0.00179915916093423	ST8	37.30319	1	G-A	OAP	630.746666666667
LV3003047083	green	0.00566716663834315	ST8	37.30319	1	G-A	OAP	737.207258064516
LV3003047083	brown	0.000539378311080899	ST8	37.30319	1	G-A	OAP	350
LV3003047084	grey	0.281261293312487	ST8	33.276	4	IG-B	OAP	507.467640376337
LV3003047084	green	0.0277724204435873	ST8	33.276	4	IG-B	OAP	727.087349918356
LV3003047084	turquoise	0.610287329956652	ST8	33.276	4	IG-B	OAP	492.552560776095
LV3003047084	yellow	0.0764284577431164	ST8	33.276	4	IG-B	OAP	617.376692169217
LV3003047084	blue	0.00287798073232158	ST8	33.276	4	IG-B	OAP	302.313656387665
LV3003047084	brown	0.00137251781183586	ST8	33.276	4	IG-B	OAP	396.487039563438
LV3003047085	grey	0.324393462776151	ST8	29.703	1	G-A	OAP	499.053210994225
LV3003047085	turquoise	0.557198448855624	ST8	29.703	1	G-A	OAP	443.597582431817
LV3003047085	yellow	0.108051307083198	ST8	29.703	1	G-A	OAP	547.614207271332
LV3003047085	brown	0.00509364717792964	ST8	29.703	1	G-A	OAP	44.8393982134462
LV3003047085	blue	0.0047659724482048	ST8	29.703	1	G-A	OAP	730.51707159577
LV3003047085	green	0.000497161658892866	ST8	29.703	1	G-A	OAP	820
LV3003047087	turquoise	0.517440845193399	ST8	94.9015	2	IG-D	OAP	448.963575818928
LV3003047087	grey	0.410678424866847	ST8	94.9015	2	IG-D	OAP	256.540408752199
LV3003047087	yellow	0.0539814895660526	ST8	94.9015	2	IG-D	OAP	601.149403932497
LV3003047087	green	0.0178992403737012	ST8	94.9015	2	IG-D	OAP	820
LV3003047088	grey	0.451371679492196	ST8	93.52	2	IG-D	OAP	154.213718870988
LV3003047088	turquoise	0.488174427198818	ST8	93.52	2	IG-D	OAP	348.458178601374
LV3003047088	yellow	0.00934741967740533	ST8	93.52	2	IG-D	OAP	273.274418604651
LV3003047088	green	0.0511064736315812	ST8	93.52	2	IG-D	OAP	738.222222222222
LV3003047089	turquoise	0.434981085022296	ST8	92.1385	2	IG-D	OAP	228.815543877911
LV3003047089	grey	0.51028171693049	ST8	92.1385	2	IG-D	OAP	176.432982634762
LV3003047089	green	0.0503976724362632	ST8	92.1385	2	IG-D	OAP	710.766832407137
LV3003047089	blue	0.00154278589090602	ST8	92.1385	2	IG-D	OAP	698.069634703196
LV3003047089	yellow	0.00279673972004424	ST8	92.1385	2	IG-D	OAP	567.568010075567
LV3003047090	grey	0.45689436262062	ST8	90.757	2	IG-D	OAP	164.620004510609
LV3003047090	turquoise	0.526890009431909	ST8	90.757	2	IG-D	OAP	236.189962174795
LV3003047090	yellow	0.00840709569759849	ST8	90.757	2	IG-D	OAP	497.635382955771
LV3003047091	turquoise	0.588063828512238	ST8	89.37525	4	IG-B	OAP	333.901953948932
LV3003047091	grey	0.347350038095075	ST8	89.37525	4	IG-B	OAP	186.938780099126
LV3003047091	green	0.0473534623714826	ST8	89.37525	4	IG-B	OAP	711.062264327049
LV3003047091	yellow	0.0167917954337274	ST8	89.37525	4	IG-B	OAP	441.774979321754
LV3003047091	blue	0.000440875587477421	ST8	89.37525	4	IG-B	OAP	820
LV3003047093	green	0.048982332968559	ST8	79.675	4	IG-B	OAP	656.041445412065
LV3003047093	turquoise	0.641136918824767	ST8	79.675	4	IG-B	OAP	346.649530985427
LV3003047093	yellow	0.0289794968253926	ST8	79.675	4	IG-B	OAP	618.808006076291
LV3003047093	grey	0.280901251381282	ST8	79.675	4	IG-B	OAP	215.214135827039
LV3003047094	turquoise	0.733290350311627	ST8	50.6848	1	G-A	OAP	313.381756151091
LV3003047094	grey	0.209987863617401	ST8	50.6848	1	G-A	OAP	408.637220679822
LV3003047094	green	0.013492244092995	ST8	50.6848	1	G-A	OAP	637.833929931455
LV3003047094	yellow	0.0427365014348744	ST8	50.6848	1	G-A	OAP	541.843458014121
LV3003047094	blue	0.000493040543103121	ST8	50.6848	1	G-A	OAP	820
LV3003047095	turquoise	0.787720841649876	ST8	40.9751666666667	1	G-A	OAP	291.941854093617
LV3003047095	grey	0.148959919782808	ST8	40.9751666666667	1	G-A	OAP	424.956079755651
LV3003047095	green	0.00709783407275674	ST8	40.9751666666667	1	G-A	OAP	737.991376146789
LV3003047095	yellow	0.0539826385275857	ST8	40.9751666666667	1	G-A	OAP	571.358434302138
LV3003047095	blue	0.000971182982856098	ST8	40.9751666666667	1	G-A	OAP	726.568993506494
LV3003047095	brown	0.00126758298411737	ST8	40.9751666666667	1	G-A	OAP	136.679782903664
LV3003047096	grey	0.206086277564696	ST8	36.89377	1	G-A	OAP	440.302845126752
LV3003047096	turquoise	0.725614407123498	ST8	36.89377	1	G-A	OAP	278.787036382918
LV3003047096	yellow	0.063336813576193	ST8	36.89377	1	G-A	OAP	567.244008415015
LV3003047096	blue	0.00186815108942421	ST8	36.89377	1	G-A	OAP	704.332940251572
LV3003047096	brown	0.00268321314774442	ST8	36.89377	1	G-A	OAP	204.288474462366
LV3003047096	green	0.00041113749844471	ST8	36.89377	1	G-A	OAP	820
LV3003047097	grey	0.301257517769273	ST8	32.835	1	G-A	OAP	458.786266937751
LV3003047097	turquoise	0.596316523427181	ST8	32.835	1	G-A	OAP	453.698859056631
LV3003047097	yellow	0.0888310060756476	ST8	32.835	1	G-A	OAP	553.814985758497
LV3003047097	green	0.0118134180279025	ST8	32.835	1	G-A	OAP	820
LV3003047097	blue	0.000666539706722529	ST8	32.835	1	G-A	OAP	-217
LV3003047097	brown	0.00111499499327317	ST8	32.835	1	G-A	OAP	274.484375
LV3003047098	turquoise	0.584160348810725	ST8	29.278	1	G-A	OAP	402.5103087749
LV3003047098	grey	0.324862525623922	ST8	29.278	1	G-A	OAP	482.574823383633
LV3003047098	yellow	0.089215989327433	ST8	29.278	1	G-A	OAP	559.983598176891
LV3003047098	blue	0.00115104285295936	ST8	29.278	1	G-A	OAP	820
LV3003047098	brown	0.000610093384960791	ST8	29.278	1	G-A	OAP	-244
LV3003047099	turquoise	0.633982592134386	ST8	25.058	1	G-A	OAP	454.290504382027
LV3003047099	grey	0.245170403042492	ST8	25.058	1	G-A	OAP	523.863841266076
LV3003047099	yellow	0.104532858392253	ST8	25.058	1	G-A	OAP	582.863134037518
LV3003047099	brown	0.00273728626157221	ST8	25.058	1	G-A	OAP	293.272164948454
LV3003047099	blue	0.0114571566887204	ST8	25.058	1	G-A	OAP	690.533542950591
LV3003047099	green	0.00211970348057702	ST8	25.058	1	G-A	OAP	783.3809375
LV3003047100	green	0.050909239971873	ST8	86.61175	4	IG-B	OAP	684.135379152929
LV3003047100	turquoise	0.601110575058414	ST8	86.61175	4	IG-B	OAP	387.722305515361
LV3003047100	grey	0.316810297256987	ST8	86.61175	4	IG-B	OAP	205.067881567917
LV3003047100	yellow	0.0301040888207787	ST8	86.61175	4	IG-B	OAP	551.142017319185
LV3003047100	blue	0.00106579889194754	ST8	86.61175	4	IG-B	OAP	820
LV3003047101	turquoise	0.701466889388092	ST8	85.23	2	IG-D	OAP	329.290023221258
LV3003047101	grey	0.241758347253422	ST8	85.23	2	IG-D	OAP	249.267391397043
LV3003047101	yellow	0.0352274254555229	ST8	85.23	2	IG-D	OAP	623.535743127815
LV3003047101	green	0.0204529308987577	ST8	85.23	2	IG-D	OAP	797.078506097561
LV3003047101	blue	0.00109440700420483	ST8	85.23	2	IG-D	OAP	356.078947368421
LV3003047104	turquoise	0.712750067891735	ST8	83.84125	2	IG-D	OAP	194.296514102995
LV3003047104	grey	0.275663075948221	ST8	83.84125	2	IG-D	OAP	113.401469910887
LV3003047104	yellow	0.00761518964424731	ST8	83.84125	2	IG-D	OAP	618.469539375929
LV3003047105	turquoise	0.574151414980247	ST8	82.4525	2	IG-D	OAP	268.514201140753
LV3003047105	grey	0.415399500120938	ST8	82.4525	2	IG-D	OAP	153.807665607607
LV3003047105	yellow	0.00765943723292752	ST8	82.4525	2	IG-D	OAP	550.326315789474
LV3003047106	grey	0.359714420123419	ST8	81.06375	2	IG-D	OAP	146.892297103111
LV3003047106	turquoise	0.613935855217644	ST8	81.06375	2	IG-D	OAP	307.920677853207
LV3003047106	green	0.0116999197498409	ST8	81.06375	2	IG-D	OAP	679.909862385321
LV3003047106	yellow	0.0146498049090959	ST8	81.06375	2	IG-D	OAP	603.426201034738
LV3003047107	turquoise	0.677403235092827	ST8	71.517	4	IG-B	OAP	410.036054388202
LV3003047107	grey	0.236483330255396	ST8	71.517	4	IG-B	OAP	250.170996884491
LV3003047107	yellow	0.0572858389550947	ST8	71.517	4	IG-B	OAP	612.060207197957
LV3003047107	green	0.0284546221560768	ST8	71.517	4	IG-B	OAP	775.832734986945
LV3003047107	brown	0.000372973540605231	ST8	71.517	4	IG-B	OAP	518.6
LV3003047110	grey	0.269089796681415	ST8	49.1548	1	G-A	OAP	376.746771615387
LV3003047110	turquoise	0.67116660340696	ST8	49.1548	1	G-A	OAP	429.458380837269
LV3003047110	yellow	0.05828768248537	ST8	49.1548	1	G-A	OAP	594.186255397644
LV3003047110	green	0.00145591742625523	ST8	49.1548	1	G-A	OAP	820
LV3003047112	turquoise	0.712377874135996	ST8	40.0335	1	G-A	OAP	488.435573321715
LV3003047112	yellow	0.100157008015995	ST8	40.0335	1	G-A	OAP	559.23587201322
LV3003047112	grey	0.179952038957614	ST8	40.0335	1	G-A	OAP	523.061791408078
LV3003047112	blue	0.0012572907530865	ST8	40.0335	1	G-A	OAP	523.136042402827
LV3003047112	green	0.00550141368545652	ST8	40.0335	1	G-A	OAP	665.1672091131
LV3003047112	brown	0.000754374451851897	ST8	40.0335	1	G-A	OAP	297.2
LV3003047113	grey	0.2085542446405	ST8	36.48927	1	G-A	OAP	505.353257249576
LV3003047113	turquoise	0.709046710953708	ST8	36.48927	1	G-A	OAP	338.458690494887
LV3003047113	yellow	0.0716790910424474	ST8	36.48927	1	G-A	OAP	568.933112932156
LV3003047113	brown	0.00254139288905315	ST8	36.48927	1	G-A	OAP	240.984857571214
LV3003047113	blue	0.00642778081534133	ST8	36.48927	1	G-A	OAP	500.60798816568
LV3003047113	green	0.00175077965895041	ST8	36.48927	1	G-A	OAP	820
LV3003047114	green	0.0147713715883323	ST8	32.3855	1	G-A	OAP	797.157972972973
LV3003047114	turquoise	0.662694545885053	ST8	32.3855	1	G-A	OAP	518.286900046177
LV3003047114	yellow	0.089721056034679	ST8	32.3855	1	G-A	OAP	638.390105697667
LV3003047114	grey	0.232813026491936	ST8	32.3855	1	G-A	OAP	477.599060750976
LV3003047117	grey	0.251399159303423	ST8	28.7616666666667	1	G-A	OAP	508.918762433659
LV3003047117	turquoise	0.647600583340482	ST8	28.7616666666667	1	G-A	OAP	470.464819185529
LV3003047117	yellow	0.0928540790941065	ST8	28.7616666666667	1	G-A	OAP	567.221071417438
LV3003047117	blue	0.00161276486231449	ST8	28.7616666666667	1	G-A	OAP	820
LV3003047117	green	0.00560350004289268	ST8	28.7616666666667	1	G-A	OAP	759.508333333333
LV3003047117	brown	0.000929913356781333	ST8	28.7616666666667	1	G-A	OAP	203.586715867159
LV3003047118	grey	0.199075399909995	ST8	24.528	3	IG-A	OAP	504.712770194733
LV3003047118	turquoise	0.651315759567611	ST8	24.528	3	IG-A	OAP	416.680748623107
LV3003047118	yellow	0.119223711704176	ST8	24.528	3	IG-A	OAP	576.715919038076
LV3003047118	blue	0.0183480539001547	ST8	24.528	3	IG-A	OAP	626.660888291393
LV3003047118	brown	0.00561396809811489	ST8	24.528	3	IG-A	OAP	232.479866577284
LV3003047118	green	0.00642310681994845	ST8	24.528	3	IG-A	OAP	694.855938889686
LV3003047122	turquoise	0.660348818554764	ST8	76.951	2	IG-D	OAP	366.420144711857
LV3003047122	grey	0.290124447092797	ST8	76.951	2	IG-D	OAP	256.440387481759
LV3003047122	yellow	0.0495267343524397	ST8	76.951	2	IG-D	OAP	606.963611111111
LV3003047123	turquoise	0.666859011348336	ST8	75.589	2	IG-D	OAP	281.529665323238
LV3003047123	grey	0.272475476053087	ST8	75.589	2	IG-D	OAP	396.465980323873
LV3003047123	yellow	0.0606655125985767	ST8	75.589	2	IG-D	OAP	410.917388167388
LV3003047124	grey	0.298730643025733	ST8	74.227	2	IG-D	OAP	343.051389769276
LV3003047124	turquoise	0.643658971849635	ST8	74.227	2	IG-D	OAP	260.690971470114
LV3003047124	yellow	0.0552501295262219	ST8	74.227	2	IG-D	OAP	407.181868131868
LV3003047124	brown	0.00236025559841115	ST8	74.227	2	IG-D	OAP	-244
LV3003047125	turquoise	0.721802835733586	ST8	72.872	2	IG-D	OAP	328.476294406442
LV3003047125	grey	0.212364318411841	ST8	72.872	2	IG-D	OAP	287.383097613147
LV3003047125	yellow	0.0302979655886422	ST8	72.872	2	IG-D	OAP	604.284805890228
LV3003047125	green	0.0355348802659313	ST8	72.872	2	IG-D	OAP	770.432704402516
LV3003047126	turquoise	0.712238944840506	ST8	64.210824	1	G-A	OAP	450.739875895969
LV3003047126	grey	0.182301686092565	ST8	64.210824	1	G-A	OAP	468.89148796516
LV3003047126	yellow	0.0999270742962041	ST8	64.210824	1	G-A	OAP	440.106442316219
LV3003047126	blue	0.00102473187230458	ST8	64.210824	1	G-A	OAP	820
LV3003047126	green	0.00450756289841953	ST8	64.210824	1	G-A	OAP	820
LV3003047127	turquoise	0.744295114820822	ST8	47.6248	2	IG-D	OAP	393.881490470711
LV3003047127	grey	0.221542720783447	ST8	47.6248	2	IG-D	OAP	438.925021056218
LV3003047127	yellow	0.0324783322830904	ST8	47.6248	2	IG-D	OAP	615.411134527573
LV3003047127	brown	0.00168383211264114	ST8	47.6248	2	IG-D	OAP	360
LV3003047128	grey	0.254045340513696	ST8	39.57797	1	G-A	OAP	488.945760529029
LV3003047128	turquoise	0.642040374209964	ST8	39.57797	1	G-A	OAP	390.838845098623
LV3003047128	yellow	0.0985979899754239	ST8	39.57797	1	G-A	OAP	613.99563508704
LV3003047128	blue	0.00403384444024341	ST8	39.57797	1	G-A	OAP	805.812693498452
LV3003047128	brown	0.0012824508606727	ST8	39.57797	1	G-A	OAP	128.275986961246
LV3003047129	turquoise	0.66155737112284	ST8	36.0373	1	G-A	OAP	435.990651008777
LV3003047129	grey	0.233467090834599	ST8	36.0373	1	G-A	OAP	521.450054784335
LV3003047129	yellow	0.0978327669727424	ST8	36.0373	1	G-A	OAP	589.438406724526
LV3003047129	brown	0.00342527655267154	ST8	36.0373	1	G-A	OAP	10.7333267163492
LV3003047129	blue	0.00371749451714747	ST8	36.0373	1	G-A	OAP	737.471678321678
LV3003047130	grey	0.285892560253691	ST8	31.936	1	G-A	OAP	422.853805285678
LV3003047130	turquoise	0.597379364270736	ST8	31.936	1	G-A	OAP	490.722030281317
LV3003047130	yellow	0.107431848069473	ST8	31.936	1	G-A	OAP	624.849451609212
LV3003047130	green	0.00659108051859838	ST8	31.936	1	G-A	OAP	820
LV3003047130	brown	0.000552876736131679	ST8	31.936	1	G-A	OAP	215.75
LV3003047130	blue	0.00215227015136975	ST8	31.936	1	G-A	OAP	379.677675840979
LV3003047131	turquoise	0.66855013530937	ST8	28.2453333333333	1	G-A	OAP	430.525679039206
LV3003047131	yellow	0.0780515450771476	ST8	28.2453333333333	1	G-A	OAP	593.571825700032
LV3003047131	grey	0.240969693534904	ST8	28.2453333333333	1	G-A	OAP	535.498291972931
LV3003047131	green	0.0105130421230111	ST8	28.2453333333333	1	G-A	OAP	690.416814516129
LV3003047131	brown	0.00133750832400572	ST8	28.2453333333333	1	G-A	OAP	406.232838983051
LV3003047131	blue	0.000578075631561796	ST8	28.2453333333333	1	G-A	OAP	614.633333333333
LV3003047132	grey	0.21254567678001	ST8	23.987	3	IG-A	OAP	567.411812758144
LV3003047132	green	0.00543306020955847	ST8	23.987	3	IG-A	OAP	704.835768286696
LV3003047132	turquoise	0.663482461771086	ST8	23.987	3	IG-A	OAP	409.096978864945
LV3003047132	yellow	0.0943543436268456	ST8	23.987	3	IG-A	OAP	573.826019122592
LV3003047132	blue	0.0212116750973993	ST8	23.987	3	IG-A	OAP	641.539859139573
LV3003047132	brown	0.00297278251510044	ST8	23.987	3	IG-A	OAP	233.204812098992
LV3003047133	green	0.024866785079929	ST8	70.162	4	IG-B	OAP	741.104645635264
LV3003047133	grey	0.268540957943222	ST8	70.162	4	IG-B	OAP	316.501068581299
LV3003047133	turquoise	0.653592287081916	ST8	70.162	4	IG-B	OAP	397.500731595945
LV3003047133	yellow	0.0529999698949333	ST8	70.162	4	IG-B	OAP	615.617638712203
LV3003047134	grey	0.302637981960775	ST8	68.807	4	IG-B	OAP	323.826759614971
LV3003047134	green	0.103150262741947	ST8	68.807	4	IG-B	OAP	665.774224906343
LV3003047134	turquoise	0.550660344261739	ST8	68.807	4	IG-B	OAP	480.103332726433
LV3003047134	yellow	0.0430987328783918	ST8	68.807	4	IG-B	OAP	523.23496959592
LV3003047136	green	0.0600517517378497	ST8	67.8766	4	IG-B	OAP	672.242874627501
LV3003047136	turquoise	0.624361326540309	ST8	67.8766	4	IG-B	OAP	500.627661924336
LV3003047136	grey	0.234377626875818	ST8	67.8766	4	IG-B	OAP	383.665040649362
LV3003047136	yellow	0.0807597564452111	ST8	67.8766	4	IG-B	OAP	617.456483738629
LV3003047136	blue	0.000449538400812824	ST8	67.8766	4	IG-B	OAP	820
LV3003047137	turquoise	0.62820686710371	ST8	66.9462	1	G-A	OAP	349.666513932135
LV3003047137	grey	0.280014065757416	ST8	66.9462	1	G-A	OAP	277.054745559467
LV3003047137	yellow	0.0881219702107352	ST8	66.9462	1	G-A	OAP	617.456522247149
LV3003047137	brown	0.00123075377389295	ST8	66.9462	1	G-A	OAP	129.518367346939
LV3003047137	blue	0.000557606811845377	ST8	66.9462	1	G-A	OAP	350
LV3003047138	turquoise	0.647848198999631	ST8	66.0158	4	IG-B	OAP	425.026875782618
LV3003047138	yellow	0.0527627647789453	ST8	66.0158	4	IG-B	OAP	622.213322717622
LV3003047138	grey	0.24791030246064	ST8	66.0158	4	IG-B	OAP	276.284341610652
LV3003047138	green	0.0514787337607842	ST8	66.0158	4	IG-B	OAP	623.280880706556
LV3003047139	turquoise	0.697864562297408	ST8	58.6141266666667	1	G-A	OAP	437.92995972765
LV3003047139	yellow	0.138901834073798	ST8	58.6141266666667	1	G-A	OAP	593.814911039859
LV3003047139	grey	0.161198620561096	ST8	58.6141266666667	1	G-A	OAP	489.633633277662
LV3003047139	blue	0.00111846397613944	ST8	58.6141266666667	1	G-A	OAP	350
LV3003047139	brown	0.000916519091558704	ST8	58.6141266666667	1	G-A	OAP	297.2
LV3003047140	turquoise	0.758552339291207	ST8	46.0948	2	IG-D	OAP	443.167217022037
LV3003047140	grey	0.156146406479615	ST8	46.0948	2	IG-D	OAP	365.200304400866
LV3003047140	yellow	0.0853012542291788	ST8	46.0948	2	IG-D	OAP	568.560193726937
LV3003047141	turquoise	0.811638368886954	ST8	39.15347	2	IG-D	OAP	274.167337475152
LV3003047141	grey	0.161079669133653	ST8	39.15347	2	IG-D	OAP	176.692574293751
LV3003047141	yellow	0.0272819619793934	ST8	39.15347	2	IG-D	OAP	66.5
LV3003047142	turquoise	0.600125704613953	ST8	35.5823	1	G-A	OAP	486.688418626927
LV3003047142	grey	0.273654985375703	ST8	35.5823	1	G-A	OAP	550.430750945763
LV3003047142	yellow	0.119993467319275	ST8	35.5823	1	G-A	OAP	603.327464355949
LV3003047142	blue	0.00248439827576821	ST8	35.5823	1	G-A	OAP	643.71
LV3003047142	brown	0.00374144441530033	ST8	35.5823	1	G-A	OAP	218.251653439153
LV3003047143	turquoise	0.608615097179334	ST8	31.398	1	G-A	OAP	428.699905954249
LV3003047143	yellow	0.0842826374652931	ST8	31.398	1	G-A	OAP	556.787549573666
LV3003047143	grey	0.296528012040377	ST8	31.398	1	G-A	OAP	440.81649928471
LV3003047143	green	0.00963489633339388	ST8	31.398	1	G-A	OAP	798.660862683023
LV3003047143	brown	0.000656511923605885	ST8	31.398	1	G-A	OAP	-139.731943945383
LV3003047143	blue	0.000282845057996211	ST8	31.398	1	G-A	OAP	820
LV3003047144	grey	0.314192958544027	ST8	27.729	1	G-A	OAP	567.039214365943
LV3003047144	turquoise	0.563475213568242	ST8	27.729	1	G-A	OAP	488.09345086435
LV3003047144	yellow	0.109181183100139	ST8	27.729	1	G-A	OAP	524.645363754831
LV3003047144	brown	0.000726521230140863	ST8	27.729	1	G-A	OAP	401.531932773109
LV3003047144	blue	0.00913646236055295	ST8	27.729	1	G-A	OAP	578.663577142857
LV3003047144	green	0.00328766119689794	ST8	27.729	1	G-A	OAP	698.618099231307
LV3003047145	turquoise	0.589010125603445	ST8	23.446	3	IG-A	OAP	389.204428022878
LV3003047145	grey	0.289877036261803	ST8	23.446	3	IG-A	OAP	391.989379845182
LV3003047145	yellow	0.0692193145769249	ST8	23.446	3	IG-A	OAP	583.52009566075
LV3003047145	brown	0.0429511297167284	ST8	23.446	3	IG-A	OAP	-79.3239300740048
LV3003047145	blue	0.00613654114603633	ST8	23.446	3	IG-A	OAP	656.523423592242
LV3003047145	green	0.00280585269506266	ST8	23.446	3	IG-A	OAP	674.608645627877
LV3003047146	turquoise	0.620470714164502	ST8	63.2667	1	G-A	OAP	470.994644585001
LV3003047146	grey	0.260177268395839	ST8	63.2667	1	G-A	OAP	546.718370412206
LV3003047146	yellow	0.108525330583367	ST8	63.2667	1	G-A	OAP	560.687052303589
LV3003047146	brown	0.00217212526270445	ST8	63.2667	1	G-A	OAP	246.104960664336
LV3003047146	blue	0.00441735089482684	ST8	63.2667	1	G-A	OAP	737.309082338152
LV3003047146	green	0.00423721069876121	ST8	63.2667	1	G-A	OAP	732.887826961771
LV3003047147	turquoise	0.666762014969684	ST8	62.3217	1	G-A	OAP	411.459078915928
LV3003047147	grey	0.216969397528745	ST8	62.3217	1	G-A	OAP	476.964260017777
LV3003047147	yellow	0.111098109069791	ST8	62.3217	1	G-A	OAP	582.234158415842
LV3003047147	brown	0.00213233477655992	ST8	62.3217	1	G-A	OAP	236.086178861789
LV3003047147	blue	0.00129153610450174	ST8	62.3217	1	G-A	OAP	820
LV3003047147	green	0.0017466075507188	ST8	62.3217	1	G-A	OAP	820
LV3003047148	grey	0.19479362608376	ST8	61.3767	1	G-A	OAP	404.15725974464
LV3003047148	turquoise	0.711361916499103	ST8	61.3767	1	G-A	OAP	347.735983361935
LV3003047148	yellow	0.0882705238805647	ST8	61.3767	1	G-A	OAP	596.869685321519
LV3003047148	brown	0.00163455925277291	ST8	61.3767	1	G-A	OAP	427.551851851852
LV3003047148	blue	0.00156969579036129	ST8	61.3767	1	G-A	OAP	820
LV3003047148	green	0.00236967849343798	ST8	61.3767	1	G-A	OAP	820
LV3003047149	grey	0.202174597270308	ST8	60.4317	1	G-A	OAP	418.20440328235
LV3003047149	yellow	0.0878880654668231	ST8	60.4317	1	G-A	OAP	547.971882007268
LV3003047149	turquoise	0.702143122836133	ST8	60.4317	1	G-A	OAP	386.39503604844
LV3003047149	green	0.00536209905862829	ST8	60.4317	1	G-A	OAP	746.528340080972
LV3003047149	brown	0.000984291396034221	ST8	60.4317	1	G-A	OAP	-244
LV3003047149	blue	0.00144782397207359	ST8	60.4317	1	G-A	OAP	-217
LV3003047150	grey	0.19314243040016	ST8	59.5217933333333	1	G-A	OAP	493.710092188756
LV3003047150	turquoise	0.663499081382229	ST8	59.5217933333333	1	G-A	OAP	400.004784513434
LV3003047150	yellow	0.135603676635721	ST8	59.5217933333333	1	G-A	OAP	573.093344495421
LV3003047150	blue	0.00471079098536976	ST8	59.5217933333333	1	G-A	OAP	747.169083717864
LV3003047150	brown	0.00177229643619598	ST8	59.5217933333333	1	G-A	OAP	160.221276595745
LV3003047150	green	0.00127172416032383	ST8	59.5217933333333	1	G-A	OAP	719.258831521739
LV3003047152	grey	0.206317638615647	ST8	45.00002	1	G-A	OAP	490.41088850368
LV3003047152	turquoise	0.693690573529044	ST8	45.00002	1	G-A	OAP	451.997657610605
LV3003047152	yellow	0.0858026300285997	ST8	45.00002	1	G-A	OAP	599.171673358693
LV3003047152	green	0.0132751104176411	ST8	45.00002	1	G-A	OAP	680.58066692367
LV3003047152	blue	0.000549856644517679	ST8	45.00002	1	G-A	OAP	560.75
LV3003047152	brown	0.000364190764550671	ST8	45.00002	1	G-A	OAP	-244
LV3003047153	grey	0.236339570363529	ST8	38.71393	1	G-A	OAP	445.387307424962
LV3003047153	turquoise	0.674715456590616	ST8	38.71393	1	G-A	OAP	375.958047028898
LV3003047153	yellow	0.0799783675394558	ST8	38.71393	1	G-A	OAP	609.793264800626
LV3003047153	green	0.00793684111747957	ST8	38.71393	1	G-A	OAP	682.117407407407
LV3003047153	brown	0.000474136121517137	ST8	38.71393	1	G-A	OAP	215.75
LV3003047153	blue	0.000555628267402895	ST8	38.71393	1	G-A	OAP	759.422222222222
LV3003047154	turquoise	0.725925190812147	ST8	35.13012	1	G-A	OAP	473.318657288542
LV3003047154	yellow	0.0800644160155898	ST8	35.13012	1	G-A	OAP	597.569823492064
LV3003047154	grey	0.183675862940041	ST8	35.13012	1	G-A	OAP	468.267281096033
LV3003047154	green	0.00915266776131791	ST8	35.13012	1	G-A	OAP	747.092301649647
LV3003047154	brown	0.00118186247090453	ST8	35.13012	1	G-A	OAP	101.801526717557
LV3003047155	turquoise	0.54714731308666	ST8	30.9475	1	G-A	OAP	349.186493195514
LV3003047155	yellow	0.0520332710470637	ST8	30.9475	1	G-A	OAP	575.05427092796
LV3003047155	grey	0.399183492442034	ST8	30.9475	1	G-A	OAP	431.688872901789
LV3003047155	brown	0.00107243868922544	ST8	30.9475	1	G-A	OAP	518.6
LV3003047155	blue	0.000563484735016759	ST8	30.9475	1	G-A	OAP	569.692307692308
LV3003047156	grey	0.295925477899006	ST8	27.1996666666667	1	G-A	OAP	555.160919519447
LV3003047156	turquoise	0.596949980621748	ST8	27.1996666666667	1	G-A	OAP	485.698484197899
LV3003047156	yellow	0.0945051890651853	ST8	27.1996666666667	1	G-A	OAP	579.923864179195
LV3003047156	blue	0.00896880297211489	ST8	27.1996666666667	1	G-A	OAP	642.064414209731
LV3003047156	brown	0.000773172670009905	ST8	27.1996666666667	1	G-A	OAP	405.41081703107
LV3003047156	green	0.00287737677193559	ST8	27.1996666666667	1	G-A	OAP	668.830348943985
LV3003047158	grey	0.214159758396335	ST8	57.70646	1	G-A	OAP	479.154510507825
LV3003047158	turquoise	0.64123781340576	ST8	57.70646	1	G-A	OAP	447.89595317789
LV3003047158	yellow	0.13953523724588	ST8	57.70646	1	G-A	OAP	591.110087656272
LV3003047158	blue	0.00242718446601942	ST8	57.70646	1	G-A	OAP	820
LV3003047158	brown	0.00113505077325334	ST8	57.70646	1	G-A	OAP	82.2678571428572
LV3003047158	green	0.00150495571275108	ST8	57.70646	1	G-A	OAP	820
LV3003047159	turquoise	0.694742203323581	ST8	56.7987933333333	1	G-A	OAP	506.543888908505
LV3003047159	yellow	0.0791334525684911	ST8	56.7987933333333	1	G-A	OAP	552.183503416322
LV3003047159	grey	0.206977625641086	ST8	56.7987933333333	1	G-A	OAP	569.170283867449
LV3003047159	green	0.017470714344937	ST8	56.7987933333333	1	G-A	OAP	690.228032879819
LV3003047159	brown	0.00167600412190413	ST8	56.7987933333333	1	G-A	OAP	360
LV3003047160	turquoise	0.31703888802124	ST8	55.8911266666667	2	IG-D	OAP	335.911724915445
LV3003047160	grey	0.627518350773075	ST8	55.8911266666667	2	IG-D	OAP	29.4959994275554
LV3003047160	yellow	0.0554427612056848	ST8	55.8911266666667	2	IG-D	OAP	820
LV3003047161	turquoise	0.529627687467226	ST8	54.98346	2	IG-D	OAP	343.046199767036
LV3003047161	grey	0.365495542737284	ST8	54.98346	2	IG-D	OAP	146.288721475187
LV3003047161	yellow	0.10487676979549	ST8	54.98346	2	IG-D	OAP	642.600699844479
LV3003047162	grey	0.821206581352834	ST8	102.698	2	IG-D	OAP	-33.6265657313088
LV3003047162	turquoise	0.165143205362584	ST8	102.698	2	IG-D	OAP	329.845196191575
LV3003047162	yellow	0.0058094657729027	ST8	102.698	2	IG-D	OAP	820
LV3003047162	brown	0.00784074751167987	ST8	102.698	2	IG-D	OAP	-231.727272727273
LV3003047164	grey	0.235798438166145	ST8	43.93302	1	G-A	OAP	420.385131596018
LV3003047164	turquoise	0.684331749316308	ST8	43.93302	1	G-A	OAP	492.473027727912
LV3003047164	yellow	0.0761420000207967	ST8	43.93302	1	G-A	OAP	544.861311721447
LV3003047164	blue	0.00085786480050744	ST8	43.93302	1	G-A	OAP	820
LV3003047164	green	0.00286994769624307	ST8	43.93302	1	G-A	OAP	820
LV3003047166	grey	0.211789960369881	ST8	38.27343	1	G-A	OAP	485.902821073366
LV3003047166	turquoise	0.695461800968736	ST8	38.27343	1	G-A	OAP	381.700785674428
LV3003047166	yellow	0.0836470717745486	ST8	38.27343	1	G-A	OAP	600.457796088499
LV3003047166	green	0.00792051959489212	ST8	38.27343	1	G-A	OAP	705.914576103124
LV3003047166	blue	0.000666006164685161	ST8	38.27343	1	G-A	OAP	560.75
LV3003047166	brown	0.000514641127256715	ST8	38.27343	1	G-A	OAP	297.2
LV3003047167	turquoise	0.615308582575453	ST8	34.67812	1	G-A	OAP	462.965067240561
LV3003047167	yellow	0.112936881906565	ST8	34.67812	1	G-A	OAP	641.897543539222
LV3003047167	grey	0.269809061099402	ST8	34.67812	1	G-A	OAP	502.569684795294
LV3003047167	brown	0.00194547441858033	ST8	34.67812	1	G-A	OAP	-106.816532258065
LV3003047168	grey	0.341821407285067	ST8	30.497	1	G-A	OAP	474.330906714322
LV3003047168	turquoise	0.559954004258419	ST8	30.497	1	G-A	OAP	459.819573624031
LV3003047168	yellow	0.0854011683560536	ST8	30.497	1	G-A	OAP	618.320756290975
LV3003047168	blue	0.00562504640713456	ST8	30.497	1	G-A	OAP	631.289704591986
LV3003047168	brown	0.0051093000901051	ST8	30.497	1	G-A	OAP	250.520351087849
LV3003047168	green	0.0020890736032205	ST8	30.497	1	G-A	OAP	761.973823246878
LV3003047169	grey	0.367340579903676	ST8	26.6703333333333	1	G-A	OAP	537.81986850805
LV3003047169	turquoise	0.530397315029957	ST8	26.6703333333333	1	G-A	OAP	454.170039473718
LV3003047169	yellow	0.092068833515833	ST8	26.6703333333333	1	G-A	OAP	549.2107596613
LV3003047169	brown	0.00266716520221848	ST8	26.6703333333333	1	G-A	OAP	359.18958611482
LV3003047169	blue	0.00725013131070338	ST8	26.6703333333333	1	G-A	OAP	592.293767248063
LV3003047169	green	0.000275975037612727	ST8	26.6703333333333	1	G-A	OAP	820
LV3003061473	grey	0.557245642395866	ST13	117.088	2	IG-D	OAP	-31.0624197232425
LV3003061473	turquoise	0.389357478494669	ST13	117.088	2	IG-D	OAP	334.673174448999
LV3003061473	yellow	0.038722160333029	ST13	117.088	2	IG-D	OAP	571.888028775739
LV3003061473	green	0.0146747187764367	ST13	117.088	2	IG-D	OAP	594.423076923077
LV3003061474	grey	0.240366627779032	ST13	77.7798	4	IG-B	OAP	395.046587240819
LV3003061474	green	0.0245813001520249	ST13	77.7798	4	IG-B	OAP	640.076659001314
LV3003061474	turquoise	0.690417065935853	ST13	77.7798	4	IG-B	OAP	343.62866886567
LV3003061474	yellow	0.0437541143801632	ST13	77.7798	4	IG-B	OAP	604.47042345973
LV3003061474	blue	0.000880891752927229	ST13	77.7798	4	IG-B	OAP	820
LV3003061475	turquoise	0.649157642988889	ST13	53.844	1	G-A	OAP	424.34548550417
LV3003061475	yellow	0.0611256725471335	ST13	53.844	1	G-A	OAP	562.926249610955
LV3003061475	grey	0.27779984055963	ST13	53.844	1	G-A	OAP	408.262888150443
LV3003061475	green	0.0110549245599946	ST13	53.844	1	G-A	OAP	721.007273034087
LV3003061475	blue	0.000861919344352958	ST13	53.844	1	G-A	OAP	-217
LV3003061476	grey	0.271401702185401	ST13	37.16	1	G-A	OAP	487.648884724098
LV3003061476	green	0.0171198540553173	ST13	37.16	1	G-A	OAP	693.323457829481
LV3003061476	turquoise	0.631747868499016	ST13	37.16	1	G-A	OAP	388.228702062403
LV3003061476	yellow	0.0759387273563357	ST13	37.16	1	G-A	OAP	625.350179084927
LV3003061476	blue	0.00212961636751525	ST13	37.16	1	G-A	OAP	786.389534883721
LV3003061476	brown	0.00166223153641456	ST13	37.16	1	G-A	OAP	-120.821088435374
LV3003061477	grey	0.159897890189585	ST13	16.726	3	IG-A	OAP	541.839484838282
LV3003061477	green	0.00827920960227664	ST13	16.726	3	IG-A	OAP	645.215778316172
LV3003061477	turquoise	0.709902391918778	ST13	16.726	3	IG-A	OAP	388.70866578007
LV3003061477	yellow	0.0945976601600497	ST13	16.726	3	IG-A	OAP	588.898661479875
LV3003061477	blue	0.0236265753845448	ST13	16.726	3	IG-A	OAP	632.049080698028
LV3003061477	brown	0.00369627274476608	ST13	16.726	3	IG-A	OAP	183.196446418571
LV3003061485	grey	0.194713905780985	ST13	75.7796	4	IG-B	OAP	455.427916752402
LV3003061485	green	0.0432474298956405	ST13	75.7796	4	IG-B	OAP	672.799311251465
LV3003061485	turquoise	0.706172294197241	ST13	75.7796	4	IG-B	OAP	358.893549435029
LV3003061485	yellow	0.049080361447657	ST13	75.7796	4	IG-B	OAP	595.394975264012
LV3003061485	blue	0.00669580229248643	ST13	75.7796	4	IG-B	OAP	627.100668920578
LV3003061485	brown	9.02063859900151e-05	ST13	75.7796	4	IG-B	OAP	820
LV3003061486	turquoise	0.542592914206322	ST13	52.105	2	IG-D	OAP	459.707203870968
LV3003061486	grey	0.412894137624947	ST13	52.105	2	IG-D	OAP	380.541951488577
LV3003061486	yellow	0.0430994558295705	ST13	52.105	2	IG-D	OAP	551.3489569161
LV3003061488	grey	0.223018684769222	ST13	35.041	1	G-A	OAP	532.661497032584
LV3003061488	green	0.00693813896308721	ST13	35.041	1	G-A	OAP	678.26421153031
LV3003061488	turquoise	0.686043708954756	ST13	35.041	1	G-A	OAP	383.507532571337
LV3003061488	yellow	0.0748007101026743	ST13	35.041	1	G-A	OAP	589.333477694481
LV3003061488	blue	0.00792096860998392	ST13	35.041	1	G-A	OAP	662.050117766715
LV3003061488	brown	0.00127778860027669	ST13	35.041	1	G-A	OAP	122.702258866347
LV3003061489	turquoise	0.538262560327766	ST13	112.6068	2	IG-D	OAP	243.97586744686
LV3003061489	grey	0.405027603208222	ST13	112.6068	2	IG-D	OAP	114.567250415909
LV3003061489	green	0.0432172494010625	ST13	112.6068	2	IG-D	OAP	660.65030684259
LV3003061489	yellow	0.0125342870039235	ST13	112.6068	2	IG-D	OAP	624.448001310616
LV3003061489	blue	0.000958300059025728	ST13	112.6068	2	IG-D	OAP	820
LV3003061492	grey	0.198970726460785	ST13	14.437	3	IG-A	OAP	546.150112351396
LV3003061492	green	0.00698812298281043	ST13	14.437	3	IG-A	OAP	687.9626943881
LV3003061492	turquoise	0.64092241982537	ST13	14.437	3	IG-A	OAP	422.716868310218
LV3003061492	yellow	0.11803497651053	ST13	14.437	3	IG-A	OAP	586.638833063568
LV3003061492	blue	0.0235541711370003	ST13	14.437	3	IG-A	OAP	637.46946616649
LV3003061492	brown	0.0115295830835043	ST13	14.437	3	IG-A	OAP	87.2523415151362
LV3003061500	grey	0.347861356643849	ST13	148.086	2	IG-D	OAP	225.470614594866
LV3003061500	turquoise	0.570727111375214	ST13	148.086	2	IG-D	OAP	388.283274271898
LV3003061500	yellow	0.0572630994593284	ST13	148.086	2	IG-D	OAP	552.354513199578
LV3003061500	brown	0.0212965171056284	ST13	148.086	2	IG-D	OAP	-46.4155714652833
LV3003061500	blue	0.000840523391961469	ST13	148.086	2	IG-D	OAP	820
LV3003061500	green	0.00201139202401942	ST13	148.086	2	IG-D	OAP	700.165407854985
LV3003061501	green	0.0366646444756061	ST13	105.5872	4	IG-B	OAP	711.471454405541
LV3003061501	grey	0.388305437041899	ST13	105.5872	4	IG-B	OAP	293.540038322344
LV3003061501	turquoise	0.54997463973506	ST13	105.5872	4	IG-B	OAP	311.481379179288
LV3003061501	yellow	0.0238933476544241	ST13	105.5872	4	IG-B	OAP	514.18295357204
LV3003061501	blue	0.00116193109301084	ST13	105.5872	4	IG-B	OAP	712.427385892116
LV3003061503	grey	0.197217192283379	ST13	73.1472	4	IG-B	OAP	426.812138889339
LV3003061503	green	0.0300936910576348	ST13	73.1472	4	IG-B	OAP	664.545179897202
LV3003061503	turquoise	0.727274907619487	ST13	73.1472	4	IG-B	OAP	322.913047958718
LV3003061503	yellow	0.0428436580798901	ST13	73.1472	4	IG-B	OAP	601.309699250051
LV3003061503	blue	0.0023024461777509	ST13	73.1472	4	IG-B	OAP	547.170952138493
LV3003061503	brown	0.000268104781858643	ST13	73.1472	4	IG-B	OAP	623.08785942492
LV3003061504	turquoise	0.675570643339407	ST13	50.268	1	G-A	OAP	403.272515077853
LV3003061504	grey	0.261952826313229	ST13	50.268	1	G-A	OAP	340.277820297221
LV3003061504	yellow	0.0571664033025109	ST13	50.268	1	G-A	OAP	575.277326774447
LV3003061504	green	0.00531012704485255	ST13	50.268	1	G-A	OAP	677.560642857143
LV3003061505	grey	0.192994034105908	ST13	32.81	1	G-A	OAP	479.753482701475
LV3003061505	turquoise	0.731215792900762	ST13	32.81	1	G-A	OAP	377.597011217232
LV3003061505	yellow	0.0665443570385231	ST13	32.81	1	G-A	OAP	566.702611929264
LV3003061505	blue	0.00355489854460342	ST13	32.81	1	G-A	OAP	630.270789473684
LV3003061505	green	0.00431163437340514	ST13	32.81	1	G-A	OAP	498.738283627511
LV3003061505	brown	0.00137928303679848	ST13	32.81	1	G-A	OAP	296.616028708134
LV3003061506	grey	0.257392685165135	ST13	11.95	3	IG-A	OAP	504.067608857421
LV3003061506	turquoise	0.653321784679473	ST13	11.95	3	IG-A	OAP	417.772230769204
LV3003061506	yellow	0.0490714676070571	ST13	11.95	3	IG-A	OAP	617.070064490379
LV3003061506	brown	0.0337653767232757	ST13	11.95	3	IG-A	OAP	-99.9907990727664
LV3003061506	blue	0.00213031418525278	ST13	11.95	3	IG-A	OAP	703.344254510921
LV3003061506	green	0.00431837163980573	ST13	11.95	3	IG-A	OAP	33.2810644831116
LV3003061513	yellow	0.0975704449350746	ST13	138.493	2	IG-D	OAP	483.622925593317
LV3003061513	turquoise	0.637129064850503	ST13	138.493	2	IG-D	OAP	460.659959099562
LV3003061513	green	0.0102299517269768	ST13	138.493	2	IG-D	OAP	769.44382407985
LV3003061513	grey	0.250233880926543	ST13	138.493	2	IG-D	OAP	458.737293406635
LV3003061513	blue	0.00195056692736594	ST13	138.493	2	IG-D	OAP	689.830215827338
LV3003061513	brown	0.00288609063353665	ST13	138.493	2	IG-D	OAP	71.8508914100486
LV3003061514	grey	0.236425605012018	ST13	100.6726	4	IG-B	OAP	446.260562503227
LV3003061514	green	0.0667414486105137	ST13	100.6726	4	IG-B	OAP	685.63047911748
LV3003061514	turquoise	0.648944734372094	ST13	100.6726	4	IG-B	OAP	391.765891084211
LV3003061514	yellow	0.0389854742537305	ST13	100.6726	4	IG-B	OAP	572.755925413303
LV3003061514	blue	0.00874474772943203	ST13	100.6726	4	IG-B	OAP	506.332464016902
LV3003061514	brown	0.000157990022211961	ST13	100.6726	4	IG-B	OAP	504.142045454546
LV3003061515	grey	0.233530384936794	ST13	71.0012	4	IG-B	OAP	488.085787836516
LV3003061515	green	0.0811615902957876	ST13	71.0012	4	IG-B	OAP	654.274893024359
LV3003061515	turquoise	0.634107115639879	ST13	71.0012	4	IG-B	OAP	402.816475203224
LV3003061515	yellow	0.043006614650338	ST13	71.0012	4	IG-B	OAP	611.774244933104
LV3003061515	blue	0.00805939695552061	ST13	71.0012	4	IG-B	OAP	612.151153758853
LV3003061515	brown	0.000134897521681419	ST13	71.0012	4	IG-B	OAP	282.5670995671
LV3003061516	turquoise	0.660937071756603	ST13	48.537	1	G-A	OAP	368.749655969273
LV3003061516	grey	0.278924464270992	ST13	48.537	1	G-A	OAP	319.882118675241
LV3003061516	yellow	0.0544942856315218	ST13	48.537	1	G-A	OAP	597.134656706542
LV3003061516	blue	0.000505814640102856	ST13	48.537	1	G-A	OAP	820
LV3003061516	green	0.00513836370078056	ST13	48.537	1	G-A	OAP	669.289333333333
LV3003061517	grey	0.222850362383575	ST13	30.678	4	IG-B	OAP	538.463190582432
LV3003061517	green	0.0164286380125999	ST13	30.678	4	IG-B	OAP	705.521396261842
LV3003061517	turquoise	0.676204643792094	ST13	30.678	4	IG-B	OAP	375.500539968151
LV3003061517	yellow	0.0739079941894338	ST13	30.678	4	IG-B	OAP	599.870207132674
LV3003061517	blue	0.00841192098251393	ST13	30.678	4	IG-B	OAP	624.188275007656
LV3003061517	brown	0.00219644063978374	ST13	30.678	4	IG-B	OAP	299.856195473511
LV3003061518	grey	0.24499850013563	ST13	9.804	3	IG-A	OAP	484.9120453804
LV3003061518	green	0.00969887105926693	ST13	9.804	3	IG-A	OAP	698.338094234215
LV3003061518	turquoise	0.632258191261798	ST13	9.804	3	IG-A	OAP	491.14890024926
LV3003061518	yellow	0.0863513853533144	ST13	9.804	3	IG-A	OAP	596.230017745347
LV3003061518	blue	0.0184071515951076	ST13	9.804	3	IG-A	OAP	695.400149211847
LV3003061518	brown	0.00828590059488323	ST13	9.804	3	IG-A	OAP	286.479584516662
LV3003061527	turquoise	0.376868983409572	ST13	133.7754	2	IG-D	OAP	315.070726811747
LV3003061527	grey	0.559773332423022	ST13	133.7754	2	IG-D	OAP	219.794833485009
LV3003061527	yellow	0.0633576841674063	ST13	133.7754	2	IG-D	OAP	446.181385006353
LV3003061528	green	0.0548605250048881	ST13	95.118	4	IG-B	OAP	704.269132927834
LV3003061528	turquoise	0.653222058576452	ST13	95.118	4	IG-B	OAP	382.742644626355
LV3003061528	grey	0.243154470362485	ST13	95.118	4	IG-B	OAP	429.284331366898
LV3003061528	yellow	0.0435555389617216	ST13	95.118	4	IG-B	OAP	598.611860785471
LV3003061528	blue	0.00520740709445352	ST13	95.118	4	IG-B	OAP	634.160565004324
LV3003061529	grey	0.205678296393689	ST13	66.015	4	IG-B	OAP	525.315966320117
LV3003061529	green	0.0238473970072627	ST13	66.015	4	IG-B	OAP	653.863800694531
LV3003061529	turquoise	0.68425506354871	ST13	66.015	4	IG-B	OAP	382.347584618388
LV3003061529	yellow	0.0742852726646632	ST13	66.015	4	IG-B	OAP	606.517681272441
LV3003061529	blue	0.00976904896068119	ST13	66.015	4	IG-B	OAP	608.255613317731
LV3003061529	brown	0.00216492142499374	ST13	66.015	4	IG-B	OAP	184.704540687996
LV3003061530	turquoise	0.849626307922272	ST13	47.046	1	G-A	OAP	220.04259485538
LV3003061530	grey	0.11601469325446	ST13	47.046	1	G-A	OAP	457.868990764217
LV3003061530	yellow	0.0286407149445028	ST13	47.046	1	G-A	OAP	580.251951213802
LV3003061530	green	0.00513627834494164	ST13	47.046	1	G-A	OAP	712.206014882183
LV3003061530	blue	0.000582005533823109	ST13	47.046	1	G-A	OAP	84.4754098360656
LV3003061531	grey	0.243030522487042	ST13	28.445	1	G-A	OAP	510.701119872753
LV3003061531	green	0.0104196333395718	ST13	28.445	1	G-A	OAP	735.351545494123
LV3003061531	turquoise	0.669224447283409	ST13	28.445	1	G-A	OAP	340.457159804003
LV3003061531	yellow	0.0668925406654569	ST13	28.445	1	G-A	OAP	608.627185487051
LV3003061531	blue	0.00801001684392113	ST13	28.445	1	G-A	OAP	587.178081239666
LV3003061531	brown	0.00242283938059938	ST13	28.445	1	G-A	OAP	97.6422534209506
LV3003061533	grey	0.38914095332891	ST13	7.912	3	IG-A	OAP	333.83071233278
LV3003061533	turquoise	0.472804689228047	ST13	7.912	3	IG-A	OAP	381.664657661935
LV3003061533	yellow	0.0290712784782128	ST13	7.912	3	IG-A	OAP	631.208319669443
LV3003061533	brown	0.103370382658704	ST13	7.912	3	IG-A	OAP	-108.192737567814
LV3003061533	blue	0.00246488608714886	ST13	7.912	3	IG-A	OAP	820
LV3003061533	green	0.0031478102189781	ST13	7.912	3	IG-A	OAP	93.5775818639798
LV3003061539	yellow	0.0923792700221432	ST13	130.0556	2	IG-D	OAP	593.882945237152
LV3003061539	turquoise	0.576578721952294	ST13	130.0556	2	IG-D	OAP	454.493801228707
LV3003061539	grey	0.324690511140888	ST13	130.0556	2	IG-D	OAP	268.862532880983
LV3003061539	brown	0.000575793226254749	ST13	130.0556	2	IG-D	OAP	360
LV3003061539	green	0.00494755661078155	ST13	130.0556	2	IG-D	OAP	768.526634382567
LV3003061539	blue	0.000828147047638004	ST13	130.0556	2	IG-D	OAP	820
LV3003061541	green	0.01478878237071	ST13	91.09	4	IG-B	OAP	680.586476523089
LV3003061541	turquoise	0.581418525935137	ST13	91.09	4	IG-B	OAP	371.43874115538
LV3003061541	yellow	0.0375072894843211	ST13	91.09	4	IG-B	OAP	602.902510749386
LV3003061541	grey	0.365348954171128	ST13	91.09	4	IG-B	OAP	256.988005740464
LV3003061541	blue	0.000936448038704462	ST13	91.09	4	IG-B	OAP	125.71164021164
LV3003061543	grey	0.25632530934638	ST13	62.293	4	IG-B	OAP	537.370249531452
LV3003061543	green	0.0248946124547101	ST13	62.293	4	IG-B	OAP	692.725496225888
LV3003061543	turquoise	0.642126577875138	ST13	62.293	4	IG-B	OAP	465.534334129086
LV3003061543	yellow	0.0701087192842461	ST13	62.293	4	IG-B	OAP	635.291860348022
LV3003061543	blue	0.00624510081595286	ST13	62.293	4	IG-B	OAP	609.314509480627
LV3003061543	brown	0.000299680223573199	ST13	62.293	4	IG-B	OAP	572.862745098039
LV3003061544	grey	0.27461197893719	ST13	45.122	1	G-A	OAP	529.973787060634
LV3003061544	turquoise	0.635197088740542	ST13	45.122	1	G-A	OAP	491.011402832938
LV3003061544	yellow	0.0731720677229826	ST13	45.122	1	G-A	OAP	595.306619424993
LV3003061544	green	0.014234782215215	ST13	45.122	1	G-A	OAP	711.204986555854
LV3003061544	blue	0.00187669539661861	ST13	45.122	1	G-A	OAP	553.739884393064
LV3003061544	brown	0.000907386987451386	ST13	45.122	1	G-A	OAP	311.538057742782
LV3003061545	grey	0.271703867496492	ST13	23.172	1	G-A	OAP	513.806225408946
LV3003061545	turquoise	0.627651276477629	ST13	23.172	1	G-A	OAP	389.543000530064
LV3003061545	yellow	0.0865917731081217	ST13	23.172	1	G-A	OAP	538.826195820956
LV3003061545	blue	0.00826273022625007	ST13	23.172	1	G-A	OAP	690.548830415495
LV3003061545	brown	0.00206480416568092	ST13	23.172	1	G-A	OAP	178.892321828519
LV3003061545	green	0.00372554852582586	ST13	23.172	1	G-A	OAP	733.422931167827
LV3003061546	grey	0.387735437285443	ST13	7.197	3	IG-A	OAP	329.163271371093
LV3003061546	turquoise	0.483672874513494	ST13	7.197	3	IG-A	OAP	326.347121272134
LV3003061546	yellow	0.01660728660558	ST13	7.197	3	IG-A	OAP	618.774635262117
LV3003061546	brown	0.10959661329761	ST13	7.197	3	IG-A	OAP	-100.780042187415
LV3003061546	blue	0.00218993866661431	ST13	7.197	3	IG-A	OAP	548.646235521235
LV3003061555	turquoise	0.463190756997625	ST13	126.443	2	IG-D	OAP	400.628397957024
LV3003061555	grey	0.467006430610775	ST13	126.443	2	IG-D	OAP	48.1134215465438
LV3003061555	yellow	0.0698028123916002	ST13	126.443	2	IG-D	OAP	505.610695422535
LV3003061556	grey	0.253032303055964	ST13	86.6174	4	IG-B	OAP	241.025943209917
LV3003061556	green	0.0280773413696629	ST13	86.6174	4	IG-B	OAP	665.536661647168
LV3003061556	turquoise	0.679563813271567	ST13	86.6174	4	IG-B	OAP	342.394148843407
LV3003061556	yellow	0.0388616306775257	ST13	86.6174	4	IG-B	OAP	611.577556717867
LV3003061556	blue	0.00046491162528123	ST13	86.6174	4	IG-B	OAP	560.75
LV3003061557	green	0.0417289607215844	ST13	58.082	4	IG-B	OAP	662.094108421137
LV3003061557	yellow	0.0520369874932273	ST13	58.082	4	IG-B	OAP	553.732815298704
LV3003061557	turquoise	0.714945402305311	ST13	58.082	4	IG-B	OAP	387.166070591397
LV3003061557	grey	0.190803036877331	ST13	58.082	4	IG-B	OAP	525.977469680994
LV3003061558	grey	0.227902657273767	ST13	42.626	1	G-A	OAP	527.476224260771
LV3003061558	green	0.00942710497916014	ST13	42.626	1	G-A	OAP	715.827588046958
LV3003061558	turquoise	0.678727614473822	ST13	42.626	1	G-A	OAP	383.210028138288
LV3003061558	yellow	0.0800209339196199	ST13	42.626	1	G-A	OAP	506.660561300503
LV3003061558	blue	0.00350951005392537	ST13	42.626	1	G-A	OAP	619.437243080543
LV3003061558	brown	0.00041217929970566	ST13	42.626	1	G-A	OAP	11.0466804979253
LV3003061559	green	0.0108150649096571	ST13	21.069	1	G-A	OAP	494.650828424153
LV3003061559	grey	0.284624288765346	ST13	21.069	1	G-A	OAP	494.389953524044
LV3003061559	turquoise	0.616595055335131	ST13	21.069	1	G-A	OAP	423.525869370832
LV3003061559	yellow	0.0794893190673878	ST13	21.069	1	G-A	OAP	610.478510285954
LV3003061559	blue	0.00620862092730622	ST13	21.069	1	G-A	OAP	566.802498580352
LV3003061559	brown	0.00226765099517272	ST13	21.069	1	G-A	OAP	230.512363942067
LV3003061568	grey	0.603656908977667	ST13	121.6354	2	IG-D	OAP	137.778540106881
LV3003061568	turquoise	0.350653972773378	ST13	121.6354	2	IG-D	OAP	372.524485843483
LV3003061568	yellow	0.03963875789661	ST13	121.6354	2	IG-D	OAP	486.337414965986
LV3003061568	blue	0.00605036035234452	ST13	121.6354	2	IG-D	OAP	-217
LV3003061569	grey	0.255505298724168	ST13	81.6946	4	IG-B	OAP	364.336495377612
LV3003061569	green	0.0411788151022318	ST13	81.6946	4	IG-B	OAP	652.187860104464
LV3003061569	turquoise	0.661578798992888	ST13	81.6946	4	IG-B	OAP	355.931536831934
LV3003061569	yellow	0.0402928012065343	ST13	81.6946	4	IG-B	OAP	619.970835172597
LV3003061569	blue	0.00127763759254193	ST13	81.6946	4	IG-B	OAP	719.625292740047
LV3003061569	brown	0.000166648381635904	ST13	81.6946	4	IG-B	OAP	360
LV3003061570	green	0.0271809869017217	ST13	55.466	4	IG-B	OAP	694.223060196841
LV3003061570	turquoise	0.688100337754346	ST13	55.466	4	IG-B	OAP	406.244953428175
LV3003061570	grey	0.222085839031222	ST13	55.466	4	IG-B	OAP	489.742225027569
LV3003061570	yellow	0.0615433726007085	ST13	55.466	4	IG-B	OAP	579.281520512387
LV3003061570	blue	0.00108946371200264	ST13	55.466	4	IG-B	OAP	-217
LV3003061571	turquoise	0.762600634455215	ST13	40.457	1	G-A	OAP	264.210976136055
LV3003061571	grey	0.187266976732429	ST13	40.457	1	G-A	OAP	493.283016959391
LV3003061571	yellow	0.0455635529492057	ST13	40.457	1	G-A	OAP	569.885925860625
LV3003061571	blue	0.00157033985061234	ST13	40.457	1	G-A	OAP	730.564145803606
LV3003061571	brown	0.00240448415757744	ST13	40.457	1	G-A	OAP	-6.51639162414459
LV3003061571	green	0.000594011854959999	ST13	40.457	1	G-A	OAP	751.050531914894
LV3003061572	grey	0.20323545340841	ST13	19.099	3	IG-A	OAP	546.670995267553
LV3003061572	green	0.00605675701372988	ST13	19.099	3	IG-A	OAP	701.513612623625
LV3003061572	turquoise	0.657335163493042	ST13	19.099	3	IG-A	OAP	450.600093497752
LV3003061572	yellow	0.103679808200944	ST13	19.099	3	IG-A	OAP	584.993071428079
LV3003061572	blue	0.0245915891449046	ST13	19.099	3	IG-A	OAP	647.730495027144
LV3003061572	brown	0.00510122873897058	ST13	19.099	3	IG-A	OAP	72.0899748847176
LV7001898064	grey	0.275741891502137	ST13	6.808	3	IG-A	OAP	477.577016700286
LV7001898064	turquoise	0.622768294921209	ST13	6.808	3	IG-A	OAP	429.855997252623
LV7001898064	yellow	0.0476383754162406	ST13	6.808	3	IG-A	OAP	574.915240477697
LV7001898064	blue	0.00611552479089646	ST13	6.808	3	IG-A	OAP	764.796233543663
LV7001898064	brown	0.044604210912714	ST13	6.808	3	IG-A	OAP	-1.87826493394406
LV7001898064	green	0.00313170245680275	ST13	6.808	3	IG-A	OAP	722.257844946931
LV7001898076	grey	0.23054960712167	ST13	6.429	3	IG-A	OAP	457.696206046088
LV7001898076	green	0.0085234907269221	ST13	6.429	3	IG-A	OAP	686.896295414342
LV7001898076	turquoise	0.644771312529683	ST13	6.429	3	IG-A	OAP	419.167522713504
LV7001898076	yellow	0.0753901318157925	ST13	6.429	3	IG-A	OAP	618.373713865198
LV7001898076	blue	0.0196713816573398	ST13	6.429	3	IG-A	OAP	680.269632734827
LV7001898076	brown	0.0210940761485923	ST13	6.429	3	IG-A	OAP	-68.3936795673422
LV7001898088	grey	0.314780869596273	ST13	6.031	3	IG-A	OAP	190.978733271113
LV7001898088	green	0.0176895133083804	ST13	6.031	3	IG-A	OAP	679.354545292312
LV7001898088	turquoise	0.630804341226826	ST13	6.031	3	IG-A	OAP	299.274196370018
LV7001898088	yellow	0.0330665679106662	ST13	6.031	3	IG-A	OAP	626.183344121296
LV7001898088	blue	0.00336057663566567	ST13	6.031	3	IG-A	OAP	622.673948506474
LV7001898088	brown	0.000298131322189122	ST13	6.031	3	IG-A	OAP	159.9833984375
LV7001898100	grey	0.309228560993737	ST13	5.659	5	IG-C	OAP	321.167406497971
LV7001898100	green	0.027060556506584	ST13	5.659	5	IG-C	OAP	655.08834505992
LV7001898100	turquoise	0.654652108943496	ST13	5.659	5	IG-C	OAP	297.294500344524
LV7001898100	yellow	0.00780420603711624	ST13	5.659	5	IG-C	OAP	530.813716216216
LV7001898100	blue	0.00125456751906766	ST13	5.659	5	IG-C	OAP	627.087841072283
LV7008886221	grey	0.288161059747603	GeoB25202_R1	50.3555	1	G-A	OAP	373.106561806931
LV7008886221	turquoise	0.670427159452342	GeoB25202_R1	50.3555	1	G-A	OAP	262.302849864819
LV7008886221	yellow	0.039963975877518	GeoB25202_R1	50.3555	1	G-A	OAP	614.358529455299
LV7008886221	green	0.0011764840000456	GeoB25202_R1	50.3555	1	G-A	OAP	820
LV7008886221	brown	0.000271320922491136	GeoB25202_R1	50.3555	1	G-A	OAP	820
LV7008886222	turquoise	0.423128871665771	GeoB25202_R1	136.2775	1	G-A	OAP	511.037267188073
LV7008886222	yellow	0.0672644471473425	GeoB25202_R1	136.2775	1	G-A	OAP	492.928969492389
LV7008886222	grey	0.499013520776172	GeoB25202_R1	136.2775	1	G-A	OAP	263.353922196354
LV7008886222	green	0.0101405821288151	GeoB25202_R1	136.2775	1	G-A	OAP	699.747884615385
LV7008886222	blue	0.000452578281899697	GeoB25202_R1	136.2775	1	G-A	OAP	820
LV7008886226	grey	0.297773472289495	GeoB25202_R2	36.607	1	G-A	OAP	307.670793534863
LV7008886226	turquoise	0.662134966641146	GeoB25202_R2	36.607	1	G-A	OAP	291.148020391499
LV7008886226	yellow	0.0342885267417697	GeoB25202_R2	36.607	1	G-A	OAP	676.361643220324
LV7008886226	brown	0.00335776003499945	GeoB25202_R2	36.607	1	G-A	OAP	543.279571893904
LV7008886226	blue	0.00144060249058608	GeoB25202_R2	36.607	1	G-A	OAP	684.545437931555
LV7008886226	green	0.00100467180200309	GeoB25202_R2	36.607	1	G-A	OAP	705.664102564103
LV7008886228	grey	0.683185628742515	GeoB25202_R2	120.0235	2	IG-D	OAP	287.874601367852
LV7008886228	turquoise	0.273508982035928	GeoB25202_R2	120.0235	2	IG-D	OAP	432.981606854684
LV7008886228	yellow	0.0350179640718563	GeoB25202_R2	120.0235	2	IG-D	OAP	541.695304632427
LV7008886228	brown	0.0082874251497006	GeoB25202_R2	120.0235	2	IG-D	OAP	-244
LV7008886229	grey	0.391540273616074	GeoB25202_R2	68.149	4	IG-B	OAP	393.232499880008
LV7008886229	green	0.0264104577522133	GeoB25202_R2	68.149	4	IG-B	OAP	669.179422659921
LV7008886229	turquoise	0.55035931893407	GeoB25202_R2	68.149	4	IG-B	OAP	327.211462668882
LV7008886229	yellow	0.0290291775079116	GeoB25202_R2	68.149	4	IG-B	OAP	617.689682436951
LV7008886229	brown	0.00126921891809027	GeoB25202_R2	68.149	4	IG-B	OAP	586.422289156626
LV7008886229	blue	0.00139155327164114	GeoB25202_R2	68.149	4	IG-B	OAP	270.706595264938
LV7008886690	yellow	0.00426774585976884	GeoB25202_R1	2.324	3	IG-A	OAP	650.440349544073
LV7008886690	turquoise	0.432577075977448	GeoB25202_R1	2.324	3	IG-A	OAP	317.748059383894
LV7008886690	grey	0.461872722815768	GeoB25202_R1	2.324	3	IG-A	OAP	283.696709035294
LV7008886690	brown	0.10111192822026	GeoB25202_R1	2.324	3	IG-A	OAP	-87.9008511565022
LV7008886690	blue	0.000170527126754945	GeoB25202_R1	2.324	3	IG-A	OAP	820
LV7008886692	turquoise	0.546948086972669	GeoB25202_R1	53.875	1	G-A	OAP	385.383620904949
LV7008886692	grey	0.41704614786061	GeoB25202_R1	53.875	1	G-A	OAP	156.571530495235
LV7008886692	yellow	0.0345644734864227	GeoB25202_R1	53.875	1	G-A	OAP	598.074957442281
LV7008886695	green	0.0187447608956605	GeoB25202_R1	95.3875	4	IG-B	OAP	663.555070118662
LV7008886695	grey	0.473287776876186	GeoB25202_R1	95.3875	4	IG-B	OAP	356.94103252916
LV7008886695	turquoise	0.489386329039224	GeoB25202_R1	95.3875	4	IG-B	OAP	312.825916050448
LV7008886695	yellow	0.0182216887184061	GeoB25202_R1	95.3875	4	IG-B	OAP	624.586177972283
LV7008886695	blue	0.0001381447032236	GeoB25202_R1	95.3875	4	IG-B	OAP	702.5
LV7008886695	brown	0.000221299767299942	GeoB25202_R1	95.3875	4	IG-B	OAP	820
LV7008886702	grey	0.3029915388091	GeoB25202_R2	2.324	3	IG-A	OAP	387.379123220094
LV7008886702	turquoise	0.592549826798534	GeoB25202_R2	2.324	3	IG-A	OAP	349.150842482256
LV7008886702	yellow	0.040969773737483	GeoB25202_R2	2.324	3	IG-A	OAP	553.789431490373
LV7008886702	blue	0.00191834622528934	GeoB25202_R2	2.324	3	IG-A	OAP	784.73516075845
LV7008886702	brown	0.0595034891309805	GeoB25202_R2	2.324	3	IG-A	OAP	-93.1657832349804
LV7008886702	green	0.00206702529861323	GeoB25202_R2	2.324	3	IG-A	OAP	743.493406921241
LV7008886703	grey	0.367758345041422	GeoB25202_R1	27.6855	1	G-A	OAP	502.653735844775
LV7008886703	turquoise	0.543255333236439	GeoB25202_R1	27.6855	1	G-A	OAP	411.559294255812
LV7008886703	yellow	0.0794002228574197	GeoB25202_R1	27.6855	1	G-A	OAP	588.783269604045
LV7008886703	blue	0.0055924293073656	GeoB25202_R1	27.6855	1	G-A	OAP	476.563841862255
LV7008886703	brown	0.000943106761623306	GeoB25202_R1	27.6855	1	G-A	OAP	117.028681506849
LV7008886703	green	0.00305056279573018	GeoB25202_R1	27.6855	1	G-A	OAP	678.555388093444
LV7008886704	grey	0.369361874353555	GeoB25202_R2	53.875	1	G-A	OAP	132.722258997458
LV7008886704	turquoise	0.578502795640899	GeoB25202_R2	53.875	1	G-A	OAP	390.902959418458
LV7008886704	yellow	0.0431300685044445	GeoB25202_R2	53.875	1	G-A	OAP	581.53833375336
LV7008886704	blue	0.00120669754613182	GeoB25202_R2	53.875	1	G-A	OAP	-217
LV7008886704	green	0.00779856395496995	GeoB25202_R2	53.875	1	G-A	OAP	707.377183219178
LV7008886705	turquoise	0.575860444326323	GeoB25202_R1	59.738	2	IG-D	OAP	485.132140266515
LV7008886705	grey	0.394396994334175	GeoB25202_R1	59.738	2	IG-D	OAP	311.667994421965
LV7008886705	yellow	0.0253693658866593	GeoB25202_R1	59.738	2	IG-D	OAP	659.454685099846
LV7008886705	brown	0.00159464585573287	GeoB25202_R1	59.738	2	IG-D	OAP	-224.714285714286
LV7008886705	green	0.00277854959711031	GeoB25202_R1	59.738	2	IG-D	OAP	820
LV7008886706	green	0.0270390276031611	GeoB25202_R1	79.0255	4	IG-B	OAP	635.97349060619
LV7008886706	grey	0.410592714309202	GeoB25202_R1	79.0255	4	IG-B	OAP	398.068320515748
LV7008886706	turquoise	0.532926002026155	GeoB25202_R1	79.0255	4	IG-B	OAP	354.252096214922
LV7008886706	yellow	0.0283563236610198	GeoB25202_R1	79.0255	4	IG-B	OAP	629.267398518227
LV7008886706	blue	0.0008004198019724	GeoB25202_R1	79.0255	4	IG-B	OAP	755.424908424909
LV7008886706	brown	0.00028551259848954	GeoB25202_R1	79.0255	4	IG-B	OAP	620.137931034483
LV7008886707	grey	0.503331827521897	GeoB25202_R2	95.3875	4	IG-B	OAP	344.737801730541
LV7008886707	green	0.0124132766866992	GeoB25202_R2	95.3875	4	IG-B	OAP	696.628069294502
LV7008886707	turquoise	0.46833137929398	GeoB25202_R2	95.3875	4	IG-B	OAP	314.763418811433
LV7008886707	yellow	0.015923516497424	GeoB25202_R2	95.3875	4	IG-B	OAP	594.408155139036
LV7008886708	green	0.0186353516490295	GeoB25202_R1	109.6305	4	IG-B	OAP	703.861985839515
LV7008886708	grey	0.626029299879802	GeoB25202_R1	109.6305	4	IG-B	OAP	351.771023105427
LV7008886708	turquoise	0.346274705533778	GeoB25202_R1	109.6305	4	IG-B	OAP	325.961772064222
LV7008886708	yellow	0.00833908152335448	GeoB25202_R1	109.6305	4	IG-B	OAP	559.702698538475
LV7008886708	blue	0.000444900560985959	GeoB25202_R1	109.6305	4	IG-B	OAP	820
LV7008886708	brown	0.000276660853050092	GeoB25202_R1	109.6305	4	IG-B	OAP	-244
LV7008886709	turquoise	0.556743531950144	GeoB25202_R1	147.206	1	G-A	OAP	500.047283428175
LV7008886709	yellow	0.0797356913059392	GeoB25202_R1	147.206	1	G-A	OAP	620.292147389674
LV7008886709	grey	0.358064112196344	GeoB25202_R1	147.206	1	G-A	OAP	371.757604092994
LV7008886709	blue	0.00242250862085573	GeoB25202_R1	147.206	1	G-A	OAP	454.604600965635
LV7008886709	green	0.00225876052322333	GeoB25202_R1	147.206	1	G-A	OAP	820
LV7008886709	brown	0.000775395403494577	GeoB25202_R1	147.206	1	G-A	OAP	-234.608695652174
LV7008886714	grey	0.281123266837477	GeoB25202_R1	0.692	5	IG-C	OAP	357.862128002733
LV7008886714	green	0.0115286274863083	GeoB25202_R1	0.692	5	IG-C	OAP	671.953011631924
LV7008886714	turquoise	0.699148951954999	GeoB25202_R1	0.692	5	IG-C	OAP	339.277620158949
LV7008886714	yellow	0.00709957421101858	GeoB25202_R1	0.692	5	IG-C	OAP	540.432968948035
LV7008886714	blue	0.00084336423637515	GeoB25202_R1	0.692	5	IG-C	OAP	648.461177474403
LV7008886714	brown	0.000256215273821794	GeoB25202_R1	0.692	5	IG-C	OAP	820
LV7008886715	grey	0.276163883237691	GeoB25202_R2	27.6855	1	G-A	OAP	512.589537061272
LV7008886715	turquoise	0.646006488985606	GeoB25202_R2	27.6855	1	G-A	OAP	301.479918009937
LV7008886715	yellow	0.0682329282132863	GeoB25202_R2	27.6855	1	G-A	OAP	540.663111500798
LV7008886715	blue	0.00581125258616759	GeoB25202_R2	27.6855	1	G-A	OAP	593.247412021134
LV7008886715	brown	0.00110901766911595	GeoB25202_R2	27.6855	1	G-A	OAP	92.2958333333334
LV7008886715	green	0.00267642930813317	GeoB25202_R2	27.6855	1	G-A	OAP	770.53552097429
LV7008886717	turquoise	0.631443093878688	GeoB25202_R2	59.738	2	IG-D	OAP	467.891074424681
LV7008886717	grey	0.313376569120894	GeoB25202_R2	59.738	2	IG-D	OAP	354.488501811093
LV7008886717	green	0.0169345693994072	GeoB25202_R2	59.738	2	IG-D	OAP	750.246121453901
LV7008886717	yellow	0.0366293990092904	GeoB25202_R2	59.738	2	IG-D	OAP	618.481663018553
LV7008886717	blue	0.000561998925736567	GeoB25202_R2	59.738	2	IG-D	OAP	820
LV7008886717	brown	0.00105436966598365	GeoB25202_R2	59.738	2	IG-D	OAP	215.75
LV7008886718	green	0.0207418439549313	GeoB25202_R2	79.0255	4	IG-B	OAP	626.496728687827
LV7008886718	grey	0.399791904588106	GeoB25202_R2	79.0255	4	IG-B	OAP	418.414885358499
LV7008886718	turquoise	0.541320331539847	GeoB25202_R2	79.0255	4	IG-B	OAP	356.248512690928
LV7008886718	yellow	0.0365094128589425	GeoB25202_R2	79.0255	4	IG-B	OAP	612.544267847393
LV7008886718	blue	0.000925686096754065	GeoB25202_R2	79.0255	4	IG-B	OAP	732.863194444444
LV7008886718	brown	0.000710820961418463	GeoB25202_R2	79.0255	4	IG-B	OAP	682.386128364389
LV7008886719	grey	0.552131968922435	GeoB25202_R1	87.2825	2	IG-D	OAP	346.558564117538
LV7008886719	turquoise	0.434389244652777	GeoB25202_R1	87.2825	2	IG-D	OAP	364.329313306674
LV7008886719	green	0.00391468433388082	GeoB25202_R1	87.2825	2	IG-D	OAP	751.926493710692
LV7008886719	blue	0.00027220551054681	GeoB25202_R1	87.2825	2	IG-D	OAP	820
LV7008886719	yellow	0.00901507741709266	GeoB25202_R1	87.2825	2	IG-D	OAP	533.858859073175
LV7008886719	brown	0.000276819163267943	GeoB25202_R1	87.2825	2	IG-D	OAP	820
LV7008886720	green	0.0182159725086512	GeoB25202_R2	109.6305	4	IG-B	OAP	666.120752118644
LV7008886720	grey	0.728237383114176	GeoB25202_R2	109.6305	4	IG-B	OAP	260.547149268691
LV7008886720	turquoise	0.244172803388937	GeoB25202_R2	109.6305	4	IG-B	OAP	322.498981252194
LV7008886720	yellow	0.00789577619188804	GeoB25202_R2	109.6305	4	IG-B	OAP	609.057732965644
LV7008886720	blue	0.000579847773548657	GeoB25202_R2	109.6305	4	IG-B	OAP	752.787037037037
LV7008886720	brown	0.000898217022798958	GeoB25202_R2	109.6305	4	IG-B	OAP	570.362971985384
LV7008886721	turquoise	0.566310592268841	GeoB25202_R2	147.206	1	G-A	OAP	512.132200256759
LV7008886721	yellow	0.0773045073635147	GeoB25202_R2	147.206	1	G-A	OAP	625.59550316087
LV7008886721	grey	0.340528019607704	GeoB25202_R2	147.206	1	G-A	OAP	344.578840538339
LV7008886721	green	0.0115535280408588	GeoB25202_R2	147.206	1	G-A	OAP	653.746893101633
LV7008886721	blue	0.00142382534409112	GeoB25202_R2	147.206	1	G-A	OAP	820
LV7008886721	brown	0.00287952737499026	GeoB25202_R2	147.206	1	G-A	OAP	101.000160436387
LV7008886726	green	0.0151322342626497	GeoB25202_R2	0.692	5	IG-C	OAP	657.582222595266
LV7008886726	turquoise	0.692020060226895	GeoB25202_R2	0.692	5	IG-C	OAP	351.040097787823
LV7008886726	yellow	0.0055473442976321	GeoB25202_R2	0.692	5	IG-C	OAP	522.089781442349
LV7008886726	grey	0.286650062595368	GeoB25202_R2	0.692	5	IG-C	OAP	362.518529666489
LV7008886726	blue	0.000650298617455236	GeoB25202_R2	0.692	5	IG-C	OAP	752.595
LV7008886727	grey	0.201587810599601	GeoB25202_R1	16.4375	3	IG-A	OAP	544.787320448355
LV7008886727	green	0.0071120855737273	GeoB25202_R1	16.4375	3	IG-A	OAP	716.554752034393
LV7008886727	turquoise	0.638578776104785	GeoB25202_R1	16.4375	3	IG-A	OAP	530.246706967933
LV7008886727	yellow	0.106514730046511	GeoB25202_R1	16.4375	3	IG-A	OAP	594.28336735152
LV7008886727	blue	0.0290457806845931	GeoB25202_R1	16.4375	3	IG-A	OAP	663.828247838048
LV7008886727	brown	0.0171608169907832	GeoB25202_R1	16.4375	3	IG-A	OAP	12.6547132436583
LV7008886728	grey	0.33206542296461	GeoB25202_R2	50.3555	1	G-A	OAP	203.564570425327
LV7008886728	turquoise	0.611647224365667	GeoB25202_R2	50.3555	1	G-A	OAP	377.731712946705
LV7008886728	yellow	0.0542478023391282	GeoB25202_R2	50.3555	1	G-A	OAP	570.873542186489
LV7008886728	green	0.00111963445448081	GeoB25202_R2	50.3555	1	G-A	OAP	820
LV7008886728	blue	0.000919915876113961	GeoB25202_R2	50.3555	1	G-A	OAP	637.142857142857
LV7008886730	green	0.0290848829403176	GeoB25202_R1	75.351	4	IG-B	OAP	674.755021221249
LV7008886730	grey	0.369101126232918	GeoB25202_R1	75.351	4	IG-B	OAP	419.809101773151
LV7008886730	turquoise	0.565734163963363	GeoB25202_R1	75.351	4	IG-B	OAP	339.572508464154
LV7008886730	yellow	0.0336480275666515	GeoB25202_R1	75.351	4	IG-B	OAP	620.643706141855
LV7008886730	brown	0.00111449643445644	GeoB25202_R1	75.351	4	IG-B	OAP	678.314069081719
LV7008886730	blue	0.0013173028622935	GeoB25202_R1	75.351	4	IG-B	OAP	486.413491563082
LV7008886731	grey	0.521976233279629	GeoB25202_R2	87.2825	2	IG-D	OAP	359.460770701655
LV7008886731	turquoise	0.460046322503323	GeoB25202_R2	87.2825	2	IG-D	OAP	300.653136053002
LV7008886731	yellow	0.01134631773422	GeoB25202_R2	87.2825	2	IG-D	OAP	651.021421634544
LV7008886731	brown	0.00121301094198075	GeoB25202_R2	87.2825	2	IG-D	OAP	518.6
LV7008886731	green	0.00541811554084737	GeoB25202_R2	87.2825	2	IG-D	OAP	723.772577092511
LV7008886739	grey	0.20434609159764	GeoB25202_R2	16.4375	3	IG-A	OAP	565.150856690949
LV7008886739	green	0.00881856866185978	GeoB25202_R2	16.4375	3	IG-A	OAP	704.302874019219
LV7008886739	turquoise	0.650740241496258	GeoB25202_R2	16.4375	3	IG-A	OAP	500.867083367052
LV7008886739	yellow	0.103250788772606	GeoB25202_R2	16.4375	3	IG-A	OAP	590.197116582072
LV7008886739	blue	0.0270387612405779	GeoB25202_R2	16.4375	3	IG-A	OAP	638.850979341955
LV7008886739	brown	0.00580554823105809	GeoB25202_R2	16.4375	3	IG-A	OAP	85.9231318337363
LV7008886740	grey	0.256270455488345	GeoB25202_R1	43.105	1	G-A	OAP	403.06008333259
LV7008886740	turquoise	0.580439047126372	GeoB25202_R1	43.105	1	G-A	OAP	382.453808245966
LV7008886740	yellow	0.064722573639758	GeoB25202_R1	43.105	1	G-A	OAP	582.427771906871
LV7008886740	blue	0.00231508750723465	GeoB25202_R1	43.105	1	G-A	OAP	546.622983870968
LV7008886740	green	0.0962528362382901	GeoB25202_R1	43.105	1	G-A	OAP	416.150149636021
LV7008886741	turquoise	0.483773377337734	GeoB25202_R1	58.997	2	IG-D	OAP	358.284727623791
LV7008886741	grey	0.457563256325633	GeoB25202_R1	58.997	2	IG-D	OAP	252.6770218949
LV7008886741	yellow	0.0534653465346535	GeoB25202_R1	58.997	2	IG-D	OAP	648.789404553415
LV7008886741	green	0.0051980198019802	GeoB25202_R1	58.997	2	IG-D	OAP	405.2
LV7008886742	grey	0.356002603971805	GeoB25202_R2	75.351	4	IG-B	OAP	395.956380677899
LV7008886742	green	0.0321313658879694	GeoB25202_R2	75.351	4	IG-B	OAP	685.178266763058
LV7008886742	turquoise	0.570397030873528	GeoB25202_R2	75.351	4	IG-B	OAP	364.190254437605
LV7008886742	yellow	0.0372555035093758	GeoB25202_R2	75.351	4	IG-B	OAP	613.468641229957
LV7008886742	blue	0.0031300040406459	GeoB25202_R2	75.351	4	IG-B	OAP	609.717144204693
LV7008886742	brown	0.0010834917166759	GeoB25202_R2	75.351	4	IG-B	OAP	510.293301104972
LV7008886743	green	0.017225820645628	GeoB25202_R1	81.6705	4	IG-B	OAP	669.954393442623
LV7008886743	grey	0.511623094047499	GeoB25202_R1	81.6705	4	IG-B	OAP	352.928267528919
LV7008886743	turquoise	0.456785358705015	GeoB25202_R1	81.6705	4	IG-B	OAP	328.779609708791
LV7008886743	yellow	0.0139741883038188	GeoB25202_R1	81.6705	4	IG-B	OAP	648.877882065967
LV7008886743	brown	0.000391538298038953	GeoB25202_R1	81.6705	4	IG-B	OAP	-244
LV7008886744	grey	0.625552561680746	GeoB25202_R1	105.5785	2	IG-D	OAP	314.662792255886
LV7008886744	turquoise	0.35549493225426	GeoB25202_R1	105.5785	2	IG-D	OAP	290.211304624693
LV7008886744	yellow	0.00493829528129105	GeoB25202_R1	105.5785	2	IG-D	OAP	627.101993446204
LV7008886744	green	0.0134652449490349	GeoB25202_R1	105.5785	2	IG-D	OAP	763.293164556962
LV7008886744	brown	0.000548965834667792	GeoB25202_R1	105.5785	2	IG-D	OAP	-244
LV7008886745	grey	0.523979823320612	GeoB25202_R2	136.2775	2	IG-D	OAP	275.536650584403
LV7008886745	turquoise	0.423556806960421	GeoB25202_R2	136.2775	2	IG-D	OAP	493.913623105947
LV7008886745	yellow	0.0453574955296378	GeoB25202_R2	136.2775	2	IG-D	OAP	679.682497183182
LV7008886745	green	0.00710587418932985	GeoB25202_R2	136.2775	2	IG-D	OAP	820
LV7008886751	grey	0.505619797816883	GeoB25202_R1	7.1335	3	IG-A	OAP	339.949883496541
LV7008886751	turquoise	0.387870453039947	GeoB25202_R1	7.1335	3	IG-A	OAP	436.379861414552
LV7008886751	yellow	0.0318521211946661	GeoB25202_R1	7.1335	3	IG-A	OAP	601.556942566722
LV7008886751	brown	0.073104173266899	GeoB25202_R1	7.1335	3	IG-A	OAP	-64.6889567469042
LV7008886751	blue	0.000903631807839636	GeoB25202_R1	7.1335	3	IG-A	OAP	820
LV7008886751	green	0.000649822873765157	GeoB25202_R1	7.1335	3	IG-A	OAP	820
LV7008886752	grey	0.41978536554602	GeoB25202_R2	43.105	1	G-A	OAP	287.560654166857
LV7008886752	turquoise	0.519865774633823	GeoB25202_R2	43.105	1	G-A	OAP	398.334185425933
LV7008886752	yellow	0.0530226984869427	GeoB25202_R2	43.105	1	G-A	OAP	569.902645122307
LV7008886752	blue	0.0006543092438918	GeoB25202_R2	43.105	1	G-A	OAP	621.093373493976
LV7008886752	green	0.00667185208932241	GeoB25202_R2	43.105	1	G-A	OAP	484.294699200673
LV7008886753	turquoise	0.721817171254823	GeoB25202_R2	58.997	2	IG-D	OAP	491.207033067306
LV7008886753	yellow	0.0412607075132414	GeoB25202_R2	58.997	2	IG-D	OAP	520.314283657308
LV7008886753	grey	0.220471239564943	GeoB25202_R2	58.997	2	IG-D	OAP	377.948385330582
LV7008886753	blue	0.00152575252294078	GeoB25202_R2	58.997	2	IG-D	OAP	190.392857142857
LV7008886753	green	0.0140151267464417	GeoB25202_R2	58.997	2	IG-D	OAP	685.348927203065
LV7008886753	brown	0.000910002397611107	GeoB25202_R2	58.997	2	IG-D	OAP	820
LV7008886754	green	0.0483652707527194	GeoB25202_R1	71.8895	4	IG-B	OAP	642.004174037699
LV7008886754	grey	0.415870542297821	GeoB25202_R1	71.8895	4	IG-B	OAP	375.820296202137
LV7008886754	turquoise	0.496822986137707	GeoB25202_R1	71.8895	4	IG-B	OAP	414.195953583727
LV7008886754	yellow	0.0353481861042511	GeoB25202_R1	71.8895	4	IG-B	OAP	613.86735455916
LV7008886754	blue	0.00272227431403882	GeoB25202_R1	71.8895	4	IG-B	OAP	713.930254041571
LV7008886754	brown	0.000870740393461963	GeoB25202_R1	71.8895	4	IG-B	OAP	566.127199191102
LV7008886755	green	0.0277773848646729	GeoB25202_R2	81.6705	4	IG-B	OAP	661.488130728636
LV7008886755	grey	0.427744065833377	GeoB25202_R2	81.6705	4	IG-B	OAP	389.893108407526
LV7008886755	turquoise	0.523067928389229	GeoB25202_R2	81.6705	4	IG-B	OAP	316.440064883607
LV7008886755	yellow	0.0214106209127214	GeoB25202_R2	81.6705	4	IG-B	OAP	541.633382798213
LV7008886756	grey	0.568752381457669	GeoB25202_R2	105.5785	4	IG-B	OAP	375.04179888487
LV7008886756	turquoise	0.39837506209877	GeoB25202_R2	105.5785	4	IG-B	OAP	353.045510282995
LV7008886756	yellow	0.0202285234721291	GeoB25202_R2	105.5785	4	IG-B	OAP	514.507125966348
LV7008886756	green	0.0126440329714322	GeoB25202_R2	105.5785	4	IG-B	OAP	717.660950946644
LV7008886757	grey	0.693283220174588	GeoB25202_R1	123.1195	2	IG-D	OAP	312.416178598823
LV7008886757	turquoise	0.270441319107662	GeoB25202_R1	123.1195	2	IG-D	OAP	446.586148381008
LV7008886757	yellow	0.0362754607177498	GeoB25202_R1	123.1195	2	IG-D	OAP	554.680618401207
LV7008886763	grey	0.527880374862183	GeoB25202_R2	7.1335	3	IG-A	OAP	229.925173777154
LV7008886763	yellow	0.0208241455347299	GeoB25202_R2	7.1335	3	IG-A	OAP	683.400242600679
LV7008886763	turquoise	0.375458241455347	GeoB25202_R2	7.1335	3	IG-A	OAP	442.656930822575
LV7008886763	brown	0.0758372381477398	GeoB25202_R2	7.1335	3	IG-A	OAP	-34.7076711942436
LV7008886765	turquoise	0.508312186027241	GeoB25202_R1	58.181	1	G-A	OAP	452.881692229877
LV7008886765	grey	0.43200925302536	GeoB25202_R1	58.181	1	G-A	OAP	324.271072710927
LV7008886765	yellow	0.0513182848363334	GeoB25202_R1	58.181	1	G-A	OAP	606.900365973675
LV7008886765	brown	0.00209376826498376	GeoB25202_R1	58.181	1	G-A	OAP	242.827128172181
LV7008886765	green	0.00626650784608214	GeoB25202_R1	58.181	1	G-A	OAP	720.371228266966
LV7008886766	grey	0.397021868284667	GeoB25202_R2	71.8895	4	IG-B	OAP	404.086298414211
LV7008886766	green	0.0530122614081659	GeoB25202_R2	71.8895	4	IG-B	OAP	659.425355023315
LV7008886766	turquoise	0.517042935996292	GeoB25202_R2	71.8895	4	IG-B	OAP	398.221493413268
LV7008886766	blue	0.00390342560991025	GeoB25202_R2	71.8895	4	IG-B	OAP	692.817291611001
LV7008886766	yellow	0.0283950617283951	GeoB25202_R2	71.8895	4	IG-B	OAP	596.234908695758
LV7008886766	brown	0.000624446972569839	GeoB25202_R2	71.8895	4	IG-B	OAP	568.777695988222
LV7008886768	green	0.0334473979052822	GeoB25202_R1	102.2955	4	IG-B	OAP	703.546330633356
LV7008886768	grey	0.397435385163721	GeoB25202_R1	102.2955	4	IG-B	OAP	398.984185509619
LV7008886768	turquoise	0.536710305289218	GeoB25202_R1	102.2955	4	IG-B	OAP	381.389146656573
LV7008886768	yellow	0.0324069116417786	GeoB25202_R1	102.2955	4	IG-B	OAP	593.347366962306
LV7008886769	grey	0.617619942555229	GeoB25202_R2	123.1195	2	IG-D	OAP	396.452008072659
LV7008886769	turquoise	0.329961703485692	GeoB25202_R2	123.1195	2	IG-D	OAP	609.915371222291
LV7008886769	yellow	0.0432165526045176	GeoB25202_R2	123.1195	2	IG-D	OAP	653.434818594104
LV7008886769	brown	0.00804935995177476	GeoB25202_R2	123.1195	2	IG-D	OAP	-244
LV7008886769	blue	0.00115244140278714	GeoB25202_R2	123.1195	2	IG-D	OAP	820
LV7008886776	grey	0.294479623315473	GeoB25202_R1	36.607	1	G-A	OAP	435.052603435424
LV7008886776	green	0.0109733098529981	GeoB25202_R1	36.607	1	G-A	OAP	708.996320416802
LV7008886776	turquoise	0.593008355502267	GeoB25202_R1	36.607	1	G-A	OAP	447.102752904304
LV7008886776	yellow	0.0934017760125895	GeoB25202_R1	36.607	1	G-A	OAP	539.181978267509
LV7008886776	blue	0.00753618844217968	GeoB25202_R1	36.607	1	G-A	OAP	538.34933446095
LV7008886776	brown	0.000600746874492613	GeoB25202_R1	36.607	1	G-A	OAP	297.2
LV7008886778	grey	0.324013586933656	GeoB25202_R1	68.149	4	IG-B	OAP	423.663004076363
LV7008886778	green	0.0323984602971137	GeoB25202_R1	68.149	4	IG-B	OAP	675.891216028841
LV7008886778	turquoise	0.605532009981703	GeoB25202_R1	68.149	4	IG-B	OAP	339.021100351314
LV7008886778	yellow	0.0358522266695464	GeoB25202_R1	68.149	4	IG-B	OAP	594.180373283435
LV7008886778	blue	0.00206721100418211	GeoB25202_R1	68.149	4	IG-B	OAP	505.938566552901
LV7008886778	brown	0.000136505113799452	GeoB25202_R1	68.149	4	IG-B	OAP	820
LV7008886780	green	0.03569975031141	GeoB25202_R2	102.2955	4	IG-B	OAP	686.349460974558
LV7008886780	grey	0.378224957422882	GeoB25202_R2	102.2955	4	IG-B	OAP	380.716748065905
LV7008886780	turquoise	0.549423653256883	GeoB25202_R2	102.2955	4	IG-B	OAP	364.142799234655
LV7008886780	yellow	0.0347097412185745	GeoB25202_R2	102.2955	4	IG-B	OAP	595.683573278639
LV7008886780	brown	0.00107073463607916	GeoB25202_R2	102.2955	4	IG-B	OAP	621.170680628272
LV7008886780	blue	0.000871163154171212	GeoB25202_R2	102.2955	4	IG-B	OAP	660.722222222222
LV7008886781	grey	0.601938623657644	GeoB25202_R1	120.0235	2	IG-D	OAP	289.25140442555
LV7008886781	turquoise	0.366045931705748	GeoB25202_R1	120.0235	2	IG-D	OAP	464.398371585567
LV7008886781	yellow	0.0320154446366086	GeoB25202_R1	120.0235	2	IG-D	OAP	532.997352496218
LV3003046936	grey	0.227473761205709	ST8	22.905	3	IG-A	MGI	-4.24150904624636
LV3003046936	green	0.00578678109105755	ST8	22.905	3	IG-A	MGI	-13.8155105579643
LV3003046936	turquoise	0.641368414785582	ST8	22.905	3	IG-A	MGI	-13.8155105579643
LV3003046936	yellow	0.0947865812169357	ST8	22.905	3	IG-A	MGI	-13.8155105579643
LV3003046936	blue	0.0232688562097062	ST8	22.905	3	IG-A	MGI	-13.8155105579643
LV3003046936	brown	0.00731560549100992	ST8	22.905	3	IG-A	MGI	-1.19255732019995
LV3003046937	grey	0.171712915879704	ST8	18.598	3	IG-A	MGI	-13.8155105579643
LV3003046937	turquoise	0.714223449077437	ST8	18.598	3	IG-A	MGI	-13.8155105579643
LV3003046937	yellow	0.0933077873020485	ST8	18.598	3	IG-A	MGI	-13.8155105579643
LV3003046937	blue	0.0080833212262095	ST8	18.598	3	IG-A	MGI	-13.8155105579643
LV3003046937	brown	0.00801067848321953	ST8	18.598	3	IG-A	MGI	-13.8155105579643
LV3003046937	green	0.00466184803138167	ST8	18.598	3	IG-A	MGI	-13.8155105579643
LV3003046938	green	0.144800523217789	ST8	11.169	5	IG-C	MGI	-13.8155105579643
LV3003046938	turquoise	0.511574858851323	ST8	11.169	5	IG-C	MGI	-13.8155105579643
LV3003046938	grey	0.305049318615608	ST8	11.169	5	IG-C	MGI	-13.8155105579643
LV3003046938	yellow	0.0332403464983116	ST8	11.169	5	IG-C	MGI	-13.8155105579643
LV3003046938	blue	0.00533495281696721	ST8	11.169	5	IG-C	MGI	-13.8155105579643
LV3003046939	green	0.0813613407686019	ST8	2.42	5	IG-C	MGI	-13.8155105579643
LV3003046939	turquoise	0.66897950083558	ST8	2.42	5	IG-C	MGI	-13.8155105579643
LV3003046939	grey	0.231337565710249	ST8	2.42	5	IG-C	MGI	-13.8155105579643
LV3003046939	yellow	0.0165096898982638	ST8	2.42	5	IG-C	MGI	-13.8155105579643
LV3003046939	blue	0.00181190278730497	ST8	2.42	5	IG-C	MGI	-13.8155105579643
LV3003046949	grey	0.205364837223529	ST8	22.3686666666667	3	IG-A	MGI	-13.8155105579643
LV3003046949	green	0.00507044407485997	ST8	22.3686666666667	3	IG-A	MGI	-13.8155105579643
LV3003046949	turquoise	0.676260824683145	ST8	22.3686666666667	3	IG-A	MGI	-13.8155105579643
LV3003046949	yellow	0.0870814933761542	ST8	22.3686666666667	3	IG-A	MGI	-13.8155105579643
LV3003046949	blue	0.0202557779434536	ST8	22.3686666666667	3	IG-A	MGI	-13.8155105579643
LV3003046949	brown	0.00596662269885875	ST8	22.3686666666667	3	IG-A	MGI	-13.8155105579643
LV3003046950	grey	0.235457542404424	ST8	18.099	3	IG-A	MGI	-13.8155105579643
LV3003046950	turquoise	0.620739618227256	ST8	18.099	3	IG-A	MGI	-13.8155105579643
LV3003046950	yellow	0.113617028475858	ST8	18.099	3	IG-A	MGI	-13.8155105579643
LV3003046950	blue	0.0156131421085959	ST8	18.099	3	IG-A	MGI	-13.8155105579643
LV3003046950	brown	0.00863919140358764	ST8	18.099	3	IG-A	MGI	-0.860392028467428
LV3003046950	green	0.0059334773802791	ST8	18.099	3	IG-A	MGI	-13.8155105579643
LV3003046952	green	0.17778202178914	ST8	10.26	5	IG-C	MGI	-13.8155105579643
LV3003046952	turquoise	0.535038847172186	ST8	10.26	5	IG-C	MGI	-13.8155105579643
LV3003046952	yellow	0.030918008594123	ST8	10.26	5	IG-C	MGI	-13.8155105579643
LV3003046952	grey	0.251497026780676	ST8	10.26	5	IG-C	MGI	-13.8155105579643
LV3003046952	blue	0.0047640956638743	ST8	10.26	5	IG-C	MGI	-13.8155105579643
LV3003046953	grey	0.283958253048404	ST8	1.5215	5	IG-C	MGI	-13.8155105579643
LV3003046953	green	0.0417201394594673	ST8	1.5215	5	IG-C	MGI	-13.8155105579643
LV3003046953	turquoise	0.654451541834205	ST8	1.5215	5	IG-C	MGI	-13.8155105579643
LV3003046953	yellow	0.0175433175065985	ST8	1.5215	5	IG-C	MGI	-13.8155105579643
LV3003046953	blue	0.00227539609251732	ST8	1.5215	5	IG-C	MGI	-13.8155105579643
LV3003046953	brown	5.13520588085595e-05	ST8	1.5215	5	IG-C	MGI	-13.8155105579643
LV3003046965	grey	0.2215519533301	ST8	21.8323333333333	3	IG-A	MGI	-4.38486723058897
LV3003046965	green	0.00615963400491513	ST8	21.8323333333333	3	IG-A	MGI	-13.8155105579643
LV3003046965	turquoise	0.639078703999283	ST8	21.8323333333333	3	IG-A	MGI	-13.8155105579643
LV3003046965	yellow	0.0932635673466976	ST8	21.8323333333333	3	IG-A	MGI	-13.8155105579643
LV3003046965	blue	0.0243288390747971	ST8	21.8323333333333	3	IG-A	MGI	-13.8155105579643
LV3003046965	brown	0.015617302244207	ST8	21.8323333333333	3	IG-A	MGI	-1.90133901343161
LV3003046966	grey	0.308766514849249	ST8	17.373	3	IG-A	MGI	-13.8155105579643
LV3003046966	turquoise	0.569730618185468	ST8	17.373	3	IG-A	MGI	-13.8155105579643
LV3003046966	yellow	0.0980238641924192	ST8	17.373	3	IG-A	MGI	-13.8155105579643
LV3003046966	blue	0.00982421801483043	ST8	17.373	3	IG-A	MGI	-13.8155105579643
LV3003046966	brown	0.0112784030313296	ST8	17.373	3	IG-A	MGI	-13.8155105579643
LV3003046966	green	0.00237638172670355	ST8	17.373	3	IG-A	MGI	-13.8155105579643
LV3003046978	grey	0.239493854641152	ST8	21.296	3	IG-A	MGI	-13.8155105579643
LV3003046978	green	0.00421811197897472	ST8	21.296	3	IG-A	MGI	-13.8155105579643
LV3003046978	turquoise	0.649486055802063	ST8	21.296	3	IG-A	MGI	-13.8155105579643
LV3003046978	yellow	0.0727980563973294	ST8	21.296	3	IG-A	MGI	-13.8155105579643
LV3003046978	blue	0.0166049989786399	ST8	21.296	3	IG-A	MGI	-13.8155105579643
LV3003046978	brown	0.0173989222018418	ST8	21.296	3	IG-A	MGI	-13.8155105579643
LV3003046979	grey	0.284580822468627	ST8	16.461	3	IG-A	MGI	-13.8155105579643
LV3003046979	green	0.0263373776430273	ST8	16.461	3	IG-A	MGI	-13.8155105579643
LV3003046979	turquoise	0.578187294800199	ST8	16.461	3	IG-A	MGI	-13.8155105579643
LV3003046979	yellow	0.055281207871774	ST8	16.461	3	IG-A	MGI	-13.8155105579643
LV3003046979	blue	0.00238565804849941	ST8	16.461	3	IG-A	MGI	-13.8155105579643
LV3003046979	brown	0.0532276391678739	ST8	16.461	3	IG-A	MGI	-1.75092128706059
LV3003046980	green	0.13853008381725	ST8	8.056	5	IG-C	MGI	-13.8155105579643
LV3003046980	turquoise	0.609220071030392	ST8	8.056	5	IG-C	MGI	-13.8155105579643
LV3003046980	yellow	0.0266563492738209	ST8	8.056	5	IG-C	MGI	-13.8155105579643
LV3003046980	grey	0.221884092419319	ST8	8.056	5	IG-C	MGI	-13.8155105579643
LV3003046980	blue	0.00370940345921825	ST8	8.056	5	IG-C	MGI	-13.8155105579643
LV3003046993	grey	0.284711030558345	ST8	20.719	3	IG-A	MGI	-13.8155105579643
LV3003046993	green	0.0337366414394997	ST8	20.719	3	IG-A	MGI	-13.8155105579643
LV3003046993	turquoise	0.463899842432258	ST8	20.719	3	IG-A	MGI	-13.8155105579643
LV3003046993	yellow	0.0351441377452301	ST8	20.719	3	IG-A	MGI	-13.8155105579643
LV3003046993	blue	0.0121065909035245	ST8	20.719	3	IG-A	MGI	-13.8155105579643
LV3003046993	brown	0.170401756921143	ST8	20.719	3	IG-A	MGI	-1.54155719614989
LV3003046994	turquoise	0.417734879657566	ST8	15.549	3	IG-A	MGI	-13.8155105579643
LV3003046994	grey	0.444926001825191	ST8	15.549	3	IG-A	MGI	-13.8155105579643
LV3003046994	yellow	0.0216749536395021	ST8	15.549	3	IG-A	MGI	-13.8155105579643
LV3003046994	brown	0.114292024045753	ST8	15.549	3	IG-A	MGI	-1.53556947145001
LV3003046994	green	0.00120975730157545	ST8	15.549	3	IG-A	MGI	-13.8155105579643
LV3003046994	blue	0.000162383530412811	ST8	15.549	3	IG-A	MGI	-13.8155105579643
LV3003046995	grey	0.202181385829952	ST8	6.9705	5	IG-C	MGI	-13.8155105579643
LV3003046995	green	0.197519381167947	ST8	6.9705	5	IG-C	MGI	-13.8155105579643
LV3003046995	turquoise	0.572071207214587	ST8	6.9705	5	IG-C	MGI	-13.8155105579643
LV3003046995	yellow	0.0233982003353571	ST8	6.9705	5	IG-C	MGI	-13.8155105579643
LV3003046995	blue	0.00482982545215614	ST8	6.9705	5	IG-C	MGI	-13.8155105579643
LV3003047009	grey	0.386984755450892	ST8	20.142	3	IG-A	MGI	-13.8155105579643
LV3003047009	turquoise	0.433729992549043	ST8	20.142	3	IG-A	MGI	-13.8155105579643
LV3003047009	yellow	0.0284808749707672	ST8	20.142	3	IG-A	MGI	-13.8155105579643
LV3003047009	brown	0.144040050253169	ST8	20.142	3	IG-A	MGI	-1.54720764710831
LV3003047009	blue	0.00609945123974134	ST8	20.142	3	IG-A	MGI	-13.8155105579643
LV3003047009	green	0.000664875536387319	ST8	20.142	3	IG-A	MGI	-13.8155105579643
LV3003047010	green	0.154002613653786	ST8	13.676	5	IG-C	MGI	-13.8155105579643
LV3003047010	turquoise	0.614169215830857	ST8	13.676	5	IG-C	MGI	-13.8155105579643
LV3003047010	grey	0.193690727369628	ST8	13.676	5	IG-C	MGI	-13.8155105579643
LV3003047010	yellow	0.031258715221248	ST8	13.676	5	IG-C	MGI	-13.8155105579643
LV3003047010	blue	0.00658523942674834	ST8	13.676	5	IG-C	MGI	-13.8155105579643
LV3003047010	brown	0.00029348849773313	ST8	13.676	5	IG-C	MGI	-13.8155105579643
LV3003047013	grey	0.199405300624319	ST8	5.885	5	IG-C	MGI	-13.8155105579643
LV3003047013	green	0.0990995586652669	ST8	5.885	5	IG-C	MGI	-13.8155105579643
LV3003047013	turquoise	0.678834362894972	ST8	5.885	5	IG-C	MGI	-13.8155105579643
LV3003047013	yellow	0.0202648666616203	ST8	5.885	5	IG-C	MGI	-13.8155105579643
LV3003047013	blue	0.0023959111538221	ST8	5.885	5	IG-C	MGI	-13.8155105579643
LV3003047026	grey	0.4107582756752	ST8	19.565	3	IG-A	MGI	-13.8155105579643
LV3003047026	turquoise	0.433194051582276	ST8	19.565	3	IG-A	MGI	-13.8155105579643
LV3003047026	yellow	0.0258558885963771	ST8	19.565	3	IG-A	MGI	-13.8155105579643
LV3003047026	green	0.00188826620761828	ST8	19.565	3	IG-A	MGI	-13.8155105579643
LV3003047026	blue	0.00778056678319822	ST8	19.565	3	IG-A	MGI	-13.8155105579643
LV3003047026	brown	0.120522951155331	ST8	19.565	3	IG-A	MGI	-2.16535307003513
LV3003047027	green	0.0887700842881602	ST8	12.877	5	IG-C	MGI	-13.8155105579643
LV3003047027	turquoise	0.610781860485535	ST8	12.877	5	IG-C	MGI	-13.8155105579643
LV3003047027	grey	0.241959425347908	ST8	12.877	5	IG-C	MGI	-13.8155105579643
LV3003047027	yellow	0.0515386979235261	ST8	12.877	5	IG-C	MGI	-13.8155105579643
LV3003047027	blue	0.00636962772729268	ST8	12.877	5	IG-C	MGI	-13.8155105579643
LV3003047027	brown	0.000580304227578032	ST8	12.877	5	IG-C	MGI	-13.8155105579643
LV3003047028	turquoise	0.802540804307589	ST8	4.753	2	IG-D	MGI	-13.8155105579643
LV3003047028	grey	0.151018004374895	ST8	4.753	2	IG-D	MGI	-13.8155105579643
LV3003047028	green	0.0464411913175164	ST8	4.753	2	IG-D	MGI	-13.8155105579643
LV3003047041	grey	0.21422974392921	ST8	19.097	3	IG-A	MGI	-4.28764336255624
LV3003047041	turquoise	0.676038449498645	ST8	19.097	3	IG-A	MGI	-13.8155105579643
LV3003047041	yellow	0.0692744960033178	ST8	19.097	3	IG-A	MGI	-13.8155105579643
LV3003047041	blue	0.0160133136340465	ST8	19.097	3	IG-A	MGI	-13.8155105579643
LV3003047041	brown	0.0189961206229069	ST8	19.097	3	IG-A	MGI	-1.91769262377028
LV3003047041	green	0.00544787631187347	ST8	19.097	3	IG-A	MGI	-13.8155105579643
LV3003047044	grey	0.309383583789876	ST8	12.078	1	G-A	MGI	-13.8155105579643
LV3003047044	turquoise	0.573911624547864	ST8	12.078	1	G-A	MGI	-13.8155105579643
LV3003047044	yellow	0.110618894083021	ST8	12.078	1	G-A	MGI	-13.8155105579643
LV3003047044	green	0.00309129752907723	ST8	12.078	1	G-A	MGI	-13.8155105579643
LV3003047044	blue	0.00180703413723185	ST8	12.078	1	G-A	MGI	-13.8155105579643
LV3003047044	brown	0.00118756591292996	ST8	12.078	1	G-A	MGI	-13.8155105579643
LV3003047045	grey	0.177549232955595	ST8	3.5865	5	IG-C	MGI	-13.8155105579643
LV3003047045	green	0.12462361843623	ST8	3.5865	5	IG-C	MGI	-13.8155105579643
LV3003047045	turquoise	0.673032654190356	ST8	3.5865	5	IG-C	MGI	-13.8155105579643
LV3003047045	yellow	0.0226283342537933	ST8	3.5865	5	IG-C	MGI	-13.8155105579643
LV3003047045	blue	0.00216616016402496	ST8	3.5865	5	IG-C	MGI	-13.8155105579643
LV3003047059	turquoise	0.321071033303149	ST8	107.683	2	IG-D	MGI	-13.8155105579643
LV3003047059	grey	0.648480732468055	ST8	107.683	2	IG-D	MGI	-13.8155105579643
LV3003047059	yellow	0.0270399436563035	ST8	107.683	2	IG-D	MGI	-13.8155105579643
LV3003047059	green	0.0034082905724922	ST8	107.683	2	IG-D	MGI	-13.8155105579643
LV3003047060	turquoise	0.64129092689573	ST8	106.686	2	IG-D	MGI	-13.8155105579643
LV3003047060	grey	0.295589049261293	ST8	106.686	2	IG-D	MGI	-13.8155105579643
LV3003047060	yellow	0.0482394516115298	ST8	106.686	2	IG-D	MGI	-13.8155105579643
LV3003047060	blue	0.00227785583514285	ST8	106.686	2	IG-D	MGI	-13.8155105579643
LV3003047060	green	0.0126027163963043	ST8	106.686	2	IG-D	MGI	-13.8155105579643
LV3003047061	turquoise	0.433517055700897	ST8	105.689	2	IG-D	MGI	-13.8155105579643
LV3003047061	grey	0.536968834929263	ST8	105.689	2	IG-D	MGI	-13.8155105579643
LV3003047061	yellow	0.0295141093698407	ST8	105.689	2	IG-D	MGI	-13.8155105579643
LV3003047062	grey	0.584121415497254	ST8	104.692	2	IG-D	MGI	-13.8155105579643
LV3003047062	turquoise	0.369000406752085	ST8	104.692	2	IG-D	MGI	-13.8155105579643
LV3003047062	yellow	0.0382601179581045	ST8	104.692	2	IG-D	MGI	-13.8155105579643
LV3003047062	brown	0.00861805979255644	ST8	104.692	2	IG-D	MGI	-13.8155105579643
LV3003047063	grey	0.777529459569281	ST8	103.695	2	IG-D	MGI	-13.8155105579643
LV3003047063	turquoise	0.189028850060951	ST8	103.695	2	IG-D	MGI	-13.8155105579643
LV3003047063	yellow	0.0334416903697684	ST8	103.695	2	IG-D	MGI	-13.8155105579643
LV3003047064	turquoise	0.0883517495395948	ST8	96.283	2	IG-D	MGI	-13.8155105579643
LV3003047064	grey	0.911648250460405	ST8	96.283	2	IG-D	MGI	-13.8155105579643
LV3003047065	turquoise	0.637418689285612	ST8	53.61018	2	IG-D	MGI	-13.8155105579643
LV3003047065	grey	0.289788520503195	ST8	53.61018	2	IG-D	MGI	-13.8155105579643
LV3003047065	yellow	0.0612158638278362	ST8	53.61018	2	IG-D	MGI	-13.8155105579643
LV3003047065	brown	0.00697051322463249	ST8	53.61018	2	IG-D	MGI	-13.8155105579643
LV3003047065	blue	0.00460641315872425	ST8	53.61018	2	IG-D	MGI	-13.8155105579643
LV3003047067	turquoise	0.688699129285169	ST8	42.86602	1	G-A	MGI	-13.8155105579643
LV3003047067	grey	0.210128358645651	ST8	42.86602	1	G-A	MGI	-13.8155105579643
LV3003047067	yellow	0.0850450528551536	ST8	42.86602	1	G-A	MGI	-13.8155105579643
LV3003047067	green	0.0113973157926106	ST8	42.86602	1	G-A	MGI	-13.8155105579643
LV3003047067	blue	0.00156045968541566	ST8	42.86602	1	G-A	MGI	-13.8155105579643
LV3003047067	brown	0.00316968373600056	ST8	42.86602	1	G-A	MGI	-13.8155105579643
LV3003047068	turquoise	0.745866883456402	ST8	37.78969	1	G-A	MGI	-13.8155105579643
LV3003047068	yellow	0.0724480261227133	ST8	37.78969	1	G-A	MGI	-13.8155105579643
LV3003047068	grey	0.175788589528651	ST8	37.78969	1	G-A	MGI	-13.8155105579643
LV3003047068	blue	0.00315402078617763	ST8	37.78969	1	G-A	MGI	-13.8155105579643
LV3003047068	brown	0.00107945096425331	ST8	37.78969	1	G-A	MGI	-13.8155105579643
LV3003047068	green	0.00166302914180275	ST8	37.78969	1	G-A	MGI	-13.8155105579643
LV3003047069	turquoise	0.704385347284714	ST8	33.7436870748299	1	G-A	MGI	-13.8155105579643
LV3003047069	grey	0.197801866794182	ST8	33.7436870748299	1	G-A	MGI	-13.8155105579643
LV3003047069	yellow	0.089205501733882	ST8	33.7436870748299	1	G-A	MGI	-13.8155105579643
LV3003047069	brown	0.00220641668141376	ST8	33.7436870748299	1	G-A	MGI	-13.8155105579643
LV3003047069	blue	0.0015889212279123	ST8	33.7436870748299	1	G-A	MGI	-13.8155105579643
LV3003047069	green	0.00481194627789555	ST8	33.7436870748299	1	G-A	MGI	-13.8155105579643
LV3003047070	turquoise	0.610565232330708	ST8	30.128	1	G-A	MGI	-13.8155105579643
LV3003047070	yellow	0.08218137125337	ST8	30.128	1	G-A	MGI	-13.8155105579643
LV3003047070	grey	0.3005662895808	ST8	30.128	1	G-A	MGI	-13.8155105579643
LV3003047070	brown	0.00389200190305017	ST8	30.128	1	G-A	MGI	-13.8155105579643
LV3003047070	blue	0.00279510493207168	ST8	30.128	1	G-A	MGI	-13.8155105579643
LV3003047071	grey	0.331271922142431	ST8	26.141	1	G-A	MGI	-13.8155105579643
LV3003047071	turquoise	0.556053318243265	ST8	26.141	1	G-A	MGI	-13.8155105579643
LV3003047071	yellow	0.106717326183515	ST8	26.141	1	G-A	MGI	-13.8155105579643
LV3003047071	brown	0.00118789381262266	ST8	26.141	1	G-A	MGI	-13.8155105579643
LV3003047071	blue	0.00421713531210843	ST8	26.141	1	G-A	MGI	-13.8155105579643
LV3003047071	green	0.000552404306058932	ST8	26.141	1	G-A	MGI	-13.8155105579643
LV3003047073	grey	0.938944614042739	ST8	101.685	2	IG-D	MGI	-13.8155105579643
LV3003047073	turquoise	0.0610553859572612	ST8	101.685	2	IG-D	MGI	-13.8155105579643
LV3003047074	grey	0.865113427345187	ST8	100.672	2	IG-D	MGI	-13.8155105579643
LV3003047074	brown	0.0235438381361128	ST8	100.672	2	IG-D	MGI	0.597003320007043
LV3003047074	turquoise	0.1113427345187	ST8	100.672	2	IG-D	MGI	-13.8155105579643
LV3003047077	turquoise	0.397366080145799	ST8	99.7145	2	IG-D	MGI	-13.8155105579643
LV3003047077	grey	0.545507799787377	ST8	99.7145	2	IG-D	MGI	-13.8155105579643
LV3003047077	yellow	0.0504653836974681	ST8	99.7145	2	IG-D	MGI	-13.8155105579643
LV3003047077	brown	0.00397040637000716	ST8	99.7145	2	IG-D	MGI	1.2139231351791
LV3003047077	blue	0.00269032999934911	ST8	99.7145	2	IG-D	MGI	-13.8155105579643
LV3003047078	grey	0.750447894893998	ST8	98.757	2	IG-D	MGI	-13.8155105579643
LV3003047078	turquoise	0.230889817856076	ST8	98.757	2	IG-D	MGI	-13.8155105579643
LV3003047078	yellow	0.0186622872499254	ST8	98.757	2	IG-D	MGI	-13.8155105579643
LV3003047079	green	0.0723281441315375	ST8	97.52	4	IG-B	MGI	-13.8155105579643
LV3003047079	turquoise	0.404740248382019	ST8	97.52	4	IG-B	MGI	-13.8155105579643
LV3003047079	grey	0.470928808815813	ST8	97.52	4	IG-B	MGI	-13.8155105579643
LV3003047079	yellow	0.0265932015625911	ST8	97.52	4	IG-B	MGI	-13.8155105579643
LV3003047079	blue	0.000857092880881581	ST8	97.52	4	IG-B	MGI	-13.8155105579643
LV3003047079	brown	0.0245525042271588	ST8	97.52	4	IG-B	MGI	-13.8155105579643
LV3003047080	turquoise	0.626681091877497	ST8	87.9935	4	IG-B	MGI	-13.8155105579643
LV3003047080	yellow	0.0326786506879716	ST8	87.9935	4	IG-B	MGI	-13.8155105579643
LV3003047080	grey	0.316419773635153	ST8	87.9935	4	IG-B	MGI	-13.8155105579643
LV3003047080	green	0.0242204837993786	ST8	87.9935	4	IG-B	MGI	-13.8155105579643
LV3003047081	turquoise	0.660182101757788	ST8	52.20718	1	G-A	MGI	-13.8155105579643
LV3003047081	grey	0.250885216878135	ST8	52.20718	1	G-A	MGI	-13.8155105579643
LV3003047081	yellow	0.0757527856229538	ST8	52.20718	1	G-A	MGI	-13.8155105579643
LV3003047081	brown	0.00176692099088086	ST8	52.20718	1	G-A	MGI	-13.8155105579643
LV3003047081	blue	0.0040888589132909	ST8	52.20718	1	G-A	MGI	-13.8155105579643
LV3003047081	green	0.00732411583695148	ST8	52.20718	1	G-A	MGI	-13.8155105579643
LV3003047082	turquoise	0.730862192030323	ST8	41.9168333333333	1	G-A	MGI	-13.8155105579643
LV3003047082	yellow	0.0696202220089099	ST8	41.9168333333333	1	G-A	MGI	-13.8155105579643
LV3003047082	grey	0.19097196583721	ST8	41.9168333333333	1	G-A	MGI	-13.8155105579643
LV3003047082	green	0.00663565433557311	ST8	41.9168333333333	1	G-A	MGI	-13.8155105579643
LV3003047082	brown	0.00140293878756553	ST8	41.9168333333333	1	G-A	MGI	-13.8155105579643
LV3003047082	blue	0.00050702700041842	ST8	41.9168333333333	1	G-A	MGI	-13.8155105579643
LV3003047083	grey	0.186732032421809	ST8	37.30319	1	G-A	MGI	-13.8155105579643
LV3003047083	turquoise	0.722534191412802	ST8	37.30319	1	G-A	MGI	-13.8155105579643
LV3003047083	yellow	0.0827280720550314	ST8	37.30319	1	G-A	MGI	-13.8155105579643
LV3003047083	blue	0.00179915916093423	ST8	37.30319	1	G-A	MGI	-13.8155105579643
LV3003047083	green	0.00566716663834315	ST8	37.30319	1	G-A	MGI	-13.8155105579643
LV3003047083	brown	0.000539378311080899	ST8	37.30319	1	G-A	MGI	-0.916290731874155
LV3003047084	grey	0.281261293312487	ST8	33.276	4	IG-B	MGI	-13.8155105579643
LV3003047084	green	0.0277724204435873	ST8	33.276	4	IG-B	MGI	-13.8155105579643
LV3003047084	turquoise	0.610287329956652	ST8	33.276	4	IG-B	MGI	-13.8155105579643
LV3003047084	yellow	0.0764284577431164	ST8	33.276	4	IG-B	MGI	-13.8155105579643
LV3003047084	blue	0.00287798073232158	ST8	33.276	4	IG-B	MGI	-13.8155105579643
LV3003047084	brown	0.00137251781183586	ST8	33.276	4	IG-B	MGI	-13.8155105579643
LV3003047085	grey	0.324393462776151	ST8	29.703	1	G-A	MGI	-13.8155105579643
LV3003047085	turquoise	0.557198448855624	ST8	29.703	1	G-A	MGI	-13.8155105579643
LV3003047085	yellow	0.108051307083198	ST8	29.703	1	G-A	MGI	-13.8155105579643
LV3003047085	brown	0.00509364717792964	ST8	29.703	1	G-A	MGI	-13.8155105579643
LV3003047085	blue	0.0047659724482048	ST8	29.703	1	G-A	MGI	-13.8155105579643
LV3003047085	green	0.000497161658892866	ST8	29.703	1	G-A	MGI	-13.8155105579643
LV3003047087	turquoise	0.517440845193399	ST8	94.9015	2	IG-D	MGI	-13.8155105579643
LV3003047087	grey	0.410678424866847	ST8	94.9015	2	IG-D	MGI	-13.8155105579643
LV3003047087	yellow	0.0539814895660526	ST8	94.9015	2	IG-D	MGI	-13.8155105579643
LV3003047087	green	0.0178992403737012	ST8	94.9015	2	IG-D	MGI	-13.8155105579643
LV3003047088	grey	0.451371679492196	ST8	93.52	2	IG-D	MGI	-13.8155105579643
LV3003047088	turquoise	0.488174427198818	ST8	93.52	2	IG-D	MGI	-13.8155105579643
LV3003047088	yellow	0.00934741967740533	ST8	93.52	2	IG-D	MGI	-13.8155105579643
LV3003047088	green	0.0511064736315812	ST8	93.52	2	IG-D	MGI	-13.8155105579643
LV3003047089	turquoise	0.434981085022296	ST8	92.1385	2	IG-D	MGI	-13.8155105579643
LV3003047089	grey	0.51028171693049	ST8	92.1385	2	IG-D	MGI	-13.8155105579643
LV3003047089	green	0.0503976724362632	ST8	92.1385	2	IG-D	MGI	-13.8155105579643
LV3003047089	blue	0.00154278589090602	ST8	92.1385	2	IG-D	MGI	-13.8155105579643
LV3003047089	yellow	0.00279673972004424	ST8	92.1385	2	IG-D	MGI	-13.8155105579643
LV3003047090	grey	0.45689436262062	ST8	90.757	2	IG-D	MGI	-13.8155105579643
LV3003047090	turquoise	0.526890009431909	ST8	90.757	2	IG-D	MGI	-13.8155105579643
LV3003047090	yellow	0.00840709569759849	ST8	90.757	2	IG-D	MGI	-13.8155105579643
LV3003047090	green	0.00780853224987303	ST8	90.757	2	IG-D	MGI	-13.8155105579643
LV3003047091	turquoise	0.588063828512238	ST8	89.37525	4	IG-B	MGI	-13.8155105579643
LV3003047091	grey	0.347350038095075	ST8	89.37525	4	IG-B	MGI	-13.8155105579643
LV3003047091	green	0.0473534623714826	ST8	89.37525	4	IG-B	MGI	-13.8155105579643
LV3003047091	yellow	0.0167917954337274	ST8	89.37525	4	IG-B	MGI	-13.8155105579643
LV3003047091	blue	0.000440875587477421	ST8	89.37525	4	IG-B	MGI	-13.8155105579643
LV3003047093	green	0.048982332968559	ST8	79.675	4	IG-B	MGI	-13.8155105579643
LV3003047093	turquoise	0.641136918824767	ST8	79.675	4	IG-B	MGI	-13.8155105579643
LV3003047093	yellow	0.0289794968253926	ST8	79.675	4	IG-B	MGI	-13.8155105579643
LV3003047093	grey	0.280901251381282	ST8	79.675	4	IG-B	MGI	-13.8155105579643
LV3003047094	turquoise	0.733290350311627	ST8	50.6848	1	G-A	MGI	-13.8155105579643
LV3003047094	grey	0.209987863617401	ST8	50.6848	1	G-A	MGI	-13.8155105579643
LV3003047094	green	0.013492244092995	ST8	50.6848	1	G-A	MGI	-13.8155105579643
LV3003047094	yellow	0.0427365014348744	ST8	50.6848	1	G-A	MGI	-13.8155105579643
LV3003047094	blue	0.000493040543103121	ST8	50.6848	1	G-A	MGI	-13.8155105579643
LV3003047095	turquoise	0.787720841649876	ST8	40.9751666666667	1	G-A	MGI	-13.8155105579643
LV3003047095	grey	0.148959919782808	ST8	40.9751666666667	1	G-A	MGI	-13.8155105579643
LV3003047095	green	0.00709783407275674	ST8	40.9751666666667	1	G-A	MGI	-13.8155105579643
LV3003047095	yellow	0.0539826385275857	ST8	40.9751666666667	1	G-A	MGI	-13.8155105579643
LV3003047095	blue	0.000971182982856098	ST8	40.9751666666667	1	G-A	MGI	-13.8155105579643
LV3003047095	brown	0.00126758298411737	ST8	40.9751666666667	1	G-A	MGI	-13.8155105579643
LV3003047096	grey	0.206086277564696	ST8	36.89377	1	G-A	MGI	-13.8155105579643
LV3003047096	turquoise	0.725614407123498	ST8	36.89377	1	G-A	MGI	-13.8155105579643
LV3003047096	yellow	0.063336813576193	ST8	36.89377	1	G-A	MGI	-13.8155105579643
LV3003047096	blue	0.00186815108942421	ST8	36.89377	1	G-A	MGI	-13.8155105579643
LV3003047096	brown	0.00268321314774442	ST8	36.89377	1	G-A	MGI	-13.8155105579643
LV3003047096	green	0.00041113749844471	ST8	36.89377	1	G-A	MGI	-13.8155105579643
LV3003047097	grey	0.301257517769273	ST8	32.835	1	G-A	MGI	-13.8155105579643
LV3003047097	turquoise	0.596316523427181	ST8	32.835	1	G-A	MGI	-13.8155105579643
LV3003047097	yellow	0.0888310060756476	ST8	32.835	1	G-A	MGI	-13.8155105579643
LV3003047097	green	0.0118134180279025	ST8	32.835	1	G-A	MGI	-13.8155105579643
LV3003047097	blue	0.000666539706722529	ST8	32.835	1	G-A	MGI	-13.8155105579643
LV3003047097	brown	0.00111499499327317	ST8	32.835	1	G-A	MGI	-13.8155105579643
LV3003047098	turquoise	0.584160348810725	ST8	29.278	1	G-A	MGI	-13.8155105579643
LV3003047098	grey	0.324862525623922	ST8	29.278	1	G-A	MGI	-13.8155105579643
LV3003047098	yellow	0.089215989327433	ST8	29.278	1	G-A	MGI	-13.8155105579643
LV3003047098	blue	0.00115104285295936	ST8	29.278	1	G-A	MGI	-13.8155105579643
LV3003047098	brown	0.000610093384960791	ST8	29.278	1	G-A	MGI	0.796004565999653
LV3003047099	turquoise	0.633982592134386	ST8	25.058	1	G-A	MGI	-13.8155105579643
LV3003047099	grey	0.245170403042492	ST8	25.058	1	G-A	MGI	-3.22429412586363
LV3003047099	yellow	0.104532858392253	ST8	25.058	1	G-A	MGI	-13.8155105579643
LV3003047099	brown	0.00273728626157221	ST8	25.058	1	G-A	MGI	-13.8155105579643
LV3003047099	blue	0.0114571566887204	ST8	25.058	1	G-A	MGI	-13.8155105579643
LV3003047099	green	0.00211970348057702	ST8	25.058	1	G-A	MGI	-13.8155105579643
LV3003047100	green	0.050909239971873	ST8	86.61175	4	IG-B	MGI	-13.8155105579643
LV3003047100	turquoise	0.601110575058414	ST8	86.61175	4	IG-B	MGI	-13.8155105579643
LV3003047100	grey	0.316810297256987	ST8	86.61175	4	IG-B	MGI	-13.8155105579643
LV3003047100	yellow	0.0301040888207787	ST8	86.61175	4	IG-B	MGI	-13.8155105579643
LV3003047100	blue	0.00106579889194754	ST8	86.61175	4	IG-B	MGI	-13.8155105579643
LV3003047101	turquoise	0.701466889388092	ST8	85.23	2	IG-D	MGI	-13.8155105579643
LV3003047101	grey	0.241758347253422	ST8	85.23	2	IG-D	MGI	-13.8155105579643
LV3003047101	yellow	0.0352274254555229	ST8	85.23	2	IG-D	MGI	-13.8155105579643
LV3003047101	green	0.0204529308987577	ST8	85.23	2	IG-D	MGI	-13.8155105579643
LV3003047101	blue	0.00109440700420483	ST8	85.23	2	IG-D	MGI	-13.8155105579643
LV3003047104	turquoise	0.712750067891735	ST8	83.84125	2	IG-D	MGI	-13.8155105579643
LV3003047104	grey	0.275663075948221	ST8	83.84125	2	IG-D	MGI	-13.8155105579643
LV3003047104	yellow	0.00761518964424731	ST8	83.84125	2	IG-D	MGI	-13.8155105579643
LV3003047104	green	0.00397166651579614	ST8	83.84125	2	IG-D	MGI	-13.8155105579643
LV3003047105	turquoise	0.574151414980247	ST8	82.4525	2	IG-D	MGI	-13.8155105579643
LV3003047105	grey	0.415399500120938	ST8	82.4525	2	IG-D	MGI	-13.8155105579643
LV3003047105	yellow	0.00765943723292752	ST8	82.4525	2	IG-D	MGI	-13.8155105579643
LV3003047105	green	0.00278964766588729	ST8	82.4525	2	IG-D	MGI	-13.8155105579643
LV3003047106	grey	0.359714420123419	ST8	81.06375	2	IG-D	MGI	-13.8155105579643
LV3003047106	turquoise	0.613935855217644	ST8	81.06375	2	IG-D	MGI	-13.8155105579643
LV3003047106	green	0.0116999197498409	ST8	81.06375	2	IG-D	MGI	-13.8155105579643
LV3003047106	yellow	0.0146498049090959	ST8	81.06375	2	IG-D	MGI	-13.8155105579643
LV3003047107	turquoise	0.677403235092827	ST8	71.517	4	IG-B	MGI	-13.8155105579643
LV3003047107	grey	0.236483330255396	ST8	71.517	4	IG-B	MGI	-13.8155105579643
LV3003047107	yellow	0.0572858389550947	ST8	71.517	4	IG-B	MGI	-13.8155105579643
LV3003047107	green	0.0284546221560768	ST8	71.517	4	IG-B	MGI	-13.8155105579643
LV3003047107	brown	0.000372973540605231	ST8	71.517	4	IG-B	MGI	-13.8155105579643
LV3003047110	grey	0.269089796681415	ST8	49.1548	1	G-A	MGI	-13.8155105579643
LV3003047110	turquoise	0.67116660340696	ST8	49.1548	1	G-A	MGI	-13.8155105579643
LV3003047110	yellow	0.05828768248537	ST8	49.1548	1	G-A	MGI	-13.8155105579643
LV3003047110	green	0.00145591742625523	ST8	49.1548	1	G-A	MGI	-13.8155105579643
LV3003047112	turquoise	0.712377874135996	ST8	40.0335	1	G-A	MGI	-13.8155105579643
LV3003047112	yellow	0.100157008015995	ST8	40.0335	1	G-A	MGI	-13.8155105579643
LV3003047112	grey	0.179952038957614	ST8	40.0335	1	G-A	MGI	-13.8155105579643
LV3003047112	blue	0.0012572907530865	ST8	40.0335	1	G-A	MGI	-13.8155105579643
LV3003047112	green	0.00550141368545652	ST8	40.0335	1	G-A	MGI	-13.8155105579643
LV3003047112	brown	0.000754374451851897	ST8	40.0335	1	G-A	MGI	-13.8155105579643
LV3003047113	grey	0.2085542446405	ST8	36.48927	1	G-A	MGI	-13.8155105579643
LV3003047113	turquoise	0.709046710953708	ST8	36.48927	1	G-A	MGI	-13.8155105579643
LV3003047113	yellow	0.0716790910424474	ST8	36.48927	1	G-A	MGI	-13.8155105579643
LV3003047113	brown	0.00254139288905315	ST8	36.48927	1	G-A	MGI	-13.8155105579643
LV3003047113	blue	0.00642778081534133	ST8	36.48927	1	G-A	MGI	-13.8155105579643
LV3003047113	green	0.00175077965895041	ST8	36.48927	1	G-A	MGI	-13.8155105579643
LV3003047114	green	0.0147713715883323	ST8	32.3855	1	G-A	MGI	-13.8155105579643
LV3003047114	turquoise	0.662694545885053	ST8	32.3855	1	G-A	MGI	-13.8155105579643
LV3003047114	yellow	0.089721056034679	ST8	32.3855	1	G-A	MGI	-13.8155105579643
LV3003047114	grey	0.232813026491936	ST8	32.3855	1	G-A	MGI	-13.8155105579643
LV3003047117	grey	0.251399159303423	ST8	28.7616666666667	1	G-A	MGI	-13.8155105579643
LV3003047117	turquoise	0.647600583340482	ST8	28.7616666666667	1	G-A	MGI	-13.8155105579643
LV3003047117	yellow	0.0928540790941065	ST8	28.7616666666667	1	G-A	MGI	-13.8155105579643
LV3003047117	blue	0.00161276486231449	ST8	28.7616666666667	1	G-A	MGI	-13.8155105579643
LV3003047117	green	0.00560350004289268	ST8	28.7616666666667	1	G-A	MGI	-13.8155105579643
LV3003047117	brown	0.000929913356781333	ST8	28.7616666666667	1	G-A	MGI	-13.8155105579643
LV3003047118	grey	0.199075399909995	ST8	24.528	3	IG-A	MGI	-13.8155105579643
LV3003047118	turquoise	0.651315759567611	ST8	24.528	3	IG-A	MGI	-13.8155105579643
LV3003047118	yellow	0.119223711704176	ST8	24.528	3	IG-A	MGI	-13.8155105579643
LV3003047118	blue	0.0183480539001547	ST8	24.528	3	IG-A	MGI	-13.8155105579643
LV3003047118	brown	0.00561396809811489	ST8	24.528	3	IG-A	MGI	-0.953408394830658
LV3003047118	green	0.00642310681994845	ST8	24.528	3	IG-A	MGI	-13.8155105579643
LV3003047122	turquoise	0.660348818554764	ST8	76.951	2	IG-D	MGI	-13.8155105579643
LV3003047122	grey	0.290124447092797	ST8	76.951	2	IG-D	MGI	-13.8155105579643
LV3003047122	yellow	0.0495267343524397	ST8	76.951	2	IG-D	MGI	-13.8155105579643
LV3003047123	turquoise	0.666859011348336	ST8	75.589	2	IG-D	MGI	-13.8155105579643
LV3003047123	grey	0.272475476053087	ST8	75.589	2	IG-D	MGI	-13.8155105579643
LV3003047123	yellow	0.0606655125985767	ST8	75.589	2	IG-D	MGI	-13.8155105579643
LV3003047124	grey	0.298730643025733	ST8	74.227	2	IG-D	MGI	-13.8155105579643
LV3003047124	turquoise	0.643658971849635	ST8	74.227	2	IG-D	MGI	-13.8155105579643
LV3003047124	yellow	0.0552501295262219	ST8	74.227	2	IG-D	MGI	-13.8155105579643
LV3003047124	brown	0.00236025559841115	ST8	74.227	2	IG-D	MGI	0.796004565999653
LV3003047125	turquoise	0.721802835733586	ST8	72.872	2	IG-D	MGI	-13.8155105579643
LV3003047125	grey	0.212364318411841	ST8	72.872	2	IG-D	MGI	-13.8155105579643
LV3003047125	yellow	0.0302979655886422	ST8	72.872	2	IG-D	MGI	-13.8155105579643
LV3003047125	green	0.0355348802659313	ST8	72.872	2	IG-D	MGI	-13.8155105579643
LV3003047126	turquoise	0.712238944840506	ST8	64.210824	1	G-A	MGI	-13.8155105579643
LV3003047126	grey	0.182301686092565	ST8	64.210824	1	G-A	MGI	-13.8155105579643
LV3003047126	yellow	0.0999270742962041	ST8	64.210824	1	G-A	MGI	-13.8155105579643
LV3003047126	blue	0.00102473187230458	ST8	64.210824	1	G-A	MGI	-13.8155105579643
LV3003047126	green	0.00450756289841953	ST8	64.210824	1	G-A	MGI	-13.8155105579643
LV3003047127	turquoise	0.744295114820822	ST8	47.6248	2	IG-D	MGI	-13.8155105579643
LV3003047127	grey	0.221542720783447	ST8	47.6248	2	IG-D	MGI	-13.8155105579643
LV3003047127	yellow	0.0324783322830904	ST8	47.6248	2	IG-D	MGI	-13.8155105579643
LV3003047127	brown	0.00168383211264114	ST8	47.6248	2	IG-D	MGI	-13.8155105579643
LV3003047128	grey	0.254045340513696	ST8	39.57797	1	G-A	MGI	-2.9965672710623
LV3003047128	turquoise	0.642040374209964	ST8	39.57797	1	G-A	MGI	-13.8155105579643
LV3003047128	yellow	0.0985979899754239	ST8	39.57797	1	G-A	MGI	-13.8155105579643
LV3003047128	blue	0.00403384444024341	ST8	39.57797	1	G-A	MGI	-13.8155105579643
LV3003047128	brown	0.0012824508606727	ST8	39.57797	1	G-A	MGI	-13.8155105579643
LV3003047129	turquoise	0.66155737112284	ST8	36.0373	1	G-A	MGI	-13.8155105579643
LV3003047129	grey	0.233467090834599	ST8	36.0373	1	G-A	MGI	-13.8155105579643
LV3003047129	yellow	0.0978327669727424	ST8	36.0373	1	G-A	MGI	-13.8155105579643
LV3003047129	brown	0.00342527655267154	ST8	36.0373	1	G-A	MGI	0.472638676883741
LV3003047129	blue	0.00371749451714747	ST8	36.0373	1	G-A	MGI	-13.8155105579643
LV3003047130	grey	0.285892560253691	ST8	31.936	1	G-A	MGI	-13.8155105579643
LV3003047130	turquoise	0.597379364270736	ST8	31.936	1	G-A	MGI	-13.8155105579643
LV3003047130	yellow	0.107431848069473	ST8	31.936	1	G-A	MGI	-13.8155105579643
LV3003047130	green	0.00659108051859838	ST8	31.936	1	G-A	MGI	-13.8155105579643
LV3003047130	brown	0.000552876736131679	ST8	31.936	1	G-A	MGI	-13.8155105579643
LV3003047130	blue	0.00215227015136975	ST8	31.936	1	G-A	MGI	-13.8155105579643
LV3003047131	turquoise	0.66855013530937	ST8	28.2453333333333	1	G-A	MGI	-13.8155105579643
LV3003047131	yellow	0.0780515450771476	ST8	28.2453333333333	1	G-A	MGI	-13.8155105579643
LV3003047131	grey	0.240969693534904	ST8	28.2453333333333	1	G-A	MGI	-13.8155105579643
LV3003047131	green	0.0105130421230111	ST8	28.2453333333333	1	G-A	MGI	-13.8155105579643
LV3003047131	brown	0.00133750832400572	ST8	28.2453333333333	1	G-A	MGI	-13.8155105579643
LV3003047131	blue	0.000578075631561796	ST8	28.2453333333333	1	G-A	MGI	-13.8155105579643
LV3003047132	grey	0.21254567678001	ST8	23.987	3	IG-A	MGI	-4.76168102362853
LV3003047132	green	0.00543306020955847	ST8	23.987	3	IG-A	MGI	-13.8155105579643
LV3003047132	turquoise	0.663482461771086	ST8	23.987	3	IG-A	MGI	-13.8155105579643
LV3003047132	yellow	0.0943543436268456	ST8	23.987	3	IG-A	MGI	-13.8155105579643
LV3003047132	blue	0.0212116750973993	ST8	23.987	3	IG-A	MGI	-13.8155105579643
LV3003047132	brown	0.00297278251510044	ST8	23.987	3	IG-A	MGI	-13.8155105579643
LV3003047133	green	0.024866785079929	ST8	70.162	4	IG-B	MGI	-13.8155105579643
LV3003047133	grey	0.268540957943222	ST8	70.162	4	IG-B	MGI	-13.8155105579643
LV3003047133	turquoise	0.653592287081916	ST8	70.162	4	IG-B	MGI	-13.8155105579643
LV3003047133	yellow	0.0529999698949333	ST8	70.162	4	IG-B	MGI	-13.8155105579643
LV3003047134	grey	0.302637981960775	ST8	68.807	4	IG-B	MGI	-13.8155105579643
LV3003047134	green	0.103150262741947	ST8	68.807	4	IG-B	MGI	-13.8155105579643
LV3003047134	turquoise	0.550660344261739	ST8	68.807	4	IG-B	MGI	-13.8155105579643
LV3003047134	yellow	0.0430987328783918	ST8	68.807	4	IG-B	MGI	-13.8155105579643
LV3003047134	blue	0.000452678157147222	ST8	68.807	4	IG-B	MGI	-13.8155105579643
LV3003047136	green	0.0600517517378497	ST8	67.8766	4	IG-B	MGI	-13.8155105579643
LV3003047136	turquoise	0.624361326540309	ST8	67.8766	4	IG-B	MGI	-13.8155105579643
LV3003047136	grey	0.234377626875818	ST8	67.8766	4	IG-B	MGI	-13.8155105579643
LV3003047136	yellow	0.0807597564452111	ST8	67.8766	4	IG-B	MGI	-13.8155105579643
LV3003047136	blue	0.000449538400812824	ST8	67.8766	4	IG-B	MGI	-13.8155105579643
LV3003047137	turquoise	0.62820686710371	ST8	66.9462	1	G-A	MGI	-13.8155105579643
LV3003047137	grey	0.280014065757416	ST8	66.9462	1	G-A	MGI	-13.8155105579643
LV3003047137	yellow	0.0881219702107352	ST8	66.9462	1	G-A	MGI	-13.8155105579643
LV3003047137	brown	0.00123075377389295	ST8	66.9462	1	G-A	MGI	-13.8155105579643
LV3003047137	blue	0.000557606811845377	ST8	66.9462	1	G-A	MGI	-13.8155105579643
LV3003047137	green	0.00186873634240072	ST8	66.9462	1	G-A	MGI	-13.8155105579643
LV3003047138	turquoise	0.647848198999631	ST8	66.0158	4	IG-B	MGI	-13.8155105579643
LV3003047138	yellow	0.0527627647789453	ST8	66.0158	4	IG-B	MGI	-13.8155105579643
LV3003047138	grey	0.24791030246064	ST8	66.0158	4	IG-B	MGI	-13.8155105579643
LV3003047138	green	0.0514787337607842	ST8	66.0158	4	IG-B	MGI	-13.8155105579643
LV3003047139	turquoise	0.697864562297408	ST8	58.6141266666667	1	G-A	MGI	-13.8155105579643
LV3003047139	yellow	0.138901834073798	ST8	58.6141266666667	1	G-A	MGI	-13.8155105579643
LV3003047139	grey	0.161198620561096	ST8	58.6141266666667	1	G-A	MGI	-13.8155105579643
LV3003047139	blue	0.00111846397613944	ST8	58.6141266666667	1	G-A	MGI	-13.8155105579643
LV3003047139	brown	0.000916519091558704	ST8	58.6141266666667	1	G-A	MGI	-13.8155105579643
LV3003047140	turquoise	0.758552339291207	ST8	46.0948	2	IG-D	MGI	-13.8155105579643
LV3003047140	grey	0.156146406479615	ST8	46.0948	2	IG-D	MGI	-13.8155105579643
LV3003047140	yellow	0.0853012542291788	ST8	46.0948	2	IG-D	MGI	-13.8155105579643
LV3003047141	turquoise	0.811638368886954	ST8	39.15347	2	IG-D	MGI	-13.8155105579643
LV3003047141	grey	0.161079669133653	ST8	39.15347	2	IG-D	MGI	-13.8155105579643
LV3003047141	yellow	0.0272819619793934	ST8	39.15347	2	IG-D	MGI	-13.8155105579643
LV3003047142	turquoise	0.600125704613953	ST8	35.5823	1	G-A	MGI	-13.8155105579643
LV3003047142	grey	0.273654985375703	ST8	35.5823	1	G-A	MGI	-13.8155105579643
LV3003047142	yellow	0.119993467319275	ST8	35.5823	1	G-A	MGI	-13.8155105579643
LV3003047142	blue	0.00248439827576821	ST8	35.5823	1	G-A	MGI	-13.8155105579643
LV3003047142	brown	0.00374144441530033	ST8	35.5823	1	G-A	MGI	-13.8155105579643
LV3003047143	turquoise	0.608615097179334	ST8	31.398	1	G-A	MGI	-13.8155105579643
LV3003047143	yellow	0.0842826374652931	ST8	31.398	1	G-A	MGI	-13.8155105579643
LV3003047143	grey	0.296528012040377	ST8	31.398	1	G-A	MGI	-13.8155105579643
LV3003047143	green	0.00963489633339388	ST8	31.398	1	G-A	MGI	-13.8155105579643
LV3003047143	brown	0.000656511923605885	ST8	31.398	1	G-A	MGI	-13.8155105579643
LV3003047143	blue	0.000282845057996211	ST8	31.398	1	G-A	MGI	-13.8155105579643
LV3003047144	grey	0.314192958544027	ST8	27.729	1	G-A	MGI	-13.8155105579643
LV3003047144	turquoise	0.563475213568242	ST8	27.729	1	G-A	MGI	-13.8155105579643
LV3003047144	yellow	0.109181183100139	ST8	27.729	1	G-A	MGI	-13.8155105579643
LV3003047144	brown	0.000726521230140863	ST8	27.729	1	G-A	MGI	-13.8155105579643
LV3003047144	blue	0.00913646236055295	ST8	27.729	1	G-A	MGI	-13.8155105579643
LV3003047144	green	0.00328766119689794	ST8	27.729	1	G-A	MGI	-13.8155105579643
LV3003047145	turquoise	0.589010125603445	ST8	23.446	3	IG-A	MGI	-13.8155105579643
LV3003047145	grey	0.289877036261803	ST8	23.446	3	IG-A	MGI	-13.8155105579643
LV3003047145	yellow	0.0692193145769249	ST8	23.446	3	IG-A	MGI	-13.8155105579643
LV3003047145	brown	0.0429511297167284	ST8	23.446	3	IG-A	MGI	-1.29082315362996
LV3003047145	blue	0.00613654114603633	ST8	23.446	3	IG-A	MGI	-13.8155105579643
LV3003047145	green	0.00280585269506266	ST8	23.446	3	IG-A	MGI	-13.8155105579643
LV3003047146	turquoise	0.620470714164502	ST8	63.2667	1	G-A	MGI	-13.8155105579643
LV3003047146	grey	0.260177268395839	ST8	63.2667	1	G-A	MGI	-13.8155105579643
LV3003047146	yellow	0.108525330583367	ST8	63.2667	1	G-A	MGI	-13.8155105579643
LV3003047146	brown	0.00217212526270445	ST8	63.2667	1	G-A	MGI	-13.8155105579643
LV3003047146	blue	0.00441735089482684	ST8	63.2667	1	G-A	MGI	-13.8155105579643
LV3003047146	green	0.00423721069876121	ST8	63.2667	1	G-A	MGI	-13.8155105579643
LV3003047147	turquoise	0.666762014969684	ST8	62.3217	1	G-A	MGI	-13.8155105579643
LV3003047147	grey	0.216969397528745	ST8	62.3217	1	G-A	MGI	-13.8155105579643
LV3003047147	yellow	0.111098109069791	ST8	62.3217	1	G-A	MGI	-13.8155105579643
LV3003047147	brown	0.00213233477655992	ST8	62.3217	1	G-A	MGI	-13.8155105579643
LV3003047147	blue	0.00129153610450174	ST8	62.3217	1	G-A	MGI	-13.8155105579643
LV3003047147	green	0.0017466075507188	ST8	62.3217	1	G-A	MGI	-13.8155105579643
LV3003047148	grey	0.19479362608376	ST8	61.3767	1	G-A	MGI	-13.8155105579643
LV3003047148	turquoise	0.711361916499103	ST8	61.3767	1	G-A	MGI	-13.8155105579643
LV3003047148	yellow	0.0882705238805647	ST8	61.3767	1	G-A	MGI	-13.8155105579643
LV3003047148	brown	0.00163455925277291	ST8	61.3767	1	G-A	MGI	-13.8155105579643
LV3003047148	blue	0.00156969579036129	ST8	61.3767	1	G-A	MGI	-13.8155105579643
LV3003047148	green	0.00236967849343798	ST8	61.3767	1	G-A	MGI	-13.8155105579643
LV3003047149	grey	0.202174597270308	ST8	60.4317	1	G-A	MGI	-13.8155105579643
LV3003047149	yellow	0.0878880654668231	ST8	60.4317	1	G-A	MGI	-13.8155105579643
LV3003047149	turquoise	0.702143122836133	ST8	60.4317	1	G-A	MGI	-13.8155105579643
LV3003047149	green	0.00536209905862829	ST8	60.4317	1	G-A	MGI	-13.8155105579643
LV3003047149	brown	0.000984291396034221	ST8	60.4317	1	G-A	MGI	0.796004565999653
LV3003047149	blue	0.00144782397207359	ST8	60.4317	1	G-A	MGI	-13.8155105579643
LV3003047150	grey	0.19314243040016	ST8	59.5217933333333	1	G-A	MGI	-13.8155105579643
LV3003047150	turquoise	0.663499081382229	ST8	59.5217933333333	1	G-A	MGI	-13.8155105579643
LV3003047150	yellow	0.135603676635721	ST8	59.5217933333333	1	G-A	MGI	-13.8155105579643
LV3003047150	blue	0.00471079098536976	ST8	59.5217933333333	1	G-A	MGI	-13.8155105579643
LV3003047150	brown	0.00177229643619598	ST8	59.5217933333333	1	G-A	MGI	-13.8155105579643
LV3003047150	green	0.00127172416032383	ST8	59.5217933333333	1	G-A	MGI	-13.8155105579643
LV3003047152	grey	0.206317638615647	ST8	45.00002	1	G-A	MGI	-13.8155105579643
LV3003047152	turquoise	0.693690573529044	ST8	45.00002	1	G-A	MGI	-13.8155105579643
LV3003047152	yellow	0.0858026300285997	ST8	45.00002	1	G-A	MGI	-13.8155105579643
LV3003047152	green	0.0132751104176411	ST8	45.00002	1	G-A	MGI	-13.8155105579643
LV3003047152	blue	0.000549856644517679	ST8	45.00002	1	G-A	MGI	-13.8155105579643
LV3003047152	brown	0.000364190764550671	ST8	45.00002	1	G-A	MGI	0.796004565999653
LV3003047153	grey	0.236339570363529	ST8	38.71393	1	G-A	MGI	-13.8155105579643
LV3003047153	turquoise	0.674715456590616	ST8	38.71393	1	G-A	MGI	-13.8155105579643
LV3003047153	yellow	0.0799783675394558	ST8	38.71393	1	G-A	MGI	-13.8155105579643
LV3003047153	green	0.00793684111747957	ST8	38.71393	1	G-A	MGI	-13.8155105579643
LV3003047153	brown	0.000474136121517137	ST8	38.71393	1	G-A	MGI	-13.8155105579643
LV3003047153	blue	0.000555628267402895	ST8	38.71393	1	G-A	MGI	-13.8155105579643
LV3003047154	turquoise	0.725925190812147	ST8	35.13012	1	G-A	MGI	-13.8155105579643
LV3003047154	yellow	0.0800644160155898	ST8	35.13012	1	G-A	MGI	-13.8155105579643
LV3003047154	grey	0.183675862940041	ST8	35.13012	1	G-A	MGI	-13.8155105579643
LV3003047154	green	0.00915266776131791	ST8	35.13012	1	G-A	MGI	-13.8155105579643
LV3003047154	brown	0.00118186247090453	ST8	35.13012	1	G-A	MGI	-13.8155105579643
LV3003047155	turquoise	0.54714731308666	ST8	30.9475	1	G-A	MGI	-13.8155105579643
LV3003047155	yellow	0.0520332710470637	ST8	30.9475	1	G-A	MGI	-13.8155105579643
LV3003047155	grey	0.399183492442034	ST8	30.9475	1	G-A	MGI	-13.8155105579643
LV3003047155	brown	0.00107243868922544	ST8	30.9475	1	G-A	MGI	-13.8155105579643
LV3003047155	blue	0.000563484735016759	ST8	30.9475	1	G-A	MGI	-13.8155105579643
LV3003047156	grey	0.295925477899006	ST8	27.1996666666667	1	G-A	MGI	-13.8155105579643
LV3003047156	turquoise	0.596949980621748	ST8	27.1996666666667	1	G-A	MGI	-13.8155105579643
LV3003047156	yellow	0.0945051890651853	ST8	27.1996666666667	1	G-A	MGI	-13.8155105579643
LV3003047156	blue	0.00896880297211489	ST8	27.1996666666667	1	G-A	MGI	-13.8155105579643
LV3003047156	brown	0.000773172670009905	ST8	27.1996666666667	1	G-A	MGI	-13.8155105579643
LV3003047156	green	0.00287737677193559	ST8	27.1996666666667	1	G-A	MGI	-13.8155105579643
LV3003047158	grey	0.214159758396335	ST8	57.70646	1	G-A	MGI	-13.8155105579643
LV3003047158	turquoise	0.64123781340576	ST8	57.70646	1	G-A	MGI	-13.8155105579643
LV3003047158	yellow	0.13953523724588	ST8	57.70646	1	G-A	MGI	-13.8155105579643
LV3003047158	blue	0.00242718446601942	ST8	57.70646	1	G-A	MGI	-13.8155105579643
LV3003047158	brown	0.00113505077325334	ST8	57.70646	1	G-A	MGI	-13.8155105579643
LV3003047158	green	0.00150495571275108	ST8	57.70646	1	G-A	MGI	-13.8155105579643
LV3003047159	turquoise	0.694742203323581	ST8	56.7987933333333	1	G-A	MGI	-13.8155105579643
LV3003047159	yellow	0.0791334525684911	ST8	56.7987933333333	1	G-A	MGI	-13.8155105579643
LV3003047159	grey	0.206977625641086	ST8	56.7987933333333	1	G-A	MGI	-13.8155105579643
LV3003047159	green	0.017470714344937	ST8	56.7987933333333	1	G-A	MGI	-13.8155105579643
LV3003047159	brown	0.00167600412190413	ST8	56.7987933333333	1	G-A	MGI	-13.8155105579643
LV3003047160	turquoise	0.31703888802124	ST8	55.8911266666667	2	IG-D	MGI	-13.8155105579643
LV3003047160	grey	0.627518350773075	ST8	55.8911266666667	2	IG-D	MGI	-13.8155105579643
LV3003047160	yellow	0.0554427612056848	ST8	55.8911266666667	2	IG-D	MGI	-13.8155105579643
LV3003047161	turquoise	0.529627687467226	ST8	54.98346	2	IG-D	MGI	-13.8155105579643
LV3003047161	grey	0.365495542737284	ST8	54.98346	2	IG-D	MGI	-13.8155105579643
LV3003047161	yellow	0.10487676979549	ST8	54.98346	2	IG-D	MGI	-13.8155105579643
LV3003047162	grey	0.821206581352834	ST8	102.698	2	IG-D	MGI	-13.8155105579643
LV3003047162	turquoise	0.165143205362584	ST8	102.698	2	IG-D	MGI	-13.8155105579643
LV3003047162	yellow	0.0058094657729027	ST8	102.698	2	IG-D	MGI	-13.8155105579643
LV3003047162	brown	0.00784074751167987	ST8	102.698	2	IG-D	MGI	-13.8155105579643
LV3003047164	grey	0.235798438166145	ST8	43.93302	1	G-A	MGI	-13.8155105579643
LV3003047164	turquoise	0.684331749316308	ST8	43.93302	1	G-A	MGI	-13.8155105579643
LV3003047164	yellow	0.0761420000207967	ST8	43.93302	1	G-A	MGI	-13.8155105579643
LV3003047164	blue	0.00085786480050744	ST8	43.93302	1	G-A	MGI	-13.8155105579643
LV3003047164	green	0.00286994769624307	ST8	43.93302	1	G-A	MGI	-13.8155105579643
LV3003047166	grey	0.211789960369881	ST8	38.27343	1	G-A	MGI	-13.8155105579643
LV3003047166	turquoise	0.695461800968736	ST8	38.27343	1	G-A	MGI	-13.8155105579643
LV3003047166	yellow	0.0836470717745486	ST8	38.27343	1	G-A	MGI	-13.8155105579643
LV3003047166	green	0.00792051959489212	ST8	38.27343	1	G-A	MGI	-13.8155105579643
LV3003047166	blue	0.000666006164685161	ST8	38.27343	1	G-A	MGI	-13.8155105579643
LV3003047166	brown	0.000514641127256715	ST8	38.27343	1	G-A	MGI	-13.8155105579643
LV3003047167	turquoise	0.615308582575453	ST8	34.67812	1	G-A	MGI	-13.8155105579643
LV3003047167	yellow	0.112936881906565	ST8	34.67812	1	G-A	MGI	-13.8155105579643
LV3003047167	grey	0.269809061099402	ST8	34.67812	1	G-A	MGI	-13.8155105579643
LV3003047167	brown	0.00194547441858033	ST8	34.67812	1	G-A	MGI	-13.8155105579643
LV3003047168	grey	0.341821407285067	ST8	30.497	1	G-A	MGI	-13.8155105579643
LV3003047168	turquoise	0.559954004258419	ST8	30.497	1	G-A	MGI	-13.8155105579643
LV3003047168	yellow	0.0854011683560536	ST8	30.497	1	G-A	MGI	-13.8155105579643
LV3003047168	blue	0.00562504640713456	ST8	30.497	1	G-A	MGI	-13.8155105579643
LV3003047168	brown	0.0051093000901051	ST8	30.497	1	G-A	MGI	-13.8155105579643
LV3003047168	green	0.0020890736032205	ST8	30.497	1	G-A	MGI	-13.8155105579643
LV3003047169	grey	0.367340579903676	ST8	26.6703333333333	1	G-A	MGI	-13.8155105579643
LV3003047169	turquoise	0.530397315029957	ST8	26.6703333333333	1	G-A	MGI	-13.8155105579643
LV3003047169	yellow	0.092068833515833	ST8	26.6703333333333	1	G-A	MGI	-13.8155105579643
LV3003047169	brown	0.00266716520221848	ST8	26.6703333333333	1	G-A	MGI	-13.8155105579643
LV3003047169	blue	0.00725013131070338	ST8	26.6703333333333	1	G-A	MGI	-13.8155105579643
LV3003047169	green	0.000275975037612727	ST8	26.6703333333333	1	G-A	MGI	-13.8155105579643
LV3003061473	grey	0.557245642395866	ST13	117.088	2	IG-D	MGI	-13.8155105579643
LV3003061473	turquoise	0.389357478494669	ST13	117.088	2	IG-D	MGI	-13.8155105579643
LV3003061473	yellow	0.038722160333029	ST13	117.088	2	IG-D	MGI	-13.8155105579643
LV3003061473	green	0.0146747187764367	ST13	117.088	2	IG-D	MGI	-13.8155105579643
LV3003061474	grey	0.240366627779032	ST13	77.7798	4	IG-B	MGI	-13.8155105579643
LV3003061474	green	0.0245813001520249	ST13	77.7798	4	IG-B	MGI	-13.8155105579643
LV3003061474	turquoise	0.690417065935853	ST13	77.7798	4	IG-B	MGI	-13.8155105579643
LV3003061474	yellow	0.0437541143801632	ST13	77.7798	4	IG-B	MGI	-13.8155105579643
LV3003061474	blue	0.000880891752927229	ST13	77.7798	4	IG-B	MGI	-13.8155105579643
LV3003061475	turquoise	0.649157642988889	ST13	53.844	1	G-A	MGI	-13.8155105579643
LV3003061475	yellow	0.0611256725471335	ST13	53.844	1	G-A	MGI	-13.8155105579643
LV3003061475	grey	0.27779984055963	ST13	53.844	1	G-A	MGI	-13.8155105579643
LV3003061475	green	0.0110549245599946	ST13	53.844	1	G-A	MGI	-13.8155105579643
LV3003061475	blue	0.000861919344352958	ST13	53.844	1	G-A	MGI	-13.8155105579643
LV3003061476	grey	0.271401702185401	ST13	37.16	1	G-A	MGI	-13.8155105579643
LV3003061476	green	0.0171198540553173	ST13	37.16	1	G-A	MGI	-13.8155105579643
LV3003061476	turquoise	0.631747868499016	ST13	37.16	1	G-A	MGI	-13.8155105579643
LV3003061476	yellow	0.0759387273563357	ST13	37.16	1	G-A	MGI	-13.8155105579643
LV3003061476	blue	0.00212961636751525	ST13	37.16	1	G-A	MGI	-13.8155105579643
LV3003061476	brown	0.00166223153641456	ST13	37.16	1	G-A	MGI	-13.8155105579643
LV3003061477	grey	0.159897890189585	ST13	16.726	3	IG-A	MGI	-4.1168314699678
LV3003061477	green	0.00827920960227664	ST13	16.726	3	IG-A	MGI	-13.8155105579643
LV3003061477	turquoise	0.709902391918778	ST13	16.726	3	IG-A	MGI	-13.8155105579643
LV3003061477	yellow	0.0945976601600497	ST13	16.726	3	IG-A	MGI	-13.8155105579643
LV3003061477	blue	0.0236265753845448	ST13	16.726	3	IG-A	MGI	-13.8155105579643
LV3003061477	brown	0.00369627274476608	ST13	16.726	3	IG-A	MGI	-0.698774926958408
LV3003061485	grey	0.194713905780985	ST13	75.7796	4	IG-B	MGI	-13.8155105579643
LV3003061485	green	0.0432474298956405	ST13	75.7796	4	IG-B	MGI	-13.8155105579643
LV3003061485	turquoise	0.706172294197241	ST13	75.7796	4	IG-B	MGI	-13.8155105579643
LV3003061485	yellow	0.049080361447657	ST13	75.7796	4	IG-B	MGI	-13.8155105579643
LV3003061485	blue	0.00669580229248643	ST13	75.7796	4	IG-B	MGI	-13.8155105579643
LV3003061485	brown	9.02063859900151e-05	ST13	75.7796	4	IG-B	MGI	-13.8155105579643
LV3003061486	turquoise	0.542592914206322	ST13	52.105	2	IG-D	MGI	-13.8155105579643
LV3003061486	grey	0.412894137624947	ST13	52.105	2	IG-D	MGI	-13.8155105579643
LV3003061486	yellow	0.0430994558295705	ST13	52.105	2	IG-D	MGI	-13.8155105579643
LV3003061486	green	0.00141349233916097	ST13	52.105	2	IG-D	MGI	-13.8155105579643
LV3003061488	grey	0.223018684769222	ST13	35.041	1	G-A	MGI	-4.00091368338615
LV3003061488	green	0.00693813896308721	ST13	35.041	1	G-A	MGI	-13.8155105579643
LV3003061488	turquoise	0.686043708954756	ST13	35.041	1	G-A	MGI	-13.8155105579643
LV3003061488	yellow	0.0748007101026743	ST13	35.041	1	G-A	MGI	-13.8155105579643
LV3003061488	blue	0.00792096860998392	ST13	35.041	1	G-A	MGI	-13.8155105579643
LV3003061488	brown	0.00127778860027669	ST13	35.041	1	G-A	MGI	-13.8155105579643
LV3003061489	turquoise	0.538262560327766	ST13	112.6068	2	IG-D	MGI	-13.8155105579643
LV3003061489	grey	0.405027603208222	ST13	112.6068	2	IG-D	MGI	-13.8155105579643
LV3003061489	green	0.0432172494010625	ST13	112.6068	2	IG-D	MGI	-13.8155105579643
LV3003061489	yellow	0.0125342870039235	ST13	112.6068	2	IG-D	MGI	-13.8155105579643
LV3003061489	blue	0.000958300059025728	ST13	112.6068	2	IG-D	MGI	-13.8155105579643
LV3003061492	grey	0.198970726460785	ST13	14.437	3	IG-A	MGI	-4.06525203235942
LV3003061492	green	0.00698812298281043	ST13	14.437	3	IG-A	MGI	-13.8155105579643
LV3003061492	turquoise	0.64092241982537	ST13	14.437	3	IG-A	MGI	-13.8155105579643
LV3003061492	yellow	0.11803497651053	ST13	14.437	3	IG-A	MGI	-13.8155105579643
LV3003061492	blue	0.0235541711370003	ST13	14.437	3	IG-A	MGI	-13.8155105579643
LV3003061492	brown	0.0115295830835043	ST13	14.437	3	IG-A	MGI	-1.68514671108618
LV3003061500	grey	0.347861356643849	ST13	148.086	2	IG-D	MGI	-13.8155105579643
LV3003061500	turquoise	0.570727111375214	ST13	148.086	2	IG-D	MGI	-13.8155105579643
LV3003061500	yellow	0.0572630994593284	ST13	148.086	2	IG-D	MGI	-13.8155105579643
LV3003061500	brown	0.0212965171056284	ST13	148.086	2	IG-D	MGI	-1.02732741526098
LV3003061500	blue	0.000840523391961469	ST13	148.086	2	IG-D	MGI	-13.8155105579643
LV3003061500	green	0.00201139202401942	ST13	148.086	2	IG-D	MGI	-13.8155105579643
LV3003061501	green	0.0366646444756061	ST13	105.5872	4	IG-B	MGI	-13.8155105579643
LV3003061501	grey	0.388305437041899	ST13	105.5872	4	IG-B	MGI	-13.8155105579643
LV3003061501	turquoise	0.54997463973506	ST13	105.5872	4	IG-B	MGI	-13.8155105579643
LV3003061501	yellow	0.0238933476544241	ST13	105.5872	4	IG-B	MGI	-13.8155105579643
LV3003061501	blue	0.00116193109301084	ST13	105.5872	4	IG-B	MGI	-13.8155105579643
LV3003061503	grey	0.197217192283379	ST13	73.1472	4	IG-B	MGI	-13.8155105579643
LV3003061503	green	0.0300936910576348	ST13	73.1472	4	IG-B	MGI	-13.8155105579643
LV3003061503	turquoise	0.727274907619487	ST13	73.1472	4	IG-B	MGI	-13.8155105579643
LV3003061503	yellow	0.0428436580798901	ST13	73.1472	4	IG-B	MGI	-13.8155105579643
LV3003061503	blue	0.0023024461777509	ST13	73.1472	4	IG-B	MGI	-13.8155105579643
LV3003061503	brown	0.000268104781858643	ST13	73.1472	4	IG-B	MGI	-13.8155105579643
LV3003061504	turquoise	0.675570643339407	ST13	50.268	1	G-A	MGI	-13.8155105579643
LV3003061504	grey	0.261952826313229	ST13	50.268	1	G-A	MGI	-13.8155105579643
LV3003061504	yellow	0.0571664033025109	ST13	50.268	1	G-A	MGI	-13.8155105579643
LV3003061504	green	0.00531012704485255	ST13	50.268	1	G-A	MGI	-13.8155105579643
LV3003061505	grey	0.192994034105908	ST13	32.81	1	G-A	MGI	-13.8155105579643
LV3003061505	turquoise	0.731215792900762	ST13	32.81	1	G-A	MGI	-13.8155105579643
LV3003061505	yellow	0.0665443570385231	ST13	32.81	1	G-A	MGI	-13.8155105579643
LV3003061505	blue	0.00355489854460342	ST13	32.81	1	G-A	MGI	-13.8155105579643
LV3003061505	green	0.00431163437340514	ST13	32.81	1	G-A	MGI	-13.8155105579643
LV3003061505	brown	0.00137928303679848	ST13	32.81	1	G-A	MGI	-13.8155105579643
LV3003061506	grey	0.257392685165135	ST13	11.95	3	IG-A	MGI	-13.8155105579643
LV3003061506	turquoise	0.653321784679473	ST13	11.95	3	IG-A	MGI	-13.8155105579643
LV3003061506	yellow	0.0490714676070571	ST13	11.95	3	IG-A	MGI	-13.8155105579643
LV3003061506	brown	0.0337653767232757	ST13	11.95	3	IG-A	MGI	-1.71722405530677
LV3003061506	blue	0.00213031418525278	ST13	11.95	3	IG-A	MGI	-13.8155105579643
LV3003061506	green	0.00431837163980573	ST13	11.95	3	IG-A	MGI	-13.8155105579643
LV3003061513	yellow	0.0975704449350746	ST13	138.493	2	IG-D	MGI	-13.8155105579643
LV3003061513	turquoise	0.637129064850503	ST13	138.493	2	IG-D	MGI	-13.8155105579643
LV3003061513	green	0.0102299517269768	ST13	138.493	2	IG-D	MGI	-13.8155105579643
LV3003061513	grey	0.250233880926543	ST13	138.493	2	IG-D	MGI	-13.8155105579643
LV3003061513	blue	0.00195056692736594	ST13	138.493	2	IG-D	MGI	-13.8155105579643
LV3003061513	brown	0.00288609063353665	ST13	138.493	2	IG-D	MGI	-13.8155105579643
LV3003061514	grey	0.236425605012018	ST13	100.6726	4	IG-B	MGI	-13.8155105579643
LV3003061514	green	0.0667414486105137	ST13	100.6726	4	IG-B	MGI	-13.8155105579643
LV3003061514	turquoise	0.648944734372094	ST13	100.6726	4	IG-B	MGI	-13.8155105579643
LV3003061514	yellow	0.0389854742537305	ST13	100.6726	4	IG-B	MGI	-13.8155105579643
LV3003061514	blue	0.00874474772943203	ST13	100.6726	4	IG-B	MGI	-13.8155105579643
LV3003061514	brown	0.000157990022211961	ST13	100.6726	4	IG-B	MGI	-13.8155105579643
LV3003061515	grey	0.233530384936794	ST13	71.0012	4	IG-B	MGI	-13.8155105579643
LV3003061515	green	0.0811615902957876	ST13	71.0012	4	IG-B	MGI	-13.8155105579643
LV3003061515	turquoise	0.634107115639879	ST13	71.0012	4	IG-B	MGI	-13.8155105579643
LV3003061515	yellow	0.043006614650338	ST13	71.0012	4	IG-B	MGI	-13.8155105579643
LV3003061515	blue	0.00805939695552061	ST13	71.0012	4	IG-B	MGI	-13.8155105579643
LV3003061515	brown	0.000134897521681419	ST13	71.0012	4	IG-B	MGI	-13.8155105579643
LV3003061516	turquoise	0.660937071756603	ST13	48.537	1	G-A	MGI	-13.8155105579643
LV3003061516	grey	0.278924464270992	ST13	48.537	1	G-A	MGI	-13.8155105579643
LV3003061516	yellow	0.0544942856315218	ST13	48.537	1	G-A	MGI	-13.8155105579643
LV3003061516	blue	0.000505814640102856	ST13	48.537	1	G-A	MGI	-13.8155105579643
LV3003061516	green	0.00513836370078056	ST13	48.537	1	G-A	MGI	-13.8155105579643
LV3003061517	grey	0.222850362383575	ST13	30.678	4	IG-B	MGI	-3.7973034543257
LV3003061517	green	0.0164286380125999	ST13	30.678	4	IG-B	MGI	-13.8155105579643
LV3003061517	turquoise	0.676204643792094	ST13	30.678	4	IG-B	MGI	-13.8155105579643
LV3003061517	yellow	0.0739079941894338	ST13	30.678	4	IG-B	MGI	-13.8155105579643
LV3003061517	blue	0.00841192098251393	ST13	30.678	4	IG-B	MGI	-13.8155105579643
LV3003061517	brown	0.00219644063978374	ST13	30.678	4	IG-B	MGI	-13.8155105579643
LV3003061518	grey	0.24499850013563	ST13	9.804	3	IG-A	MGI	-13.8155105579643
LV3003061518	green	0.00969887105926693	ST13	9.804	3	IG-A	MGI	-13.8155105579643
LV3003061518	turquoise	0.632258191261798	ST13	9.804	3	IG-A	MGI	-13.8155105579643
LV3003061518	yellow	0.0863513853533144	ST13	9.804	3	IG-A	MGI	-13.8155105579643
LV3003061518	blue	0.0184071515951076	ST13	9.804	3	IG-A	MGI	-13.8155105579643
LV3003061518	brown	0.00828590059488323	ST13	9.804	3	IG-A	MGI	-13.8155105579643
LV3003061527	turquoise	0.376868983409572	ST13	133.7754	2	IG-D	MGI	-13.8155105579643
LV3003061527	grey	0.559773332423022	ST13	133.7754	2	IG-D	MGI	-13.8155105579643
LV3003061527	yellow	0.0633576841674063	ST13	133.7754	2	IG-D	MGI	-13.8155105579643
LV3003061528	green	0.0548605250048881	ST13	95.118	4	IG-B	MGI	-13.8155105579643
LV3003061528	turquoise	0.653222058576452	ST13	95.118	4	IG-B	MGI	-13.8155105579643
LV3003061528	grey	0.243154470362485	ST13	95.118	4	IG-B	MGI	-13.8155105579643
LV3003061528	yellow	0.0435555389617216	ST13	95.118	4	IG-B	MGI	-13.8155105579643
LV3003061528	blue	0.00520740709445352	ST13	95.118	4	IG-B	MGI	-13.8155105579643
LV3003061529	grey	0.205678296393689	ST13	66.015	4	IG-B	MGI	-13.8155105579643
LV3003061529	green	0.0238473970072627	ST13	66.015	4	IG-B	MGI	-13.8155105579643
LV3003061529	turquoise	0.68425506354871	ST13	66.015	4	IG-B	MGI	-13.8155105579643
LV3003061529	yellow	0.0742852726646632	ST13	66.015	4	IG-B	MGI	-13.8155105579643
LV3003061529	blue	0.00976904896068119	ST13	66.015	4	IG-B	MGI	-13.8155105579643
LV3003061529	brown	0.00216492142499374	ST13	66.015	4	IG-B	MGI	-13.8155105579643
LV3003061530	turquoise	0.849626307922272	ST13	47.046	1	G-A	MGI	-13.8155105579643
LV3003061530	grey	0.11601469325446	ST13	47.046	1	G-A	MGI	-13.8155105579643
LV3003061530	yellow	0.0286407149445028	ST13	47.046	1	G-A	MGI	-13.8155105579643
LV3003061530	green	0.00513627834494164	ST13	47.046	1	G-A	MGI	-13.8155105579643
LV3003061530	blue	0.000582005533823109	ST13	47.046	1	G-A	MGI	-13.8155105579643
LV3003061531	grey	0.243030522487042	ST13	28.445	1	G-A	MGI	-13.8155105579643
LV3003061531	green	0.0104196333395718	ST13	28.445	1	G-A	MGI	-13.8155105579643
LV3003061531	turquoise	0.669224447283409	ST13	28.445	1	G-A	MGI	-13.8155105579643
LV3003061531	yellow	0.0668925406654569	ST13	28.445	1	G-A	MGI	-13.8155105579643
LV3003061531	blue	0.00801001684392113	ST13	28.445	1	G-A	MGI	-13.8155105579643
LV3003061531	brown	0.00242283938059938	ST13	28.445	1	G-A	MGI	0.0751869148946064
LV3003061533	grey	0.38914095332891	ST13	7.912	3	IG-A	MGI	-13.8155105579643
LV3003061533	turquoise	0.472804689228047	ST13	7.912	3	IG-A	MGI	-13.8155105579643
LV3003061533	yellow	0.0290712784782128	ST13	7.912	3	IG-A	MGI	-13.8155105579643
LV3003061533	brown	0.103370382658704	ST13	7.912	3	IG-A	MGI	-1.98504848402529
LV3003061533	blue	0.00246488608714886	ST13	7.912	3	IG-A	MGI	-13.8155105579643
LV3003061533	green	0.0031478102189781	ST13	7.912	3	IG-A	MGI	-13.8155105579643
LV3003061539	yellow	0.0923792700221432	ST13	130.0556	2	IG-D	MGI	-13.8155105579643
LV3003061539	turquoise	0.576578721952294	ST13	130.0556	2	IG-D	MGI	-13.8155105579643
LV3003061539	grey	0.324690511140888	ST13	130.0556	2	IG-D	MGI	-13.8155105579643
LV3003061539	brown	0.000575793226254749	ST13	130.0556	2	IG-D	MGI	-13.8155105579643
LV3003061539	green	0.00494755661078155	ST13	130.0556	2	IG-D	MGI	-13.8155105579643
LV3003061539	blue	0.000828147047638004	ST13	130.0556	2	IG-D	MGI	-13.8155105579643
LV3003061541	green	0.01478878237071	ST13	91.09	4	IG-B	MGI	-13.8155105579643
LV3003061541	turquoise	0.581418525935137	ST13	91.09	4	IG-B	MGI	-13.8155105579643
LV3003061541	yellow	0.0375072894843211	ST13	91.09	4	IG-B	MGI	-13.8155105579643
LV3003061541	grey	0.365348954171128	ST13	91.09	4	IG-B	MGI	-13.8155105579643
LV3003061541	blue	0.000936448038704462	ST13	91.09	4	IG-B	MGI	-13.8155105579643
LV3003061543	grey	0.25632530934638	ST13	62.293	4	IG-B	MGI	-13.8155105579643
LV3003061543	green	0.0248946124547101	ST13	62.293	4	IG-B	MGI	-13.8155105579643
LV3003061543	turquoise	0.642126577875138	ST13	62.293	4	IG-B	MGI	-13.8155105579643
LV3003061543	yellow	0.0701087192842461	ST13	62.293	4	IG-B	MGI	-13.8155105579643
LV3003061543	blue	0.00624510081595286	ST13	62.293	4	IG-B	MGI	-13.8155105579643
LV3003061543	brown	0.000299680223573199	ST13	62.293	4	IG-B	MGI	-13.8155105579643
LV3003061544	grey	0.27461197893719	ST13	45.122	1	G-A	MGI	-13.8155105579643
LV3003061544	turquoise	0.635197088740542	ST13	45.122	1	G-A	MGI	-13.8155105579643
LV3003061544	yellow	0.0731720677229826	ST13	45.122	1	G-A	MGI	-13.8155105579643
LV3003061544	green	0.014234782215215	ST13	45.122	1	G-A	MGI	-13.8155105579643
LV3003061544	blue	0.00187669539661861	ST13	45.122	1	G-A	MGI	-13.8155105579643
LV3003061544	brown	0.000907386987451386	ST13	45.122	1	G-A	MGI	-13.8155105579643
LV3003061545	grey	0.271703867496492	ST13	23.172	1	G-A	MGI	-13.8155105579643
LV3003061545	turquoise	0.627651276477629	ST13	23.172	1	G-A	MGI	-13.8155105579643
LV3003061545	yellow	0.0865917731081217	ST13	23.172	1	G-A	MGI	-13.8155105579643
LV3003061545	blue	0.00826273022625007	ST13	23.172	1	G-A	MGI	-13.8155105579643
LV3003061545	brown	0.00206480416568092	ST13	23.172	1	G-A	MGI	-13.8155105579643
LV3003061545	green	0.00372554852582586	ST13	23.172	1	G-A	MGI	-13.8155105579643
LV3003061546	grey	0.387735437285443	ST13	7.197	3	IG-A	MGI	-13.8155105579643
LV3003061546	turquoise	0.483672874513494	ST13	7.197	3	IG-A	MGI	-13.8155105579643
LV3003061546	yellow	0.01660728660558	ST13	7.197	3	IG-A	MGI	-13.8155105579643
LV3003061546	brown	0.10959661329761	ST13	7.197	3	IG-A	MGI	-1.63917312138176
LV3003061546	blue	0.00218993866661431	ST13	7.197	3	IG-A	MGI	-13.8155105579643
LV3003061546	green	0.000197849631259638	ST13	7.197	3	IG-A	MGI	-13.8155105579643
LV3003061555	turquoise	0.463190756997625	ST13	126.443	2	IG-D	MGI	-13.8155105579643
LV3003061555	grey	0.467006430610775	ST13	126.443	2	IG-D	MGI	-13.8155105579643
LV3003061555	yellow	0.0698028123916002	ST13	126.443	2	IG-D	MGI	-13.8155105579643
LV3003061556	grey	0.253032303055964	ST13	86.6174	4	IG-B	MGI	-13.8155105579643
LV3003061556	green	0.0280773413696629	ST13	86.6174	4	IG-B	MGI	-13.8155105579643
LV3003061556	turquoise	0.679563813271567	ST13	86.6174	4	IG-B	MGI	-13.8155105579643
LV3003061556	yellow	0.0388616306775257	ST13	86.6174	4	IG-B	MGI	-13.8155105579643
LV3003061556	blue	0.00046491162528123	ST13	86.6174	4	IG-B	MGI	-13.8155105579643
LV3003061557	green	0.0417289607215844	ST13	58.082	4	IG-B	MGI	-13.8155105579643
LV3003061557	yellow	0.0520369874932273	ST13	58.082	4	IG-B	MGI	-13.8155105579643
LV3003061557	turquoise	0.714945402305311	ST13	58.082	4	IG-B	MGI	-13.8155105579643
LV3003061557	grey	0.190803036877331	ST13	58.082	4	IG-B	MGI	-13.8155105579643
LV3003061557	blue	0.000485612602546319	ST13	58.082	4	IG-B	MGI	-13.8155105579643
LV3003061558	grey	0.227902657273767	ST13	42.626	1	G-A	MGI	-13.8155105579643
LV3003061558	green	0.00942710497916014	ST13	42.626	1	G-A	MGI	-13.8155105579643
LV3003061558	turquoise	0.678727614473822	ST13	42.626	1	G-A	MGI	-13.8155105579643
LV3003061558	yellow	0.0800209339196199	ST13	42.626	1	G-A	MGI	-13.8155105579643
LV3003061558	blue	0.00350951005392537	ST13	42.626	1	G-A	MGI	-13.8155105579643
LV3003061558	brown	0.00041217929970566	ST13	42.626	1	G-A	MGI	-13.8155105579643
LV3003061559	green	0.0108150649096571	ST13	21.069	1	G-A	MGI	-13.8155105579643
LV3003061559	grey	0.284624288765346	ST13	21.069	1	G-A	MGI	-13.8155105579643
LV3003061559	turquoise	0.616595055335131	ST13	21.069	1	G-A	MGI	-13.8155105579643
LV3003061559	yellow	0.0794893190673878	ST13	21.069	1	G-A	MGI	-13.8155105579643
LV3003061559	blue	0.00620862092730622	ST13	21.069	1	G-A	MGI	-13.8155105579643
LV3003061559	brown	0.00226765099517272	ST13	21.069	1	G-A	MGI	0.589962944324714
LV3003061568	grey	0.603656908977667	ST13	121.6354	2	IG-D	MGI	-13.8155105579643
LV3003061568	turquoise	0.350653972773378	ST13	121.6354	2	IG-D	MGI	-13.8155105579643
LV3003061568	yellow	0.03963875789661	ST13	121.6354	2	IG-D	MGI	-13.8155105579643
LV3003061568	blue	0.00605036035234452	ST13	121.6354	2	IG-D	MGI	-13.8155105579643
LV3003061569	grey	0.255505298724168	ST13	81.6946	4	IG-B	MGI	-13.8155105579643
LV3003061569	green	0.0411788151022318	ST13	81.6946	4	IG-B	MGI	-13.8155105579643
LV3003061569	turquoise	0.661578798992888	ST13	81.6946	4	IG-B	MGI	-13.8155105579643
LV3003061569	yellow	0.0402928012065343	ST13	81.6946	4	IG-B	MGI	-13.8155105579643
LV3003061569	blue	0.00127763759254193	ST13	81.6946	4	IG-B	MGI	-13.8155105579643
LV3003061569	brown	0.000166648381635904	ST13	81.6946	4	IG-B	MGI	-13.8155105579643
LV3003061570	green	0.0271809869017217	ST13	55.466	4	IG-B	MGI	-13.8155105579643
LV3003061570	turquoise	0.688100337754346	ST13	55.466	4	IG-B	MGI	-13.8155105579643
LV3003061570	grey	0.222085839031222	ST13	55.466	4	IG-B	MGI	-13.8155105579643
LV3003061570	yellow	0.0615433726007085	ST13	55.466	4	IG-B	MGI	-13.8155105579643
LV3003061570	blue	0.00108946371200264	ST13	55.466	4	IG-B	MGI	-13.8155105579643
LV3003061571	turquoise	0.762600634455215	ST13	40.457	1	G-A	MGI	-13.8155105579643
LV3003061571	grey	0.187266976732429	ST13	40.457	1	G-A	MGI	-13.8155105579643
LV3003061571	yellow	0.0455635529492057	ST13	40.457	1	G-A	MGI	-13.8155105579643
LV3003061571	blue	0.00157033985061234	ST13	40.457	1	G-A	MGI	-13.8155105579643
LV3003061571	brown	0.00240448415757744	ST13	40.457	1	G-A	MGI	-13.8155105579643
LV3003061571	green	0.000594011854959999	ST13	40.457	1	G-A	MGI	-13.8155105579643
LV3003061572	grey	0.20323545340841	ST13	19.099	3	IG-A	MGI	-3.98907451541268
LV3003061572	green	0.00605675701372988	ST13	19.099	3	IG-A	MGI	-13.8155105579643
LV3003061572	turquoise	0.657335163493042	ST13	19.099	3	IG-A	MGI	-13.8155105579643
LV3003061572	yellow	0.103679808200944	ST13	19.099	3	IG-A	MGI	-13.8155105579643
LV3003061572	blue	0.0245915891449046	ST13	19.099	3	IG-A	MGI	-13.8155105579643
LV3003061572	brown	0.00510122873897058	ST13	19.099	3	IG-A	MGI	-13.8155105579643
LV7001898064	grey	0.275741891502137	ST13	6.808	3	IG-A	MGI	-13.8155105579643
LV7001898064	turquoise	0.622768294921209	ST13	6.808	3	IG-A	MGI	-13.8155105579643
LV7001898064	yellow	0.0476383754162406	ST13	6.808	3	IG-A	MGI	-13.8155105579643
LV7001898064	blue	0.00611552479089646	ST13	6.808	3	IG-A	MGI	-13.8155105579643
LV7001898064	brown	0.044604210912714	ST13	6.808	3	IG-A	MGI	-2.04398461530822
LV7001898064	green	0.00313170245680275	ST13	6.808	3	IG-A	MGI	-13.8155105579643
LV7001898076	grey	0.23054960712167	ST13	6.429	3	IG-A	MGI	-13.8155105579643
LV7001898076	green	0.0085234907269221	ST13	6.429	3	IG-A	MGI	-13.8155105579643
LV7001898076	turquoise	0.644771312529683	ST13	6.429	3	IG-A	MGI	-13.8155105579643
LV7001898076	yellow	0.0753901318157925	ST13	6.429	3	IG-A	MGI	-13.8155105579643
LV7001898076	blue	0.0196713816573398	ST13	6.429	3	IG-A	MGI	-13.8155105579643
LV7001898076	brown	0.0210940761485923	ST13	6.429	3	IG-A	MGI	-2.35695950725739
LV7001898088	grey	0.314780869596273	ST13	6.031	3	IG-A	MGI	-13.8155105579643
LV7001898088	green	0.0176895133083804	ST13	6.031	3	IG-A	MGI	-13.8155105579643
LV7001898088	turquoise	0.630804341226826	ST13	6.031	3	IG-A	MGI	-13.8155105579643
LV7001898088	yellow	0.0330665679106662	ST13	6.031	3	IG-A	MGI	-13.8155105579643
LV7001898088	blue	0.00336057663566567	ST13	6.031	3	IG-A	MGI	-13.8155105579643
LV7001898088	brown	0.000298131322189122	ST13	6.031	3	IG-A	MGI	-13.8155105579643
LV7001898100	grey	0.309228560993737	ST13	5.659	5	IG-C	MGI	-13.8155105579643
LV7001898100	green	0.027060556506584	ST13	5.659	5	IG-C	MGI	-13.8155105579643
LV7001898100	turquoise	0.654652108943496	ST13	5.659	5	IG-C	MGI	-13.8155105579643
LV7001898100	yellow	0.00780420603711624	ST13	5.659	5	IG-C	MGI	-13.8155105579643
LV7001898100	blue	0.00125456751906766	ST13	5.659	5	IG-C	MGI	-13.8155105579643
LV7008886221	grey	0.288161059747603	GeoB25202_R1	50.3555	1	G-A	MGI	-13.8155105579643
LV7008886221	turquoise	0.670427159452342	GeoB25202_R1	50.3555	1	G-A	MGI	-13.8155105579643
LV7008886221	yellow	0.039963975877518	GeoB25202_R1	50.3555	1	G-A	MGI	-13.8155105579643
LV7008886221	green	0.0011764840000456	GeoB25202_R1	50.3555	1	G-A	MGI	-13.8155105579643
LV7008886221	brown	0.000271320922491136	GeoB25202_R1	50.3555	1	G-A	MGI	-13.8155105579643
LV7008886222	turquoise	0.423128871665771	GeoB25202_R1	136.2775	1	G-A	MGI	-13.8155105579643
LV7008886222	yellow	0.0672644471473425	GeoB25202_R1	136.2775	1	G-A	MGI	-13.8155105579643
LV7008886222	grey	0.499013520776172	GeoB25202_R1	136.2775	1	G-A	MGI	-13.8155105579643
LV7008886222	green	0.0101405821288151	GeoB25202_R1	136.2775	1	G-A	MGI	-13.8155105579643
LV7008886222	blue	0.000452578281899697	GeoB25202_R1	136.2775	1	G-A	MGI	-13.8155105579643
LV7008886226	grey	0.297773472289495	GeoB25202_R2	36.607	1	G-A	MGI	-13.8155105579643
LV7008886226	turquoise	0.662134966641146	GeoB25202_R2	36.607	1	G-A	MGI	-13.8155105579643
LV7008886226	yellow	0.0342885267417697	GeoB25202_R2	36.607	1	G-A	MGI	-13.8155105579643
LV7008886226	brown	0.00335776003499945	GeoB25202_R2	36.607	1	G-A	MGI	-13.8155105579643
LV7008886226	blue	0.00144060249058608	GeoB25202_R2	36.607	1	G-A	MGI	-13.8155105579643
LV7008886226	green	0.00100467180200309	GeoB25202_R2	36.607	1	G-A	MGI	-13.8155105579643
LV7008886228	grey	0.683185628742515	GeoB25202_R2	120.0235	2	IG-D	MGI	-13.8155105579643
LV7008886228	turquoise	0.273508982035928	GeoB25202_R2	120.0235	2	IG-D	MGI	-13.8155105579643
LV7008886228	yellow	0.0350179640718563	GeoB25202_R2	120.0235	2	IG-D	MGI	-13.8155105579643
LV7008886228	brown	0.0082874251497006	GeoB25202_R2	120.0235	2	IG-D	MGI	1.2139231351791
LV7008886229	grey	0.391540273616074	GeoB25202_R2	68.149	4	IG-B	MGI	-13.8155105579643
LV7008886229	green	0.0264104577522133	GeoB25202_R2	68.149	4	IG-B	MGI	-13.8155105579643
LV7008886229	turquoise	0.55035931893407	GeoB25202_R2	68.149	4	IG-B	MGI	-13.8155105579643
LV7008886229	yellow	0.0290291775079116	GeoB25202_R2	68.149	4	IG-B	MGI	-13.8155105579643
LV7008886229	brown	0.00126921891809027	GeoB25202_R2	68.149	4	IG-B	MGI	-13.8155105579643
LV7008886229	blue	0.00139155327164114	GeoB25202_R2	68.149	4	IG-B	MGI	-13.8155105579643
LV7008886690	yellow	0.00426774585976884	GeoB25202_R1	2.324	3	IG-A	MGI	-13.8155105579643
LV7008886690	turquoise	0.432577075977448	GeoB25202_R1	2.324	3	IG-A	MGI	-13.8155105579643
LV7008886690	grey	0.461872722815768	GeoB25202_R1	2.324	3	IG-A	MGI	-13.8155105579643
LV7008886690	brown	0.10111192822026	GeoB25202_R1	2.324	3	IG-A	MGI	-2.96970698049898
LV7008886690	blue	0.000170527126754945	GeoB25202_R1	2.324	3	IG-A	MGI	-13.8155105579643
LV7008886692	turquoise	0.546948086972669	GeoB25202_R1	53.875	1	G-A	MGI	-13.8155105579643
LV7008886692	grey	0.41704614786061	GeoB25202_R1	53.875	1	G-A	MGI	-13.8155105579643
LV7008886692	yellow	0.0345644734864227	GeoB25202_R1	53.875	1	G-A	MGI	-13.8155105579643
LV7008886692	green	0.00144129168029852	GeoB25202_R1	53.875	1	G-A	MGI	-13.8155105579643
LV7008886695	green	0.0187447608956605	GeoB25202_R1	95.3875	4	IG-B	MGI	-13.8155105579643
LV7008886695	grey	0.473287776876186	GeoB25202_R1	95.3875	4	IG-B	MGI	-13.8155105579643
LV7008886695	turquoise	0.489386329039224	GeoB25202_R1	95.3875	4	IG-B	MGI	-13.8155105579643
LV7008886695	yellow	0.0182216887184061	GeoB25202_R1	95.3875	4	IG-B	MGI	-13.8155105579643
LV7008886695	blue	0.0001381447032236	GeoB25202_R1	95.3875	4	IG-B	MGI	-13.8155105579643
LV7008886695	brown	0.000221299767299942	GeoB25202_R1	95.3875	4	IG-B	MGI	-13.8155105579643
LV7008886702	grey	0.3029915388091	GeoB25202_R2	2.324	3	IG-A	MGI	-13.8155105579643
LV7008886702	turquoise	0.592549826798534	GeoB25202_R2	2.324	3	IG-A	MGI	-13.8155105579643
LV7008886702	yellow	0.040969773737483	GeoB25202_R2	2.324	3	IG-A	MGI	-13.8155105579643
LV7008886702	blue	0.00191834622528934	GeoB25202_R2	2.324	3	IG-A	MGI	-13.8155105579643
LV7008886702	brown	0.0595034891309805	GeoB25202_R2	2.324	3	IG-A	MGI	-2.70631562340971
LV7008886702	green	0.00206702529861323	GeoB25202_R2	2.324	3	IG-A	MGI	-13.8155105579643
LV7008886703	grey	0.367758345041422	GeoB25202_R1	27.6855	1	G-A	MGI	-13.8155105579643
LV7008886703	turquoise	0.543255333236439	GeoB25202_R1	27.6855	1	G-A	MGI	-13.8155105579643
LV7008886703	yellow	0.0794002228574197	GeoB25202_R1	27.6855	1	G-A	MGI	-13.8155105579643
LV7008886703	blue	0.0055924293073656	GeoB25202_R1	27.6855	1	G-A	MGI	-13.8155105579643
LV7008886703	brown	0.000943106761623306	GeoB25202_R1	27.6855	1	G-A	MGI	-13.8155105579643
LV7008886703	green	0.00305056279573018	GeoB25202_R1	27.6855	1	G-A	MGI	-13.8155105579643
LV7008886704	grey	0.369361874353555	GeoB25202_R2	53.875	1	G-A	MGI	-13.8155105579643
LV7008886704	turquoise	0.578502795640899	GeoB25202_R2	53.875	1	G-A	MGI	-13.8155105579643
LV7008886704	yellow	0.0431300685044445	GeoB25202_R2	53.875	1	G-A	MGI	-13.8155105579643
LV7008886704	blue	0.00120669754613182	GeoB25202_R2	53.875	1	G-A	MGI	-13.8155105579643
LV7008886704	green	0.00779856395496995	GeoB25202_R2	53.875	1	G-A	MGI	-13.8155105579643
LV7008886705	turquoise	0.575860444326323	GeoB25202_R1	59.738	2	IG-D	MGI	-13.8155105579643
LV7008886705	grey	0.394396994334175	GeoB25202_R1	59.738	2	IG-D	MGI	-13.8155105579643
LV7008886705	yellow	0.0253693658866593	GeoB25202_R1	59.738	2	IG-D	MGI	-13.8155105579643
LV7008886705	brown	0.00159464585573287	GeoB25202_R1	59.738	2	IG-D	MGI	-13.8155105579643
LV7008886705	green	0.00277854959711031	GeoB25202_R1	59.738	2	IG-D	MGI	-13.8155105579643
LV7008886706	green	0.0270390276031611	GeoB25202_R1	79.0255	4	IG-B	MGI	-13.8155105579643
LV7008886706	grey	0.410592714309202	GeoB25202_R1	79.0255	4	IG-B	MGI	-13.8155105579643
LV7008886706	turquoise	0.532926002026155	GeoB25202_R1	79.0255	4	IG-B	MGI	-13.8155105579643
LV7008886706	yellow	0.0283563236610198	GeoB25202_R1	79.0255	4	IG-B	MGI	-13.8155105579643
LV7008886706	blue	0.0008004198019724	GeoB25202_R1	79.0255	4	IG-B	MGI	-13.8155105579643
LV7008886706	brown	0.00028551259848954	GeoB25202_R1	79.0255	4	IG-B	MGI	-13.8155105579643
LV7008886707	grey	0.503331827521897	GeoB25202_R2	95.3875	4	IG-B	MGI	-13.8155105579643
LV7008886707	green	0.0124132766866992	GeoB25202_R2	95.3875	4	IG-B	MGI	-13.8155105579643
LV7008886707	turquoise	0.46833137929398	GeoB25202_R2	95.3875	4	IG-B	MGI	-13.8155105579643
LV7008886707	yellow	0.015923516497424	GeoB25202_R2	95.3875	4	IG-B	MGI	-13.8155105579643
LV7008886708	green	0.0186353516490295	GeoB25202_R1	109.6305	4	IG-B	MGI	-13.8155105579643
LV7008886708	grey	0.626029299879802	GeoB25202_R1	109.6305	4	IG-B	MGI	-13.8155105579643
LV7008886708	turquoise	0.346274705533778	GeoB25202_R1	109.6305	4	IG-B	MGI	-13.8155105579643
LV7008886708	yellow	0.00833908152335448	GeoB25202_R1	109.6305	4	IG-B	MGI	-13.8155105579643
LV7008886708	blue	0.000444900560985959	GeoB25202_R1	109.6305	4	IG-B	MGI	-13.8155105579643
LV7008886708	brown	0.000276660853050092	GeoB25202_R1	109.6305	4	IG-B	MGI	0.796004565999653
LV7008886709	turquoise	0.556743531950144	GeoB25202_R1	147.206	1	G-A	MGI	-13.8155105579643
LV7008886709	yellow	0.0797356913059392	GeoB25202_R1	147.206	1	G-A	MGI	-13.8155105579643
LV7008886709	grey	0.358064112196344	GeoB25202_R1	147.206	1	G-A	MGI	-13.8155105579643
LV7008886709	blue	0.00242250862085573	GeoB25202_R1	147.206	1	G-A	MGI	-13.8155105579643
LV7008886709	green	0.00225876052322333	GeoB25202_R1	147.206	1	G-A	MGI	-13.8155105579643
LV7008886709	brown	0.000775395403494577	GeoB25202_R1	147.206	1	G-A	MGI	-13.8155105579643
LV7008886714	grey	0.281123266837477	GeoB25202_R1	0.692	5	IG-C	MGI	-13.8155105579643
LV7008886714	green	0.0115286274863083	GeoB25202_R1	0.692	5	IG-C	MGI	-13.8155105579643
LV7008886714	turquoise	0.699148951954999	GeoB25202_R1	0.692	5	IG-C	MGI	-13.8155105579643
LV7008886714	yellow	0.00709957421101858	GeoB25202_R1	0.692	5	IG-C	MGI	-13.8155105579643
LV7008886714	blue	0.00084336423637515	GeoB25202_R1	0.692	5	IG-C	MGI	-13.8155105579643
LV7008886714	brown	0.000256215273821794	GeoB25202_R1	0.692	5	IG-C	MGI	-13.8155105579643
LV7008886715	grey	0.276163883237691	GeoB25202_R2	27.6855	1	G-A	MGI	-13.8155105579643
LV7008886715	turquoise	0.646006488985606	GeoB25202_R2	27.6855	1	G-A	MGI	-13.8155105579643
LV7008886715	yellow	0.0682329282132863	GeoB25202_R2	27.6855	1	G-A	MGI	-13.8155105579643
LV7008886715	blue	0.00581125258616759	GeoB25202_R2	27.6855	1	G-A	MGI	-13.8155105579643
LV7008886715	brown	0.00110901766911595	GeoB25202_R2	27.6855	1	G-A	MGI	-13.8155105579643
LV7008886715	green	0.00267642930813317	GeoB25202_R2	27.6855	1	G-A	MGI	-13.8155105579643
LV7008886717	turquoise	0.631443093878688	GeoB25202_R2	59.738	2	IG-D	MGI	-13.8155105579643
LV7008886717	grey	0.313376569120894	GeoB25202_R2	59.738	2	IG-D	MGI	-13.8155105579643
LV7008886717	green	0.0169345693994072	GeoB25202_R2	59.738	2	IG-D	MGI	-13.8155105579643
LV7008886717	yellow	0.0366293990092904	GeoB25202_R2	59.738	2	IG-D	MGI	-13.8155105579643
LV7008886717	blue	0.000561998925736567	GeoB25202_R2	59.738	2	IG-D	MGI	-13.8155105579643
LV7008886717	brown	0.00105436966598365	GeoB25202_R2	59.738	2	IG-D	MGI	-13.8155105579643
LV7008886718	green	0.0207418439549313	GeoB25202_R2	79.0255	4	IG-B	MGI	-13.8155105579643
LV7008886718	grey	0.399791904588106	GeoB25202_R2	79.0255	4	IG-B	MGI	-13.8155105579643
LV7008886718	turquoise	0.541320331539847	GeoB25202_R2	79.0255	4	IG-B	MGI	-13.8155105579643
LV7008886718	yellow	0.0365094128589425	GeoB25202_R2	79.0255	4	IG-B	MGI	-13.8155105579643
LV7008886718	blue	0.000925686096754065	GeoB25202_R2	79.0255	4	IG-B	MGI	-13.8155105579643
LV7008886718	brown	0.000710820961418463	GeoB25202_R2	79.0255	4	IG-B	MGI	-13.8155105579643
LV7008886719	grey	0.552131968922435	GeoB25202_R1	87.2825	2	IG-D	MGI	-13.8155105579643
LV7008886719	turquoise	0.434389244652777	GeoB25202_R1	87.2825	2	IG-D	MGI	-13.8155105579643
LV7008886719	green	0.00391468433388082	GeoB25202_R1	87.2825	2	IG-D	MGI	-13.8155105579643
LV7008886719	blue	0.00027220551054681	GeoB25202_R1	87.2825	2	IG-D	MGI	-13.8155105579643
LV7008886719	yellow	0.00901507741709266	GeoB25202_R1	87.2825	2	IG-D	MGI	-13.8155105579643
LV7008886719	brown	0.000276819163267943	GeoB25202_R1	87.2825	2	IG-D	MGI	-13.8155105579643
LV7008886720	green	0.0182159725086512	GeoB25202_R2	109.6305	4	IG-B	MGI	-13.8155105579643
LV7008886720	grey	0.728237383114176	GeoB25202_R2	109.6305	4	IG-B	MGI	-13.8155105579643
LV7008886720	turquoise	0.244172803388937	GeoB25202_R2	109.6305	4	IG-B	MGI	-13.8155105579643
LV7008886720	yellow	0.00789577619188804	GeoB25202_R2	109.6305	4	IG-B	MGI	-13.8155105579643
LV7008886720	blue	0.000579847773548657	GeoB25202_R2	109.6305	4	IG-B	MGI	-13.8155105579643
LV7008886720	brown	0.000898217022798958	GeoB25202_R2	109.6305	4	IG-B	MGI	-13.8155105579643
LV7008886721	turquoise	0.566310592268841	GeoB25202_R2	147.206	1	G-A	MGI	-13.8155105579643
LV7008886721	yellow	0.0773045073635147	GeoB25202_R2	147.206	1	G-A	MGI	-13.8155105579643
LV7008886721	grey	0.340528019607704	GeoB25202_R2	147.206	1	G-A	MGI	-13.8155105579643
LV7008886721	green	0.0115535280408588	GeoB25202_R2	147.206	1	G-A	MGI	-13.8155105579643
LV7008886721	blue	0.00142382534409112	GeoB25202_R2	147.206	1	G-A	MGI	-13.8155105579643
LV7008886721	brown	0.00287952737499026	GeoB25202_R2	147.206	1	G-A	MGI	-13.8155105579643
LV7008886726	green	0.0151322342626497	GeoB25202_R2	0.692	5	IG-C	MGI	-13.8155105579643
LV7008886726	turquoise	0.692020060226895	GeoB25202_R2	0.692	5	IG-C	MGI	-13.8155105579643
LV7008886726	yellow	0.0055473442976321	GeoB25202_R2	0.692	5	IG-C	MGI	-13.8155105579643
LV7008886726	grey	0.286650062595368	GeoB25202_R2	0.692	5	IG-C	MGI	-13.8155105579643
LV7008886726	blue	0.000650298617455236	GeoB25202_R2	0.692	5	IG-C	MGI	-13.8155105579643
LV7008886727	grey	0.201587810599601	GeoB25202_R1	16.4375	3	IG-A	MGI	-13.8155105579643
LV7008886727	green	0.0071120855737273	GeoB25202_R1	16.4375	3	IG-A	MGI	-13.8155105579643
LV7008886727	turquoise	0.638578776104785	GeoB25202_R1	16.4375	3	IG-A	MGI	-13.8155105579643
LV7008886727	yellow	0.106514730046511	GeoB25202_R1	16.4375	3	IG-A	MGI	-13.8155105579643
LV7008886727	blue	0.0290457806845931	GeoB25202_R1	16.4375	3	IG-A	MGI	-13.8155105579643
LV7008886727	brown	0.0171608169907832	GeoB25202_R1	16.4375	3	IG-A	MGI	-2.03736490239721
LV7008886728	grey	0.33206542296461	GeoB25202_R2	50.3555	1	G-A	MGI	-13.8155105579643
LV7008886728	turquoise	0.611647224365667	GeoB25202_R2	50.3555	1	G-A	MGI	-13.8155105579643
LV7008886728	yellow	0.0542478023391282	GeoB25202_R2	50.3555	1	G-A	MGI	-13.8155105579643
LV7008886728	green	0.00111963445448081	GeoB25202_R2	50.3555	1	G-A	MGI	-13.8155105579643
LV7008886728	blue	0.000919915876113961	GeoB25202_R2	50.3555	1	G-A	MGI	-13.8155105579643
LV7008886730	green	0.0290848829403176	GeoB25202_R1	75.351	4	IG-B	MGI	-13.8155105579643
LV7008886730	grey	0.369101126232918	GeoB25202_R1	75.351	4	IG-B	MGI	-13.8155105579643
LV7008886730	turquoise	0.565734163963363	GeoB25202_R1	75.351	4	IG-B	MGI	-13.8155105579643
LV7008886730	yellow	0.0336480275666515	GeoB25202_R1	75.351	4	IG-B	MGI	-13.8155105579643
LV7008886730	brown	0.00111449643445644	GeoB25202_R1	75.351	4	IG-B	MGI	-13.8155105579643
LV7008886730	blue	0.0013173028622935	GeoB25202_R1	75.351	4	IG-B	MGI	-13.8155105579643
LV7008886731	grey	0.521976233279629	GeoB25202_R2	87.2825	2	IG-D	MGI	-13.8155105579643
LV7008886731	turquoise	0.460046322503323	GeoB25202_R2	87.2825	2	IG-D	MGI	-13.8155105579643
LV7008886731	yellow	0.01134631773422	GeoB25202_R2	87.2825	2	IG-D	MGI	-13.8155105579643
LV7008886731	brown	0.00121301094198075	GeoB25202_R2	87.2825	2	IG-D	MGI	-13.8155105579643
LV7008886731	green	0.00541811554084737	GeoB25202_R2	87.2825	2	IG-D	MGI	-13.8155105579643
LV7008886739	grey	0.20434609159764	GeoB25202_R2	16.4375	3	IG-A	MGI	-13.8155105579643
LV7008886739	green	0.00881856866185978	GeoB25202_R2	16.4375	3	IG-A	MGI	-13.8155105579643
LV7008886739	turquoise	0.650740241496258	GeoB25202_R2	16.4375	3	IG-A	MGI	-13.8155105579643
LV7008886739	yellow	0.103250788772606	GeoB25202_R2	16.4375	3	IG-A	MGI	-13.8155105579643
LV7008886739	blue	0.0270387612405779	GeoB25202_R2	16.4375	3	IG-A	MGI	-13.8155105579643
LV7008886739	brown	0.00580554823105809	GeoB25202_R2	16.4375	3	IG-A	MGI	-13.8155105579643
LV7008886740	grey	0.256270455488345	GeoB25202_R1	43.105	1	G-A	MGI	-13.8155105579643
LV7008886740	turquoise	0.580439047126372	GeoB25202_R1	43.105	1	G-A	MGI	-13.8155105579643
LV7008886740	yellow	0.064722573639758	GeoB25202_R1	43.105	1	G-A	MGI	-13.8155105579643
LV7008886740	blue	0.00231508750723465	GeoB25202_R1	43.105	1	G-A	MGI	-13.8155105579643
LV7008886740	green	0.0962528362382901	GeoB25202_R1	43.105	1	G-A	MGI	-13.8155105579643
LV7008886741	turquoise	0.483773377337734	GeoB25202_R1	58.997	2	IG-D	MGI	-13.8155105579643
LV7008886741	grey	0.457563256325633	GeoB25202_R1	58.997	2	IG-D	MGI	-13.8155105579643
LV7008886741	yellow	0.0534653465346535	GeoB25202_R1	58.997	2	IG-D	MGI	-13.8155105579643
LV7008886741	green	0.0051980198019802	GeoB25202_R1	58.997	2	IG-D	MGI	-13.8155105579643
LV7008886742	grey	0.356002603971805	GeoB25202_R2	75.351	4	IG-B	MGI	-13.8155105579643
LV7008886742	green	0.0321313658879694	GeoB25202_R2	75.351	4	IG-B	MGI	-13.8155105579643
LV7008886742	turquoise	0.570397030873528	GeoB25202_R2	75.351	4	IG-B	MGI	-13.8155105579643
LV7008886742	yellow	0.0372555035093758	GeoB25202_R2	75.351	4	IG-B	MGI	-13.8155105579643
LV7008886742	blue	0.0031300040406459	GeoB25202_R2	75.351	4	IG-B	MGI	-13.8155105579643
LV7008886742	brown	0.0010834917166759	GeoB25202_R2	75.351	4	IG-B	MGI	-13.8155105579643
LV7008886743	green	0.017225820645628	GeoB25202_R1	81.6705	4	IG-B	MGI	-13.8155105579643
LV7008886743	grey	0.511623094047499	GeoB25202_R1	81.6705	4	IG-B	MGI	-13.8155105579643
LV7008886743	turquoise	0.456785358705015	GeoB25202_R1	81.6705	4	IG-B	MGI	-13.8155105579643
LV7008886743	yellow	0.0139741883038188	GeoB25202_R1	81.6705	4	IG-B	MGI	-13.8155105579643
LV7008886743	brown	0.000391538298038953	GeoB25202_R1	81.6705	4	IG-B	MGI	0.597003320007043
LV7008886744	grey	0.625552561680746	GeoB25202_R1	105.5785	2	IG-D	MGI	-13.8155105579643
LV7008886744	turquoise	0.35549493225426	GeoB25202_R1	105.5785	2	IG-D	MGI	-13.8155105579643
LV7008886744	yellow	0.00493829528129105	GeoB25202_R1	105.5785	2	IG-D	MGI	-13.8155105579643
LV7008886744	green	0.0134652449490349	GeoB25202_R1	105.5785	2	IG-D	MGI	-13.8155105579643
LV7008886744	brown	0.000548965834667792	GeoB25202_R1	105.5785	2	IG-D	MGI	0.597003320007043
LV7008886745	grey	0.523979823320612	GeoB25202_R2	136.2775	2	IG-D	MGI	-13.8155105579643
LV7008886745	turquoise	0.423556806960421	GeoB25202_R2	136.2775	2	IG-D	MGI	-13.8155105579643
LV7008886745	yellow	0.0453574955296378	GeoB25202_R2	136.2775	2	IG-D	MGI	-13.8155105579643
LV7008886745	green	0.00710587418932985	GeoB25202_R2	136.2775	2	IG-D	MGI	-13.8155105579643
LV7008886751	grey	0.505619797816883	GeoB25202_R1	7.1335	3	IG-A	MGI	-13.8155105579643
LV7008886751	turquoise	0.387870453039947	GeoB25202_R1	7.1335	3	IG-A	MGI	-13.8155105579643
LV7008886751	yellow	0.0318521211946661	GeoB25202_R1	7.1335	3	IG-A	MGI	-13.8155105579643
LV7008886751	brown	0.073104173266899	GeoB25202_R1	7.1335	3	IG-A	MGI	-2.42646864524243
LV7008886751	blue	0.000903631807839636	GeoB25202_R1	7.1335	3	IG-A	MGI	-13.8155105579643
LV7008886751	green	0.000649822873765157	GeoB25202_R1	7.1335	3	IG-A	MGI	-13.8155105579643
LV7008886752	grey	0.41978536554602	GeoB25202_R2	43.105	1	G-A	MGI	-13.8155105579643
LV7008886752	turquoise	0.519865774633823	GeoB25202_R2	43.105	1	G-A	MGI	-13.8155105579643
LV7008886752	yellow	0.0530226984869427	GeoB25202_R2	43.105	1	G-A	MGI	-13.8155105579643
LV7008886752	blue	0.0006543092438918	GeoB25202_R2	43.105	1	G-A	MGI	-13.8155105579643
LV7008886752	green	0.00667185208932241	GeoB25202_R2	43.105	1	G-A	MGI	-13.8155105579643
LV7008886753	turquoise	0.721817171254823	GeoB25202_R2	58.997	2	IG-D	MGI	-13.8155105579643
LV7008886753	yellow	0.0412607075132414	GeoB25202_R2	58.997	2	IG-D	MGI	-13.8155105579643
LV7008886753	grey	0.220471239564943	GeoB25202_R2	58.997	2	IG-D	MGI	-13.8155105579643
LV7008886753	blue	0.00152575252294078	GeoB25202_R2	58.997	2	IG-D	MGI	-13.8155105579643
LV7008886753	green	0.0140151267464417	GeoB25202_R2	58.997	2	IG-D	MGI	-13.8155105579643
LV7008886753	brown	0.000910002397611107	GeoB25202_R2	58.997	2	IG-D	MGI	-13.8155105579643
LV7008886754	green	0.0483652707527194	GeoB25202_R1	71.8895	4	IG-B	MGI	-13.8155105579643
LV7008886754	grey	0.415870542297821	GeoB25202_R1	71.8895	4	IG-B	MGI	-13.8155105579643
LV7008886754	turquoise	0.496822986137707	GeoB25202_R1	71.8895	4	IG-B	MGI	-13.8155105579643
LV7008886754	yellow	0.0353481861042511	GeoB25202_R1	71.8895	4	IG-B	MGI	-13.8155105579643
LV7008886754	blue	0.00272227431403882	GeoB25202_R1	71.8895	4	IG-B	MGI	-13.8155105579643
LV7008886754	brown	0.000870740393461963	GeoB25202_R1	71.8895	4	IG-B	MGI	-13.8155105579643
LV7008886755	green	0.0277773848646729	GeoB25202_R2	81.6705	4	IG-B	MGI	-13.8155105579643
LV7008886755	grey	0.427744065833377	GeoB25202_R2	81.6705	4	IG-B	MGI	-13.8155105579643
LV7008886755	turquoise	0.523067928389229	GeoB25202_R2	81.6705	4	IG-B	MGI	-13.8155105579643
LV7008886755	yellow	0.0214106209127214	GeoB25202_R2	81.6705	4	IG-B	MGI	-13.8155105579643
LV7008886756	grey	0.568752381457669	GeoB25202_R2	105.5785	4	IG-B	MGI	-13.8155105579643
LV7008886756	turquoise	0.39837506209877	GeoB25202_R2	105.5785	4	IG-B	MGI	-13.8155105579643
LV7008886756	yellow	0.0202285234721291	GeoB25202_R2	105.5785	4	IG-B	MGI	-13.8155105579643
LV7008886756	green	0.0126440329714322	GeoB25202_R2	105.5785	4	IG-B	MGI	-13.8155105579643
LV7008886757	grey	0.693283220174588	GeoB25202_R1	123.1195	2	IG-D	MGI	-13.8155105579643
LV7008886757	turquoise	0.270441319107662	GeoB25202_R1	123.1195	2	IG-D	MGI	-13.8155105579643
LV7008886757	yellow	0.0362754607177498	GeoB25202_R1	123.1195	2	IG-D	MGI	-13.8155105579643
LV7008886763	grey	0.527880374862183	GeoB25202_R2	7.1335	3	IG-A	MGI	-13.8155105579643
LV7008886763	yellow	0.0208241455347299	GeoB25202_R2	7.1335	3	IG-A	MGI	-13.8155105579643
LV7008886763	turquoise	0.375458241455347	GeoB25202_R2	7.1335	3	IG-A	MGI	-13.8155105579643
LV7008886763	brown	0.0758372381477398	GeoB25202_R2	7.1335	3	IG-A	MGI	-2.15780468292209
LV7008886765	turquoise	0.508312186027241	GeoB25202_R1	58.181	1	G-A	MGI	-13.8155105579643
LV7008886765	grey	0.43200925302536	GeoB25202_R1	58.181	1	G-A	MGI	-13.8155105579643
LV7008886765	yellow	0.0513182848363334	GeoB25202_R1	58.181	1	G-A	MGI	-13.8155105579643
LV7008886765	brown	0.00209376826498376	GeoB25202_R1	58.181	1	G-A	MGI	-13.8155105579643
LV7008886765	green	0.00626650784608214	GeoB25202_R1	58.181	1	G-A	MGI	-13.8155105579643
LV7008886766	grey	0.397021868284667	GeoB25202_R2	71.8895	4	IG-B	MGI	-13.8155105579643
LV7008886766	green	0.0530122614081659	GeoB25202_R2	71.8895	4	IG-B	MGI	-13.8155105579643
LV7008886766	turquoise	0.517042935996292	GeoB25202_R2	71.8895	4	IG-B	MGI	-13.8155105579643
LV7008886766	blue	0.00390342560991025	GeoB25202_R2	71.8895	4	IG-B	MGI	-13.8155105579643
LV7008886766	yellow	0.0283950617283951	GeoB25202_R2	71.8895	4	IG-B	MGI	-13.8155105579643
LV7008886766	brown	0.000624446972569839	GeoB25202_R2	71.8895	4	IG-B	MGI	-13.8155105579643
LV7008886768	green	0.0334473979052822	GeoB25202_R1	102.2955	4	IG-B	MGI	-13.8155105579643
LV7008886768	grey	0.397435385163721	GeoB25202_R1	102.2955	4	IG-B	MGI	-13.8155105579643
LV7008886768	turquoise	0.536710305289218	GeoB25202_R1	102.2955	4	IG-B	MGI	-13.8155105579643
LV7008886768	yellow	0.0324069116417786	GeoB25202_R1	102.2955	4	IG-B	MGI	-13.8155105579643
LV7008886769	grey	0.617619942555229	GeoB25202_R2	123.1195	2	IG-D	MGI	-13.8155105579643
LV7008886769	turquoise	0.329961703485692	GeoB25202_R2	123.1195	2	IG-D	MGI	-13.8155105579643
LV7008886769	yellow	0.0432165526045176	GeoB25202_R2	123.1195	2	IG-D	MGI	-13.8155105579643
LV7008886769	brown	0.00804935995177476	GeoB25202_R2	123.1195	2	IG-D	MGI	1.15212289783626
LV7008886769	blue	0.00115244140278714	GeoB25202_R2	123.1195	2	IG-D	MGI	-13.8155105579643
LV7008886776	grey	0.294479623315473	GeoB25202_R1	36.607	1	G-A	MGI	-13.8155105579643
LV7008886776	green	0.0109733098529981	GeoB25202_R1	36.607	1	G-A	MGI	-13.8155105579643
LV7008886776	turquoise	0.593008355502267	GeoB25202_R1	36.607	1	G-A	MGI	-13.8155105579643
LV7008886776	yellow	0.0934017760125895	GeoB25202_R1	36.607	1	G-A	MGI	-13.8155105579643
LV7008886776	blue	0.00753618844217968	GeoB25202_R1	36.607	1	G-A	MGI	-13.8155105579643
LV7008886776	brown	0.000600746874492613	GeoB25202_R1	36.607	1	G-A	MGI	-13.8155105579643
LV7008886778	grey	0.324013586933656	GeoB25202_R1	68.149	4	IG-B	MGI	-13.8155105579643
LV7008886778	green	0.0323984602971137	GeoB25202_R1	68.149	4	IG-B	MGI	-13.8155105579643
LV7008886778	turquoise	0.605532009981703	GeoB25202_R1	68.149	4	IG-B	MGI	-13.8155105579643
LV7008886778	yellow	0.0358522266695464	GeoB25202_R1	68.149	4	IG-B	MGI	-13.8155105579643
LV7008886778	blue	0.00206721100418211	GeoB25202_R1	68.149	4	IG-B	MGI	-13.8155105579643
LV7008886778	brown	0.000136505113799452	GeoB25202_R1	68.149	4	IG-B	MGI	-13.8155105579643
LV7008886780	green	0.03569975031141	GeoB25202_R2	102.2955	4	IG-B	MGI	-13.8155105579643
LV7008886780	grey	0.378224957422882	GeoB25202_R2	102.2955	4	IG-B	MGI	-13.8155105579643
LV7008886780	turquoise	0.549423653256883	GeoB25202_R2	102.2955	4	IG-B	MGI	-13.8155105579643
LV7008886780	yellow	0.0347097412185745	GeoB25202_R2	102.2955	4	IG-B	MGI	-13.8155105579643
LV7008886780	brown	0.00107073463607916	GeoB25202_R2	102.2955	4	IG-B	MGI	-13.8155105579643
LV7008886780	blue	0.000871163154171212	GeoB25202_R2	102.2955	4	IG-B	MGI	-13.8155105579643
LV7008886781	grey	0.601938623657644	GeoB25202_R1	120.0235	2	IG-D	MGI	-13.8155105579643
LV7008886781	turquoise	0.366045931705748	GeoB25202_R1	120.0235	2	IG-D	MGI	-13.8155105579643
LV7008886781	yellow	0.0320154446366086	GeoB25202_R1	120.0235	2	IG-D	MGI	-13.8155105579643
LV3003046936	grey	0.227473761205709	ST8	22.905	3	IG-A	MFI	-3.49943582124557
LV3003046936	green	0.00578678109105755	ST8	22.905	3	IG-A	MFI	0
LV3003046936	turquoise	0.641368414785582	ST8	22.905	3	IG-A	MFI	0
LV3003046936	yellow	0.0947865812169357	ST8	22.905	3	IG-A	MFI	0
LV3003046936	blue	0.0232688562097062	ST8	22.905	3	IG-A	MFI	0
LV3003046936	brown	0.00731560549100992	ST8	22.905	3	IG-A	MFI	-2.19507172397512
LV3003046937	grey	0.171712915879704	ST8	18.598	3	IG-A	MFI	0
LV3003046937	turquoise	0.714223449077437	ST8	18.598	3	IG-A	MFI	0
LV3003046937	yellow	0.0933077873020485	ST8	18.598	3	IG-A	MFI	0
LV3003046937	blue	0.0080833212262095	ST8	18.598	3	IG-A	MFI	0
LV3003046937	brown	0.00801067848321953	ST8	18.598	3	IG-A	MFI	0
LV3003046937	green	0.00466184803138167	ST8	18.598	3	IG-A	MFI	0
LV3003046938	green	0.144800523217789	ST8	11.169	5	IG-C	MFI	0
LV3003046938	turquoise	0.511574858851323	ST8	11.169	5	IG-C	MFI	0
LV3003046938	grey	0.305049318615608	ST8	11.169	5	IG-C	MFI	0
LV3003046938	yellow	0.0332403464983116	ST8	11.169	5	IG-C	MFI	0
LV3003046938	blue	0.00533495281696721	ST8	11.169	5	IG-C	MFI	0
LV3003046939	green	0.0813613407686019	ST8	2.42	5	IG-C	MFI	0
LV3003046939	turquoise	0.66897950083558	ST8	2.42	5	IG-C	MFI	0
LV3003046939	grey	0.231337565710249	ST8	2.42	5	IG-C	MFI	0
LV3003046939	yellow	0.0165096898982638	ST8	2.42	5	IG-C	MFI	0
LV3003046939	blue	0.00181190278730497	ST8	2.42	5	IG-C	MFI	0
LV3003046949	grey	0.205364837223529	ST8	22.3686666666667	3	IG-A	MFI	0
LV3003046949	green	0.00507044407485997	ST8	22.3686666666667	3	IG-A	MFI	0
LV3003046949	turquoise	0.676260824683145	ST8	22.3686666666667	3	IG-A	MFI	0
LV3003046949	yellow	0.0870814933761542	ST8	22.3686666666667	3	IG-A	MFI	0
LV3003046949	blue	0.0202557779434536	ST8	22.3686666666667	3	IG-A	MFI	0
LV3003046949	brown	0.00596662269885875	ST8	22.3686666666667	3	IG-A	MFI	10.5620170200148
LV3003046950	grey	0.235457542404424	ST8	18.099	3	IG-A	MFI	0
LV3003046950	turquoise	0.620739618227256	ST8	18.099	3	IG-A	MFI	0
LV3003046950	yellow	0.113617028475858	ST8	18.099	3	IG-A	MFI	0
LV3003046950	blue	0.0156131421085959	ST8	18.099	3	IG-A	MFI	0
LV3003046950	brown	0.00863919140358764	ST8	18.099	3	IG-A	MFI	-2.4908768167745
LV3003046950	green	0.0059334773802791	ST8	18.099	3	IG-A	MFI	0
LV3003046952	green	0.17778202178914	ST8	10.26	5	IG-C	MFI	0
LV3003046952	turquoise	0.535038847172186	ST8	10.26	5	IG-C	MFI	0
LV3003046952	yellow	0.030918008594123	ST8	10.26	5	IG-C	MFI	0
LV3003046952	grey	0.251497026780676	ST8	10.26	5	IG-C	MFI	0
LV3003046952	blue	0.0047640956638743	ST8	10.26	5	IG-C	MFI	0
LV3003046953	grey	0.283958253048404	ST8	1.5215	5	IG-C	MFI	0
LV3003046953	green	0.0417201394594673	ST8	1.5215	5	IG-C	MFI	0
LV3003046953	turquoise	0.654451541834205	ST8	1.5215	5	IG-C	MFI	0
LV3003046953	yellow	0.0175433175065985	ST8	1.5215	5	IG-C	MFI	0
LV3003046953	blue	0.00227539609251732	ST8	1.5215	5	IG-C	MFI	0
LV3003046953	brown	5.13520588085595e-05	ST8	1.5215	5	IG-C	MFI	0
LV3003046965	grey	0.2215519533301	ST8	21.8323333333333	3	IG-A	MFI	-3.15959176750821
LV3003046965	green	0.00615963400491513	ST8	21.8323333333333	3	IG-A	MFI	0
LV3003046965	turquoise	0.639078703999283	ST8	21.8323333333333	3	IG-A	MFI	0
LV3003046965	yellow	0.0932635673466976	ST8	21.8323333333333	3	IG-A	MFI	0
LV3003046965	blue	0.0243288390747971	ST8	21.8323333333333	3	IG-A	MFI	0
LV3003046965	brown	0.015617302244207	ST8	21.8323333333333	3	IG-A	MFI	-2.41053610706693
LV3003046966	grey	0.308766514849249	ST8	17.373	3	IG-A	MFI	0
LV3003046966	turquoise	0.569730618185468	ST8	17.373	3	IG-A	MFI	0
LV3003046966	yellow	0.0980238641924192	ST8	17.373	3	IG-A	MFI	0
LV3003046966	blue	0.00982421801483043	ST8	17.373	3	IG-A	MFI	0
LV3003046966	brown	0.0112784030313296	ST8	17.373	3	IG-A	MFI	10.4402287586374
LV3003046966	green	0.00237638172670355	ST8	17.373	3	IG-A	MFI	0
LV3003046978	grey	0.239493854641152	ST8	21.296	3	IG-A	MFI	0
LV3003046978	green	0.00421811197897472	ST8	21.296	3	IG-A	MFI	0
LV3003046978	turquoise	0.649486055802063	ST8	21.296	3	IG-A	MFI	0
LV3003046978	yellow	0.0727980563973294	ST8	21.296	3	IG-A	MFI	0
LV3003046978	blue	0.0166049989786399	ST8	21.296	3	IG-A	MFI	0
LV3003046978	brown	0.0173989222018418	ST8	21.296	3	IG-A	MFI	9.45952768411963
LV3003046979	grey	0.284580822468627	ST8	16.461	3	IG-A	MFI	0
LV3003046979	green	0.0263373776430273	ST8	16.461	3	IG-A	MFI	0
LV3003046979	turquoise	0.578187294800199	ST8	16.461	3	IG-A	MFI	0
LV3003046979	yellow	0.055281207871774	ST8	16.461	3	IG-A	MFI	0
LV3003046979	blue	0.00238565804849941	ST8	16.461	3	IG-A	MFI	0
LV3003046979	brown	0.0532276391678739	ST8	16.461	3	IG-A	MFI	-12.0645892709037
LV3003046980	green	0.13853008381725	ST8	8.056	5	IG-C	MFI	0
LV3003046980	turquoise	0.609220071030392	ST8	8.056	5	IG-C	MFI	0
LV3003046980	yellow	0.0266563492738209	ST8	8.056	5	IG-C	MFI	0
LV3003046980	grey	0.221884092419319	ST8	8.056	5	IG-C	MFI	0
LV3003046980	blue	0.00370940345921825	ST8	8.056	5	IG-C	MFI	0
LV3003046993	grey	0.284711030558345	ST8	20.719	3	IG-A	MFI	7.66144645033128
LV3003046993	green	0.0337366414394997	ST8	20.719	3	IG-A	MFI	0
LV3003046993	turquoise	0.463899842432258	ST8	20.719	3	IG-A	MFI	0
LV3003046993	yellow	0.0351441377452301	ST8	20.719	3	IG-A	MFI	0
LV3003046993	blue	0.0121065909035245	ST8	20.719	3	IG-A	MFI	0
LV3003046993	brown	0.170401756921143	ST8	20.719	3	IG-A	MFI	-3.35187016055178
LV3003046994	turquoise	0.417734879657566	ST8	15.549	3	IG-A	MFI	0
LV3003046994	grey	0.444926001825191	ST8	15.549	3	IG-A	MFI	0
LV3003046994	yellow	0.0216749536395021	ST8	15.549	3	IG-A	MFI	0
LV3003046994	brown	0.114292024045753	ST8	15.549	3	IG-A	MFI	-3.69523372489854
LV3003046994	green	0.00120975730157545	ST8	15.549	3	IG-A	MFI	0
LV3003046994	blue	0.000162383530412811	ST8	15.549	3	IG-A	MFI	0
LV3003046995	grey	0.202181385829952	ST8	6.9705	5	IG-C	MFI	0
LV3003046995	green	0.197519381167947	ST8	6.9705	5	IG-C	MFI	0
LV3003046995	turquoise	0.572071207214587	ST8	6.9705	5	IG-C	MFI	0
LV3003046995	yellow	0.0233982003353571	ST8	6.9705	5	IG-C	MFI	0
LV3003046995	blue	0.00482982545215614	ST8	6.9705	5	IG-C	MFI	0
LV3003047009	grey	0.386984755450892	ST8	20.142	3	IG-A	MFI	7.05114418658905
LV3003047009	turquoise	0.433729992549043	ST8	20.142	3	IG-A	MFI	0
LV3003047009	yellow	0.0284808749707672	ST8	20.142	3	IG-A	MFI	0
LV3003047009	brown	0.144040050253169	ST8	20.142	3	IG-A	MFI	-3.58006562117116
LV3003047009	blue	0.00609945123974134	ST8	20.142	3	IG-A	MFI	0
LV3003047009	green	0.000664875536387319	ST8	20.142	3	IG-A	MFI	0
LV3003047010	green	0.154002613653786	ST8	13.676	5	IG-C	MFI	0
LV3003047010	turquoise	0.614169215830857	ST8	13.676	5	IG-C	MFI	0
LV3003047010	grey	0.193690727369628	ST8	13.676	5	IG-C	MFI	0
LV3003047010	yellow	0.031258715221248	ST8	13.676	5	IG-C	MFI	0
LV3003047010	blue	0.00658523942674834	ST8	13.676	5	IG-C	MFI	0
LV3003047010	brown	0.00029348849773313	ST8	13.676	5	IG-C	MFI	0
LV3003047013	grey	0.199405300624319	ST8	5.885	5	IG-C	MFI	0
LV3003047013	green	0.0990995586652669	ST8	5.885	5	IG-C	MFI	0
LV3003047013	turquoise	0.678834362894972	ST8	5.885	5	IG-C	MFI	0
LV3003047013	yellow	0.0202648666616203	ST8	5.885	5	IG-C	MFI	0
LV3003047013	blue	0.0023959111538221	ST8	5.885	5	IG-C	MFI	0
LV3003047026	grey	0.4107582756752	ST8	19.565	3	IG-A	MFI	6.87652498424624
LV3003047026	turquoise	0.433194051582276	ST8	19.565	3	IG-A	MFI	0
LV3003047026	yellow	0.0258558885963771	ST8	19.565	3	IG-A	MFI	0
LV3003047026	green	0.00188826620761828	ST8	19.565	3	IG-A	MFI	0
LV3003047026	blue	0.00778056678319822	ST8	19.565	3	IG-A	MFI	0
LV3003047026	brown	0.120522951155331	ST8	19.565	3	IG-A	MFI	-3.05841597584768
LV3003047027	green	0.0887700842881602	ST8	12.877	5	IG-C	MFI	0
LV3003047027	turquoise	0.610781860485535	ST8	12.877	5	IG-C	MFI	0
LV3003047027	grey	0.241959425347908	ST8	12.877	5	IG-C	MFI	6.88556278448884
LV3003047027	yellow	0.0515386979235261	ST8	12.877	5	IG-C	MFI	0
LV3003047027	blue	0.00636962772729268	ST8	12.877	5	IG-C	MFI	0
LV3003047027	brown	0.000580304227578032	ST8	12.877	5	IG-C	MFI	0
LV3003047028	turquoise	0.802540804307589	ST8	4.753	2	IG-D	MFI	0
LV3003047028	grey	0.151018004374895	ST8	4.753	2	IG-D	MFI	0
LV3003047028	green	0.0464411913175164	ST8	4.753	2	IG-D	MFI	0
LV3003047041	grey	0.21422974392921	ST8	19.097	3	IG-A	MFI	-3.11504086251921
LV3003047041	turquoise	0.676038449498645	ST8	19.097	3	IG-A	MFI	0
LV3003047041	yellow	0.0692744960033178	ST8	19.097	3	IG-A	MFI	0
LV3003047041	blue	0.0160133136340465	ST8	19.097	3	IG-A	MFI	0
LV3003047041	brown	0.0189961206229069	ST8	19.097	3	IG-A	MFI	-2.3728542888406
LV3003047041	green	0.00544787631187347	ST8	19.097	3	IG-A	MFI	0
LV3003047044	grey	0.309383583789876	ST8	12.078	1	G-A	MFI	0
LV3003047044	turquoise	0.573911624547864	ST8	12.078	1	G-A	MFI	0
LV3003047044	yellow	0.110618894083021	ST8	12.078	1	G-A	MFI	0
LV3003047044	green	0.00309129752907723	ST8	12.078	1	G-A	MFI	0
LV3003047044	blue	0.00180703413723185	ST8	12.078	1	G-A	MFI	0
LV3003047044	brown	0.00118756591292996	ST8	12.078	1	G-A	MFI	0
LV3003047045	grey	0.177549232955595	ST8	3.5865	5	IG-C	MFI	0
LV3003047045	green	0.12462361843623	ST8	3.5865	5	IG-C	MFI	0
LV3003047045	turquoise	0.673032654190356	ST8	3.5865	5	IG-C	MFI	0
LV3003047045	yellow	0.0226283342537933	ST8	3.5865	5	IG-C	MFI	0
LV3003047045	blue	0.00216616016402496	ST8	3.5865	5	IG-C	MFI	0
LV3003047059	turquoise	0.321071033303149	ST8	107.683	2	IG-D	MFI	0
LV3003047059	grey	0.648480732468055	ST8	107.683	2	IG-D	MFI	0
LV3003047059	yellow	0.0270399436563035	ST8	107.683	2	IG-D	MFI	0
LV3003047059	green	0.0034082905724922	ST8	107.683	2	IG-D	MFI	0
LV3003047060	turquoise	0.64129092689573	ST8	106.686	2	IG-D	MFI	0
LV3003047060	grey	0.295589049261293	ST8	106.686	2	IG-D	MFI	0
LV3003047060	yellow	0.0482394516115298	ST8	106.686	2	IG-D	MFI	0
LV3003047060	blue	0.00227785583514285	ST8	106.686	2	IG-D	MFI	0
LV3003047060	green	0.0126027163963043	ST8	106.686	2	IG-D	MFI	0
LV3003047061	turquoise	0.433517055700897	ST8	105.689	2	IG-D	MFI	0
LV3003047061	grey	0.536968834929263	ST8	105.689	2	IG-D	MFI	0
LV3003047061	yellow	0.0295141093698407	ST8	105.689	2	IG-D	MFI	0
LV3003047062	grey	0.584121415497254	ST8	104.692	2	IG-D	MFI	0
LV3003047062	turquoise	0.369000406752085	ST8	104.692	2	IG-D	MFI	0
LV3003047062	yellow	0.0382601179581045	ST8	104.692	2	IG-D	MFI	0
LV3003047062	brown	0.00861805979255644	ST8	104.692	2	IG-D	MFI	0
LV3003047063	grey	0.777529459569281	ST8	103.695	2	IG-D	MFI	0
LV3003047063	turquoise	0.189028850060951	ST8	103.695	2	IG-D	MFI	0
LV3003047063	yellow	0.0334416903697684	ST8	103.695	2	IG-D	MFI	0
LV3003047064	turquoise	0.0883517495395948	ST8	96.283	2	IG-D	MFI	0
LV3003047064	grey	0.911648250460405	ST8	96.283	2	IG-D	MFI	0
LV3003047065	turquoise	0.637418689285612	ST8	53.61018	2	IG-D	MFI	0
LV3003047065	grey	0.289788520503195	ST8	53.61018	2	IG-D	MFI	10.0667540209052
LV3003047065	yellow	0.0612158638278362	ST8	53.61018	2	IG-D	MFI	0
LV3003047065	brown	0.00697051322463249	ST8	53.61018	2	IG-D	MFI	0
LV3003047065	blue	0.00460641315872425	ST8	53.61018	2	IG-D	MFI	0
LV3003047067	turquoise	0.688699129285169	ST8	42.86602	1	G-A	MFI	0
LV3003047067	grey	0.210128358645651	ST8	42.86602	1	G-A	MFI	8.72103165160935
LV3003047067	yellow	0.0850450528551536	ST8	42.86602	1	G-A	MFI	0
LV3003047067	green	0.0113973157926106	ST8	42.86602	1	G-A	MFI	0
LV3003047067	blue	0.00156045968541566	ST8	42.86602	1	G-A	MFI	0
LV3003047067	brown	0.00316968373600056	ST8	42.86602	1	G-A	MFI	0
LV3003047068	turquoise	0.745866883456402	ST8	37.78969	1	G-A	MFI	0
LV3003047068	yellow	0.0724480261227133	ST8	37.78969	1	G-A	MFI	0
LV3003047068	grey	0.175788589528651	ST8	37.78969	1	G-A	MFI	0
LV3003047068	blue	0.00315402078617763	ST8	37.78969	1	G-A	MFI	0
LV3003047068	brown	0.00107945096425331	ST8	37.78969	1	G-A	MFI	0
LV3003047068	green	0.00166302914180275	ST8	37.78969	1	G-A	MFI	0
LV3003047069	turquoise	0.704385347284714	ST8	33.7436870748299	1	G-A	MFI	0
LV3003047069	grey	0.197801866794182	ST8	33.7436870748299	1	G-A	MFI	0
LV3003047069	yellow	0.089205501733882	ST8	33.7436870748299	1	G-A	MFI	0
LV3003047069	brown	0.00220641668141376	ST8	33.7436870748299	1	G-A	MFI	0
LV3003047069	blue	0.0015889212279123	ST8	33.7436870748299	1	G-A	MFI	0
LV3003047069	green	0.00481194627789555	ST8	33.7436870748299	1	G-A	MFI	0
LV3003047070	turquoise	0.610565232330708	ST8	30.128	1	G-A	MFI	0
LV3003047070	yellow	0.08218137125337	ST8	30.128	1	G-A	MFI	0
LV3003047070	grey	0.3005662895808	ST8	30.128	1	G-A	MFI	0
LV3003047070	brown	0.00389200190305017	ST8	30.128	1	G-A	MFI	0
LV3003047070	blue	0.00279510493207168	ST8	30.128	1	G-A	MFI	0
LV3003047071	grey	0.331271922142431	ST8	26.141	1	G-A	MFI	0
LV3003047071	turquoise	0.556053318243265	ST8	26.141	1	G-A	MFI	0
LV3003047071	yellow	0.106717326183515	ST8	26.141	1	G-A	MFI	0
LV3003047071	brown	0.00118789381262266	ST8	26.141	1	G-A	MFI	0
LV3003047071	blue	0.00421713531210843	ST8	26.141	1	G-A	MFI	0
LV3003047071	green	0.000552404306058932	ST8	26.141	1	G-A	MFI	0
LV3003047073	grey	0.938944614042739	ST8	101.685	2	IG-D	MFI	0
LV3003047073	turquoise	0.0610553859572612	ST8	101.685	2	IG-D	MFI	0
LV3003047074	grey	0.865113427345187	ST8	100.672	2	IG-D	MFI	0
LV3003047074	brown	0.0235438381361128	ST8	100.672	2	IG-D	MFI	-13.7193677983282
LV3003047074	turquoise	0.1113427345187	ST8	100.672	2	IG-D	MFI	0
LV3003047077	turquoise	0.397366080145799	ST8	99.7145	2	IG-D	MFI	0
LV3003047077	grey	0.545507799787377	ST8	99.7145	2	IG-D	MFI	0
LV3003047077	yellow	0.0504653836974681	ST8	99.7145	2	IG-D	MFI	0
LV3003047077	brown	0.00397040637000716	ST8	99.7145	2	IG-D	MFI	-14.3362871066427
LV3003047077	blue	0.00269032999934911	ST8	99.7145	2	IG-D	MFI	0
LV3003047078	grey	0.750447894893998	ST8	98.757	2	IG-D	MFI	0
LV3003047078	turquoise	0.230889817856076	ST8	98.757	2	IG-D	MFI	0
LV3003047078	yellow	0.0186622872499254	ST8	98.757	2	IG-D	MFI	0
LV3003047079	green	0.0723281441315375	ST8	97.52	4	IG-B	MFI	0
LV3003047079	turquoise	0.404740248382019	ST8	97.52	4	IG-B	MFI	0
LV3003047079	grey	0.470928808815813	ST8	97.52	4	IG-B	MFI	0
LV3003047079	yellow	0.0265932015625911	ST8	97.52	4	IG-B	MFI	0
LV3003047079	blue	0.000857092880881581	ST8	97.52	4	IG-B	MFI	0
LV3003047079	brown	0.0245525042271588	ST8	97.52	4	IG-B	MFI	0
LV3003047080	turquoise	0.626681091877497	ST8	87.9935	4	IG-B	MFI	0
LV3003047080	yellow	0.0326786506879716	ST8	87.9935	4	IG-B	MFI	0
LV3003047080	grey	0.316419773635153	ST8	87.9935	4	IG-B	MFI	0
LV3003047080	green	0.0242204837993786	ST8	87.9935	4	IG-B	MFI	0
LV3003047081	turquoise	0.660182101757788	ST8	52.20718	1	G-A	MFI	0
LV3003047081	grey	0.250885216878135	ST8	52.20718	1	G-A	MFI	0
LV3003047081	yellow	0.0757527856229538	ST8	52.20718	1	G-A	MFI	0
LV3003047081	brown	0.00176692099088086	ST8	52.20718	1	G-A	MFI	0
LV3003047081	blue	0.0040888589132909	ST8	52.20718	1	G-A	MFI	0
LV3003047081	green	0.00732411583695148	ST8	52.20718	1	G-A	MFI	0
LV3003047082	turquoise	0.730862192030323	ST8	41.9168333333333	1	G-A	MFI	0
LV3003047082	yellow	0.0696202220089099	ST8	41.9168333333333	1	G-A	MFI	0
LV3003047082	grey	0.19097196583721	ST8	41.9168333333333	1	G-A	MFI	0
LV3003047082	green	0.00663565433557311	ST8	41.9168333333333	1	G-A	MFI	0
LV3003047082	brown	0.00140293878756553	ST8	41.9168333333333	1	G-A	MFI	0
LV3003047082	blue	0.00050702700041842	ST8	41.9168333333333	1	G-A	MFI	0
LV3003047083	grey	0.186732032421809	ST8	37.30319	1	G-A	MFI	0
LV3003047083	turquoise	0.722534191412802	ST8	37.30319	1	G-A	MFI	0
LV3003047083	yellow	0.0827280720550314	ST8	37.30319	1	G-A	MFI	0
LV3003047083	blue	0.00179915916093423	ST8	37.30319	1	G-A	MFI	0
LV3003047083	green	0.00566716663834315	ST8	37.30319	1	G-A	MFI	0
LV3003047083	brown	0.000539378311080899	ST8	37.30319	1	G-A	MFI	-12.2060776455177
LV3003047084	grey	0.281261293312487	ST8	33.276	4	IG-B	MFI	0
LV3003047084	green	0.0277724204435873	ST8	33.276	4	IG-B	MFI	0
LV3003047084	turquoise	0.610287329956652	ST8	33.276	4	IG-B	MFI	0
LV3003047084	yellow	0.0764284577431164	ST8	33.276	4	IG-B	MFI	0
LV3003047084	blue	0.00287798073232158	ST8	33.276	4	IG-B	MFI	0
LV3003047084	brown	0.00137251781183586	ST8	33.276	4	IG-B	MFI	0
LV3003047085	grey	0.324393462776151	ST8	29.703	1	G-A	MFI	0
LV3003047085	turquoise	0.557198448855624	ST8	29.703	1	G-A	MFI	0
LV3003047085	yellow	0.108051307083198	ST8	29.703	1	G-A	MFI	0
LV3003047085	brown	0.00509364717792964	ST8	29.703	1	G-A	MFI	0
LV3003047085	blue	0.0047659724482048	ST8	29.703	1	G-A	MFI	0
LV3003047085	green	0.000497161658892866	ST8	29.703	1	G-A	MFI	0
LV3003047087	turquoise	0.517440845193399	ST8	94.9015	2	IG-D	MFI	0
LV3003047087	grey	0.410678424866847	ST8	94.9015	2	IG-D	MFI	0
LV3003047087	yellow	0.0539814895660526	ST8	94.9015	2	IG-D	MFI	0
LV3003047087	green	0.0178992403737012	ST8	94.9015	2	IG-D	MFI	0
LV3003047088	grey	0.451371679492196	ST8	93.52	2	IG-D	MFI	0
LV3003047088	turquoise	0.488174427198818	ST8	93.52	2	IG-D	MFI	0
LV3003047088	yellow	0.00934741967740533	ST8	93.52	2	IG-D	MFI	0
LV3003047088	green	0.0511064736315812	ST8	93.52	2	IG-D	MFI	0
LV3003047089	turquoise	0.434981085022296	ST8	92.1385	2	IG-D	MFI	0
LV3003047089	grey	0.51028171693049	ST8	92.1385	2	IG-D	MFI	0
LV3003047089	green	0.0503976724362632	ST8	92.1385	2	IG-D	MFI	0
LV3003047089	blue	0.00154278589090602	ST8	92.1385	2	IG-D	MFI	0
LV3003047089	yellow	0.00279673972004424	ST8	92.1385	2	IG-D	MFI	0
LV3003047090	grey	0.45689436262062	ST8	90.757	2	IG-D	MFI	0
LV3003047090	turquoise	0.526890009431909	ST8	90.757	2	IG-D	MFI	0
LV3003047090	yellow	0.00840709569759849	ST8	90.757	2	IG-D	MFI	0
LV3003047090	green	0.00780853224987303	ST8	90.757	2	IG-D	MFI	0
LV3003047091	turquoise	0.588063828512238	ST8	89.37525	4	IG-B	MFI	0
LV3003047091	grey	0.347350038095075	ST8	89.37525	4	IG-B	MFI	0
LV3003047091	green	0.0473534623714826	ST8	89.37525	4	IG-B	MFI	0
LV3003047091	yellow	0.0167917954337274	ST8	89.37525	4	IG-B	MFI	0
LV3003047091	blue	0.000440875587477421	ST8	89.37525	4	IG-B	MFI	0
LV3003047093	green	0.048982332968559	ST8	79.675	4	IG-B	MFI	0
LV3003047093	turquoise	0.641136918824767	ST8	79.675	4	IG-B	MFI	0
LV3003047093	yellow	0.0289794968253926	ST8	79.675	4	IG-B	MFI	0
LV3003047093	grey	0.280901251381282	ST8	79.675	4	IG-B	MFI	0
LV3003047094	turquoise	0.733290350311627	ST8	50.6848	1	G-A	MFI	0
LV3003047094	grey	0.209987863617401	ST8	50.6848	1	G-A	MFI	0
LV3003047094	green	0.013492244092995	ST8	50.6848	1	G-A	MFI	0
LV3003047094	yellow	0.0427365014348744	ST8	50.6848	1	G-A	MFI	0
LV3003047094	blue	0.000493040543103121	ST8	50.6848	1	G-A	MFI	0
LV3003047095	turquoise	0.787720841649876	ST8	40.9751666666667	1	G-A	MFI	0
LV3003047095	grey	0.148959919782808	ST8	40.9751666666667	1	G-A	MFI	0
LV3003047095	green	0.00709783407275674	ST8	40.9751666666667	1	G-A	MFI	0
LV3003047095	yellow	0.0539826385275857	ST8	40.9751666666667	1	G-A	MFI	0
LV3003047095	blue	0.000971182982856098	ST8	40.9751666666667	1	G-A	MFI	0
LV3003047095	brown	0.00126758298411737	ST8	40.9751666666667	1	G-A	MFI	0
LV3003047096	grey	0.206086277564696	ST8	36.89377	1	G-A	MFI	0
LV3003047096	turquoise	0.725614407123498	ST8	36.89377	1	G-A	MFI	0
LV3003047096	yellow	0.063336813576193	ST8	36.89377	1	G-A	MFI	0
LV3003047096	blue	0.00186815108942421	ST8	36.89377	1	G-A	MFI	0
LV3003047096	brown	0.00268321314774442	ST8	36.89377	1	G-A	MFI	0
LV3003047096	green	0.00041113749844471	ST8	36.89377	1	G-A	MFI	0
LV3003047097	grey	0.301257517769273	ST8	32.835	1	G-A	MFI	0
LV3003047097	turquoise	0.596316523427181	ST8	32.835	1	G-A	MFI	0
LV3003047097	yellow	0.0888310060756476	ST8	32.835	1	G-A	MFI	0
LV3003047097	green	0.0118134180279025	ST8	32.835	1	G-A	MFI	0
LV3003047097	blue	0.000666539706722529	ST8	32.835	1	G-A	MFI	0
LV3003047097	brown	0.00111499499327317	ST8	32.835	1	G-A	MFI	0
LV3003047098	turquoise	0.584160348810725	ST8	29.278	1	G-A	MFI	0
LV3003047098	grey	0.324862525623922	ST8	29.278	1	G-A	MFI	0
LV3003047098	yellow	0.089215989327433	ST8	29.278	1	G-A	MFI	0
LV3003047098	blue	0.00115104285295936	ST8	29.278	1	G-A	MFI	0
LV3003047098	brown	0.000610093384960791	ST8	29.278	1	G-A	MFI	-13.9183688456592
LV3003047099	turquoise	0.633982592134386	ST8	25.058	1	G-A	MFI	0
LV3003047099	grey	0.245170403042492	ST8	25.058	1	G-A	MFI	-10.5912164321007
LV3003047099	yellow	0.104532858392253	ST8	25.058	1	G-A	MFI	0
LV3003047099	brown	0.00273728626157221	ST8	25.058	1	G-A	MFI	0
LV3003047099	blue	0.0114571566887204	ST8	25.058	1	G-A	MFI	0
LV3003047099	green	0.00211970348057702	ST8	25.058	1	G-A	MFI	0
LV3003047100	green	0.050909239971873	ST8	86.61175	4	IG-B	MFI	0
LV3003047100	turquoise	0.601110575058414	ST8	86.61175	4	IG-B	MFI	0
LV3003047100	grey	0.316810297256987	ST8	86.61175	4	IG-B	MFI	0
LV3003047100	yellow	0.0301040888207787	ST8	86.61175	4	IG-B	MFI	0
LV3003047100	blue	0.00106579889194754	ST8	86.61175	4	IG-B	MFI	0
LV3003047101	turquoise	0.701466889388092	ST8	85.23	2	IG-D	MFI	0
LV3003047101	grey	0.241758347253422	ST8	85.23	2	IG-D	MFI	0
LV3003047101	yellow	0.0352274254555229	ST8	85.23	2	IG-D	MFI	0
LV3003047101	green	0.0204529308987577	ST8	85.23	2	IG-D	MFI	0
LV3003047101	blue	0.00109440700420483	ST8	85.23	2	IG-D	MFI	0
LV3003047104	turquoise	0.712750067891735	ST8	83.84125	2	IG-D	MFI	0
LV3003047104	grey	0.275663075948221	ST8	83.84125	2	IG-D	MFI	0
LV3003047104	yellow	0.00761518964424731	ST8	83.84125	2	IG-D	MFI	0
LV3003047104	green	0.00397166651579614	ST8	83.84125	2	IG-D	MFI	0
LV3003047105	turquoise	0.574151414980247	ST8	82.4525	2	IG-D	MFI	0
LV3003047105	grey	0.415399500120938	ST8	82.4525	2	IG-D	MFI	0
LV3003047105	yellow	0.00765943723292752	ST8	82.4525	2	IG-D	MFI	0
LV3003047105	green	0.00278964766588729	ST8	82.4525	2	IG-D	MFI	0
LV3003047106	grey	0.359714420123419	ST8	81.06375	2	IG-D	MFI	0
LV3003047106	turquoise	0.613935855217644	ST8	81.06375	2	IG-D	MFI	0
LV3003047106	green	0.0116999197498409	ST8	81.06375	2	IG-D	MFI	0
LV3003047106	yellow	0.0146498049090959	ST8	81.06375	2	IG-D	MFI	0
LV3003047107	turquoise	0.677403235092827	ST8	71.517	4	IG-B	MFI	0
LV3003047107	grey	0.236483330255396	ST8	71.517	4	IG-B	MFI	0
LV3003047107	yellow	0.0572858389550947	ST8	71.517	4	IG-B	MFI	0
LV3003047107	green	0.0284546221560768	ST8	71.517	4	IG-B	MFI	0
LV3003047107	brown	0.000372973540605231	ST8	71.517	4	IG-B	MFI	0
LV3003047110	grey	0.269089796681415	ST8	49.1548	1	G-A	MFI	0
LV3003047110	turquoise	0.67116660340696	ST8	49.1548	1	G-A	MFI	0
LV3003047110	yellow	0.05828768248537	ST8	49.1548	1	G-A	MFI	0
LV3003047110	green	0.00145591742625523	ST8	49.1548	1	G-A	MFI	0
LV3003047112	turquoise	0.712377874135996	ST8	40.0335	1	G-A	MFI	0
LV3003047112	yellow	0.100157008015995	ST8	40.0335	1	G-A	MFI	0
LV3003047112	grey	0.179952038957614	ST8	40.0335	1	G-A	MFI	0
LV3003047112	blue	0.0012572907530865	ST8	40.0335	1	G-A	MFI	0
LV3003047112	green	0.00550141368545652	ST8	40.0335	1	G-A	MFI	0
LV3003047112	brown	0.000754374451851897	ST8	40.0335	1	G-A	MFI	0
LV3003047113	grey	0.2085542446405	ST8	36.48927	1	G-A	MFI	0
LV3003047113	turquoise	0.709046710953708	ST8	36.48927	1	G-A	MFI	0
LV3003047113	yellow	0.0716790910424474	ST8	36.48927	1	G-A	MFI	0
LV3003047113	brown	0.00254139288905315	ST8	36.48927	1	G-A	MFI	0
LV3003047113	blue	0.00642778081534133	ST8	36.48927	1	G-A	MFI	0
LV3003047113	green	0.00175077965895041	ST8	36.48927	1	G-A	MFI	0
LV3003047114	green	0.0147713715883323	ST8	32.3855	1	G-A	MFI	0
LV3003047114	turquoise	0.662694545885053	ST8	32.3855	1	G-A	MFI	0
LV3003047114	yellow	0.089721056034679	ST8	32.3855	1	G-A	MFI	0
LV3003047114	grey	0.232813026491936	ST8	32.3855	1	G-A	MFI	0
LV3003047117	grey	0.251399159303423	ST8	28.7616666666667	1	G-A	MFI	0
LV3003047117	turquoise	0.647600583340482	ST8	28.7616666666667	1	G-A	MFI	0
LV3003047117	yellow	0.0928540790941065	ST8	28.7616666666667	1	G-A	MFI	0
LV3003047117	blue	0.00161276486231449	ST8	28.7616666666667	1	G-A	MFI	0
LV3003047117	green	0.00560350004289268	ST8	28.7616666666667	1	G-A	MFI	0
LV3003047117	brown	0.000929913356781333	ST8	28.7616666666667	1	G-A	MFI	0
LV3003047118	grey	0.199075399909995	ST8	24.528	3	IG-A	MFI	0
LV3003047118	turquoise	0.651315759567611	ST8	24.528	3	IG-A	MFI	0
LV3003047118	yellow	0.119223711704176	ST8	24.528	3	IG-A	MFI	0
LV3003047118	blue	0.0183480539001547	ST8	24.528	3	IG-A	MFI	0
LV3003047118	brown	0.00561396809811489	ST8	24.528	3	IG-A	MFI	-12.8621021631336
LV3003047118	green	0.00642310681994845	ST8	24.528	3	IG-A	MFI	0
LV3003047122	turquoise	0.660348818554764	ST8	76.951	2	IG-D	MFI	0
LV3003047122	grey	0.290124447092797	ST8	76.951	2	IG-D	MFI	0
LV3003047122	yellow	0.0495267343524397	ST8	76.951	2	IG-D	MFI	0
LV3003047123	turquoise	0.666859011348336	ST8	75.589	2	IG-D	MFI	0
LV3003047123	grey	0.272475476053087	ST8	75.589	2	IG-D	MFI	0
LV3003047123	yellow	0.0606655125985767	ST8	75.589	2	IG-D	MFI	0
LV3003047124	grey	0.298730643025733	ST8	74.227	2	IG-D	MFI	0
LV3003047124	turquoise	0.643658971849635	ST8	74.227	2	IG-D	MFI	0
LV3003047124	yellow	0.0552501295262219	ST8	74.227	2	IG-D	MFI	0
LV3003047124	brown	0.00236025559841115	ST8	74.227	2	IG-D	MFI	-13.9183688456592
LV3003047125	turquoise	0.721802835733586	ST8	72.872	2	IG-D	MFI	0
LV3003047125	grey	0.212364318411841	ST8	72.872	2	IG-D	MFI	0
LV3003047125	yellow	0.0302979655886422	ST8	72.872	2	IG-D	MFI	0
LV3003047125	green	0.0355348802659313	ST8	72.872	2	IG-D	MFI	0
LV3003047126	turquoise	0.712238944840506	ST8	64.210824	1	G-A	MFI	0
LV3003047126	grey	0.182301686092565	ST8	64.210824	1	G-A	MFI	0
LV3003047126	yellow	0.0999270742962041	ST8	64.210824	1	G-A	MFI	0
LV3003047126	blue	0.00102473187230458	ST8	64.210824	1	G-A	MFI	0
LV3003047126	green	0.00450756289841953	ST8	64.210824	1	G-A	MFI	0
LV3003047127	turquoise	0.744295114820822	ST8	47.6248	2	IG-D	MFI	0
LV3003047127	grey	0.221542720783447	ST8	47.6248	2	IG-D	MFI	0
LV3003047127	yellow	0.0324783322830904	ST8	47.6248	2	IG-D	MFI	0
LV3003047127	brown	0.00168383211264114	ST8	47.6248	2	IG-D	MFI	0
LV3003047128	grey	0.254045340513696	ST8	39.57797	1	G-A	MFI	-10.818943286902
LV3003047128	turquoise	0.642040374209964	ST8	39.57797	1	G-A	MFI	0
LV3003047128	yellow	0.0985979899754239	ST8	39.57797	1	G-A	MFI	0
LV3003047128	blue	0.00403384444024341	ST8	39.57797	1	G-A	MFI	0
LV3003047128	brown	0.0012824508606727	ST8	39.57797	1	G-A	MFI	0
LV3003047129	turquoise	0.66155737112284	ST8	36.0373	1	G-A	MFI	0
LV3003047129	grey	0.233467090834599	ST8	36.0373	1	G-A	MFI	0
LV3003047129	yellow	0.0978327669727424	ST8	36.0373	1	G-A	MFI	0
LV3003047129	brown	0.00342527655267154	ST8	36.0373	1	G-A	MFI	-14.288149234848
LV3003047129	blue	0.00371749451714747	ST8	36.0373	1	G-A	MFI	0
LV3003047130	grey	0.285892560253691	ST8	31.936	1	G-A	MFI	0
LV3003047130	turquoise	0.597379364270736	ST8	31.936	1	G-A	MFI	0
LV3003047130	yellow	0.107431848069473	ST8	31.936	1	G-A	MFI	0
LV3003047130	green	0.00659108051859838	ST8	31.936	1	G-A	MFI	0
LV3003047130	brown	0.000552876736131679	ST8	31.936	1	G-A	MFI	0
LV3003047130	blue	0.00215227015136975	ST8	31.936	1	G-A	MFI	0
LV3003047131	turquoise	0.66855013530937	ST8	28.2453333333333	1	G-A	MFI	0
LV3003047131	yellow	0.0780515450771476	ST8	28.2453333333333	1	G-A	MFI	0
LV3003047131	grey	0.240969693534904	ST8	28.2453333333333	1	G-A	MFI	0
LV3003047131	green	0.0105130421230111	ST8	28.2453333333333	1	G-A	MFI	0
LV3003047131	brown	0.00133750832400572	ST8	28.2453333333333	1	G-A	MFI	0
LV3003047131	blue	0.000578075631561796	ST8	28.2453333333333	1	G-A	MFI	0
LV3003047132	grey	0.21254567678001	ST8	23.987	3	IG-A	MFI	-9.05382953433575
LV3003047132	green	0.00543306020955847	ST8	23.987	3	IG-A	MFI	0
LV3003047132	turquoise	0.663482461771086	ST8	23.987	3	IG-A	MFI	0
LV3003047132	yellow	0.0943543436268456	ST8	23.987	3	IG-A	MFI	0
LV3003047132	blue	0.0212116750973993	ST8	23.987	3	IG-A	MFI	0
LV3003047132	brown	0.00297278251510044	ST8	23.987	3	IG-A	MFI	0
LV3003047133	green	0.024866785079929	ST8	70.162	4	IG-B	MFI	0
LV3003047133	grey	0.268540957943222	ST8	70.162	4	IG-B	MFI	0
LV3003047133	turquoise	0.653592287081916	ST8	70.162	4	IG-B	MFI	0
LV3003047133	yellow	0.0529999698949333	ST8	70.162	4	IG-B	MFI	0
LV3003047134	grey	0.302637981960775	ST8	68.807	4	IG-B	MFI	0
LV3003047134	green	0.103150262741947	ST8	68.807	4	IG-B	MFI	0
LV3003047134	turquoise	0.550660344261739	ST8	68.807	4	IG-B	MFI	0
LV3003047134	yellow	0.0430987328783918	ST8	68.807	4	IG-B	MFI	0
LV3003047134	blue	0.000452678157147222	ST8	68.807	4	IG-B	MFI	0
LV3003047136	green	0.0600517517378497	ST8	67.8766	4	IG-B	MFI	0
LV3003047136	turquoise	0.624361326540309	ST8	67.8766	4	IG-B	MFI	0
LV3003047136	grey	0.234377626875818	ST8	67.8766	4	IG-B	MFI	0
LV3003047136	yellow	0.0807597564452111	ST8	67.8766	4	IG-B	MFI	0
LV3003047136	blue	0.000449538400812824	ST8	67.8766	4	IG-B	MFI	0
LV3003047137	turquoise	0.62820686710371	ST8	66.9462	1	G-A	MFI	0
LV3003047137	grey	0.280014065757416	ST8	66.9462	1	G-A	MFI	0
LV3003047137	yellow	0.0881219702107352	ST8	66.9462	1	G-A	MFI	0
LV3003047137	brown	0.00123075377389295	ST8	66.9462	1	G-A	MFI	0
LV3003047137	blue	0.000557606811845377	ST8	66.9462	1	G-A	MFI	0
LV3003047137	green	0.00186873634240072	ST8	66.9462	1	G-A	MFI	0
LV3003047138	turquoise	0.647848198999631	ST8	66.0158	4	IG-B	MFI	0
LV3003047138	yellow	0.0527627647789453	ST8	66.0158	4	IG-B	MFI	0
LV3003047138	grey	0.24791030246064	ST8	66.0158	4	IG-B	MFI	0
LV3003047138	green	0.0514787337607842	ST8	66.0158	4	IG-B	MFI	0
LV3003047139	turquoise	0.697864562297408	ST8	58.6141266666667	1	G-A	MFI	0
LV3003047139	yellow	0.138901834073798	ST8	58.6141266666667	1	G-A	MFI	0
LV3003047139	grey	0.161198620561096	ST8	58.6141266666667	1	G-A	MFI	0
LV3003047139	blue	0.00111846397613944	ST8	58.6141266666667	1	G-A	MFI	0
LV3003047139	brown	0.000916519091558704	ST8	58.6141266666667	1	G-A	MFI	0
LV3003047140	turquoise	0.758552339291207	ST8	46.0948	2	IG-D	MFI	0
LV3003047140	grey	0.156146406479615	ST8	46.0948	2	IG-D	MFI	0
LV3003047140	yellow	0.0853012542291788	ST8	46.0948	2	IG-D	MFI	0
LV3003047141	turquoise	0.811638368886954	ST8	39.15347	2	IG-D	MFI	0
LV3003047141	grey	0.161079669133653	ST8	39.15347	2	IG-D	MFI	0
LV3003047141	yellow	0.0272819619793934	ST8	39.15347	2	IG-D	MFI	0
LV3003047142	turquoise	0.600125704613953	ST8	35.5823	1	G-A	MFI	0
LV3003047142	grey	0.273654985375703	ST8	35.5823	1	G-A	MFI	7.90570808455107
LV3003047142	yellow	0.119993467319275	ST8	35.5823	1	G-A	MFI	0
LV3003047142	blue	0.00248439827576821	ST8	35.5823	1	G-A	MFI	0
LV3003047142	brown	0.00374144441530033	ST8	35.5823	1	G-A	MFI	0
LV3003047143	turquoise	0.608615097179334	ST8	31.398	1	G-A	MFI	0
LV3003047143	yellow	0.0842826374652931	ST8	31.398	1	G-A	MFI	0
LV3003047143	grey	0.296528012040377	ST8	31.398	1	G-A	MFI	0
LV3003047143	green	0.00963489633339388	ST8	31.398	1	G-A	MFI	0
LV3003047143	brown	0.000656511923605885	ST8	31.398	1	G-A	MFI	0
LV3003047143	blue	0.000282845057996211	ST8	31.398	1	G-A	MFI	0
LV3003047144	grey	0.314192958544027	ST8	27.729	1	G-A	MFI	0
LV3003047144	turquoise	0.563475213568242	ST8	27.729	1	G-A	MFI	0
LV3003047144	yellow	0.109181183100139	ST8	27.729	1	G-A	MFI	0
LV3003047144	brown	0.000726521230140863	ST8	27.729	1	G-A	MFI	0
LV3003047144	blue	0.00913646236055295	ST8	27.729	1	G-A	MFI	0
LV3003047144	green	0.00328766119689794	ST8	27.729	1	G-A	MFI	0
LV3003047145	turquoise	0.589010125603445	ST8	23.446	3	IG-A	MFI	0
LV3003047145	grey	0.289877036261803	ST8	23.446	3	IG-A	MFI	0
LV3003047145	yellow	0.0692193145769249	ST8	23.446	3	IG-A	MFI	0
LV3003047145	brown	0.0429511297167284	ST8	23.446	3	IG-A	MFI	-3.49453789370343
LV3003047145	blue	0.00613654114603633	ST8	23.446	3	IG-A	MFI	0
LV3003047145	green	0.00280585269506266	ST8	23.446	3	IG-A	MFI	0
LV3003047146	turquoise	0.620470714164502	ST8	63.2667	1	G-A	MFI	0
LV3003047146	grey	0.260177268395839	ST8	63.2667	1	G-A	MFI	0
LV3003047146	yellow	0.108525330583367	ST8	63.2667	1	G-A	MFI	0
LV3003047146	brown	0.00217212526270445	ST8	63.2667	1	G-A	MFI	0
LV3003047146	blue	0.00441735089482684	ST8	63.2667	1	G-A	MFI	0
LV3003047146	green	0.00423721069876121	ST8	63.2667	1	G-A	MFI	0
LV3003047147	turquoise	0.666762014969684	ST8	62.3217	1	G-A	MFI	0
LV3003047147	grey	0.216969397528745	ST8	62.3217	1	G-A	MFI	0
LV3003047147	yellow	0.111098109069791	ST8	62.3217	1	G-A	MFI	0
LV3003047147	brown	0.00213233477655992	ST8	62.3217	1	G-A	MFI	0
LV3003047147	blue	0.00129153610450174	ST8	62.3217	1	G-A	MFI	0
LV3003047147	green	0.0017466075507188	ST8	62.3217	1	G-A	MFI	0
LV3003047148	grey	0.19479362608376	ST8	61.3767	1	G-A	MFI	0
LV3003047148	turquoise	0.711361916499103	ST8	61.3767	1	G-A	MFI	0
LV3003047148	yellow	0.0882705238805647	ST8	61.3767	1	G-A	MFI	0
LV3003047148	brown	0.00163455925277291	ST8	61.3767	1	G-A	MFI	0
LV3003047148	blue	0.00156969579036129	ST8	61.3767	1	G-A	MFI	0
LV3003047148	green	0.00236967849343798	ST8	61.3767	1	G-A	MFI	0
LV3003047149	grey	0.202174597270308	ST8	60.4317	1	G-A	MFI	0
LV3003047149	yellow	0.0878880654668231	ST8	60.4317	1	G-A	MFI	0
LV3003047149	turquoise	0.702143122836133	ST8	60.4317	1	G-A	MFI	0
LV3003047149	green	0.00536209905862829	ST8	60.4317	1	G-A	MFI	0
LV3003047149	brown	0.000984291396034221	ST8	60.4317	1	G-A	MFI	-13.9183688456592
LV3003047149	blue	0.00144782397207359	ST8	60.4317	1	G-A	MFI	0
LV3003047150	grey	0.19314243040016	ST8	59.5217933333333	1	G-A	MFI	0
LV3003047150	turquoise	0.663499081382229	ST8	59.5217933333333	1	G-A	MFI	0
LV3003047150	yellow	0.135603676635721	ST8	59.5217933333333	1	G-A	MFI	0
LV3003047150	blue	0.00471079098536976	ST8	59.5217933333333	1	G-A	MFI	0
LV3003047150	brown	0.00177229643619598	ST8	59.5217933333333	1	G-A	MFI	0
LV3003047150	green	0.00127172416032383	ST8	59.5217933333333	1	G-A	MFI	0
LV3003047152	grey	0.206317638615647	ST8	45.00002	1	G-A	MFI	0
LV3003047152	turquoise	0.693690573529044	ST8	45.00002	1	G-A	MFI	0
LV3003047152	yellow	0.0858026300285997	ST8	45.00002	1	G-A	MFI	0
LV3003047152	green	0.0132751104176411	ST8	45.00002	1	G-A	MFI	0
LV3003047152	blue	0.000549856644517679	ST8	45.00002	1	G-A	MFI	0
LV3003047152	brown	0.000364190764550671	ST8	45.00002	1	G-A	MFI	-13.9183688456592
LV3003047153	grey	0.236339570363529	ST8	38.71393	1	G-A	MFI	0
LV3003047153	turquoise	0.674715456590616	ST8	38.71393	1	G-A	MFI	0
LV3003047153	yellow	0.0799783675394558	ST8	38.71393	1	G-A	MFI	0
LV3003047153	green	0.00793684111747957	ST8	38.71393	1	G-A	MFI	0
LV3003047153	brown	0.000474136121517137	ST8	38.71393	1	G-A	MFI	0
LV3003047153	blue	0.000555628267402895	ST8	38.71393	1	G-A	MFI	0
LV3003047154	turquoise	0.725925190812147	ST8	35.13012	1	G-A	MFI	0
LV3003047154	yellow	0.0800644160155898	ST8	35.13012	1	G-A	MFI	0
LV3003047154	grey	0.183675862940041	ST8	35.13012	1	G-A	MFI	8.79393593780857
LV3003047154	green	0.00915266776131791	ST8	35.13012	1	G-A	MFI	0
LV3003047154	brown	0.00118186247090453	ST8	35.13012	1	G-A	MFI	0
LV3003047155	turquoise	0.54714731308666	ST8	30.9475	1	G-A	MFI	0
LV3003047155	yellow	0.0520332710470637	ST8	30.9475	1	G-A	MFI	0
LV3003047155	grey	0.399183492442034	ST8	30.9475	1	G-A	MFI	0
LV3003047155	brown	0.00107243868922544	ST8	30.9475	1	G-A	MFI	0
LV3003047155	blue	0.000563484735016759	ST8	30.9475	1	G-A	MFI	0
LV3003047156	grey	0.295925477899006	ST8	27.1996666666667	1	G-A	MFI	0
LV3003047156	turquoise	0.596949980621748	ST8	27.1996666666667	1	G-A	MFI	0
LV3003047156	yellow	0.0945051890651853	ST8	27.1996666666667	1	G-A	MFI	0
LV3003047156	blue	0.00896880297211489	ST8	27.1996666666667	1	G-A	MFI	0
LV3003047156	brown	0.000773172670009905	ST8	27.1996666666667	1	G-A	MFI	0
LV3003047156	green	0.00287737677193559	ST8	27.1996666666667	1	G-A	MFI	0
LV3003047158	grey	0.214159758396335	ST8	57.70646	1	G-A	MFI	0
LV3003047158	turquoise	0.64123781340576	ST8	57.70646	1	G-A	MFI	0
LV3003047158	yellow	0.13953523724588	ST8	57.70646	1	G-A	MFI	0
LV3003047158	blue	0.00242718446601942	ST8	57.70646	1	G-A	MFI	0
LV3003047158	brown	0.00113505077325334	ST8	57.70646	1	G-A	MFI	0
LV3003047158	green	0.00150495571275108	ST8	57.70646	1	G-A	MFI	0
LV3003047159	turquoise	0.694742203323581	ST8	56.7987933333333	1	G-A	MFI	0
LV3003047159	yellow	0.0791334525684911	ST8	56.7987933333333	1	G-A	MFI	0
LV3003047159	grey	0.206977625641086	ST8	56.7987933333333	1	G-A	MFI	0
LV3003047159	green	0.017470714344937	ST8	56.7987933333333	1	G-A	MFI	0
LV3003047159	brown	0.00167600412190413	ST8	56.7987933333333	1	G-A	MFI	0
LV3003047160	turquoise	0.31703888802124	ST8	55.8911266666667	2	IG-D	MFI	0
LV3003047160	grey	0.627518350773075	ST8	55.8911266666667	2	IG-D	MFI	0
LV3003047160	yellow	0.0554427612056848	ST8	55.8911266666667	2	IG-D	MFI	0
LV3003047161	turquoise	0.529627687467226	ST8	54.98346	2	IG-D	MFI	0
LV3003047161	grey	0.365495542737284	ST8	54.98346	2	IG-D	MFI	0
LV3003047161	yellow	0.10487676979549	ST8	54.98346	2	IG-D	MFI	0
LV3003047162	grey	0.821206581352834	ST8	102.698	2	IG-D	MFI	0
LV3003047162	turquoise	0.165143205362584	ST8	102.698	2	IG-D	MFI	0
LV3003047162	yellow	0.0058094657729027	ST8	102.698	2	IG-D	MFI	0
LV3003047162	brown	0.00784074751167987	ST8	102.698	2	IG-D	MFI	0
LV3003047164	grey	0.235798438166145	ST8	43.93302	1	G-A	MFI	0
LV3003047164	turquoise	0.684331749316308	ST8	43.93302	1	G-A	MFI	0
LV3003047164	yellow	0.0761420000207967	ST8	43.93302	1	G-A	MFI	0
LV3003047164	blue	0.00085786480050744	ST8	43.93302	1	G-A	MFI	0
LV3003047164	green	0.00286994769624307	ST8	43.93302	1	G-A	MFI	0
LV3003047166	grey	0.211789960369881	ST8	38.27343	1	G-A	MFI	0
LV3003047166	turquoise	0.695461800968736	ST8	38.27343	1	G-A	MFI	0
LV3003047166	yellow	0.0836470717745486	ST8	38.27343	1	G-A	MFI	0
LV3003047166	green	0.00792051959489212	ST8	38.27343	1	G-A	MFI	0
LV3003047166	blue	0.000666006164685161	ST8	38.27343	1	G-A	MFI	0
LV3003047166	brown	0.000514641127256715	ST8	38.27343	1	G-A	MFI	0
LV3003047167	turquoise	0.615308582575453	ST8	34.67812	1	G-A	MFI	0
LV3003047167	yellow	0.112936881906565	ST8	34.67812	1	G-A	MFI	0
LV3003047167	grey	0.269809061099402	ST8	34.67812	1	G-A	MFI	0
LV3003047167	brown	0.00194547441858033	ST8	34.67812	1	G-A	MFI	0
LV3003047168	grey	0.341821407285067	ST8	30.497	1	G-A	MFI	0
LV3003047168	turquoise	0.559954004258419	ST8	30.497	1	G-A	MFI	0
LV3003047168	yellow	0.0854011683560536	ST8	30.497	1	G-A	MFI	0
LV3003047168	blue	0.00562504640713456	ST8	30.497	1	G-A	MFI	0
LV3003047168	brown	0.0051093000901051	ST8	30.497	1	G-A	MFI	11.6361922589829
LV3003047168	green	0.0020890736032205	ST8	30.497	1	G-A	MFI	0
LV3003047169	grey	0.367340579903676	ST8	26.6703333333333	1	G-A	MFI	0
LV3003047169	turquoise	0.530397315029957	ST8	26.6703333333333	1	G-A	MFI	0
LV3003047169	yellow	0.092068833515833	ST8	26.6703333333333	1	G-A	MFI	0
LV3003047169	brown	0.00266716520221848	ST8	26.6703333333333	1	G-A	MFI	0
LV3003047169	blue	0.00725013131070338	ST8	26.6703333333333	1	G-A	MFI	0
LV3003047169	green	0.000275975037612727	ST8	26.6703333333333	1	G-A	MFI	0
LV3003061473	grey	0.557245642395866	ST13	117.088	2	IG-D	MFI	0
LV3003061473	turquoise	0.389357478494669	ST13	117.088	2	IG-D	MFI	0
LV3003061473	yellow	0.038722160333029	ST13	117.088	2	IG-D	MFI	0
LV3003061473	green	0.0146747187764367	ST13	117.088	2	IG-D	MFI	0
LV3003061474	grey	0.240366627779032	ST13	77.7798	4	IG-B	MFI	0
LV3003061474	green	0.0245813001520249	ST13	77.7798	4	IG-B	MFI	0
LV3003061474	turquoise	0.690417065935853	ST13	77.7798	4	IG-B	MFI	0
LV3003061474	yellow	0.0437541143801632	ST13	77.7798	4	IG-B	MFI	0
LV3003061474	blue	0.000880891752927229	ST13	77.7798	4	IG-B	MFI	0
LV3003061475	turquoise	0.649157642988889	ST13	53.844	1	G-A	MFI	0
LV3003061475	yellow	0.0611256725471335	ST13	53.844	1	G-A	MFI	0
LV3003061475	grey	0.27779984055963	ST13	53.844	1	G-A	MFI	0
LV3003061475	green	0.0110549245599946	ST13	53.844	1	G-A	MFI	0
LV3003061475	blue	0.000861919344352958	ST13	53.844	1	G-A	MFI	0
LV3003061476	grey	0.271401702185401	ST13	37.16	1	G-A	MFI	0
LV3003061476	green	0.0171198540553173	ST13	37.16	1	G-A	MFI	0
LV3003061476	turquoise	0.631747868499016	ST13	37.16	1	G-A	MFI	0
LV3003061476	yellow	0.0759387273563357	ST13	37.16	1	G-A	MFI	0
LV3003061476	blue	0.00212961636751525	ST13	37.16	1	G-A	MFI	0
LV3003061476	brown	0.00166223153641456	ST13	37.16	1	G-A	MFI	0
LV3003061477	grey	0.159897890189585	ST13	16.726	3	IG-A	MFI	-3.02564683012551
LV3003061477	green	0.00827920960227664	ST13	16.726	3	IG-A	MFI	0
LV3003061477	turquoise	0.709902391918778	ST13	16.726	3	IG-A	MFI	0
LV3003061477	yellow	0.0945976601600497	ST13	16.726	3	IG-A	MFI	0
LV3003061477	blue	0.0236265753845448	ST13	16.726	3	IG-A	MFI	0
LV3003061477	brown	0.00369627274476608	ST13	16.726	3	IG-A	MFI	-13.1167356310059
LV3003061485	grey	0.194713905780985	ST13	75.7796	4	IG-B	MFI	0
LV3003061485	green	0.0432474298956405	ST13	75.7796	4	IG-B	MFI	0
LV3003061485	turquoise	0.706172294197241	ST13	75.7796	4	IG-B	MFI	0
LV3003061485	yellow	0.049080361447657	ST13	75.7796	4	IG-B	MFI	0
LV3003061485	blue	0.00669580229248643	ST13	75.7796	4	IG-B	MFI	0
LV3003061485	brown	9.02063859900151e-05	ST13	75.7796	4	IG-B	MFI	0
LV3003061486	turquoise	0.542592914206322	ST13	52.105	2	IG-D	MFI	0
LV3003061486	grey	0.412894137624947	ST13	52.105	2	IG-D	MFI	0
LV3003061486	yellow	0.0430994558295705	ST13	52.105	2	IG-D	MFI	0
LV3003061486	green	0.00141349233916097	ST13	52.105	2	IG-D	MFI	0
LV3003061488	grey	0.223018684769222	ST13	35.041	1	G-A	MFI	-9.81459687457813
LV3003061488	green	0.00693813896308721	ST13	35.041	1	G-A	MFI	0
LV3003061488	turquoise	0.686043708954756	ST13	35.041	1	G-A	MFI	0
LV3003061488	yellow	0.0748007101026743	ST13	35.041	1	G-A	MFI	0
LV3003061488	blue	0.00792096860998392	ST13	35.041	1	G-A	MFI	0
LV3003061488	brown	0.00127778860027669	ST13	35.041	1	G-A	MFI	0
LV3003061489	turquoise	0.538262560327766	ST13	112.6068	2	IG-D	MFI	0
LV3003061489	grey	0.405027603208222	ST13	112.6068	2	IG-D	MFI	0
LV3003061489	green	0.0432172494010625	ST13	112.6068	2	IG-D	MFI	0
LV3003061489	yellow	0.0125342870039235	ST13	112.6068	2	IG-D	MFI	0
LV3003061489	blue	0.000958300059025728	ST13	112.6068	2	IG-D	MFI	0
LV3003061492	grey	0.198970726460785	ST13	14.437	3	IG-A	MFI	-3.18744357069778
LV3003061492	green	0.00698812298281043	ST13	14.437	3	IG-A	MFI	0
LV3003061492	turquoise	0.64092241982537	ST13	14.437	3	IG-A	MFI	0
LV3003061492	yellow	0.11803497651053	ST13	14.437	3	IG-A	MFI	0
LV3003061492	blue	0.0235541711370003	ST13	14.437	3	IG-A	MFI	0
LV3003061492	brown	0.0115295830835043	ST13	14.437	3	IG-A	MFI	-2.53071618581929
LV3003061500	grey	0.347861356643849	ST13	148.086	2	IG-D	MFI	0
LV3003061500	turquoise	0.570727111375214	ST13	148.086	2	IG-D	MFI	0
LV3003061500	yellow	0.0572630994593284	ST13	148.086	2	IG-D	MFI	0
LV3003061500	brown	0.0212965171056284	ST13	148.086	2	IG-D	MFI	-12.7881831427033
LV3003061500	blue	0.000840523391961469	ST13	148.086	2	IG-D	MFI	0
LV3003061500	green	0.00201139202401942	ST13	148.086	2	IG-D	MFI	0
LV3003061501	green	0.0366646444756061	ST13	105.5872	4	IG-B	MFI	0
LV3003061501	grey	0.388305437041899	ST13	105.5872	4	IG-B	MFI	0
LV3003061501	turquoise	0.54997463973506	ST13	105.5872	4	IG-B	MFI	0
LV3003061501	yellow	0.0238933476544241	ST13	105.5872	4	IG-B	MFI	0
LV3003061501	blue	0.00116193109301084	ST13	105.5872	4	IG-B	MFI	0
LV3003061503	grey	0.197217192283379	ST13	73.1472	4	IG-B	MFI	0
LV3003061503	green	0.0300936910576348	ST13	73.1472	4	IG-B	MFI	0
LV3003061503	turquoise	0.727274907619487	ST13	73.1472	4	IG-B	MFI	0
LV3003061503	yellow	0.0428436580798901	ST13	73.1472	4	IG-B	MFI	0
LV3003061503	blue	0.0023024461777509	ST13	73.1472	4	IG-B	MFI	0
LV3003061503	brown	0.000268104781858643	ST13	73.1472	4	IG-B	MFI	0
LV3003061504	turquoise	0.675570643339407	ST13	50.268	1	G-A	MFI	0
LV3003061504	grey	0.261952826313229	ST13	50.268	1	G-A	MFI	0
LV3003061504	yellow	0.0571664033025109	ST13	50.268	1	G-A	MFI	0
LV3003061504	green	0.00531012704485255	ST13	50.268	1	G-A	MFI	0
LV3003061505	grey	0.192994034105908	ST13	32.81	1	G-A	MFI	0
LV3003061505	turquoise	0.731215792900762	ST13	32.81	1	G-A	MFI	0
LV3003061505	yellow	0.0665443570385231	ST13	32.81	1	G-A	MFI	0
LV3003061505	blue	0.00355489854460342	ST13	32.81	1	G-A	MFI	0
LV3003061505	green	0.00431163437340514	ST13	32.81	1	G-A	MFI	0
LV3003061505	brown	0.00137928303679848	ST13	32.81	1	G-A	MFI	0
LV3003061506	grey	0.257392685165135	ST13	11.95	3	IG-A	MFI	0
LV3003061506	turquoise	0.653321784679473	ST13	11.95	3	IG-A	MFI	0
LV3003061506	yellow	0.0490714676070571	ST13	11.95	3	IG-A	MFI	0
LV3003061506	brown	0.0337653767232757	ST13	11.95	3	IG-A	MFI	-2.74441784527309
LV3003061506	blue	0.00213031418525278	ST13	11.95	3	IG-A	MFI	0
LV3003061506	green	0.00431837163980573	ST13	11.95	3	IG-A	MFI	0
LV3003061513	yellow	0.0975704449350746	ST13	138.493	2	IG-D	MFI	0
LV3003061513	turquoise	0.637129064850503	ST13	138.493	2	IG-D	MFI	0
LV3003061513	green	0.0102299517269768	ST13	138.493	2	IG-D	MFI	0
LV3003061513	grey	0.250233880926543	ST13	138.493	2	IG-D	MFI	0
LV3003061513	blue	0.00195056692736594	ST13	138.493	2	IG-D	MFI	0
LV3003061513	brown	0.00288609063353665	ST13	138.493	2	IG-D	MFI	0
LV3003061514	grey	0.236425605012018	ST13	100.6726	4	IG-B	MFI	6.95457043823664
LV3003061514	green	0.0667414486105137	ST13	100.6726	4	IG-B	MFI	0
LV3003061514	turquoise	0.648944734372094	ST13	100.6726	4	IG-B	MFI	0
LV3003061514	yellow	0.0389854742537305	ST13	100.6726	4	IG-B	MFI	0
LV3003061514	blue	0.00874474772943203	ST13	100.6726	4	IG-B	MFI	0
LV3003061514	brown	0.000157990022211961	ST13	100.6726	4	IG-B	MFI	0
LV3003061515	grey	0.233530384936794	ST13	71.0012	4	IG-B	MFI	6.08417980603529
LV3003061515	green	0.0811615902957876	ST13	71.0012	4	IG-B	MFI	0
LV3003061515	turquoise	0.634107115639879	ST13	71.0012	4	IG-B	MFI	0
LV3003061515	yellow	0.043006614650338	ST13	71.0012	4	IG-B	MFI	0
LV3003061515	blue	0.00805939695552061	ST13	71.0012	4	IG-B	MFI	0
LV3003061515	brown	0.000134897521681419	ST13	71.0012	4	IG-B	MFI	0
LV3003061516	turquoise	0.660937071756603	ST13	48.537	1	G-A	MFI	0
LV3003061516	grey	0.278924464270992	ST13	48.537	1	G-A	MFI	0
LV3003061516	yellow	0.0544942856315218	ST13	48.537	1	G-A	MFI	0
LV3003061516	blue	0.000505814640102856	ST13	48.537	1	G-A	MFI	0
LV3003061516	green	0.00513836370078056	ST13	48.537	1	G-A	MFI	0
LV3003061517	grey	0.222850362383575	ST13	30.678	4	IG-B	MFI	-10.0182071036386
LV3003061517	green	0.0164286380125999	ST13	30.678	4	IG-B	MFI	0
LV3003061517	turquoise	0.676204643792094	ST13	30.678	4	IG-B	MFI	0
LV3003061517	yellow	0.0739079941894338	ST13	30.678	4	IG-B	MFI	0
LV3003061517	blue	0.00841192098251393	ST13	30.678	4	IG-B	MFI	0
LV3003061517	brown	0.00219644063978374	ST13	30.678	4	IG-B	MFI	0
LV3003061518	grey	0.24499850013563	ST13	9.804	3	IG-A	MFI	6.16645305653515
LV3003061518	green	0.00969887105926693	ST13	9.804	3	IG-A	MFI	0
LV3003061518	turquoise	0.632258191261798	ST13	9.804	3	IG-A	MFI	0
LV3003061518	yellow	0.0863513853533144	ST13	9.804	3	IG-A	MFI	0
LV3003061518	blue	0.0184071515951076	ST13	9.804	3	IG-A	MFI	0
LV3003061518	brown	0.00828590059488323	ST13	9.804	3	IG-A	MFI	0
LV3003061527	turquoise	0.376868983409572	ST13	133.7754	2	IG-D	MFI	0
LV3003061527	grey	0.559773332423022	ST13	133.7754	2	IG-D	MFI	0
LV3003061527	yellow	0.0633576841674063	ST13	133.7754	2	IG-D	MFI	0
LV3003061528	green	0.0548605250048881	ST13	95.118	4	IG-B	MFI	0
LV3003061528	turquoise	0.653222058576452	ST13	95.118	4	IG-B	MFI	0
LV3003061528	grey	0.243154470362485	ST13	95.118	4	IG-B	MFI	6.81253399201755
LV3003061528	yellow	0.0435555389617216	ST13	95.118	4	IG-B	MFI	0
LV3003061528	blue	0.00520740709445352	ST13	95.118	4	IG-B	MFI	0
LV3003061529	grey	0.205678296393689	ST13	66.015	4	IG-B	MFI	6.70987424175174
LV3003061529	green	0.0238473970072627	ST13	66.015	4	IG-B	MFI	0
LV3003061529	turquoise	0.68425506354871	ST13	66.015	4	IG-B	MFI	0
LV3003061529	yellow	0.0742852726646632	ST13	66.015	4	IG-B	MFI	0
LV3003061529	blue	0.00976904896068119	ST13	66.015	4	IG-B	MFI	0
LV3003061529	brown	0.00216492142499374	ST13	66.015	4	IG-B	MFI	0
LV3003061530	turquoise	0.849626307922272	ST13	47.046	1	G-A	MFI	0
LV3003061530	grey	0.11601469325446	ST13	47.046	1	G-A	MFI	0
LV3003061530	yellow	0.0286407149445028	ST13	47.046	1	G-A	MFI	0
LV3003061530	green	0.00513627834494164	ST13	47.046	1	G-A	MFI	0
LV3003061530	blue	0.000582005533823109	ST13	47.046	1	G-A	MFI	0
LV3003061531	grey	0.243030522487042	ST13	28.445	1	G-A	MFI	7.33009446726356
LV3003061531	green	0.0104196333395718	ST13	28.445	1	G-A	MFI	0
LV3003061531	turquoise	0.669224447283409	ST13	28.445	1	G-A	MFI	0
LV3003061531	yellow	0.0668925406654569	ST13	28.445	1	G-A	MFI	0
LV3003061531	blue	0.00801001684392113	ST13	28.445	1	G-A	MFI	0
LV3003061531	brown	0.00242283938059938	ST13	28.445	1	G-A	MFI	-13.8906974728589
LV3003061533	grey	0.38914095332891	ST13	7.912	3	IG-A	MFI	7.14959056858212
LV3003061533	turquoise	0.472804689228047	ST13	7.912	3	IG-A	MFI	0
LV3003061533	yellow	0.0290712784782128	ST13	7.912	3	IG-A	MFI	0
LV3003061533	brown	0.103370382658704	ST13	7.912	3	IG-A	MFI	-3.29832242909406
LV3003061533	blue	0.00246488608714886	ST13	7.912	3	IG-A	MFI	0
LV3003061533	green	0.0031478102189781	ST13	7.912	3	IG-A	MFI	0
LV3003061539	yellow	0.0923792700221432	ST13	130.0556	2	IG-D	MFI	0
LV3003061539	turquoise	0.576578721952294	ST13	130.0556	2	IG-D	MFI	0
LV3003061539	grey	0.324690511140888	ST13	130.0556	2	IG-D	MFI	0
LV3003061539	brown	0.000575793226254749	ST13	130.0556	2	IG-D	MFI	0
LV3003061539	green	0.00494755661078155	ST13	130.0556	2	IG-D	MFI	0
LV3003061539	blue	0.000828147047638004	ST13	130.0556	2	IG-D	MFI	0
LV3003061541	green	0.01478878237071	ST13	91.09	4	IG-B	MFI	0
LV3003061541	turquoise	0.581418525935137	ST13	91.09	4	IG-B	MFI	0
LV3003061541	yellow	0.0375072894843211	ST13	91.09	4	IG-B	MFI	0
LV3003061541	grey	0.365348954171128	ST13	91.09	4	IG-B	MFI	0
LV3003061541	blue	0.000936448038704462	ST13	91.09	4	IG-B	MFI	0
LV3003061543	grey	0.25632530934638	ST13	62.293	4	IG-B	MFI	0
LV3003061543	green	0.0248946124547101	ST13	62.293	4	IG-B	MFI	0
LV3003061543	turquoise	0.642126577875138	ST13	62.293	4	IG-B	MFI	0
LV3003061543	yellow	0.0701087192842461	ST13	62.293	4	IG-B	MFI	0
LV3003061543	blue	0.00624510081595286	ST13	62.293	4	IG-B	MFI	0
LV3003061543	brown	0.000299680223573199	ST13	62.293	4	IG-B	MFI	0
LV3003061544	grey	0.27461197893719	ST13	45.122	1	G-A	MFI	0
LV3003061544	turquoise	0.635197088740542	ST13	45.122	1	G-A	MFI	0
LV3003061544	yellow	0.0731720677229826	ST13	45.122	1	G-A	MFI	0
LV3003061544	green	0.014234782215215	ST13	45.122	1	G-A	MFI	0
LV3003061544	blue	0.00187669539661861	ST13	45.122	1	G-A	MFI	0
LV3003061544	brown	0.000907386987451386	ST13	45.122	1	G-A	MFI	0
LV3003061545	grey	0.271703867496492	ST13	23.172	1	G-A	MFI	6.86373839356536
LV3003061545	turquoise	0.627651276477629	ST13	23.172	1	G-A	MFI	0
LV3003061545	yellow	0.0865917731081217	ST13	23.172	1	G-A	MFI	0
LV3003061545	blue	0.00826273022625007	ST13	23.172	1	G-A	MFI	0
LV3003061545	brown	0.00206480416568092	ST13	23.172	1	G-A	MFI	0
LV3003061545	green	0.00372554852582586	ST13	23.172	1	G-A	MFI	0
LV3003061546	grey	0.387735437285443	ST13	7.197	3	IG-A	MFI	6.85895732440581
LV3003061546	turquoise	0.483672874513494	ST13	7.197	3	IG-A	MFI	0
LV3003061546	yellow	0.01660728660558	ST13	7.197	3	IG-A	MFI	0
LV3003061546	brown	0.10959661329761	ST13	7.197	3	IG-A	MFI	-12.1763374365825
LV3003061546	blue	0.00218993866661431	ST13	7.197	3	IG-A	MFI	0
LV3003061546	green	0.000197849631259638	ST13	7.197	3	IG-A	MFI	0
LV3003061555	turquoise	0.463190756997625	ST13	126.443	2	IG-D	MFI	0
LV3003061555	grey	0.467006430610775	ST13	126.443	2	IG-D	MFI	0
LV3003061555	yellow	0.0698028123916002	ST13	126.443	2	IG-D	MFI	0
LV3003061556	grey	0.253032303055964	ST13	86.6174	4	IG-B	MFI	0
LV3003061556	green	0.0280773413696629	ST13	86.6174	4	IG-B	MFI	0
LV3003061556	turquoise	0.679563813271567	ST13	86.6174	4	IG-B	MFI	0
LV3003061556	yellow	0.0388616306775257	ST13	86.6174	4	IG-B	MFI	0
LV3003061556	blue	0.00046491162528123	ST13	86.6174	4	IG-B	MFI	0
LV3003061557	green	0.0417289607215844	ST13	58.082	4	IG-B	MFI	0
LV3003061557	yellow	0.0520369874932273	ST13	58.082	4	IG-B	MFI	0
LV3003061557	turquoise	0.714945402305311	ST13	58.082	4	IG-B	MFI	0
LV3003061557	grey	0.190803036877331	ST13	58.082	4	IG-B	MFI	0
LV3003061557	blue	0.000485612602546319	ST13	58.082	4	IG-B	MFI	0
LV3003061558	grey	0.227902657273767	ST13	42.626	1	G-A	MFI	0
LV3003061558	green	0.00942710497916014	ST13	42.626	1	G-A	MFI	0
LV3003061558	turquoise	0.678727614473822	ST13	42.626	1	G-A	MFI	0
LV3003061558	yellow	0.0800209339196199	ST13	42.626	1	G-A	MFI	0
LV3003061558	blue	0.00350951005392537	ST13	42.626	1	G-A	MFI	0
LV3003061558	brown	0.00041217929970566	ST13	42.626	1	G-A	MFI	0
LV3003061559	green	0.0108150649096571	ST13	21.069	1	G-A	MFI	0
LV3003061559	grey	0.284624288765346	ST13	21.069	1	G-A	MFI	0
LV3003061559	turquoise	0.616595055335131	ST13	21.069	1	G-A	MFI	0
LV3003061559	yellow	0.0794893190673878	ST13	21.069	1	G-A	MFI	0
LV3003061559	blue	0.00620862092730622	ST13	21.069	1	G-A	MFI	0
LV3003061559	brown	0.00226765099517272	ST13	21.069	1	G-A	MFI	-14.405473502289
LV3003061568	grey	0.603656908977667	ST13	121.6354	2	IG-D	MFI	0
LV3003061568	turquoise	0.350653972773378	ST13	121.6354	2	IG-D	MFI	0
LV3003061568	yellow	0.03963875789661	ST13	121.6354	2	IG-D	MFI	0
LV3003061568	blue	0.00605036035234452	ST13	121.6354	2	IG-D	MFI	0
LV3003061569	grey	0.255505298724168	ST13	81.6946	4	IG-B	MFI	0
LV3003061569	green	0.0411788151022318	ST13	81.6946	4	IG-B	MFI	0
LV3003061569	turquoise	0.661578798992888	ST13	81.6946	4	IG-B	MFI	0
LV3003061569	yellow	0.0402928012065343	ST13	81.6946	4	IG-B	MFI	0
LV3003061569	blue	0.00127763759254193	ST13	81.6946	4	IG-B	MFI	0
LV3003061569	brown	0.000166648381635904	ST13	81.6946	4	IG-B	MFI	0
LV3003061570	green	0.0271809869017217	ST13	55.466	4	IG-B	MFI	0
LV3003061570	turquoise	0.688100337754346	ST13	55.466	4	IG-B	MFI	0
LV3003061570	grey	0.222085839031222	ST13	55.466	4	IG-B	MFI	7.58136872298053
LV3003061570	yellow	0.0615433726007085	ST13	55.466	4	IG-B	MFI	0
LV3003061570	blue	0.00108946371200264	ST13	55.466	4	IG-B	MFI	0
LV3003061571	turquoise	0.762600634455215	ST13	40.457	1	G-A	MFI	0
LV3003061571	grey	0.187266976732429	ST13	40.457	1	G-A	MFI	0
LV3003061571	yellow	0.0455635529492057	ST13	40.457	1	G-A	MFI	0
LV3003061571	blue	0.00157033985061234	ST13	40.457	1	G-A	MFI	0
LV3003061571	brown	0.00240448415757744	ST13	40.457	1	G-A	MFI	0
LV3003061571	green	0.000594011854959999	ST13	40.457	1	G-A	MFI	0
LV3003061572	grey	0.20323545340841	ST13	19.099	3	IG-A	MFI	-3.45407881825751
LV3003061572	green	0.00605675701372988	ST13	19.099	3	IG-A	MFI	0
LV3003061572	turquoise	0.657335163493042	ST13	19.099	3	IG-A	MFI	0
LV3003061572	yellow	0.103679808200944	ST13	19.099	3	IG-A	MFI	0
LV3003061572	blue	0.0245915891449046	ST13	19.099	3	IG-A	MFI	0
LV3003061572	brown	0.00510122873897058	ST13	19.099	3	IG-A	MFI	9.70340021759015
LV7001898064	grey	0.275741891502137	ST13	6.808	3	IG-A	MFI	6.73182979489625
LV7001898064	turquoise	0.622768294921209	ST13	6.808	3	IG-A	MFI	0
LV7001898064	yellow	0.0476383754162406	ST13	6.808	3	IG-A	MFI	0
LV7001898064	blue	0.00611552479089646	ST13	6.808	3	IG-A	MFI	0
LV7001898064	brown	0.044604210912714	ST13	6.808	3	IG-A	MFI	-11.7715259426561
LV7001898064	green	0.00313170245680275	ST13	6.808	3	IG-A	MFI	0
LV7001898076	grey	0.23054960712167	ST13	6.429	3	IG-A	MFI	7.06337396390638
LV7001898076	green	0.0085234907269221	ST13	6.429	3	IG-A	MFI	0
LV7001898076	turquoise	0.644771312529683	ST13	6.429	3	IG-A	MFI	0
LV7001898076	yellow	0.0753901318157925	ST13	6.429	3	IG-A	MFI	0
LV7001898076	blue	0.0196713816573398	ST13	6.429	3	IG-A	MFI	0
LV7001898076	brown	0.0210940761485923	ST13	6.429	3	IG-A	MFI	-2.05685588903109
LV7001898088	grey	0.314780869596273	ST13	6.031	3	IG-A	MFI	0
LV7001898088	green	0.0176895133083804	ST13	6.031	3	IG-A	MFI	0
LV7001898088	turquoise	0.630804341226826	ST13	6.031	3	IG-A	MFI	0
LV7001898088	yellow	0.0330665679106662	ST13	6.031	3	IG-A	MFI	0
LV7001898088	blue	0.00336057663566567	ST13	6.031	3	IG-A	MFI	0
LV7001898088	brown	0.000298131322189122	ST13	6.031	3	IG-A	MFI	0
LV7001898100	grey	0.309228560993737	ST13	5.659	5	IG-C	MFI	0
LV7001898100	green	0.027060556506584	ST13	5.659	5	IG-C	MFI	0
LV7001898100	turquoise	0.654652108943496	ST13	5.659	5	IG-C	MFI	0
LV7001898100	yellow	0.00780420603711624	ST13	5.659	5	IG-C	MFI	0
LV7001898100	blue	0.00125456751906766	ST13	5.659	5	IG-C	MFI	0
LV7008886221	grey	0.288161059747603	GeoB25202_R1	50.3555	1	G-A	MFI	0
LV7008886221	turquoise	0.670427159452342	GeoB25202_R1	50.3555	1	G-A	MFI	0
LV7008886221	yellow	0.039963975877518	GeoB25202_R1	50.3555	1	G-A	MFI	0
LV7008886221	green	0.0011764840000456	GeoB25202_R1	50.3555	1	G-A	MFI	0
LV7008886221	brown	0.000271320922491136	GeoB25202_R1	50.3555	1	G-A	MFI	0
LV7008886222	turquoise	0.423128871665771	GeoB25202_R1	136.2775	1	G-A	MFI	0
LV7008886222	yellow	0.0672644471473425	GeoB25202_R1	136.2775	1	G-A	MFI	0
LV7008886222	grey	0.499013520776172	GeoB25202_R1	136.2775	1	G-A	MFI	0
LV7008886222	green	0.0101405821288151	GeoB25202_R1	136.2775	1	G-A	MFI	0
LV7008886222	blue	0.000452578281899697	GeoB25202_R1	136.2775	1	G-A	MFI	0
LV7008886226	grey	0.297773472289495	GeoB25202_R2	36.607	1	G-A	MFI	0
LV7008886226	turquoise	0.662134966641146	GeoB25202_R2	36.607	1	G-A	MFI	0
LV7008886226	yellow	0.0342885267417697	GeoB25202_R2	36.607	1	G-A	MFI	0
LV7008886226	brown	0.00335776003499945	GeoB25202_R2	36.607	1	G-A	MFI	0
LV7008886226	blue	0.00144060249058608	GeoB25202_R2	36.607	1	G-A	MFI	0
LV7008886226	green	0.00100467180200309	GeoB25202_R2	36.607	1	G-A	MFI	0
LV7008886228	grey	0.683185628742515	GeoB25202_R2	120.0235	2	IG-D	MFI	0
LV7008886228	turquoise	0.273508982035928	GeoB25202_R2	120.0235	2	IG-D	MFI	0
LV7008886228	yellow	0.0350179640718563	GeoB25202_R2	120.0235	2	IG-D	MFI	0
LV7008886228	brown	0.0082874251497006	GeoB25202_R2	120.0235	2	IG-D	MFI	-14.3362871066427
LV7008886229	grey	0.391540273616074	GeoB25202_R2	68.149	4	IG-B	MFI	0
LV7008886229	green	0.0264104577522133	GeoB25202_R2	68.149	4	IG-B	MFI	0
LV7008886229	turquoise	0.55035931893407	GeoB25202_R2	68.149	4	IG-B	MFI	0
LV7008886229	yellow	0.0290291775079116	GeoB25202_R2	68.149	4	IG-B	MFI	0
LV7008886229	brown	0.00126921891809027	GeoB25202_R2	68.149	4	IG-B	MFI	0
LV7008886229	blue	0.00139155327164114	GeoB25202_R2	68.149	4	IG-B	MFI	0
LV7008886690	yellow	0.00426774585976884	GeoB25202_R1	2.324	3	IG-A	MFI	0
LV7008886690	turquoise	0.432577075977448	GeoB25202_R1	2.324	3	IG-A	MFI	0
LV7008886690	grey	0.461872722815768	GeoB25202_R1	2.324	3	IG-A	MFI	0
LV7008886690	brown	0.10111192822026	GeoB25202_R1	2.324	3	IG-A	MFI	-10.8458035774653
LV7008886690	blue	0.000170527126754945	GeoB25202_R1	2.324	3	IG-A	MFI	0
LV7008886692	turquoise	0.546948086972669	GeoB25202_R1	53.875	1	G-A	MFI	0
LV7008886692	grey	0.41704614786061	GeoB25202_R1	53.875	1	G-A	MFI	0
LV7008886692	yellow	0.0345644734864227	GeoB25202_R1	53.875	1	G-A	MFI	0
LV7008886692	green	0.00144129168029852	GeoB25202_R1	53.875	1	G-A	MFI	0
LV7008886695	green	0.0187447608956605	GeoB25202_R1	95.3875	4	IG-B	MFI	0
LV7008886695	grey	0.473287776876186	GeoB25202_R1	95.3875	4	IG-B	MFI	0
LV7008886695	turquoise	0.489386329039224	GeoB25202_R1	95.3875	4	IG-B	MFI	0
LV7008886695	yellow	0.0182216887184061	GeoB25202_R1	95.3875	4	IG-B	MFI	0
LV7008886695	blue	0.0001381447032236	GeoB25202_R1	95.3875	4	IG-B	MFI	0
LV7008886695	brown	0.000221299767299942	GeoB25202_R1	95.3875	4	IG-B	MFI	0
LV7008886702	grey	0.3029915388091	GeoB25202_R2	2.324	3	IG-A	MFI	0
LV7008886702	turquoise	0.592549826798534	GeoB25202_R2	2.324	3	IG-A	MFI	0
LV7008886702	yellow	0.040969773737483	GeoB25202_R2	2.324	3	IG-A	MFI	0
LV7008886702	blue	0.00191834622528934	GeoB25202_R2	2.324	3	IG-A	MFI	0
LV7008886702	brown	0.0595034891309805	GeoB25202_R2	2.324	3	IG-A	MFI	-11.1091949345546
LV7008886702	green	0.00206702529861323	GeoB25202_R2	2.324	3	IG-A	MFI	0
LV7008886703	grey	0.367758345041422	GeoB25202_R1	27.6855	1	G-A	MFI	0
LV7008886703	turquoise	0.543255333236439	GeoB25202_R1	27.6855	1	G-A	MFI	0
LV7008886703	yellow	0.0794002228574197	GeoB25202_R1	27.6855	1	G-A	MFI	0
LV7008886703	blue	0.0055924293073656	GeoB25202_R1	27.6855	1	G-A	MFI	0
LV7008886703	brown	0.000943106761623306	GeoB25202_R1	27.6855	1	G-A	MFI	0
LV7008886703	green	0.00305056279573018	GeoB25202_R1	27.6855	1	G-A	MFI	0
LV7008886704	grey	0.369361874353555	GeoB25202_R2	53.875	1	G-A	MFI	0
LV7008886704	turquoise	0.578502795640899	GeoB25202_R2	53.875	1	G-A	MFI	0
LV7008886704	yellow	0.0431300685044445	GeoB25202_R2	53.875	1	G-A	MFI	0
LV7008886704	blue	0.00120669754613182	GeoB25202_R2	53.875	1	G-A	MFI	0
LV7008886704	green	0.00779856395496995	GeoB25202_R2	53.875	1	G-A	MFI	0
LV7008886705	turquoise	0.575860444326323	GeoB25202_R1	59.738	2	IG-D	MFI	0
LV7008886705	grey	0.394396994334175	GeoB25202_R1	59.738	2	IG-D	MFI	0
LV7008886705	yellow	0.0253693658866593	GeoB25202_R1	59.738	2	IG-D	MFI	0
LV7008886705	brown	0.00159464585573287	GeoB25202_R1	59.738	2	IG-D	MFI	0
LV7008886705	green	0.00277854959711031	GeoB25202_R1	59.738	2	IG-D	MFI	0
LV7008886706	green	0.0270390276031611	GeoB25202_R1	79.0255	4	IG-B	MFI	0
LV7008886706	grey	0.410592714309202	GeoB25202_R1	79.0255	4	IG-B	MFI	0
LV7008886706	turquoise	0.532926002026155	GeoB25202_R1	79.0255	4	IG-B	MFI	0
LV7008886706	yellow	0.0283563236610198	GeoB25202_R1	79.0255	4	IG-B	MFI	0
LV7008886706	blue	0.0008004198019724	GeoB25202_R1	79.0255	4	IG-B	MFI	0
LV7008886706	brown	0.00028551259848954	GeoB25202_R1	79.0255	4	IG-B	MFI	0
LV7008886707	grey	0.503331827521897	GeoB25202_R2	95.3875	4	IG-B	MFI	0
LV7008886707	green	0.0124132766866992	GeoB25202_R2	95.3875	4	IG-B	MFI	0
LV7008886707	turquoise	0.46833137929398	GeoB25202_R2	95.3875	4	IG-B	MFI	0
LV7008886707	yellow	0.015923516497424	GeoB25202_R2	95.3875	4	IG-B	MFI	0
LV7008886708	green	0.0186353516490295	GeoB25202_R1	109.6305	4	IG-B	MFI	0
LV7008886708	grey	0.626029299879802	GeoB25202_R1	109.6305	4	IG-B	MFI	0
LV7008886708	turquoise	0.346274705533778	GeoB25202_R1	109.6305	4	IG-B	MFI	0
LV7008886708	yellow	0.00833908152335448	GeoB25202_R1	109.6305	4	IG-B	MFI	0
LV7008886708	blue	0.000444900560985959	GeoB25202_R1	109.6305	4	IG-B	MFI	0
LV7008886708	brown	0.000276660853050092	GeoB25202_R1	109.6305	4	IG-B	MFI	-13.9183688456592
LV7008886709	turquoise	0.556743531950144	GeoB25202_R1	147.206	1	G-A	MFI	0
LV7008886709	yellow	0.0797356913059392	GeoB25202_R1	147.206	1	G-A	MFI	0
LV7008886709	grey	0.358064112196344	GeoB25202_R1	147.206	1	G-A	MFI	0
LV7008886709	blue	0.00242250862085573	GeoB25202_R1	147.206	1	G-A	MFI	0
LV7008886709	green	0.00225876052322333	GeoB25202_R1	147.206	1	G-A	MFI	0
LV7008886709	brown	0.000775395403494577	GeoB25202_R1	147.206	1	G-A	MFI	0
LV7008886714	grey	0.281123266837477	GeoB25202_R1	0.692	5	IG-C	MFI	0
LV7008886714	green	0.0115286274863083	GeoB25202_R1	0.692	5	IG-C	MFI	0
LV7008886714	turquoise	0.699148951954999	GeoB25202_R1	0.692	5	IG-C	MFI	0
LV7008886714	yellow	0.00709957421101858	GeoB25202_R1	0.692	5	IG-C	MFI	0
LV7008886714	blue	0.00084336423637515	GeoB25202_R1	0.692	5	IG-C	MFI	0
LV7008886714	brown	0.000256215273821794	GeoB25202_R1	0.692	5	IG-C	MFI	0
LV7008886715	grey	0.276163883237691	GeoB25202_R2	27.6855	1	G-A	MFI	0
LV7008886715	turquoise	0.646006488985606	GeoB25202_R2	27.6855	1	G-A	MFI	0
LV7008886715	yellow	0.0682329282132863	GeoB25202_R2	27.6855	1	G-A	MFI	0
LV7008886715	blue	0.00581125258616759	GeoB25202_R2	27.6855	1	G-A	MFI	0
LV7008886715	brown	0.00110901766911595	GeoB25202_R2	27.6855	1	G-A	MFI	0
LV7008886715	green	0.00267642930813317	GeoB25202_R2	27.6855	1	G-A	MFI	0
LV7008886717	turquoise	0.631443093878688	GeoB25202_R2	59.738	2	IG-D	MFI	0
LV7008886717	grey	0.313376569120894	GeoB25202_R2	59.738	2	IG-D	MFI	0
LV7008886717	green	0.0169345693994072	GeoB25202_R2	59.738	2	IG-D	MFI	0
LV7008886717	yellow	0.0366293990092904	GeoB25202_R2	59.738	2	IG-D	MFI	0
LV7008886717	blue	0.000561998925736567	GeoB25202_R2	59.738	2	IG-D	MFI	0
LV7008886717	brown	0.00105436966598365	GeoB25202_R2	59.738	2	IG-D	MFI	0
LV7008886718	green	0.0207418439549313	GeoB25202_R2	79.0255	4	IG-B	MFI	0
LV7008886718	grey	0.399791904588106	GeoB25202_R2	79.0255	4	IG-B	MFI	0
LV7008886718	turquoise	0.541320331539847	GeoB25202_R2	79.0255	4	IG-B	MFI	0
LV7008886718	yellow	0.0365094128589425	GeoB25202_R2	79.0255	4	IG-B	MFI	0
LV7008886718	blue	0.000925686096754065	GeoB25202_R2	79.0255	4	IG-B	MFI	0
LV7008886718	brown	0.000710820961418463	GeoB25202_R2	79.0255	4	IG-B	MFI	0
LV7008886719	grey	0.552131968922435	GeoB25202_R1	87.2825	2	IG-D	MFI	0
LV7008886719	turquoise	0.434389244652777	GeoB25202_R1	87.2825	2	IG-D	MFI	0
LV7008886719	green	0.00391468433388082	GeoB25202_R1	87.2825	2	IG-D	MFI	0
LV7008886719	blue	0.00027220551054681	GeoB25202_R1	87.2825	2	IG-D	MFI	0
LV7008886719	yellow	0.00901507741709266	GeoB25202_R1	87.2825	2	IG-D	MFI	0
LV7008886719	brown	0.000276819163267943	GeoB25202_R1	87.2825	2	IG-D	MFI	0
LV7008886720	green	0.0182159725086512	GeoB25202_R2	109.6305	4	IG-B	MFI	0
LV7008886720	grey	0.728237383114176	GeoB25202_R2	109.6305	4	IG-B	MFI	0
LV7008886720	turquoise	0.244172803388937	GeoB25202_R2	109.6305	4	IG-B	MFI	0
LV7008886720	yellow	0.00789577619188804	GeoB25202_R2	109.6305	4	IG-B	MFI	0
LV7008886720	blue	0.000579847773548657	GeoB25202_R2	109.6305	4	IG-B	MFI	0
LV7008886720	brown	0.000898217022798958	GeoB25202_R2	109.6305	4	IG-B	MFI	0
LV7008886721	turquoise	0.566310592268841	GeoB25202_R2	147.206	1	G-A	MFI	0
LV7008886721	yellow	0.0773045073635147	GeoB25202_R2	147.206	1	G-A	MFI	0
LV7008886721	grey	0.340528019607704	GeoB25202_R2	147.206	1	G-A	MFI	0
LV7008886721	green	0.0115535280408588	GeoB25202_R2	147.206	1	G-A	MFI	0
LV7008886721	blue	0.00142382534409112	GeoB25202_R2	147.206	1	G-A	MFI	0
LV7008886721	brown	0.00287952737499026	GeoB25202_R2	147.206	1	G-A	MFI	0
LV7008886726	green	0.0151322342626497	GeoB25202_R2	0.692	5	IG-C	MFI	0
LV7008886726	turquoise	0.692020060226895	GeoB25202_R2	0.692	5	IG-C	MFI	0
LV7008886726	yellow	0.0055473442976321	GeoB25202_R2	0.692	5	IG-C	MFI	0
LV7008886726	grey	0.286650062595368	GeoB25202_R2	0.692	5	IG-C	MFI	0
LV7008886726	blue	0.000650298617455236	GeoB25202_R2	0.692	5	IG-C	MFI	0
LV7008886727	grey	0.201587810599601	GeoB25202_R1	16.4375	3	IG-A	MFI	6.58118127851895
LV7008886727	green	0.0071120855737273	GeoB25202_R1	16.4375	3	IG-A	MFI	0
LV7008886727	turquoise	0.638578776104785	GeoB25202_R1	16.4375	3	IG-A	MFI	0
LV7008886727	yellow	0.106514730046511	GeoB25202_R1	16.4375	3	IG-A	MFI	0
LV7008886727	blue	0.0290457806845931	GeoB25202_R1	16.4375	3	IG-A	MFI	0
LV7008886727	brown	0.0171608169907832	GeoB25202_R1	16.4375	3	IG-A	MFI	-1.95820767686572
LV7008886728	grey	0.33206542296461	GeoB25202_R2	50.3555	1	G-A	MFI	0
LV7008886728	turquoise	0.611647224365667	GeoB25202_R2	50.3555	1	G-A	MFI	0
LV7008886728	yellow	0.0542478023391282	GeoB25202_R2	50.3555	1	G-A	MFI	0
LV7008886728	green	0.00111963445448081	GeoB25202_R2	50.3555	1	G-A	MFI	0
LV7008886728	blue	0.000919915876113961	GeoB25202_R2	50.3555	1	G-A	MFI	0
LV7008886730	green	0.0290848829403176	GeoB25202_R1	75.351	4	IG-B	MFI	0
LV7008886730	grey	0.369101126232918	GeoB25202_R1	75.351	4	IG-B	MFI	0
LV7008886730	turquoise	0.565734163963363	GeoB25202_R1	75.351	4	IG-B	MFI	0
LV7008886730	yellow	0.0336480275666515	GeoB25202_R1	75.351	4	IG-B	MFI	0
LV7008886730	brown	0.00111449643445644	GeoB25202_R1	75.351	4	IG-B	MFI	0
LV7008886730	blue	0.0013173028622935	GeoB25202_R1	75.351	4	IG-B	MFI	0
LV7008886731	grey	0.521976233279629	GeoB25202_R2	87.2825	2	IG-D	MFI	0
LV7008886731	turquoise	0.460046322503323	GeoB25202_R2	87.2825	2	IG-D	MFI	0
LV7008886731	yellow	0.01134631773422	GeoB25202_R2	87.2825	2	IG-D	MFI	0
LV7008886731	brown	0.00121301094198075	GeoB25202_R2	87.2825	2	IG-D	MFI	0
LV7008886731	green	0.00541811554084737	GeoB25202_R2	87.2825	2	IG-D	MFI	0
LV7008886739	grey	0.20434609159764	GeoB25202_R2	16.4375	3	IG-A	MFI	7.07371113406875
LV7008886739	green	0.00881856866185978	GeoB25202_R2	16.4375	3	IG-A	MFI	0
LV7008886739	turquoise	0.650740241496258	GeoB25202_R2	16.4375	3	IG-A	MFI	0
LV7008886739	yellow	0.103250788772606	GeoB25202_R2	16.4375	3	IG-A	MFI	0
LV7008886739	blue	0.0270387612405779	GeoB25202_R2	16.4375	3	IG-A	MFI	0
LV7008886739	brown	0.00580554823105809	GeoB25202_R2	16.4375	3	IG-A	MFI	10.9161912943305
LV7008886740	grey	0.256270455488345	GeoB25202_R1	43.105	1	G-A	MFI	0
LV7008886740	turquoise	0.580439047126372	GeoB25202_R1	43.105	1	G-A	MFI	0
LV7008886740	yellow	0.064722573639758	GeoB25202_R1	43.105	1	G-A	MFI	0
LV7008886740	blue	0.00231508750723465	GeoB25202_R1	43.105	1	G-A	MFI	0
LV7008886740	green	0.0962528362382901	GeoB25202_R1	43.105	1	G-A	MFI	0
LV7008886741	turquoise	0.483773377337734	GeoB25202_R1	58.997	2	IG-D	MFI	0
LV7008886741	grey	0.457563256325633	GeoB25202_R1	58.997	2	IG-D	MFI	0
LV7008886741	yellow	0.0534653465346535	GeoB25202_R1	58.997	2	IG-D	MFI	0
LV7008886741	green	0.0051980198019802	GeoB25202_R1	58.997	2	IG-D	MFI	0
LV7008886742	grey	0.356002603971805	GeoB25202_R2	75.351	4	IG-B	MFI	0
LV7008886742	green	0.0321313658879694	GeoB25202_R2	75.351	4	IG-B	MFI	0
LV7008886742	turquoise	0.570397030873528	GeoB25202_R2	75.351	4	IG-B	MFI	0
LV7008886742	yellow	0.0372555035093758	GeoB25202_R2	75.351	4	IG-B	MFI	0
LV7008886742	blue	0.0031300040406459	GeoB25202_R2	75.351	4	IG-B	MFI	0
LV7008886742	brown	0.0010834917166759	GeoB25202_R2	75.351	4	IG-B	MFI	0
LV7008886743	green	0.017225820645628	GeoB25202_R1	81.6705	4	IG-B	MFI	0
LV7008886743	grey	0.511623094047499	GeoB25202_R1	81.6705	4	IG-B	MFI	0
LV7008886743	turquoise	0.456785358705015	GeoB25202_R1	81.6705	4	IG-B	MFI	0
LV7008886743	yellow	0.0139741883038188	GeoB25202_R1	81.6705	4	IG-B	MFI	0
LV7008886743	brown	0.000391538298038953	GeoB25202_R1	81.6705	4	IG-B	MFI	-13.7193677983282
LV7008886744	grey	0.625552561680746	GeoB25202_R1	105.5785	2	IG-D	MFI	0
LV7008886744	turquoise	0.35549493225426	GeoB25202_R1	105.5785	2	IG-D	MFI	0
LV7008886744	yellow	0.00493829528129105	GeoB25202_R1	105.5785	2	IG-D	MFI	0
LV7008886744	green	0.0134652449490349	GeoB25202_R1	105.5785	2	IG-D	MFI	0
LV7008886744	brown	0.000548965834667792	GeoB25202_R1	105.5785	2	IG-D	MFI	-13.7193677983282
LV7008886745	grey	0.523979823320612	GeoB25202_R2	136.2775	2	IG-D	MFI	0
LV7008886745	turquoise	0.423556806960421	GeoB25202_R2	136.2775	2	IG-D	MFI	0
LV7008886745	yellow	0.0453574955296378	GeoB25202_R2	136.2775	2	IG-D	MFI	0
LV7008886745	green	0.00710587418932985	GeoB25202_R2	136.2775	2	IG-D	MFI	0
LV7008886751	grey	0.505619797816883	GeoB25202_R1	7.1335	3	IG-A	MFI	6.6381018837313
LV7008886751	turquoise	0.387870453039947	GeoB25202_R1	7.1335	3	IG-A	MFI	0
LV7008886751	yellow	0.0318521211946661	GeoB25202_R1	7.1335	3	IG-A	MFI	0
LV7008886751	brown	0.073104173266899	GeoB25202_R1	7.1335	3	IG-A	MFI	-2.45687513593211
LV7008886751	blue	0.000903631807839636	GeoB25202_R1	7.1335	3	IG-A	MFI	0
LV7008886751	green	0.000649822873765157	GeoB25202_R1	7.1335	3	IG-A	MFI	0
LV7008886752	grey	0.41978536554602	GeoB25202_R2	43.105	1	G-A	MFI	0
LV7008886752	turquoise	0.519865774633823	GeoB25202_R2	43.105	1	G-A	MFI	0
LV7008886752	yellow	0.0530226984869427	GeoB25202_R2	43.105	1	G-A	MFI	0
LV7008886752	blue	0.0006543092438918	GeoB25202_R2	43.105	1	G-A	MFI	0
LV7008886752	green	0.00667185208932241	GeoB25202_R2	43.105	1	G-A	MFI	0
LV7008886753	turquoise	0.721817171254823	GeoB25202_R2	58.997	2	IG-D	MFI	0
LV7008886753	yellow	0.0412607075132414	GeoB25202_R2	58.997	2	IG-D	MFI	0
LV7008886753	grey	0.220471239564943	GeoB25202_R2	58.997	2	IG-D	MFI	0
LV7008886753	blue	0.00152575252294078	GeoB25202_R2	58.997	2	IG-D	MFI	0
LV7008886753	green	0.0140151267464417	GeoB25202_R2	58.997	2	IG-D	MFI	0
LV7008886753	brown	0.000910002397611107	GeoB25202_R2	58.997	2	IG-D	MFI	0
LV7008886754	green	0.0483652707527194	GeoB25202_R1	71.8895	4	IG-B	MFI	0
LV7008886754	grey	0.415870542297821	GeoB25202_R1	71.8895	4	IG-B	MFI	0
LV7008886754	turquoise	0.496822986137707	GeoB25202_R1	71.8895	4	IG-B	MFI	0
LV7008886754	yellow	0.0353481861042511	GeoB25202_R1	71.8895	4	IG-B	MFI	0
LV7008886754	blue	0.00272227431403882	GeoB25202_R1	71.8895	4	IG-B	MFI	0
LV7008886754	brown	0.000870740393461963	GeoB25202_R1	71.8895	4	IG-B	MFI	0
LV7008886755	green	0.0277773848646729	GeoB25202_R2	81.6705	4	IG-B	MFI	0
LV7008886755	grey	0.427744065833377	GeoB25202_R2	81.6705	4	IG-B	MFI	0
LV7008886755	turquoise	0.523067928389229	GeoB25202_R2	81.6705	4	IG-B	MFI	0
LV7008886755	yellow	0.0214106209127214	GeoB25202_R2	81.6705	4	IG-B	MFI	0
LV7008886756	grey	0.568752381457669	GeoB25202_R2	105.5785	4	IG-B	MFI	0
LV7008886756	turquoise	0.39837506209877	GeoB25202_R2	105.5785	4	IG-B	MFI	0
LV7008886756	yellow	0.0202285234721291	GeoB25202_R2	105.5785	4	IG-B	MFI	0
LV7008886756	green	0.0126440329714322	GeoB25202_R2	105.5785	4	IG-B	MFI	0
LV7008886757	grey	0.693283220174588	GeoB25202_R1	123.1195	2	IG-D	MFI	0
LV7008886757	turquoise	0.270441319107662	GeoB25202_R1	123.1195	2	IG-D	MFI	0
LV7008886757	yellow	0.0362754607177498	GeoB25202_R1	123.1195	2	IG-D	MFI	0
LV7008886763	grey	0.527880374862183	GeoB25202_R2	7.1335	3	IG-A	MFI	6.8965183207109
LV7008886763	yellow	0.0208241455347299	GeoB25202_R2	7.1335	3	IG-A	MFI	0
LV7008886763	turquoise	0.375458241455347	GeoB25202_R2	7.1335	3	IG-A	MFI	0
LV7008886763	brown	0.0758372381477398	GeoB25202_R2	7.1335	3	IG-A	MFI	-2.48020075875059
LV7008886765	turquoise	0.508312186027241	GeoB25202_R1	58.181	1	G-A	MFI	0
LV7008886765	grey	0.43200925302536	GeoB25202_R1	58.181	1	G-A	MFI	0
LV7008886765	yellow	0.0513182848363334	GeoB25202_R1	58.181	1	G-A	MFI	0
LV7008886765	brown	0.00209376826498376	GeoB25202_R1	58.181	1	G-A	MFI	0
LV7008886765	green	0.00626650784608214	GeoB25202_R1	58.181	1	G-A	MFI	0
LV7008886766	grey	0.397021868284667	GeoB25202_R2	71.8895	4	IG-B	MFI	0
LV7008886766	green	0.0530122614081659	GeoB25202_R2	71.8895	4	IG-B	MFI	0
LV7008886766	turquoise	0.517042935996292	GeoB25202_R2	71.8895	4	IG-B	MFI	0
LV7008886766	blue	0.00390342560991025	GeoB25202_R2	71.8895	4	IG-B	MFI	0
LV7008886766	yellow	0.0283950617283951	GeoB25202_R2	71.8895	4	IG-B	MFI	0
LV7008886766	brown	0.000624446972569839	GeoB25202_R2	71.8895	4	IG-B	MFI	0
LV7008886768	green	0.0334473979052822	GeoB25202_R1	102.2955	4	IG-B	MFI	0
LV7008886768	grey	0.397435385163721	GeoB25202_R1	102.2955	4	IG-B	MFI	0
LV7008886768	turquoise	0.536710305289218	GeoB25202_R1	102.2955	4	IG-B	MFI	0
LV7008886768	yellow	0.0324069116417786	GeoB25202_R1	102.2955	4	IG-B	MFI	0
LV7008886769	grey	0.617619942555229	GeoB25202_R2	123.1195	2	IG-D	MFI	0
LV7008886769	turquoise	0.329961703485692	GeoB25202_R2	123.1195	2	IG-D	MFI	0
LV7008886769	yellow	0.0432165526045176	GeoB25202_R2	123.1195	2	IG-D	MFI	0
LV7008886769	brown	0.00804935995177476	GeoB25202_R2	123.1195	2	IG-D	MFI	-14.274486907171
LV7008886769	blue	0.00115244140278714	GeoB25202_R2	123.1195	2	IG-D	MFI	0
LV7008886776	grey	0.294479623315473	GeoB25202_R1	36.607	1	G-A	MFI	0
LV7008886776	green	0.0109733098529981	GeoB25202_R1	36.607	1	G-A	MFI	0
LV7008886776	turquoise	0.593008355502267	GeoB25202_R1	36.607	1	G-A	MFI	0
LV7008886776	yellow	0.0934017760125895	GeoB25202_R1	36.607	1	G-A	MFI	0
LV7008886776	blue	0.00753618844217968	GeoB25202_R1	36.607	1	G-A	MFI	0
LV7008886776	brown	0.000600746874492613	GeoB25202_R1	36.607	1	G-A	MFI	0
LV7008886778	grey	0.324013586933656	GeoB25202_R1	68.149	4	IG-B	MFI	0
LV7008886778	green	0.0323984602971137	GeoB25202_R1	68.149	4	IG-B	MFI	0
LV7008886778	turquoise	0.605532009981703	GeoB25202_R1	68.149	4	IG-B	MFI	0
LV7008886778	yellow	0.0358522266695464	GeoB25202_R1	68.149	4	IG-B	MFI	0
LV7008886778	blue	0.00206721100418211	GeoB25202_R1	68.149	4	IG-B	MFI	0
LV7008886778	brown	0.000136505113799452	GeoB25202_R1	68.149	4	IG-B	MFI	0
LV7008886780	green	0.03569975031141	GeoB25202_R2	102.2955	4	IG-B	MFI	0
LV7008886780	grey	0.378224957422882	GeoB25202_R2	102.2955	4	IG-B	MFI	0
LV7008886780	turquoise	0.549423653256883	GeoB25202_R2	102.2955	4	IG-B	MFI	0
LV7008886780	yellow	0.0347097412185745	GeoB25202_R2	102.2955	4	IG-B	MFI	0
LV7008886780	brown	0.00107073463607916	GeoB25202_R2	102.2955	4	IG-B	MFI	0
LV7008886780	blue	0.000871163154171212	GeoB25202_R2	102.2955	4	IG-B	MFI	0
LV7008886781	grey	0.601938623657644	GeoB25202_R1	120.0235	2	IG-D	MFI	0
LV7008886781	turquoise	0.366045931705748	GeoB25202_R1	120.0235	2	IG-D	MFI	0
LV7008886781	yellow	0.0320154446366086	GeoB25202_R1	120.0235	2	IG-D	MFI	0
LV3003046936	grey	0.227473761205709	ST8	22.905	3	IG-A	DCI	-1.42330529036804
LV3003046936	green	0.00578678109105755	ST8	22.905	3	IG-A	DCI	-9.40316210785303
LV3003046936	turquoise	0.641368414785582	ST8	22.905	3	IG-A	DCI	-1.15261949493462
LV3003046936	yellow	0.0947865812169357	ST8	22.905	3	IG-A	DCI	-0.250453257942592
LV3003046936	blue	0.0232688562097062	ST8	22.905	3	IG-A	DCI	-1.58272776210653
LV3003046936	brown	0.00731560549100992	ST8	22.905	3	IG-A	DCI	-2.19504355138986
LV3003046937	grey	0.171712915879704	ST8	18.598	3	IG-A	DCI	-1.96211130204658
LV3003046937	turquoise	0.714223449077437	ST8	18.598	3	IG-A	DCI	-1.10093890305608
LV3003046937	yellow	0.0933077873020485	ST8	18.598	3	IG-A	DCI	-1.25918414258837
LV3003046937	blue	0.0080833212262095	ST8	18.598	3	IG-A	DCI	-0.667956931731387
LV3003046937	brown	0.00801067848321953	ST8	18.598	3	IG-A	DCI	-12.3183238972928
LV3003046937	green	0.00466184803138167	ST8	18.598	3	IG-A	DCI	0
LV3003046938	green	0.144800523217789	ST8	11.169	5	IG-C	DCI	-9.01919563035563
LV3003046938	turquoise	0.511574858851323	ST8	11.169	5	IG-C	DCI	-0.531659710668833
LV3003046938	grey	0.305049318615608	ST8	11.169	5	IG-C	DCI	-2.78346019707802
LV3003046938	yellow	0.0332403464983116	ST8	11.169	5	IG-C	DCI	-0.827276480526645
LV3003046938	blue	0.00533495281696721	ST8	11.169	5	IG-C	DCI	10.5720672065025
LV3003046939	green	0.0813613407686019	ST8	2.42	5	IG-C	DCI	-9.49660100178969
LV3003046939	turquoise	0.66897950083558	ST8	2.42	5	IG-C	DCI	-1.46787273286568
LV3003046939	grey	0.231337565710249	ST8	2.42	5	IG-C	DCI	-5.02492573829204
LV3003046939	yellow	0.0165096898982638	ST8	2.42	5	IG-C	DCI	-1.17405112446089
LV3003046939	blue	0.00181190278730497	ST8	2.42	5	IG-C	DCI	0
LV3003046949	grey	0.205364837223529	ST8	22.3686666666667	3	IG-A	DCI	-1.81093880825941
LV3003046949	green	0.00507044407485997	ST8	22.3686666666667	3	IG-A	DCI	-9.7609894441659
LV3003046949	turquoise	0.676260824683145	ST8	22.3686666666667	3	IG-A	DCI	-0.833682828876184
LV3003046949	yellow	0.0870814933761542	ST8	22.3686666666667	3	IG-A	DCI	0.170067086578069
LV3003046949	blue	0.0202557779434536	ST8	22.3686666666667	3	IG-A	DCI	-2.17220133688696
LV3003046949	brown	0.00596662269885875	ST8	22.3686666666667	3	IG-A	DCI	-13.4803702546359
LV3003046950	grey	0.235457542404424	ST8	18.099	3	IG-A	DCI	-1.38888168468484
LV3003046950	turquoise	0.620739618227256	ST8	18.099	3	IG-A	DCI	-1.21897027983004
LV3003046950	yellow	0.113617028475858	ST8	18.099	3	IG-A	DCI	-1.08636563260157
LV3003046950	blue	0.0156131421085959	ST8	18.099	3	IG-A	DCI	-1.17900618159547
LV3003046950	brown	0.00863919140358764	ST8	18.099	3	IG-A	DCI	-13.0379047231161
LV3003046950	green	0.0059334773802791	ST8	18.099	3	IG-A	DCI	0
LV3003046952	green	0.17778202178914	ST8	10.26	5	IG-C	DCI	-9.00164110770498
LV3003046952	turquoise	0.535038847172186	ST8	10.26	5	IG-C	DCI	-1.94118944792038
LV3003046952	yellow	0.030918008594123	ST8	10.26	5	IG-C	DCI	0.18109531507071
LV3003046952	grey	0.251497026780676	ST8	10.26	5	IG-C	DCI	-1.9788284985936
LV3003046952	blue	0.0047640956638743	ST8	10.26	5	IG-C	DCI	-1.21234105399645
LV3003046953	grey	0.283958253048404	ST8	1.5215	5	IG-C	DCI	-3.26526035895512
LV3003046953	green	0.0417201394594673	ST8	1.5215	5	IG-C	DCI	-9.53807741058343
LV3003046953	turquoise	0.654451541834205	ST8	1.5215	5	IG-C	DCI	-2.67681327503341
LV3003046953	yellow	0.0175433175065985	ST8	1.5215	5	IG-C	DCI	-1.64742562833003
LV3003046953	blue	0.00227539609251732	ST8	1.5215	5	IG-C	DCI	0
LV3003046953	brown	5.13520588085595e-05	ST8	1.5215	5	IG-C	DCI	-15.2018049190842
LV3003046965	grey	0.2215519533301	ST8	21.8323333333333	3	IG-A	DCI	-1.41794507980092
LV3003046965	green	0.00615963400491513	ST8	21.8323333333333	3	IG-A	DCI	-9.64674178166236
LV3003046965	turquoise	0.639078703999283	ST8	21.8323333333333	3	IG-A	DCI	-1.04973862986112
LV3003046965	yellow	0.0932635673466976	ST8	21.8323333333333	3	IG-A	DCI	-1.38264589693754
LV3003046965	blue	0.0243288390747971	ST8	21.8323333333333	3	IG-A	DCI	-1.756700467426
LV3003046965	brown	0.015617302244207	ST8	21.8323333333333	3	IG-A	DCI	-2.40037493574797
LV3003046966	grey	0.308766514849249	ST8	17.373	3	IG-A	DCI	-1.97304893735843
LV3003046966	turquoise	0.569730618185468	ST8	17.373	3	IG-A	DCI	-1.37575610717934
LV3003046966	yellow	0.0980238641924192	ST8	17.373	3	IG-A	DCI	0.545012848918833
LV3003046966	blue	0.00982421801483043	ST8	17.373	3	IG-A	DCI	-1.55839572561159
LV3003046966	brown	0.0112784030313296	ST8	17.373	3	IG-A	DCI	-13.2375100934676
LV3003046966	green	0.00237638172670355	ST8	17.373	3	IG-A	DCI	0
LV3003046978	grey	0.239493854641152	ST8	21.296	3	IG-A	DCI	-2.00787836436152
LV3003046978	green	0.00421811197897472	ST8	21.296	3	IG-A	DCI	-9.80589994278034
LV3003046978	turquoise	0.649486055802063	ST8	21.296	3	IG-A	DCI	-1.15258209084834
LV3003046978	yellow	0.0727980563973294	ST8	21.296	3	IG-A	DCI	-0.946324011708866
LV3003046978	blue	0.0166049989786399	ST8	21.296	3	IG-A	DCI	-0.871594739237386
LV3003046978	brown	0.0173989222018418	ST8	21.296	3	IG-A	DCI	-2.78620935765417
LV3003046979	grey	0.284580822468627	ST8	16.461	3	IG-A	DCI	-1.56855016495542
LV3003046979	green	0.0263373776430273	ST8	16.461	3	IG-A	DCI	-9.43682985702845
LV3003046979	turquoise	0.578187294800199	ST8	16.461	3	IG-A	DCI	-0.944223144549749
LV3003046979	yellow	0.055281207871774	ST8	16.461	3	IG-A	DCI	-0.372675285285174
LV3003046979	blue	0.00238565804849941	ST8	16.461	3	IG-A	DCI	-2.2623942124108
LV3003046979	brown	0.0532276391678739	ST8	16.461	3	IG-A	DCI	-2.14196981478195
LV3003046980	green	0.13853008381725	ST8	8.056	5	IG-C	DCI	-9.08028980580679
LV3003046980	turquoise	0.609220071030392	ST8	8.056	5	IG-C	DCI	-1.03448440051497
LV3003046980	yellow	0.0266563492738209	ST8	8.056	5	IG-C	DCI	-1.13555119820728
LV3003046980	grey	0.221884092419319	ST8	8.056	5	IG-C	DCI	-2.26087271021825
LV3003046980	blue	0.00370940345921825	ST8	8.056	5	IG-C	DCI	0
LV3003046993	grey	0.284711030558345	ST8	20.719	3	IG-A	DCI	-2.33484536650497
LV3003046993	green	0.0337366414394997	ST8	20.719	3	IG-A	DCI	-9.34340256378262
LV3003046993	turquoise	0.463899842432258	ST8	20.719	3	IG-A	DCI	-2.1612357027109
LV3003046993	yellow	0.0351441377452301	ST8	20.719	3	IG-A	DCI	-0.741880450580925
LV3003046993	blue	0.0121065909035245	ST8	20.719	3	IG-A	DCI	0.565913421750644
LV3003046993	brown	0.170401756921143	ST8	20.719	3	IG-A	DCI	-2.49092973976315
LV3003046994	turquoise	0.417734879657566	ST8	15.549	3	IG-A	DCI	-2.41123134394714
LV3003046994	grey	0.444926001825191	ST8	15.549	3	IG-A	DCI	-2.48543101194107
LV3003046994	yellow	0.0216749536395021	ST8	15.549	3	IG-A	DCI	-0.294154586957398
LV3003046994	brown	0.114292024045753	ST8	15.549	3	IG-A	DCI	-1.48927301012611
LV3003046994	green	0.00120975730157545	ST8	15.549	3	IG-A	DCI	0
LV3003046994	blue	0.000162383530412811	ST8	15.549	3	IG-A	DCI	0
LV3003046995	grey	0.202181385829952	ST8	6.9705	5	IG-C	DCI	-3.25974534301167
LV3003046995	green	0.197519381167947	ST8	6.9705	5	IG-C	DCI	-8.82228332408232
LV3003046995	turquoise	0.572071207214587	ST8	6.9705	5	IG-C	DCI	-1.41374804439246
LV3003046995	yellow	0.0233982003353571	ST8	6.9705	5	IG-C	DCI	1.26110971251478
LV3003046995	blue	0.00482982545215614	ST8	6.9705	5	IG-C	DCI	0
LV3003047009	grey	0.386984755450892	ST8	20.142	3	IG-A	DCI	-2.80264737910133
LV3003047009	turquoise	0.433729992549043	ST8	20.142	3	IG-A	DCI	-3.00750763232747
LV3003047009	yellow	0.0284808749707672	ST8	20.142	3	IG-A	DCI	-0.846969399224783
LV3003047009	brown	0.144040050253169	ST8	20.142	3	IG-A	DCI	-1.10705725497255
LV3003047009	blue	0.00609945123974134	ST8	20.142	3	IG-A	DCI	-12.8189541778293
LV3003047009	green	0.000664875536387319	ST8	20.142	3	IG-A	DCI	0
LV3003047010	green	0.154002613653786	ST8	13.676	5	IG-C	DCI	-8.90102737711748
LV3003047010	turquoise	0.614169215830857	ST8	13.676	5	IG-C	DCI	-2.07035853763569
LV3003047010	grey	0.193690727369628	ST8	13.676	5	IG-C	DCI	-1.34764786561087
LV3003047010	yellow	0.031258715221248	ST8	13.676	5	IG-C	DCI	10.7861473007358
LV3003047010	blue	0.00658523942674834	ST8	13.676	5	IG-C	DCI	10.9544177103892
LV3003047010	brown	0.00029348849773313	ST8	13.676	5	IG-C	DCI	0
LV3003047013	grey	0.199405300624319	ST8	5.885	5	IG-C	DCI	-1.55410945405978
LV3003047013	green	0.0990995586652669	ST8	5.885	5	IG-C	DCI	-9.06748389079282
LV3003047013	turquoise	0.678834362894972	ST8	5.885	5	IG-C	DCI	-2.17545410150061
LV3003047013	yellow	0.0202648666616203	ST8	5.885	5	IG-C	DCI	0.193302392265511
LV3003047013	blue	0.0023959111538221	ST8	5.885	5	IG-C	DCI	0
LV3003047026	grey	0.4107582756752	ST8	19.565	3	IG-A	DCI	-2.57490264936574
LV3003047026	turquoise	0.433194051582276	ST8	19.565	3	IG-A	DCI	-2.3601101053453
LV3003047026	yellow	0.0258558885963771	ST8	19.565	3	IG-A	DCI	0.174135972207515
LV3003047026	green	0.00188826620761828	ST8	19.565	3	IG-A	DCI	0
LV3003047026	blue	0.00778056678319822	ST8	19.565	3	IG-A	DCI	0.220282319033178
LV3003047026	brown	0.120522951155331	ST8	19.565	3	IG-A	DCI	-1.97055873029017
LV3003047027	green	0.0887700842881602	ST8	12.877	5	IG-C	DCI	-9.16123789352176
LV3003047027	turquoise	0.610781860485535	ST8	12.877	5	IG-C	DCI	-1.51437515471128
LV3003047027	grey	0.241959425347908	ST8	12.877	5	IG-C	DCI	-2.3778222513445
LV3003047027	yellow	0.0515386979235261	ST8	12.877	5	IG-C	DCI	-0.218380606609657
LV3003047027	blue	0.00636962772729268	ST8	12.877	5	IG-C	DCI	-0.396315913454576
LV3003047027	brown	0.000580304227578032	ST8	12.877	5	IG-C	DCI	0
LV3003047028	turquoise	0.802540804307589	ST8	4.753	2	IG-D	DCI	0
LV3003047028	grey	0.151018004374895	ST8	4.753	2	IG-D	DCI	-12.6087483515508
LV3003047028	green	0.0464411913175164	ST8	4.753	2	IG-D	DCI	0
LV3003047041	grey	0.21422974392921	ST8	19.097	3	IG-A	DCI	-1.7136305852023
LV3003047041	turquoise	0.676038449498645	ST8	19.097	3	IG-A	DCI	-1.51677076295939
LV3003047041	yellow	0.0692744960033178	ST8	19.097	3	IG-A	DCI	-1.38006122230211
LV3003047041	blue	0.0160133136340465	ST8	19.097	3	IG-A	DCI	-1.22234928370034
LV3003047041	brown	0.0189961206229069	ST8	19.097	3	IG-A	DCI	-2.29330522006465
LV3003047041	green	0.00544787631187347	ST8	19.097	3	IG-A	DCI	0
LV3003047044	grey	0.309383583789876	ST8	12.078	1	G-A	DCI	-2.06728363284035
LV3003047044	turquoise	0.573911624547864	ST8	12.078	1	G-A	DCI	-1.63598478801819
LV3003047044	yellow	0.110618894083021	ST8	12.078	1	G-A	DCI	-0.219770866835571
LV3003047044	green	0.00309129752907723	ST8	12.078	1	G-A	DCI	0
LV3003047044	blue	0.00180703413723185	ST8	12.078	1	G-A	DCI	0
LV3003047044	brown	0.00118756591292996	ST8	12.078	1	G-A	DCI	0
LV3003047045	grey	0.177549232955595	ST8	3.5865	5	IG-C	DCI	-3.69555536143944
LV3003047045	green	0.12462361843623	ST8	3.5865	5	IG-C	DCI	-9.24982302568675
LV3003047045	turquoise	0.673032654190356	ST8	3.5865	5	IG-C	DCI	-1.38192622138309
LV3003047045	yellow	0.0226283342537933	ST8	3.5865	5	IG-C	DCI	-0.893141743474364
LV3003047045	blue	0.00216616016402496	ST8	3.5865	5	IG-C	DCI	0
LV3003047059	turquoise	0.321071033303149	ST8	107.683	2	IG-D	DCI	-10.5626361224475
LV3003047059	grey	0.648480732468055	ST8	107.683	2	IG-D	DCI	-2.70566640974693
LV3003047059	yellow	0.0270399436563035	ST8	107.683	2	IG-D	DCI	0
LV3003047059	green	0.0034082905724922	ST8	107.683	2	IG-D	DCI	0
LV3003047060	turquoise	0.64129092689573	ST8	106.686	2	IG-D	DCI	-0.935102326808278
LV3003047060	grey	0.295589049261293	ST8	106.686	2	IG-D	DCI	-11.3892736029343
LV3003047060	yellow	0.0482394516115298	ST8	106.686	2	IG-D	DCI	0
LV3003047060	blue	0.00227785583514285	ST8	106.686	2	IG-D	DCI	0
LV3003047060	green	0.0126027163963043	ST8	106.686	2	IG-D	DCI	0
LV3003047061	turquoise	0.433517055700897	ST8	105.689	2	IG-D	DCI	-1.4366976172075
LV3003047061	grey	0.536968834929263	ST8	105.689	2	IG-D	DCI	8.93483493853921
LV3003047061	yellow	0.0295141093698407	ST8	105.689	2	IG-D	DCI	0
LV3003047062	grey	0.584121415497254	ST8	104.692	2	IG-D	DCI	-11.7346317651061
LV3003047062	turquoise	0.369000406752085	ST8	104.692	2	IG-D	DCI	-10.9058706492732
LV3003047062	yellow	0.0382601179581045	ST8	104.692	2	IG-D	DCI	0
LV3003047062	brown	0.00861805979255644	ST8	104.692	2	IG-D	DCI	-14.4817502856043
LV3003047063	grey	0.777529459569281	ST8	103.695	2	IG-D	DCI	0
LV3003047063	turquoise	0.189028850060951	ST8	103.695	2	IG-D	DCI	-9.99547646441312
LV3003047063	yellow	0.0334416903697684	ST8	103.695	2	IG-D	DCI	0
LV3003047064	turquoise	0.0883517495395948	ST8	96.283	2	IG-D	DCI	0
LV3003047064	grey	0.911648250460405	ST8	96.283	2	IG-D	DCI	-12.5642615178969
LV3003047065	turquoise	0.637418689285612	ST8	53.61018	2	IG-D	DCI	-5.14846299989158
LV3003047065	grey	0.289788520503195	ST8	53.61018	2	IG-D	DCI	-0.611125509117455
LV3003047065	yellow	0.0612158638278362	ST8	53.61018	2	IG-D	DCI	-12.2479005704453
LV3003047065	brown	0.00697051322463249	ST8	53.61018	2	IG-D	DCI	-13.7104925667147
LV3003047065	blue	0.00460641315872425	ST8	53.61018	2	IG-D	DCI	0
LV3003047067	turquoise	0.688699129285169	ST8	42.86602	1	G-A	DCI	-1.95010827053521
LV3003047067	grey	0.210128358645651	ST8	42.86602	1	G-A	DCI	-1.77036029486419
LV3003047067	yellow	0.0850450528551536	ST8	42.86602	1	G-A	DCI	-0.718262655937646
LV3003047067	green	0.0113973157926106	ST8	42.86602	1	G-A	DCI	0
LV3003047067	blue	0.00156045968541566	ST8	42.86602	1	G-A	DCI	0
LV3003047067	brown	0.00316968373600056	ST8	42.86602	1	G-A	DCI	-12.9733277982438
LV3003047068	turquoise	0.745866883456402	ST8	37.78969	1	G-A	DCI	-2.40032564389696
LV3003047068	yellow	0.0724480261227133	ST8	37.78969	1	G-A	DCI	-0.56056141448343
LV3003047068	grey	0.175788589528651	ST8	37.78969	1	G-A	DCI	-1.99292954048086
LV3003047068	blue	0.00315402078617763	ST8	37.78969	1	G-A	DCI	-11.7952531345748
LV3003047068	brown	0.00107945096425331	ST8	37.78969	1	G-A	DCI	0
LV3003047068	green	0.00166302914180275	ST8	37.78969	1	G-A	DCI	0
LV3003047069	turquoise	0.704385347284714	ST8	33.7436870748299	1	G-A	DCI	-2.01669120456858
LV3003047069	grey	0.197801866794182	ST8	33.7436870748299	1	G-A	DCI	-1.4303365918311
LV3003047069	yellow	0.089205501733882	ST8	33.7436870748299	1	G-A	DCI	-0.569217844054868
LV3003047069	brown	0.00220641668141376	ST8	33.7436870748299	1	G-A	DCI	-14.3091240528491
LV3003047069	blue	0.0015889212279123	ST8	33.7436870748299	1	G-A	DCI	-12.524099072959
LV3003047069	green	0.00481194627789555	ST8	33.7436870748299	1	G-A	DCI	0
LV3003047070	turquoise	0.610565232330708	ST8	30.128	1	G-A	DCI	-1.36500988618283
LV3003047070	yellow	0.08218137125337	ST8	30.128	1	G-A	DCI	-0.515282179792563
LV3003047070	grey	0.3005662895808	ST8	30.128	1	G-A	DCI	-2.95748336949115
LV3003047070	brown	0.00389200190305017	ST8	30.128	1	G-A	DCI	-14.2786998507903
LV3003047070	blue	0.00279510493207168	ST8	30.128	1	G-A	DCI	-14.5804834730955
LV3003047071	grey	0.331271922142431	ST8	26.141	1	G-A	DCI	-1.76459754998328
LV3003047071	turquoise	0.556053318243265	ST8	26.141	1	G-A	DCI	-1.4796513030998
LV3003047071	yellow	0.106717326183515	ST8	26.141	1	G-A	DCI	-0.205476185002204
LV3003047071	brown	0.00118789381262266	ST8	26.141	1	G-A	DCI	0
LV3003047071	blue	0.00421713531210843	ST8	26.141	1	G-A	DCI	-13.5541043009148
LV3003047071	green	0.000552404306058932	ST8	26.141	1	G-A	DCI	0
LV3003047073	grey	0.938944614042739	ST8	101.685	2	IG-D	DCI	0
LV3003047073	turquoise	0.0610553859572612	ST8	101.685	2	IG-D	DCI	0
LV3003047074	grey	0.865113427345187	ST8	100.672	2	IG-D	DCI	0
LV3003047074	brown	0.0235438381361128	ST8	100.672	2	IG-D	DCI	0
LV3003047074	turquoise	0.1113427345187	ST8	100.672	2	IG-D	DCI	0
LV3003047077	turquoise	0.397366080145799	ST8	99.7145	2	IG-D	DCI	-10.5147747065891
LV3003047077	grey	0.545507799787377	ST8	99.7145	2	IG-D	DCI	-2.16495591982246
LV3003047077	yellow	0.0504653836974681	ST8	99.7145	2	IG-D	DCI	0
LV3003047077	brown	0.00397040637000716	ST8	99.7145	2	IG-D	DCI	0
LV3003047077	blue	0.00269032999934911	ST8	99.7145	2	IG-D	DCI	0
LV3003047078	grey	0.750447894893998	ST8	98.757	2	IG-D	DCI	-1.1482427267174
LV3003047078	turquoise	0.230889817856076	ST8	98.757	2	IG-D	DCI	0
LV3003047078	yellow	0.0186622872499254	ST8	98.757	2	IG-D	DCI	0
LV3003047079	green	0.0723281441315375	ST8	97.52	4	IG-B	DCI	-9.38017263281177
LV3003047079	turquoise	0.404740248382019	ST8	97.52	4	IG-B	DCI	0.0323971995169091
LV3003047079	grey	0.470928808815813	ST8	97.52	4	IG-B	DCI	-2.17306680111924
LV3003047079	yellow	0.0265932015625911	ST8	97.52	4	IG-B	DCI	0
LV3003047079	blue	0.000857092880881581	ST8	97.52	4	IG-B	DCI	0
LV3003047079	brown	0.0245525042271588	ST8	97.52	4	IG-B	DCI	0
LV3003047080	turquoise	0.626681091877497	ST8	87.9935	4	IG-B	DCI	-1.72728216445976
LV3003047080	yellow	0.0326786506879716	ST8	87.9935	4	IG-B	DCI	-1.88294593184852
LV3003047080	grey	0.316419773635153	ST8	87.9935	4	IG-B	DCI	-2.13891369131616
LV3003047080	green	0.0242204837993786	ST8	87.9935	4	IG-B	DCI	0
LV3003047081	turquoise	0.660182101757788	ST8	52.20718	1	G-A	DCI	-1.56342903182724
LV3003047081	grey	0.250885216878135	ST8	52.20718	1	G-A	DCI	-1.57982738621322
LV3003047081	yellow	0.0757527856229538	ST8	52.20718	1	G-A	DCI	0.932402423231497
LV3003047081	brown	0.00176692099088086	ST8	52.20718	1	G-A	DCI	0
LV3003047081	blue	0.0040888589132909	ST8	52.20718	1	G-A	DCI	0
LV3003047081	green	0.00732411583695148	ST8	52.20718	1	G-A	DCI	0
LV3003047082	turquoise	0.730862192030323	ST8	41.9168333333333	1	G-A	DCI	-2.14921657980815
LV3003047082	yellow	0.0696202220089099	ST8	41.9168333333333	1	G-A	DCI	-0.0956752099233628
LV3003047082	grey	0.19097196583721	ST8	41.9168333333333	1	G-A	DCI	-2.43370887094568
LV3003047082	green	0.00663565433557311	ST8	41.9168333333333	1	G-A	DCI	0
LV3003047082	brown	0.00140293878756553	ST8	41.9168333333333	1	G-A	DCI	-14.1519827945855
LV3003047082	blue	0.00050702700041842	ST8	41.9168333333333	1	G-A	DCI	0
LV3003047083	grey	0.186732032421809	ST8	37.30319	1	G-A	DCI	-2.20262270110578
LV3003047083	turquoise	0.722534191412802	ST8	37.30319	1	G-A	DCI	-2.22554843463228
LV3003047083	yellow	0.0827280720550314	ST8	37.30319	1	G-A	DCI	-0.507146074540093
LV3003047083	blue	0.00179915916093423	ST8	37.30319	1	G-A	DCI	-12.4635322069051
LV3003047083	green	0.00566716663834315	ST8	37.30319	1	G-A	DCI	0
LV3003047083	brown	0.000539378311080899	ST8	37.30319	1	G-A	DCI	-12.4292201968364
LV3003047084	grey	0.281261293312487	ST8	33.276	4	IG-B	DCI	-2.12521456846018
LV3003047084	green	0.0277724204435873	ST8	33.276	4	IG-B	DCI	-9.58631534215202
LV3003047084	turquoise	0.610287329956652	ST8	33.276	4	IG-B	DCI	-1.89449275340734
LV3003047084	yellow	0.0764284577431164	ST8	33.276	4	IG-B	DCI	-1.3247843660463
LV3003047084	blue	0.00287798073232158	ST8	33.276	4	IG-B	DCI	-13.2601148704325
LV3003047084	brown	0.00137251781183586	ST8	33.276	4	IG-B	DCI	-14.3884843995273
LV3003047085	grey	0.324393462776151	ST8	29.703	1	G-A	DCI	-2.97084878747185
LV3003047085	turquoise	0.557198448855624	ST8	29.703	1	G-A	DCI	-1.22619307003899
LV3003047085	yellow	0.108051307083198	ST8	29.703	1	G-A	DCI	-0.533487648946989
LV3003047085	brown	0.00509364717792964	ST8	29.703	1	G-A	DCI	-13.6292771896386
LV3003047085	blue	0.0047659724482048	ST8	29.703	1	G-A	DCI	0.439063693428584
LV3003047085	green	0.000497161658892866	ST8	29.703	1	G-A	DCI	0
LV3003047087	turquoise	0.517440845193399	ST8	94.9015	2	IG-D	DCI	-1.30543564539587
LV3003047087	grey	0.410678424866847	ST8	94.9015	2	IG-D	DCI	-0.703703006609276
LV3003047087	yellow	0.0539814895660526	ST8	94.9015	2	IG-D	DCI	0
LV3003047087	green	0.0178992403737012	ST8	94.9015	2	IG-D	DCI	0
LV3003047088	grey	0.451371679492196	ST8	93.52	2	IG-D	DCI	-2.2153435399187
LV3003047088	turquoise	0.488174427198818	ST8	93.52	2	IG-D	DCI	0.850001227242199
LV3003047088	yellow	0.00934741967740533	ST8	93.52	2	IG-D	DCI	0
LV3003047088	green	0.0511064736315812	ST8	93.52	2	IG-D	DCI	0
LV3003047089	turquoise	0.434981085022296	ST8	92.1385	2	IG-D	DCI	9.69298123692391
LV3003047089	grey	0.51028171693049	ST8	92.1385	2	IG-D	DCI	-2.03128873231649
LV3003047089	green	0.0503976724362632	ST8	92.1385	2	IG-D	DCI	0
LV3003047089	blue	0.00154278589090602	ST8	92.1385	2	IG-D	DCI	0
LV3003047089	yellow	0.00279673972004424	ST8	92.1385	2	IG-D	DCI	0
LV3003047090	grey	0.45689436262062	ST8	90.757	2	IG-D	DCI	-1.73757955285426
LV3003047090	turquoise	0.526890009431909	ST8	90.757	2	IG-D	DCI	-2.43190408608522
LV3003047090	yellow	0.00840709569759849	ST8	90.757	2	IG-D	DCI	0
LV3003047090	green	0.00780853224987303	ST8	90.757	2	IG-D	DCI	0
LV3003047091	turquoise	0.588063828512238	ST8	89.37525	4	IG-B	DCI	-0.660132312650959
LV3003047091	grey	0.347350038095075	ST8	89.37525	4	IG-B	DCI	-2.27118085655185
LV3003047091	green	0.0473534623714826	ST8	89.37525	4	IG-B	DCI	0
LV3003047091	yellow	0.0167917954337274	ST8	89.37525	4	IG-B	DCI	0
LV3003047091	blue	0.000440875587477421	ST8	89.37525	4	IG-B	DCI	0
LV3003047093	green	0.048982332968559	ST8	79.675	4	IG-B	DCI	-9.32357105620347
LV3003047093	turquoise	0.641136918824767	ST8	79.675	4	IG-B	DCI	-1.03725420766442
LV3003047093	yellow	0.0289794968253926	ST8	79.675	4	IG-B	DCI	-1.78333836683165
LV3003047093	grey	0.280901251381282	ST8	79.675	4	IG-B	DCI	-2.03145000674123
LV3003047094	turquoise	0.733290350311627	ST8	50.6848	1	G-A	DCI	-1.62067217088871
LV3003047094	grey	0.209987863617401	ST8	50.6848	1	G-A	DCI	-1.73081022791264
LV3003047094	green	0.013492244092995	ST8	50.6848	1	G-A	DCI	0
LV3003047094	yellow	0.0427365014348744	ST8	50.6848	1	G-A	DCI	1.97874342750139
LV3003047094	blue	0.000493040543103121	ST8	50.6848	1	G-A	DCI	0
LV3003047095	turquoise	0.787720841649876	ST8	40.9751666666667	1	G-A	DCI	-2.12685593175946
LV3003047095	grey	0.148959919782808	ST8	40.9751666666667	1	G-A	DCI	-2.4030945417597
LV3003047095	green	0.00709783407275674	ST8	40.9751666666667	1	G-A	DCI	0
LV3003047095	yellow	0.0539826385275857	ST8	40.9751666666667	1	G-A	DCI	1.6842905773606
LV3003047095	blue	0.000971182982856098	ST8	40.9751666666667	1	G-A	DCI	0
LV3003047095	brown	0.00126758298411737	ST8	40.9751666666667	1	G-A	DCI	-14.8401424336344
LV3003047096	grey	0.206086277564696	ST8	36.89377	1	G-A	DCI	-1.84911715332723
LV3003047096	turquoise	0.725614407123498	ST8	36.89377	1	G-A	DCI	-1.58851938898211
LV3003047096	yellow	0.063336813576193	ST8	36.89377	1	G-A	DCI	1.40687902508643
LV3003047096	blue	0.00186815108942421	ST8	36.89377	1	G-A	DCI	-12.6057294120426
LV3003047096	brown	0.00268321314774442	ST8	36.89377	1	G-A	DCI	-14.2617976605927
LV3003047096	green	0.00041113749844471	ST8	36.89377	1	G-A	DCI	0
LV3003047097	grey	0.301257517769273	ST8	32.835	1	G-A	DCI	-2.67039896923929
LV3003047097	turquoise	0.596316523427181	ST8	32.835	1	G-A	DCI	-1.73114637020659
LV3003047097	yellow	0.0888310060756476	ST8	32.835	1	G-A	DCI	-0.57836529465372
LV3003047097	green	0.0118134180279025	ST8	32.835	1	G-A	DCI	0
LV3003047097	blue	0.000666539706722529	ST8	32.835	1	G-A	DCI	0
LV3003047097	brown	0.00111499499327317	ST8	32.835	1	G-A	DCI	0
LV3003047098	turquoise	0.584160348810725	ST8	29.278	1	G-A	DCI	-1.43757131550466
LV3003047098	grey	0.324862525623922	ST8	29.278	1	G-A	DCI	-3.120534861249
LV3003047098	yellow	0.089215989327433	ST8	29.278	1	G-A	DCI	-0.644060676189797
LV3003047098	blue	0.00115104285295936	ST8	29.278	1	G-A	DCI	0
LV3003047098	brown	0.000610093384960791	ST8	29.278	1	G-A	DCI	0
LV3003047099	turquoise	0.633982592134386	ST8	25.058	1	G-A	DCI	-1.36386990846074
LV3003047099	grey	0.245170403042492	ST8	25.058	1	G-A	DCI	-2.50669378162971
LV3003047099	yellow	0.104532858392253	ST8	25.058	1	G-A	DCI	0.199253894956707
LV3003047099	brown	0.00273728626157221	ST8	25.058	1	G-A	DCI	-13.6462043692824
LV3003047099	blue	0.0114571566887204	ST8	25.058	1	G-A	DCI	-1.60375377207911
LV3003047099	green	0.00211970348057702	ST8	25.058	1	G-A	DCI	0
LV3003047100	green	0.050909239971873	ST8	86.61175	4	IG-B	DCI	-9.00146543465391
LV3003047100	turquoise	0.601110575058414	ST8	86.61175	4	IG-B	DCI	-1.73766124765552
LV3003047100	grey	0.316810297256987	ST8	86.61175	4	IG-B	DCI	-2.40582354299416
LV3003047100	yellow	0.0301040888207787	ST8	86.61175	4	IG-B	DCI	-10.2312941617186
LV3003047100	blue	0.00106579889194754	ST8	86.61175	4	IG-B	DCI	0
LV3003047101	turquoise	0.701466889388092	ST8	85.23	2	IG-D	DCI	-2.04647919306117
LV3003047101	grey	0.241758347253422	ST8	85.23	2	IG-D	DCI	-2.73096704754896
LV3003047101	yellow	0.0352274254555229	ST8	85.23	2	IG-D	DCI	-10.0083479097523
LV3003047101	green	0.0204529308987577	ST8	85.23	2	IG-D	DCI	0
LV3003047101	blue	0.00109440700420483	ST8	85.23	2	IG-D	DCI	0
LV3003047104	turquoise	0.712750067891735	ST8	83.84125	2	IG-D	DCI	-11.1627383988408
LV3003047104	grey	0.275663075948221	ST8	83.84125	2	IG-D	DCI	-1.01660542617701
LV3003047104	yellow	0.00761518964424731	ST8	83.84125	2	IG-D	DCI	0
LV3003047104	green	0.00397166651579614	ST8	83.84125	2	IG-D	DCI	0
LV3003047105	turquoise	0.574151414980247	ST8	82.4525	2	IG-D	DCI	-11.6962482242264
LV3003047105	grey	0.415399500120938	ST8	82.4525	2	IG-D	DCI	-11.1118758880891
LV3003047105	yellow	0.00765943723292752	ST8	82.4525	2	IG-D	DCI	0
LV3003047105	green	0.00278964766588729	ST8	82.4525	2	IG-D	DCI	0
LV3003047106	grey	0.359714420123419	ST8	81.06375	2	IG-D	DCI	-1.63836745721657
LV3003047106	turquoise	0.613935855217644	ST8	81.06375	2	IG-D	DCI	-2.08777988659699
LV3003047106	green	0.0116999197498409	ST8	81.06375	2	IG-D	DCI	0
LV3003047106	yellow	0.0146498049090959	ST8	81.06375	2	IG-D	DCI	0
LV3003047107	turquoise	0.677403235092827	ST8	71.517	4	IG-B	DCI	-1.54324928510011
LV3003047107	grey	0.236483330255396	ST8	71.517	4	IG-B	DCI	-1.94879871900069
LV3003047107	yellow	0.0572858389550947	ST8	71.517	4	IG-B	DCI	-1.2139231351791
LV3003047107	green	0.0284546221560768	ST8	71.517	4	IG-B	DCI	0
LV3003047107	brown	0.000372973540605231	ST8	71.517	4	IG-B	DCI	0
LV3003047110	grey	0.269089796681415	ST8	49.1548	1	G-A	DCI	-2.0520585316044
LV3003047110	turquoise	0.67116660340696	ST8	49.1548	1	G-A	DCI	-2.18563079547198
LV3003047110	yellow	0.05828768248537	ST8	49.1548	1	G-A	DCI	-0.287682072451781
LV3003047110	green	0.00145591742625523	ST8	49.1548	1	G-A	DCI	0
LV3003047112	turquoise	0.712377874135996	ST8	40.0335	1	G-A	DCI	-1.78284711532019
LV3003047112	yellow	0.100157008015995	ST8	40.0335	1	G-A	DCI	-1.56465929906774
LV3003047112	grey	0.179952038957614	ST8	40.0335	1	G-A	DCI	-1.4107154891554
LV3003047112	blue	0.0012572907530865	ST8	40.0335	1	G-A	DCI	-12.7691695450601
LV3003047112	green	0.00550141368545652	ST8	40.0335	1	G-A	DCI	0
LV3003047112	brown	0.000754374451851897	ST8	40.0335	1	G-A	DCI	-15.2018049190842
LV3003047113	grey	0.2085542446405	ST8	36.48927	1	G-A	DCI	-1.78869371450736
LV3003047113	turquoise	0.709046710953708	ST8	36.48927	1	G-A	DCI	-1.74310858450384
LV3003047113	yellow	0.0716790910424474	ST8	36.48927	1	G-A	DCI	-0.692892500818342
LV3003047113	brown	0.00254139288905315	ST8	36.48927	1	G-A	DCI	-13.177771134301
LV3003047113	blue	0.00642778081534133	ST8	36.48927	1	G-A	DCI	-1.01764322613444
LV3003047113	green	0.00175077965895041	ST8	36.48927	1	G-A	DCI	0
LV3003047114	green	0.0147713715883323	ST8	32.3855	1	G-A	DCI	-10.4223257859831
LV3003047114	turquoise	0.662694545885053	ST8	32.3855	1	G-A	DCI	-1.50211941255287
LV3003047114	yellow	0.089721056034679	ST8	32.3855	1	G-A	DCI	-0.52521436121809
LV3003047114	grey	0.232813026491936	ST8	32.3855	1	G-A	DCI	-2.42316985841075
LV3003047117	grey	0.251399159303423	ST8	28.7616666666667	1	G-A	DCI	-2.69115616027719
LV3003047117	turquoise	0.647600583340482	ST8	28.7616666666667	1	G-A	DCI	-1.8587125609949
LV3003047117	yellow	0.0928540790941065	ST8	28.7616666666667	1	G-A	DCI	0.850090797844213
LV3003047117	blue	0.00161276486231449	ST8	28.7616666666667	1	G-A	DCI	0
LV3003047117	green	0.00560350004289268	ST8	28.7616666666667	1	G-A	DCI	0
LV3003047117	brown	0.000929913356781333	ST8	28.7616666666667	1	G-A	DCI	0
LV3003047118	grey	0.199075399909995	ST8	24.528	3	IG-A	DCI	-2.90601953046888
LV3003047118	turquoise	0.651315759567611	ST8	24.528	3	IG-A	DCI	-1.47309628054872
LV3003047118	yellow	0.119223711704176	ST8	24.528	3	IG-A	DCI	-1.67947510297466
LV3003047118	blue	0.0183480539001547	ST8	24.528	3	IG-A	DCI	-1.11881499598563
LV3003047118	brown	0.00561396809811489	ST8	24.528	3	IG-A	DCI	-14.1008619813396
LV3003047118	green	0.00642310681994845	ST8	24.528	3	IG-A	DCI	0
LV3003047122	turquoise	0.660348818554764	ST8	76.951	2	IG-D	DCI	-12.4133692243228
LV3003047122	grey	0.290124447092797	ST8	76.951	2	IG-D	DCI	-1.06682879140445
LV3003047122	yellow	0.0495267343524397	ST8	76.951	2	IG-D	DCI	0
LV3003047123	turquoise	0.666859011348336	ST8	75.589	2	IG-D	DCI	-11.8361662096902
LV3003047123	grey	0.272475476053087	ST8	75.589	2	IG-D	DCI	0
LV3003047123	yellow	0.0606655125985767	ST8	75.589	2	IG-D	DCI	0
LV3003047124	grey	0.298730643025733	ST8	74.227	2	IG-D	DCI	-0.237038339633026
LV3003047124	turquoise	0.643658971849635	ST8	74.227	2	IG-D	DCI	-1.92288412182201
LV3003047124	yellow	0.0552501295262219	ST8	74.227	2	IG-D	DCI	0
LV3003047124	brown	0.00236025559841115	ST8	74.227	2	IG-D	DCI	0
LV3003047125	turquoise	0.721802835733586	ST8	72.872	2	IG-D	DCI	-1.79510060163789
LV3003047125	grey	0.212364318411841	ST8	72.872	2	IG-D	DCI	-2.22572531255367
LV3003047125	yellow	0.0302979655886422	ST8	72.872	2	IG-D	DCI	-10.4873100846687
LV3003047125	green	0.0355348802659313	ST8	72.872	2	IG-D	DCI	0
LV3003047126	turquoise	0.712238944840506	ST8	64.210824	1	G-A	DCI	-1.99297383994825
LV3003047126	grey	0.182301686092565	ST8	64.210824	1	G-A	DCI	-2.42534149591749
LV3003047126	yellow	0.0999270742962041	ST8	64.210824	1	G-A	DCI	0.729015419386729
LV3003047126	blue	0.00102473187230458	ST8	64.210824	1	G-A	DCI	0
LV3003047126	green	0.00450756289841953	ST8	64.210824	1	G-A	DCI	0
LV3003047127	turquoise	0.744295114820822	ST8	47.6248	2	IG-D	DCI	-1.83113051824561
LV3003047127	grey	0.221542720783447	ST8	47.6248	2	IG-D	DCI	-1.91930015959366
LV3003047127	yellow	0.0324783322830904	ST8	47.6248	2	IG-D	DCI	0
LV3003047127	brown	0.00168383211264114	ST8	47.6248	2	IG-D	DCI	-14.9141228466324
LV3003047128	grey	0.254045340513696	ST8	39.57797	1	G-A	DCI	-1.41816734148386
LV3003047128	turquoise	0.642040374209964	ST8	39.57797	1	G-A	DCI	-2.51725866693211
LV3003047128	yellow	0.0985979899754239	ST8	39.57797	1	G-A	DCI	1.09490587810574
LV3003047128	blue	0.00403384444024341	ST8	39.57797	1	G-A	DCI	-11.1871758428844
LV3003047128	brown	0.0012824508606727	ST8	39.57797	1	G-A	DCI	-14.2209756660724
LV3003047129	turquoise	0.66155737112284	ST8	36.0373	1	G-A	DCI	-1.80194370077701
LV3003047129	grey	0.233467090834599	ST8	36.0373	1	G-A	DCI	-1.60707104742383
LV3003047129	yellow	0.0978327669727424	ST8	36.0373	1	G-A	DCI	1.05433172621688
LV3003047129	brown	0.00342527655267154	ST8	36.0373	1	G-A	DCI	-12.6982559184869
LV3003047129	blue	0.00371749451714747	ST8	36.0373	1	G-A	DCI	0.40545490981306
LV3003047130	grey	0.285892560253691	ST8	31.936	1	G-A	DCI	-2.10329518379345
LV3003047130	turquoise	0.597379364270736	ST8	31.936	1	G-A	DCI	-1.8165627415694
LV3003047130	yellow	0.107431848069473	ST8	31.936	1	G-A	DCI	-0.810280232443039
LV3003047130	green	0.00659108051859838	ST8	31.936	1	G-A	DCI	0
LV3003047130	brown	0.000552876736131679	ST8	31.936	1	G-A	DCI	0
LV3003047130	blue	0.00215227015136975	ST8	31.936	1	G-A	DCI	-15.214567170698
LV3003047131	turquoise	0.66855013530937	ST8	28.2453333333333	1	G-A	DCI	-1.72388092413834
LV3003047131	yellow	0.0780515450771476	ST8	28.2453333333333	1	G-A	DCI	-0.117363660519182
LV3003047131	grey	0.240969693534904	ST8	28.2453333333333	1	G-A	DCI	-1.77761740259823
LV3003047131	green	0.0105130421230111	ST8	28.2453333333333	1	G-A	DCI	0
LV3003047131	brown	0.00133750832400572	ST8	28.2453333333333	1	G-A	DCI	-13.6399457836332
LV3003047131	blue	0.000578075631561796	ST8	28.2453333333333	1	G-A	DCI	0
LV3003047132	grey	0.21254567678001	ST8	23.987	3	IG-A	DCI	-1.54753892182855
LV3003047132	green	0.00543306020955847	ST8	23.987	3	IG-A	DCI	-9.55086946068954
LV3003047132	turquoise	0.663482461771086	ST8	23.987	3	IG-A	DCI	-1.15026709618401
LV3003047132	yellow	0.0943543436268456	ST8	23.987	3	IG-A	DCI	-1.48112750295396
LV3003047132	blue	0.0212116750973993	ST8	23.987	3	IG-A	DCI	-1.32700482651375
LV3003047132	brown	0.00297278251510044	ST8	23.987	3	IG-A	DCI	-13.1772039619799
LV3003047133	green	0.024866785079929	ST8	70.162	4	IG-B	DCI	-9.64451183826304
LV3003047133	grey	0.268540957943222	ST8	70.162	4	IG-B	DCI	-2.08641066488108
LV3003047133	turquoise	0.653592287081916	ST8	70.162	4	IG-B	DCI	-2.07595561942681
LV3003047133	yellow	0.0529999698949333	ST8	70.162	4	IG-B	DCI	-0.257173299900521
LV3003047134	grey	0.302637981960775	ST8	68.807	4	IG-B	DCI	-12.6917932988687
LV3003047134	green	0.103150262741947	ST8	68.807	4	IG-B	DCI	-9.43997929519536
LV3003047134	turquoise	0.550660344261739	ST8	68.807	4	IG-B	DCI	-0.38894861611798
LV3003047134	yellow	0.0430987328783918	ST8	68.807	4	IG-B	DCI	-10.1067817481101
LV3003047134	blue	0.000452678157147222	ST8	68.807	4	IG-B	DCI	0
LV3003047136	green	0.0600517517378497	ST8	67.8766	4	IG-B	DCI	-9.27346534545701
LV3003047136	turquoise	0.624361326540309	ST8	67.8766	4	IG-B	DCI	-1.21744629657047
LV3003047136	grey	0.234377626875818	ST8	67.8766	4	IG-B	DCI	-3.73568352031174
LV3003047136	yellow	0.0807597564452111	ST8	67.8766	4	IG-B	DCI	-9.46136546775165
LV3003047136	blue	0.000449538400812824	ST8	67.8766	4	IG-B	DCI	0
LV3003047137	turquoise	0.62820686710371	ST8	66.9462	1	G-A	DCI	-2.29947413300146
LV3003047137	grey	0.280014065757416	ST8	66.9462	1	G-A	DCI	-2.10799608439174
LV3003047137	yellow	0.0881219702107352	ST8	66.9462	1	G-A	DCI	0.464708446835472
LV3003047137	brown	0.00123075377389295	ST8	66.9462	1	G-A	DCI	0
LV3003047137	blue	0.000557606811845377	ST8	66.9462	1	G-A	DCI	-13.8155115579638
LV3003047137	green	0.00186873634240072	ST8	66.9462	1	G-A	DCI	0
LV3003047138	turquoise	0.647848198999631	ST8	66.0158	4	IG-B	DCI	-1.13373785095032
LV3003047138	yellow	0.0527627647789453	ST8	66.0158	4	IG-B	DCI	-11.1469135129302
LV3003047138	grey	0.24791030246064	ST8	66.0158	4	IG-B	DCI	-4.05449282564265
LV3003047138	green	0.0514787337607842	ST8	66.0158	4	IG-B	DCI	0
LV3003047139	turquoise	0.697864562297408	ST8	58.6141266666667	1	G-A	DCI	-2.04675936072776
LV3003047139	yellow	0.138901834073798	ST8	58.6141266666667	1	G-A	DCI	-1.87207784885372
LV3003047139	grey	0.161198620561096	ST8	58.6141266666667	1	G-A	DCI	-1.56793058098163
LV3003047139	blue	0.00111846397613944	ST8	58.6141266666667	1	G-A	DCI	-13.1497642975365
LV3003047139	brown	0.000916519091558704	ST8	58.6141266666667	1	G-A	DCI	-15.2018049190842
LV3003047140	turquoise	0.758552339291207	ST8	46.0948	2	IG-D	DCI	-11.5375785179035
LV3003047140	grey	0.156146406479615	ST8	46.0948	2	IG-D	DCI	0
LV3003047140	yellow	0.0853012542291788	ST8	46.0948	2	IG-D	DCI	0
LV3003047141	turquoise	0.811638368886954	ST8	39.15347	2	IG-D	DCI	-12.6649742887106
LV3003047141	grey	0.161079669133653	ST8	39.15347	2	IG-D	DCI	0
LV3003047141	yellow	0.0272819619793934	ST8	39.15347	2	IG-D	DCI	0
LV3003047142	turquoise	0.600125704613953	ST8	35.5823	1	G-A	DCI	-1.43695324809429
LV3003047142	grey	0.273654985375703	ST8	35.5823	1	G-A	DCI	-1.10122924599624
LV3003047142	yellow	0.119993467319275	ST8	35.5823	1	G-A	DCI	-0.0170772608181928
LV3003047142	blue	0.00248439827576821	ST8	35.5823	1	G-A	DCI	0
LV3003047142	brown	0.00374144441530033	ST8	35.5823	1	G-A	DCI	-14.476396876306
LV3003047143	turquoise	0.608615097179334	ST8	31.398	1	G-A	DCI	-1.35086089192286
LV3003047143	yellow	0.0842826374652931	ST8	31.398	1	G-A	DCI	-0.440045441704944
LV3003047143	grey	0.296528012040377	ST8	31.398	1	G-A	DCI	-3.02291696749333
LV3003047143	green	0.00963489633339388	ST8	31.398	1	G-A	DCI	0
LV3003047143	brown	0.000656511923605885	ST8	31.398	1	G-A	DCI	-14.3711659446836
LV3003047143	blue	0.000282845057996211	ST8	31.398	1	G-A	DCI	0
LV3003047144	grey	0.314192958544027	ST8	27.729	1	G-A	DCI	-1.74556365069613
LV3003047144	turquoise	0.563475213568242	ST8	27.729	1	G-A	DCI	-1.5035003294165
LV3003047144	yellow	0.109181183100139	ST8	27.729	1	G-A	DCI	-0.314111480175576
LV3003047144	brown	0.000726521230140863	ST8	27.729	1	G-A	DCI	0
LV3003047144	blue	0.00913646236055295	ST8	27.729	1	G-A	DCI	-9.75311897259742
LV3003047144	green	0.00328766119689794	ST8	27.729	1	G-A	DCI	0
LV3003047145	turquoise	0.589010125603445	ST8	23.446	3	IG-A	DCI	-1.53461233062765
LV3003047145	grey	0.289877036261803	ST8	23.446	3	IG-A	DCI	-1.89326860890428
LV3003047145	yellow	0.0692193145769249	ST8	23.446	3	IG-A	DCI	-0.834952024564904
LV3003047145	brown	0.0429511297167284	ST8	23.446	3	IG-A	DCI	-1.91656890116028
LV3003047145	blue	0.00613654114603633	ST8	23.446	3	IG-A	DCI	1.05719146953545
LV3003047145	green	0.00280585269506266	ST8	23.446	3	IG-A	DCI	0
LV3003047146	turquoise	0.620470714164502	ST8	63.2667	1	G-A	DCI	-1.388305363158
LV3003047146	grey	0.260177268395839	ST8	63.2667	1	G-A	DCI	-2.63537340575841
LV3003047146	yellow	0.108525330583367	ST8	63.2667	1	G-A	DCI	-1.32192341434383
LV3003047146	brown	0.00217212526270445	ST8	63.2667	1	G-A	DCI	-13.9924087811882
LV3003047146	blue	0.00441735089482684	ST8	63.2667	1	G-A	DCI	-11.4057356701614
LV3003047146	green	0.00423721069876121	ST8	63.2667	1	G-A	DCI	0
LV3003047147	turquoise	0.666762014969684	ST8	62.3217	1	G-A	DCI	-1.20694236849775
LV3003047147	grey	0.216969397528745	ST8	62.3217	1	G-A	DCI	-2.49174960028491
LV3003047147	yellow	0.111098109069791	ST8	62.3217	1	G-A	DCI	-11.3811869558598
LV3003047147	brown	0.00213233477655992	ST8	62.3217	1	G-A	DCI	-13.9305798877491
LV3003047147	blue	0.00129153610450174	ST8	62.3217	1	G-A	DCI	0
LV3003047147	green	0.0017466075507188	ST8	62.3217	1	G-A	DCI	0
LV3003047148	grey	0.19479362608376	ST8	61.3767	1	G-A	DCI	-1.43006766127473
LV3003047148	turquoise	0.711361916499103	ST8	61.3767	1	G-A	DCI	-2.18992130503319
LV3003047148	yellow	0.0882705238805647	ST8	61.3767	1	G-A	DCI	-0.822837480695513
LV3003047148	brown	0.00163455925277291	ST8	61.3767	1	G-A	DCI	-14.3591260045533
LV3003047148	blue	0.00156969579036129	ST8	61.3767	1	G-A	DCI	0
LV3003047148	green	0.00236967849343798	ST8	61.3767	1	G-A	DCI	0
LV3003047149	grey	0.202174597270308	ST8	60.4317	1	G-A	DCI	-1.59369908876339
LV3003047149	yellow	0.0878880654668231	ST8	60.4317	1	G-A	DCI	-11.2876308845699
LV3003047149	turquoise	0.702143122836133	ST8	60.4317	1	G-A	DCI	-2.32487321149807
LV3003047149	green	0.00536209905862829	ST8	60.4317	1	G-A	DCI	0
LV3003047149	brown	0.000984291396034221	ST8	60.4317	1	G-A	DCI	0
LV3003047149	blue	0.00144782397207359	ST8	60.4317	1	G-A	DCI	0
LV3003047150	grey	0.19314243040016	ST8	59.5217933333333	1	G-A	DCI	-1.82782631628431
LV3003047150	turquoise	0.663499081382229	ST8	59.5217933333333	1	G-A	DCI	-1.85486867939507
LV3003047150	yellow	0.135603676635721	ST8	59.5217933333333	1	G-A	DCI	0.580221195970342
LV3003047150	blue	0.00471079098536976	ST8	59.5217933333333	1	G-A	DCI	-11.0167511367016
LV3003047150	brown	0.00177229643619598	ST8	59.5217933333333	1	G-A	DCI	-14.5032998994539
LV3003047150	green	0.00127172416032383	ST8	59.5217933333333	1	G-A	DCI	0
LV3003047152	grey	0.206317638615647	ST8	45.00002	1	G-A	DCI	-1.68750392605835
LV3003047152	turquoise	0.693690573529044	ST8	45.00002	1	G-A	DCI	-1.81826140997356
LV3003047152	yellow	0.0858026300285997	ST8	45.00002	1	G-A	DCI	-0.911836381524775
LV3003047152	green	0.0132751104176411	ST8	45.00002	1	G-A	DCI	0
LV3003047152	blue	0.000549856644517679	ST8	45.00002	1	G-A	DCI	0
LV3003047152	brown	0.000364190764550671	ST8	45.00002	1	G-A	DCI	0
LV3003047153	grey	0.236339570363529	ST8	38.71393	1	G-A	DCI	-1.98298127549227
LV3003047153	turquoise	0.674715456590616	ST8	38.71393	1	G-A	DCI	-2.18075859945117
LV3003047153	yellow	0.0799783675394558	ST8	38.71393	1	G-A	DCI	-0.394949166380189
LV3003047153	green	0.00793684111747957	ST8	38.71393	1	G-A	DCI	0
LV3003047153	brown	0.000474136121517137	ST8	38.71393	1	G-A	DCI	0
LV3003047153	blue	0.000555628267402895	ST8	38.71393	1	G-A	DCI	0
LV3003047154	turquoise	0.725925190812147	ST8	35.13012	1	G-A	DCI	-1.75547048130162
LV3003047154	yellow	0.0800644160155898	ST8	35.13012	1	G-A	DCI	-1.12319197708694
LV3003047154	grey	0.183675862940041	ST8	35.13012	1	G-A	DCI	-1.70668813209887
LV3003047154	green	0.00915266776131791	ST8	35.13012	1	G-A	DCI	0
LV3003047154	brown	0.00118186247090453	ST8	35.13012	1	G-A	DCI	-14.3564136369675
LV3003047155	turquoise	0.54714731308666	ST8	30.9475	1	G-A	DCI	-2.60159331432261
LV3003047155	yellow	0.0520332710470637	ST8	30.9475	1	G-A	DCI	-0.149615524661867
LV3003047155	grey	0.399183492442034	ST8	30.9475	1	G-A	DCI	-3.53424596194099
LV3003047155	brown	0.00107243868922544	ST8	30.9475	1	G-A	DCI	0
LV3003047155	blue	0.000563484735016759	ST8	30.9475	1	G-A	DCI	14.2209756660724
LV3003047156	grey	0.295925477899006	ST8	27.1996666666667	1	G-A	DCI	-1.85857321820842
LV3003047156	turquoise	0.596949980621748	ST8	27.1996666666667	1	G-A	DCI	-1.31003272005817
LV3003047156	yellow	0.0945051890651853	ST8	27.1996666666667	1	G-A	DCI	1.84541888721914
LV3003047156	blue	0.00896880297211489	ST8	27.1996666666667	1	G-A	DCI	-0.540234537174805
LV3003047156	brown	0.000773172670009905	ST8	27.1996666666667	1	G-A	DCI	-13.6801692100945
LV3003047156	green	0.00287737677193559	ST8	27.1996666666667	1	G-A	DCI	0
LV3003047158	grey	0.214159758396335	ST8	57.70646	1	G-A	DCI	-0.976925539531253
LV3003047158	turquoise	0.64123781340576	ST8	57.70646	1	G-A	DCI	-1.72050122784795
LV3003047158	yellow	0.13953523724588	ST8	57.70646	1	G-A	DCI	0.810118992873215
LV3003047158	blue	0.00242718446601942	ST8	57.70646	1	G-A	DCI	0
LV3003047158	brown	0.00113505077325334	ST8	57.70646	1	G-A	DCI	-14.2982673403741
LV3003047158	green	0.00150495571275108	ST8	57.70646	1	G-A	DCI	0
LV3003047159	turquoise	0.694742203323581	ST8	56.7987933333333	1	G-A	DCI	-1.08019470314459
LV3003047159	yellow	0.0791334525684911	ST8	56.7987933333333	1	G-A	DCI	-11.0872759773185
LV3003047159	grey	0.206977625641086	ST8	56.7987933333333	1	G-A	DCI	-1.55066550679
LV3003047159	green	0.017470714344937	ST8	56.7987933333333	1	G-A	DCI	0
LV3003047159	brown	0.00167600412190413	ST8	56.7987933333333	1	G-A	DCI	-14.9141228466324
LV3003047160	turquoise	0.31703888802124	ST8	55.8911266666667	2	IG-D	DCI	0
LV3003047160	grey	0.627518350773075	ST8	55.8911266666667	2	IG-D	DCI	1.18842414190883
LV3003047160	yellow	0.0554427612056848	ST8	55.8911266666667	2	IG-D	DCI	0
LV3003047161	turquoise	0.529627687467226	ST8	54.98346	2	IG-D	DCI	0
LV3003047161	grey	0.365495542737284	ST8	54.98346	2	IG-D	DCI	0.405458422279196
LV3003047161	yellow	0.10487676979549	ST8	54.98346	2	IG-D	DCI	0
LV3003047162	grey	0.821206581352834	ST8	102.698	2	IG-D	DCI	-11.418357069934
LV3003047162	turquoise	0.165143205362584	ST8	102.698	2	IG-D	DCI	0
LV3003047162	yellow	0.0058094657729027	ST8	102.698	2	IG-D	DCI	0
LV3003047162	brown	0.00784074751167987	ST8	102.698	2	IG-D	DCI	0
LV3003047164	grey	0.235798438166145	ST8	43.93302	1	G-A	DCI	-1.33963540352778
LV3003047164	turquoise	0.684331749316308	ST8	43.93302	1	G-A	DCI	-2.08367638920224
LV3003047164	yellow	0.0761420000207967	ST8	43.93302	1	G-A	DCI	1.7552523585926
LV3003047164	blue	0.00085786480050744	ST8	43.93302	1	G-A	DCI	0
LV3003047164	green	0.00286994769624307	ST8	43.93302	1	G-A	DCI	0
LV3003047166	grey	0.211789960369881	ST8	38.27343	1	G-A	DCI	-1.95512680416024
LV3003047166	turquoise	0.695461800968736	ST8	38.27343	1	G-A	DCI	-1.58007604792215
LV3003047166	yellow	0.0836470717745486	ST8	38.27343	1	G-A	DCI	-0.991888141060959
LV3003047166	green	0.00792051959489212	ST8	38.27343	1	G-A	DCI	0
LV3003047166	blue	0.000666006164685161	ST8	38.27343	1	G-A	DCI	0
LV3003047166	brown	0.000514641127256715	ST8	38.27343	1	G-A	DCI	-15.2018049190842
LV3003047167	turquoise	0.615308582575453	ST8	34.67812	1	G-A	DCI	-2.20091029100767
LV3003047167	yellow	0.112936881906565	ST8	34.67812	1	G-A	DCI	-0.312775640049438
LV3003047167	grey	0.269809061099402	ST8	34.67812	1	G-A	DCI	-2.29878157247564
LV3003047167	brown	0.00194547441858033	ST8	34.67812	1	G-A	DCI	0
LV3003047168	grey	0.341821407285067	ST8	30.497	1	G-A	DCI	-3.30720180071723
LV3003047168	turquoise	0.559954004258419	ST8	30.497	1	G-A	DCI	-1.65909624689492
LV3003047168	yellow	0.0854011683560536	ST8	30.497	1	G-A	DCI	-0.664505604596561
LV3003047168	blue	0.00562504640713456	ST8	30.497	1	G-A	DCI	0.442146674742769
LV3003047168	brown	0.0051093000901051	ST8	30.497	1	G-A	DCI	-12.9182828425728
LV3003047168	green	0.0020890736032205	ST8	30.497	1	G-A	DCI	0
LV3003047169	grey	0.367340579903676	ST8	26.6703333333333	1	G-A	DCI	-2.23846460293621
LV3003047169	turquoise	0.530397315029957	ST8	26.6703333333333	1	G-A	DCI	-2.16418066858598
LV3003047169	yellow	0.092068833515833	ST8	26.6703333333333	1	G-A	DCI	0.167606134644128
LV3003047169	brown	0.00266716520221848	ST8	26.6703333333333	1	G-A	DCI	0
LV3003047169	blue	0.00725013131070338	ST8	26.6703333333333	1	G-A	DCI	-1.07837946132228
LV3003047169	green	0.000275975037612727	ST8	26.6703333333333	1	G-A	DCI	0
LV3003061473	grey	0.557245642395866	ST13	117.088	2	IG-D	DCI	-1.25779231690037
LV3003061473	turquoise	0.389357478494669	ST13	117.088	2	IG-D	DCI	-0.590652570314173
LV3003061473	yellow	0.038722160333029	ST13	117.088	2	IG-D	DCI	0
LV3003061473	green	0.0146747187764367	ST13	117.088	2	IG-D	DCI	0
LV3003061474	grey	0.240366627779032	ST13	77.7798	4	IG-B	DCI	-1.7952399043149
LV3003061474	green	0.0245813001520249	ST13	77.7798	4	IG-B	DCI	-9.20587063906104
LV3003061474	turquoise	0.690417065935853	ST13	77.7798	4	IG-B	DCI	-1.51821643253556
LV3003061474	yellow	0.0437541143801632	ST13	77.7798	4	IG-B	DCI	-0.697165940154863
LV3003061474	blue	0.000880891752927229	ST13	77.7798	4	IG-B	DCI	0
LV3003061475	turquoise	0.649157642988889	ST13	53.844	1	G-A	DCI	-1.89543587526133
LV3003061475	yellow	0.0611256725471335	ST13	53.844	1	G-A	DCI	-0.334757852522248
LV3003061475	grey	0.27779984055963	ST13	53.844	1	G-A	DCI	-1.68726682159121
LV3003061475	green	0.0110549245599946	ST13	53.844	1	G-A	DCI	0
LV3003061475	blue	0.000861919344352958	ST13	53.844	1	G-A	DCI	0
LV3003061476	grey	0.271401702185401	ST13	37.16	1	G-A	DCI	-1.67906608842746
LV3003061476	green	0.0171198540553173	ST13	37.16	1	G-A	DCI	-9.77647124336101
LV3003061476	turquoise	0.631747868499016	ST13	37.16	1	G-A	DCI	-1.64104506129083
LV3003061476	yellow	0.0759387273563357	ST13	37.16	1	G-A	DCI	-0.714181744412106
LV3003061476	blue	0.00212961636751525	ST13	37.16	1	G-A	DCI	0
LV3003061476	brown	0.00166223153641456	ST13	37.16	1	G-A	DCI	-13.1109607453065
LV3003061477	grey	0.159897890189585	ST13	16.726	3	IG-A	DCI	-1.66827931575819
LV3003061477	green	0.00827920960227664	ST13	16.726	3	IG-A	DCI	-9.49761759277605
LV3003061477	turquoise	0.709902391918778	ST13	16.726	3	IG-A	DCI	-1.09461401455085
LV3003061477	yellow	0.0945976601600497	ST13	16.726	3	IG-A	DCI	-2.05118336277935
LV3003061477	blue	0.0236265753845448	ST13	16.726	3	IG-A	DCI	-1.78309699467806
LV3003061477	brown	0.00369627274476608	ST13	16.726	3	IG-A	DCI	-12.6545781811379
LV3003061485	grey	0.194713905780985	ST13	75.7796	4	IG-B	DCI	-1.55132562647
LV3003061485	green	0.0432474298956405	ST13	75.7796	4	IG-B	DCI	-9.34837965969629
LV3003061485	turquoise	0.706172294197241	ST13	75.7796	4	IG-B	DCI	-0.950003607201612
LV3003061485	yellow	0.049080361447657	ST13	75.7796	4	IG-B	DCI	-0.857198931369915
LV3003061485	blue	0.00669580229248643	ST13	75.7796	4	IG-B	DCI	0.747580324418893
LV3003061485	brown	9.02063859900151e-05	ST13	75.7796	4	IG-B	DCI	0
LV3003061486	turquoise	0.542592914206322	ST13	52.105	2	IG-D	DCI	-1.51339486341412
LV3003061486	grey	0.412894137624947	ST13	52.105	2	IG-D	DCI	-2.13166282703368
LV3003061486	yellow	0.0430994558295705	ST13	52.105	2	IG-D	DCI	10.9669005811917
LV3003061486	green	0.00141349233916097	ST13	52.105	2	IG-D	DCI	0
LV3003061488	grey	0.223018684769222	ST13	35.041	1	G-A	DCI	-1.11793040451613
LV3003061488	green	0.00693813896308721	ST13	35.041	1	G-A	DCI	-9.68175385716162
LV3003061488	turquoise	0.686043708954756	ST13	35.041	1	G-A	DCI	-2.09131078179594
LV3003061488	yellow	0.0748007101026743	ST13	35.041	1	G-A	DCI	-0.824041981646835
LV3003061488	blue	0.00792096860998392	ST13	35.041	1	G-A	DCI	-1.60489687316784
LV3003061488	brown	0.00127778860027669	ST13	35.041	1	G-A	DCI	-13.0935278277644
LV3003061489	turquoise	0.538262560327766	ST13	112.6068	2	IG-D	DCI	-0.478936502482417
LV3003061489	grey	0.405027603208222	ST13	112.6068	2	IG-D	DCI	-3.04788378542613
LV3003061489	green	0.0432172494010625	ST13	112.6068	2	IG-D	DCI	0
LV3003061489	yellow	0.0125342870039235	ST13	112.6068	2	IG-D	DCI	0
LV3003061489	blue	0.000958300059025728	ST13	112.6068	2	IG-D	DCI	0
LV3003061492	grey	0.198970726460785	ST13	14.437	3	IG-A	DCI	-1.56409300703794
LV3003061492	green	0.00698812298281043	ST13	14.437	3	IG-A	DCI	-9.57472877358772
LV3003061492	turquoise	0.64092241982537	ST13	14.437	3	IG-A	DCI	-1.12273972506419
LV3003061492	yellow	0.11803497651053	ST13	14.437	3	IG-A	DCI	-1.78335605843168
LV3003061492	blue	0.0235541711370003	ST13	14.437	3	IG-A	DCI	-1.84212285785239
LV3003061492	brown	0.0115295830835043	ST13	14.437	3	IG-A	DCI	-2.77917375854662
LV3003061500	grey	0.347861356643849	ST13	148.086	2	IG-D	DCI	-1.86595657159573
LV3003061500	turquoise	0.570727111375214	ST13	148.086	2	IG-D	DCI	-2.16858178259974
LV3003061500	yellow	0.0572630994593284	ST13	148.086	2	IG-D	DCI	1.66870789832954
LV3003061500	brown	0.0212965171056284	ST13	148.086	2	IG-D	DCI	-1.51186217124068
LV3003061500	blue	0.000840523391961469	ST13	148.086	2	IG-D	DCI	0
LV3003061500	green	0.00201139202401942	ST13	148.086	2	IG-D	DCI	0
LV3003061501	green	0.0366646444756061	ST13	105.5872	4	IG-B	DCI	-9.46032522478009
LV3003061501	grey	0.388305437041899	ST13	105.5872	4	IG-B	DCI	-1.77500489218078
LV3003061501	turquoise	0.54997463973506	ST13	105.5872	4	IG-B	DCI	-1.03564316647045
LV3003061501	yellow	0.0238933476544241	ST13	105.5872	4	IG-B	DCI	-1.02245092770255
LV3003061501	blue	0.00116193109301084	ST13	105.5872	4	IG-B	DCI	0
LV3003061503	grey	0.197217192283379	ST13	73.1472	4	IG-B	DCI	-1.23838908006583
LV3003061503	green	0.0300936910576348	ST13	73.1472	4	IG-B	DCI	-9.56129091934073
LV3003061503	turquoise	0.727274907619487	ST13	73.1472	4	IG-B	DCI	-1.59354661478924
LV3003061503	yellow	0.0428436580798901	ST13	73.1472	4	IG-B	DCI	-1.13078705457895
LV3003061503	blue	0.0023024461777509	ST13	73.1472	4	IG-B	DCI	-12.671228232463
LV3003061503	brown	0.000268104781858643	ST13	73.1472	4	IG-B	DCI	0
LV3003061504	turquoise	0.675570643339407	ST13	50.268	1	G-A	DCI	-2.01901163211854
LV3003061504	grey	0.261952826313229	ST13	50.268	1	G-A	DCI	-0.522816383471152
LV3003061504	yellow	0.0571664033025109	ST13	50.268	1	G-A	DCI	-0.0780946883975431
LV3003061504	green	0.00531012704485255	ST13	50.268	1	G-A	DCI	0
LV3003061505	grey	0.192994034105908	ST13	32.81	1	G-A	DCI	-1.45043534697097
LV3003061505	turquoise	0.731215792900762	ST13	32.81	1	G-A	DCI	-2.30015336714181
LV3003061505	yellow	0.0665443570385231	ST13	32.81	1	G-A	DCI	-0.443798866368702
LV3003061505	blue	0.00355489854460342	ST13	32.81	1	G-A	DCI	-12.8028261387113
LV3003061505	green	0.00431163437340514	ST13	32.81	1	G-A	DCI	0
LV3003061505	brown	0.00137928303679848	ST13	32.81	1	G-A	DCI	-14.2823192963135
LV3003061506	grey	0.257392685165135	ST13	11.95	3	IG-A	DCI	-2.80515809572532
LV3003061506	turquoise	0.653321784679473	ST13	11.95	3	IG-A	DCI	-3.48991882944449
LV3003061506	yellow	0.0490714676070571	ST13	11.95	3	IG-A	DCI	-1.56021754821501
LV3003061506	brown	0.0337653767232757	ST13	11.95	3	IG-A	DCI	-1.6282168164222
LV3003061506	blue	0.00213031418525278	ST13	11.95	3	IG-A	DCI	12.9911802143277
LV3003061506	green	0.00431837163980573	ST13	11.95	3	IG-A	DCI	0
LV3003061513	yellow	0.0975704449350746	ST13	138.493	2	IG-D	DCI	-0.237721633134159
LV3003061513	turquoise	0.637129064850503	ST13	138.493	2	IG-D	DCI	-2.0546790454457
LV3003061513	green	0.0102299517269768	ST13	138.493	2	IG-D	DCI	0
LV3003061513	grey	0.250233880926543	ST13	138.493	2	IG-D	DCI	0.196435093181472
LV3003061513	blue	0.00195056692736594	ST13	138.493	2	IG-D	DCI	0.405461798589831
LV3003061513	brown	0.00288609063353665	ST13	138.493	2	IG-D	DCI	-14.2513052055072
LV3003061514	grey	0.236425605012018	ST13	100.6726	4	IG-B	DCI	-1.23487403383573
LV3003061514	green	0.0667414486105137	ST13	100.6726	4	IG-B	DCI	-9.31129428230668
LV3003061514	turquoise	0.648944734372094	ST13	100.6726	4	IG-B	DCI	-1.58941954122511
LV3003061514	yellow	0.0389854742537305	ST13	100.6726	4	IG-B	DCI	-1.63206290886435
LV3003061514	blue	0.00874474772943203	ST13	100.6726	4	IG-B	DCI	-0.564750587407461
LV3003061514	brown	0.000157990022211961	ST13	100.6726	4	IG-B	DCI	0
LV3003061515	grey	0.233530384936794	ST13	71.0012	4	IG-B	DCI	-2.21564023263914
LV3003061515	green	0.0811615902957876	ST13	71.0012	4	IG-B	DCI	-9.25144540102358
LV3003061515	turquoise	0.634107115639879	ST13	71.0012	4	IG-B	DCI	-0.864250546575689
LV3003061515	yellow	0.043006614650338	ST13	71.0012	4	IG-B	DCI	-1.41713146695444
LV3003061515	blue	0.00805939695552061	ST13	71.0012	4	IG-B	DCI	-1.52920194937297
LV3003061515	brown	0.000134897521681419	ST13	71.0012	4	IG-B	DCI	-14.1445339705725
LV3003061516	turquoise	0.660937071756603	ST13	48.537	1	G-A	DCI	-1.75889148299825
LV3003061516	grey	0.278924464270992	ST13	48.537	1	G-A	DCI	-1.28223856667719
LV3003061516	yellow	0.0544942856315218	ST13	48.537	1	G-A	DCI	-0.380702611874032
LV3003061516	blue	0.000505814640102856	ST13	48.537	1	G-A	DCI	0
LV3003061516	green	0.00513836370078056	ST13	48.537	1	G-A	DCI	0
LV3003061517	grey	0.222850362383575	ST13	30.678	4	IG-B	DCI	-2.35026461338082
LV3003061517	green	0.0164286380125999	ST13	30.678	4	IG-B	DCI	-9.58471833819562
LV3003061517	turquoise	0.676204643792094	ST13	30.678	4	IG-B	DCI	-1.67404544112803
LV3003061517	yellow	0.0739079941894338	ST13	30.678	4	IG-B	DCI	-1.44871568368668
LV3003061517	blue	0.00841192098251393	ST13	30.678	4	IG-B	DCI	-1.44073745159211
LV3003061517	brown	0.00219644063978374	ST13	30.678	4	IG-B	DCI	-14.9819164532625
LV3003061518	grey	0.24499850013563	ST13	9.804	3	IG-A	DCI	-2.03106795739562
LV3003061518	green	0.00969887105926693	ST13	9.804	3	IG-A	DCI	-9.03775162764828
LV3003061518	turquoise	0.632258191261798	ST13	9.804	3	IG-A	DCI	-1.52367422480581
LV3003061518	yellow	0.0863513853533144	ST13	9.804	3	IG-A	DCI	-1.76935136134455
LV3003061518	blue	0.0184071515951076	ST13	9.804	3	IG-A	DCI	-0.00662802757841345
LV3003061518	brown	0.00828590059488323	ST13	9.804	3	IG-A	DCI	-2.97559969492264
LV3003061527	turquoise	0.376868983409572	ST13	133.7754	2	IG-D	DCI	0
LV3003061527	grey	0.559773332423022	ST13	133.7754	2	IG-D	DCI	0
LV3003061527	yellow	0.0633576841674063	ST13	133.7754	2	IG-D	DCI	0
LV3003061528	green	0.0548605250048881	ST13	95.118	4	IG-B	DCI	-9.12961177053588
LV3003061528	turquoise	0.653222058576452	ST13	95.118	4	IG-B	DCI	-1.67542886665199
LV3003061528	grey	0.243154470362485	ST13	95.118	4	IG-B	DCI	-1.77230118608266
LV3003061528	yellow	0.0435555389617216	ST13	95.118	4	IG-B	DCI	-1.42364403424134
LV3003061528	blue	0.00520740709445352	ST13	95.118	4	IG-B	DCI	1.0606692153835
LV3003061529	grey	0.205678296393689	ST13	66.015	4	IG-B	DCI	-1.21993137370554
LV3003061529	green	0.0238473970072627	ST13	66.015	4	IG-B	DCI	-9.46676523731517
LV3003061529	turquoise	0.68425506354871	ST13	66.015	4	IG-B	DCI	-1.52831931244669
LV3003061529	yellow	0.0742852726646632	ST13	66.015	4	IG-B	DCI	-1.23229713790308
LV3003061529	blue	0.00976904896068119	ST13	66.015	4	IG-B	DCI	-0.996019418505701
LV3003061529	brown	0.00216492142499374	ST13	66.015	4	IG-B	DCI	-1.00454577962904
LV3003061530	turquoise	0.849626307922272	ST13	47.046	1	G-A	DCI	-2.87712884523513
LV3003061530	grey	0.11601469325446	ST13	47.046	1	G-A	DCI	-1.73064457149303
LV3003061530	yellow	0.0286407149445028	ST13	47.046	1	G-A	DCI	0.0772101381607068
LV3003061530	green	0.00513627834494164	ST13	47.046	1	G-A	DCI	0
LV3003061530	blue	0.000582005533823109	ST13	47.046	1	G-A	DCI	0
LV3003061531	grey	0.243030522487042	ST13	28.445	1	G-A	DCI	-1.61979476683045
LV3003061531	green	0.0104196333395718	ST13	28.445	1	G-A	DCI	-9.78512608185196
LV3003061531	turquoise	0.669224447283409	ST13	28.445	1	G-A	DCI	-2.3317074875234
LV3003061531	yellow	0.0668925406654569	ST13	28.445	1	G-A	DCI	-1.30429871854189
LV3003061531	blue	0.00801001684392113	ST13	28.445	1	G-A	DCI	-1.17845307811784
LV3003061531	brown	0.00242283938059938	ST13	28.445	1	G-A	DCI	-12.5851644683834
LV3003061533	grey	0.38914095332891	ST13	7.912	3	IG-A	DCI	-3.27809970182216
LV3003061533	turquoise	0.472804689228047	ST13	7.912	3	IG-A	DCI	-2.38195657014749
LV3003061533	yellow	0.0290712784782128	ST13	7.912	3	IG-A	DCI	-1.10831168575682
LV3003061533	brown	0.103370382658704	ST13	7.912	3	IG-A	DCI	-1.8929341269532
LV3003061533	blue	0.00246488608714886	ST13	7.912	3	IG-A	DCI	0
LV3003061533	green	0.0031478102189781	ST13	7.912	3	IG-A	DCI	0
LV3003061539	yellow	0.0923792700221432	ST13	130.0556	2	IG-D	DCI	-0.616186139423817
LV3003061539	turquoise	0.576578721952294	ST13	130.0556	2	IG-D	DCI	-1.71529705687314
LV3003061539	grey	0.324690511140888	ST13	130.0556	2	IG-D	DCI	-1.54001691293033
LV3003061539	brown	0.000575793226254749	ST13	130.0556	2	IG-D	DCI	-14.9141228466324
LV3003061539	green	0.00494755661078155	ST13	130.0556	2	IG-D	DCI	0
LV3003061539	blue	0.000828147047638004	ST13	130.0556	2	IG-D	DCI	0
LV3003061541	green	0.01478878237071	ST13	91.09	4	IG-B	DCI	-9.95576672996547
LV3003061541	turquoise	0.581418525935137	ST13	91.09	4	IG-B	DCI	-1.63862444872747
LV3003061541	yellow	0.0375072894843211	ST13	91.09	4	IG-B	DCI	-0.240501118260111
LV3003061541	grey	0.365348954171128	ST13	91.09	4	IG-B	DCI	-1.39758278425599
LV3003061541	blue	0.000936448038704462	ST13	91.09	4	IG-B	DCI	-14.4717407946966
LV3003061543	grey	0.25632530934638	ST13	62.293	4	IG-B	DCI	-1.08747548258897
LV3003061543	green	0.0248946124547101	ST13	62.293	4	IG-B	DCI	-9.58472486236246
LV3003061543	turquoise	0.642126577875138	ST13	62.293	4	IG-B	DCI	-1.05462517049094
LV3003061543	yellow	0.0701087192842461	ST13	62.293	4	IG-B	DCI	-0.845006908640648
LV3003061543	blue	0.00624510081595286	ST13	62.293	4	IG-B	DCI	-0.171962420897766
LV3003061543	brown	0.000299680223573199	ST13	62.293	4	IG-B	DCI	-14.2928402273021
LV3003061544	grey	0.27461197893719	ST13	45.122	1	G-A	DCI	-1.16910050012462
LV3003061544	turquoise	0.635197088740542	ST13	45.122	1	G-A	DCI	-1.96333652979975
LV3003061544	yellow	0.0731720677229826	ST13	45.122	1	G-A	DCI	-0.477577560105724
LV3003061544	green	0.014234782215215	ST13	45.122	1	G-A	DCI	0
LV3003061544	blue	0.00187669539661861	ST13	45.122	1	G-A	DCI	-11.7999803229977
LV3003061544	brown	0.000907386987451386	ST13	45.122	1	G-A	DCI	-14.5047129602332
LV3003061545	grey	0.271703867496492	ST13	23.172	1	G-A	DCI	-1.35182425072521
LV3003061545	turquoise	0.627651276477629	ST13	23.172	1	G-A	DCI	-2.38971124760217
LV3003061545	yellow	0.0865917731081217	ST13	23.172	1	G-A	DCI	-1.13047034233301
LV3003061545	blue	0.00826273022625007	ST13	23.172	1	G-A	DCI	-0.868749787105155
LV3003061545	brown	0.00206480416568092	ST13	23.172	1	G-A	DCI	-13.3337534984994
LV3003061545	green	0.00372554852582586	ST13	23.172	1	G-A	DCI	0
LV3003061546	grey	0.387735437285443	ST13	7.197	3	IG-A	DCI	-2.991216757321
LV3003061546	turquoise	0.483672874513494	ST13	7.197	3	IG-A	DCI	-2.47201877489188
LV3003061546	yellow	0.01660728660558	ST13	7.197	3	IG-A	DCI	-1.04868411938615
LV3003061546	brown	0.10959661329761	ST13	7.197	3	IG-A	DCI	-1.34434375324982
LV3003061546	blue	0.00218993866661431	ST13	7.197	3	IG-A	DCI	-13.548307016856
LV3003061546	green	0.000197849631259638	ST13	7.197	3	IG-A	DCI	0
LV3003061555	turquoise	0.463190756997625	ST13	126.443	2	IG-D	DCI	-10.0325738858667
LV3003061555	grey	0.467006430610775	ST13	126.443	2	IG-D	DCI	-11.7013041364846
LV3003061555	yellow	0.0698028123916002	ST13	126.443	2	IG-D	DCI	0
LV3003061556	grey	0.253032303055964	ST13	86.6174	4	IG-B	DCI	-1.5833672114058
LV3003061556	green	0.0280773413696629	ST13	86.6174	4	IG-B	DCI	-9.32696318427187
LV3003061556	turquoise	0.679563813271567	ST13	86.6174	4	IG-B	DCI	-1.44686584373818
LV3003061556	yellow	0.0388616306775257	ST13	86.6174	4	IG-B	DCI	-0.590443251730682
LV3003061556	blue	0.00046491162528123	ST13	86.6174	4	IG-B	DCI	0
LV3003061557	green	0.0417289607215844	ST13	58.082	4	IG-B	DCI	-9.43781078510232
LV3003061557	yellow	0.0520369874932273	ST13	58.082	4	IG-B	DCI	-0.596781198403095
LV3003061557	turquoise	0.714945402305311	ST13	58.082	4	IG-B	DCI	-0.781030095044824
LV3003061557	grey	0.190803036877331	ST13	58.082	4	IG-B	DCI	-1.2806176899109
LV3003061557	blue	0.000485612602546319	ST13	58.082	4	IG-B	DCI	0
LV3003061558	grey	0.227902657273767	ST13	42.626	1	G-A	DCI	-1.62160349402772
LV3003061558	green	0.00942710497916014	ST13	42.626	1	G-A	DCI	-9.92826434155454
LV3003061558	turquoise	0.678727614473822	ST13	42.626	1	G-A	DCI	-1.62792916770401
LV3003061558	yellow	0.0800209339196199	ST13	42.626	1	G-A	DCI	1.1028254566647
LV3003061558	blue	0.00350951005392537	ST13	42.626	1	G-A	DCI	-2.78548336985646
LV3003061558	brown	0.00041217929970566	ST13	42.626	1	G-A	DCI	0
LV3003061559	green	0.0108150649096571	ST13	21.069	1	G-A	DCI	-9.52553512752456
LV3003061559	grey	0.284624288765346	ST13	21.069	1	G-A	DCI	-1.75651216383244
LV3003061559	turquoise	0.616595055335131	ST13	21.069	1	G-A	DCI	-1.96322148415415
LV3003061559	yellow	0.0794893190673878	ST13	21.069	1	G-A	DCI	-1.32196010920987
LV3003061559	blue	0.00620862092730622	ST13	21.069	1	G-A	DCI	-11.6194788711429
LV3003061559	brown	0.00226765099517272	ST13	21.069	1	G-A	DCI	-12.8992198260901
LV3003061568	grey	0.603656908977667	ST13	121.6354	2	IG-D	DCI	0
LV3003061568	turquoise	0.350653972773378	ST13	121.6354	2	IG-D	DCI	-9.57944118656461
LV3003061568	yellow	0.03963875789661	ST13	121.6354	2	IG-D	DCI	0
LV3003061568	blue	0.00605036035234452	ST13	121.6354	2	IG-D	DCI	0
LV3003061569	grey	0.255505298724168	ST13	81.6946	4	IG-B	DCI	-1.51208817880801
LV3003061569	green	0.0411788151022318	ST13	81.6946	4	IG-B	DCI	-9.28663935618853
LV3003061569	turquoise	0.661578798992888	ST13	81.6946	4	IG-B	DCI	-1.1851957173342
LV3003061569	yellow	0.0402928012065343	ST13	81.6946	4	IG-B	DCI	-0.713289279980237
LV3003061569	blue	0.00127763759254193	ST13	81.6946	4	IG-B	DCI	0
LV3003061569	brown	0.000166648381635904	ST13	81.6946	4	IG-B	DCI	-14.9141228466324
LV3003061570	green	0.0271809869017217	ST13	55.466	4	IG-B	DCI	-9.50391427078666
LV3003061570	turquoise	0.688100337754346	ST13	55.466	4	IG-B	DCI	-2.18602297418379
LV3003061570	grey	0.222085839031222	ST13	55.466	4	IG-B	DCI	-0.816350586560358
LV3003061570	yellow	0.0615433726007085	ST13	55.466	4	IG-B	DCI	-0.467985465089498
LV3003061570	blue	0.00108946371200264	ST13	55.466	4	IG-B	DCI	0
LV3003061571	turquoise	0.762600634455215	ST13	40.457	1	G-A	DCI	-3.32118255409536
LV3003061571	grey	0.187266976732429	ST13	40.457	1	G-A	DCI	-1.26882377664555
LV3003061571	yellow	0.0455635529492057	ST13	40.457	1	G-A	DCI	0.0658962945980312
LV3003061571	blue	0.00157033985061234	ST13	40.457	1	G-A	DCI	12.4191048872401
LV3003061571	brown	0.00240448415757744	ST13	40.457	1	G-A	DCI	-1.79462891165601
LV3003061571	green	0.000594011854959999	ST13	40.457	1	G-A	DCI	0
LV3003061572	grey	0.20323545340841	ST13	19.099	3	IG-A	DCI	-0.401721396693841
LV3003061572	green	0.00605675701372988	ST13	19.099	3	IG-A	DCI	-9.65025316187529
LV3003061572	turquoise	0.657335163493042	ST13	19.099	3	IG-A	DCI	-1.43540564183781
LV3003061572	yellow	0.103679808200944	ST13	19.099	3	IG-A	DCI	-2.08780088817682
LV3003061572	blue	0.0245915891449046	ST13	19.099	3	IG-A	DCI	-1.80928181992026
LV3003061572	brown	0.00510122873897058	ST13	19.099	3	IG-A	DCI	-3.20776014289243
LV7001898064	grey	0.275741891502137	ST13	6.808	3	IG-A	DCI	-2.28805713885312
LV7001898064	turquoise	0.622768294921209	ST13	6.808	3	IG-A	DCI	-2.6206187403478
LV7001898064	yellow	0.0476383754162406	ST13	6.808	3	IG-A	DCI	-2.30153190700939
LV7001898064	blue	0.00611552479089646	ST13	6.808	3	IG-A	DCI	0
LV7001898064	brown	0.044604210912714	ST13	6.808	3	IG-A	DCI	-1.37787045850114
LV7001898064	green	0.00313170245680275	ST13	6.808	3	IG-A	DCI	0
LV7001898076	grey	0.23054960712167	ST13	6.429	3	IG-A	DCI	-1.15062670834141
LV7001898076	green	0.0085234907269221	ST13	6.429	3	IG-A	DCI	-9.14000902971394
LV7001898076	turquoise	0.644771312529683	ST13	6.429	3	IG-A	DCI	-1.7648012489512
LV7001898076	yellow	0.0753901318157925	ST13	6.429	3	IG-A	DCI	-1.67129369557156
LV7001898076	blue	0.0196713816573398	ST13	6.429	3	IG-A	DCI	-1.14554172089009
LV7001898076	brown	0.0210940761485923	ST13	6.429	3	IG-A	DCI	-2.37777386959895
LV7001898088	grey	0.314780869596273	ST13	6.031	3	IG-A	DCI	-1.37437974326833
LV7001898088	green	0.0176895133083804	ST13	6.031	3	IG-A	DCI	-9.48886075666601
LV7001898088	turquoise	0.630804341226826	ST13	6.031	3	IG-A	DCI	-2.76791759072092
LV7001898088	yellow	0.0330665679106662	ST13	6.031	3	IG-A	DCI	-1.05216868555696
LV7001898088	blue	0.00336057663566567	ST13	6.031	3	IG-A	DCI	-1.9166989235557
LV7001898088	brown	0.000298131322189122	ST13	6.031	3	IG-A	DCI	0
LV7001898100	grey	0.309228560993737	ST13	5.659	5	IG-C	DCI	-3.96674183621717
LV7001898100	green	0.027060556506584	ST13	5.659	5	IG-C	DCI	-9.29788117757245
LV7001898100	turquoise	0.654652108943496	ST13	5.659	5	IG-C	DCI	-2.32460718910551
LV7001898100	yellow	0.00780420603711624	ST13	5.659	5	IG-C	DCI	-1.39588333595021
LV7001898100	blue	0.00125456751906766	ST13	5.659	5	IG-C	DCI	10.9765895051708
LV7008886221	grey	0.288161059747603	GeoB25202_R1	50.3555	1	G-A	DCI	-2.15996746954205
LV7008886221	turquoise	0.670427159452342	GeoB25202_R1	50.3555	1	G-A	DCI	-2.11467759346052
LV7008886221	yellow	0.039963975877518	GeoB25202_R1	50.3555	1	G-A	DCI	-0.775289406115764
LV7008886221	green	0.0011764840000456	GeoB25202_R1	50.3555	1	G-A	DCI	0
LV7008886221	brown	0.000271320922491136	GeoB25202_R1	50.3555	1	G-A	DCI	0
LV7008886222	turquoise	0.423128871665771	GeoB25202_R1	136.2775	1	G-A	DCI	-2.65243407186238
LV7008886222	yellow	0.0672644471473425	GeoB25202_R1	136.2775	1	G-A	DCI	-0.698341997437049
LV7008886222	grey	0.499013520776172	GeoB25202_R1	136.2775	1	G-A	DCI	-0.95483940199139
LV7008886222	green	0.0101405821288151	GeoB25202_R1	136.2775	1	G-A	DCI	0
LV7008886222	blue	0.000452578281899697	GeoB25202_R1	136.2775	1	G-A	DCI	0
LV7008886226	grey	0.297773472289495	GeoB25202_R2	36.607	1	G-A	DCI	-2.15296667332679
LV7008886226	turquoise	0.662134966641146	GeoB25202_R2	36.607	1	G-A	DCI	-2.83914063198442
LV7008886226	yellow	0.0342885267417697	GeoB25202_R2	36.607	1	G-A	DCI	2.65501468748859
LV7008886226	brown	0.00335776003499945	GeoB25202_R2	36.607	1	G-A	DCI	-0.693147180559945
LV7008886226	blue	0.00144060249058608	GeoB25202_R2	36.607	1	G-A	DCI	-1.9345075169575
LV7008886226	green	0.00100467180200309	GeoB25202_R2	36.607	1	G-A	DCI	0
LV7008886228	grey	0.683185628742515	GeoB25202_R2	120.0235	2	IG-D	DCI	-1.95647193710642
LV7008886228	turquoise	0.273508982035928	GeoB25202_R2	120.0235	2	IG-D	DCI	-10.5362884084116
LV7008886228	yellow	0.0350179640718563	GeoB25202_R2	120.0235	2	IG-D	DCI	0
LV7008886228	brown	0.0082874251497006	GeoB25202_R2	120.0235	2	IG-D	DCI	0
LV7008886229	grey	0.391540273616074	GeoB25202_R2	68.149	4	IG-B	DCI	-1.8547776393975
LV7008886229	green	0.0264104577522133	GeoB25202_R2	68.149	4	IG-B	DCI	-9.22361114510276
LV7008886229	turquoise	0.55035931893407	GeoB25202_R2	68.149	4	IG-B	DCI	-1.135867264027
LV7008886229	yellow	0.0290291775079116	GeoB25202_R2	68.149	4	IG-B	DCI	-0.826229907955974
LV7008886229	brown	0.00126921891809027	GeoB25202_R2	68.149	4	IG-B	DCI	-12.3823518878682
LV7008886229	blue	0.00139155327164114	GeoB25202_R2	68.149	4	IG-B	DCI	-10.9628964612341
LV7008886690	yellow	0.00426774585976884	GeoB25202_R1	2.324	3	IG-A	DCI	-12.8945711497407
LV7008886690	turquoise	0.432577075977448	GeoB25202_R1	2.324	3	IG-A	DCI	-2.74819907192927
LV7008886690	grey	0.461872722815768	GeoB25202_R1	2.324	3	IG-A	DCI	-3.6469045780414
LV7008886690	brown	0.10111192822026	GeoB25202_R1	2.324	3	IG-A	DCI	-1.80834081250009
LV7008886690	blue	0.000170527126754945	GeoB25202_R1	2.324	3	IG-A	DCI	0
LV7008886692	turquoise	0.546948086972669	GeoB25202_R1	53.875	1	G-A	DCI	-2.74593893607125
LV7008886692	grey	0.41704614786061	GeoB25202_R1	53.875	1	G-A	DCI	-1.280407260662
LV7008886692	yellow	0.0345644734864227	GeoB25202_R1	53.875	1	G-A	DCI	0
LV7008886692	green	0.00144129168029852	GeoB25202_R1	53.875	1	G-A	DCI	0
LV7008886695	green	0.0187447608956605	GeoB25202_R1	95.3875	4	IG-B	DCI	-9.56880095025693
LV7008886695	grey	0.473287776876186	GeoB25202_R1	95.3875	4	IG-B	DCI	-1.47559319445979
LV7008886695	turquoise	0.489386329039224	GeoB25202_R1	95.3875	4	IG-B	DCI	-1.93493426587902
LV7008886695	yellow	0.0182216887184061	GeoB25202_R1	95.3875	4	IG-B	DCI	-11.4848597327354
LV7008886695	blue	0.0001381447032236	GeoB25202_R1	95.3875	4	IG-B	DCI	0
LV7008886695	brown	0.000221299767299942	GeoB25202_R1	95.3875	4	IG-B	DCI	0
LV7008886702	grey	0.3029915388091	GeoB25202_R2	2.324	3	IG-A	DCI	-1.74711553382729
LV7008886702	turquoise	0.592549826798534	GeoB25202_R2	2.324	3	IG-A	DCI	-2.07709110336089
LV7008886702	yellow	0.040969773737483	GeoB25202_R2	2.324	3	IG-A	DCI	-1.99378034331175
LV7008886702	blue	0.00191834622528934	GeoB25202_R2	2.324	3	IG-A	DCI	0
LV7008886702	brown	0.0595034891309805	GeoB25202_R2	2.324	3	IG-A	DCI	-1.99409049021863
LV7008886702	green	0.00206702529861323	GeoB25202_R2	2.324	3	IG-A	DCI	0
LV7008886703	grey	0.367758345041422	GeoB25202_R1	27.6855	1	G-A	DCI	-1.82843610762519
LV7008886703	turquoise	0.543255333236439	GeoB25202_R1	27.6855	1	G-A	DCI	-1.59154727484224
LV7008886703	yellow	0.0794002228574197	GeoB25202_R1	27.6855	1	G-A	DCI	-1.0981150236156
LV7008886703	blue	0.0055924293073656	GeoB25202_R1	27.6855	1	G-A	DCI	-1.51279350961664
LV7008886703	brown	0.000943106761623306	GeoB25202_R1	27.6855	1	G-A	DCI	0
LV7008886703	green	0.00305056279573018	GeoB25202_R1	27.6855	1	G-A	DCI	0
LV7008886704	grey	0.369361874353555	GeoB25202_R2	53.875	1	G-A	DCI	-1.9234776247284
LV7008886704	turquoise	0.578502795640899	GeoB25202_R2	53.875	1	G-A	DCI	-1.85420825778739
LV7008886704	yellow	0.0431300685044445	GeoB25202_R2	53.875	1	G-A	DCI	-11.2725608846957
LV7008886704	blue	0.00120669754613182	GeoB25202_R2	53.875	1	G-A	DCI	0
LV7008886704	green	0.00779856395496995	GeoB25202_R2	53.875	1	G-A	DCI	0
LV7008886705	turquoise	0.575860444326323	GeoB25202_R1	59.738	2	IG-D	DCI	-2.03121371936658
LV7008886705	grey	0.394396994334175	GeoB25202_R1	59.738	2	IG-D	DCI	-1.57275025570151
LV7008886705	yellow	0.0253693658866593	GeoB25202_R1	59.738	2	IG-D	DCI	0
LV7008886705	brown	0.00159464585573287	GeoB25202_R1	59.738	2	IG-D	DCI	0
LV7008886705	green	0.00277854959711031	GeoB25202_R1	59.738	2	IG-D	DCI	0
LV7008886706	green	0.0270390276031611	GeoB25202_R1	79.0255	4	IG-B	DCI	-9.14016394280209
LV7008886706	grey	0.410592714309202	GeoB25202_R1	79.0255	4	IG-B	DCI	-1.25647902593202
LV7008886706	turquoise	0.532926002026155	GeoB25202_R1	79.0255	4	IG-B	DCI	-1.4679534920016
LV7008886706	yellow	0.0283563236610198	GeoB25202_R1	79.0255	4	IG-B	DCI	-0.585634880574382
LV7008886706	blue	0.0008004198019724	GeoB25202_R1	79.0255	4	IG-B	DCI	0
LV7008886706	brown	0.00028551259848954	GeoB25202_R1	79.0255	4	IG-B	DCI	-14.0805238306033
LV7008886707	grey	0.503331827521897	GeoB25202_R2	95.3875	4	IG-B	DCI	-1.55784194282772
LV7008886707	green	0.0124132766866992	GeoB25202_R2	95.3875	4	IG-B	DCI	-10.0156667097066
LV7008886707	turquoise	0.46833137929398	GeoB25202_R2	95.3875	4	IG-B	DCI	-1.75662670465229
LV7008886707	yellow	0.015923516497424	GeoB25202_R2	95.3875	4	IG-B	DCI	-0.65016535798626
LV7008886708	green	0.0186353516490295	GeoB25202_R1	109.6305	4	IG-B	DCI	-9.63222110516353
LV7008886708	grey	0.626029299879802	GeoB25202_R1	109.6305	4	IG-B	DCI	-1.49030619582473
LV7008886708	turquoise	0.346274705533778	GeoB25202_R1	109.6305	4	IG-B	DCI	-1.20057318844943
LV7008886708	yellow	0.00833908152335448	GeoB25202_R1	109.6305	4	IG-B	DCI	-12.0081628367973
LV7008886708	blue	0.000444900560985959	GeoB25202_R1	109.6305	4	IG-B	DCI	0
LV7008886708	brown	0.000276660853050092	GeoB25202_R1	109.6305	4	IG-B	DCI	0
LV7008886709	turquoise	0.556743531950144	GeoB25202_R1	147.206	1	G-A	DCI	-2.06817865656186
LV7008886709	yellow	0.0797356913059392	GeoB25202_R1	147.206	1	G-A	DCI	-11.5364447249102
LV7008886709	grey	0.358064112196344	GeoB25202_R1	147.206	1	G-A	DCI	-1.27955726432753
LV7008886709	blue	0.00242250862085573	GeoB25202_R1	147.206	1	G-A	DCI	-1.54044504094715
LV7008886709	green	0.00225876052322333	GeoB25202_R1	147.206	1	G-A	DCI	0
LV7008886709	brown	0.000775395403494577	GeoB25202_R1	147.206	1	G-A	DCI	0
LV7008886714	grey	0.281123266837477	GeoB25202_R1	0.692	5	IG-C	DCI	-4.60134979788194
LV7008886714	green	0.0115286274863083	GeoB25202_R1	0.692	5	IG-C	DCI	-9.59471404368254
LV7008886714	turquoise	0.699148951954999	GeoB25202_R1	0.692	5	IG-C	DCI	-2.14046736668778
LV7008886714	yellow	0.00709957421101858	GeoB25202_R1	0.692	5	IG-C	DCI	0.665032980083856
LV7008886714	blue	0.00084336423637515	GeoB25202_R1	0.692	5	IG-C	DCI	0
LV7008886714	brown	0.000256215273821794	GeoB25202_R1	0.692	5	IG-C	DCI	0
LV7008886715	grey	0.276163883237691	GeoB25202_R2	27.6855	1	G-A	DCI	-1.93993740287354
LV7008886715	turquoise	0.646006488985606	GeoB25202_R2	27.6855	1	G-A	DCI	-1.78022182673171
LV7008886715	yellow	0.0682329282132863	GeoB25202_R2	27.6855	1	G-A	DCI	-0.920121589660636
LV7008886715	blue	0.00581125258616759	GeoB25202_R2	27.6855	1	G-A	DCI	-1.23204482310462
LV7008886715	brown	0.00110901766911595	GeoB25202_R2	27.6855	1	G-A	DCI	0
LV7008886715	green	0.00267642930813317	GeoB25202_R2	27.6855	1	G-A	DCI	0
LV7008886717	turquoise	0.631443093878688	GeoB25202_R2	59.738	2	IG-D	DCI	-2.2609743352742
LV7008886717	grey	0.313376569120894	GeoB25202_R2	59.738	2	IG-D	DCI	-1.56609299192373
LV7008886717	green	0.0169345693994072	GeoB25202_R2	59.738	2	IG-D	DCI	0
LV7008886717	yellow	0.0366293990092904	GeoB25202_R2	59.738	2	IG-D	DCI	0
LV7008886717	blue	0.000561998925736567	GeoB25202_R2	59.738	2	IG-D	DCI	0
LV7008886717	brown	0.00105436966598365	GeoB25202_R2	59.738	2	IG-D	DCI	0
LV7008886718	green	0.0207418439549313	GeoB25202_R2	79.0255	4	IG-B	DCI	-9.18936191445434
LV7008886718	grey	0.399791904588106	GeoB25202_R2	79.0255	4	IG-B	DCI	-1.48010255587626
LV7008886718	turquoise	0.541320331539847	GeoB25202_R2	79.0255	4	IG-B	DCI	-1.51186648530736
LV7008886718	yellow	0.0365094128589425	GeoB25202_R2	79.0255	4	IG-B	DCI	-0.689580524973371
LV7008886718	blue	0.000925686096754065	GeoB25202_R2	79.0255	4	IG-B	DCI	0
LV7008886718	brown	0.000710820961418463	GeoB25202_R2	79.0255	4	IG-B	DCI	0
LV7008886719	grey	0.552131968922435	GeoB25202_R1	87.2825	2	IG-D	DCI	-1.44731965483763
LV7008886719	turquoise	0.434389244652777	GeoB25202_R1	87.2825	2	IG-D	DCI	-2.09908595878803
LV7008886719	green	0.00391468433388082	GeoB25202_R1	87.2825	2	IG-D	DCI	0
LV7008886719	blue	0.00027220551054681	GeoB25202_R1	87.2825	2	IG-D	DCI	0
LV7008886719	yellow	0.00901507741709266	GeoB25202_R1	87.2825	2	IG-D	DCI	11.9614618273139
LV7008886719	brown	0.000276819163267943	GeoB25202_R1	87.2825	2	IG-D	DCI	0
LV7008886720	green	0.0182159725086512	GeoB25202_R2	109.6305	4	IG-B	DCI	-9.53783484840207
LV7008886720	grey	0.728237383114176	GeoB25202_R2	109.6305	4	IG-B	DCI	-1.64325800715817
LV7008886720	turquoise	0.244172803388937	GeoB25202_R2	109.6305	4	IG-B	DCI	-0.887329268920466
LV7008886720	yellow	0.00789577619188804	GeoB25202_R2	109.6305	4	IG-B	DCI	-1.67205150516209
LV7008886720	blue	0.000579847773548657	GeoB25202_R2	109.6305	4	IG-B	DCI	0
LV7008886720	brown	0.000898217022798958	GeoB25202_R2	109.6305	4	IG-B	DCI	0
LV7008886721	turquoise	0.566310592268841	GeoB25202_R2	147.206	1	G-A	DCI	-1.7233725226513
LV7008886721	yellow	0.0773045073635147	GeoB25202_R2	147.206	1	G-A	DCI	-2.2849813885758
LV7008886721	grey	0.340528019607704	GeoB25202_R2	147.206	1	G-A	DCI	-1.80997830624775
LV7008886721	green	0.0115535280408588	GeoB25202_R2	147.206	1	G-A	DCI	0
LV7008886721	blue	0.00142382534409112	GeoB25202_R2	147.206	1	G-A	DCI	0
LV7008886721	brown	0.00287952737499026	GeoB25202_R2	147.206	1	G-A	DCI	-13.4812498961479
LV7008886726	green	0.0151322342626497	GeoB25202_R2	0.692	5	IG-C	DCI	-9.50223330493377
LV7008886726	turquoise	0.692020060226895	GeoB25202_R2	0.692	5	IG-C	DCI	-3.82536494304605
LV7008886726	yellow	0.0055473442976321	GeoB25202_R2	0.692	5	IG-C	DCI	-1.41147554775005
LV7008886726	grey	0.286650062595368	GeoB25202_R2	0.692	5	IG-C	DCI	-6.15383316089491
LV7008886726	blue	0.000650298617455236	GeoB25202_R2	0.692	5	IG-C	DCI	0
LV7008886727	grey	0.201587810599601	GeoB25202_R1	16.4375	3	IG-A	DCI	-1.82395244768906
LV7008886727	green	0.0071120855737273	GeoB25202_R1	16.4375	3	IG-A	DCI	-9.53716739280705
LV7008886727	turquoise	0.638578776104785	GeoB25202_R1	16.4375	3	IG-A	DCI	-1.20209791030475
LV7008886727	yellow	0.106514730046511	GeoB25202_R1	16.4375	3	IG-A	DCI	-2.3108336716135
LV7008886727	blue	0.0290457806845931	GeoB25202_R1	16.4375	3	IG-A	DCI	-2.04513400068963
LV7008886727	brown	0.0171608169907832	GeoB25202_R1	16.4375	3	IG-A	DCI	-1.58178638110359
LV7008886728	grey	0.33206542296461	GeoB25202_R2	50.3555	1	G-A	DCI	-0.796484039688223
LV7008886728	turquoise	0.611647224365667	GeoB25202_R2	50.3555	1	G-A	DCI	-2.69238350820462
LV7008886728	yellow	0.0542478023391282	GeoB25202_R2	50.3555	1	G-A	DCI	-0.779391223995893
LV7008886728	green	0.00111963445448081	GeoB25202_R2	50.3555	1	G-A	DCI	0
LV7008886728	blue	0.000919915876113961	GeoB25202_R2	50.3555	1	G-A	DCI	-15.6072700271923
LV7008886730	green	0.0290848829403176	GeoB25202_R1	75.351	4	IG-B	DCI	-9.2946851313605
LV7008886730	grey	0.369101126232918	GeoB25202_R1	75.351	4	IG-B	DCI	-1.56153927520406
LV7008886730	turquoise	0.565734163963363	GeoB25202_R1	75.351	4	IG-B	DCI	-0.964586638525363
LV7008886730	yellow	0.0336480275666515	GeoB25202_R1	75.351	4	IG-B	DCI	-0.787522125318314
LV7008886730	brown	0.00111449643445644	GeoB25202_R1	75.351	4	IG-B	DCI	0
LV7008886730	blue	0.0013173028622935	GeoB25202_R1	75.351	4	IG-B	DCI	11.6931064572651
LV7008886731	grey	0.521976233279629	GeoB25202_R2	87.2825	2	IG-D	DCI	-1.23303860318333
LV7008886731	turquoise	0.460046322503323	GeoB25202_R2	87.2825	2	IG-D	DCI	-2.00339961825547
LV7008886731	yellow	0.01134631773422	GeoB25202_R2	87.2825	2	IG-D	DCI	-0.454736157114947
LV7008886731	brown	0.00121301094198075	GeoB25202_R2	87.2825	2	IG-D	DCI	0
LV7008886731	green	0.00541811554084737	GeoB25202_R2	87.2825	2	IG-D	DCI	0
LV7008886739	grey	0.20434609159764	GeoB25202_R2	16.4375	3	IG-A	DCI	-1.25498677690502
LV7008886739	green	0.00881856866185978	GeoB25202_R2	16.4375	3	IG-A	DCI	-9.73033450000434
LV7008886739	turquoise	0.650740241496258	GeoB25202_R2	16.4375	3	IG-A	DCI	-1.63183324074411
LV7008886739	yellow	0.103250788772606	GeoB25202_R2	16.4375	3	IG-A	DCI	-2.3409036922231
LV7008886739	blue	0.0270387612405779	GeoB25202_R2	16.4375	3	IG-A	DCI	-1.99691761107002
LV7008886739	brown	0.00580554823105809	GeoB25202_R2	16.4375	3	IG-A	DCI	-2.3764549415605
LV7008886740	grey	0.256270455488345	GeoB25202_R1	43.105	1	G-A	DCI	-1.8187763283557
LV7008886740	turquoise	0.580439047126372	GeoB25202_R1	43.105	1	G-A	DCI	-2.10294267525746
LV7008886740	yellow	0.064722573639758	GeoB25202_R1	43.105	1	G-A	DCI	-1.30884793357199
LV7008886740	blue	0.00231508750723465	GeoB25202_R1	43.105	1	G-A	DCI	0
LV7008886740	green	0.0962528362382901	GeoB25202_R1	43.105	1	G-A	DCI	0
LV7008886741	turquoise	0.483773377337734	GeoB25202_R1	58.997	2	IG-D	DCI	-12.2823912804645
LV7008886741	grey	0.457563256325633	GeoB25202_R1	58.997	2	IG-D	DCI	-0.189464444306335
LV7008886741	yellow	0.0534653465346535	GeoB25202_R1	58.997	2	IG-D	DCI	0
LV7008886741	green	0.0051980198019802	GeoB25202_R1	58.997	2	IG-D	DCI	0
LV7008886742	grey	0.356002603971805	GeoB25202_R2	75.351	4	IG-B	DCI	-1.52493201663917
LV7008886742	green	0.0321313658879694	GeoB25202_R2	75.351	4	IG-B	DCI	-9.29648824447539
LV7008886742	turquoise	0.570397030873528	GeoB25202_R2	75.351	4	IG-B	DCI	-1.26138135467461
LV7008886742	yellow	0.0372555035093758	GeoB25202_R2	75.351	4	IG-B	DCI	-1.12204750632388
LV7008886742	blue	0.0031300040406459	GeoB25202_R2	75.351	4	IG-B	DCI	-12.166325855701
LV7008886742	brown	0.0010834917166759	GeoB25202_R2	75.351	4	IG-B	DCI	0
LV7008886743	green	0.017225820645628	GeoB25202_R1	81.6705	4	IG-B	DCI	-9.384885977468
LV7008886743	grey	0.511623094047499	GeoB25202_R1	81.6705	4	IG-B	DCI	-1.38086995116838
LV7008886743	turquoise	0.456785358705015	GeoB25202_R1	81.6705	4	IG-B	DCI	-2.00726250805099
LV7008886743	yellow	0.0139741883038188	GeoB25202_R1	81.6705	4	IG-B	DCI	-11.5135923539579
LV7008886743	brown	0.000391538298038953	GeoB25202_R1	81.6705	4	IG-B	DCI	0
LV7008886744	grey	0.625552561680746	GeoB25202_R1	105.5785	2	IG-D	DCI	-1.71268070227651
LV7008886744	turquoise	0.35549493225426	GeoB25202_R1	105.5785	2	IG-D	DCI	-1.40670664755598
LV7008886744	yellow	0.00493829528129105	GeoB25202_R1	105.5785	2	IG-D	DCI	-12.686338966721
LV7008886744	green	0.0134652449490349	GeoB25202_R1	105.5785	2	IG-D	DCI	0
LV7008886744	brown	0.000548965834667792	GeoB25202_R1	105.5785	2	IG-D	DCI	0
LV7008886745	grey	0.523979823320612	GeoB25202_R2	136.2775	2	IG-D	DCI	-3.16935812338039
LV7008886745	turquoise	0.423556806960421	GeoB25202_R2	136.2775	2	IG-D	DCI	-2.51686144051198
LV7008886745	yellow	0.0453574955296378	GeoB25202_R2	136.2775	2	IG-D	DCI	-11.6807260968872
LV7008886745	green	0.00710587418932985	GeoB25202_R2	136.2775	2	IG-D	DCI	0
LV7008886751	grey	0.505619797816883	GeoB25202_R1	7.1335	3	IG-A	DCI	-3.47612883346969
LV7008886751	turquoise	0.387870453039947	GeoB25202_R1	7.1335	3	IG-A	DCI	-1.92345493844566
LV7008886751	yellow	0.0318521211946661	GeoB25202_R1	7.1335	3	IG-A	DCI	-11.8472559837623
LV7008886751	brown	0.073104173266899	GeoB25202_R1	7.1335	3	IG-A	DCI	-2.06467469000932
LV7008886751	blue	0.000903631807839636	GeoB25202_R1	7.1335	3	IG-A	DCI	0
LV7008886751	green	0.000649822873765157	GeoB25202_R1	7.1335	3	IG-A	DCI	0
LV7008886752	grey	0.41978536554602	GeoB25202_R2	43.105	1	G-A	DCI	-2.48341744623653
LV7008886752	turquoise	0.519865774633823	GeoB25202_R2	43.105	1	G-A	DCI	-1.99547885985261
LV7008886752	yellow	0.0530226984869427	GeoB25202_R2	43.105	1	G-A	DCI	-0.360208516520044
LV7008886752	blue	0.0006543092438918	GeoB25202_R2	43.105	1	G-A	DCI	0
LV7008886752	green	0.00667185208932241	GeoB25202_R2	43.105	1	G-A	DCI	0
LV7008886753	turquoise	0.721817171254823	GeoB25202_R2	58.997	2	IG-D	DCI	-1.94487591584698
LV7008886753	yellow	0.0412607075132414	GeoB25202_R2	58.997	2	IG-D	DCI	-11.8445940915452
LV7008886753	grey	0.220471239564943	GeoB25202_R2	58.997	2	IG-D	DCI	-0.580882743554581
LV7008886753	blue	0.00152575252294078	GeoB25202_R2	58.997	2	IG-D	DCI	0
LV7008886753	green	0.0140151267464417	GeoB25202_R2	58.997	2	IG-D	DCI	0
LV7008886753	brown	0.000910002397611107	GeoB25202_R2	58.997	2	IG-D	DCI	0
LV7008886754	green	0.0483652707527194	GeoB25202_R1	71.8895	4	IG-B	DCI	-9.35690774815011
LV7008886754	grey	0.415870542297821	GeoB25202_R1	71.8895	4	IG-B	DCI	-2.38287258451822
LV7008886754	turquoise	0.496822986137707	GeoB25202_R1	71.8895	4	IG-B	DCI	-0.93826963859293
LV7008886754	yellow	0.0353481861042511	GeoB25202_R1	71.8895	4	IG-B	DCI	-0.905167815455408
LV7008886754	blue	0.00272227431403882	GeoB25202_R1	71.8895	4	IG-B	DCI	11.0442146607268
LV7008886754	brown	0.000870740393461963	GeoB25202_R1	71.8895	4	IG-B	DCI	-12.9495014866028
LV7008886755	green	0.0277773848646729	GeoB25202_R2	81.6705	4	IG-B	DCI	-9.03299233143949
LV7008886755	grey	0.427744065833377	GeoB25202_R2	81.6705	4	IG-B	DCI	-1.20344379388919
LV7008886755	turquoise	0.523067928389229	GeoB25202_R2	81.6705	4	IG-B	DCI	-1.44740628113399
LV7008886755	yellow	0.0214106209127214	GeoB25202_R2	81.6705	4	IG-B	DCI	-1.60011185925291
LV7008886756	grey	0.568752381457669	GeoB25202_R2	105.5785	4	IG-B	DCI	-1.76612769305555
LV7008886756	turquoise	0.39837506209877	GeoB25202_R2	105.5785	4	IG-B	DCI	-1.47812005277271
LV7008886756	yellow	0.0202285234721291	GeoB25202_R2	105.5785	4	IG-B	DCI	-11.87019632097
LV7008886756	green	0.0126440329714322	GeoB25202_R2	105.5785	4	IG-B	DCI	0
LV7008886757	grey	0.693283220174588	GeoB25202_R1	123.1195	2	IG-D	DCI	-1.63253511945314
LV7008886757	turquoise	0.270441319107662	GeoB25202_R1	123.1195	2	IG-D	DCI	-10.2294241290672
LV7008886757	yellow	0.0362754607177498	GeoB25202_R1	123.1195	2	IG-D	DCI	0
LV7008886763	grey	0.527880374862183	GeoB25202_R2	7.1335	3	IG-A	DCI	-2.96359106434219
LV7008886763	yellow	0.0208241455347299	GeoB25202_R2	7.1335	3	IG-A	DCI	-11.9503047110492
LV7008886763	turquoise	0.375458241455347	GeoB25202_R2	7.1335	3	IG-A	DCI	-2.4107882797596
LV7008886763	brown	0.0758372381477398	GeoB25202_R2	7.1335	3	IG-A	DCI	-2.07161839968158
LV7008886765	turquoise	0.508312186027241	GeoB25202_R1	58.181	1	G-A	DCI	-1.74790380213089
LV7008886765	grey	0.43200925302536	GeoB25202_R1	58.181	1	G-A	DCI	-2.35978642816606
LV7008886765	yellow	0.0513182848363334	GeoB25202_R1	58.181	1	G-A	DCI	-0.500503585696445
LV7008886765	brown	0.00209376826498376	GeoB25202_R1	58.181	1	G-A	DCI	-13.5453420680052
LV7008886765	green	0.00626650784608214	GeoB25202_R1	58.181	1	G-A	DCI	0
LV7008886766	grey	0.397021868284667	GeoB25202_R2	71.8895	4	IG-B	DCI	-2.34269495195912
LV7008886766	green	0.0530122614081659	GeoB25202_R2	71.8895	4	IG-B	DCI	-9.49120699163232
LV7008886766	turquoise	0.517042935996292	GeoB25202_R2	71.8895	4	IG-B	DCI	-0.700179471584819
LV7008886766	blue	0.00390342560991025	GeoB25202_R2	71.8895	4	IG-B	DCI	10.5760221924163
LV7008886766	yellow	0.0283950617283951	GeoB25202_R2	71.8895	4	IG-B	DCI	1.05621602292332
LV7008886766	brown	0.000624446972569839	GeoB25202_R2	71.8895	4	IG-B	DCI	0
LV7008886768	green	0.0334473979052822	GeoB25202_R1	102.2955	4	IG-B	DCI	-9.23745044599826
LV7008886768	grey	0.397435385163721	GeoB25202_R1	102.2955	4	IG-B	DCI	-1.41350137236246
LV7008886768	turquoise	0.536710305289218	GeoB25202_R1	102.2955	4	IG-B	DCI	-1.80095476720984
LV7008886768	yellow	0.0324069116417786	GeoB25202_R1	102.2955	4	IG-B	DCI	-2.03731231246243
LV7008886769	grey	0.617619942555229	GeoB25202_R2	123.1195	2	IG-D	DCI	0.309119764328059
LV7008886769	turquoise	0.329961703485692	GeoB25202_R2	123.1195	2	IG-D	DCI	-10.4980286082297
LV7008886769	yellow	0.0432165526045176	GeoB25202_R2	123.1195	2	IG-D	DCI	-10.0686096933014
LV7008886769	brown	0.00804935995177476	GeoB25202_R2	123.1195	2	IG-D	DCI	0
LV7008886769	blue	0.00115244140278714	GeoB25202_R2	123.1195	2	IG-D	DCI	0
LV7008886776	grey	0.294479623315473	GeoB25202_R1	36.607	1	G-A	DCI	-1.8722195529305
LV7008886776	green	0.0109733098529981	GeoB25202_R1	36.607	1	G-A	DCI	-9.78450805960497
LV7008886776	turquoise	0.593008355502267	GeoB25202_R1	36.607	1	G-A	DCI	-1.72369672594133
LV7008886776	yellow	0.0934017760125895	GeoB25202_R1	36.607	1	G-A	DCI	-1.38671373625709
LV7008886776	blue	0.00753618844217968	GeoB25202_R1	36.607	1	G-A	DCI	-0.547054562062449
LV7008886776	brown	0.000600746874492613	GeoB25202_R1	36.607	1	G-A	DCI	-15.2018049190842
LV7008886778	grey	0.324013586933656	GeoB25202_R1	68.149	4	IG-B	DCI	-1.53513998871746
LV7008886778	green	0.0323984602971137	GeoB25202_R1	68.149	4	IG-B	DCI	-9.48277340924706
LV7008886778	turquoise	0.605532009981703	GeoB25202_R1	68.149	4	IG-B	DCI	-0.937836798775094
LV7008886778	yellow	0.0358522266695464	GeoB25202_R1	68.149	4	IG-B	DCI	-0.958115613165824
LV7008886778	blue	0.00206721100418211	GeoB25202_R1	68.149	4	IG-B	DCI	-10.7294527847976
LV7008886778	brown	0.000136505113799452	GeoB25202_R1	68.149	4	IG-B	DCI	0
LV7008886780	green	0.03569975031141	GeoB25202_R2	102.2955	4	IG-B	DCI	-9.25523861549186
LV7008886780	grey	0.378224957422882	GeoB25202_R2	102.2955	4	IG-B	DCI	-1.87283350821358
LV7008886780	turquoise	0.549423653256883	GeoB25202_R2	102.2955	4	IG-B	DCI	-1.74341104882361
LV7008886780	yellow	0.0347097412185745	GeoB25202_R2	102.2955	4	IG-B	DCI	-1.24382904339829
LV7008886780	brown	0.00107073463607916	GeoB25202_R2	102.2955	4	IG-B	DCI	0
LV7008886780	blue	0.000871163154171212	GeoB25202_R2	102.2955	4	IG-B	DCI	0
LV7008886781	grey	0.601938623657644	GeoB25202_R1	120.0235	2	IG-D	DCI	0.405359719295563
LV7008886781	turquoise	0.366045931705748	GeoB25202_R1	120.0235	2	IG-D	DCI	-10.3829817040288
LV7008886781	yellow	0.0320154446366086	GeoB25202_R1	120.0235	2	IG-D	DCI	0
LV3003046936	grey	0.227473761205709	ST8	22.905	3	IG-A	MII	-2.04788219937426
LV3003046936	green	0.00578678109105755	ST8	22.905	3	IG-A	MII	-14.8444145149395
LV3003046936	turquoise	0.641368414785582	ST8	22.905	3	IG-A	MII	-2.78226734704039
LV3003046936	yellow	0.0947865812169357	ST8	22.905	3	IG-A	MII	-3.12006016143429
LV3003046936	blue	0.0232688562097062	ST8	22.905	3	IG-A	MII	-3.13181182584738
LV3003046936	brown	0.00731560549100992	ST8	22.905	3	IG-A	MII	-1.39924398415191
LV3003046937	grey	0.171712915879704	ST8	18.598	3	IG-A	MII	-2.37571047628578
LV3003046937	turquoise	0.714223449077437	ST8	18.598	3	IG-A	MII	-3.01974613331642
LV3003046937	yellow	0.0933077873020485	ST8	18.598	3	IG-A	MII	-3.26889759611624
LV3003046937	blue	0.0080833212262095	ST8	18.598	3	IG-A	MII	-3.57545774122419
LV3003046937	brown	0.00801067848321953	ST8	18.598	3	IG-A	MII	-2.39564808084147
LV3003046937	green	0.00466184803138167	ST8	18.598	3	IG-A	MII	-14.823030483124
LV3003046938	green	0.144800523217789	ST8	11.169	5	IG-C	MII	-14.8405458193994
LV3003046938	turquoise	0.511574858851323	ST8	11.169	5	IG-C	MII	-4.14515580838546
LV3003046938	grey	0.305049318615608	ST8	11.169	5	IG-C	MII	-2.90196531964172
LV3003046938	yellow	0.0332403464983116	ST8	11.169	5	IG-C	MII	-2.89171832160335
LV3003046938	blue	0.00533495281696721	ST8	11.169	5	IG-C	MII	-3.38317095376723
LV3003046939	green	0.0813613407686019	ST8	2.42	5	IG-C	MII	-14.8261556996606
LV3003046939	turquoise	0.66897950083558	ST8	2.42	5	IG-C	MII	-2.96401166848915
LV3003046939	grey	0.231337565710249	ST8	2.42	5	IG-C	MII	-1.65715512212725
LV3003046939	yellow	0.0165096898982638	ST8	2.42	5	IG-C	MII	-2.74444689159008
LV3003046939	blue	0.00181190278730497	ST8	2.42	5	IG-C	MII	-14.8726200396497
LV3003046949	grey	0.205364837223529	ST8	22.3686666666667	3	IG-A	MII	-1.90469518725617
LV3003046949	green	0.00507044407485997	ST8	22.3686666666667	3	IG-A	MII	-14.8514224782174
LV3003046949	turquoise	0.676260824683145	ST8	22.3686666666667	3	IG-A	MII	-2.736639422607
LV3003046949	yellow	0.0870814933761542	ST8	22.3686666666667	3	IG-A	MII	-3.08234098709662
LV3003046949	blue	0.0202557779434536	ST8	22.3686666666667	3	IG-A	MII	-3.29316170394742
LV3003046949	brown	0.00596662269885875	ST8	22.3686666666667	3	IG-A	MII	-1.94161276384277
LV3003046950	grey	0.235457542404424	ST8	18.099	3	IG-A	MII	-2.08913473178848
LV3003046950	turquoise	0.620739618227256	ST8	18.099	3	IG-A	MII	-3.31827889204565
LV3003046950	yellow	0.113617028475858	ST8	18.099	3	IG-A	MII	-3.19910736189328
LV3003046950	blue	0.0156131421085959	ST8	18.099	3	IG-A	MII	-2.61187194243039
LV3003046950	brown	0.00863919140358764	ST8	18.099	3	IG-A	MII	-2.06268981121691
LV3003046950	green	0.0059334773802791	ST8	18.099	3	IG-A	MII	-14.8961413706237
LV3003046952	green	0.17778202178914	ST8	10.26	5	IG-C	MII	-14.7643125906161
LV3003046952	turquoise	0.535038847172186	ST8	10.26	5	IG-C	MII	-4.14659025517557
LV3003046952	yellow	0.030918008594123	ST8	10.26	5	IG-C	MII	-3.05308542763763
LV3003046952	grey	0.251497026780676	ST8	10.26	5	IG-C	MII	-2.83927102581746
LV3003046952	blue	0.0047640956638743	ST8	10.26	5	IG-C	MII	-4.06294770816143
LV3003046953	grey	0.283958253048404	ST8	1.5215	5	IG-C	MII	-2.94674040099732
LV3003046953	green	0.0417201394594673	ST8	1.5215	5	IG-C	MII	-14.7860802647917
LV3003046953	turquoise	0.654451541834205	ST8	1.5215	5	IG-C	MII	-2.52366308756682
LV3003046953	yellow	0.0175433175065985	ST8	1.5215	5	IG-C	MII	-2.96294294646754
LV3003046953	blue	0.00227539609251732	ST8	1.5215	5	IG-C	MII	-3.40601034216716
LV3003046953	brown	5.13520588085595e-05	ST8	1.5215	5	IG-C	MII	0
LV3003046965	grey	0.2215519533301	ST8	21.8323333333333	3	IG-A	MII	-2.0287855970925
LV3003046965	green	0.00615963400491513	ST8	21.8323333333333	3	IG-A	MII	-14.8575966950158
LV3003046965	turquoise	0.639078703999283	ST8	21.8323333333333	3	IG-A	MII	-2.71347364491866
LV3003046965	yellow	0.0932635673466976	ST8	21.8323333333333	3	IG-A	MII	-2.94352608109502
LV3003046965	blue	0.0243288390747971	ST8	21.8323333333333	3	IG-A	MII	-3.1540319843831
LV3003046965	brown	0.015617302244207	ST8	21.8323333333333	3	IG-A	MII	-1.63197138139758
LV3003046966	grey	0.308766514849249	ST8	17.373	3	IG-A	MII	-2.01486112899946
LV3003046966	turquoise	0.569730618185468	ST8	17.373	3	IG-A	MII	-2.93935816437223
LV3003046966	yellow	0.0980238641924192	ST8	17.373	3	IG-A	MII	-3.0155113467759
LV3003046966	blue	0.00982421801483043	ST8	17.373	3	IG-A	MII	-2.40161195967212
LV3003046966	brown	0.0112784030313296	ST8	17.373	3	IG-A	MII	-1.53160068258893
LV3003046966	green	0.00237638172670355	ST8	17.373	3	IG-A	MII	-14.9812484355291
LV3003046978	grey	0.239493854641152	ST8	21.296	3	IG-A	MII	-1.9473076388225
LV3003046978	green	0.00421811197897472	ST8	21.296	3	IG-A	MII	-14.8373614860081
LV3003046978	turquoise	0.649486055802063	ST8	21.296	3	IG-A	MII	-2.48749821798025
LV3003046978	yellow	0.0727980563973294	ST8	21.296	3	IG-A	MII	-3.01387738524677
LV3003046978	blue	0.0166049989786399	ST8	21.296	3	IG-A	MII	-2.919772496211
LV3003046978	brown	0.0173989222018418	ST8	21.296	3	IG-A	MII	-1.81476150411556
LV3003046979	grey	0.284580822468627	ST8	16.461	3	IG-A	MII	-1.53879924463283
LV3003046979	green	0.0263373776430273	ST8	16.461	3	IG-A	MII	-14.7317876583388
LV3003046979	turquoise	0.578187294800199	ST8	16.461	3	IG-A	MII	-3.19651554080892
LV3003046979	yellow	0.055281207871774	ST8	16.461	3	IG-A	MII	-3.04518994993031
LV3003046979	blue	0.00238565804849941	ST8	16.461	3	IG-A	MII	-14.9510546657124
LV3003046979	brown	0.0532276391678739	ST8	16.461	3	IG-A	MII	-1.23741245253123
LV3003046980	green	0.13853008381725	ST8	8.056	5	IG-C	MII	-14.7200853583965
LV3003046980	turquoise	0.609220071030392	ST8	8.056	5	IG-C	MII	-3.53565519612557
LV3003046980	yellow	0.0266563492738209	ST8	8.056	5	IG-C	MII	-2.85096829478922
LV3003046980	grey	0.221884092419319	ST8	8.056	5	IG-C	MII	-2.83452546790763
LV3003046980	blue	0.00370940345921825	ST8	8.056	5	IG-C	MII	-15.2085640638011
LV3003046993	grey	0.284711030558345	ST8	20.719	3	IG-A	MII	-2.19862462350392
LV3003046993	green	0.0337366414394997	ST8	20.719	3	IG-A	MII	-14.7961885520477
LV3003046993	turquoise	0.463899842432258	ST8	20.719	3	IG-A	MII	-3.02028367919306
LV3003046993	yellow	0.0351441377452301	ST8	20.719	3	IG-A	MII	-3.06521090274778
LV3003046993	blue	0.0121065909035245	ST8	20.719	3	IG-A	MII	-4.35491570730295
LV3003046993	brown	0.170401756921143	ST8	20.719	3	IG-A	MII	-0.38018252469442
LV3003046994	turquoise	0.417734879657566	ST8	15.549	3	IG-A	MII	-3.01506205965689
LV3003046994	grey	0.444926001825191	ST8	15.549	3	IG-A	MII	-2.04276496294117
LV3003046994	yellow	0.0216749536395021	ST8	15.549	3	IG-A	MII	-3.20635329986931
LV3003046994	brown	0.114292024045753	ST8	15.549	3	IG-A	MII	-0.54155684762376
LV3003046994	green	0.00120975730157545	ST8	15.549	3	IG-A	MII	-14.3691642164969
LV3003046994	blue	0.000162383530412811	ST8	15.549	3	IG-A	MII	-14.9141228466324
LV3003046995	grey	0.202181385829952	ST8	6.9705	5	IG-C	MII	-3.63833319375549
LV3003046995	green	0.197519381167947	ST8	6.9705	5	IG-C	MII	-14.8508709213315
LV3003046995	turquoise	0.572071207214587	ST8	6.9705	5	IG-C	MII	-3.42233686343038
LV3003046995	yellow	0.0233982003353571	ST8	6.9705	5	IG-C	MII	-2.93393535185108
LV3003046995	blue	0.00482982545215614	ST8	6.9705	5	IG-C	MII	-3.85424520476133
LV3003047009	grey	0.386984755450892	ST8	20.142	3	IG-A	MII	-2.04503425783258
LV3003047009	turquoise	0.433729992549043	ST8	20.142	3	IG-A	MII	-2.72572936260339
LV3003047009	yellow	0.0284808749707672	ST8	20.142	3	IG-A	MII	-3.27601524517545
LV3003047009	brown	0.144040050253169	ST8	20.142	3	IG-A	MII	-0.976349033122434
LV3003047009	blue	0.00609945123974134	ST8	20.142	3	IG-A	MII	-3.49752392500554
LV3003047009	green	0.000664875536387319	ST8	20.142	3	IG-A	MII	-14.4222039305482
LV3003047010	green	0.154002613653786	ST8	13.676	5	IG-C	MII	-14.7268340570212
LV3003047010	turquoise	0.614169215830857	ST8	13.676	5	IG-C	MII	-3.38708178494365
LV3003047010	grey	0.193690727369628	ST8	13.676	5	IG-C	MII	-3.20056975159481
LV3003047010	yellow	0.031258715221248	ST8	13.676	5	IG-C	MII	-3.12342489441823
LV3003047010	blue	0.00658523942674834	ST8	13.676	5	IG-C	MII	-4.58845722519732
LV3003047010	brown	0.00029348849773313	ST8	13.676	5	IG-C	MII	-15.3195879547405
LV3003047013	grey	0.199405300624319	ST8	5.885	5	IG-C	MII	-2.79049262885529
LV3003047013	green	0.0990995586652669	ST8	5.885	5	IG-C	MII	-14.7446831080043
LV3003047013	turquoise	0.678834362894972	ST8	5.885	5	IG-C	MII	-3.36386817136457
LV3003047013	yellow	0.0202648666616203	ST8	5.885	5	IG-C	MII	-3.23316066081883
LV3003047013	blue	0.0023959111538221	ST8	5.885	5	IG-C	MII	-3.3301616085454
LV3003047026	grey	0.4107582756752	ST8	19.565	3	IG-A	MII	-2.26585567166326
LV3003047026	turquoise	0.433194051582276	ST8	19.565	3	IG-A	MII	-2.56370560051748
LV3003047026	yellow	0.0258558885963771	ST8	19.565	3	IG-A	MII	-3.20168744812207
LV3003047026	green	0.00188826620761828	ST8	19.565	3	IG-A	MII	-14.7547065514173
LV3003047026	blue	0.00778056678319822	ST8	19.565	3	IG-A	MII	-4.45295891217541
LV3003047026	brown	0.120522951155331	ST8	19.565	3	IG-A	MII	-1.04078371725926
LV3003047027	green	0.0887700842881602	ST8	12.877	5	IG-C	MII	-14.7745393852454
LV3003047027	turquoise	0.610781860485535	ST8	12.877	5	IG-C	MII	-3.0225809664032
LV3003047027	grey	0.241959425347908	ST8	12.877	5	IG-C	MII	-2.31749333235008
LV3003047027	yellow	0.0515386979235261	ST8	12.877	5	IG-C	MII	-3.12892833069195
LV3003047027	blue	0.00636962772729268	ST8	12.877	5	IG-C	MII	-3.97156200311761
LV3003047027	brown	0.000580304227578032	ST8	12.877	5	IG-C	MII	13.7976209932135
LV3003047028	turquoise	0.802540804307589	ST8	4.753	2	IG-D	MII	-14.2947166561255
LV3003047028	grey	0.151018004374895	ST8	4.753	2	IG-D	MII	-2.69676885663817
LV3003047028	green	0.0464411913175164	ST8	4.753	2	IG-D	MII	-14.401181459647
LV3003047041	grey	0.21422974392921	ST8	19.097	3	IG-A	MII	-2.3524918254163
LV3003047041	turquoise	0.676038449498645	ST8	19.097	3	IG-A	MII	-2.76318073937515
LV3003047041	yellow	0.0692744960033178	ST8	19.097	3	IG-A	MII	-3.29662064188456
LV3003047041	blue	0.0160133136340465	ST8	19.097	3	IG-A	MII	-3.29265661434389
LV3003047041	brown	0.0189961206229069	ST8	19.097	3	IG-A	MII	-1.61904360188323
LV3003047041	green	0.00544787631187347	ST8	19.097	3	IG-A	MII	-14.8273221675526
LV3003047044	grey	0.309383583789876	ST8	12.078	1	G-A	MII	-1.66654897628607
LV3003047044	turquoise	0.573911624547864	ST8	12.078	1	G-A	MII	-3.49847421493985
LV3003047044	yellow	0.110618894083021	ST8	12.078	1	G-A	MII	-3.38494173325365
LV3003047044	green	0.00309129752907723	ST8	12.078	1	G-A	MII	-14.9543581588243
LV3003047044	blue	0.00180703413723185	ST8	12.078	1	G-A	MII	-2.18554804767438
LV3003047044	brown	0.00118756591292996	ST8	12.078	1	G-A	MII	13.423315786777
LV3003047045	grey	0.177549232955595	ST8	3.5865	5	IG-C	MII	-1.96526300802065
LV3003047045	green	0.12462361843623	ST8	3.5865	5	IG-C	MII	-14.7569966817459
LV3003047045	turquoise	0.673032654190356	ST8	3.5865	5	IG-C	MII	-3.46735085481537
LV3003047045	yellow	0.0226283342537933	ST8	3.5865	5	IG-C	MII	-2.96362365955863
LV3003047045	blue	0.00216616016402496	ST8	3.5865	5	IG-C	MII	-14.9878685059085
LV3003047059	turquoise	0.321071033303149	ST8	107.683	2	IG-D	MII	-3.63309960096451
LV3003047059	grey	0.648480732468055	ST8	107.683	2	IG-D	MII	-2.0636226924514
LV3003047059	yellow	0.0270399436563035	ST8	107.683	2	IG-D	MII	-3.29828484764297
LV3003047059	green	0.0034082905724922	ST8	107.683	2	IG-D	MII	-14.2209756660724
LV3003047060	turquoise	0.64129092689573	ST8	106.686	2	IG-D	MII	-4.5737226674464
LV3003047060	grey	0.295589049261293	ST8	106.686	2	IG-D	MII	-2.31760123414206
LV3003047060	yellow	0.0482394516115298	ST8	106.686	2	IG-D	MII	-3.65427103876282
LV3003047060	blue	0.00227785583514285	ST8	106.686	2	IG-D	MII	-14.9141228466324
LV3003047060	green	0.0126027163963043	ST8	106.686	2	IG-D	MII	-14.2039394789199
LV3003047061	turquoise	0.433517055700897	ST8	105.689	2	IG-D	MII	-5.16938145909405
LV3003047061	grey	0.536968834929263	ST8	105.689	2	IG-D	MII	-2.11090024949763
LV3003047061	yellow	0.0295141093698407	ST8	105.689	2	IG-D	MII	-2.9104585164629
LV3003047062	grey	0.584121415497254	ST8	104.692	2	IG-D	MII	-1.71080697903681
LV3003047062	turquoise	0.369000406752085	ST8	104.692	2	IG-D	MII	-2.71463885604352
LV3003047062	yellow	0.0382601179581045	ST8	104.692	2	IG-D	MII	-14.6631880330471
LV3003047062	brown	0.00861805979255644	ST8	104.692	2	IG-D	MII	-13.7886031050444
LV3003047063	grey	0.777529459569281	ST8	103.695	2	IG-D	MII	-1.83470279785397
LV3003047063	turquoise	0.189028850060951	ST8	103.695	2	IG-D	MII	-3.48519266365152
LV3003047063	yellow	0.0334416903697684	ST8	103.695	2	IG-D	MII	-14.9827916477932
LV3003047064	turquoise	0.0883517495395948	ST8	96.283	2	IG-D	MII	-13.8113330061968
LV3003047064	grey	0.911648250460405	ST8	96.283	2	IG-D	MII	-3.0292496050851
LV3003047065	turquoise	0.637418689285612	ST8	53.61018	2	IG-D	MII	-3.42404427903718
LV3003047065	grey	0.289788520503195	ST8	53.61018	2	IG-D	MII	-1.52213654414218
LV3003047065	yellow	0.0612158638278362	ST8	53.61018	2	IG-D	MII	-3.37135576789762
LV3003047065	brown	0.00697051322463249	ST8	53.61018	2	IG-D	MII	-1.10100177606549
LV3003047065	blue	0.00460641315872425	ST8	53.61018	2	IG-D	MII	-14.197371108303
LV3003047067	turquoise	0.688699129285169	ST8	42.86602	1	G-A	MII	-2.76340695368535
LV3003047067	grey	0.210128358645651	ST8	42.86602	1	G-A	MII	-1.65631891592509
LV3003047067	yellow	0.0850450528551536	ST8	42.86602	1	G-A	MII	-3.20186963446478
LV3003047067	green	0.0113973157926106	ST8	42.86602	1	G-A	MII	-14.8051109536839
LV3003047067	blue	0.00156045968541566	ST8	42.86602	1	G-A	MII	-15.1351808914556
LV3003047067	brown	0.00316968373600056	ST8	42.86602	1	G-A	MII	-0.0167134809737406
LV3003047068	turquoise	0.745866883456402	ST8	37.78969	1	G-A	MII	-3.20575401896229
LV3003047068	yellow	0.0724480261227133	ST8	37.78969	1	G-A	MII	-3.03371588094444
LV3003047068	grey	0.175788589528651	ST8	37.78969	1	G-A	MII	-1.61998650388688
LV3003047068	blue	0.00315402078617763	ST8	37.78969	1	G-A	MII	-2.75735226699769
LV3003047068	brown	0.00107945096425331	ST8	37.78969	1	G-A	MII	13.8417264000952
LV3003047068	green	0.00166302914180275	ST8	37.78969	1	G-A	MII	-14.7490951051145
LV3003047069	turquoise	0.704385347284714	ST8	33.7436870748299	1	G-A	MII	-3.50727883971867
LV3003047069	grey	0.197801866794182	ST8	33.7436870748299	1	G-A	MII	-1.81682922462992
LV3003047069	yellow	0.089205501733882	ST8	33.7436870748299	1	G-A	MII	-3.2122988947885
LV3003047069	brown	0.00220641668141376	ST8	33.7436870748299	1	G-A	MII	0.132528215814093
LV3003047069	blue	0.0015889212279123	ST8	33.7436870748299	1	G-A	MII	-2.23297626830006
LV3003047069	green	0.00481194627789555	ST8	33.7436870748299	1	G-A	MII	-14.8163840550347
LV3003047070	turquoise	0.610565232330708	ST8	30.128	1	G-A	MII	-3.03892130694015
LV3003047070	yellow	0.08218137125337	ST8	30.128	1	G-A	MII	-3.63375732880191
LV3003047070	grey	0.3005662895808	ST8	30.128	1	G-A	MII	-1.7413409015442
LV3003047070	brown	0.00389200190305017	ST8	30.128	1	G-A	MII	-14.5633725920514
LV3003047070	blue	0.00279510493207168	ST8	30.128	1	G-A	MII	-14.3912070944282
LV3003047071	grey	0.331271922142431	ST8	26.141	1	G-A	MII	-1.7917919694238
LV3003047071	turquoise	0.556053318243265	ST8	26.141	1	G-A	MII	-2.7088939739384
LV3003047071	yellow	0.106717326183515	ST8	26.141	1	G-A	MII	-3.29697721479203
LV3003047071	brown	0.00118789381262266	ST8	26.141	1	G-A	MII	-14.8210785288247
LV3003047071	blue	0.00421713531210843	ST8	26.141	1	G-A	MII	-1.30483689254072
LV3003047071	green	0.000552404306058932	ST8	26.141	1	G-A	MII	-14.9141228466324
LV3003047073	grey	0.938944614042739	ST8	101.685	2	IG-D	MII	-1.62563259835408
LV3003047073	turquoise	0.0610553859572612	ST8	101.685	2	IG-D	MII	0
LV3003047074	grey	0.865113427345187	ST8	100.672	2	IG-D	MII	-0.928917380646446
LV3003047074	brown	0.0235438381361128	ST8	100.672	2	IG-D	MII	0
LV3003047074	turquoise	0.1113427345187	ST8	100.672	2	IG-D	MII	-13.9140194610078
LV3003047077	turquoise	0.397366080145799	ST8	99.7145	2	IG-D	MII	-3.06499159553805
LV3003047077	grey	0.545507799787377	ST8	99.7145	2	IG-D	MII	-1.46308184200261
LV3003047077	yellow	0.0504653836974681	ST8	99.7145	2	IG-D	MII	-2.6564207609587
LV3003047077	brown	0.00397040637000716	ST8	99.7145	2	IG-D	MII	0
LV3003047077	blue	0.00269032999934911	ST8	99.7145	2	IG-D	MII	-1.09861228866811
LV3003047078	grey	0.750447894893998	ST8	98.757	2	IG-D	MII	-1.21804979495324
LV3003047078	turquoise	0.230889817856076	ST8	98.757	2	IG-D	MII	-3.52181011613127
LV3003047078	yellow	0.0186622872499254	ST8	98.757	2	IG-D	MII	-14.2129434943752
LV3003047079	green	0.0723281441315375	ST8	97.52	4	IG-B	MII	-14.6859282693253
LV3003047079	turquoise	0.404740248382019	ST8	97.52	4	IG-B	MII	-3.87625741828296
LV3003047079	grey	0.470928808815813	ST8	97.52	4	IG-B	MII	-2.08418499333317
LV3003047079	yellow	0.0265932015625911	ST8	97.52	4	IG-B	MII	-3.08931820065976
LV3003047079	blue	0.000857092880881581	ST8	97.52	4	IG-B	MII	-15.3195879547405
LV3003047079	brown	0.0245525042271588	ST8	97.52	4	IG-B	MII	0
LV3003047080	turquoise	0.626681091877497	ST8	87.9935	4	IG-B	MII	-2.73183562126688
LV3003047080	yellow	0.0326786506879716	ST8	87.9935	4	IG-B	MII	-2.7517861848227
LV3003047080	grey	0.316419773635153	ST8	87.9935	4	IG-B	MII	-2.23277964112017
LV3003047080	green	0.0242204837993786	ST8	87.9935	4	IG-B	MII	-14.6218872239244
LV3003047081	turquoise	0.660182101757788	ST8	52.20718	1	G-A	MII	-2.86945518578794
LV3003047081	grey	0.250885216878135	ST8	52.20718	1	G-A	MII	-1.92693970595964
LV3003047081	yellow	0.0757527856229538	ST8	52.20718	1	G-A	MII	-3.06078382841267
LV3003047081	brown	0.00176692099088086	ST8	52.20718	1	G-A	MII	-15.4239539402319
LV3003047081	blue	0.0040888589132909	ST8	52.20718	1	G-A	MII	-14.9072262675733
LV3003047081	green	0.00732411583695148	ST8	52.20718	1	G-A	MII	-14.8604285907073
LV3003047082	turquoise	0.730862192030323	ST8	41.9168333333333	1	G-A	MII	-2.87378571850902
LV3003047082	yellow	0.0696202220089099	ST8	41.9168333333333	1	G-A	MII	-3.49790395898837
LV3003047082	grey	0.19097196583721	ST8	41.9168333333333	1	G-A	MII	-2.15841473053485
LV3003047082	green	0.00663565433557311	ST8	41.9168333333333	1	G-A	MII	-14.6254511649954
LV3003047082	brown	0.00140293878756553	ST8	41.9168333333333	1	G-A	MII	-13.4588356140255
LV3003047082	blue	0.00050702700041842	ST8	41.9168333333333	1	G-A	MII	-15.8304135785065
LV3003047083	grey	0.186732032421809	ST8	37.30319	1	G-A	MII	-1.45125150863481
LV3003047083	turquoise	0.722534191412802	ST8	37.30319	1	G-A	MII	-3.04747886569037
LV3003047083	yellow	0.0827280720550314	ST8	37.30319	1	G-A	MII	-2.98089305347356
LV3003047083	blue	0.00179915916093423	ST8	37.30319	1	G-A	MII	-2.10684051586795
LV3003047083	green	0.00566716663834315	ST8	37.30319	1	G-A	MII	-14.8591860600899
LV3003047083	brown	0.000539378311080899	ST8	37.30319	1	G-A	MII	0
LV3003047084	grey	0.281261293312487	ST8	33.276	4	IG-B	MII	-2.14511412979358
LV3003047084	green	0.0277724204435873	ST8	33.276	4	IG-B	MII	-14.8437420498706
LV3003047084	turquoise	0.610287329956652	ST8	33.276	4	IG-B	MII	-3.60734106626959
LV3003047084	yellow	0.0764284577431164	ST8	33.276	4	IG-B	MII	-3.42248224555377
LV3003047084	blue	0.00287798073232158	ST8	33.276	4	IG-B	MII	-15.1856537174072
LV3003047084	brown	0.00137251781183586	ST8	33.276	4	IG-B	MII	-1.16091617200426
LV3003047085	grey	0.324393462776151	ST8	29.703	1	G-A	MII	-1.75678073598808
LV3003047085	turquoise	0.557198448855624	ST8	29.703	1	G-A	MII	-2.99363260008452
LV3003047085	yellow	0.108051307083198	ST8	29.703	1	G-A	MII	-3.25422926385441
LV3003047085	brown	0.00509364717792964	ST8	29.703	1	G-A	MII	-13.7596300995698
LV3003047085	blue	0.0047659724482048	ST8	29.703	1	G-A	MII	-2.0857988421753
LV3003047085	green	0.000497161658892866	ST8	29.703	1	G-A	MII	-14.9141228466324
LV3003047087	turquoise	0.517440845193399	ST8	94.9015	2	IG-D	MII	-3.22108986691261
LV3003047087	grey	0.410678424866847	ST8	94.9015	2	IG-D	MII	-1.79783269547614
LV3003047087	yellow	0.0539814895660526	ST8	94.9015	2	IG-D	MII	-2.20390717977059
LV3003047087	green	0.0178992403737012	ST8	94.9015	2	IG-D	MII	-14.3910271302746
LV3003047088	grey	0.451371679492196	ST8	93.52	2	IG-D	MII	-1.87183181926646
LV3003047088	turquoise	0.488174427198818	ST8	93.52	2	IG-D	MII	-4.74623063526298
LV3003047088	yellow	0.00934741967740533	ST8	93.52	2	IG-D	MII	-13.6210222624104
LV3003047088	green	0.0511064736315812	ST8	93.52	2	IG-D	MII	-14.4200984335137
LV3003047089	turquoise	0.434981085022296	ST8	92.1385	2	IG-D	MII	-2.5872964052743
LV3003047089	grey	0.51028171693049	ST8	92.1385	2	IG-D	MII	-1.73860410671042
LV3003047089	green	0.0503976724362632	ST8	92.1385	2	IG-D	MII	-14.5930885592188
LV3003047089	blue	0.00154278589090602	ST8	92.1385	2	IG-D	MII	-15.1490686230032
LV3003047089	yellow	0.00279673972004424	ST8	92.1385	2	IG-D	MII	-14.5061356690915
LV3003047090	grey	0.45689436262062	ST8	90.757	2	IG-D	MII	-2.16953400136738
LV3003047090	turquoise	0.526890009431909	ST8	90.757	2	IG-D	MII	-2.14424645160558
LV3003047090	yellow	0.00840709569759849	ST8	90.757	2	IG-D	MII	-14.777968198125
LV3003047090	green	0.00780853224987303	ST8	90.757	2	IG-D	MII	-13.7128564039042
LV3003047091	turquoise	0.588063828512238	ST8	89.37525	4	IG-B	MII	-3.29222160186307
LV3003047091	grey	0.347350038095075	ST8	89.37525	4	IG-B	MII	-2.56728282149052
LV3003047091	green	0.0473534623714826	ST8	89.37525	4	IG-B	MII	-14.6399975648293
LV3003047091	yellow	0.0167917954337274	ST8	89.37525	4	IG-B	MII	-3.14723971154064
LV3003047091	blue	0.000440875587477421	ST8	89.37525	4	IG-B	MII	-15.3195879547405
LV3003047093	green	0.048982332968559	ST8	79.675	4	IG-B	MII	-14.8002412144652
LV3003047093	turquoise	0.641136918824767	ST8	79.675	4	IG-B	MII	-3.04144679824531
LV3003047093	yellow	0.0289794968253926	ST8	79.675	4	IG-B	MII	-3.01425753307564
LV3003047093	grey	0.280901251381282	ST8	79.675	4	IG-B	MII	-2.09952486215327
LV3003047094	turquoise	0.733290350311627	ST8	50.6848	1	G-A	MII	-2.69697318769606
LV3003047094	grey	0.209987863617401	ST8	50.6848	1	G-A	MII	-1.57101497690126
LV3003047094	green	0.013492244092995	ST8	50.6848	1	G-A	MII	-14.7751219170263
LV3003047094	yellow	0.0427365014348744	ST8	50.6848	1	G-A	MII	-2.86682397611485
LV3003047094	blue	0.000493040543103121	ST8	50.6848	1	G-A	MII	-15.3195879547405
LV3003047095	turquoise	0.787720841649876	ST8	40.9751666666667	1	G-A	MII	-3.17041902940901
LV3003047095	grey	0.148959919782808	ST8	40.9751666666667	1	G-A	MII	-1.59399545980333
LV3003047095	green	0.00709783407275674	ST8	40.9751666666667	1	G-A	MII	-14.8382363057573
LV3003047095	yellow	0.0539826385275857	ST8	40.9751666666667	1	G-A	MII	-3.11712792012487
LV3003047095	blue	0.000971182982856098	ST8	40.9751666666667	1	G-A	MII	-15.1916069926467
LV3003047095	brown	0.00126758298411737	ST8	40.9751666666667	1	G-A	MII	13.0285446221867
LV3003047096	grey	0.206086277564696	ST8	36.89377	1	G-A	MII	-1.60874790752112
LV3003047096	turquoise	0.725614407123498	ST8	36.89377	1	G-A	MII	-2.61538575002206
LV3003047096	yellow	0.063336813576193	ST8	36.89377	1	G-A	MII	-3.03588737908654
LV3003047096	blue	0.00186815108942421	ST8	36.89377	1	G-A	MII	-14.9920843881021
LV3003047096	brown	0.00268321314774442	ST8	36.89377	1	G-A	MII	-0.658901602046778
LV3003047096	green	0.00041113749844471	ST8	36.89377	1	G-A	MII	-15.1337514558392
LV3003047097	grey	0.301257517769273	ST8	32.835	1	G-A	MII	-2.05430710836912
LV3003047097	turquoise	0.596316523427181	ST8	32.835	1	G-A	MII	-3.07637244173236
LV3003047097	yellow	0.0888310060756476	ST8	32.835	1	G-A	MII	-3.49048763126991
LV3003047097	green	0.0118134180279025	ST8	32.835	1	G-A	MII	-14.8355848998072
LV3003047097	blue	0.000666539706722529	ST8	32.835	1	G-A	MII	-14.9141228466324
LV3003047097	brown	0.00111499499327317	ST8	32.835	1	G-A	MII	13.8795324167292
LV3003047098	turquoise	0.584160348810725	ST8	29.278	1	G-A	MII	-2.81033995896554
LV3003047098	grey	0.324862525623922	ST8	29.278	1	G-A	MII	-1.61924620705438
LV3003047098	yellow	0.089215989327433	ST8	29.278	1	G-A	MII	-3.76344116148854
LV3003047098	blue	0.00115104285295936	ST8	29.278	1	G-A	MII	-14.9141228466324
LV3003047098	brown	0.000610093384960791	ST8	29.278	1	G-A	MII	0
LV3003047099	turquoise	0.633982592134386	ST8	25.058	1	G-A	MII	-2.75420626762586
LV3003047099	grey	0.245170403042492	ST8	25.058	1	G-A	MII	-2.23322989006502
LV3003047099	yellow	0.104532858392253	ST8	25.058	1	G-A	MII	-3.23917919934233
LV3003047099	brown	0.00273728626157221	ST8	25.058	1	G-A	MII	-2.71802973798935
LV3003047099	blue	0.0114571566887204	ST8	25.058	1	G-A	MII	-2.4741118924708
LV3003047099	green	0.00211970348057702	ST8	25.058	1	G-A	MII	-14.8510869553793
LV3003047100	green	0.050909239971873	ST8	86.61175	4	IG-B	MII	-14.6876056953603
LV3003047100	turquoise	0.601110575058414	ST8	86.61175	4	IG-B	MII	-3.01775272576509
LV3003047100	grey	0.316810297256987	ST8	86.61175	4	IG-B	MII	-2.19119068908769
LV3003047100	yellow	0.0301040888207787	ST8	86.61175	4	IG-B	MII	-3.81642945214402
LV3003047100	blue	0.00106579889194754	ST8	86.61175	4	IG-B	MII	-14.8749021334791
LV3003047101	turquoise	0.701466889388092	ST8	85.23	2	IG-D	MII	-2.77300131925929
LV3003047101	grey	0.241758347253422	ST8	85.23	2	IG-D	MII	-2.39200722207449
LV3003047101	yellow	0.0352274254555229	ST8	85.23	2	IG-D	MII	-3.90696037804176
LV3003047101	green	0.0204529308987577	ST8	85.23	2	IG-D	MII	-14.5080708496054
LV3003047101	blue	0.00109440700420483	ST8	85.23	2	IG-D	MII	-15.1581004848494
LV3003047104	turquoise	0.712750067891735	ST8	83.84125	2	IG-D	MII	-2.21283612441339
LV3003047104	grey	0.275663075948221	ST8	83.84125	2	IG-D	MII	-2.00606769411555
LV3003047104	yellow	0.00761518964424731	ST8	83.84125	2	IG-D	MII	-14.6028866910303
LV3003047104	green	0.00397166651579614	ST8	83.84125	2	IG-D	MII	-14.2209756660724
LV3003047105	turquoise	0.574151414980247	ST8	82.4525	2	IG-D	MII	-2.37941306357276
LV3003047105	grey	0.415399500120938	ST8	82.4525	2	IG-D	MII	-2.54816409920079
LV3003047105	yellow	0.00765943723292752	ST8	82.4525	2	IG-D	MII	-14.4711198192052
LV3003047105	green	0.00278964766588729	ST8	82.4525	2	IG-D	MII	-14.2209756660724
LV3003047106	grey	0.359714420123419	ST8	81.06375	2	IG-D	MII	-2.04739514005651
LV3003047106	turquoise	0.613935855217644	ST8	81.06375	2	IG-D	MII	-3.08307789299656
LV3003047106	green	0.0116999197498409	ST8	81.06375	2	IG-D	MII	-14.7912119746194
LV3003047106	yellow	0.0146498049090959	ST8	81.06375	2	IG-D	MII	-3.69055871563366
LV3003047107	turquoise	0.677403235092827	ST8	71.517	4	IG-B	MII	-2.99782562999421
LV3003047107	grey	0.236483330255396	ST8	71.517	4	IG-B	MII	-2.04648760127254
LV3003047107	yellow	0.0572858389550947	ST8	71.517	4	IG-B	MII	-3.43268902701392
LV3003047107	green	0.0284546221560768	ST8	71.517	4	IG-B	MII	-14.5814991379064
LV3003047107	brown	0.000372973540605231	ST8	71.517	4	IG-B	MII	-15.6072700271923
LV3003047110	grey	0.269089796681415	ST8	49.1548	1	G-A	MII	-1.59318260851359
LV3003047110	turquoise	0.67116660340696	ST8	49.1548	1	G-A	MII	-3.12903056208879
LV3003047110	yellow	0.05828768248537	ST8	49.1548	1	G-A	MII	-2.893276501502
LV3003047110	green	0.00145591742625523	ST8	49.1548	1	G-A	MII	-14.6708361431239
LV3003047112	turquoise	0.712377874135996	ST8	40.0335	1	G-A	MII	-3.60838364506519
LV3003047112	yellow	0.100157008015995	ST8	40.0335	1	G-A	MII	-3.1717085275657
LV3003047112	grey	0.179952038957614	ST8	40.0335	1	G-A	MII	-1.87224845559127
LV3003047112	blue	0.0012572907530865	ST8	40.0335	1	G-A	MII	-1.90335053463652
LV3003047112	green	0.00550141368545652	ST8	40.0335	1	G-A	MII	-14.7952941139237
LV3003047112	brown	0.000754374451851897	ST8	40.0335	1	G-A	MII	0
LV3003047113	grey	0.2085542446405	ST8	36.48927	1	G-A	MII	-1.6169390684007
LV3003047113	turquoise	0.709046710953708	ST8	36.48927	1	G-A	MII	-2.74258594655485
LV3003047113	yellow	0.0716790910424474	ST8	36.48927	1	G-A	MII	-3.05383651590338
LV3003047113	brown	0.00254139288905315	ST8	36.48927	1	G-A	MII	-1.20743396089169
LV3003047113	blue	0.00642778081534133	ST8	36.48927	1	G-A	MII	-14.8772940541942
LV3003047113	green	0.00175077965895041	ST8	36.48927	1	G-A	MII	-14.9124893042054
LV3003047114	green	0.0147713715883323	ST8	32.3855	1	G-A	MII	-14.653206362232
LV3003047114	turquoise	0.662694545885053	ST8	32.3855	1	G-A	MII	-3.5433237018628
LV3003047114	yellow	0.089721056034679	ST8	32.3855	1	G-A	MII	-3.21917735582538
LV3003047114	grey	0.232813026491936	ST8	32.3855	1	G-A	MII	-2.14238992572929
LV3003047117	grey	0.251399159303423	ST8	28.7616666666667	1	G-A	MII	-1.85914633496729
LV3003047117	turquoise	0.647600583340482	ST8	28.7616666666667	1	G-A	MII	-3.33448322094003
LV3003047117	yellow	0.0928540790941065	ST8	28.7616666666667	1	G-A	MII	-2.98436465877767
LV3003047117	blue	0.00161276486231449	ST8	28.7616666666667	1	G-A	MII	-15.2189444289609
LV3003047117	green	0.00560350004289268	ST8	28.7616666666667	1	G-A	MII	-14.8502781039625
LV3003047117	brown	0.000929913356781333	ST8	28.7616666666667	1	G-A	MII	-14.4536675822553
LV3003047118	grey	0.199075399909995	ST8	24.528	3	IG-A	MII	-2.10914407774569
LV3003047118	turquoise	0.651315759567611	ST8	24.528	3	IG-A	MII	-2.95196680759794
LV3003047118	yellow	0.119223711704176	ST8	24.528	3	IG-A	MII	-3.32645752303318
LV3003047118	blue	0.0183480539001547	ST8	24.528	3	IG-A	MII	-3.55549467830663
LV3003047118	brown	0.00561396809811489	ST8	24.528	3	IG-A	MII	-3.85747364180213
LV3003047118	green	0.00642310681994845	ST8	24.528	3	IG-A	MII	-14.8459763462223
LV3003047122	turquoise	0.660348818554764	ST8	76.951	2	IG-D	MII	-2.95451842498283
LV3003047122	grey	0.290124447092797	ST8	76.951	2	IG-D	MII	-2.12893562140847
LV3003047122	yellow	0.0495267343524397	ST8	76.951	2	IG-D	MII	-14.8691661398051
LV3003047123	turquoise	0.666859011348336	ST8	75.589	2	IG-D	MII	-3.24015994937324
LV3003047123	grey	0.272475476053087	ST8	75.589	2	IG-D	MII	-2.7809569719103
LV3003047123	yellow	0.0606655125985767	ST8	75.589	2	IG-D	MII	-14.900395576007
LV3003047124	grey	0.298730643025733	ST8	74.227	2	IG-D	MII	-2.38666294191384
LV3003047124	turquoise	0.643658971849635	ST8	74.227	2	IG-D	MII	-2.65866666161542
LV3003047124	yellow	0.0552501295262219	ST8	74.227	2	IG-D	MII	-14.8807511058087
LV3003047124	brown	0.00236025559841115	ST8	74.227	2	IG-D	MII	0
LV3003047125	turquoise	0.721802835733586	ST8	72.872	2	IG-D	MII	-2.92828668539182
LV3003047125	grey	0.212364318411841	ST8	72.872	2	IG-D	MII	-2.20123375338417
LV3003047125	yellow	0.0302979655886422	ST8	72.872	2	IG-D	MII	-14.8402034514304
LV3003047125	green	0.0355348802659313	ST8	72.872	2	IG-D	MII	-14.571569970633
LV3003047126	turquoise	0.712238944840506	ST8	64.210824	1	G-A	MII	-3.07105918642806
LV3003047126	grey	0.182301686092565	ST8	64.210824	1	G-A	MII	-2.4679020663002
LV3003047126	yellow	0.0999270742962041	ST8	64.210824	1	G-A	MII	-3.20239821911158
LV3003047126	blue	0.00102473187230458	ST8	64.210824	1	G-A	MII	-15.3195879547405
LV3003047126	green	0.00450756289841953	ST8	64.210824	1	G-A	MII	-14.4939051000492
LV3003047127	turquoise	0.744295114820822	ST8	47.6248	2	IG-D	MII	-2.74893879637988
LV3003047127	grey	0.221542720783447	ST8	47.6248	2	IG-D	MII	-1.4484327311542
LV3003047127	yellow	0.0324783322830904	ST8	47.6248	2	IG-D	MII	-14.7765848924654
LV3003047127	brown	0.00168383211264114	ST8	47.6248	2	IG-D	MII	-14.2209756660724
LV3003047128	grey	0.254045340513696	ST8	39.57797	1	G-A	MII	-1.63165087361848
LV3003047128	turquoise	0.642040374209964	ST8	39.57797	1	G-A	MII	-2.89666141723937
LV3003047128	yellow	0.0985979899754239	ST8	39.57797	1	G-A	MII	-3.55261333502747
LV3003047128	blue	0.00403384444024341	ST8	39.57797	1	G-A	MII	-14.8637957198001
LV3003047128	brown	0.0012824508606727	ST8	39.57797	1	G-A	MII	0.876929657993575
LV3003047129	turquoise	0.66155737112284	ST8	36.0373	1	G-A	MII	-2.70947682915956
LV3003047129	grey	0.233467090834599	ST8	36.0373	1	G-A	MII	-1.70826958987447
LV3003047129	yellow	0.0978327669727424	ST8	36.0373	1	G-A	MII	-3.14646432282817
LV3003047129	brown	0.00342527655267154	ST8	36.0373	1	G-A	MII	-0.920697411967103
LV3003047129	blue	0.00371749451714747	ST8	36.0373	1	G-A	MII	-15.086058402318
LV3003047130	grey	0.285892560253691	ST8	31.936	1	G-A	MII	-1.92735655407136
LV3003047130	turquoise	0.597379364270736	ST8	31.936	1	G-A	MII	-3.40613057110679
LV3003047130	yellow	0.107431848069473	ST8	31.936	1	G-A	MII	-3.16947008665655
LV3003047130	green	0.00659108051859838	ST8	31.936	1	G-A	MII	-14.6734508924746
LV3003047130	brown	0.000552876736131679	ST8	31.936	1	G-A	MII	14.2209756660724
LV3003047130	blue	0.00215227015136975	ST8	31.936	1	G-A	MII	-15.907714351258
LV3003047131	turquoise	0.66855013530937	ST8	28.2453333333333	1	G-A	MII	-2.78325751053101
LV3003047131	yellow	0.0780515450771476	ST8	28.2453333333333	1	G-A	MII	-2.96707041100646
LV3003047131	grey	0.240969693534904	ST8	28.2453333333333	1	G-A	MII	-1.84346935712106
LV3003047131	green	0.0105130421230111	ST8	28.2453333333333	1	G-A	MII	-14.761072190488
LV3003047131	brown	0.00133750832400572	ST8	28.2453333333333	1	G-A	MII	-2.31010392540807
LV3003047131	blue	0.000578075631561796	ST8	28.2453333333333	1	G-A	MII	-0.29095539779675
LV3003047132	grey	0.21254567678001	ST8	23.987	3	IG-A	MII	-1.99180946812251
LV3003047132	green	0.00543306020955847	ST8	23.987	3	IG-A	MII	-14.8691225401301
LV3003047132	turquoise	0.663482461771086	ST8	23.987	3	IG-A	MII	-2.90436696792948
LV3003047132	yellow	0.0943543436268456	ST8	23.987	3	IG-A	MII	-2.98299736535314
LV3003047132	blue	0.0212116750973993	ST8	23.987	3	IG-A	MII	-3.22356941142706
LV3003047132	brown	0.00297278251510044	ST8	23.987	3	IG-A	MII	-1.63954439314123
LV3003047133	green	0.024866785079929	ST8	70.162	4	IG-B	MII	-14.5263573156236
LV3003047133	grey	0.268540957943222	ST8	70.162	4	IG-B	MII	-2.01608117098256
LV3003047133	turquoise	0.653592287081916	ST8	70.162	4	IG-B	MII	-3.18083588271103
LV3003047133	yellow	0.0529999698949333	ST8	70.162	4	IG-B	MII	-3.29070112470873
LV3003047134	grey	0.302637981960775	ST8	68.807	4	IG-B	MII	-1.92477377202255
LV3003047134	green	0.103150262741947	ST8	68.807	4	IG-B	MII	-14.7290913603227
LV3003047134	turquoise	0.550660344261739	ST8	68.807	4	IG-B	MII	-3.67012070391451
LV3003047134	yellow	0.0430987328783918	ST8	68.807	4	IG-B	MII	-3.00522653377346
LV3003047134	blue	0.000452678157147222	ST8	68.807	4	IG-B	MII	-14.2209756660724
LV3003047136	green	0.0600517517378497	ST8	67.8766	4	IG-B	MII	-14.7623327970648
LV3003047136	turquoise	0.624361326540309	ST8	67.8766	4	IG-B	MII	-3.58577825577462
LV3003047136	grey	0.234377626875818	ST8	67.8766	4	IG-B	MII	-2.30957133500528
LV3003047136	yellow	0.0807597564452111	ST8	67.8766	4	IG-B	MII	-3.55069607735479
LV3003047136	blue	0.000449538400812824	ST8	67.8766	4	IG-B	MII	-15.3195879547405
LV3003047137	turquoise	0.62820686710371	ST8	66.9462	1	G-A	MII	-3.11477668666885
LV3003047137	grey	0.280014065757416	ST8	66.9462	1	G-A	MII	-1.91582355075951
LV3003047137	yellow	0.0881219702107352	ST8	66.9462	1	G-A	MII	-3.62514619846988
LV3003047137	brown	0.00123075377389295	ST8	66.9462	1	G-A	MII	-14.8935035594296
LV3003047137	blue	0.000557606811845377	ST8	66.9462	1	G-A	MII	0
LV3003047137	green	0.00186873634240072	ST8	66.9462	1	G-A	MII	-14.2209756660724
LV3003047138	turquoise	0.647848198999631	ST8	66.0158	4	IG-B	MII	-3.36042931843104
LV3003047138	yellow	0.0527627647789453	ST8	66.0158	4	IG-B	MII	-3.24755162484487
LV3003047138	grey	0.24791030246064	ST8	66.0158	4	IG-B	MII	-2.28217134511105
LV3003047138	green	0.0514787337607842	ST8	66.0158	4	IG-B	MII	-14.8948230273707
LV3003047139	turquoise	0.697864562297408	ST8	58.6141266666667	1	G-A	MII	-3.31609412358197
LV3003047139	yellow	0.138901834073798	ST8	58.6141266666667	1	G-A	MII	-3.28919794839937
LV3003047139	grey	0.161198620561096	ST8	58.6141266666667	1	G-A	MII	-2.24141086962489
LV3003047139	blue	0.00111846397613944	ST8	58.6141266666667	1	G-A	MII	-0.665748206371831
LV3003047139	brown	0.000916519091558704	ST8	58.6141266666667	1	G-A	MII	0
LV3003047140	turquoise	0.758552339291207	ST8	46.0948	2	IG-D	MII	-3.08660857564996
LV3003047140	grey	0.156146406479615	ST8	46.0948	2	IG-D	MII	-1.43929534379042
LV3003047140	yellow	0.0853012542291788	ST8	46.0948	2	IG-D	MII	-14.7344420307801
LV3003047141	turquoise	0.811638368886954	ST8	39.15347	2	IG-D	MII	-2.47184355581328
LV3003047141	grey	0.161079669133653	ST8	39.15347	2	IG-D	MII	-1.01700890958923
LV3003047141	yellow	0.0272819619793934	ST8	39.15347	2	IG-D	MII	0
LV3003047142	turquoise	0.600125704613953	ST8	35.5823	1	G-A	MII	-3.2703445073524
LV3003047142	grey	0.273654985375703	ST8	35.5823	1	G-A	MII	-1.73201642784944
LV3003047142	yellow	0.119993467319275	ST8	35.5823	1	G-A	MII	-3.01947599165231
LV3003047142	blue	0.00248439827576821	ST8	35.5823	1	G-A	MII	-1.30992138233532
LV3003047142	brown	0.00374144441530033	ST8	35.5823	1	G-A	MII	-1.41119191274162
LV3003047143	turquoise	0.608615097179334	ST8	31.398	1	G-A	MII	-3.37142093955257
LV3003047143	yellow	0.0842826374652931	ST8	31.398	1	G-A	MII	-3.34740481714274
LV3003047143	grey	0.296528012040377	ST8	31.398	1	G-A	MII	-1.91638062830438
LV3003047143	green	0.00963489633339388	ST8	31.398	1	G-A	MII	-14.8179369805372
LV3003047143	brown	0.000656511923605885	ST8	31.398	1	G-A	MII	14.3711659446836
LV3003047143	blue	0.000282845057996211	ST8	31.398	1	G-A	MII	-14.9141228466324
LV3003047144	grey	0.314192958544027	ST8	27.729	1	G-A	MII	-1.81142114079452
LV3003047144	turquoise	0.563475213568242	ST8	27.729	1	G-A	MII	-2.93821990656479
LV3003047144	yellow	0.109181183100139	ST8	27.729	1	G-A	MII	-2.80336458673118
LV3003047144	brown	0.000726521230140863	ST8	27.729	1	G-A	MII	-1.84811240577919
LV3003047144	blue	0.00913646236055295	ST8	27.729	1	G-A	MII	-2.04857830564519
LV3003047144	green	0.00328766119689794	ST8	27.729	1	G-A	MII	-14.7044100531629
LV3003047145	turquoise	0.589010125603445	ST8	23.446	3	IG-A	MII	-2.60471546026926
LV3003047145	grey	0.289877036261803	ST8	23.446	3	IG-A	MII	-2.2223140853139
LV3003047145	yellow	0.0692193145769249	ST8	23.446	3	IG-A	MII	-3.26388255100145
LV3003047145	brown	0.0429511297167284	ST8	23.446	3	IG-A	MII	-0.449776741347639
LV3003047145	blue	0.00613654114603633	ST8	23.446	3	IG-A	MII	-4.04289320255326
LV3003047145	green	0.00280585269506266	ST8	23.446	3	IG-A	MII	-14.8772016458462
LV3003047146	turquoise	0.620470714164502	ST8	63.2667	1	G-A	MII	-3.10055190927993
LV3003047146	grey	0.260177268395839	ST8	63.2667	1	G-A	MII	-2.3296465181721
LV3003047146	yellow	0.108525330583367	ST8	63.2667	1	G-A	MII	-3.09795653007169
LV3003047146	brown	0.00217212526270445	ST8	63.2667	1	G-A	MII	-1.99890267919582
LV3003047146	blue	0.00441735089482684	ST8	63.2667	1	G-A	MII	-2.87998205404703
LV3003047146	green	0.00423721069876121	ST8	63.2667	1	G-A	MII	-14.8154490371118
LV3003047147	turquoise	0.666762014969684	ST8	62.3217	1	G-A	MII	-3.0594698584896
LV3003047147	grey	0.216969397528745	ST8	62.3217	1	G-A	MII	-2.24856994231067
LV3003047147	yellow	0.111098109069791	ST8	62.3217	1	G-A	MII	-3.78895053758197
LV3003047147	brown	0.00213233477655992	ST8	62.3217	1	G-A	MII	-14.7558988414175
LV3003047147	blue	0.00129153610450174	ST8	62.3217	1	G-A	MII	-15.3803441641616
LV3003047147	green	0.0017466075507188	ST8	62.3217	1	G-A	MII	-14.7081998930698
LV3003047148	grey	0.19479362608376	ST8	61.3767	1	G-A	MII	-1.8507150780831
LV3003047148	turquoise	0.711361916499103	ST8	61.3767	1	G-A	MII	-2.61203337486649
LV3003047148	yellow	0.0882705238805647	ST8	61.3767	1	G-A	MII	-3.75066850144641
LV3003047148	brown	0.00163455925277291	ST8	61.3767	1	G-A	MII	-15.0441759748806
LV3003047148	blue	0.00156969579036129	ST8	61.3767	1	G-A	MII	-14.9897055277984
LV3003047148	green	0.00236967849343798	ST8	61.3767	1	G-A	MII	-14.5610908939722
LV3003047149	grey	0.202174597270308	ST8	60.4317	1	G-A	MII	-2.23151473358916
LV3003047149	yellow	0.0878880654668231	ST8	60.4317	1	G-A	MII	-4.78494882977793
LV3003047149	turquoise	0.702143122836133	ST8	60.4317	1	G-A	MII	-2.92308208654665
LV3003047149	green	0.00536209905862829	ST8	60.4317	1	G-A	MII	-14.7281660885724
LV3003047149	brown	0.000984291396034221	ST8	60.4317	1	G-A	MII	0
LV3003047149	blue	0.00144782397207359	ST8	60.4317	1	G-A	MII	0
LV3003047150	grey	0.19314243040016	ST8	59.5217933333333	1	G-A	MII	-2.40292616415941
LV3003047150	turquoise	0.663499081382229	ST8	59.5217933333333	1	G-A	MII	-3.36349066000995
LV3003047150	yellow	0.135603676635721	ST8	59.5217933333333	1	G-A	MII	-3.38665162705259
LV3003047150	blue	0.00471079098536976	ST8	59.5217933333333	1	G-A	MII	-3.76972010169416
LV3003047150	brown	0.00177229643619598	ST8	59.5217933333333	1	G-A	MII	-12.8422859043378
LV3003047150	green	0.00127172416032383	ST8	59.5217933333333	1	G-A	MII	-14.7992610718504
LV3003047152	grey	0.206317638615647	ST8	45.00002	1	G-A	MII	-1.57781677327525
LV3003047152	turquoise	0.693690573529044	ST8	45.00002	1	G-A	MII	-3.14522202958347
LV3003047152	yellow	0.0858026300285997	ST8	45.00002	1	G-A	MII	-3.19803340483842
LV3003047152	green	0.0132751104176411	ST8	45.00002	1	G-A	MII	-14.8653461304629
LV3003047152	blue	0.000549856644517679	ST8	45.00002	1	G-A	MII	-15.6072700271923
LV3003047152	brown	0.000364190764550671	ST8	45.00002	1	G-A	MII	0
LV3003047153	grey	0.236339570363529	ST8	38.71393	1	G-A	MII	-1.62024035552042
LV3003047153	turquoise	0.674715456590616	ST8	38.71393	1	G-A	MII	-2.66127214555945
LV3003047153	yellow	0.0799783675394558	ST8	38.71393	1	G-A	MII	-3.48917049534747
LV3003047153	green	0.00793684111747957	ST8	38.71393	1	G-A	MII	-14.8397036872971
LV3003047153	brown	0.000474136121517137	ST8	38.71393	1	G-A	MII	14.2209756660724
LV3003047153	blue	0.000555628267402895	ST8	38.71393	1	G-A	MII	-15.4869838613178
LV3003047154	turquoise	0.725925190812147	ST8	35.13012	1	G-A	MII	-2.91074529519452
LV3003047154	yellow	0.0800644160155898	ST8	35.13012	1	G-A	MII	-3.17889743540337
LV3003047154	grey	0.183675862940041	ST8	35.13012	1	G-A	MII	-1.86410860400373
LV3003047154	green	0.00915266776131791	ST8	35.13012	1	G-A	MII	-14.8549910725073
LV3003047154	brown	0.00118186247090453	ST8	35.13012	1	G-A	MII	-13.6632664564076
LV3003047155	turquoise	0.54714731308666	ST8	30.9475	1	G-A	MII	-2.53193063956858
LV3003047155	yellow	0.0520332710470637	ST8	30.9475	1	G-A	MII	-3.50407450128245
LV3003047155	grey	0.399183492442034	ST8	30.9475	1	G-A	MII	-1.48153904098669
LV3003047155	brown	0.00107243868922544	ST8	30.9475	1	G-A	MII	-15.6072700271923
LV3003047155	blue	0.000563484735016759	ST8	30.9475	1	G-A	MII	-15.3195879547405
LV3003047156	grey	0.295925477899006	ST8	27.1996666666667	1	G-A	MII	-1.87543645360885
LV3003047156	turquoise	0.596949980621748	ST8	27.1996666666667	1	G-A	MII	-3.21852018125659
LV3003047156	yellow	0.0945051890651853	ST8	27.1996666666667	1	G-A	MII	-2.9137153843931
LV3003047156	blue	0.00896880297211489	ST8	27.1996666666667	1	G-A	MII	-2.61084348717132
LV3003047156	brown	0.000773172670009905	ST8	27.1996666666667	1	G-A	MII	-0.252280145400865
LV3003047156	green	0.00287737677193559	ST8	27.1996666666667	1	G-A	MII	-14.8132872255728
LV3003047158	grey	0.214159758396335	ST8	57.70646	1	G-A	MII	-2.0119374430873
LV3003047158	turquoise	0.64123781340576	ST8	57.70646	1	G-A	MII	-3.06659723326304
LV3003047158	yellow	0.13953523724588	ST8	57.70646	1	G-A	MII	-3.38941281602217
LV3003047158	blue	0.00242718446601942	ST8	57.70646	1	G-A	MII	-14.8371200509711
LV3003047158	brown	0.00113505077325334	ST8	57.70646	1	G-A	MII	-13.6051201598141
LV3003047158	green	0.00150495571275108	ST8	57.70646	1	G-A	MII	-15.1749319008331
LV3003047159	turquoise	0.694742203323581	ST8	56.7987933333333	1	G-A	MII	-3.52198291930515
LV3003047159	yellow	0.0791334525684911	ST8	56.7987933333333	1	G-A	MII	-3.19811087027683
LV3003047159	grey	0.206977625641086	ST8	56.7987933333333	1	G-A	MII	-2.17982064715942
LV3003047159	green	0.017470714344937	ST8	56.7987933333333	1	G-A	MII	-14.7474076875783
LV3003047159	brown	0.00167600412190413	ST8	56.7987933333333	1	G-A	MII	-14.2209756660724
LV3003047160	turquoise	0.31703888802124	ST8	55.8911266666667	2	IG-D	MII	-14.6955868906299
LV3003047160	grey	0.627518350773075	ST8	55.8911266666667	2	IG-D	MII	-0.686951171825245
LV3003047160	yellow	0.0554427612056848	ST8	55.8911266666667	2	IG-D	MII	-14.9141228466324
LV3003047161	turquoise	0.529627687467226	ST8	54.98346	2	IG-D	MII	-14.5496381363396
LV3003047161	grey	0.365495542737284	ST8	54.98346	2	IG-D	MII	-1.65586222971015
LV3003047161	yellow	0.10487676979549	ST8	54.98346	2	IG-D	MII	-14.7705411181544
LV3003047162	grey	0.821206581352834	ST8	102.698	2	IG-D	MII	-1.19100745817391
LV3003047162	turquoise	0.165143205362584	ST8	102.698	2	IG-D	MII	-14.4432824590379
LV3003047162	yellow	0.0058094657729027	ST8	102.698	2	IG-D	MII	-14.9141228466324
LV3003047162	brown	0.00784074751167987	ST8	102.698	2	IG-D	MII	14.2209756660724
LV3003047164	grey	0.235798438166145	ST8	43.93302	1	G-A	MII	-1.30893829335148
LV3003047164	turquoise	0.684331749316308	ST8	43.93302	1	G-A	MII	-3.27205279153691
LV3003047164	yellow	0.0761420000207967	ST8	43.93302	1	G-A	MII	-2.96768296974409
LV3003047164	blue	0.00085786480050744	ST8	43.93302	1	G-A	MII	-15.3195879547405
LV3003047164	green	0.00286994769624307	ST8	43.93302	1	G-A	MII	-14.7533074950594
LV3003047166	grey	0.211789960369881	ST8	38.27343	1	G-A	MII	-1.81003930542559
LV3003047166	turquoise	0.695461800968736	ST8	38.27343	1	G-A	MII	-2.98644229476447
LV3003047166	yellow	0.0836470717745486	ST8	38.27343	1	G-A	MII	-3.36197529605983
LV3003047166	green	0.00792051959489212	ST8	38.27343	1	G-A	MII	-14.9060990812752
LV3003047166	blue	0.000666006164685161	ST8	38.27343	1	G-A	MII	-15.0161721009866
LV3003047166	brown	0.000514641127256715	ST8	38.27343	1	G-A	MII	0
LV3003047167	turquoise	0.615308582575453	ST8	34.67812	1	G-A	MII	-3.10103198700965
LV3003047167	yellow	0.112936881906565	ST8	34.67812	1	G-A	MII	-3.980849196358
LV3003047167	grey	0.269809061099402	ST8	34.67812	1	G-A	MII	-1.79677477363135
LV3003047167	brown	0.00194547441858033	ST8	34.67812	1	G-A	MII	13.0116120131116
LV3003047168	grey	0.341821407285067	ST8	30.497	1	G-A	MII	-1.58156068870648
LV3003047168	turquoise	0.559954004258419	ST8	30.497	1	G-A	MII	-2.7129293332732
LV3003047168	yellow	0.0854011683560536	ST8	30.497	1	G-A	MII	-3.23866550960991
LV3003047168	blue	0.00562504640713456	ST8	30.497	1	G-A	MII	-2.25098927251131
LV3003047168	brown	0.0051093000901051	ST8	30.497	1	G-A	MII	-1.79591008295437
LV3003047168	green	0.0020890736032205	ST8	30.497	1	G-A	MII	-15.0232227597153
LV3003047169	grey	0.367340579903676	ST8	26.6703333333333	1	G-A	MII	-1.86540248525467
LV3003047169	turquoise	0.530397315029957	ST8	26.6703333333333	1	G-A	MII	-2.79717773979784
LV3003047169	yellow	0.092068833515833	ST8	26.6703333333333	1	G-A	MII	-2.89394706869661
LV3003047169	brown	0.00266716520221848	ST8	26.6703333333333	1	G-A	MII	-2.66833092131764
LV3003047169	blue	0.00725013131070338	ST8	26.6703333333333	1	G-A	MII	-1.89695139346679
LV3003047169	green	0.000275975037612727	ST8	26.6703333333333	1	G-A	MII	-14.9141228466324
LV3003061473	grey	0.557245642395866	ST13	117.088	2	IG-D	MII	-1.38256258136478
LV3003061473	turquoise	0.389357478494669	ST13	117.088	2	IG-D	MII	-4.2206346268156
LV3003061473	yellow	0.038722160333029	ST13	117.088	2	IG-D	MII	-3.56489800262458
LV3003061473	green	0.0146747187764367	ST13	117.088	2	IG-D	MII	-14.2238254827632
LV3003061474	grey	0.240366627779032	ST13	77.7798	4	IG-B	MII	-2.59476772969021
LV3003061474	green	0.0245813001520249	ST13	77.7798	4	IG-B	MII	-14.7976113995699
LV3003061474	turquoise	0.690417065935853	ST13	77.7798	4	IG-B	MII	-3.02759838214887
LV3003061474	yellow	0.0437541143801632	ST13	77.7798	4	IG-B	MII	-3.11428721198896
LV3003061474	blue	0.000880891752927229	ST13	77.7798	4	IG-B	MII	-14.849345348316
LV3003061475	turquoise	0.649157642988889	ST13	53.844	1	G-A	MII	-3.24536157559898
LV3003061475	yellow	0.0611256725471335	ST13	53.844	1	G-A	MII	-3.08086780199188
LV3003061475	grey	0.27779984055963	ST13	53.844	1	G-A	MII	-2.33419332369912
LV3003061475	green	0.0110549245599946	ST13	53.844	1	G-A	MII	-14.9480022231465
LV3003061475	blue	0.000861919344352958	ST13	53.844	1	G-A	MII	0
LV3003061476	grey	0.271401702185401	ST13	37.16	1	G-A	MII	-2.09659251806573
LV3003061476	green	0.0171198540553173	ST13	37.16	1	G-A	MII	-14.8360779951363
LV3003061476	turquoise	0.631747868499016	ST13	37.16	1	G-A	MII	-3.08602095799664
LV3003061476	yellow	0.0759387273563357	ST13	37.16	1	G-A	MII	-3.34822963811125
LV3003061476	blue	0.00212961636751525	ST13	37.16	1	G-A	MII	-3.14144408473539
LV3003061476	brown	0.00166223153641456	ST13	37.16	1	G-A	MII	12.1209148371899
LV3003061477	grey	0.159897890189585	ST13	16.726	3	IG-A	MII	-2.07467629089662
LV3003061477	green	0.00827920960227664	ST13	16.726	3	IG-A	MII	-14.8062062181933
LV3003061477	turquoise	0.709902391918778	ST13	16.726	3	IG-A	MII	-2.76632948885648
LV3003061477	yellow	0.0945976601600497	ST13	16.726	3	IG-A	MII	-3.0763106292385
LV3003061477	blue	0.0236265753845448	ST13	16.726	3	IG-A	MII	-3.50784157411584
LV3003061477	brown	0.00369627274476608	ST13	16.726	3	IG-A	MII	-1.95579100146218
LV3003061485	grey	0.194713905780985	ST13	75.7796	4	IG-B	MII	-2.34192014512478
LV3003061485	green	0.0432474298956405	ST13	75.7796	4	IG-B	MII	-14.7004446211264
LV3003061485	turquoise	0.706172294197241	ST13	75.7796	4	IG-B	MII	-2.73322407048497
LV3003061485	yellow	0.049080361447657	ST13	75.7796	4	IG-B	MII	-3.25234336019673
LV3003061485	blue	0.00669580229248643	ST13	75.7796	4	IG-B	MII	-3.75913667748623
LV3003061485	brown	9.02063859900151e-05	ST13	75.7796	4	IG-B	MII	-14.9141228466324
LV3003061486	turquoise	0.542592914206322	ST13	52.105	2	IG-D	MII	-3.29316797367784
LV3003061486	grey	0.412894137624947	ST13	52.105	2	IG-D	MII	-2.82131616390871
LV3003061486	yellow	0.0430994558295705	ST13	52.105	2	IG-D	MII	-2.76107607610178
LV3003061486	green	0.00141349233916097	ST13	52.105	2	IG-D	MII	-14.2209756660724
LV3003061488	grey	0.223018684769222	ST13	35.041	1	G-A	MII	-1.90438264876527
LV3003061488	green	0.00693813896308721	ST13	35.041	1	G-A	MII	-14.819351861538
LV3003061488	turquoise	0.686043708954756	ST13	35.041	1	G-A	MII	-2.94531997599627
LV3003061488	yellow	0.0748007101026743	ST13	35.041	1	G-A	MII	-3.16991665478794
LV3003061488	blue	0.00792096860998392	ST13	35.041	1	G-A	MII	-3.36363720351747
LV3003061488	brown	0.00127778860027669	ST13	35.041	1	G-A	MII	1.13635261665096
LV3003061489	turquoise	0.538262560327766	ST13	112.6068	2	IG-D	MII	-3.44767498411764
LV3003061489	grey	0.405027603208222	ST13	112.6068	2	IG-D	MII	-1.76937276308702
LV3003061489	green	0.0432172494010625	ST13	112.6068	2	IG-D	MII	-14.6363272016874
LV3003061489	yellow	0.0125342870039235	ST13	112.6068	2	IG-D	MII	-14.9315599603658
LV3003061489	blue	0.000958300059025728	ST13	112.6068	2	IG-D	MII	-15.3195879547405
LV3003061492	grey	0.198970726460785	ST13	14.437	3	IG-A	MII	-2.32212711226031
LV3003061492	green	0.00698812298281043	ST13	14.437	3	IG-A	MII	-14.8153568959417
LV3003061492	turquoise	0.64092241982537	ST13	14.437	3	IG-A	MII	-3.05595037827434
LV3003061492	yellow	0.11803497651053	ST13	14.437	3	IG-A	MII	-3.49479746453036
LV3003061492	blue	0.0235541711370003	ST13	14.437	3	IG-A	MII	-3.48208203234633
LV3003061492	brown	0.0115295830835043	ST13	14.437	3	IG-A	MII	-1.12973219738191
LV3003061500	grey	0.347861356643849	ST13	148.086	2	IG-D	MII	-1.91658107986356
LV3003061500	turquoise	0.570727111375214	ST13	148.086	2	IG-D	MII	-2.7361712453142
LV3003061500	yellow	0.0572630994593284	ST13	148.086	2	IG-D	MII	-2.52847889918006
LV3003061500	brown	0.0212965171056284	ST13	148.086	2	IG-D	MII	-0.893957297423508
LV3003061500	blue	0.000840523391961469	ST13	148.086	2	IG-D	MII	-15.4836560712252
LV3003061500	green	0.00201139202401942	ST13	148.086	2	IG-D	MII	-14.7912247103092
LV3003061501	green	0.0366646444756061	ST13	105.5872	4	IG-B	MII	-14.758230144035
LV3003061501	grey	0.388305437041899	ST13	105.5872	4	IG-B	MII	-2.21996417010805
LV3003061501	turquoise	0.54997463973506	ST13	105.5872	4	IG-B	MII	-3.10636882882995
LV3003061501	yellow	0.0238933476544241	ST13	105.5872	4	IG-B	MII	-2.66401658614357
LV3003061501	blue	0.00116193109301084	ST13	105.5872	4	IG-B	MII	-14.6633177648709
LV3003061503	grey	0.197217192283379	ST13	73.1472	4	IG-B	MII	-2.43992347220727
LV3003061503	green	0.0300936910576348	ST13	73.1472	4	IG-B	MII	-14.6738479326403
LV3003061503	turquoise	0.727274907619487	ST13	73.1472	4	IG-B	MII	-2.77686463430097
LV3003061503	yellow	0.0428436580798901	ST13	73.1472	4	IG-B	MII	-3.19779658321062
LV3003061503	blue	0.0023024461777509	ST13	73.1472	4	IG-B	MII	-3.88165343982418
LV3003061503	brown	0.000268104781858643	ST13	73.1472	4	IG-B	MII	-1.42003250075174
LV3003061504	turquoise	0.675570643339407	ST13	50.268	1	G-A	MII	-3.20668710494866
LV3003061504	grey	0.261952826313229	ST13	50.268	1	G-A	MII	-1.93291547356108
LV3003061504	yellow	0.0571664033025109	ST13	50.268	1	G-A	MII	-2.74933012997021
LV3003061504	green	0.00531012704485255	ST13	50.268	1	G-A	MII	-14.8136021531421
LV3003061505	grey	0.192994034105908	ST13	32.81	1	G-A	MII	-1.86692697638161
LV3003061505	turquoise	0.731215792900762	ST13	32.81	1	G-A	MII	-2.3700588204335
LV3003061505	yellow	0.0665443570385231	ST13	32.81	1	G-A	MII	-3.03819478595682
LV3003061505	blue	0.00355489854460342	ST13	32.81	1	G-A	MII	-2.40658468301253
LV3003061505	green	0.00431163437340514	ST13	32.81	1	G-A	MII	-14.7959251842139
LV3003061505	brown	0.00137928303679848	ST13	32.81	1	G-A	MII	12.7973089622544
LV3003061506	grey	0.257392685165135	ST13	11.95	3	IG-A	MII	-1.60337667329626
LV3003061506	turquoise	0.653321784679473	ST13	11.95	3	IG-A	MII	-2.56851159138853
LV3003061506	yellow	0.0490714676070571	ST13	11.95	3	IG-A	MII	-2.90782115793713
LV3003061506	brown	0.0337653767232757	ST13	11.95	3	IG-A	MII	-0.498018697417604
LV3003061506	blue	0.00213031418525278	ST13	11.95	3	IG-A	MII	-2.89833992754534
LV3003061506	green	0.00431837163980573	ST13	11.95	3	IG-A	MII	-14.4519206079192
LV3003061513	yellow	0.0975704449350746	ST13	138.493	2	IG-D	MII	-2.7951153400875
LV3003061513	turquoise	0.637129064850503	ST13	138.493	2	IG-D	MII	-3.37452391721256
LV3003061513	green	0.0102299517269768	ST13	138.493	2	IG-D	MII	-14.8024936765504
LV3003061513	grey	0.250233880926543	ST13	138.493	2	IG-D	MII	-1.66202499199841
LV3003061513	blue	0.00195056692736594	ST13	138.493	2	IG-D	MII	-15.1174062150373
LV3003061513	brown	0.00288609063353665	ST13	138.493	2	IG-D	MII	-13.5581580249472
LV3003061514	grey	0.236425605012018	ST13	100.6726	4	IG-B	MII	-2.33693414399514
LV3003061514	green	0.0667414486105137	ST13	100.6726	4	IG-B	MII	-14.6966912936066
LV3003061514	turquoise	0.648944734372094	ST13	100.6726	4	IG-B	MII	-3.14078044674258
LV3003061514	yellow	0.0389854742537305	ST13	100.6726	4	IG-B	MII	-2.9128175108305
LV3003061514	blue	0.00874474772943203	ST13	100.6726	4	IG-B	MII	-4.30452307351902
LV3003061514	brown	0.000157990022211961	ST13	100.6726	4	IG-B	MII	-1.00764051046238
LV3003061515	grey	0.233530384936794	ST13	71.0012	4	IG-B	MII	-2.85332749932169
LV3003061515	green	0.0811615902957876	ST13	71.0012	4	IG-B	MII	-14.7796227197756
LV3003061515	turquoise	0.634107115639879	ST13	71.0012	4	IG-B	MII	-3.12352234727383
LV3003061515	yellow	0.043006614650338	ST13	71.0012	4	IG-B	MII	-3.32696161863749
LV3003061515	blue	0.00805939695552061	ST13	71.0012	4	IG-B	MII	-3.57574615201724
LV3003061515	brown	0.000134897521681419	ST13	71.0012	4	IG-B	MII	0.14745273114313
LV3003061516	turquoise	0.660937071756603	ST13	48.537	1	G-A	MII	-2.84117030407062
LV3003061516	grey	0.278924464270992	ST13	48.537	1	G-A	MII	-2.02844587324437
LV3003061516	yellow	0.0544942856315218	ST13	48.537	1	G-A	MII	-3.34881568329985
LV3003061516	blue	0.000505814640102856	ST13	48.537	1	G-A	MII	-1.50297668120009
LV3003061516	green	0.00513836370078056	ST13	48.537	1	G-A	MII	-14.8377774008875
LV3003061517	grey	0.222850362383575	ST13	30.678	4	IG-B	MII	-2.07764860885762
LV3003061517	green	0.0164286380125999	ST13	30.678	4	IG-B	MII	-14.7909318696252
LV3003061517	turquoise	0.676204643792094	ST13	30.678	4	IG-B	MII	-2.5140121638296
LV3003061517	yellow	0.0739079941894338	ST13	30.678	4	IG-B	MII	-2.81458020828083
LV3003061517	blue	0.00841192098251393	ST13	30.678	4	IG-B	MII	-3.36508934487475
LV3003061517	brown	0.00219644063978374	ST13	30.678	4	IG-B	MII	0.508649344343396
LV3003061518	grey	0.24499850013563	ST13	9.804	3	IG-A	MII	-2.29150620599683
LV3003061518	green	0.00969887105926693	ST13	9.804	3	IG-A	MII	-14.7793887544709
LV3003061518	turquoise	0.632258191261798	ST13	9.804	3	IG-A	MII	-3.18789601277912
LV3003061518	yellow	0.0863513853533144	ST13	9.804	3	IG-A	MII	-3.10365457123243
LV3003061518	blue	0.0184071515951076	ST13	9.804	3	IG-A	MII	-3.32034038906024
LV3003061518	brown	0.00828590059488323	ST13	9.804	3	IG-A	MII	-2.64884267543165
LV3003061527	turquoise	0.376868983409572	ST13	133.7754	2	IG-D	MII	-14.4533518276894
LV3003061527	grey	0.559773332423022	ST13	133.7754	2	IG-D	MII	-2.26503506618468
LV3003061527	yellow	0.0633576841674063	ST13	133.7754	2	IG-D	MII	-14.4319768305609
LV3003061528	green	0.0548605250048881	ST13	95.118	4	IG-B	MII	-14.7591166178915
LV3003061528	turquoise	0.653222058576452	ST13	95.118	4	IG-B	MII	-2.97142070373173
LV3003061528	grey	0.243154470362485	ST13	95.118	4	IG-B	MII	-2.7381717785071
LV3003061528	yellow	0.0435555389617216	ST13	95.118	4	IG-B	MII	-3.0406183823124
LV3003061528	blue	0.00520740709445352	ST13	95.118	4	IG-B	MII	-3.45244508230516
LV3003061529	grey	0.205678296393689	ST13	66.015	4	IG-B	MII	-2.12920901396471
LV3003061529	green	0.0238473970072627	ST13	66.015	4	IG-B	MII	-14.777545310538
LV3003061529	turquoise	0.68425506354871	ST13	66.015	4	IG-B	MII	-3.10381708949643
LV3003061529	yellow	0.0742852726646632	ST13	66.015	4	IG-B	MII	-3.32240677471565
LV3003061529	blue	0.00976904896068119	ST13	66.015	4	IG-B	MII	-3.38838842336957
LV3003061529	brown	0.00216492142499374	ST13	66.015	4	IG-B	MII	-0.908306067243576
LV3003061530	turquoise	0.849626307922272	ST13	47.046	1	G-A	MII	-1.64229964851789
LV3003061530	grey	0.11601469325446	ST13	47.046	1	G-A	MII	-1.74845106533104
LV3003061530	yellow	0.0286407149445028	ST13	47.046	1	G-A	MII	-3.06571364260526
LV3003061530	green	0.00513627834494164	ST13	47.046	1	G-A	MII	-14.9165965646533
LV3003061530	blue	0.000582005533823109	ST13	47.046	1	G-A	MII	-15.3141084889759
LV3003061531	grey	0.243030522487042	ST13	28.445	1	G-A	MII	-1.83702756496348
LV3003061531	green	0.0104196333395718	ST13	28.445	1	G-A	MII	-14.8601749292781
LV3003061531	turquoise	0.669224447283409	ST13	28.445	1	G-A	MII	-2.65712395912714
LV3003061531	yellow	0.0668925406654569	ST13	28.445	1	G-A	MII	-3.31185838279435
LV3003061531	blue	0.00801001684392113	ST13	28.445	1	G-A	MII	-4.30237447572626
LV3003061531	brown	0.00242283938059938	ST13	28.445	1	G-A	MII	-2.69462718077007
LV3003061533	grey	0.38914095332891	ST13	7.912	3	IG-A	MII	-0.733658152675084
LV3003061533	turquoise	0.472804689228047	ST13	7.912	3	IG-A	MII	-2.57368555366133
LV3003061533	yellow	0.0290712784782128	ST13	7.912	3	IG-A	MII	-3.83415120484893
LV3003061533	brown	0.103370382658704	ST13	7.912	3	IG-A	MII	-1.08071979916963
LV3003061533	blue	0.00246488608714886	ST13	7.912	3	IG-A	MII	-2.20689984285964
LV3003061533	green	0.0031478102189781	ST13	7.912	3	IG-A	MII	-14.497728667992
LV3003061539	yellow	0.0923792700221432	ST13	130.0556	2	IG-D	MII	-2.95209398693273
LV3003061539	turquoise	0.576578721952294	ST13	130.0556	2	IG-D	MII	-4.0030125147834
LV3003061539	grey	0.324690511140888	ST13	130.0556	2	IG-D	MII	-1.85725527912845
LV3003061539	brown	0.000575793226254749	ST13	130.0556	2	IG-D	MII	-14.2209756660724
LV3003061539	green	0.00494755661078155	ST13	130.0556	2	IG-D	MII	-14.8109151843357
LV3003061539	blue	0.000828147047638004	ST13	130.0556	2	IG-D	MII	-14.9141228466324
LV3003061541	green	0.01478878237071	ST13	91.09	4	IG-B	MII	-14.7587456690848
LV3003061541	turquoise	0.581418525935137	ST13	91.09	4	IG-B	MII	-3.02984130677892
LV3003061541	yellow	0.0375072894843211	ST13	91.09	4	IG-B	MII	-2.97427360607602
LV3003061541	grey	0.365348954171128	ST13	91.09	4	IG-B	MII	-1.45132230861466
LV3003061541	blue	0.000936448038704462	ST13	91.09	4	IG-B	MII	-14.9141228466324
LV3003061543	grey	0.25632530934638	ST13	62.293	4	IG-B	MII	-2.45934080200583
LV3003061543	green	0.0248946124547101	ST13	62.293	4	IG-B	MII	-14.7707169223064
LV3003061543	turquoise	0.642126577875138	ST13	62.293	4	IG-B	MII	-3.40218458868897
LV3003061543	yellow	0.0701087192842461	ST13	62.293	4	IG-B	MII	-3.63185589294765
LV3003061543	blue	0.00624510081595286	ST13	62.293	4	IG-B	MII	-4.11909402691175
LV3003061543	brown	0.000299680223573199	ST13	62.293	4	IG-B	MII	-14.8761562487085
LV3003061544	grey	0.27461197893719	ST13	45.122	1	G-A	MII	-1.63221473826514
LV3003061544	turquoise	0.635197088740542	ST13	45.122	1	G-A	MII	-3.46782745737577
LV3003061544	yellow	0.0731720677229826	ST13	45.122	1	G-A	MII	-3.10958814008547
LV3003061544	green	0.014234782215215	ST13	45.122	1	G-A	MII	-14.784146398284
LV3003061544	blue	0.00187669539661861	ST13	45.122	1	G-A	MII	-2.75819998478768
LV3003061544	brown	0.000907386987451386	ST13	45.122	1	G-A	MII	-0.681359224807903
LV3003061545	grey	0.271703867496492	ST13	23.172	1	G-A	MII	-1.87119162591929
LV3003061545	turquoise	0.627651276477629	ST13	23.172	1	G-A	MII	-2.86589935992816
LV3003061545	yellow	0.0865917731081217	ST13	23.172	1	G-A	MII	-3.04904335462862
LV3003061545	blue	0.00826273022625007	ST13	23.172	1	G-A	MII	-4.04329920684283
LV3003061545	brown	0.00206480416568092	ST13	23.172	1	G-A	MII	-0.882836907987462
LV3003061545	green	0.00372554852582586	ST13	23.172	1	G-A	MII	-14.841609617
LV3003061546	grey	0.387735437285443	ST13	7.197	3	IG-A	MII	-0.685584940177211
LV3003061546	turquoise	0.483672874513494	ST13	7.197	3	IG-A	MII	-2.75233320321272
LV3003061546	yellow	0.01660728660558	ST13	7.197	3	IG-A	MII	-3.43500003374121
LV3003061546	brown	0.10959661329761	ST13	7.197	3	IG-A	MII	-1.15586474691833
LV3003061546	blue	0.00218993866661431	ST13	7.197	3	IG-A	MII	-13.4308617619831
LV3003061546	green	0.000197849631259638	ST13	7.197	3	IG-A	MII	-14.2209756660724
LV3003061555	turquoise	0.463190756997625	ST13	126.443	2	IG-D	MII	-4.53986680365419
LV3003061555	grey	0.467006430610775	ST13	126.443	2	IG-D	MII	-1.57840224376449
LV3003061555	yellow	0.0698028123916002	ST13	126.443	2	IG-D	MII	-3.50683563652466
LV3003061556	grey	0.253032303055964	ST13	86.6174	4	IG-B	MII	-2.26016044966644
LV3003061556	green	0.0280773413696629	ST13	86.6174	4	IG-B	MII	-14.8389623715582
LV3003061556	turquoise	0.679563813271567	ST13	86.6174	4	IG-B	MII	-2.76243899532638
LV3003061556	yellow	0.0388616306775257	ST13	86.6174	4	IG-B	MII	-3.06976416247262
LV3003061556	blue	0.00046491162528123	ST13	86.6174	4	IG-B	MII	-14.9141228466324
LV3003061557	green	0.0417289607215844	ST13	58.082	4	IG-B	MII	-14.8085288392849
LV3003061557	yellow	0.0520369874932273	ST13	58.082	4	IG-B	MII	-3.08931699513711
LV3003061557	turquoise	0.714945402305311	ST13	58.082	4	IG-B	MII	-3.44824365669962
LV3003061557	grey	0.190803036877331	ST13	58.082	4	IG-B	MII	-2.56317858471765
LV3003061557	blue	0.000485612602546319	ST13	58.082	4	IG-B	MII	-14.2483746402606
LV3003061558	grey	0.227902657273767	ST13	42.626	1	G-A	MII	-1.89632146926025
LV3003061558	green	0.00942710497916014	ST13	42.626	1	G-A	MII	-14.7920331084869
LV3003061558	turquoise	0.678727614473822	ST13	42.626	1	G-A	MII	-2.82032591506483
LV3003061558	yellow	0.0800209339196199	ST13	42.626	1	G-A	MII	-3.03010888360445
LV3003061558	blue	0.00350951005392537	ST13	42.626	1	G-A	MII	-3.02326243829657
LV3003061558	brown	0.00041217929970566	ST13	42.626	1	G-A	MII	13.5803658190404
LV3003061559	green	0.0108150649096571	ST13	21.069	1	G-A	MII	-14.7426236997738
LV3003061559	grey	0.284624288765346	ST13	21.069	1	G-A	MII	-2.13163109067599
LV3003061559	turquoise	0.616595055335131	ST13	21.069	1	G-A	MII	-2.82696185175376
LV3003061559	yellow	0.0794893190673878	ST13	21.069	1	G-A	MII	-2.53038630557128
LV3003061559	blue	0.00620862092730622	ST13	21.069	1	G-A	MII	-2.91424538118646
LV3003061559	brown	0.00226765099517272	ST13	21.069	1	G-A	MII	-2.21900761685233
LV3003061568	grey	0.603656908977667	ST13	121.6354	2	IG-D	MII	-1.64977265052407
LV3003061568	turquoise	0.350653972773378	ST13	121.6354	2	IG-D	MII	-4.0802796327547
LV3003061568	yellow	0.03963875789661	ST13	121.6354	2	IG-D	MII	-14.5220358644704
LV3003061568	blue	0.00605036035234452	ST13	121.6354	2	IG-D	MII	0
LV3003061569	grey	0.255505298724168	ST13	81.6946	4	IG-B	MII	-2.54793680797888
LV3003061569	green	0.0411788151022318	ST13	81.6946	4	IG-B	MII	-14.8045453792135
LV3003061569	turquoise	0.661578798992888	ST13	81.6946	4	IG-B	MII	-3.16781737148571
LV3003061569	yellow	0.0402928012065343	ST13	81.6946	4	IG-B	MII	-3.10005040334378
LV3003061569	blue	0.00127763759254193	ST13	81.6946	4	IG-B	MII	-14.8536340851517
LV3003061569	brown	0.000166648381635904	ST13	81.6946	4	IG-B	MII	-14.2209756660724
LV3003061570	green	0.0271809869017217	ST13	55.466	4	IG-B	MII	-14.8376223752777
LV3003061570	turquoise	0.688100337754346	ST13	55.466	4	IG-B	MII	-3.27122454665225
LV3003061570	grey	0.222085839031222	ST13	55.466	4	IG-B	MII	-2.02530837783325
LV3003061570	yellow	0.0615433726007085	ST13	55.466	4	IG-B	MII	-2.88406921602536
LV3003061570	blue	0.00108946371200264	ST13	55.466	4	IG-B	MII	-14.692867870006
LV3003061571	turquoise	0.762600634455215	ST13	40.457	1	G-A	MII	-2.21242862274071
LV3003061571	grey	0.187266976732429	ST13	40.457	1	G-A	MII	-1.80416011485279
LV3003061571	yellow	0.0455635529492057	ST13	40.457	1	G-A	MII	-3.08965235450785
LV3003061571	blue	0.00157033985061234	ST13	40.457	1	G-A	MII	-2.94652122874752
LV3003061571	brown	0.00240448415757744	ST13	40.457	1	G-A	MII	-0.0264087619732971
LV3003061571	green	0.000594011854959999	ST13	40.457	1	G-A	MII	-15.112493994939
LV3003061572	grey	0.20323545340841	ST13	19.099	3	IG-A	MII	-1.9534795014165
LV3003061572	green	0.00605675701372988	ST13	19.099	3	IG-A	MII	-14.8426333659789
LV3003061572	turquoise	0.657335163493042	ST13	19.099	3	IG-A	MII	-2.82516574407019
LV3003061572	yellow	0.103679808200944	ST13	19.099	3	IG-A	MII	-3.16384280514148
LV3003061572	blue	0.0245915891449046	ST13	19.099	3	IG-A	MII	-3.40320924539532
LV3003061572	brown	0.00510122873897058	ST13	19.099	3	IG-A	MII	-1.25027540502357
LV7001898064	grey	0.275741891502137	ST13	6.808	3	IG-A	MII	-1.50169118812429
LV7001898064	turquoise	0.622768294921209	ST13	6.808	3	IG-A	MII	-2.44806916458324
LV7001898064	yellow	0.0476383754162406	ST13	6.808	3	IG-A	MII	-3.04801885489054
LV7001898064	blue	0.00611552479089646	ST13	6.808	3	IG-A	MII	-3.45987712206963
LV7001898064	brown	0.044604210912714	ST13	6.808	3	IG-A	MII	-1.52994395636447
LV7001898064	green	0.00313170245680275	ST13	6.808	3	IG-A	MII	-14.8128842105919
LV7001898076	grey	0.23054960712167	ST13	6.429	3	IG-A	MII	-1.26166733145194
LV7001898076	green	0.0085234907269221	ST13	6.429	3	IG-A	MII	-14.7650036084104
LV7001898076	turquoise	0.644771312529683	ST13	6.429	3	IG-A	MII	-2.73401456330911
LV7001898076	yellow	0.0753901318157925	ST13	6.429	3	IG-A	MII	-3.07265849548882
LV7001898076	blue	0.0196713816573398	ST13	6.429	3	IG-A	MII	-3.14108404362627
LV7001898076	brown	0.0210940761485923	ST13	6.429	3	IG-A	MII	-0.404154491931044
LV7001898088	grey	0.314780869596273	ST13	6.031	3	IG-A	MII	-2.51769802719657
LV7001898088	green	0.0176895133083804	ST13	6.031	3	IG-A	MII	-14.7673657474388
LV7001898088	turquoise	0.630804341226826	ST13	6.031	3	IG-A	MII	-2.49542502728169
LV7001898088	yellow	0.0330665679106662	ST13	6.031	3	IG-A	MII	-3.21298095898408
LV7001898088	blue	0.00336057663566567	ST13	6.031	3	IG-A	MII	-2.72365431689886
LV7001898088	brown	0.000298131322189122	ST13	6.031	3	IG-A	MII	13.1184494780832
LV7001898100	grey	0.309228560993737	ST13	5.659	5	IG-C	MII	-2.8273467934169
LV7001898100	green	0.027060556506584	ST13	5.659	5	IG-C	MII	-14.8245573543065
LV7001898100	turquoise	0.654652108943496	ST13	5.659	5	IG-C	MII	-2.4024362744458
LV7001898100	yellow	0.00780420603711624	ST13	5.659	5	IG-C	MII	-2.86665556759695
LV7001898100	blue	0.00125456751906766	ST13	5.659	5	IG-C	MII	-4.44553061350411
LV7008886221	grey	0.288161059747603	GeoB25202_R1	50.3555	1	G-A	MII	-2.49350635415229
LV7008886221	turquoise	0.670427159452342	GeoB25202_R1	50.3555	1	G-A	MII	-2.52533067930948
LV7008886221	yellow	0.039963975877518	GeoB25202_R1	50.3555	1	G-A	MII	-3.46702563121434
LV7008886221	green	0.0011764840000456	GeoB25202_R1	50.3555	1	G-A	MII	-14.7375984075228
LV7008886221	brown	0.000271320922491136	GeoB25202_R1	50.3555	1	G-A	MII	-14.9141228466324
LV7008886222	turquoise	0.423128871665771	GeoB25202_R1	136.2775	1	G-A	MII	-3.63708094855609
LV7008886222	yellow	0.0672644471473425	GeoB25202_R1	136.2775	1	G-A	MII	-2.48843434583163
LV7008886222	grey	0.499013520776172	GeoB25202_R1	136.2775	1	G-A	MII	-2.20181648070957
LV7008886222	green	0.0101405821288151	GeoB25202_R1	136.2775	1	G-A	MII	-14.7594490174341
LV7008886222	blue	0.000452578281899697	GeoB25202_R1	136.2775	1	G-A	MII	-14.9141228466324
LV7008886226	grey	0.297773472289495	GeoB25202_R2	36.607	1	G-A	MII	-1.74995680262761
LV7008886226	turquoise	0.662134966641146	GeoB25202_R2	36.607	1	G-A	MII	-1.82269522096019
LV7008886226	yellow	0.0342885267417697	GeoB25202_R2	36.607	1	G-A	MII	-4.01798854844085
LV7008886226	brown	0.00335776003499945	GeoB25202_R2	36.607	1	G-A	MII	-4.01653833643182
LV7008886226	blue	0.00144060249058608	GeoB25202_R2	36.607	1	G-A	MII	-15.1005934127154
LV7008886226	green	0.00100467180200309	GeoB25202_R2	36.607	1	G-A	MII	-14.7330446844655
LV7008886228	grey	0.683185628742515	GeoB25202_R2	120.0235	2	IG-D	MII	-2.60811887918763
LV7008886228	turquoise	0.273508982035928	GeoB25202_R2	120.0235	2	IG-D	MII	-3.03363854607532
LV7008886228	yellow	0.0350179640718563	GeoB25202_R2	120.0235	2	IG-D	MII	-3.38894311673869
LV7008886228	brown	0.0082874251497006	GeoB25202_R2	120.0235	2	IG-D	MII	0
LV7008886229	grey	0.391540273616074	GeoB25202_R2	68.149	4	IG-B	MII	-2.12356629199635
LV7008886229	green	0.0264104577522133	GeoB25202_R2	68.149	4	IG-B	MII	-14.8099582264955
LV7008886229	turquoise	0.55035931893407	GeoB25202_R2	68.149	4	IG-B	MII	-2.1708194352742
LV7008886229	yellow	0.0290291775079116	GeoB25202_R2	68.149	4	IG-B	MII	-3.10757701128886
LV7008886229	brown	0.00126921891809027	GeoB25202_R2	68.149	4	IG-B	MII	-15.4463444413971
LV7008886229	blue	0.00139155327164114	GeoB25202_R2	68.149	4	IG-B	MII	-3.2715586296294
LV7008886690	yellow	0.00426774585976884	GeoB25202_R1	2.324	3	IG-A	MII	-3.53637216003041
LV7008886690	turquoise	0.432577075977448	GeoB25202_R1	2.324	3	IG-A	MII	-2.33991423288273
LV7008886690	grey	0.461872722815768	GeoB25202_R1	2.324	3	IG-A	MII	-0.177347544105077
LV7008886690	brown	0.10111192822026	GeoB25202_R1	2.324	3	IG-A	MII	-2.80638433610086
LV7008886690	blue	0.000170527126754945	GeoB25202_R1	2.324	3	IG-A	MII	-16.8600329956877
LV7008886692	turquoise	0.546948086972669	GeoB25202_R1	53.875	1	G-A	MII	-2.92023082792612
LV7008886692	grey	0.41704614786061	GeoB25202_R1	53.875	1	G-A	MII	-2.65090634743582
LV7008886692	yellow	0.0345644734864227	GeoB25202_R1	53.875	1	G-A	MII	-3.2984580994842
LV7008886692	green	0.00144129168029852	GeoB25202_R1	53.875	1	G-A	MII	-14.2209756660724
LV7008886695	green	0.0187447608956605	GeoB25202_R1	95.3875	4	IG-B	MII	-14.8041086394726
LV7008886695	grey	0.473287776876186	GeoB25202_R1	95.3875	4	IG-B	MII	-1.82509671653022
LV7008886695	turquoise	0.489386329039224	GeoB25202_R1	95.3875	4	IG-B	MII	-2.55538433544738
LV7008886695	yellow	0.0182216887184061	GeoB25202_R1	95.3875	4	IG-B	MII	-2.96111948429498
LV7008886695	blue	0.0001381447032236	GeoB25202_R1	95.3875	4	IG-B	MII	-14.9141228466324
LV7008886695	brown	0.000221299767299942	GeoB25202_R1	95.3875	4	IG-B	MII	-14.9141228466324
LV7008886702	grey	0.3029915388091	GeoB25202_R2	2.324	3	IG-A	MII	-1.25028975466843
LV7008886702	turquoise	0.592549826798534	GeoB25202_R2	2.324	3	IG-A	MII	-2.43682857612171
LV7008886702	yellow	0.040969773737483	GeoB25202_R2	2.324	3	IG-A	MII	-3.463227777797
LV7008886702	blue	0.00191834622528934	GeoB25202_R2	2.324	3	IG-A	MII	-2.77105693741129
LV7008886702	brown	0.0595034891309805	GeoB25202_R2	2.324	3	IG-A	MII	-1.69383800491796
LV7008886702	green	0.00206702529861323	GeoB25202_R2	2.324	3	IG-A	MII	-14.8716647643334
LV7008886703	grey	0.367758345041422	GeoB25202_R1	27.6855	1	G-A	MII	-1.97232336598501
LV7008886703	turquoise	0.543255333236439	GeoB25202_R1	27.6855	1	G-A	MII	-2.73131725846011
LV7008886703	yellow	0.0794002228574197	GeoB25202_R1	27.6855	1	G-A	MII	-3.10332442121573
LV7008886703	blue	0.0055924293073656	GeoB25202_R1	27.6855	1	G-A	MII	-3.41678046054955
LV7008886703	brown	0.000943106761623306	GeoB25202_R1	27.6855	1	G-A	MII	13.3685275797089
LV7008886703	green	0.00305056279573018	GeoB25202_R1	27.6855	1	G-A	MII	-14.791796684991
LV7008886704	grey	0.369361874353555	GeoB25202_R2	53.875	1	G-A	MII	-2.27893246747131
LV7008886704	turquoise	0.578502795640899	GeoB25202_R2	53.875	1	G-A	MII	-3.004987011743
LV7008886704	yellow	0.0431300685044445	GeoB25202_R2	53.875	1	G-A	MII	-3.02804809853495
LV7008886704	blue	0.00120669754613182	GeoB25202_R2	53.875	1	G-A	MII	-14.9141228466324
LV7008886704	green	0.00779856395496995	GeoB25202_R2	53.875	1	G-A	MII	-14.7770842468919
LV7008886705	turquoise	0.575860444326323	GeoB25202_R1	59.738	2	IG-D	MII	-3.30667817830233
LV7008886705	grey	0.394396994334175	GeoB25202_R1	59.738	2	IG-D	MII	-1.56970894385658
LV7008886705	yellow	0.0253693658866593	GeoB25202_R1	59.738	2	IG-D	MII	-14.7089712273385
LV7008886705	brown	0.00159464585573287	GeoB25202_R1	59.738	2	IG-D	MII	0
LV7008886705	green	0.00277854959711031	GeoB25202_R1	59.738	2	IG-D	MII	-14.6634293435499
LV7008886706	green	0.0270390276031611	GeoB25202_R1	79.0255	4	IG-B	MII	-14.8223601102854
LV7008886706	grey	0.410592714309202	GeoB25202_R1	79.0255	4	IG-B	MII	-2.25816216581284
LV7008886706	turquoise	0.532926002026155	GeoB25202_R1	79.0255	4	IG-B	MII	-3.11559245547776
LV7008886706	yellow	0.0283563236610198	GeoB25202_R1	79.0255	4	IG-B	MII	-3.04462727381229
LV7008886706	blue	0.0008004198019724	GeoB25202_R1	79.0255	4	IG-B	MII	-15.6435058756464
LV7008886706	brown	0.00028551259848954	GeoB25202_R1	79.0255	4	IG-B	MII	-14.9775832005496
LV7008886707	grey	0.503331827521897	GeoB25202_R2	95.3875	4	IG-B	MII	-1.9350313961572
LV7008886707	green	0.0124132766866992	GeoB25202_R2	95.3875	4	IG-B	MII	-14.7890918576946
LV7008886707	turquoise	0.46833137929398	GeoB25202_R2	95.3875	4	IG-B	MII	-2.74725181921442
LV7008886707	yellow	0.015923516497424	GeoB25202_R2	95.3875	4	IG-B	MII	-2.84900865484528
LV7008886708	green	0.0186353516490295	GeoB25202_R1	109.6305	4	IG-B	MII	-14.7636101729203
LV7008886708	grey	0.626029299879802	GeoB25202_R1	109.6305	4	IG-B	MII	-1.85543065952113
LV7008886708	turquoise	0.346274705533778	GeoB25202_R1	109.6305	4	IG-B	MII	-2.49883177832733
LV7008886708	yellow	0.00833908152335448	GeoB25202_R1	109.6305	4	IG-B	MII	-2.67726805580329
LV7008886708	blue	0.000444900560985959	GeoB25202_R1	109.6305	4	IG-B	MII	-14.1867843013242
LV7008886708	brown	0.000276660853050092	GeoB25202_R1	109.6305	4	IG-B	MII	0
LV7008886709	turquoise	0.556743531950144	GeoB25202_R1	147.206	1	G-A	MII	-3.59374330691428
LV7008886709	yellow	0.0797356913059392	GeoB25202_R1	147.206	1	G-A	MII	-3.33001738901175
LV7008886709	grey	0.358064112196344	GeoB25202_R1	147.206	1	G-A	MII	-2.1717194008913
LV7008886709	blue	0.00242250862085573	GeoB25202_R1	147.206	1	G-A	MII	-14.6724184414338
LV7008886709	green	0.00225876052322333	GeoB25202_R1	147.206	1	G-A	MII	-14.4572522169888
LV7008886709	brown	0.000775395403494577	GeoB25202_R1	147.206	1	G-A	MII	0
LV7008886714	grey	0.281123266837477	GeoB25202_R1	0.692	5	IG-C	MII	-2.24940437011692
LV7008886714	green	0.0115286274863083	GeoB25202_R1	0.692	5	IG-C	MII	-14.7873549908616
LV7008886714	turquoise	0.699148951954999	GeoB25202_R1	0.692	5	IG-C	MII	-1.76742863556025
LV7008886714	yellow	0.00709957421101858	GeoB25202_R1	0.692	5	IG-C	MII	-2.83834201739039
LV7008886714	blue	0.00084336423637515	GeoB25202_R1	0.692	5	IG-C	MII	-3.79178534674485
LV7008886714	brown	0.000256215273821794	GeoB25202_R1	0.692	5	IG-C	MII	-15.6072700271923
LV7008886715	grey	0.276163883237691	GeoB25202_R2	27.6855	1	G-A	MII	-1.47427678150001
LV7008886715	turquoise	0.646006488985606	GeoB25202_R2	27.6855	1	G-A	MII	-2.5531141453964
LV7008886715	yellow	0.0682329282132863	GeoB25202_R2	27.6855	1	G-A	MII	-2.95904361118618
LV7008886715	blue	0.00581125258616759	GeoB25202_R2	27.6855	1	G-A	MII	-4.31287572288633
LV7008886715	brown	0.00110901766911595	GeoB25202_R2	27.6855	1	G-A	MII	13.2906986922235
LV7008886715	green	0.00267642930813317	GeoB25202_R2	27.6855	1	G-A	MII	-14.8293690900673
LV7008886717	turquoise	0.631443093878688	GeoB25202_R2	59.738	2	IG-D	MII	-3.25775491892345
LV7008886717	grey	0.313376569120894	GeoB25202_R2	59.738	2	IG-D	MII	-1.7326030399509
LV7008886717	green	0.0169345693994072	GeoB25202_R2	59.738	2	IG-D	MII	-14.8888426899593
LV7008886717	yellow	0.0366293990092904	GeoB25202_R2	59.738	2	IG-D	MII	-3.11105919297169
LV7008886717	blue	0.000561998925736567	GeoB25202_R2	59.738	2	IG-D	MII	-14.9141228466324
LV7008886717	brown	0.00105436966598365	GeoB25202_R2	59.738	2	IG-D	MII	14.2209756660724
LV7008886718	green	0.0207418439549313	GeoB25202_R2	79.0255	4	IG-B	MII	-14.8026258869767
LV7008886718	grey	0.399791904588106	GeoB25202_R2	79.0255	4	IG-B	MII	-2.22900065669334
LV7008886718	turquoise	0.541320331539847	GeoB25202_R2	79.0255	4	IG-B	MII	-2.72044921056589
LV7008886718	yellow	0.0365094128589425	GeoB25202_R2	79.0255	4	IG-B	MII	-3.16773946580468
LV7008886718	blue	0.000925686096754065	GeoB25202_R2	79.0255	4	IG-B	MII	-14.9950212477754
LV7008886718	brown	0.000710820961418463	GeoB25202_R2	79.0255	4	IG-B	MII	-2.1726834684201
LV7008886719	grey	0.552131968922435	GeoB25202_R1	87.2825	2	IG-D	MII	-2.34292146651514
LV7008886719	turquoise	0.434389244652777	GeoB25202_R1	87.2825	2	IG-D	MII	-2.70077044023936
LV7008886719	green	0.00391468433388082	GeoB25202_R1	87.2825	2	IG-D	MII	-14.4547869230289
LV7008886719	blue	0.00027220551054681	GeoB25202_R1	87.2825	2	IG-D	MII	-15.3195879547405
LV7008886719	yellow	0.00901507741709266	GeoB25202_R1	87.2825	2	IG-D	MII	-2.72650176730302
LV7008886719	brown	0.000276819163267943	GeoB25202_R1	87.2825	2	IG-D	MII	-14.9141228466324
LV7008886720	green	0.0182159725086512	GeoB25202_R2	109.6305	4	IG-B	MII	-14.7197651816597
LV7008886720	grey	0.728237383114176	GeoB25202_R2	109.6305	4	IG-B	MII	-1.98587398797995
LV7008886720	turquoise	0.244172803388937	GeoB25202_R2	109.6305	4	IG-B	MII	-2.76150565616397
LV7008886720	yellow	0.00789577619188804	GeoB25202_R2	109.6305	4	IG-B	MII	-2.93884219246276
LV7008886720	blue	0.000579847773548657	GeoB25202_R2	109.6305	4	IG-B	MII	-15.1618669676449
LV7008886720	brown	0.000898217022798958	GeoB25202_R2	109.6305	4	IG-B	MII	-15.5174865688134
LV7008886721	turquoise	0.566310592268841	GeoB25202_R2	147.206	1	G-A	MII	-3.5158377716878
LV7008886721	yellow	0.0773045073635147	GeoB25202_R2	147.206	1	G-A	MII	-3.11012217163725
LV7008886721	grey	0.340528019607704	GeoB25202_R2	147.206	1	G-A	MII	-2.53268085962562
LV7008886721	green	0.0115535280408588	GeoB25202_R2	147.206	1	G-A	MII	-14.6892150176389
LV7008886721	blue	0.00142382534409112	GeoB25202_R2	147.206	1	G-A	MII	-2.26488322581003
LV7008886721	brown	0.00287952737499026	GeoB25202_R2	147.206	1	G-A	MII	-13.9832740134453
LV7008886726	green	0.0151322342626497	GeoB25202_R2	0.692	5	IG-C	MII	-14.7925218263159
LV7008886726	turquoise	0.692020060226895	GeoB25202_R2	0.692	5	IG-C	MII	-2.09868040843616
LV7008886726	yellow	0.0055473442976321	GeoB25202_R2	0.692	5	IG-C	MII	-2.835398776755
LV7008886726	grey	0.286650062595368	GeoB25202_R2	0.692	5	IG-C	MII	-3.47297771983334
LV7008886726	blue	0.000650298617455236	GeoB25202_R2	0.692	5	IG-C	MII	-3.43372275915768
LV7008886727	grey	0.201587810599601	GeoB25202_R1	16.4375	3	IG-A	MII	-2.52037805521028
LV7008886727	green	0.0071120855737273	GeoB25202_R1	16.4375	3	IG-A	MII	-14.8315817781191
LV7008886727	turquoise	0.638578776104785	GeoB25202_R1	16.4375	3	IG-A	MII	-2.59186224688669
LV7008886727	yellow	0.106514730046511	GeoB25202_R1	16.4375	3	IG-A	MII	-3.25476120991369
LV7008886727	blue	0.0290457806845931	GeoB25202_R1	16.4375	3	IG-A	MII	-3.29965237626108
LV7008886727	brown	0.0171608169907832	GeoB25202_R1	16.4375	3	IG-A	MII	-1.00977067154175
LV7008886728	grey	0.33206542296461	GeoB25202_R2	50.3555	1	G-A	MII	-2.22354671891805
LV7008886728	turquoise	0.611647224365667	GeoB25202_R2	50.3555	1	G-A	MII	-2.6419364619453
LV7008886728	yellow	0.0542478023391282	GeoB25202_R2	50.3555	1	G-A	MII	-3.01780935217184
LV7008886728	green	0.00111963445448081	GeoB25202_R2	50.3555	1	G-A	MII	-14.9195136952673
LV7008886728	blue	0.000919915876113961	GeoB25202_R2	50.3555	1	G-A	MII	-14.9141228466324
LV7008886730	green	0.0290848829403176	GeoB25202_R1	75.351	4	IG-B	MII	-14.6722180276751
LV7008886730	grey	0.369101126232918	GeoB25202_R1	75.351	4	IG-B	MII	-2.00934254289628
LV7008886730	turquoise	0.565734163963363	GeoB25202_R1	75.351	4	IG-B	MII	-2.74087607587607
LV7008886730	yellow	0.0336480275666515	GeoB25202_R1	75.351	4	IG-B	MII	-3.20180124279337
LV7008886730	brown	0.00111449643445644	GeoB25202_R1	75.351	4	IG-B	MII	-15.347282884583
LV7008886730	blue	0.0013173028622935	GeoB25202_R1	75.351	4	IG-B	MII	-14.8463002502936
LV7008886731	grey	0.521976233279629	GeoB25202_R2	87.2825	2	IG-D	MII	-1.89536594679209
LV7008886731	turquoise	0.460046322503323	GeoB25202_R2	87.2825	2	IG-D	MII	-2.20775782528953
LV7008886731	yellow	0.01134631773422	GeoB25202_R2	87.2825	2	IG-D	MII	-3.0618579680752
LV7008886731	brown	0.00121301094198075	GeoB25202_R2	87.2825	2	IG-D	MII	-15.6072700271923
LV7008886731	green	0.00541811554084737	GeoB25202_R2	87.2825	2	IG-D	MII	-14.9588408011625
LV7008886739	grey	0.20434609159764	GeoB25202_R2	16.4375	3	IG-A	MII	-2.37109065791748
LV7008886739	green	0.00881856866185978	GeoB25202_R2	16.4375	3	IG-A	MII	-14.8148513578076
LV7008886739	turquoise	0.650740241496258	GeoB25202_R2	16.4375	3	IG-A	MII	-2.72529809647703
LV7008886739	yellow	0.103250788772606	GeoB25202_R2	16.4375	3	IG-A	MII	-3.20234913938667
LV7008886739	blue	0.0270387612405779	GeoB25202_R2	16.4375	3	IG-A	MII	-3.33716303713133
LV7008886739	brown	0.00580554823105809	GeoB25202_R2	16.4375	3	IG-A	MII	-0.534121939109203
LV7008886740	grey	0.256270455488345	GeoB25202_R1	43.105	1	G-A	MII	-2.2671312780393
LV7008886740	turquoise	0.580439047126372	GeoB25202_R1	43.105	1	G-A	MII	-2.77030589122747
LV7008886740	yellow	0.064722573639758	GeoB25202_R1	43.105	1	G-A	MII	-3.44856491072212
LV7008886740	blue	0.00231508750723465	GeoB25202_R1	43.105	1	G-A	MII	-14.5450451359766
LV7008886740	green	0.0962528362382901	GeoB25202_R1	43.105	1	G-A	MII	-14.9131246101006
LV7008886741	turquoise	0.483773377337734	GeoB25202_R1	58.997	2	IG-D	MII	-3.13851002326731
LV7008886741	grey	0.457563256325633	GeoB25202_R1	58.997	2	IG-D	MII	-1.09754690653524
LV7008886741	yellow	0.0534653465346535	GeoB25202_R1	58.997	2	IG-D	MII	-14.5524383150842
LV7008886741	green	0.0051980198019802	GeoB25202_R1	58.997	2	IG-D	MII	-14.9141228466324
LV7008886742	grey	0.356002603971805	GeoB25202_R2	75.351	4	IG-B	MII	-2.11561967326871
LV7008886742	green	0.0321313658879694	GeoB25202_R2	75.351	4	IG-B	MII	-14.738578301874
LV7008886742	turquoise	0.570397030873528	GeoB25202_R2	75.351	4	IG-B	MII	-2.76226538277925
LV7008886742	yellow	0.0372555035093758	GeoB25202_R2	75.351	4	IG-B	MII	-3.09854663204807
LV7008886742	blue	0.0031300040406459	GeoB25202_R2	75.351	4	IG-B	MII	-4.42964898369249
LV7008886742	brown	0.0010834917166759	GeoB25202_R2	75.351	4	IG-B	MII	-2.93166147927247
LV7008886743	green	0.017225820645628	GeoB25202_R1	81.6705	4	IG-B	MII	-14.9287357638003
LV7008886743	grey	0.511623094047499	GeoB25202_R1	81.6705	4	IG-B	MII	-1.65576413049049
LV7008886743	turquoise	0.456785358705015	GeoB25202_R1	81.6705	4	IG-B	MII	-3.03448715110988
LV7008886743	yellow	0.0139741883038188	GeoB25202_R1	81.6705	4	IG-B	MII	-3.06727508267422
LV7008886743	brown	0.000391538298038953	GeoB25202_R1	81.6705	4	IG-B	MII	0
LV7008886744	grey	0.625552561680746	GeoB25202_R1	105.5785	2	IG-D	MII	-1.80202807131219
LV7008886744	turquoise	0.35549493225426	GeoB25202_R1	105.5785	2	IG-D	MII	-2.70846079441531
LV7008886744	yellow	0.00493829528129105	GeoB25202_R1	105.5785	2	IG-D	MII	-3.29026582095487
LV7008886744	green	0.0134652449490349	GeoB25202_R1	105.5785	2	IG-D	MII	-14.7346102305109
LV7008886744	brown	0.000548965834667792	GeoB25202_R1	105.5785	2	IG-D	MII	0
LV7008886745	grey	0.523979823320612	GeoB25202_R2	136.2775	2	IG-D	MII	-2.52176063271312
LV7008886745	turquoise	0.423556806960421	GeoB25202_R2	136.2775	2	IG-D	MII	-3.65505559021114
LV7008886745	yellow	0.0453574955296378	GeoB25202_R2	136.2775	2	IG-D	MII	-2.49177071596123
LV7008886745	green	0.00710587418932985	GeoB25202_R2	136.2775	2	IG-D	MII	-14.7468980260972
LV7008886751	grey	0.505619797816883	GeoB25202_R1	7.1335	3	IG-A	MII	-1.30910419369065
LV7008886751	turquoise	0.387870453039947	GeoB25202_R1	7.1335	3	IG-A	MII	-2.5129775257913
LV7008886751	yellow	0.0318521211946661	GeoB25202_R1	7.1335	3	IG-A	MII	-3.04312870927482
LV7008886751	brown	0.073104173266899	GeoB25202_R1	7.1335	3	IG-A	MII	-0.905824138748292
LV7008886751	blue	0.000903631807839636	GeoB25202_R1	7.1335	3	IG-A	MII	-15.7636947273287
LV7008886751	green	0.000649822873765157	GeoB25202_R1	7.1335	3	IG-A	MII	-15.0450539084166
LV7008886752	grey	0.41978536554602	GeoB25202_R2	43.105	1	G-A	MII	-2.39050460680255
LV7008886752	turquoise	0.519865774633823	GeoB25202_R2	43.105	1	G-A	MII	-2.7293728419501
LV7008886752	yellow	0.0530226984869427	GeoB25202_R2	43.105	1	G-A	MII	-3.0903992855952
LV7008886752	blue	0.0006543092438918	GeoB25202_R2	43.105	1	G-A	MII	-15.7084047593206
LV7008886752	green	0.00667185208932241	GeoB25202_R2	43.105	1	G-A	MII	-14.9291724808188
LV7008886753	turquoise	0.721817171254823	GeoB25202_R2	58.997	2	IG-D	MII	-3.83389928864657
LV7008886753	yellow	0.0412607075132414	GeoB25202_R2	58.997	2	IG-D	MII	-3.42409442157473
LV7008886753	grey	0.220471239564943	GeoB25202_R2	58.997	2	IG-D	MII	-2.27534173313232
LV7008886753	blue	0.00152575252294078	GeoB25202_R2	58.997	2	IG-D	MII	-14.9141228466324
LV7008886753	green	0.0140151267464417	GeoB25202_R2	58.997	2	IG-D	MII	-14.7042078955078
LV7008886753	brown	0.000910002397611107	GeoB25202_R2	58.997	2	IG-D	MII	-15.3195879547405
LV7008886754	green	0.0483652707527194	GeoB25202_R1	71.8895	4	IG-B	MII	-14.7759256494778
LV7008886754	grey	0.415870542297821	GeoB25202_R1	71.8895	4	IG-B	MII	-2.15315355293105
LV7008886754	turquoise	0.496822986137707	GeoB25202_R1	71.8895	4	IG-B	MII	-3.24619263136099
LV7008886754	yellow	0.0353481861042511	GeoB25202_R1	71.8895	4	IG-B	MII	-3.09400997183086
LV7008886754	blue	0.00272227431403882	GeoB25202_R1	71.8895	4	IG-B	MII	-14.9407698161681
LV7008886754	brown	0.000870740393461963	GeoB25202_R1	71.8895	4	IG-B	MII	-2.55762819331326
LV7008886755	green	0.0277773848646729	GeoB25202_R2	81.6705	4	IG-B	MII	-14.8652803443275
LV7008886755	grey	0.427744065833377	GeoB25202_R2	81.6705	4	IG-B	MII	-2.16792010653927
LV7008886755	turquoise	0.523067928389229	GeoB25202_R2	81.6705	4	IG-B	MII	-3.17942111264902
LV7008886755	yellow	0.0214106209127214	GeoB25202_R2	81.6705	4	IG-B	MII	-2.72746003337622
LV7008886756	grey	0.568752381457669	GeoB25202_R2	105.5785	4	IG-B	MII	-1.85234548771302
LV7008886756	turquoise	0.39837506209877	GeoB25202_R2	105.5785	4	IG-B	MII	-2.61246407183517
LV7008886756	yellow	0.0202285234721291	GeoB25202_R2	105.5785	4	IG-B	MII	-2.67611043449483
LV7008886756	green	0.0126440329714322	GeoB25202_R2	105.5785	4	IG-B	MII	-14.664550721354
LV7008886757	grey	0.693283220174588	GeoB25202_R1	123.1195	2	IG-D	MII	-2.19889938350827
LV7008886757	turquoise	0.270441319107662	GeoB25202_R1	123.1195	2	IG-D	MII	-2.2909589154277
LV7008886757	yellow	0.0362754607177498	GeoB25202_R1	123.1195	2	IG-D	MII	-3.41997423633345
LV7008886763	grey	0.527880374862183	GeoB25202_R2	7.1335	3	IG-A	MII	-0.266565358137588
LV7008886763	yellow	0.0208241455347299	GeoB25202_R2	7.1335	3	IG-A	MII	-3.56719120153849
LV7008886763	turquoise	0.375458241455347	GeoB25202_R2	7.1335	3	IG-A	MII	-2.46270172272373
LV7008886763	brown	0.0758372381477398	GeoB25202_R2	7.1335	3	IG-A	MII	-0.911981911078604
LV7008886765	turquoise	0.508312186027241	GeoB25202_R1	58.181	1	G-A	MII	-2.93807230956705
LV7008886765	grey	0.43200925302536	GeoB25202_R1	58.181	1	G-A	MII	-2.57282791272328
LV7008886765	yellow	0.0513182848363334	GeoB25202_R1	58.181	1	G-A	MII	-3.26376467662419
LV7008886765	brown	0.00209376826498376	GeoB25202_R1	58.181	1	G-A	MII	-1.14395096925717
LV7008886765	green	0.00626650784608214	GeoB25202_R1	58.181	1	G-A	MII	-14.864505894487
LV7008886766	grey	0.397021868284667	GeoB25202_R2	71.8895	4	IG-B	MII	-2.18721973058866
LV7008886766	green	0.0530122614081659	GeoB25202_R2	71.8895	4	IG-B	MII	-14.7825856083274
LV7008886766	turquoise	0.517042935996292	GeoB25202_R2	71.8895	4	IG-B	MII	-3.07542756097525
LV7008886766	blue	0.00390342560991025	GeoB25202_R2	71.8895	4	IG-B	MII	-4.29552018069422
LV7008886766	yellow	0.0283950617283951	GeoB25202_R2	71.8895	4	IG-B	MII	-2.89601678416857
LV7008886766	brown	0.000624446972569839	GeoB25202_R2	71.8895	4	IG-B	MII	-14.9120965034872
LV7008886768	green	0.0334473979052822	GeoB25202_R1	102.2955	4	IG-B	MII	-14.7024946658608
LV7008886768	grey	0.397435385163721	GeoB25202_R1	102.2955	4	IG-B	MII	-2.03232991507105
LV7008886768	turquoise	0.536710305289218	GeoB25202_R1	102.2955	4	IG-B	MII	-2.89827327414621
LV7008886768	yellow	0.0324069116417786	GeoB25202_R1	102.2955	4	IG-B	MII	-3.07236793643503
LV7008886769	grey	0.617619942555229	GeoB25202_R2	123.1195	2	IG-D	MII	-2.02178098031179
LV7008886769	turquoise	0.329961703485692	GeoB25202_R2	123.1195	2	IG-D	MII	-2.76487303147553
LV7008886769	yellow	0.0432165526045176	GeoB25202_R2	123.1195	2	IG-D	MII	-2.75414761143734
LV7008886769	brown	0.00804935995177476	GeoB25202_R2	123.1195	2	IG-D	MII	0
LV7008886769	blue	0.00115244140278714	GeoB25202_R2	123.1195	2	IG-D	MII	-1.09861228866811
LV7008886776	grey	0.294479623315473	GeoB25202_R1	36.607	1	G-A	MII	-2.05101697023574
LV7008886776	green	0.0109733098529981	GeoB25202_R1	36.607	1	G-A	MII	-14.8267596083966
LV7008886776	turquoise	0.593008355502267	GeoB25202_R1	36.607	1	G-A	MII	-2.9788842577634
LV7008886776	yellow	0.0934017760125895	GeoB25202_R1	36.607	1	G-A	MII	-3.33046786457895
LV7008886776	blue	0.00753618844217968	GeoB25202_R1	36.607	1	G-A	MII	-3.27049124310051
LV7008886776	brown	0.000600746874492613	GeoB25202_R1	36.607	1	G-A	MII	0
LV7008886778	grey	0.324013586933656	GeoB25202_R1	68.149	4	IG-B	MII	-2.16861587214078
LV7008886778	green	0.0323984602971137	GeoB25202_R1	68.149	4	IG-B	MII	-14.8038507802658
LV7008886778	turquoise	0.605532009981703	GeoB25202_R1	68.149	4	IG-B	MII	-2.96637201438513
LV7008886778	yellow	0.0358522266695464	GeoB25202_R1	68.149	4	IG-B	MII	-2.53918980381149
LV7008886778	blue	0.00206721100418211	GeoB25202_R1	68.149	4	IG-B	MII	-3.61838262339273
LV7008886778	brown	0.000136505113799452	GeoB25202_R1	68.149	4	IG-B	MII	-14.9141228466324
LV7008886780	green	0.03569975031141	GeoB25202_R2	102.2955	4	IG-B	MII	-14.7099827504827
LV7008886780	grey	0.378224957422882	GeoB25202_R2	102.2955	4	IG-B	MII	-1.92098834729557
LV7008886780	turquoise	0.549423653256883	GeoB25202_R2	102.2955	4	IG-B	MII	-2.8403232803014
LV7008886780	yellow	0.0347097412185745	GeoB25202_R2	102.2955	4	IG-B	MII	-2.95968115629426
LV7008886780	brown	0.00107073463607916	GeoB25202_R2	102.2955	4	IG-B	MII	-15.4801503466845
LV7008886780	blue	0.000871163154171212	GeoB25202_R2	102.2955	4	IG-B	MII	-14.6622566941996
LV7008886781	grey	0.601938623657644	GeoB25202_R1	120.0235	2	IG-D	MII	-2.34549825169795
LV7008886781	turquoise	0.366045931705748	GeoB25202_R1	120.0235	2	IG-D	MII	-3.11888600093285
LV7008886781	yellow	0.0320154446366086	GeoB25202_R1	120.0235	2	IG-D	MII	-14.6331185953232
LV3003046936	grey	0.227473761205709	ST8	22.905	3	IG-A	SRPI	-0.711132975116614
LV3003046936	green	0.00578678109105755	ST8	22.905	3	IG-A	SRPI	-1.73412711968516
LV3003046936	turquoise	0.641368414785582	ST8	22.905	3	IG-A	SRPI	-0.895281421233468
LV3003046936	yellow	0.0947865812169357	ST8	22.905	3	IG-A	SRPI	-0.832524971519603
LV3003046936	blue	0.0232688562097062	ST8	22.905	3	IG-A	SRPI	-1.60079296787427
LV3003046936	brown	0.00731560549100992	ST8	22.905	3	IG-A	SRPI	-0.569978096016427
LV3003046937	grey	0.171712915879704	ST8	18.598	3	IG-A	SRPI	-0.603351381294148
LV3003046937	turquoise	0.714223449077437	ST8	18.598	3	IG-A	SRPI	-0.826130996197733
LV3003046937	yellow	0.0933077873020485	ST8	18.598	3	IG-A	SRPI	-0.989129096468764
LV3003046937	blue	0.0080833212262095	ST8	18.598	3	IG-A	SRPI	-0.732315401990802
LV3003046937	brown	0.00801067848321953	ST8	18.598	3	IG-A	SRPI	-0.674738424445246
LV3003046937	green	0.00466184803138167	ST8	18.598	3	IG-A	SRPI	-2.41873499337788
LV3003046938	green	0.144800523217789	ST8	11.169	5	IG-C	SRPI	-1.24459805056183
LV3003046938	turquoise	0.511574858851323	ST8	11.169	5	IG-C	SRPI	-1.10368037820066
LV3003046938	grey	0.305049318615608	ST8	11.169	5	IG-C	SRPI	-1.51815119996007
LV3003046938	yellow	0.0332403464983116	ST8	11.169	5	IG-C	SRPI	-0.965321430884651
LV3003046938	blue	0.00533495281696721	ST8	11.169	5	IG-C	SRPI	-2.0683686829775
LV3003046939	green	0.0813613407686019	ST8	2.42	5	IG-C	SRPI	-1.22512428103854
LV3003046939	turquoise	0.66897950083558	ST8	2.42	5	IG-C	SRPI	-0.860474266297072
LV3003046939	grey	0.231337565710249	ST8	2.42	5	IG-C	SRPI	-0.330170686030757
LV3003046939	yellow	0.0165096898982638	ST8	2.42	5	IG-C	SRPI	-0.789947300615802
LV3003046939	blue	0.00181190278730497	ST8	2.42	5	IG-C	SRPI	-1.94169925542665
LV3003046949	grey	0.205364837223529	ST8	22.3686666666667	3	IG-A	SRPI	-0.612744661966671
LV3003046949	green	0.00507044407485997	ST8	22.3686666666667	3	IG-A	SRPI	-1.53632842076465
LV3003046949	turquoise	0.676260824683145	ST8	22.3686666666667	3	IG-A	SRPI	-0.754219515335145
LV3003046949	yellow	0.0870814933761542	ST8	22.3686666666667	3	IG-A	SRPI	-0.893869722150429
LV3003046949	blue	0.0202557779434536	ST8	22.3686666666667	3	IG-A	SRPI	-1.55351022234329
LV3003046949	brown	0.00596662269885875	ST8	22.3686666666667	3	IG-A	SRPI	-0.204515128234915
LV3003046950	grey	0.235457542404424	ST8	18.099	3	IG-A	SRPI	-0.891278112827606
LV3003046950	turquoise	0.620739618227256	ST8	18.099	3	IG-A	SRPI	-1.03952761499423
LV3003046950	yellow	0.113617028475858	ST8	18.099	3	IG-A	SRPI	-1.09751680039361
LV3003046950	blue	0.0156131421085959	ST8	18.099	3	IG-A	SRPI	-1.15936913856933
LV3003046950	brown	0.00863919140358764	ST8	18.099	3	IG-A	SRPI	-0.775958346673776
LV3003046950	green	0.0059334773802791	ST8	18.099	3	IG-A	SRPI	-1.94070392555537
LV3003046952	green	0.17778202178914	ST8	10.26	5	IG-C	SRPI	-1.4478670584788
LV3003046952	turquoise	0.535038847172186	ST8	10.26	5	IG-C	SRPI	-0.953654764088185
LV3003046952	yellow	0.030918008594123	ST8	10.26	5	IG-C	SRPI	-0.862097496851778
LV3003046952	grey	0.251497026780676	ST8	10.26	5	IG-C	SRPI	-1.25371240112639
LV3003046952	blue	0.0047640956638743	ST8	10.26	5	IG-C	SRPI	-2.00312348103447
LV3003046953	grey	0.283958253048404	ST8	1.5215	5	IG-C	SRPI	0.294219404977931
LV3003046953	green	0.0417201394594673	ST8	1.5215	5	IG-C	SRPI	-1.29435750429714
LV3003046953	turquoise	0.654451541834205	ST8	1.5215	5	IG-C	SRPI	-1.02204201636942
LV3003046953	yellow	0.0175433175065985	ST8	1.5215	5	IG-C	SRPI	-0.283081517370426
LV3003046953	blue	0.00227539609251732	ST8	1.5215	5	IG-C	SRPI	-2.56446460394208
LV3003046953	brown	5.13520588085595e-05	ST8	1.5215	5	IG-C	SRPI	1.01242667569772
LV3003046965	grey	0.2215519533301	ST8	21.8323333333333	3	IG-A	SRPI	-0.715108801490475
LV3003046965	green	0.00615963400491513	ST8	21.8323333333333	3	IG-A	SRPI	-1.55506283986236
LV3003046965	turquoise	0.639078703999283	ST8	21.8323333333333	3	IG-A	SRPI	-0.891074662704029
LV3003046965	yellow	0.0932635673466976	ST8	21.8323333333333	3	IG-A	SRPI	-1.00221185045887
LV3003046965	blue	0.0243288390747971	ST8	21.8323333333333	3	IG-A	SRPI	-1.38201345626399
LV3003046965	brown	0.015617302244207	ST8	21.8323333333333	3	IG-A	SRPI	-1.0278503690124
LV3003046966	grey	0.308766514849249	ST8	17.373	3	IG-A	SRPI	-0.915370268356808
LV3003046966	turquoise	0.569730618185468	ST8	17.373	3	IG-A	SRPI	-0.932354851245855
LV3003046966	yellow	0.0980238641924192	ST8	17.373	3	IG-A	SRPI	-1.18176240431305
LV3003046966	blue	0.00982421801483043	ST8	17.373	3	IG-A	SRPI	-0.885283086406904
LV3003046966	brown	0.0112784030313296	ST8	17.373	3	IG-A	SRPI	-0.908974767144237
LV3003046966	green	0.00237638172670355	ST8	17.373	3	IG-A	SRPI	-1.68121315877147
LV3003046978	grey	0.239493854641152	ST8	21.296	3	IG-A	SRPI	-0.301975456584403
LV3003046978	green	0.00421811197897472	ST8	21.296	3	IG-A	SRPI	-1.70880835077006
LV3003046978	turquoise	0.649486055802063	ST8	21.296	3	IG-A	SRPI	-0.728375609763951
LV3003046978	yellow	0.0727980563973294	ST8	21.296	3	IG-A	SRPI	-0.930084675498082
LV3003046978	blue	0.0166049989786399	ST8	21.296	3	IG-A	SRPI	-1.09015190219657
LV3003046978	brown	0.0173989222018418	ST8	21.296	3	IG-A	SRPI	-0.763021029791344
LV3003046979	grey	0.284580822468627	ST8	16.461	3	IG-A	SRPI	-0.686789806492018
LV3003046979	green	0.0263373776430273	ST8	16.461	3	IG-A	SRPI	-1.13174003978763
LV3003046979	turquoise	0.578187294800199	ST8	16.461	3	IG-A	SRPI	-0.78878534952628
LV3003046979	yellow	0.055281207871774	ST8	16.461	3	IG-A	SRPI	-1.19196187026948
LV3003046979	blue	0.00238565804849941	ST8	16.461	3	IG-A	SRPI	-0.570087901931071
LV3003046979	brown	0.0532276391678739	ST8	16.461	3	IG-A	SRPI	-1.20998799393723
LV3003046980	green	0.13853008381725	ST8	8.056	5	IG-C	SRPI	-1.30940313119128
LV3003046980	turquoise	0.609220071030392	ST8	8.056	5	IG-C	SRPI	-0.844219924572585
LV3003046980	yellow	0.0266563492738209	ST8	8.056	5	IG-C	SRPI	-0.700089864072293
LV3003046980	grey	0.221884092419319	ST8	8.056	5	IG-C	SRPI	-0.6161105972364
LV3003046980	blue	0.00370940345921825	ST8	8.056	5	IG-C	SRPI	-1.40228185202973
LV3003046993	grey	0.284711030558345	ST8	20.719	3	IG-A	SRPI	-0.351581124516695
LV3003046993	green	0.0337366414394997	ST8	20.719	3	IG-A	SRPI	-1.16232826865256
LV3003046993	turquoise	0.463899842432258	ST8	20.719	3	IG-A	SRPI	-0.761741477304922
LV3003046993	yellow	0.0351441377452301	ST8	20.719	3	IG-A	SRPI	-1.00715698213665
LV3003046993	blue	0.0121065909035245	ST8	20.719	3	IG-A	SRPI	-1.5569308377327
LV3003046993	brown	0.170401756921143	ST8	20.719	3	IG-A	SRPI	-0.571766267968235
LV3003046994	turquoise	0.417734879657566	ST8	15.549	3	IG-A	SRPI	-0.583595831559425
LV3003046994	grey	0.444926001825191	ST8	15.549	3	IG-A	SRPI	-0.21418554537334
LV3003046994	yellow	0.0216749536395021	ST8	15.549	3	IG-A	SRPI	-0.919519268742272
LV3003046994	brown	0.114292024045753	ST8	15.549	3	IG-A	SRPI	-0.968360187687524
LV3003046994	green	0.00120975730157545	ST8	15.549	3	IG-A	SRPI	-1.15788050797911
LV3003046994	blue	0.000162383530412811	ST8	15.549	3	IG-A	SRPI	-9.21034037197618
LV3003046995	grey	0.202181385829952	ST8	6.9705	5	IG-C	SRPI	-0.916298878865502
LV3003046995	green	0.197519381167947	ST8	6.9705	5	IG-C	SRPI	-1.73571068570901
LV3003046995	turquoise	0.572071207214587	ST8	6.9705	5	IG-C	SRPI	-0.902648788472917
LV3003046995	yellow	0.0233982003353571	ST8	6.9705	5	IG-C	SRPI	-0.959715497688378
LV3003046995	blue	0.00482982545215614	ST8	6.9705	5	IG-C	SRPI	-3.02836714079932
LV3003047009	grey	0.386984755450892	ST8	20.142	3	IG-A	SRPI	0.141435970583063
LV3003047009	turquoise	0.433729992549043	ST8	20.142	3	IG-A	SRPI	-0.673970618080117
LV3003047009	yellow	0.0284808749707672	ST8	20.142	3	IG-A	SRPI	-1.16350470387096
LV3003047009	brown	0.144040050253169	ST8	20.142	3	IG-A	SRPI	-0.78082626909115
LV3003047009	blue	0.00609945123974134	ST8	20.142	3	IG-A	SRPI	-2.3743745743362
LV3003047009	green	0.000664875536387319	ST8	20.142	3	IG-A	SRPI	-1.35051766532587
LV3003047010	green	0.154002613653786	ST8	13.676	5	IG-C	SRPI	-1.37934985366626
LV3003047010	turquoise	0.614169215830857	ST8	13.676	5	IG-C	SRPI	-0.902666157683866
LV3003047010	grey	0.193690727369628	ST8	13.676	5	IG-C	SRPI	-1.10314554278819
LV3003047010	yellow	0.031258715221248	ST8	13.676	5	IG-C	SRPI	-0.867038363923307
LV3003047010	blue	0.00658523942674834	ST8	13.676	5	IG-C	SRPI	-1.5447704251352
LV3003047010	brown	0.00029348849773313	ST8	13.676	5	IG-C	SRPI	-9.21034037197618
LV3003047013	grey	0.199405300624319	ST8	5.885	5	IG-C	SRPI	-0.586872857231704
LV3003047013	green	0.0990995586652669	ST8	5.885	5	IG-C	SRPI	-1.2923677778418
LV3003047013	turquoise	0.678834362894972	ST8	5.885	5	IG-C	SRPI	-0.802187123691012
LV3003047013	yellow	0.0202648666616203	ST8	5.885	5	IG-C	SRPI	-0.899744988208459
LV3003047013	blue	0.0023959111538221	ST8	5.885	5	IG-C	SRPI	-1.77478457248913
LV3003047026	grey	0.4107582756752	ST8	19.565	3	IG-A	SRPI	-0.141515681552216
LV3003047026	turquoise	0.433194051582276	ST8	19.565	3	IG-A	SRPI	-0.71580358647399
LV3003047026	yellow	0.0258558885963771	ST8	19.565	3	IG-A	SRPI	-1.20996842400658
LV3003047026	green	0.00188826620761828	ST8	19.565	3	IG-A	SRPI	-1.42165633954392
LV3003047026	blue	0.00778056678319822	ST8	19.565	3	IG-A	SRPI	-1.8122786176294
LV3003047026	brown	0.120522951155331	ST8	19.565	3	IG-A	SRPI	-0.883450640337026
LV3003047027	green	0.0887700842881602	ST8	12.877	5	IG-C	SRPI	-1.2895343066986
LV3003047027	turquoise	0.610781860485535	ST8	12.877	5	IG-C	SRPI	-0.9465083496044
LV3003047027	grey	0.241959425347908	ST8	12.877	5	IG-C	SRPI	-1.38715743164121
LV3003047027	yellow	0.0515386979235261	ST8	12.877	5	IG-C	SRPI	-0.991048570547024
LV3003047027	blue	0.00636962772729268	ST8	12.877	5	IG-C	SRPI	-1.2382028900233
LV3003047027	brown	0.000580304227578032	ST8	12.877	5	IG-C	SRPI	-0.400957733096535
LV3003047028	turquoise	0.802540804307589	ST8	4.753	2	IG-D	SRPI	-0.794757376057056
LV3003047028	grey	0.151018004374895	ST8	4.753	2	IG-D	SRPI	0.476391615415611
LV3003047028	green	0.0464411913175164	ST8	4.753	2	IG-D	SRPI	-9.21034037197618
LV3003047041	grey	0.21422974392921	ST8	19.097	3	IG-A	SRPI	-0.6156228463962
LV3003047041	turquoise	0.676038449498645	ST8	19.097	3	IG-A	SRPI	-0.780423407250528
LV3003047041	yellow	0.0692744960033178	ST8	19.097	3	IG-A	SRPI	-0.977227901144779
LV3003047041	blue	0.0160133136340465	ST8	19.097	3	IG-A	SRPI	-1.47140385270816
LV3003047041	brown	0.0189961206229069	ST8	19.097	3	IG-A	SRPI	-0.818938274628924
LV3003047041	green	0.00544787631187347	ST8	19.097	3	IG-A	SRPI	-1.59947162439321
LV3003047044	grey	0.309383583789876	ST8	12.078	1	G-A	SRPI	-1.46165867902495
LV3003047044	turquoise	0.573911624547864	ST8	12.078	1	G-A	SRPI	-0.902849430930857
LV3003047044	yellow	0.110618894083021	ST8	12.078	1	G-A	SRPI	-1.09097520198608
LV3003047044	green	0.00309129752907723	ST8	12.078	1	G-A	SRPI	-1.45579088497383
LV3003047044	blue	0.00180703413723185	ST8	12.078	1	G-A	SRPI	-9.21034037197618
LV3003047044	brown	0.00118756591292996	ST8	12.078	1	G-A	SRPI	-0.765417102478871
LV3003047045	grey	0.177549232955595	ST8	3.5865	5	IG-C	SRPI	-0.586756738975184
LV3003047045	green	0.12462361843623	ST8	3.5865	5	IG-C	SRPI	-1.35197138143128
LV3003047045	turquoise	0.673032654190356	ST8	3.5865	5	IG-C	SRPI	-0.831925522520597
LV3003047045	yellow	0.0226283342537933	ST8	3.5865	5	IG-C	SRPI	-0.859135318813501
LV3003047045	blue	0.00216616016402496	ST8	3.5865	5	IG-C	SRPI	-9.21034037197618
LV3003047059	turquoise	0.321071033303149	ST8	107.683	2	IG-D	SRPI	-1.08055704922053
LV3003047059	grey	0.648480732468055	ST8	107.683	2	IG-D	SRPI	-0.306290161653484
LV3003047059	yellow	0.0270399436563035	ST8	107.683	2	IG-D	SRPI	-1.35029540065181
LV3003047059	green	0.0034082905724922	ST8	107.683	2	IG-D	SRPI	-0.3317941891592
LV3003047060	turquoise	0.64129092689573	ST8	106.686	2	IG-D	SRPI	-1.06073268558533
LV3003047060	grey	0.295589049261293	ST8	106.686	2	IG-D	SRPI	-0.553680042158159
LV3003047060	yellow	0.0482394516115298	ST8	106.686	2	IG-D	SRPI	-1.34822571422615
LV3003047060	blue	0.00227785583514285	ST8	106.686	2	IG-D	SRPI	-0.3317941891592
LV3003047060	green	0.0126027163963043	ST8	106.686	2	IG-D	SRPI	-9.21034037197618
LV3003047061	turquoise	0.433517055700897	ST8	105.689	2	IG-D	SRPI	-1.11400529928373
LV3003047061	grey	0.536968834929263	ST8	105.689	2	IG-D	SRPI	-0.386074637081355
LV3003047061	yellow	0.0295141093698407	ST8	105.689	2	IG-D	SRPI	-1.92050481425716
LV3003047062	grey	0.584121415497254	ST8	104.692	2	IG-D	SRPI	-0.396891965642783
LV3003047062	turquoise	0.369000406752085	ST8	104.692	2	IG-D	SRPI	-0.874461172749039
LV3003047062	yellow	0.0382601179581045	ST8	104.692	2	IG-D	SRPI	-1.10627804238604
LV3003047062	brown	0.00861805979255644	ST8	104.692	2	IG-D	SRPI	-1.00587367770272
LV3003047063	grey	0.777529459569281	ST8	103.695	2	IG-D	SRPI	-0.402373362458126
LV3003047063	turquoise	0.189028850060951	ST8	103.695	2	IG-D	SRPI	-0.924187883043811
LV3003047063	yellow	0.0334416903697684	ST8	103.695	2	IG-D	SRPI	-0.540867353539195
LV3003047064	turquoise	0.0883517495395948	ST8	96.283	2	IG-D	SRPI	-0.618290765907961
LV3003047064	grey	0.911648250460405	ST8	96.283	2	IG-D	SRPI	-0.10699146442205
LV3003047065	turquoise	0.637418689285612	ST8	53.61018	2	IG-D	SRPI	-0.748172361095723
LV3003047065	grey	0.289788520503195	ST8	53.61018	2	IG-D	SRPI	-0.608677220125291
LV3003047065	yellow	0.0612158638278362	ST8	53.61018	2	IG-D	SRPI	-0.569691140735836
LV3003047065	brown	0.00697051322463249	ST8	53.61018	2	IG-D	SRPI	0.0218956771236662
LV3003047065	blue	0.00460641315872425	ST8	53.61018	2	IG-D	SRPI	-9.21034037197618
LV3003047067	turquoise	0.688699129285169	ST8	42.86602	1	G-A	SRPI	-0.951982007829793
LV3003047067	grey	0.210128358645651	ST8	42.86602	1	G-A	SRPI	-0.571484508592139
LV3003047067	yellow	0.0850450528551536	ST8	42.86602	1	G-A	SRPI	-1.1480634436251
LV3003047067	green	0.0113973157926106	ST8	42.86602	1	G-A	SRPI	-1.32179537713193
LV3003047067	blue	0.00156045968541566	ST8	42.86602	1	G-A	SRPI	-9.21034037197618
LV3003047067	brown	0.00316968373600056	ST8	42.86602	1	G-A	SRPI	-0.825947312510576
LV3003047068	turquoise	0.745866883456402	ST8	37.78969	1	G-A	SRPI	-0.893439685126529
LV3003047068	yellow	0.0724480261227133	ST8	37.78969	1	G-A	SRPI	-1.07878831820064
LV3003047068	grey	0.175788589528651	ST8	37.78969	1	G-A	SRPI	-0.389422221355314
LV3003047068	blue	0.00315402078617763	ST8	37.78969	1	G-A	SRPI	-1.47437703043942
LV3003047068	brown	0.00107945096425331	ST8	37.78969	1	G-A	SRPI	-0.357798255205167
LV3003047068	green	0.00166302914180275	ST8	37.78969	1	G-A	SRPI	-9.21034037197618
LV3003047069	turquoise	0.704385347284714	ST8	33.7436870748299	1	G-A	SRPI	-1.04673255382486
LV3003047069	grey	0.197801866794182	ST8	33.7436870748299	1	G-A	SRPI	-0.560780500956838
LV3003047069	yellow	0.089205501733882	ST8	33.7436870748299	1	G-A	SRPI	-1.04661962214503
LV3003047069	brown	0.00220641668141376	ST8	33.7436870748299	1	G-A	SRPI	-0.029927917242245
LV3003047069	blue	0.0015889212279123	ST8	33.7436870748299	1	G-A	SRPI	-9.21034037197618
LV3003047069	green	0.00481194627789555	ST8	33.7436870748299	1	G-A	SRPI	-2.52352970207589
LV3003047070	turquoise	0.610565232330708	ST8	30.128	1	G-A	SRPI	-0.790134522300465
LV3003047070	yellow	0.08218137125337	ST8	30.128	1	G-A	SRPI	-1.03499025305847
LV3003047070	grey	0.3005662895808	ST8	30.128	1	G-A	SRPI	-0.425500362363225
LV3003047070	brown	0.00389200190305017	ST8	30.128	1	G-A	SRPI	-1.86859266566943
LV3003047070	blue	0.00279510493207168	ST8	30.128	1	G-A	SRPI	-1.02538571463526
LV3003047071	grey	0.331271922142431	ST8	26.141	1	G-A	SRPI	-0.758880986714111
LV3003047071	turquoise	0.556053318243265	ST8	26.141	1	G-A	SRPI	-0.942563520648884
LV3003047071	yellow	0.106717326183515	ST8	26.141	1	G-A	SRPI	-0.77838065709614
LV3003047071	brown	0.00118789381262266	ST8	26.141	1	G-A	SRPI	-0.75430490494254
LV3003047071	blue	0.00421713531210843	ST8	26.141	1	G-A	SRPI	-0.793101634507882
LV3003047071	green	0.000552404306058932	ST8	26.141	1	G-A	SRPI	-0.552029191325516
LV3003047073	grey	0.938944614042739	ST8	101.685	2	IG-D	SRPI	-0.346274621387814
LV3003047073	turquoise	0.0610553859572612	ST8	101.685	2	IG-D	SRPI	-0.3317941891592
LV3003047074	grey	0.865113427345187	ST8	100.672	2	IG-D	SRPI	-0.36470292538463
LV3003047074	brown	0.0235438381361128	ST8	100.672	2	IG-D	SRPI	-4.60517018598809
LV3003047074	turquoise	0.1113427345187	ST8	100.672	2	IG-D	SRPI	-0.3317941891592
LV3003047077	turquoise	0.397366080145799	ST8	99.7145	2	IG-D	SRPI	-1.2320575125126
LV3003047077	grey	0.545507799787377	ST8	99.7145	2	IG-D	SRPI	-0.0981879207204118
LV3003047077	yellow	0.0504653836974681	ST8	99.7145	2	IG-D	SRPI	-1.09489450258191
LV3003047077	brown	0.00397040637000716	ST8	99.7145	2	IG-D	SRPI	-4.60517018598809
LV3003047077	blue	0.00269032999934911	ST8	99.7145	2	IG-D	SRPI	-9.21034037197618
LV3003047078	grey	0.750447894893998	ST8	98.757	2	IG-D	SRPI	-0.403033216771169
LV3003047078	turquoise	0.230889817856076	ST8	98.757	2	IG-D	SRPI	-1.05642416311858
LV3003047078	yellow	0.0186622872499254	ST8	98.757	2	IG-D	SRPI	-1.00284281574633
LV3003047079	green	0.0723281441315375	ST8	97.52	4	IG-B	SRPI	-1.66073783149865
LV3003047079	turquoise	0.404740248382019	ST8	97.52	4	IG-B	SRPI	-1.01936681529425
LV3003047079	grey	0.470928808815813	ST8	97.52	4	IG-B	SRPI	-0.222711920722135
LV3003047079	yellow	0.0265932015625911	ST8	97.52	4	IG-B	SRPI	-0.714271388486724
LV3003047079	blue	0.000857092880881581	ST8	97.52	4	IG-B	SRPI	-9.21034037197618
LV3003047079	brown	0.0245525042271588	ST8	97.52	4	IG-B	SRPI	-0.0786186239639391
LV3003047080	turquoise	0.626681091877497	ST8	87.9935	4	IG-B	SRPI	-0.739301084490496
LV3003047080	yellow	0.0326786506879716	ST8	87.9935	4	IG-B	SRPI	-0.754653853493194
LV3003047080	grey	0.316419773635153	ST8	87.9935	4	IG-B	SRPI	-0.415292101304173
LV3003047080	green	0.0242204837993786	ST8	87.9935	4	IG-B	SRPI	-1.6999413130843
LV3003047081	turquoise	0.660182101757788	ST8	52.20718	1	G-A	SRPI	-0.828200966272487
LV3003047081	grey	0.250885216878135	ST8	52.20718	1	G-A	SRPI	-0.595876707181542
LV3003047081	yellow	0.0757527856229538	ST8	52.20718	1	G-A	SRPI	-0.751183142503815
LV3003047081	brown	0.00176692099088086	ST8	52.20718	1	G-A	SRPI	-1.06509920329484
LV3003047081	blue	0.0040888589132909	ST8	52.20718	1	G-A	SRPI	-2.20980663773599
LV3003047081	green	0.00732411583695148	ST8	52.20718	1	G-A	SRPI	-1.28518703529196
LV3003047082	turquoise	0.730862192030323	ST8	41.9168333333333	1	G-A	SRPI	-0.897357268731065
LV3003047082	yellow	0.0696202220089099	ST8	41.9168333333333	1	G-A	SRPI	-1.03617585460978
LV3003047082	grey	0.19097196583721	ST8	41.9168333333333	1	G-A	SRPI	-0.219446643383276
LV3003047082	green	0.00663565433557311	ST8	41.9168333333333	1	G-A	SRPI	-9.21034037197618
LV3003047082	brown	0.00140293878756553	ST8	41.9168333333333	1	G-A	SRPI	-9.21034037197618
LV3003047082	blue	0.00050702700041842	ST8	41.9168333333333	1	G-A	SRPI	-9.21034037197618
LV3003047083	grey	0.186732032421809	ST8	37.30319	1	G-A	SRPI	-0.405304710566746
LV3003047083	turquoise	0.722534191412802	ST8	37.30319	1	G-A	SRPI	-0.933118905868961
LV3003047083	yellow	0.0827280720550314	ST8	37.30319	1	G-A	SRPI	-1.17187076797376
LV3003047083	blue	0.00179915916093423	ST8	37.30319	1	G-A	SRPI	-9.21034037197618
LV3003047083	green	0.00566716663834315	ST8	37.30319	1	G-A	SRPI	-1.71540091373909
LV3003047083	brown	0.000539378311080899	ST8	37.30319	1	G-A	SRPI	-4.60517018598809
LV3003047084	grey	0.281261293312487	ST8	33.276	4	IG-B	SRPI	-0.583751040861928
LV3003047084	green	0.0277724204435873	ST8	33.276	4	IG-B	SRPI	-1.69910738935218
LV3003047084	turquoise	0.610287329956652	ST8	33.276	4	IG-B	SRPI	-1.03440028294399
LV3003047084	yellow	0.0764284577431164	ST8	33.276	4	IG-B	SRPI	-1.2291886486123
LV3003047084	blue	0.00287798073232158	ST8	33.276	4	IG-B	SRPI	-1.3934024010954
LV3003047084	brown	0.00137251781183586	ST8	33.276	4	IG-B	SRPI	0.350469200932327
LV3003047085	grey	0.324393462776151	ST8	29.703	1	G-A	SRPI	-0.490314603610887
LV3003047085	turquoise	0.557198448855624	ST8	29.703	1	G-A	SRPI	-0.919774300534512
LV3003047085	yellow	0.108051307083198	ST8	29.703	1	G-A	SRPI	-0.961689225862832
LV3003047085	brown	0.00509364717792964	ST8	29.703	1	G-A	SRPI	-0.705588316432364
LV3003047085	blue	0.0047659724482048	ST8	29.703	1	G-A	SRPI	-2.99444646128699
LV3003047085	green	0.000497161658892866	ST8	29.703	1	G-A	SRPI	-9.21034037197618
LV3003047087	turquoise	0.517440845193399	ST8	94.9015	2	IG-D	SRPI	-1.04838209656403
LV3003047087	grey	0.410678424866847	ST8	94.9015	2	IG-D	SRPI	-0.489781511609482
LV3003047087	yellow	0.0539814895660526	ST8	94.9015	2	IG-D	SRPI	-1.35999881601961
LV3003047087	green	0.0178992403737012	ST8	94.9015	2	IG-D	SRPI	-9.21034037197618
LV3003047088	grey	0.451371679492196	ST8	93.52	2	IG-D	SRPI	-0.321133143519927
LV3003047088	turquoise	0.488174427198818	ST8	93.52	2	IG-D	SRPI	-0.876626148345676
LV3003047088	yellow	0.00934741967740533	ST8	93.52	2	IG-D	SRPI	-0.647098483725312
LV3003047088	green	0.0511064736315812	ST8	93.52	2	IG-D	SRPI	-9.21034037197618
LV3003047089	turquoise	0.434981085022296	ST8	92.1385	2	IG-D	SRPI	-0.649643658477666
LV3003047089	grey	0.51028171693049	ST8	92.1385	2	IG-D	SRPI	-0.234454187429097
LV3003047089	green	0.0503976724362632	ST8	92.1385	2	IG-D	SRPI	-1.79772247469899
LV3003047089	blue	0.00154278589090602	ST8	92.1385	2	IG-D	SRPI	-0.723425428493032
LV3003047089	yellow	0.00279673972004424	ST8	92.1385	2	IG-D	SRPI	-1.39727887682737
LV3003047090	grey	0.45689436262062	ST8	90.757	2	IG-D	SRPI	-0.320343217842382
LV3003047090	turquoise	0.526890009431909	ST8	90.757	2	IG-D	SRPI	-0.588144655392332
LV3003047090	yellow	0.00840709569759849	ST8	90.757	2	IG-D	SRPI	-0.666442859282791
LV3003047090	green	0.00780853224987303	ST8	90.757	2	IG-D	SRPI	-9.21034037197618
LV3003047091	turquoise	0.588063828512238	ST8	89.37525	4	IG-B	SRPI	-0.705674152369864
LV3003047091	grey	0.347350038095075	ST8	89.37525	4	IG-B	SRPI	-0.39594415165627
LV3003047091	green	0.0473534623714826	ST8	89.37525	4	IG-B	SRPI	-1.6773464979327
LV3003047091	yellow	0.0167917954337274	ST8	89.37525	4	IG-B	SRPI	-0.472660897252786
LV3003047091	blue	0.000440875587477421	ST8	89.37525	4	IG-B	SRPI	-9.21034037197618
LV3003047093	green	0.048982332968559	ST8	79.675	4	IG-B	SRPI	-1.39057276605965
LV3003047093	turquoise	0.641136918824767	ST8	79.675	4	IG-B	SRPI	-0.65559101885837
LV3003047093	yellow	0.0289794968253926	ST8	79.675	4	IG-B	SRPI	-1.17000443070172
LV3003047093	grey	0.280901251381282	ST8	79.675	4	IG-B	SRPI	-0.45972462372189
LV3003047094	turquoise	0.733290350311627	ST8	50.6848	1	G-A	SRPI	-0.747564400098866
LV3003047094	grey	0.209987863617401	ST8	50.6848	1	G-A	SRPI	-0.394879740142515
LV3003047094	green	0.013492244092995	ST8	50.6848	1	G-A	SRPI	-1.0422492764148
LV3003047094	yellow	0.0427365014348744	ST8	50.6848	1	G-A	SRPI	-0.992823736171674
LV3003047094	blue	0.000493040543103121	ST8	50.6848	1	G-A	SRPI	-9.21034037197618
LV3003047095	turquoise	0.787720841649876	ST8	40.9751666666667	1	G-A	SRPI	-0.699482831849979
LV3003047095	grey	0.148959919782808	ST8	40.9751666666667	1	G-A	SRPI	-0.439326446797638
LV3003047095	green	0.00709783407275674	ST8	40.9751666666667	1	G-A	SRPI	-1.45191791449685
LV3003047095	yellow	0.0539826385275857	ST8	40.9751666666667	1	G-A	SRPI	-0.995714102407139
LV3003047095	blue	0.000971182982856098	ST8	40.9751666666667	1	G-A	SRPI	-0.980589809595048
LV3003047095	brown	0.00126758298411737	ST8	40.9751666666667	1	G-A	SRPI	0.80015456060304
LV3003047096	grey	0.206086277564696	ST8	36.89377	1	G-A	SRPI	-0.493231860581827
LV3003047096	turquoise	0.725614407123498	ST8	36.89377	1	G-A	SRPI	-0.651777137103556
LV3003047096	yellow	0.063336813576193	ST8	36.89377	1	G-A	SRPI	-0.837688027840862
LV3003047096	blue	0.00186815108942421	ST8	36.89377	1	G-A	SRPI	-2.54043185487284
LV3003047096	brown	0.00268321314774442	ST8	36.89377	1	G-A	SRPI	-0.790548045554588
LV3003047096	green	0.00041113749844471	ST8	36.89377	1	G-A	SRPI	-9.21034037197618
LV3003047097	grey	0.301257517769273	ST8	32.835	1	G-A	SRPI	-0.495050674424782
LV3003047097	turquoise	0.596316523427181	ST8	32.835	1	G-A	SRPI	-0.931922342065352
LV3003047097	yellow	0.0888310060756476	ST8	32.835	1	G-A	SRPI	-1.19875331323715
LV3003047097	green	0.0118134180279025	ST8	32.835	1	G-A	SRPI	-9.21034037197618
LV3003047097	blue	0.000666539706722529	ST8	32.835	1	G-A	SRPI	-0.3317941891592
LV3003047097	brown	0.00111499499327317	ST8	32.835	1	G-A	SRPI	-0.950338988503734
LV3003047098	turquoise	0.584160348810725	ST8	29.278	1	G-A	SRPI	-0.829271837067808
LV3003047098	grey	0.324862525623922	ST8	29.278	1	G-A	SRPI	-0.441660297949274
LV3003047098	yellow	0.089215989327433	ST8	29.278	1	G-A	SRPI	-0.865170834161878
LV3003047098	blue	0.00115104285295936	ST8	29.278	1	G-A	SRPI	-9.21034037197618
LV3003047098	brown	0.000610093384960791	ST8	29.278	1	G-A	SRPI	-4.60517018598809
LV3003047099	turquoise	0.633982592134386	ST8	25.058	1	G-A	SRPI	-0.895462618684399
LV3003047099	grey	0.245170403042492	ST8	25.058	1	G-A	SRPI	-0.410804542622758
LV3003047099	yellow	0.104532858392253	ST8	25.058	1	G-A	SRPI	-0.665353345109238
LV3003047099	brown	0.00273728626157221	ST8	25.058	1	G-A	SRPI	-0.249067567697181
LV3003047099	blue	0.0114571566887204	ST8	25.058	1	G-A	SRPI	-1.13471528188107
LV3003047099	green	0.00211970348057702	ST8	25.058	1	G-A	SRPI	-2.11800582753198
LV3003047100	green	0.050909239971873	ST8	86.61175	4	IG-B	SRPI	-1.71057403119966
LV3003047100	turquoise	0.601110575058414	ST8	86.61175	4	IG-B	SRPI	-0.767889985582316
LV3003047100	grey	0.316810297256987	ST8	86.61175	4	IG-B	SRPI	-0.321818883084445
LV3003047100	yellow	0.0301040888207787	ST8	86.61175	4	IG-B	SRPI	-0.701624186554451
LV3003047100	blue	0.00106579889194754	ST8	86.61175	4	IG-B	SRPI	-9.21034037197618
LV3003047101	turquoise	0.701466889388092	ST8	85.23	2	IG-D	SRPI	-0.655797835037182
LV3003047101	grey	0.241758347253422	ST8	85.23	2	IG-D	SRPI	-0.334848406371472
LV3003047101	yellow	0.0352274254555229	ST8	85.23	2	IG-D	SRPI	-0.895650312717793
LV3003047101	green	0.0204529308987577	ST8	85.23	2	IG-D	SRPI	-3.23222842736741
LV3003047101	blue	0.00109440700420483	ST8	85.23	2	IG-D	SRPI	-1.11849335563476
LV3003047104	turquoise	0.712750067891735	ST8	83.84125	2	IG-D	SRPI	-0.517705389259245
LV3003047104	grey	0.275663075948221	ST8	83.84125	2	IG-D	SRPI	-0.250348293093568
LV3003047104	yellow	0.00761518964424731	ST8	83.84125	2	IG-D	SRPI	-1.61220703668778
LV3003047104	green	0.00397166651579614	ST8	83.84125	2	IG-D	SRPI	-9.21034037197618
LV3003047105	turquoise	0.574151414980247	ST8	82.4525	2	IG-D	SRPI	-0.661721517361238
LV3003047105	grey	0.415399500120938	ST8	82.4525	2	IG-D	SRPI	-0.0498304422336096
LV3003047105	yellow	0.00765943723292752	ST8	82.4525	2	IG-D	SRPI	-1.33384241025476
LV3003047105	green	0.00278964766588729	ST8	82.4525	2	IG-D	SRPI	-9.21034037197618
LV3003047106	grey	0.359714420123419	ST8	81.06375	2	IG-D	SRPI	-0.311263186812514
LV3003047106	turquoise	0.613935855217644	ST8	81.06375	2	IG-D	SRPI	-0.64467432956424
LV3003047106	green	0.0116999197498409	ST8	81.06375	2	IG-D	SRPI	-1.57335340172626
LV3003047106	yellow	0.0146498049090959	ST8	81.06375	2	IG-D	SRPI	-1.37648902070018
LV3003047107	turquoise	0.677403235092827	ST8	71.517	4	IG-B	SRPI	-0.827646556957109
LV3003047107	grey	0.236483330255396	ST8	71.517	4	IG-B	SRPI	-0.351108587244653
LV3003047107	yellow	0.0572858389550947	ST8	71.517	4	IG-B	SRPI	-1.16400779842473
LV3003047107	green	0.0284546221560768	ST8	71.517	4	IG-B	SRPI	-2.48867621575555
LV3003047107	brown	0.000372973540605231	ST8	71.517	4	IG-B	SRPI	0.0147794011207723
LV3003047110	grey	0.269089796681415	ST8	49.1548	1	G-A	SRPI	-0.218176181092517
LV3003047110	turquoise	0.67116660340696	ST8	49.1548	1	G-A	SRPI	-0.982842332180373
LV3003047110	yellow	0.05828768248537	ST8	49.1548	1	G-A	SRPI	-1.27432518027493
LV3003047110	green	0.00145591742625523	ST8	49.1548	1	G-A	SRPI	-9.21034037197618
LV3003047112	turquoise	0.712377874135996	ST8	40.0335	1	G-A	SRPI	-1.0559868088203
LV3003047112	yellow	0.100157008015995	ST8	40.0335	1	G-A	SRPI	-0.960361154650239
LV3003047112	grey	0.179952038957614	ST8	40.0335	1	G-A	SRPI	-0.697916108767876
LV3003047112	blue	0.0012572907530865	ST8	40.0335	1	G-A	SRPI	-9.21034037197618
LV3003047112	green	0.00550141368545652	ST8	40.0335	1	G-A	SRPI	-1.53518013514982
LV3003047112	brown	0.000754374451851897	ST8	40.0335	1	G-A	SRPI	1.01242667569772
LV3003047113	grey	0.2085542446405	ST8	36.48927	1	G-A	SRPI	-0.560268507018095
LV3003047113	turquoise	0.709046710953708	ST8	36.48927	1	G-A	SRPI	-0.744473647822733
LV3003047113	yellow	0.0716790910424474	ST8	36.48927	1	G-A	SRPI	-0.902075088732819
LV3003047113	brown	0.00254139288905315	ST8	36.48927	1	G-A	SRPI	0.118345065507342
LV3003047113	blue	0.00642778081534133	ST8	36.48927	1	G-A	SRPI	-1.15475693455722
LV3003047113	green	0.00175077965895041	ST8	36.48927	1	G-A	SRPI	-9.21034037197618
LV3003047114	green	0.0147713715883323	ST8	32.3855	1	G-A	SRPI	-2.75673149309656
LV3003047114	turquoise	0.662694545885053	ST8	32.3855	1	G-A	SRPI	-1.06595850429041
LV3003047114	yellow	0.089721056034679	ST8	32.3855	1	G-A	SRPI	-1.38550274648514
LV3003047114	grey	0.232813026491936	ST8	32.3855	1	G-A	SRPI	-0.5519252751497
LV3003047117	grey	0.251399159303423	ST8	28.7616666666667	1	G-A	SRPI	-0.512137511351003
LV3003047117	turquoise	0.647600583340482	ST8	28.7616666666667	1	G-A	SRPI	-0.97970826799893
LV3003047117	yellow	0.0928540790941065	ST8	28.7616666666667	1	G-A	SRPI	-1.03042278121528
LV3003047117	blue	0.00161276486231449	ST8	28.7616666666667	1	G-A	SRPI	-9.21034037197618
LV3003047117	green	0.00560350004289268	ST8	28.7616666666667	1	G-A	SRPI	-1.87903435465489
LV3003047117	brown	0.000929913356781333	ST8	28.7616666666667	1	G-A	SRPI	-9.21034037197618
LV3003047118	grey	0.199075399909995	ST8	24.528	3	IG-A	SRPI	-0.199503912255271
LV3003047118	turquoise	0.651315759567611	ST8	24.528	3	IG-A	SRPI	-0.914717568524038
LV3003047118	yellow	0.119223711704176	ST8	24.528	3	IG-A	SRPI	-0.872941642027433
LV3003047118	blue	0.0183480539001547	ST8	24.528	3	IG-A	SRPI	-1.21487823921638
LV3003047118	brown	0.00561396809811489	ST8	24.528	3	IG-A	SRPI	-0.773533040996788
LV3003047118	green	0.00642310681994845	ST8	24.528	3	IG-A	SRPI	-1.56874767046278
LV3003047122	turquoise	0.660348818554764	ST8	76.951	2	IG-D	SRPI	-0.717240131772165
LV3003047122	grey	0.290124447092797	ST8	76.951	2	IG-D	SRPI	-0.171297357168405
LV3003047122	yellow	0.0495267343524397	ST8	76.951	2	IG-D	SRPI	-0.438405369675878
LV3003047123	turquoise	0.666859011348336	ST8	75.589	2	IG-D	SRPI	-0.548168498901562
LV3003047123	grey	0.272475476053087	ST8	75.589	2	IG-D	SRPI	-0.459351168200528
LV3003047123	yellow	0.0606655125985767	ST8	75.589	2	IG-D	SRPI	0.459113059289359
LV3003047124	grey	0.298730643025733	ST8	74.227	2	IG-D	SRPI	-0.0690680404216705
LV3003047124	turquoise	0.643658971849635	ST8	74.227	2	IG-D	SRPI	-0.483644676058292
LV3003047124	yellow	0.0552501295262219	ST8	74.227	2	IG-D	SRPI	0.574955016743451
LV3003047124	brown	0.00236025559841115	ST8	74.227	2	IG-D	SRPI	-4.60517018598809
LV3003047125	turquoise	0.721802835733586	ST8	72.872	2	IG-D	SRPI	-0.618123468565302
LV3003047125	grey	0.212364318411841	ST8	72.872	2	IG-D	SRPI	-0.328932086868841
LV3003047125	yellow	0.0302979655886422	ST8	72.872	2	IG-D	SRPI	-0.700608327933298
LV3003047125	green	0.0355348802659313	ST8	72.872	2	IG-D	SRPI	-2.71918754677394
LV3003047126	turquoise	0.712238944840506	ST8	64.210824	1	G-A	SRPI	-0.87565349113052
LV3003047126	grey	0.182301686092565	ST8	64.210824	1	G-A	SRPI	-0.40429585023064
LV3003047126	yellow	0.0999270742962041	ST8	64.210824	1	G-A	SRPI	-1.03679316062992
LV3003047126	blue	0.00102473187230458	ST8	64.210824	1	G-A	SRPI	-9.21034037197618
LV3003047126	green	0.00450756289841953	ST8	64.210824	1	G-A	SRPI	-9.21034037197618
LV3003047127	turquoise	0.744295114820822	ST8	47.6248	2	IG-D	SRPI	-0.8013838770006
LV3003047127	grey	0.221542720783447	ST8	47.6248	2	IG-D	SRPI	-0.243571728990134
LV3003047127	yellow	0.0324783322830904	ST8	47.6248	2	IG-D	SRPI	-1.17031136034141
LV3003047127	brown	0.00168383211264114	ST8	47.6248	2	IG-D	SRPI	-9.21034037197618
LV3003047128	grey	0.254045340513696	ST8	39.57797	1	G-A	SRPI	-0.50348678746612
LV3003047128	turquoise	0.642040374209964	ST8	39.57797	1	G-A	SRPI	-0.856380038800553
LV3003047128	yellow	0.0985979899754239	ST8	39.57797	1	G-A	SRPI	-0.797310651491217
LV3003047128	blue	0.00403384444024341	ST8	39.57797	1	G-A	SRPI	-9.21034037197618
LV3003047128	brown	0.0012824508606727	ST8	39.57797	1	G-A	SRPI	-0.182013421732583
LV3003047129	turquoise	0.66155737112284	ST8	36.0373	1	G-A	SRPI	-0.920942217632102
LV3003047129	grey	0.233467090834599	ST8	36.0373	1	G-A	SRPI	-0.615114722722624
LV3003047129	yellow	0.0978327669727424	ST8	36.0373	1	G-A	SRPI	-0.909626721950835
LV3003047129	brown	0.00342527655267154	ST8	36.0373	1	G-A	SRPI	-0.346197272563081
LV3003047129	blue	0.00371749451714747	ST8	36.0373	1	G-A	SRPI	-1.1750575144039
LV3003047130	grey	0.285892560253691	ST8	31.936	1	G-A	SRPI	-0.529825392748254
LV3003047130	turquoise	0.597379364270736	ST8	31.936	1	G-A	SRPI	-1.05648981287924
LV3003047130	yellow	0.107431848069473	ST8	31.936	1	G-A	SRPI	-1.39310027533153
LV3003047130	green	0.00659108051859838	ST8	31.936	1	G-A	SRPI	-9.21034037197618
LV3003047130	brown	0.000552876736131679	ST8	31.936	1	G-A	SRPI	0.0147794011207723
LV3003047130	blue	0.00215227015136975	ST8	31.936	1	G-A	SRPI	-1.08045991934968
LV3003047131	turquoise	0.66855013530937	ST8	28.2453333333333	1	G-A	SRPI	-0.856435349176867
LV3003047131	yellow	0.0780515450771476	ST8	28.2453333333333	1	G-A	SRPI	-1.1511784337746
LV3003047131	grey	0.240969693534904	ST8	28.2453333333333	1	G-A	SRPI	-0.508257700022883
LV3003047131	green	0.0105130421230111	ST8	28.2453333333333	1	G-A	SRPI	-1.1984499620304
LV3003047131	brown	0.00133750832400572	ST8	28.2453333333333	1	G-A	SRPI	-0.307631782568509
LV3003047131	blue	0.000578075631561796	ST8	28.2453333333333	1	G-A	SRPI	-0.138769763158453
LV3003047132	grey	0.21254567678001	ST8	23.987	3	IG-A	SRPI	-0.754783185783192
LV3003047132	green	0.00543306020955847	ST8	23.987	3	IG-A	SRPI	-1.50407032883854
LV3003047132	turquoise	0.663482461771086	ST8	23.987	3	IG-A	SRPI	-0.936717604174988
LV3003047132	yellow	0.0943543436268456	ST8	23.987	3	IG-A	SRPI	-1.03366001916593
LV3003047132	blue	0.0212116750973993	ST8	23.987	3	IG-A	SRPI	-1.43379940188139
LV3003047132	brown	0.00297278251510044	ST8	23.987	3	IG-A	SRPI	-0.67023221242542
LV3003047133	green	0.024866785079929	ST8	70.162	4	IG-B	SRPI	-2.20947411612111
LV3003047133	grey	0.268540957943222	ST8	70.162	4	IG-B	SRPI	-0.377099257182429
LV3003047133	turquoise	0.653592287081916	ST8	70.162	4	IG-B	SRPI	-0.754749479926825
LV3003047133	yellow	0.0529999698949333	ST8	70.162	4	IG-B	SRPI	-1.2623751762268
LV3003047134	grey	0.302637981960775	ST8	68.807	4	IG-B	SRPI	-0.585748533091862
LV3003047134	green	0.103150262741947	ST8	68.807	4	IG-B	SRPI	-1.19501306657463
LV3003047134	turquoise	0.550660344261739	ST8	68.807	4	IG-B	SRPI	-0.922906983730352
LV3003047134	yellow	0.0430987328783918	ST8	68.807	4	IG-B	SRPI	-0.861999097484357
LV3003047134	blue	0.000452678157147222	ST8	68.807	4	IG-B	SRPI	-9.21034037197618
LV3003047136	green	0.0600517517378497	ST8	67.8766	4	IG-B	SRPI	-1.25002283871703
LV3003047136	turquoise	0.624361326540309	ST8	67.8766	4	IG-B	SRPI	-0.938475769507677
LV3003047136	grey	0.234377626875818	ST8	67.8766	4	IG-B	SRPI	-0.558765550274141
LV3003047136	yellow	0.0807597564452111	ST8	67.8766	4	IG-B	SRPI	-1.34151619715315
LV3003047136	blue	0.000449538400812824	ST8	67.8766	4	IG-B	SRPI	-9.21034037197618
LV3003047137	turquoise	0.62820686710371	ST8	66.9462	1	G-A	SRPI	-0.668037079612359
LV3003047137	grey	0.280014065757416	ST8	66.9462	1	G-A	SRPI	-0.363685576248376
LV3003047137	yellow	0.0881219702107352	ST8	66.9462	1	G-A	SRPI	-1.27301950577809
LV3003047137	brown	0.00123075377389295	ST8	66.9462	1	G-A	SRPI	-0.684042738440971
LV3003047137	blue	0.000557606811845377	ST8	66.9462	1	G-A	SRPI	-9.21034037197618
LV3003047137	green	0.00186873634240072	ST8	66.9462	1	G-A	SRPI	-9.21034037197618
LV3003047138	turquoise	0.647848198999631	ST8	66.0158	4	IG-B	SRPI	-0.826281246289623
LV3003047138	yellow	0.0527627647789453	ST8	66.0158	4	IG-B	SRPI	-1.42423496269312
LV3003047138	grey	0.24791030246064	ST8	66.0158	4	IG-B	SRPI	-0.144531843278836
LV3003047138	green	0.0514787337607842	ST8	66.0158	4	IG-B	SRPI	-0.883978583661446
LV3003047139	turquoise	0.697864562297408	ST8	58.6141266666667	1	G-A	SRPI	-0.908026133900073
LV3003047139	yellow	0.138901834073798	ST8	58.6141266666667	1	G-A	SRPI	-0.989192261886758
LV3003047139	grey	0.161198620561096	ST8	58.6141266666667	1	G-A	SRPI	-0.480391036392812
LV3003047139	blue	0.00111846397613944	ST8	58.6141266666667	1	G-A	SRPI	-9.21034037197618
LV3003047139	brown	0.000916519091558704	ST8	58.6141266666667	1	G-A	SRPI	1.01242667569772
LV3003047140	turquoise	0.758552339291207	ST8	46.0948	2	IG-D	SRPI	-0.950886156123444
LV3003047140	grey	0.156146406479615	ST8	46.0948	2	IG-D	SRPI	-0.226282239402853
LV3003047140	yellow	0.0853012542291788	ST8	46.0948	2	IG-D	SRPI	-0.684037817703206
LV3003047141	turquoise	0.811638368886954	ST8	39.15347	2	IG-D	SRPI	-0.67971298848223
LV3003047141	grey	0.161079669133653	ST8	39.15347	2	IG-D	SRPI	0.457928883725019
LV3003047141	yellow	0.0272819619793934	ST8	39.15347	2	IG-D	SRPI	-0.3317941891592
LV3003047142	turquoise	0.600125704613953	ST8	35.5823	1	G-A	SRPI	-1.03686271089271
LV3003047142	grey	0.273654985375703	ST8	35.5823	1	G-A	SRPI	-0.869498797995926
LV3003047142	yellow	0.119993467319275	ST8	35.5823	1	G-A	SRPI	-1.19005844230422
LV3003047142	blue	0.00248439827576821	ST8	35.5823	1	G-A	SRPI	-1.00870832654771
LV3003047142	brown	0.00374144441530033	ST8	35.5823	1	G-A	SRPI	-1.76169413288648
LV3003047143	turquoise	0.608615097179334	ST8	31.398	1	G-A	SRPI	-0.872328744218814
LV3003047143	yellow	0.0842826374652931	ST8	31.398	1	G-A	SRPI	-1.18546033277368
LV3003047143	grey	0.296528012040377	ST8	31.398	1	G-A	SRPI	-0.419296007589233
LV3003047143	green	0.00963489633339388	ST8	31.398	1	G-A	SRPI	-2.81146098725883
LV3003047143	brown	0.000656511923605885	ST8	31.398	1	G-A	SRPI	0.564187614127834
LV3003047143	blue	0.000282845057996211	ST8	31.398	1	G-A	SRPI	-9.21034037197618
LV3003047144	grey	0.314192958544027	ST8	27.729	1	G-A	SRPI	-0.725226020321184
LV3003047144	turquoise	0.563475213568242	ST8	27.729	1	G-A	SRPI	-0.928899043314011
LV3003047144	yellow	0.109181183100139	ST8	27.729	1	G-A	SRPI	-0.956865161305764
LV3003047144	brown	0.000726521230140863	ST8	27.729	1	G-A	SRPI	0.0147794011207723
LV3003047144	blue	0.00913646236055295	ST8	27.729	1	G-A	SRPI	-1.23286625729279
LV3003047144	green	0.00328766119689794	ST8	27.729	1	G-A	SRPI	-2.34308448829146
LV3003047145	turquoise	0.589010125603445	ST8	23.446	3	IG-A	SRPI	-0.786584306753146
LV3003047145	grey	0.289877036261803	ST8	23.446	3	IG-A	SRPI	-0.0845964315917088
LV3003047145	yellow	0.0692193145769249	ST8	23.446	3	IG-A	SRPI	-0.933350746644384
LV3003047145	brown	0.0429511297167284	ST8	23.446	3	IG-A	SRPI	-0.655095445645878
LV3003047145	blue	0.00613654114603633	ST8	23.446	3	IG-A	SRPI	-2.41237660547207
LV3003047145	green	0.00280585269506266	ST8	23.446	3	IG-A	SRPI	-1.98503921903675
LV3003047146	turquoise	0.620470714164502	ST8	63.2667	1	G-A	SRPI	-0.931575666882442
LV3003047146	grey	0.260177268395839	ST8	63.2667	1	G-A	SRPI	-0.603076968431298
LV3003047146	yellow	0.108525330583367	ST8	63.2667	1	G-A	SRPI	-1.19902816473616
LV3003047146	brown	0.00217212526270445	ST8	63.2667	1	G-A	SRPI	-0.23407792759183
LV3003047146	blue	0.00441735089482684	ST8	63.2667	1	G-A	SRPI	-2.92910177483541
LV3003047146	green	0.00423721069876121	ST8	63.2667	1	G-A	SRPI	-1.65172419216972
LV3003047147	turquoise	0.666762014969684	ST8	62.3217	1	G-A	SRPI	-0.823884297067914
LV3003047147	grey	0.216969397528745	ST8	62.3217	1	G-A	SRPI	-0.437669627368959
LV3003047147	yellow	0.111098109069791	ST8	62.3217	1	G-A	SRPI	-1.2189015258915
LV3003047147	brown	0.00213233477655992	ST8	62.3217	1	G-A	SRPI	-1.05552344054758
LV3003047147	blue	0.00129153610450174	ST8	62.3217	1	G-A	SRPI	-9.21034037197618
LV3003047147	green	0.0017466075507188	ST8	62.3217	1	G-A	SRPI	-9.21034037197618
LV3003047148	grey	0.19479362608376	ST8	61.3767	1	G-A	SRPI	-0.257229547867069
LV3003047148	turquoise	0.711361916499103	ST8	61.3767	1	G-A	SRPI	-0.780674737524292
LV3003047148	yellow	0.0882705238805647	ST8	61.3767	1	G-A	SRPI	-1.03512856211517
LV3003047148	brown	0.00163455925277291	ST8	61.3767	1	G-A	SRPI	-0.819457378221546
LV3003047148	blue	0.00156969579036129	ST8	61.3767	1	G-A	SRPI	-9.21034037197618
LV3003047148	green	0.00236967849343798	ST8	61.3767	1	G-A	SRPI	-9.21034037197618
LV3003047149	grey	0.202174597270308	ST8	60.4317	1	G-A	SRPI	-0.342014229417048
LV3003047149	yellow	0.0878880654668231	ST8	60.4317	1	G-A	SRPI	-0.891929365810474
LV3003047149	turquoise	0.702143122836133	ST8	60.4317	1	G-A	SRPI	-0.823394858325342
LV3003047149	green	0.00536209905862829	ST8	60.4317	1	G-A	SRPI	-2.15612639769126
LV3003047149	brown	0.000984291396034221	ST8	60.4317	1	G-A	SRPI	-4.60517018598809
LV3003047149	blue	0.00144782397207359	ST8	60.4317	1	G-A	SRPI	0.0147794011207723
LV3003047150	grey	0.19314243040016	ST8	59.5217933333333	1	G-A	SRPI	-0.400436726557747
LV3003047150	turquoise	0.663499081382229	ST8	59.5217933333333	1	G-A	SRPI	-0.843957519393049
LV3003047150	yellow	0.135603676635721	ST8	59.5217933333333	1	G-A	SRPI	-1.10232882822132
LV3003047150	blue	0.00471079098536976	ST8	59.5217933333333	1	G-A	SRPI	-1.70342398631932
LV3003047150	brown	0.00177229643619598	ST8	59.5217933333333	1	G-A	SRPI	-0.15296046634204
LV3003047150	green	0.00127172416032383	ST8	59.5217933333333	1	G-A	SRPI	-1.14286910694336
LV3003047152	grey	0.206317638615647	ST8	45.00002	1	G-A	SRPI	-0.572995122999148
LV3003047152	turquoise	0.693690573529044	ST8	45.00002	1	G-A	SRPI	-0.935281392241288
LV3003047152	yellow	0.0858026300285997	ST8	45.00002	1	G-A	SRPI	-1.01316497330041
LV3003047152	green	0.0132751104176411	ST8	45.00002	1	G-A	SRPI	-1.29686738856476
LV3003047152	blue	0.000549856644517679	ST8	45.00002	1	G-A	SRPI	0.217511955174854
LV3003047152	brown	0.000364190764550671	ST8	45.00002	1	G-A	SRPI	-4.60517018598809
LV3003047153	grey	0.236339570363529	ST8	38.71393	1	G-A	SRPI	-0.384818817691769
LV3003047153	turquoise	0.674715456590616	ST8	38.71393	1	G-A	SRPI	-0.839624983298301
LV3003047153	yellow	0.0799783675394558	ST8	38.71393	1	G-A	SRPI	-1.03171397090256
LV3003047153	green	0.00793684111747957	ST8	38.71393	1	G-A	SRPI	-1.42622113474844
LV3003047153	brown	0.000474136121517137	ST8	38.71393	1	G-A	SRPI	0.0147794011207723
LV3003047153	blue	0.000555628267402895	ST8	38.71393	1	G-A	SRPI	-9.21034037197618
LV3003047154	turquoise	0.725925190812147	ST8	35.13012	1	G-A	SRPI	-0.966507342687772
LV3003047154	yellow	0.0800644160155898	ST8	35.13012	1	G-A	SRPI	-1.08422460932302
LV3003047154	grey	0.183675862940041	ST8	35.13012	1	G-A	SRPI	-0.299895212500593
LV3003047154	green	0.00915266776131791	ST8	35.13012	1	G-A	SRPI	-1.84081274419598
LV3003047154	brown	0.00118186247090453	ST8	35.13012	1	G-A	SRPI	-9.21034037197618
LV3003047155	turquoise	0.54714731308666	ST8	30.9475	1	G-A	SRPI	-0.683223081050356
LV3003047155	yellow	0.0520332710470637	ST8	30.9475	1	G-A	SRPI	-1.12595933184512
LV3003047155	grey	0.399183492442034	ST8	30.9475	1	G-A	SRPI	-0.261334647713815
LV3003047155	brown	0.00107243868922544	ST8	30.9475	1	G-A	SRPI	0.0147794011207723
LV3003047155	blue	0.000563484735016759	ST8	30.9475	1	G-A	SRPI	-0.3317941891592
LV3003047156	grey	0.295925477899006	ST8	27.1996666666667	1	G-A	SRPI	-0.749292067443633
LV3003047156	turquoise	0.596949980621748	ST8	27.1996666666667	1	G-A	SRPI	-0.98890943051679
LV3003047156	yellow	0.0945051890651853	ST8	27.1996666666667	1	G-A	SRPI	-1.08566726360383
LV3003047156	blue	0.00896880297211489	ST8	27.1996666666667	1	G-A	SRPI	-0.531951511230747
LV3003047156	brown	0.000773172670009905	ST8	27.1996666666667	1	G-A	SRPI	-0.118455793676904
LV3003047156	green	0.00287737677193559	ST8	27.1996666666667	1	G-A	SRPI	-2.07845939802807
LV3003047158	grey	0.214159758396335	ST8	57.70646	1	G-A	SRPI	-0.403736476855608
LV3003047158	turquoise	0.64123781340576	ST8	57.70646	1	G-A	SRPI	-0.929118247919571
LV3003047158	yellow	0.13953523724588	ST8	57.70646	1	G-A	SRPI	-0.983916192992357
LV3003047158	blue	0.00242718446601942	ST8	57.70646	1	G-A	SRPI	-9.21034037197618
LV3003047158	brown	0.00113505077325334	ST8	57.70646	1	G-A	SRPI	-9.21034037197618
LV3003047158	green	0.00150495571275108	ST8	57.70646	1	G-A	SRPI	-9.21034037197618
LV3003047159	turquoise	0.694742203323581	ST8	56.7987933333333	1	G-A	SRPI	-0.930284188732573
LV3003047159	yellow	0.0791334525684911	ST8	56.7987933333333	1	G-A	SRPI	-1.1065668795508
LV3003047159	grey	0.206977625641086	ST8	56.7987933333333	1	G-A	SRPI	-0.688154040722739
LV3003047159	green	0.017470714344937	ST8	56.7987933333333	1	G-A	SRPI	-1.85996113208057
LV3003047159	brown	0.00167600412190413	ST8	56.7987933333333	1	G-A	SRPI	-9.21034037197618
LV3003047160	turquoise	0.31703888802124	ST8	55.8911266666667	2	IG-D	SRPI	-0.53911546452889
LV3003047160	grey	0.627518350773075	ST8	55.8911266666667	2	IG-D	SRPI	-0.0229327295677414
LV3003047160	yellow	0.0554427612056848	ST8	55.8911266666667	2	IG-D	SRPI	-9.21034037197618
LV3003047161	turquoise	0.529627687467226	ST8	54.98346	2	IG-D	SRPI	-0.691470673724323
LV3003047161	grey	0.365495542737284	ST8	54.98346	2	IG-D	SRPI	-0.648435843482346
LV3003047161	yellow	0.10487676979549	ST8	54.98346	2	IG-D	SRPI	-1.51892859992733
LV3003047162	grey	0.821206581352834	ST8	102.698	2	IG-D	SRPI	-0.326458661682434
LV3003047162	turquoise	0.165143205362584	ST8	102.698	2	IG-D	SRPI	-0.658945154104632
LV3003047162	yellow	0.0058094657729027	ST8	102.698	2	IG-D	SRPI	-9.21034037197618
LV3003047162	brown	0.00784074751167987	ST8	102.698	2	IG-D	SRPI	0.0147794011207723
LV3003047164	grey	0.235798438166145	ST8	43.93302	1	G-A	SRPI	-0.423917425340045
LV3003047164	turquoise	0.684331749316308	ST8	43.93302	1	G-A	SRPI	-1.03784742516319
LV3003047164	yellow	0.0761420000207967	ST8	43.93302	1	G-A	SRPI	-0.938517092144918
LV3003047164	blue	0.00085786480050744	ST8	43.93302	1	G-A	SRPI	-9.21034037197618
LV3003047164	green	0.00286994769624307	ST8	43.93302	1	G-A	SRPI	-9.21034037197618
LV3003047166	grey	0.211789960369881	ST8	38.27343	1	G-A	SRPI	-0.468705019503382
LV3003047166	turquoise	0.695461800968736	ST8	38.27343	1	G-A	SRPI	-0.833495955238477
LV3003047166	yellow	0.0836470717745486	ST8	38.27343	1	G-A	SRPI	-0.877430884328825
LV3003047166	green	0.00792051959489212	ST8	38.27343	1	G-A	SRPI	-1.23582558445364
LV3003047166	blue	0.000666006164685161	ST8	38.27343	1	G-A	SRPI	-0.564716744190843
LV3003047166	brown	0.000514641127256715	ST8	38.27343	1	G-A	SRPI	1.01242667569772
LV3003047167	turquoise	0.615308582575453	ST8	34.67812	1	G-A	SRPI	-0.986940556862809
LV3003047167	yellow	0.112936881906565	ST8	34.67812	1	G-A	SRPI	-1.07315328424049
LV3003047167	grey	0.269809061099402	ST8	34.67812	1	G-A	SRPI	-0.471651332072352
LV3003047167	brown	0.00194547441858033	ST8	34.67812	1	G-A	SRPI	-1.16146292316179
LV3003047168	grey	0.341821407285067	ST8	30.497	1	G-A	SRPI	-0.445272424774966
LV3003047168	turquoise	0.559954004258419	ST8	30.497	1	G-A	SRPI	-0.944585234016981
LV3003047168	yellow	0.0854011683560536	ST8	30.497	1	G-A	SRPI	-1.2078166575364
LV3003047168	blue	0.00562504640713456	ST8	30.497	1	G-A	SRPI	-0.579595126042389
LV3003047168	brown	0.0051093000901051	ST8	30.497	1	G-A	SRPI	-0.220750983063022
LV3003047168	green	0.0020890736032205	ST8	30.497	1	G-A	SRPI	-1.58288130337482
LV3003047169	grey	0.367340579903676	ST8	26.6703333333333	1	G-A	SRPI	-0.627847543668297
LV3003047169	turquoise	0.530397315029957	ST8	26.6703333333333	1	G-A	SRPI	-0.947731648121551
LV3003047169	yellow	0.092068833515833	ST8	26.6703333333333	1	G-A	SRPI	-0.927784959942943
LV3003047169	brown	0.00266716520221848	ST8	26.6703333333333	1	G-A	SRPI	-0.748156200127642
LV3003047169	blue	0.00725013131070338	ST8	26.6703333333333	1	G-A	SRPI	-0.437664509788968
LV3003047169	green	0.000275975037612727	ST8	26.6703333333333	1	G-A	SRPI	-9.21034037197618
LV3003061473	grey	0.557245642395866	ST13	117.088	2	IG-D	SRPI	-0.363664756328885
LV3003061473	turquoise	0.389357478494669	ST13	117.088	2	IG-D	SRPI	-0.845237781871652
LV3003061473	yellow	0.038722160333029	ST13	117.088	2	IG-D	SRPI	-0.885404883483969
LV3003061473	green	0.0146747187764367	ST13	117.088	2	IG-D	SRPI	-9.21034037197618
LV3003061474	grey	0.240366627779032	ST13	77.7798	4	IG-B	SRPI	-0.492745773342208
LV3003061474	green	0.0245813001520249	ST13	77.7798	4	IG-B	SRPI	-1.27491722780792
LV3003061474	turquoise	0.690417065935853	ST13	77.7798	4	IG-B	SRPI	-0.720740109580211
LV3003061474	yellow	0.0437541143801632	ST13	77.7798	4	IG-B	SRPI	-0.913688658133685
LV3003061474	blue	0.000880891752927229	ST13	77.7798	4	IG-B	SRPI	-9.21034037197618
LV3003061475	turquoise	0.649157642988889	ST13	53.844	1	G-A	SRPI	-0.953119030459975
LV3003061475	yellow	0.0611256725471335	ST13	53.844	1	G-A	SRPI	-1.16917553107483
LV3003061475	grey	0.27779984055963	ST13	53.844	1	G-A	SRPI	-0.661723370096313
LV3003061475	green	0.0110549245599946	ST13	53.844	1	G-A	SRPI	-1.54124484411328
LV3003061475	blue	0.000861919344352958	ST13	53.844	1	G-A	SRPI	0.0147794011207723
LV3003061476	grey	0.271401702185401	ST13	37.16	1	G-A	SRPI	-0.806044167177496
LV3003061476	green	0.0171198540553173	ST13	37.16	1	G-A	SRPI	-1.10594289998331
LV3003061476	turquoise	0.631747868499016	ST13	37.16	1	G-A	SRPI	-0.884516828452652
LV3003061476	yellow	0.0759387273563357	ST13	37.16	1	G-A	SRPI	-1.12201575832573
LV3003061476	blue	0.00212961636751525	ST13	37.16	1	G-A	SRPI	-9.21034037197618
LV3003061476	brown	0.00166223153641456	ST13	37.16	1	G-A	SRPI	-0.744251279207412
LV3003061477	grey	0.159897890189585	ST13	16.726	3	IG-A	SRPI	-0.800619236431635
LV3003061477	green	0.00827920960227664	ST13	16.726	3	IG-A	SRPI	-1.49608345999598
LV3003061477	turquoise	0.709902391918778	ST13	16.726	3	IG-A	SRPI	-0.870582646824382
LV3003061477	yellow	0.0945976601600497	ST13	16.726	3	IG-A	SRPI	-1.0927926315348
LV3003061477	blue	0.0236265753845448	ST13	16.726	3	IG-A	SRPI	-1.55347273948684
LV3003061477	brown	0.00369627274476608	ST13	16.726	3	IG-A	SRPI	-0.705562738075235
LV3003061485	grey	0.194713905780985	ST13	75.7796	4	IG-B	SRPI	-0.830903410188416
LV3003061485	green	0.0432474298956405	ST13	75.7796	4	IG-B	SRPI	-1.62873809196998
LV3003061485	turquoise	0.706172294197241	ST13	75.7796	4	IG-B	SRPI	-0.71508452204112
LV3003061485	yellow	0.049080361447657	ST13	75.7796	4	IG-B	SRPI	-1.23649093263889
LV3003061485	blue	0.00669580229248643	ST13	75.7796	4	IG-B	SRPI	-1.46954665692134
LV3003061485	brown	9.02063859900151e-05	ST13	75.7796	4	IG-B	SRPI	-9.21034037197618
LV3003061486	turquoise	0.542592914206322	ST13	52.105	2	IG-D	SRPI	-1.05329027988156
LV3003061486	grey	0.412894137624947	ST13	52.105	2	IG-D	SRPI	-0.00185142981018044
LV3003061486	yellow	0.0430994558295705	ST13	52.105	2	IG-D	SRPI	-1.19308799558636
LV3003061486	green	0.00141349233916097	ST13	52.105	2	IG-D	SRPI	-9.21034037197618
LV3003061488	grey	0.223018684769222	ST13	35.041	1	G-A	SRPI	-0.871459858290586
LV3003061488	green	0.00693813896308721	ST13	35.041	1	G-A	SRPI	-1.29672742731192
LV3003061488	turquoise	0.686043708954756	ST13	35.041	1	G-A	SRPI	-0.883361857078407
LV3003061488	yellow	0.0748007101026743	ST13	35.041	1	G-A	SRPI	-1.13368402310058
LV3003061488	blue	0.00792096860998392	ST13	35.041	1	G-A	SRPI	-1.85184782467197
LV3003061488	brown	0.00127778860027669	ST13	35.041	1	G-A	SRPI	0.384489831635812
LV3003061489	turquoise	0.538262560327766	ST13	112.6068	2	IG-D	SRPI	-0.638730489746104
LV3003061489	grey	0.405027603208222	ST13	112.6068	2	IG-D	SRPI	-0.378024550592309
LV3003061489	green	0.0432172494010625	ST13	112.6068	2	IG-D	SRPI	-1.54504853766818
LV3003061489	yellow	0.0125342870039235	ST13	112.6068	2	IG-D	SRPI	-0.979166217076576
LV3003061489	blue	0.000958300059025728	ST13	112.6068	2	IG-D	SRPI	-9.21034037197618
LV3003061492	grey	0.198970726460785	ST13	14.437	3	IG-A	SRPI	-0.803571342388757
LV3003061492	green	0.00698812298281043	ST13	14.437	3	IG-A	SRPI	-1.79316352385668
LV3003061492	turquoise	0.64092241982537	ST13	14.437	3	IG-A	SRPI	-0.928404681576657
LV3003061492	yellow	0.11803497651053	ST13	14.437	3	IG-A	SRPI	-0.872729162984517
LV3003061492	blue	0.0235541711370003	ST13	14.437	3	IG-A	SRPI	-1.49737397127164
LV3003061492	brown	0.0115295830835043	ST13	14.437	3	IG-A	SRPI	-0.678506737904592
LV3003061500	grey	0.347861356643849	ST13	148.086	2	IG-D	SRPI	-0.377633578891714
LV3003061500	turquoise	0.570727111375214	ST13	148.086	2	IG-D	SRPI	-0.786845835479139
LV3003061500	yellow	0.0572630994593284	ST13	148.086	2	IG-D	SRPI	-1.06277139142793
LV3003061500	brown	0.0212965171056284	ST13	148.086	2	IG-D	SRPI	-0.624209857892512
LV3003061500	blue	0.000840523391961469	ST13	148.086	2	IG-D	SRPI	-9.21034037197618
LV3003061500	green	0.00201139202401942	ST13	148.086	2	IG-D	SRPI	-1.31401917746707
LV3003061501	green	0.0366646444756061	ST13	105.5872	4	IG-B	SRPI	-1.64600181182449
LV3003061501	grey	0.388305437041899	ST13	105.5872	4	IG-B	SRPI	0.0160238996060006
LV3003061501	turquoise	0.54997463973506	ST13	105.5872	4	IG-B	SRPI	-0.678195903795803
LV3003061501	yellow	0.0238933476544241	ST13	105.5872	4	IG-B	SRPI	-1.00926308257485
LV3003061501	blue	0.00116193109301084	ST13	105.5872	4	IG-B	SRPI	-1.64917101561121
LV3003061503	grey	0.197217192283379	ST13	73.1472	4	IG-B	SRPI	-0.637853141505232
LV3003061503	green	0.0300936910576348	ST13	73.1472	4	IG-B	SRPI	-1.53915472792065
LV3003061503	turquoise	0.727274907619487	ST13	73.1472	4	IG-B	SRPI	-0.680374738558429
LV3003061503	yellow	0.0428436580798901	ST13	73.1472	4	IG-B	SRPI	-1.12859993978218
LV3003061503	blue	0.0023024461777509	ST13	73.1472	4	IG-B	SRPI	-1.09417830910406
LV3003061503	brown	0.000268104781858643	ST13	73.1472	4	IG-B	SRPI	-1.07719800546947
LV3003061504	turquoise	0.675570643339407	ST13	50.268	1	G-A	SRPI	-0.941957656064244
LV3003061504	grey	0.261952826313229	ST13	50.268	1	G-A	SRPI	-0.719180668782306
LV3003061504	yellow	0.0571664033025109	ST13	50.268	1	G-A	SRPI	-1.19696293662714
LV3003061504	green	0.00531012704485255	ST13	50.268	1	G-A	SRPI	-0.963926875879213
LV3003061505	grey	0.192994034105908	ST13	32.81	1	G-A	SRPI	-0.654960382818862
LV3003061505	turquoise	0.731215792900762	ST13	32.81	1	G-A	SRPI	-0.904175658836808
LV3003061505	yellow	0.0665443570385231	ST13	32.81	1	G-A	SRPI	-1.03131660662324
LV3003061505	blue	0.00355489854460342	ST13	32.81	1	G-A	SRPI	-1.85798687025343
LV3003061505	green	0.00431163437340514	ST13	32.81	1	G-A	SRPI	-1.40258629132827
LV3003061505	brown	0.00137928303679848	ST13	32.81	1	G-A	SRPI	0.298213282946391
LV3003061506	grey	0.257392685165135	ST13	11.95	3	IG-A	SRPI	-0.592954170023243
LV3003061506	turquoise	0.653321784679473	ST13	11.95	3	IG-A	SRPI	-0.914613426370791
LV3003061506	yellow	0.0490714676070571	ST13	11.95	3	IG-A	SRPI	-1.38777984092446
LV3003061506	brown	0.0337653767232757	ST13	11.95	3	IG-A	SRPI	-0.581934572880155
LV3003061506	blue	0.00213031418525278	ST13	11.95	3	IG-A	SRPI	-1.52752632096242
LV3003061506	green	0.00431837163980573	ST13	11.95	3	IG-A	SRPI	-0.447493184755005
LV3003061513	yellow	0.0975704449350746	ST13	138.493	2	IG-D	SRPI	-1.02131345183166
LV3003061513	turquoise	0.637129064850503	ST13	138.493	2	IG-D	SRPI	-1.00324281674811
LV3003061513	green	0.0102299517269768	ST13	138.493	2	IG-D	SRPI	-1.94930757018607
LV3003061513	grey	0.250233880926543	ST13	138.493	2	IG-D	SRPI	-0.960160711626228
LV3003061513	blue	0.00195056692736594	ST13	138.493	2	IG-D	SRPI	-0.0819123354157683
LV3003061513	brown	0.00288609063353665	ST13	138.493	2	IG-D	SRPI	-0.69439258026017
LV3003061514	grey	0.236425605012018	ST13	100.6726	4	IG-B	SRPI	-0.707764196046961
LV3003061514	green	0.0667414486105137	ST13	100.6726	4	IG-B	SRPI	-1.56890967235766
LV3003061514	turquoise	0.648944734372094	ST13	100.6726	4	IG-B	SRPI	-0.752436129455411
LV3003061514	yellow	0.0389854742537305	ST13	100.6726	4	IG-B	SRPI	-1.00835343253926
LV3003061514	blue	0.00874474772943203	ST13	100.6726	4	IG-B	SRPI	-1.35382569065567
LV3003061514	brown	0.000157990022211961	ST13	100.6726	4	IG-B	SRPI	-0.620792997404703
LV3003061515	grey	0.233530384936794	ST13	71.0012	4	IG-B	SRPI	-0.775935093900252
LV3003061515	green	0.0811615902957876	ST13	71.0012	4	IG-B	SRPI	-1.2616597796367
LV3003061515	turquoise	0.634107115639879	ST13	71.0012	4	IG-B	SRPI	-0.815439189563529
LV3003061515	yellow	0.043006614650338	ST13	71.0012	4	IG-B	SRPI	-1.17485719233151
LV3003061515	blue	0.00805939695552061	ST13	71.0012	4	IG-B	SRPI	-1.47907756427143
LV3003061515	brown	0.000134897521681419	ST13	71.0012	4	IG-B	SRPI	-0.594945513099444
LV3003061516	turquoise	0.660937071756603	ST13	48.537	1	G-A	SRPI	-0.8852020791093
LV3003061516	grey	0.278924464270992	ST13	48.537	1	G-A	SRPI	-0.62149711059197
LV3003061516	yellow	0.0544942856315218	ST13	48.537	1	G-A	SRPI	-1.21253247958575
LV3003061516	blue	0.000505814640102856	ST13	48.537	1	G-A	SRPI	-9.21034037197618
LV3003061516	green	0.00513836370078056	ST13	48.537	1	G-A	SRPI	-1.39294901121027
LV3003061517	grey	0.222850362383575	ST13	30.678	4	IG-B	SRPI	-0.696724307591642
LV3003061517	green	0.0164286380125999	ST13	30.678	4	IG-B	SRPI	-1.51738522231954
LV3003061517	turquoise	0.676204643792094	ST13	30.678	4	IG-B	SRPI	-0.865827845662107
LV3003061517	yellow	0.0739079941894338	ST13	30.678	4	IG-B	SRPI	-1.11874467143246
LV3003061517	blue	0.00841192098251393	ST13	30.678	4	IG-B	SRPI	-1.92372269565419
LV3003061517	brown	0.00219644063978374	ST13	30.678	4	IG-B	SRPI	0.853437997106704
LV3003061518	grey	0.24499850013563	ST13	9.804	3	IG-A	SRPI	-1.02204608681775
LV3003061518	green	0.00969887105926693	ST13	9.804	3	IG-A	SRPI	-1.49621610676756
LV3003061518	turquoise	0.632258191261798	ST13	9.804	3	IG-A	SRPI	-1.09142396934366
LV3003061518	yellow	0.0863513853533144	ST13	9.804	3	IG-A	SRPI	-1.23708955345838
LV3003061518	blue	0.0184071515951076	ST13	9.804	3	IG-A	SRPI	-1.74992539638566
LV3003061518	brown	0.00828590059488323	ST13	9.804	3	IG-A	SRPI	-0.790640925309569
LV3003061527	turquoise	0.376868983409572	ST13	133.7754	2	IG-D	SRPI	-0.74852407587746
LV3003061527	grey	0.559773332423022	ST13	133.7754	2	IG-D	SRPI	-0.297113298362303
LV3003061527	yellow	0.0633576841674063	ST13	133.7754	2	IG-D	SRPI	-0.921805194510165
LV3003061528	green	0.0548605250048881	ST13	95.118	4	IG-B	SRPI	-1.56568715175624
LV3003061528	turquoise	0.653222058576452	ST13	95.118	4	IG-B	SRPI	-0.755101905738647
LV3003061528	grey	0.243154470362485	ST13	95.118	4	IG-B	SRPI	-0.688255603863376
LV3003061528	yellow	0.0435555389617216	ST13	95.118	4	IG-B	SRPI	-1.13170182169645
LV3003061528	blue	0.00520740709445352	ST13	95.118	4	IG-B	SRPI	-1.67240987004518
LV3003061529	grey	0.205678296393689	ST13	66.015	4	IG-B	SRPI	-0.730090841100861
LV3003061529	green	0.0238473970072627	ST13	66.015	4	IG-B	SRPI	-1.16495698264
LV3003061529	turquoise	0.68425506354871	ST13	66.015	4	IG-B	SRPI	-0.829852793988346
LV3003061529	yellow	0.0742852726646632	ST13	66.015	4	IG-B	SRPI	-1.02109257588327
LV3003061529	blue	0.00976904896068119	ST13	66.015	4	IG-B	SRPI	-1.75312711848999
LV3003061529	brown	0.00216492142499374	ST13	66.015	4	IG-B	SRPI	-0.610205114141558
LV3003061530	turquoise	0.849626307922272	ST13	47.046	1	G-A	SRPI	-0.647840861373281
LV3003061530	grey	0.11601469325446	ST13	47.046	1	G-A	SRPI	-0.85980543532769
LV3003061530	yellow	0.0286407149445028	ST13	47.046	1	G-A	SRPI	-1.15282995333248
LV3003061530	green	0.00513627834494164	ST13	47.046	1	G-A	SRPI	-1.03193432883655
LV3003061530	blue	0.000582005533823109	ST13	47.046	1	G-A	SRPI	-0.72204202528749
LV3003061531	grey	0.243030522487042	ST13	28.445	1	G-A	SRPI	-0.63897537830812
LV3003061531	green	0.0104196333395718	ST13	28.445	1	G-A	SRPI	-1.86777962725903
LV3003061531	turquoise	0.669224447283409	ST13	28.445	1	G-A	SRPI	-0.798553429384251
LV3003061531	yellow	0.0668925406654569	ST13	28.445	1	G-A	SRPI	-1.03981179584033
LV3003061531	blue	0.00801001684392113	ST13	28.445	1	G-A	SRPI	-1.78322526228759
LV3003061531	brown	0.00242283938059938	ST13	28.445	1	G-A	SRPI	-0.463529533319805
LV3003061533	grey	0.38914095332891	ST13	7.912	3	IG-A	SRPI	-0.456674360770612
LV3003061533	turquoise	0.472804689228047	ST13	7.912	3	IG-A	SRPI	-0.679451903560153
LV3003061533	yellow	0.0290712784782128	ST13	7.912	3	IG-A	SRPI	-1.26931691879246
LV3003061533	brown	0.103370382658704	ST13	7.912	3	IG-A	SRPI	-0.904332872070574
LV3003061533	blue	0.00246488608714886	ST13	7.912	3	IG-A	SRPI	-9.21034037197618
LV3003061533	green	0.0031478102189781	ST13	7.912	3	IG-A	SRPI	-0.753508658457717
LV3003061539	yellow	0.0923792700221432	ST13	130.0556	2	IG-D	SRPI	-1.33181517005953
LV3003061539	turquoise	0.576578721952294	ST13	130.0556	2	IG-D	SRPI	-1.10691392442467
LV3003061539	grey	0.324690511140888	ST13	130.0556	2	IG-D	SRPI	-0.742896136970615
LV3003061539	brown	0.000575793226254749	ST13	130.0556	2	IG-D	SRPI	-9.21034037197618
LV3003061539	green	0.00494755661078155	ST13	130.0556	2	IG-D	SRPI	-2.37178199673761
LV3003061539	blue	0.000828147047638004	ST13	130.0556	2	IG-D	SRPI	-9.21034037197618
LV3003061541	green	0.01478878237071	ST13	91.09	4	IG-B	SRPI	-1.56442503603809
LV3003061541	turquoise	0.581418525935137	ST13	91.09	4	IG-B	SRPI	-0.806477170302962
LV3003061541	yellow	0.0375072894843211	ST13	91.09	4	IG-B	SRPI	-1.2753060018521
LV3003061541	grey	0.365348954171128	ST13	91.09	4	IG-B	SRPI	-0.595104266875938
LV3003061541	blue	0.000936448038704462	ST13	91.09	4	IG-B	SRPI	-1.05143041889532
LV3003061543	grey	0.25632530934638	ST13	62.293	4	IG-B	SRPI	-0.971310209731347
LV3003061543	green	0.0248946124547101	ST13	62.293	4	IG-B	SRPI	-1.33825348978678
LV3003061543	turquoise	0.642126577875138	ST13	62.293	4	IG-B	SRPI	-0.958464586565327
LV3003061543	yellow	0.0701087192842461	ST13	62.293	4	IG-B	SRPI	-1.23905201598185
LV3003061543	blue	0.00624510081595286	ST13	62.293	4	IG-B	SRPI	-1.47318500669819
LV3003061543	brown	0.000299680223573199	ST13	62.293	4	IG-B	SRPI	-9.21034037197618
LV3003061544	grey	0.27461197893719	ST13	45.122	1	G-A	SRPI	-1.14438132014708
LV3003061544	turquoise	0.635197088740542	ST13	45.122	1	G-A	SRPI	-1.02724476372988
LV3003061544	yellow	0.0731720677229826	ST13	45.122	1	G-A	SRPI	-1.2554294608318
LV3003061544	green	0.014234782215215	ST13	45.122	1	G-A	SRPI	-1.4247210485229
LV3003061544	blue	0.00187669539661861	ST13	45.122	1	G-A	SRPI	-1.94030134588052
LV3003061544	brown	0.000907386987451386	ST13	45.122	1	G-A	SRPI	-1.04800290156343
LV3003061545	grey	0.271703867496492	ST13	23.172	1	G-A	SRPI	-0.637211590632887
LV3003061545	turquoise	0.627651276477629	ST13	23.172	1	G-A	SRPI	-0.842411068821047
LV3003061545	yellow	0.0865917731081217	ST13	23.172	1	G-A	SRPI	-1.09039373446998
LV3003061545	blue	0.00826273022625007	ST13	23.172	1	G-A	SRPI	-1.38225315516269
LV3003061545	brown	0.00206480416568092	ST13	23.172	1	G-A	SRPI	-0.777929306512195
LV3003061545	green	0.00372554852582586	ST13	23.172	1	G-A	SRPI	-1.9281592455501
LV3003061546	grey	0.387735437285443	ST13	7.197	3	IG-A	SRPI	-0.399988698642122
LV3003061546	turquoise	0.483672874513494	ST13	7.197	3	IG-A	SRPI	-0.587014619940853
LV3003061546	yellow	0.01660728660558	ST13	7.197	3	IG-A	SRPI	-1.25362014972477
LV3003061546	brown	0.10959661329761	ST13	7.197	3	IG-A	SRPI	-0.852201576992256
LV3003061546	blue	0.00218993866661431	ST13	7.197	3	IG-A	SRPI	-2.7205490648543
LV3003061546	green	0.000197849631259638	ST13	7.197	3	IG-A	SRPI	-9.21034037197618
LV3003061555	turquoise	0.463190756997625	ST13	126.443	2	IG-D	SRPI	-0.953306999025255
LV3003061555	grey	0.467006430610775	ST13	126.443	2	IG-D	SRPI	-0.421979321137219
LV3003061555	yellow	0.0698028123916002	ST13	126.443	2	IG-D	SRPI	-0.972553149800154
LV3003061556	grey	0.253032303055964	ST13	86.6174	4	IG-B	SRPI	-0.587238479016769
LV3003061556	green	0.0280773413696629	ST13	86.6174	4	IG-B	SRPI	-1.43847586115296
LV3003061556	turquoise	0.679563813271567	ST13	86.6174	4	IG-B	SRPI	-0.745774640976826
LV3003061556	yellow	0.0388616306775257	ST13	86.6174	4	IG-B	SRPI	-1.11356269325249
LV3003061556	blue	0.00046491162528123	ST13	86.6174	4	IG-B	SRPI	-0.735948356349674
LV3003061557	green	0.0417289607215844	ST13	58.082	4	IG-B	SRPI	-1.27891087206264
LV3003061557	yellow	0.0520369874932273	ST13	58.082	4	IG-B	SRPI	-0.971848264679756
LV3003061557	turquoise	0.714945402305311	ST13	58.082	4	IG-B	SRPI	-0.772175451471267
LV3003061557	grey	0.190803036877331	ST13	58.082	4	IG-B	SRPI	-0.974503389428707
LV3003061557	blue	0.000485612602546319	ST13	58.082	4	IG-B	SRPI	-9.21034037197618
LV3003061558	grey	0.227902657273767	ST13	42.626	1	G-A	SRPI	-1.05959912499248
LV3003061558	green	0.00942710497916014	ST13	42.626	1	G-A	SRPI	-1.84709634160617
LV3003061558	turquoise	0.678727614473822	ST13	42.626	1	G-A	SRPI	-0.866569603341227
LV3003061558	yellow	0.0800209339196199	ST13	42.626	1	G-A	SRPI	-0.981660038016734
LV3003061558	blue	0.00350951005392537	ST13	42.626	1	G-A	SRPI	-0.985107283150386
LV3003061558	brown	0.00041217929970566	ST13	42.626	1	G-A	SRPI	-0.120151186820063
LV3003061559	green	0.0108150649096571	ST13	21.069	1	G-A	SRPI	-1.16731065485746
LV3003061559	grey	0.284624288765346	ST13	21.069	1	G-A	SRPI	-0.46156687093539
LV3003061559	turquoise	0.616595055335131	ST13	21.069	1	G-A	SRPI	-0.899428042757934
LV3003061559	yellow	0.0794893190673878	ST13	21.069	1	G-A	SRPI	-1.21422101239331
LV3003061559	blue	0.00620862092730622	ST13	21.069	1	G-A	SRPI	-1.70143664948596
LV3003061559	brown	0.00226765099517272	ST13	21.069	1	G-A	SRPI	-0.757323983517706
LV3003061568	grey	0.603656908977667	ST13	121.6354	2	IG-D	SRPI	-0.369995814030256
LV3003061568	turquoise	0.350653972773378	ST13	121.6354	2	IG-D	SRPI	-0.935549681581232
LV3003061568	yellow	0.03963875789661	ST13	121.6354	2	IG-D	SRPI	-1.00843231778663
LV3003061568	blue	0.00605036035234452	ST13	121.6354	2	IG-D	SRPI	0.0147794011207723
LV3003061569	grey	0.255505298724168	ST13	81.6946	4	IG-B	SRPI	-0.591022676225891
LV3003061569	green	0.0411788151022318	ST13	81.6946	4	IG-B	SRPI	-1.18729097048891
LV3003061569	turquoise	0.661578798992888	ST13	81.6946	4	IG-B	SRPI	-0.745777301428067
LV3003061569	yellow	0.0402928012065343	ST13	81.6946	4	IG-B	SRPI	-1.14930518616165
LV3003061569	blue	0.00127763759254193	ST13	81.6946	4	IG-B	SRPI	-1.93337484256888
LV3003061569	brown	0.000166648381635904	ST13	81.6946	4	IG-B	SRPI	-9.21034037197618
LV3003061570	green	0.0271809869017217	ST13	55.466	4	IG-B	SRPI	-1.30491615497454
LV3003061570	turquoise	0.688100337754346	ST13	55.466	4	IG-B	SRPI	-0.809270064442904
LV3003061570	grey	0.222085839031222	ST13	55.466	4	IG-B	SRPI	-0.899317188139372
LV3003061570	yellow	0.0615433726007085	ST13	55.466	4	IG-B	SRPI	-1.11799047674662
LV3003061570	blue	0.00108946371200264	ST13	55.466	4	IG-B	SRPI	-0.549455680166514
LV3003061571	turquoise	0.762600634455215	ST13	40.457	1	G-A	SRPI	-0.665430574700015
LV3003061571	grey	0.187266976732429	ST13	40.457	1	G-A	SRPI	-0.66561562551248
LV3003061571	yellow	0.0455635529492057	ST13	40.457	1	G-A	SRPI	-0.783311604414405
LV3003061571	blue	0.00157033985061234	ST13	40.457	1	G-A	SRPI	-2.06491263637125
LV3003061571	brown	0.00240448415757744	ST13	40.457	1	G-A	SRPI	-0.23969533760501
LV3003061571	green	0.000594011854959999	ST13	40.457	1	G-A	SRPI	-1.61755286686823
LV3003061572	grey	0.20323545340841	ST13	19.099	3	IG-A	SRPI	-0.795130247795582
LV3003061572	green	0.00605675701372988	ST13	19.099	3	IG-A	SRPI	-1.52782295812444
LV3003061572	turquoise	0.657335163493042	ST13	19.099	3	IG-A	SRPI	-0.967888992735486
LV3003061572	yellow	0.103679808200944	ST13	19.099	3	IG-A	SRPI	-0.994663342477991
LV3003061572	blue	0.0245915891449046	ST13	19.099	3	IG-A	SRPI	-1.71706551582444
LV3003061572	brown	0.00510122873897058	ST13	19.099	3	IG-A	SRPI	-0.336304559865925
LV7001898064	grey	0.275741891502137	ST13	6.808	3	IG-A	SRPI	-0.642513029880175
LV7001898064	turquoise	0.622768294921209	ST13	6.808	3	IG-A	SRPI	-0.763319521646299
LV7001898064	yellow	0.0476383754162406	ST13	6.808	3	IG-A	SRPI	-1.07222993160892
LV7001898064	blue	0.00611552479089646	ST13	6.808	3	IG-A	SRPI	-2.10064630754927
LV7001898064	brown	0.044604210912714	ST13	6.808	3	IG-A	SRPI	-0.916953249172242
LV7001898064	green	0.00313170245680275	ST13	6.808	3	IG-A	SRPI	-2.07756899682227
LV7001898076	grey	0.23054960712167	ST13	6.429	3	IG-A	SRPI	-0.545432435543326
LV7001898076	green	0.0085234907269221	ST13	6.429	3	IG-A	SRPI	-1.4343268596616
LV7001898076	turquoise	0.644771312529683	ST13	6.429	3	IG-A	SRPI	-0.871505944721428
LV7001898076	yellow	0.0753901318157925	ST13	6.429	3	IG-A	SRPI	-1.18862280100338
LV7001898076	blue	0.0196713816573398	ST13	6.429	3	IG-A	SRPI	-1.6235952075967
LV7001898076	brown	0.0210940761485923	ST13	6.429	3	IG-A	SRPI	-0.563387537176594
LV7001898088	grey	0.314780869596273	ST13	6.031	3	IG-A	SRPI	-0.357291078740495
LV7001898088	green	0.0176895133083804	ST13	6.031	3	IG-A	SRPI	-1.24897472400001
LV7001898088	turquoise	0.630804341226826	ST13	6.031	3	IG-A	SRPI	-0.77863754526897
LV7001898088	yellow	0.0330665679106662	ST13	6.031	3	IG-A	SRPI	-1.25318329719068
LV7001898088	blue	0.00336057663566567	ST13	6.031	3	IG-A	SRPI	-1.47186885968296
LV7001898088	brown	0.000298131322189122	ST13	6.031	3	IG-A	SRPI	0.110164523718187
LV7001898100	grey	0.309228560993737	ST13	5.659	5	IG-C	SRPI	0.0881661094280752
LV7001898100	green	0.027060556506584	ST13	5.659	5	IG-C	SRPI	-1.15964216854562
LV7001898100	turquoise	0.654652108943496	ST13	5.659	5	IG-C	SRPI	-0.681520306225742
LV7001898100	yellow	0.00780420603711624	ST13	5.659	5	IG-C	SRPI	-0.635407719042034
LV7001898100	blue	0.00125456751906766	ST13	5.659	5	IG-C	SRPI	-2.43955848227506
LV7008886221	grey	0.288161059747603	GeoB25202_R1	50.3555	1	G-A	SRPI	-0.340227466739032
LV7008886221	turquoise	0.670427159452342	GeoB25202_R1	50.3555	1	G-A	SRPI	-0.640146164915694
LV7008886221	yellow	0.039963975877518	GeoB25202_R1	50.3555	1	G-A	SRPI	-1.02701444176626
LV7008886221	green	0.0011764840000456	GeoB25202_R1	50.3555	1	G-A	SRPI	-9.21034037197618
LV7008886221	brown	0.000271320922491136	GeoB25202_R1	50.3555	1	G-A	SRPI	-9.21034037197618
LV7008886222	turquoise	0.423128871665771	GeoB25202_R1	136.2775	1	G-A	SRPI	-1.11971938930223
LV7008886222	yellow	0.0672644471473425	GeoB25202_R1	136.2775	1	G-A	SRPI	-1.03490341755989
LV7008886222	grey	0.499013520776172	GeoB25202_R1	136.2775	1	G-A	SRPI	-0.38130802752571
LV7008886222	green	0.0101405821288151	GeoB25202_R1	136.2775	1	G-A	SRPI	-1.27829379760913
LV7008886222	blue	0.000452578281899697	GeoB25202_R1	136.2775	1	G-A	SRPI	-9.21034037197618
LV7008886226	grey	0.297773472289495	GeoB25202_R2	36.607	1	G-A	SRPI	0.0232092667781496
LV7008886226	turquoise	0.662134966641146	GeoB25202_R2	36.607	1	G-A	SRPI	-0.662792229659666
LV7008886226	yellow	0.0342885267417697	GeoB25202_R2	36.607	1	G-A	SRPI	-1.6136929088912
LV7008886226	brown	0.00335776003499945	GeoB25202_R2	36.607	1	G-A	SRPI	-0.277702020734504
LV7008886226	blue	0.00144060249058608	GeoB25202_R2	36.607	1	G-A	SRPI	-1.86308065404803
LV7008886226	green	0.00100467180200309	GeoB25202_R2	36.607	1	G-A	SRPI	-1.26550218524861
LV7008886228	grey	0.683185628742515	GeoB25202_R2	120.0235	2	IG-D	SRPI	-0.0913445093340377
LV7008886228	turquoise	0.273508982035928	GeoB25202_R2	120.0235	2	IG-D	SRPI	-1.04651840614134
LV7008886228	yellow	0.0350179640718563	GeoB25202_R2	120.0235	2	IG-D	SRPI	-0.640729056778622
LV7008886228	brown	0.0082874251497006	GeoB25202_R2	120.0235	2	IG-D	SRPI	-4.60517018598809
LV7008886229	grey	0.391540273616074	GeoB25202_R2	68.149	4	IG-B	SRPI	-0.321071825499129
LV7008886229	green	0.0264104577522133	GeoB25202_R2	68.149	4	IG-B	SRPI	-1.13282501427927
LV7008886229	turquoise	0.55035931893407	GeoB25202_R2	68.149	4	IG-B	SRPI	-0.714762601928343
LV7008886229	yellow	0.0290291775079116	GeoB25202_R2	68.149	4	IG-B	SRPI	-1.22056048798427
LV7008886229	brown	0.00126921891809027	GeoB25202_R2	68.149	4	IG-B	SRPI	-0.402799396895961
LV7008886229	blue	0.00139155327164114	GeoB25202_R2	68.149	4	IG-B	SRPI	-1.1720961625445
LV7008886690	yellow	0.00426774585976884	GeoB25202_R1	2.324	3	IG-A	SRPI	-1.08250310232211
LV7008886690	turquoise	0.432577075977448	GeoB25202_R1	2.324	3	IG-A	SRPI	-0.346631425398757
LV7008886690	grey	0.461872722815768	GeoB25202_R1	2.324	3	IG-A	SRPI	-0.0571277527633879
LV7008886690	brown	0.10111192822026	GeoB25202_R1	2.324	3	IG-A	SRPI	-1.00212086804555
LV7008886690	blue	0.000170527126754945	GeoB25202_R1	2.324	3	IG-A	SRPI	-9.21034037197618
LV7008886692	turquoise	0.546948086972669	GeoB25202_R1	53.875	1	G-A	SRPI	-0.826105440641832
LV7008886692	grey	0.41704614786061	GeoB25202_R1	53.875	1	G-A	SRPI	-0.788767391683723
LV7008886692	yellow	0.0345644734864227	GeoB25202_R1	53.875	1	G-A	SRPI	-1.23135213545667
LV7008886692	green	0.00144129168029852	GeoB25202_R1	53.875	1	G-A	SRPI	-9.21034037197618
LV7008886695	green	0.0187447608956605	GeoB25202_R1	95.3875	4	IG-B	SRPI	-1.272686957794
LV7008886695	grey	0.473287776876186	GeoB25202_R1	95.3875	4	IG-B	SRPI	-0.219691109159866
LV7008886695	turquoise	0.489386329039224	GeoB25202_R1	95.3875	4	IG-B	SRPI	-0.666450346969989
LV7008886695	yellow	0.0182216887184061	GeoB25202_R1	95.3875	4	IG-B	SRPI	-1.35936177973258
LV7008886695	blue	0.0001381447032236	GeoB25202_R1	95.3875	4	IG-B	SRPI	-9.21034037197618
LV7008886695	brown	0.000221299767299942	GeoB25202_R1	95.3875	4	IG-B	SRPI	-9.21034037197618
LV7008886702	grey	0.3029915388091	GeoB25202_R2	2.324	3	IG-A	SRPI	-0.347279011508831
LV7008886702	turquoise	0.592549826798534	GeoB25202_R2	2.324	3	IG-A	SRPI	-0.653264169124857
LV7008886702	yellow	0.040969773737483	GeoB25202_R2	2.324	3	IG-A	SRPI	-0.786245501353438
LV7008886702	blue	0.00191834622528934	GeoB25202_R2	2.324	3	IG-A	SRPI	-2.33422572314618
LV7008886702	brown	0.0595034891309805	GeoB25202_R2	2.324	3	IG-A	SRPI	-1.13393664818354
LV7008886702	green	0.00206702529861323	GeoB25202_R2	2.324	3	IG-A	SRPI	-1.43790284213504
LV7008886703	grey	0.367758345041422	GeoB25202_R1	27.6855	1	G-A	SRPI	-0.4125947559817
LV7008886703	turquoise	0.543255333236439	GeoB25202_R1	27.6855	1	G-A	SRPI	-0.895094817466135
LV7008886703	yellow	0.0794002228574197	GeoB25202_R1	27.6855	1	G-A	SRPI	-1.07777644478254
LV7008886703	blue	0.0055924293073656	GeoB25202_R1	27.6855	1	G-A	SRPI	-1.15149323102561
LV7008886703	brown	0.000943106761623306	GeoB25202_R1	27.6855	1	G-A	SRPI	-0.404303394602027
LV7008886703	green	0.00305056279573018	GeoB25202_R1	27.6855	1	G-A	SRPI	-1.62772983469875
LV7008886704	grey	0.369361874353555	GeoB25202_R2	53.875	1	G-A	SRPI	-0.936785595751457
LV7008886704	turquoise	0.578502795640899	GeoB25202_R2	53.875	1	G-A	SRPI	-0.899327948339457
LV7008886704	yellow	0.0431300685044445	GeoB25202_R2	53.875	1	G-A	SRPI	-1.30220256199081
LV7008886704	blue	0.00120669754613182	GeoB25202_R2	53.875	1	G-A	SRPI	-0.3317941891592
LV7008886704	green	0.00779856395496995	GeoB25202_R2	53.875	1	G-A	SRPI	-1.40561474441212
LV7008886705	turquoise	0.575860444326323	GeoB25202_R1	59.738	2	IG-D	SRPI	-0.865422956306844
LV7008886705	grey	0.394396994334175	GeoB25202_R1	59.738	2	IG-D	SRPI	-0.755182922007933
LV7008886705	yellow	0.0253693658866593	GeoB25202_R1	59.738	2	IG-D	SRPI	-2.05557584026924
LV7008886705	brown	0.00159464585573287	GeoB25202_R1	59.738	2	IG-D	SRPI	1.01242667569772
LV7008886705	green	0.00277854959711031	GeoB25202_R1	59.738	2	IG-D	SRPI	-9.21034037197618
LV7008886706	green	0.0270390276031611	GeoB25202_R1	79.0255	4	IG-B	SRPI	-1.18569833924517
LV7008886706	grey	0.410592714309202	GeoB25202_R1	79.0255	4	IG-B	SRPI	-0.27587565919848
LV7008886706	turquoise	0.532926002026155	GeoB25202_R1	79.0255	4	IG-B	SRPI	-0.649461866239367
LV7008886706	yellow	0.0283563236610198	GeoB25202_R1	79.0255	4	IG-B	SRPI	-1.33817852736344
LV7008886706	blue	0.0008004198019724	GeoB25202_R1	79.0255	4	IG-B	SRPI	-2.05217308228511
LV7008886706	brown	0.00028551259848954	GeoB25202_R1	79.0255	4	IG-B	SRPI	-9.21034037197618
LV7008886707	grey	0.503331827521897	GeoB25202_R2	95.3875	4	IG-B	SRPI	-0.183366378503046
LV7008886707	green	0.0124132766866992	GeoB25202_R2	95.3875	4	IG-B	SRPI	-1.43527181100676
LV7008886707	turquoise	0.46833137929398	GeoB25202_R2	95.3875	4	IG-B	SRPI	-0.700606811478757
LV7008886707	yellow	0.015923516497424	GeoB25202_R2	95.3875	4	IG-B	SRPI	-1.24796611349126
LV7008886708	green	0.0186353516490295	GeoB25202_R1	109.6305	4	IG-B	SRPI	-1.48588245825954
LV7008886708	grey	0.626029299879802	GeoB25202_R1	109.6305	4	IG-B	SRPI	-0.231661772610873
LV7008886708	turquoise	0.346274705533778	GeoB25202_R1	109.6305	4	IG-B	SRPI	-0.671763706101926
LV7008886708	yellow	0.00833908152335448	GeoB25202_R1	109.6305	4	IG-B	SRPI	-1.02026110561798
LV7008886708	blue	0.000444900560985959	GeoB25202_R1	109.6305	4	IG-B	SRPI	-9.21034037197618
LV7008886708	brown	0.000276660853050092	GeoB25202_R1	109.6305	4	IG-B	SRPI	-4.60517018598809
LV7008886709	turquoise	0.556743531950144	GeoB25202_R1	147.206	1	G-A	SRPI	-1.08990956681519
LV7008886709	yellow	0.0797356913059392	GeoB25202_R1	147.206	1	G-A	SRPI	-1.13336770784346
LV7008886709	grey	0.358064112196344	GeoB25202_R1	147.206	1	G-A	SRPI	-0.400164607434182
LV7008886709	blue	0.00242250862085573	GeoB25202_R1	147.206	1	G-A	SRPI	-0.0753664765249056
LV7008886709	green	0.00225876052322333	GeoB25202_R1	147.206	1	G-A	SRPI	-9.21034037197618
LV7008886709	brown	0.000775395403494577	GeoB25202_R1	147.206	1	G-A	SRPI	0.0147794011207723
LV7008886714	grey	0.281123266837477	GeoB25202_R1	0.692	5	IG-C	SRPI	0.0981508598264637
LV7008886714	green	0.0115286274863083	GeoB25202_R1	0.692	5	IG-C	SRPI	-1.18175439645509
LV7008886714	turquoise	0.699148951954999	GeoB25202_R1	0.692	5	IG-C	SRPI	-0.747132922343015
LV7008886714	yellow	0.00709957421101858	GeoB25202_R1	0.692	5	IG-C	SRPI	-0.95596485965741
LV7008886714	blue	0.00084336423637515	GeoB25202_R1	0.692	5	IG-C	SRPI	-2.59995492990695
LV7008886714	brown	0.000256215273821794	GeoB25202_R1	0.692	5	IG-C	SRPI	-9.21034037197618
LV7008886715	grey	0.276163883237691	GeoB25202_R2	27.6855	1	G-A	SRPI	-0.734778424455148
LV7008886715	turquoise	0.646006488985606	GeoB25202_R2	27.6855	1	G-A	SRPI	-0.693502159910918
LV7008886715	yellow	0.0682329282132863	GeoB25202_R2	27.6855	1	G-A	SRPI	-1.01850888675376
LV7008886715	blue	0.00581125258616759	GeoB25202_R2	27.6855	1	G-A	SRPI	-0.950391562454612
LV7008886715	brown	0.00110901766911595	GeoB25202_R2	27.6855	1	G-A	SRPI	0.0301990083113601
LV7008886715	green	0.00267642930813317	GeoB25202_R2	27.6855	1	G-A	SRPI	-2.07087159282372
LV7008886717	turquoise	0.631443093878688	GeoB25202_R2	59.738	2	IG-D	SRPI	-0.813481030395172
LV7008886717	grey	0.313376569120894	GeoB25202_R2	59.738	2	IG-D	SRPI	-0.809725313998094
LV7008886717	green	0.0169345693994072	GeoB25202_R2	59.738	2	IG-D	SRPI	-1.5987330727504
LV7008886717	yellow	0.0366293990092904	GeoB25202_R2	59.738	2	IG-D	SRPI	-1.06981296895434
LV7008886717	blue	0.000561998925736567	GeoB25202_R2	59.738	2	IG-D	SRPI	-9.21034037197618
LV7008886717	brown	0.00105436966598365	GeoB25202_R2	59.738	2	IG-D	SRPI	0.0147794011207723
LV7008886718	green	0.0207418439549313	GeoB25202_R2	79.0255	4	IG-B	SRPI	-1.18968020499648
LV7008886718	grey	0.399791904588106	GeoB25202_R2	79.0255	4	IG-B	SRPI	-0.266433684951931
LV7008886718	turquoise	0.541320331539847	GeoB25202_R2	79.0255	4	IG-B	SRPI	-0.668615335525768
LV7008886718	yellow	0.0365094128589425	GeoB25202_R2	79.0255	4	IG-B	SRPI	-0.834652869856193
LV7008886718	blue	0.000925686096754065	GeoB25202_R2	79.0255	4	IG-B	SRPI	-1.92245286428644
LV7008886718	brown	0.000710820961418463	GeoB25202_R2	79.0255	4	IG-B	SRPI	-1.41766377505952
LV7008886719	grey	0.552131968922435	GeoB25202_R1	87.2825	2	IG-D	SRPI	-0.280258684080336
LV7008886719	turquoise	0.434389244652777	GeoB25202_R1	87.2825	2	IG-D	SRPI	-0.681805434025265
LV7008886719	green	0.00391468433388082	GeoB25202_R1	87.2825	2	IG-D	SRPI	-2.18557929227143
LV7008886719	blue	0.00027220551054681	GeoB25202_R1	87.2825	2	IG-D	SRPI	-9.21034037197618
LV7008886719	yellow	0.00901507741709266	GeoB25202_R1	87.2825	2	IG-D	SRPI	-1.18588608284038
LV7008886719	brown	0.000276819163267943	GeoB25202_R1	87.2825	2	IG-D	SRPI	-9.21034037197618
LV7008886720	green	0.0182159725086512	GeoB25202_R2	109.6305	4	IG-B	SRPI	-1.32020203418988
LV7008886720	grey	0.728237383114176	GeoB25202_R2	109.6305	4	IG-B	SRPI	-0.37710762316902
LV7008886720	turquoise	0.244172803388937	GeoB25202_R2	109.6305	4	IG-B	SRPI	-0.726071108620759
LV7008886720	yellow	0.00789577619188804	GeoB25202_R2	109.6305	4	IG-B	SRPI	-1.08350784947727
LV7008886720	blue	0.000579847773548657	GeoB25202_R2	109.6305	4	IG-B	SRPI	-1.89498854293701
LV7008886720	brown	0.000898217022798958	GeoB25202_R2	109.6305	4	IG-B	SRPI	-0.170640289192553
LV7008886721	turquoise	0.566310592268841	GeoB25202_R2	147.206	1	G-A	SRPI	-1.10073276457399
LV7008886721	yellow	0.0773045073635147	GeoB25202_R2	147.206	1	G-A	SRPI	-1.19400443071354
LV7008886721	grey	0.340528019607704	GeoB25202_R2	147.206	1	G-A	SRPI	-0.354454189238514
LV7008886721	green	0.0115535280408588	GeoB25202_R2	147.206	1	G-A	SRPI	-1.24390846511015
LV7008886721	blue	0.00142382534409112	GeoB25202_R2	147.206	1	G-A	SRPI	-9.21034037197618
LV7008886721	brown	0.00287952737499026	GeoB25202_R2	147.206	1	G-A	SRPI	-0.422105521132854
LV7008886726	green	0.0151322342626497	GeoB25202_R2	0.692	5	IG-C	SRPI	-1.13206609014074
LV7008886726	turquoise	0.692020060226895	GeoB25202_R2	0.692	5	IG-C	SRPI	-0.74380543598278
LV7008886726	yellow	0.0055473442976321	GeoB25202_R2	0.692	5	IG-C	SRPI	-0.733855226045324
LV7008886726	grey	0.286650062595368	GeoB25202_R2	0.692	5	IG-C	SRPI	0.180203299284685
LV7008886726	blue	0.000650298617455236	GeoB25202_R2	0.692	5	IG-C	SRPI	-2.68658643369055
LV7008886727	grey	0.201587810599601	GeoB25202_R1	16.4375	3	IG-A	SRPI	-0.738153326024739
LV7008886727	green	0.0071120855737273	GeoB25202_R1	16.4375	3	IG-A	SRPI	-1.64894289769433
LV7008886727	turquoise	0.638578776104785	GeoB25202_R1	16.4375	3	IG-A	SRPI	-1.04301446889358
LV7008886727	yellow	0.106514730046511	GeoB25202_R1	16.4375	3	IG-A	SRPI	-1.07106566271444
LV7008886727	blue	0.0290457806845931	GeoB25202_R1	16.4375	3	IG-A	SRPI	-1.63552608352198
LV7008886727	brown	0.0171608169907832	GeoB25202_R1	16.4375	3	IG-A	SRPI	-0.664960947036181
LV7008886728	grey	0.33206542296461	GeoB25202_R2	50.3555	1	G-A	SRPI	-0.968945631264012
LV7008886728	turquoise	0.611647224365667	GeoB25202_R2	50.3555	1	G-A	SRPI	-0.896415607927643
LV7008886728	yellow	0.0542478023391282	GeoB25202_R2	50.3555	1	G-A	SRPI	-0.829714971469617
LV7008886728	green	0.00111963445448081	GeoB25202_R2	50.3555	1	G-A	SRPI	-9.21034037197618
LV7008886728	blue	0.000919915876113961	GeoB25202_R2	50.3555	1	G-A	SRPI	-9.21034037197618
LV7008886730	green	0.0290848829403176	GeoB25202_R1	75.351	4	IG-B	SRPI	-1.63049593761959
LV7008886730	grey	0.369101126232918	GeoB25202_R1	75.351	4	IG-B	SRPI	-0.386767716910587
LV7008886730	turquoise	0.565734163963363	GeoB25202_R1	75.351	4	IG-B	SRPI	-0.667095556323724
LV7008886730	yellow	0.0336480275666515	GeoB25202_R1	75.351	4	IG-B	SRPI	-1.15937484308567
LV7008886730	brown	0.00111449643445644	GeoB25202_R1	75.351	4	IG-B	SRPI	-0.723893644382783
LV7008886730	blue	0.0013173028622935	GeoB25202_R1	75.351	4	IG-B	SRPI	-1.3008367925649
LV7008886731	grey	0.521976233279629	GeoB25202_R2	87.2825	2	IG-D	SRPI	-0.20626495049902
LV7008886731	turquoise	0.460046322503323	GeoB25202_R2	87.2825	2	IG-D	SRPI	-0.641427096531677
LV7008886731	yellow	0.01134631773422	GeoB25202_R2	87.2825	2	IG-D	SRPI	-1.57929555448582
LV7008886731	brown	0.00121301094198075	GeoB25202_R2	87.2825	2	IG-D	SRPI	0.0147794011207723
LV7008886731	green	0.00541811554084737	GeoB25202_R2	87.2825	2	IG-D	SRPI	-2.02323148589627
LV7008886739	grey	0.20434609159764	GeoB25202_R2	16.4375	3	IG-A	SRPI	-0.893056802012537
LV7008886739	green	0.00881856866185978	GeoB25202_R2	16.4375	3	IG-A	SRPI	-1.65543590092802
LV7008886739	turquoise	0.650740241496258	GeoB25202_R2	16.4375	3	IG-A	SRPI	-1.03081962592975
LV7008886739	yellow	0.103250788772606	GeoB25202_R2	16.4375	3	IG-A	SRPI	-1.11270497365623
LV7008886739	blue	0.0270387612405779	GeoB25202_R2	16.4375	3	IG-A	SRPI	-1.5736155264403
LV7008886739	brown	0.00580554823105809	GeoB25202_R2	16.4375	3	IG-A	SRPI	-0.723540179613911
LV7008886740	grey	0.256270455488345	GeoB25202_R1	43.105	1	G-A	SRPI	-0.57516738722268
LV7008886740	turquoise	0.580439047126372	GeoB25202_R1	43.105	1	G-A	SRPI	-0.719101573428645
LV7008886740	yellow	0.064722573639758	GeoB25202_R1	43.105	1	G-A	SRPI	-0.947136447679641
LV7008886740	blue	0.00231508750723465	GeoB25202_R1	43.105	1	G-A	SRPI	-9.21034037197618
LV7008886740	green	0.0962528362382901	GeoB25202_R1	43.105	1	G-A	SRPI	0.516812068605266
LV7008886741	turquoise	0.483773377337734	GeoB25202_R1	58.997	2	IG-D	SRPI	-0.658400660330335
LV7008886741	grey	0.457563256325633	GeoB25202_R1	58.997	2	IG-D	SRPI	-1.02276982372169
LV7008886741	yellow	0.0534653465346535	GeoB25202_R1	58.997	2	IG-D	SRPI	-1.54886623754494
LV7008886741	green	0.0051980198019802	GeoB25202_R1	58.997	2	IG-D	SRPI	0.55675045058093
LV7008886742	grey	0.356002603971805	GeoB25202_R2	75.351	4	IG-B	SRPI	-0.376000383108964
LV7008886742	green	0.0321313658879694	GeoB25202_R2	75.351	4	IG-B	SRPI	-1.67165484547793
LV7008886742	turquoise	0.570397030873528	GeoB25202_R2	75.351	4	IG-B	SRPI	-0.716581598787342
LV7008886742	yellow	0.0372555035093758	GeoB25202_R2	75.351	4	IG-B	SRPI	-1.12492066025764
LV7008886742	blue	0.0031300040406459	GeoB25202_R2	75.351	4	IG-B	SRPI	-1.65474087558762
LV7008886742	brown	0.0010834917166759	GeoB25202_R2	75.351	4	IG-B	SRPI	-0.16844543533932
LV7008886743	green	0.017225820645628	GeoB25202_R1	81.6705	4	IG-B	SRPI	-1.18182066355483
LV7008886743	grey	0.511623094047499	GeoB25202_R1	81.6705	4	IG-B	SRPI	-0.157937022149273
LV7008886743	turquoise	0.456785358705015	GeoB25202_R1	81.6705	4	IG-B	SRPI	-0.659220085154357
LV7008886743	yellow	0.0139741883038188	GeoB25202_R1	81.6705	4	IG-B	SRPI	-1.29729306709069
LV7008886743	brown	0.000391538298038953	GeoB25202_R1	81.6705	4	IG-B	SRPI	-4.60517018598809
LV7008886744	grey	0.625552561680746	GeoB25202_R1	105.5785	2	IG-D	SRPI	-0.129724576874387
LV7008886744	turquoise	0.35549493225426	GeoB25202_R1	105.5785	2	IG-D	SRPI	-0.637528805651718
LV7008886744	yellow	0.00493829528129105	GeoB25202_R1	105.5785	2	IG-D	SRPI	-1.28085241934685
LV7008886744	green	0.0134652449490349	GeoB25202_R1	105.5785	2	IG-D	SRPI	-1.9683287742344
LV7008886744	brown	0.000548965834667792	GeoB25202_R1	105.5785	2	IG-D	SRPI	-4.60517018598809
LV7008886745	grey	0.523979823320612	GeoB25202_R2	136.2775	2	IG-D	SRPI	-0.163631655762595
LV7008886745	turquoise	0.423556806960421	GeoB25202_R2	136.2775	2	IG-D	SRPI	-1.11528245400753
LV7008886745	yellow	0.0453574955296378	GeoB25202_R2	136.2775	2	IG-D	SRPI	-1.44193717350297
LV7008886745	green	0.00710587418932985	GeoB25202_R2	136.2775	2	IG-D	SRPI	-9.21034037197618
LV7008886751	grey	0.505619797816883	GeoB25202_R1	7.1335	3	IG-A	SRPI	-0.0870856730602413
LV7008886751	turquoise	0.387870453039947	GeoB25202_R1	7.1335	3	IG-A	SRPI	-0.729709775610394
LV7008886751	yellow	0.0318521211946661	GeoB25202_R1	7.1335	3	IG-A	SRPI	-1.09936077810679
LV7008886751	brown	0.073104173266899	GeoB25202_R1	7.1335	3	IG-A	SRPI	-0.529576714001381
LV7008886751	blue	0.000903631807839636	GeoB25202_R1	7.1335	3	IG-A	SRPI	-9.21034037197618
LV7008886751	green	0.000649822873765157	GeoB25202_R1	7.1335	3	IG-A	SRPI	-9.21034037197618
LV7008886752	grey	0.41978536554602	GeoB25202_R2	43.105	1	G-A	SRPI	-0.408089364305414
LV7008886752	turquoise	0.519865774633823	GeoB25202_R2	43.105	1	G-A	SRPI	-0.893142256311386
LV7008886752	yellow	0.0530226984869427	GeoB25202_R2	43.105	1	G-A	SRPI	-1.02388444871127
LV7008886752	blue	0.0006543092438918	GeoB25202_R2	43.105	1	G-A	SRPI	-0.326416162895278
LV7008886752	green	0.00667185208932241	GeoB25202_R2	43.105	1	G-A	SRPI	0.279287296982932
LV7008886753	turquoise	0.721817171254823	GeoB25202_R2	58.997	2	IG-D	SRPI	-0.936572197256159
LV7008886753	yellow	0.0412607075132414	GeoB25202_R2	58.997	2	IG-D	SRPI	-0.710911049877457
LV7008886753	grey	0.220471239564943	GeoB25202_R2	58.997	2	IG-D	SRPI	-0.475820339104217
LV7008886753	blue	0.00152575252294078	GeoB25202_R2	58.997	2	IG-D	SRPI	-0.821449864851137
LV7008886753	green	0.0140151267464417	GeoB25202_R2	58.997	2	IG-D	SRPI	-1.10729084052093
LV7008886753	brown	0.000910002397611107	GeoB25202_R2	58.997	2	IG-D	SRPI	-9.21034037197618
LV7008886754	green	0.0483652707527194	GeoB25202_R1	71.8895	4	IG-B	SRPI	-1.1059382061039
LV7008886754	grey	0.415870542297821	GeoB25202_R1	71.8895	4	IG-B	SRPI	-0.425583435094269
LV7008886754	turquoise	0.496822986137707	GeoB25202_R1	71.8895	4	IG-B	SRPI	-0.793662531076498
LV7008886754	yellow	0.0353481861042511	GeoB25202_R1	71.8895	4	IG-B	SRPI	-1.05409534350196
LV7008886754	blue	0.00272227431403882	GeoB25202_R1	71.8895	4	IG-B	SRPI	-1.74976240072493
LV7008886754	brown	0.000870740393461963	GeoB25202_R1	71.8895	4	IG-B	SRPI	-0.868825559730499
LV7008886755	green	0.0277773848646729	GeoB25202_R2	81.6705	4	IG-B	SRPI	-1.2455268169545
LV7008886755	grey	0.427744065833377	GeoB25202_R2	81.6705	4	IG-B	SRPI	-0.303486403025535
LV7008886755	turquoise	0.523067928389229	GeoB25202_R2	81.6705	4	IG-B	SRPI	-0.66408944476034
LV7008886755	yellow	0.0214106209127214	GeoB25202_R2	81.6705	4	IG-B	SRPI	-1.10935786038015
LV7008886756	grey	0.568752381457669	GeoB25202_R2	105.5785	4	IG-B	SRPI	-0.24074203668641
LV7008886756	turquoise	0.39837506209877	GeoB25202_R2	105.5785	4	IG-B	SRPI	-0.691046853618106
LV7008886756	yellow	0.0202285234721291	GeoB25202_R2	105.5785	4	IG-B	SRPI	-1.12252772351861
LV7008886756	green	0.0126440329714322	GeoB25202_R2	105.5785	4	IG-B	SRPI	-1.6044590257375
LV7008886757	grey	0.693283220174588	GeoB25202_R1	123.1195	2	IG-D	SRPI	-0.202910551188155
LV7008886757	turquoise	0.270441319107662	GeoB25202_R1	123.1195	2	IG-D	SRPI	-1.11109013755701
LV7008886757	yellow	0.0362754607177498	GeoB25202_R1	123.1195	2	IG-D	SRPI	-0.749319932188237
LV7008886763	grey	0.527880374862183	GeoB25202_R2	7.1335	3	IG-A	SRPI	-0.517733699277571
LV7008886763	yellow	0.0208241455347299	GeoB25202_R2	7.1335	3	IG-A	SRPI	-1.63737889270853
LV7008886763	turquoise	0.375458241455347	GeoB25202_R2	7.1335	3	IG-A	SRPI	-0.723086572021658
LV7008886763	brown	0.0758372381477398	GeoB25202_R2	7.1335	3	IG-A	SRPI	-0.356086990560037
LV7008886765	turquoise	0.508312186027241	GeoB25202_R1	58.181	1	G-A	SRPI	-0.929643589173362
LV7008886765	grey	0.43200925302536	GeoB25202_R1	58.181	1	G-A	SRPI	-0.478520272545665
LV7008886765	yellow	0.0513182848363334	GeoB25202_R1	58.181	1	G-A	SRPI	-1.15360199971863
LV7008886765	brown	0.00209376826498376	GeoB25202_R1	58.181	1	G-A	SRPI	0.568948464417501
LV7008886765	green	0.00626650784608214	GeoB25202_R1	58.181	1	G-A	SRPI	-1.32669408054071
LV7008886766	grey	0.397021868284667	GeoB25202_R2	71.8895	4	IG-B	SRPI	-0.315763202129448
LV7008886766	green	0.0530122614081659	GeoB25202_R2	71.8895	4	IG-B	SRPI	-1.21373145029881
LV7008886766	turquoise	0.517042935996292	GeoB25202_R2	71.8895	4	IG-B	SRPI	-0.770841590065808
LV7008886766	blue	0.00390342560991025	GeoB25202_R2	71.8895	4	IG-B	SRPI	-1.73313041359723
LV7008886766	yellow	0.0283950617283951	GeoB25202_R2	71.8895	4	IG-B	SRPI	-1.06473930473554
LV7008886766	brown	0.000624446972569839	GeoB25202_R2	71.8895	4	IG-B	SRPI	-1.71926938117878
LV7008886768	green	0.0334473979052822	GeoB25202_R1	102.2955	4	IG-B	SRPI	-1.65679131752003
LV7008886768	grey	0.397435385163721	GeoB25202_R1	102.2955	4	IG-B	SRPI	-0.255335401061905
LV7008886768	turquoise	0.536710305289218	GeoB25202_R1	102.2955	4	IG-B	SRPI	-0.738530513174101
LV7008886768	yellow	0.0324069116417786	GeoB25202_R1	102.2955	4	IG-B	SRPI	-0.920051933870491
LV7008886769	grey	0.617619942555229	GeoB25202_R2	123.1195	2	IG-D	SRPI	-0.539426152116225
LV7008886769	turquoise	0.329961703485692	GeoB25202_R2	123.1195	2	IG-D	SRPI	-1.53573751706912
LV7008886769	yellow	0.0432165526045176	GeoB25202_R2	123.1195	2	IG-D	SRPI	-1.00073281067615
LV7008886769	brown	0.00804935995177476	GeoB25202_R2	123.1195	2	IG-D	SRPI	-4.60517018598809
LV7008886769	blue	0.00115244140278714	GeoB25202_R2	123.1195	2	IG-D	SRPI	-9.21034037197618
LV7008886776	grey	0.294479623315473	GeoB25202_R1	36.607	1	G-A	SRPI	-0.888845255923161
LV7008886776	green	0.0109733098529981	GeoB25202_R1	36.607	1	G-A	SRPI	-1.73652096842572
LV7008886776	turquoise	0.593008355502267	GeoB25202_R1	36.607	1	G-A	SRPI	-0.955330249908275
LV7008886776	yellow	0.0934017760125895	GeoB25202_R1	36.607	1	G-A	SRPI	-0.831191126305571
LV7008886776	blue	0.00753618844217968	GeoB25202_R1	36.607	1	G-A	SRPI	-1.46716572577315
LV7008886776	brown	0.000600746874492613	GeoB25202_R1	36.607	1	G-A	SRPI	1.01242667569772
LV7008886778	grey	0.324013586933656	GeoB25202_R1	68.149	4	IG-B	SRPI	-0.517516111227381
LV7008886778	green	0.0323984602971137	GeoB25202_R1	68.149	4	IG-B	SRPI	-1.26258067424781
LV7008886778	turquoise	0.605532009981703	GeoB25202_R1	68.149	4	IG-B	SRPI	-0.699581746244483
LV7008886778	yellow	0.0358522266695464	GeoB25202_R1	68.149	4	IG-B	SRPI	-1.25440606490127
LV7008886778	blue	0.00206721100418211	GeoB25202_R1	68.149	4	IG-B	SRPI	-1.65748634597739
LV7008886778	brown	0.000136505113799452	GeoB25202_R1	68.149	4	IG-B	SRPI	-9.21034037197618
LV7008886780	green	0.03569975031141	GeoB25202_R2	102.2955	4	IG-B	SRPI	-1.63640560793153
LV7008886780	grey	0.378224957422882	GeoB25202_R2	102.2955	4	IG-B	SRPI	-0.310761369924334
LV7008886780	turquoise	0.549423653256883	GeoB25202_R2	102.2955	4	IG-B	SRPI	-0.749078609209053
LV7008886780	yellow	0.0347097412185745	GeoB25202_R2	102.2955	4	IG-B	SRPI	-1.01202213563287
LV7008886780	brown	0.00107073463607916	GeoB25202_R2	102.2955	4	IG-B	SRPI	-0.393755287950023
LV7008886780	blue	0.000871163154171212	GeoB25202_R2	102.2955	4	IG-B	SRPI	-3.02556219175716
LV7008886781	grey	0.601938623657644	GeoB25202_R1	120.0235	2	IG-D	SRPI	-0.148893391492224
LV7008886781	turquoise	0.366045931705748	GeoB25202_R1	120.0235	2	IG-D	SRPI	-1.14364871015019
LV7008886781	yellow	0.0320154446366086	GeoB25202_R1	120.0235	2	IG-D	SRPI	-0.91930864295383
LV3003046936	non_damaged		ST8	22.905	3	IG-A	OAP	-113.669996008418
LV3003046937	non_damaged		ST8	18.598	3	IG-A	OAP	79.97242407173
LV3003046938	non_damaged		ST8	11.169	5	IG-C	OAP	1.77687353892481
LV3003046939	non_damaged		ST8	2.42	5	IG-C	OAP	-4.25867854282421
LV3003046949	non_damaged		ST8	22.3686666666667	3	IG-A	OAP	-119.485767707936
LV3003046950	non_damaged		ST8	18.099	3	IG-A	OAP	-16.1721567732881
LV3003046952	non_damaged		ST8	10.26	5	IG-C	OAP	-52.2440472333114
LV3003046953	non_damaged		ST8	1.5215	5	IG-C	OAP	107.113702546429
LV3003046965	non_damaged		ST8	21.8323333333333	3	IG-A	OAP	-76.1832094166095
LV3003046966	non_damaged		ST8	17.373	3	IG-A	OAP	-75.077732716585
LV3003046978	non_damaged		ST8	21.296	3	IG-A	OAP	-60.8104632492369
LV3003046979	non_damaged		ST8	16.461	3	IG-A	OAP	-38.0093312610552
LV3003046980	non_damaged		ST8	8.056	5	IG-C	OAP	-40.0532311327027
LV3003046993	non_damaged		ST8	20.719	3	IG-A	OAP	-19.0580818109111
LV3003046994	non_damaged		ST8	15.549	3	IG-A	OAP	45.5437298824123
LV3003046995	non_damaged		ST8	6.9705	5	IG-C	OAP	-40.3108896422216
LV3003047009	non_damaged		ST8	20.142	3	IG-A	OAP	-96.3580351328727
LV3003047010	non_damaged		ST8	13.676	5	IG-C	OAP	-90.3091582257458
LV3003047013	non_damaged		ST8	5.885	5	IG-C	OAP	-20.4196571503774
LV3003047026	non_damaged		ST8	19.565	3	IG-A	OAP	-77.242022740679
LV3003047027	non_damaged		ST8	12.877	5	IG-C	OAP	-105.132095821375
LV3003047028	non_damaged		ST8	4.753	2	IG-D	OAP	-35.1592424994729
LV3003047041	non_damaged		ST8	19.097	3	IG-A	OAP	30.5650456327139
LV3003047044	non_damaged		ST8	12.078	1	G-A	OAP	-84.0925362062877
LV3003047045	non_damaged		ST8	3.5865	5	IG-C	OAP	-41.8014051064418
LV3003047059	non_damaged		ST8	107.683	2	IG-D	OAP	-31.0593601759787
LV3003047060	non_damaged		ST8	106.686	2	IG-D	OAP	-72.3194114054444
LV3003047061	non_damaged		ST8	105.689	2	IG-D	OAP	-97.6080706102225
LV3003047062	non_damaged		ST8	104.692	2	IG-D	OAP	169.266574186044
LV3003047063	non_damaged		ST8	103.695	2	IG-D	OAP	52.3861731717221
LV3003047064	non_damaged		ST8	96.283	2	IG-D	OAP	144.807136424979
LV3003047065	non_damaged		ST8	53.61018	2	IG-D	OAP	-49.4036764362349
LV3003047067	non_damaged		ST8	42.86602	1	G-A	OAP	-31.2245204073517
LV3003047068	non_damaged		ST8	37.78969	1	G-A	OAP	-25.4836166437715
LV3003047069	non_damaged		ST8	33.7436870748299	1	G-A	OAP	-85.7346828603349
LV3003047070	non_damaged		ST8	30.128	1	G-A	OAP	-99.3196346308892
LV3003047071	non_damaged		ST8	26.141	1	G-A	OAP	-143.777045763119
LV3003047073	non_damaged		ST8	101.685	2	IG-D	OAP	-6.41217350705413
LV3003047074	non_damaged		ST8	100.672	2	IG-D	OAP	52.8455371130175
LV3003047077	non_damaged		ST8	99.7145	2	IG-D	OAP	-86.3200745716176
LV3003047078	non_damaged		ST8	98.757	2	IG-D	OAP	-57.4099912304695
LV3003047079	non_damaged		ST8	97.52	4	IG-B	OAP	-28.9844518773743
LV3003047080	non_damaged		ST8	87.9935	4	IG-B	OAP	-166.939032514962
LV3003047081	non_damaged		ST8	52.20718	1	G-A	OAP	-74.7593895930648
LV3003047082	non_damaged		ST8	41.9168333333333	1	G-A	OAP	-84.2214744582793
LV3003047083	non_damaged		ST8	37.30319	1	G-A	OAP	25.5779127224612
LV3003047084	non_damaged		ST8	33.276	4	IG-B	OAP	-71.9585879446482
LV3003047085	non_damaged		ST8	29.703	1	G-A	OAP	-139.753828757871
LV3003047087	non_damaged		ST8	94.9015	2	IG-D	OAP	-84.6271102481542
LV3003047088	non_damaged		ST8	93.52	2	IG-D	OAP	-102.42091826708
LV3003047089	non_damaged		ST8	92.1385	2	IG-D	OAP	-132.2761125039
LV3003047090	non_damaged		ST8	90.757	2	IG-D	OAP	-127.469443920894
LV3003047091	non_damaged		ST8	89.37525	4	IG-B	OAP	-174.969891478365
LV3003047093	non_damaged		ST8	79.675	4	IG-B	OAP	-163.603970904593
LV3003047094	non_damaged		ST8	50.6848	1	G-A	OAP	-27.6656153292867
LV3003047095	non_damaged		ST8	40.9751666666667	1	G-A	OAP	-45.3392174557812
LV3003047096	non_damaged		ST8	36.89377	1	G-A	OAP	33.5722301902188
LV3003047097	non_damaged		ST8	32.835	1	G-A	OAP	-111.794456327798
LV3003047098	non_damaged		ST8	29.278	1	G-A	OAP	-119.982864296102
LV3003047099	non_damaged		ST8	25.058	1	G-A	OAP	-102.2274152274
LV3003047100	non_damaged		ST8	86.61175	4	IG-B	OAP	-132.296153868073
LV3003047101	non_damaged		ST8	85.23	2	IG-D	OAP	-162.181878327199
LV3003047104	non_damaged		ST8	83.84125	2	IG-D	OAP	-141.796237689555
LV3003047105	non_damaged		ST8	82.4525	2	IG-D	OAP	-169.677762504754
LV3003047106	non_damaged		ST8	81.06375	2	IG-D	OAP	-164.740961114764
LV3003047107	non_damaged		ST8	71.517	4	IG-B	OAP	-161.859461633476
LV3003047110	non_damaged		ST8	49.1548	1	G-A	OAP	-25.5413286790719
LV3003047112	non_damaged		ST8	40.0335	1	G-A	OAP	-51.9036915551811
LV3003047113	non_damaged		ST8	36.48927	1	G-A	OAP	1.2231291412746
LV3003047114	non_damaged		ST8	32.3855	1	G-A	OAP	-81.7468195391171
LV3003047117	non_damaged		ST8	28.7616666666667	1	G-A	OAP	-116.941146989234
LV3003047118	non_damaged		ST8	24.528	3	IG-A	OAP	-87.9742454320738
LV3003047122	non_damaged		ST8	76.951	2	IG-D	OAP	-191.036006497552
LV3003047123	non_damaged		ST8	75.589	2	IG-D	OAP	-171.321028689324
LV3003047124	non_damaged		ST8	74.227	2	IG-D	OAP	-161.049293787822
LV3003047125	non_damaged		ST8	72.872	2	IG-D	OAP	-146.386262451319
LV3003047126	non_damaged		ST8	64.210824	1	G-A	OAP	-98.4979967439493
LV3003047127	non_damaged		ST8	47.6248	2	IG-D	OAP	-86.394923139978
LV3003047128	non_damaged		ST8	39.57797	1	G-A	OAP	13.632887506339
LV3003047129	non_damaged		ST8	36.0373	1	G-A	OAP	-44.1444758759016
LV3003047130	non_damaged		ST8	31.936	1	G-A	OAP	-105.312721823906
LV3003047131	non_damaged		ST8	28.2453333333333	1	G-A	OAP	-131.566287450962
LV3003047132	non_damaged		ST8	23.987	3	IG-A	OAP	-88.2289103822481
LV3003047133	non_damaged		ST8	70.162	4	IG-B	OAP	-144.568283220825
LV3003047134	non_damaged		ST8	68.807	4	IG-B	OAP	-135.907828718999
LV3003047136	non_damaged		ST8	67.8766	4	IG-B	OAP	-147.986103143434
LV3003047137	non_damaged		ST8	66.9462	1	G-A	OAP	-134.419340338207
LV3003047138	non_damaged		ST8	66.0158	4	IG-B	OAP	-148.196557311356
LV3003047139	non_damaged		ST8	58.6141266666667	1	G-A	OAP	-120.277099993892
LV3003047140	non_damaged		ST8	46.0948	2	IG-D	OAP	-93.0932700789999
LV3003047141	non_damaged		ST8	39.15347	2	IG-D	OAP	10.5336515572745
LV3003047142	non_damaged		ST8	35.5823	1	G-A	OAP	-1.18632428567411
LV3003047143	non_damaged		ST8	31.398	1	G-A	OAP	-94.3952644963441
LV3003047144	non_damaged		ST8	27.729	1	G-A	OAP	-143.462647854409
LV3003047145	non_damaged		ST8	23.446	3	IG-A	OAP	-40.9378093779475
LV3003047146	non_damaged		ST8	63.2667	1	G-A	OAP	-132.201327414167
LV3003047147	non_damaged		ST8	62.3217	1	G-A	OAP	-109.889286613273
LV3003047148	non_damaged		ST8	61.3767	1	G-A	OAP	-70.0009876880609
LV3003047149	non_damaged		ST8	60.4317	1	G-A	OAP	-30.6384840601653
LV3003047150	non_damaged		ST8	59.5217933333333	1	G-A	OAP	-104.341106886809
LV3003047152	non_damaged		ST8	45.00002	1	G-A	OAP	-101.766712891898
LV3003047153	non_damaged		ST8	38.71393	1	G-A	OAP	-80.2817205343759
LV3003047154	non_damaged		ST8	35.13012	1	G-A	OAP	-3.5271833072097
LV3003047155	non_damaged		ST8	30.9475	1	G-A	OAP	-81.1960145378295
LV3003047156	non_damaged		ST8	27.1996666666667	1	G-A	OAP	-134.317119837248
LV3003047158	non_damaged		ST8	57.70646	1	G-A	OAP	-105.916369966031
LV3003047159	non_damaged		ST8	56.7987933333333	1	G-A	OAP	-62.3918683964483
LV3003047160	non_damaged		ST8	55.8911266666667	2	IG-D	OAP	-39.0533434739735
LV3003047161	non_damaged		ST8	54.98346	2	IG-D	OAP	-7.7295880882983
LV3003047162	non_damaged		ST8	102.698	2	IG-D	OAP	0.633058593209202
LV3003047164	non_damaged		ST8	43.93302	1	G-A	OAP	-105.654411341223
LV3003047166	non_damaged		ST8	38.27343	1	G-A	OAP	-36.8177233391872
LV3003047167	non_damaged		ST8	34.67812	1	G-A	OAP	5.8632154586112
LV3003047168	non_damaged		ST8	30.497	1	G-A	OAP	-88.8557397902591
LV3003047169	non_damaged		ST8	26.6703333333333	1	G-A	OAP	-141.972818949706
LV3003061473	non_damaged		ST13	117.088	2	IG-D	OAP	235.324970498568
LV3003061474	non_damaged		ST13	77.7798	4	IG-B	OAP	113.327279103705
LV3003061475	non_damaged		ST13	53.844	1	G-A	OAP	102.244012126338
LV3003061476	non_damaged		ST13	37.16	1	G-A	OAP	173.667887438281
LV3003061477	non_damaged		ST13	16.726	3	IG-A	OAP	417.173594876504
LV3003061485	non_damaged		ST13	75.7796	4	IG-B	OAP	36.4046698990461
LV3003061486	non_damaged		ST13	52.105	2	IG-D	OAP	82.0764479600251
LV3003061488	non_damaged		ST13	35.041	1	G-A	OAP	268.675214897454
LV3003061489	non_damaged		ST13	112.6068	2	IG-D	OAP	227.830892146192
LV3003061492	non_damaged		ST13	14.437	3	IG-A	OAP	20.7898158390839
LV3003061500	non_damaged		ST13	148.086	2	IG-D	OAP	377.211360171297
LV3003061501	non_damaged		ST13	105.5872	4	IG-B	OAP	110.432085014044
LV3003061503	non_damaged		ST13	73.1472	4	IG-B	OAP	59.8587083981625
LV3003061504	non_damaged		ST13	50.268	1	G-A	OAP	93.508307939354
LV3003061505	non_damaged		ST13	32.81	1	G-A	OAP	159.518360058001
LV3003061506	non_damaged		ST13	11.95	3	IG-A	OAP	153.137772534902
LV3003061513	non_damaged		ST13	138.493	2	IG-D	OAP	620.917840444628
LV3003061514	non_damaged		ST13	100.6726	4	IG-B	OAP	52.0580651299177
LV3003061515	non_damaged		ST13	71.0012	4	IG-B	OAP	80.8746543633636
LV3003061516	non_damaged		ST13	48.537	1	G-A	OAP	107.430868749993
LV3003061517	non_damaged		ST13	30.678	4	IG-B	OAP	320.435714773912
LV3003061518	non_damaged		ST13	9.804	3	IG-A	OAP	39.1265736106574
LV3003061527	non_damaged		ST13	133.7754	2	IG-D	OAP	313.839207055047
LV3003061528	non_damaged		ST13	95.118	4	IG-B	OAP	106.658481051097
LV3003061529	non_damaged		ST13	66.015	4	IG-B	OAP	148.896383775249
LV3003061530	non_damaged		ST13	47.046	1	G-A	OAP	96.614505540073
LV3003061531	non_damaged		ST13	28.445	1	G-A	OAP	87.5788246679053
LV3003061533	non_damaged		ST13	7.912	3	IG-A	OAP	116.581048916693
LV3003061539	non_damaged		ST13	130.0556	2	IG-D	OAP	266.762941470417
LV3003061541	non_damaged		ST13	91.09	4	IG-B	OAP	92.7709724163278
LV3003061543	non_damaged		ST13	62.293	4	IG-B	OAP	83.6930380698018
LV3003061544	non_damaged		ST13	45.122	1	G-A	OAP	59.8569387785494
LV3003061545	non_damaged		ST13	23.172	1	G-A	OAP	352.16026888365
LV3003061546	non_damaged		ST13	7.197	3	IG-A	OAP	125.473884878285
LV3003061555	non_damaged		ST13	126.443	2	IG-D	OAP	235.880779068932
LV3003061556	non_damaged		ST13	86.6174	4	IG-B	OAP	94.6295417164363
LV3003061557	non_damaged		ST13	58.082	4	IG-B	OAP	140.309261694371
LV3003061558	non_damaged		ST13	42.626	1	G-A	OAP	252.963795306146
LV3003061559	non_damaged		ST13	21.069	1	G-A	OAP	539.142557939061
LV3003061568	non_damaged		ST13	121.6354	2	IG-D	OAP	217.84481121127
LV3003061569	non_damaged		ST13	81.6946	4	IG-B	OAP	83.2696075821084
LV3003061570	non_damaged		ST13	55.466	4	IG-B	OAP	101.557192233345
LV3003061571	non_damaged		ST13	40.457	1	G-A	OAP	354.789322386708
LV3003061572	non_damaged		ST13	19.099	3	IG-A	OAP	292.924801739552
LV7001898064	non_damaged		ST13	6.808	3	IG-A	OAP	259.560991925762
LV7001898076	non_damaged		ST13	6.429	3	IG-A	OAP	307.422314427601
LV7001898088	non_damaged		ST13	6.031	3	IG-A	OAP	336.530143255661
LV7001898100	non_damaged		ST13	5.659	5	IG-C	OAP	286.011896838095
LV7008886221	non_damaged		GeoB25202_R1	50.3555	1	G-A	OAP	44.9186302456693
LV7008886222	non_damaged		GeoB25202_R1	136.2775	1	G-A	OAP	194.63715324555
LV7008886226	non_damaged		GeoB25202_R2	36.607	1	G-A	OAP	157.649533777092
LV7008886228	non_damaged		GeoB25202_R2	120.0235	2	IG-D	OAP	308.270829410985
LV7008886229	non_damaged		GeoB25202_R2	68.149	4	IG-B	OAP	40.3055997112084
LV7008886690	non_damaged		GeoB25202_R1	2.324	3	IG-A	OAP	333.9872429132
LV7008886692	non_damaged		GeoB25202_R1	53.875	1	G-A	OAP	180.276193134519
LV7008886695	non_damaged		GeoB25202_R1	95.3875	4	IG-B	OAP	96.961950347516
LV7008886702	non_damaged		GeoB25202_R2	2.324	3	IG-A	OAP	284.780360092494
LV7008886703	non_damaged		GeoB25202_R1	27.6855	1	G-A	OAP	103.244210849546
LV7008886704	non_damaged		GeoB25202_R2	53.875	1	G-A	OAP	116.551723775545
LV7008886705	non_damaged		GeoB25202_R1	59.738	2	IG-D	OAP	150.794736349238
LV7008886706	non_damaged		GeoB25202_R1	79.0255	4	IG-B	OAP	127.693883525836
LV7008886707	non_damaged		GeoB25202_R2	95.3875	4	IG-B	OAP	49.6873374527392
LV7008886708	non_damaged		GeoB25202_R1	109.6305	4	IG-B	OAP	29.2544382852848
LV7008886709	non_damaged		GeoB25202_R1	147.206	1	G-A	OAP	412.14689089439
LV7008886714	non_damaged		GeoB25202_R1	0.692	5	IG-C	OAP	440.460724563884
LV7008886715	non_damaged		GeoB25202_R2	27.6855	1	G-A	OAP	163.229089209959
LV7008886717	non_damaged		GeoB25202_R2	59.738	2	IG-D	OAP	100.260178405845
LV7008886718	non_damaged		GeoB25202_R2	79.0255	4	IG-B	OAP	83.6948895671456
LV7008886719	non_damaged		GeoB25202_R1	87.2825	2	IG-D	OAP	48.0113242674356
LV7008886720	non_damaged		GeoB25202_R2	109.6305	4	IG-B	OAP	130.008631761306
LV7008886721	non_damaged		GeoB25202_R2	147.206	1	G-A	OAP	44.2167191238555
LV7008886726	non_damaged		GeoB25202_R2	0.692	5	IG-C	OAP	437.460405314721
LV7008886727	non_damaged		GeoB25202_R1	16.4375	3	IG-A	OAP	54.244856460425
LV7008886728	non_damaged		GeoB25202_R2	50.3555	1	G-A	OAP	45.9896194042648
LV7008886730	non_damaged		GeoB25202_R1	75.351	4	IG-B	OAP	32.0040701880115
LV7008886731	non_damaged		GeoB25202_R2	87.2825	2	IG-D	OAP	70.9264158146924
LV7008886739	non_damaged		GeoB25202_R2	16.4375	3	IG-A	OAP	50.4778026277032
LV7008886740	non_damaged		GeoB25202_R1	43.105	1	G-A	OAP	85.2867917932813
LV7008886741	non_damaged		GeoB25202_R1	58.997	2	IG-D	OAP	397.708734627015
LV7008886742	non_damaged		GeoB25202_R2	75.351	4	IG-B	OAP	53.8471038122839
LV7008886743	non_damaged		GeoB25202_R1	81.6705	4	IG-B	OAP	7.59854047088378
LV7008886744	non_damaged		GeoB25202_R1	105.5785	2	IG-D	OAP	140.118427273409
LV7008886745	non_damaged		GeoB25202_R2	136.2775	2	IG-D	OAP	180.740969226211
LV7008886751	non_damaged		GeoB25202_R1	7.1335	3	IG-A	OAP	136.306833448277
LV7008886752	non_damaged		GeoB25202_R2	43.105	1	G-A	OAP	24.7619159369993
LV7008886753	non_damaged		GeoB25202_R2	58.997	2	IG-D	OAP	117.018904839075
LV7008886754	non_damaged		GeoB25202_R1	71.8895	4	IG-B	OAP	87.2330084891465
LV7008886755	non_damaged		GeoB25202_R2	81.6705	4	IG-B	OAP	24.5865279359948
LV7008886756	non_damaged		GeoB25202_R2	105.5785	4	IG-B	OAP	26.720449340447
LV7008886757	non_damaged		GeoB25202_R1	123.1195	2	IG-D	OAP	200.127715053915
LV7008886763	non_damaged		GeoB25202_R2	7.1335	3	IG-A	OAP	180.396113603492
LV7008886765	non_damaged		GeoB25202_R1	58.181	1	G-A	OAP	114.558300099419
LV7008886766	non_damaged		GeoB25202_R2	71.8895	4	IG-B	OAP	68.9495114461452
LV7008886768	non_damaged		GeoB25202_R1	102.2955	4	IG-B	OAP	38.8877236637665
LV7008886769	non_damaged		GeoB25202_R2	123.1195	2	IG-D	OAP	188.248446763673
LV7008886776	non_damaged		GeoB25202_R1	36.607	1	G-A	OAP	101.023013750523
LV7008886778	non_damaged		GeoB25202_R1	68.149	4	IG-B	OAP	75.3834700797662
LV7008886780	non_damaged		GeoB25202_R2	102.2955	4	IG-B	OAP	63.628097664951
LV7008886781	non_damaged		GeoB25202_R1	120.0235	2	IG-D	OAP	168.984328678373
LV3003046936	non_damaged		ST8	22.905	3	IG-A	MGI	-13.8155105579643
LV3003046937	non_damaged		ST8	18.598	3	IG-A	MGI	-13.8155105579643
LV3003046938	non_damaged		ST8	11.169	5	IG-C	MGI	-13.8155105579643
LV3003046939	non_damaged		ST8	2.42	5	IG-C	MGI	-13.8155105579643
LV3003046949	non_damaged		ST8	22.3686666666667	3	IG-A	MGI	-5.17612020941174
LV3003046950	non_damaged		ST8	18.099	3	IG-A	MGI	-13.8155105579643
LV3003046952	non_damaged		ST8	10.26	5	IG-C	MGI	-13.8155105579643
LV3003046953	non_damaged		ST8	1.5215	5	IG-C	MGI	-13.8155105579643
LV3003046965	non_damaged		ST8	21.8323333333333	3	IG-A	MGI	-13.8155105579643
LV3003046966	non_damaged		ST8	17.373	3	IG-A	MGI	-3.57108840560494
LV3003046978	non_damaged		ST8	21.296	3	IG-A	MGI	-5.12425456986276
LV3003046979	non_damaged		ST8	16.461	3	IG-A	MGI	-3.2661144475429
LV3003046980	non_damaged		ST8	8.056	5	IG-C	MGI	-13.8155105579643
LV3003046993	non_damaged		ST8	20.719	3	IG-A	MGI	-4.52542319486553
LV3003046994	non_damaged		ST8	15.549	3	IG-A	MGI	-13.8155105579643
LV3003046995	non_damaged		ST8	6.9705	5	IG-C	MGI	-13.8155105579643
LV3003047009	non_damaged		ST8	20.142	3	IG-A	MGI	-4.26135506941541
LV3003047010	non_damaged		ST8	13.676	5	IG-C	MGI	-1.93827328871552
LV3003047013	non_damaged		ST8	5.885	5	IG-C	MGI	-13.8155105579643
LV3003047026	non_damaged		ST8	19.565	3	IG-A	MGI	-13.8155105579643
LV3003047027	non_damaged		ST8	12.877	5	IG-C	MGI	-2.35355807303283
LV3003047028	non_damaged		ST8	4.753	2	IG-D	MGI	-13.8155105579643
LV3003047041	non_damaged		ST8	19.097	3	IG-A	MGI	-13.8155105579643
LV3003047044	non_damaged		ST8	12.078	1	G-A	MGI	-5.81484293095999
LV3003047045	non_damaged		ST8	3.5865	5	IG-C	MGI	-13.8155105579643
LV3003047059	non_damaged		ST8	107.683	2	IG-D	MGI	-13.8155105579643
LV3003047060	non_damaged		ST8	106.686	2	IG-D	MGI	-13.8155105579643
LV3003047061	non_damaged		ST8	105.689	2	IG-D	MGI	-13.8155105579643
LV3003047062	non_damaged		ST8	104.692	2	IG-D	MGI	-13.8155105579643
LV3003047063	non_damaged		ST8	103.695	2	IG-D	MGI	-13.8155105579643
LV3003047064	non_damaged		ST8	96.283	2	IG-D	MGI	-13.8155105579643
LV3003047065	non_damaged		ST8	53.61018	2	IG-D	MGI	-13.8155105579643
LV3003047067	non_damaged		ST8	42.86602	1	G-A	MGI	-13.8155105579643
LV3003047068	non_damaged		ST8	37.78969	1	G-A	MGI	-13.8155105579643
LV3003047069	non_damaged		ST8	33.7436870748299	1	G-A	MGI	-13.8155105579643
LV3003047070	non_damaged		ST8	30.128	1	G-A	MGI	-13.8155105579643
LV3003047071	non_damaged		ST8	26.141	1	G-A	MGI	-13.8155105579643
LV3003047073	non_damaged		ST8	101.685	2	IG-D	MGI	-13.8155105579643
LV3003047074	non_damaged		ST8	100.672	2	IG-D	MGI	-13.8155105579643
LV3003047077	non_damaged		ST8	99.7145	2	IG-D	MGI	-13.8155105579643
LV3003047078	non_damaged		ST8	98.757	2	IG-D	MGI	-13.8155105579643
LV3003047079	non_damaged		ST8	97.52	4	IG-B	MGI	-13.8155105579643
LV3003047080	non_damaged		ST8	87.9935	4	IG-B	MGI	-13.8155105579643
LV3003047081	non_damaged		ST8	52.20718	1	G-A	MGI	-13.8155105579643
LV3003047082	non_damaged		ST8	41.9168333333333	1	G-A	MGI	-13.8155105579643
LV3003047083	non_damaged		ST8	37.30319	1	G-A	MGI	-13.8155105579643
LV3003047084	non_damaged		ST8	33.276	4	IG-B	MGI	-13.8155105579643
LV3003047085	non_damaged		ST8	29.703	1	G-A	MGI	-13.8155105579643
LV3003047087	non_damaged		ST8	94.9015	2	IG-D	MGI	-13.8155105579643
LV3003047088	non_damaged		ST8	93.52	2	IG-D	MGI	-13.8155105579643
LV3003047089	non_damaged		ST8	92.1385	2	IG-D	MGI	-13.8155105579643
LV3003047090	non_damaged		ST8	90.757	2	IG-D	MGI	-13.8155105579643
LV3003047091	non_damaged		ST8	89.37525	4	IG-B	MGI	-13.8155105579643
LV3003047093	non_damaged		ST8	79.675	4	IG-B	MGI	-13.8155105579643
LV3003047094	non_damaged		ST8	50.6848	1	G-A	MGI	-13.8155105579643
LV3003047095	non_damaged		ST8	40.9751666666667	1	G-A	MGI	-13.8155105579643
LV3003047096	non_damaged		ST8	36.89377	1	G-A	MGI	-13.8155105579643
LV3003047097	non_damaged		ST8	32.835	1	G-A	MGI	-13.8155105579643
LV3003047098	non_damaged		ST8	29.278	1	G-A	MGI	-13.8155105579643
LV3003047099	non_damaged		ST8	25.058	1	G-A	MGI	-13.8155105579643
LV3003047100	non_damaged		ST8	86.61175	4	IG-B	MGI	-13.8155105579643
LV3003047101	non_damaged		ST8	85.23	2	IG-D	MGI	-13.8155105579643
LV3003047104	non_damaged		ST8	83.84125	2	IG-D	MGI	-13.8155105579643
LV3003047105	non_damaged		ST8	82.4525	2	IG-D	MGI	-13.8155105579643
LV3003047106	non_damaged		ST8	81.06375	2	IG-D	MGI	-13.8155105579643
LV3003047107	non_damaged		ST8	71.517	4	IG-B	MGI	-13.8155105579643
LV3003047110	non_damaged		ST8	49.1548	1	G-A	MGI	-13.8155105579643
LV3003047112	non_damaged		ST8	40.0335	1	G-A	MGI	-13.8155105579643
LV3003047113	non_damaged		ST8	36.48927	1	G-A	MGI	-13.8155105579643
LV3003047114	non_damaged		ST8	32.3855	1	G-A	MGI	-13.8155105579643
LV3003047117	non_damaged		ST8	28.7616666666667	1	G-A	MGI	-13.8155105579643
LV3003047118	non_damaged		ST8	24.528	3	IG-A	MGI	-13.8155105579643
LV3003047122	non_damaged		ST8	76.951	2	IG-D	MGI	-13.8155105579643
LV3003047123	non_damaged		ST8	75.589	2	IG-D	MGI	-13.8155105579643
LV3003047124	non_damaged		ST8	74.227	2	IG-D	MGI	-13.8155105579643
LV3003047125	non_damaged		ST8	72.872	2	IG-D	MGI	-13.8155105579643
LV3003047126	non_damaged		ST8	64.210824	1	G-A	MGI	-13.8155105579643
LV3003047127	non_damaged		ST8	47.6248	2	IG-D	MGI	-13.8155105579643
LV3003047128	non_damaged		ST8	39.57797	1	G-A	MGI	-13.8155105579643
LV3003047129	non_damaged		ST8	36.0373	1	G-A	MGI	-13.8155105579643
LV3003047130	non_damaged		ST8	31.936	1	G-A	MGI	-13.8155105579643
LV3003047131	non_damaged		ST8	28.2453333333333	1	G-A	MGI	-13.8155105579643
LV3003047132	non_damaged		ST8	23.987	3	IG-A	MGI	-13.8155105579643
LV3003047133	non_damaged		ST8	70.162	4	IG-B	MGI	-13.8155105579643
LV3003047134	non_damaged		ST8	68.807	4	IG-B	MGI	-13.8155105579643
LV3003047136	non_damaged		ST8	67.8766	4	IG-B	MGI	-13.8155105579643
LV3003047137	non_damaged		ST8	66.9462	1	G-A	MGI	-13.8155105579643
LV3003047138	non_damaged		ST8	66.0158	4	IG-B	MGI	-13.8155105579643
LV3003047139	non_damaged		ST8	58.6141266666667	1	G-A	MGI	-13.8155105579643
LV3003047140	non_damaged		ST8	46.0948	2	IG-D	MGI	-13.8155105579643
LV3003047141	non_damaged		ST8	39.15347	2	IG-D	MGI	-13.8155105579643
LV3003047142	non_damaged		ST8	35.5823	1	G-A	MGI	-13.8155105579643
LV3003047143	non_damaged		ST8	31.398	1	G-A	MGI	-13.8155105579643
LV3003047144	non_damaged		ST8	27.729	1	G-A	MGI	-13.8155105579643
LV3003047145	non_damaged		ST8	23.446	3	IG-A	MGI	-13.8155105579643
LV3003047146	non_damaged		ST8	63.2667	1	G-A	MGI	-13.8155105579643
LV3003047147	non_damaged		ST8	62.3217	1	G-A	MGI	-13.8155105579643
LV3003047148	non_damaged		ST8	61.3767	1	G-A	MGI	-13.8155105579643
LV3003047149	non_damaged		ST8	60.4317	1	G-A	MGI	-13.8155105579643
LV3003047150	non_damaged		ST8	59.5217933333333	1	G-A	MGI	-13.8155105579643
LV3003047152	non_damaged		ST8	45.00002	1	G-A	MGI	-13.8155105579643
LV3003047153	non_damaged		ST8	38.71393	1	G-A	MGI	-13.8155105579643
LV3003047154	non_damaged		ST8	35.13012	1	G-A	MGI	-13.8155105579643
LV3003047155	non_damaged		ST8	30.9475	1	G-A	MGI	-13.8155105579643
LV3003047156	non_damaged		ST8	27.1996666666667	1	G-A	MGI	-13.8155105579643
LV3003047158	non_damaged		ST8	57.70646	1	G-A	MGI	-13.8155105579643
LV3003047159	non_damaged		ST8	56.7987933333333	1	G-A	MGI	-13.8155105579643
LV3003047160	non_damaged		ST8	55.8911266666667	2	IG-D	MGI	-13.8155105579643
LV3003047161	non_damaged		ST8	54.98346	2	IG-D	MGI	-13.8155105579643
LV3003047162	non_damaged		ST8	102.698	2	IG-D	MGI	-13.8155105579643
LV3003047164	non_damaged		ST8	43.93302	1	G-A	MGI	-13.8155105579643
LV3003047166	non_damaged		ST8	38.27343	1	G-A	MGI	-13.8155105579643
LV3003047167	non_damaged		ST8	34.67812	1	G-A	MGI	-13.8155105579643
LV3003047168	non_damaged		ST8	30.497	1	G-A	MGI	-13.8155105579643
LV3003047169	non_damaged		ST8	26.6703333333333	1	G-A	MGI	-13.8155105579643
LV3003061473	non_damaged		ST13	117.088	2	IG-D	MGI	-13.8155105579643
LV3003061474	non_damaged		ST13	77.7798	4	IG-B	MGI	-13.8155105579643
LV3003061475	non_damaged		ST13	53.844	1	G-A	MGI	-13.8155105579643
LV3003061476	non_damaged		ST13	37.16	1	G-A	MGI	-13.8155105579643
LV3003061477	non_damaged		ST13	16.726	3	IG-A	MGI	-13.8155105579643
LV3003061485	non_damaged		ST13	75.7796	4	IG-B	MGI	-13.8155105579643
LV3003061486	non_damaged		ST13	52.105	2	IG-D	MGI	-13.8155105579643
LV3003061488	non_damaged		ST13	35.041	1	G-A	MGI	-13.8155105579643
LV3003061489	non_damaged		ST13	112.6068	2	IG-D	MGI	-13.8155105579643
LV3003061492	non_damaged		ST13	14.437	3	IG-A	MGI	-13.8155105579643
LV3003061500	non_damaged		ST13	148.086	2	IG-D	MGI	-13.8155105579643
LV3003061501	non_damaged		ST13	105.5872	4	IG-B	MGI	-13.8155105579643
LV3003061503	non_damaged		ST13	73.1472	4	IG-B	MGI	-13.8155105579643
LV3003061504	non_damaged		ST13	50.268	1	G-A	MGI	-13.8155105579643
LV3003061505	non_damaged		ST13	32.81	1	G-A	MGI	-13.8155105579643
LV3003061506	non_damaged		ST13	11.95	3	IG-A	MGI	-13.8155105579643
LV3003061513	non_damaged		ST13	138.493	2	IG-D	MGI	-13.8155105579643
LV3003061514	non_damaged		ST13	100.6726	4	IG-B	MGI	-13.8155105579643
LV3003061515	non_damaged		ST13	71.0012	4	IG-B	MGI	-13.8155105579643
LV3003061516	non_damaged		ST13	48.537	1	G-A	MGI	-13.8155105579643
LV3003061517	non_damaged		ST13	30.678	4	IG-B	MGI	-13.8155105579643
LV3003061518	non_damaged		ST13	9.804	3	IG-A	MGI	-13.8155105579643
LV3003061527	non_damaged		ST13	133.7754	2	IG-D	MGI	-13.8155105579643
LV3003061528	non_damaged		ST13	95.118	4	IG-B	MGI	-13.8155105579643
LV3003061529	non_damaged		ST13	66.015	4	IG-B	MGI	-13.8155105579643
LV3003061530	non_damaged		ST13	47.046	1	G-A	MGI	-13.8155105579643
LV3003061531	non_damaged		ST13	28.445	1	G-A	MGI	-13.8155105579643
LV3003061533	non_damaged		ST13	7.912	3	IG-A	MGI	-13.8155105579643
LV3003061539	non_damaged		ST13	130.0556	2	IG-D	MGI	-13.8155105579643
LV3003061541	non_damaged		ST13	91.09	4	IG-B	MGI	-13.8155105579643
LV3003061543	non_damaged		ST13	62.293	4	IG-B	MGI	-13.8155105579643
LV3003061544	non_damaged		ST13	45.122	1	G-A	MGI	-13.8155105579643
LV3003061545	non_damaged		ST13	23.172	1	G-A	MGI	-13.8155105579643
LV3003061546	non_damaged		ST13	7.197	3	IG-A	MGI	-13.8155105579643
LV3003061555	non_damaged		ST13	126.443	2	IG-D	MGI	-13.8155105579643
LV3003061556	non_damaged		ST13	86.6174	4	IG-B	MGI	-13.8155105579643
LV3003061557	non_damaged		ST13	58.082	4	IG-B	MGI	-13.8155105579643
LV3003061558	non_damaged		ST13	42.626	1	G-A	MGI	-13.8155105579643
LV3003061559	non_damaged		ST13	21.069	1	G-A	MGI	-13.8155105579643
LV3003061568	non_damaged		ST13	121.6354	2	IG-D	MGI	-13.8155105579643
LV3003061569	non_damaged		ST13	81.6946	4	IG-B	MGI	-13.8155105579643
LV3003061570	non_damaged		ST13	55.466	4	IG-B	MGI	-13.8155105579643
LV3003061571	non_damaged		ST13	40.457	1	G-A	MGI	-13.8155105579643
LV3003061572	non_damaged		ST13	19.099	3	IG-A	MGI	-13.8155105579643
LV7001898064	non_damaged		ST13	6.808	3	IG-A	MGI	-13.8155105579643
LV7001898076	non_damaged		ST13	6.429	3	IG-A	MGI	-6.66794104346454
LV7001898088	non_damaged		ST13	6.031	3	IG-A	MGI	-6.87062379429977
LV7001898100	non_damaged		ST13	5.659	5	IG-C	MGI	-13.8155105579643
LV7008886221	non_damaged		GeoB25202_R1	50.3555	1	G-A	MGI	-13.8155105579643
LV7008886222	non_damaged		GeoB25202_R1	136.2775	1	G-A	MGI	-13.8155105579643
LV7008886226	non_damaged		GeoB25202_R2	36.607	1	G-A	MGI	-13.8155105579643
LV7008886228	non_damaged		GeoB25202_R2	120.0235	2	IG-D	MGI	-13.8155105579643
LV7008886229	non_damaged		GeoB25202_R2	68.149	4	IG-B	MGI	-13.8155105579643
LV7008886690	non_damaged		GeoB25202_R1	2.324	3	IG-A	MGI	-13.8155105579643
LV7008886692	non_damaged		GeoB25202_R1	53.875	1	G-A	MGI	-13.8155105579643
LV7008886695	non_damaged		GeoB25202_R1	95.3875	4	IG-B	MGI	-13.8155105579643
LV7008886702	non_damaged		GeoB25202_R2	2.324	3	IG-A	MGI	-13.8155105579643
LV7008886703	non_damaged		GeoB25202_R1	27.6855	1	G-A	MGI	-13.8155105579643
LV7008886704	non_damaged		GeoB25202_R2	53.875	1	G-A	MGI	-13.8155105579643
LV7008886705	non_damaged		GeoB25202_R1	59.738	2	IG-D	MGI	-13.8155105579643
LV7008886706	non_damaged		GeoB25202_R1	79.0255	4	IG-B	MGI	-13.8155105579643
LV7008886707	non_damaged		GeoB25202_R2	95.3875	4	IG-B	MGI	-13.8155105579643
LV7008886708	non_damaged		GeoB25202_R1	109.6305	4	IG-B	MGI	-13.8155105579643
LV7008886709	non_damaged		GeoB25202_R1	147.206	1	G-A	MGI	-13.8155105579643
LV7008886714	non_damaged		GeoB25202_R1	0.692	5	IG-C	MGI	-13.8155105579643
LV7008886715	non_damaged		GeoB25202_R2	27.6855	1	G-A	MGI	-6.16128046571376
LV7008886717	non_damaged		GeoB25202_R2	59.738	2	IG-D	MGI	-13.8155105579643
LV7008886718	non_damaged		GeoB25202_R2	79.0255	4	IG-B	MGI	-13.8155105579643
LV7008886719	non_damaged		GeoB25202_R1	87.2825	2	IG-D	MGI	-13.8155105579643
LV7008886720	non_damaged		GeoB25202_R2	109.6305	4	IG-B	MGI	-13.8155105579643
LV7008886721	non_damaged		GeoB25202_R2	147.206	1	G-A	MGI	-13.8155105579643
LV7008886726	non_damaged		GeoB25202_R2	0.692	5	IG-C	MGI	-13.8155105579643
LV7008886727	non_damaged		GeoB25202_R1	16.4375	3	IG-A	MGI	-13.8155105579643
LV7008886728	non_damaged		GeoB25202_R2	50.3555	1	G-A	MGI	-13.8155105579643
LV7008886730	non_damaged		GeoB25202_R1	75.351	4	IG-B	MGI	-13.8155105579643
LV7008886731	non_damaged		GeoB25202_R2	87.2825	2	IG-D	MGI	-13.8155105579643
LV7008886739	non_damaged		GeoB25202_R2	16.4375	3	IG-A	MGI	-13.8155105579643
LV7008886740	non_damaged		GeoB25202_R1	43.105	1	G-A	MGI	-13.8155105579643
LV7008886741	non_damaged		GeoB25202_R1	58.997	2	IG-D	MGI	-5.137072135356
LV7008886742	non_damaged		GeoB25202_R2	75.351	4	IG-B	MGI	-13.8155105579643
LV7008886743	non_damaged		GeoB25202_R1	81.6705	4	IG-B	MGI	-13.8155105579643
LV7008886744	non_damaged		GeoB25202_R1	105.5785	2	IG-D	MGI	-13.8155105579643
LV7008886745	non_damaged		GeoB25202_R2	136.2775	2	IG-D	MGI	-13.8155105579643
LV7008886751	non_damaged		GeoB25202_R1	7.1335	3	IG-A	MGI	-13.8155105579643
LV7008886752	non_damaged		GeoB25202_R2	43.105	1	G-A	MGI	-13.8155105579643
LV7008886753	non_damaged		GeoB25202_R2	58.997	2	IG-D	MGI	-13.8155105579643
LV7008886754	non_damaged		GeoB25202_R1	71.8895	4	IG-B	MGI	-13.8155105579643
LV7008886755	non_damaged		GeoB25202_R2	81.6705	4	IG-B	MGI	-13.8155105579643
LV7008886756	non_damaged		GeoB25202_R2	105.5785	4	IG-B	MGI	-13.8155105579643
LV7008886757	non_damaged		GeoB25202_R1	123.1195	2	IG-D	MGI	-13.8155105579643
LV7008886763	non_damaged		GeoB25202_R2	7.1335	3	IG-A	MGI	-13.8155105579643
LV7008886765	non_damaged		GeoB25202_R1	58.181	1	G-A	MGI	-13.8155105579643
LV7008886766	non_damaged		GeoB25202_R2	71.8895	4	IG-B	MGI	-13.8155105579643
LV7008886768	non_damaged		GeoB25202_R1	102.2955	4	IG-B	MGI	-13.8155105579643
LV7008886769	non_damaged		GeoB25202_R2	123.1195	2	IG-D	MGI	-13.8155105579643
LV7008886776	non_damaged		GeoB25202_R1	36.607	1	G-A	MGI	-13.8155105579643
LV7008886778	non_damaged		GeoB25202_R1	68.149	4	IG-B	MGI	-13.8155105579643
LV7008886780	non_damaged		GeoB25202_R2	102.2955	4	IG-B	MGI	-13.8155105579643
LV7008886781	non_damaged		GeoB25202_R1	120.0235	2	IG-D	MGI	-13.8155105579643
LV3003046936	non_damaged		ST8	22.905	3	IG-A	MFI	6.89144304053209
LV3003046937	non_damaged		ST8	18.598	3	IG-A	MFI	6.9638033978875
LV3003046938	non_damaged		ST8	11.169	5	IG-C	MFI	7.43575955468177
LV3003046939	non_damaged		ST8	2.42	5	IG-C	MFI	8.83185644471123
LV3003046949	non_damaged		ST8	22.3686666666667	3	IG-A	MFI	-1.60081185771433
LV3003046950	non_damaged		ST8	18.099	3	IG-A	MFI	6.77605303018906
LV3003046952	non_damaged		ST8	10.26	5	IG-C	MFI	7.52770018062027
LV3003046953	non_damaged		ST8	1.5215	5	IG-C	MFI	8.51670679524992
LV3003046965	non_damaged		ST8	21.8323333333333	3	IG-A	MFI	7.24346720581533
LV3003046966	non_damaged		ST8	17.373	3	IG-A	MFI	-1.29331790466179
LV3003046978	non_damaged		ST8	21.296	3	IG-A	MFI	-1.49322104781046
LV3003046979	non_damaged		ST8	16.461	3	IG-A	MFI	-3.16812326214535
LV3003046980	non_damaged		ST8	8.056	5	IG-C	MFI	0
LV3003046993	non_damaged		ST8	20.719	3	IG-A	MFI	1.30845057754009
LV3003046994	non_damaged		ST8	15.549	3	IG-A	MFI	8.73211326312378
LV3003046995	non_damaged		ST8	6.9705	5	IG-C	MFI	9.16771554718943
LV3003047009	non_damaged		ST8	20.142	3	IG-A	MFI	-1.90796147688712
LV3003047010	non_damaged		ST8	13.676	5	IG-C	MFI	-2.80856578170152
LV3003047013	non_damaged		ST8	5.885	5	IG-C	MFI	6.80738033724206
LV3003047026	non_damaged		ST8	19.565	3	IG-A	MFI	7.42263134825954
LV3003047027	non_damaged		ST8	12.877	5	IG-C	MFI	-3.35528190781626
LV3003047028	non_damaged		ST8	4.753	2	IG-D	MFI	9.05684648640096
LV3003047041	non_damaged		ST8	19.097	3	IG-A	MFI	7.6234473410353
LV3003047044	non_damaged		ST8	12.078	1	G-A	MFI	0.824945653627407
LV3003047045	non_damaged		ST8	3.5865	5	IG-C	MFI	8.523976930311
LV3003047059	non_damaged		ST8	107.683	2	IG-D	MFI	0
LV3003047060	non_damaged		ST8	106.686	2	IG-D	MFI	0
LV3003047061	non_damaged		ST8	105.689	2	IG-D	MFI	0
LV3003047062	non_damaged		ST8	104.692	2	IG-D	MFI	0
LV3003047063	non_damaged		ST8	103.695	2	IG-D	MFI	0
LV3003047064	non_damaged		ST8	96.283	2	IG-D	MFI	0
LV3003047065	non_damaged		ST8	53.61018	2	IG-D	MFI	0
LV3003047067	non_damaged		ST8	42.86602	1	G-A	MFI	7.25251542416844
LV3003047068	non_damaged		ST8	37.78969	1	G-A	MFI	6.49737698421341
LV3003047069	non_damaged		ST8	33.7436870748299	1	G-A	MFI	6.16561553737801
LV3003047070	non_damaged		ST8	30.128	1	G-A	MFI	6.98195442338309
LV3003047071	non_damaged		ST8	26.141	1	G-A	MFI	6.93844980098436
LV3003047073	non_damaged		ST8	101.685	2	IG-D	MFI	0
LV3003047074	non_damaged		ST8	100.672	2	IG-D	MFI	0
LV3003047077	non_damaged		ST8	99.7145	2	IG-D	MFI	0
LV3003047078	non_damaged		ST8	98.757	2	IG-D	MFI	0
LV3003047079	non_damaged		ST8	97.52	4	IG-B	MFI	0
LV3003047080	non_damaged		ST8	87.9935	4	IG-B	MFI	0
LV3003047081	non_damaged		ST8	52.20718	1	G-A	MFI	6.73059855214116
LV3003047082	non_damaged		ST8	41.9168333333333	1	G-A	MFI	6.59419403071875
LV3003047083	non_damaged		ST8	37.30319	1	G-A	MFI	5.99638705948346
LV3003047084	non_damaged		ST8	33.276	4	IG-B	MFI	6.84067340108979
LV3003047085	non_damaged		ST8	29.703	1	G-A	MFI	5.85169664201768
LV3003047087	non_damaged		ST8	94.9015	2	IG-D	MFI	0
LV3003047088	non_damaged		ST8	93.52	2	IG-D	MFI	0
LV3003047089	non_damaged		ST8	92.1385	2	IG-D	MFI	0
LV3003047090	non_damaged		ST8	90.757	2	IG-D	MFI	0
LV3003047091	non_damaged		ST8	89.37525	4	IG-B	MFI	0
LV3003047093	non_damaged		ST8	79.675	4	IG-B	MFI	0
LV3003047094	non_damaged		ST8	50.6848	1	G-A	MFI	6.50942046941298
LV3003047095	non_damaged		ST8	40.9751666666667	1	G-A	MFI	7.05943561668749
LV3003047096	non_damaged		ST8	36.89377	1	G-A	MFI	6.84634432015269
LV3003047097	non_damaged		ST8	32.835	1	G-A	MFI	5.97689753983261
LV3003047098	non_damaged		ST8	29.278	1	G-A	MFI	6.09530066663175
LV3003047099	non_damaged		ST8	25.058	1	G-A	MFI	6.96484393991911
LV3003047100	non_damaged		ST8	86.61175	4	IG-B	MFI	0
LV3003047101	non_damaged		ST8	85.23	2	IG-D	MFI	0
LV3003047104	non_damaged		ST8	83.84125	2	IG-D	MFI	0
LV3003047105	non_damaged		ST8	82.4525	2	IG-D	MFI	0
LV3003047106	non_damaged		ST8	81.06375	2	IG-D	MFI	0
LV3003047107	non_damaged		ST8	71.517	4	IG-B	MFI	0
LV3003047110	non_damaged		ST8	49.1548	1	G-A	MFI	0
LV3003047112	non_damaged		ST8	40.0335	1	G-A	MFI	0
LV3003047113	non_damaged		ST8	36.48927	1	G-A	MFI	6.495604101686
LV3003047114	non_damaged		ST8	32.3855	1	G-A	MFI	6.68804715787145
LV3003047117	non_damaged		ST8	28.7616666666667	1	G-A	MFI	6.17029620070445
LV3003047118	non_damaged		ST8	24.528	3	IG-A	MFI	7.49225154010922
LV3003047122	non_damaged		ST8	76.951	2	IG-D	MFI	0
LV3003047123	non_damaged		ST8	75.589	2	IG-D	MFI	0
LV3003047124	non_damaged		ST8	74.227	2	IG-D	MFI	0
LV3003047125	non_damaged		ST8	72.872	2	IG-D	MFI	0
LV3003047126	non_damaged		ST8	64.210824	1	G-A	MFI	0
LV3003047127	non_damaged		ST8	47.6248	2	IG-D	MFI	6.53426637415784
LV3003047128	non_damaged		ST8	39.57797	1	G-A	MFI	0
LV3003047129	non_damaged		ST8	36.0373	1	G-A	MFI	6.57932813804576
LV3003047130	non_damaged		ST8	31.936	1	G-A	MFI	6.38972725253406
LV3003047131	non_damaged		ST8	28.2453333333333	1	G-A	MFI	5.99675599966017
LV3003047132	non_damaged		ST8	23.987	3	IG-A	MFI	7.41264171760253
LV3003047133	non_damaged		ST8	70.162	4	IG-B	MFI	0
LV3003047134	non_damaged		ST8	68.807	4	IG-B	MFI	0
LV3003047136	non_damaged		ST8	67.8766	4	IG-B	MFI	0
LV3003047137	non_damaged		ST8	66.9462	1	G-A	MFI	0
LV3003047138	non_damaged		ST8	66.0158	4	IG-B	MFI	0
LV3003047139	non_damaged		ST8	58.6141266666667	1	G-A	MFI	0
LV3003047140	non_damaged		ST8	46.0948	2	IG-D	MFI	0
LV3003047141	non_damaged		ST8	39.15347	2	IG-D	MFI	0
LV3003047142	non_damaged		ST8	35.5823	1	G-A	MFI	6.38170243010738
LV3003047143	non_damaged		ST8	31.398	1	G-A	MFI	6.32910035897111
LV3003047144	non_damaged		ST8	27.729	1	G-A	MFI	6.38712552416521
LV3003047145	non_damaged		ST8	23.446	3	IG-A	MFI	0
LV3003047146	non_damaged		ST8	63.2667	1	G-A	MFI	6.14844261203696
LV3003047147	non_damaged		ST8	62.3217	1	G-A	MFI	0
LV3003047148	non_damaged		ST8	61.3767	1	G-A	MFI	0
LV3003047149	non_damaged		ST8	60.4317	1	G-A	MFI	0
LV3003047150	non_damaged		ST8	59.5217933333333	1	G-A	MFI	0
LV3003047152	non_damaged		ST8	45.00002	1	G-A	MFI	6.86257642770532
LV3003047153	non_damaged		ST8	38.71393	1	G-A	MFI	6.35018340254852
LV3003047154	non_damaged		ST8	35.13012	1	G-A	MFI	6.68742020289246
LV3003047155	non_damaged		ST8	30.9475	1	G-A	MFI	6.43617476866711
LV3003047156	non_damaged		ST8	27.1996666666667	1	G-A	MFI	6.9402784706877
LV3003047158	non_damaged		ST8	57.70646	1	G-A	MFI	0
LV3003047159	non_damaged		ST8	56.7987933333333	1	G-A	MFI	6.13223733354723
LV3003047160	non_damaged		ST8	55.8911266666667	2	IG-D	MFI	0
LV3003047161	non_damaged		ST8	54.98346	2	IG-D	MFI	0
LV3003047162	non_damaged		ST8	102.698	2	IG-D	MFI	0
LV3003047164	non_damaged		ST8	43.93302	1	G-A	MFI	6.27004764320906
LV3003047166	non_damaged		ST8	38.27343	1	G-A	MFI	6.24186846565896
LV3003047167	non_damaged		ST8	34.67812	1	G-A	MFI	6.53634499099964
LV3003047168	non_damaged		ST8	30.497	1	G-A	MFI	6.90306321605991
LV3003047169	non_damaged		ST8	26.6703333333333	1	G-A	MFI	7.29461777902579
LV3003061473	non_damaged		ST13	117.088	2	IG-D	MFI	0
LV3003061474	non_damaged		ST13	77.7798	4	IG-B	MFI	6.18784156356392
LV3003061475	non_damaged		ST13	53.844	1	G-A	MFI	6.67428981999774
LV3003061476	non_damaged		ST13	37.16	1	G-A	MFI	6.98519698076189
LV3003061477	non_damaged		ST13	16.726	3	IG-A	MFI	5.7284879951313
LV3003061485	non_damaged		ST13	75.7796	4	IG-B	MFI	5.41684373396259
LV3003061486	non_damaged		ST13	52.105	2	IG-D	MFI	6.6991240623176
LV3003061488	non_damaged		ST13	35.041	1	G-A	MFI	5.5023827061894
LV3003061489	non_damaged		ST13	112.6068	2	IG-D	MFI	0
LV3003061492	non_damaged		ST13	14.437	3	IG-A	MFI	6.38821006347035
LV3003061500	non_damaged		ST13	148.086	2	IG-D	MFI	4.17788394138568
LV3003061501	non_damaged		ST13	105.5872	4	IG-B	MFI	6.05546406442228
LV3003061503	non_damaged		ST13	73.1472	4	IG-B	MFI	6.35132065152186
LV3003061504	non_damaged		ST13	50.268	1	G-A	MFI	0
LV3003061505	non_damaged		ST13	32.81	1	G-A	MFI	4.98148933401843
LV3003061506	non_damaged		ST13	11.95	3	IG-A	MFI	5.07716301130806
LV3003061513	non_damaged		ST13	138.493	2	IG-D	MFI	0
LV3003061514	non_damaged		ST13	100.6726	4	IG-B	MFI	5.98163450218341
LV3003061515	non_damaged		ST13	71.0012	4	IG-B	MFI	6.23800290290995
LV3003061516	non_damaged		ST13	48.537	1	G-A	MFI	6.59530023624954
LV3003061517	non_damaged		ST13	30.678	4	IG-B	MFI	6.25258042446836
LV3003061518	non_damaged		ST13	9.804	3	IG-A	MFI	7.04215418801649
LV3003061527	non_damaged		ST13	133.7754	2	IG-D	MFI	0
LV3003061528	non_damaged		ST13	95.118	4	IG-B	MFI	5.81603684567924
LV3003061529	non_damaged		ST13	66.015	4	IG-B	MFI	5.26730181416107
LV3003061530	non_damaged		ST13	47.046	1	G-A	MFI	6.07553062388246
LV3003061531	non_damaged		ST13	28.445	1	G-A	MFI	6.30847441175908
LV3003061533	non_damaged		ST13	7.912	3	IG-A	MFI	5.47186462708729
LV3003061539	non_damaged		ST13	130.0556	2	IG-D	MFI	0
LV3003061541	non_damaged		ST13	91.09	4	IG-B	MFI	6.55322936682098
LV3003061543	non_damaged		ST13	62.293	4	IG-B	MFI	6.86767061327904
LV3003061544	non_damaged		ST13	45.122	1	G-A	MFI	6.54403961834034
LV3003061545	non_damaged		ST13	23.172	1	G-A	MFI	4.01986514827006
LV3003061546	non_damaged		ST13	7.197	3	IG-A	MFI	5.99141061597802
LV3003061555	non_damaged		ST13	126.443	2	IG-D	MFI	0
LV3003061556	non_damaged		ST13	86.6174	4	IG-B	MFI	0
LV3003061557	non_damaged		ST13	58.082	4	IG-B	MFI	0
LV3003061558	non_damaged		ST13	42.626	1	G-A	MFI	0
LV3003061559	non_damaged		ST13	21.069	1	G-A	MFI	4.58001138043994
LV3003061568	non_damaged		ST13	121.6354	2	IG-D	MFI	0
LV3003061569	non_damaged		ST13	81.6946	4	IG-B	MFI	6.80884304989264
LV3003061570	non_damaged		ST13	55.466	4	IG-B	MFI	5.91676269650093
LV3003061571	non_damaged		ST13	40.457	1	G-A	MFI	5.39846373071944
LV3003061572	non_damaged		ST13	19.099	3	IG-A	MFI	5.51291102289686
LV7001898064	non_damaged		ST13	6.808	3	IG-A	MFI	6.89779957301307
LV7001898076	non_damaged		ST13	6.429	3	IG-A	MFI	-0.24750753667865
LV7001898088	non_damaged		ST13	6.031	3	IG-A	MFI	-0.48537540929359
LV7001898100	non_damaged		ST13	5.659	5	IG-C	MFI	4.0110048638387
LV7008886221	non_damaged		GeoB25202_R1	50.3555	1	G-A	MFI	7.06987193192919
LV7008886222	non_damaged		GeoB25202_R1	136.2775	1	G-A	MFI	0
LV7008886226	non_damaged		GeoB25202_R2	36.607	1	G-A	MFI	6.35599919200256
LV7008886228	non_damaged		GeoB25202_R2	120.0235	2	IG-D	MFI	0
LV7008886229	non_damaged		GeoB25202_R2	68.149	4	IG-B	MFI	7.26847335200663
LV7008886690	non_damaged		GeoB25202_R1	2.324	3	IG-A	MFI	0
LV7008886692	non_damaged		GeoB25202_R1	53.875	1	G-A	MFI	5.95441572598886
LV7008886695	non_damaged		GeoB25202_R1	95.3875	4	IG-B	MFI	6.28211992434163
LV7008886702	non_damaged		GeoB25202_R2	2.324	3	IG-A	MFI	5.95975461183244
LV7008886703	non_damaged		GeoB25202_R1	27.6855	1	G-A	MFI	6.40709069319801
LV7008886704	non_damaged		GeoB25202_R2	53.875	1	G-A	MFI	6.79173796829482
LV7008886705	non_damaged		GeoB25202_R1	59.738	2	IG-D	MFI	7.11954743188405
LV7008886706	non_damaged		GeoB25202_R1	79.0255	4	IG-B	MFI	6.6693649406881
LV7008886707	non_damaged		GeoB25202_R2	95.3875	4	IG-B	MFI	6.08120171361082
LV7008886708	non_damaged		GeoB25202_R1	109.6305	4	IG-B	MFI	0
LV7008886709	non_damaged		GeoB25202_R1	147.206	1	G-A	MFI	0
LV7008886714	non_damaged		GeoB25202_R1	0.692	5	IG-C	MFI	6.09781382691924
LV7008886715	non_damaged		GeoB25202_R2	27.6855	1	G-A	MFI	-0.464181196494302
LV7008886717	non_damaged		GeoB25202_R2	59.738	2	IG-D	MFI	6.99044585175303
LV7008886718	non_damaged		GeoB25202_R2	79.0255	4	IG-B	MFI	5.48980076513438
LV7008886719	non_damaged		GeoB25202_R1	87.2825	2	IG-D	MFI	6.73599859368463
LV7008886720	non_damaged		GeoB25202_R2	109.6305	4	IG-B	MFI	0
LV7008886721	non_damaged		GeoB25202_R2	147.206	1	G-A	MFI	0
LV7008886726	non_damaged		GeoB25202_R2	0.692	5	IG-C	MFI	0
LV7008886727	non_damaged		GeoB25202_R1	16.4375	3	IG-A	MFI	6.49675504594031
LV7008886728	non_damaged		GeoB25202_R2	50.3555	1	G-A	MFI	5.77775084935279
LV7008886730	non_damaged		GeoB25202_R1	75.351	4	IG-B	MFI	7.17029020477761
LV7008886731	non_damaged		GeoB25202_R2	87.2825	2	IG-D	MFI	7.14057160986258
LV7008886739	non_damaged		GeoB25202_R2	16.4375	3	IG-A	MFI	6.52313401474684
LV7008886740	non_damaged		GeoB25202_R1	43.105	1	G-A	MFI	6.81771537296155
LV7008886741	non_damaged		GeoB25202_R1	58.997	2	IG-D	MFI	-1.38629436111989
LV7008886742	non_damaged		GeoB25202_R2	75.351	4	IG-B	MFI	7.26512820008918
LV7008886743	non_damaged		GeoB25202_R1	81.6705	4	IG-B	MFI	5.89425640267879
LV7008886744	non_damaged		GeoB25202_R1	105.5785	2	IG-D	MFI	0
LV7008886745	non_damaged		GeoB25202_R2	136.2775	2	IG-D	MFI	0
LV7008886751	non_damaged		GeoB25202_R1	7.1335	3	IG-A	MFI	6.33054284322096
LV7008886752	non_damaged		GeoB25202_R2	43.105	1	G-A	MFI	5.97575152860208
LV7008886753	non_damaged		GeoB25202_R2	58.997	2	IG-D	MFI	0
LV7008886754	non_damaged		GeoB25202_R1	71.8895	4	IG-B	MFI	6.71492367059159
LV7008886755	non_damaged		GeoB25202_R2	81.6705	4	IG-B	MFI	6.92010336354883
LV7008886756	non_damaged		GeoB25202_R2	105.5785	4	IG-B	MFI	0
LV7008886757	non_damaged		GeoB25202_R1	123.1195	2	IG-D	MFI	0
LV7008886763	non_damaged		GeoB25202_R2	7.1335	3	IG-A	MFI	6.87802668053255
LV7008886765	non_damaged		GeoB25202_R1	58.181	1	G-A	MFI	4.99125986801195
LV7008886766	non_damaged		GeoB25202_R2	71.8895	4	IG-B	MFI	5.73916356859079
LV7008886768	non_damaged		GeoB25202_R1	102.2955	4	IG-B	MFI	0
LV7008886769	non_damaged		GeoB25202_R2	123.1195	2	IG-D	MFI	0
LV7008886776	non_damaged		GeoB25202_R1	36.607	1	G-A	MFI	6.54621664549953
LV7008886778	non_damaged		GeoB25202_R1	68.149	4	IG-B	MFI	0
LV7008886780	non_damaged		GeoB25202_R2	102.2955	4	IG-B	MFI	6.51576920733877
LV7008886781	non_damaged		GeoB25202_R1	120.0235	2	IG-D	MFI	0
LV3003046936	non_damaged		ST8	22.905	3	IG-A	DCI	-3.64600280508002
LV3003046937	non_damaged		ST8	18.598	3	IG-A	DCI	-2.53875576062083
LV3003046938	non_damaged		ST8	11.169	5	IG-C	DCI	-2.58001659771022
LV3003046939	non_damaged		ST8	2.42	5	IG-C	DCI	-1.69265267506388
LV3003046949	non_damaged		ST8	22.3686666666667	3	IG-A	DCI	-3.05076827317091
LV3003046950	non_damaged		ST8	18.099	3	IG-A	DCI	-2.32746141935887
LV3003046952	non_damaged		ST8	10.26	5	IG-C	DCI	-2.37866700972871
LV3003046953	non_damaged		ST8	1.5215	5	IG-C	DCI	-1.92595011220956
LV3003046965	non_damaged		ST8	21.8323333333333	3	IG-A	DCI	-2.72368584083958
LV3003046966	non_damaged		ST8	17.373	3	IG-A	DCI	-1.93637491590431
LV3003046978	non_damaged		ST8	21.296	3	IG-A	DCI	-2.21797494569372
LV3003046979	non_damaged		ST8	16.461	3	IG-A	DCI	-2.41566636474804
LV3003046980	non_damaged		ST8	8.056	5	IG-C	DCI	-2.5375320013326
LV3003046993	non_damaged		ST8	20.719	3	IG-A	DCI	-2.12646759320909
LV3003046994	non_damaged		ST8	15.549	3	IG-A	DCI	-1.69573211301883
LV3003046995	non_damaged		ST8	6.9705	5	IG-C	DCI	-0.872219007222467
LV3003047009	non_damaged		ST8	20.142	3	IG-A	DCI	-2.76929462294653
LV3003047010	non_damaged		ST8	13.676	5	IG-C	DCI	-1.4285177105123
LV3003047013	non_damaged		ST8	5.885	5	IG-C	DCI	-2.25083226753695
LV3003047026	non_damaged		ST8	19.565	3	IG-A	DCI	-3.25625803198516
LV3003047027	non_damaged		ST8	12.877	5	IG-C	DCI	-2.80681090182497
LV3003047028	non_damaged		ST8	4.753	2	IG-D	DCI	-1.11337951595032
LV3003047041	non_damaged		ST8	19.097	3	IG-A	DCI	-2.47406395082428
LV3003047044	non_damaged		ST8	12.078	1	G-A	DCI	-2.30936601691354
LV3003047045	non_damaged		ST8	3.5865	5	IG-C	DCI	-1.02920352239654
LV3003047059	non_damaged		ST8	107.683	2	IG-D	DCI	-2.23449142127994
LV3003047060	non_damaged		ST8	106.686	2	IG-D	DCI	-11.0855274113061
LV3003047061	non_damaged		ST8	105.689	2	IG-D	DCI	-11.2164032714381
LV3003047062	non_damaged		ST8	104.692	2	IG-D	DCI	-2.14125897270305
LV3003047063	non_damaged		ST8	103.695	2	IG-D	DCI	-2.68399506643902
LV3003047064	non_damaged		ST8	96.283	2	IG-D	DCI	-11.1740327987515
LV3003047065	non_damaged		ST8	53.61018	2	IG-D	DCI	-3.635301423619
LV3003047067	non_damaged		ST8	42.86602	1	G-A	DCI	-2.83202063883196
LV3003047068	non_damaged		ST8	37.78969	1	G-A	DCI	-2.55319380494362
LV3003047069	non_damaged		ST8	33.7436870748299	1	G-A	DCI	-2.00764680199271
LV3003047070	non_damaged		ST8	30.128	1	G-A	DCI	-3.60458485488769
LV3003047071	non_damaged		ST8	26.141	1	G-A	DCI	-2.54350266896479
LV3003047073	non_damaged		ST8	101.685	2	IG-D	DCI	-11.6334581791695
LV3003047074	non_damaged		ST8	100.672	2	IG-D	DCI	-11.9294345980313
LV3003047077	non_damaged		ST8	99.7145	2	IG-D	DCI	-10.4941231188189
LV3003047078	non_damaged		ST8	98.757	2	IG-D	DCI	-10.4756782868591
LV3003047079	non_damaged		ST8	97.52	4	IG-B	DCI	-3.90433923977676
LV3003047080	non_damaged		ST8	87.9935	4	IG-B	DCI	-8.7594283523678
LV3003047081	non_damaged		ST8	52.20718	1	G-A	DCI	-2.2016570037965
LV3003047082	non_damaged		ST8	41.9168333333333	1	G-A	DCI	-1.86561392128728
LV3003047083	non_damaged		ST8	37.30319	1	G-A	DCI	-3.72097424637725
LV3003047084	non_damaged		ST8	33.276	4	IG-B	DCI	-2.38098564403356
LV3003047085	non_damaged		ST8	29.703	1	G-A	DCI	-2.19847078425453
LV3003047087	non_damaged		ST8	94.9015	2	IG-D	DCI	-11.3293123907752
LV3003047088	non_damaged		ST8	93.52	2	IG-D	DCI	-11.1535514640623
LV3003047089	non_damaged		ST8	92.1385	2	IG-D	DCI	-1.94480678367932
LV3003047090	non_damaged		ST8	90.757	2	IG-D	DCI	-3.30800740162458
LV3003047091	non_damaged		ST8	89.37525	4	IG-B	DCI	-10.5173636917896
LV3003047093	non_damaged		ST8	79.675	4	IG-B	DCI	-10.9513173610207
LV3003047094	non_damaged		ST8	50.6848	1	G-A	DCI	-3.62932656171188
LV3003047095	non_damaged		ST8	40.9751666666667	1	G-A	DCI	-3.16888399335921
LV3003047096	non_damaged		ST8	36.89377	1	G-A	DCI	-1.86125145510169
LV3003047097	non_damaged		ST8	32.835	1	G-A	DCI	-2.42112757429164
LV3003047098	non_damaged		ST8	29.278	1	G-A	DCI	-1.99517197905065
LV3003047099	non_damaged		ST8	25.058	1	G-A	DCI	-2.28787121744991
LV3003047100	non_damaged		ST8	86.61175	4	IG-B	DCI	-10.1491620269034
LV3003047101	non_damaged		ST8	85.23	2	IG-D	DCI	-10.4834975413143
LV3003047104	non_damaged		ST8	83.84125	2	IG-D	DCI	-9.6296508869064
LV3003047105	non_damaged		ST8	82.4525	2	IG-D	DCI	-2.31047925983108
LV3003047106	non_damaged		ST8	81.06375	2	IG-D	DCI	-2.21167307023915
LV3003047107	non_damaged		ST8	71.517	4	IG-B	DCI	-2.19771537489208
LV3003047110	non_damaged		ST8	49.1548	1	G-A	DCI	-3.11859274704424
LV3003047112	non_damaged		ST8	40.0335	1	G-A	DCI	-2.29282234923544
LV3003047113	non_damaged		ST8	36.48927	1	G-A	DCI	-1.57823073557758
LV3003047114	non_damaged		ST8	32.3855	1	G-A	DCI	-4.47579929064856
LV3003047117	non_damaged		ST8	28.7616666666667	1	G-A	DCI	-2.81268317944166
LV3003047118	non_damaged		ST8	24.528	3	IG-A	DCI	-2.13245321128419
LV3003047122	non_damaged		ST8	76.951	2	IG-D	DCI	-9.09668998809796
LV3003047123	non_damaged		ST8	75.589	2	IG-D	DCI	-9.91532546084471
LV3003047124	non_damaged		ST8	74.227	2	IG-D	DCI	-2.56423019166283
LV3003047125	non_damaged		ST8	72.872	2	IG-D	DCI	-1.12415838109581
LV3003047126	non_damaged		ST8	64.210824	1	G-A	DCI	-0.862529554982703
LV3003047127	non_damaged		ST8	47.6248	2	IG-D	DCI	-2.89174893146552
LV3003047128	non_damaged		ST8	39.57797	1	G-A	DCI	-1.98715125044292
LV3003047129	non_damaged		ST8	36.0373	1	G-A	DCI	-4.62735224151407
LV3003047130	non_damaged		ST8	31.936	1	G-A	DCI	-2.21856404034921
LV3003047131	non_damaged		ST8	28.2453333333333	1	G-A	DCI	-3.84702215521073
LV3003047132	non_damaged		ST8	23.987	3	IG-A	DCI	-3.37283322143247
LV3003047133	non_damaged		ST8	70.162	4	IG-B	DCI	-1.95589870693882
LV3003047134	non_damaged		ST8	68.807	4	IG-B	DCI	-2.70445279360956
LV3003047136	non_damaged		ST8	67.8766	4	IG-B	DCI	-1.91294502603028
LV3003047137	non_damaged		ST8	66.9462	1	G-A	DCI	-1.58045037556085
LV3003047138	non_damaged		ST8	66.0158	4	IG-B	DCI	-2.27171706404506
LV3003047139	non_damaged		ST8	58.6141266666667	1	G-A	DCI	-9.37696464017914
LV3003047140	non_damaged		ST8	46.0948	2	IG-D	DCI	-10.6624311290038
LV3003047141	non_damaged		ST8	39.15347	2	IG-D	DCI	-10.0165719666045
LV3003047142	non_damaged		ST8	35.5823	1	G-A	DCI	-2.88960962976313
LV3003047143	non_damaged		ST8	31.398	1	G-A	DCI	-2.46068444527672
LV3003047144	non_damaged		ST8	27.729	1	G-A	DCI	-1.92194611179586
LV3003047145	non_damaged		ST8	23.446	3	IG-A	DCI	-3.31343069450015
LV3003047146	non_damaged		ST8	63.2667	1	G-A	DCI	-4.25130308774176
LV3003047147	non_damaged		ST8	62.3217	1	G-A	DCI	-3.36153212526972
LV3003047148	non_damaged		ST8	61.3767	1	G-A	DCI	-1.35200528764126
LV3003047149	non_damaged		ST8	60.4317	1	G-A	DCI	-2.59264528785079
LV3003047150	non_damaged		ST8	59.5217933333333	1	G-A	DCI	-3.39960881897702
LV3003047152	non_damaged		ST8	45.00002	1	G-A	DCI	-3.0270737279928
LV3003047153	non_damaged		ST8	38.71393	1	G-A	DCI	-2.62522683509527
LV3003047154	non_damaged		ST8	35.13012	1	G-A	DCI	-3.66059410878661
LV3003047155	non_damaged		ST8	30.9475	1	G-A	DCI	-2.1823017827163
LV3003047156	non_damaged		ST8	27.1996666666667	1	G-A	DCI	-2.11973440335505
LV3003047158	non_damaged		ST8	57.70646	1	G-A	DCI	-9.99644843874091
LV3003047159	non_damaged		ST8	56.7987933333333	1	G-A	DCI	-3.87678761761653
LV3003047160	non_damaged		ST8	55.8911266666667	2	IG-D	DCI	-11.6409406711929
LV3003047161	non_damaged		ST8	54.98346	2	IG-D	DCI	-11.5845705175045
LV3003047162	non_damaged		ST8	102.698	2	IG-D	DCI	-2.46224279021079
LV3003047164	non_damaged		ST8	43.93302	1	G-A	DCI	-3.89750369410369
LV3003047166	non_damaged		ST8	38.27343	1	G-A	DCI	-2.57380355202777
LV3003047167	non_damaged		ST8	34.67812	1	G-A	DCI	-3.38175334851652
LV3003047168	non_damaged		ST8	30.497	1	G-A	DCI	-2.72571290562197
LV3003047169	non_damaged		ST8	26.6703333333333	1	G-A	DCI	-2.239685323927
LV3003061473	non_damaged		ST13	117.088	2	IG-D	DCI	-1.37033101228247
LV3003061474	non_damaged		ST13	77.7798	4	IG-B	DCI	-1.71353591838278
LV3003061475	non_damaged		ST13	53.844	1	G-A	DCI	-1.74124979443331
LV3003061476	non_damaged		ST13	37.16	1	G-A	DCI	-1.6577835157541
LV3003061477	non_damaged		ST13	16.726	3	IG-A	DCI	0.341661764468977
LV3003061485	non_damaged		ST13	75.7796	4	IG-B	DCI	-1.41519361281455
LV3003061486	non_damaged		ST13	52.105	2	IG-D	DCI	-2.33217928864488
LV3003061488	non_damaged		ST13	35.041	1	G-A	DCI	0.390071946220382
LV3003061489	non_damaged		ST13	112.6068	2	IG-D	DCI	-0.888991323807601
LV3003061492	non_damaged		ST13	14.437	3	IG-A	DCI	-1.11026438140391
LV3003061500	non_damaged		ST13	148.086	2	IG-D	DCI	0.320974388606748
LV3003061501	non_damaged		ST13	105.5872	4	IG-B	DCI	-1.81863325217215
LV3003061503	non_damaged		ST13	73.1472	4	IG-B	DCI	-1.52106776187016
LV3003061504	non_damaged		ST13	50.268	1	G-A	DCI	-1.26324565438291
LV3003061505	non_damaged		ST13	32.81	1	G-A	DCI	-0.764961103319891
LV3003061506	non_damaged		ST13	11.95	3	IG-A	DCI	-0.732954546561594
LV3003061513	non_damaged		ST13	138.493	2	IG-D	DCI	-0.0324492432753129
LV3003061514	non_damaged		ST13	100.6726	4	IG-B	DCI	-1.85455537237885
LV3003061515	non_damaged		ST13	71.0012	4	IG-B	DCI	-1.50918025911382
LV3003061516	non_damaged		ST13	48.537	1	G-A	DCI	-2.16914730818732
LV3003061517	non_damaged		ST13	30.678	4	IG-B	DCI	0.291402066261874
LV3003061518	non_damaged		ST13	9.804	3	IG-A	DCI	-3.14917650593386
LV3003061527	non_damaged		ST13	133.7754	2	IG-D	DCI	0
LV3003061528	non_damaged		ST13	95.118	4	IG-B	DCI	-2.41408670870055
LV3003061529	non_damaged		ST13	66.015	4	IG-B	DCI	-0.338794160819047
LV3003061530	non_damaged		ST13	47.046	1	G-A	DCI	-0.684600119981487
LV3003061531	non_damaged		ST13	28.445	1	G-A	DCI	-2.623615849672
LV3003061533	non_damaged		ST13	7.912	3	IG-A	DCI	-1.55883973023636
LV3003061539	non_damaged		ST13	130.0556	2	IG-D	DCI	-0.690563344937178
LV3003061541	non_damaged		ST13	91.09	4	IG-B	DCI	-3.08676450942426
LV3003061543	non_damaged		ST13	62.293	4	IG-B	DCI	-3.06375008465285
LV3003061544	non_damaged		ST13	45.122	1	G-A	DCI	-2.01927302021338
LV3003061545	non_damaged		ST13	23.172	1	G-A	DCI	0.327225217454314
LV3003061546	non_damaged		ST13	7.197	3	IG-A	DCI	-1.4700906460844
LV3003061555	non_damaged		ST13	126.443	2	IG-D	DCI	-11.3905777001617
LV3003061556	non_damaged		ST13	86.6174	4	IG-B	DCI	-2.2530171243453
LV3003061557	non_damaged		ST13	58.082	4	IG-B	DCI	-3.65860233934803
LV3003061558	non_damaged		ST13	42.626	1	G-A	DCI	0.199708081222646
LV3003061559	non_damaged		ST13	21.069	1	G-A	DCI	0.356758486000801
LV3003061568	non_damaged		ST13	121.6354	2	IG-D	DCI	-0.320224142431976
LV3003061569	non_damaged		ST13	81.6946	4	IG-B	DCI	-2.42093131088974
LV3003061570	non_damaged		ST13	55.466	4	IG-B	DCI	-2.37120500504357
LV3003061571	non_damaged		ST13	40.457	1	G-A	DCI	0.3094911372346
LV3003061572	non_damaged		ST13	19.099	3	IG-A	DCI	0.439900600665931
LV7001898064	non_damaged		ST13	6.808	3	IG-A	DCI	-1.55473295019352
LV7001898076	non_damaged		ST13	6.429	3	IG-A	DCI	-1.55006304665742
LV7001898088	non_damaged		ST13	6.031	3	IG-A	DCI	-1.39632258204274
LV7001898100	non_damaged		ST13	5.659	5	IG-C	DCI	-1.51538669386024
LV7008886221	non_damaged		GeoB25202_R1	50.3555	1	G-A	DCI	-1.35256634291992
LV7008886222	non_damaged		GeoB25202_R1	136.2775	1	G-A	DCI	-1.46972895148693
LV7008886226	non_damaged		GeoB25202_R2	36.607	1	G-A	DCI	-0.98232071088115
LV7008886228	non_damaged		GeoB25202_R2	120.0235	2	IG-D	DCI	-0.549875508686644
LV7008886229	non_damaged		GeoB25202_R2	68.149	4	IG-B	DCI	-0.776369066134064
LV7008886690	non_damaged		GeoB25202_R1	2.324	3	IG-A	DCI	-1.83771880988839
LV7008886692	non_damaged		GeoB25202_R1	53.875	1	G-A	DCI	0.0993387318091085
LV7008886695	non_damaged		GeoB25202_R1	95.3875	4	IG-B	DCI	-0.867928045344056
LV7008886702	non_damaged		GeoB25202_R2	2.324	3	IG-A	DCI	-0.969692593513942
LV7008886703	non_damaged		GeoB25202_R1	27.6855	1	G-A	DCI	-1.84477736505237
LV7008886704	non_damaged		GeoB25202_R2	53.875	1	G-A	DCI	-0.970204277568567
LV7008886705	non_damaged		GeoB25202_R1	59.738	2	IG-D	DCI	-1.34430200811912
LV7008886706	non_damaged		GeoB25202_R1	79.0255	4	IG-B	DCI	-1.5490130784113
LV7008886707	non_damaged		GeoB25202_R2	95.3875	4	IG-B	DCI	-0.980273039370153
LV7008886708	non_damaged		GeoB25202_R1	109.6305	4	IG-B	DCI	-0.98870806422008
LV7008886709	non_damaged		GeoB25202_R1	147.206	1	G-A	DCI	0.381776111333376
LV7008886714	non_damaged		GeoB25202_R1	0.692	5	IG-C	DCI	-1.00518468324771
LV7008886715	non_damaged		GeoB25202_R2	27.6855	1	G-A	DCI	-2.50522091690092
LV7008886717	non_damaged		GeoB25202_R2	59.738	2	IG-D	DCI	-1.41757679656463
LV7008886718	non_damaged		GeoB25202_R2	79.0255	4	IG-B	DCI	-1.51868135919416
LV7008886719	non_damaged		GeoB25202_R1	87.2825	2	IG-D	DCI	-1.27075992469924
LV7008886720	non_damaged		GeoB25202_R2	109.6305	4	IG-B	DCI	-0.835677871809735
LV7008886721	non_damaged		GeoB25202_R2	147.206	1	G-A	DCI	-1.31994217917373
LV7008886726	non_damaged		GeoB25202_R2	0.692	5	IG-C	DCI	-1.01836708645584
LV7008886727	non_damaged		GeoB25202_R1	16.4375	3	IG-A	DCI	-2.3130207673855
LV7008886728	non_damaged		GeoB25202_R2	50.3555	1	G-A	DCI	-1.96159782457072
LV7008886730	non_damaged		GeoB25202_R1	75.351	4	IG-B	DCI	-1.32923377418865
LV7008886731	non_damaged		GeoB25202_R2	87.2825	2	IG-D	DCI	-1.3317555003593
LV7008886739	non_damaged		GeoB25202_R2	16.4375	3	IG-A	DCI	-1.97093246851453
LV7008886740	non_damaged		GeoB25202_R1	43.105	1	G-A	DCI	-1.62794815853032
LV7008886741	non_damaged		GeoB25202_R1	58.997	2	IG-D	DCI	-0.661483906717868
LV7008886742	non_damaged		GeoB25202_R2	75.351	4	IG-B	DCI	-1.19335729238162
LV7008886743	non_damaged		GeoB25202_R1	81.6705	4	IG-B	DCI	-1.1756774059881
LV7008886744	non_damaged		GeoB25202_R1	105.5785	2	IG-D	DCI	-0.85421975483075
LV7008886745	non_damaged		GeoB25202_R2	136.2775	2	IG-D	DCI	-2.08759825962673
LV7008886751	non_damaged		GeoB25202_R1	7.1335	3	IG-A	DCI	-1.5886311809457
LV7008886752	non_damaged		GeoB25202_R2	43.105	1	G-A	DCI	-1.68881733443451
LV7008886753	non_damaged		GeoB25202_R2	58.997	2	IG-D	DCI	-1.99663498158621
LV7008886754	non_damaged		GeoB25202_R1	71.8895	4	IG-B	DCI	-0.72054130161597
LV7008886755	non_damaged		GeoB25202_R2	81.6705	4	IG-B	DCI	-1.02290689282421
LV7008886756	non_damaged		GeoB25202_R2	105.5785	4	IG-B	DCI	-1.08374403220127
LV7008886757	non_damaged		GeoB25202_R1	123.1195	2	IG-D	DCI	-1.98338032917029
LV7008886763	non_damaged		GeoB25202_R2	7.1335	3	IG-A	DCI	-1.74751698345882
LV7008886765	non_damaged		GeoB25202_R1	58.181	1	G-A	DCI	-0.680621135093978
LV7008886766	non_damaged		GeoB25202_R2	71.8895	4	IG-B	DCI	-1.08417133776125
LV7008886768	non_damaged		GeoB25202_R1	102.2955	4	IG-B	DCI	-1.21397416990825
LV7008886769	non_damaged		GeoB25202_R2	123.1195	2	IG-D	DCI	-1.62995732834186
LV7008886776	non_damaged		GeoB25202_R1	36.607	1	G-A	DCI	-1.51200207758912
LV7008886778	non_damaged		GeoB25202_R1	68.149	4	IG-B	DCI	-1.16119522387224
LV7008886780	non_damaged		GeoB25202_R2	102.2955	4	IG-B	DCI	-0.932825699093026
LV7008886781	non_damaged		GeoB25202_R1	120.0235	2	IG-D	DCI	-11.7444895704017
LV3003046936	non_damaged		ST8	22.905	3	IG-A	MII	-0.791884995893366
LV3003046937	non_damaged		ST8	18.598	3	IG-A	MII	-1.53899671348799
LV3003046938	non_damaged		ST8	11.169	5	IG-C	MII	0.155500774140632
LV3003046939	non_damaged		ST8	2.42	5	IG-C	MII	1.01338715409267
LV3003046949	non_damaged		ST8	22.3686666666667	3	IG-A	MII	-0.961444937070873
LV3003046950	non_damaged		ST8	18.099	3	IG-A	MII	-1.46960130789973
LV3003046952	non_damaged		ST8	10.26	5	IG-C	MII	-1.21679667889551
LV3003046953	non_damaged		ST8	1.5215	5	IG-C	MII	0.739139070504544
LV3003046965	non_damaged		ST8	21.8323333333333	3	IG-A	MII	-1.49548477260285
LV3003046966	non_damaged		ST8	17.373	3	IG-A	MII	-1.40482791957893
LV3003046978	non_damaged		ST8	21.296	3	IG-A	MII	-1.50004559623573
LV3003046979	non_damaged		ST8	16.461	3	IG-A	MII	-1.50545881513262
LV3003046980	non_damaged		ST8	8.056	5	IG-C	MII	-0.252620676082389
LV3003046993	non_damaged		ST8	20.719	3	IG-A	MII	-1.38740169559575
LV3003046994	non_damaged		ST8	15.549	3	IG-A	MII	-1.46191692923709
LV3003046995	non_damaged		ST8	6.9705	5	IG-C	MII	-1.74810725780794
LV3003047009	non_damaged		ST8	20.142	3	IG-A	MII	-1.22237819898487
LV3003047010	non_damaged		ST8	13.676	5	IG-C	MII	-1.57664086379425
LV3003047013	non_damaged		ST8	5.885	5	IG-C	MII	-0.921120431108132
LV3003047026	non_damaged		ST8	19.565	3	IG-A	MII	-1.51204022132619
LV3003047027	non_damaged		ST8	12.877	5	IG-C	MII	-1.51982358877274
LV3003047028	non_damaged		ST8	4.753	2	IG-D	MII	-0.184738114709163
LV3003047041	non_damaged		ST8	19.097	3	IG-A	MII	-1.3700105099825
LV3003047044	non_damaged		ST8	12.078	1	G-A	MII	-1.49198568908122
LV3003047045	non_damaged		ST8	3.5865	5	IG-C	MII	0.0799375334089634
LV3003047059	non_damaged		ST8	107.683	2	IG-D	MII	-1.74032529390092
LV3003047060	non_damaged		ST8	106.686	2	IG-D	MII	-1.58428452675242
LV3003047061	non_damaged		ST8	105.689	2	IG-D	MII	-1.70910397411207
LV3003047062	non_damaged		ST8	104.692	2	IG-D	MII	-2.06189265939144
LV3003047063	non_damaged		ST8	103.695	2	IG-D	MII	-1.63763974484044
LV3003047064	non_damaged		ST8	96.283	2	IG-D	MII	-1.77009345416364
LV3003047065	non_damaged		ST8	53.61018	2	IG-D	MII	-1.50931363865474
LV3003047067	non_damaged		ST8	42.86602	1	G-A	MII	-1.60825912807931
LV3003047068	non_damaged		ST8	37.78969	1	G-A	MII	-1.5464989855302
LV3003047069	non_damaged		ST8	33.7436870748299	1	G-A	MII	-1.31960177978562
LV3003047070	non_damaged		ST8	30.128	1	G-A	MII	-1.28681260857833
LV3003047071	non_damaged		ST8	26.141	1	G-A	MII	-0.700512080004232
LV3003047073	non_damaged		ST8	101.685	2	IG-D	MII	-1.72412621725714
LV3003047074	non_damaged		ST8	100.672	2	IG-D	MII	-2.43575212052071
LV3003047077	non_damaged		ST8	99.7145	2	IG-D	MII	-1.93548865613016
LV3003047078	non_damaged		ST8	98.757	2	IG-D	MII	-2.0598224292898
LV3003047079	non_damaged		ST8	97.52	4	IG-B	MII	-2.34803920784835
LV3003047080	non_damaged		ST8	87.9935	4	IG-B	MII	-1.21728995023885
LV3003047081	non_damaged		ST8	52.20718	1	G-A	MII	-1.42441363398264
LV3003047082	non_damaged		ST8	41.9168333333333	1	G-A	MII	-1.14314469202738
LV3003047083	non_damaged		ST8	37.30319	1	G-A	MII	-1.56325063597111
LV3003047084	non_damaged		ST8	33.276	4	IG-B	MII	-1.33860281222763
LV3003047085	non_damaged		ST8	29.703	1	G-A	MII	-1.0109691042763
LV3003047087	non_damaged		ST8	94.9015	2	IG-D	MII	-1.76733710576635
LV3003047088	non_damaged		ST8	93.52	2	IG-D	MII	-1.67930706510873
LV3003047089	non_damaged		ST8	92.1385	2	IG-D	MII	-2.01892178013718
LV3003047090	non_damaged		ST8	90.757	2	IG-D	MII	-0.453937953903643
LV3003047091	non_damaged		ST8	89.37525	4	IG-B	MII	-0.580112942886543
LV3003047093	non_damaged		ST8	79.675	4	IG-B	MII	-1.30546127345828
LV3003047094	non_damaged		ST8	50.6848	1	G-A	MII	-1.66025012771723
LV3003047095	non_damaged		ST8	40.9751666666667	1	G-A	MII	-1.57941887099832
LV3003047096	non_damaged		ST8	36.89377	1	G-A	MII	-1.54342382634492
LV3003047097	non_damaged		ST8	32.835	1	G-A	MII	-0.384121985816372
LV3003047098	non_damaged		ST8	29.278	1	G-A	MII	-0.399970059807471
LV3003047099	non_damaged		ST8	25.058	1	G-A	MII	-1.05806347770815
LV3003047100	non_damaged		ST8	86.61175	4	IG-B	MII	-1.00150669090618
LV3003047101	non_damaged		ST8	85.23	2	IG-D	MII	-1.03917265180578
LV3003047104	non_damaged		ST8	83.84125	2	IG-D	MII	-0.889124108692004
LV3003047105	non_damaged		ST8	82.4525	2	IG-D	MII	-1.12547593093766
LV3003047106	non_damaged		ST8	81.06375	2	IG-D	MII	-0.9113579507685
LV3003047107	non_damaged		ST8	71.517	4	IG-B	MII	-1.11304111752863
LV3003047110	non_damaged		ST8	49.1548	1	G-A	MII	-1.64415309608305
LV3003047112	non_damaged		ST8	40.0335	1	G-A	MII	-1.62522304381549
LV3003047113	non_damaged		ST8	36.48927	1	G-A	MII	-1.53982972545056
LV3003047114	non_damaged		ST8	32.3855	1	G-A	MII	-1.36408026367892
LV3003047117	non_damaged		ST8	28.7616666666667	1	G-A	MII	-1.11429022502959
LV3003047118	non_damaged		ST8	24.528	3	IG-A	MII	-0.981450891294173
LV3003047122	non_damaged		ST8	76.951	2	IG-D	MII	-0.914668671502287
LV3003047123	non_damaged		ST8	75.589	2	IG-D	MII	-1.00951046425844
LV3003047124	non_damaged		ST8	74.227	2	IG-D	MII	-1.11327513868251
LV3003047125	non_damaged		ST8	72.872	2	IG-D	MII	-1.14073802112287
LV3003047126	non_damaged		ST8	64.210824	1	G-A	MII	-1.26939806319603
LV3003047127	non_damaged		ST8	47.6248	2	IG-D	MII	-1.53148431927915
LV3003047128	non_damaged		ST8	39.57797	1	G-A	MII	-1.43371604910877
LV3003047129	non_damaged		ST8	36.0373	1	G-A	MII	-1.56213587052545
LV3003047130	non_damaged		ST8	31.936	1	G-A	MII	-1.28969940270635
LV3003047131	non_damaged		ST8	28.2453333333333	1	G-A	MII	-0.585818160329447
LV3003047132	non_damaged		ST8	23.987	3	IG-A	MII	-0.478045483426492
LV3003047133	non_damaged		ST8	70.162	4	IG-B	MII	-1.1017885011776
LV3003047134	non_damaged		ST8	68.807	4	IG-B	MII	-1.08249152996682
LV3003047136	non_damaged		ST8	67.8766	4	IG-B	MII	-1.2196639031457
LV3003047137	non_damaged		ST8	66.9462	1	G-A	MII	-0.724263132568024
LV3003047138	non_damaged		ST8	66.0158	4	IG-B	MII	-0.604934396062897
LV3003047139	non_damaged		ST8	58.6141266666667	1	G-A	MII	-0.628914634746741
LV3003047140	non_damaged		ST8	46.0948	2	IG-D	MII	-1.62142062661675
LV3003047141	non_damaged		ST8	39.15347	2	IG-D	MII	-1.69517864122227
LV3003047142	non_damaged		ST8	35.5823	1	G-A	MII	-1.54061555041674
LV3003047143	non_damaged		ST8	31.398	1	G-A	MII	-1.29589049878977
LV3003047144	non_damaged		ST8	27.729	1	G-A	MII	-0.967007815589792
LV3003047145	non_damaged		ST8	23.446	3	IG-A	MII	-0.799243563713821
LV3003047146	non_damaged		ST8	63.2667	1	G-A	MII	-0.805857702395801
LV3003047147	non_damaged		ST8	62.3217	1	G-A	MII	-1.09284349470895
LV3003047148	non_damaged		ST8	61.3767	1	G-A	MII	-1.39984402393105
LV3003047149	non_damaged		ST8	60.4317	1	G-A	MII	-1.45785985988292
LV3003047150	non_damaged		ST8	59.5217933333333	1	G-A	MII	-0.662686222548875
LV3003047152	non_damaged		ST8	45.00002	1	G-A	MII	-1.3915519175326
LV3003047153	non_damaged		ST8	38.71393	1	G-A	MII	-1.32831804189787
LV3003047154	non_damaged		ST8	35.13012	1	G-A	MII	-1.53761139662407
LV3003047155	non_damaged		ST8	30.9475	1	G-A	MII	-0.993550221941351
LV3003047156	non_damaged		ST8	27.1996666666667	1	G-A	MII	-1.20132193905211
LV3003047158	non_damaged		ST8	57.70646	1	G-A	MII	-1.30857715713032
LV3003047159	non_damaged		ST8	56.7987933333333	1	G-A	MII	-1.56853599750911
LV3003047160	non_damaged		ST8	55.8911266666667	2	IG-D	MII	-3.11550209343408
LV3003047161	non_damaged		ST8	54.98346	2	IG-D	MII	-2.43238861550455
LV3003047162	non_damaged		ST8	102.698	2	IG-D	MII	-2.49231859809611
LV3003047164	non_damaged		ST8	43.93302	1	G-A	MII	-1.48094825770413
LV3003047166	non_damaged		ST8	38.27343	1	G-A	MII	-1.48903482846433
LV3003047167	non_damaged		ST8	34.67812	1	G-A	MII	-1.56417874144796
LV3003047168	non_damaged		ST8	30.497	1	G-A	MII	-1.19201402003123
LV3003047169	non_damaged		ST8	26.6703333333333	1	G-A	MII	-0.859017207347123
LV3003061473	non_damaged		ST13	117.088	2	IG-D	MII	-2.19014017058396
LV3003061474	non_damaged		ST13	77.7798	4	IG-B	MII	-1.43007290573373
LV3003061475	non_damaged		ST13	53.844	1	G-A	MII	-0.943149993676994
LV3003061476	non_damaged		ST13	37.16	1	G-A	MII	-1.23780706484139
LV3003061477	non_damaged		ST13	16.726	3	IG-A	MII	-0.888994262259427
LV3003061485	non_damaged		ST13	75.7796	4	IG-B	MII	-0.909331177144796
LV3003061486	non_damaged		ST13	52.105	2	IG-D	MII	-1.00505168207307
LV3003061488	non_damaged		ST13	35.041	1	G-A	MII	-1.33710997274921
LV3003061489	non_damaged		ST13	112.6068	2	IG-D	MII	-2.10714917112658
LV3003061492	non_damaged		ST13	14.437	3	IG-A	MII	-0.532653260101728
LV3003061500	non_damaged		ST13	148.086	2	IG-D	MII	-1.45877250608347
LV3003061501	non_damaged		ST13	105.5872	4	IG-B	MII	-1.89472827825883
LV3003061503	non_damaged		ST13	73.1472	4	IG-B	MII	-0.978916090423701
LV3003061504	non_damaged		ST13	50.268	1	G-A	MII	-0.968649856813795
LV3003061505	non_damaged		ST13	32.81	1	G-A	MII	-0.887146931164724
LV3003061506	non_damaged		ST13	11.95	3	IG-A	MII	-0.704695105040896
LV3003061513	non_damaged		ST13	138.493	2	IG-D	MII	-2.69411811962421
LV3003061514	non_damaged		ST13	100.6726	4	IG-B	MII	-1.8243980293058
LV3003061515	non_damaged		ST13	71.0012	4	IG-B	MII	-0.615082240106618
LV3003061516	non_damaged		ST13	48.537	1	G-A	MII	-1.16248795619992
LV3003061517	non_damaged		ST13	30.678	4	IG-B	MII	-1.03797646878012
LV3003061518	non_damaged		ST13	9.804	3	IG-A	MII	-0.365437289980501
LV3003061527	non_damaged		ST13	133.7754	2	IG-D	MII	-2.4752159291501
LV3003061528	non_damaged		ST13	95.118	4	IG-B	MII	-0.672075972732852
LV3003061529	non_damaged		ST13	66.015	4	IG-B	MII	-0.960997555831201
LV3003061530	non_damaged		ST13	47.046	1	G-A	MII	-1.02419659163685
LV3003061531	non_damaged		ST13	28.445	1	G-A	MII	-0.850505690635721
LV3003061533	non_damaged		ST13	7.912	3	IG-A	MII	-0.274527169782702
LV3003061539	non_damaged		ST13	130.0556	2	IG-D	MII	-2.15180146876189
LV3003061541	non_damaged		ST13	91.09	4	IG-B	MII	-1.71862935090457
LV3003061543	non_damaged		ST13	62.293	4	IG-B	MII	-0.873034784119023
LV3003061544	non_damaged		ST13	45.122	1	G-A	MII	-0.74413468827818
LV3003061545	non_damaged		ST13	23.172	1	G-A	MII	-1.66266564971017
LV3003061546	non_damaged		ST13	7.197	3	IG-A	MII	-0.273803560641986
LV3003061555	non_damaged		ST13	126.443	2	IG-D	MII	-2.63345237294988
LV3003061556	non_damaged		ST13	86.6174	4	IG-B	MII	-1.55785396286738
LV3003061557	non_damaged		ST13	58.082	4	IG-B	MII	-0.952596032397058
LV3003061558	non_damaged		ST13	42.626	1	G-A	MII	-1.04181955128953
LV3003061559	non_damaged		ST13	21.069	1	G-A	MII	-0.995110036888498
LV3003061568	non_damaged		ST13	121.6354	2	IG-D	MII	-2.31350498310807
LV3003061569	non_damaged		ST13	81.6946	4	IG-B	MII	-1.60018139440982
LV3003061570	non_damaged		ST13	55.466	4	IG-B	MII	-1.00993184962807
LV3003061571	non_damaged		ST13	40.457	1	G-A	MII	-1.01010764601688
LV3003061572	non_damaged		ST13	19.099	3	IG-A	MII	-1.15477619667262
LV7001898064	non_damaged		ST13	6.808	3	IG-A	MII	-1.09118831604795
LV7001898076	non_damaged		ST13	6.429	3	IG-A	MII	-1.12262422682381
LV7001898088	non_damaged		ST13	6.031	3	IG-A	MII	-0.645311821995663
LV7001898100	non_damaged		ST13	5.659	5	IG-C	MII	-0.0300442125995086
LV7008886221	non_damaged		GeoB25202_R1	50.3555	1	G-A	MII	-1.13404713465639
LV7008886222	non_damaged		GeoB25202_R1	136.2775	1	G-A	MII	-1.80874136455456
LV7008886226	non_damaged		GeoB25202_R2	36.607	1	G-A	MII	-1.27251365734813
LV7008886228	non_damaged		GeoB25202_R2	120.0235	2	IG-D	MII	-1.7920129867855
LV7008886229	non_damaged		GeoB25202_R2	68.149	4	IG-B	MII	-0.69680556753131
LV7008886690	non_damaged		GeoB25202_R1	2.324	3	IG-A	MII	-1.59400902621893
LV7008886692	non_damaged		GeoB25202_R1	53.875	1	G-A	MII	-0.482279853782914
LV7008886695	non_damaged		GeoB25202_R1	95.3875	4	IG-B	MII	-1.9420904390905
LV7008886702	non_damaged		GeoB25202_R2	2.324	3	IG-A	MII	-0.831067713507044
LV7008886703	non_damaged		GeoB25202_R1	27.6855	1	G-A	MII	-1.20301833048125
LV7008886704	non_damaged		GeoB25202_R2	53.875	1	G-A	MII	-1.06712642435223
LV7008886705	non_damaged		GeoB25202_R1	59.738	2	IG-D	MII	-0.854667150813077
LV7008886706	non_damaged		GeoB25202_R1	79.0255	4	IG-B	MII	-0.866698652754124
LV7008886707	non_damaged		GeoB25202_R2	95.3875	4	IG-B	MII	-1.61650788243298
LV7008886708	non_damaged		GeoB25202_R1	109.6305	4	IG-B	MII	-1.55448238982416
LV7008886709	non_damaged		GeoB25202_R1	147.206	1	G-A	MII	-0.893572354812787
LV7008886714	non_damaged		GeoB25202_R1	0.692	5	IG-C	MII	-0.887454749984466
LV7008886715	non_damaged		GeoB25202_R2	27.6855	1	G-A	MII	-1.54332238090928
LV7008886717	non_damaged		GeoB25202_R2	59.738	2	IG-D	MII	-0.936500470016147
LV7008886718	non_damaged		GeoB25202_R2	79.0255	4	IG-B	MII	-0.69088765662354
LV7008886719	non_damaged		GeoB25202_R1	87.2825	2	IG-D	MII	-1.06588585043948
LV7008886720	non_damaged		GeoB25202_R2	109.6305	4	IG-B	MII	-1.48409052683201
LV7008886721	non_damaged		GeoB25202_R2	147.206	1	G-A	MII	-1.55720127794115
LV7008886726	non_damaged		GeoB25202_R2	0.692	5	IG-C	MII	-0.88962046492304
LV7008886727	non_damaged		GeoB25202_R1	16.4375	3	IG-A	MII	-0.724278238999777
LV7008886728	non_damaged		GeoB25202_R2	50.3555	1	G-A	MII	-1.23894361724549
LV7008886730	non_damaged		GeoB25202_R1	75.351	4	IG-B	MII	-0.633358589266292
LV7008886731	non_damaged		GeoB25202_R2	87.2825	2	IG-D	MII	-1.5247419301212
LV7008886739	non_damaged		GeoB25202_R2	16.4375	3	IG-A	MII	-0.706544524173574
LV7008886740	non_damaged		GeoB25202_R1	43.105	1	G-A	MII	-1.45451628036642
LV7008886741	non_damaged		GeoB25202_R1	58.997	2	IG-D	MII	-1.17141763413283
LV7008886742	non_damaged		GeoB25202_R2	75.351	4	IG-B	MII	-0.729515759561441
LV7008886743	non_damaged		GeoB25202_R1	81.6705	4	IG-B	MII	-1.46061019748893
LV7008886744	non_damaged		GeoB25202_R1	105.5785	2	IG-D	MII	-1.43092986097821
LV7008886745	non_damaged		GeoB25202_R2	136.2775	2	IG-D	MII	-1.58697003298147
LV7008886751	non_damaged		GeoB25202_R1	7.1335	3	IG-A	MII	-0.826895784953393
LV7008886752	non_damaged		GeoB25202_R2	43.105	1	G-A	MII	-0.885534591041848
LV7008886753	non_damaged		GeoB25202_R2	58.997	2	IG-D	MII	-1.17367003301439
LV7008886754	non_damaged		GeoB25202_R1	71.8895	4	IG-B	MII	-0.410194394733646
LV7008886755	non_damaged		GeoB25202_R2	81.6705	4	IG-B	MII	-0.966555206262619
LV7008886756	non_damaged		GeoB25202_R2	105.5785	4	IG-B	MII	-1.63105060297995
LV7008886757	non_damaged		GeoB25202_R1	123.1195	2	IG-D	MII	-1.77910927430691
LV7008886763	non_damaged		GeoB25202_R2	7.1335	3	IG-A	MII	-1.13748027601707
LV7008886765	non_damaged		GeoB25202_R1	58.181	1	G-A	MII	-0.992529863482623
LV7008886766	non_damaged		GeoB25202_R2	71.8895	4	IG-B	MII	-0.736757566214211
LV7008886768	non_damaged		GeoB25202_R1	102.2955	4	IG-B	MII	-1.70454978816866
LV7008886769	non_damaged		GeoB25202_R2	123.1195	2	IG-D	MII	-1.75858400689326
LV7008886776	non_damaged		GeoB25202_R1	36.607	1	G-A	MII	-0.370015540112736
LV7008886778	non_damaged		GeoB25202_R1	68.149	4	IG-B	MII	-0.864802405236011
LV7008886780	non_damaged		GeoB25202_R2	102.2955	4	IG-B	MII	-1.70663727807604
LV7008886781	non_damaged		GeoB25202_R1	120.0235	2	IG-D	MII	-1.66899569583496
LV3003046936	non_damaged		ST8	22.905	3	IG-A	SRPI	-0.459067914541006
LV3003046937	non_damaged		ST8	18.598	3	IG-A	SRPI	-0.398434596719464
LV3003046938	non_damaged		ST8	11.169	5	IG-C	SRPI	0.0859138237051002
LV3003046939	non_damaged		ST8	2.42	5	IG-C	SRPI	0.0225319950858374
LV3003046949	non_damaged		ST8	22.3686666666667	3	IG-A	SRPI	-0.356914603661464
LV3003046950	non_damaged		ST8	18.099	3	IG-A	SRPI	-0.5771973939123
LV3003046952	non_damaged		ST8	10.26	5	IG-C	SRPI	-0.147304581181277
LV3003046953	non_damaged		ST8	1.5215	5	IG-C	SRPI	0.134199599287074
LV3003046965	non_damaged		ST8	21.8323333333333	3	IG-A	SRPI	-0.374419397148126
LV3003046966	non_damaged		ST8	17.373	3	IG-A	SRPI	-0.492341166675393
LV3003046978	non_damaged		ST8	21.296	3	IG-A	SRPI	-0.405505363570414
LV3003046979	non_damaged		ST8	16.461	3	IG-A	SRPI	-0.417506151505282
LV3003046980	non_damaged		ST8	8.056	5	IG-C	SRPI	-0.149038485624652
LV3003046993	non_damaged		ST8	20.719	3	IG-A	SRPI	-0.126881869074301
LV3003046994	non_damaged		ST8	15.549	3	IG-A	SRPI	-0.664078701307022
LV3003046995	non_damaged		ST8	6.9705	5	IG-C	SRPI	-0.41422728594625
LV3003047009	non_damaged		ST8	20.142	3	IG-A	SRPI	-0.840558872189168
LV3003047010	non_damaged		ST8	13.676	5	IG-C	SRPI	-0.539198253556978
LV3003047013	non_damaged		ST8	5.885	5	IG-C	SRPI	-0.336299427163766
LV3003047026	non_damaged		ST8	19.565	3	IG-A	SRPI	-0.608098217141984
LV3003047027	non_damaged		ST8	12.877	5	IG-C	SRPI	-0.51512486438919
LV3003047028	non_damaged		ST8	4.753	2	IG-D	SRPI	-0.0896942777488926
LV3003047041	non_damaged		ST8	19.097	3	IG-A	SRPI	-0.365109178711806
LV3003047044	non_damaged		ST8	12.078	1	G-A	SRPI	-0.667106120362425
LV3003047045	non_damaged		ST8	3.5865	5	IG-C	SRPI	-0.347108342412058
LV3003047059	non_damaged		ST8	107.683	2	IG-D	SRPI	-0.690777006659039
LV3003047060	non_damaged		ST8	106.686	2	IG-D	SRPI	-0.653491797967627
LV3003047061	non_damaged		ST8	105.689	2	IG-D	SRPI	-1.16588003153317
LV3003047062	non_damaged		ST8	104.692	2	IG-D	SRPI	-0.860431216123107
LV3003047063	non_damaged		ST8	103.695	2	IG-D	SRPI	-0.852787651576395
LV3003047064	non_damaged		ST8	96.283	2	IG-D	SRPI	-0.913182767170541
LV3003047065	non_damaged		ST8	53.61018	2	IG-D	SRPI	-0.579287496013679
LV3003047067	non_damaged		ST8	42.86602	1	G-A	SRPI	-0.474979919188055
LV3003047068	non_damaged		ST8	37.78969	1	G-A	SRPI	-0.476359990706416
LV3003047069	non_damaged		ST8	33.7436870748299	1	G-A	SRPI	-0.704580262669539
LV3003047070	non_damaged		ST8	30.128	1	G-A	SRPI	-0.645454653786894
LV3003047071	non_damaged		ST8	26.141	1	G-A	SRPI	-0.484086896507777
LV3003047073	non_damaged		ST8	101.685	2	IG-D	SRPI	-1.33831792300335
LV3003047074	non_damaged		ST8	100.672	2	IG-D	SRPI	-0.849287647488015
LV3003047077	non_damaged		ST8	99.7145	2	IG-D	SRPI	-0.952469379285824
LV3003047078	non_damaged		ST8	98.757	2	IG-D	SRPI	-0.829544443756049
LV3003047079	non_damaged		ST8	97.52	4	IG-B	SRPI	-0.805118139216298
LV3003047080	non_damaged		ST8	87.9935	4	IG-B	SRPI	-0.812825804807206
LV3003047081	non_damaged		ST8	52.20718	1	G-A	SRPI	-0.555238305563432
LV3003047082	non_damaged		ST8	41.9168333333333	1	G-A	SRPI	-0.532274538964526
LV3003047083	non_damaged		ST8	37.30319	1	G-A	SRPI	-0.47532039629211
LV3003047084	non_damaged		ST8	33.276	4	IG-B	SRPI	-0.569996408678166
LV3003047085	non_damaged		ST8	29.703	1	G-A	SRPI	-0.606375561076108
LV3003047087	non_damaged		ST8	94.9015	2	IG-D	SRPI	-0.85545112297323
LV3003047088	non_damaged		ST8	93.52	2	IG-D	SRPI	-0.90016101092066
LV3003047089	non_damaged		ST8	92.1385	2	IG-D	SRPI	-0.857327497144962
LV3003047090	non_damaged		ST8	90.757	2	IG-D	SRPI	-0.760687153820199
LV3003047091	non_damaged		ST8	89.37525	4	IG-B	SRPI	-0.994781993790775
LV3003047093	non_damaged		ST8	79.675	4	IG-B	SRPI	-0.86401420174238
LV3003047094	non_damaged		ST8	50.6848	1	G-A	SRPI	-0.575746460871972
LV3003047095	non_damaged		ST8	40.9751666666667	1	G-A	SRPI	-0.609585821840671
LV3003047096	non_damaged		ST8	36.89377	1	G-A	SRPI	-0.411438621928468
LV3003047097	non_damaged		ST8	32.835	1	G-A	SRPI	-0.839499194807958
LV3003047098	non_damaged		ST8	29.278	1	G-A	SRPI	-0.81059958805978
LV3003047099	non_damaged		ST8	25.058	1	G-A	SRPI	-0.43496747484874
LV3003047100	non_damaged		ST8	86.61175	4	IG-B	SRPI	-0.748022041974726
LV3003047101	non_damaged		ST8	85.23	2	IG-D	SRPI	-0.919507604492969
LV3003047104	non_damaged		ST8	83.84125	2	IG-D	SRPI	-0.778194109930255
LV3003047105	non_damaged		ST8	82.4525	2	IG-D	SRPI	-0.821418404425527
LV3003047106	non_damaged		ST8	81.06375	2	IG-D	SRPI	-0.857985689875982
LV3003047107	non_damaged		ST8	71.517	4	IG-B	SRPI	-0.916014891679534
LV3003047110	non_damaged		ST8	49.1548	1	G-A	SRPI	-0.615156579929269
LV3003047112	non_damaged		ST8	40.0335	1	G-A	SRPI	-0.452321171434533
LV3003047113	non_damaged		ST8	36.48927	1	G-A	SRPI	-0.380037827553252
LV3003047114	non_damaged		ST8	32.3855	1	G-A	SRPI	-0.484869121340902
LV3003047117	non_damaged		ST8	28.7616666666667	1	G-A	SRPI	-0.575614804459684
LV3003047118	non_damaged		ST8	24.528	3	IG-A	SRPI	-0.280861979233092
LV3003047122	non_damaged		ST8	76.951	2	IG-D	SRPI	-0.933590013281533
LV3003047123	non_damaged		ST8	75.589	2	IG-D	SRPI	-0.926051308375222
LV3003047124	non_damaged		ST8	74.227	2	IG-D	SRPI	-0.855257412541237
LV3003047125	non_damaged		ST8	72.872	2	IG-D	SRPI	-0.898849506527573
LV3003047126	non_damaged		ST8	64.210824	1	G-A	SRPI	-0.793722276292319
LV3003047127	non_damaged		ST8	47.6248	2	IG-D	SRPI	-0.658777230085605
LV3003047128	non_damaged		ST8	39.57797	1	G-A	SRPI	-0.515993799497789
LV3003047129	non_damaged		ST8	36.0373	1	G-A	SRPI	-0.461168736283652
LV3003047130	non_damaged		ST8	31.936	1	G-A	SRPI	-0.54840491290103
LV3003047131	non_damaged		ST8	28.2453333333333	1	G-A	SRPI	-0.738301033123376
LV3003047132	non_damaged		ST8	23.987	3	IG-A	SRPI	-0.211040867852553
LV3003047133	non_damaged		ST8	70.162	4	IG-B	SRPI	-0.878880256037369
LV3003047134	non_damaged		ST8	68.807	4	IG-B	SRPI	-0.902607495619233
LV3003047136	non_damaged		ST8	67.8766	4	IG-B	SRPI	-0.894574086883753
LV3003047137	non_damaged		ST8	66.9462	1	G-A	SRPI	-0.738913330418926
LV3003047138	non_damaged		ST8	66.0158	4	IG-B	SRPI	-0.882604394373857
LV3003047139	non_damaged		ST8	58.6141266666667	1	G-A	SRPI	-0.830633051951746
LV3003047140	non_damaged		ST8	46.0948	2	IG-D	SRPI	-0.435885273348047
LV3003047141	non_damaged		ST8	39.15347	2	IG-D	SRPI	-0.482048381721816
LV3003047142	non_damaged		ST8	35.5823	1	G-A	SRPI	-0.582959840238278
LV3003047143	non_damaged		ST8	31.398	1	G-A	SRPI	-0.56730034579694
LV3003047144	non_damaged		ST8	27.729	1	G-A	SRPI	-0.595915012377156
LV3003047145	non_damaged		ST8	23.446	3	IG-A	SRPI	-0.76896106075881
LV3003047146	non_damaged		ST8	63.2667	1	G-A	SRPI	-0.731037180059771
LV3003047147	non_damaged		ST8	62.3217	1	G-A	SRPI	-0.800414389841375
LV3003047148	non_damaged		ST8	61.3767	1	G-A	SRPI	-0.744189500367025
LV3003047149	non_damaged		ST8	60.4317	1	G-A	SRPI	-0.877205737497605
LV3003047150	non_damaged		ST8	59.5217933333333	1	G-A	SRPI	-1.1058266753824
LV3003047152	non_damaged		ST8	45.00002	1	G-A	SRPI	-0.696487695281026
LV3003047153	non_damaged		ST8	38.71393	1	G-A	SRPI	-0.633179936576561
LV3003047154	non_damaged		ST8	35.13012	1	G-A	SRPI	-0.597366727580787
LV3003047155	non_damaged		ST8	30.9475	1	G-A	SRPI	-0.540578200433693
LV3003047156	non_damaged		ST8	27.1996666666667	1	G-A	SRPI	-0.512290569547878
LV3003047158	non_damaged		ST8	57.70646	1	G-A	SRPI	-0.915971244922959
LV3003047159	non_damaged		ST8	56.7987933333333	1	G-A	SRPI	-0.687186582249889
LV3003047160	non_damaged		ST8	55.8911266666667	2	IG-D	SRPI	-0.972644433432211
LV3003047161	non_damaged		ST8	54.98346	2	IG-D	SRPI	-0.771672678859131
LV3003047162	non_damaged		ST8	102.698	2	IG-D	SRPI	-0.857759741853923
LV3003047164	non_damaged		ST8	43.93302	1	G-A	SRPI	-0.730213689416413
LV3003047166	non_damaged		ST8	38.27343	1	G-A	SRPI	-0.536810174116256
LV3003047167	non_damaged		ST8	34.67812	1	G-A	SRPI	-0.57450974762483
LV3003047168	non_damaged		ST8	30.497	1	G-A	SRPI	-0.533644065874315
LV3003047169	non_damaged		ST8	26.6703333333333	1	G-A	SRPI	-0.636861302646041
LV3003061473	non_damaged		ST13	117.088	2	IG-D	SRPI	-0.382858041666899
LV3003061474	non_damaged		ST13	77.7798	4	IG-B	SRPI	-0.312417599804503
LV3003061475	non_damaged		ST13	53.844	1	G-A	SRPI	-0.0194518193197549
LV3003061476	non_damaged		ST13	37.16	1	G-A	SRPI	-0.0710927557147725
LV3003061477	non_damaged		ST13	16.726	3	IG-A	SRPI	-1.03607293831528
LV3003061485	non_damaged		ST13	75.7796	4	IG-B	SRPI	-0.245994806366019
LV3003061486	non_damaged		ST13	52.105	2	IG-D	SRPI	-0.0737528206172646
LV3003061488	non_damaged		ST13	35.041	1	G-A	SRPI	-1.17565409648409
LV3003061489	non_damaged		ST13	112.6068	2	IG-D	SRPI	-0.415529354810596
LV3003061492	non_damaged		ST13	14.437	3	IG-A	SRPI	0.0475446307414615
LV3003061500	non_damaged		ST13	148.086	2	IG-D	SRPI	-3.87042197840851
LV3003061501	non_damaged		ST13	105.5872	4	IG-B	SRPI	-0.62828090230577
LV3003061503	non_damaged		ST13	73.1472	4	IG-B	SRPI	-0.190846198546672
LV3003061504	non_damaged		ST13	50.268	1	G-A	SRPI	0.0262530215407507
LV3003061505	non_damaged		ST13	32.81	1	G-A	SRPI	-1.28484621311435
LV3003061506	non_damaged		ST13	11.95	3	IG-A	SRPI	-1.36704204190057
LV3003061513	non_damaged		ST13	138.493	2	IG-D	SRPI	-2.00144926236479
LV3003061514	non_damaged		ST13	100.6726	4	IG-B	SRPI	-0.268632357812329
LV3003061515	non_damaged		ST13	71.0012	4	IG-B	SRPI	0.0178437277286589
LV3003061516	non_damaged		ST13	48.537	1	G-A	SRPI	-0.0324482424944991
LV3003061517	non_damaged		ST13	30.678	4	IG-B	SRPI	-0.913589096554982
LV3003061518	non_damaged		ST13	9.804	3	IG-A	SRPI	0.0116891873485325
LV3003061527	non_damaged		ST13	133.7754	2	IG-D	SRPI	-0.353639740511027
LV3003061528	non_damaged		ST13	95.118	4	IG-B	SRPI	-0.884815977319487
LV3003061529	non_damaged		ST13	66.015	4	IG-B	SRPI	-1.94092716494281
LV3003061530	non_damaged		ST13	47.046	1	G-A	SRPI	-0.172361014906687
LV3003061531	non_damaged		ST13	28.445	1	G-A	SRPI	-0.133316441777582
LV3003061533	non_damaged		ST13	7.912	3	IG-A	SRPI	-0.488859474710549
LV3003061539	non_damaged		ST13	130.0556	2	IG-D	SRPI	-0.409535988937586
LV3003061541	non_damaged		ST13	91.09	4	IG-B	SRPI	-0.198563233929926
LV3003061543	non_damaged		ST13	62.293	4	IG-B	SRPI	0.104839874954839
LV3003061544	non_damaged		ST13	45.122	1	G-A	SRPI	-0.348055711994586
LV3003061545	non_damaged		ST13	23.172	1	G-A	SRPI	-2.37270262094677
LV3003061546	non_damaged		ST13	7.197	3	IG-A	SRPI	-0.1445982192727
LV3003061555	non_damaged		ST13	126.443	2	IG-D	SRPI	-0.423615950488265
LV3003061556	non_damaged		ST13	86.6174	4	IG-B	SRPI	-0.246170486912001
LV3003061557	non_damaged		ST13	58.082	4	IG-B	SRPI	-0.321140935537619
LV3003061558	non_damaged		ST13	42.626	1	G-A	SRPI	-0.734006881428462
LV3003061559	non_damaged		ST13	21.069	1	G-A	SRPI	-2.37748469126888
LV3003061568	non_damaged		ST13	121.6354	2	IG-D	SRPI	-0.330075528202747
LV3003061569	non_damaged		ST13	81.6946	4	IG-B	SRPI	-0.106487638877203
LV3003061570	non_damaged		ST13	55.466	4	IG-B	SRPI	-0.115907208566651
LV3003061571	non_damaged		ST13	40.457	1	G-A	SRPI	-1.83780739522878
LV3003061572	non_damaged		ST13	19.099	3	IG-A	SRPI	-1.19199281301746
LV7001898064	non_damaged		ST13	6.808	3	IG-A	SRPI	-0.1838540284892
LV7001898076	non_damaged		ST13	6.429	3	IG-A	SRPI	-0.163150780741498
LV7001898088	non_damaged		ST13	6.031	3	IG-A	SRPI	-0.173978967780547
LV7001898100	non_damaged		ST13	5.659	5	IG-C	SRPI	-0.049002060518394
LV7008886221	non_damaged		GeoB25202_R1	50.3555	1	G-A	SRPI	-0.254626546035746
LV7008886222	non_damaged		GeoB25202_R1	136.2775	1	G-A	SRPI	-0.47144414714473
LV7008886226	non_damaged		GeoB25202_R2	36.607	1	G-A	SRPI	-0.28245579974331
LV7008886228	non_damaged		GeoB25202_R2	120.0235	2	IG-D	SRPI	-0.365888368486792
LV7008886229	non_damaged		GeoB25202_R2	68.149	4	IG-B	SRPI	-0.486242227622551
LV7008886690	non_damaged		GeoB25202_R1	2.324	3	IG-A	SRPI	-0.182629500360044
LV7008886692	non_damaged		GeoB25202_R1	53.875	1	G-A	SRPI	-0.544582593565681
LV7008886695	non_damaged		GeoB25202_R1	95.3875	4	IG-B	SRPI	-0.903013491983992
LV7008886702	non_damaged		GeoB25202_R2	2.324	3	IG-A	SRPI	-0.291376907389087
LV7008886703	non_damaged		GeoB25202_R1	27.6855	1	G-A	SRPI	-0.0719271282074249
LV7008886704	non_damaged		GeoB25202_R2	53.875	1	G-A	SRPI	-0.166814141172786
LV7008886705	non_damaged		GeoB25202_R1	59.738	2	IG-D	SRPI	-0.831959491044676
LV7008886706	non_damaged		GeoB25202_R1	79.0255	4	IG-B	SRPI	-0.792911699210345
LV7008886707	non_damaged		GeoB25202_R2	95.3875	4	IG-B	SRPI	-0.88394473343699
LV7008886708	non_damaged		GeoB25202_R1	109.6305	4	IG-B	SRPI	-1.06663387918136
LV7008886709	non_damaged		GeoB25202_R1	147.206	1	G-A	SRPI	-1.36769079630327
LV7008886714	non_damaged		GeoB25202_R1	0.692	5	IG-C	SRPI	-0.378609661852391
LV7008886715	non_damaged		GeoB25202_R2	27.6855	1	G-A	SRPI	-0.0817548939333412
LV7008886717	non_damaged		GeoB25202_R2	59.738	2	IG-D	SRPI	-0.657678669029204
LV7008886718	non_damaged		GeoB25202_R2	79.0255	4	IG-B	SRPI	-0.605807406470931
LV7008886719	non_damaged		GeoB25202_R1	87.2825	2	IG-D	SRPI	-0.658069817054696
LV7008886720	non_damaged		GeoB25202_R2	109.6305	4	IG-B	SRPI	-1.05090576909214
LV7008886721	non_damaged		GeoB25202_R2	147.206	1	G-A	SRPI	-0.459312298981935
LV7008886726	non_damaged		GeoB25202_R2	0.692	5	IG-C	SRPI	-0.619396376059549
LV7008886727	non_damaged		GeoB25202_R1	16.4375	3	IG-A	SRPI	-0.0402083020193704
LV7008886728	non_damaged		GeoB25202_R2	50.3555	1	G-A	SRPI	0.021703141513519
LV7008886730	non_damaged		GeoB25202_R1	75.351	4	IG-B	SRPI	-0.556670042244099
LV7008886731	non_damaged		GeoB25202_R2	87.2825	2	IG-D	SRPI	-0.802915371179813
LV7008886739	non_damaged		GeoB25202_R2	16.4375	3	IG-A	SRPI	0.0919639255474031
LV7008886740	non_damaged		GeoB25202_R1	43.105	1	G-A	SRPI	-0.0249145968508438
LV7008886741	non_damaged		GeoB25202_R1	58.997	2	IG-D	SRPI	-1.59364219321285
LV7008886742	non_damaged		GeoB25202_R2	75.351	4	IG-B	SRPI	-0.558821763060472
LV7008886743	non_damaged		GeoB25202_R1	81.6705	4	IG-B	SRPI	-0.620172740303157
LV7008886744	non_damaged		GeoB25202_R1	105.5785	2	IG-D	SRPI	-1.10503554239751
LV7008886745	non_damaged		GeoB25202_R2	136.2775	2	IG-D	SRPI	-0.575386380679747
LV7008886751	non_damaged		GeoB25202_R1	7.1335	3	IG-A	SRPI	-0.30365566541825
LV7008886752	non_damaged		GeoB25202_R2	43.105	1	G-A	SRPI	-0.18884019371962
LV7008886753	non_damaged		GeoB25202_R2	58.997	2	IG-D	SRPI	-0.982161599739726
LV7008886754	non_damaged		GeoB25202_R1	71.8895	4	IG-B	SRPI	-0.702994944075695
LV7008886755	non_damaged		GeoB25202_R2	81.6705	4	IG-B	SRPI	-0.43296447356348
LV7008886756	non_damaged		GeoB25202_R2	105.5785	4	IG-B	SRPI	-0.96863242153363
LV7008886757	non_damaged		GeoB25202_R1	123.1195	2	IG-D	SRPI	-0.713370119711233
LV7008886763	non_damaged		GeoB25202_R2	7.1335	3	IG-A	SRPI	-0.874956937433626
LV7008886765	non_damaged		GeoB25202_R1	58.181	1	G-A	SRPI	-0.662568058606035
LV7008886766	non_damaged		GeoB25202_R2	71.8895	4	IG-B	SRPI	-0.571551233958812
LV7008886768	non_damaged		GeoB25202_R1	102.2955	4	IG-B	SRPI	-0.753611708675293
LV7008886769	non_damaged		GeoB25202_R2	123.1195	2	IG-D	SRPI	-0.706076817502044
LV7008886776	non_damaged		GeoB25202_R1	36.607	1	G-A	SRPI	0.0942950300528272
LV7008886778	non_damaged		GeoB25202_R1	68.149	4	IG-B	SRPI	-0.200843237024672
LV7008886780	non_damaged		GeoB25202_R2	102.2955	4	IG-B	SRPI	-0.787621553561956
LV7008886781	non_damaged		GeoB25202_R1	120.0235	2	IG-D	SRPI	-0.363562924495359
