state	sample	module	core	age_kyr	state_label	index	value	state_label_source
1	LV3003047044	grey	ST8	12.078	state_03	OAP	615.78732154409	G-A
1	LV3003047044	turquoise	ST8	12.078	state_03	OAP	439.31591215426	G-A
1	LV3003047044	yellow	ST8	12.078	state_03	OAP	581.11440895182	G-A
1	LV3003047044	green	ST8	12.078	state_03	OAP	734.444271481943	G-A
1	LV3003047044	blue	ST8	12.078	state_03	OAP	820	G-A
1	LV3003047044	brown	ST8	12.078	state_03	OAP	289.536259541985	G-A
1	LV3003047067	turquoise	ST8	42.86602	state_03	OAP	442.736642680991	G-A
1	LV3003047067	grey	ST8	42.86602	state_03	OAP	494.946773691442	G-A
1	LV3003047067	yellow	ST8	42.86602	state_03	OAP	612.997157628047	G-A
1	LV3003047067	green	ST8	42.86602	state_03	OAP	690.253811578569	G-A
1	LV3003047067	blue	ST8	42.86602	state_03	OAP	750.032362459547	G-A
1	LV3003047067	brown	ST8	42.86602	state_03	OAP	120.770418186921	G-A
1	LV3003047068	turquoise	ST8	37.78969	state_03	OAP	399.268344662617	G-A
1	LV3003047068	yellow	ST8	37.78969	state_03	OAP	581.119061900682	G-A
1	LV3003047068	grey	ST8	37.78969	state_03	OAP	479.767002107478	G-A
1	LV3003047068	blue	ST8	37.78969	state_03	OAP	354.479323308271	G-A
1	LV3003047068	brown	ST8	37.78969	state_03	OAP	258.12265625	G-A
1	LV3003047068	green	ST8	37.78969	state_03	OAP	820	G-A
1	LV3003047069	turquoise	ST8	33.7436870748299	state_03	OAP	506.187750522645	G-A
1	LV3003047069	grey	ST8	33.7436870748299	state_03	OAP	471.978837285965	G-A
1	LV3003047069	yellow	ST8	33.7436870748299	state_03	OAP	570.627421921255	G-A
1	LV3003047069	brown	ST8	33.7436870748299	state_03	OAP	295.616390009308	G-A
1	LV3003047069	blue	ST8	33.7436870748299	state_03	OAP	556.983985765124	G-A
1	LV3003047069	green	ST8	33.7436870748299	state_03	OAP	787.97203307393	G-A
1	LV3003047070	turquoise	ST8	30.128	state_03	OAP	383.287096414355	G-A
1	LV3003047070	yellow	ST8	30.128	state_03	OAP	583.746990552621	G-A
1	LV3003047070	grey	ST8	30.128	state_03	OAP	448.270851538213	G-A
1	LV3003047070	brown	ST8	30.128	state_03	OAP	295.664685908319	G-A
1	LV3003047070	blue	ST8	30.128	state_03	OAP	218.699134199134	G-A
1	LV3003047071	grey	ST8	26.141	state_03	OAP	563.093103133647	G-A
1	LV3003047071	turquoise	ST8	26.141	state_03	OAP	444.214864994924	G-A
1	LV3003047071	yellow	ST8	26.141	state_03	OAP	606.563185223225	G-A
1	LV3003047071	brown	ST8	26.141	state_03	OAP	103.422684310019	G-A
1	LV3003047071	blue	ST8	26.141	state_03	OAP	628.285386277688	G-A
1	LV3003047071	green	ST8	26.141	state_03	OAP	674.567073170732	G-A
1	LV3003047081	turquoise	ST8	52.20718	state_03	OAP	424.627585724491	G-A
1	LV3003047081	grey	ST8	52.20718	state_03	OAP	499.907663211943	G-A
1	LV3003047081	yellow	ST8	52.20718	state_03	OAP	584.233099461386	G-A
1	LV3003047081	brown	ST8	52.20718	state_03	OAP	720.532007952286	G-A
1	LV3003047081	blue	ST8	52.20718	state_03	OAP	563.48717948718	G-A
1	LV3003047081	green	ST8	52.20718	state_03	OAP	728.996461429582	G-A
1	LV3003047082	turquoise	ST8	41.9168333333333	state_03	OAP	409.885769562479	G-A
1	LV3003047082	yellow	ST8	41.9168333333333	state_03	OAP	596.194378441928	G-A
1	LV3003047082	grey	ST8	41.9168333333333	state_03	OAP	460.365894451287	G-A
1	LV3003047082	green	ST8	41.9168333333333	state_03	OAP	820	G-A
1	LV3003047082	brown	ST8	41.9168333333333	state_03	OAP	37.8666666666667	G-A
1	LV3003047082	blue	ST8	41.9168333333333	state_03	OAP	702.5	G-A
1	LV3003047083	grey	ST8	37.30319	state_03	OAP	473.494067727268	G-A
1	LV3003047083	turquoise	ST8	37.30319	state_03	OAP	430.352274133788	G-A
1	LV3003047083	yellow	ST8	37.30319	state_03	OAP	590.369258961551	G-A
1	LV3003047083	blue	ST8	37.30319	state_03	OAP	630.746666666667	G-A
1	LV3003047083	green	ST8	37.30319	state_03	OAP	737.207258064516	G-A
1	LV3003047083	brown	ST8	37.30319	state_03	OAP	350	G-A
1	LV3003047085	grey	ST8	29.703	state_03	OAP	499.053210994225	G-A
1	LV3003047085	turquoise	ST8	29.703	state_03	OAP	443.597582431817	G-A
1	LV3003047085	yellow	ST8	29.703	state_03	OAP	547.614207271332	G-A
1	LV3003047085	brown	ST8	29.703	state_03	OAP	44.8393982134462	G-A
1	LV3003047085	blue	ST8	29.703	state_03	OAP	730.51707159577	G-A
1	LV3003047085	green	ST8	29.703	state_03	OAP	820	G-A
1	LV3003047094	turquoise	ST8	50.6848	state_03	OAP	313.381756151091	G-A
1	LV3003047094	grey	ST8	50.6848	state_03	OAP	408.637220679822	G-A
1	LV3003047094	green	ST8	50.6848	state_03	OAP	637.833929931455	G-A
1	LV3003047094	yellow	ST8	50.6848	state_03	OAP	541.843458014121	G-A
1	LV3003047094	blue	ST8	50.6848	state_03	OAP	820	G-A
1	LV3003047095	turquoise	ST8	40.9751666666667	state_03	OAP	291.941854093617	G-A
1	LV3003047095	grey	ST8	40.9751666666667	state_03	OAP	424.956079755651	G-A
1	LV3003047095	green	ST8	40.9751666666667	state_03	OAP	737.991376146789	G-A
1	LV3003047095	yellow	ST8	40.9751666666667	state_03	OAP	571.358434302138	G-A
1	LV3003047095	blue	ST8	40.9751666666667	state_03	OAP	726.568993506494	G-A
1	LV3003047095	brown	ST8	40.9751666666667	state_03	OAP	136.679782903664	G-A
1	LV3003047096	grey	ST8	36.89377	state_03	OAP	440.302845126752	G-A
1	LV3003047096	turquoise	ST8	36.89377	state_03	OAP	278.787036382918	G-A
1	LV3003047096	yellow	ST8	36.89377	state_03	OAP	567.244008415015	G-A
1	LV3003047096	blue	ST8	36.89377	state_03	OAP	704.332940251572	G-A
1	LV3003047096	brown	ST8	36.89377	state_03	OAP	204.288474462366	G-A
1	LV3003047096	green	ST8	36.89377	state_03	OAP	820	G-A
1	LV3003047097	grey	ST8	32.835	state_03	OAP	458.786266937751	G-A
1	LV3003047097	turquoise	ST8	32.835	state_03	OAP	453.698859056631	G-A
1	LV3003047097	yellow	ST8	32.835	state_03	OAP	553.814985758497	G-A
1	LV3003047097	green	ST8	32.835	state_03	OAP	820	G-A
1	LV3003047097	blue	ST8	32.835	state_03	OAP	-217	G-A
1	LV3003047097	brown	ST8	32.835	state_03	OAP	274.484375	G-A
1	LV3003047098	turquoise	ST8	29.278	state_03	OAP	402.5103087749	G-A
1	LV3003047098	grey	ST8	29.278	state_03	OAP	482.574823383633	G-A
1	LV3003047098	yellow	ST8	29.278	state_03	OAP	559.983598176891	G-A
1	LV3003047098	blue	ST8	29.278	state_03	OAP	820	G-A
1	LV3003047098	brown	ST8	29.278	state_03	OAP	-244	G-A
1	LV3003047099	turquoise	ST8	25.058	state_03	OAP	454.290504382027	G-A
1	LV3003047099	grey	ST8	25.058	state_03	OAP	523.863841266076	G-A
1	LV3003047099	yellow	ST8	25.058	state_03	OAP	582.863134037518	G-A
1	LV3003047099	brown	ST8	25.058	state_03	OAP	293.272164948454	G-A
1	LV3003047099	blue	ST8	25.058	state_03	OAP	690.533542950591	G-A
1	LV3003047099	green	ST8	25.058	state_03	OAP	783.3809375	G-A
1	LV3003047110	grey	ST8	49.1548	state_03	OAP	376.746771615387	G-A
1	LV3003047110	turquoise	ST8	49.1548	state_03	OAP	429.458380837269	G-A
1	LV3003047110	yellow	ST8	49.1548	state_03	OAP	594.186255397644	G-A
1	LV3003047110	green	ST8	49.1548	state_03	OAP	820	G-A
1	LV3003047112	turquoise	ST8	40.0335	state_03	OAP	488.435573321715	G-A
1	LV3003047112	yellow	ST8	40.0335	state_03	OAP	559.23587201322	G-A
1	LV3003047112	grey	ST8	40.0335	state_03	OAP	523.061791408078	G-A
1	LV3003047112	blue	ST8	40.0335	state_03	OAP	523.136042402827	G-A
1	LV3003047112	green	ST8	40.0335	state_03	OAP	665.1672091131	G-A
1	LV3003047112	brown	ST8	40.0335	state_03	OAP	297.2	G-A
1	LV3003047113	grey	ST8	36.48927	state_03	OAP	505.353257249576	G-A
1	LV3003047113	turquoise	ST8	36.48927	state_03	OAP	338.458690494887	G-A
1	LV3003047113	yellow	ST8	36.48927	state_03	OAP	568.933112932156	G-A
1	LV3003047113	brown	ST8	36.48927	state_03	OAP	240.984857571214	G-A
1	LV3003047113	blue	ST8	36.48927	state_03	OAP	500.60798816568	G-A
1	LV3003047113	green	ST8	36.48927	state_03	OAP	820	G-A
1	LV3003047114	green	ST8	32.3855	state_03	OAP	797.157972972973	G-A
1	LV3003047114	turquoise	ST8	32.3855	state_03	OAP	518.286900046177	G-A
1	LV3003047114	yellow	ST8	32.3855	state_03	OAP	638.390105697667	G-A
1	LV3003047114	grey	ST8	32.3855	state_03	OAP	477.599060750976	G-A
1	LV3003047117	grey	ST8	28.7616666666667	state_03	OAP	508.918762433659	G-A
1	LV3003047117	turquoise	ST8	28.7616666666667	state_03	OAP	470.464819185529	G-A
1	LV3003047117	yellow	ST8	28.7616666666667	state_03	OAP	567.221071417438	G-A
1	LV3003047117	blue	ST8	28.7616666666667	state_03	OAP	820	G-A
1	LV3003047117	green	ST8	28.7616666666667	state_03	OAP	759.508333333333	G-A
1	LV3003047117	brown	ST8	28.7616666666667	state_03	OAP	203.586715867159	G-A
1	LV3003047126	turquoise	ST8	64.210824	state_03	OAP	450.739875895969	G-A
1	LV3003047126	grey	ST8	64.210824	state_03	OAP	468.89148796516	G-A
1	LV3003047126	yellow	ST8	64.210824	state_03	OAP	440.106442316219	G-A
1	LV3003047126	blue	ST8	64.210824	state_03	OAP	820	G-A
1	LV3003047126	green	ST8	64.210824	state_03	OAP	820	G-A
1	LV3003047128	grey	ST8	39.57797	state_03	OAP	488.945760529029	G-A
1	LV3003047128	turquoise	ST8	39.57797	state_03	OAP	390.838845098623	G-A
1	LV3003047128	yellow	ST8	39.57797	state_03	OAP	613.99563508704	G-A
1	LV3003047128	blue	ST8	39.57797	state_03	OAP	805.812693498452	G-A
1	LV3003047128	brown	ST8	39.57797	state_03	OAP	128.275986961246	G-A
1	LV3003047129	turquoise	ST8	36.0373	state_03	OAP	435.990651008777	G-A
1	LV3003047129	grey	ST8	36.0373	state_03	OAP	521.450054784335	G-A
1	LV3003047129	yellow	ST8	36.0373	state_03	OAP	589.438406724526	G-A
1	LV3003047129	brown	ST8	36.0373	state_03	OAP	10.7333267163492	G-A
1	LV3003047129	blue	ST8	36.0373	state_03	OAP	737.471678321678	G-A
1	LV3003047130	grey	ST8	31.936	state_03	OAP	422.853805285678	G-A
1	LV3003047130	turquoise	ST8	31.936	state_03	OAP	490.722030281317	G-A
1	LV3003047130	yellow	ST8	31.936	state_03	OAP	624.849451609212	G-A
1	LV3003047130	green	ST8	31.936	state_03	OAP	820	G-A
1	LV3003047130	brown	ST8	31.936	state_03	OAP	215.75	G-A
1	LV3003047130	blue	ST8	31.936	state_03	OAP	379.677675840979	G-A
1	LV3003047131	turquoise	ST8	28.2453333333333	state_03	OAP	430.525679039206	G-A
1	LV3003047131	yellow	ST8	28.2453333333333	state_03	OAP	593.571825700032	G-A
1	LV3003047131	grey	ST8	28.2453333333333	state_03	OAP	535.498291972931	G-A
1	LV3003047131	green	ST8	28.2453333333333	state_03	OAP	690.416814516129	G-A
1	LV3003047131	brown	ST8	28.2453333333333	state_03	OAP	406.232838983051	G-A
1	LV3003047131	blue	ST8	28.2453333333333	state_03	OAP	614.633333333333	G-A
1	LV3003047137	turquoise	ST8	66.9462	state_03	OAP	349.666513932135	G-A
1	LV3003047137	grey	ST8	66.9462	state_03	OAP	277.054745559467	G-A
1	LV3003047137	yellow	ST8	66.9462	state_03	OAP	617.456522247149	G-A
1	LV3003047137	brown	ST8	66.9462	state_03	OAP	129.518367346939	G-A
1	LV3003047137	blue	ST8	66.9462	state_03	OAP	350	G-A
1	LV3003047139	turquoise	ST8	58.6141266666667	state_03	OAP	437.92995972765	G-A
1	LV3003047139	yellow	ST8	58.6141266666667	state_03	OAP	593.814911039859	G-A
1	LV3003047139	grey	ST8	58.6141266666667	state_03	OAP	489.633633277662	G-A
1	LV3003047139	blue	ST8	58.6141266666667	state_03	OAP	350	G-A
1	LV3003047139	brown	ST8	58.6141266666667	state_03	OAP	297.2	G-A
1	LV3003047142	turquoise	ST8	35.5823	state_03	OAP	486.688418626927	G-A
1	LV3003047142	grey	ST8	35.5823	state_03	OAP	550.430750945763	G-A
1	LV3003047142	yellow	ST8	35.5823	state_03	OAP	603.327464355949	G-A
1	LV3003047142	blue	ST8	35.5823	state_03	OAP	643.71	G-A
1	LV3003047142	brown	ST8	35.5823	state_03	OAP	218.251653439153	G-A
1	LV3003047143	turquoise	ST8	31.398	state_03	OAP	428.699905954249	G-A
1	LV3003047143	yellow	ST8	31.398	state_03	OAP	556.787549573666	G-A
1	LV3003047143	grey	ST8	31.398	state_03	OAP	440.81649928471	G-A
1	LV3003047143	green	ST8	31.398	state_03	OAP	798.660862683023	G-A
1	LV3003047143	brown	ST8	31.398	state_03	OAP	-139.731943945383	G-A
1	LV3003047143	blue	ST8	31.398	state_03	OAP	820	G-A
1	LV3003047144	grey	ST8	27.729	state_03	OAP	567.039214365943	G-A
1	LV3003047144	turquoise	ST8	27.729	state_03	OAP	488.09345086435	G-A
1	LV3003047144	yellow	ST8	27.729	state_03	OAP	524.645363754831	G-A
1	LV3003047144	brown	ST8	27.729	state_03	OAP	401.531932773109	G-A
1	LV3003047144	blue	ST8	27.729	state_03	OAP	578.663577142857	G-A
1	LV3003047144	green	ST8	27.729	state_03	OAP	698.618099231307	G-A
1	LV3003047146	turquoise	ST8	63.2667	state_03	OAP	470.994644585001	G-A
1	LV3003047146	grey	ST8	63.2667	state_03	OAP	546.718370412206	G-A
1	LV3003047146	yellow	ST8	63.2667	state_03	OAP	560.687052303589	G-A
1	LV3003047146	brown	ST8	63.2667	state_03	OAP	246.104960664336	G-A
1	LV3003047146	blue	ST8	63.2667	state_03	OAP	737.309082338152	G-A
1	LV3003047146	green	ST8	63.2667	state_03	OAP	732.887826961771	G-A
1	LV3003047147	turquoise	ST8	62.3217	state_03	OAP	411.459078915928	G-A
1	LV3003047147	grey	ST8	62.3217	state_03	OAP	476.964260017777	G-A
1	LV3003047147	yellow	ST8	62.3217	state_03	OAP	582.234158415842	G-A
1	LV3003047147	brown	ST8	62.3217	state_03	OAP	236.086178861789	G-A
1	LV3003047147	blue	ST8	62.3217	state_03	OAP	820	G-A
1	LV3003047147	green	ST8	62.3217	state_03	OAP	820	G-A
1	LV3003047148	grey	ST8	61.3767	state_03	OAP	404.15725974464	G-A
1	LV3003047148	turquoise	ST8	61.3767	state_03	OAP	347.735983361935	G-A
1	LV3003047148	yellow	ST8	61.3767	state_03	OAP	596.869685321519	G-A
1	LV3003047148	brown	ST8	61.3767	state_03	OAP	427.551851851852	G-A
1	LV3003047148	blue	ST8	61.3767	state_03	OAP	820	G-A
1	LV3003047148	green	ST8	61.3767	state_03	OAP	820	G-A
1	LV3003047149	grey	ST8	60.4317	state_03	OAP	418.20440328235	G-A
1	LV3003047149	yellow	ST8	60.4317	state_03	OAP	547.971882007268	G-A
1	LV3003047149	turquoise	ST8	60.4317	state_03	OAP	386.39503604844	G-A
1	LV3003047149	green	ST8	60.4317	state_03	OAP	746.528340080972	G-A
1	LV3003047149	brown	ST8	60.4317	state_03	OAP	-244	G-A
1	LV3003047149	blue	ST8	60.4317	state_03	OAP	-217	G-A
1	LV3003047150	grey	ST8	59.5217933333333	state_03	OAP	493.710092188756	G-A
1	LV3003047150	turquoise	ST8	59.5217933333333	state_03	OAP	400.004784513434	G-A
1	LV3003047150	yellow	ST8	59.5217933333333	state_03	OAP	573.093344495421	G-A
1	LV3003047150	blue	ST8	59.5217933333333	state_03	OAP	747.169083717864	G-A
1	LV3003047150	brown	ST8	59.5217933333333	state_03	OAP	160.221276595745	G-A
1	LV3003047150	green	ST8	59.5217933333333	state_03	OAP	719.258831521739	G-A
1	LV3003047152	grey	ST8	45.00002	state_03	OAP	490.41088850368	G-A
1	LV3003047152	turquoise	ST8	45.00002	state_03	OAP	451.997657610605	G-A
1	LV3003047152	yellow	ST8	45.00002	state_03	OAP	599.171673358693	G-A
1	LV3003047152	green	ST8	45.00002	state_03	OAP	680.58066692367	G-A
1	LV3003047152	blue	ST8	45.00002	state_03	OAP	560.75	G-A
1	LV3003047152	brown	ST8	45.00002	state_03	OAP	-244	G-A
1	LV3003047153	grey	ST8	38.71393	state_03	OAP	445.387307424962	G-A
1	LV3003047153	turquoise	ST8	38.71393	state_03	OAP	375.958047028898	G-A
1	LV3003047153	yellow	ST8	38.71393	state_03	OAP	609.793264800626	G-A
1	LV3003047153	green	ST8	38.71393	state_03	OAP	682.117407407407	G-A
1	LV3003047153	brown	ST8	38.71393	state_03	OAP	215.75	G-A
1	LV3003047153	blue	ST8	38.71393	state_03	OAP	759.422222222222	G-A
1	LV3003047154	turquoise	ST8	35.13012	state_03	OAP	473.318657288542	G-A
1	LV3003047154	yellow	ST8	35.13012	state_03	OAP	597.569823492064	G-A
1	LV3003047154	grey	ST8	35.13012	state_03	OAP	468.267281096033	G-A
1	LV3003047154	green	ST8	35.13012	state_03	OAP	747.092301649647	G-A
1	LV3003047154	brown	ST8	35.13012	state_03	OAP	101.801526717557	G-A
1	LV3003047155	turquoise	ST8	30.9475	state_03	OAP	349.186493195514	G-A
1	LV3003047155	yellow	ST8	30.9475	state_03	OAP	575.05427092796	G-A
1	LV3003047155	grey	ST8	30.9475	state_03	OAP	431.688872901789	G-A
1	LV3003047155	brown	ST8	30.9475	state_03	OAP	518.6	G-A
1	LV3003047155	blue	ST8	30.9475	state_03	OAP	569.692307692308	G-A
1	LV3003047156	grey	ST8	27.1996666666667	state_03	OAP	555.160919519447	G-A
1	LV3003047156	turquoise	ST8	27.1996666666667	state_03	OAP	485.698484197899	G-A
1	LV3003047156	yellow	ST8	27.1996666666667	state_03	OAP	579.923864179195	G-A
1	LV3003047156	blue	ST8	27.1996666666667	state_03	OAP	642.064414209731	G-A
1	LV3003047156	brown	ST8	27.1996666666667	state_03	OAP	405.41081703107	G-A
1	LV3003047156	green	ST8	27.1996666666667	state_03	OAP	668.830348943985	G-A
1	LV3003047158	grey	ST8	57.70646	state_03	OAP	479.154510507825	G-A
1	LV3003047158	turquoise	ST8	57.70646	state_03	OAP	447.89595317789	G-A
1	LV3003047158	yellow	ST8	57.70646	state_03	OAP	591.110087656272	G-A
1	LV3003047158	blue	ST8	57.70646	state_03	OAP	820	G-A
1	LV3003047158	brown	ST8	57.70646	state_03	OAP	82.2678571428572	G-A
1	LV3003047158	green	ST8	57.70646	state_03	OAP	820	G-A
1	LV3003047159	turquoise	ST8	56.7987933333333	state_03	OAP	506.543888908505	G-A
1	LV3003047159	yellow	ST8	56.7987933333333	state_03	OAP	552.183503416322	G-A
1	LV3003047159	grey	ST8	56.7987933333333	state_03	OAP	569.170283867449	G-A
1	LV3003047159	green	ST8	56.7987933333333	state_03	OAP	690.228032879819	G-A
1	LV3003047159	brown	ST8	56.7987933333333	state_03	OAP	360	G-A
1	LV3003047164	grey	ST8	43.93302	state_03	OAP	420.385131596018	G-A
1	LV3003047164	turquoise	ST8	43.93302	state_03	OAP	492.473027727912	G-A
1	LV3003047164	yellow	ST8	43.93302	state_03	OAP	544.861311721447	G-A
1	LV3003047164	blue	ST8	43.93302	state_03	OAP	820	G-A
1	LV3003047164	green	ST8	43.93302	state_03	OAP	820	G-A
1	LV3003047166	grey	ST8	38.27343	state_03	OAP	485.902821073366	G-A
1	LV3003047166	turquoise	ST8	38.27343	state_03	OAP	381.700785674428	G-A
1	LV3003047166	yellow	ST8	38.27343	state_03	OAP	600.457796088499	G-A
1	LV3003047166	green	ST8	38.27343	state_03	OAP	705.914576103124	G-A
1	LV3003047166	blue	ST8	38.27343	state_03	OAP	560.75	G-A
1	LV3003047166	brown	ST8	38.27343	state_03	OAP	297.2	G-A
1	LV3003047167	turquoise	ST8	34.67812	state_03	OAP	462.965067240561	G-A
1	LV3003047167	yellow	ST8	34.67812	state_03	OAP	641.897543539222	G-A
1	LV3003047167	grey	ST8	34.67812	state_03	OAP	502.569684795294	G-A
1	LV3003047167	brown	ST8	34.67812	state_03	OAP	-106.816532258065	G-A
1	LV3003047168	grey	ST8	30.497	state_03	OAP	474.330906714322	G-A
1	LV3003047168	turquoise	ST8	30.497	state_03	OAP	459.819573624031	G-A
1	LV3003047168	yellow	ST8	30.497	state_03	OAP	618.320756290975	G-A
1	LV3003047168	blue	ST8	30.497	state_03	OAP	631.289704591986	G-A
1	LV3003047168	brown	ST8	30.497	state_03	OAP	250.520351087849	G-A
1	LV3003047168	green	ST8	30.497	state_03	OAP	761.973823246878	G-A
1	LV3003047169	grey	ST8	26.6703333333333	state_03	OAP	537.81986850805	G-A
1	LV3003047169	turquoise	ST8	26.6703333333333	state_03	OAP	454.170039473718	G-A
1	LV3003047169	yellow	ST8	26.6703333333333	state_03	OAP	549.2107596613	G-A
1	LV3003047169	brown	ST8	26.6703333333333	state_03	OAP	359.18958611482	G-A
1	LV3003047169	blue	ST8	26.6703333333333	state_03	OAP	592.293767248063	G-A
1	LV3003047169	green	ST8	26.6703333333333	state_03	OAP	820	G-A
1	LV3003061475	turquoise	ST13	53.844	state_03	OAP	424.34548550417	G-A
1	LV3003061475	yellow	ST13	53.844	state_03	OAP	562.926249610955	G-A
1	LV3003061475	grey	ST13	53.844	state_03	OAP	408.262888150443	G-A
1	LV3003061475	green	ST13	53.844	state_03	OAP	721.007273034087	G-A
1	LV3003061475	blue	ST13	53.844	state_03	OAP	-217	G-A
1	LV3003061476	grey	ST13	37.16	state_03	OAP	487.648884724098	G-A
1	LV3003061476	green	ST13	37.16	state_03	OAP	693.323457829481	G-A
1	LV3003061476	turquoise	ST13	37.16	state_03	OAP	388.228702062403	G-A
1	LV3003061476	yellow	ST13	37.16	state_03	OAP	625.350179084927	G-A
1	LV3003061476	blue	ST13	37.16	state_03	OAP	786.389534883721	G-A
1	LV3003061476	brown	ST13	37.16	state_03	OAP	-120.821088435374	G-A
1	LV3003061488	grey	ST13	35.041	state_03	OAP	532.661497032584	G-A
1	LV3003061488	green	ST13	35.041	state_03	OAP	678.26421153031	G-A
1	LV3003061488	turquoise	ST13	35.041	state_03	OAP	383.507532571337	G-A
1	LV3003061488	yellow	ST13	35.041	state_03	OAP	589.333477694481	G-A
1	LV3003061488	blue	ST13	35.041	state_03	OAP	662.050117766715	G-A
1	LV3003061488	brown	ST13	35.041	state_03	OAP	122.702258866347	G-A
1	LV3003061504	turquoise	ST13	50.268	state_03	OAP	403.272515077853	G-A
1	LV3003061504	grey	ST13	50.268	state_03	OAP	340.277820297221	G-A
1	LV3003061504	yellow	ST13	50.268	state_03	OAP	575.277326774447	G-A
1	LV3003061504	green	ST13	50.268	state_03	OAP	677.560642857143	G-A
1	LV3003061505	grey	ST13	32.81	state_03	OAP	479.753482701475	G-A
1	LV3003061505	turquoise	ST13	32.81	state_03	OAP	377.597011217232	G-A
1	LV3003061505	yellow	ST13	32.81	state_03	OAP	566.702611929264	G-A
1	LV3003061505	blue	ST13	32.81	state_03	OAP	630.270789473684	G-A
1	LV3003061505	green	ST13	32.81	state_03	OAP	498.738283627511	G-A
1	LV3003061505	brown	ST13	32.81	state_03	OAP	296.616028708134	G-A
1	LV3003061516	turquoise	ST13	48.537	state_03	OAP	368.749655969273	G-A
1	LV3003061516	grey	ST13	48.537	state_03	OAP	319.882118675241	G-A
1	LV3003061516	yellow	ST13	48.537	state_03	OAP	597.134656706542	G-A
1	LV3003061516	blue	ST13	48.537	state_03	OAP	820	G-A
1	LV3003061516	green	ST13	48.537	state_03	OAP	669.289333333333	G-A
1	LV3003061530	turquoise	ST13	47.046	state_03	OAP	220.04259485538	G-A
1	LV3003061530	grey	ST13	47.046	state_03	OAP	457.868990764217	G-A
1	LV3003061530	yellow	ST13	47.046	state_03	OAP	580.251951213802	G-A
1	LV3003061530	green	ST13	47.046	state_03	OAP	712.206014882183	G-A
1	LV3003061530	blue	ST13	47.046	state_03	OAP	84.4754098360656	G-A
1	LV3003061531	grey	ST13	28.445	state_03	OAP	510.701119872753	G-A
1	LV3003061531	green	ST13	28.445	state_03	OAP	735.351545494123	G-A
1	LV3003061531	turquoise	ST13	28.445	state_03	OAP	340.457159804003	G-A
1	LV3003061531	yellow	ST13	28.445	state_03	OAP	608.627185487051	G-A
1	LV3003061531	blue	ST13	28.445	state_03	OAP	587.178081239666	G-A
1	LV3003061531	brown	ST13	28.445	state_03	OAP	97.6422534209506	G-A
1	LV3003061544	grey	ST13	45.122	state_03	OAP	529.973787060634	G-A
1	LV3003061544	turquoise	ST13	45.122	state_03	OAP	491.011402832938	G-A
1	LV3003061544	yellow	ST13	45.122	state_03	OAP	595.306619424993	G-A
1	LV3003061544	green	ST13	45.122	state_03	OAP	711.204986555854	G-A
1	LV3003061544	blue	ST13	45.122	state_03	OAP	553.739884393064	G-A
1	LV3003061544	brown	ST13	45.122	state_03	OAP	311.538057742782	G-A
1	LV3003061545	grey	ST13	23.172	state_03	OAP	513.806225408946	G-A
1	LV3003061545	turquoise	ST13	23.172	state_03	OAP	389.543000530064	G-A
1	LV3003061545	yellow	ST13	23.172	state_03	OAP	538.826195820956	G-A
1	LV3003061545	blue	ST13	23.172	state_03	OAP	690.548830415495	G-A
1	LV3003061545	brown	ST13	23.172	state_03	OAP	178.892321828519	G-A
1	LV3003061545	green	ST13	23.172	state_03	OAP	733.422931167827	G-A
1	LV3003061558	grey	ST13	42.626	state_03	OAP	527.476224260771	G-A
1	LV3003061558	green	ST13	42.626	state_03	OAP	715.827588046958	G-A
1	LV3003061558	turquoise	ST13	42.626	state_03	OAP	383.210028138288	G-A
1	LV3003061558	yellow	ST13	42.626	state_03	OAP	506.660561300503	G-A
1	LV3003061558	blue	ST13	42.626	state_03	OAP	619.437243080543	G-A
1	LV3003061558	brown	ST13	42.626	state_03	OAP	11.0466804979253	G-A
1	LV3003061559	green	ST13	21.069	state_03	OAP	494.650828424153	G-A
1	LV3003061559	grey	ST13	21.069	state_03	OAP	494.389953524044	G-A
1	LV3003061559	turquoise	ST13	21.069	state_03	OAP	423.525869370832	G-A
1	LV3003061559	yellow	ST13	21.069	state_03	OAP	610.478510285954	G-A
1	LV3003061559	blue	ST13	21.069	state_03	OAP	566.802498580352	G-A
1	LV3003061559	brown	ST13	21.069	state_03	OAP	230.512363942067	G-A
1	LV3003061571	turquoise	ST13	40.457	state_03	OAP	264.210976136055	G-A
1	LV3003061571	grey	ST13	40.457	state_03	OAP	493.283016959391	G-A
1	LV3003061571	yellow	ST13	40.457	state_03	OAP	569.885925860625	G-A
1	LV3003061571	blue	ST13	40.457	state_03	OAP	730.564145803606	G-A
1	LV3003061571	brown	ST13	40.457	state_03	OAP	-6.51639162414459	G-A
1	LV3003061571	green	ST13	40.457	state_03	OAP	751.050531914894	G-A
1	LV7008886221	grey	GeoB25202_R1	50.3555	state_03	OAP	373.106561806931	G-A
1	LV7008886221	turquoise	GeoB25202_R1	50.3555	state_03	OAP	262.302849864819	G-A
1	LV7008886221	yellow	GeoB25202_R1	50.3555	state_03	OAP	614.358529455299	G-A
1	LV7008886221	green	GeoB25202_R1	50.3555	state_03	OAP	820	G-A
1	LV7008886221	brown	GeoB25202_R1	50.3555	state_03	OAP	820	G-A
1	LV7008886222	turquoise	GeoB25202_R1	136.2775	state_03	OAP	511.037267188073	G-A
1	LV7008886222	yellow	GeoB25202_R1	136.2775	state_03	OAP	492.928969492389	G-A
1	LV7008886222	grey	GeoB25202_R1	136.2775	state_03	OAP	263.353922196354	G-A
1	LV7008886222	green	GeoB25202_R1	136.2775	state_03	OAP	699.747884615385	G-A
1	LV7008886222	blue	GeoB25202_R1	136.2775	state_03	OAP	820	G-A
1	LV7008886226	grey	GeoB25202_R2	36.607	state_03	OAP	307.670793534863	G-A
1	LV7008886226	turquoise	GeoB25202_R2	36.607	state_03	OAP	291.148020391499	G-A
1	LV7008886226	yellow	GeoB25202_R2	36.607	state_03	OAP	676.361643220324	G-A
1	LV7008886226	brown	GeoB25202_R2	36.607	state_03	OAP	543.279571893904	G-A
1	LV7008886226	blue	GeoB25202_R2	36.607	state_03	OAP	684.545437931555	G-A
1	LV7008886226	green	GeoB25202_R2	36.607	state_03	OAP	705.664102564103	G-A
1	LV7008886692	turquoise	GeoB25202_R1	53.875	state_03	OAP	385.383620904949	G-A
1	LV7008886692	grey	GeoB25202_R1	53.875	state_03	OAP	156.571530495235	G-A
1	LV7008886692	yellow	GeoB25202_R1	53.875	state_03	OAP	598.074957442281	G-A
1	LV7008886703	grey	GeoB25202_R1	27.6855	state_03	OAP	502.653735844775	G-A
1	LV7008886703	turquoise	GeoB25202_R1	27.6855	state_03	OAP	411.559294255812	G-A
1	LV7008886703	yellow	GeoB25202_R1	27.6855	state_03	OAP	588.783269604045	G-A
1	LV7008886703	blue	GeoB25202_R1	27.6855	state_03	OAP	476.563841862255	G-A
1	LV7008886703	brown	GeoB25202_R1	27.6855	state_03	OAP	117.028681506849	G-A
1	LV7008886703	green	GeoB25202_R1	27.6855	state_03	OAP	678.555388093444	G-A
1	LV7008886704	grey	GeoB25202_R2	53.875	state_03	OAP	132.722258997458	G-A
1	LV7008886704	turquoise	GeoB25202_R2	53.875	state_03	OAP	390.902959418458	G-A
1	LV7008886704	yellow	GeoB25202_R2	53.875	state_03	OAP	581.53833375336	G-A
1	LV7008886704	blue	GeoB25202_R2	53.875	state_03	OAP	-217	G-A
1	LV7008886704	green	GeoB25202_R2	53.875	state_03	OAP	707.377183219178	G-A
1	LV7008886709	turquoise	GeoB25202_R1	147.206	state_03	OAP	500.047283428175	G-A
1	LV7008886709	yellow	GeoB25202_R1	147.206	state_03	OAP	620.292147389674	G-A
1	LV7008886709	grey	GeoB25202_R1	147.206	state_03	OAP	371.757604092994	G-A
1	LV7008886709	blue	GeoB25202_R1	147.206	state_03	OAP	454.604600965635	G-A
1	LV7008886709	green	GeoB25202_R1	147.206	state_03	OAP	820	G-A
1	LV7008886709	brown	GeoB25202_R1	147.206	state_03	OAP	-234.608695652174	G-A
1	LV7008886715	grey	GeoB25202_R2	27.6855	state_03	OAP	512.589537061272	G-A
1	LV7008886715	turquoise	GeoB25202_R2	27.6855	state_03	OAP	301.479918009937	G-A
1	LV7008886715	yellow	GeoB25202_R2	27.6855	state_03	OAP	540.663111500798	G-A
1	LV7008886715	blue	GeoB25202_R2	27.6855	state_03	OAP	593.247412021134	G-A
1	LV7008886715	brown	GeoB25202_R2	27.6855	state_03	OAP	92.2958333333334	G-A
1	LV7008886715	green	GeoB25202_R2	27.6855	state_03	OAP	770.53552097429	G-A
1	LV7008886721	turquoise	GeoB25202_R2	147.206	state_03	OAP	512.132200256759	G-A
1	LV7008886721	yellow	GeoB25202_R2	147.206	state_03	OAP	625.59550316087	G-A
1	LV7008886721	grey	GeoB25202_R2	147.206	state_03	OAP	344.578840538339	G-A
1	LV7008886721	green	GeoB25202_R2	147.206	state_03	OAP	653.746893101633	G-A
1	LV7008886721	blue	GeoB25202_R2	147.206	state_03	OAP	820	G-A
1	LV7008886721	brown	GeoB25202_R2	147.206	state_03	OAP	101.000160436387	G-A
1	LV7008886728	grey	GeoB25202_R2	50.3555	state_03	OAP	203.564570425327	G-A
1	LV7008886728	turquoise	GeoB25202_R2	50.3555	state_03	OAP	377.731712946705	G-A
1	LV7008886728	yellow	GeoB25202_R2	50.3555	state_03	OAP	570.873542186489	G-A
1	LV7008886728	green	GeoB25202_R2	50.3555	state_03	OAP	820	G-A
1	LV7008886728	blue	GeoB25202_R2	50.3555	state_03	OAP	637.142857142857	G-A
1	LV7008886740	grey	GeoB25202_R1	43.105	state_03	OAP	403.06008333259	G-A
1	LV7008886740	turquoise	GeoB25202_R1	43.105	state_03	OAP	382.453808245966	G-A
1	LV7008886740	yellow	GeoB25202_R1	43.105	state_03	OAP	582.427771906871	G-A
1	LV7008886740	blue	GeoB25202_R1	43.105	state_03	OAP	546.622983870968	G-A
1	LV7008886740	green	GeoB25202_R1	43.105	state_03	OAP	416.150149636021	G-A
1	LV7008886752	grey	GeoB25202_R2	43.105	state_03	OAP	287.560654166857	G-A
1	LV7008886752	turquoise	GeoB25202_R2	43.105	state_03	OAP	398.334185425933	G-A
1	LV7008886752	yellow	GeoB25202_R2	43.105	state_03	OAP	569.902645122307	G-A
1	LV7008886752	blue	GeoB25202_R2	43.105	state_03	OAP	621.093373493976	G-A
1	LV7008886752	green	GeoB25202_R2	43.105	state_03	OAP	484.294699200673	G-A
1	LV7008886765	turquoise	GeoB25202_R1	58.181	state_03	OAP	452.881692229877	G-A
1	LV7008886765	grey	GeoB25202_R1	58.181	state_03	OAP	324.271072710927	G-A
1	LV7008886765	yellow	GeoB25202_R1	58.181	state_03	OAP	606.900365973675	G-A
1	LV7008886765	brown	GeoB25202_R1	58.181	state_03	OAP	242.827128172181	G-A
1	LV7008886765	green	GeoB25202_R1	58.181	state_03	OAP	720.371228266966	G-A
1	LV7008886776	grey	GeoB25202_R1	36.607	state_03	OAP	435.052603435424	G-A
1	LV7008886776	green	GeoB25202_R1	36.607	state_03	OAP	708.996320416802	G-A
1	LV7008886776	turquoise	GeoB25202_R1	36.607	state_03	OAP	447.102752904304	G-A
1	LV7008886776	yellow	GeoB25202_R1	36.607	state_03	OAP	539.181978267509	G-A
1	LV7008886776	blue	GeoB25202_R1	36.607	state_03	OAP	538.34933446095	G-A
1	LV7008886776	brown	GeoB25202_R1	36.607	state_03	OAP	297.2	G-A
1	LV3003047044	grey	ST8	12.078	state_03	MGI	-13.8155105579643	G-A
1	LV3003047044	turquoise	ST8	12.078	state_03	MGI	-13.8155105579643	G-A
1	LV3003047044	yellow	ST8	12.078	state_03	MGI	-13.8155105579643	G-A
1	LV3003047044	green	ST8	12.078	state_03	MGI	-13.8155105579643	G-A
1	LV3003047044	blue	ST8	12.078	state_03	MGI	-13.8155105579643	G-A
1	LV3003047044	brown	ST8	12.078	state_03	MGI	-13.8155105579643	G-A
1	LV3003047067	turquoise	ST8	42.86602	state_03	MGI	-13.8155105579643	G-A
1	LV3003047067	grey	ST8	42.86602	state_03	MGI	-13.8155105579643	G-A
1	LV3003047067	yellow	ST8	42.86602	state_03	MGI	-13.8155105579643	G-A
1	LV3003047067	green	ST8	42.86602	state_03	MGI	-13.8155105579643	G-A
1	LV3003047067	blue	ST8	42.86602	state_03	MGI	-13.8155105579643	G-A
1	LV3003047067	brown	ST8	42.86602	state_03	MGI	-13.8155105579643	G-A
1	LV3003047068	turquoise	ST8	37.78969	state_03	MGI	-13.8155105579643	G-A
1	LV3003047068	yellow	ST8	37.78969	state_03	MGI	-13.8155105579643	G-A
1	LV3003047068	grey	ST8	37.78969	state_03	MGI	-13.8155105579643	G-A
1	LV3003047068	blue	ST8	37.78969	state_03	MGI	-13.8155105579643	G-A
1	LV3003047068	brown	ST8	37.78969	state_03	MGI	-13.8155105579643	G-A
1	LV3003047068	green	ST8	37.78969	state_03	MGI	-13.8155105579643	G-A
1	LV3003047069	turquoise	ST8	33.7436870748299	state_03	MGI	-13.8155105579643	G-A
1	LV3003047069	grey	ST8	33.7436870748299	state_03	MGI	-13.8155105579643	G-A
1	LV3003047069	yellow	ST8	33.7436870748299	state_03	MGI	-13.8155105579643	G-A
1	LV3003047069	brown	ST8	33.7436870748299	state_03	MGI	-13.8155105579643	G-A
1	LV3003047069	blue	ST8	33.7436870748299	state_03	MGI	-13.8155105579643	G-A
1	LV3003047069	green	ST8	33.7436870748299	state_03	MGI	-13.8155105579643	G-A
1	LV3003047070	turquoise	ST8	30.128	state_03	MGI	-13.8155105579643	G-A
1	LV3003047070	yellow	ST8	30.128	state_03	MGI	-13.8155105579643	G-A
1	LV3003047070	grey	ST8	30.128	state_03	MGI	-13.8155105579643	G-A
1	LV3003047070	brown	ST8	30.128	state_03	MGI	-13.8155105579643	G-A
1	LV3003047070	blue	ST8	30.128	state_03	MGI	-13.8155105579643	G-A
1	LV3003047071	grey	ST8	26.141	state_03	MGI	-13.8155105579643	G-A
1	LV3003047071	turquoise	ST8	26.141	state_03	MGI	-13.8155105579643	G-A
1	LV3003047071	yellow	ST8	26.141	state_03	MGI	-13.8155105579643	G-A
1	LV3003047071	brown	ST8	26.141	state_03	MGI	-13.8155105579643	G-A
1	LV3003047071	blue	ST8	26.141	state_03	MGI	-13.8155105579643	G-A
1	LV3003047071	green	ST8	26.141	state_03	MGI	-13.8155105579643	G-A
1	LV3003047081	turquoise	ST8	52.20718	state_03	MGI	-13.8155105579643	G-A
1	LV3003047081	grey	ST8	52.20718	state_03	MGI	-13.8155105579643	G-A
1	LV3003047081	yellow	ST8	52.20718	state_03	MGI	-13.8155105579643	G-A
1	LV3003047081	brown	ST8	52.20718	state_03	MGI	-13.8155105579643	G-A
1	LV3003047081	blue	ST8	52.20718	state_03	MGI	-13.8155105579643	G-A
1	LV3003047081	green	ST8	52.20718	state_03	MGI	-13.8155105579643	G-A
1	LV3003047082	turquoise	ST8	41.9168333333333	state_03	MGI	-13.8155105579643	G-A
1	LV3003047082	yellow	ST8	41.9168333333333	state_03	MGI	-13.8155105579643	G-A
1	LV3003047082	grey	ST8	41.9168333333333	state_03	MGI	-13.8155105579643	G-A
1	LV3003047082	green	ST8	41.9168333333333	state_03	MGI	-13.8155105579643	G-A
1	LV3003047082	brown	ST8	41.9168333333333	state_03	MGI	-13.8155105579643	G-A
1	LV3003047082	blue	ST8	41.9168333333333	state_03	MGI	-13.8155105579643	G-A
1	LV3003047083	grey	ST8	37.30319	state_03	MGI	-13.8155105579643	G-A
1	LV3003047083	turquoise	ST8	37.30319	state_03	MGI	-13.8155105579643	G-A
1	LV3003047083	yellow	ST8	37.30319	state_03	MGI	-13.8155105579643	G-A
1	LV3003047083	blue	ST8	37.30319	state_03	MGI	-13.8155105579643	G-A
1	LV3003047083	green	ST8	37.30319	state_03	MGI	-13.8155105579643	G-A
1	LV3003047083	brown	ST8	37.30319	state_03	MGI	-0.916290731874155	G-A
1	LV3003047085	grey	ST8	29.703	state_03	MGI	-13.8155105579643	G-A
1	LV3003047085	turquoise	ST8	29.703	state_03	MGI	-13.8155105579643	G-A
1	LV3003047085	yellow	ST8	29.703	state_03	MGI	-13.8155105579643	G-A
1	LV3003047085	brown	ST8	29.703	state_03	MGI	-13.8155105579643	G-A
1	LV3003047085	blue	ST8	29.703	state_03	MGI	-13.8155105579643	G-A
1	LV3003047085	green	ST8	29.703	state_03	MGI	-13.8155105579643	G-A
1	LV3003047094	turquoise	ST8	50.6848	state_03	MGI	-13.8155105579643	G-A
1	LV3003047094	grey	ST8	50.6848	state_03	MGI	-13.8155105579643	G-A
1	LV3003047094	green	ST8	50.6848	state_03	MGI	-13.8155105579643	G-A
1	LV3003047094	yellow	ST8	50.6848	state_03	MGI	-13.8155105579643	G-A
1	LV3003047094	blue	ST8	50.6848	state_03	MGI	-13.8155105579643	G-A
1	LV3003047095	turquoise	ST8	40.9751666666667	state_03	MGI	-13.8155105579643	G-A
1	LV3003047095	grey	ST8	40.9751666666667	state_03	MGI	-13.8155105579643	G-A
1	LV3003047095	green	ST8	40.9751666666667	state_03	MGI	-13.8155105579643	G-A
1	LV3003047095	yellow	ST8	40.9751666666667	state_03	MGI	-13.8155105579643	G-A
1	LV3003047095	blue	ST8	40.9751666666667	state_03	MGI	-13.8155105579643	G-A
1	LV3003047095	brown	ST8	40.9751666666667	state_03	MGI	-13.8155105579643	G-A
1	LV3003047096	grey	ST8	36.89377	state_03	MGI	-13.8155105579643	G-A
1	LV3003047096	turquoise	ST8	36.89377	state_03	MGI	-13.8155105579643	G-A
1	LV3003047096	yellow	ST8	36.89377	state_03	MGI	-13.8155105579643	G-A
1	LV3003047096	blue	ST8	36.89377	state_03	MGI	-13.8155105579643	G-A
1	LV3003047096	brown	ST8	36.89377	state_03	MGI	-13.8155105579643	G-A
1	LV3003047096	green	ST8	36.89377	state_03	MGI	-13.8155105579643	G-A
1	LV3003047097	grey	ST8	32.835	state_03	MGI	-13.8155105579643	G-A
1	LV3003047097	turquoise	ST8	32.835	state_03	MGI	-13.8155105579643	G-A
1	LV3003047097	yellow	ST8	32.835	state_03	MGI	-13.8155105579643	G-A
1	LV3003047097	green	ST8	32.835	state_03	MGI	-13.8155105579643	G-A
1	LV3003047097	blue	ST8	32.835	state_03	MGI	-13.8155105579643	G-A
1	LV3003047097	brown	ST8	32.835	state_03	MGI	-13.8155105579643	G-A
1	LV3003047098	turquoise	ST8	29.278	state_03	MGI	-13.8155105579643	G-A
1	LV3003047098	grey	ST8	29.278	state_03	MGI	-13.8155105579643	G-A
1	LV3003047098	yellow	ST8	29.278	state_03	MGI	-13.8155105579643	G-A
1	LV3003047098	blue	ST8	29.278	state_03	MGI	-13.8155105579643	G-A
1	LV3003047098	brown	ST8	29.278	state_03	MGI	0.796004565999653	G-A
1	LV3003047099	turquoise	ST8	25.058	state_03	MGI	-13.8155105579643	G-A
1	LV3003047099	grey	ST8	25.058	state_03	MGI	-3.22429412586363	G-A
1	LV3003047099	yellow	ST8	25.058	state_03	MGI	-13.8155105579643	G-A
1	LV3003047099	brown	ST8	25.058	state_03	MGI	-13.8155105579643	G-A
1	LV3003047099	blue	ST8	25.058	state_03	MGI	-13.8155105579643	G-A
1	LV3003047099	green	ST8	25.058	state_03	MGI	-13.8155105579643	G-A
1	LV3003047110	grey	ST8	49.1548	state_03	MGI	-13.8155105579643	G-A
1	LV3003047110	turquoise	ST8	49.1548	state_03	MGI	-13.8155105579643	G-A
1	LV3003047110	yellow	ST8	49.1548	state_03	MGI	-13.8155105579643	G-A
1	LV3003047110	green	ST8	49.1548	state_03	MGI	-13.8155105579643	G-A
1	LV3003047112	turquoise	ST8	40.0335	state_03	MGI	-13.8155105579643	G-A
1	LV3003047112	yellow	ST8	40.0335	state_03	MGI	-13.8155105579643	G-A
1	LV3003047112	grey	ST8	40.0335	state_03	MGI	-13.8155105579643	G-A
1	LV3003047112	blue	ST8	40.0335	state_03	MGI	-13.8155105579643	G-A
1	LV3003047112	green	ST8	40.0335	state_03	MGI	-13.8155105579643	G-A
1	LV3003047112	brown	ST8	40.0335	state_03	MGI	-13.8155105579643	G-A
1	LV3003047113	grey	ST8	36.48927	state_03	MGI	-13.8155105579643	G-A
1	LV3003047113	turquoise	ST8	36.48927	state_03	MGI	-13.8155105579643	G-A
1	LV3003047113	yellow	ST8	36.48927	state_03	MGI	-13.8155105579643	G-A
1	LV3003047113	brown	ST8	36.48927	state_03	MGI	-13.8155105579643	G-A
1	LV3003047113	blue	ST8	36.48927	state_03	MGI	-13.8155105579643	G-A
1	LV3003047113	green	ST8	36.48927	state_03	MGI	-13.8155105579643	G-A
1	LV3003047114	green	ST8	32.3855	state_03	MGI	-13.8155105579643	G-A
1	LV3003047114	turquoise	ST8	32.3855	state_03	MGI	-13.8155105579643	G-A
1	LV3003047114	yellow	ST8	32.3855	state_03	MGI	-13.8155105579643	G-A
1	LV3003047114	grey	ST8	32.3855	state_03	MGI	-13.8155105579643	G-A
1	LV3003047117	grey	ST8	28.7616666666667	state_03	MGI	-13.8155105579643	G-A
1	LV3003047117	turquoise	ST8	28.7616666666667	state_03	MGI	-13.8155105579643	G-A
1	LV3003047117	yellow	ST8	28.7616666666667	state_03	MGI	-13.8155105579643	G-A
1	LV3003047117	blue	ST8	28.7616666666667	state_03	MGI	-13.8155105579643	G-A
1	LV3003047117	green	ST8	28.7616666666667	state_03	MGI	-13.8155105579643	G-A
1	LV3003047117	brown	ST8	28.7616666666667	state_03	MGI	-13.8155105579643	G-A
1	LV3003047126	turquoise	ST8	64.210824	state_03	MGI	-13.8155105579643	G-A
1	LV3003047126	grey	ST8	64.210824	state_03	MGI	-13.8155105579643	G-A
1	LV3003047126	yellow	ST8	64.210824	state_03	MGI	-13.8155105579643	G-A
1	LV3003047126	blue	ST8	64.210824	state_03	MGI	-13.8155105579643	G-A
1	LV3003047126	green	ST8	64.210824	state_03	MGI	-13.8155105579643	G-A
1	LV3003047128	grey	ST8	39.57797	state_03	MGI	-2.9965672710623	G-A
1	LV3003047128	turquoise	ST8	39.57797	state_03	MGI	-13.8155105579643	G-A
1	LV3003047128	yellow	ST8	39.57797	state_03	MGI	-13.8155105579643	G-A
1	LV3003047128	blue	ST8	39.57797	state_03	MGI	-13.8155105579643	G-A
1	LV3003047128	brown	ST8	39.57797	state_03	MGI	-13.8155105579643	G-A
1	LV3003047129	turquoise	ST8	36.0373	state_03	MGI	-13.8155105579643	G-A
1	LV3003047129	grey	ST8	36.0373	state_03	MGI	-13.8155105579643	G-A
1	LV3003047129	yellow	ST8	36.0373	state_03	MGI	-13.8155105579643	G-A
1	LV3003047129	brown	ST8	36.0373	state_03	MGI	0.472638676883741	G-A
1	LV3003047129	blue	ST8	36.0373	state_03	MGI	-13.8155105579643	G-A
1	LV3003047130	grey	ST8	31.936	state_03	MGI	-13.8155105579643	G-A
1	LV3003047130	turquoise	ST8	31.936	state_03	MGI	-13.8155105579643	G-A
1	LV3003047130	yellow	ST8	31.936	state_03	MGI	-13.8155105579643	G-A
1	LV3003047130	green	ST8	31.936	state_03	MGI	-13.8155105579643	G-A
1	LV3003047130	brown	ST8	31.936	state_03	MGI	-13.8155105579643	G-A
1	LV3003047130	blue	ST8	31.936	state_03	MGI	-13.8155105579643	G-A
1	LV3003047131	turquoise	ST8	28.2453333333333	state_03	MGI	-13.8155105579643	G-A
1	LV3003047131	yellow	ST8	28.2453333333333	state_03	MGI	-13.8155105579643	G-A
1	LV3003047131	grey	ST8	28.2453333333333	state_03	MGI	-13.8155105579643	G-A
1	LV3003047131	green	ST8	28.2453333333333	state_03	MGI	-13.8155105579643	G-A
1	LV3003047131	brown	ST8	28.2453333333333	state_03	MGI	-13.8155105579643	G-A
1	LV3003047131	blue	ST8	28.2453333333333	state_03	MGI	-13.8155105579643	G-A
1	LV3003047137	turquoise	ST8	66.9462	state_03	MGI	-13.8155105579643	G-A
1	LV3003047137	grey	ST8	66.9462	state_03	MGI	-13.8155105579643	G-A
1	LV3003047137	yellow	ST8	66.9462	state_03	MGI	-13.8155105579643	G-A
1	LV3003047137	brown	ST8	66.9462	state_03	MGI	-13.8155105579643	G-A
1	LV3003047137	blue	ST8	66.9462	state_03	MGI	-13.8155105579643	G-A
1	LV3003047137	green	ST8	66.9462	state_03	MGI	-13.8155105579643	G-A
1	LV3003047139	turquoise	ST8	58.6141266666667	state_03	MGI	-13.8155105579643	G-A
1	LV3003047139	yellow	ST8	58.6141266666667	state_03	MGI	-13.8155105579643	G-A
1	LV3003047139	grey	ST8	58.6141266666667	state_03	MGI	-13.8155105579643	G-A
1	LV3003047139	blue	ST8	58.6141266666667	state_03	MGI	-13.8155105579643	G-A
1	LV3003047139	brown	ST8	58.6141266666667	state_03	MGI	-13.8155105579643	G-A
1	LV3003047142	turquoise	ST8	35.5823	state_03	MGI	-13.8155105579643	G-A
1	LV3003047142	grey	ST8	35.5823	state_03	MGI	-13.8155105579643	G-A
1	LV3003047142	yellow	ST8	35.5823	state_03	MGI	-13.8155105579643	G-A
1	LV3003047142	blue	ST8	35.5823	state_03	MGI	-13.8155105579643	G-A
1	LV3003047142	brown	ST8	35.5823	state_03	MGI	-13.8155105579643	G-A
1	LV3003047143	turquoise	ST8	31.398	state_03	MGI	-13.8155105579643	G-A
1	LV3003047143	yellow	ST8	31.398	state_03	MGI	-13.8155105579643	G-A
1	LV3003047143	grey	ST8	31.398	state_03	MGI	-13.8155105579643	G-A
1	LV3003047143	green	ST8	31.398	state_03	MGI	-13.8155105579643	G-A
1	LV3003047143	brown	ST8	31.398	state_03	MGI	-13.8155105579643	G-A
1	LV3003047143	blue	ST8	31.398	state_03	MGI	-13.8155105579643	G-A
1	LV3003047144	grey	ST8	27.729	state_03	MGI	-13.8155105579643	G-A
1	LV3003047144	turquoise	ST8	27.729	state_03	MGI	-13.8155105579643	G-A
1	LV3003047144	yellow	ST8	27.729	state_03	MGI	-13.8155105579643	G-A
1	LV3003047144	brown	ST8	27.729	state_03	MGI	-13.8155105579643	G-A
1	LV3003047144	blue	ST8	27.729	state_03	MGI	-13.8155105579643	G-A
1	LV3003047144	green	ST8	27.729	state_03	MGI	-13.8155105579643	G-A
1	LV3003047146	turquoise	ST8	63.2667	state_03	MGI	-13.8155105579643	G-A
1	LV3003047146	grey	ST8	63.2667	state_03	MGI	-13.8155105579643	G-A
1	LV3003047146	yellow	ST8	63.2667	state_03	MGI	-13.8155105579643	G-A
1	LV3003047146	brown	ST8	63.2667	state_03	MGI	-13.8155105579643	G-A
1	LV3003047146	blue	ST8	63.2667	state_03	MGI	-13.8155105579643	G-A
1	LV3003047146	green	ST8	63.2667	state_03	MGI	-13.8155105579643	G-A
1	LV3003047147	turquoise	ST8	62.3217	state_03	MGI	-13.8155105579643	G-A
1	LV3003047147	grey	ST8	62.3217	state_03	MGI	-13.8155105579643	G-A
1	LV3003047147	yellow	ST8	62.3217	state_03	MGI	-13.8155105579643	G-A
1	LV3003047147	brown	ST8	62.3217	state_03	MGI	-13.8155105579643	G-A
1	LV3003047147	blue	ST8	62.3217	state_03	MGI	-13.8155105579643	G-A
1	LV3003047147	green	ST8	62.3217	state_03	MGI	-13.8155105579643	G-A
1	LV3003047148	grey	ST8	61.3767	state_03	MGI	-13.8155105579643	G-A
1	LV3003047148	turquoise	ST8	61.3767	state_03	MGI	-13.8155105579643	G-A
1	LV3003047148	yellow	ST8	61.3767	state_03	MGI	-13.8155105579643	G-A
1	LV3003047148	brown	ST8	61.3767	state_03	MGI	-13.8155105579643	G-A
1	LV3003047148	blue	ST8	61.3767	state_03	MGI	-13.8155105579643	G-A
1	LV3003047148	green	ST8	61.3767	state_03	MGI	-13.8155105579643	G-A
1	LV3003047149	grey	ST8	60.4317	state_03	MGI	-13.8155105579643	G-A
1	LV3003047149	yellow	ST8	60.4317	state_03	MGI	-13.8155105579643	G-A
1	LV3003047149	turquoise	ST8	60.4317	state_03	MGI	-13.8155105579643	G-A
1	LV3003047149	green	ST8	60.4317	state_03	MGI	-13.8155105579643	G-A
1	LV3003047149	brown	ST8	60.4317	state_03	MGI	0.796004565999653	G-A
1	LV3003047149	blue	ST8	60.4317	state_03	MGI	-13.8155105579643	G-A
1	LV3003047150	grey	ST8	59.5217933333333	state_03	MGI	-13.8155105579643	G-A
1	LV3003047150	turquoise	ST8	59.5217933333333	state_03	MGI	-13.8155105579643	G-A
1	LV3003047150	yellow	ST8	59.5217933333333	state_03	MGI	-13.8155105579643	G-A
1	LV3003047150	blue	ST8	59.5217933333333	state_03	MGI	-13.8155105579643	G-A
1	LV3003047150	brown	ST8	59.5217933333333	state_03	MGI	-13.8155105579643	G-A
1	LV3003047150	green	ST8	59.5217933333333	state_03	MGI	-13.8155105579643	G-A
1	LV3003047152	grey	ST8	45.00002	state_03	MGI	-13.8155105579643	G-A
1	LV3003047152	turquoise	ST8	45.00002	state_03	MGI	-13.8155105579643	G-A
1	LV3003047152	yellow	ST8	45.00002	state_03	MGI	-13.8155105579643	G-A
1	LV3003047152	green	ST8	45.00002	state_03	MGI	-13.8155105579643	G-A
1	LV3003047152	blue	ST8	45.00002	state_03	MGI	-13.8155105579643	G-A
1	LV3003047152	brown	ST8	45.00002	state_03	MGI	0.796004565999653	G-A
1	LV3003047153	grey	ST8	38.71393	state_03	MGI	-13.8155105579643	G-A
1	LV3003047153	turquoise	ST8	38.71393	state_03	MGI	-13.8155105579643	G-A
1	LV3003047153	yellow	ST8	38.71393	state_03	MGI	-13.8155105579643	G-A
1	LV3003047153	green	ST8	38.71393	state_03	MGI	-13.8155105579643	G-A
1	LV3003047153	brown	ST8	38.71393	state_03	MGI	-13.8155105579643	G-A
1	LV3003047153	blue	ST8	38.71393	state_03	MGI	-13.8155105579643	G-A
1	LV3003047154	turquoise	ST8	35.13012	state_03	MGI	-13.8155105579643	G-A
1	LV3003047154	yellow	ST8	35.13012	state_03	MGI	-13.8155105579643	G-A
1	LV3003047154	grey	ST8	35.13012	state_03	MGI	-13.8155105579643	G-A
1	LV3003047154	green	ST8	35.13012	state_03	MGI	-13.8155105579643	G-A
1	LV3003047154	brown	ST8	35.13012	state_03	MGI	-13.8155105579643	G-A
1	LV3003047155	turquoise	ST8	30.9475	state_03	MGI	-13.8155105579643	G-A
1	LV3003047155	yellow	ST8	30.9475	state_03	MGI	-13.8155105579643	G-A
1	LV3003047155	grey	ST8	30.9475	state_03	MGI	-13.8155105579643	G-A
1	LV3003047155	brown	ST8	30.9475	state_03	MGI	-13.8155105579643	G-A
1	LV3003047155	blue	ST8	30.9475	state_03	MGI	-13.8155105579643	G-A
1	LV3003047156	grey	ST8	27.1996666666667	state_03	MGI	-13.8155105579643	G-A
1	LV3003047156	turquoise	ST8	27.1996666666667	state_03	MGI	-13.8155105579643	G-A
1	LV3003047156	yellow	ST8	27.1996666666667	state_03	MGI	-13.8155105579643	G-A
1	LV3003047156	blue	ST8	27.1996666666667	state_03	MGI	-13.8155105579643	G-A
1	LV3003047156	brown	ST8	27.1996666666667	state_03	MGI	-13.8155105579643	G-A
1	LV3003047156	green	ST8	27.1996666666667	state_03	MGI	-13.8155105579643	G-A
1	LV3003047158	grey	ST8	57.70646	state_03	MGI	-13.8155105579643	G-A
1	LV3003047158	turquoise	ST8	57.70646	state_03	MGI	-13.8155105579643	G-A
1	LV3003047158	yellow	ST8	57.70646	state_03	MGI	-13.8155105579643	G-A
1	LV3003047158	blue	ST8	57.70646	state_03	MGI	-13.8155105579643	G-A
1	LV3003047158	brown	ST8	57.70646	state_03	MGI	-13.8155105579643	G-A
1	LV3003047158	green	ST8	57.70646	state_03	MGI	-13.8155105579643	G-A
1	LV3003047159	turquoise	ST8	56.7987933333333	state_03	MGI	-13.8155105579643	G-A
1	LV3003047159	yellow	ST8	56.7987933333333	state_03	MGI	-13.8155105579643	G-A
1	LV3003047159	grey	ST8	56.7987933333333	state_03	MGI	-13.8155105579643	G-A
1	LV3003047159	green	ST8	56.7987933333333	state_03	MGI	-13.8155105579643	G-A
1	LV3003047159	brown	ST8	56.7987933333333	state_03	MGI	-13.8155105579643	G-A
1	LV3003047164	grey	ST8	43.93302	state_03	MGI	-13.8155105579643	G-A
1	LV3003047164	turquoise	ST8	43.93302	state_03	MGI	-13.8155105579643	G-A
1	LV3003047164	yellow	ST8	43.93302	state_03	MGI	-13.8155105579643	G-A
1	LV3003047164	blue	ST8	43.93302	state_03	MGI	-13.8155105579643	G-A
1	LV3003047164	green	ST8	43.93302	state_03	MGI	-13.8155105579643	G-A
1	LV3003047166	grey	ST8	38.27343	state_03	MGI	-13.8155105579643	G-A
1	LV3003047166	turquoise	ST8	38.27343	state_03	MGI	-13.8155105579643	G-A
1	LV3003047166	yellow	ST8	38.27343	state_03	MGI	-13.8155105579643	G-A
1	LV3003047166	green	ST8	38.27343	state_03	MGI	-13.8155105579643	G-A
1	LV3003047166	blue	ST8	38.27343	state_03	MGI	-13.8155105579643	G-A
1	LV3003047166	brown	ST8	38.27343	state_03	MGI	-13.8155105579643	G-A
1	LV3003047167	turquoise	ST8	34.67812	state_03	MGI	-13.8155105579643	G-A
1	LV3003047167	yellow	ST8	34.67812	state_03	MGI	-13.8155105579643	G-A
1	LV3003047167	grey	ST8	34.67812	state_03	MGI	-13.8155105579643	G-A
1	LV3003047167	brown	ST8	34.67812	state_03	MGI	-13.8155105579643	G-A
1	LV3003047168	grey	ST8	30.497	state_03	MGI	-13.8155105579643	G-A
1	LV3003047168	turquoise	ST8	30.497	state_03	MGI	-13.8155105579643	G-A
1	LV3003047168	yellow	ST8	30.497	state_03	MGI	-13.8155105579643	G-A
1	LV3003047168	blue	ST8	30.497	state_03	MGI	-13.8155105579643	G-A
1	LV3003047168	brown	ST8	30.497	state_03	MGI	-13.8155105579643	G-A
1	LV3003047168	green	ST8	30.497	state_03	MGI	-13.8155105579643	G-A
1	LV3003047169	grey	ST8	26.6703333333333	state_03	MGI	-13.8155105579643	G-A
1	LV3003047169	turquoise	ST8	26.6703333333333	state_03	MGI	-13.8155105579643	G-A
1	LV3003047169	yellow	ST8	26.6703333333333	state_03	MGI	-13.8155105579643	G-A
1	LV3003047169	brown	ST8	26.6703333333333	state_03	MGI	-13.8155105579643	G-A
1	LV3003047169	blue	ST8	26.6703333333333	state_03	MGI	-13.8155105579643	G-A
1	LV3003047169	green	ST8	26.6703333333333	state_03	MGI	-13.8155105579643	G-A
1	LV3003061475	turquoise	ST13	53.844	state_03	MGI	-13.8155105579643	G-A
1	LV3003061475	yellow	ST13	53.844	state_03	MGI	-13.8155105579643	G-A
1	LV3003061475	grey	ST13	53.844	state_03	MGI	-13.8155105579643	G-A
1	LV3003061475	green	ST13	53.844	state_03	MGI	-13.8155105579643	G-A
1	LV3003061475	blue	ST13	53.844	state_03	MGI	-13.8155105579643	G-A
1	LV3003061476	grey	ST13	37.16	state_03	MGI	-13.8155105579643	G-A
1	LV3003061476	green	ST13	37.16	state_03	MGI	-13.8155105579643	G-A
1	LV3003061476	turquoise	ST13	37.16	state_03	MGI	-13.8155105579643	G-A
1	LV3003061476	yellow	ST13	37.16	state_03	MGI	-13.8155105579643	G-A
1	LV3003061476	blue	ST13	37.16	state_03	MGI	-13.8155105579643	G-A
1	LV3003061476	brown	ST13	37.16	state_03	MGI	-13.8155105579643	G-A
1	LV3003061488	grey	ST13	35.041	state_03	MGI	-4.00091368338615	G-A
1	LV3003061488	green	ST13	35.041	state_03	MGI	-13.8155105579643	G-A
1	LV3003061488	turquoise	ST13	35.041	state_03	MGI	-13.8155105579643	G-A
1	LV3003061488	yellow	ST13	35.041	state_03	MGI	-13.8155105579643	G-A
1	LV3003061488	blue	ST13	35.041	state_03	MGI	-13.8155105579643	G-A
1	LV3003061488	brown	ST13	35.041	state_03	MGI	-13.8155105579643	G-A
1	LV3003061504	turquoise	ST13	50.268	state_03	MGI	-13.8155105579643	G-A
1	LV3003061504	grey	ST13	50.268	state_03	MGI	-13.8155105579643	G-A
1	LV3003061504	yellow	ST13	50.268	state_03	MGI	-13.8155105579643	G-A
1	LV3003061504	green	ST13	50.268	state_03	MGI	-13.8155105579643	G-A
1	LV3003061505	grey	ST13	32.81	state_03	MGI	-13.8155105579643	G-A
1	LV3003061505	turquoise	ST13	32.81	state_03	MGI	-13.8155105579643	G-A
1	LV3003061505	yellow	ST13	32.81	state_03	MGI	-13.8155105579643	G-A
1	LV3003061505	blue	ST13	32.81	state_03	MGI	-13.8155105579643	G-A
1	LV3003061505	green	ST13	32.81	state_03	MGI	-13.8155105579643	G-A
1	LV3003061505	brown	ST13	32.81	state_03	MGI	-13.8155105579643	G-A
1	LV3003061516	turquoise	ST13	48.537	state_03	MGI	-13.8155105579643	G-A
1	LV3003061516	grey	ST13	48.537	state_03	MGI	-13.8155105579643	G-A
1	LV3003061516	yellow	ST13	48.537	state_03	MGI	-13.8155105579643	G-A
1	LV3003061516	blue	ST13	48.537	state_03	MGI	-13.8155105579643	G-A
1	LV3003061516	green	ST13	48.537	state_03	MGI	-13.8155105579643	G-A
1	LV3003061530	turquoise	ST13	47.046	state_03	MGI	-13.8155105579643	G-A
1	LV3003061530	grey	ST13	47.046	state_03	MGI	-13.8155105579643	G-A
1	LV3003061530	yellow	ST13	47.046	state_03	MGI	-13.8155105579643	G-A
1	LV3003061530	green	ST13	47.046	state_03	MGI	-13.8155105579643	G-A
1	LV3003061530	blue	ST13	47.046	state_03	MGI	-13.8155105579643	G-A
1	LV3003061531	grey	ST13	28.445	state_03	MGI	-13.8155105579643	G-A
1	LV3003061531	green	ST13	28.445	state_03	MGI	-13.8155105579643	G-A
1	LV3003061531	turquoise	ST13	28.445	state_03	MGI	-13.8155105579643	G-A
1	LV3003061531	yellow	ST13	28.445	state_03	MGI	-13.8155105579643	G-A
1	LV3003061531	blue	ST13	28.445	state_03	MGI	-13.8155105579643	G-A
1	LV3003061531	brown	ST13	28.445	state_03	MGI	0.0751869148946064	G-A
1	LV3003061544	grey	ST13	45.122	state_03	MGI	-13.8155105579643	G-A
1	LV3003061544	turquoise	ST13	45.122	state_03	MGI	-13.8155105579643	G-A
1	LV3003061544	yellow	ST13	45.122	state_03	MGI	-13.8155105579643	G-A
1	LV3003061544	green	ST13	45.122	state_03	MGI	-13.8155105579643	G-A
1	LV3003061544	blue	ST13	45.122	state_03	MGI	-13.8155105579643	G-A
1	LV3003061544	brown	ST13	45.122	state_03	MGI	-13.8155105579643	G-A
1	LV3003061545	grey	ST13	23.172	state_03	MGI	-13.8155105579643	G-A
1	LV3003061545	turquoise	ST13	23.172	state_03	MGI	-13.8155105579643	G-A
1	LV3003061545	yellow	ST13	23.172	state_03	MGI	-13.8155105579643	G-A
1	LV3003061545	blue	ST13	23.172	state_03	MGI	-13.8155105579643	G-A
1	LV3003061545	brown	ST13	23.172	state_03	MGI	-13.8155105579643	G-A
1	LV3003061545	green	ST13	23.172	state_03	MGI	-13.8155105579643	G-A
1	LV3003061558	grey	ST13	42.626	state_03	MGI	-13.8155105579643	G-A
1	LV3003061558	green	ST13	42.626	state_03	MGI	-13.8155105579643	G-A
1	LV3003061558	turquoise	ST13	42.626	state_03	MGI	-13.8155105579643	G-A
1	LV3003061558	yellow	ST13	42.626	state_03	MGI	-13.8155105579643	G-A
1	LV3003061558	blue	ST13	42.626	state_03	MGI	-13.8155105579643	G-A
1	LV3003061558	brown	ST13	42.626	state_03	MGI	-13.8155105579643	G-A
1	LV3003061559	green	ST13	21.069	state_03	MGI	-13.8155105579643	G-A
1	LV3003061559	grey	ST13	21.069	state_03	MGI	-13.8155105579643	G-A
1	LV3003061559	turquoise	ST13	21.069	state_03	MGI	-13.8155105579643	G-A
1	LV3003061559	yellow	ST13	21.069	state_03	MGI	-13.8155105579643	G-A
1	LV3003061559	blue	ST13	21.069	state_03	MGI	-13.8155105579643	G-A
1	LV3003061559	brown	ST13	21.069	state_03	MGI	0.589962944324714	G-A
1	LV3003061571	turquoise	ST13	40.457	state_03	MGI	-13.8155105579643	G-A
1	LV3003061571	grey	ST13	40.457	state_03	MGI	-13.8155105579643	G-A
1	LV3003061571	yellow	ST13	40.457	state_03	MGI	-13.8155105579643	G-A
1	LV3003061571	blue	ST13	40.457	state_03	MGI	-13.8155105579643	G-A
1	LV3003061571	brown	ST13	40.457	state_03	MGI	-13.8155105579643	G-A
1	LV3003061571	green	ST13	40.457	state_03	MGI	-13.8155105579643	G-A
1	LV7008886221	grey	GeoB25202_R1	50.3555	state_03	MGI	-13.8155105579643	G-A
1	LV7008886221	turquoise	GeoB25202_R1	50.3555	state_03	MGI	-13.8155105579643	G-A
1	LV7008886221	yellow	GeoB25202_R1	50.3555	state_03	MGI	-13.8155105579643	G-A
1	LV7008886221	green	GeoB25202_R1	50.3555	state_03	MGI	-13.8155105579643	G-A
1	LV7008886221	brown	GeoB25202_R1	50.3555	state_03	MGI	-13.8155105579643	G-A
1	LV7008886222	turquoise	GeoB25202_R1	136.2775	state_03	MGI	-13.8155105579643	G-A
1	LV7008886222	yellow	GeoB25202_R1	136.2775	state_03	MGI	-13.8155105579643	G-A
1	LV7008886222	grey	GeoB25202_R1	136.2775	state_03	MGI	-13.8155105579643	G-A
1	LV7008886222	green	GeoB25202_R1	136.2775	state_03	MGI	-13.8155105579643	G-A
1	LV7008886222	blue	GeoB25202_R1	136.2775	state_03	MGI	-13.8155105579643	G-A
1	LV7008886226	grey	GeoB25202_R2	36.607	state_03	MGI	-13.8155105579643	G-A
1	LV7008886226	turquoise	GeoB25202_R2	36.607	state_03	MGI	-13.8155105579643	G-A
1	LV7008886226	yellow	GeoB25202_R2	36.607	state_03	MGI	-13.8155105579643	G-A
1	LV7008886226	brown	GeoB25202_R2	36.607	state_03	MGI	-13.8155105579643	G-A
1	LV7008886226	blue	GeoB25202_R2	36.607	state_03	MGI	-13.8155105579643	G-A
1	LV7008886226	green	GeoB25202_R2	36.607	state_03	MGI	-13.8155105579643	G-A
1	LV7008886692	turquoise	GeoB25202_R1	53.875	state_03	MGI	-13.8155105579643	G-A
1	LV7008886692	grey	GeoB25202_R1	53.875	state_03	MGI	-13.8155105579643	G-A
1	LV7008886692	yellow	GeoB25202_R1	53.875	state_03	MGI	-13.8155105579643	G-A
1	LV7008886692	green	GeoB25202_R1	53.875	state_03	MGI	-13.8155105579643	G-A
1	LV7008886703	grey	GeoB25202_R1	27.6855	state_03	MGI	-13.8155105579643	G-A
1	LV7008886703	turquoise	GeoB25202_R1	27.6855	state_03	MGI	-13.8155105579643	G-A
1	LV7008886703	yellow	GeoB25202_R1	27.6855	state_03	MGI	-13.8155105579643	G-A
1	LV7008886703	blue	GeoB25202_R1	27.6855	state_03	MGI	-13.8155105579643	G-A
1	LV7008886703	brown	GeoB25202_R1	27.6855	state_03	MGI	-13.8155105579643	G-A
1	LV7008886703	green	GeoB25202_R1	27.6855	state_03	MGI	-13.8155105579643	G-A
1	LV7008886704	grey	GeoB25202_R2	53.875	state_03	MGI	-13.8155105579643	G-A
1	LV7008886704	turquoise	GeoB25202_R2	53.875	state_03	MGI	-13.8155105579643	G-A
1	LV7008886704	yellow	GeoB25202_R2	53.875	state_03	MGI	-13.8155105579643	G-A
1	LV7008886704	blue	GeoB25202_R2	53.875	state_03	MGI	-13.8155105579643	G-A
1	LV7008886704	green	GeoB25202_R2	53.875	state_03	MGI	-13.8155105579643	G-A
1	LV7008886709	turquoise	GeoB25202_R1	147.206	state_03	MGI	-13.8155105579643	G-A
1	LV7008886709	yellow	GeoB25202_R1	147.206	state_03	MGI	-13.8155105579643	G-A
1	LV7008886709	grey	GeoB25202_R1	147.206	state_03	MGI	-13.8155105579643	G-A
1	LV7008886709	blue	GeoB25202_R1	147.206	state_03	MGI	-13.8155105579643	G-A
1	LV7008886709	green	GeoB25202_R1	147.206	state_03	MGI	-13.8155105579643	G-A
1	LV7008886709	brown	GeoB25202_R1	147.206	state_03	MGI	-13.8155105579643	G-A
1	LV7008886715	grey	GeoB25202_R2	27.6855	state_03	MGI	-13.8155105579643	G-A
1	LV7008886715	turquoise	GeoB25202_R2	27.6855	state_03	MGI	-13.8155105579643	G-A
1	LV7008886715	yellow	GeoB25202_R2	27.6855	state_03	MGI	-13.8155105579643	G-A
1	LV7008886715	blue	GeoB25202_R2	27.6855	state_03	MGI	-13.8155105579643	G-A
1	LV7008886715	brown	GeoB25202_R2	27.6855	state_03	MGI	-13.8155105579643	G-A
1	LV7008886715	green	GeoB25202_R2	27.6855	state_03	MGI	-13.8155105579643	G-A
1	LV7008886721	turquoise	GeoB25202_R2	147.206	state_03	MGI	-13.8155105579643	G-A
1	LV7008886721	yellow	GeoB25202_R2	147.206	state_03	MGI	-13.8155105579643	G-A
1	LV7008886721	grey	GeoB25202_R2	147.206	state_03	MGI	-13.8155105579643	G-A
1	LV7008886721	green	GeoB25202_R2	147.206	state_03	MGI	-13.8155105579643	G-A
1	LV7008886721	blue	GeoB25202_R2	147.206	state_03	MGI	-13.8155105579643	G-A
1	LV7008886721	brown	GeoB25202_R2	147.206	state_03	MGI	-13.8155105579643	G-A
1	LV7008886728	grey	GeoB25202_R2	50.3555	state_03	MGI	-13.8155105579643	G-A
1	LV7008886728	turquoise	GeoB25202_R2	50.3555	state_03	MGI	-13.8155105579643	G-A
1	LV7008886728	yellow	GeoB25202_R2	50.3555	state_03	MGI	-13.8155105579643	G-A
1	LV7008886728	green	GeoB25202_R2	50.3555	state_03	MGI	-13.8155105579643	G-A
1	LV7008886728	blue	GeoB25202_R2	50.3555	state_03	MGI	-13.8155105579643	G-A
1	LV7008886740	grey	GeoB25202_R1	43.105	state_03	MGI	-13.8155105579643	G-A
1	LV7008886740	turquoise	GeoB25202_R1	43.105	state_03	MGI	-13.8155105579643	G-A
1	LV7008886740	yellow	GeoB25202_R1	43.105	state_03	MGI	-13.8155105579643	G-A
1	LV7008886740	blue	GeoB25202_R1	43.105	state_03	MGI	-13.8155105579643	G-A
1	LV7008886740	green	GeoB25202_R1	43.105	state_03	MGI	-13.8155105579643	G-A
1	LV7008886752	grey	GeoB25202_R2	43.105	state_03	MGI	-13.8155105579643	G-A
1	LV7008886752	turquoise	GeoB25202_R2	43.105	state_03	MGI	-13.8155105579643	G-A
1	LV7008886752	yellow	GeoB25202_R2	43.105	state_03	MGI	-13.8155105579643	G-A
1	LV7008886752	blue	GeoB25202_R2	43.105	state_03	MGI	-13.8155105579643	G-A
1	LV7008886752	green	GeoB25202_R2	43.105	state_03	MGI	-13.8155105579643	G-A
1	LV7008886765	turquoise	GeoB25202_R1	58.181	state_03	MGI	-13.8155105579643	G-A
1	LV7008886765	grey	GeoB25202_R1	58.181	state_03	MGI	-13.8155105579643	G-A
1	LV7008886765	yellow	GeoB25202_R1	58.181	state_03	MGI	-13.8155105579643	G-A
1	LV7008886765	brown	GeoB25202_R1	58.181	state_03	MGI	-13.8155105579643	G-A
1	LV7008886765	green	GeoB25202_R1	58.181	state_03	MGI	-13.8155105579643	G-A
1	LV7008886776	grey	GeoB25202_R1	36.607	state_03	MGI	-13.8155105579643	G-A
1	LV7008886776	green	GeoB25202_R1	36.607	state_03	MGI	-13.8155105579643	G-A
1	LV7008886776	turquoise	GeoB25202_R1	36.607	state_03	MGI	-13.8155105579643	G-A
1	LV7008886776	yellow	GeoB25202_R1	36.607	state_03	MGI	-13.8155105579643	G-A
1	LV7008886776	blue	GeoB25202_R1	36.607	state_03	MGI	-13.8155105579643	G-A
1	LV7008886776	brown	GeoB25202_R1	36.607	state_03	MGI	-13.8155105579643	G-A
1	LV3003047044	grey	ST8	12.078	state_03	MFI	0	G-A
1	LV3003047044	turquoise	ST8	12.078	state_03	MFI	0	G-A
1	LV3003047044	yellow	ST8	12.078	state_03	MFI	0	G-A
1	LV3003047044	green	ST8	12.078	state_03	MFI	0	G-A
1	LV3003047044	blue	ST8	12.078	state_03	MFI	0	G-A
1	LV3003047044	brown	ST8	12.078	state_03	MFI	0	G-A
1	LV3003047067	turquoise	ST8	42.86602	state_03	MFI	0	G-A
1	LV3003047067	grey	ST8	42.86602	state_03	MFI	8.72103165160935	G-A
1	LV3003047067	yellow	ST8	42.86602	state_03	MFI	0	G-A
1	LV3003047067	green	ST8	42.86602	state_03	MFI	0	G-A
1	LV3003047067	blue	ST8	42.86602	state_03	MFI	0	G-A
1	LV3003047067	brown	ST8	42.86602	state_03	MFI	0	G-A
1	LV3003047068	turquoise	ST8	37.78969	state_03	MFI	0	G-A
1	LV3003047068	yellow	ST8	37.78969	state_03	MFI	0	G-A
1	LV3003047068	grey	ST8	37.78969	state_03	MFI	0	G-A
1	LV3003047068	blue	ST8	37.78969	state_03	MFI	0	G-A
1	LV3003047068	brown	ST8	37.78969	state_03	MFI	0	G-A
1	LV3003047068	green	ST8	37.78969	state_03	MFI	0	G-A
1	LV3003047069	turquoise	ST8	33.7436870748299	state_03	MFI	0	G-A
1	LV3003047069	grey	ST8	33.7436870748299	state_03	MFI	0	G-A
1	LV3003047069	yellow	ST8	33.7436870748299	state_03	MFI	0	G-A
1	LV3003047069	brown	ST8	33.7436870748299	state_03	MFI	0	G-A
1	LV3003047069	blue	ST8	33.7436870748299	state_03	MFI	0	G-A
1	LV3003047069	green	ST8	33.7436870748299	state_03	MFI	0	G-A
1	LV3003047070	turquoise	ST8	30.128	state_03	MFI	0	G-A
1	LV3003047070	yellow	ST8	30.128	state_03	MFI	0	G-A
1	LV3003047070	grey	ST8	30.128	state_03	MFI	0	G-A
1	LV3003047070	brown	ST8	30.128	state_03	MFI	0	G-A
1	LV3003047070	blue	ST8	30.128	state_03	MFI	0	G-A
1	LV3003047071	grey	ST8	26.141	state_03	MFI	0	G-A
1	LV3003047071	turquoise	ST8	26.141	state_03	MFI	0	G-A
1	LV3003047071	yellow	ST8	26.141	state_03	MFI	0	G-A
1	LV3003047071	brown	ST8	26.141	state_03	MFI	0	G-A
1	LV3003047071	blue	ST8	26.141	state_03	MFI	0	G-A
1	LV3003047071	green	ST8	26.141	state_03	MFI	0	G-A
1	LV3003047081	turquoise	ST8	52.20718	state_03	MFI	0	G-A
1	LV3003047081	grey	ST8	52.20718	state_03	MFI	0	G-A
1	LV3003047081	yellow	ST8	52.20718	state_03	MFI	0	G-A
1	LV3003047081	brown	ST8	52.20718	state_03	MFI	0	G-A
1	LV3003047081	blue	ST8	52.20718	state_03	MFI	0	G-A
1	LV3003047081	green	ST8	52.20718	state_03	MFI	0	G-A
1	LV3003047082	turquoise	ST8	41.9168333333333	state_03	MFI	0	G-A
1	LV3003047082	yellow	ST8	41.9168333333333	state_03	MFI	0	G-A
1	LV3003047082	grey	ST8	41.9168333333333	state_03	MFI	0	G-A
1	LV3003047082	green	ST8	41.9168333333333	state_03	MFI	0	G-A
1	LV3003047082	brown	ST8	41.9168333333333	state_03	MFI	0	G-A
1	LV3003047082	blue	ST8	41.9168333333333	state_03	MFI	0	G-A
1	LV3003047083	grey	ST8	37.30319	state_03	MFI	0	G-A
1	LV3003047083	turquoise	ST8	37.30319	state_03	MFI	0	G-A
1	LV3003047083	yellow	ST8	37.30319	state_03	MFI	0	G-A
1	LV3003047083	blue	ST8	37.30319	state_03	MFI	0	G-A
1	LV3003047083	green	ST8	37.30319	state_03	MFI	0	G-A
1	LV3003047083	brown	ST8	37.30319	state_03	MFI	-12.2060776455177	G-A
1	LV3003047085	grey	ST8	29.703	state_03	MFI	0	G-A
1	LV3003047085	turquoise	ST8	29.703	state_03	MFI	0	G-A
1	LV3003047085	yellow	ST8	29.703	state_03	MFI	0	G-A
1	LV3003047085	brown	ST8	29.703	state_03	MFI	0	G-A
1	LV3003047085	blue	ST8	29.703	state_03	MFI	0	G-A
1	LV3003047085	green	ST8	29.703	state_03	MFI	0	G-A
1	LV3003047094	turquoise	ST8	50.6848	state_03	MFI	0	G-A
1	LV3003047094	grey	ST8	50.6848	state_03	MFI	0	G-A
1	LV3003047094	green	ST8	50.6848	state_03	MFI	0	G-A
1	LV3003047094	yellow	ST8	50.6848	state_03	MFI	0	G-A
1	LV3003047094	blue	ST8	50.6848	state_03	MFI	0	G-A
1	LV3003047095	turquoise	ST8	40.9751666666667	state_03	MFI	0	G-A
1	LV3003047095	grey	ST8	40.9751666666667	state_03	MFI	0	G-A
1	LV3003047095	green	ST8	40.9751666666667	state_03	MFI	0	G-A
1	LV3003047095	yellow	ST8	40.9751666666667	state_03	MFI	0	G-A
1	LV3003047095	blue	ST8	40.9751666666667	state_03	MFI	0	G-A
1	LV3003047095	brown	ST8	40.9751666666667	state_03	MFI	0	G-A
1	LV3003047096	grey	ST8	36.89377	state_03	MFI	0	G-A
1	LV3003047096	turquoise	ST8	36.89377	state_03	MFI	0	G-A
1	LV3003047096	yellow	ST8	36.89377	state_03	MFI	0	G-A
1	LV3003047096	blue	ST8	36.89377	state_03	MFI	0	G-A
1	LV3003047096	brown	ST8	36.89377	state_03	MFI	0	G-A
1	LV3003047096	green	ST8	36.89377	state_03	MFI	0	G-A
1	LV3003047097	grey	ST8	32.835	state_03	MFI	0	G-A
1	LV3003047097	turquoise	ST8	32.835	state_03	MFI	0	G-A
1	LV3003047097	yellow	ST8	32.835	state_03	MFI	0	G-A
1	LV3003047097	green	ST8	32.835	state_03	MFI	0	G-A
1	LV3003047097	blue	ST8	32.835	state_03	MFI	0	G-A
1	LV3003047097	brown	ST8	32.835	state_03	MFI	0	G-A
1	LV3003047098	turquoise	ST8	29.278	state_03	MFI	0	G-A
1	LV3003047098	grey	ST8	29.278	state_03	MFI	0	G-A
1	LV3003047098	yellow	ST8	29.278	state_03	MFI	0	G-A
1	LV3003047098	blue	ST8	29.278	state_03	MFI	0	G-A
1	LV3003047098	brown	ST8	29.278	state_03	MFI	-13.9183688456592	G-A
1	LV3003047099	turquoise	ST8	25.058	state_03	MFI	0	G-A
1	LV3003047099	grey	ST8	25.058	state_03	MFI	-10.5912164321007	G-A
1	LV3003047099	yellow	ST8	25.058	state_03	MFI	0	G-A
1	LV3003047099	brown	ST8	25.058	state_03	MFI	0	G-A
1	LV3003047099	blue	ST8	25.058	state_03	MFI	0	G-A
1	LV3003047099	green	ST8	25.058	state_03	MFI	0	G-A
1	LV3003047110	grey	ST8	49.1548	state_03	MFI	0	G-A
1	LV3003047110	turquoise	ST8	49.1548	state_03	MFI	0	G-A
1	LV3003047110	yellow	ST8	49.1548	state_03	MFI	0	G-A
1	LV3003047110	green	ST8	49.1548	state_03	MFI	0	G-A
1	LV3003047112	turquoise	ST8	40.0335	state_03	MFI	0	G-A
1	LV3003047112	yellow	ST8	40.0335	state_03	MFI	0	G-A
1	LV3003047112	grey	ST8	40.0335	state_03	MFI	0	G-A
1	LV3003047112	blue	ST8	40.0335	state_03	MFI	0	G-A
1	LV3003047112	green	ST8	40.0335	state_03	MFI	0	G-A
1	LV3003047112	brown	ST8	40.0335	state_03	MFI	0	G-A
1	LV3003047113	grey	ST8	36.48927	state_03	MFI	0	G-A
1	LV3003047113	turquoise	ST8	36.48927	state_03	MFI	0	G-A
1	LV3003047113	yellow	ST8	36.48927	state_03	MFI	0	G-A
1	LV3003047113	brown	ST8	36.48927	state_03	MFI	0	G-A
1	LV3003047113	blue	ST8	36.48927	state_03	MFI	0	G-A
1	LV3003047113	green	ST8	36.48927	state_03	MFI	0	G-A
1	LV3003047114	green	ST8	32.3855	state_03	MFI	0	G-A
1	LV3003047114	turquoise	ST8	32.3855	state_03	MFI	0	G-A
1	LV3003047114	yellow	ST8	32.3855	state_03	MFI	0	G-A
1	LV3003047114	grey	ST8	32.3855	state_03	MFI	0	G-A
1	LV3003047117	grey	ST8	28.7616666666667	state_03	MFI	0	G-A
1	LV3003047117	turquoise	ST8	28.7616666666667	state_03	MFI	0	G-A
1	LV3003047117	yellow	ST8	28.7616666666667	state_03	MFI	0	G-A
1	LV3003047117	blue	ST8	28.7616666666667	state_03	MFI	0	G-A
1	LV3003047117	green	ST8	28.7616666666667	state_03	MFI	0	G-A
1	LV3003047117	brown	ST8	28.7616666666667	state_03	MFI	0	G-A
1	LV3003047126	turquoise	ST8	64.210824	state_03	MFI	0	G-A
1	LV3003047126	grey	ST8	64.210824	state_03	MFI	0	G-A
1	LV3003047126	yellow	ST8	64.210824	state_03	MFI	0	G-A
1	LV3003047126	blue	ST8	64.210824	state_03	MFI	0	G-A
1	LV3003047126	green	ST8	64.210824	state_03	MFI	0	G-A
1	LV3003047128	grey	ST8	39.57797	state_03	MFI	-10.818943286902	G-A
1	LV3003047128	turquoise	ST8	39.57797	state_03	MFI	0	G-A
1	LV3003047128	yellow	ST8	39.57797	state_03	MFI	0	G-A
1	LV3003047128	blue	ST8	39.57797	state_03	MFI	0	G-A
1	LV3003047128	brown	ST8	39.57797	state_03	MFI	0	G-A
1	LV3003047129	turquoise	ST8	36.0373	state_03	MFI	0	G-A
1	LV3003047129	grey	ST8	36.0373	state_03	MFI	0	G-A
1	LV3003047129	yellow	ST8	36.0373	state_03	MFI	0	G-A
1	LV3003047129	brown	ST8	36.0373	state_03	MFI	-14.288149234848	G-A
1	LV3003047129	blue	ST8	36.0373	state_03	MFI	0	G-A
1	LV3003047130	grey	ST8	31.936	state_03	MFI	0	G-A
1	LV3003047130	turquoise	ST8	31.936	state_03	MFI	0	G-A
1	LV3003047130	yellow	ST8	31.936	state_03	MFI	0	G-A
1	LV3003047130	green	ST8	31.936	state_03	MFI	0	G-A
1	LV3003047130	brown	ST8	31.936	state_03	MFI	0	G-A
1	LV3003047130	blue	ST8	31.936	state_03	MFI	0	G-A
1	LV3003047131	turquoise	ST8	28.2453333333333	state_03	MFI	0	G-A
1	LV3003047131	yellow	ST8	28.2453333333333	state_03	MFI	0	G-A
1	LV3003047131	grey	ST8	28.2453333333333	state_03	MFI	0	G-A
1	LV3003047131	green	ST8	28.2453333333333	state_03	MFI	0	G-A
1	LV3003047131	brown	ST8	28.2453333333333	state_03	MFI	0	G-A
1	LV3003047131	blue	ST8	28.2453333333333	state_03	MFI	0	G-A
1	LV3003047137	turquoise	ST8	66.9462	state_03	MFI	0	G-A
1	LV3003047137	grey	ST8	66.9462	state_03	MFI	0	G-A
1	LV3003047137	yellow	ST8	66.9462	state_03	MFI	0	G-A
1	LV3003047137	brown	ST8	66.9462	state_03	MFI	0	G-A
1	LV3003047137	blue	ST8	66.9462	state_03	MFI	0	G-A
1	LV3003047137	green	ST8	66.9462	state_03	MFI	0	G-A
1	LV3003047139	turquoise	ST8	58.6141266666667	state_03	MFI	0	G-A
1	LV3003047139	yellow	ST8	58.6141266666667	state_03	MFI	0	G-A
1	LV3003047139	grey	ST8	58.6141266666667	state_03	MFI	0	G-A
1	LV3003047139	blue	ST8	58.6141266666667	state_03	MFI	0	G-A
1	LV3003047139	brown	ST8	58.6141266666667	state_03	MFI	0	G-A
1	LV3003047142	turquoise	ST8	35.5823	state_03	MFI	0	G-A
1	LV3003047142	grey	ST8	35.5823	state_03	MFI	7.90570808455107	G-A
1	LV3003047142	yellow	ST8	35.5823	state_03	MFI	0	G-A
1	LV3003047142	blue	ST8	35.5823	state_03	MFI	0	G-A
1	LV3003047142	brown	ST8	35.5823	state_03	MFI	0	G-A
1	LV3003047143	turquoise	ST8	31.398	state_03	MFI	0	G-A
1	LV3003047143	yellow	ST8	31.398	state_03	MFI	0	G-A
1	LV3003047143	grey	ST8	31.398	state_03	MFI	0	G-A
1	LV3003047143	green	ST8	31.398	state_03	MFI	0	G-A
1	LV3003047143	brown	ST8	31.398	state_03	MFI	0	G-A
1	LV3003047143	blue	ST8	31.398	state_03	MFI	0	G-A
1	LV3003047144	grey	ST8	27.729	state_03	MFI	0	G-A
1	LV3003047144	turquoise	ST8	27.729	state_03	MFI	0	G-A
1	LV3003047144	yellow	ST8	27.729	state_03	MFI	0	G-A
1	LV3003047144	brown	ST8	27.729	state_03	MFI	0	G-A
1	LV3003047144	blue	ST8	27.729	state_03	MFI	0	G-A
1	LV3003047144	green	ST8	27.729	state_03	MFI	0	G-A
1	LV3003047146	turquoise	ST8	63.2667	state_03	MFI	0	G-A
1	LV3003047146	grey	ST8	63.2667	state_03	MFI	0	G-A
1	LV3003047146	yellow	ST8	63.2667	state_03	MFI	0	G-A
1	LV3003047146	brown	ST8	63.2667	state_03	MFI	0	G-A
1	LV3003047146	blue	ST8	63.2667	state_03	MFI	0	G-A
1	LV3003047146	green	ST8	63.2667	state_03	MFI	0	G-A
1	LV3003047147	turquoise	ST8	62.3217	state_03	MFI	0	G-A
1	LV3003047147	grey	ST8	62.3217	state_03	MFI	0	G-A
1	LV3003047147	yellow	ST8	62.3217	state_03	MFI	0	G-A
1	LV3003047147	brown	ST8	62.3217	state_03	MFI	0	G-A
1	LV3003047147	blue	ST8	62.3217	state_03	MFI	0	G-A
1	LV3003047147	green	ST8	62.3217	state_03	MFI	0	G-A
1	LV3003047148	grey	ST8	61.3767	state_03	MFI	0	G-A
1	LV3003047148	turquoise	ST8	61.3767	state_03	MFI	0	G-A
1	LV3003047148	yellow	ST8	61.3767	state_03	MFI	0	G-A
1	LV3003047148	brown	ST8	61.3767	state_03	MFI	0	G-A
1	LV3003047148	blue	ST8	61.3767	state_03	MFI	0	G-A
1	LV3003047148	green	ST8	61.3767	state_03	MFI	0	G-A
1	LV3003047149	grey	ST8	60.4317	state_03	MFI	0	G-A
1	LV3003047149	yellow	ST8	60.4317	state_03	MFI	0	G-A
1	LV3003047149	turquoise	ST8	60.4317	state_03	MFI	0	G-A
1	LV3003047149	green	ST8	60.4317	state_03	MFI	0	G-A
1	LV3003047149	brown	ST8	60.4317	state_03	MFI	-13.9183688456592	G-A
1	LV3003047149	blue	ST8	60.4317	state_03	MFI	0	G-A
1	LV3003047150	grey	ST8	59.5217933333333	state_03	MFI	0	G-A
1	LV3003047150	turquoise	ST8	59.5217933333333	state_03	MFI	0	G-A
1	LV3003047150	yellow	ST8	59.5217933333333	state_03	MFI	0	G-A
1	LV3003047150	blue	ST8	59.5217933333333	state_03	MFI	0	G-A
1	LV3003047150	brown	ST8	59.5217933333333	state_03	MFI	0	G-A
1	LV3003047150	green	ST8	59.5217933333333	state_03	MFI	0	G-A
1	LV3003047152	grey	ST8	45.00002	state_03	MFI	0	G-A
1	LV3003047152	turquoise	ST8	45.00002	state_03	MFI	0	G-A
1	LV3003047152	yellow	ST8	45.00002	state_03	MFI	0	G-A
1	LV3003047152	green	ST8	45.00002	state_03	MFI	0	G-A
1	LV3003047152	blue	ST8	45.00002	state_03	MFI	0	G-A
1	LV3003047152	brown	ST8	45.00002	state_03	MFI	-13.9183688456592	G-A
1	LV3003047153	grey	ST8	38.71393	state_03	MFI	0	G-A
1	LV3003047153	turquoise	ST8	38.71393	state_03	MFI	0	G-A
1	LV3003047153	yellow	ST8	38.71393	state_03	MFI	0	G-A
1	LV3003047153	green	ST8	38.71393	state_03	MFI	0	G-A
1	LV3003047153	brown	ST8	38.71393	state_03	MFI	0	G-A
1	LV3003047153	blue	ST8	38.71393	state_03	MFI	0	G-A
1	LV3003047154	turquoise	ST8	35.13012	state_03	MFI	0	G-A
1	LV3003047154	yellow	ST8	35.13012	state_03	MFI	0	G-A
1	LV3003047154	grey	ST8	35.13012	state_03	MFI	8.79393593780857	G-A
1	LV3003047154	green	ST8	35.13012	state_03	MFI	0	G-A
1	LV3003047154	brown	ST8	35.13012	state_03	MFI	0	G-A
1	LV3003047155	turquoise	ST8	30.9475	state_03	MFI	0	G-A
1	LV3003047155	yellow	ST8	30.9475	state_03	MFI	0	G-A
1	LV3003047155	grey	ST8	30.9475	state_03	MFI	0	G-A
1	LV3003047155	brown	ST8	30.9475	state_03	MFI	0	G-A
1	LV3003047155	blue	ST8	30.9475	state_03	MFI	0	G-A
1	LV3003047156	grey	ST8	27.1996666666667	state_03	MFI	0	G-A
1	LV3003047156	turquoise	ST8	27.1996666666667	state_03	MFI	0	G-A
1	LV3003047156	yellow	ST8	27.1996666666667	state_03	MFI	0	G-A
1	LV3003047156	blue	ST8	27.1996666666667	state_03	MFI	0	G-A
1	LV3003047156	brown	ST8	27.1996666666667	state_03	MFI	0	G-A
1	LV3003047156	green	ST8	27.1996666666667	state_03	MFI	0	G-A
1	LV3003047158	grey	ST8	57.70646	state_03	MFI	0	G-A
1	LV3003047158	turquoise	ST8	57.70646	state_03	MFI	0	G-A
1	LV3003047158	yellow	ST8	57.70646	state_03	MFI	0	G-A
1	LV3003047158	blue	ST8	57.70646	state_03	MFI	0	G-A
1	LV3003047158	brown	ST8	57.70646	state_03	MFI	0	G-A
1	LV3003047158	green	ST8	57.70646	state_03	MFI	0	G-A
1	LV3003047159	turquoise	ST8	56.7987933333333	state_03	MFI	0	G-A
1	LV3003047159	yellow	ST8	56.7987933333333	state_03	MFI	0	G-A
1	LV3003047159	grey	ST8	56.7987933333333	state_03	MFI	0	G-A
1	LV3003047159	green	ST8	56.7987933333333	state_03	MFI	0	G-A
1	LV3003047159	brown	ST8	56.7987933333333	state_03	MFI	0	G-A
1	LV3003047164	grey	ST8	43.93302	state_03	MFI	0	G-A
1	LV3003047164	turquoise	ST8	43.93302	state_03	MFI	0	G-A
1	LV3003047164	yellow	ST8	43.93302	state_03	MFI	0	G-A
1	LV3003047164	blue	ST8	43.93302	state_03	MFI	0	G-A
1	LV3003047164	green	ST8	43.93302	state_03	MFI	0	G-A
1	LV3003047166	grey	ST8	38.27343	state_03	MFI	0	G-A
1	LV3003047166	turquoise	ST8	38.27343	state_03	MFI	0	G-A
1	LV3003047166	yellow	ST8	38.27343	state_03	MFI	0	G-A
1	LV3003047166	green	ST8	38.27343	state_03	MFI	0	G-A
1	LV3003047166	blue	ST8	38.27343	state_03	MFI	0	G-A
1	LV3003047166	brown	ST8	38.27343	state_03	MFI	0	G-A
1	LV3003047167	turquoise	ST8	34.67812	state_03	MFI	0	G-A
1	LV3003047167	yellow	ST8	34.67812	state_03	MFI	0	G-A
1	LV3003047167	grey	ST8	34.67812	state_03	MFI	0	G-A
1	LV3003047167	brown	ST8	34.67812	state_03	MFI	0	G-A
1	LV3003047168	grey	ST8	30.497	state_03	MFI	0	G-A
1	LV3003047168	turquoise	ST8	30.497	state_03	MFI	0	G-A
1	LV3003047168	yellow	ST8	30.497	state_03	MFI	0	G-A
1	LV3003047168	blue	ST8	30.497	state_03	MFI	0	G-A
1	LV3003047168	brown	ST8	30.497	state_03	MFI	11.6361922589829	G-A
1	LV3003047168	green	ST8	30.497	state_03	MFI	0	G-A
1	LV3003047169	grey	ST8	26.6703333333333	state_03	MFI	0	G-A
1	LV3003047169	turquoise	ST8	26.6703333333333	state_03	MFI	0	G-A
1	LV3003047169	yellow	ST8	26.6703333333333	state_03	MFI	0	G-A
1	LV3003047169	brown	ST8	26.6703333333333	state_03	MFI	0	G-A
1	LV3003047169	blue	ST8	26.6703333333333	state_03	MFI	0	G-A
1	LV3003047169	green	ST8	26.6703333333333	state_03	MFI	0	G-A
1	LV3003061475	turquoise	ST13	53.844	state_03	MFI	0	G-A
1	LV3003061475	yellow	ST13	53.844	state_03	MFI	0	G-A
1	LV3003061475	grey	ST13	53.844	state_03	MFI	0	G-A
1	LV3003061475	green	ST13	53.844	state_03	MFI	0	G-A
1	LV3003061475	blue	ST13	53.844	state_03	MFI	0	G-A
1	LV3003061476	grey	ST13	37.16	state_03	MFI	0	G-A
1	LV3003061476	green	ST13	37.16	state_03	MFI	0	G-A
1	LV3003061476	turquoise	ST13	37.16	state_03	MFI	0	G-A
1	LV3003061476	yellow	ST13	37.16	state_03	MFI	0	G-A
1	LV3003061476	blue	ST13	37.16	state_03	MFI	0	G-A
1	LV3003061476	brown	ST13	37.16	state_03	MFI	0	G-A
1	LV3003061488	grey	ST13	35.041	state_03	MFI	-9.81459687457813	G-A
1	LV3003061488	green	ST13	35.041	state_03	MFI	0	G-A
1	LV3003061488	turquoise	ST13	35.041	state_03	MFI	0	G-A
1	LV3003061488	yellow	ST13	35.041	state_03	MFI	0	G-A
1	LV3003061488	blue	ST13	35.041	state_03	MFI	0	G-A
1	LV3003061488	brown	ST13	35.041	state_03	MFI	0	G-A
1	LV3003061504	turquoise	ST13	50.268	state_03	MFI	0	G-A
1	LV3003061504	grey	ST13	50.268	state_03	MFI	0	G-A
1	LV3003061504	yellow	ST13	50.268	state_03	MFI	0	G-A
1	LV3003061504	green	ST13	50.268	state_03	MFI	0	G-A
1	LV3003061505	grey	ST13	32.81	state_03	MFI	0	G-A
1	LV3003061505	turquoise	ST13	32.81	state_03	MFI	0	G-A
1	LV3003061505	yellow	ST13	32.81	state_03	MFI	0	G-A
1	LV3003061505	blue	ST13	32.81	state_03	MFI	0	G-A
1	LV3003061505	green	ST13	32.81	state_03	MFI	0	G-A
1	LV3003061505	brown	ST13	32.81	state_03	MFI	0	G-A
1	LV3003061516	turquoise	ST13	48.537	state_03	MFI	0	G-A
1	LV3003061516	grey	ST13	48.537	state_03	MFI	0	G-A
1	LV3003061516	yellow	ST13	48.537	state_03	MFI	0	G-A
1	LV3003061516	blue	ST13	48.537	state_03	MFI	0	G-A
1	LV3003061516	green	ST13	48.537	state_03	MFI	0	G-A
1	LV3003061530	turquoise	ST13	47.046	state_03	MFI	0	G-A
1	LV3003061530	grey	ST13	47.046	state_03	MFI	0	G-A
1	LV3003061530	yellow	ST13	47.046	state_03	MFI	0	G-A
1	LV3003061530	green	ST13	47.046	state_03	MFI	0	G-A
1	LV3003061530	blue	ST13	47.046	state_03	MFI	0	G-A
1	LV3003061531	grey	ST13	28.445	state_03	MFI	7.33009446726356	G-A
1	LV3003061531	green	ST13	28.445	state_03	MFI	0	G-A
1	LV3003061531	turquoise	ST13	28.445	state_03	MFI	0	G-A
1	LV3003061531	yellow	ST13	28.445	state_03	MFI	0	G-A
1	LV3003061531	blue	ST13	28.445	state_03	MFI	0	G-A
1	LV3003061531	brown	ST13	28.445	state_03	MFI	-13.8906974728589	G-A
1	LV3003061544	grey	ST13	45.122	state_03	MFI	0	G-A
1	LV3003061544	turquoise	ST13	45.122	state_03	MFI	0	G-A
1	LV3003061544	yellow	ST13	45.122	state_03	MFI	0	G-A
1	LV3003061544	green	ST13	45.122	state_03	MFI	0	G-A
1	LV3003061544	blue	ST13	45.122	state_03	MFI	0	G-A
1	LV3003061544	brown	ST13	45.122	state_03	MFI	0	G-A
1	LV3003061545	grey	ST13	23.172	state_03	MFI	6.86373839356536	G-A
1	LV3003061545	turquoise	ST13	23.172	state_03	MFI	0	G-A
1	LV3003061545	yellow	ST13	23.172	state_03	MFI	0	G-A
1	LV3003061545	blue	ST13	23.172	state_03	MFI	0	G-A
1	LV3003061545	brown	ST13	23.172	state_03	MFI	0	G-A
1	LV3003061545	green	ST13	23.172	state_03	MFI	0	G-A
1	LV3003061558	grey	ST13	42.626	state_03	MFI	0	G-A
1	LV3003061558	green	ST13	42.626	state_03	MFI	0	G-A
1	LV3003061558	turquoise	ST13	42.626	state_03	MFI	0	G-A
1	LV3003061558	yellow	ST13	42.626	state_03	MFI	0	G-A
1	LV3003061558	blue	ST13	42.626	state_03	MFI	0	G-A
1	LV3003061558	brown	ST13	42.626	state_03	MFI	0	G-A
1	LV3003061559	green	ST13	21.069	state_03	MFI	0	G-A
1	LV3003061559	grey	ST13	21.069	state_03	MFI	0	G-A
1	LV3003061559	turquoise	ST13	21.069	state_03	MFI	0	G-A
1	LV3003061559	yellow	ST13	21.069	state_03	MFI	0	G-A
1	LV3003061559	blue	ST13	21.069	state_03	MFI	0	G-A
1	LV3003061559	brown	ST13	21.069	state_03	MFI	-14.405473502289	G-A
1	LV3003061571	turquoise	ST13	40.457	state_03	MFI	0	G-A
1	LV3003061571	grey	ST13	40.457	state_03	MFI	0	G-A
1	LV3003061571	yellow	ST13	40.457	state_03	MFI	0	G-A
1	LV3003061571	blue	ST13	40.457	state_03	MFI	0	G-A
1	LV3003061571	brown	ST13	40.457	state_03	MFI	0	G-A
1	LV3003061571	green	ST13	40.457	state_03	MFI	0	G-A
1	LV7008886221	grey	GeoB25202_R1	50.3555	state_03	MFI	0	G-A
1	LV7008886221	turquoise	GeoB25202_R1	50.3555	state_03	MFI	0	G-A
1	LV7008886221	yellow	GeoB25202_R1	50.3555	state_03	MFI	0	G-A
1	LV7008886221	green	GeoB25202_R1	50.3555	state_03	MFI	0	G-A
1	LV7008886221	brown	GeoB25202_R1	50.3555	state_03	MFI	0	G-A
1	LV7008886222	turquoise	GeoB25202_R1	136.2775	state_03	MFI	0	G-A
1	LV7008886222	yellow	GeoB25202_R1	136.2775	state_03	MFI	0	G-A
1	LV7008886222	grey	GeoB25202_R1	136.2775	state_03	MFI	0	G-A
1	LV7008886222	green	GeoB25202_R1	136.2775	state_03	MFI	0	G-A
1	LV7008886222	blue	GeoB25202_R1	136.2775	state_03	MFI	0	G-A
1	LV7008886226	grey	GeoB25202_R2	36.607	state_03	MFI	0	G-A
1	LV7008886226	turquoise	GeoB25202_R2	36.607	state_03	MFI	0	G-A
1	LV7008886226	yellow	GeoB25202_R2	36.607	state_03	MFI	0	G-A
1	LV7008886226	brown	GeoB25202_R2	36.607	state_03	MFI	0	G-A
1	LV7008886226	blue	GeoB25202_R2	36.607	state_03	MFI	0	G-A
1	LV7008886226	green	GeoB25202_R2	36.607	state_03	MFI	0	G-A
1	LV7008886692	turquoise	GeoB25202_R1	53.875	state_03	MFI	0	G-A
1	LV7008886692	grey	GeoB25202_R1	53.875	state_03	MFI	0	G-A
1	LV7008886692	yellow	GeoB25202_R1	53.875	state_03	MFI	0	G-A
1	LV7008886692	green	GeoB25202_R1	53.875	state_03	MFI	0	G-A
1	LV7008886703	grey	GeoB25202_R1	27.6855	state_03	MFI	0	G-A
1	LV7008886703	turquoise	GeoB25202_R1	27.6855	state_03	MFI	0	G-A
1	LV7008886703	yellow	GeoB25202_R1	27.6855	state_03	MFI	0	G-A
1	LV7008886703	blue	GeoB25202_R1	27.6855	state_03	MFI	0	G-A
1	LV7008886703	brown	GeoB25202_R1	27.6855	state_03	MFI	0	G-A
1	LV7008886703	green	GeoB25202_R1	27.6855	state_03	MFI	0	G-A
1	LV7008886704	grey	GeoB25202_R2	53.875	state_03	MFI	0	G-A
1	LV7008886704	turquoise	GeoB25202_R2	53.875	state_03	MFI	0	G-A
1	LV7008886704	yellow	GeoB25202_R2	53.875	state_03	MFI	0	G-A
1	LV7008886704	blue	GeoB25202_R2	53.875	state_03	MFI	0	G-A
1	LV7008886704	green	GeoB25202_R2	53.875	state_03	MFI	0	G-A
1	LV7008886709	turquoise	GeoB25202_R1	147.206	state_03	MFI	0	G-A
1	LV7008886709	yellow	GeoB25202_R1	147.206	state_03	MFI	0	G-A
1	LV7008886709	grey	GeoB25202_R1	147.206	state_03	MFI	0	G-A
1	LV7008886709	blue	GeoB25202_R1	147.206	state_03	MFI	0	G-A
1	LV7008886709	green	GeoB25202_R1	147.206	state_03	MFI	0	G-A
1	LV7008886709	brown	GeoB25202_R1	147.206	state_03	MFI	0	G-A
1	LV7008886715	grey	GeoB25202_R2	27.6855	state_03	MFI	0	G-A
1	LV7008886715	turquoise	GeoB25202_R2	27.6855	state_03	MFI	0	G-A
1	LV7008886715	yellow	GeoB25202_R2	27.6855	state_03	MFI	0	G-A
1	LV7008886715	blue	GeoB25202_R2	27.6855	state_03	MFI	0	G-A
1	LV7008886715	brown	GeoB25202_R2	27.6855	state_03	MFI	0	G-A
1	LV7008886715	green	GeoB25202_R2	27.6855	state_03	MFI	0	G-A
1	LV7008886721	turquoise	GeoB25202_R2	147.206	state_03	MFI	0	G-A
1	LV7008886721	yellow	GeoB25202_R2	147.206	state_03	MFI	0	G-A
1	LV7008886721	grey	GeoB25202_R2	147.206	state_03	MFI	0	G-A
1	LV7008886721	green	GeoB25202_R2	147.206	state_03	MFI	0	G-A
1	LV7008886721	blue	GeoB25202_R2	147.206	state_03	MFI	0	G-A
1	LV7008886721	brown	GeoB25202_R2	147.206	state_03	MFI	0	G-A
1	LV7008886728	grey	GeoB25202_R2	50.3555	state_03	MFI	0	G-A
1	LV7008886728	turquoise	GeoB25202_R2	50.3555	state_03	MFI	0	G-A
1	LV7008886728	yellow	GeoB25202_R2	50.3555	state_03	MFI	0	G-A
1	LV7008886728	green	GeoB25202_R2	50.3555	state_03	MFI	0	G-A
1	LV7008886728	blue	GeoB25202_R2	50.3555	state_03	MFI	0	G-A
1	LV7008886740	grey	GeoB25202_R1	43.105	state_03	MFI	0	G-A
1	LV7008886740	turquoise	GeoB25202_R1	43.105	state_03	MFI	0	G-A
1	LV7008886740	yellow	GeoB25202_R1	43.105	state_03	MFI	0	G-A
1	LV7008886740	blue	GeoB25202_R1	43.105	state_03	MFI	0	G-A
1	LV7008886740	green	GeoB25202_R1	43.105	state_03	MFI	0	G-A
1	LV7008886752	grey	GeoB25202_R2	43.105	state_03	MFI	0	G-A
1	LV7008886752	turquoise	GeoB25202_R2	43.105	state_03	MFI	0	G-A
1	LV7008886752	yellow	GeoB25202_R2	43.105	state_03	MFI	0	G-A
1	LV7008886752	blue	GeoB25202_R2	43.105	state_03	MFI	0	G-A
1	LV7008886752	green	GeoB25202_R2	43.105	state_03	MFI	0	G-A
1	LV7008886765	turquoise	GeoB25202_R1	58.181	state_03	MFI	0	G-A
1	LV7008886765	grey	GeoB25202_R1	58.181	state_03	MFI	0	G-A
1	LV7008886765	yellow	GeoB25202_R1	58.181	state_03	MFI	0	G-A
1	LV7008886765	brown	GeoB25202_R1	58.181	state_03	MFI	0	G-A
1	LV7008886765	green	GeoB25202_R1	58.181	state_03	MFI	0	G-A
1	LV7008886776	grey	GeoB25202_R1	36.607	state_03	MFI	0	G-A
1	LV7008886776	green	GeoB25202_R1	36.607	state_03	MFI	0	G-A
1	LV7008886776	turquoise	GeoB25202_R1	36.607	state_03	MFI	0	G-A
1	LV7008886776	yellow	GeoB25202_R1	36.607	state_03	MFI	0	G-A
1	LV7008886776	blue	GeoB25202_R1	36.607	state_03	MFI	0	G-A
1	LV7008886776	brown	GeoB25202_R1	36.607	state_03	MFI	0	G-A
1	LV3003047044	grey	ST8	12.078	state_03	DCI	-2.06728363284035	G-A
1	LV3003047044	turquoise	ST8	12.078	state_03	DCI	-1.63598478801819	G-A
1	LV3003047044	yellow	ST8	12.078	state_03	DCI	-0.219770866835571	G-A
1	LV3003047044	green	ST8	12.078	state_03	DCI	0	G-A
1	LV3003047044	blue	ST8	12.078	state_03	DCI	0	G-A
1	LV3003047044	brown	ST8	12.078	state_03	DCI	0	G-A
1	LV3003047067	turquoise	ST8	42.86602	state_03	DCI	-1.95010827053521	G-A
1	LV3003047067	grey	ST8	42.86602	state_03	DCI	-1.77036029486419	G-A
1	LV3003047067	yellow	ST8	42.86602	state_03	DCI	-0.718262655937646	G-A
1	LV3003047067	green	ST8	42.86602	state_03	DCI	0	G-A
1	LV3003047067	blue	ST8	42.86602	state_03	DCI	0	G-A
1	LV3003047067	brown	ST8	42.86602	state_03	DCI	-12.9733277982438	G-A
1	LV3003047068	turquoise	ST8	37.78969	state_03	DCI	-2.40032564389696	G-A
1	LV3003047068	yellow	ST8	37.78969	state_03	DCI	-0.56056141448343	G-A
1	LV3003047068	grey	ST8	37.78969	state_03	DCI	-1.99292954048086	G-A
1	LV3003047068	blue	ST8	37.78969	state_03	DCI	-11.7952531345748	G-A
1	LV3003047068	brown	ST8	37.78969	state_03	DCI	0	G-A
1	LV3003047068	green	ST8	37.78969	state_03	DCI	0	G-A
1	LV3003047069	turquoise	ST8	33.7436870748299	state_03	DCI	-2.01669120456858	G-A
1	LV3003047069	grey	ST8	33.7436870748299	state_03	DCI	-1.4303365918311	G-A
1	LV3003047069	yellow	ST8	33.7436870748299	state_03	DCI	-0.569217844054868	G-A
1	LV3003047069	brown	ST8	33.7436870748299	state_03	DCI	-14.3091240528491	G-A
1	LV3003047069	blue	ST8	33.7436870748299	state_03	DCI	-12.524099072959	G-A
1	LV3003047069	green	ST8	33.7436870748299	state_03	DCI	0	G-A
1	LV3003047070	turquoise	ST8	30.128	state_03	DCI	-1.36500988618283	G-A
1	LV3003047070	yellow	ST8	30.128	state_03	DCI	-0.515282179792563	G-A
1	LV3003047070	grey	ST8	30.128	state_03	DCI	-2.95748336949115	G-A
1	LV3003047070	brown	ST8	30.128	state_03	DCI	-14.2786998507903	G-A
1	LV3003047070	blue	ST8	30.128	state_03	DCI	-14.5804834730955	G-A
1	LV3003047071	grey	ST8	26.141	state_03	DCI	-1.76459754998328	G-A
1	LV3003047071	turquoise	ST8	26.141	state_03	DCI	-1.4796513030998	G-A
1	LV3003047071	yellow	ST8	26.141	state_03	DCI	-0.205476185002204	G-A
1	LV3003047071	brown	ST8	26.141	state_03	DCI	0	G-A
1	LV3003047071	blue	ST8	26.141	state_03	DCI	-13.5541043009148	G-A
1	LV3003047071	green	ST8	26.141	state_03	DCI	0	G-A
1	LV3003047081	turquoise	ST8	52.20718	state_03	DCI	-1.56342903182724	G-A
1	LV3003047081	grey	ST8	52.20718	state_03	DCI	-1.57982738621322	G-A
1	LV3003047081	yellow	ST8	52.20718	state_03	DCI	0.932402423231497	G-A
1	LV3003047081	brown	ST8	52.20718	state_03	DCI	0	G-A
1	LV3003047081	blue	ST8	52.20718	state_03	DCI	0	G-A
1	LV3003047081	green	ST8	52.20718	state_03	DCI	0	G-A
1	LV3003047082	turquoise	ST8	41.9168333333333	state_03	DCI	-2.14921657980815	G-A
1	LV3003047082	yellow	ST8	41.9168333333333	state_03	DCI	-0.0956752099233628	G-A
1	LV3003047082	grey	ST8	41.9168333333333	state_03	DCI	-2.43370887094568	G-A
1	LV3003047082	green	ST8	41.9168333333333	state_03	DCI	0	G-A
1	LV3003047082	brown	ST8	41.9168333333333	state_03	DCI	-14.1519827945855	G-A
1	LV3003047082	blue	ST8	41.9168333333333	state_03	DCI	0	G-A
1	LV3003047083	grey	ST8	37.30319	state_03	DCI	-2.20262270110578	G-A
1	LV3003047083	turquoise	ST8	37.30319	state_03	DCI	-2.22554843463228	G-A
1	LV3003047083	yellow	ST8	37.30319	state_03	DCI	-0.507146074540093	G-A
1	LV3003047083	blue	ST8	37.30319	state_03	DCI	-12.4635322069051	G-A
1	LV3003047083	green	ST8	37.30319	state_03	DCI	0	G-A
1	LV3003047083	brown	ST8	37.30319	state_03	DCI	-12.4292201968364	G-A
1	LV3003047085	grey	ST8	29.703	state_03	DCI	-2.97084878747185	G-A
1	LV3003047085	turquoise	ST8	29.703	state_03	DCI	-1.22619307003899	G-A
1	LV3003047085	yellow	ST8	29.703	state_03	DCI	-0.533487648946989	G-A
1	LV3003047085	brown	ST8	29.703	state_03	DCI	-13.6292771896386	G-A
1	LV3003047085	blue	ST8	29.703	state_03	DCI	0.439063693428584	G-A
1	LV3003047085	green	ST8	29.703	state_03	DCI	0	G-A
1	LV3003047094	turquoise	ST8	50.6848	state_03	DCI	-1.62067217088871	G-A
1	LV3003047094	grey	ST8	50.6848	state_03	DCI	-1.73081022791264	G-A
1	LV3003047094	green	ST8	50.6848	state_03	DCI	0	G-A
1	LV3003047094	yellow	ST8	50.6848	state_03	DCI	1.97874342750139	G-A
1	LV3003047094	blue	ST8	50.6848	state_03	DCI	0	G-A
1	LV3003047095	turquoise	ST8	40.9751666666667	state_03	DCI	-2.12685593175946	G-A
1	LV3003047095	grey	ST8	40.9751666666667	state_03	DCI	-2.4030945417597	G-A
1	LV3003047095	green	ST8	40.9751666666667	state_03	DCI	0	G-A
1	LV3003047095	yellow	ST8	40.9751666666667	state_03	DCI	1.6842905773606	G-A
1	LV3003047095	blue	ST8	40.9751666666667	state_03	DCI	0	G-A
1	LV3003047095	brown	ST8	40.9751666666667	state_03	DCI	-14.8401424336344	G-A
1	LV3003047096	grey	ST8	36.89377	state_03	DCI	-1.84911715332723	G-A
1	LV3003047096	turquoise	ST8	36.89377	state_03	DCI	-1.58851938898211	G-A
1	LV3003047096	yellow	ST8	36.89377	state_03	DCI	1.40687902508643	G-A
1	LV3003047096	blue	ST8	36.89377	state_03	DCI	-12.6057294120426	G-A
1	LV3003047096	brown	ST8	36.89377	state_03	DCI	-14.2617976605927	G-A
1	LV3003047096	green	ST8	36.89377	state_03	DCI	0	G-A
1	LV3003047097	grey	ST8	32.835	state_03	DCI	-2.67039896923929	G-A
1	LV3003047097	turquoise	ST8	32.835	state_03	DCI	-1.73114637020659	G-A
1	LV3003047097	yellow	ST8	32.835	state_03	DCI	-0.57836529465372	G-A
1	LV3003047097	green	ST8	32.835	state_03	DCI	0	G-A
1	LV3003047097	blue	ST8	32.835	state_03	DCI	0	G-A
1	LV3003047097	brown	ST8	32.835	state_03	DCI	0	G-A
1	LV3003047098	turquoise	ST8	29.278	state_03	DCI	-1.43757131550466	G-A
1	LV3003047098	grey	ST8	29.278	state_03	DCI	-3.120534861249	G-A
1	LV3003047098	yellow	ST8	29.278	state_03	DCI	-0.644060676189797	G-A
1	LV3003047098	blue	ST8	29.278	state_03	DCI	0	G-A
1	LV3003047098	brown	ST8	29.278	state_03	DCI	0	G-A
1	LV3003047099	turquoise	ST8	25.058	state_03	DCI	-1.36386990846074	G-A
1	LV3003047099	grey	ST8	25.058	state_03	DCI	-2.50669378162971	G-A
1	LV3003047099	yellow	ST8	25.058	state_03	DCI	0.199253894956707	G-A
1	LV3003047099	brown	ST8	25.058	state_03	DCI	-13.6462043692824	G-A
1	LV3003047099	blue	ST8	25.058	state_03	DCI	-1.60375377207911	G-A
1	LV3003047099	green	ST8	25.058	state_03	DCI	0	G-A
1	LV3003047110	grey	ST8	49.1548	state_03	DCI	-2.0520585316044	G-A
1	LV3003047110	turquoise	ST8	49.1548	state_03	DCI	-2.18563079547198	G-A
1	LV3003047110	yellow	ST8	49.1548	state_03	DCI	-0.287682072451781	G-A
1	LV3003047110	green	ST8	49.1548	state_03	DCI	0	G-A
1	LV3003047112	turquoise	ST8	40.0335	state_03	DCI	-1.78284711532019	G-A
1	LV3003047112	yellow	ST8	40.0335	state_03	DCI	-1.56465929906774	G-A
1	LV3003047112	grey	ST8	40.0335	state_03	DCI	-1.4107154891554	G-A
1	LV3003047112	blue	ST8	40.0335	state_03	DCI	-12.7691695450601	G-A
1	LV3003047112	green	ST8	40.0335	state_03	DCI	0	G-A
1	LV3003047112	brown	ST8	40.0335	state_03	DCI	-15.2018049190842	G-A
1	LV3003047113	grey	ST8	36.48927	state_03	DCI	-1.78869371450736	G-A
1	LV3003047113	turquoise	ST8	36.48927	state_03	DCI	-1.74310858450384	G-A
1	LV3003047113	yellow	ST8	36.48927	state_03	DCI	-0.692892500818342	G-A
1	LV3003047113	brown	ST8	36.48927	state_03	DCI	-13.177771134301	G-A
1	LV3003047113	blue	ST8	36.48927	state_03	DCI	-1.01764322613444	G-A
1	LV3003047113	green	ST8	36.48927	state_03	DCI	0	G-A
1	LV3003047114	green	ST8	32.3855	state_03	DCI	-10.4223257859831	G-A
1	LV3003047114	turquoise	ST8	32.3855	state_03	DCI	-1.50211941255287	G-A
1	LV3003047114	yellow	ST8	32.3855	state_03	DCI	-0.52521436121809	G-A
1	LV3003047114	grey	ST8	32.3855	state_03	DCI	-2.42316985841075	G-A
1	LV3003047117	grey	ST8	28.7616666666667	state_03	DCI	-2.69115616027719	G-A
1	LV3003047117	turquoise	ST8	28.7616666666667	state_03	DCI	-1.8587125609949	G-A
1	LV3003047117	yellow	ST8	28.7616666666667	state_03	DCI	0.850090797844213	G-A
1	LV3003047117	blue	ST8	28.7616666666667	state_03	DCI	0	G-A
1	LV3003047117	green	ST8	28.7616666666667	state_03	DCI	0	G-A
1	LV3003047117	brown	ST8	28.7616666666667	state_03	DCI	0	G-A
1	LV3003047126	turquoise	ST8	64.210824	state_03	DCI	-1.99297383994825	G-A
1	LV3003047126	grey	ST8	64.210824	state_03	DCI	-2.42534149591749	G-A
1	LV3003047126	yellow	ST8	64.210824	state_03	DCI	0.729015419386729	G-A
1	LV3003047126	blue	ST8	64.210824	state_03	DCI	0	G-A
1	LV3003047126	green	ST8	64.210824	state_03	DCI	0	G-A
1	LV3003047128	grey	ST8	39.57797	state_03	DCI	-1.41816734148386	G-A
1	LV3003047128	turquoise	ST8	39.57797	state_03	DCI	-2.51725866693211	G-A
1	LV3003047128	yellow	ST8	39.57797	state_03	DCI	1.09490587810574	G-A
1	LV3003047128	blue	ST8	39.57797	state_03	DCI	-11.1871758428844	G-A
1	LV3003047128	brown	ST8	39.57797	state_03	DCI	-14.2209756660724	G-A
1	LV3003047129	turquoise	ST8	36.0373	state_03	DCI	-1.80194370077701	G-A
1	LV3003047129	grey	ST8	36.0373	state_03	DCI	-1.60707104742383	G-A
1	LV3003047129	yellow	ST8	36.0373	state_03	DCI	1.05433172621688	G-A
1	LV3003047129	brown	ST8	36.0373	state_03	DCI	-12.6982559184869	G-A
1	LV3003047129	blue	ST8	36.0373	state_03	DCI	0.40545490981306	G-A
1	LV3003047130	grey	ST8	31.936	state_03	DCI	-2.10329518379345	G-A
1	LV3003047130	turquoise	ST8	31.936	state_03	DCI	-1.8165627415694	G-A
1	LV3003047130	yellow	ST8	31.936	state_03	DCI	-0.810280232443039	G-A
1	LV3003047130	green	ST8	31.936	state_03	DCI	0	G-A
1	LV3003047130	brown	ST8	31.936	state_03	DCI	0	G-A
1	LV3003047130	blue	ST8	31.936	state_03	DCI	-15.214567170698	G-A
1	LV3003047131	turquoise	ST8	28.2453333333333	state_03	DCI	-1.72388092413834	G-A
1	LV3003047131	yellow	ST8	28.2453333333333	state_03	DCI	-0.117363660519182	G-A
1	LV3003047131	grey	ST8	28.2453333333333	state_03	DCI	-1.77761740259823	G-A
1	LV3003047131	green	ST8	28.2453333333333	state_03	DCI	0	G-A
1	LV3003047131	brown	ST8	28.2453333333333	state_03	DCI	-13.6399457836332	G-A
1	LV3003047131	blue	ST8	28.2453333333333	state_03	DCI	0	G-A
1	LV3003047137	turquoise	ST8	66.9462	state_03	DCI	-2.29947413300146	G-A
1	LV3003047137	grey	ST8	66.9462	state_03	DCI	-2.10799608439174	G-A
1	LV3003047137	yellow	ST8	66.9462	state_03	DCI	0.464708446835472	G-A
1	LV3003047137	brown	ST8	66.9462	state_03	DCI	0	G-A
1	LV3003047137	blue	ST8	66.9462	state_03	DCI	-13.8155115579638	G-A
1	LV3003047137	green	ST8	66.9462	state_03	DCI	0	G-A
1	LV3003047139	turquoise	ST8	58.6141266666667	state_03	DCI	-2.04675936072776	G-A
1	LV3003047139	yellow	ST8	58.6141266666667	state_03	DCI	-1.87207784885372	G-A
1	LV3003047139	grey	ST8	58.6141266666667	state_03	DCI	-1.56793058098163	G-A
1	LV3003047139	blue	ST8	58.6141266666667	state_03	DCI	-13.1497642975365	G-A
1	LV3003047139	brown	ST8	58.6141266666667	state_03	DCI	-15.2018049190842	G-A
1	LV3003047142	turquoise	ST8	35.5823	state_03	DCI	-1.43695324809429	G-A
1	LV3003047142	grey	ST8	35.5823	state_03	DCI	-1.10122924599624	G-A
1	LV3003047142	yellow	ST8	35.5823	state_03	DCI	-0.0170772608181928	G-A
1	LV3003047142	blue	ST8	35.5823	state_03	DCI	0	G-A
1	LV3003047142	brown	ST8	35.5823	state_03	DCI	-14.476396876306	G-A
1	LV3003047143	turquoise	ST8	31.398	state_03	DCI	-1.35086089192286	G-A
1	LV3003047143	yellow	ST8	31.398	state_03	DCI	-0.440045441704944	G-A
1	LV3003047143	grey	ST8	31.398	state_03	DCI	-3.02291696749333	G-A
1	LV3003047143	green	ST8	31.398	state_03	DCI	0	G-A
1	LV3003047143	brown	ST8	31.398	state_03	DCI	-14.3711659446836	G-A
1	LV3003047143	blue	ST8	31.398	state_03	DCI	0	G-A
1	LV3003047144	grey	ST8	27.729	state_03	DCI	-1.74556365069613	G-A
1	LV3003047144	turquoise	ST8	27.729	state_03	DCI	-1.5035003294165	G-A
1	LV3003047144	yellow	ST8	27.729	state_03	DCI	-0.314111480175576	G-A
1	LV3003047144	brown	ST8	27.729	state_03	DCI	0	G-A
1	LV3003047144	blue	ST8	27.729	state_03	DCI	-9.75311897259742	G-A
1	LV3003047144	green	ST8	27.729	state_03	DCI	0	G-A
1	LV3003047146	turquoise	ST8	63.2667	state_03	DCI	-1.388305363158	G-A
1	LV3003047146	grey	ST8	63.2667	state_03	DCI	-2.63537340575841	G-A
1	LV3003047146	yellow	ST8	63.2667	state_03	DCI	-1.32192341434383	G-A
1	LV3003047146	brown	ST8	63.2667	state_03	DCI	-13.9924087811882	G-A
1	LV3003047146	blue	ST8	63.2667	state_03	DCI	-11.4057356701614	G-A
1	LV3003047146	green	ST8	63.2667	state_03	DCI	0	G-A
1	LV3003047147	turquoise	ST8	62.3217	state_03	DCI	-1.20694236849775	G-A
1	LV3003047147	grey	ST8	62.3217	state_03	DCI	-2.49174960028491	G-A
1	LV3003047147	yellow	ST8	62.3217	state_03	DCI	-11.3811869558598	G-A
1	LV3003047147	brown	ST8	62.3217	state_03	DCI	-13.9305798877491	G-A
1	LV3003047147	blue	ST8	62.3217	state_03	DCI	0	G-A
1	LV3003047147	green	ST8	62.3217	state_03	DCI	0	G-A
1	LV3003047148	grey	ST8	61.3767	state_03	DCI	-1.43006766127473	G-A
1	LV3003047148	turquoise	ST8	61.3767	state_03	DCI	-2.18992130503319	G-A
1	LV3003047148	yellow	ST8	61.3767	state_03	DCI	-0.822837480695513	G-A
1	LV3003047148	brown	ST8	61.3767	state_03	DCI	-14.3591260045533	G-A
1	LV3003047148	blue	ST8	61.3767	state_03	DCI	0	G-A
1	LV3003047148	green	ST8	61.3767	state_03	DCI	0	G-A
1	LV3003047149	grey	ST8	60.4317	state_03	DCI	-1.59369908876339	G-A
1	LV3003047149	yellow	ST8	60.4317	state_03	DCI	-11.2876308845699	G-A
1	LV3003047149	turquoise	ST8	60.4317	state_03	DCI	-2.32487321149807	G-A
1	LV3003047149	green	ST8	60.4317	state_03	DCI	0	G-A
1	LV3003047149	brown	ST8	60.4317	state_03	DCI	0	G-A
1	LV3003047149	blue	ST8	60.4317	state_03	DCI	0	G-A
1	LV3003047150	grey	ST8	59.5217933333333	state_03	DCI	-1.82782631628431	G-A
1	LV3003047150	turquoise	ST8	59.5217933333333	state_03	DCI	-1.85486867939507	G-A
1	LV3003047150	yellow	ST8	59.5217933333333	state_03	DCI	0.580221195970342	G-A
1	LV3003047150	blue	ST8	59.5217933333333	state_03	DCI	-11.0167511367016	G-A
1	LV3003047150	brown	ST8	59.5217933333333	state_03	DCI	-14.5032998994539	G-A
1	LV3003047150	green	ST8	59.5217933333333	state_03	DCI	0	G-A
1	LV3003047152	grey	ST8	45.00002	state_03	DCI	-1.68750392605835	G-A
1	LV3003047152	turquoise	ST8	45.00002	state_03	DCI	-1.81826140997356	G-A
1	LV3003047152	yellow	ST8	45.00002	state_03	DCI	-0.911836381524775	G-A
1	LV3003047152	green	ST8	45.00002	state_03	DCI	0	G-A
1	LV3003047152	blue	ST8	45.00002	state_03	DCI	0	G-A
1	LV3003047152	brown	ST8	45.00002	state_03	DCI	0	G-A
1	LV3003047153	grey	ST8	38.71393	state_03	DCI	-1.98298127549227	G-A
1	LV3003047153	turquoise	ST8	38.71393	state_03	DCI	-2.18075859945117	G-A
1	LV3003047153	yellow	ST8	38.71393	state_03	DCI	-0.394949166380189	G-A
1	LV3003047153	green	ST8	38.71393	state_03	DCI	0	G-A
1	LV3003047153	brown	ST8	38.71393	state_03	DCI	0	G-A
1	LV3003047153	blue	ST8	38.71393	state_03	DCI	0	G-A
1	LV3003047154	turquoise	ST8	35.13012	state_03	DCI	-1.75547048130162	G-A
1	LV3003047154	yellow	ST8	35.13012	state_03	DCI	-1.12319197708694	G-A
1	LV3003047154	grey	ST8	35.13012	state_03	DCI	-1.70668813209887	G-A
1	LV3003047154	green	ST8	35.13012	state_03	DCI	0	G-A
1	LV3003047154	brown	ST8	35.13012	state_03	DCI	-14.3564136369675	G-A
1	LV3003047155	turquoise	ST8	30.9475	state_03	DCI	-2.60159331432261	G-A
1	LV3003047155	yellow	ST8	30.9475	state_03	DCI	-0.149615524661867	G-A
1	LV3003047155	grey	ST8	30.9475	state_03	DCI	-3.53424596194099	G-A
1	LV3003047155	brown	ST8	30.9475	state_03	DCI	0	G-A
1	LV3003047155	blue	ST8	30.9475	state_03	DCI	14.2209756660724	G-A
1	LV3003047156	grey	ST8	27.1996666666667	state_03	DCI	-1.85857321820842	G-A
1	LV3003047156	turquoise	ST8	27.1996666666667	state_03	DCI	-1.31003272005817	G-A
1	LV3003047156	yellow	ST8	27.1996666666667	state_03	DCI	1.84541888721914	G-A
1	LV3003047156	blue	ST8	27.1996666666667	state_03	DCI	-0.540234537174805	G-A
1	LV3003047156	brown	ST8	27.1996666666667	state_03	DCI	-13.6801692100945	G-A
1	LV3003047156	green	ST8	27.1996666666667	state_03	DCI	0	G-A
1	LV3003047158	grey	ST8	57.70646	state_03	DCI	-0.976925539531253	G-A
1	LV3003047158	turquoise	ST8	57.70646	state_03	DCI	-1.72050122784795	G-A
1	LV3003047158	yellow	ST8	57.70646	state_03	DCI	0.810118992873215	G-A
1	LV3003047158	blue	ST8	57.70646	state_03	DCI	0	G-A
1	LV3003047158	brown	ST8	57.70646	state_03	DCI	-14.2982673403741	G-A
1	LV3003047158	green	ST8	57.70646	state_03	DCI	0	G-A
1	LV3003047159	turquoise	ST8	56.7987933333333	state_03	DCI	-1.08019470314459	G-A
1	LV3003047159	yellow	ST8	56.7987933333333	state_03	DCI	-11.0872759773185	G-A
1	LV3003047159	grey	ST8	56.7987933333333	state_03	DCI	-1.55066550679	G-A
1	LV3003047159	green	ST8	56.7987933333333	state_03	DCI	0	G-A
1	LV3003047159	brown	ST8	56.7987933333333	state_03	DCI	-14.9141228466324	G-A
1	LV3003047164	grey	ST8	43.93302	state_03	DCI	-1.33963540352778	G-A
1	LV3003047164	turquoise	ST8	43.93302	state_03	DCI	-2.08367638920224	G-A
1	LV3003047164	yellow	ST8	43.93302	state_03	DCI	1.7552523585926	G-A
1	LV3003047164	blue	ST8	43.93302	state_03	DCI	0	G-A
1	LV3003047164	green	ST8	43.93302	state_03	DCI	0	G-A
1	LV3003047166	grey	ST8	38.27343	state_03	DCI	-1.95512680416024	G-A
1	LV3003047166	turquoise	ST8	38.27343	state_03	DCI	-1.58007604792215	G-A
1	LV3003047166	yellow	ST8	38.27343	state_03	DCI	-0.991888141060959	G-A
1	LV3003047166	green	ST8	38.27343	state_03	DCI	0	G-A
1	LV3003047166	blue	ST8	38.27343	state_03	DCI	0	G-A
1	LV3003047166	brown	ST8	38.27343	state_03	DCI	-15.2018049190842	G-A
1	LV3003047167	turquoise	ST8	34.67812	state_03	DCI	-2.20091029100767	G-A
1	LV3003047167	yellow	ST8	34.67812	state_03	DCI	-0.312775640049438	G-A
1	LV3003047167	grey	ST8	34.67812	state_03	DCI	-2.29878157247564	G-A
1	LV3003047167	brown	ST8	34.67812	state_03	DCI	0	G-A
1	LV3003047168	grey	ST8	30.497	state_03	DCI	-3.30720180071723	G-A
1	LV3003047168	turquoise	ST8	30.497	state_03	DCI	-1.65909624689492	G-A
1	LV3003047168	yellow	ST8	30.497	state_03	DCI	-0.664505604596561	G-A
1	LV3003047168	blue	ST8	30.497	state_03	DCI	0.442146674742769	G-A
1	LV3003047168	brown	ST8	30.497	state_03	DCI	-12.9182828425728	G-A
1	LV3003047168	green	ST8	30.497	state_03	DCI	0	G-A
1	LV3003047169	grey	ST8	26.6703333333333	state_03	DCI	-2.23846460293621	G-A
1	LV3003047169	turquoise	ST8	26.6703333333333	state_03	DCI	-2.16418066858598	G-A
1	LV3003047169	yellow	ST8	26.6703333333333	state_03	DCI	0.167606134644128	G-A
1	LV3003047169	brown	ST8	26.6703333333333	state_03	DCI	0	G-A
1	LV3003047169	blue	ST8	26.6703333333333	state_03	DCI	-1.07837946132228	G-A
1	LV3003047169	green	ST8	26.6703333333333	state_03	DCI	0	G-A
1	LV3003061475	turquoise	ST13	53.844	state_03	DCI	-1.89543587526133	G-A
1	LV3003061475	yellow	ST13	53.844	state_03	DCI	-0.334757852522248	G-A
1	LV3003061475	grey	ST13	53.844	state_03	DCI	-1.68726682159121	G-A
1	LV3003061475	green	ST13	53.844	state_03	DCI	0	G-A
1	LV3003061475	blue	ST13	53.844	state_03	DCI	0	G-A
1	LV3003061476	grey	ST13	37.16	state_03	DCI	-1.67906608842746	G-A
1	LV3003061476	green	ST13	37.16	state_03	DCI	-9.77647124336101	G-A
1	LV3003061476	turquoise	ST13	37.16	state_03	DCI	-1.64104506129083	G-A
1	LV3003061476	yellow	ST13	37.16	state_03	DCI	-0.714181744412106	G-A
1	LV3003061476	blue	ST13	37.16	state_03	DCI	0	G-A
1	LV3003061476	brown	ST13	37.16	state_03	DCI	-13.1109607453065	G-A
1	LV3003061488	grey	ST13	35.041	state_03	DCI	-1.11793040451613	G-A
1	LV3003061488	green	ST13	35.041	state_03	DCI	-9.68175385716162	G-A
1	LV3003061488	turquoise	ST13	35.041	state_03	DCI	-2.09131078179594	G-A
1	LV3003061488	yellow	ST13	35.041	state_03	DCI	-0.824041981646835	G-A
1	LV3003061488	blue	ST13	35.041	state_03	DCI	-1.60489687316784	G-A
1	LV3003061488	brown	ST13	35.041	state_03	DCI	-13.0935278277644	G-A
1	LV3003061504	turquoise	ST13	50.268	state_03	DCI	-2.01901163211854	G-A
1	LV3003061504	grey	ST13	50.268	state_03	DCI	-0.522816383471152	G-A
1	LV3003061504	yellow	ST13	50.268	state_03	DCI	-0.0780946883975431	G-A
1	LV3003061504	green	ST13	50.268	state_03	DCI	0	G-A
1	LV3003061505	grey	ST13	32.81	state_03	DCI	-1.45043534697097	G-A
1	LV3003061505	turquoise	ST13	32.81	state_03	DCI	-2.30015336714181	G-A
1	LV3003061505	yellow	ST13	32.81	state_03	DCI	-0.443798866368702	G-A
1	LV3003061505	blue	ST13	32.81	state_03	DCI	-12.8028261387113	G-A
1	LV3003061505	green	ST13	32.81	state_03	DCI	0	G-A
1	LV3003061505	brown	ST13	32.81	state_03	DCI	-14.2823192963135	G-A
1	LV3003061516	turquoise	ST13	48.537	state_03	DCI	-1.75889148299825	G-A
1	LV3003061516	grey	ST13	48.537	state_03	DCI	-1.28223856667719	G-A
1	LV3003061516	yellow	ST13	48.537	state_03	DCI	-0.380702611874032	G-A
1	LV3003061516	blue	ST13	48.537	state_03	DCI	0	G-A
1	LV3003061516	green	ST13	48.537	state_03	DCI	0	G-A
1	LV3003061530	turquoise	ST13	47.046	state_03	DCI	-2.87712884523513	G-A
1	LV3003061530	grey	ST13	47.046	state_03	DCI	-1.73064457149303	G-A
1	LV3003061530	yellow	ST13	47.046	state_03	DCI	0.0772101381607068	G-A
1	LV3003061530	green	ST13	47.046	state_03	DCI	0	G-A
1	LV3003061530	blue	ST13	47.046	state_03	DCI	0	G-A
1	LV3003061531	grey	ST13	28.445	state_03	DCI	-1.61979476683045	G-A
1	LV3003061531	green	ST13	28.445	state_03	DCI	-9.78512608185196	G-A
1	LV3003061531	turquoise	ST13	28.445	state_03	DCI	-2.3317074875234	G-A
1	LV3003061531	yellow	ST13	28.445	state_03	DCI	-1.30429871854189	G-A
1	LV3003061531	blue	ST13	28.445	state_03	DCI	-1.17845307811784	G-A
1	LV3003061531	brown	ST13	28.445	state_03	DCI	-12.5851644683834	G-A
1	LV3003061544	grey	ST13	45.122	state_03	DCI	-1.16910050012462	G-A
1	LV3003061544	turquoise	ST13	45.122	state_03	DCI	-1.96333652979975	G-A
1	LV3003061544	yellow	ST13	45.122	state_03	DCI	-0.477577560105724	G-A
1	LV3003061544	green	ST13	45.122	state_03	DCI	0	G-A
1	LV3003061544	blue	ST13	45.122	state_03	DCI	-11.7999803229977	G-A
1	LV3003061544	brown	ST13	45.122	state_03	DCI	-14.5047129602332	G-A
1	LV3003061545	grey	ST13	23.172	state_03	DCI	-1.35182425072521	G-A
1	LV3003061545	turquoise	ST13	23.172	state_03	DCI	-2.38971124760217	G-A
1	LV3003061545	yellow	ST13	23.172	state_03	DCI	-1.13047034233301	G-A
1	LV3003061545	blue	ST13	23.172	state_03	DCI	-0.868749787105155	G-A
1	LV3003061545	brown	ST13	23.172	state_03	DCI	-13.3337534984994	G-A
1	LV3003061545	green	ST13	23.172	state_03	DCI	0	G-A
1	LV3003061558	grey	ST13	42.626	state_03	DCI	-1.62160349402772	G-A
1	LV3003061558	green	ST13	42.626	state_03	DCI	-9.92826434155454	G-A
1	LV3003061558	turquoise	ST13	42.626	state_03	DCI	-1.62792916770401	G-A
1	LV3003061558	yellow	ST13	42.626	state_03	DCI	1.1028254566647	G-A
1	LV3003061558	blue	ST13	42.626	state_03	DCI	-2.78548336985646	G-A
1	LV3003061558	brown	ST13	42.626	state_03	DCI	0	G-A
1	LV3003061559	green	ST13	21.069	state_03	DCI	-9.52553512752456	G-A
1	LV3003061559	grey	ST13	21.069	state_03	DCI	-1.75651216383244	G-A
1	LV3003061559	turquoise	ST13	21.069	state_03	DCI	-1.96322148415415	G-A
1	LV3003061559	yellow	ST13	21.069	state_03	DCI	-1.32196010920987	G-A
1	LV3003061559	blue	ST13	21.069	state_03	DCI	-11.6194788711429	G-A
1	LV3003061559	brown	ST13	21.069	state_03	DCI	-12.8992198260901	G-A
1	LV3003061571	turquoise	ST13	40.457	state_03	DCI	-3.32118255409536	G-A
1	LV3003061571	grey	ST13	40.457	state_03	DCI	-1.26882377664555	G-A
1	LV3003061571	yellow	ST13	40.457	state_03	DCI	0.0658962945980312	G-A
1	LV3003061571	blue	ST13	40.457	state_03	DCI	12.4191048872401	G-A
1	LV3003061571	brown	ST13	40.457	state_03	DCI	-1.79462891165601	G-A
1	LV3003061571	green	ST13	40.457	state_03	DCI	0	G-A
1	LV7008886221	grey	GeoB25202_R1	50.3555	state_03	DCI	-2.15996746954205	G-A
1	LV7008886221	turquoise	GeoB25202_R1	50.3555	state_03	DCI	-2.11467759346052	G-A
1	LV7008886221	yellow	GeoB25202_R1	50.3555	state_03	DCI	-0.775289406115764	G-A
1	LV7008886221	green	GeoB25202_R1	50.3555	state_03	DCI	0	G-A
1	LV7008886221	brown	GeoB25202_R1	50.3555	state_03	DCI	0	G-A
1	LV7008886222	turquoise	GeoB25202_R1	136.2775	state_03	DCI	-2.65243407186238	G-A
1	LV7008886222	yellow	GeoB25202_R1	136.2775	state_03	DCI	-0.698341997437049	G-A
1	LV7008886222	grey	GeoB25202_R1	136.2775	state_03	DCI	-0.95483940199139	G-A
1	LV7008886222	green	GeoB25202_R1	136.2775	state_03	DCI	0	G-A
1	LV7008886222	blue	GeoB25202_R1	136.2775	state_03	DCI	0	G-A
1	LV7008886226	grey	GeoB25202_R2	36.607	state_03	DCI	-2.15296667332679	G-A
1	LV7008886226	turquoise	GeoB25202_R2	36.607	state_03	DCI	-2.83914063198442	G-A
1	LV7008886226	yellow	GeoB25202_R2	36.607	state_03	DCI	2.65501468748859	G-A
1	LV7008886226	brown	GeoB25202_R2	36.607	state_03	DCI	-0.693147180559945	G-A
1	LV7008886226	blue	GeoB25202_R2	36.607	state_03	DCI	-1.9345075169575	G-A
1	LV7008886226	green	GeoB25202_R2	36.607	state_03	DCI	0	G-A
1	LV7008886692	turquoise	GeoB25202_R1	53.875	state_03	DCI	-2.74593893607125	G-A
1	LV7008886692	grey	GeoB25202_R1	53.875	state_03	DCI	-1.280407260662	G-A
1	LV7008886692	yellow	GeoB25202_R1	53.875	state_03	DCI	0	G-A
1	LV7008886692	green	GeoB25202_R1	53.875	state_03	DCI	0	G-A
1	LV7008886703	grey	GeoB25202_R1	27.6855	state_03	DCI	-1.82843610762519	G-A
1	LV7008886703	turquoise	GeoB25202_R1	27.6855	state_03	DCI	-1.59154727484224	G-A
1	LV7008886703	yellow	GeoB25202_R1	27.6855	state_03	DCI	-1.0981150236156	G-A
1	LV7008886703	blue	GeoB25202_R1	27.6855	state_03	DCI	-1.51279350961664	G-A
1	LV7008886703	brown	GeoB25202_R1	27.6855	state_03	DCI	0	G-A
1	LV7008886703	green	GeoB25202_R1	27.6855	state_03	DCI	0	G-A
1	LV7008886704	grey	GeoB25202_R2	53.875	state_03	DCI	-1.9234776247284	G-A
1	LV7008886704	turquoise	GeoB25202_R2	53.875	state_03	DCI	-1.85420825778739	G-A
1	LV7008886704	yellow	GeoB25202_R2	53.875	state_03	DCI	-11.2725608846957	G-A
1	LV7008886704	blue	GeoB25202_R2	53.875	state_03	DCI	0	G-A
1	LV7008886704	green	GeoB25202_R2	53.875	state_03	DCI	0	G-A
1	LV7008886709	turquoise	GeoB25202_R1	147.206	state_03	DCI	-2.06817865656186	G-A
1	LV7008886709	yellow	GeoB25202_R1	147.206	state_03	DCI	-11.5364447249102	G-A
1	LV7008886709	grey	GeoB25202_R1	147.206	state_03	DCI	-1.27955726432753	G-A
1	LV7008886709	blue	GeoB25202_R1	147.206	state_03	DCI	-1.54044504094715	G-A
1	LV7008886709	green	GeoB25202_R1	147.206	state_03	DCI	0	G-A
1	LV7008886709	brown	GeoB25202_R1	147.206	state_03	DCI	0	G-A
1	LV7008886715	grey	GeoB25202_R2	27.6855	state_03	DCI	-1.93993740287354	G-A
1	LV7008886715	turquoise	GeoB25202_R2	27.6855	state_03	DCI	-1.78022182673171	G-A
1	LV7008886715	yellow	GeoB25202_R2	27.6855	state_03	DCI	-0.920121589660636	G-A
1	LV7008886715	blue	GeoB25202_R2	27.6855	state_03	DCI	-1.23204482310462	G-A
1	LV7008886715	brown	GeoB25202_R2	27.6855	state_03	DCI	0	G-A
1	LV7008886715	green	GeoB25202_R2	27.6855	state_03	DCI	0	G-A
1	LV7008886721	turquoise	GeoB25202_R2	147.206	state_03	DCI	-1.7233725226513	G-A
1	LV7008886721	yellow	GeoB25202_R2	147.206	state_03	DCI	-2.2849813885758	G-A
1	LV7008886721	grey	GeoB25202_R2	147.206	state_03	DCI	-1.80997830624775	G-A
1	LV7008886721	green	GeoB25202_R2	147.206	state_03	DCI	0	G-A
1	LV7008886721	blue	GeoB25202_R2	147.206	state_03	DCI	0	G-A
1	LV7008886721	brown	GeoB25202_R2	147.206	state_03	DCI	-13.4812498961479	G-A
1	LV7008886728	grey	GeoB25202_R2	50.3555	state_03	DCI	-0.796484039688223	G-A
1	LV7008886728	turquoise	GeoB25202_R2	50.3555	state_03	DCI	-2.69238350820462	G-A
1	LV7008886728	yellow	GeoB25202_R2	50.3555	state_03	DCI	-0.779391223995893	G-A
1	LV7008886728	green	GeoB25202_R2	50.3555	state_03	DCI	0	G-A
1	LV7008886728	blue	GeoB25202_R2	50.3555	state_03	DCI	-15.6072700271923	G-A
1	LV7008886740	grey	GeoB25202_R1	43.105	state_03	DCI	-1.8187763283557	G-A
1	LV7008886740	turquoise	GeoB25202_R1	43.105	state_03	DCI	-2.10294267525746	G-A
1	LV7008886740	yellow	GeoB25202_R1	43.105	state_03	DCI	-1.30884793357199	G-A
1	LV7008886740	blue	GeoB25202_R1	43.105	state_03	DCI	0	G-A
1	LV7008886740	green	GeoB25202_R1	43.105	state_03	DCI	0	G-A
1	LV7008886752	grey	GeoB25202_R2	43.105	state_03	DCI	-2.48341744623653	G-A
1	LV7008886752	turquoise	GeoB25202_R2	43.105	state_03	DCI	-1.99547885985261	G-A
1	LV7008886752	yellow	GeoB25202_R2	43.105	state_03	DCI	-0.360208516520044	G-A
1	LV7008886752	blue	GeoB25202_R2	43.105	state_03	DCI	0	G-A
1	LV7008886752	green	GeoB25202_R2	43.105	state_03	DCI	0	G-A
1	LV7008886765	turquoise	GeoB25202_R1	58.181	state_03	DCI	-1.74790380213089	G-A
1	LV7008886765	grey	GeoB25202_R1	58.181	state_03	DCI	-2.35978642816606	G-A
1	LV7008886765	yellow	GeoB25202_R1	58.181	state_03	DCI	-0.500503585696445	G-A
1	LV7008886765	brown	GeoB25202_R1	58.181	state_03	DCI	-13.5453420680052	G-A
1	LV7008886765	green	GeoB25202_R1	58.181	state_03	DCI	0	G-A
1	LV7008886776	grey	GeoB25202_R1	36.607	state_03	DCI	-1.8722195529305	G-A
1	LV7008886776	green	GeoB25202_R1	36.607	state_03	DCI	-9.78450805960497	G-A
1	LV7008886776	turquoise	GeoB25202_R1	36.607	state_03	DCI	-1.72369672594133	G-A
1	LV7008886776	yellow	GeoB25202_R1	36.607	state_03	DCI	-1.38671373625709	G-A
1	LV7008886776	blue	GeoB25202_R1	36.607	state_03	DCI	-0.547054562062449	G-A
1	LV7008886776	brown	GeoB25202_R1	36.607	state_03	DCI	-15.2018049190842	G-A
1	LV3003047044	grey	ST8	12.078	state_03	MII	-1.66654897628607	G-A
1	LV3003047044	turquoise	ST8	12.078	state_03	MII	-3.49847421493985	G-A
1	LV3003047044	yellow	ST8	12.078	state_03	MII	-3.38494173325365	G-A
1	LV3003047044	green	ST8	12.078	state_03	MII	-14.9543581588243	G-A
1	LV3003047044	blue	ST8	12.078	state_03	MII	-2.18554804767438	G-A
1	LV3003047044	brown	ST8	12.078	state_03	MII	13.423315786777	G-A
1	LV3003047067	turquoise	ST8	42.86602	state_03	MII	-2.76340695368535	G-A
1	LV3003047067	grey	ST8	42.86602	state_03	MII	-1.65631891592509	G-A
1	LV3003047067	yellow	ST8	42.86602	state_03	MII	-3.20186963446478	G-A
1	LV3003047067	green	ST8	42.86602	state_03	MII	-14.8051109536839	G-A
1	LV3003047067	blue	ST8	42.86602	state_03	MII	-15.1351808914556	G-A
1	LV3003047067	brown	ST8	42.86602	state_03	MII	-0.0167134809737406	G-A
1	LV3003047068	turquoise	ST8	37.78969	state_03	MII	-3.20575401896229	G-A
1	LV3003047068	yellow	ST8	37.78969	state_03	MII	-3.03371588094444	G-A
1	LV3003047068	grey	ST8	37.78969	state_03	MII	-1.61998650388688	G-A
1	LV3003047068	blue	ST8	37.78969	state_03	MII	-2.75735226699769	G-A
1	LV3003047068	brown	ST8	37.78969	state_03	MII	13.8417264000952	G-A
1	LV3003047068	green	ST8	37.78969	state_03	MII	-14.7490951051145	G-A
1	LV3003047069	turquoise	ST8	33.7436870748299	state_03	MII	-3.50727883971867	G-A
1	LV3003047069	grey	ST8	33.7436870748299	state_03	MII	-1.81682922462992	G-A
1	LV3003047069	yellow	ST8	33.7436870748299	state_03	MII	-3.2122988947885	G-A
1	LV3003047069	brown	ST8	33.7436870748299	state_03	MII	0.132528215814093	G-A
1	LV3003047069	blue	ST8	33.7436870748299	state_03	MII	-2.23297626830006	G-A
1	LV3003047069	green	ST8	33.7436870748299	state_03	MII	-14.8163840550347	G-A
1	LV3003047070	turquoise	ST8	30.128	state_03	MII	-3.03892130694015	G-A
1	LV3003047070	yellow	ST8	30.128	state_03	MII	-3.63375732880191	G-A
1	LV3003047070	grey	ST8	30.128	state_03	MII	-1.7413409015442	G-A
1	LV3003047070	brown	ST8	30.128	state_03	MII	-14.5633725920514	G-A
1	LV3003047070	blue	ST8	30.128	state_03	MII	-14.3912070944282	G-A
1	LV3003047071	grey	ST8	26.141	state_03	MII	-1.7917919694238	G-A
1	LV3003047071	turquoise	ST8	26.141	state_03	MII	-2.7088939739384	G-A
1	LV3003047071	yellow	ST8	26.141	state_03	MII	-3.29697721479203	G-A
1	LV3003047071	brown	ST8	26.141	state_03	MII	-14.8210785288247	G-A
1	LV3003047071	blue	ST8	26.141	state_03	MII	-1.30483689254072	G-A
1	LV3003047071	green	ST8	26.141	state_03	MII	-14.9141228466324	G-A
1	LV3003047081	turquoise	ST8	52.20718	state_03	MII	-2.86945518578794	G-A
1	LV3003047081	grey	ST8	52.20718	state_03	MII	-1.92693970595964	G-A
1	LV3003047081	yellow	ST8	52.20718	state_03	MII	-3.06078382841267	G-A
1	LV3003047081	brown	ST8	52.20718	state_03	MII	-15.4239539402319	G-A
1	LV3003047081	blue	ST8	52.20718	state_03	MII	-14.9072262675733	G-A
1	LV3003047081	green	ST8	52.20718	state_03	MII	-14.8604285907073	G-A
1	LV3003047082	turquoise	ST8	41.9168333333333	state_03	MII	-2.87378571850902	G-A
1	LV3003047082	yellow	ST8	41.9168333333333	state_03	MII	-3.49790395898837	G-A
1	LV3003047082	grey	ST8	41.9168333333333	state_03	MII	-2.15841473053485	G-A
1	LV3003047082	green	ST8	41.9168333333333	state_03	MII	-14.6254511649954	G-A
1	LV3003047082	brown	ST8	41.9168333333333	state_03	MII	-13.4588356140255	G-A
1	LV3003047082	blue	ST8	41.9168333333333	state_03	MII	-15.8304135785065	G-A
1	LV3003047083	grey	ST8	37.30319	state_03	MII	-1.45125150863481	G-A
1	LV3003047083	turquoise	ST8	37.30319	state_03	MII	-3.04747886569037	G-A
1	LV3003047083	yellow	ST8	37.30319	state_03	MII	-2.98089305347356	G-A
1	LV3003047083	blue	ST8	37.30319	state_03	MII	-2.10684051586795	G-A
1	LV3003047083	green	ST8	37.30319	state_03	MII	-14.8591860600899	G-A
1	LV3003047083	brown	ST8	37.30319	state_03	MII	0	G-A
1	LV3003047085	grey	ST8	29.703	state_03	MII	-1.75678073598808	G-A
1	LV3003047085	turquoise	ST8	29.703	state_03	MII	-2.99363260008452	G-A
1	LV3003047085	yellow	ST8	29.703	state_03	MII	-3.25422926385441	G-A
1	LV3003047085	brown	ST8	29.703	state_03	MII	-13.7596300995698	G-A
1	LV3003047085	blue	ST8	29.703	state_03	MII	-2.0857988421753	G-A
1	LV3003047085	green	ST8	29.703	state_03	MII	-14.9141228466324	G-A
1	LV3003047094	turquoise	ST8	50.6848	state_03	MII	-2.69697318769606	G-A
1	LV3003047094	grey	ST8	50.6848	state_03	MII	-1.57101497690126	G-A
1	LV3003047094	green	ST8	50.6848	state_03	MII	-14.7751219170263	G-A
1	LV3003047094	yellow	ST8	50.6848	state_03	MII	-2.86682397611485	G-A
1	LV3003047094	blue	ST8	50.6848	state_03	MII	-15.3195879547405	G-A
1	LV3003047095	turquoise	ST8	40.9751666666667	state_03	MII	-3.17041902940901	G-A
1	LV3003047095	grey	ST8	40.9751666666667	state_03	MII	-1.59399545980333	G-A
1	LV3003047095	green	ST8	40.9751666666667	state_03	MII	-14.8382363057573	G-A
1	LV3003047095	yellow	ST8	40.9751666666667	state_03	MII	-3.11712792012487	G-A
1	LV3003047095	blue	ST8	40.9751666666667	state_03	MII	-15.1916069926467	G-A
1	LV3003047095	brown	ST8	40.9751666666667	state_03	MII	13.0285446221867	G-A
1	LV3003047096	grey	ST8	36.89377	state_03	MII	-1.60874790752112	G-A
1	LV3003047096	turquoise	ST8	36.89377	state_03	MII	-2.61538575002206	G-A
1	LV3003047096	yellow	ST8	36.89377	state_03	MII	-3.03588737908654	G-A
1	LV3003047096	blue	ST8	36.89377	state_03	MII	-14.9920843881021	G-A
1	LV3003047096	brown	ST8	36.89377	state_03	MII	-0.658901602046778	G-A
1	LV3003047096	green	ST8	36.89377	state_03	MII	-15.1337514558392	G-A
1	LV3003047097	grey	ST8	32.835	state_03	MII	-2.05430710836912	G-A
1	LV3003047097	turquoise	ST8	32.835	state_03	MII	-3.07637244173236	G-A
1	LV3003047097	yellow	ST8	32.835	state_03	MII	-3.49048763126991	G-A
1	LV3003047097	green	ST8	32.835	state_03	MII	-14.8355848998072	G-A
1	LV3003047097	blue	ST8	32.835	state_03	MII	-14.9141228466324	G-A
1	LV3003047097	brown	ST8	32.835	state_03	MII	13.8795324167292	G-A
1	LV3003047098	turquoise	ST8	29.278	state_03	MII	-2.81033995896554	G-A
1	LV3003047098	grey	ST8	29.278	state_03	MII	-1.61924620705438	G-A
1	LV3003047098	yellow	ST8	29.278	state_03	MII	-3.76344116148854	G-A
1	LV3003047098	blue	ST8	29.278	state_03	MII	-14.9141228466324	G-A
1	LV3003047098	brown	ST8	29.278	state_03	MII	0	G-A
1	LV3003047099	turquoise	ST8	25.058	state_03	MII	-2.75420626762586	G-A
1	LV3003047099	grey	ST8	25.058	state_03	MII	-2.23322989006502	G-A
1	LV3003047099	yellow	ST8	25.058	state_03	MII	-3.23917919934233	G-A
1	LV3003047099	brown	ST8	25.058	state_03	MII	-2.71802973798935	G-A
1	LV3003047099	blue	ST8	25.058	state_03	MII	-2.4741118924708	G-A
1	LV3003047099	green	ST8	25.058	state_03	MII	-14.8510869553793	G-A
1	LV3003047110	grey	ST8	49.1548	state_03	MII	-1.59318260851359	G-A
1	LV3003047110	turquoise	ST8	49.1548	state_03	MII	-3.12903056208879	G-A
1	LV3003047110	yellow	ST8	49.1548	state_03	MII	-2.893276501502	G-A
1	LV3003047110	green	ST8	49.1548	state_03	MII	-14.6708361431239	G-A
1	LV3003047112	turquoise	ST8	40.0335	state_03	MII	-3.60838364506519	G-A
1	LV3003047112	yellow	ST8	40.0335	state_03	MII	-3.1717085275657	G-A
1	LV3003047112	grey	ST8	40.0335	state_03	MII	-1.87224845559127	G-A
1	LV3003047112	blue	ST8	40.0335	state_03	MII	-1.90335053463652	G-A
1	LV3003047112	green	ST8	40.0335	state_03	MII	-14.7952941139237	G-A
1	LV3003047112	brown	ST8	40.0335	state_03	MII	0	G-A
1	LV3003047113	grey	ST8	36.48927	state_03	MII	-1.6169390684007	G-A
1	LV3003047113	turquoise	ST8	36.48927	state_03	MII	-2.74258594655485	G-A
1	LV3003047113	yellow	ST8	36.48927	state_03	MII	-3.05383651590338	G-A
1	LV3003047113	brown	ST8	36.48927	state_03	MII	-1.20743396089169	G-A
1	LV3003047113	blue	ST8	36.48927	state_03	MII	-14.8772940541942	G-A
1	LV3003047113	green	ST8	36.48927	state_03	MII	-14.9124893042054	G-A
1	LV3003047114	green	ST8	32.3855	state_03	MII	-14.653206362232	G-A
1	LV3003047114	turquoise	ST8	32.3855	state_03	MII	-3.5433237018628	G-A
1	LV3003047114	yellow	ST8	32.3855	state_03	MII	-3.21917735582538	G-A
1	LV3003047114	grey	ST8	32.3855	state_03	MII	-2.14238992572929	G-A
1	LV3003047117	grey	ST8	28.7616666666667	state_03	MII	-1.85914633496729	G-A
1	LV3003047117	turquoise	ST8	28.7616666666667	state_03	MII	-3.33448322094003	G-A
1	LV3003047117	yellow	ST8	28.7616666666667	state_03	MII	-2.98436465877767	G-A
1	LV3003047117	blue	ST8	28.7616666666667	state_03	MII	-15.2189444289609	G-A
1	LV3003047117	green	ST8	28.7616666666667	state_03	MII	-14.8502781039625	G-A
1	LV3003047117	brown	ST8	28.7616666666667	state_03	MII	-14.4536675822553	G-A
1	LV3003047126	turquoise	ST8	64.210824	state_03	MII	-3.07105918642806	G-A
1	LV3003047126	grey	ST8	64.210824	state_03	MII	-2.4679020663002	G-A
1	LV3003047126	yellow	ST8	64.210824	state_03	MII	-3.20239821911158	G-A
1	LV3003047126	blue	ST8	64.210824	state_03	MII	-15.3195879547405	G-A
1	LV3003047126	green	ST8	64.210824	state_03	MII	-14.4939051000492	G-A
1	LV3003047128	grey	ST8	39.57797	state_03	MII	-1.63165087361848	G-A
1	LV3003047128	turquoise	ST8	39.57797	state_03	MII	-2.89666141723937	G-A
1	LV3003047128	yellow	ST8	39.57797	state_03	MII	-3.55261333502747	G-A
1	LV3003047128	blue	ST8	39.57797	state_03	MII	-14.8637957198001	G-A
1	LV3003047128	brown	ST8	39.57797	state_03	MII	0.876929657993575	G-A
1	LV3003047129	turquoise	ST8	36.0373	state_03	MII	-2.70947682915956	G-A
1	LV3003047129	grey	ST8	36.0373	state_03	MII	-1.70826958987447	G-A
1	LV3003047129	yellow	ST8	36.0373	state_03	MII	-3.14646432282817	G-A
1	LV3003047129	brown	ST8	36.0373	state_03	MII	-0.920697411967103	G-A
1	LV3003047129	blue	ST8	36.0373	state_03	MII	-15.086058402318	G-A
1	LV3003047130	grey	ST8	31.936	state_03	MII	-1.92735655407136	G-A
1	LV3003047130	turquoise	ST8	31.936	state_03	MII	-3.40613057110679	G-A
1	LV3003047130	yellow	ST8	31.936	state_03	MII	-3.16947008665655	G-A
1	LV3003047130	green	ST8	31.936	state_03	MII	-14.6734508924746	G-A
1	LV3003047130	brown	ST8	31.936	state_03	MII	14.2209756660724	G-A
1	LV3003047130	blue	ST8	31.936	state_03	MII	-15.907714351258	G-A
1	LV3003047131	turquoise	ST8	28.2453333333333	state_03	MII	-2.78325751053101	G-A
1	LV3003047131	yellow	ST8	28.2453333333333	state_03	MII	-2.96707041100646	G-A
1	LV3003047131	grey	ST8	28.2453333333333	state_03	MII	-1.84346935712106	G-A
1	LV3003047131	green	ST8	28.2453333333333	state_03	MII	-14.761072190488	G-A
1	LV3003047131	brown	ST8	28.2453333333333	state_03	MII	-2.31010392540807	G-A
1	LV3003047131	blue	ST8	28.2453333333333	state_03	MII	-0.29095539779675	G-A
1	LV3003047137	turquoise	ST8	66.9462	state_03	MII	-3.11477668666885	G-A
1	LV3003047137	grey	ST8	66.9462	state_03	MII	-1.91582355075951	G-A
1	LV3003047137	yellow	ST8	66.9462	state_03	MII	-3.62514619846988	G-A
1	LV3003047137	brown	ST8	66.9462	state_03	MII	-14.8935035594296	G-A
1	LV3003047137	blue	ST8	66.9462	state_03	MII	0	G-A
1	LV3003047137	green	ST8	66.9462	state_03	MII	-14.2209756660724	G-A
1	LV3003047139	turquoise	ST8	58.6141266666667	state_03	MII	-3.31609412358197	G-A
1	LV3003047139	yellow	ST8	58.6141266666667	state_03	MII	-3.28919794839937	G-A
1	LV3003047139	grey	ST8	58.6141266666667	state_03	MII	-2.24141086962489	G-A
1	LV3003047139	blue	ST8	58.6141266666667	state_03	MII	-0.665748206371831	G-A
1	LV3003047139	brown	ST8	58.6141266666667	state_03	MII	0	G-A
1	LV3003047142	turquoise	ST8	35.5823	state_03	MII	-3.2703445073524	G-A
1	LV3003047142	grey	ST8	35.5823	state_03	MII	-1.73201642784944	G-A
1	LV3003047142	yellow	ST8	35.5823	state_03	MII	-3.01947599165231	G-A
1	LV3003047142	blue	ST8	35.5823	state_03	MII	-1.30992138233532	G-A
1	LV3003047142	brown	ST8	35.5823	state_03	MII	-1.41119191274162	G-A
1	LV3003047143	turquoise	ST8	31.398	state_03	MII	-3.37142093955257	G-A
1	LV3003047143	yellow	ST8	31.398	state_03	MII	-3.34740481714274	G-A
1	LV3003047143	grey	ST8	31.398	state_03	MII	-1.91638062830438	G-A
1	LV3003047143	green	ST8	31.398	state_03	MII	-14.8179369805372	G-A
1	LV3003047143	brown	ST8	31.398	state_03	MII	14.3711659446836	G-A
1	LV3003047143	blue	ST8	31.398	state_03	MII	-14.9141228466324	G-A
1	LV3003047144	grey	ST8	27.729	state_03	MII	-1.81142114079452	G-A
1	LV3003047144	turquoise	ST8	27.729	state_03	MII	-2.93821990656479	G-A
1	LV3003047144	yellow	ST8	27.729	state_03	MII	-2.80336458673118	G-A
1	LV3003047144	brown	ST8	27.729	state_03	MII	-1.84811240577919	G-A
1	LV3003047144	blue	ST8	27.729	state_03	MII	-2.04857830564519	G-A
1	LV3003047144	green	ST8	27.729	state_03	MII	-14.7044100531629	G-A
1	LV3003047146	turquoise	ST8	63.2667	state_03	MII	-3.10055190927993	G-A
1	LV3003047146	grey	ST8	63.2667	state_03	MII	-2.3296465181721	G-A
1	LV3003047146	yellow	ST8	63.2667	state_03	MII	-3.09795653007169	G-A
1	LV3003047146	brown	ST8	63.2667	state_03	MII	-1.99890267919582	G-A
1	LV3003047146	blue	ST8	63.2667	state_03	MII	-2.87998205404703	G-A
1	LV3003047146	green	ST8	63.2667	state_03	MII	-14.8154490371118	G-A
1	LV3003047147	turquoise	ST8	62.3217	state_03	MII	-3.0594698584896	G-A
1	LV3003047147	grey	ST8	62.3217	state_03	MII	-2.24856994231067	G-A
1	LV3003047147	yellow	ST8	62.3217	state_03	MII	-3.78895053758197	G-A
1	LV3003047147	brown	ST8	62.3217	state_03	MII	-14.7558988414175	G-A
1	LV3003047147	blue	ST8	62.3217	state_03	MII	-15.3803441641616	G-A
1	LV3003047147	green	ST8	62.3217	state_03	MII	-14.7081998930698	G-A
1	LV3003047148	grey	ST8	61.3767	state_03	MII	-1.8507150780831	G-A
1	LV3003047148	turquoise	ST8	61.3767	state_03	MII	-2.61203337486649	G-A
1	LV3003047148	yellow	ST8	61.3767	state_03	MII	-3.75066850144641	G-A
1	LV3003047148	brown	ST8	61.3767	state_03	MII	-15.0441759748806	G-A
1	LV3003047148	blue	ST8	61.3767	state_03	MII	-14.9897055277984	G-A
1	LV3003047148	green	ST8	61.3767	state_03	MII	-14.5610908939722	G-A
1	LV3003047149	grey	ST8	60.4317	state_03	MII	-2.23151473358916	G-A
1	LV3003047149	yellow	ST8	60.4317	state_03	MII	-4.78494882977793	G-A
1	LV3003047149	turquoise	ST8	60.4317	state_03	MII	-2.92308208654665	G-A
1	LV3003047149	green	ST8	60.4317	state_03	MII	-14.7281660885724	G-A
1	LV3003047149	brown	ST8	60.4317	state_03	MII	0	G-A
1	LV3003047149	blue	ST8	60.4317	state_03	MII	0	G-A
1	LV3003047150	grey	ST8	59.5217933333333	state_03	MII	-2.40292616415941	G-A
1	LV3003047150	turquoise	ST8	59.5217933333333	state_03	MII	-3.36349066000995	G-A
1	LV3003047150	yellow	ST8	59.5217933333333	state_03	MII	-3.38665162705259	G-A
1	LV3003047150	blue	ST8	59.5217933333333	state_03	MII	-3.76972010169416	G-A
1	LV3003047150	brown	ST8	59.5217933333333	state_03	MII	-12.8422859043378	G-A
1	LV3003047150	green	ST8	59.5217933333333	state_03	MII	-14.7992610718504	G-A
1	LV3003047152	grey	ST8	45.00002	state_03	MII	-1.57781677327525	G-A
1	LV3003047152	turquoise	ST8	45.00002	state_03	MII	-3.14522202958347	G-A
1	LV3003047152	yellow	ST8	45.00002	state_03	MII	-3.19803340483842	G-A
1	LV3003047152	green	ST8	45.00002	state_03	MII	-14.8653461304629	G-A
1	LV3003047152	blue	ST8	45.00002	state_03	MII	-15.6072700271923	G-A
1	LV3003047152	brown	ST8	45.00002	state_03	MII	0	G-A
1	LV3003047153	grey	ST8	38.71393	state_03	MII	-1.62024035552042	G-A
1	LV3003047153	turquoise	ST8	38.71393	state_03	MII	-2.66127214555945	G-A
1	LV3003047153	yellow	ST8	38.71393	state_03	MII	-3.48917049534747	G-A
1	LV3003047153	green	ST8	38.71393	state_03	MII	-14.8397036872971	G-A
1	LV3003047153	brown	ST8	38.71393	state_03	MII	14.2209756660724	G-A
1	LV3003047153	blue	ST8	38.71393	state_03	MII	-15.4869838613178	G-A
1	LV3003047154	turquoise	ST8	35.13012	state_03	MII	-2.91074529519452	G-A
1	LV3003047154	yellow	ST8	35.13012	state_03	MII	-3.17889743540337	G-A
1	LV3003047154	grey	ST8	35.13012	state_03	MII	-1.86410860400373	G-A
1	LV3003047154	green	ST8	35.13012	state_03	MII	-14.8549910725073	G-A
1	LV3003047154	brown	ST8	35.13012	state_03	MII	-13.6632664564076	G-A
1	LV3003047155	turquoise	ST8	30.9475	state_03	MII	-2.53193063956858	G-A
1	LV3003047155	yellow	ST8	30.9475	state_03	MII	-3.50407450128245	G-A
1	LV3003047155	grey	ST8	30.9475	state_03	MII	-1.48153904098669	G-A
1	LV3003047155	brown	ST8	30.9475	state_03	MII	-15.6072700271923	G-A
1	LV3003047155	blue	ST8	30.9475	state_03	MII	-15.3195879547405	G-A
1	LV3003047156	grey	ST8	27.1996666666667	state_03	MII	-1.87543645360885	G-A
1	LV3003047156	turquoise	ST8	27.1996666666667	state_03	MII	-3.21852018125659	G-A
1	LV3003047156	yellow	ST8	27.1996666666667	state_03	MII	-2.9137153843931	G-A
1	LV3003047156	blue	ST8	27.1996666666667	state_03	MII	-2.61084348717132	G-A
1	LV3003047156	brown	ST8	27.1996666666667	state_03	MII	-0.252280145400865	G-A
1	LV3003047156	green	ST8	27.1996666666667	state_03	MII	-14.8132872255728	G-A
1	LV3003047158	grey	ST8	57.70646	state_03	MII	-2.0119374430873	G-A
1	LV3003047158	turquoise	ST8	57.70646	state_03	MII	-3.06659723326304	G-A
1	LV3003047158	yellow	ST8	57.70646	state_03	MII	-3.38941281602217	G-A
1	LV3003047158	blue	ST8	57.70646	state_03	MII	-14.8371200509711	G-A
1	LV3003047158	brown	ST8	57.70646	state_03	MII	-13.6051201598141	G-A
1	LV3003047158	green	ST8	57.70646	state_03	MII	-15.1749319008331	G-A
1	LV3003047159	turquoise	ST8	56.7987933333333	state_03	MII	-3.52198291930515	G-A
1	LV3003047159	yellow	ST8	56.7987933333333	state_03	MII	-3.19811087027683	G-A
1	LV3003047159	grey	ST8	56.7987933333333	state_03	MII	-2.17982064715942	G-A
1	LV3003047159	green	ST8	56.7987933333333	state_03	MII	-14.7474076875783	G-A
1	LV3003047159	brown	ST8	56.7987933333333	state_03	MII	-14.2209756660724	G-A
1	LV3003047164	grey	ST8	43.93302	state_03	MII	-1.30893829335148	G-A
1	LV3003047164	turquoise	ST8	43.93302	state_03	MII	-3.27205279153691	G-A
1	LV3003047164	yellow	ST8	43.93302	state_03	MII	-2.96768296974409	G-A
1	LV3003047164	blue	ST8	43.93302	state_03	MII	-15.3195879547405	G-A
1	LV3003047164	green	ST8	43.93302	state_03	MII	-14.7533074950594	G-A
1	LV3003047166	grey	ST8	38.27343	state_03	MII	-1.81003930542559	G-A
1	LV3003047166	turquoise	ST8	38.27343	state_03	MII	-2.98644229476447	G-A
1	LV3003047166	yellow	ST8	38.27343	state_03	MII	-3.36197529605983	G-A
1	LV3003047166	green	ST8	38.27343	state_03	MII	-14.9060990812752	G-A
1	LV3003047166	blue	ST8	38.27343	state_03	MII	-15.0161721009866	G-A
1	LV3003047166	brown	ST8	38.27343	state_03	MII	0	G-A
1	LV3003047167	turquoise	ST8	34.67812	state_03	MII	-3.10103198700965	G-A
1	LV3003047167	yellow	ST8	34.67812	state_03	MII	-3.980849196358	G-A
1	LV3003047167	grey	ST8	34.67812	state_03	MII	-1.79677477363135	G-A
1	LV3003047167	brown	ST8	34.67812	state_03	MII	13.0116120131116	G-A
1	LV3003047168	grey	ST8	30.497	state_03	MII	-1.58156068870648	G-A
1	LV3003047168	turquoise	ST8	30.497	state_03	MII	-2.7129293332732	G-A
1	LV3003047168	yellow	ST8	30.497	state_03	MII	-3.23866550960991	G-A
1	LV3003047168	blue	ST8	30.497	state_03	MII	-2.25098927251131	G-A
1	LV3003047168	brown	ST8	30.497	state_03	MII	-1.79591008295437	G-A
1	LV3003047168	green	ST8	30.497	state_03	MII	-15.0232227597153	G-A
1	LV3003047169	grey	ST8	26.6703333333333	state_03	MII	-1.86540248525467	G-A
1	LV3003047169	turquoise	ST8	26.6703333333333	state_03	MII	-2.79717773979784	G-A
1	LV3003047169	yellow	ST8	26.6703333333333	state_03	MII	-2.89394706869661	G-A
1	LV3003047169	brown	ST8	26.6703333333333	state_03	MII	-2.66833092131764	G-A
1	LV3003047169	blue	ST8	26.6703333333333	state_03	MII	-1.89695139346679	G-A
1	LV3003047169	green	ST8	26.6703333333333	state_03	MII	-14.9141228466324	G-A
1	LV3003061475	turquoise	ST13	53.844	state_03	MII	-3.24536157559898	G-A
1	LV3003061475	yellow	ST13	53.844	state_03	MII	-3.08086780199188	G-A
1	LV3003061475	grey	ST13	53.844	state_03	MII	-2.33419332369912	G-A
1	LV3003061475	green	ST13	53.844	state_03	MII	-14.9480022231465	G-A
1	LV3003061475	blue	ST13	53.844	state_03	MII	0	G-A
1	LV3003061476	grey	ST13	37.16	state_03	MII	-2.09659251806573	G-A
1	LV3003061476	green	ST13	37.16	state_03	MII	-14.8360779951363	G-A
1	LV3003061476	turquoise	ST13	37.16	state_03	MII	-3.08602095799664	G-A
1	LV3003061476	yellow	ST13	37.16	state_03	MII	-3.34822963811125	G-A
1	LV3003061476	blue	ST13	37.16	state_03	MII	-3.14144408473539	G-A
1	LV3003061476	brown	ST13	37.16	state_03	MII	12.1209148371899	G-A
1	LV3003061488	grey	ST13	35.041	state_03	MII	-1.90438264876527	G-A
1	LV3003061488	green	ST13	35.041	state_03	MII	-14.819351861538	G-A
1	LV3003061488	turquoise	ST13	35.041	state_03	MII	-2.94531997599627	G-A
1	LV3003061488	yellow	ST13	35.041	state_03	MII	-3.16991665478794	G-A
1	LV3003061488	blue	ST13	35.041	state_03	MII	-3.36363720351747	G-A
1	LV3003061488	brown	ST13	35.041	state_03	MII	1.13635261665096	G-A
1	LV3003061504	turquoise	ST13	50.268	state_03	MII	-3.20668710494866	G-A
1	LV3003061504	grey	ST13	50.268	state_03	MII	-1.93291547356108	G-A
1	LV3003061504	yellow	ST13	50.268	state_03	MII	-2.74933012997021	G-A
1	LV3003061504	green	ST13	50.268	state_03	MII	-14.8136021531421	G-A
1	LV3003061505	grey	ST13	32.81	state_03	MII	-1.86692697638161	G-A
1	LV3003061505	turquoise	ST13	32.81	state_03	MII	-2.3700588204335	G-A
1	LV3003061505	yellow	ST13	32.81	state_03	MII	-3.03819478595682	G-A
1	LV3003061505	blue	ST13	32.81	state_03	MII	-2.40658468301253	G-A
1	LV3003061505	green	ST13	32.81	state_03	MII	-14.7959251842139	G-A
1	LV3003061505	brown	ST13	32.81	state_03	MII	12.7973089622544	G-A
1	LV3003061516	turquoise	ST13	48.537	state_03	MII	-2.84117030407062	G-A
1	LV3003061516	grey	ST13	48.537	state_03	MII	-2.02844587324437	G-A
1	LV3003061516	yellow	ST13	48.537	state_03	MII	-3.34881568329985	G-A
1	LV3003061516	blue	ST13	48.537	state_03	MII	-1.50297668120009	G-A
1	LV3003061516	green	ST13	48.537	state_03	MII	-14.8377774008875	G-A
1	LV3003061530	turquoise	ST13	47.046	state_03	MII	-1.64229964851789	G-A
1	LV3003061530	grey	ST13	47.046	state_03	MII	-1.74845106533104	G-A
1	LV3003061530	yellow	ST13	47.046	state_03	MII	-3.06571364260526	G-A
1	LV3003061530	green	ST13	47.046	state_03	MII	-14.9165965646533	G-A
1	LV3003061530	blue	ST13	47.046	state_03	MII	-15.3141084889759	G-A
1	LV3003061531	grey	ST13	28.445	state_03	MII	-1.83702756496348	G-A
1	LV3003061531	green	ST13	28.445	state_03	MII	-14.8601749292781	G-A
1	LV3003061531	turquoise	ST13	28.445	state_03	MII	-2.65712395912714	G-A
1	LV3003061531	yellow	ST13	28.445	state_03	MII	-3.31185838279435	G-A
1	LV3003061531	blue	ST13	28.445	state_03	MII	-4.30237447572626	G-A
1	LV3003061531	brown	ST13	28.445	state_03	MII	-2.69462718077007	G-A
1	LV3003061544	grey	ST13	45.122	state_03	MII	-1.63221473826514	G-A
1	LV3003061544	turquoise	ST13	45.122	state_03	MII	-3.46782745737577	G-A
1	LV3003061544	yellow	ST13	45.122	state_03	MII	-3.10958814008547	G-A
1	LV3003061544	green	ST13	45.122	state_03	MII	-14.784146398284	G-A
1	LV3003061544	blue	ST13	45.122	state_03	MII	-2.75819998478768	G-A
1	LV3003061544	brown	ST13	45.122	state_03	MII	-0.681359224807903	G-A
1	LV3003061545	grey	ST13	23.172	state_03	MII	-1.87119162591929	G-A
1	LV3003061545	turquoise	ST13	23.172	state_03	MII	-2.86589935992816	G-A
1	LV3003061545	yellow	ST13	23.172	state_03	MII	-3.04904335462862	G-A
1	LV3003061545	blue	ST13	23.172	state_03	MII	-4.04329920684283	G-A
1	LV3003061545	brown	ST13	23.172	state_03	MII	-0.882836907987462	G-A
1	LV3003061545	green	ST13	23.172	state_03	MII	-14.841609617	G-A
1	LV3003061558	grey	ST13	42.626	state_03	MII	-1.89632146926025	G-A
1	LV3003061558	green	ST13	42.626	state_03	MII	-14.7920331084869	G-A
1	LV3003061558	turquoise	ST13	42.626	state_03	MII	-2.82032591506483	G-A
1	LV3003061558	yellow	ST13	42.626	state_03	MII	-3.03010888360445	G-A
1	LV3003061558	blue	ST13	42.626	state_03	MII	-3.02326243829657	G-A
1	LV3003061558	brown	ST13	42.626	state_03	MII	13.5803658190404	G-A
1	LV3003061559	green	ST13	21.069	state_03	MII	-14.7426236997738	G-A
1	LV3003061559	grey	ST13	21.069	state_03	MII	-2.13163109067599	G-A
1	LV3003061559	turquoise	ST13	21.069	state_03	MII	-2.82696185175376	G-A
1	LV3003061559	yellow	ST13	21.069	state_03	MII	-2.53038630557128	G-A
1	LV3003061559	blue	ST13	21.069	state_03	MII	-2.91424538118646	G-A
1	LV3003061559	brown	ST13	21.069	state_03	MII	-2.21900761685233	G-A
1	LV3003061571	turquoise	ST13	40.457	state_03	MII	-2.21242862274071	G-A
1	LV3003061571	grey	ST13	40.457	state_03	MII	-1.80416011485279	G-A
1	LV3003061571	yellow	ST13	40.457	state_03	MII	-3.08965235450785	G-A
1	LV3003061571	blue	ST13	40.457	state_03	MII	-2.94652122874752	G-A
1	LV3003061571	brown	ST13	40.457	state_03	MII	-0.0264087619732971	G-A
1	LV3003061571	green	ST13	40.457	state_03	MII	-15.112493994939	G-A
1	LV7008886221	grey	GeoB25202_R1	50.3555	state_03	MII	-2.49350635415229	G-A
1	LV7008886221	turquoise	GeoB25202_R1	50.3555	state_03	MII	-2.52533067930948	G-A
1	LV7008886221	yellow	GeoB25202_R1	50.3555	state_03	MII	-3.46702563121434	G-A
1	LV7008886221	green	GeoB25202_R1	50.3555	state_03	MII	-14.7375984075228	G-A
1	LV7008886221	brown	GeoB25202_R1	50.3555	state_03	MII	-14.9141228466324	G-A
1	LV7008886222	turquoise	GeoB25202_R1	136.2775	state_03	MII	-3.63708094855609	G-A
1	LV7008886222	yellow	GeoB25202_R1	136.2775	state_03	MII	-2.48843434583163	G-A
1	LV7008886222	grey	GeoB25202_R1	136.2775	state_03	MII	-2.20181648070957	G-A
1	LV7008886222	green	GeoB25202_R1	136.2775	state_03	MII	-14.7594490174341	G-A
1	LV7008886222	blue	GeoB25202_R1	136.2775	state_03	MII	-14.9141228466324	G-A
1	LV7008886226	grey	GeoB25202_R2	36.607	state_03	MII	-1.74995680262761	G-A
1	LV7008886226	turquoise	GeoB25202_R2	36.607	state_03	MII	-1.82269522096019	G-A
1	LV7008886226	yellow	GeoB25202_R2	36.607	state_03	MII	-4.01798854844085	G-A
1	LV7008886226	brown	GeoB25202_R2	36.607	state_03	MII	-4.01653833643182	G-A
1	LV7008886226	blue	GeoB25202_R2	36.607	state_03	MII	-15.1005934127154	G-A
1	LV7008886226	green	GeoB25202_R2	36.607	state_03	MII	-14.7330446844655	G-A
1	LV7008886692	turquoise	GeoB25202_R1	53.875	state_03	MII	-2.92023082792612	G-A
1	LV7008886692	grey	GeoB25202_R1	53.875	state_03	MII	-2.65090634743582	G-A
1	LV7008886692	yellow	GeoB25202_R1	53.875	state_03	MII	-3.2984580994842	G-A
1	LV7008886692	green	GeoB25202_R1	53.875	state_03	MII	-14.2209756660724	G-A
1	LV7008886703	grey	GeoB25202_R1	27.6855	state_03	MII	-1.97232336598501	G-A
1	LV7008886703	turquoise	GeoB25202_R1	27.6855	state_03	MII	-2.73131725846011	G-A
1	LV7008886703	yellow	GeoB25202_R1	27.6855	state_03	MII	-3.10332442121573	G-A
1	LV7008886703	blue	GeoB25202_R1	27.6855	state_03	MII	-3.41678046054955	G-A
1	LV7008886703	brown	GeoB25202_R1	27.6855	state_03	MII	13.3685275797089	G-A
1	LV7008886703	green	GeoB25202_R1	27.6855	state_03	MII	-14.791796684991	G-A
1	LV7008886704	grey	GeoB25202_R2	53.875	state_03	MII	-2.27893246747131	G-A
1	LV7008886704	turquoise	GeoB25202_R2	53.875	state_03	MII	-3.004987011743	G-A
1	LV7008886704	yellow	GeoB25202_R2	53.875	state_03	MII	-3.02804809853495	G-A
1	LV7008886704	blue	GeoB25202_R2	53.875	state_03	MII	-14.9141228466324	G-A
1	LV7008886704	green	GeoB25202_R2	53.875	state_03	MII	-14.7770842468919	G-A
1	LV7008886709	turquoise	GeoB25202_R1	147.206	state_03	MII	-3.59374330691428	G-A
1	LV7008886709	yellow	GeoB25202_R1	147.206	state_03	MII	-3.33001738901175	G-A
1	LV7008886709	grey	GeoB25202_R1	147.206	state_03	MII	-2.1717194008913	G-A
1	LV7008886709	blue	GeoB25202_R1	147.206	state_03	MII	-14.6724184414338	G-A
1	LV7008886709	green	GeoB25202_R1	147.206	state_03	MII	-14.4572522169888	G-A
1	LV7008886709	brown	GeoB25202_R1	147.206	state_03	MII	0	G-A
1	LV7008886715	grey	GeoB25202_R2	27.6855	state_03	MII	-1.47427678150001	G-A
1	LV7008886715	turquoise	GeoB25202_R2	27.6855	state_03	MII	-2.5531141453964	G-A
1	LV7008886715	yellow	GeoB25202_R2	27.6855	state_03	MII	-2.95904361118618	G-A
1	LV7008886715	blue	GeoB25202_R2	27.6855	state_03	MII	-4.31287572288633	G-A
1	LV7008886715	brown	GeoB25202_R2	27.6855	state_03	MII	13.2906986922235	G-A
1	LV7008886715	green	GeoB25202_R2	27.6855	state_03	MII	-14.8293690900673	G-A
1	LV7008886721	turquoise	GeoB25202_R2	147.206	state_03	MII	-3.5158377716878	G-A
1	LV7008886721	yellow	GeoB25202_R2	147.206	state_03	MII	-3.11012217163725	G-A
1	LV7008886721	grey	GeoB25202_R2	147.206	state_03	MII	-2.53268085962562	G-A
1	LV7008886721	green	GeoB25202_R2	147.206	state_03	MII	-14.6892150176389	G-A
1	LV7008886721	blue	GeoB25202_R2	147.206	state_03	MII	-2.26488322581003	G-A
1	LV7008886721	brown	GeoB25202_R2	147.206	state_03	MII	-13.9832740134453	G-A
1	LV7008886728	grey	GeoB25202_R2	50.3555	state_03	MII	-2.22354671891805	G-A
1	LV7008886728	turquoise	GeoB25202_R2	50.3555	state_03	MII	-2.6419364619453	G-A
1	LV7008886728	yellow	GeoB25202_R2	50.3555	state_03	MII	-3.01780935217184	G-A
1	LV7008886728	green	GeoB25202_R2	50.3555	state_03	MII	-14.9195136952673	G-A
1	LV7008886728	blue	GeoB25202_R2	50.3555	state_03	MII	-14.9141228466324	G-A
1	LV7008886740	grey	GeoB25202_R1	43.105	state_03	MII	-2.2671312780393	G-A
1	LV7008886740	turquoise	GeoB25202_R1	43.105	state_03	MII	-2.77030589122747	G-A
1	LV7008886740	yellow	GeoB25202_R1	43.105	state_03	MII	-3.44856491072212	G-A
1	LV7008886740	blue	GeoB25202_R1	43.105	state_03	MII	-14.5450451359766	G-A
1	LV7008886740	green	GeoB25202_R1	43.105	state_03	MII	-14.9131246101006	G-A
1	LV7008886752	grey	GeoB25202_R2	43.105	state_03	MII	-2.39050460680255	G-A
1	LV7008886752	turquoise	GeoB25202_R2	43.105	state_03	MII	-2.7293728419501	G-A
1	LV7008886752	yellow	GeoB25202_R2	43.105	state_03	MII	-3.0903992855952	G-A
1	LV7008886752	blue	GeoB25202_R2	43.105	state_03	MII	-15.7084047593206	G-A
1	LV7008886752	green	GeoB25202_R2	43.105	state_03	MII	-14.9291724808188	G-A
1	LV7008886765	turquoise	GeoB25202_R1	58.181	state_03	MII	-2.93807230956705	G-A
1	LV7008886765	grey	GeoB25202_R1	58.181	state_03	MII	-2.57282791272328	G-A
1	LV7008886765	yellow	GeoB25202_R1	58.181	state_03	MII	-3.26376467662419	G-A
1	LV7008886765	brown	GeoB25202_R1	58.181	state_03	MII	-1.14395096925717	G-A
1	LV7008886765	green	GeoB25202_R1	58.181	state_03	MII	-14.864505894487	G-A
1	LV7008886776	grey	GeoB25202_R1	36.607	state_03	MII	-2.05101697023574	G-A
1	LV7008886776	green	GeoB25202_R1	36.607	state_03	MII	-14.8267596083966	G-A
1	LV7008886776	turquoise	GeoB25202_R1	36.607	state_03	MII	-2.9788842577634	G-A
1	LV7008886776	yellow	GeoB25202_R1	36.607	state_03	MII	-3.33046786457895	G-A
1	LV7008886776	blue	GeoB25202_R1	36.607	state_03	MII	-3.27049124310051	G-A
1	LV7008886776	brown	GeoB25202_R1	36.607	state_03	MII	0	G-A
1	LV3003047044	grey	ST8	12.078	state_03	SRPI	-1.46165867902495	G-A
1	LV3003047044	turquoise	ST8	12.078	state_03	SRPI	-0.902849430930857	G-A
1	LV3003047044	yellow	ST8	12.078	state_03	SRPI	-1.09097520198608	G-A
1	LV3003047044	green	ST8	12.078	state_03	SRPI	-1.45579088497383	G-A
1	LV3003047044	blue	ST8	12.078	state_03	SRPI	-9.21034037197618	G-A
1	LV3003047044	brown	ST8	12.078	state_03	SRPI	-0.765417102478871	G-A
1	LV3003047067	turquoise	ST8	42.86602	state_03	SRPI	-0.951982007829793	G-A
1	LV3003047067	grey	ST8	42.86602	state_03	SRPI	-0.571484508592139	G-A
1	LV3003047067	yellow	ST8	42.86602	state_03	SRPI	-1.1480634436251	G-A
1	LV3003047067	green	ST8	42.86602	state_03	SRPI	-1.32179537713193	G-A
1	LV3003047067	blue	ST8	42.86602	state_03	SRPI	-9.21034037197618	G-A
1	LV3003047067	brown	ST8	42.86602	state_03	SRPI	-0.825947312510576	G-A
1	LV3003047068	turquoise	ST8	37.78969	state_03	SRPI	-0.893439685126529	G-A
1	LV3003047068	yellow	ST8	37.78969	state_03	SRPI	-1.07878831820064	G-A
1	LV3003047068	grey	ST8	37.78969	state_03	SRPI	-0.389422221355314	G-A
1	LV3003047068	blue	ST8	37.78969	state_03	SRPI	-1.47437703043942	G-A
1	LV3003047068	brown	ST8	37.78969	state_03	SRPI	-0.357798255205167	G-A
1	LV3003047068	green	ST8	37.78969	state_03	SRPI	-9.21034037197618	G-A
1	LV3003047069	turquoise	ST8	33.7436870748299	state_03	SRPI	-1.04673255382486	G-A
1	LV3003047069	grey	ST8	33.7436870748299	state_03	SRPI	-0.560780500956838	G-A
1	LV3003047069	yellow	ST8	33.7436870748299	state_03	SRPI	-1.04661962214503	G-A
1	LV3003047069	brown	ST8	33.7436870748299	state_03	SRPI	-0.029927917242245	G-A
1	LV3003047069	blue	ST8	33.7436870748299	state_03	SRPI	-9.21034037197618	G-A
1	LV3003047069	green	ST8	33.7436870748299	state_03	SRPI	-2.52352970207589	G-A
1	LV3003047070	turquoise	ST8	30.128	state_03	SRPI	-0.790134522300465	G-A
1	LV3003047070	yellow	ST8	30.128	state_03	SRPI	-1.03499025305847	G-A
1	LV3003047070	grey	ST8	30.128	state_03	SRPI	-0.425500362363225	G-A
1	LV3003047070	brown	ST8	30.128	state_03	SRPI	-1.86859266566943	G-A
1	LV3003047070	blue	ST8	30.128	state_03	SRPI	-1.02538571463526	G-A
1	LV3003047071	grey	ST8	26.141	state_03	SRPI	-0.758880986714111	G-A
1	LV3003047071	turquoise	ST8	26.141	state_03	SRPI	-0.942563520648884	G-A
1	LV3003047071	yellow	ST8	26.141	state_03	SRPI	-0.77838065709614	G-A
1	LV3003047071	brown	ST8	26.141	state_03	SRPI	-0.75430490494254	G-A
1	LV3003047071	blue	ST8	26.141	state_03	SRPI	-0.793101634507882	G-A
1	LV3003047071	green	ST8	26.141	state_03	SRPI	-0.552029191325516	G-A
1	LV3003047081	turquoise	ST8	52.20718	state_03	SRPI	-0.828200966272487	G-A
1	LV3003047081	grey	ST8	52.20718	state_03	SRPI	-0.595876707181542	G-A
1	LV3003047081	yellow	ST8	52.20718	state_03	SRPI	-0.751183142503815	G-A
1	LV3003047081	brown	ST8	52.20718	state_03	SRPI	-1.06509920329484	G-A
1	LV3003047081	blue	ST8	52.20718	state_03	SRPI	-2.20980663773599	G-A
1	LV3003047081	green	ST8	52.20718	state_03	SRPI	-1.28518703529196	G-A
1	LV3003047082	turquoise	ST8	41.9168333333333	state_03	SRPI	-0.897357268731065	G-A
1	LV3003047082	yellow	ST8	41.9168333333333	state_03	SRPI	-1.03617585460978	G-A
1	LV3003047082	grey	ST8	41.9168333333333	state_03	SRPI	-0.219446643383276	G-A
1	LV3003047082	green	ST8	41.9168333333333	state_03	SRPI	-9.21034037197618	G-A
1	LV3003047082	brown	ST8	41.9168333333333	state_03	SRPI	-9.21034037197618	G-A
1	LV3003047082	blue	ST8	41.9168333333333	state_03	SRPI	-9.21034037197618	G-A
1	LV3003047083	grey	ST8	37.30319	state_03	SRPI	-0.405304710566746	G-A
1	LV3003047083	turquoise	ST8	37.30319	state_03	SRPI	-0.933118905868961	G-A
1	LV3003047083	yellow	ST8	37.30319	state_03	SRPI	-1.17187076797376	G-A
1	LV3003047083	blue	ST8	37.30319	state_03	SRPI	-9.21034037197618	G-A
1	LV3003047083	green	ST8	37.30319	state_03	SRPI	-1.71540091373909	G-A
1	LV3003047083	brown	ST8	37.30319	state_03	SRPI	-4.60517018598809	G-A
1	LV3003047085	grey	ST8	29.703	state_03	SRPI	-0.490314603610887	G-A
1	LV3003047085	turquoise	ST8	29.703	state_03	SRPI	-0.919774300534512	G-A
1	LV3003047085	yellow	ST8	29.703	state_03	SRPI	-0.961689225862832	G-A
1	LV3003047085	brown	ST8	29.703	state_03	SRPI	-0.705588316432364	G-A
1	LV3003047085	blue	ST8	29.703	state_03	SRPI	-2.99444646128699	G-A
1	LV3003047085	green	ST8	29.703	state_03	SRPI	-9.21034037197618	G-A
1	LV3003047094	turquoise	ST8	50.6848	state_03	SRPI	-0.747564400098866	G-A
1	LV3003047094	grey	ST8	50.6848	state_03	SRPI	-0.394879740142515	G-A
1	LV3003047094	green	ST8	50.6848	state_03	SRPI	-1.0422492764148	G-A
1	LV3003047094	yellow	ST8	50.6848	state_03	SRPI	-0.992823736171674	G-A
1	LV3003047094	blue	ST8	50.6848	state_03	SRPI	-9.21034037197618	G-A
1	LV3003047095	turquoise	ST8	40.9751666666667	state_03	SRPI	-0.699482831849979	G-A
1	LV3003047095	grey	ST8	40.9751666666667	state_03	SRPI	-0.439326446797638	G-A
1	LV3003047095	green	ST8	40.9751666666667	state_03	SRPI	-1.45191791449685	G-A
1	LV3003047095	yellow	ST8	40.9751666666667	state_03	SRPI	-0.995714102407139	G-A
1	LV3003047095	blue	ST8	40.9751666666667	state_03	SRPI	-0.980589809595048	G-A
1	LV3003047095	brown	ST8	40.9751666666667	state_03	SRPI	0.80015456060304	G-A
1	LV3003047096	grey	ST8	36.89377	state_03	SRPI	-0.493231860581827	G-A
1	LV3003047096	turquoise	ST8	36.89377	state_03	SRPI	-0.651777137103556	G-A
1	LV3003047096	yellow	ST8	36.89377	state_03	SRPI	-0.837688027840862	G-A
1	LV3003047096	blue	ST8	36.89377	state_03	SRPI	-2.54043185487284	G-A
1	LV3003047096	brown	ST8	36.89377	state_03	SRPI	-0.790548045554588	G-A
1	LV3003047096	green	ST8	36.89377	state_03	SRPI	-9.21034037197618	G-A
1	LV3003047097	grey	ST8	32.835	state_03	SRPI	-0.495050674424782	G-A
1	LV3003047097	turquoise	ST8	32.835	state_03	SRPI	-0.931922342065352	G-A
1	LV3003047097	yellow	ST8	32.835	state_03	SRPI	-1.19875331323715	G-A
1	LV3003047097	green	ST8	32.835	state_03	SRPI	-9.21034037197618	G-A
1	LV3003047097	blue	ST8	32.835	state_03	SRPI	-0.3317941891592	G-A
1	LV3003047097	brown	ST8	32.835	state_03	SRPI	-0.950338988503734	G-A
1	LV3003047098	turquoise	ST8	29.278	state_03	SRPI	-0.829271837067808	G-A
1	LV3003047098	grey	ST8	29.278	state_03	SRPI	-0.441660297949274	G-A
1	LV3003047098	yellow	ST8	29.278	state_03	SRPI	-0.865170834161878	G-A
1	LV3003047098	blue	ST8	29.278	state_03	SRPI	-9.21034037197618	G-A
1	LV3003047098	brown	ST8	29.278	state_03	SRPI	-4.60517018598809	G-A
1	LV3003047099	turquoise	ST8	25.058	state_03	SRPI	-0.895462618684399	G-A
1	LV3003047099	grey	ST8	25.058	state_03	SRPI	-0.410804542622758	G-A
1	LV3003047099	yellow	ST8	25.058	state_03	SRPI	-0.665353345109238	G-A
1	LV3003047099	brown	ST8	25.058	state_03	SRPI	-0.249067567697181	G-A
1	LV3003047099	blue	ST8	25.058	state_03	SRPI	-1.13471528188107	G-A
1	LV3003047099	green	ST8	25.058	state_03	SRPI	-2.11800582753198	G-A
1	LV3003047110	grey	ST8	49.1548	state_03	SRPI	-0.218176181092517	G-A
1	LV3003047110	turquoise	ST8	49.1548	state_03	SRPI	-0.982842332180373	G-A
1	LV3003047110	yellow	ST8	49.1548	state_03	SRPI	-1.27432518027493	G-A
1	LV3003047110	green	ST8	49.1548	state_03	SRPI	-9.21034037197618	G-A
1	LV3003047112	turquoise	ST8	40.0335	state_03	SRPI	-1.0559868088203	G-A
1	LV3003047112	yellow	ST8	40.0335	state_03	SRPI	-0.960361154650239	G-A
1	LV3003047112	grey	ST8	40.0335	state_03	SRPI	-0.697916108767876	G-A
1	LV3003047112	blue	ST8	40.0335	state_03	SRPI	-9.21034037197618	G-A
1	LV3003047112	green	ST8	40.0335	state_03	SRPI	-1.53518013514982	G-A
1	LV3003047112	brown	ST8	40.0335	state_03	SRPI	1.01242667569772	G-A
1	LV3003047113	grey	ST8	36.48927	state_03	SRPI	-0.560268507018095	G-A
1	LV3003047113	turquoise	ST8	36.48927	state_03	SRPI	-0.744473647822733	G-A
1	LV3003047113	yellow	ST8	36.48927	state_03	SRPI	-0.902075088732819	G-A
1	LV3003047113	brown	ST8	36.48927	state_03	SRPI	0.118345065507342	G-A
1	LV3003047113	blue	ST8	36.48927	state_03	SRPI	-1.15475693455722	G-A
1	LV3003047113	green	ST8	36.48927	state_03	SRPI	-9.21034037197618	G-A
1	LV3003047114	green	ST8	32.3855	state_03	SRPI	-2.75673149309656	G-A
1	LV3003047114	turquoise	ST8	32.3855	state_03	SRPI	-1.06595850429041	G-A
1	LV3003047114	yellow	ST8	32.3855	state_03	SRPI	-1.38550274648514	G-A
1	LV3003047114	grey	ST8	32.3855	state_03	SRPI	-0.5519252751497	G-A
1	LV3003047117	grey	ST8	28.7616666666667	state_03	SRPI	-0.512137511351003	G-A
1	LV3003047117	turquoise	ST8	28.7616666666667	state_03	SRPI	-0.97970826799893	G-A
1	LV3003047117	yellow	ST8	28.7616666666667	state_03	SRPI	-1.03042278121528	G-A
1	LV3003047117	blue	ST8	28.7616666666667	state_03	SRPI	-9.21034037197618	G-A
1	LV3003047117	green	ST8	28.7616666666667	state_03	SRPI	-1.87903435465489	G-A
1	LV3003047117	brown	ST8	28.7616666666667	state_03	SRPI	-9.21034037197618	G-A
1	LV3003047126	turquoise	ST8	64.210824	state_03	SRPI	-0.87565349113052	G-A
1	LV3003047126	grey	ST8	64.210824	state_03	SRPI	-0.40429585023064	G-A
1	LV3003047126	yellow	ST8	64.210824	state_03	SRPI	-1.03679316062992	G-A
1	LV3003047126	blue	ST8	64.210824	state_03	SRPI	-9.21034037197618	G-A
1	LV3003047126	green	ST8	64.210824	state_03	SRPI	-9.21034037197618	G-A
1	LV3003047128	grey	ST8	39.57797	state_03	SRPI	-0.50348678746612	G-A
1	LV3003047128	turquoise	ST8	39.57797	state_03	SRPI	-0.856380038800553	G-A
1	LV3003047128	yellow	ST8	39.57797	state_03	SRPI	-0.797310651491217	G-A
1	LV3003047128	blue	ST8	39.57797	state_03	SRPI	-9.21034037197618	G-A
1	LV3003047128	brown	ST8	39.57797	state_03	SRPI	-0.182013421732583	G-A
1	LV3003047129	turquoise	ST8	36.0373	state_03	SRPI	-0.920942217632102	G-A
1	LV3003047129	grey	ST8	36.0373	state_03	SRPI	-0.615114722722624	G-A
1	LV3003047129	yellow	ST8	36.0373	state_03	SRPI	-0.909626721950835	G-A
1	LV3003047129	brown	ST8	36.0373	state_03	SRPI	-0.346197272563081	G-A
1	LV3003047129	blue	ST8	36.0373	state_03	SRPI	-1.1750575144039	G-A
1	LV3003047130	grey	ST8	31.936	state_03	SRPI	-0.529825392748254	G-A
1	LV3003047130	turquoise	ST8	31.936	state_03	SRPI	-1.05648981287924	G-A
1	LV3003047130	yellow	ST8	31.936	state_03	SRPI	-1.39310027533153	G-A
1	LV3003047130	green	ST8	31.936	state_03	SRPI	-9.21034037197618	G-A
1	LV3003047130	brown	ST8	31.936	state_03	SRPI	0.0147794011207723	G-A
1	LV3003047130	blue	ST8	31.936	state_03	SRPI	-1.08045991934968	G-A
1	LV3003047131	turquoise	ST8	28.2453333333333	state_03	SRPI	-0.856435349176867	G-A
1	LV3003047131	yellow	ST8	28.2453333333333	state_03	SRPI	-1.1511784337746	G-A
1	LV3003047131	grey	ST8	28.2453333333333	state_03	SRPI	-0.508257700022883	G-A
1	LV3003047131	green	ST8	28.2453333333333	state_03	SRPI	-1.1984499620304	G-A
1	LV3003047131	brown	ST8	28.2453333333333	state_03	SRPI	-0.307631782568509	G-A
1	LV3003047131	blue	ST8	28.2453333333333	state_03	SRPI	-0.138769763158453	G-A
1	LV3003047137	turquoise	ST8	66.9462	state_03	SRPI	-0.668037079612359	G-A
1	LV3003047137	grey	ST8	66.9462	state_03	SRPI	-0.363685576248376	G-A
1	LV3003047137	yellow	ST8	66.9462	state_03	SRPI	-1.27301950577809	G-A
1	LV3003047137	brown	ST8	66.9462	state_03	SRPI	-0.684042738440971	G-A
1	LV3003047137	blue	ST8	66.9462	state_03	SRPI	-9.21034037197618	G-A
1	LV3003047137	green	ST8	66.9462	state_03	SRPI	-9.21034037197618	G-A
1	LV3003047139	turquoise	ST8	58.6141266666667	state_03	SRPI	-0.908026133900073	G-A
1	LV3003047139	yellow	ST8	58.6141266666667	state_03	SRPI	-0.989192261886758	G-A
1	LV3003047139	grey	ST8	58.6141266666667	state_03	SRPI	-0.480391036392812	G-A
1	LV3003047139	blue	ST8	58.6141266666667	state_03	SRPI	-9.21034037197618	G-A
1	LV3003047139	brown	ST8	58.6141266666667	state_03	SRPI	1.01242667569772	G-A
1	LV3003047142	turquoise	ST8	35.5823	state_03	SRPI	-1.03686271089271	G-A
1	LV3003047142	grey	ST8	35.5823	state_03	SRPI	-0.869498797995926	G-A
1	LV3003047142	yellow	ST8	35.5823	state_03	SRPI	-1.19005844230422	G-A
1	LV3003047142	blue	ST8	35.5823	state_03	SRPI	-1.00870832654771	G-A
1	LV3003047142	brown	ST8	35.5823	state_03	SRPI	-1.76169413288648	G-A
1	LV3003047143	turquoise	ST8	31.398	state_03	SRPI	-0.872328744218814	G-A
1	LV3003047143	yellow	ST8	31.398	state_03	SRPI	-1.18546033277368	G-A
1	LV3003047143	grey	ST8	31.398	state_03	SRPI	-0.419296007589233	G-A
1	LV3003047143	green	ST8	31.398	state_03	SRPI	-2.81146098725883	G-A
1	LV3003047143	brown	ST8	31.398	state_03	SRPI	0.564187614127834	G-A
1	LV3003047143	blue	ST8	31.398	state_03	SRPI	-9.21034037197618	G-A
1	LV3003047144	grey	ST8	27.729	state_03	SRPI	-0.725226020321184	G-A
1	LV3003047144	turquoise	ST8	27.729	state_03	SRPI	-0.928899043314011	G-A
1	LV3003047144	yellow	ST8	27.729	state_03	SRPI	-0.956865161305764	G-A
1	LV3003047144	brown	ST8	27.729	state_03	SRPI	0.0147794011207723	G-A
1	LV3003047144	blue	ST8	27.729	state_03	SRPI	-1.23286625729279	G-A
1	LV3003047144	green	ST8	27.729	state_03	SRPI	-2.34308448829146	G-A
1	LV3003047146	turquoise	ST8	63.2667	state_03	SRPI	-0.931575666882442	G-A
1	LV3003047146	grey	ST8	63.2667	state_03	SRPI	-0.603076968431298	G-A
1	LV3003047146	yellow	ST8	63.2667	state_03	SRPI	-1.19902816473616	G-A
1	LV3003047146	brown	ST8	63.2667	state_03	SRPI	-0.23407792759183	G-A
1	LV3003047146	blue	ST8	63.2667	state_03	SRPI	-2.92910177483541	G-A
1	LV3003047146	green	ST8	63.2667	state_03	SRPI	-1.65172419216972	G-A
1	LV3003047147	turquoise	ST8	62.3217	state_03	SRPI	-0.823884297067914	G-A
1	LV3003047147	grey	ST8	62.3217	state_03	SRPI	-0.437669627368959	G-A
1	LV3003047147	yellow	ST8	62.3217	state_03	SRPI	-1.2189015258915	G-A
1	LV3003047147	brown	ST8	62.3217	state_03	SRPI	-1.05552344054758	G-A
1	LV3003047147	blue	ST8	62.3217	state_03	SRPI	-9.21034037197618	G-A
1	LV3003047147	green	ST8	62.3217	state_03	SRPI	-9.21034037197618	G-A
1	LV3003047148	grey	ST8	61.3767	state_03	SRPI	-0.257229547867069	G-A
1	LV3003047148	turquoise	ST8	61.3767	state_03	SRPI	-0.780674737524292	G-A
1	LV3003047148	yellow	ST8	61.3767	state_03	SRPI	-1.03512856211517	G-A
1	LV3003047148	brown	ST8	61.3767	state_03	SRPI	-0.819457378221546	G-A
1	LV3003047148	blue	ST8	61.3767	state_03	SRPI	-9.21034037197618	G-A
1	LV3003047148	green	ST8	61.3767	state_03	SRPI	-9.21034037197618	G-A
1	LV3003047149	grey	ST8	60.4317	state_03	SRPI	-0.342014229417048	G-A
1	LV3003047149	yellow	ST8	60.4317	state_03	SRPI	-0.891929365810474	G-A
1	LV3003047149	turquoise	ST8	60.4317	state_03	SRPI	-0.823394858325342	G-A
1	LV3003047149	green	ST8	60.4317	state_03	SRPI	-2.15612639769126	G-A
1	LV3003047149	brown	ST8	60.4317	state_03	SRPI	-4.60517018598809	G-A
1	LV3003047149	blue	ST8	60.4317	state_03	SRPI	0.0147794011207723	G-A
1	LV3003047150	grey	ST8	59.5217933333333	state_03	SRPI	-0.400436726557747	G-A
1	LV3003047150	turquoise	ST8	59.5217933333333	state_03	SRPI	-0.843957519393049	G-A
1	LV3003047150	yellow	ST8	59.5217933333333	state_03	SRPI	-1.10232882822132	G-A
1	LV3003047150	blue	ST8	59.5217933333333	state_03	SRPI	-1.70342398631932	G-A
1	LV3003047150	brown	ST8	59.5217933333333	state_03	SRPI	-0.15296046634204	G-A
1	LV3003047150	green	ST8	59.5217933333333	state_03	SRPI	-1.14286910694336	G-A
1	LV3003047152	grey	ST8	45.00002	state_03	SRPI	-0.572995122999148	G-A
1	LV3003047152	turquoise	ST8	45.00002	state_03	SRPI	-0.935281392241288	G-A
1	LV3003047152	yellow	ST8	45.00002	state_03	SRPI	-1.01316497330041	G-A
1	LV3003047152	green	ST8	45.00002	state_03	SRPI	-1.29686738856476	G-A
1	LV3003047152	blue	ST8	45.00002	state_03	SRPI	0.217511955174854	G-A
1	LV3003047152	brown	ST8	45.00002	state_03	SRPI	-4.60517018598809	G-A
1	LV3003047153	grey	ST8	38.71393	state_03	SRPI	-0.384818817691769	G-A
1	LV3003047153	turquoise	ST8	38.71393	state_03	SRPI	-0.839624983298301	G-A
1	LV3003047153	yellow	ST8	38.71393	state_03	SRPI	-1.03171397090256	G-A
1	LV3003047153	green	ST8	38.71393	state_03	SRPI	-1.42622113474844	G-A
1	LV3003047153	brown	ST8	38.71393	state_03	SRPI	0.0147794011207723	G-A
1	LV3003047153	blue	ST8	38.71393	state_03	SRPI	-9.21034037197618	G-A
1	LV3003047154	turquoise	ST8	35.13012	state_03	SRPI	-0.966507342687772	G-A
1	LV3003047154	yellow	ST8	35.13012	state_03	SRPI	-1.08422460932302	G-A
1	LV3003047154	grey	ST8	35.13012	state_03	SRPI	-0.299895212500593	G-A
1	LV3003047154	green	ST8	35.13012	state_03	SRPI	-1.84081274419598	G-A
1	LV3003047154	brown	ST8	35.13012	state_03	SRPI	-9.21034037197618	G-A
1	LV3003047155	turquoise	ST8	30.9475	state_03	SRPI	-0.683223081050356	G-A
1	LV3003047155	yellow	ST8	30.9475	state_03	SRPI	-1.12595933184512	G-A
1	LV3003047155	grey	ST8	30.9475	state_03	SRPI	-0.261334647713815	G-A
1	LV3003047155	brown	ST8	30.9475	state_03	SRPI	0.0147794011207723	G-A
1	LV3003047155	blue	ST8	30.9475	state_03	SRPI	-0.3317941891592	G-A
1	LV3003047156	grey	ST8	27.1996666666667	state_03	SRPI	-0.749292067443633	G-A
1	LV3003047156	turquoise	ST8	27.1996666666667	state_03	SRPI	-0.98890943051679	G-A
1	LV3003047156	yellow	ST8	27.1996666666667	state_03	SRPI	-1.08566726360383	G-A
1	LV3003047156	blue	ST8	27.1996666666667	state_03	SRPI	-0.531951511230747	G-A
1	LV3003047156	brown	ST8	27.1996666666667	state_03	SRPI	-0.118455793676904	G-A
1	LV3003047156	green	ST8	27.1996666666667	state_03	SRPI	-2.07845939802807	G-A
1	LV3003047158	grey	ST8	57.70646	state_03	SRPI	-0.403736476855608	G-A
1	LV3003047158	turquoise	ST8	57.70646	state_03	SRPI	-0.929118247919571	G-A
1	LV3003047158	yellow	ST8	57.70646	state_03	SRPI	-0.983916192992357	G-A
1	LV3003047158	blue	ST8	57.70646	state_03	SRPI	-9.21034037197618	G-A
1	LV3003047158	brown	ST8	57.70646	state_03	SRPI	-9.21034037197618	G-A
1	LV3003047158	green	ST8	57.70646	state_03	SRPI	-9.21034037197618	G-A
1	LV3003047159	turquoise	ST8	56.7987933333333	state_03	SRPI	-0.930284188732573	G-A
1	LV3003047159	yellow	ST8	56.7987933333333	state_03	SRPI	-1.1065668795508	G-A
1	LV3003047159	grey	ST8	56.7987933333333	state_03	SRPI	-0.688154040722739	G-A
1	LV3003047159	green	ST8	56.7987933333333	state_03	SRPI	-1.85996113208057	G-A
1	LV3003047159	brown	ST8	56.7987933333333	state_03	SRPI	-9.21034037197618	G-A
1	LV3003047164	grey	ST8	43.93302	state_03	SRPI	-0.423917425340045	G-A
1	LV3003047164	turquoise	ST8	43.93302	state_03	SRPI	-1.03784742516319	G-A
1	LV3003047164	yellow	ST8	43.93302	state_03	SRPI	-0.938517092144918	G-A
1	LV3003047164	blue	ST8	43.93302	state_03	SRPI	-9.21034037197618	G-A
1	LV3003047164	green	ST8	43.93302	state_03	SRPI	-9.21034037197618	G-A
1	LV3003047166	grey	ST8	38.27343	state_03	SRPI	-0.468705019503382	G-A
1	LV3003047166	turquoise	ST8	38.27343	state_03	SRPI	-0.833495955238477	G-A
1	LV3003047166	yellow	ST8	38.27343	state_03	SRPI	-0.877430884328825	G-A
1	LV3003047166	green	ST8	38.27343	state_03	SRPI	-1.23582558445364	G-A
1	LV3003047166	blue	ST8	38.27343	state_03	SRPI	-0.564716744190843	G-A
1	LV3003047166	brown	ST8	38.27343	state_03	SRPI	1.01242667569772	G-A
1	LV3003047167	turquoise	ST8	34.67812	state_03	SRPI	-0.986940556862809	G-A
1	LV3003047167	yellow	ST8	34.67812	state_03	SRPI	-1.07315328424049	G-A
1	LV3003047167	grey	ST8	34.67812	state_03	SRPI	-0.471651332072352	G-A
1	LV3003047167	brown	ST8	34.67812	state_03	SRPI	-1.16146292316179	G-A
1	LV3003047168	grey	ST8	30.497	state_03	SRPI	-0.445272424774966	G-A
1	LV3003047168	turquoise	ST8	30.497	state_03	SRPI	-0.944585234016981	G-A
1	LV3003047168	yellow	ST8	30.497	state_03	SRPI	-1.2078166575364	G-A
1	LV3003047168	blue	ST8	30.497	state_03	SRPI	-0.579595126042389	G-A
1	LV3003047168	brown	ST8	30.497	state_03	SRPI	-0.220750983063022	G-A
1	LV3003047168	green	ST8	30.497	state_03	SRPI	-1.58288130337482	G-A
1	LV3003047169	grey	ST8	26.6703333333333	state_03	SRPI	-0.627847543668297	G-A
1	LV3003047169	turquoise	ST8	26.6703333333333	state_03	SRPI	-0.947731648121551	G-A
1	LV3003047169	yellow	ST8	26.6703333333333	state_03	SRPI	-0.927784959942943	G-A
1	LV3003047169	brown	ST8	26.6703333333333	state_03	SRPI	-0.748156200127642	G-A
1	LV3003047169	blue	ST8	26.6703333333333	state_03	SRPI	-0.437664509788968	G-A
1	LV3003047169	green	ST8	26.6703333333333	state_03	SRPI	-9.21034037197618	G-A
1	LV3003061475	turquoise	ST13	53.844	state_03	SRPI	-0.953119030459975	G-A
1	LV3003061475	yellow	ST13	53.844	state_03	SRPI	-1.16917553107483	G-A
1	LV3003061475	grey	ST13	53.844	state_03	SRPI	-0.661723370096313	G-A
1	LV3003061475	green	ST13	53.844	state_03	SRPI	-1.54124484411328	G-A
1	LV3003061475	blue	ST13	53.844	state_03	SRPI	0.0147794011207723	G-A
1	LV3003061476	grey	ST13	37.16	state_03	SRPI	-0.806044167177496	G-A
1	LV3003061476	green	ST13	37.16	state_03	SRPI	-1.10594289998331	G-A
1	LV3003061476	turquoise	ST13	37.16	state_03	SRPI	-0.884516828452652	G-A
1	LV3003061476	yellow	ST13	37.16	state_03	SRPI	-1.12201575832573	G-A
1	LV3003061476	blue	ST13	37.16	state_03	SRPI	-9.21034037197618	G-A
1	LV3003061476	brown	ST13	37.16	state_03	SRPI	-0.744251279207412	G-A
1	LV3003061488	grey	ST13	35.041	state_03	SRPI	-0.871459858290586	G-A
1	LV3003061488	green	ST13	35.041	state_03	SRPI	-1.29672742731192	G-A
1	LV3003061488	turquoise	ST13	35.041	state_03	SRPI	-0.883361857078407	G-A
1	LV3003061488	yellow	ST13	35.041	state_03	SRPI	-1.13368402310058	G-A
1	LV3003061488	blue	ST13	35.041	state_03	SRPI	-1.85184782467197	G-A
1	LV3003061488	brown	ST13	35.041	state_03	SRPI	0.384489831635812	G-A
1	LV3003061504	turquoise	ST13	50.268	state_03	SRPI	-0.941957656064244	G-A
1	LV3003061504	grey	ST13	50.268	state_03	SRPI	-0.719180668782306	G-A
1	LV3003061504	yellow	ST13	50.268	state_03	SRPI	-1.19696293662714	G-A
1	LV3003061504	green	ST13	50.268	state_03	SRPI	-0.963926875879213	G-A
1	LV3003061505	grey	ST13	32.81	state_03	SRPI	-0.654960382818862	G-A
1	LV3003061505	turquoise	ST13	32.81	state_03	SRPI	-0.904175658836808	G-A
1	LV3003061505	yellow	ST13	32.81	state_03	SRPI	-1.03131660662324	G-A
1	LV3003061505	blue	ST13	32.81	state_03	SRPI	-1.85798687025343	G-A
1	LV3003061505	green	ST13	32.81	state_03	SRPI	-1.40258629132827	G-A
1	LV3003061505	brown	ST13	32.81	state_03	SRPI	0.298213282946391	G-A
1	LV3003061516	turquoise	ST13	48.537	state_03	SRPI	-0.8852020791093	G-A
1	LV3003061516	grey	ST13	48.537	state_03	SRPI	-0.62149711059197	G-A
1	LV3003061516	yellow	ST13	48.537	state_03	SRPI	-1.21253247958575	G-A
1	LV3003061516	blue	ST13	48.537	state_03	SRPI	-9.21034037197618	G-A
1	LV3003061516	green	ST13	48.537	state_03	SRPI	-1.39294901121027	G-A
1	LV3003061530	turquoise	ST13	47.046	state_03	SRPI	-0.647840861373281	G-A
1	LV3003061530	grey	ST13	47.046	state_03	SRPI	-0.85980543532769	G-A
1	LV3003061530	yellow	ST13	47.046	state_03	SRPI	-1.15282995333248	G-A
1	LV3003061530	green	ST13	47.046	state_03	SRPI	-1.03193432883655	G-A
1	LV3003061530	blue	ST13	47.046	state_03	SRPI	-0.72204202528749	G-A
1	LV3003061531	grey	ST13	28.445	state_03	SRPI	-0.63897537830812	G-A
1	LV3003061531	green	ST13	28.445	state_03	SRPI	-1.86777962725903	G-A
1	LV3003061531	turquoise	ST13	28.445	state_03	SRPI	-0.798553429384251	G-A
1	LV3003061531	yellow	ST13	28.445	state_03	SRPI	-1.03981179584033	G-A
1	LV3003061531	blue	ST13	28.445	state_03	SRPI	-1.78322526228759	G-A
1	LV3003061531	brown	ST13	28.445	state_03	SRPI	-0.463529533319805	G-A
1	LV3003061544	grey	ST13	45.122	state_03	SRPI	-1.14438132014708	G-A
1	LV3003061544	turquoise	ST13	45.122	state_03	SRPI	-1.02724476372988	G-A
1	LV3003061544	yellow	ST13	45.122	state_03	SRPI	-1.2554294608318	G-A
1	LV3003061544	green	ST13	45.122	state_03	SRPI	-1.4247210485229	G-A
1	LV3003061544	blue	ST13	45.122	state_03	SRPI	-1.94030134588052	G-A
1	LV3003061544	brown	ST13	45.122	state_03	SRPI	-1.04800290156343	G-A
1	LV3003061545	grey	ST13	23.172	state_03	SRPI	-0.637211590632887	G-A
1	LV3003061545	turquoise	ST13	23.172	state_03	SRPI	-0.842411068821047	G-A
1	LV3003061545	yellow	ST13	23.172	state_03	SRPI	-1.09039373446998	G-A
1	LV3003061545	blue	ST13	23.172	state_03	SRPI	-1.38225315516269	G-A
1	LV3003061545	brown	ST13	23.172	state_03	SRPI	-0.777929306512195	G-A
1	LV3003061545	green	ST13	23.172	state_03	SRPI	-1.9281592455501	G-A
1	LV3003061558	grey	ST13	42.626	state_03	SRPI	-1.05959912499248	G-A
1	LV3003061558	green	ST13	42.626	state_03	SRPI	-1.84709634160617	G-A
1	LV3003061558	turquoise	ST13	42.626	state_03	SRPI	-0.866569603341227	G-A
1	LV3003061558	yellow	ST13	42.626	state_03	SRPI	-0.981660038016734	G-A
1	LV3003061558	blue	ST13	42.626	state_03	SRPI	-0.985107283150386	G-A
1	LV3003061558	brown	ST13	42.626	state_03	SRPI	-0.120151186820063	G-A
1	LV3003061559	green	ST13	21.069	state_03	SRPI	-1.16731065485746	G-A
1	LV3003061559	grey	ST13	21.069	state_03	SRPI	-0.46156687093539	G-A
1	LV3003061559	turquoise	ST13	21.069	state_03	SRPI	-0.899428042757934	G-A
1	LV3003061559	yellow	ST13	21.069	state_03	SRPI	-1.21422101239331	G-A
1	LV3003061559	blue	ST13	21.069	state_03	SRPI	-1.70143664948596	G-A
1	LV3003061559	brown	ST13	21.069	state_03	SRPI	-0.757323983517706	G-A
1	LV3003061571	turquoise	ST13	40.457	state_03	SRPI	-0.665430574700015	G-A
1	LV3003061571	grey	ST13	40.457	state_03	SRPI	-0.66561562551248	G-A
1	LV3003061571	yellow	ST13	40.457	state_03	SRPI	-0.783311604414405	G-A
1	LV3003061571	blue	ST13	40.457	state_03	SRPI	-2.06491263637125	G-A
1	LV3003061571	brown	ST13	40.457	state_03	SRPI	-0.23969533760501	G-A
1	LV3003061571	green	ST13	40.457	state_03	SRPI	-1.61755286686823	G-A
1	LV7008886221	grey	GeoB25202_R1	50.3555	state_03	SRPI	-0.340227466739032	G-A
1	LV7008886221	turquoise	GeoB25202_R1	50.3555	state_03	SRPI	-0.640146164915694	G-A
1	LV7008886221	yellow	GeoB25202_R1	50.3555	state_03	SRPI	-1.02701444176626	G-A
1	LV7008886221	green	GeoB25202_R1	50.3555	state_03	SRPI	-9.21034037197618	G-A
1	LV7008886221	brown	GeoB25202_R1	50.3555	state_03	SRPI	-9.21034037197618	G-A
1	LV7008886222	turquoise	GeoB25202_R1	136.2775	state_03	SRPI	-1.11971938930223	G-A
1	LV7008886222	yellow	GeoB25202_R1	136.2775	state_03	SRPI	-1.03490341755989	G-A
1	LV7008886222	grey	GeoB25202_R1	136.2775	state_03	SRPI	-0.38130802752571	G-A
1	LV7008886222	green	GeoB25202_R1	136.2775	state_03	SRPI	-1.27829379760913	G-A
1	LV7008886222	blue	GeoB25202_R1	136.2775	state_03	SRPI	-9.21034037197618	G-A
1	LV7008886226	grey	GeoB25202_R2	36.607	state_03	SRPI	0.0232092667781496	G-A
1	LV7008886226	turquoise	GeoB25202_R2	36.607	state_03	SRPI	-0.662792229659666	G-A
1	LV7008886226	yellow	GeoB25202_R2	36.607	state_03	SRPI	-1.6136929088912	G-A
1	LV7008886226	brown	GeoB25202_R2	36.607	state_03	SRPI	-0.277702020734504	G-A
1	LV7008886226	blue	GeoB25202_R2	36.607	state_03	SRPI	-1.86308065404803	G-A
1	LV7008886226	green	GeoB25202_R2	36.607	state_03	SRPI	-1.26550218524861	G-A
1	LV7008886692	turquoise	GeoB25202_R1	53.875	state_03	SRPI	-0.826105440641832	G-A
1	LV7008886692	grey	GeoB25202_R1	53.875	state_03	SRPI	-0.788767391683723	G-A
1	LV7008886692	yellow	GeoB25202_R1	53.875	state_03	SRPI	-1.23135213545667	G-A
1	LV7008886692	green	GeoB25202_R1	53.875	state_03	SRPI	-9.21034037197618	G-A
1	LV7008886703	grey	GeoB25202_R1	27.6855	state_03	SRPI	-0.4125947559817	G-A
1	LV7008886703	turquoise	GeoB25202_R1	27.6855	state_03	SRPI	-0.895094817466135	G-A
1	LV7008886703	yellow	GeoB25202_R1	27.6855	state_03	SRPI	-1.07777644478254	G-A
1	LV7008886703	blue	GeoB25202_R1	27.6855	state_03	SRPI	-1.15149323102561	G-A
1	LV7008886703	brown	GeoB25202_R1	27.6855	state_03	SRPI	-0.404303394602027	G-A
1	LV7008886703	green	GeoB25202_R1	27.6855	state_03	SRPI	-1.62772983469875	G-A
1	LV7008886704	grey	GeoB25202_R2	53.875	state_03	SRPI	-0.936785595751457	G-A
1	LV7008886704	turquoise	GeoB25202_R2	53.875	state_03	SRPI	-0.899327948339457	G-A
1	LV7008886704	yellow	GeoB25202_R2	53.875	state_03	SRPI	-1.30220256199081	G-A
1	LV7008886704	blue	GeoB25202_R2	53.875	state_03	SRPI	-0.3317941891592	G-A
1	LV7008886704	green	GeoB25202_R2	53.875	state_03	SRPI	-1.40561474441212	G-A
1	LV7008886709	turquoise	GeoB25202_R1	147.206	state_03	SRPI	-1.08990956681519	G-A
1	LV7008886709	yellow	GeoB25202_R1	147.206	state_03	SRPI	-1.13336770784346	G-A
1	LV7008886709	grey	GeoB25202_R1	147.206	state_03	SRPI	-0.400164607434182	G-A
1	LV7008886709	blue	GeoB25202_R1	147.206	state_03	SRPI	-0.0753664765249056	G-A
1	LV7008886709	green	GeoB25202_R1	147.206	state_03	SRPI	-9.21034037197618	G-A
1	LV7008886709	brown	GeoB25202_R1	147.206	state_03	SRPI	0.0147794011207723	G-A
1	LV7008886715	grey	GeoB25202_R2	27.6855	state_03	SRPI	-0.734778424455148	G-A
1	LV7008886715	turquoise	GeoB25202_R2	27.6855	state_03	SRPI	-0.693502159910918	G-A
1	LV7008886715	yellow	GeoB25202_R2	27.6855	state_03	SRPI	-1.01850888675376	G-A
1	LV7008886715	blue	GeoB25202_R2	27.6855	state_03	SRPI	-0.950391562454612	G-A
1	LV7008886715	brown	GeoB25202_R2	27.6855	state_03	SRPI	0.0301990083113601	G-A
1	LV7008886715	green	GeoB25202_R2	27.6855	state_03	SRPI	-2.07087159282372	G-A
1	LV7008886721	turquoise	GeoB25202_R2	147.206	state_03	SRPI	-1.10073276457399	G-A
1	LV7008886721	yellow	GeoB25202_R2	147.206	state_03	SRPI	-1.19400443071354	G-A
1	LV7008886721	grey	GeoB25202_R2	147.206	state_03	SRPI	-0.354454189238514	G-A
1	LV7008886721	green	GeoB25202_R2	147.206	state_03	SRPI	-1.24390846511015	G-A
1	LV7008886721	blue	GeoB25202_R2	147.206	state_03	SRPI	-9.21034037197618	G-A
1	LV7008886721	brown	GeoB25202_R2	147.206	state_03	SRPI	-0.422105521132854	G-A
1	LV7008886728	grey	GeoB25202_R2	50.3555	state_03	SRPI	-0.968945631264012	G-A
1	LV7008886728	turquoise	GeoB25202_R2	50.3555	state_03	SRPI	-0.896415607927643	G-A
1	LV7008886728	yellow	GeoB25202_R2	50.3555	state_03	SRPI	-0.829714971469617	G-A
1	LV7008886728	green	GeoB25202_R2	50.3555	state_03	SRPI	-9.21034037197618	G-A
1	LV7008886728	blue	GeoB25202_R2	50.3555	state_03	SRPI	-9.21034037197618	G-A
1	LV7008886740	grey	GeoB25202_R1	43.105	state_03	SRPI	-0.57516738722268	G-A
1	LV7008886740	turquoise	GeoB25202_R1	43.105	state_03	SRPI	-0.719101573428645	G-A
1	LV7008886740	yellow	GeoB25202_R1	43.105	state_03	SRPI	-0.947136447679641	G-A
1	LV7008886740	blue	GeoB25202_R1	43.105	state_03	SRPI	-9.21034037197618	G-A
1	LV7008886740	green	GeoB25202_R1	43.105	state_03	SRPI	0.516812068605266	G-A
1	LV7008886752	grey	GeoB25202_R2	43.105	state_03	SRPI	-0.408089364305414	G-A
1	LV7008886752	turquoise	GeoB25202_R2	43.105	state_03	SRPI	-0.893142256311386	G-A
1	LV7008886752	yellow	GeoB25202_R2	43.105	state_03	SRPI	-1.02388444871127	G-A
1	LV7008886752	blue	GeoB25202_R2	43.105	state_03	SRPI	-0.326416162895278	G-A
1	LV7008886752	green	GeoB25202_R2	43.105	state_03	SRPI	0.279287296982932	G-A
1	LV7008886765	turquoise	GeoB25202_R1	58.181	state_03	SRPI	-0.929643589173362	G-A
1	LV7008886765	grey	GeoB25202_R1	58.181	state_03	SRPI	-0.478520272545665	G-A
1	LV7008886765	yellow	GeoB25202_R1	58.181	state_03	SRPI	-1.15360199971863	G-A
1	LV7008886765	brown	GeoB25202_R1	58.181	state_03	SRPI	0.568948464417501	G-A
1	LV7008886765	green	GeoB25202_R1	58.181	state_03	SRPI	-1.32669408054071	G-A
1	LV7008886776	grey	GeoB25202_R1	36.607	state_03	SRPI	-0.888845255923161	G-A
1	LV7008886776	green	GeoB25202_R1	36.607	state_03	SRPI	-1.73652096842572	G-A
1	LV7008886776	turquoise	GeoB25202_R1	36.607	state_03	SRPI	-0.955330249908275	G-A
1	LV7008886776	yellow	GeoB25202_R1	36.607	state_03	SRPI	-0.831191126305571	G-A
1	LV7008886776	blue	GeoB25202_R1	36.607	state_03	SRPI	-1.46716572577315	G-A
1	LV7008886776	brown	GeoB25202_R1	36.607	state_03	SRPI	1.01242667569772	G-A
1	LV3003047044	non_damaged	ST8	12.078	state_03	OAP	-84.0925362062877	G-A
1	LV3003047067	non_damaged	ST8	42.86602	state_03	OAP	-31.2245204073517	G-A
1	LV3003047068	non_damaged	ST8	37.78969	state_03	OAP	-25.4836166437715	G-A
1	LV3003047069	non_damaged	ST8	33.7436870748299	state_03	OAP	-85.7346828603349	G-A
1	LV3003047070	non_damaged	ST8	30.128	state_03	OAP	-99.3196346308892	G-A
1	LV3003047071	non_damaged	ST8	26.141	state_03	OAP	-143.777045763119	G-A
1	LV3003047081	non_damaged	ST8	52.20718	state_03	OAP	-74.7593895930648	G-A
1	LV3003047082	non_damaged	ST8	41.9168333333333	state_03	OAP	-84.2214744582793	G-A
1	LV3003047083	non_damaged	ST8	37.30319	state_03	OAP	25.5779127224612	G-A
1	LV3003047085	non_damaged	ST8	29.703	state_03	OAP	-139.753828757871	G-A
1	LV3003047094	non_damaged	ST8	50.6848	state_03	OAP	-27.6656153292867	G-A
1	LV3003047095	non_damaged	ST8	40.9751666666667	state_03	OAP	-45.3392174557812	G-A
1	LV3003047096	non_damaged	ST8	36.89377	state_03	OAP	33.5722301902188	G-A
1	LV3003047097	non_damaged	ST8	32.835	state_03	OAP	-111.794456327798	G-A
1	LV3003047098	non_damaged	ST8	29.278	state_03	OAP	-119.982864296102	G-A
1	LV3003047099	non_damaged	ST8	25.058	state_03	OAP	-102.2274152274	G-A
1	LV3003047110	non_damaged	ST8	49.1548	state_03	OAP	-25.5413286790719	G-A
1	LV3003047112	non_damaged	ST8	40.0335	state_03	OAP	-51.9036915551811	G-A
1	LV3003047113	non_damaged	ST8	36.48927	state_03	OAP	1.2231291412746	G-A
1	LV3003047114	non_damaged	ST8	32.3855	state_03	OAP	-81.7468195391171	G-A
1	LV3003047117	non_damaged	ST8	28.7616666666667	state_03	OAP	-116.941146989234	G-A
1	LV3003047126	non_damaged	ST8	64.210824	state_03	OAP	-98.4979967439493	G-A
1	LV3003047128	non_damaged	ST8	39.57797	state_03	OAP	13.632887506339	G-A
1	LV3003047129	non_damaged	ST8	36.0373	state_03	OAP	-44.1444758759016	G-A
1	LV3003047130	non_damaged	ST8	31.936	state_03	OAP	-105.312721823906	G-A
1	LV3003047131	non_damaged	ST8	28.2453333333333	state_03	OAP	-131.566287450962	G-A
1	LV3003047137	non_damaged	ST8	66.9462	state_03	OAP	-134.419340338207	G-A
1	LV3003047139	non_damaged	ST8	58.6141266666667	state_03	OAP	-120.277099993892	G-A
1	LV3003047142	non_damaged	ST8	35.5823	state_03	OAP	-1.18632428567411	G-A
1	LV3003047143	non_damaged	ST8	31.398	state_03	OAP	-94.3952644963441	G-A
1	LV3003047144	non_damaged	ST8	27.729	state_03	OAP	-143.462647854409	G-A
1	LV3003047146	non_damaged	ST8	63.2667	state_03	OAP	-132.201327414167	G-A
1	LV3003047147	non_damaged	ST8	62.3217	state_03	OAP	-109.889286613273	G-A
1	LV3003047148	non_damaged	ST8	61.3767	state_03	OAP	-70.0009876880609	G-A
1	LV3003047149	non_damaged	ST8	60.4317	state_03	OAP	-30.6384840601653	G-A
1	LV3003047150	non_damaged	ST8	59.5217933333333	state_03	OAP	-104.341106886809	G-A
1	LV3003047152	non_damaged	ST8	45.00002	state_03	OAP	-101.766712891898	G-A
1	LV3003047153	non_damaged	ST8	38.71393	state_03	OAP	-80.2817205343759	G-A
1	LV3003047154	non_damaged	ST8	35.13012	state_03	OAP	-3.5271833072097	G-A
1	LV3003047155	non_damaged	ST8	30.9475	state_03	OAP	-81.1960145378295	G-A
1	LV3003047156	non_damaged	ST8	27.1996666666667	state_03	OAP	-134.317119837248	G-A
1	LV3003047158	non_damaged	ST8	57.70646	state_03	OAP	-105.916369966031	G-A
1	LV3003047159	non_damaged	ST8	56.7987933333333	state_03	OAP	-62.3918683964483	G-A
1	LV3003047164	non_damaged	ST8	43.93302	state_03	OAP	-105.654411341223	G-A
1	LV3003047166	non_damaged	ST8	38.27343	state_03	OAP	-36.8177233391872	G-A
1	LV3003047167	non_damaged	ST8	34.67812	state_03	OAP	5.8632154586112	G-A
1	LV3003047168	non_damaged	ST8	30.497	state_03	OAP	-88.8557397902591	G-A
1	LV3003047169	non_damaged	ST8	26.6703333333333	state_03	OAP	-141.972818949706	G-A
1	LV3003061475	non_damaged	ST13	53.844	state_03	OAP	102.244012126338	G-A
1	LV3003061476	non_damaged	ST13	37.16	state_03	OAP	173.667887438281	G-A
1	LV3003061488	non_damaged	ST13	35.041	state_03	OAP	268.675214897454	G-A
1	LV3003061504	non_damaged	ST13	50.268	state_03	OAP	93.508307939354	G-A
1	LV3003061505	non_damaged	ST13	32.81	state_03	OAP	159.518360058001	G-A
1	LV3003061516	non_damaged	ST13	48.537	state_03	OAP	107.430868749993	G-A
1	LV3003061530	non_damaged	ST13	47.046	state_03	OAP	96.614505540073	G-A
1	LV3003061531	non_damaged	ST13	28.445	state_03	OAP	87.5788246679053	G-A
1	LV3003061544	non_damaged	ST13	45.122	state_03	OAP	59.8569387785494	G-A
1	LV3003061545	non_damaged	ST13	23.172	state_03	OAP	352.16026888365	G-A
1	LV3003061558	non_damaged	ST13	42.626	state_03	OAP	252.963795306146	G-A
1	LV3003061559	non_damaged	ST13	21.069	state_03	OAP	539.142557939061	G-A
1	LV3003061571	non_damaged	ST13	40.457	state_03	OAP	354.789322386708	G-A
1	LV7008886221	non_damaged	GeoB25202_R1	50.3555	state_03	OAP	44.9186302456693	G-A
1	LV7008886222	non_damaged	GeoB25202_R1	136.2775	state_03	OAP	194.63715324555	G-A
1	LV7008886226	non_damaged	GeoB25202_R2	36.607	state_03	OAP	157.649533777092	G-A
1	LV7008886692	non_damaged	GeoB25202_R1	53.875	state_03	OAP	180.276193134519	G-A
1	LV7008886703	non_damaged	GeoB25202_R1	27.6855	state_03	OAP	103.244210849546	G-A
1	LV7008886704	non_damaged	GeoB25202_R2	53.875	state_03	OAP	116.551723775545	G-A
1	LV7008886709	non_damaged	GeoB25202_R1	147.206	state_03	OAP	412.14689089439	G-A
1	LV7008886715	non_damaged	GeoB25202_R2	27.6855	state_03	OAP	163.229089209959	G-A
1	LV7008886721	non_damaged	GeoB25202_R2	147.206	state_03	OAP	44.2167191238555	G-A
1	LV7008886728	non_damaged	GeoB25202_R2	50.3555	state_03	OAP	45.9896194042648	G-A
1	LV7008886740	non_damaged	GeoB25202_R1	43.105	state_03	OAP	85.2867917932813	G-A
1	LV7008886752	non_damaged	GeoB25202_R2	43.105	state_03	OAP	24.7619159369993	G-A
1	LV7008886765	non_damaged	GeoB25202_R1	58.181	state_03	OAP	114.558300099419	G-A
1	LV7008886776	non_damaged	GeoB25202_R1	36.607	state_03	OAP	101.023013750523	G-A
1	LV3003047044	non_damaged	ST8	12.078	state_03	MGI	-5.81484293095999	G-A
1	LV3003047067	non_damaged	ST8	42.86602	state_03	MGI	-13.8155105579643	G-A
1	LV3003047068	non_damaged	ST8	37.78969	state_03	MGI	-13.8155105579643	G-A
1	LV3003047069	non_damaged	ST8	33.7436870748299	state_03	MGI	-13.8155105579643	G-A
1	LV3003047070	non_damaged	ST8	30.128	state_03	MGI	-13.8155105579643	G-A
1	LV3003047071	non_damaged	ST8	26.141	state_03	MGI	-13.8155105579643	G-A
1	LV3003047081	non_damaged	ST8	52.20718	state_03	MGI	-13.8155105579643	G-A
1	LV3003047082	non_damaged	ST8	41.9168333333333	state_03	MGI	-13.8155105579643	G-A
1	LV3003047083	non_damaged	ST8	37.30319	state_03	MGI	-13.8155105579643	G-A
1	LV3003047085	non_damaged	ST8	29.703	state_03	MGI	-13.8155105579643	G-A
1	LV3003047094	non_damaged	ST8	50.6848	state_03	MGI	-13.8155105579643	G-A
1	LV3003047095	non_damaged	ST8	40.9751666666667	state_03	MGI	-13.8155105579643	G-A
1	LV3003047096	non_damaged	ST8	36.89377	state_03	MGI	-13.8155105579643	G-A
1	LV3003047097	non_damaged	ST8	32.835	state_03	MGI	-13.8155105579643	G-A
1	LV3003047098	non_damaged	ST8	29.278	state_03	MGI	-13.8155105579643	G-A
1	LV3003047099	non_damaged	ST8	25.058	state_03	MGI	-13.8155105579643	G-A
1	LV3003047110	non_damaged	ST8	49.1548	state_03	MGI	-13.8155105579643	G-A
1	LV3003047112	non_damaged	ST8	40.0335	state_03	MGI	-13.8155105579643	G-A
1	LV3003047113	non_damaged	ST8	36.48927	state_03	MGI	-13.8155105579643	G-A
1	LV3003047114	non_damaged	ST8	32.3855	state_03	MGI	-13.8155105579643	G-A
1	LV3003047117	non_damaged	ST8	28.7616666666667	state_03	MGI	-13.8155105579643	G-A
1	LV3003047126	non_damaged	ST8	64.210824	state_03	MGI	-13.8155105579643	G-A
1	LV3003047128	non_damaged	ST8	39.57797	state_03	MGI	-13.8155105579643	G-A
1	LV3003047129	non_damaged	ST8	36.0373	state_03	MGI	-13.8155105579643	G-A
1	LV3003047130	non_damaged	ST8	31.936	state_03	MGI	-13.8155105579643	G-A
1	LV3003047131	non_damaged	ST8	28.2453333333333	state_03	MGI	-13.8155105579643	G-A
1	LV3003047137	non_damaged	ST8	66.9462	state_03	MGI	-13.8155105579643	G-A
1	LV3003047139	non_damaged	ST8	58.6141266666667	state_03	MGI	-13.8155105579643	G-A
1	LV3003047142	non_damaged	ST8	35.5823	state_03	MGI	-13.8155105579643	G-A
1	LV3003047143	non_damaged	ST8	31.398	state_03	MGI	-13.8155105579643	G-A
1	LV3003047144	non_damaged	ST8	27.729	state_03	MGI	-13.8155105579643	G-A
1	LV3003047146	non_damaged	ST8	63.2667	state_03	MGI	-13.8155105579643	G-A
1	LV3003047147	non_damaged	ST8	62.3217	state_03	MGI	-13.8155105579643	G-A
1	LV3003047148	non_damaged	ST8	61.3767	state_03	MGI	-13.8155105579643	G-A
1	LV3003047149	non_damaged	ST8	60.4317	state_03	MGI	-13.8155105579643	G-A
1	LV3003047150	non_damaged	ST8	59.5217933333333	state_03	MGI	-13.8155105579643	G-A
1	LV3003047152	non_damaged	ST8	45.00002	state_03	MGI	-13.8155105579643	G-A
1	LV3003047153	non_damaged	ST8	38.71393	state_03	MGI	-13.8155105579643	G-A
1	LV3003047154	non_damaged	ST8	35.13012	state_03	MGI	-13.8155105579643	G-A
1	LV3003047155	non_damaged	ST8	30.9475	state_03	MGI	-13.8155105579643	G-A
1	LV3003047156	non_damaged	ST8	27.1996666666667	state_03	MGI	-13.8155105579643	G-A
1	LV3003047158	non_damaged	ST8	57.70646	state_03	MGI	-13.8155105579643	G-A
1	LV3003047159	non_damaged	ST8	56.7987933333333	state_03	MGI	-13.8155105579643	G-A
1	LV3003047164	non_damaged	ST8	43.93302	state_03	MGI	-13.8155105579643	G-A
1	LV3003047166	non_damaged	ST8	38.27343	state_03	MGI	-13.8155105579643	G-A
1	LV3003047167	non_damaged	ST8	34.67812	state_03	MGI	-13.8155105579643	G-A
1	LV3003047168	non_damaged	ST8	30.497	state_03	MGI	-13.8155105579643	G-A
1	LV3003047169	non_damaged	ST8	26.6703333333333	state_03	MGI	-13.8155105579643	G-A
1	LV3003061475	non_damaged	ST13	53.844	state_03	MGI	-13.8155105579643	G-A
1	LV3003061476	non_damaged	ST13	37.16	state_03	MGI	-13.8155105579643	G-A
1	LV3003061488	non_damaged	ST13	35.041	state_03	MGI	-13.8155105579643	G-A
1	LV3003061504	non_damaged	ST13	50.268	state_03	MGI	-13.8155105579643	G-A
1	LV3003061505	non_damaged	ST13	32.81	state_03	MGI	-13.8155105579643	G-A
1	LV3003061516	non_damaged	ST13	48.537	state_03	MGI	-13.8155105579643	G-A
1	LV3003061530	non_damaged	ST13	47.046	state_03	MGI	-13.8155105579643	G-A
1	LV3003061531	non_damaged	ST13	28.445	state_03	MGI	-13.8155105579643	G-A
1	LV3003061544	non_damaged	ST13	45.122	state_03	MGI	-13.8155105579643	G-A
1	LV3003061545	non_damaged	ST13	23.172	state_03	MGI	-13.8155105579643	G-A
1	LV3003061558	non_damaged	ST13	42.626	state_03	MGI	-13.8155105579643	G-A
1	LV3003061559	non_damaged	ST13	21.069	state_03	MGI	-13.8155105579643	G-A
1	LV3003061571	non_damaged	ST13	40.457	state_03	MGI	-13.8155105579643	G-A
1	LV7008886221	non_damaged	GeoB25202_R1	50.3555	state_03	MGI	-13.8155105579643	G-A
1	LV7008886222	non_damaged	GeoB25202_R1	136.2775	state_03	MGI	-13.8155105579643	G-A
1	LV7008886226	non_damaged	GeoB25202_R2	36.607	state_03	MGI	-13.8155105579643	G-A
1	LV7008886692	non_damaged	GeoB25202_R1	53.875	state_03	MGI	-13.8155105579643	G-A
1	LV7008886703	non_damaged	GeoB25202_R1	27.6855	state_03	MGI	-13.8155105579643	G-A
1	LV7008886704	non_damaged	GeoB25202_R2	53.875	state_03	MGI	-13.8155105579643	G-A
1	LV7008886709	non_damaged	GeoB25202_R1	147.206	state_03	MGI	-13.8155105579643	G-A
1	LV7008886715	non_damaged	GeoB25202_R2	27.6855	state_03	MGI	-6.16128046571376	G-A
1	LV7008886721	non_damaged	GeoB25202_R2	147.206	state_03	MGI	-13.8155105579643	G-A
1	LV7008886728	non_damaged	GeoB25202_R2	50.3555	state_03	MGI	-13.8155105579643	G-A
1	LV7008886740	non_damaged	GeoB25202_R1	43.105	state_03	MGI	-13.8155105579643	G-A
1	LV7008886752	non_damaged	GeoB25202_R2	43.105	state_03	MGI	-13.8155105579643	G-A
1	LV7008886765	non_damaged	GeoB25202_R1	58.181	state_03	MGI	-13.8155105579643	G-A
1	LV7008886776	non_damaged	GeoB25202_R1	36.607	state_03	MGI	-13.8155105579643	G-A
1	LV3003047044	non_damaged	ST8	12.078	state_03	MFI	0.824945653627407	G-A
1	LV3003047067	non_damaged	ST8	42.86602	state_03	MFI	7.25251542416844	G-A
1	LV3003047068	non_damaged	ST8	37.78969	state_03	MFI	6.49737698421341	G-A
1	LV3003047069	non_damaged	ST8	33.7436870748299	state_03	MFI	6.16561553737801	G-A
1	LV3003047070	non_damaged	ST8	30.128	state_03	MFI	6.98195442338309	G-A
1	LV3003047071	non_damaged	ST8	26.141	state_03	MFI	6.93844980098436	G-A
1	LV3003047081	non_damaged	ST8	52.20718	state_03	MFI	6.73059855214116	G-A
1	LV3003047082	non_damaged	ST8	41.9168333333333	state_03	MFI	6.59419403071875	G-A
1	LV3003047083	non_damaged	ST8	37.30319	state_03	MFI	5.99638705948346	G-A
1	LV3003047085	non_damaged	ST8	29.703	state_03	MFI	5.85169664201768	G-A
1	LV3003047094	non_damaged	ST8	50.6848	state_03	MFI	6.50942046941298	G-A
1	LV3003047095	non_damaged	ST8	40.9751666666667	state_03	MFI	7.05943561668749	G-A
1	LV3003047096	non_damaged	ST8	36.89377	state_03	MFI	6.84634432015269	G-A
1	LV3003047097	non_damaged	ST8	32.835	state_03	MFI	5.97689753983261	G-A
1	LV3003047098	non_damaged	ST8	29.278	state_03	MFI	6.09530066663175	G-A
1	LV3003047099	non_damaged	ST8	25.058	state_03	MFI	6.96484393991911	G-A
1	LV3003047110	non_damaged	ST8	49.1548	state_03	MFI	0	G-A
1	LV3003047112	non_damaged	ST8	40.0335	state_03	MFI	0	G-A
1	LV3003047113	non_damaged	ST8	36.48927	state_03	MFI	6.495604101686	G-A
1	LV3003047114	non_damaged	ST8	32.3855	state_03	MFI	6.68804715787145	G-A
1	LV3003047117	non_damaged	ST8	28.7616666666667	state_03	MFI	6.17029620070445	G-A
1	LV3003047126	non_damaged	ST8	64.210824	state_03	MFI	0	G-A
1	LV3003047128	non_damaged	ST8	39.57797	state_03	MFI	0	G-A
1	LV3003047129	non_damaged	ST8	36.0373	state_03	MFI	6.57932813804576	G-A
1	LV3003047130	non_damaged	ST8	31.936	state_03	MFI	6.38972725253406	G-A
1	LV3003047131	non_damaged	ST8	28.2453333333333	state_03	MFI	5.99675599966017	G-A
1	LV3003047137	non_damaged	ST8	66.9462	state_03	MFI	0	G-A
1	LV3003047139	non_damaged	ST8	58.6141266666667	state_03	MFI	0	G-A
1	LV3003047142	non_damaged	ST8	35.5823	state_03	MFI	6.38170243010738	G-A
1	LV3003047143	non_damaged	ST8	31.398	state_03	MFI	6.32910035897111	G-A
1	LV3003047144	non_damaged	ST8	27.729	state_03	MFI	6.38712552416521	G-A
1	LV3003047146	non_damaged	ST8	63.2667	state_03	MFI	6.14844261203696	G-A
1	LV3003047147	non_damaged	ST8	62.3217	state_03	MFI	0	G-A
1	LV3003047148	non_damaged	ST8	61.3767	state_03	MFI	0	G-A
1	LV3003047149	non_damaged	ST8	60.4317	state_03	MFI	0	G-A
1	LV3003047150	non_damaged	ST8	59.5217933333333	state_03	MFI	0	G-A
1	LV3003047152	non_damaged	ST8	45.00002	state_03	MFI	6.86257642770532	G-A
1	LV3003047153	non_damaged	ST8	38.71393	state_03	MFI	6.35018340254852	G-A
1	LV3003047154	non_damaged	ST8	35.13012	state_03	MFI	6.68742020289246	G-A
1	LV3003047155	non_damaged	ST8	30.9475	state_03	MFI	6.43617476866711	G-A
1	LV3003047156	non_damaged	ST8	27.1996666666667	state_03	MFI	6.9402784706877	G-A
1	LV3003047158	non_damaged	ST8	57.70646	state_03	MFI	0	G-A
1	LV3003047159	non_damaged	ST8	56.7987933333333	state_03	MFI	6.13223733354723	G-A
1	LV3003047164	non_damaged	ST8	43.93302	state_03	MFI	6.27004764320906	G-A
1	LV3003047166	non_damaged	ST8	38.27343	state_03	MFI	6.24186846565896	G-A
1	LV3003047167	non_damaged	ST8	34.67812	state_03	MFI	6.53634499099964	G-A
1	LV3003047168	non_damaged	ST8	30.497	state_03	MFI	6.90306321605991	G-A
1	LV3003047169	non_damaged	ST8	26.6703333333333	state_03	MFI	7.29461777902579	G-A
1	LV3003061475	non_damaged	ST13	53.844	state_03	MFI	6.67428981999774	G-A
1	LV3003061476	non_damaged	ST13	37.16	state_03	MFI	6.98519698076189	G-A
1	LV3003061488	non_damaged	ST13	35.041	state_03	MFI	5.5023827061894	G-A
1	LV3003061504	non_damaged	ST13	50.268	state_03	MFI	0	G-A
1	LV3003061505	non_damaged	ST13	32.81	state_03	MFI	4.98148933401843	G-A
1	LV3003061516	non_damaged	ST13	48.537	state_03	MFI	6.59530023624954	G-A
1	LV3003061530	non_damaged	ST13	47.046	state_03	MFI	6.07553062388246	G-A
1	LV3003061531	non_damaged	ST13	28.445	state_03	MFI	6.30847441175908	G-A
1	LV3003061544	non_damaged	ST13	45.122	state_03	MFI	6.54403961834034	G-A
1	LV3003061545	non_damaged	ST13	23.172	state_03	MFI	4.01986514827006	G-A
1	LV3003061558	non_damaged	ST13	42.626	state_03	MFI	0	G-A
1	LV3003061559	non_damaged	ST13	21.069	state_03	MFI	4.58001138043994	G-A
1	LV3003061571	non_damaged	ST13	40.457	state_03	MFI	5.39846373071944	G-A
1	LV7008886221	non_damaged	GeoB25202_R1	50.3555	state_03	MFI	7.06987193192919	G-A
1	LV7008886222	non_damaged	GeoB25202_R1	136.2775	state_03	MFI	0	G-A
1	LV7008886226	non_damaged	GeoB25202_R2	36.607	state_03	MFI	6.35599919200256	G-A
1	LV7008886692	non_damaged	GeoB25202_R1	53.875	state_03	MFI	5.95441572598886	G-A
1	LV7008886703	non_damaged	GeoB25202_R1	27.6855	state_03	MFI	6.40709069319801	G-A
1	LV7008886704	non_damaged	GeoB25202_R2	53.875	state_03	MFI	6.79173796829482	G-A
1	LV7008886709	non_damaged	GeoB25202_R1	147.206	state_03	MFI	0	G-A
1	LV7008886715	non_damaged	GeoB25202_R2	27.6855	state_03	MFI	-0.464181196494302	G-A
1	LV7008886721	non_damaged	GeoB25202_R2	147.206	state_03	MFI	0	G-A
1	LV7008886728	non_damaged	GeoB25202_R2	50.3555	state_03	MFI	5.77775084935279	G-A
1	LV7008886740	non_damaged	GeoB25202_R1	43.105	state_03	MFI	6.81771537296155	G-A
1	LV7008886752	non_damaged	GeoB25202_R2	43.105	state_03	MFI	5.97575152860208	G-A
1	LV7008886765	non_damaged	GeoB25202_R1	58.181	state_03	MFI	4.99125986801195	G-A
1	LV7008886776	non_damaged	GeoB25202_R1	36.607	state_03	MFI	6.54621664549953	G-A
1	LV3003047044	non_damaged	ST8	12.078	state_03	DCI	-2.30936601691354	G-A
1	LV3003047067	non_damaged	ST8	42.86602	state_03	DCI	-2.83202063883196	G-A
1	LV3003047068	non_damaged	ST8	37.78969	state_03	DCI	-2.55319380494362	G-A
1	LV3003047069	non_damaged	ST8	33.7436870748299	state_03	DCI	-2.00764680199271	G-A
1	LV3003047070	non_damaged	ST8	30.128	state_03	DCI	-3.60458485488769	G-A
1	LV3003047071	non_damaged	ST8	26.141	state_03	DCI	-2.54350266896479	G-A
1	LV3003047081	non_damaged	ST8	52.20718	state_03	DCI	-2.2016570037965	G-A
1	LV3003047082	non_damaged	ST8	41.9168333333333	state_03	DCI	-1.86561392128728	G-A
1	LV3003047083	non_damaged	ST8	37.30319	state_03	DCI	-3.72097424637725	G-A
1	LV3003047085	non_damaged	ST8	29.703	state_03	DCI	-2.19847078425453	G-A
1	LV3003047094	non_damaged	ST8	50.6848	state_03	DCI	-3.62932656171188	G-A
1	LV3003047095	non_damaged	ST8	40.9751666666667	state_03	DCI	-3.16888399335921	G-A
1	LV3003047096	non_damaged	ST8	36.89377	state_03	DCI	-1.86125145510169	G-A
1	LV3003047097	non_damaged	ST8	32.835	state_03	DCI	-2.42112757429164	G-A
1	LV3003047098	non_damaged	ST8	29.278	state_03	DCI	-1.99517197905065	G-A
1	LV3003047099	non_damaged	ST8	25.058	state_03	DCI	-2.28787121744991	G-A
1	LV3003047110	non_damaged	ST8	49.1548	state_03	DCI	-3.11859274704424	G-A
1	LV3003047112	non_damaged	ST8	40.0335	state_03	DCI	-2.29282234923544	G-A
1	LV3003047113	non_damaged	ST8	36.48927	state_03	DCI	-1.57823073557758	G-A
1	LV3003047114	non_damaged	ST8	32.3855	state_03	DCI	-4.47579929064856	G-A
1	LV3003047117	non_damaged	ST8	28.7616666666667	state_03	DCI	-2.81268317944166	G-A
1	LV3003047126	non_damaged	ST8	64.210824	state_03	DCI	-0.862529554982703	G-A
1	LV3003047128	non_damaged	ST8	39.57797	state_03	DCI	-1.98715125044292	G-A
1	LV3003047129	non_damaged	ST8	36.0373	state_03	DCI	-4.62735224151407	G-A
1	LV3003047130	non_damaged	ST8	31.936	state_03	DCI	-2.21856404034921	G-A
1	LV3003047131	non_damaged	ST8	28.2453333333333	state_03	DCI	-3.84702215521073	G-A
1	LV3003047137	non_damaged	ST8	66.9462	state_03	DCI	-1.58045037556085	G-A
1	LV3003047139	non_damaged	ST8	58.6141266666667	state_03	DCI	-9.37696464017914	G-A
1	LV3003047142	non_damaged	ST8	35.5823	state_03	DCI	-2.88960962976313	G-A
1	LV3003047143	non_damaged	ST8	31.398	state_03	DCI	-2.46068444527672	G-A
1	LV3003047144	non_damaged	ST8	27.729	state_03	DCI	-1.92194611179586	G-A
1	LV3003047146	non_damaged	ST8	63.2667	state_03	DCI	-4.25130308774176	G-A
1	LV3003047147	non_damaged	ST8	62.3217	state_03	DCI	-3.36153212526972	G-A
1	LV3003047148	non_damaged	ST8	61.3767	state_03	DCI	-1.35200528764126	G-A
1	LV3003047149	non_damaged	ST8	60.4317	state_03	DCI	-2.59264528785079	G-A
1	LV3003047150	non_damaged	ST8	59.5217933333333	state_03	DCI	-3.39960881897702	G-A
1	LV3003047152	non_damaged	ST8	45.00002	state_03	DCI	-3.0270737279928	G-A
1	LV3003047153	non_damaged	ST8	38.71393	state_03	DCI	-2.62522683509527	G-A
1	LV3003047154	non_damaged	ST8	35.13012	state_03	DCI	-3.66059410878661	G-A
1	LV3003047155	non_damaged	ST8	30.9475	state_03	DCI	-2.1823017827163	G-A
1	LV3003047156	non_damaged	ST8	27.1996666666667	state_03	DCI	-2.11973440335505	G-A
1	LV3003047158	non_damaged	ST8	57.70646	state_03	DCI	-9.99644843874091	G-A
1	LV3003047159	non_damaged	ST8	56.7987933333333	state_03	DCI	-3.87678761761653	G-A
1	LV3003047164	non_damaged	ST8	43.93302	state_03	DCI	-3.89750369410369	G-A
1	LV3003047166	non_damaged	ST8	38.27343	state_03	DCI	-2.57380355202777	G-A
1	LV3003047167	non_damaged	ST8	34.67812	state_03	DCI	-3.38175334851652	G-A
1	LV3003047168	non_damaged	ST8	30.497	state_03	DCI	-2.72571290562197	G-A
1	LV3003047169	non_damaged	ST8	26.6703333333333	state_03	DCI	-2.239685323927	G-A
1	LV3003061475	non_damaged	ST13	53.844	state_03	DCI	-1.74124979443331	G-A
1	LV3003061476	non_damaged	ST13	37.16	state_03	DCI	-1.6577835157541	G-A
1	LV3003061488	non_damaged	ST13	35.041	state_03	DCI	0.390071946220382	G-A
1	LV3003061504	non_damaged	ST13	50.268	state_03	DCI	-1.26324565438291	G-A
1	LV3003061505	non_damaged	ST13	32.81	state_03	DCI	-0.764961103319891	G-A
1	LV3003061516	non_damaged	ST13	48.537	state_03	DCI	-2.16914730818732	G-A
1	LV3003061530	non_damaged	ST13	47.046	state_03	DCI	-0.684600119981487	G-A
1	LV3003061531	non_damaged	ST13	28.445	state_03	DCI	-2.623615849672	G-A
1	LV3003061544	non_damaged	ST13	45.122	state_03	DCI	-2.01927302021338	G-A
1	LV3003061545	non_damaged	ST13	23.172	state_03	DCI	0.327225217454314	G-A
1	LV3003061558	non_damaged	ST13	42.626	state_03	DCI	0.199708081222646	G-A
1	LV3003061559	non_damaged	ST13	21.069	state_03	DCI	0.356758486000801	G-A
1	LV3003061571	non_damaged	ST13	40.457	state_03	DCI	0.3094911372346	G-A
1	LV7008886221	non_damaged	GeoB25202_R1	50.3555	state_03	DCI	-1.35256634291992	G-A
1	LV7008886222	non_damaged	GeoB25202_R1	136.2775	state_03	DCI	-1.46972895148693	G-A
1	LV7008886226	non_damaged	GeoB25202_R2	36.607	state_03	DCI	-0.98232071088115	G-A
1	LV7008886692	non_damaged	GeoB25202_R1	53.875	state_03	DCI	0.0993387318091085	G-A
1	LV7008886703	non_damaged	GeoB25202_R1	27.6855	state_03	DCI	-1.84477736505237	G-A
1	LV7008886704	non_damaged	GeoB25202_R2	53.875	state_03	DCI	-0.970204277568567	G-A
1	LV7008886709	non_damaged	GeoB25202_R1	147.206	state_03	DCI	0.381776111333376	G-A
1	LV7008886715	non_damaged	GeoB25202_R2	27.6855	state_03	DCI	-2.50522091690092	G-A
1	LV7008886721	non_damaged	GeoB25202_R2	147.206	state_03	DCI	-1.31994217917373	G-A
1	LV7008886728	non_damaged	GeoB25202_R2	50.3555	state_03	DCI	-1.96159782457072	G-A
1	LV7008886740	non_damaged	GeoB25202_R1	43.105	state_03	DCI	-1.62794815853032	G-A
1	LV7008886752	non_damaged	GeoB25202_R2	43.105	state_03	DCI	-1.68881733443451	G-A
1	LV7008886765	non_damaged	GeoB25202_R1	58.181	state_03	DCI	-0.680621135093978	G-A
1	LV7008886776	non_damaged	GeoB25202_R1	36.607	state_03	DCI	-1.51200207758912	G-A
1	LV3003047044	non_damaged	ST8	12.078	state_03	MII	-1.49198568908122	G-A
1	LV3003047067	non_damaged	ST8	42.86602	state_03	MII	-1.60825912807931	G-A
1	LV3003047068	non_damaged	ST8	37.78969	state_03	MII	-1.5464989855302	G-A
1	LV3003047069	non_damaged	ST8	33.7436870748299	state_03	MII	-1.31960177978562	G-A
1	LV3003047070	non_damaged	ST8	30.128	state_03	MII	-1.28681260857833	G-A
1	LV3003047071	non_damaged	ST8	26.141	state_03	MII	-0.700512080004232	G-A
1	LV3003047081	non_damaged	ST8	52.20718	state_03	MII	-1.42441363398264	G-A
1	LV3003047082	non_damaged	ST8	41.9168333333333	state_03	MII	-1.14314469202738	G-A
1	LV3003047083	non_damaged	ST8	37.30319	state_03	MII	-1.56325063597111	G-A
1	LV3003047085	non_damaged	ST8	29.703	state_03	MII	-1.0109691042763	G-A
1	LV3003047094	non_damaged	ST8	50.6848	state_03	MII	-1.66025012771723	G-A
1	LV3003047095	non_damaged	ST8	40.9751666666667	state_03	MII	-1.57941887099832	G-A
1	LV3003047096	non_damaged	ST8	36.89377	state_03	MII	-1.54342382634492	G-A
1	LV3003047097	non_damaged	ST8	32.835	state_03	MII	-0.384121985816372	G-A
1	LV3003047098	non_damaged	ST8	29.278	state_03	MII	-0.399970059807471	G-A
1	LV3003047099	non_damaged	ST8	25.058	state_03	MII	-1.05806347770815	G-A
1	LV3003047110	non_damaged	ST8	49.1548	state_03	MII	-1.64415309608305	G-A
1	LV3003047112	non_damaged	ST8	40.0335	state_03	MII	-1.62522304381549	G-A
1	LV3003047113	non_damaged	ST8	36.48927	state_03	MII	-1.53982972545056	G-A
1	LV3003047114	non_damaged	ST8	32.3855	state_03	MII	-1.36408026367892	G-A
1	LV3003047117	non_damaged	ST8	28.7616666666667	state_03	MII	-1.11429022502959	G-A
1	LV3003047126	non_damaged	ST8	64.210824	state_03	MII	-1.26939806319603	G-A
1	LV3003047128	non_damaged	ST8	39.57797	state_03	MII	-1.43371604910877	G-A
1	LV3003047129	non_damaged	ST8	36.0373	state_03	MII	-1.56213587052545	G-A
1	LV3003047130	non_damaged	ST8	31.936	state_03	MII	-1.28969940270635	G-A
1	LV3003047131	non_damaged	ST8	28.2453333333333	state_03	MII	-0.585818160329447	G-A
1	LV3003047137	non_damaged	ST8	66.9462	state_03	MII	-0.724263132568024	G-A
1	LV3003047139	non_damaged	ST8	58.6141266666667	state_03	MII	-0.628914634746741	G-A
1	LV3003047142	non_damaged	ST8	35.5823	state_03	MII	-1.54061555041674	G-A
1	LV3003047143	non_damaged	ST8	31.398	state_03	MII	-1.29589049878977	G-A
1	LV3003047144	non_damaged	ST8	27.729	state_03	MII	-0.967007815589792	G-A
1	LV3003047146	non_damaged	ST8	63.2667	state_03	MII	-0.805857702395801	G-A
1	LV3003047147	non_damaged	ST8	62.3217	state_03	MII	-1.09284349470895	G-A
1	LV3003047148	non_damaged	ST8	61.3767	state_03	MII	-1.39984402393105	G-A
1	LV3003047149	non_damaged	ST8	60.4317	state_03	MII	-1.45785985988292	G-A
1	LV3003047150	non_damaged	ST8	59.5217933333333	state_03	MII	-0.662686222548875	G-A
1	LV3003047152	non_damaged	ST8	45.00002	state_03	MII	-1.3915519175326	G-A
1	LV3003047153	non_damaged	ST8	38.71393	state_03	MII	-1.32831804189787	G-A
1	LV3003047154	non_damaged	ST8	35.13012	state_03	MII	-1.53761139662407	G-A
1	LV3003047155	non_damaged	ST8	30.9475	state_03	MII	-0.993550221941351	G-A
1	LV3003047156	non_damaged	ST8	27.1996666666667	state_03	MII	-1.20132193905211	G-A
1	LV3003047158	non_damaged	ST8	57.70646	state_03	MII	-1.30857715713032	G-A
1	LV3003047159	non_damaged	ST8	56.7987933333333	state_03	MII	-1.56853599750911	G-A
1	LV3003047164	non_damaged	ST8	43.93302	state_03	MII	-1.48094825770413	G-A
1	LV3003047166	non_damaged	ST8	38.27343	state_03	MII	-1.48903482846433	G-A
1	LV3003047167	non_damaged	ST8	34.67812	state_03	MII	-1.56417874144796	G-A
1	LV3003047168	non_damaged	ST8	30.497	state_03	MII	-1.19201402003123	G-A
1	LV3003047169	non_damaged	ST8	26.6703333333333	state_03	MII	-0.859017207347123	G-A
1	LV3003061475	non_damaged	ST13	53.844	state_03	MII	-0.943149993676994	G-A
1	LV3003061476	non_damaged	ST13	37.16	state_03	MII	-1.23780706484139	G-A
1	LV3003061488	non_damaged	ST13	35.041	state_03	MII	-1.33710997274921	G-A
1	LV3003061504	non_damaged	ST13	50.268	state_03	MII	-0.968649856813795	G-A
1	LV3003061505	non_damaged	ST13	32.81	state_03	MII	-0.887146931164724	G-A
1	LV3003061516	non_damaged	ST13	48.537	state_03	MII	-1.16248795619992	G-A
1	LV3003061530	non_damaged	ST13	47.046	state_03	MII	-1.02419659163685	G-A
1	LV3003061531	non_damaged	ST13	28.445	state_03	MII	-0.850505690635721	G-A
1	LV3003061544	non_damaged	ST13	45.122	state_03	MII	-0.74413468827818	G-A
1	LV3003061545	non_damaged	ST13	23.172	state_03	MII	-1.66266564971017	G-A
1	LV3003061558	non_damaged	ST13	42.626	state_03	MII	-1.04181955128953	G-A
1	LV3003061559	non_damaged	ST13	21.069	state_03	MII	-0.995110036888498	G-A
1	LV3003061571	non_damaged	ST13	40.457	state_03	MII	-1.01010764601688	G-A
1	LV7008886221	non_damaged	GeoB25202_R1	50.3555	state_03	MII	-1.13404713465639	G-A
1	LV7008886222	non_damaged	GeoB25202_R1	136.2775	state_03	MII	-1.80874136455456	G-A
1	LV7008886226	non_damaged	GeoB25202_R2	36.607	state_03	MII	-1.27251365734813	G-A
1	LV7008886692	non_damaged	GeoB25202_R1	53.875	state_03	MII	-0.482279853782914	G-A
1	LV7008886703	non_damaged	GeoB25202_R1	27.6855	state_03	MII	-1.20301833048125	G-A
1	LV7008886704	non_damaged	GeoB25202_R2	53.875	state_03	MII	-1.06712642435223	G-A
1	LV7008886709	non_damaged	GeoB25202_R1	147.206	state_03	MII	-0.893572354812787	G-A
1	LV7008886715	non_damaged	GeoB25202_R2	27.6855	state_03	MII	-1.54332238090928	G-A
1	LV7008886721	non_damaged	GeoB25202_R2	147.206	state_03	MII	-1.55720127794115	G-A
1	LV7008886728	non_damaged	GeoB25202_R2	50.3555	state_03	MII	-1.23894361724549	G-A
1	LV7008886740	non_damaged	GeoB25202_R1	43.105	state_03	MII	-1.45451628036642	G-A
1	LV7008886752	non_damaged	GeoB25202_R2	43.105	state_03	MII	-0.885534591041848	G-A
1	LV7008886765	non_damaged	GeoB25202_R1	58.181	state_03	MII	-0.992529863482623	G-A
1	LV7008886776	non_damaged	GeoB25202_R1	36.607	state_03	MII	-0.370015540112736	G-A
1	LV3003047044	non_damaged	ST8	12.078	state_03	SRPI	-0.667106120362425	G-A
1	LV3003047067	non_damaged	ST8	42.86602	state_03	SRPI	-0.474979919188055	G-A
1	LV3003047068	non_damaged	ST8	37.78969	state_03	SRPI	-0.476359990706416	G-A
1	LV3003047069	non_damaged	ST8	33.7436870748299	state_03	SRPI	-0.704580262669539	G-A
1	LV3003047070	non_damaged	ST8	30.128	state_03	SRPI	-0.645454653786894	G-A
1	LV3003047071	non_damaged	ST8	26.141	state_03	SRPI	-0.484086896507777	G-A
1	LV3003047081	non_damaged	ST8	52.20718	state_03	SRPI	-0.555238305563432	G-A
1	LV3003047082	non_damaged	ST8	41.9168333333333	state_03	SRPI	-0.532274538964526	G-A
1	LV3003047083	non_damaged	ST8	37.30319	state_03	SRPI	-0.47532039629211	G-A
1	LV3003047085	non_damaged	ST8	29.703	state_03	SRPI	-0.606375561076108	G-A
1	LV3003047094	non_damaged	ST8	50.6848	state_03	SRPI	-0.575746460871972	G-A
1	LV3003047095	non_damaged	ST8	40.9751666666667	state_03	SRPI	-0.609585821840671	G-A
1	LV3003047096	non_damaged	ST8	36.89377	state_03	SRPI	-0.411438621928468	G-A
1	LV3003047097	non_damaged	ST8	32.835	state_03	SRPI	-0.839499194807958	G-A
1	LV3003047098	non_damaged	ST8	29.278	state_03	SRPI	-0.81059958805978	G-A
1	LV3003047099	non_damaged	ST8	25.058	state_03	SRPI	-0.43496747484874	G-A
1	LV3003047110	non_damaged	ST8	49.1548	state_03	SRPI	-0.615156579929269	G-A
1	LV3003047112	non_damaged	ST8	40.0335	state_03	SRPI	-0.452321171434533	G-A
1	LV3003047113	non_damaged	ST8	36.48927	state_03	SRPI	-0.380037827553252	G-A
1	LV3003047114	non_damaged	ST8	32.3855	state_03	SRPI	-0.484869121340902	G-A
1	LV3003047117	non_damaged	ST8	28.7616666666667	state_03	SRPI	-0.575614804459684	G-A
1	LV3003047126	non_damaged	ST8	64.210824	state_03	SRPI	-0.793722276292319	G-A
1	LV3003047128	non_damaged	ST8	39.57797	state_03	SRPI	-0.515993799497789	G-A
1	LV3003047129	non_damaged	ST8	36.0373	state_03	SRPI	-0.461168736283652	G-A
1	LV3003047130	non_damaged	ST8	31.936	state_03	SRPI	-0.54840491290103	G-A
1	LV3003047131	non_damaged	ST8	28.2453333333333	state_03	SRPI	-0.738301033123376	G-A
1	LV3003047137	non_damaged	ST8	66.9462	state_03	SRPI	-0.738913330418926	G-A
1	LV3003047139	non_damaged	ST8	58.6141266666667	state_03	SRPI	-0.830633051951746	G-A
1	LV3003047142	non_damaged	ST8	35.5823	state_03	SRPI	-0.582959840238278	G-A
1	LV3003047143	non_damaged	ST8	31.398	state_03	SRPI	-0.56730034579694	G-A
1	LV3003047144	non_damaged	ST8	27.729	state_03	SRPI	-0.595915012377156	G-A
1	LV3003047146	non_damaged	ST8	63.2667	state_03	SRPI	-0.731037180059771	G-A
1	LV3003047147	non_damaged	ST8	62.3217	state_03	SRPI	-0.800414389841375	G-A
1	LV3003047148	non_damaged	ST8	61.3767	state_03	SRPI	-0.744189500367025	G-A
1	LV3003047149	non_damaged	ST8	60.4317	state_03	SRPI	-0.877205737497605	G-A
1	LV3003047150	non_damaged	ST8	59.5217933333333	state_03	SRPI	-1.1058266753824	G-A
1	LV3003047152	non_damaged	ST8	45.00002	state_03	SRPI	-0.696487695281026	G-A
1	LV3003047153	non_damaged	ST8	38.71393	state_03	SRPI	-0.633179936576561	G-A
1	LV3003047154	non_damaged	ST8	35.13012	state_03	SRPI	-0.597366727580787	G-A
1	LV3003047155	non_damaged	ST8	30.9475	state_03	SRPI	-0.540578200433693	G-A
1	LV3003047156	non_damaged	ST8	27.1996666666667	state_03	SRPI	-0.512290569547878	G-A
1	LV3003047158	non_damaged	ST8	57.70646	state_03	SRPI	-0.915971244922959	G-A
1	LV3003047159	non_damaged	ST8	56.7987933333333	state_03	SRPI	-0.687186582249889	G-A
1	LV3003047164	non_damaged	ST8	43.93302	state_03	SRPI	-0.730213689416413	G-A
1	LV3003047166	non_damaged	ST8	38.27343	state_03	SRPI	-0.536810174116256	G-A
1	LV3003047167	non_damaged	ST8	34.67812	state_03	SRPI	-0.57450974762483	G-A
1	LV3003047168	non_damaged	ST8	30.497	state_03	SRPI	-0.533644065874315	G-A
1	LV3003047169	non_damaged	ST8	26.6703333333333	state_03	SRPI	-0.636861302646041	G-A
1	LV3003061475	non_damaged	ST13	53.844	state_03	SRPI	-0.0194518193197549	G-A
1	LV3003061476	non_damaged	ST13	37.16	state_03	SRPI	-0.0710927557147725	G-A
1	LV3003061488	non_damaged	ST13	35.041	state_03	SRPI	-1.17565409648409	G-A
1	LV3003061504	non_damaged	ST13	50.268	state_03	SRPI	0.0262530215407507	G-A
1	LV3003061505	non_damaged	ST13	32.81	state_03	SRPI	-1.28484621311435	G-A
1	LV3003061516	non_damaged	ST13	48.537	state_03	SRPI	-0.0324482424944991	G-A
1	LV3003061530	non_damaged	ST13	47.046	state_03	SRPI	-0.172361014906687	G-A
1	LV3003061531	non_damaged	ST13	28.445	state_03	SRPI	-0.133316441777582	G-A
1	LV3003061544	non_damaged	ST13	45.122	state_03	SRPI	-0.348055711994586	G-A
1	LV3003061545	non_damaged	ST13	23.172	state_03	SRPI	-2.37270262094677	G-A
1	LV3003061558	non_damaged	ST13	42.626	state_03	SRPI	-0.734006881428462	G-A
1	LV3003061559	non_damaged	ST13	21.069	state_03	SRPI	-2.37748469126888	G-A
1	LV3003061571	non_damaged	ST13	40.457	state_03	SRPI	-1.83780739522878	G-A
1	LV7008886221	non_damaged	GeoB25202_R1	50.3555	state_03	SRPI	-0.254626546035746	G-A
1	LV7008886222	non_damaged	GeoB25202_R1	136.2775	state_03	SRPI	-0.47144414714473	G-A
1	LV7008886226	non_damaged	GeoB25202_R2	36.607	state_03	SRPI	-0.28245579974331	G-A
1	LV7008886692	non_damaged	GeoB25202_R1	53.875	state_03	SRPI	-0.544582593565681	G-A
1	LV7008886703	non_damaged	GeoB25202_R1	27.6855	state_03	SRPI	-0.0719271282074249	G-A
1	LV7008886704	non_damaged	GeoB25202_R2	53.875	state_03	SRPI	-0.166814141172786	G-A
1	LV7008886709	non_damaged	GeoB25202_R1	147.206	state_03	SRPI	-1.36769079630327	G-A
1	LV7008886715	non_damaged	GeoB25202_R2	27.6855	state_03	SRPI	-0.0817548939333412	G-A
1	LV7008886721	non_damaged	GeoB25202_R2	147.206	state_03	SRPI	-0.459312298981935	G-A
1	LV7008886728	non_damaged	GeoB25202_R2	50.3555	state_03	SRPI	0.021703141513519	G-A
1	LV7008886740	non_damaged	GeoB25202_R1	43.105	state_03	SRPI	-0.0249145968508438	G-A
1	LV7008886752	non_damaged	GeoB25202_R2	43.105	state_03	SRPI	-0.18884019371962	G-A
1	LV7008886765	non_damaged	GeoB25202_R1	58.181	state_03	SRPI	-0.662568058606035	G-A
1	LV7008886776	non_damaged	GeoB25202_R1	36.607	state_03	SRPI	0.0942950300528272	G-A
2	LV3003047028	turquoise	ST8	4.753	state_05	OAP	290.36295520873	IG-D
2	LV3003047028	grey	ST8	4.753	state_05	OAP	300.724679665738	IG-D
2	LV3003047028	green	ST8	4.753	state_05	OAP	820	IG-D
2	LV3003047059	turquoise	ST8	107.683	state_05	OAP	506.185053975151	IG-D
2	LV3003047059	grey	ST8	107.683	state_05	OAP	70.8841517180094	IG-D
2	LV3003047059	yellow	ST8	107.683	state_05	OAP	564.755	IG-D
2	LV3003047059	green	ST8	107.683	state_05	OAP	-217	IG-D
2	LV3003047060	turquoise	ST8	106.686	state_05	OAP	510.427821576764	IG-D
2	LV3003047060	grey	ST8	106.686	state_05	OAP	344.262130592375	IG-D
2	LV3003047060	yellow	ST8	106.686	state_05	OAP	665.594149692089	IG-D
2	LV3003047060	blue	ST8	106.686	state_05	OAP	-217	IG-D
2	LV3003047060	green	ST8	106.686	state_05	OAP	820	IG-D
2	LV3003047061	turquoise	ST8	105.689	state_05	OAP	487.77614376092	IG-D
2	LV3003047061	grey	ST8	105.689	state_05	OAP	66.4766222164936	IG-D
2	LV3003047061	yellow	ST8	105.689	state_05	OAP	657.863592699328	IG-D
2	LV3003047062	grey	ST8	104.692	state_05	OAP	14.5783881984066	IG-D
2	LV3003047062	turquoise	ST8	104.692	state_05	OAP	369.244708333972	IG-D
2	LV3003047062	yellow	ST8	104.692	state_05	OAP	588.684865092749	IG-D
2	LV3003047062	brown	ST8	104.692	state_05	OAP	151.273053738617	IG-D
2	LV3003047063	grey	ST8	103.695	state_05	OAP	-18.4251367358308	IG-D
2	LV3003047063	turquoise	ST8	103.695	state_05	OAP	367.159772996137	IG-D
2	LV3003047063	yellow	ST8	103.695	state_05	OAP	520.744228432564	IG-D
2	LV3003047064	turquoise	ST8	96.283	state_05	OAP	261.153830119854	IG-D
2	LV3003047064	grey	ST8	96.283	state_05	OAP	162.700679094301	IG-D
2	LV3003047065	turquoise	ST8	53.61018	state_05	OAP	372.686526510729	IG-D
2	LV3003047065	grey	ST8	53.61018	state_05	OAP	356.503996395713	IG-D
2	LV3003047065	yellow	ST8	53.61018	state_05	OAP	589.082086444572	IG-D
2	LV3003047065	brown	ST8	53.61018	state_05	OAP	321.445107179562	IG-D
2	LV3003047065	blue	ST8	53.61018	state_05	OAP	820	IG-D
2	LV3003047073	grey	ST8	101.685	state_05	OAP	-42.2498227687193	IG-D
2	LV3003047073	turquoise	ST8	101.685	state_05	OAP	66.5	IG-D
2	LV3003047074	grey	ST8	100.672	state_05	OAP	-127.967094655006	IG-D
2	LV3003047074	brown	ST8	100.672	state_05	OAP	-244	IG-D
2	LV3003047074	turquoise	ST8	100.672	state_05	OAP	81.9460352422908	IG-D
2	LV3003047077	turquoise	ST8	99.7145	state_05	OAP	493.376142340661	IG-D
2	LV3003047077	grey	ST8	99.7145	state_05	OAP	196.782415825798	IG-D
2	LV3003047077	yellow	ST8	99.7145	state_05	OAP	528.107850808555	IG-D
2	LV3003047077	brown	ST8	99.7145	state_05	OAP	-244	IG-D
2	LV3003047077	blue	ST8	99.7145	state_05	OAP	820	IG-D
2	LV3003047078	grey	ST8	98.757	state_05	OAP	-1.51902681437519	IG-D
2	LV3003047078	turquoise	ST8	98.757	state_05	OAP	451.63221518201	IG-D
2	LV3003047078	yellow	ST8	98.757	state_05	OAP	440.236	IG-D
2	LV3003047087	turquoise	ST8	94.9015	state_05	OAP	448.963575818928	IG-D
2	LV3003047087	grey	ST8	94.9015	state_05	OAP	256.540408752199	IG-D
2	LV3003047087	yellow	ST8	94.9015	state_05	OAP	601.149403932497	IG-D
2	LV3003047087	green	ST8	94.9015	state_05	OAP	820	IG-D
2	LV3003047088	grey	ST8	93.52	state_05	OAP	154.213718870988	IG-D
2	LV3003047088	turquoise	ST8	93.52	state_05	OAP	348.458178601374	IG-D
2	LV3003047088	yellow	ST8	93.52	state_05	OAP	273.274418604651	IG-D
2	LV3003047088	green	ST8	93.52	state_05	OAP	738.222222222222	IG-D
2	LV3003047089	turquoise	ST8	92.1385	state_05	OAP	228.815543877911	IG-D
2	LV3003047089	grey	ST8	92.1385	state_05	OAP	176.432982634762	IG-D
2	LV3003047089	green	ST8	92.1385	state_05	OAP	710.766832407137	IG-D
2	LV3003047089	blue	ST8	92.1385	state_05	OAP	698.069634703196	IG-D
2	LV3003047089	yellow	ST8	92.1385	state_05	OAP	567.568010075567	IG-D
2	LV3003047090	grey	ST8	90.757	state_05	OAP	164.620004510609	IG-D
2	LV3003047090	turquoise	ST8	90.757	state_05	OAP	236.189962174795	IG-D
2	LV3003047090	yellow	ST8	90.757	state_05	OAP	497.635382955771	IG-D
2	LV3003047101	turquoise	ST8	85.23	state_05	OAP	329.290023221258	IG-D
2	LV3003047101	grey	ST8	85.23	state_05	OAP	249.267391397043	IG-D
2	LV3003047101	yellow	ST8	85.23	state_05	OAP	623.535743127815	IG-D
2	LV3003047101	green	ST8	85.23	state_05	OAP	797.078506097561	IG-D
2	LV3003047101	blue	ST8	85.23	state_05	OAP	356.078947368421	IG-D
2	LV3003047104	turquoise	ST8	83.84125	state_05	OAP	194.296514102995	IG-D
2	LV3003047104	grey	ST8	83.84125	state_05	OAP	113.401469910887	IG-D
2	LV3003047104	yellow	ST8	83.84125	state_05	OAP	618.469539375929	IG-D
2	LV3003047105	turquoise	ST8	82.4525	state_05	OAP	268.514201140753	IG-D
2	LV3003047105	grey	ST8	82.4525	state_05	OAP	153.807665607607	IG-D
2	LV3003047105	yellow	ST8	82.4525	state_05	OAP	550.326315789474	IG-D
2	LV3003047106	grey	ST8	81.06375	state_05	OAP	146.892297103111	IG-D
2	LV3003047106	turquoise	ST8	81.06375	state_05	OAP	307.920677853207	IG-D
2	LV3003047106	green	ST8	81.06375	state_05	OAP	679.909862385321	IG-D
2	LV3003047106	yellow	ST8	81.06375	state_05	OAP	603.426201034738	IG-D
2	LV3003047122	turquoise	ST8	76.951	state_05	OAP	366.420144711857	IG-D
2	LV3003047122	grey	ST8	76.951	state_05	OAP	256.440387481759	IG-D
2	LV3003047122	yellow	ST8	76.951	state_05	OAP	606.963611111111	IG-D
2	LV3003047123	turquoise	ST8	75.589	state_05	OAP	281.529665323238	IG-D
2	LV3003047123	grey	ST8	75.589	state_05	OAP	396.465980323873	IG-D
2	LV3003047123	yellow	ST8	75.589	state_05	OAP	410.917388167388	IG-D
2	LV3003047124	grey	ST8	74.227	state_05	OAP	343.051389769276	IG-D
2	LV3003047124	turquoise	ST8	74.227	state_05	OAP	260.690971470114	IG-D
2	LV3003047124	yellow	ST8	74.227	state_05	OAP	407.181868131868	IG-D
2	LV3003047124	brown	ST8	74.227	state_05	OAP	-244	IG-D
2	LV3003047125	turquoise	ST8	72.872	state_05	OAP	328.476294406442	IG-D
2	LV3003047125	grey	ST8	72.872	state_05	OAP	287.383097613147	IG-D
2	LV3003047125	yellow	ST8	72.872	state_05	OAP	604.284805890228	IG-D
2	LV3003047125	green	ST8	72.872	state_05	OAP	770.432704402516	IG-D
2	LV3003047127	turquoise	ST8	47.6248	state_05	OAP	393.881490470711	IG-D
2	LV3003047127	grey	ST8	47.6248	state_05	OAP	438.925021056218	IG-D
2	LV3003047127	yellow	ST8	47.6248	state_05	OAP	615.411134527573	IG-D
2	LV3003047127	brown	ST8	47.6248	state_05	OAP	360	IG-D
2	LV3003047140	turquoise	ST8	46.0948	state_05	OAP	443.167217022037	IG-D
2	LV3003047140	grey	ST8	46.0948	state_05	OAP	365.200304400866	IG-D
2	LV3003047140	yellow	ST8	46.0948	state_05	OAP	568.560193726937	IG-D
2	LV3003047141	turquoise	ST8	39.15347	state_05	OAP	274.167337475152	IG-D
2	LV3003047141	grey	ST8	39.15347	state_05	OAP	176.692574293751	IG-D
2	LV3003047141	yellow	ST8	39.15347	state_05	OAP	66.5	IG-D
2	LV3003047160	turquoise	ST8	55.8911266666667	state_05	OAP	335.911724915445	IG-D
2	LV3003047160	grey	ST8	55.8911266666667	state_05	OAP	29.4959994275554	IG-D
2	LV3003047160	yellow	ST8	55.8911266666667	state_05	OAP	820	IG-D
2	LV3003047161	turquoise	ST8	54.98346	state_05	OAP	343.046199767036	IG-D
2	LV3003047161	grey	ST8	54.98346	state_05	OAP	146.288721475187	IG-D
2	LV3003047161	yellow	ST8	54.98346	state_05	OAP	642.600699844479	IG-D
2	LV3003047162	grey	ST8	102.698	state_05	OAP	-33.6265657313088	IG-D
2	LV3003047162	turquoise	ST8	102.698	state_05	OAP	329.845196191575	IG-D
2	LV3003047162	yellow	ST8	102.698	state_05	OAP	820	IG-D
2	LV3003047162	brown	ST8	102.698	state_05	OAP	-231.727272727273	IG-D
2	LV3003061473	grey	ST13	117.088	state_05	OAP	-31.0624197232425	IG-D
2	LV3003061473	turquoise	ST13	117.088	state_05	OAP	334.673174448999	IG-D
2	LV3003061473	yellow	ST13	117.088	state_05	OAP	571.888028775739	IG-D
2	LV3003061473	green	ST13	117.088	state_05	OAP	594.423076923077	IG-D
2	LV3003061486	turquoise	ST13	52.105	state_05	OAP	459.707203870968	IG-D
2	LV3003061486	grey	ST13	52.105	state_05	OAP	380.541951488577	IG-D
2	LV3003061486	yellow	ST13	52.105	state_05	OAP	551.3489569161	IG-D
2	LV3003061489	turquoise	ST13	112.6068	state_05	OAP	243.97586744686	IG-D
2	LV3003061489	grey	ST13	112.6068	state_05	OAP	114.567250415909	IG-D
2	LV3003061489	green	ST13	112.6068	state_05	OAP	660.65030684259	IG-D
2	LV3003061489	yellow	ST13	112.6068	state_05	OAP	624.448001310616	IG-D
2	LV3003061489	blue	ST13	112.6068	state_05	OAP	820	IG-D
2	LV3003061500	grey	ST13	148.086	state_05	OAP	225.470614594866	IG-D
2	LV3003061500	turquoise	ST13	148.086	state_05	OAP	388.283274271898	IG-D
2	LV3003061500	yellow	ST13	148.086	state_05	OAP	552.354513199578	IG-D
2	LV3003061500	brown	ST13	148.086	state_05	OAP	-46.4155714652833	IG-D
2	LV3003061500	blue	ST13	148.086	state_05	OAP	820	IG-D
2	LV3003061500	green	ST13	148.086	state_05	OAP	700.165407854985	IG-D
2	LV3003061513	yellow	ST13	138.493	state_05	OAP	483.622925593317	IG-D
2	LV3003061513	turquoise	ST13	138.493	state_05	OAP	460.659959099562	IG-D
2	LV3003061513	green	ST13	138.493	state_05	OAP	769.44382407985	IG-D
2	LV3003061513	grey	ST13	138.493	state_05	OAP	458.737293406635	IG-D
2	LV3003061513	blue	ST13	138.493	state_05	OAP	689.830215827338	IG-D
2	LV3003061513	brown	ST13	138.493	state_05	OAP	71.8508914100486	IG-D
2	LV3003061527	turquoise	ST13	133.7754	state_05	OAP	315.070726811747	IG-D
2	LV3003061527	grey	ST13	133.7754	state_05	OAP	219.794833485009	IG-D
2	LV3003061527	yellow	ST13	133.7754	state_05	OAP	446.181385006353	IG-D
2	LV3003061539	yellow	ST13	130.0556	state_05	OAP	593.882945237152	IG-D
2	LV3003061539	turquoise	ST13	130.0556	state_05	OAP	454.493801228707	IG-D
2	LV3003061539	grey	ST13	130.0556	state_05	OAP	268.862532880983	IG-D
2	LV3003061539	brown	ST13	130.0556	state_05	OAP	360	IG-D
2	LV3003061539	green	ST13	130.0556	state_05	OAP	768.526634382567	IG-D
2	LV3003061539	blue	ST13	130.0556	state_05	OAP	820	IG-D
2	LV3003061555	turquoise	ST13	126.443	state_05	OAP	400.628397957024	IG-D
2	LV3003061555	grey	ST13	126.443	state_05	OAP	48.1134215465438	IG-D
2	LV3003061555	yellow	ST13	126.443	state_05	OAP	505.610695422535	IG-D
2	LV3003061568	grey	ST13	121.6354	state_05	OAP	137.778540106881	IG-D
2	LV3003061568	turquoise	ST13	121.6354	state_05	OAP	372.524485843483	IG-D
2	LV3003061568	yellow	ST13	121.6354	state_05	OAP	486.337414965986	IG-D
2	LV3003061568	blue	ST13	121.6354	state_05	OAP	-217	IG-D
2	LV7008886228	grey	GeoB25202_R2	120.0235	state_05	OAP	287.874601367852	IG-D
2	LV7008886228	turquoise	GeoB25202_R2	120.0235	state_05	OAP	432.981606854684	IG-D
2	LV7008886228	yellow	GeoB25202_R2	120.0235	state_05	OAP	541.695304632427	IG-D
2	LV7008886228	brown	GeoB25202_R2	120.0235	state_05	OAP	-244	IG-D
2	LV7008886705	turquoise	GeoB25202_R1	59.738	state_05	OAP	485.132140266515	IG-D
2	LV7008886705	grey	GeoB25202_R1	59.738	state_05	OAP	311.667994421965	IG-D
2	LV7008886705	yellow	GeoB25202_R1	59.738	state_05	OAP	659.454685099846	IG-D
2	LV7008886705	brown	GeoB25202_R1	59.738	state_05	OAP	-224.714285714286	IG-D
2	LV7008886705	green	GeoB25202_R1	59.738	state_05	OAP	820	IG-D
2	LV7008886717	turquoise	GeoB25202_R2	59.738	state_05	OAP	467.891074424681	IG-D
2	LV7008886717	grey	GeoB25202_R2	59.738	state_05	OAP	354.488501811093	IG-D
2	LV7008886717	green	GeoB25202_R2	59.738	state_05	OAP	750.246121453901	IG-D
2	LV7008886717	yellow	GeoB25202_R2	59.738	state_05	OAP	618.481663018553	IG-D
2	LV7008886717	blue	GeoB25202_R2	59.738	state_05	OAP	820	IG-D
2	LV7008886717	brown	GeoB25202_R2	59.738	state_05	OAP	215.75	IG-D
2	LV7008886719	grey	GeoB25202_R1	87.2825	state_05	OAP	346.558564117538	IG-D
2	LV7008886719	turquoise	GeoB25202_R1	87.2825	state_05	OAP	364.329313306674	IG-D
2	LV7008886719	green	GeoB25202_R1	87.2825	state_05	OAP	751.926493710692	IG-D
2	LV7008886719	blue	GeoB25202_R1	87.2825	state_05	OAP	820	IG-D
2	LV7008886719	yellow	GeoB25202_R1	87.2825	state_05	OAP	533.858859073175	IG-D
2	LV7008886719	brown	GeoB25202_R1	87.2825	state_05	OAP	820	IG-D
2	LV7008886731	grey	GeoB25202_R2	87.2825	state_05	OAP	359.460770701655	IG-D
2	LV7008886731	turquoise	GeoB25202_R2	87.2825	state_05	OAP	300.653136053002	IG-D
2	LV7008886731	yellow	GeoB25202_R2	87.2825	state_05	OAP	651.021421634544	IG-D
2	LV7008886731	brown	GeoB25202_R2	87.2825	state_05	OAP	518.6	IG-D
2	LV7008886731	green	GeoB25202_R2	87.2825	state_05	OAP	723.772577092511	IG-D
2	LV7008886741	turquoise	GeoB25202_R1	58.997	state_05	OAP	358.284727623791	IG-D
2	LV7008886741	grey	GeoB25202_R1	58.997	state_05	OAP	252.6770218949	IG-D
2	LV7008886741	yellow	GeoB25202_R1	58.997	state_05	OAP	648.789404553415	IG-D
2	LV7008886741	green	GeoB25202_R1	58.997	state_05	OAP	405.2	IG-D
2	LV7008886744	grey	GeoB25202_R1	105.5785	state_05	OAP	314.662792255886	IG-D
2	LV7008886744	turquoise	GeoB25202_R1	105.5785	state_05	OAP	290.211304624693	IG-D
2	LV7008886744	yellow	GeoB25202_R1	105.5785	state_05	OAP	627.101993446204	IG-D
2	LV7008886744	green	GeoB25202_R1	105.5785	state_05	OAP	763.293164556962	IG-D
2	LV7008886744	brown	GeoB25202_R1	105.5785	state_05	OAP	-244	IG-D
2	LV7008886745	grey	GeoB25202_R2	136.2775	state_05	OAP	275.536650584403	IG-D
2	LV7008886745	turquoise	GeoB25202_R2	136.2775	state_05	OAP	493.913623105947	IG-D
2	LV7008886745	yellow	GeoB25202_R2	136.2775	state_05	OAP	679.682497183182	IG-D
2	LV7008886745	green	GeoB25202_R2	136.2775	state_05	OAP	820	IG-D
2	LV7008886753	turquoise	GeoB25202_R2	58.997	state_05	OAP	491.207033067306	IG-D
2	LV7008886753	yellow	GeoB25202_R2	58.997	state_05	OAP	520.314283657308	IG-D
2	LV7008886753	grey	GeoB25202_R2	58.997	state_05	OAP	377.948385330582	IG-D
2	LV7008886753	blue	GeoB25202_R2	58.997	state_05	OAP	190.392857142857	IG-D
2	LV7008886753	green	GeoB25202_R2	58.997	state_05	OAP	685.348927203065	IG-D
2	LV7008886753	brown	GeoB25202_R2	58.997	state_05	OAP	820	IG-D
2	LV7008886757	grey	GeoB25202_R1	123.1195	state_05	OAP	312.416178598823	IG-D
2	LV7008886757	turquoise	GeoB25202_R1	123.1195	state_05	OAP	446.586148381008	IG-D
2	LV7008886757	yellow	GeoB25202_R1	123.1195	state_05	OAP	554.680618401207	IG-D
2	LV7008886769	grey	GeoB25202_R2	123.1195	state_05	OAP	396.452008072659	IG-D
2	LV7008886769	turquoise	GeoB25202_R2	123.1195	state_05	OAP	609.915371222291	IG-D
2	LV7008886769	yellow	GeoB25202_R2	123.1195	state_05	OAP	653.434818594104	IG-D
2	LV7008886769	brown	GeoB25202_R2	123.1195	state_05	OAP	-244	IG-D
2	LV7008886769	blue	GeoB25202_R2	123.1195	state_05	OAP	820	IG-D
2	LV7008886781	grey	GeoB25202_R1	120.0235	state_05	OAP	289.25140442555	IG-D
2	LV7008886781	turquoise	GeoB25202_R1	120.0235	state_05	OAP	464.398371585567	IG-D
2	LV7008886781	yellow	GeoB25202_R1	120.0235	state_05	OAP	532.997352496218	IG-D
2	LV3003047028	turquoise	ST8	4.753	state_05	MGI	-13.8155105579643	IG-D
2	LV3003047028	grey	ST8	4.753	state_05	MGI	-13.8155105579643	IG-D
2	LV3003047028	green	ST8	4.753	state_05	MGI	-13.8155105579643	IG-D
2	LV3003047059	turquoise	ST8	107.683	state_05	MGI	-13.8155105579643	IG-D
2	LV3003047059	grey	ST8	107.683	state_05	MGI	-13.8155105579643	IG-D
2	LV3003047059	yellow	ST8	107.683	state_05	MGI	-13.8155105579643	IG-D
2	LV3003047059	green	ST8	107.683	state_05	MGI	-13.8155105579643	IG-D
2	LV3003047060	turquoise	ST8	106.686	state_05	MGI	-13.8155105579643	IG-D
2	LV3003047060	grey	ST8	106.686	state_05	MGI	-13.8155105579643	IG-D
2	LV3003047060	yellow	ST8	106.686	state_05	MGI	-13.8155105579643	IG-D
2	LV3003047060	blue	ST8	106.686	state_05	MGI	-13.8155105579643	IG-D
2	LV3003047060	green	ST8	106.686	state_05	MGI	-13.8155105579643	IG-D
2	LV3003047061	turquoise	ST8	105.689	state_05	MGI	-13.8155105579643	IG-D
2	LV3003047061	grey	ST8	105.689	state_05	MGI	-13.8155105579643	IG-D
2	LV3003047061	yellow	ST8	105.689	state_05	MGI	-13.8155105579643	IG-D
2	LV3003047062	grey	ST8	104.692	state_05	MGI	-13.8155105579643	IG-D
2	LV3003047062	turquoise	ST8	104.692	state_05	MGI	-13.8155105579643	IG-D
2	LV3003047062	yellow	ST8	104.692	state_05	MGI	-13.8155105579643	IG-D
2	LV3003047062	brown	ST8	104.692	state_05	MGI	-13.8155105579643	IG-D
2	LV3003047063	grey	ST8	103.695	state_05	MGI	-13.8155105579643	IG-D
2	LV3003047063	turquoise	ST8	103.695	state_05	MGI	-13.8155105579643	IG-D
2	LV3003047063	yellow	ST8	103.695	state_05	MGI	-13.8155105579643	IG-D
2	LV3003047064	turquoise	ST8	96.283	state_05	MGI	-13.8155105579643	IG-D
2	LV3003047064	grey	ST8	96.283	state_05	MGI	-13.8155105579643	IG-D
2	LV3003047065	turquoise	ST8	53.61018	state_05	MGI	-13.8155105579643	IG-D
2	LV3003047065	grey	ST8	53.61018	state_05	MGI	-13.8155105579643	IG-D
2	LV3003047065	yellow	ST8	53.61018	state_05	MGI	-13.8155105579643	IG-D
2	LV3003047065	brown	ST8	53.61018	state_05	MGI	-13.8155105579643	IG-D
2	LV3003047065	blue	ST8	53.61018	state_05	MGI	-13.8155105579643	IG-D
2	LV3003047073	grey	ST8	101.685	state_05	MGI	-13.8155105579643	IG-D
2	LV3003047073	turquoise	ST8	101.685	state_05	MGI	-13.8155105579643	IG-D
2	LV3003047074	grey	ST8	100.672	state_05	MGI	-13.8155105579643	IG-D
2	LV3003047074	brown	ST8	100.672	state_05	MGI	0.597003320007043	IG-D
2	LV3003047074	turquoise	ST8	100.672	state_05	MGI	-13.8155105579643	IG-D
2	LV3003047077	turquoise	ST8	99.7145	state_05	MGI	-13.8155105579643	IG-D
2	LV3003047077	grey	ST8	99.7145	state_05	MGI	-13.8155105579643	IG-D
2	LV3003047077	yellow	ST8	99.7145	state_05	MGI	-13.8155105579643	IG-D
2	LV3003047077	brown	ST8	99.7145	state_05	MGI	1.2139231351791	IG-D
2	LV3003047077	blue	ST8	99.7145	state_05	MGI	-13.8155105579643	IG-D
2	LV3003047078	grey	ST8	98.757	state_05	MGI	-13.8155105579643	IG-D
2	LV3003047078	turquoise	ST8	98.757	state_05	MGI	-13.8155105579643	IG-D
2	LV3003047078	yellow	ST8	98.757	state_05	MGI	-13.8155105579643	IG-D
2	LV3003047087	turquoise	ST8	94.9015	state_05	MGI	-13.8155105579643	IG-D
2	LV3003047087	grey	ST8	94.9015	state_05	MGI	-13.8155105579643	IG-D
2	LV3003047087	yellow	ST8	94.9015	state_05	MGI	-13.8155105579643	IG-D
2	LV3003047087	green	ST8	94.9015	state_05	MGI	-13.8155105579643	IG-D
2	LV3003047088	grey	ST8	93.52	state_05	MGI	-13.8155105579643	IG-D
2	LV3003047088	turquoise	ST8	93.52	state_05	MGI	-13.8155105579643	IG-D
2	LV3003047088	yellow	ST8	93.52	state_05	MGI	-13.8155105579643	IG-D
2	LV3003047088	green	ST8	93.52	state_05	MGI	-13.8155105579643	IG-D
2	LV3003047089	turquoise	ST8	92.1385	state_05	MGI	-13.8155105579643	IG-D
2	LV3003047089	grey	ST8	92.1385	state_05	MGI	-13.8155105579643	IG-D
2	LV3003047089	green	ST8	92.1385	state_05	MGI	-13.8155105579643	IG-D
2	LV3003047089	blue	ST8	92.1385	state_05	MGI	-13.8155105579643	IG-D
2	LV3003047089	yellow	ST8	92.1385	state_05	MGI	-13.8155105579643	IG-D
2	LV3003047090	grey	ST8	90.757	state_05	MGI	-13.8155105579643	IG-D
2	LV3003047090	turquoise	ST8	90.757	state_05	MGI	-13.8155105579643	IG-D
2	LV3003047090	yellow	ST8	90.757	state_05	MGI	-13.8155105579643	IG-D
2	LV3003047090	green	ST8	90.757	state_05	MGI	-13.8155105579643	IG-D
2	LV3003047101	turquoise	ST8	85.23	state_05	MGI	-13.8155105579643	IG-D
2	LV3003047101	grey	ST8	85.23	state_05	MGI	-13.8155105579643	IG-D
2	LV3003047101	yellow	ST8	85.23	state_05	MGI	-13.8155105579643	IG-D
2	LV3003047101	green	ST8	85.23	state_05	MGI	-13.8155105579643	IG-D
2	LV3003047101	blue	ST8	85.23	state_05	MGI	-13.8155105579643	IG-D
2	LV3003047104	turquoise	ST8	83.84125	state_05	MGI	-13.8155105579643	IG-D
2	LV3003047104	grey	ST8	83.84125	state_05	MGI	-13.8155105579643	IG-D
2	LV3003047104	yellow	ST8	83.84125	state_05	MGI	-13.8155105579643	IG-D
2	LV3003047104	green	ST8	83.84125	state_05	MGI	-13.8155105579643	IG-D
2	LV3003047105	turquoise	ST8	82.4525	state_05	MGI	-13.8155105579643	IG-D
2	LV3003047105	grey	ST8	82.4525	state_05	MGI	-13.8155105579643	IG-D
2	LV3003047105	yellow	ST8	82.4525	state_05	MGI	-13.8155105579643	IG-D
2	LV3003047105	green	ST8	82.4525	state_05	MGI	-13.8155105579643	IG-D
2	LV3003047106	grey	ST8	81.06375	state_05	MGI	-13.8155105579643	IG-D
2	LV3003047106	turquoise	ST8	81.06375	state_05	MGI	-13.8155105579643	IG-D
2	LV3003047106	green	ST8	81.06375	state_05	MGI	-13.8155105579643	IG-D
2	LV3003047106	yellow	ST8	81.06375	state_05	MGI	-13.8155105579643	IG-D
2	LV3003047122	turquoise	ST8	76.951	state_05	MGI	-13.8155105579643	IG-D
2	LV3003047122	grey	ST8	76.951	state_05	MGI	-13.8155105579643	IG-D
2	LV3003047122	yellow	ST8	76.951	state_05	MGI	-13.8155105579643	IG-D
2	LV3003047123	turquoise	ST8	75.589	state_05	MGI	-13.8155105579643	IG-D
2	LV3003047123	grey	ST8	75.589	state_05	MGI	-13.8155105579643	IG-D
2	LV3003047123	yellow	ST8	75.589	state_05	MGI	-13.8155105579643	IG-D
2	LV3003047124	grey	ST8	74.227	state_05	MGI	-13.8155105579643	IG-D
2	LV3003047124	turquoise	ST8	74.227	state_05	MGI	-13.8155105579643	IG-D
2	LV3003047124	yellow	ST8	74.227	state_05	MGI	-13.8155105579643	IG-D
2	LV3003047124	brown	ST8	74.227	state_05	MGI	0.796004565999653	IG-D
2	LV3003047125	turquoise	ST8	72.872	state_05	MGI	-13.8155105579643	IG-D
2	LV3003047125	grey	ST8	72.872	state_05	MGI	-13.8155105579643	IG-D
2	LV3003047125	yellow	ST8	72.872	state_05	MGI	-13.8155105579643	IG-D
2	LV3003047125	green	ST8	72.872	state_05	MGI	-13.8155105579643	IG-D
2	LV3003047127	turquoise	ST8	47.6248	state_05	MGI	-13.8155105579643	IG-D
2	LV3003047127	grey	ST8	47.6248	state_05	MGI	-13.8155105579643	IG-D
2	LV3003047127	yellow	ST8	47.6248	state_05	MGI	-13.8155105579643	IG-D
2	LV3003047127	brown	ST8	47.6248	state_05	MGI	-13.8155105579643	IG-D
2	LV3003047140	turquoise	ST8	46.0948	state_05	MGI	-13.8155105579643	IG-D
2	LV3003047140	grey	ST8	46.0948	state_05	MGI	-13.8155105579643	IG-D
2	LV3003047140	yellow	ST8	46.0948	state_05	MGI	-13.8155105579643	IG-D
2	LV3003047141	turquoise	ST8	39.15347	state_05	MGI	-13.8155105579643	IG-D
2	LV3003047141	grey	ST8	39.15347	state_05	MGI	-13.8155105579643	IG-D
2	LV3003047141	yellow	ST8	39.15347	state_05	MGI	-13.8155105579643	IG-D
2	LV3003047160	turquoise	ST8	55.8911266666667	state_05	MGI	-13.8155105579643	IG-D
2	LV3003047160	grey	ST8	55.8911266666667	state_05	MGI	-13.8155105579643	IG-D
2	LV3003047160	yellow	ST8	55.8911266666667	state_05	MGI	-13.8155105579643	IG-D
2	LV3003047161	turquoise	ST8	54.98346	state_05	MGI	-13.8155105579643	IG-D
2	LV3003047161	grey	ST8	54.98346	state_05	MGI	-13.8155105579643	IG-D
2	LV3003047161	yellow	ST8	54.98346	state_05	MGI	-13.8155105579643	IG-D
2	LV3003047162	grey	ST8	102.698	state_05	MGI	-13.8155105579643	IG-D
2	LV3003047162	turquoise	ST8	102.698	state_05	MGI	-13.8155105579643	IG-D
2	LV3003047162	yellow	ST8	102.698	state_05	MGI	-13.8155105579643	IG-D
2	LV3003047162	brown	ST8	102.698	state_05	MGI	-13.8155105579643	IG-D
2	LV3003061473	grey	ST13	117.088	state_05	MGI	-13.8155105579643	IG-D
2	LV3003061473	turquoise	ST13	117.088	state_05	MGI	-13.8155105579643	IG-D
2	LV3003061473	yellow	ST13	117.088	state_05	MGI	-13.8155105579643	IG-D
2	LV3003061473	green	ST13	117.088	state_05	MGI	-13.8155105579643	IG-D
2	LV3003061486	turquoise	ST13	52.105	state_05	MGI	-13.8155105579643	IG-D
2	LV3003061486	grey	ST13	52.105	state_05	MGI	-13.8155105579643	IG-D
2	LV3003061486	yellow	ST13	52.105	state_05	MGI	-13.8155105579643	IG-D
2	LV3003061486	green	ST13	52.105	state_05	MGI	-13.8155105579643	IG-D
2	LV3003061489	turquoise	ST13	112.6068	state_05	MGI	-13.8155105579643	IG-D
2	LV3003061489	grey	ST13	112.6068	state_05	MGI	-13.8155105579643	IG-D
2	LV3003061489	green	ST13	112.6068	state_05	MGI	-13.8155105579643	IG-D
2	LV3003061489	yellow	ST13	112.6068	state_05	MGI	-13.8155105579643	IG-D
2	LV3003061489	blue	ST13	112.6068	state_05	MGI	-13.8155105579643	IG-D
2	LV3003061500	grey	ST13	148.086	state_05	MGI	-13.8155105579643	IG-D
2	LV3003061500	turquoise	ST13	148.086	state_05	MGI	-13.8155105579643	IG-D
2	LV3003061500	yellow	ST13	148.086	state_05	MGI	-13.8155105579643	IG-D
2	LV3003061500	brown	ST13	148.086	state_05	MGI	-1.02732741526098	IG-D
2	LV3003061500	blue	ST13	148.086	state_05	MGI	-13.8155105579643	IG-D
2	LV3003061500	green	ST13	148.086	state_05	MGI	-13.8155105579643	IG-D
2	LV3003061513	yellow	ST13	138.493	state_05	MGI	-13.8155105579643	IG-D
2	LV3003061513	turquoise	ST13	138.493	state_05	MGI	-13.8155105579643	IG-D
2	LV3003061513	green	ST13	138.493	state_05	MGI	-13.8155105579643	IG-D
2	LV3003061513	grey	ST13	138.493	state_05	MGI	-13.8155105579643	IG-D
2	LV3003061513	blue	ST13	138.493	state_05	MGI	-13.8155105579643	IG-D
2	LV3003061513	brown	ST13	138.493	state_05	MGI	-13.8155105579643	IG-D
2	LV3003061527	turquoise	ST13	133.7754	state_05	MGI	-13.8155105579643	IG-D
2	LV3003061527	grey	ST13	133.7754	state_05	MGI	-13.8155105579643	IG-D
2	LV3003061527	yellow	ST13	133.7754	state_05	MGI	-13.8155105579643	IG-D
2	LV3003061539	yellow	ST13	130.0556	state_05	MGI	-13.8155105579643	IG-D
2	LV3003061539	turquoise	ST13	130.0556	state_05	MGI	-13.8155105579643	IG-D
2	LV3003061539	grey	ST13	130.0556	state_05	MGI	-13.8155105579643	IG-D
2	LV3003061539	brown	ST13	130.0556	state_05	MGI	-13.8155105579643	IG-D
2	LV3003061539	green	ST13	130.0556	state_05	MGI	-13.8155105579643	IG-D
2	LV3003061539	blue	ST13	130.0556	state_05	MGI	-13.8155105579643	IG-D
2	LV3003061555	turquoise	ST13	126.443	state_05	MGI	-13.8155105579643	IG-D
2	LV3003061555	grey	ST13	126.443	state_05	MGI	-13.8155105579643	IG-D
2	LV3003061555	yellow	ST13	126.443	state_05	MGI	-13.8155105579643	IG-D
2	LV3003061568	grey	ST13	121.6354	state_05	MGI	-13.8155105579643	IG-D
2	LV3003061568	turquoise	ST13	121.6354	state_05	MGI	-13.8155105579643	IG-D
2	LV3003061568	yellow	ST13	121.6354	state_05	MGI	-13.8155105579643	IG-D
2	LV3003061568	blue	ST13	121.6354	state_05	MGI	-13.8155105579643	IG-D
2	LV7008886228	grey	GeoB25202_R2	120.0235	state_05	MGI	-13.8155105579643	IG-D
2	LV7008886228	turquoise	GeoB25202_R2	120.0235	state_05	MGI	-13.8155105579643	IG-D
2	LV7008886228	yellow	GeoB25202_R2	120.0235	state_05	MGI	-13.8155105579643	IG-D
2	LV7008886228	brown	GeoB25202_R2	120.0235	state_05	MGI	1.2139231351791	IG-D
2	LV7008886705	turquoise	GeoB25202_R1	59.738	state_05	MGI	-13.8155105579643	IG-D
2	LV7008886705	grey	GeoB25202_R1	59.738	state_05	MGI	-13.8155105579643	IG-D
2	LV7008886705	yellow	GeoB25202_R1	59.738	state_05	MGI	-13.8155105579643	IG-D
2	LV7008886705	brown	GeoB25202_R1	59.738	state_05	MGI	-13.8155105579643	IG-D
2	LV7008886705	green	GeoB25202_R1	59.738	state_05	MGI	-13.8155105579643	IG-D
2	LV7008886717	turquoise	GeoB25202_R2	59.738	state_05	MGI	-13.8155105579643	IG-D
2	LV7008886717	grey	GeoB25202_R2	59.738	state_05	MGI	-13.8155105579643	IG-D
2	LV7008886717	green	GeoB25202_R2	59.738	state_05	MGI	-13.8155105579643	IG-D
2	LV7008886717	yellow	GeoB25202_R2	59.738	state_05	MGI	-13.8155105579643	IG-D
2	LV7008886717	blue	GeoB25202_R2	59.738	state_05	MGI	-13.8155105579643	IG-D
2	LV7008886717	brown	GeoB25202_R2	59.738	state_05	MGI	-13.8155105579643	IG-D
2	LV7008886719	grey	GeoB25202_R1	87.2825	state_05	MGI	-13.8155105579643	IG-D
2	LV7008886719	turquoise	GeoB25202_R1	87.2825	state_05	MGI	-13.8155105579643	IG-D
2	LV7008886719	green	GeoB25202_R1	87.2825	state_05	MGI	-13.8155105579643	IG-D
2	LV7008886719	blue	GeoB25202_R1	87.2825	state_05	MGI	-13.8155105579643	IG-D
2	LV7008886719	yellow	GeoB25202_R1	87.2825	state_05	MGI	-13.8155105579643	IG-D
2	LV7008886719	brown	GeoB25202_R1	87.2825	state_05	MGI	-13.8155105579643	IG-D
2	LV7008886731	grey	GeoB25202_R2	87.2825	state_05	MGI	-13.8155105579643	IG-D
2	LV7008886731	turquoise	GeoB25202_R2	87.2825	state_05	MGI	-13.8155105579643	IG-D
2	LV7008886731	yellow	GeoB25202_R2	87.2825	state_05	MGI	-13.8155105579643	IG-D
2	LV7008886731	brown	GeoB25202_R2	87.2825	state_05	MGI	-13.8155105579643	IG-D
2	LV7008886731	green	GeoB25202_R2	87.2825	state_05	MGI	-13.8155105579643	IG-D
2	LV7008886741	turquoise	GeoB25202_R1	58.997	state_05	MGI	-13.8155105579643	IG-D
2	LV7008886741	grey	GeoB25202_R1	58.997	state_05	MGI	-13.8155105579643	IG-D
2	LV7008886741	yellow	GeoB25202_R1	58.997	state_05	MGI	-13.8155105579643	IG-D
2	LV7008886741	green	GeoB25202_R1	58.997	state_05	MGI	-13.8155105579643	IG-D
2	LV7008886744	grey	GeoB25202_R1	105.5785	state_05	MGI	-13.8155105579643	IG-D
2	LV7008886744	turquoise	GeoB25202_R1	105.5785	state_05	MGI	-13.8155105579643	IG-D
2	LV7008886744	yellow	GeoB25202_R1	105.5785	state_05	MGI	-13.8155105579643	IG-D
2	LV7008886744	green	GeoB25202_R1	105.5785	state_05	MGI	-13.8155105579643	IG-D
2	LV7008886744	brown	GeoB25202_R1	105.5785	state_05	MGI	0.597003320007043	IG-D
2	LV7008886745	grey	GeoB25202_R2	136.2775	state_05	MGI	-13.8155105579643	IG-D
2	LV7008886745	turquoise	GeoB25202_R2	136.2775	state_05	MGI	-13.8155105579643	IG-D
2	LV7008886745	yellow	GeoB25202_R2	136.2775	state_05	MGI	-13.8155105579643	IG-D
2	LV7008886745	green	GeoB25202_R2	136.2775	state_05	MGI	-13.8155105579643	IG-D
2	LV7008886753	turquoise	GeoB25202_R2	58.997	state_05	MGI	-13.8155105579643	IG-D
2	LV7008886753	yellow	GeoB25202_R2	58.997	state_05	MGI	-13.8155105579643	IG-D
2	LV7008886753	grey	GeoB25202_R2	58.997	state_05	MGI	-13.8155105579643	IG-D
2	LV7008886753	blue	GeoB25202_R2	58.997	state_05	MGI	-13.8155105579643	IG-D
2	LV7008886753	green	GeoB25202_R2	58.997	state_05	MGI	-13.8155105579643	IG-D
2	LV7008886753	brown	GeoB25202_R2	58.997	state_05	MGI	-13.8155105579643	IG-D
2	LV7008886757	grey	GeoB25202_R1	123.1195	state_05	MGI	-13.8155105579643	IG-D
2	LV7008886757	turquoise	GeoB25202_R1	123.1195	state_05	MGI	-13.8155105579643	IG-D
2	LV7008886757	yellow	GeoB25202_R1	123.1195	state_05	MGI	-13.8155105579643	IG-D
2	LV7008886769	grey	GeoB25202_R2	123.1195	state_05	MGI	-13.8155105579643	IG-D
2	LV7008886769	turquoise	GeoB25202_R2	123.1195	state_05	MGI	-13.8155105579643	IG-D
2	LV7008886769	yellow	GeoB25202_R2	123.1195	state_05	MGI	-13.8155105579643	IG-D
2	LV7008886769	brown	GeoB25202_R2	123.1195	state_05	MGI	1.15212289783626	IG-D
2	LV7008886769	blue	GeoB25202_R2	123.1195	state_05	MGI	-13.8155105579643	IG-D
2	LV7008886781	grey	GeoB25202_R1	120.0235	state_05	MGI	-13.8155105579643	IG-D
2	LV7008886781	turquoise	GeoB25202_R1	120.0235	state_05	MGI	-13.8155105579643	IG-D
2	LV7008886781	yellow	GeoB25202_R1	120.0235	state_05	MGI	-13.8155105579643	IG-D
2	LV3003047028	turquoise	ST8	4.753	state_05	MFI	0	IG-D
2	LV3003047028	grey	ST8	4.753	state_05	MFI	0	IG-D
2	LV3003047028	green	ST8	4.753	state_05	MFI	0	IG-D
2	LV3003047059	turquoise	ST8	107.683	state_05	MFI	0	IG-D
2	LV3003047059	grey	ST8	107.683	state_05	MFI	0	IG-D
2	LV3003047059	yellow	ST8	107.683	state_05	MFI	0	IG-D
2	LV3003047059	green	ST8	107.683	state_05	MFI	0	IG-D
2	LV3003047060	turquoise	ST8	106.686	state_05	MFI	0	IG-D
2	LV3003047060	grey	ST8	106.686	state_05	MFI	0	IG-D
2	LV3003047060	yellow	ST8	106.686	state_05	MFI	0	IG-D
2	LV3003047060	blue	ST8	106.686	state_05	MFI	0	IG-D
2	LV3003047060	green	ST8	106.686	state_05	MFI	0	IG-D
2	LV3003047061	turquoise	ST8	105.689	state_05	MFI	0	IG-D
2	LV3003047061	grey	ST8	105.689	state_05	MFI	0	IG-D
2	LV3003047061	yellow	ST8	105.689	state_05	MFI	0	IG-D
2	LV3003047062	grey	ST8	104.692	state_05	MFI	0	IG-D
2	LV3003047062	turquoise	ST8	104.692	state_05	MFI	0	IG-D
2	LV3003047062	yellow	ST8	104.692	state_05	MFI	0	IG-D
2	LV3003047062	brown	ST8	104.692	state_05	MFI	0	IG-D
2	LV3003047063	grey	ST8	103.695	state_05	MFI	0	IG-D
2	LV3003047063	turquoise	ST8	103.695	state_05	MFI	0	IG-D
2	LV3003047063	yellow	ST8	103.695	state_05	MFI	0	IG-D
2	LV3003047064	turquoise	ST8	96.283	state_05	MFI	0	IG-D
2	LV3003047064	grey	ST8	96.283	state_05	MFI	0	IG-D
2	LV3003047065	turquoise	ST8	53.61018	state_05	MFI	0	IG-D
2	LV3003047065	grey	ST8	53.61018	state_05	MFI	10.0667540209052	IG-D
2	LV3003047065	yellow	ST8	53.61018	state_05	MFI	0	IG-D
2	LV3003047065	brown	ST8	53.61018	state_05	MFI	0	IG-D
2	LV3003047065	blue	ST8	53.61018	state_05	MFI	0	IG-D
2	LV3003047073	grey	ST8	101.685	state_05	MFI	0	IG-D
2	LV3003047073	turquoise	ST8	101.685	state_05	MFI	0	IG-D
2	LV3003047074	grey	ST8	100.672	state_05	MFI	0	IG-D
2	LV3003047074	brown	ST8	100.672	state_05	MFI	-13.7193677983282	IG-D
2	LV3003047074	turquoise	ST8	100.672	state_05	MFI	0	IG-D
2	LV3003047077	turquoise	ST8	99.7145	state_05	MFI	0	IG-D
2	LV3003047077	grey	ST8	99.7145	state_05	MFI	0	IG-D
2	LV3003047077	yellow	ST8	99.7145	state_05	MFI	0	IG-D
2	LV3003047077	brown	ST8	99.7145	state_05	MFI	-14.3362871066427	IG-D
2	LV3003047077	blue	ST8	99.7145	state_05	MFI	0	IG-D
2	LV3003047078	grey	ST8	98.757	state_05	MFI	0	IG-D
2	LV3003047078	turquoise	ST8	98.757	state_05	MFI	0	IG-D
2	LV3003047078	yellow	ST8	98.757	state_05	MFI	0	IG-D
2	LV3003047087	turquoise	ST8	94.9015	state_05	MFI	0	IG-D
2	LV3003047087	grey	ST8	94.9015	state_05	MFI	0	IG-D
2	LV3003047087	yellow	ST8	94.9015	state_05	MFI	0	IG-D
2	LV3003047087	green	ST8	94.9015	state_05	MFI	0	IG-D
2	LV3003047088	grey	ST8	93.52	state_05	MFI	0	IG-D
2	LV3003047088	turquoise	ST8	93.52	state_05	MFI	0	IG-D
2	LV3003047088	yellow	ST8	93.52	state_05	MFI	0	IG-D
2	LV3003047088	green	ST8	93.52	state_05	MFI	0	IG-D
2	LV3003047089	turquoise	ST8	92.1385	state_05	MFI	0	IG-D
2	LV3003047089	grey	ST8	92.1385	state_05	MFI	0	IG-D
2	LV3003047089	green	ST8	92.1385	state_05	MFI	0	IG-D
2	LV3003047089	blue	ST8	92.1385	state_05	MFI	0	IG-D
2	LV3003047089	yellow	ST8	92.1385	state_05	MFI	0	IG-D
2	LV3003047090	grey	ST8	90.757	state_05	MFI	0	IG-D
2	LV3003047090	turquoise	ST8	90.757	state_05	MFI	0	IG-D
2	LV3003047090	yellow	ST8	90.757	state_05	MFI	0	IG-D
2	LV3003047090	green	ST8	90.757	state_05	MFI	0	IG-D
2	LV3003047101	turquoise	ST8	85.23	state_05	MFI	0	IG-D
2	LV3003047101	grey	ST8	85.23	state_05	MFI	0	IG-D
2	LV3003047101	yellow	ST8	85.23	state_05	MFI	0	IG-D
2	LV3003047101	green	ST8	85.23	state_05	MFI	0	IG-D
2	LV3003047101	blue	ST8	85.23	state_05	MFI	0	IG-D
2	LV3003047104	turquoise	ST8	83.84125	state_05	MFI	0	IG-D
2	LV3003047104	grey	ST8	83.84125	state_05	MFI	0	IG-D
2	LV3003047104	yellow	ST8	83.84125	state_05	MFI	0	IG-D
2	LV3003047104	green	ST8	83.84125	state_05	MFI	0	IG-D
2	LV3003047105	turquoise	ST8	82.4525	state_05	MFI	0	IG-D
2	LV3003047105	grey	ST8	82.4525	state_05	MFI	0	IG-D
2	LV3003047105	yellow	ST8	82.4525	state_05	MFI	0	IG-D
2	LV3003047105	green	ST8	82.4525	state_05	MFI	0	IG-D
2	LV3003047106	grey	ST8	81.06375	state_05	MFI	0	IG-D
2	LV3003047106	turquoise	ST8	81.06375	state_05	MFI	0	IG-D
2	LV3003047106	green	ST8	81.06375	state_05	MFI	0	IG-D
2	LV3003047106	yellow	ST8	81.06375	state_05	MFI	0	IG-D
2	LV3003047122	turquoise	ST8	76.951	state_05	MFI	0	IG-D
2	LV3003047122	grey	ST8	76.951	state_05	MFI	0	IG-D
2	LV3003047122	yellow	ST8	76.951	state_05	MFI	0	IG-D
2	LV3003047123	turquoise	ST8	75.589	state_05	MFI	0	IG-D
2	LV3003047123	grey	ST8	75.589	state_05	MFI	0	IG-D
2	LV3003047123	yellow	ST8	75.589	state_05	MFI	0	IG-D
2	LV3003047124	grey	ST8	74.227	state_05	MFI	0	IG-D
2	LV3003047124	turquoise	ST8	74.227	state_05	MFI	0	IG-D
2	LV3003047124	yellow	ST8	74.227	state_05	MFI	0	IG-D
2	LV3003047124	brown	ST8	74.227	state_05	MFI	-13.9183688456592	IG-D
2	LV3003047125	turquoise	ST8	72.872	state_05	MFI	0	IG-D
2	LV3003047125	grey	ST8	72.872	state_05	MFI	0	IG-D
2	LV3003047125	yellow	ST8	72.872	state_05	MFI	0	IG-D
2	LV3003047125	green	ST8	72.872	state_05	MFI	0	IG-D
2	LV3003047127	turquoise	ST8	47.6248	state_05	MFI	0	IG-D
2	LV3003047127	grey	ST8	47.6248	state_05	MFI	0	IG-D
2	LV3003047127	yellow	ST8	47.6248	state_05	MFI	0	IG-D
2	LV3003047127	brown	ST8	47.6248	state_05	MFI	0	IG-D
2	LV3003047140	turquoise	ST8	46.0948	state_05	MFI	0	IG-D
2	LV3003047140	grey	ST8	46.0948	state_05	MFI	0	IG-D
2	LV3003047140	yellow	ST8	46.0948	state_05	MFI	0	IG-D
2	LV3003047141	turquoise	ST8	39.15347	state_05	MFI	0	IG-D
2	LV3003047141	grey	ST8	39.15347	state_05	MFI	0	IG-D
2	LV3003047141	yellow	ST8	39.15347	state_05	MFI	0	IG-D
2	LV3003047160	turquoise	ST8	55.8911266666667	state_05	MFI	0	IG-D
2	LV3003047160	grey	ST8	55.8911266666667	state_05	MFI	0	IG-D
2	LV3003047160	yellow	ST8	55.8911266666667	state_05	MFI	0	IG-D
2	LV3003047161	turquoise	ST8	54.98346	state_05	MFI	0	IG-D
2	LV3003047161	grey	ST8	54.98346	state_05	MFI	0	IG-D
2	LV3003047161	yellow	ST8	54.98346	state_05	MFI	0	IG-D
2	LV3003047162	grey	ST8	102.698	state_05	MFI	0	IG-D
2	LV3003047162	turquoise	ST8	102.698	state_05	MFI	0	IG-D
2	LV3003047162	yellow	ST8	102.698	state_05	MFI	0	IG-D
2	LV3003047162	brown	ST8	102.698	state_05	MFI	0	IG-D
2	LV3003061473	grey	ST13	117.088	state_05	MFI	0	IG-D
2	LV3003061473	turquoise	ST13	117.088	state_05	MFI	0	IG-D
2	LV3003061473	yellow	ST13	117.088	state_05	MFI	0	IG-D
2	LV3003061473	green	ST13	117.088	state_05	MFI	0	IG-D
2	LV3003061486	turquoise	ST13	52.105	state_05	MFI	0	IG-D
2	LV3003061486	grey	ST13	52.105	state_05	MFI	0	IG-D
2	LV3003061486	yellow	ST13	52.105	state_05	MFI	0	IG-D
2	LV3003061486	green	ST13	52.105	state_05	MFI	0	IG-D
2	LV3003061489	turquoise	ST13	112.6068	state_05	MFI	0	IG-D
2	LV3003061489	grey	ST13	112.6068	state_05	MFI	0	IG-D
2	LV3003061489	green	ST13	112.6068	state_05	MFI	0	IG-D
2	LV3003061489	yellow	ST13	112.6068	state_05	MFI	0	IG-D
2	LV3003061489	blue	ST13	112.6068	state_05	MFI	0	IG-D
2	LV3003061500	grey	ST13	148.086	state_05	MFI	0	IG-D
2	LV3003061500	turquoise	ST13	148.086	state_05	MFI	0	IG-D
2	LV3003061500	yellow	ST13	148.086	state_05	MFI	0	IG-D
2	LV3003061500	brown	ST13	148.086	state_05	MFI	-12.7881831427033	IG-D
2	LV3003061500	blue	ST13	148.086	state_05	MFI	0	IG-D
2	LV3003061500	green	ST13	148.086	state_05	MFI	0	IG-D
2	LV3003061513	yellow	ST13	138.493	state_05	MFI	0	IG-D
2	LV3003061513	turquoise	ST13	138.493	state_05	MFI	0	IG-D
2	LV3003061513	green	ST13	138.493	state_05	MFI	0	IG-D
2	LV3003061513	grey	ST13	138.493	state_05	MFI	0	IG-D
2	LV3003061513	blue	ST13	138.493	state_05	MFI	0	IG-D
2	LV3003061513	brown	ST13	138.493	state_05	MFI	0	IG-D
2	LV3003061527	turquoise	ST13	133.7754	state_05	MFI	0	IG-D
2	LV3003061527	grey	ST13	133.7754	state_05	MFI	0	IG-D
2	LV3003061527	yellow	ST13	133.7754	state_05	MFI	0	IG-D
2	LV3003061539	yellow	ST13	130.0556	state_05	MFI	0	IG-D
2	LV3003061539	turquoise	ST13	130.0556	state_05	MFI	0	IG-D
2	LV3003061539	grey	ST13	130.0556	state_05	MFI	0	IG-D
2	LV3003061539	brown	ST13	130.0556	state_05	MFI	0	IG-D
2	LV3003061539	green	ST13	130.0556	state_05	MFI	0	IG-D
2	LV3003061539	blue	ST13	130.0556	state_05	MFI	0	IG-D
2	LV3003061555	turquoise	ST13	126.443	state_05	MFI	0	IG-D
2	LV3003061555	grey	ST13	126.443	state_05	MFI	0	IG-D
2	LV3003061555	yellow	ST13	126.443	state_05	MFI	0	IG-D
2	LV3003061568	grey	ST13	121.6354	state_05	MFI	0	IG-D
2	LV3003061568	turquoise	ST13	121.6354	state_05	MFI	0	IG-D
2	LV3003061568	yellow	ST13	121.6354	state_05	MFI	0	IG-D
2	LV3003061568	blue	ST13	121.6354	state_05	MFI	0	IG-D
2	LV7008886228	grey	GeoB25202_R2	120.0235	state_05	MFI	0	IG-D
2	LV7008886228	turquoise	GeoB25202_R2	120.0235	state_05	MFI	0	IG-D
2	LV7008886228	yellow	GeoB25202_R2	120.0235	state_05	MFI	0	IG-D
2	LV7008886228	brown	GeoB25202_R2	120.0235	state_05	MFI	-14.3362871066427	IG-D
2	LV7008886705	turquoise	GeoB25202_R1	59.738	state_05	MFI	0	IG-D
2	LV7008886705	grey	GeoB25202_R1	59.738	state_05	MFI	0	IG-D
2	LV7008886705	yellow	GeoB25202_R1	59.738	state_05	MFI	0	IG-D
2	LV7008886705	brown	GeoB25202_R1	59.738	state_05	MFI	0	IG-D
2	LV7008886705	green	GeoB25202_R1	59.738	state_05	MFI	0	IG-D
2	LV7008886717	turquoise	GeoB25202_R2	59.738	state_05	MFI	0	IG-D
2	LV7008886717	grey	GeoB25202_R2	59.738	state_05	MFI	0	IG-D
2	LV7008886717	green	GeoB25202_R2	59.738	state_05	MFI	0	IG-D
2	LV7008886717	yellow	GeoB25202_R2	59.738	state_05	MFI	0	IG-D
2	LV7008886717	blue	GeoB25202_R2	59.738	state_05	MFI	0	IG-D
2	LV7008886717	brown	GeoB25202_R2	59.738	state_05	MFI	0	IG-D
2	LV7008886719	grey	GeoB25202_R1	87.2825	state_05	MFI	0	IG-D
2	LV7008886719	turquoise	GeoB25202_R1	87.2825	state_05	MFI	0	IG-D
2	LV7008886719	green	GeoB25202_R1	87.2825	state_05	MFI	0	IG-D
2	LV7008886719	blue	GeoB25202_R1	87.2825	state_05	MFI	0	IG-D
2	LV7008886719	yellow	GeoB25202_R1	87.2825	state_05	MFI	0	IG-D
2	LV7008886719	brown	GeoB25202_R1	87.2825	state_05	MFI	0	IG-D
2	LV7008886731	grey	GeoB25202_R2	87.2825	state_05	MFI	0	IG-D
2	LV7008886731	turquoise	GeoB25202_R2	87.2825	state_05	MFI	0	IG-D
2	LV7008886731	yellow	GeoB25202_R2	87.2825	state_05	MFI	0	IG-D
2	LV7008886731	brown	GeoB25202_R2	87.2825	state_05	MFI	0	IG-D
2	LV7008886731	green	GeoB25202_R2	87.2825	state_05	MFI	0	IG-D
2	LV7008886741	turquoise	GeoB25202_R1	58.997	state_05	MFI	0	IG-D
2	LV7008886741	grey	GeoB25202_R1	58.997	state_05	MFI	0	IG-D
2	LV7008886741	yellow	GeoB25202_R1	58.997	state_05	MFI	0	IG-D
2	LV7008886741	green	GeoB25202_R1	58.997	state_05	MFI	0	IG-D
2	LV7008886744	grey	GeoB25202_R1	105.5785	state_05	MFI	0	IG-D
2	LV7008886744	turquoise	GeoB25202_R1	105.5785	state_05	MFI	0	IG-D
2	LV7008886744	yellow	GeoB25202_R1	105.5785	state_05	MFI	0	IG-D
2	LV7008886744	green	GeoB25202_R1	105.5785	state_05	MFI	0	IG-D
2	LV7008886744	brown	GeoB25202_R1	105.5785	state_05	MFI	-13.7193677983282	IG-D
2	LV7008886745	grey	GeoB25202_R2	136.2775	state_05	MFI	0	IG-D
2	LV7008886745	turquoise	GeoB25202_R2	136.2775	state_05	MFI	0	IG-D
2	LV7008886745	yellow	GeoB25202_R2	136.2775	state_05	MFI	0	IG-D
2	LV7008886745	green	GeoB25202_R2	136.2775	state_05	MFI	0	IG-D
2	LV7008886753	turquoise	GeoB25202_R2	58.997	state_05	MFI	0	IG-D
2	LV7008886753	yellow	GeoB25202_R2	58.997	state_05	MFI	0	IG-D
2	LV7008886753	grey	GeoB25202_R2	58.997	state_05	MFI	0	IG-D
2	LV7008886753	blue	GeoB25202_R2	58.997	state_05	MFI	0	IG-D
2	LV7008886753	green	GeoB25202_R2	58.997	state_05	MFI	0	IG-D
2	LV7008886753	brown	GeoB25202_R2	58.997	state_05	MFI	0	IG-D
2	LV7008886757	grey	GeoB25202_R1	123.1195	state_05	MFI	0	IG-D
2	LV7008886757	turquoise	GeoB25202_R1	123.1195	state_05	MFI	0	IG-D
2	LV7008886757	yellow	GeoB25202_R1	123.1195	state_05	MFI	0	IG-D
2	LV7008886769	grey	GeoB25202_R2	123.1195	state_05	MFI	0	IG-D
2	LV7008886769	turquoise	GeoB25202_R2	123.1195	state_05	MFI	0	IG-D
2	LV7008886769	yellow	GeoB25202_R2	123.1195	state_05	MFI	0	IG-D
2	LV7008886769	brown	GeoB25202_R2	123.1195	state_05	MFI	-14.274486907171	IG-D
2	LV7008886769	blue	GeoB25202_R2	123.1195	state_05	MFI	0	IG-D
2	LV7008886781	grey	GeoB25202_R1	120.0235	state_05	MFI	0	IG-D
2	LV7008886781	turquoise	GeoB25202_R1	120.0235	state_05	MFI	0	IG-D
2	LV7008886781	yellow	GeoB25202_R1	120.0235	state_05	MFI	0	IG-D
2	LV3003047028	turquoise	ST8	4.753	state_05	DCI	0	IG-D
2	LV3003047028	grey	ST8	4.753	state_05	DCI	-12.6087483515508	IG-D
2	LV3003047028	green	ST8	4.753	state_05	DCI	0	IG-D
2	LV3003047059	turquoise	ST8	107.683	state_05	DCI	-10.5626361224475	IG-D
2	LV3003047059	grey	ST8	107.683	state_05	DCI	-2.70566640974693	IG-D
2	LV3003047059	yellow	ST8	107.683	state_05	DCI	0	IG-D
2	LV3003047059	green	ST8	107.683	state_05	DCI	0	IG-D
2	LV3003047060	turquoise	ST8	106.686	state_05	DCI	-0.935102326808278	IG-D
2	LV3003047060	grey	ST8	106.686	state_05	DCI	-11.3892736029343	IG-D
2	LV3003047060	yellow	ST8	106.686	state_05	DCI	0	IG-D
2	LV3003047060	blue	ST8	106.686	state_05	DCI	0	IG-D
2	LV3003047060	green	ST8	106.686	state_05	DCI	0	IG-D
2	LV3003047061	turquoise	ST8	105.689	state_05	DCI	-1.4366976172075	IG-D
2	LV3003047061	grey	ST8	105.689	state_05	DCI	8.93483493853921	IG-D
2	LV3003047061	yellow	ST8	105.689	state_05	DCI	0	IG-D
2	LV3003047062	grey	ST8	104.692	state_05	DCI	-11.7346317651061	IG-D
2	LV3003047062	turquoise	ST8	104.692	state_05	DCI	-10.9058706492732	IG-D
2	LV3003047062	yellow	ST8	104.692	state_05	DCI	0	IG-D
2	LV3003047062	brown	ST8	104.692	state_05	DCI	-14.4817502856043	IG-D
2	LV3003047063	grey	ST8	103.695	state_05	DCI	0	IG-D
2	LV3003047063	turquoise	ST8	103.695	state_05	DCI	-9.99547646441312	IG-D
2	LV3003047063	yellow	ST8	103.695	state_05	DCI	0	IG-D
2	LV3003047064	turquoise	ST8	96.283	state_05	DCI	0	IG-D
2	LV3003047064	grey	ST8	96.283	state_05	DCI	-12.5642615178969	IG-D
2	LV3003047065	turquoise	ST8	53.61018	state_05	DCI	-5.14846299989158	IG-D
2	LV3003047065	grey	ST8	53.61018	state_05	DCI	-0.611125509117455	IG-D
2	LV3003047065	yellow	ST8	53.61018	state_05	DCI	-12.2479005704453	IG-D
2	LV3003047065	brown	ST8	53.61018	state_05	DCI	-13.7104925667147	IG-D
2	LV3003047065	blue	ST8	53.61018	state_05	DCI	0	IG-D
2	LV3003047073	grey	ST8	101.685	state_05	DCI	0	IG-D
2	LV3003047073	turquoise	ST8	101.685	state_05	DCI	0	IG-D
2	LV3003047074	grey	ST8	100.672	state_05	DCI	0	IG-D
2	LV3003047074	brown	ST8	100.672	state_05	DCI	0	IG-D
2	LV3003047074	turquoise	ST8	100.672	state_05	DCI	0	IG-D
2	LV3003047077	turquoise	ST8	99.7145	state_05	DCI	-10.5147747065891	IG-D
2	LV3003047077	grey	ST8	99.7145	state_05	DCI	-2.16495591982246	IG-D
2	LV3003047077	yellow	ST8	99.7145	state_05	DCI	0	IG-D
2	LV3003047077	brown	ST8	99.7145	state_05	DCI	0	IG-D
2	LV3003047077	blue	ST8	99.7145	state_05	DCI	0	IG-D
2	LV3003047078	grey	ST8	98.757	state_05	DCI	-1.1482427267174	IG-D
2	LV3003047078	turquoise	ST8	98.757	state_05	DCI	0	IG-D
2	LV3003047078	yellow	ST8	98.757	state_05	DCI	0	IG-D
2	LV3003047087	turquoise	ST8	94.9015	state_05	DCI	-1.30543564539587	IG-D
2	LV3003047087	grey	ST8	94.9015	state_05	DCI	-0.703703006609276	IG-D
2	LV3003047087	yellow	ST8	94.9015	state_05	DCI	0	IG-D
2	LV3003047087	green	ST8	94.9015	state_05	DCI	0	IG-D
2	LV3003047088	grey	ST8	93.52	state_05	DCI	-2.2153435399187	IG-D
2	LV3003047088	turquoise	ST8	93.52	state_05	DCI	0.850001227242199	IG-D
2	LV3003047088	yellow	ST8	93.52	state_05	DCI	0	IG-D
2	LV3003047088	green	ST8	93.52	state_05	DCI	0	IG-D
2	LV3003047089	turquoise	ST8	92.1385	state_05	DCI	9.69298123692391	IG-D
2	LV3003047089	grey	ST8	92.1385	state_05	DCI	-2.03128873231649	IG-D
2	LV3003047089	green	ST8	92.1385	state_05	DCI	0	IG-D
2	LV3003047089	blue	ST8	92.1385	state_05	DCI	0	IG-D
2	LV3003047089	yellow	ST8	92.1385	state_05	DCI	0	IG-D
2	LV3003047090	grey	ST8	90.757	state_05	DCI	-1.73757955285426	IG-D
2	LV3003047090	turquoise	ST8	90.757	state_05	DCI	-2.43190408608522	IG-D
2	LV3003047090	yellow	ST8	90.757	state_05	DCI	0	IG-D
2	LV3003047090	green	ST8	90.757	state_05	DCI	0	IG-D
2	LV3003047101	turquoise	ST8	85.23	state_05	DCI	-2.04647919306117	IG-D
2	LV3003047101	grey	ST8	85.23	state_05	DCI	-2.73096704754896	IG-D
2	LV3003047101	yellow	ST8	85.23	state_05	DCI	-10.0083479097523	IG-D
2	LV3003047101	green	ST8	85.23	state_05	DCI	0	IG-D
2	LV3003047101	blue	ST8	85.23	state_05	DCI	0	IG-D
2	LV3003047104	turquoise	ST8	83.84125	state_05	DCI	-11.1627383988408	IG-D
2	LV3003047104	grey	ST8	83.84125	state_05	DCI	-1.01660542617701	IG-D
2	LV3003047104	yellow	ST8	83.84125	state_05	DCI	0	IG-D
2	LV3003047104	green	ST8	83.84125	state_05	DCI	0	IG-D
2	LV3003047105	turquoise	ST8	82.4525	state_05	DCI	-11.6962482242264	IG-D
2	LV3003047105	grey	ST8	82.4525	state_05	DCI	-11.1118758880891	IG-D
2	LV3003047105	yellow	ST8	82.4525	state_05	DCI	0	IG-D
2	LV3003047105	green	ST8	82.4525	state_05	DCI	0	IG-D
2	LV3003047106	grey	ST8	81.06375	state_05	DCI	-1.63836745721657	IG-D
2	LV3003047106	turquoise	ST8	81.06375	state_05	DCI	-2.08777988659699	IG-D
2	LV3003047106	green	ST8	81.06375	state_05	DCI	0	IG-D
2	LV3003047106	yellow	ST8	81.06375	state_05	DCI	0	IG-D
2	LV3003047122	turquoise	ST8	76.951	state_05	DCI	-12.4133692243228	IG-D
2	LV3003047122	grey	ST8	76.951	state_05	DCI	-1.06682879140445	IG-D
2	LV3003047122	yellow	ST8	76.951	state_05	DCI	0	IG-D
2	LV3003047123	turquoise	ST8	75.589	state_05	DCI	-11.8361662096902	IG-D
2	LV3003047123	grey	ST8	75.589	state_05	DCI	0	IG-D
2	LV3003047123	yellow	ST8	75.589	state_05	DCI	0	IG-D
2	LV3003047124	grey	ST8	74.227	state_05	DCI	-0.237038339633026	IG-D
2	LV3003047124	turquoise	ST8	74.227	state_05	DCI	-1.92288412182201	IG-D
2	LV3003047124	yellow	ST8	74.227	state_05	DCI	0	IG-D
2	LV3003047124	brown	ST8	74.227	state_05	DCI	0	IG-D
2	LV3003047125	turquoise	ST8	72.872	state_05	DCI	-1.79510060163789	IG-D
2	LV3003047125	grey	ST8	72.872	state_05	DCI	-2.22572531255367	IG-D
2	LV3003047125	yellow	ST8	72.872	state_05	DCI	-10.4873100846687	IG-D
2	LV3003047125	green	ST8	72.872	state_05	DCI	0	IG-D
2	LV3003047127	turquoise	ST8	47.6248	state_05	DCI	-1.83113051824561	IG-D
2	LV3003047127	grey	ST8	47.6248	state_05	DCI	-1.91930015959366	IG-D
2	LV3003047127	yellow	ST8	47.6248	state_05	DCI	0	IG-D
2	LV3003047127	brown	ST8	47.6248	state_05	DCI	-14.9141228466324	IG-D
2	LV3003047140	turquoise	ST8	46.0948	state_05	DCI	-11.5375785179035	IG-D
2	LV3003047140	grey	ST8	46.0948	state_05	DCI	0	IG-D
2	LV3003047140	yellow	ST8	46.0948	state_05	DCI	0	IG-D
2	LV3003047141	turquoise	ST8	39.15347	state_05	DCI	-12.6649742887106	IG-D
2	LV3003047141	grey	ST8	39.15347	state_05	DCI	0	IG-D
2	LV3003047141	yellow	ST8	39.15347	state_05	DCI	0	IG-D
2	LV3003047160	turquoise	ST8	55.8911266666667	state_05	DCI	0	IG-D
2	LV3003047160	grey	ST8	55.8911266666667	state_05	DCI	1.18842414190883	IG-D
2	LV3003047160	yellow	ST8	55.8911266666667	state_05	DCI	0	IG-D
2	LV3003047161	turquoise	ST8	54.98346	state_05	DCI	0	IG-D
2	LV3003047161	grey	ST8	54.98346	state_05	DCI	0.405458422279196	IG-D
2	LV3003047161	yellow	ST8	54.98346	state_05	DCI	0	IG-D
2	LV3003047162	grey	ST8	102.698	state_05	DCI	-11.418357069934	IG-D
2	LV3003047162	turquoise	ST8	102.698	state_05	DCI	0	IG-D
2	LV3003047162	yellow	ST8	102.698	state_05	DCI	0	IG-D
2	LV3003047162	brown	ST8	102.698	state_05	DCI	0	IG-D
2	LV3003061473	grey	ST13	117.088	state_05	DCI	-1.25779231690037	IG-D
2	LV3003061473	turquoise	ST13	117.088	state_05	DCI	-0.590652570314173	IG-D
2	LV3003061473	yellow	ST13	117.088	state_05	DCI	0	IG-D
2	LV3003061473	green	ST13	117.088	state_05	DCI	0	IG-D
2	LV3003061486	turquoise	ST13	52.105	state_05	DCI	-1.51339486341412	IG-D
2	LV3003061486	grey	ST13	52.105	state_05	DCI	-2.13166282703368	IG-D
2	LV3003061486	yellow	ST13	52.105	state_05	DCI	10.9669005811917	IG-D
2	LV3003061486	green	ST13	52.105	state_05	DCI	0	IG-D
2	LV3003061489	turquoise	ST13	112.6068	state_05	DCI	-0.478936502482417	IG-D
2	LV3003061489	grey	ST13	112.6068	state_05	DCI	-3.04788378542613	IG-D
2	LV3003061489	green	ST13	112.6068	state_05	DCI	0	IG-D
2	LV3003061489	yellow	ST13	112.6068	state_05	DCI	0	IG-D
2	LV3003061489	blue	ST13	112.6068	state_05	DCI	0	IG-D
2	LV3003061500	grey	ST13	148.086	state_05	DCI	-1.86595657159573	IG-D
2	LV3003061500	turquoise	ST13	148.086	state_05	DCI	-2.16858178259974	IG-D
2	LV3003061500	yellow	ST13	148.086	state_05	DCI	1.66870789832954	IG-D
2	LV3003061500	brown	ST13	148.086	state_05	DCI	-1.51186217124068	IG-D
2	LV3003061500	blue	ST13	148.086	state_05	DCI	0	IG-D
2	LV3003061500	green	ST13	148.086	state_05	DCI	0	IG-D
2	LV3003061513	yellow	ST13	138.493	state_05	DCI	-0.237721633134159	IG-D
2	LV3003061513	turquoise	ST13	138.493	state_05	DCI	-2.0546790454457	IG-D
2	LV3003061513	green	ST13	138.493	state_05	DCI	0	IG-D
2	LV3003061513	grey	ST13	138.493	state_05	DCI	0.196435093181472	IG-D
2	LV3003061513	blue	ST13	138.493	state_05	DCI	0.405461798589831	IG-D
2	LV3003061513	brown	ST13	138.493	state_05	DCI	-14.2513052055072	IG-D
2	LV3003061527	turquoise	ST13	133.7754	state_05	DCI	0	IG-D
2	LV3003061527	grey	ST13	133.7754	state_05	DCI	0	IG-D
2	LV3003061527	yellow	ST13	133.7754	state_05	DCI	0	IG-D
2	LV3003061539	yellow	ST13	130.0556	state_05	DCI	-0.616186139423817	IG-D
2	LV3003061539	turquoise	ST13	130.0556	state_05	DCI	-1.71529705687314	IG-D
2	LV3003061539	grey	ST13	130.0556	state_05	DCI	-1.54001691293033	IG-D
2	LV3003061539	brown	ST13	130.0556	state_05	DCI	-14.9141228466324	IG-D
2	LV3003061539	green	ST13	130.0556	state_05	DCI	0	IG-D
2	LV3003061539	blue	ST13	130.0556	state_05	DCI	0	IG-D
2	LV3003061555	turquoise	ST13	126.443	state_05	DCI	-10.0325738858667	IG-D
2	LV3003061555	grey	ST13	126.443	state_05	DCI	-11.7013041364846	IG-D
2	LV3003061555	yellow	ST13	126.443	state_05	DCI	0	IG-D
2	LV3003061568	grey	ST13	121.6354	state_05	DCI	0	IG-D
2	LV3003061568	turquoise	ST13	121.6354	state_05	DCI	-9.57944118656461	IG-D
2	LV3003061568	yellow	ST13	121.6354	state_05	DCI	0	IG-D
2	LV3003061568	blue	ST13	121.6354	state_05	DCI	0	IG-D
2	LV7008886228	grey	GeoB25202_R2	120.0235	state_05	DCI	-1.95647193710642	IG-D
2	LV7008886228	turquoise	GeoB25202_R2	120.0235	state_05	DCI	-10.5362884084116	IG-D
2	LV7008886228	yellow	GeoB25202_R2	120.0235	state_05	DCI	0	IG-D
2	LV7008886228	brown	GeoB25202_R2	120.0235	state_05	DCI	0	IG-D
2	LV7008886705	turquoise	GeoB25202_R1	59.738	state_05	DCI	-2.03121371936658	IG-D
2	LV7008886705	grey	GeoB25202_R1	59.738	state_05	DCI	-1.57275025570151	IG-D
2	LV7008886705	yellow	GeoB25202_R1	59.738	state_05	DCI	0	IG-D
2	LV7008886705	brown	GeoB25202_R1	59.738	state_05	DCI	0	IG-D
2	LV7008886705	green	GeoB25202_R1	59.738	state_05	DCI	0	IG-D
2	LV7008886717	turquoise	GeoB25202_R2	59.738	state_05	DCI	-2.2609743352742	IG-D
2	LV7008886717	grey	GeoB25202_R2	59.738	state_05	DCI	-1.56609299192373	IG-D
2	LV7008886717	green	GeoB25202_R2	59.738	state_05	DCI	0	IG-D
2	LV7008886717	yellow	GeoB25202_R2	59.738	state_05	DCI	0	IG-D
2	LV7008886717	blue	GeoB25202_R2	59.738	state_05	DCI	0	IG-D
2	LV7008886717	brown	GeoB25202_R2	59.738	state_05	DCI	0	IG-D
2	LV7008886719	grey	GeoB25202_R1	87.2825	state_05	DCI	-1.44731965483763	IG-D
2	LV7008886719	turquoise	GeoB25202_R1	87.2825	state_05	DCI	-2.09908595878803	IG-D
2	LV7008886719	green	GeoB25202_R1	87.2825	state_05	DCI	0	IG-D
2	LV7008886719	blue	GeoB25202_R1	87.2825	state_05	DCI	0	IG-D
2	LV7008886719	yellow	GeoB25202_R1	87.2825	state_05	DCI	11.9614618273139	IG-D
2	LV7008886719	brown	GeoB25202_R1	87.2825	state_05	DCI	0	IG-D
2	LV7008886731	grey	GeoB25202_R2	87.2825	state_05	DCI	-1.23303860318333	IG-D
2	LV7008886731	turquoise	GeoB25202_R2	87.2825	state_05	DCI	-2.00339961825547	IG-D
2	LV7008886731	yellow	GeoB25202_R2	87.2825	state_05	DCI	-0.454736157114947	IG-D
2	LV7008886731	brown	GeoB25202_R2	87.2825	state_05	DCI	0	IG-D
2	LV7008886731	green	GeoB25202_R2	87.2825	state_05	DCI	0	IG-D
2	LV7008886741	turquoise	GeoB25202_R1	58.997	state_05	DCI	-12.2823912804645	IG-D
2	LV7008886741	grey	GeoB25202_R1	58.997	state_05	DCI	-0.189464444306335	IG-D
2	LV7008886741	yellow	GeoB25202_R1	58.997	state_05	DCI	0	IG-D
2	LV7008886741	green	GeoB25202_R1	58.997	state_05	DCI	0	IG-D
2	LV7008886744	grey	GeoB25202_R1	105.5785	state_05	DCI	-1.71268070227651	IG-D
2	LV7008886744	turquoise	GeoB25202_R1	105.5785	state_05	DCI	-1.40670664755598	IG-D
2	LV7008886744	yellow	GeoB25202_R1	105.5785	state_05	DCI	-12.686338966721	IG-D
2	LV7008886744	green	GeoB25202_R1	105.5785	state_05	DCI	0	IG-D
2	LV7008886744	brown	GeoB25202_R1	105.5785	state_05	DCI	0	IG-D
2	LV7008886745	grey	GeoB25202_R2	136.2775	state_05	DCI	-3.16935812338039	IG-D
2	LV7008886745	turquoise	GeoB25202_R2	136.2775	state_05	DCI	-2.51686144051198	IG-D
2	LV7008886745	yellow	GeoB25202_R2	136.2775	state_05	DCI	-11.6807260968872	IG-D
2	LV7008886745	green	GeoB25202_R2	136.2775	state_05	DCI	0	IG-D
2	LV7008886753	turquoise	GeoB25202_R2	58.997	state_05	DCI	-1.94487591584698	IG-D
2	LV7008886753	yellow	GeoB25202_R2	58.997	state_05	DCI	-11.8445940915452	IG-D
2	LV7008886753	grey	GeoB25202_R2	58.997	state_05	DCI	-0.580882743554581	IG-D
2	LV7008886753	blue	GeoB25202_R2	58.997	state_05	DCI	0	IG-D
2	LV7008886753	green	GeoB25202_R2	58.997	state_05	DCI	0	IG-D
2	LV7008886753	brown	GeoB25202_R2	58.997	state_05	DCI	0	IG-D
2	LV7008886757	grey	GeoB25202_R1	123.1195	state_05	DCI	-1.63253511945314	IG-D
2	LV7008886757	turquoise	GeoB25202_R1	123.1195	state_05	DCI	-10.2294241290672	IG-D
2	LV7008886757	yellow	GeoB25202_R1	123.1195	state_05	DCI	0	IG-D
2	LV7008886769	grey	GeoB25202_R2	123.1195	state_05	DCI	0.309119764328059	IG-D
2	LV7008886769	turquoise	GeoB25202_R2	123.1195	state_05	DCI	-10.4980286082297	IG-D
2	LV7008886769	yellow	GeoB25202_R2	123.1195	state_05	DCI	-10.0686096933014	IG-D
2	LV7008886769	brown	GeoB25202_R2	123.1195	state_05	DCI	0	IG-D
2	LV7008886769	blue	GeoB25202_R2	123.1195	state_05	DCI	0	IG-D
2	LV7008886781	grey	GeoB25202_R1	120.0235	state_05	DCI	0.405359719295563	IG-D
2	LV7008886781	turquoise	GeoB25202_R1	120.0235	state_05	DCI	-10.3829817040288	IG-D
2	LV7008886781	yellow	GeoB25202_R1	120.0235	state_05	DCI	0	IG-D
2	LV3003047028	turquoise	ST8	4.753	state_05	MII	-14.2947166561255	IG-D
2	LV3003047028	grey	ST8	4.753	state_05	MII	-2.69676885663817	IG-D
2	LV3003047028	green	ST8	4.753	state_05	MII	-14.401181459647	IG-D
2	LV3003047059	turquoise	ST8	107.683	state_05	MII	-3.63309960096451	IG-D
2	LV3003047059	grey	ST8	107.683	state_05	MII	-2.0636226924514	IG-D
2	LV3003047059	yellow	ST8	107.683	state_05	MII	-3.29828484764297	IG-D
2	LV3003047059	green	ST8	107.683	state_05	MII	-14.2209756660724	IG-D
2	LV3003047060	turquoise	ST8	106.686	state_05	MII	-4.5737226674464	IG-D
2	LV3003047060	grey	ST8	106.686	state_05	MII	-2.31760123414206	IG-D
2	LV3003047060	yellow	ST8	106.686	state_05	MII	-3.65427103876282	IG-D
2	LV3003047060	blue	ST8	106.686	state_05	MII	-14.9141228466324	IG-D
2	LV3003047060	green	ST8	106.686	state_05	MII	-14.2039394789199	IG-D
2	LV3003047061	turquoise	ST8	105.689	state_05	MII	-5.16938145909405	IG-D
2	LV3003047061	grey	ST8	105.689	state_05	MII	-2.11090024949763	IG-D
2	LV3003047061	yellow	ST8	105.689	state_05	MII	-2.9104585164629	IG-D
2	LV3003047062	grey	ST8	104.692	state_05	MII	-1.71080697903681	IG-D
2	LV3003047062	turquoise	ST8	104.692	state_05	MII	-2.71463885604352	IG-D
2	LV3003047062	yellow	ST8	104.692	state_05	MII	-14.6631880330471	IG-D
2	LV3003047062	brown	ST8	104.692	state_05	MII	-13.7886031050444	IG-D
2	LV3003047063	grey	ST8	103.695	state_05	MII	-1.83470279785397	IG-D
2	LV3003047063	turquoise	ST8	103.695	state_05	MII	-3.48519266365152	IG-D
2	LV3003047063	yellow	ST8	103.695	state_05	MII	-14.9827916477932	IG-D
2	LV3003047064	turquoise	ST8	96.283	state_05	MII	-13.8113330061968	IG-D
2	LV3003047064	grey	ST8	96.283	state_05	MII	-3.0292496050851	IG-D
2	LV3003047065	turquoise	ST8	53.61018	state_05	MII	-3.42404427903718	IG-D
2	LV3003047065	grey	ST8	53.61018	state_05	MII	-1.52213654414218	IG-D
2	LV3003047065	yellow	ST8	53.61018	state_05	MII	-3.37135576789762	IG-D
2	LV3003047065	brown	ST8	53.61018	state_05	MII	-1.10100177606549	IG-D
2	LV3003047065	blue	ST8	53.61018	state_05	MII	-14.197371108303	IG-D
2	LV3003047073	grey	ST8	101.685	state_05	MII	-1.62563259835408	IG-D
2	LV3003047073	turquoise	ST8	101.685	state_05	MII	0	IG-D
2	LV3003047074	grey	ST8	100.672	state_05	MII	-0.928917380646446	IG-D
2	LV3003047074	brown	ST8	100.672	state_05	MII	0	IG-D
2	LV3003047074	turquoise	ST8	100.672	state_05	MII	-13.9140194610078	IG-D
2	LV3003047077	turquoise	ST8	99.7145	state_05	MII	-3.06499159553805	IG-D
2	LV3003047077	grey	ST8	99.7145	state_05	MII	-1.46308184200261	IG-D
2	LV3003047077	yellow	ST8	99.7145	state_05	MII	-2.6564207609587	IG-D
2	LV3003047077	brown	ST8	99.7145	state_05	MII	0	IG-D
2	LV3003047077	blue	ST8	99.7145	state_05	MII	-1.09861228866811	IG-D
2	LV3003047078	grey	ST8	98.757	state_05	MII	-1.21804979495324	IG-D
2	LV3003047078	turquoise	ST8	98.757	state_05	MII	-3.52181011613127	IG-D
2	LV3003047078	yellow	ST8	98.757	state_05	MII	-14.2129434943752	IG-D
2	LV3003047087	turquoise	ST8	94.9015	state_05	MII	-3.22108986691261	IG-D
2	LV3003047087	grey	ST8	94.9015	state_05	MII	-1.79783269547614	IG-D
2	LV3003047087	yellow	ST8	94.9015	state_05	MII	-2.20390717977059	IG-D
2	LV3003047087	green	ST8	94.9015	state_05	MII	-14.3910271302746	IG-D
2	LV3003047088	grey	ST8	93.52	state_05	MII	-1.87183181926646	IG-D
2	LV3003047088	turquoise	ST8	93.52	state_05	MII	-4.74623063526298	IG-D
2	LV3003047088	yellow	ST8	93.52	state_05	MII	-13.6210222624104	IG-D
2	LV3003047088	green	ST8	93.52	state_05	MII	-14.4200984335137	IG-D
2	LV3003047089	turquoise	ST8	92.1385	state_05	MII	-2.5872964052743	IG-D
2	LV3003047089	grey	ST8	92.1385	state_05	MII	-1.73860410671042	IG-D
2	LV3003047089	green	ST8	92.1385	state_05	MII	-14.5930885592188	IG-D
2	LV3003047089	blue	ST8	92.1385	state_05	MII	-15.1490686230032	IG-D
2	LV3003047089	yellow	ST8	92.1385	state_05	MII	-14.5061356690915	IG-D
2	LV3003047090	grey	ST8	90.757	state_05	MII	-2.16953400136738	IG-D
2	LV3003047090	turquoise	ST8	90.757	state_05	MII	-2.14424645160558	IG-D
2	LV3003047090	yellow	ST8	90.757	state_05	MII	-14.777968198125	IG-D
2	LV3003047090	green	ST8	90.757	state_05	MII	-13.7128564039042	IG-D
2	LV3003047101	turquoise	ST8	85.23	state_05	MII	-2.77300131925929	IG-D
2	LV3003047101	grey	ST8	85.23	state_05	MII	-2.39200722207449	IG-D
2	LV3003047101	yellow	ST8	85.23	state_05	MII	-3.90696037804176	IG-D
2	LV3003047101	green	ST8	85.23	state_05	MII	-14.5080708496054	IG-D
2	LV3003047101	blue	ST8	85.23	state_05	MII	-15.1581004848494	IG-D
2	LV3003047104	turquoise	ST8	83.84125	state_05	MII	-2.21283612441339	IG-D
2	LV3003047104	grey	ST8	83.84125	state_05	MII	-2.00606769411555	IG-D
2	LV3003047104	yellow	ST8	83.84125	state_05	MII	-14.6028866910303	IG-D
2	LV3003047104	green	ST8	83.84125	state_05	MII	-14.2209756660724	IG-D
2	LV3003047105	turquoise	ST8	82.4525	state_05	MII	-2.37941306357276	IG-D
2	LV3003047105	grey	ST8	82.4525	state_05	MII	-2.54816409920079	IG-D
2	LV3003047105	yellow	ST8	82.4525	state_05	MII	-14.4711198192052	IG-D
2	LV3003047105	green	ST8	82.4525	state_05	MII	-14.2209756660724	IG-D
2	LV3003047106	grey	ST8	81.06375	state_05	MII	-2.04739514005651	IG-D
2	LV3003047106	turquoise	ST8	81.06375	state_05	MII	-3.08307789299656	IG-D
2	LV3003047106	green	ST8	81.06375	state_05	MII	-14.7912119746194	IG-D
2	LV3003047106	yellow	ST8	81.06375	state_05	MII	-3.69055871563366	IG-D
2	LV3003047122	turquoise	ST8	76.951	state_05	MII	-2.95451842498283	IG-D
2	LV3003047122	grey	ST8	76.951	state_05	MII	-2.12893562140847	IG-D
2	LV3003047122	yellow	ST8	76.951	state_05	MII	-14.8691661398051	IG-D
2	LV3003047123	turquoise	ST8	75.589	state_05	MII	-3.24015994937324	IG-D
2	LV3003047123	grey	ST8	75.589	state_05	MII	-2.7809569719103	IG-D
2	LV3003047123	yellow	ST8	75.589	state_05	MII	-14.900395576007	IG-D
2	LV3003047124	grey	ST8	74.227	state_05	MII	-2.38666294191384	IG-D
2	LV3003047124	turquoise	ST8	74.227	state_05	MII	-2.65866666161542	IG-D
2	LV3003047124	yellow	ST8	74.227	state_05	MII	-14.8807511058087	IG-D
2	LV3003047124	brown	ST8	74.227	state_05	MII	0	IG-D
2	LV3003047125	turquoise	ST8	72.872	state_05	MII	-2.92828668539182	IG-D
2	LV3003047125	grey	ST8	72.872	state_05	MII	-2.20123375338417	IG-D
2	LV3003047125	yellow	ST8	72.872	state_05	MII	-14.8402034514304	IG-D
2	LV3003047125	green	ST8	72.872	state_05	MII	-14.571569970633	IG-D
2	LV3003047127	turquoise	ST8	47.6248	state_05	MII	-2.74893879637988	IG-D
2	LV3003047127	grey	ST8	47.6248	state_05	MII	-1.4484327311542	IG-D
2	LV3003047127	yellow	ST8	47.6248	state_05	MII	-14.7765848924654	IG-D
2	LV3003047127	brown	ST8	47.6248	state_05	MII	-14.2209756660724	IG-D
2	LV3003047140	turquoise	ST8	46.0948	state_05	MII	-3.08660857564996	IG-D
2	LV3003047140	grey	ST8	46.0948	state_05	MII	-1.43929534379042	IG-D
2	LV3003047140	yellow	ST8	46.0948	state_05	MII	-14.7344420307801	IG-D
2	LV3003047141	turquoise	ST8	39.15347	state_05	MII	-2.47184355581328	IG-D
2	LV3003047141	grey	ST8	39.15347	state_05	MII	-1.01700890958923	IG-D
2	LV3003047141	yellow	ST8	39.15347	state_05	MII	0	IG-D
2	LV3003047160	turquoise	ST8	55.8911266666667	state_05	MII	-14.6955868906299	IG-D
2	LV3003047160	grey	ST8	55.8911266666667	state_05	MII	-0.686951171825245	IG-D
2	LV3003047160	yellow	ST8	55.8911266666667	state_05	MII	-14.9141228466324	IG-D
2	LV3003047161	turquoise	ST8	54.98346	state_05	MII	-14.5496381363396	IG-D
2	LV3003047161	grey	ST8	54.98346	state_05	MII	-1.65586222971015	IG-D
2	LV3003047161	yellow	ST8	54.98346	state_05	MII	-14.7705411181544	IG-D
2	LV3003047162	grey	ST8	102.698	state_05	MII	-1.19100745817391	IG-D
2	LV3003047162	turquoise	ST8	102.698	state_05	MII	-14.4432824590379	IG-D
2	LV3003047162	yellow	ST8	102.698	state_05	MII	-14.9141228466324	IG-D
2	LV3003047162	brown	ST8	102.698	state_05	MII	14.2209756660724	IG-D
2	LV3003061473	grey	ST13	117.088	state_05	MII	-1.38256258136478	IG-D
2	LV3003061473	turquoise	ST13	117.088	state_05	MII	-4.2206346268156	IG-D
2	LV3003061473	yellow	ST13	117.088	state_05	MII	-3.56489800262458	IG-D
2	LV3003061473	green	ST13	117.088	state_05	MII	-14.2238254827632	IG-D
2	LV3003061486	turquoise	ST13	52.105	state_05	MII	-3.29316797367784	IG-D
2	LV3003061486	grey	ST13	52.105	state_05	MII	-2.82131616390871	IG-D
2	LV3003061486	yellow	ST13	52.105	state_05	MII	-2.76107607610178	IG-D
2	LV3003061486	green	ST13	52.105	state_05	MII	-14.2209756660724	IG-D
2	LV3003061489	turquoise	ST13	112.6068	state_05	MII	-3.44767498411764	IG-D
2	LV3003061489	grey	ST13	112.6068	state_05	MII	-1.76937276308702	IG-D
2	LV3003061489	green	ST13	112.6068	state_05	MII	-14.6363272016874	IG-D
2	LV3003061489	yellow	ST13	112.6068	state_05	MII	-14.9315599603658	IG-D
2	LV3003061489	blue	ST13	112.6068	state_05	MII	-15.3195879547405	IG-D
2	LV3003061500	grey	ST13	148.086	state_05	MII	-1.91658107986356	IG-D
2	LV3003061500	turquoise	ST13	148.086	state_05	MII	-2.7361712453142	IG-D
2	LV3003061500	yellow	ST13	148.086	state_05	MII	-2.52847889918006	IG-D
2	LV3003061500	brown	ST13	148.086	state_05	MII	-0.893957297423508	IG-D
2	LV3003061500	blue	ST13	148.086	state_05	MII	-15.4836560712252	IG-D
2	LV3003061500	green	ST13	148.086	state_05	MII	-14.7912247103092	IG-D
2	LV3003061513	yellow	ST13	138.493	state_05	MII	-2.7951153400875	IG-D
2	LV3003061513	turquoise	ST13	138.493	state_05	MII	-3.37452391721256	IG-D
2	LV3003061513	green	ST13	138.493	state_05	MII	-14.8024936765504	IG-D
2	LV3003061513	grey	ST13	138.493	state_05	MII	-1.66202499199841	IG-D
2	LV3003061513	blue	ST13	138.493	state_05	MII	-15.1174062150373	IG-D
2	LV3003061513	brown	ST13	138.493	state_05	MII	-13.5581580249472	IG-D
2	LV3003061527	turquoise	ST13	133.7754	state_05	MII	-14.4533518276894	IG-D
2	LV3003061527	grey	ST13	133.7754	state_05	MII	-2.26503506618468	IG-D
2	LV3003061527	yellow	ST13	133.7754	state_05	MII	-14.4319768305609	IG-D
2	LV3003061539	yellow	ST13	130.0556	state_05	MII	-2.95209398693273	IG-D
2	LV3003061539	turquoise	ST13	130.0556	state_05	MII	-4.0030125147834	IG-D
2	LV3003061539	grey	ST13	130.0556	state_05	MII	-1.85725527912845	IG-D
2	LV3003061539	brown	ST13	130.0556	state_05	MII	-14.2209756660724	IG-D
2	LV3003061539	green	ST13	130.0556	state_05	MII	-14.8109151843357	IG-D
2	LV3003061539	blue	ST13	130.0556	state_05	MII	-14.9141228466324	IG-D
2	LV3003061555	turquoise	ST13	126.443	state_05	MII	-4.53986680365419	IG-D
2	LV3003061555	grey	ST13	126.443	state_05	MII	-1.57840224376449	IG-D
2	LV3003061555	yellow	ST13	126.443	state_05	MII	-3.50683563652466	IG-D
2	LV3003061568	grey	ST13	121.6354	state_05	MII	-1.64977265052407	IG-D
2	LV3003061568	turquoise	ST13	121.6354	state_05	MII	-4.0802796327547	IG-D
2	LV3003061568	yellow	ST13	121.6354	state_05	MII	-14.5220358644704	IG-D
2	LV3003061568	blue	ST13	121.6354	state_05	MII	0	IG-D
2	LV7008886228	grey	GeoB25202_R2	120.0235	state_05	MII	-2.60811887918763	IG-D
2	LV7008886228	turquoise	GeoB25202_R2	120.0235	state_05	MII	-3.03363854607532	IG-D
2	LV7008886228	yellow	GeoB25202_R2	120.0235	state_05	MII	-3.38894311673869	IG-D
2	LV7008886228	brown	GeoB25202_R2	120.0235	state_05	MII	0	IG-D
2	LV7008886705	turquoise	GeoB25202_R1	59.738	state_05	MII	-3.30667817830233	IG-D
2	LV7008886705	grey	GeoB25202_R1	59.738	state_05	MII	-1.56970894385658	IG-D
2	LV7008886705	yellow	GeoB25202_R1	59.738	state_05	MII	-14.7089712273385	IG-D
2	LV7008886705	brown	GeoB25202_R1	59.738	state_05	MII	0	IG-D
2	LV7008886705	green	GeoB25202_R1	59.738	state_05	MII	-14.6634293435499	IG-D
2	LV7008886717	turquoise	GeoB25202_R2	59.738	state_05	MII	-3.25775491892345	IG-D
2	LV7008886717	grey	GeoB25202_R2	59.738	state_05	MII	-1.7326030399509	IG-D
2	LV7008886717	green	GeoB25202_R2	59.738	state_05	MII	-14.8888426899593	IG-D
2	LV7008886717	yellow	GeoB25202_R2	59.738	state_05	MII	-3.11105919297169	IG-D
2	LV7008886717	blue	GeoB25202_R2	59.738	state_05	MII	-14.9141228466324	IG-D
2	LV7008886717	brown	GeoB25202_R2	59.738	state_05	MII	14.2209756660724	IG-D
2	LV7008886719	grey	GeoB25202_R1	87.2825	state_05	MII	-2.34292146651514	IG-D
2	LV7008886719	turquoise	GeoB25202_R1	87.2825	state_05	MII	-2.70077044023936	IG-D
2	LV7008886719	green	GeoB25202_R1	87.2825	state_05	MII	-14.4547869230289	IG-D
2	LV7008886719	blue	GeoB25202_R1	87.2825	state_05	MII	-15.3195879547405	IG-D
2	LV7008886719	yellow	GeoB25202_R1	87.2825	state_05	MII	-2.72650176730302	IG-D
2	LV7008886719	brown	GeoB25202_R1	87.2825	state_05	MII	-14.9141228466324	IG-D
2	LV7008886731	grey	GeoB25202_R2	87.2825	state_05	MII	-1.89536594679209	IG-D
2	LV7008886731	turquoise	GeoB25202_R2	87.2825	state_05	MII	-2.20775782528953	IG-D
2	LV7008886731	yellow	GeoB25202_R2	87.2825	state_05	MII	-3.0618579680752	IG-D
2	LV7008886731	brown	GeoB25202_R2	87.2825	state_05	MII	-15.6072700271923	IG-D
2	LV7008886731	green	GeoB25202_R2	87.2825	state_05	MII	-14.9588408011625	IG-D
2	LV7008886741	turquoise	GeoB25202_R1	58.997	state_05	MII	-3.13851002326731	IG-D
2	LV7008886741	grey	GeoB25202_R1	58.997	state_05	MII	-1.09754690653524	IG-D
2	LV7008886741	yellow	GeoB25202_R1	58.997	state_05	MII	-14.5524383150842	IG-D
2	LV7008886741	green	GeoB25202_R1	58.997	state_05	MII	-14.9141228466324	IG-D
2	LV7008886744	grey	GeoB25202_R1	105.5785	state_05	MII	-1.80202807131219	IG-D
2	LV7008886744	turquoise	GeoB25202_R1	105.5785	state_05	MII	-2.70846079441531	IG-D
2	LV7008886744	yellow	GeoB25202_R1	105.5785	state_05	MII	-3.29026582095487	IG-D
2	LV7008886744	green	GeoB25202_R1	105.5785	state_05	MII	-14.7346102305109	IG-D
2	LV7008886744	brown	GeoB25202_R1	105.5785	state_05	MII	0	IG-D
2	LV7008886745	grey	GeoB25202_R2	136.2775	state_05	MII	-2.52176063271312	IG-D
2	LV7008886745	turquoise	GeoB25202_R2	136.2775	state_05	MII	-3.65505559021114	IG-D
2	LV7008886745	yellow	GeoB25202_R2	136.2775	state_05	MII	-2.49177071596123	IG-D
2	LV7008886745	green	GeoB25202_R2	136.2775	state_05	MII	-14.7468980260972	IG-D
2	LV7008886753	turquoise	GeoB25202_R2	58.997	state_05	MII	-3.83389928864657	IG-D
2	LV7008886753	yellow	GeoB25202_R2	58.997	state_05	MII	-3.42409442157473	IG-D
2	LV7008886753	grey	GeoB25202_R2	58.997	state_05	MII	-2.27534173313232	IG-D
2	LV7008886753	blue	GeoB25202_R2	58.997	state_05	MII	-14.9141228466324	IG-D
2	LV7008886753	green	GeoB25202_R2	58.997	state_05	MII	-14.7042078955078	IG-D
2	LV7008886753	brown	GeoB25202_R2	58.997	state_05	MII	-15.3195879547405	IG-D
2	LV7008886757	grey	GeoB25202_R1	123.1195	state_05	MII	-2.19889938350827	IG-D
2	LV7008886757	turquoise	GeoB25202_R1	123.1195	state_05	MII	-2.2909589154277	IG-D
2	LV7008886757	yellow	GeoB25202_R1	123.1195	state_05	MII	-3.41997423633345	IG-D
2	LV7008886769	grey	GeoB25202_R2	123.1195	state_05	MII	-2.02178098031179	IG-D
2	LV7008886769	turquoise	GeoB25202_R2	123.1195	state_05	MII	-2.76487303147553	IG-D
2	LV7008886769	yellow	GeoB25202_R2	123.1195	state_05	MII	-2.75414761143734	IG-D
2	LV7008886769	brown	GeoB25202_R2	123.1195	state_05	MII	0	IG-D
2	LV7008886769	blue	GeoB25202_R2	123.1195	state_05	MII	-1.09861228866811	IG-D
2	LV7008886781	grey	GeoB25202_R1	120.0235	state_05	MII	-2.34549825169795	IG-D
2	LV7008886781	turquoise	GeoB25202_R1	120.0235	state_05	MII	-3.11888600093285	IG-D
2	LV7008886781	yellow	GeoB25202_R1	120.0235	state_05	MII	-14.6331185953232	IG-D
2	LV3003047028	turquoise	ST8	4.753	state_05	SRPI	-0.794757376057056	IG-D
2	LV3003047028	grey	ST8	4.753	state_05	SRPI	0.476391615415611	IG-D
2	LV3003047028	green	ST8	4.753	state_05	SRPI	-9.21034037197618	IG-D
2	LV3003047059	turquoise	ST8	107.683	state_05	SRPI	-1.08055704922053	IG-D
2	LV3003047059	grey	ST8	107.683	state_05	SRPI	-0.306290161653484	IG-D
2	LV3003047059	yellow	ST8	107.683	state_05	SRPI	-1.35029540065181	IG-D
2	LV3003047059	green	ST8	107.683	state_05	SRPI	-0.3317941891592	IG-D
2	LV3003047060	turquoise	ST8	106.686	state_05	SRPI	-1.06073268558533	IG-D
2	LV3003047060	grey	ST8	106.686	state_05	SRPI	-0.553680042158159	IG-D
2	LV3003047060	yellow	ST8	106.686	state_05	SRPI	-1.34822571422615	IG-D
2	LV3003047060	blue	ST8	106.686	state_05	SRPI	-0.3317941891592	IG-D
2	LV3003047060	green	ST8	106.686	state_05	SRPI	-9.21034037197618	IG-D
2	LV3003047061	turquoise	ST8	105.689	state_05	SRPI	-1.11400529928373	IG-D
2	LV3003047061	grey	ST8	105.689	state_05	SRPI	-0.386074637081355	IG-D
2	LV3003047061	yellow	ST8	105.689	state_05	SRPI	-1.92050481425716	IG-D
2	LV3003047062	grey	ST8	104.692	state_05	SRPI	-0.396891965642783	IG-D
2	LV3003047062	turquoise	ST8	104.692	state_05	SRPI	-0.874461172749039	IG-D
2	LV3003047062	yellow	ST8	104.692	state_05	SRPI	-1.10627804238604	IG-D
2	LV3003047062	brown	ST8	104.692	state_05	SRPI	-1.00587367770272	IG-D
2	LV3003047063	grey	ST8	103.695	state_05	SRPI	-0.402373362458126	IG-D
2	LV3003047063	turquoise	ST8	103.695	state_05	SRPI	-0.924187883043811	IG-D
2	LV3003047063	yellow	ST8	103.695	state_05	SRPI	-0.540867353539195	IG-D
2	LV3003047064	turquoise	ST8	96.283	state_05	SRPI	-0.618290765907961	IG-D
2	LV3003047064	grey	ST8	96.283	state_05	SRPI	-0.10699146442205	IG-D
2	LV3003047065	turquoise	ST8	53.61018	state_05	SRPI	-0.748172361095723	IG-D
2	LV3003047065	grey	ST8	53.61018	state_05	SRPI	-0.608677220125291	IG-D
2	LV3003047065	yellow	ST8	53.61018	state_05	SRPI	-0.569691140735836	IG-D
2	LV3003047065	brown	ST8	53.61018	state_05	SRPI	0.0218956771236662	IG-D
2	LV3003047065	blue	ST8	53.61018	state_05	SRPI	-9.21034037197618	IG-D
2	LV3003047073	grey	ST8	101.685	state_05	SRPI	-0.346274621387814	IG-D
2	LV3003047073	turquoise	ST8	101.685	state_05	SRPI	-0.3317941891592	IG-D
2	LV3003047074	grey	ST8	100.672	state_05	SRPI	-0.36470292538463	IG-D
2	LV3003047074	brown	ST8	100.672	state_05	SRPI	-4.60517018598809	IG-D
2	LV3003047074	turquoise	ST8	100.672	state_05	SRPI	-0.3317941891592	IG-D
2	LV3003047077	turquoise	ST8	99.7145	state_05	SRPI	-1.2320575125126	IG-D
2	LV3003047077	grey	ST8	99.7145	state_05	SRPI	-0.0981879207204118	IG-D
2	LV3003047077	yellow	ST8	99.7145	state_05	SRPI	-1.09489450258191	IG-D
2	LV3003047077	brown	ST8	99.7145	state_05	SRPI	-4.60517018598809	IG-D
2	LV3003047077	blue	ST8	99.7145	state_05	SRPI	-9.21034037197618	IG-D
2	LV3003047078	grey	ST8	98.757	state_05	SRPI	-0.403033216771169	IG-D
2	LV3003047078	turquoise	ST8	98.757	state_05	SRPI	-1.05642416311858	IG-D
2	LV3003047078	yellow	ST8	98.757	state_05	SRPI	-1.00284281574633	IG-D
2	LV3003047087	turquoise	ST8	94.9015	state_05	SRPI	-1.04838209656403	IG-D
2	LV3003047087	grey	ST8	94.9015	state_05	SRPI	-0.489781511609482	IG-D
2	LV3003047087	yellow	ST8	94.9015	state_05	SRPI	-1.35999881601961	IG-D
2	LV3003047087	green	ST8	94.9015	state_05	SRPI	-9.21034037197618	IG-D
2	LV3003047088	grey	ST8	93.52	state_05	SRPI	-0.321133143519927	IG-D
2	LV3003047088	turquoise	ST8	93.52	state_05	SRPI	-0.876626148345676	IG-D
2	LV3003047088	yellow	ST8	93.52	state_05	SRPI	-0.647098483725312	IG-D
2	LV3003047088	green	ST8	93.52	state_05	SRPI	-9.21034037197618	IG-D
2	LV3003047089	turquoise	ST8	92.1385	state_05	SRPI	-0.649643658477666	IG-D
2	LV3003047089	grey	ST8	92.1385	state_05	SRPI	-0.234454187429097	IG-D
2	LV3003047089	green	ST8	92.1385	state_05	SRPI	-1.79772247469899	IG-D
2	LV3003047089	blue	ST8	92.1385	state_05	SRPI	-0.723425428493032	IG-D
2	LV3003047089	yellow	ST8	92.1385	state_05	SRPI	-1.39727887682737	IG-D
2	LV3003047090	grey	ST8	90.757	state_05	SRPI	-0.320343217842382	IG-D
2	LV3003047090	turquoise	ST8	90.757	state_05	SRPI	-0.588144655392332	IG-D
2	LV3003047090	yellow	ST8	90.757	state_05	SRPI	-0.666442859282791	IG-D
2	LV3003047090	green	ST8	90.757	state_05	SRPI	-9.21034037197618	IG-D
2	LV3003047101	turquoise	ST8	85.23	state_05	SRPI	-0.655797835037182	IG-D
2	LV3003047101	grey	ST8	85.23	state_05	SRPI	-0.334848406371472	IG-D
2	LV3003047101	yellow	ST8	85.23	state_05	SRPI	-0.895650312717793	IG-D
2	LV3003047101	green	ST8	85.23	state_05	SRPI	-3.23222842736741	IG-D
2	LV3003047101	blue	ST8	85.23	state_05	SRPI	-1.11849335563476	IG-D
2	LV3003047104	turquoise	ST8	83.84125	state_05	SRPI	-0.517705389259245	IG-D
2	LV3003047104	grey	ST8	83.84125	state_05	SRPI	-0.250348293093568	IG-D
2	LV3003047104	yellow	ST8	83.84125	state_05	SRPI	-1.61220703668778	IG-D
2	LV3003047104	green	ST8	83.84125	state_05	SRPI	-9.21034037197618	IG-D
2	LV3003047105	turquoise	ST8	82.4525	state_05	SRPI	-0.661721517361238	IG-D
2	LV3003047105	grey	ST8	82.4525	state_05	SRPI	-0.0498304422336096	IG-D
2	LV3003047105	yellow	ST8	82.4525	state_05	SRPI	-1.33384241025476	IG-D
2	LV3003047105	green	ST8	82.4525	state_05	SRPI	-9.21034037197618	IG-D
2	LV3003047106	grey	ST8	81.06375	state_05	SRPI	-0.311263186812514	IG-D
2	LV3003047106	turquoise	ST8	81.06375	state_05	SRPI	-0.64467432956424	IG-D
2	LV3003047106	green	ST8	81.06375	state_05	SRPI	-1.57335340172626	IG-D
2	LV3003047106	yellow	ST8	81.06375	state_05	SRPI	-1.37648902070018	IG-D
2	LV3003047122	turquoise	ST8	76.951	state_05	SRPI	-0.717240131772165	IG-D
2	LV3003047122	grey	ST8	76.951	state_05	SRPI	-0.171297357168405	IG-D
2	LV3003047122	yellow	ST8	76.951	state_05	SRPI	-0.438405369675878	IG-D
2	LV3003047123	turquoise	ST8	75.589	state_05	SRPI	-0.548168498901562	IG-D
2	LV3003047123	grey	ST8	75.589	state_05	SRPI	-0.459351168200528	IG-D
2	LV3003047123	yellow	ST8	75.589	state_05	SRPI	0.459113059289359	IG-D
2	LV3003047124	grey	ST8	74.227	state_05	SRPI	-0.0690680404216705	IG-D
2	LV3003047124	turquoise	ST8	74.227	state_05	SRPI	-0.483644676058292	IG-D
2	LV3003047124	yellow	ST8	74.227	state_05	SRPI	0.574955016743451	IG-D
2	LV3003047124	brown	ST8	74.227	state_05	SRPI	-4.60517018598809	IG-D
2	LV3003047125	turquoise	ST8	72.872	state_05	SRPI	-0.618123468565302	IG-D
2	LV3003047125	grey	ST8	72.872	state_05	SRPI	-0.328932086868841	IG-D
2	LV3003047125	yellow	ST8	72.872	state_05	SRPI	-0.700608327933298	IG-D
2	LV3003047125	green	ST8	72.872	state_05	SRPI	-2.71918754677394	IG-D
2	LV3003047127	turquoise	ST8	47.6248	state_05	SRPI	-0.8013838770006	IG-D
2	LV3003047127	grey	ST8	47.6248	state_05	SRPI	-0.243571728990134	IG-D
2	LV3003047127	yellow	ST8	47.6248	state_05	SRPI	-1.17031136034141	IG-D
2	LV3003047127	brown	ST8	47.6248	state_05	SRPI	-9.21034037197618	IG-D
2	LV3003047140	turquoise	ST8	46.0948	state_05	SRPI	-0.950886156123444	IG-D
2	LV3003047140	grey	ST8	46.0948	state_05	SRPI	-0.226282239402853	IG-D
2	LV3003047140	yellow	ST8	46.0948	state_05	SRPI	-0.684037817703206	IG-D
2	LV3003047141	turquoise	ST8	39.15347	state_05	SRPI	-0.67971298848223	IG-D
2	LV3003047141	grey	ST8	39.15347	state_05	SRPI	0.457928883725019	IG-D
2	LV3003047141	yellow	ST8	39.15347	state_05	SRPI	-0.3317941891592	IG-D
2	LV3003047160	turquoise	ST8	55.8911266666667	state_05	SRPI	-0.53911546452889	IG-D
2	LV3003047160	grey	ST8	55.8911266666667	state_05	SRPI	-0.0229327295677414	IG-D
2	LV3003047160	yellow	ST8	55.8911266666667	state_05	SRPI	-9.21034037197618	IG-D
2	LV3003047161	turquoise	ST8	54.98346	state_05	SRPI	-0.691470673724323	IG-D
2	LV3003047161	grey	ST8	54.98346	state_05	SRPI	-0.648435843482346	IG-D
2	LV3003047161	yellow	ST8	54.98346	state_05	SRPI	-1.51892859992733	IG-D
2	LV3003047162	grey	ST8	102.698	state_05	SRPI	-0.326458661682434	IG-D
2	LV3003047162	turquoise	ST8	102.698	state_05	SRPI	-0.658945154104632	IG-D
2	LV3003047162	yellow	ST8	102.698	state_05	SRPI	-9.21034037197618	IG-D
2	LV3003047162	brown	ST8	102.698	state_05	SRPI	0.0147794011207723	IG-D
2	LV3003061473	grey	ST13	117.088	state_05	SRPI	-0.363664756328885	IG-D
2	LV3003061473	turquoise	ST13	117.088	state_05	SRPI	-0.845237781871652	IG-D
2	LV3003061473	yellow	ST13	117.088	state_05	SRPI	-0.885404883483969	IG-D
2	LV3003061473	green	ST13	117.088	state_05	SRPI	-9.21034037197618	IG-D
2	LV3003061486	turquoise	ST13	52.105	state_05	SRPI	-1.05329027988156	IG-D
2	LV3003061486	grey	ST13	52.105	state_05	SRPI	-0.00185142981018044	IG-D
2	LV3003061486	yellow	ST13	52.105	state_05	SRPI	-1.19308799558636	IG-D
2	LV3003061486	green	ST13	52.105	state_05	SRPI	-9.21034037197618	IG-D
2	LV3003061489	turquoise	ST13	112.6068	state_05	SRPI	-0.638730489746104	IG-D
2	LV3003061489	grey	ST13	112.6068	state_05	SRPI	-0.378024550592309	IG-D
2	LV3003061489	green	ST13	112.6068	state_05	SRPI	-1.54504853766818	IG-D
2	LV3003061489	yellow	ST13	112.6068	state_05	SRPI	-0.979166217076576	IG-D
2	LV3003061489	blue	ST13	112.6068	state_05	SRPI	-9.21034037197618	IG-D
2	LV3003061500	grey	ST13	148.086	state_05	SRPI	-0.377633578891714	IG-D
2	LV3003061500	turquoise	ST13	148.086	state_05	SRPI	-0.786845835479139	IG-D
2	LV3003061500	yellow	ST13	148.086	state_05	SRPI	-1.06277139142793	IG-D
2	LV3003061500	brown	ST13	148.086	state_05	SRPI	-0.624209857892512	IG-D
2	LV3003061500	blue	ST13	148.086	state_05	SRPI	-9.21034037197618	IG-D
2	LV3003061500	green	ST13	148.086	state_05	SRPI	-1.31401917746707	IG-D
2	LV3003061513	yellow	ST13	138.493	state_05	SRPI	-1.02131345183166	IG-D
2	LV3003061513	turquoise	ST13	138.493	state_05	SRPI	-1.00324281674811	IG-D
2	LV3003061513	green	ST13	138.493	state_05	SRPI	-1.94930757018607	IG-D
2	LV3003061513	grey	ST13	138.493	state_05	SRPI	-0.960160711626228	IG-D
2	LV3003061513	blue	ST13	138.493	state_05	SRPI	-0.0819123354157683	IG-D
2	LV3003061513	brown	ST13	138.493	state_05	SRPI	-0.69439258026017	IG-D
2	LV3003061527	turquoise	ST13	133.7754	state_05	SRPI	-0.74852407587746	IG-D
2	LV3003061527	grey	ST13	133.7754	state_05	SRPI	-0.297113298362303	IG-D
2	LV3003061527	yellow	ST13	133.7754	state_05	SRPI	-0.921805194510165	IG-D
2	LV3003061539	yellow	ST13	130.0556	state_05	SRPI	-1.33181517005953	IG-D
2	LV3003061539	turquoise	ST13	130.0556	state_05	SRPI	-1.10691392442467	IG-D
2	LV3003061539	grey	ST13	130.0556	state_05	SRPI	-0.742896136970615	IG-D
2	LV3003061539	brown	ST13	130.0556	state_05	SRPI	-9.21034037197618	IG-D
2	LV3003061539	green	ST13	130.0556	state_05	SRPI	-2.37178199673761	IG-D
2	LV3003061539	blue	ST13	130.0556	state_05	SRPI	-9.21034037197618	IG-D
2	LV3003061555	turquoise	ST13	126.443	state_05	SRPI	-0.953306999025255	IG-D
2	LV3003061555	grey	ST13	126.443	state_05	SRPI	-0.421979321137219	IG-D
2	LV3003061555	yellow	ST13	126.443	state_05	SRPI	-0.972553149800154	IG-D
2	LV3003061568	grey	ST13	121.6354	state_05	SRPI	-0.369995814030256	IG-D
2	LV3003061568	turquoise	ST13	121.6354	state_05	SRPI	-0.935549681581232	IG-D
2	LV3003061568	yellow	ST13	121.6354	state_05	SRPI	-1.00843231778663	IG-D
2	LV3003061568	blue	ST13	121.6354	state_05	SRPI	0.0147794011207723	IG-D
2	LV7008886228	grey	GeoB25202_R2	120.0235	state_05	SRPI	-0.0913445093340377	IG-D
2	LV7008886228	turquoise	GeoB25202_R2	120.0235	state_05	SRPI	-1.04651840614134	IG-D
2	LV7008886228	yellow	GeoB25202_R2	120.0235	state_05	SRPI	-0.640729056778622	IG-D
2	LV7008886228	brown	GeoB25202_R2	120.0235	state_05	SRPI	-4.60517018598809	IG-D
2	LV7008886705	turquoise	GeoB25202_R1	59.738	state_05	SRPI	-0.865422956306844	IG-D
2	LV7008886705	grey	GeoB25202_R1	59.738	state_05	SRPI	-0.755182922007933	IG-D
2	LV7008886705	yellow	GeoB25202_R1	59.738	state_05	SRPI	-2.05557584026924	IG-D
2	LV7008886705	brown	GeoB25202_R1	59.738	state_05	SRPI	1.01242667569772	IG-D
2	LV7008886705	green	GeoB25202_R1	59.738	state_05	SRPI	-9.21034037197618	IG-D
2	LV7008886717	turquoise	GeoB25202_R2	59.738	state_05	SRPI	-0.813481030395172	IG-D
2	LV7008886717	grey	GeoB25202_R2	59.738	state_05	SRPI	-0.809725313998094	IG-D
2	LV7008886717	green	GeoB25202_R2	59.738	state_05	SRPI	-1.5987330727504	IG-D
2	LV7008886717	yellow	GeoB25202_R2	59.738	state_05	SRPI	-1.06981296895434	IG-D
2	LV7008886717	blue	GeoB25202_R2	59.738	state_05	SRPI	-9.21034037197618	IG-D
2	LV7008886717	brown	GeoB25202_R2	59.738	state_05	SRPI	0.0147794011207723	IG-D
2	LV7008886719	grey	GeoB25202_R1	87.2825	state_05	SRPI	-0.280258684080336	IG-D
2	LV7008886719	turquoise	GeoB25202_R1	87.2825	state_05	SRPI	-0.681805434025265	IG-D
2	LV7008886719	green	GeoB25202_R1	87.2825	state_05	SRPI	-2.18557929227143	IG-D
2	LV7008886719	blue	GeoB25202_R1	87.2825	state_05	SRPI	-9.21034037197618	IG-D
2	LV7008886719	yellow	GeoB25202_R1	87.2825	state_05	SRPI	-1.18588608284038	IG-D
2	LV7008886719	brown	GeoB25202_R1	87.2825	state_05	SRPI	-9.21034037197618	IG-D
2	LV7008886731	grey	GeoB25202_R2	87.2825	state_05	SRPI	-0.20626495049902	IG-D
2	LV7008886731	turquoise	GeoB25202_R2	87.2825	state_05	SRPI	-0.641427096531677	IG-D
2	LV7008886731	yellow	GeoB25202_R2	87.2825	state_05	SRPI	-1.57929555448582	IG-D
2	LV7008886731	brown	GeoB25202_R2	87.2825	state_05	SRPI	0.0147794011207723	IG-D
2	LV7008886731	green	GeoB25202_R2	87.2825	state_05	SRPI	-2.02323148589627	IG-D
2	LV7008886741	turquoise	GeoB25202_R1	58.997	state_05	SRPI	-0.658400660330335	IG-D
2	LV7008886741	grey	GeoB25202_R1	58.997	state_05	SRPI	-1.02276982372169	IG-D
2	LV7008886741	yellow	GeoB25202_R1	58.997	state_05	SRPI	-1.54886623754494	IG-D
2	LV7008886741	green	GeoB25202_R1	58.997	state_05	SRPI	0.55675045058093	IG-D
2	LV7008886744	grey	GeoB25202_R1	105.5785	state_05	SRPI	-0.129724576874387	IG-D
2	LV7008886744	turquoise	GeoB25202_R1	105.5785	state_05	SRPI	-0.637528805651718	IG-D
2	LV7008886744	yellow	GeoB25202_R1	105.5785	state_05	SRPI	-1.28085241934685	IG-D
2	LV7008886744	green	GeoB25202_R1	105.5785	state_05	SRPI	-1.9683287742344	IG-D
2	LV7008886744	brown	GeoB25202_R1	105.5785	state_05	SRPI	-4.60517018598809	IG-D
2	LV7008886745	grey	GeoB25202_R2	136.2775	state_05	SRPI	-0.163631655762595	IG-D
2	LV7008886745	turquoise	GeoB25202_R2	136.2775	state_05	SRPI	-1.11528245400753	IG-D
2	LV7008886745	yellow	GeoB25202_R2	136.2775	state_05	SRPI	-1.44193717350297	IG-D
2	LV7008886745	green	GeoB25202_R2	136.2775	state_05	SRPI	-9.21034037197618	IG-D
2	LV7008886753	turquoise	GeoB25202_R2	58.997	state_05	SRPI	-0.936572197256159	IG-D
2	LV7008886753	yellow	GeoB25202_R2	58.997	state_05	SRPI	-0.710911049877457	IG-D
2	LV7008886753	grey	GeoB25202_R2	58.997	state_05	SRPI	-0.475820339104217	IG-D
2	LV7008886753	blue	GeoB25202_R2	58.997	state_05	SRPI	-0.821449864851137	IG-D
2	LV7008886753	green	GeoB25202_R2	58.997	state_05	SRPI	-1.10729084052093	IG-D
2	LV7008886753	brown	GeoB25202_R2	58.997	state_05	SRPI	-9.21034037197618	IG-D
2	LV7008886757	grey	GeoB25202_R1	123.1195	state_05	SRPI	-0.202910551188155	IG-D
2	LV7008886757	turquoise	GeoB25202_R1	123.1195	state_05	SRPI	-1.11109013755701	IG-D
2	LV7008886757	yellow	GeoB25202_R1	123.1195	state_05	SRPI	-0.749319932188237	IG-D
2	LV7008886769	grey	GeoB25202_R2	123.1195	state_05	SRPI	-0.539426152116225	IG-D
2	LV7008886769	turquoise	GeoB25202_R2	123.1195	state_05	SRPI	-1.53573751706912	IG-D
2	LV7008886769	yellow	GeoB25202_R2	123.1195	state_05	SRPI	-1.00073281067615	IG-D
2	LV7008886769	brown	GeoB25202_R2	123.1195	state_05	SRPI	-4.60517018598809	IG-D
2	LV7008886769	blue	GeoB25202_R2	123.1195	state_05	SRPI	-9.21034037197618	IG-D
2	LV7008886781	grey	GeoB25202_R1	120.0235	state_05	SRPI	-0.148893391492224	IG-D
2	LV7008886781	turquoise	GeoB25202_R1	120.0235	state_05	SRPI	-1.14364871015019	IG-D
2	LV7008886781	yellow	GeoB25202_R1	120.0235	state_05	SRPI	-0.91930864295383	IG-D
2	LV3003047028	non_damaged	ST8	4.753	state_05	OAP	-35.1592424994729	IG-D
2	LV3003047059	non_damaged	ST8	107.683	state_05	OAP	-31.0593601759787	IG-D
2	LV3003047060	non_damaged	ST8	106.686	state_05	OAP	-72.3194114054444	IG-D
2	LV3003047061	non_damaged	ST8	105.689	state_05	OAP	-97.6080706102225	IG-D
2	LV3003047062	non_damaged	ST8	104.692	state_05	OAP	169.266574186044	IG-D
2	LV3003047063	non_damaged	ST8	103.695	state_05	OAP	52.3861731717221	IG-D
2	LV3003047064	non_damaged	ST8	96.283	state_05	OAP	144.807136424979	IG-D
2	LV3003047065	non_damaged	ST8	53.61018	state_05	OAP	-49.4036764362349	IG-D
2	LV3003047073	non_damaged	ST8	101.685	state_05	OAP	-6.41217350705413	IG-D
2	LV3003047074	non_damaged	ST8	100.672	state_05	OAP	52.8455371130175	IG-D
2	LV3003047077	non_damaged	ST8	99.7145	state_05	OAP	-86.3200745716176	IG-D
2	LV3003047078	non_damaged	ST8	98.757	state_05	OAP	-57.4099912304695	IG-D
2	LV3003047087	non_damaged	ST8	94.9015	state_05	OAP	-84.6271102481542	IG-D
2	LV3003047088	non_damaged	ST8	93.52	state_05	OAP	-102.42091826708	IG-D
2	LV3003047089	non_damaged	ST8	92.1385	state_05	OAP	-132.2761125039	IG-D
2	LV3003047090	non_damaged	ST8	90.757	state_05	OAP	-127.469443920894	IG-D
2	LV3003047101	non_damaged	ST8	85.23	state_05	OAP	-162.181878327199	IG-D
2	LV3003047104	non_damaged	ST8	83.84125	state_05	OAP	-141.796237689555	IG-D
2	LV3003047105	non_damaged	ST8	82.4525	state_05	OAP	-169.677762504754	IG-D
2	LV3003047106	non_damaged	ST8	81.06375	state_05	OAP	-164.740961114764	IG-D
2	LV3003047122	non_damaged	ST8	76.951	state_05	OAP	-191.036006497552	IG-D
2	LV3003047123	non_damaged	ST8	75.589	state_05	OAP	-171.321028689324	IG-D
2	LV3003047124	non_damaged	ST8	74.227	state_05	OAP	-161.049293787822	IG-D
2	LV3003047125	non_damaged	ST8	72.872	state_05	OAP	-146.386262451319	IG-D
2	LV3003047127	non_damaged	ST8	47.6248	state_05	OAP	-86.394923139978	IG-D
2	LV3003047140	non_damaged	ST8	46.0948	state_05	OAP	-93.0932700789999	IG-D
2	LV3003047141	non_damaged	ST8	39.15347	state_05	OAP	10.5336515572745	IG-D
2	LV3003047160	non_damaged	ST8	55.8911266666667	state_05	OAP	-39.0533434739735	IG-D
2	LV3003047161	non_damaged	ST8	54.98346	state_05	OAP	-7.7295880882983	IG-D
2	LV3003047162	non_damaged	ST8	102.698	state_05	OAP	0.633058593209202	IG-D
2	LV3003061473	non_damaged	ST13	117.088	state_05	OAP	235.324970498568	IG-D
2	LV3003061486	non_damaged	ST13	52.105	state_05	OAP	82.0764479600251	IG-D
2	LV3003061489	non_damaged	ST13	112.6068	state_05	OAP	227.830892146192	IG-D
2	LV3003061500	non_damaged	ST13	148.086	state_05	OAP	377.211360171297	IG-D
2	LV3003061513	non_damaged	ST13	138.493	state_05	OAP	620.917840444628	IG-D
2	LV3003061527	non_damaged	ST13	133.7754	state_05	OAP	313.839207055047	IG-D
2	LV3003061539	non_damaged	ST13	130.0556	state_05	OAP	266.762941470417	IG-D
2	LV3003061555	non_damaged	ST13	126.443	state_05	OAP	235.880779068932	IG-D
2	LV3003061568	non_damaged	ST13	121.6354	state_05	OAP	217.84481121127	IG-D
2	LV7008886228	non_damaged	GeoB25202_R2	120.0235	state_05	OAP	308.270829410985	IG-D
2	LV7008886705	non_damaged	GeoB25202_R1	59.738	state_05	OAP	150.794736349238	IG-D
2	LV7008886717	non_damaged	GeoB25202_R2	59.738	state_05	OAP	100.260178405845	IG-D
2	LV7008886719	non_damaged	GeoB25202_R1	87.2825	state_05	OAP	48.0113242674356	IG-D
2	LV7008886731	non_damaged	GeoB25202_R2	87.2825	state_05	OAP	70.9264158146924	IG-D
2	LV7008886741	non_damaged	GeoB25202_R1	58.997	state_05	OAP	397.708734627015	IG-D
2	LV7008886744	non_damaged	GeoB25202_R1	105.5785	state_05	OAP	140.118427273409	IG-D
2	LV7008886745	non_damaged	GeoB25202_R2	136.2775	state_05	OAP	180.740969226211	IG-D
2	LV7008886753	non_damaged	GeoB25202_R2	58.997	state_05	OAP	117.018904839075	IG-D
2	LV7008886757	non_damaged	GeoB25202_R1	123.1195	state_05	OAP	200.127715053915	IG-D
2	LV7008886769	non_damaged	GeoB25202_R2	123.1195	state_05	OAP	188.248446763673	IG-D
2	LV7008886781	non_damaged	GeoB25202_R1	120.0235	state_05	OAP	168.984328678373	IG-D
2	LV3003047028	non_damaged	ST8	4.753	state_05	MGI	-13.8155105579643	IG-D
2	LV3003047059	non_damaged	ST8	107.683	state_05	MGI	-13.8155105579643	IG-D
2	LV3003047060	non_damaged	ST8	106.686	state_05	MGI	-13.8155105579643	IG-D
2	LV3003047061	non_damaged	ST8	105.689	state_05	MGI	-13.8155105579643	IG-D
2	LV3003047062	non_damaged	ST8	104.692	state_05	MGI	-13.8155105579643	IG-D
2	LV3003047063	non_damaged	ST8	103.695	state_05	MGI	-13.8155105579643	IG-D
2	LV3003047064	non_damaged	ST8	96.283	state_05	MGI	-13.8155105579643	IG-D
2	LV3003047065	non_damaged	ST8	53.61018	state_05	MGI	-13.8155105579643	IG-D
2	LV3003047073	non_damaged	ST8	101.685	state_05	MGI	-13.8155105579643	IG-D
2	LV3003047074	non_damaged	ST8	100.672	state_05	MGI	-13.8155105579643	IG-D
2	LV3003047077	non_damaged	ST8	99.7145	state_05	MGI	-13.8155105579643	IG-D
2	LV3003047078	non_damaged	ST8	98.757	state_05	MGI	-13.8155105579643	IG-D
2	LV3003047087	non_damaged	ST8	94.9015	state_05	MGI	-13.8155105579643	IG-D
2	LV3003047088	non_damaged	ST8	93.52	state_05	MGI	-13.8155105579643	IG-D
2	LV3003047089	non_damaged	ST8	92.1385	state_05	MGI	-13.8155105579643	IG-D
2	LV3003047090	non_damaged	ST8	90.757	state_05	MGI	-13.8155105579643	IG-D
2	LV3003047101	non_damaged	ST8	85.23	state_05	MGI	-13.8155105579643	IG-D
2	LV3003047104	non_damaged	ST8	83.84125	state_05	MGI	-13.8155105579643	IG-D
2	LV3003047105	non_damaged	ST8	82.4525	state_05	MGI	-13.8155105579643	IG-D
2	LV3003047106	non_damaged	ST8	81.06375	state_05	MGI	-13.8155105579643	IG-D
2	LV3003047122	non_damaged	ST8	76.951	state_05	MGI	-13.8155105579643	IG-D
2	LV3003047123	non_damaged	ST8	75.589	state_05	MGI	-13.8155105579643	IG-D
2	LV3003047124	non_damaged	ST8	74.227	state_05	MGI	-13.8155105579643	IG-D
2	LV3003047125	non_damaged	ST8	72.872	state_05	MGI	-13.8155105579643	IG-D
2	LV3003047127	non_damaged	ST8	47.6248	state_05	MGI	-13.8155105579643	IG-D
2	LV3003047140	non_damaged	ST8	46.0948	state_05	MGI	-13.8155105579643	IG-D
2	LV3003047141	non_damaged	ST8	39.15347	state_05	MGI	-13.8155105579643	IG-D
2	LV3003047160	non_damaged	ST8	55.8911266666667	state_05	MGI	-13.8155105579643	IG-D
2	LV3003047161	non_damaged	ST8	54.98346	state_05	MGI	-13.8155105579643	IG-D
2	LV3003047162	non_damaged	ST8	102.698	state_05	MGI	-13.8155105579643	IG-D
2	LV3003061473	non_damaged	ST13	117.088	state_05	MGI	-13.8155105579643	IG-D
2	LV3003061486	non_damaged	ST13	52.105	state_05	MGI	-13.8155105579643	IG-D
2	LV3003061489	non_damaged	ST13	112.6068	state_05	MGI	-13.8155105579643	IG-D
2	LV3003061500	non_damaged	ST13	148.086	state_05	MGI	-13.8155105579643	IG-D
2	LV3003061513	non_damaged	ST13	138.493	state_05	MGI	-13.8155105579643	IG-D
2	LV3003061527	non_damaged	ST13	133.7754	state_05	MGI	-13.8155105579643	IG-D
2	LV3003061539	non_damaged	ST13	130.0556	state_05	MGI	-13.8155105579643	IG-D
2	LV3003061555	non_damaged	ST13	126.443	state_05	MGI	-13.8155105579643	IG-D
2	LV3003061568	non_damaged	ST13	121.6354	state_05	MGI	-13.8155105579643	IG-D
2	LV7008886228	non_damaged	GeoB25202_R2	120.0235	state_05	MGI	-13.8155105579643	IG-D
2	LV7008886705	non_damaged	GeoB25202_R1	59.738	state_05	MGI	-13.8155105579643	IG-D
2	LV7008886717	non_damaged	GeoB25202_R2	59.738	state_05	MGI	-13.8155105579643	IG-D
2	LV7008886719	non_damaged	GeoB25202_R1	87.2825	state_05	MGI	-13.8155105579643	IG-D
2	LV7008886731	non_damaged	GeoB25202_R2	87.2825	state_05	MGI	-13.8155105579643	IG-D
2	LV7008886741	non_damaged	GeoB25202_R1	58.997	state_05	MGI	-5.137072135356	IG-D
2	LV7008886744	non_damaged	GeoB25202_R1	105.5785	state_05	MGI	-13.8155105579643	IG-D
2	LV7008886745	non_damaged	GeoB25202_R2	136.2775	state_05	MGI	-13.8155105579643	IG-D
2	LV7008886753	non_damaged	GeoB25202_R2	58.997	state_05	MGI	-13.8155105579643	IG-D
2	LV7008886757	non_damaged	GeoB25202_R1	123.1195	state_05	MGI	-13.8155105579643	IG-D
2	LV7008886769	non_damaged	GeoB25202_R2	123.1195	state_05	MGI	-13.8155105579643	IG-D
2	LV7008886781	non_damaged	GeoB25202_R1	120.0235	state_05	MGI	-13.8155105579643	IG-D
2	LV3003047028	non_damaged	ST8	4.753	state_05	MFI	9.05684648640096	IG-D
2	LV3003047059	non_damaged	ST8	107.683	state_05	MFI	0	IG-D
2	LV3003047060	non_damaged	ST8	106.686	state_05	MFI	0	IG-D
2	LV3003047061	non_damaged	ST8	105.689	state_05	MFI	0	IG-D
2	LV3003047062	non_damaged	ST8	104.692	state_05	MFI	0	IG-D
2	LV3003047063	non_damaged	ST8	103.695	state_05	MFI	0	IG-D
2	LV3003047064	non_damaged	ST8	96.283	state_05	MFI	0	IG-D
2	LV3003047065	non_damaged	ST8	53.61018	state_05	MFI	0	IG-D
2	LV3003047073	non_damaged	ST8	101.685	state_05	MFI	0	IG-D
2	LV3003047074	non_damaged	ST8	100.672	state_05	MFI	0	IG-D
2	LV3003047077	non_damaged	ST8	99.7145	state_05	MFI	0	IG-D
2	LV3003047078	non_damaged	ST8	98.757	state_05	MFI	0	IG-D
2	LV3003047087	non_damaged	ST8	94.9015	state_05	MFI	0	IG-D
2	LV3003047088	non_damaged	ST8	93.52	state_05	MFI	0	IG-D
2	LV3003047089	non_damaged	ST8	92.1385	state_05	MFI	0	IG-D
2	LV3003047090	non_damaged	ST8	90.757	state_05	MFI	0	IG-D
2	LV3003047101	non_damaged	ST8	85.23	state_05	MFI	0	IG-D
2	LV3003047104	non_damaged	ST8	83.84125	state_05	MFI	0	IG-D
2	LV3003047105	non_damaged	ST8	82.4525	state_05	MFI	0	IG-D
2	LV3003047106	non_damaged	ST8	81.06375	state_05	MFI	0	IG-D
2	LV3003047122	non_damaged	ST8	76.951	state_05	MFI	0	IG-D
2	LV3003047123	non_damaged	ST8	75.589	state_05	MFI	0	IG-D
2	LV3003047124	non_damaged	ST8	74.227	state_05	MFI	0	IG-D
2	LV3003047125	non_damaged	ST8	72.872	state_05	MFI	0	IG-D
2	LV3003047127	non_damaged	ST8	47.6248	state_05	MFI	6.53426637415784	IG-D
2	LV3003047140	non_damaged	ST8	46.0948	state_05	MFI	0	IG-D
2	LV3003047141	non_damaged	ST8	39.15347	state_05	MFI	0	IG-D
2	LV3003047160	non_damaged	ST8	55.8911266666667	state_05	MFI	0	IG-D
2	LV3003047161	non_damaged	ST8	54.98346	state_05	MFI	0	IG-D
2	LV3003047162	non_damaged	ST8	102.698	state_05	MFI	0	IG-D
2	LV3003061473	non_damaged	ST13	117.088	state_05	MFI	0	IG-D
2	LV3003061486	non_damaged	ST13	52.105	state_05	MFI	6.6991240623176	IG-D
2	LV3003061489	non_damaged	ST13	112.6068	state_05	MFI	0	IG-D
2	LV3003061500	non_damaged	ST13	148.086	state_05	MFI	4.17788394138568	IG-D
2	LV3003061513	non_damaged	ST13	138.493	state_05	MFI	0	IG-D
2	LV3003061527	non_damaged	ST13	133.7754	state_05	MFI	0	IG-D
2	LV3003061539	non_damaged	ST13	130.0556	state_05	MFI	0	IG-D
2	LV3003061555	non_damaged	ST13	126.443	state_05	MFI	0	IG-D
2	LV3003061568	non_damaged	ST13	121.6354	state_05	MFI	0	IG-D
2	LV7008886228	non_damaged	GeoB25202_R2	120.0235	state_05	MFI	0	IG-D
2	LV7008886705	non_damaged	GeoB25202_R1	59.738	state_05	MFI	7.11954743188405	IG-D
2	LV7008886717	non_damaged	GeoB25202_R2	59.738	state_05	MFI	6.99044585175303	IG-D
2	LV7008886719	non_damaged	GeoB25202_R1	87.2825	state_05	MFI	6.73599859368463	IG-D
2	LV7008886731	non_damaged	GeoB25202_R2	87.2825	state_05	MFI	7.14057160986258	IG-D
2	LV7008886741	non_damaged	GeoB25202_R1	58.997	state_05	MFI	-1.38629436111989	IG-D
2	LV7008886744	non_damaged	GeoB25202_R1	105.5785	state_05	MFI	0	IG-D
2	LV7008886745	non_damaged	GeoB25202_R2	136.2775	state_05	MFI	0	IG-D
2	LV7008886753	non_damaged	GeoB25202_R2	58.997	state_05	MFI	0	IG-D
2	LV7008886757	non_damaged	GeoB25202_R1	123.1195	state_05	MFI	0	IG-D
2	LV7008886769	non_damaged	GeoB25202_R2	123.1195	state_05	MFI	0	IG-D
2	LV7008886781	non_damaged	GeoB25202_R1	120.0235	state_05	MFI	0	IG-D
2	LV3003047028	non_damaged	ST8	4.753	state_05	DCI	-1.11337951595032	IG-D
2	LV3003047059	non_damaged	ST8	107.683	state_05	DCI	-2.23449142127994	IG-D
2	LV3003047060	non_damaged	ST8	106.686	state_05	DCI	-11.0855274113061	IG-D
2	LV3003047061	non_damaged	ST8	105.689	state_05	DCI	-11.2164032714381	IG-D
2	LV3003047062	non_damaged	ST8	104.692	state_05	DCI	-2.14125897270305	IG-D
2	LV3003047063	non_damaged	ST8	103.695	state_05	DCI	-2.68399506643902	IG-D
2	LV3003047064	non_damaged	ST8	96.283	state_05	DCI	-11.1740327987515	IG-D
2	LV3003047065	non_damaged	ST8	53.61018	state_05	DCI	-3.635301423619	IG-D
2	LV3003047073	non_damaged	ST8	101.685	state_05	DCI	-11.6334581791695	IG-D
2	LV3003047074	non_damaged	ST8	100.672	state_05	DCI	-11.9294345980313	IG-D
2	LV3003047077	non_damaged	ST8	99.7145	state_05	DCI	-10.4941231188189	IG-D
2	LV3003047078	non_damaged	ST8	98.757	state_05	DCI	-10.4756782868591	IG-D
2	LV3003047087	non_damaged	ST8	94.9015	state_05	DCI	-11.3293123907752	IG-D
2	LV3003047088	non_damaged	ST8	93.52	state_05	DCI	-11.1535514640623	IG-D
2	LV3003047089	non_damaged	ST8	92.1385	state_05	DCI	-1.94480678367932	IG-D
2	LV3003047090	non_damaged	ST8	90.757	state_05	DCI	-3.30800740162458	IG-D
2	LV3003047101	non_damaged	ST8	85.23	state_05	DCI	-10.4834975413143	IG-D
2	LV3003047104	non_damaged	ST8	83.84125	state_05	DCI	-9.6296508869064	IG-D
2	LV3003047105	non_damaged	ST8	82.4525	state_05	DCI	-2.31047925983108	IG-D
2	LV3003047106	non_damaged	ST8	81.06375	state_05	DCI	-2.21167307023915	IG-D
2	LV3003047122	non_damaged	ST8	76.951	state_05	DCI	-9.09668998809796	IG-D
2	LV3003047123	non_damaged	ST8	75.589	state_05	DCI	-9.91532546084471	IG-D
2	LV3003047124	non_damaged	ST8	74.227	state_05	DCI	-2.56423019166283	IG-D
2	LV3003047125	non_damaged	ST8	72.872	state_05	DCI	-1.12415838109581	IG-D
2	LV3003047127	non_damaged	ST8	47.6248	state_05	DCI	-2.89174893146552	IG-D
2	LV3003047140	non_damaged	ST8	46.0948	state_05	DCI	-10.6624311290038	IG-D
2	LV3003047141	non_damaged	ST8	39.15347	state_05	DCI	-10.0165719666045	IG-D
2	LV3003047160	non_damaged	ST8	55.8911266666667	state_05	DCI	-11.6409406711929	IG-D
2	LV3003047161	non_damaged	ST8	54.98346	state_05	DCI	-11.5845705175045	IG-D
2	LV3003047162	non_damaged	ST8	102.698	state_05	DCI	-2.46224279021079	IG-D
2	LV3003061473	non_damaged	ST13	117.088	state_05	DCI	-1.37033101228247	IG-D
2	LV3003061486	non_damaged	ST13	52.105	state_05	DCI	-2.33217928864488	IG-D
2	LV3003061489	non_damaged	ST13	112.6068	state_05	DCI	-0.888991323807601	IG-D
2	LV3003061500	non_damaged	ST13	148.086	state_05	DCI	0.320974388606748	IG-D
2	LV3003061513	non_damaged	ST13	138.493	state_05	DCI	-0.0324492432753129	IG-D
2	LV3003061527	non_damaged	ST13	133.7754	state_05	DCI	0	IG-D
2	LV3003061539	non_damaged	ST13	130.0556	state_05	DCI	-0.690563344937178	IG-D
2	LV3003061555	non_damaged	ST13	126.443	state_05	DCI	-11.3905777001617	IG-D
2	LV3003061568	non_damaged	ST13	121.6354	state_05	DCI	-0.320224142431976	IG-D
2	LV7008886228	non_damaged	GeoB25202_R2	120.0235	state_05	DCI	-0.549875508686644	IG-D
2	LV7008886705	non_damaged	GeoB25202_R1	59.738	state_05	DCI	-1.34430200811912	IG-D
2	LV7008886717	non_damaged	GeoB25202_R2	59.738	state_05	DCI	-1.41757679656463	IG-D
2	LV7008886719	non_damaged	GeoB25202_R1	87.2825	state_05	DCI	-1.27075992469924	IG-D
2	LV7008886731	non_damaged	GeoB25202_R2	87.2825	state_05	DCI	-1.3317555003593	IG-D
2	LV7008886741	non_damaged	GeoB25202_R1	58.997	state_05	DCI	-0.661483906717868	IG-D
2	LV7008886744	non_damaged	GeoB25202_R1	105.5785	state_05	DCI	-0.85421975483075	IG-D
2	LV7008886745	non_damaged	GeoB25202_R2	136.2775	state_05	DCI	-2.08759825962673	IG-D
2	LV7008886753	non_damaged	GeoB25202_R2	58.997	state_05	DCI	-1.99663498158621	IG-D
2	LV7008886757	non_damaged	GeoB25202_R1	123.1195	state_05	DCI	-1.98338032917029	IG-D
2	LV7008886769	non_damaged	GeoB25202_R2	123.1195	state_05	DCI	-1.62995732834186	IG-D
2	LV7008886781	non_damaged	GeoB25202_R1	120.0235	state_05	DCI	-11.7444895704017	IG-D
2	LV3003047028	non_damaged	ST8	4.753	state_05	MII	-0.184738114709163	IG-D
2	LV3003047059	non_damaged	ST8	107.683	state_05	MII	-1.74032529390092	IG-D
2	LV3003047060	non_damaged	ST8	106.686	state_05	MII	-1.58428452675242	IG-D
2	LV3003047061	non_damaged	ST8	105.689	state_05	MII	-1.70910397411207	IG-D
2	LV3003047062	non_damaged	ST8	104.692	state_05	MII	-2.06189265939144	IG-D
2	LV3003047063	non_damaged	ST8	103.695	state_05	MII	-1.63763974484044	IG-D
2	LV3003047064	non_damaged	ST8	96.283	state_05	MII	-1.77009345416364	IG-D
2	LV3003047065	non_damaged	ST8	53.61018	state_05	MII	-1.50931363865474	IG-D
2	LV3003047073	non_damaged	ST8	101.685	state_05	MII	-1.72412621725714	IG-D
2	LV3003047074	non_damaged	ST8	100.672	state_05	MII	-2.43575212052071	IG-D
2	LV3003047077	non_damaged	ST8	99.7145	state_05	MII	-1.93548865613016	IG-D
2	LV3003047078	non_damaged	ST8	98.757	state_05	MII	-2.0598224292898	IG-D
2	LV3003047087	non_damaged	ST8	94.9015	state_05	MII	-1.76733710576635	IG-D
2	LV3003047088	non_damaged	ST8	93.52	state_05	MII	-1.67930706510873	IG-D
2	LV3003047089	non_damaged	ST8	92.1385	state_05	MII	-2.01892178013718	IG-D
2	LV3003047090	non_damaged	ST8	90.757	state_05	MII	-0.453937953903643	IG-D
2	LV3003047101	non_damaged	ST8	85.23	state_05	MII	-1.03917265180578	IG-D
2	LV3003047104	non_damaged	ST8	83.84125	state_05	MII	-0.889124108692004	IG-D
2	LV3003047105	non_damaged	ST8	82.4525	state_05	MII	-1.12547593093766	IG-D
2	LV3003047106	non_damaged	ST8	81.06375	state_05	MII	-0.9113579507685	IG-D
2	LV3003047122	non_damaged	ST8	76.951	state_05	MII	-0.914668671502287	IG-D
2	LV3003047123	non_damaged	ST8	75.589	state_05	MII	-1.00951046425844	IG-D
2	LV3003047124	non_damaged	ST8	74.227	state_05	MII	-1.11327513868251	IG-D
2	LV3003047125	non_damaged	ST8	72.872	state_05	MII	-1.14073802112287	IG-D
2	LV3003047127	non_damaged	ST8	47.6248	state_05	MII	-1.53148431927915	IG-D
2	LV3003047140	non_damaged	ST8	46.0948	state_05	MII	-1.62142062661675	IG-D
2	LV3003047141	non_damaged	ST8	39.15347	state_05	MII	-1.69517864122227	IG-D
2	LV3003047160	non_damaged	ST8	55.8911266666667	state_05	MII	-3.11550209343408	IG-D
2	LV3003047161	non_damaged	ST8	54.98346	state_05	MII	-2.43238861550455	IG-D
2	LV3003047162	non_damaged	ST8	102.698	state_05	MII	-2.49231859809611	IG-D
2	LV3003061473	non_damaged	ST13	117.088	state_05	MII	-2.19014017058396	IG-D
2	LV3003061486	non_damaged	ST13	52.105	state_05	MII	-1.00505168207307	IG-D
2	LV3003061489	non_damaged	ST13	112.6068	state_05	MII	-2.10714917112658	IG-D
2	LV3003061500	non_damaged	ST13	148.086	state_05	MII	-1.45877250608347	IG-D
2	LV3003061513	non_damaged	ST13	138.493	state_05	MII	-2.69411811962421	IG-D
2	LV3003061527	non_damaged	ST13	133.7754	state_05	MII	-2.4752159291501	IG-D
2	LV3003061539	non_damaged	ST13	130.0556	state_05	MII	-2.15180146876189	IG-D
2	LV3003061555	non_damaged	ST13	126.443	state_05	MII	-2.63345237294988	IG-D
2	LV3003061568	non_damaged	ST13	121.6354	state_05	MII	-2.31350498310807	IG-D
2	LV7008886228	non_damaged	GeoB25202_R2	120.0235	state_05	MII	-1.7920129867855	IG-D
2	LV7008886705	non_damaged	GeoB25202_R1	59.738	state_05	MII	-0.854667150813077	IG-D
2	LV7008886717	non_damaged	GeoB25202_R2	59.738	state_05	MII	-0.936500470016147	IG-D
2	LV7008886719	non_damaged	GeoB25202_R1	87.2825	state_05	MII	-1.06588585043948	IG-D
2	LV7008886731	non_damaged	GeoB25202_R2	87.2825	state_05	MII	-1.5247419301212	IG-D
2	LV7008886741	non_damaged	GeoB25202_R1	58.997	state_05	MII	-1.17141763413283	IG-D
2	LV7008886744	non_damaged	GeoB25202_R1	105.5785	state_05	MII	-1.43092986097821	IG-D
2	LV7008886745	non_damaged	GeoB25202_R2	136.2775	state_05	MII	-1.58697003298147	IG-D
2	LV7008886753	non_damaged	GeoB25202_R2	58.997	state_05	MII	-1.17367003301439	IG-D
2	LV7008886757	non_damaged	GeoB25202_R1	123.1195	state_05	MII	-1.77910927430691	IG-D
2	LV7008886769	non_damaged	GeoB25202_R2	123.1195	state_05	MII	-1.75858400689326	IG-D
2	LV7008886781	non_damaged	GeoB25202_R1	120.0235	state_05	MII	-1.66899569583496	IG-D
2	LV3003047028	non_damaged	ST8	4.753	state_05	SRPI	-0.0896942777488926	IG-D
2	LV3003047059	non_damaged	ST8	107.683	state_05	SRPI	-0.690777006659039	IG-D
2	LV3003047060	non_damaged	ST8	106.686	state_05	SRPI	-0.653491797967627	IG-D
2	LV3003047061	non_damaged	ST8	105.689	state_05	SRPI	-1.16588003153317	IG-D
2	LV3003047062	non_damaged	ST8	104.692	state_05	SRPI	-0.860431216123107	IG-D
2	LV3003047063	non_damaged	ST8	103.695	state_05	SRPI	-0.852787651576395	IG-D
2	LV3003047064	non_damaged	ST8	96.283	state_05	SRPI	-0.913182767170541	IG-D
2	LV3003047065	non_damaged	ST8	53.61018	state_05	SRPI	-0.579287496013679	IG-D
2	LV3003047073	non_damaged	ST8	101.685	state_05	SRPI	-1.33831792300335	IG-D
2	LV3003047074	non_damaged	ST8	100.672	state_05	SRPI	-0.849287647488015	IG-D
2	LV3003047077	non_damaged	ST8	99.7145	state_05	SRPI	-0.952469379285824	IG-D
2	LV3003047078	non_damaged	ST8	98.757	state_05	SRPI	-0.829544443756049	IG-D
2	LV3003047087	non_damaged	ST8	94.9015	state_05	SRPI	-0.85545112297323	IG-D
2	LV3003047088	non_damaged	ST8	93.52	state_05	SRPI	-0.90016101092066	IG-D
2	LV3003047089	non_damaged	ST8	92.1385	state_05	SRPI	-0.857327497144962	IG-D
2	LV3003047090	non_damaged	ST8	90.757	state_05	SRPI	-0.760687153820199	IG-D
2	LV3003047101	non_damaged	ST8	85.23	state_05	SRPI	-0.919507604492969	IG-D
2	LV3003047104	non_damaged	ST8	83.84125	state_05	SRPI	-0.778194109930255	IG-D
2	LV3003047105	non_damaged	ST8	82.4525	state_05	SRPI	-0.821418404425527	IG-D
2	LV3003047106	non_damaged	ST8	81.06375	state_05	SRPI	-0.857985689875982	IG-D
2	LV3003047122	non_damaged	ST8	76.951	state_05	SRPI	-0.933590013281533	IG-D
2	LV3003047123	non_damaged	ST8	75.589	state_05	SRPI	-0.926051308375222	IG-D
2	LV3003047124	non_damaged	ST8	74.227	state_05	SRPI	-0.855257412541237	IG-D
2	LV3003047125	non_damaged	ST8	72.872	state_05	SRPI	-0.898849506527573	IG-D
2	LV3003047127	non_damaged	ST8	47.6248	state_05	SRPI	-0.658777230085605	IG-D
2	LV3003047140	non_damaged	ST8	46.0948	state_05	SRPI	-0.435885273348047	IG-D
2	LV3003047141	non_damaged	ST8	39.15347	state_05	SRPI	-0.482048381721816	IG-D
2	LV3003047160	non_damaged	ST8	55.8911266666667	state_05	SRPI	-0.972644433432211	IG-D
2	LV3003047161	non_damaged	ST8	54.98346	state_05	SRPI	-0.771672678859131	IG-D
2	LV3003047162	non_damaged	ST8	102.698	state_05	SRPI	-0.857759741853923	IG-D
2	LV3003061473	non_damaged	ST13	117.088	state_05	SRPI	-0.382858041666899	IG-D
2	LV3003061486	non_damaged	ST13	52.105	state_05	SRPI	-0.0737528206172646	IG-D
2	LV3003061489	non_damaged	ST13	112.6068	state_05	SRPI	-0.415529354810596	IG-D
2	LV3003061500	non_damaged	ST13	148.086	state_05	SRPI	-3.87042197840851	IG-D
2	LV3003061513	non_damaged	ST13	138.493	state_05	SRPI	-2.00144926236479	IG-D
2	LV3003061527	non_damaged	ST13	133.7754	state_05	SRPI	-0.353639740511027	IG-D
2	LV3003061539	non_damaged	ST13	130.0556	state_05	SRPI	-0.409535988937586	IG-D
2	LV3003061555	non_damaged	ST13	126.443	state_05	SRPI	-0.423615950488265	IG-D
2	LV3003061568	non_damaged	ST13	121.6354	state_05	SRPI	-0.330075528202747	IG-D
2	LV7008886228	non_damaged	GeoB25202_R2	120.0235	state_05	SRPI	-0.365888368486792	IG-D
2	LV7008886705	non_damaged	GeoB25202_R1	59.738	state_05	SRPI	-0.831959491044676	IG-D
2	LV7008886717	non_damaged	GeoB25202_R2	59.738	state_05	SRPI	-0.657678669029204	IG-D
2	LV7008886719	non_damaged	GeoB25202_R1	87.2825	state_05	SRPI	-0.658069817054696	IG-D
2	LV7008886731	non_damaged	GeoB25202_R2	87.2825	state_05	SRPI	-0.802915371179813	IG-D
2	LV7008886741	non_damaged	GeoB25202_R1	58.997	state_05	SRPI	-1.59364219321285	IG-D
2	LV7008886744	non_damaged	GeoB25202_R1	105.5785	state_05	SRPI	-1.10503554239751	IG-D
2	LV7008886745	non_damaged	GeoB25202_R2	136.2775	state_05	SRPI	-0.575386380679747	IG-D
2	LV7008886753	non_damaged	GeoB25202_R2	58.997	state_05	SRPI	-0.982161599739726	IG-D
2	LV7008886757	non_damaged	GeoB25202_R1	123.1195	state_05	SRPI	-0.713370119711233	IG-D
2	LV7008886769	non_damaged	GeoB25202_R2	123.1195	state_05	SRPI	-0.706076817502044	IG-D
2	LV7008886781	non_damaged	GeoB25202_R1	120.0235	state_05	SRPI	-0.363562924495359	IG-D
3	LV3003046936	grey	ST8	22.905	state_01	OAP	572.309357525889	IG-A
3	LV3003046936	green	ST8	22.905	state_01	OAP	734.049207542804	IG-A
3	LV3003046936	turquoise	ST8	22.905	state_01	OAP	437.913338979546	IG-A
3	LV3003046936	yellow	ST8	22.905	state_01	OAP	559.186780131469	IG-A
3	LV3003046936	blue	ST8	22.905	state_01	OAP	686.190593536174	IG-A
3	LV3003046936	brown	ST8	22.905	state_01	OAP	37.4547792084498	IG-A
3	LV3003046937	grey	ST8	18.598	state_01	OAP	568.568895143167	IG-A
3	LV3003046937	turquoise	ST8	18.598	state_01	OAP	371.117850042713	IG-A
3	LV3003046937	yellow	ST8	18.598	state_01	OAP	587.971777733021	IG-A
3	LV3003046937	blue	ST8	18.598	state_01	OAP	557.006103494356	IG-A
3	LV3003046937	brown	ST8	18.598	state_01	OAP	1.70662290722319	IG-A
3	LV3003046937	green	ST8	18.598	state_01	OAP	731.660113748764	IG-A
3	LV3003046949	grey	ST8	22.3686666666667	state_01	OAP	560.295244889662	IG-A
3	LV3003046949	green	ST8	22.3686666666667	state_01	OAP	711.158876011773	IG-A
3	LV3003046949	turquoise	ST8	22.3686666666667	state_01	OAP	347.686101917585	IG-A
3	LV3003046949	yellow	ST8	22.3686666666667	state_01	OAP	586.630317735479	IG-A
3	LV3003046949	blue	ST8	22.3686666666667	state_01	OAP	673.296003748838	IG-A
3	LV3003046949	brown	ST8	22.3686666666667	state_01	OAP	195.092152983659	IG-A
3	LV3003046950	grey	ST8	18.099	state_01	OAP	578.209322795436	IG-A
3	LV3003046950	turquoise	ST8	18.099	state_01	OAP	494.848103973632	IG-A
3	LV3003046950	yellow	ST8	18.099	state_01	OAP	617.427139880832	IG-A
3	LV3003046950	blue	ST8	18.099	state_01	OAP	672.200651891207	IG-A
3	LV3003046950	brown	ST8	18.099	state_01	OAP	16.6319778581486	IG-A
3	LV3003046950	green	ST8	18.099	state_01	OAP	734.733624610965	IG-A
3	LV3003046965	grey	ST8	21.8323333333333	state_01	OAP	562.501474862847	IG-A
3	LV3003046965	green	ST8	21.8323333333333	state_01	OAP	693.331757226582	IG-A
3	LV3003046965	turquoise	ST8	21.8323333333333	state_01	OAP	430.425182117221	IG-A
3	LV3003046965	yellow	ST8	21.8323333333333	state_01	OAP	566.611283403271	IG-A
3	LV3003046965	blue	ST8	21.8323333333333	state_01	OAP	638.826500045183	IG-A
3	LV3003046965	brown	ST8	21.8323333333333	state_01	OAP	-46.6127337385738	IG-A
3	LV3003046966	grey	ST8	17.373	state_01	OAP	581.599060259955	IG-A
3	LV3003046966	turquoise	ST8	17.373	state_01	OAP	466.295064249927	IG-A
3	LV3003046966	yellow	ST8	17.373	state_01	OAP	615.574700705944	IG-A
3	LV3003046966	blue	ST8	17.373	state_01	OAP	697.130324000766	IG-A
3	LV3003046966	brown	ST8	17.373	state_01	OAP	9.38655374102429	IG-A
3	LV3003046966	green	ST8	17.373	state_01	OAP	682.104768300873	IG-A
3	LV3003046978	grey	ST8	21.296	state_01	OAP	503.374199421511	IG-A
3	LV3003046978	green	ST8	21.296	state_01	OAP	712.791270683072	IG-A
3	LV3003046978	turquoise	ST8	21.296	state_01	OAP	359.121830239275	IG-A
3	LV3003046978	yellow	ST8	21.296	state_01	OAP	552.582110756369	IG-A
3	LV3003046978	blue	ST8	21.296	state_01	OAP	635.256834759067	IG-A
3	LV3003046978	brown	ST8	21.296	state_01	OAP	26.7631523648925	IG-A
3	LV3003046979	grey	ST8	16.461	state_01	OAP	486.916789055869	IG-A
3	LV3003046979	green	ST8	16.461	state_01	OAP	656.941638981174	IG-A
3	LV3003046979	turquoise	ST8	16.461	state_01	OAP	389.728536463233	IG-A
3	LV3003046979	yellow	ST8	16.461	state_01	OAP	577.146339278273	IG-A
3	LV3003046979	blue	ST8	16.461	state_01	OAP	660.452927224619	IG-A
3	LV3003046979	brown	ST8	16.461	state_01	OAP	-166.782313398971	IG-A
3	LV3003046993	grey	ST8	20.719	state_01	OAP	451.388800442471	IG-A
3	LV3003046993	green	ST8	20.719	state_01	OAP	655.187219503012	IG-A
3	LV3003046993	turquoise	ST8	20.719	state_01	OAP	435.315838859465	IG-A
3	LV3003046993	yellow	ST8	20.719	state_01	OAP	581.731927572171	IG-A
3	LV3003046993	blue	ST8	20.719	state_01	OAP	530.066833533542	IG-A
3	LV3003046993	brown	ST8	20.719	state_01	OAP	-110.860841773888	IG-A
3	LV3003046994	turquoise	ST8	15.549	state_01	OAP	330.968825376249	IG-A
3	LV3003046994	grey	ST8	15.549	state_01	OAP	359.235695635316	IG-A
3	LV3003046994	yellow	ST8	15.549	state_01	OAP	603.113949090007	IG-A
3	LV3003046994	brown	ST8	15.549	state_01	OAP	-140.410100555848	IG-A
3	LV3003046994	green	ST8	15.549	state_01	OAP	261.615384615385	IG-A
3	LV3003046994	blue	ST8	15.549	state_01	OAP	820	IG-A
3	LV3003047009	grey	ST8	20.142	state_01	OAP	341.116828138937	IG-A
3	LV3003047009	turquoise	ST8	20.142	state_01	OAP	390.845764607567	IG-A
3	LV3003047009	yellow	ST8	20.142	state_01	OAP	608.583263938586	IG-A
3	LV3003047009	brown	ST8	20.142	state_01	OAP	-39.0627191290621	IG-A
3	LV3003047009	blue	ST8	20.142	state_01	OAP	545.52258722444	IG-A
3	LV3003047009	green	ST8	20.142	state_01	OAP	185.252669039146	IG-A
3	LV3003047026	grey	ST8	19.565	state_01	OAP	444.388657633313	IG-A
3	LV3003047026	turquoise	ST8	19.565	state_01	OAP	426.716021207555	IG-A
3	LV3003047026	yellow	ST8	19.565	state_01	OAP	619.229679774197	IG-A
3	LV3003047026	green	ST8	19.565	state_01	OAP	620.114823788546	IG-A
3	LV3003047026	blue	ST8	19.565	state_01	OAP	640.84917464817	IG-A
3	LV3003047026	brown	ST8	19.565	state_01	OAP	-91.1073801995071	IG-A
3	LV3003047041	grey	ST8	19.097	state_01	OAP	541.771319710855	IG-A
3	LV3003047041	turquoise	ST8	19.097	state_01	OAP	348.318552311354	IG-A
3	LV3003047041	yellow	ST8	19.097	state_01	OAP	580.841970871506	IG-A
3	LV3003047041	blue	ST8	19.097	state_01	OAP	670.161330129363	IG-A
3	LV3003047041	brown	ST8	19.097	state_01	OAP	-62.0335235924892	IG-A
3	LV3003047041	green	ST8	19.097	state_01	OAP	688.50621741797	IG-A
3	LV3003047118	grey	ST8	24.528	state_01	OAP	504.712770194733	IG-A
3	LV3003047118	turquoise	ST8	24.528	state_01	OAP	416.680748623107	IG-A
3	LV3003047118	yellow	ST8	24.528	state_01	OAP	576.715919038076	IG-A
3	LV3003047118	blue	ST8	24.528	state_01	OAP	626.660888291393	IG-A
3	LV3003047118	brown	ST8	24.528	state_01	OAP	232.479866577284	IG-A
3	LV3003047118	green	ST8	24.528	state_01	OAP	694.855938889686	IG-A
3	LV3003047132	grey	ST8	23.987	state_01	OAP	567.411812758144	IG-A
3	LV3003047132	green	ST8	23.987	state_01	OAP	704.835768286696	IG-A
3	LV3003047132	turquoise	ST8	23.987	state_01	OAP	409.096978864945	IG-A
3	LV3003047132	yellow	ST8	23.987	state_01	OAP	573.826019122592	IG-A
3	LV3003047132	blue	ST8	23.987	state_01	OAP	641.539859139573	IG-A
3	LV3003047132	brown	ST8	23.987	state_01	OAP	233.204812098992	IG-A
3	LV3003047145	turquoise	ST8	23.446	state_01	OAP	389.204428022878	IG-A
3	LV3003047145	grey	ST8	23.446	state_01	OAP	391.989379845182	IG-A
3	LV3003047145	yellow	ST8	23.446	state_01	OAP	583.52009566075	IG-A
3	LV3003047145	brown	ST8	23.446	state_01	OAP	-79.3239300740048	IG-A
3	LV3003047145	blue	ST8	23.446	state_01	OAP	656.523423592242	IG-A
3	LV3003047145	green	ST8	23.446	state_01	OAP	674.608645627877	IG-A
3	LV3003061477	grey	ST13	16.726	state_01	OAP	541.839484838282	IG-A
3	LV3003061477	green	ST13	16.726	state_01	OAP	645.215778316172	IG-A
3	LV3003061477	turquoise	ST13	16.726	state_01	OAP	388.70866578007	IG-A
3	LV3003061477	yellow	ST13	16.726	state_01	OAP	588.898661479875	IG-A
3	LV3003061477	blue	ST13	16.726	state_01	OAP	632.049080698028	IG-A
3	LV3003061477	brown	ST13	16.726	state_01	OAP	183.196446418571	IG-A
3	LV3003061492	grey	ST13	14.437	state_01	OAP	546.150112351396	IG-A
3	LV3003061492	green	ST13	14.437	state_01	OAP	687.9626943881	IG-A
3	LV3003061492	turquoise	ST13	14.437	state_01	OAP	422.716868310218	IG-A
3	LV3003061492	yellow	ST13	14.437	state_01	OAP	586.638833063568	IG-A
3	LV3003061492	blue	ST13	14.437	state_01	OAP	637.46946616649	IG-A
3	LV3003061492	brown	ST13	14.437	state_01	OAP	87.2523415151362	IG-A
3	LV3003061506	grey	ST13	11.95	state_01	OAP	504.067608857421	IG-A
3	LV3003061506	turquoise	ST13	11.95	state_01	OAP	417.772230769204	IG-A
3	LV3003061506	yellow	ST13	11.95	state_01	OAP	617.070064490379	IG-A
3	LV3003061506	brown	ST13	11.95	state_01	OAP	-99.9907990727664	IG-A
3	LV3003061506	blue	ST13	11.95	state_01	OAP	703.344254510921	IG-A
3	LV3003061506	green	ST13	11.95	state_01	OAP	33.2810644831116	IG-A
3	LV3003061518	grey	ST13	9.804	state_01	OAP	484.9120453804	IG-A
3	LV3003061518	green	ST13	9.804	state_01	OAP	698.338094234215	IG-A
3	LV3003061518	turquoise	ST13	9.804	state_01	OAP	491.14890024926	IG-A
3	LV3003061518	yellow	ST13	9.804	state_01	OAP	596.230017745347	IG-A
3	LV3003061518	blue	ST13	9.804	state_01	OAP	695.400149211847	IG-A
3	LV3003061518	brown	ST13	9.804	state_01	OAP	286.479584516662	IG-A
3	LV3003061533	grey	ST13	7.912	state_01	OAP	333.83071233278	IG-A
3	LV3003061533	turquoise	ST13	7.912	state_01	OAP	381.664657661935	IG-A
3	LV3003061533	yellow	ST13	7.912	state_01	OAP	631.208319669443	IG-A
3	LV3003061533	brown	ST13	7.912	state_01	OAP	-108.192737567814	IG-A
3	LV3003061533	blue	ST13	7.912	state_01	OAP	820	IG-A
3	LV3003061533	green	ST13	7.912	state_01	OAP	93.5775818639798	IG-A
3	LV3003061546	grey	ST13	7.197	state_01	OAP	329.163271371093	IG-A
3	LV3003061546	turquoise	ST13	7.197	state_01	OAP	326.347121272134	IG-A
3	LV3003061546	yellow	ST13	7.197	state_01	OAP	618.774635262117	IG-A
3	LV3003061546	brown	ST13	7.197	state_01	OAP	-100.780042187415	IG-A
3	LV3003061546	blue	ST13	7.197	state_01	OAP	548.646235521235	IG-A
3	LV3003061572	grey	ST13	19.099	state_01	OAP	546.670995267553	IG-A
3	LV3003061572	green	ST13	19.099	state_01	OAP	701.513612623625	IG-A
3	LV3003061572	turquoise	ST13	19.099	state_01	OAP	450.600093497752	IG-A
3	LV3003061572	yellow	ST13	19.099	state_01	OAP	584.993071428079	IG-A
3	LV3003061572	blue	ST13	19.099	state_01	OAP	647.730495027144	IG-A
3	LV3003061572	brown	ST13	19.099	state_01	OAP	72.0899748847176	IG-A
3	LV7001898064	grey	ST13	6.808	state_01	OAP	477.577016700286	IG-A
3	LV7001898064	turquoise	ST13	6.808	state_01	OAP	429.855997252623	IG-A
3	LV7001898064	yellow	ST13	6.808	state_01	OAP	574.915240477697	IG-A
3	LV7001898064	blue	ST13	6.808	state_01	OAP	764.796233543663	IG-A
3	LV7001898064	brown	ST13	6.808	state_01	OAP	-1.87826493394406	IG-A
3	LV7001898064	green	ST13	6.808	state_01	OAP	722.257844946931	IG-A
3	LV7001898076	grey	ST13	6.429	state_01	OAP	457.696206046088	IG-A
3	LV7001898076	green	ST13	6.429	state_01	OAP	686.896295414342	IG-A
3	LV7001898076	turquoise	ST13	6.429	state_01	OAP	419.167522713504	IG-A
3	LV7001898076	yellow	ST13	6.429	state_01	OAP	618.373713865198	IG-A
3	LV7001898076	blue	ST13	6.429	state_01	OAP	680.269632734827	IG-A
3	LV7001898076	brown	ST13	6.429	state_01	OAP	-68.3936795673422	IG-A
3	LV7001898088	grey	ST13	6.031	state_01	OAP	190.978733271113	IG-A
3	LV7001898088	green	ST13	6.031	state_01	OAP	679.354545292312	IG-A
3	LV7001898088	turquoise	ST13	6.031	state_01	OAP	299.274196370018	IG-A
3	LV7001898088	yellow	ST13	6.031	state_01	OAP	626.183344121296	IG-A
3	LV7001898088	blue	ST13	6.031	state_01	OAP	622.673948506474	IG-A
3	LV7001898088	brown	ST13	6.031	state_01	OAP	159.9833984375	IG-A
3	LV7008886690	yellow	GeoB25202_R1	2.324	state_01	OAP	650.440349544073	IG-A
3	LV7008886690	turquoise	GeoB25202_R1	2.324	state_01	OAP	317.748059383894	IG-A
3	LV7008886690	grey	GeoB25202_R1	2.324	state_01	OAP	283.696709035294	IG-A
3	LV7008886690	brown	GeoB25202_R1	2.324	state_01	OAP	-87.9008511565022	IG-A
3	LV7008886690	blue	GeoB25202_R1	2.324	state_01	OAP	820	IG-A
3	LV7008886702	grey	GeoB25202_R2	2.324	state_01	OAP	387.379123220094	IG-A
3	LV7008886702	turquoise	GeoB25202_R2	2.324	state_01	OAP	349.150842482256	IG-A
3	LV7008886702	yellow	GeoB25202_R2	2.324	state_01	OAP	553.789431490373	IG-A
3	LV7008886702	blue	GeoB25202_R2	2.324	state_01	OAP	784.73516075845	IG-A
3	LV7008886702	brown	GeoB25202_R2	2.324	state_01	OAP	-93.1657832349804	IG-A
3	LV7008886702	green	GeoB25202_R2	2.324	state_01	OAP	743.493406921241	IG-A
3	LV7008886727	grey	GeoB25202_R1	16.4375	state_01	OAP	544.787320448355	IG-A
3	LV7008886727	green	GeoB25202_R1	16.4375	state_01	OAP	716.554752034393	IG-A
3	LV7008886727	turquoise	GeoB25202_R1	16.4375	state_01	OAP	530.246706967933	IG-A
3	LV7008886727	yellow	GeoB25202_R1	16.4375	state_01	OAP	594.28336735152	IG-A
3	LV7008886727	blue	GeoB25202_R1	16.4375	state_01	OAP	663.828247838048	IG-A
3	LV7008886727	brown	GeoB25202_R1	16.4375	state_01	OAP	12.6547132436583	IG-A
3	LV7008886739	grey	GeoB25202_R2	16.4375	state_01	OAP	565.150856690949	IG-A
3	LV7008886739	green	GeoB25202_R2	16.4375	state_01	OAP	704.302874019219	IG-A
3	LV7008886739	turquoise	GeoB25202_R2	16.4375	state_01	OAP	500.867083367052	IG-A
3	LV7008886739	yellow	GeoB25202_R2	16.4375	state_01	OAP	590.197116582072	IG-A
3	LV7008886739	blue	GeoB25202_R2	16.4375	state_01	OAP	638.850979341955	IG-A
3	LV7008886739	brown	GeoB25202_R2	16.4375	state_01	OAP	85.9231318337363	IG-A
3	LV7008886751	grey	GeoB25202_R1	7.1335	state_01	OAP	339.949883496541	IG-A
3	LV7008886751	turquoise	GeoB25202_R1	7.1335	state_01	OAP	436.379861414552	IG-A
3	LV7008886751	yellow	GeoB25202_R1	7.1335	state_01	OAP	601.556942566722	IG-A
3	LV7008886751	brown	GeoB25202_R1	7.1335	state_01	OAP	-64.6889567469042	IG-A
3	LV7008886751	blue	GeoB25202_R1	7.1335	state_01	OAP	820	IG-A
3	LV7008886751	green	GeoB25202_R1	7.1335	state_01	OAP	820	IG-A
3	LV7008886763	grey	GeoB25202_R2	7.1335	state_01	OAP	229.925173777154	IG-A
3	LV7008886763	yellow	GeoB25202_R2	7.1335	state_01	OAP	683.400242600679	IG-A
3	LV7008886763	turquoise	GeoB25202_R2	7.1335	state_01	OAP	442.656930822575	IG-A
3	LV7008886763	brown	GeoB25202_R2	7.1335	state_01	OAP	-34.7076711942436	IG-A
3	LV3003046936	grey	ST8	22.905	state_01	MGI	-4.24150904624636	IG-A
3	LV3003046936	green	ST8	22.905	state_01	MGI	-13.8155105579643	IG-A
3	LV3003046936	turquoise	ST8	22.905	state_01	MGI	-13.8155105579643	IG-A
3	LV3003046936	yellow	ST8	22.905	state_01	MGI	-13.8155105579643	IG-A
3	LV3003046936	blue	ST8	22.905	state_01	MGI	-13.8155105579643	IG-A
3	LV3003046936	brown	ST8	22.905	state_01	MGI	-1.19255732019995	IG-A
3	LV3003046937	grey	ST8	18.598	state_01	MGI	-13.8155105579643	IG-A
3	LV3003046937	turquoise	ST8	18.598	state_01	MGI	-13.8155105579643	IG-A
3	LV3003046937	yellow	ST8	18.598	state_01	MGI	-13.8155105579643	IG-A
3	LV3003046937	blue	ST8	18.598	state_01	MGI	-13.8155105579643	IG-A
3	LV3003046937	brown	ST8	18.598	state_01	MGI	-13.8155105579643	IG-A
3	LV3003046937	green	ST8	18.598	state_01	MGI	-13.8155105579643	IG-A
3	LV3003046949	grey	ST8	22.3686666666667	state_01	MGI	-13.8155105579643	IG-A
3	LV3003046949	green	ST8	22.3686666666667	state_01	MGI	-13.8155105579643	IG-A
3	LV3003046949	turquoise	ST8	22.3686666666667	state_01	MGI	-13.8155105579643	IG-A
3	LV3003046949	yellow	ST8	22.3686666666667	state_01	MGI	-13.8155105579643	IG-A
3	LV3003046949	blue	ST8	22.3686666666667	state_01	MGI	-13.8155105579643	IG-A
3	LV3003046949	brown	ST8	22.3686666666667	state_01	MGI	-13.8155105579643	IG-A
3	LV3003046950	grey	ST8	18.099	state_01	MGI	-13.8155105579643	IG-A
3	LV3003046950	turquoise	ST8	18.099	state_01	MGI	-13.8155105579643	IG-A
3	LV3003046950	yellow	ST8	18.099	state_01	MGI	-13.8155105579643	IG-A
3	LV3003046950	blue	ST8	18.099	state_01	MGI	-13.8155105579643	IG-A
3	LV3003046950	brown	ST8	18.099	state_01	MGI	-0.860392028467428	IG-A
3	LV3003046950	green	ST8	18.099	state_01	MGI	-13.8155105579643	IG-A
3	LV3003046965	grey	ST8	21.8323333333333	state_01	MGI	-4.38486723058897	IG-A
3	LV3003046965	green	ST8	21.8323333333333	state_01	MGI	-13.8155105579643	IG-A
3	LV3003046965	turquoise	ST8	21.8323333333333	state_01	MGI	-13.8155105579643	IG-A
3	LV3003046965	yellow	ST8	21.8323333333333	state_01	MGI	-13.8155105579643	IG-A
3	LV3003046965	blue	ST8	21.8323333333333	state_01	MGI	-13.8155105579643	IG-A
3	LV3003046965	brown	ST8	21.8323333333333	state_01	MGI	-1.90133901343161	IG-A
3	LV3003046966	grey	ST8	17.373	state_01	MGI	-13.8155105579643	IG-A
3	LV3003046966	turquoise	ST8	17.373	state_01	MGI	-13.8155105579643	IG-A
3	LV3003046966	yellow	ST8	17.373	state_01	MGI	-13.8155105579643	IG-A
3	LV3003046966	blue	ST8	17.373	state_01	MGI	-13.8155105579643	IG-A
3	LV3003046966	brown	ST8	17.373	state_01	MGI	-13.8155105579643	IG-A
3	LV3003046966	green	ST8	17.373	state_01	MGI	-13.8155105579643	IG-A
3	LV3003046978	grey	ST8	21.296	state_01	MGI	-13.8155105579643	IG-A
3	LV3003046978	green	ST8	21.296	state_01	MGI	-13.8155105579643	IG-A
3	LV3003046978	turquoise	ST8	21.296	state_01	MGI	-13.8155105579643	IG-A
3	LV3003046978	yellow	ST8	21.296	state_01	MGI	-13.8155105579643	IG-A
3	LV3003046978	blue	ST8	21.296	state_01	MGI	-13.8155105579643	IG-A
3	LV3003046978	brown	ST8	21.296	state_01	MGI	-13.8155105579643	IG-A
3	LV3003046979	grey	ST8	16.461	state_01	MGI	-13.8155105579643	IG-A
3	LV3003046979	green	ST8	16.461	state_01	MGI	-13.8155105579643	IG-A
3	LV3003046979	turquoise	ST8	16.461	state_01	MGI	-13.8155105579643	IG-A
3	LV3003046979	yellow	ST8	16.461	state_01	MGI	-13.8155105579643	IG-A
3	LV3003046979	blue	ST8	16.461	state_01	MGI	-13.8155105579643	IG-A
3	LV3003046979	brown	ST8	16.461	state_01	MGI	-1.75092128706059	IG-A
3	LV3003046993	grey	ST8	20.719	state_01	MGI	-13.8155105579643	IG-A
3	LV3003046993	green	ST8	20.719	state_01	MGI	-13.8155105579643	IG-A
3	LV3003046993	turquoise	ST8	20.719	state_01	MGI	-13.8155105579643	IG-A
3	LV3003046993	yellow	ST8	20.719	state_01	MGI	-13.8155105579643	IG-A
3	LV3003046993	blue	ST8	20.719	state_01	MGI	-13.8155105579643	IG-A
3	LV3003046993	brown	ST8	20.719	state_01	MGI	-1.54155719614989	IG-A
3	LV3003046994	turquoise	ST8	15.549	state_01	MGI	-13.8155105579643	IG-A
3	LV3003046994	grey	ST8	15.549	state_01	MGI	-13.8155105579643	IG-A
3	LV3003046994	yellow	ST8	15.549	state_01	MGI	-13.8155105579643	IG-A
3	LV3003046994	brown	ST8	15.549	state_01	MGI	-1.53556947145001	IG-A
3	LV3003046994	green	ST8	15.549	state_01	MGI	-13.8155105579643	IG-A
3	LV3003046994	blue	ST8	15.549	state_01	MGI	-13.8155105579643	IG-A
3	LV3003047009	grey	ST8	20.142	state_01	MGI	-13.8155105579643	IG-A
3	LV3003047009	turquoise	ST8	20.142	state_01	MGI	-13.8155105579643	IG-A
3	LV3003047009	yellow	ST8	20.142	state_01	MGI	-13.8155105579643	IG-A
3	LV3003047009	brown	ST8	20.142	state_01	MGI	-1.54720764710831	IG-A
3	LV3003047009	blue	ST8	20.142	state_01	MGI	-13.8155105579643	IG-A
3	LV3003047009	green	ST8	20.142	state_01	MGI	-13.8155105579643	IG-A
3	LV3003047026	grey	ST8	19.565	state_01	MGI	-13.8155105579643	IG-A
3	LV3003047026	turquoise	ST8	19.565	state_01	MGI	-13.8155105579643	IG-A
3	LV3003047026	yellow	ST8	19.565	state_01	MGI	-13.8155105579643	IG-A
3	LV3003047026	green	ST8	19.565	state_01	MGI	-13.8155105579643	IG-A
3	LV3003047026	blue	ST8	19.565	state_01	MGI	-13.8155105579643	IG-A
3	LV3003047026	brown	ST8	19.565	state_01	MGI	-2.16535307003513	IG-A
3	LV3003047041	grey	ST8	19.097	state_01	MGI	-4.28764336255624	IG-A
3	LV3003047041	turquoise	ST8	19.097	state_01	MGI	-13.8155105579643	IG-A
3	LV3003047041	yellow	ST8	19.097	state_01	MGI	-13.8155105579643	IG-A
3	LV3003047041	blue	ST8	19.097	state_01	MGI	-13.8155105579643	IG-A
3	LV3003047041	brown	ST8	19.097	state_01	MGI	-1.91769262377028	IG-A
3	LV3003047041	green	ST8	19.097	state_01	MGI	-13.8155105579643	IG-A
3	LV3003047118	grey	ST8	24.528	state_01	MGI	-13.8155105579643	IG-A
3	LV3003047118	turquoise	ST8	24.528	state_01	MGI	-13.8155105579643	IG-A
3	LV3003047118	yellow	ST8	24.528	state_01	MGI	-13.8155105579643	IG-A
3	LV3003047118	blue	ST8	24.528	state_01	MGI	-13.8155105579643	IG-A
3	LV3003047118	brown	ST8	24.528	state_01	MGI	-0.953408394830658	IG-A
3	LV3003047118	green	ST8	24.528	state_01	MGI	-13.8155105579643	IG-A
3	LV3003047132	grey	ST8	23.987	state_01	MGI	-4.76168102362853	IG-A
3	LV3003047132	green	ST8	23.987	state_01	MGI	-13.8155105579643	IG-A
3	LV3003047132	turquoise	ST8	23.987	state_01	MGI	-13.8155105579643	IG-A
3	LV3003047132	yellow	ST8	23.987	state_01	MGI	-13.8155105579643	IG-A
3	LV3003047132	blue	ST8	23.987	state_01	MGI	-13.8155105579643	IG-A
3	LV3003047132	brown	ST8	23.987	state_01	MGI	-13.8155105579643	IG-A
3	LV3003047145	turquoise	ST8	23.446	state_01	MGI	-13.8155105579643	IG-A
3	LV3003047145	grey	ST8	23.446	state_01	MGI	-13.8155105579643	IG-A
3	LV3003047145	yellow	ST8	23.446	state_01	MGI	-13.8155105579643	IG-A
3	LV3003047145	brown	ST8	23.446	state_01	MGI	-1.29082315362996	IG-A
3	LV3003047145	blue	ST8	23.446	state_01	MGI	-13.8155105579643	IG-A
3	LV3003047145	green	ST8	23.446	state_01	MGI	-13.8155105579643	IG-A
3	LV3003061477	grey	ST13	16.726	state_01	MGI	-4.1168314699678	IG-A
3	LV3003061477	green	ST13	16.726	state_01	MGI	-13.8155105579643	IG-A
3	LV3003061477	turquoise	ST13	16.726	state_01	MGI	-13.8155105579643	IG-A
3	LV3003061477	yellow	ST13	16.726	state_01	MGI	-13.8155105579643	IG-A
3	LV3003061477	blue	ST13	16.726	state_01	MGI	-13.8155105579643	IG-A
3	LV3003061477	brown	ST13	16.726	state_01	MGI	-0.698774926958408	IG-A
3	LV3003061492	grey	ST13	14.437	state_01	MGI	-4.06525203235942	IG-A
3	LV3003061492	green	ST13	14.437	state_01	MGI	-13.8155105579643	IG-A
3	LV3003061492	turquoise	ST13	14.437	state_01	MGI	-13.8155105579643	IG-A
3	LV3003061492	yellow	ST13	14.437	state_01	MGI	-13.8155105579643	IG-A
3	LV3003061492	blue	ST13	14.437	state_01	MGI	-13.8155105579643	IG-A
3	LV3003061492	brown	ST13	14.437	state_01	MGI	-1.68514671108618	IG-A
3	LV3003061506	grey	ST13	11.95	state_01	MGI	-13.8155105579643	IG-A
3	LV3003061506	turquoise	ST13	11.95	state_01	MGI	-13.8155105579643	IG-A
3	LV3003061506	yellow	ST13	11.95	state_01	MGI	-13.8155105579643	IG-A
3	LV3003061506	brown	ST13	11.95	state_01	MGI	-1.71722405530677	IG-A
3	LV3003061506	blue	ST13	11.95	state_01	MGI	-13.8155105579643	IG-A
3	LV3003061506	green	ST13	11.95	state_01	MGI	-13.8155105579643	IG-A
3	LV3003061518	grey	ST13	9.804	state_01	MGI	-13.8155105579643	IG-A
3	LV3003061518	green	ST13	9.804	state_01	MGI	-13.8155105579643	IG-A
3	LV3003061518	turquoise	ST13	9.804	state_01	MGI	-13.8155105579643	IG-A
3	LV3003061518	yellow	ST13	9.804	state_01	MGI	-13.8155105579643	IG-A
3	LV3003061518	blue	ST13	9.804	state_01	MGI	-13.8155105579643	IG-A
3	LV3003061518	brown	ST13	9.804	state_01	MGI	-13.8155105579643	IG-A
3	LV3003061533	grey	ST13	7.912	state_01	MGI	-13.8155105579643	IG-A
3	LV3003061533	turquoise	ST13	7.912	state_01	MGI	-13.8155105579643	IG-A
3	LV3003061533	yellow	ST13	7.912	state_01	MGI	-13.8155105579643	IG-A
3	LV3003061533	brown	ST13	7.912	state_01	MGI	-1.98504848402529	IG-A
3	LV3003061533	blue	ST13	7.912	state_01	MGI	-13.8155105579643	IG-A
3	LV3003061533	green	ST13	7.912	state_01	MGI	-13.8155105579643	IG-A
3	LV3003061546	grey	ST13	7.197	state_01	MGI	-13.8155105579643	IG-A
3	LV3003061546	turquoise	ST13	7.197	state_01	MGI	-13.8155105579643	IG-A
3	LV3003061546	yellow	ST13	7.197	state_01	MGI	-13.8155105579643	IG-A
3	LV3003061546	brown	ST13	7.197	state_01	MGI	-1.63917312138176	IG-A
3	LV3003061546	blue	ST13	7.197	state_01	MGI	-13.8155105579643	IG-A
3	LV3003061546	green	ST13	7.197	state_01	MGI	-13.8155105579643	IG-A
3	LV3003061572	grey	ST13	19.099	state_01	MGI	-3.98907451541268	IG-A
3	LV3003061572	green	ST13	19.099	state_01	MGI	-13.8155105579643	IG-A
3	LV3003061572	turquoise	ST13	19.099	state_01	MGI	-13.8155105579643	IG-A
3	LV3003061572	yellow	ST13	19.099	state_01	MGI	-13.8155105579643	IG-A
3	LV3003061572	blue	ST13	19.099	state_01	MGI	-13.8155105579643	IG-A
3	LV3003061572	brown	ST13	19.099	state_01	MGI	-13.8155105579643	IG-A
3	LV7001898064	grey	ST13	6.808	state_01	MGI	-13.8155105579643	IG-A
3	LV7001898064	turquoise	ST13	6.808	state_01	MGI	-13.8155105579643	IG-A
3	LV7001898064	yellow	ST13	6.808	state_01	MGI	-13.8155105579643	IG-A
3	LV7001898064	blue	ST13	6.808	state_01	MGI	-13.8155105579643	IG-A
3	LV7001898064	brown	ST13	6.808	state_01	MGI	-2.04398461530822	IG-A
3	LV7001898064	green	ST13	6.808	state_01	MGI	-13.8155105579643	IG-A
3	LV7001898076	grey	ST13	6.429	state_01	MGI	-13.8155105579643	IG-A
3	LV7001898076	green	ST13	6.429	state_01	MGI	-13.8155105579643	IG-A
3	LV7001898076	turquoise	ST13	6.429	state_01	MGI	-13.8155105579643	IG-A
3	LV7001898076	yellow	ST13	6.429	state_01	MGI	-13.8155105579643	IG-A
3	LV7001898076	blue	ST13	6.429	state_01	MGI	-13.8155105579643	IG-A
3	LV7001898076	brown	ST13	6.429	state_01	MGI	-2.35695950725739	IG-A
3	LV7001898088	grey	ST13	6.031	state_01	MGI	-13.8155105579643	IG-A
3	LV7001898088	green	ST13	6.031	state_01	MGI	-13.8155105579643	IG-A
3	LV7001898088	turquoise	ST13	6.031	state_01	MGI	-13.8155105579643	IG-A
3	LV7001898088	yellow	ST13	6.031	state_01	MGI	-13.8155105579643	IG-A
3	LV7001898088	blue	ST13	6.031	state_01	MGI	-13.8155105579643	IG-A
3	LV7001898088	brown	ST13	6.031	state_01	MGI	-13.8155105579643	IG-A
3	LV7008886690	yellow	GeoB25202_R1	2.324	state_01	MGI	-13.8155105579643	IG-A
3	LV7008886690	turquoise	GeoB25202_R1	2.324	state_01	MGI	-13.8155105579643	IG-A
3	LV7008886690	grey	GeoB25202_R1	2.324	state_01	MGI	-13.8155105579643	IG-A
3	LV7008886690	brown	GeoB25202_R1	2.324	state_01	MGI	-2.96970698049898	IG-A
3	LV7008886690	blue	GeoB25202_R1	2.324	state_01	MGI	-13.8155105579643	IG-A
3	LV7008886702	grey	GeoB25202_R2	2.324	state_01	MGI	-13.8155105579643	IG-A
3	LV7008886702	turquoise	GeoB25202_R2	2.324	state_01	MGI	-13.8155105579643	IG-A
3	LV7008886702	yellow	GeoB25202_R2	2.324	state_01	MGI	-13.8155105579643	IG-A
3	LV7008886702	blue	GeoB25202_R2	2.324	state_01	MGI	-13.8155105579643	IG-A
3	LV7008886702	brown	GeoB25202_R2	2.324	state_01	MGI	-2.70631562340971	IG-A
3	LV7008886702	green	GeoB25202_R2	2.324	state_01	MGI	-13.8155105579643	IG-A
3	LV7008886727	grey	GeoB25202_R1	16.4375	state_01	MGI	-13.8155105579643	IG-A
3	LV7008886727	green	GeoB25202_R1	16.4375	state_01	MGI	-13.8155105579643	IG-A
3	LV7008886727	turquoise	GeoB25202_R1	16.4375	state_01	MGI	-13.8155105579643	IG-A
3	LV7008886727	yellow	GeoB25202_R1	16.4375	state_01	MGI	-13.8155105579643	IG-A
3	LV7008886727	blue	GeoB25202_R1	16.4375	state_01	MGI	-13.8155105579643	IG-A
3	LV7008886727	brown	GeoB25202_R1	16.4375	state_01	MGI	-2.03736490239721	IG-A
3	LV7008886739	grey	GeoB25202_R2	16.4375	state_01	MGI	-13.8155105579643	IG-A
3	LV7008886739	green	GeoB25202_R2	16.4375	state_01	MGI	-13.8155105579643	IG-A
3	LV7008886739	turquoise	GeoB25202_R2	16.4375	state_01	MGI	-13.8155105579643	IG-A
3	LV7008886739	yellow	GeoB25202_R2	16.4375	state_01	MGI	-13.8155105579643	IG-A
3	LV7008886739	blue	GeoB25202_R2	16.4375	state_01	MGI	-13.8155105579643	IG-A
3	LV7008886739	brown	GeoB25202_R2	16.4375	state_01	MGI	-13.8155105579643	IG-A
3	LV7008886751	grey	GeoB25202_R1	7.1335	state_01	MGI	-13.8155105579643	IG-A
3	LV7008886751	turquoise	GeoB25202_R1	7.1335	state_01	MGI	-13.8155105579643	IG-A
3	LV7008886751	yellow	GeoB25202_R1	7.1335	state_01	MGI	-13.8155105579643	IG-A
3	LV7008886751	brown	GeoB25202_R1	7.1335	state_01	MGI	-2.42646864524243	IG-A
3	LV7008886751	blue	GeoB25202_R1	7.1335	state_01	MGI	-13.8155105579643	IG-A
3	LV7008886751	green	GeoB25202_R1	7.1335	state_01	MGI	-13.8155105579643	IG-A
3	LV7008886763	grey	GeoB25202_R2	7.1335	state_01	MGI	-13.8155105579643	IG-A
3	LV7008886763	yellow	GeoB25202_R2	7.1335	state_01	MGI	-13.8155105579643	IG-A
3	LV7008886763	turquoise	GeoB25202_R2	7.1335	state_01	MGI	-13.8155105579643	IG-A
3	LV7008886763	brown	GeoB25202_R2	7.1335	state_01	MGI	-2.15780468292209	IG-A
3	LV3003046936	grey	ST8	22.905	state_01	MFI	-3.49943582124557	IG-A
3	LV3003046936	green	ST8	22.905	state_01	MFI	0	IG-A
3	LV3003046936	turquoise	ST8	22.905	state_01	MFI	0	IG-A
3	LV3003046936	yellow	ST8	22.905	state_01	MFI	0	IG-A
3	LV3003046936	blue	ST8	22.905	state_01	MFI	0	IG-A
3	LV3003046936	brown	ST8	22.905	state_01	MFI	-2.19507172397512	IG-A
3	LV3003046937	grey	ST8	18.598	state_01	MFI	0	IG-A
3	LV3003046937	turquoise	ST8	18.598	state_01	MFI	0	IG-A
3	LV3003046937	yellow	ST8	18.598	state_01	MFI	0	IG-A
3	LV3003046937	blue	ST8	18.598	state_01	MFI	0	IG-A
3	LV3003046937	brown	ST8	18.598	state_01	MFI	0	IG-A
3	LV3003046937	green	ST8	18.598	state_01	MFI	0	IG-A
3	LV3003046949	grey	ST8	22.3686666666667	state_01	MFI	0	IG-A
3	LV3003046949	green	ST8	22.3686666666667	state_01	MFI	0	IG-A
3	LV3003046949	turquoise	ST8	22.3686666666667	state_01	MFI	0	IG-A
3	LV3003046949	yellow	ST8	22.3686666666667	state_01	MFI	0	IG-A
3	LV3003046949	blue	ST8	22.3686666666667	state_01	MFI	0	IG-A
3	LV3003046949	brown	ST8	22.3686666666667	state_01	MFI	10.5620170200148	IG-A
3	LV3003046950	grey	ST8	18.099	state_01	MFI	0	IG-A
3	LV3003046950	turquoise	ST8	18.099	state_01	MFI	0	IG-A
3	LV3003046950	yellow	ST8	18.099	state_01	MFI	0	IG-A
3	LV3003046950	blue	ST8	18.099	state_01	MFI	0	IG-A
3	LV3003046950	brown	ST8	18.099	state_01	MFI	-2.4908768167745	IG-A
3	LV3003046950	green	ST8	18.099	state_01	MFI	0	IG-A
3	LV3003046965	grey	ST8	21.8323333333333	state_01	MFI	-3.15959176750821	IG-A
3	LV3003046965	green	ST8	21.8323333333333	state_01	MFI	0	IG-A
3	LV3003046965	turquoise	ST8	21.8323333333333	state_01	MFI	0	IG-A
3	LV3003046965	yellow	ST8	21.8323333333333	state_01	MFI	0	IG-A
3	LV3003046965	blue	ST8	21.8323333333333	state_01	MFI	0	IG-A
3	LV3003046965	brown	ST8	21.8323333333333	state_01	MFI	-2.41053610706693	IG-A
3	LV3003046966	grey	ST8	17.373	state_01	MFI	0	IG-A
3	LV3003046966	turquoise	ST8	17.373	state_01	MFI	0	IG-A
3	LV3003046966	yellow	ST8	17.373	state_01	MFI	0	IG-A
3	LV3003046966	blue	ST8	17.373	state_01	MFI	0	IG-A
3	LV3003046966	brown	ST8	17.373	state_01	MFI	10.4402287586374	IG-A
3	LV3003046966	green	ST8	17.373	state_01	MFI	0	IG-A
3	LV3003046978	grey	ST8	21.296	state_01	MFI	0	IG-A
3	LV3003046978	green	ST8	21.296	state_01	MFI	0	IG-A
3	LV3003046978	turquoise	ST8	21.296	state_01	MFI	0	IG-A
3	LV3003046978	yellow	ST8	21.296	state_01	MFI	0	IG-A
3	LV3003046978	blue	ST8	21.296	state_01	MFI	0	IG-A
3	LV3003046978	brown	ST8	21.296	state_01	MFI	9.45952768411963	IG-A
3	LV3003046979	grey	ST8	16.461	state_01	MFI	0	IG-A
3	LV3003046979	green	ST8	16.461	state_01	MFI	0	IG-A
3	LV3003046979	turquoise	ST8	16.461	state_01	MFI	0	IG-A
3	LV3003046979	yellow	ST8	16.461	state_01	MFI	0	IG-A
3	LV3003046979	blue	ST8	16.461	state_01	MFI	0	IG-A
3	LV3003046979	brown	ST8	16.461	state_01	MFI	-12.0645892709037	IG-A
3	LV3003046993	grey	ST8	20.719	state_01	MFI	7.66144645033128	IG-A
3	LV3003046993	green	ST8	20.719	state_01	MFI	0	IG-A
3	LV3003046993	turquoise	ST8	20.719	state_01	MFI	0	IG-A
3	LV3003046993	yellow	ST8	20.719	state_01	MFI	0	IG-A
3	LV3003046993	blue	ST8	20.719	state_01	MFI	0	IG-A
3	LV3003046993	brown	ST8	20.719	state_01	MFI	-3.35187016055178	IG-A
3	LV3003046994	turquoise	ST8	15.549	state_01	MFI	0	IG-A
3	LV3003046994	grey	ST8	15.549	state_01	MFI	0	IG-A
3	LV3003046994	yellow	ST8	15.549	state_01	MFI	0	IG-A
3	LV3003046994	brown	ST8	15.549	state_01	MFI	-3.69523372489854	IG-A
3	LV3003046994	green	ST8	15.549	state_01	MFI	0	IG-A
3	LV3003046994	blue	ST8	15.549	state_01	MFI	0	IG-A
3	LV3003047009	grey	ST8	20.142	state_01	MFI	7.05114418658905	IG-A
3	LV3003047009	turquoise	ST8	20.142	state_01	MFI	0	IG-A
3	LV3003047009	yellow	ST8	20.142	state_01	MFI	0	IG-A
3	LV3003047009	brown	ST8	20.142	state_01	MFI	-3.58006562117116	IG-A
3	LV3003047009	blue	ST8	20.142	state_01	MFI	0	IG-A
3	LV3003047009	green	ST8	20.142	state_01	MFI	0	IG-A
3	LV3003047026	grey	ST8	19.565	state_01	MFI	6.87652498424624	IG-A
3	LV3003047026	turquoise	ST8	19.565	state_01	MFI	0	IG-A
3	LV3003047026	yellow	ST8	19.565	state_01	MFI	0	IG-A
3	LV3003047026	green	ST8	19.565	state_01	MFI	0	IG-A
3	LV3003047026	blue	ST8	19.565	state_01	MFI	0	IG-A
3	LV3003047026	brown	ST8	19.565	state_01	MFI	-3.05841597584768	IG-A
3	LV3003047041	grey	ST8	19.097	state_01	MFI	-3.11504086251921	IG-A
3	LV3003047041	turquoise	ST8	19.097	state_01	MFI	0	IG-A
3	LV3003047041	yellow	ST8	19.097	state_01	MFI	0	IG-A
3	LV3003047041	blue	ST8	19.097	state_01	MFI	0	IG-A
3	LV3003047041	brown	ST8	19.097	state_01	MFI	-2.3728542888406	IG-A
3	LV3003047041	green	ST8	19.097	state_01	MFI	0	IG-A
3	LV3003047118	grey	ST8	24.528	state_01	MFI	0	IG-A
3	LV3003047118	turquoise	ST8	24.528	state_01	MFI	0	IG-A
3	LV3003047118	yellow	ST8	24.528	state_01	MFI	0	IG-A
3	LV3003047118	blue	ST8	24.528	state_01	MFI	0	IG-A
3	LV3003047118	brown	ST8	24.528	state_01	MFI	-12.8621021631336	IG-A
3	LV3003047118	green	ST8	24.528	state_01	MFI	0	IG-A
3	LV3003047132	grey	ST8	23.987	state_01	MFI	-9.05382953433575	IG-A
3	LV3003047132	green	ST8	23.987	state_01	MFI	0	IG-A
3	LV3003047132	turquoise	ST8	23.987	state_01	MFI	0	IG-A
3	LV3003047132	yellow	ST8	23.987	state_01	MFI	0	IG-A
3	LV3003047132	blue	ST8	23.987	state_01	MFI	0	IG-A
3	LV3003047132	brown	ST8	23.987	state_01	MFI	0	IG-A
3	LV3003047145	turquoise	ST8	23.446	state_01	MFI	0	IG-A
3	LV3003047145	grey	ST8	23.446	state_01	MFI	0	IG-A
3	LV3003047145	yellow	ST8	23.446	state_01	MFI	0	IG-A
3	LV3003047145	brown	ST8	23.446	state_01	MFI	-3.49453789370343	IG-A
3	LV3003047145	blue	ST8	23.446	state_01	MFI	0	IG-A
3	LV3003047145	green	ST8	23.446	state_01	MFI	0	IG-A
3	LV3003061477	grey	ST13	16.726	state_01	MFI	-3.02564683012551	IG-A
3	LV3003061477	green	ST13	16.726	state_01	MFI	0	IG-A
3	LV3003061477	turquoise	ST13	16.726	state_01	MFI	0	IG-A
3	LV3003061477	yellow	ST13	16.726	state_01	MFI	0	IG-A
3	LV3003061477	blue	ST13	16.726	state_01	MFI	0	IG-A
3	LV3003061477	brown	ST13	16.726	state_01	MFI	-13.1167356310059	IG-A
3	LV3003061492	grey	ST13	14.437	state_01	MFI	-3.18744357069778	IG-A
3	LV3003061492	green	ST13	14.437	state_01	MFI	0	IG-A
3	LV3003061492	turquoise	ST13	14.437	state_01	MFI	0	IG-A
3	LV3003061492	yellow	ST13	14.437	state_01	MFI	0	IG-A
3	LV3003061492	blue	ST13	14.437	state_01	MFI	0	IG-A
3	LV3003061492	brown	ST13	14.437	state_01	MFI	-2.53071618581929	IG-A
3	LV3003061506	grey	ST13	11.95	state_01	MFI	0	IG-A
3	LV3003061506	turquoise	ST13	11.95	state_01	MFI	0	IG-A
3	LV3003061506	yellow	ST13	11.95	state_01	MFI	0	IG-A
3	LV3003061506	brown	ST13	11.95	state_01	MFI	-2.74441784527309	IG-A
3	LV3003061506	blue	ST13	11.95	state_01	MFI	0	IG-A
3	LV3003061506	green	ST13	11.95	state_01	MFI	0	IG-A
3	LV3003061518	grey	ST13	9.804	state_01	MFI	6.16645305653515	IG-A
3	LV3003061518	green	ST13	9.804	state_01	MFI	0	IG-A
3	LV3003061518	turquoise	ST13	9.804	state_01	MFI	0	IG-A
3	LV3003061518	yellow	ST13	9.804	state_01	MFI	0	IG-A
3	LV3003061518	blue	ST13	9.804	state_01	MFI	0	IG-A
3	LV3003061518	brown	ST13	9.804	state_01	MFI	0	IG-A
3	LV3003061533	grey	ST13	7.912	state_01	MFI	7.14959056858212	IG-A
3	LV3003061533	turquoise	ST13	7.912	state_01	MFI	0	IG-A
3	LV3003061533	yellow	ST13	7.912	state_01	MFI	0	IG-A
3	LV3003061533	brown	ST13	7.912	state_01	MFI	-3.29832242909406	IG-A
3	LV3003061533	blue	ST13	7.912	state_01	MFI	0	IG-A
3	LV3003061533	green	ST13	7.912	state_01	MFI	0	IG-A
3	LV3003061546	grey	ST13	7.197	state_01	MFI	6.85895732440581	IG-A
3	LV3003061546	turquoise	ST13	7.197	state_01	MFI	0	IG-A
3	LV3003061546	yellow	ST13	7.197	state_01	MFI	0	IG-A
3	LV3003061546	brown	ST13	7.197	state_01	MFI	-12.1763374365825	IG-A
3	LV3003061546	blue	ST13	7.197	state_01	MFI	0	IG-A
3	LV3003061546	green	ST13	7.197	state_01	MFI	0	IG-A
3	LV3003061572	grey	ST13	19.099	state_01	MFI	-3.45407881825751	IG-A
3	LV3003061572	green	ST13	19.099	state_01	MFI	0	IG-A
3	LV3003061572	turquoise	ST13	19.099	state_01	MFI	0	IG-A
3	LV3003061572	yellow	ST13	19.099	state_01	MFI	0	IG-A
3	LV3003061572	blue	ST13	19.099	state_01	MFI	0	IG-A
3	LV3003061572	brown	ST13	19.099	state_01	MFI	9.70340021759015	IG-A
3	LV7001898064	grey	ST13	6.808	state_01	MFI	6.73182979489625	IG-A
3	LV7001898064	turquoise	ST13	6.808	state_01	MFI	0	IG-A
3	LV7001898064	yellow	ST13	6.808	state_01	MFI	0	IG-A
3	LV7001898064	blue	ST13	6.808	state_01	MFI	0	IG-A
3	LV7001898064	brown	ST13	6.808	state_01	MFI	-11.7715259426561	IG-A
3	LV7001898064	green	ST13	6.808	state_01	MFI	0	IG-A
3	LV7001898076	grey	ST13	6.429	state_01	MFI	7.06337396390638	IG-A
3	LV7001898076	green	ST13	6.429	state_01	MFI	0	IG-A
3	LV7001898076	turquoise	ST13	6.429	state_01	MFI	0	IG-A
3	LV7001898076	yellow	ST13	6.429	state_01	MFI	0	IG-A
3	LV7001898076	blue	ST13	6.429	state_01	MFI	0	IG-A
3	LV7001898076	brown	ST13	6.429	state_01	MFI	-2.05685588903109	IG-A
3	LV7001898088	grey	ST13	6.031	state_01	MFI	0	IG-A
3	LV7001898088	green	ST13	6.031	state_01	MFI	0	IG-A
3	LV7001898088	turquoise	ST13	6.031	state_01	MFI	0	IG-A
3	LV7001898088	yellow	ST13	6.031	state_01	MFI	0	IG-A
3	LV7001898088	blue	ST13	6.031	state_01	MFI	0	IG-A
3	LV7001898088	brown	ST13	6.031	state_01	MFI	0	IG-A
3	LV7008886690	yellow	GeoB25202_R1	2.324	state_01	MFI	0	IG-A
3	LV7008886690	turquoise	GeoB25202_R1	2.324	state_01	MFI	0	IG-A
3	LV7008886690	grey	GeoB25202_R1	2.324	state_01	MFI	0	IG-A
3	LV7008886690	brown	GeoB25202_R1	2.324	state_01	MFI	-10.8458035774653	IG-A
3	LV7008886690	blue	GeoB25202_R1	2.324	state_01	MFI	0	IG-A
3	LV7008886702	grey	GeoB25202_R2	2.324	state_01	MFI	0	IG-A
3	LV7008886702	turquoise	GeoB25202_R2	2.324	state_01	MFI	0	IG-A
3	LV7008886702	yellow	GeoB25202_R2	2.324	state_01	MFI	0	IG-A
3	LV7008886702	blue	GeoB25202_R2	2.324	state_01	MFI	0	IG-A
3	LV7008886702	brown	GeoB25202_R2	2.324	state_01	MFI	-11.1091949345546	IG-A
3	LV7008886702	green	GeoB25202_R2	2.324	state_01	MFI	0	IG-A
3	LV7008886727	grey	GeoB25202_R1	16.4375	state_01	MFI	6.58118127851895	IG-A
3	LV7008886727	green	GeoB25202_R1	16.4375	state_01	MFI	0	IG-A
3	LV7008886727	turquoise	GeoB25202_R1	16.4375	state_01	MFI	0	IG-A
3	LV7008886727	yellow	GeoB25202_R1	16.4375	state_01	MFI	0	IG-A
3	LV7008886727	blue	GeoB25202_R1	16.4375	state_01	MFI	0	IG-A
3	LV7008886727	brown	GeoB25202_R1	16.4375	state_01	MFI	-1.95820767686572	IG-A
3	LV7008886739	grey	GeoB25202_R2	16.4375	state_01	MFI	7.07371113406875	IG-A
3	LV7008886739	green	GeoB25202_R2	16.4375	state_01	MFI	0	IG-A
3	LV7008886739	turquoise	GeoB25202_R2	16.4375	state_01	MFI	0	IG-A
3	LV7008886739	yellow	GeoB25202_R2	16.4375	state_01	MFI	0	IG-A
3	LV7008886739	blue	GeoB25202_R2	16.4375	state_01	MFI	0	IG-A
3	LV7008886739	brown	GeoB25202_R2	16.4375	state_01	MFI	10.9161912943305	IG-A
3	LV7008886751	grey	GeoB25202_R1	7.1335	state_01	MFI	6.6381018837313	IG-A
3	LV7008886751	turquoise	GeoB25202_R1	7.1335	state_01	MFI	0	IG-A
3	LV7008886751	yellow	GeoB25202_R1	7.1335	state_01	MFI	0	IG-A
3	LV7008886751	brown	GeoB25202_R1	7.1335	state_01	MFI	-2.45687513593211	IG-A
3	LV7008886751	blue	GeoB25202_R1	7.1335	state_01	MFI	0	IG-A
3	LV7008886751	green	GeoB25202_R1	7.1335	state_01	MFI	0	IG-A
3	LV7008886763	grey	GeoB25202_R2	7.1335	state_01	MFI	6.8965183207109	IG-A
3	LV7008886763	yellow	GeoB25202_R2	7.1335	state_01	MFI	0	IG-A
3	LV7008886763	turquoise	GeoB25202_R2	7.1335	state_01	MFI	0	IG-A
3	LV7008886763	brown	GeoB25202_R2	7.1335	state_01	MFI	-2.48020075875059	IG-A
3	LV3003046936	grey	ST8	22.905	state_01	DCI	-1.42330529036804	IG-A
3	LV3003046936	green	ST8	22.905	state_01	DCI	-9.40316210785303	IG-A
3	LV3003046936	turquoise	ST8	22.905	state_01	DCI	-1.15261949493462	IG-A
3	LV3003046936	yellow	ST8	22.905	state_01	DCI	-0.250453257942592	IG-A
3	LV3003046936	blue	ST8	22.905	state_01	DCI	-1.58272776210653	IG-A
3	LV3003046936	brown	ST8	22.905	state_01	DCI	-2.19504355138986	IG-A
3	LV3003046937	grey	ST8	18.598	state_01	DCI	-1.96211130204658	IG-A
3	LV3003046937	turquoise	ST8	18.598	state_01	DCI	-1.10093890305608	IG-A
3	LV3003046937	yellow	ST8	18.598	state_01	DCI	-1.25918414258837	IG-A
3	LV3003046937	blue	ST8	18.598	state_01	DCI	-0.667956931731387	IG-A
3	LV3003046937	brown	ST8	18.598	state_01	DCI	-12.3183238972928	IG-A
3	LV3003046937	green	ST8	18.598	state_01	DCI	0	IG-A
3	LV3003046949	grey	ST8	22.3686666666667	state_01	DCI	-1.81093880825941	IG-A
3	LV3003046949	green	ST8	22.3686666666667	state_01	DCI	-9.7609894441659	IG-A
3	LV3003046949	turquoise	ST8	22.3686666666667	state_01	DCI	-0.833682828876184	IG-A
3	LV3003046949	yellow	ST8	22.3686666666667	state_01	DCI	0.170067086578069	IG-A
3	LV3003046949	blue	ST8	22.3686666666667	state_01	DCI	-2.17220133688696	IG-A
3	LV3003046949	brown	ST8	22.3686666666667	state_01	DCI	-13.4803702546359	IG-A
3	LV3003046950	grey	ST8	18.099	state_01	DCI	-1.38888168468484	IG-A
3	LV3003046950	turquoise	ST8	18.099	state_01	DCI	-1.21897027983004	IG-A
3	LV3003046950	yellow	ST8	18.099	state_01	DCI	-1.08636563260157	IG-A
3	LV3003046950	blue	ST8	18.099	state_01	DCI	-1.17900618159547	IG-A
3	LV3003046950	brown	ST8	18.099	state_01	DCI	-13.0379047231161	IG-A
3	LV3003046950	green	ST8	18.099	state_01	DCI	0	IG-A
3	LV3003046965	grey	ST8	21.8323333333333	state_01	DCI	-1.41794507980092	IG-A
3	LV3003046965	green	ST8	21.8323333333333	state_01	DCI	-9.64674178166236	IG-A
3	LV3003046965	turquoise	ST8	21.8323333333333	state_01	DCI	-1.04973862986112	IG-A
3	LV3003046965	yellow	ST8	21.8323333333333	state_01	DCI	-1.38264589693754	IG-A
3	LV3003046965	blue	ST8	21.8323333333333	state_01	DCI	-1.756700467426	IG-A
3	LV3003046965	brown	ST8	21.8323333333333	state_01	DCI	-2.40037493574797	IG-A
3	LV3003046966	grey	ST8	17.373	state_01	DCI	-1.97304893735843	IG-A
3	LV3003046966	turquoise	ST8	17.373	state_01	DCI	-1.37575610717934	IG-A
3	LV3003046966	yellow	ST8	17.373	state_01	DCI	0.545012848918833	IG-A
3	LV3003046966	blue	ST8	17.373	state_01	DCI	-1.55839572561159	IG-A
3	LV3003046966	brown	ST8	17.373	state_01	DCI	-13.2375100934676	IG-A
3	LV3003046966	green	ST8	17.373	state_01	DCI	0	IG-A
3	LV3003046978	grey	ST8	21.296	state_01	DCI	-2.00787836436152	IG-A
3	LV3003046978	green	ST8	21.296	state_01	DCI	-9.80589994278034	IG-A
3	LV3003046978	turquoise	ST8	21.296	state_01	DCI	-1.15258209084834	IG-A
3	LV3003046978	yellow	ST8	21.296	state_01	DCI	-0.946324011708866	IG-A
3	LV3003046978	blue	ST8	21.296	state_01	DCI	-0.871594739237386	IG-A
3	LV3003046978	brown	ST8	21.296	state_01	DCI	-2.78620935765417	IG-A
3	LV3003046979	grey	ST8	16.461	state_01	DCI	-1.56855016495542	IG-A
3	LV3003046979	green	ST8	16.461	state_01	DCI	-9.43682985702845	IG-A
3	LV3003046979	turquoise	ST8	16.461	state_01	DCI	-0.944223144549749	IG-A
3	LV3003046979	yellow	ST8	16.461	state_01	DCI	-0.372675285285174	IG-A
3	LV3003046979	blue	ST8	16.461	state_01	DCI	-2.2623942124108	IG-A
3	LV3003046979	brown	ST8	16.461	state_01	DCI	-2.14196981478195	IG-A
3	LV3003046993	grey	ST8	20.719	state_01	DCI	-2.33484536650497	IG-A
3	LV3003046993	green	ST8	20.719	state_01	DCI	-9.34340256378262	IG-A
3	LV3003046993	turquoise	ST8	20.719	state_01	DCI	-2.1612357027109	IG-A
3	LV3003046993	yellow	ST8	20.719	state_01	DCI	-0.741880450580925	IG-A
3	LV3003046993	blue	ST8	20.719	state_01	DCI	0.565913421750644	IG-A
3	LV3003046993	brown	ST8	20.719	state_01	DCI	-2.49092973976315	IG-A
3	LV3003046994	turquoise	ST8	15.549	state_01	DCI	-2.41123134394714	IG-A
3	LV3003046994	grey	ST8	15.549	state_01	DCI	-2.48543101194107	IG-A
3	LV3003046994	yellow	ST8	15.549	state_01	DCI	-0.294154586957398	IG-A
3	LV3003046994	brown	ST8	15.549	state_01	DCI	-1.48927301012611	IG-A
3	LV3003046994	green	ST8	15.549	state_01	DCI	0	IG-A
3	LV3003046994	blue	ST8	15.549	state_01	DCI	0	IG-A
3	LV3003047009	grey	ST8	20.142	state_01	DCI	-2.80264737910133	IG-A
3	LV3003047009	turquoise	ST8	20.142	state_01	DCI	-3.00750763232747	IG-A
3	LV3003047009	yellow	ST8	20.142	state_01	DCI	-0.846969399224783	IG-A
3	LV3003047009	brown	ST8	20.142	state_01	DCI	-1.10705725497255	IG-A
3	LV3003047009	blue	ST8	20.142	state_01	DCI	-12.8189541778293	IG-A
3	LV3003047009	green	ST8	20.142	state_01	DCI	0	IG-A
3	LV3003047026	grey	ST8	19.565	state_01	DCI	-2.57490264936574	IG-A
3	LV3003047026	turquoise	ST8	19.565	state_01	DCI	-2.3601101053453	IG-A
3	LV3003047026	yellow	ST8	19.565	state_01	DCI	0.174135972207515	IG-A
3	LV3003047026	green	ST8	19.565	state_01	DCI	0	IG-A
3	LV3003047026	blue	ST8	19.565	state_01	DCI	0.220282319033178	IG-A
3	LV3003047026	brown	ST8	19.565	state_01	DCI	-1.97055873029017	IG-A
3	LV3003047041	grey	ST8	19.097	state_01	DCI	-1.7136305852023	IG-A
3	LV3003047041	turquoise	ST8	19.097	state_01	DCI	-1.51677076295939	IG-A
3	LV3003047041	yellow	ST8	19.097	state_01	DCI	-1.38006122230211	IG-A
3	LV3003047041	blue	ST8	19.097	state_01	DCI	-1.22234928370034	IG-A
3	LV3003047041	brown	ST8	19.097	state_01	DCI	-2.29330522006465	IG-A
3	LV3003047041	green	ST8	19.097	state_01	DCI	0	IG-A
3	LV3003047118	grey	ST8	24.528	state_01	DCI	-2.90601953046888	IG-A
3	LV3003047118	turquoise	ST8	24.528	state_01	DCI	-1.47309628054872	IG-A
3	LV3003047118	yellow	ST8	24.528	state_01	DCI	-1.67947510297466	IG-A
3	LV3003047118	blue	ST8	24.528	state_01	DCI	-1.11881499598563	IG-A
3	LV3003047118	brown	ST8	24.528	state_01	DCI	-14.1008619813396	IG-A
3	LV3003047118	green	ST8	24.528	state_01	DCI	0	IG-A
3	LV3003047132	grey	ST8	23.987	state_01	DCI	-1.54753892182855	IG-A
3	LV3003047132	green	ST8	23.987	state_01	DCI	-9.55086946068954	IG-A
3	LV3003047132	turquoise	ST8	23.987	state_01	DCI	-1.15026709618401	IG-A
3	LV3003047132	yellow	ST8	23.987	state_01	DCI	-1.48112750295396	IG-A
3	LV3003047132	blue	ST8	23.987	state_01	DCI	-1.32700482651375	IG-A
3	LV3003047132	brown	ST8	23.987	state_01	DCI	-13.1772039619799	IG-A
3	LV3003047145	turquoise	ST8	23.446	state_01	DCI	-1.53461233062765	IG-A
3	LV3003047145	grey	ST8	23.446	state_01	DCI	-1.89326860890428	IG-A
3	LV3003047145	yellow	ST8	23.446	state_01	DCI	-0.834952024564904	IG-A
3	LV3003047145	brown	ST8	23.446	state_01	DCI	-1.91656890116028	IG-A
3	LV3003047145	blue	ST8	23.446	state_01	DCI	1.05719146953545	IG-A
3	LV3003047145	green	ST8	23.446	state_01	DCI	0	IG-A
3	LV3003061477	grey	ST13	16.726	state_01	DCI	-1.66827931575819	IG-A
3	LV3003061477	green	ST13	16.726	state_01	DCI	-9.49761759277605	IG-A
3	LV3003061477	turquoise	ST13	16.726	state_01	DCI	-1.09461401455085	IG-A
3	LV3003061477	yellow	ST13	16.726	state_01	DCI	-2.05118336277935	IG-A
3	LV3003061477	blue	ST13	16.726	state_01	DCI	-1.78309699467806	IG-A
3	LV3003061477	brown	ST13	16.726	state_01	DCI	-12.6545781811379	IG-A
3	LV3003061492	grey	ST13	14.437	state_01	DCI	-1.56409300703794	IG-A
3	LV3003061492	green	ST13	14.437	state_01	DCI	-9.57472877358772	IG-A
3	LV3003061492	turquoise	ST13	14.437	state_01	DCI	-1.12273972506419	IG-A
3	LV3003061492	yellow	ST13	14.437	state_01	DCI	-1.78335605843168	IG-A
3	LV3003061492	blue	ST13	14.437	state_01	DCI	-1.84212285785239	IG-A
3	LV3003061492	brown	ST13	14.437	state_01	DCI	-2.77917375854662	IG-A
3	LV3003061506	grey	ST13	11.95	state_01	DCI	-2.80515809572532	IG-A
3	LV3003061506	turquoise	ST13	11.95	state_01	DCI	-3.48991882944449	IG-A
3	LV3003061506	yellow	ST13	11.95	state_01	DCI	-1.56021754821501	IG-A
3	LV3003061506	brown	ST13	11.95	state_01	DCI	-1.6282168164222	IG-A
3	LV3003061506	blue	ST13	11.95	state_01	DCI	12.9911802143277	IG-A
3	LV3003061506	green	ST13	11.95	state_01	DCI	0	IG-A
3	LV3003061518	grey	ST13	9.804	state_01	DCI	-2.03106795739562	IG-A
3	LV3003061518	green	ST13	9.804	state_01	DCI	-9.03775162764828	IG-A
3	LV3003061518	turquoise	ST13	9.804	state_01	DCI	-1.52367422480581	IG-A
3	LV3003061518	yellow	ST13	9.804	state_01	DCI	-1.76935136134455	IG-A
3	LV3003061518	blue	ST13	9.804	state_01	DCI	-0.00662802757841345	IG-A
3	LV3003061518	brown	ST13	9.804	state_01	DCI	-2.97559969492264	IG-A
3	LV3003061533	grey	ST13	7.912	state_01	DCI	-3.27809970182216	IG-A
3	LV3003061533	turquoise	ST13	7.912	state_01	DCI	-2.38195657014749	IG-A
3	LV3003061533	yellow	ST13	7.912	state_01	DCI	-1.10831168575682	IG-A
3	LV3003061533	brown	ST13	7.912	state_01	DCI	-1.8929341269532	IG-A
3	LV3003061533	blue	ST13	7.912	state_01	DCI	0	IG-A
3	LV3003061533	green	ST13	7.912	state_01	DCI	0	IG-A
3	LV3003061546	grey	ST13	7.197	state_01	DCI	-2.991216757321	IG-A
3	LV3003061546	turquoise	ST13	7.197	state_01	DCI	-2.47201877489188	IG-A
3	LV3003061546	yellow	ST13	7.197	state_01	DCI	-1.04868411938615	IG-A
3	LV3003061546	brown	ST13	7.197	state_01	DCI	-1.34434375324982	IG-A
3	LV3003061546	blue	ST13	7.197	state_01	DCI	-13.548307016856	IG-A
3	LV3003061546	green	ST13	7.197	state_01	DCI	0	IG-A
3	LV3003061572	grey	ST13	19.099	state_01	DCI	-0.401721396693841	IG-A
3	LV3003061572	green	ST13	19.099	state_01	DCI	-9.65025316187529	IG-A
3	LV3003061572	turquoise	ST13	19.099	state_01	DCI	-1.43540564183781	IG-A
3	LV3003061572	yellow	ST13	19.099	state_01	DCI	-2.08780088817682	IG-A
3	LV3003061572	blue	ST13	19.099	state_01	DCI	-1.80928181992026	IG-A
3	LV3003061572	brown	ST13	19.099	state_01	DCI	-3.20776014289243	IG-A
3	LV7001898064	grey	ST13	6.808	state_01	DCI	-2.28805713885312	IG-A
3	LV7001898064	turquoise	ST13	6.808	state_01	DCI	-2.6206187403478	IG-A
3	LV7001898064	yellow	ST13	6.808	state_01	DCI	-2.30153190700939	IG-A
3	LV7001898064	blue	ST13	6.808	state_01	DCI	0	IG-A
3	LV7001898064	brown	ST13	6.808	state_01	DCI	-1.37787045850114	IG-A
3	LV7001898064	green	ST13	6.808	state_01	DCI	0	IG-A
3	LV7001898076	grey	ST13	6.429	state_01	DCI	-1.15062670834141	IG-A
3	LV7001898076	green	ST13	6.429	state_01	DCI	-9.14000902971394	IG-A
3	LV7001898076	turquoise	ST13	6.429	state_01	DCI	-1.7648012489512	IG-A
3	LV7001898076	yellow	ST13	6.429	state_01	DCI	-1.67129369557156	IG-A
3	LV7001898076	blue	ST13	6.429	state_01	DCI	-1.14554172089009	IG-A
3	LV7001898076	brown	ST13	6.429	state_01	DCI	-2.37777386959895	IG-A
3	LV7001898088	grey	ST13	6.031	state_01	DCI	-1.37437974326833	IG-A
3	LV7001898088	green	ST13	6.031	state_01	DCI	-9.48886075666601	IG-A
3	LV7001898088	turquoise	ST13	6.031	state_01	DCI	-2.76791759072092	IG-A
3	LV7001898088	yellow	ST13	6.031	state_01	DCI	-1.05216868555696	IG-A
3	LV7001898088	blue	ST13	6.031	state_01	DCI	-1.9166989235557	IG-A
3	LV7001898088	brown	ST13	6.031	state_01	DCI	0	IG-A
3	LV7008886690	yellow	GeoB25202_R1	2.324	state_01	DCI	-12.8945711497407	IG-A
3	LV7008886690	turquoise	GeoB25202_R1	2.324	state_01	DCI	-2.74819907192927	IG-A
3	LV7008886690	grey	GeoB25202_R1	2.324	state_01	DCI	-3.6469045780414	IG-A
3	LV7008886690	brown	GeoB25202_R1	2.324	state_01	DCI	-1.80834081250009	IG-A
3	LV7008886690	blue	GeoB25202_R1	2.324	state_01	DCI	0	IG-A
3	LV7008886702	grey	GeoB25202_R2	2.324	state_01	DCI	-1.74711553382729	IG-A
3	LV7008886702	turquoise	GeoB25202_R2	2.324	state_01	DCI	-2.07709110336089	IG-A
3	LV7008886702	yellow	GeoB25202_R2	2.324	state_01	DCI	-1.99378034331175	IG-A
3	LV7008886702	blue	GeoB25202_R2	2.324	state_01	DCI	0	IG-A
3	LV7008886702	brown	GeoB25202_R2	2.324	state_01	DCI	-1.99409049021863	IG-A
3	LV7008886702	green	GeoB25202_R2	2.324	state_01	DCI	0	IG-A
3	LV7008886727	grey	GeoB25202_R1	16.4375	state_01	DCI	-1.82395244768906	IG-A
3	LV7008886727	green	GeoB25202_R1	16.4375	state_01	DCI	-9.53716739280705	IG-A
3	LV7008886727	turquoise	GeoB25202_R1	16.4375	state_01	DCI	-1.20209791030475	IG-A
3	LV7008886727	yellow	GeoB25202_R1	16.4375	state_01	DCI	-2.3108336716135	IG-A
3	LV7008886727	blue	GeoB25202_R1	16.4375	state_01	DCI	-2.04513400068963	IG-A
3	LV7008886727	brown	GeoB25202_R1	16.4375	state_01	DCI	-1.58178638110359	IG-A
3	LV7008886739	grey	GeoB25202_R2	16.4375	state_01	DCI	-1.25498677690502	IG-A
3	LV7008886739	green	GeoB25202_R2	16.4375	state_01	DCI	-9.73033450000434	IG-A
3	LV7008886739	turquoise	GeoB25202_R2	16.4375	state_01	DCI	-1.63183324074411	IG-A
3	LV7008886739	yellow	GeoB25202_R2	16.4375	state_01	DCI	-2.3409036922231	IG-A
3	LV7008886739	blue	GeoB25202_R2	16.4375	state_01	DCI	-1.99691761107002	IG-A
3	LV7008886739	brown	GeoB25202_R2	16.4375	state_01	DCI	-2.3764549415605	IG-A
3	LV7008886751	grey	GeoB25202_R1	7.1335	state_01	DCI	-3.47612883346969	IG-A
3	LV7008886751	turquoise	GeoB25202_R1	7.1335	state_01	DCI	-1.92345493844566	IG-A
3	LV7008886751	yellow	GeoB25202_R1	7.1335	state_01	DCI	-11.8472559837623	IG-A
3	LV7008886751	brown	GeoB25202_R1	7.1335	state_01	DCI	-2.06467469000932	IG-A
3	LV7008886751	blue	GeoB25202_R1	7.1335	state_01	DCI	0	IG-A
3	LV7008886751	green	GeoB25202_R1	7.1335	state_01	DCI	0	IG-A
3	LV7008886763	grey	GeoB25202_R2	7.1335	state_01	DCI	-2.96359106434219	IG-A
3	LV7008886763	yellow	GeoB25202_R2	7.1335	state_01	DCI	-11.9503047110492	IG-A
3	LV7008886763	turquoise	GeoB25202_R2	7.1335	state_01	DCI	-2.4107882797596	IG-A
3	LV7008886763	brown	GeoB25202_R2	7.1335	state_01	DCI	-2.07161839968158	IG-A
3	LV3003046936	grey	ST8	22.905	state_01	MII	-2.04788219937426	IG-A
3	LV3003046936	green	ST8	22.905	state_01	MII	-14.8444145149395	IG-A
3	LV3003046936	turquoise	ST8	22.905	state_01	MII	-2.78226734704039	IG-A
3	LV3003046936	yellow	ST8	22.905	state_01	MII	-3.12006016143429	IG-A
3	LV3003046936	blue	ST8	22.905	state_01	MII	-3.13181182584738	IG-A
3	LV3003046936	brown	ST8	22.905	state_01	MII	-1.39924398415191	IG-A
3	LV3003046937	grey	ST8	18.598	state_01	MII	-2.37571047628578	IG-A
3	LV3003046937	turquoise	ST8	18.598	state_01	MII	-3.01974613331642	IG-A
3	LV3003046937	yellow	ST8	18.598	state_01	MII	-3.26889759611624	IG-A
3	LV3003046937	blue	ST8	18.598	state_01	MII	-3.57545774122419	IG-A
3	LV3003046937	brown	ST8	18.598	state_01	MII	-2.39564808084147	IG-A
3	LV3003046937	green	ST8	18.598	state_01	MII	-14.823030483124	IG-A
3	LV3003046949	grey	ST8	22.3686666666667	state_01	MII	-1.90469518725617	IG-A
3	LV3003046949	green	ST8	22.3686666666667	state_01	MII	-14.8514224782174	IG-A
3	LV3003046949	turquoise	ST8	22.3686666666667	state_01	MII	-2.736639422607	IG-A
3	LV3003046949	yellow	ST8	22.3686666666667	state_01	MII	-3.08234098709662	IG-A
3	LV3003046949	blue	ST8	22.3686666666667	state_01	MII	-3.29316170394742	IG-A
3	LV3003046949	brown	ST8	22.3686666666667	state_01	MII	-1.94161276384277	IG-A
3	LV3003046950	grey	ST8	18.099	state_01	MII	-2.08913473178848	IG-A
3	LV3003046950	turquoise	ST8	18.099	state_01	MII	-3.31827889204565	IG-A
3	LV3003046950	yellow	ST8	18.099	state_01	MII	-3.19910736189328	IG-A
3	LV3003046950	blue	ST8	18.099	state_01	MII	-2.61187194243039	IG-A
3	LV3003046950	brown	ST8	18.099	state_01	MII	-2.06268981121691	IG-A
3	LV3003046950	green	ST8	18.099	state_01	MII	-14.8961413706237	IG-A
3	LV3003046965	grey	ST8	21.8323333333333	state_01	MII	-2.0287855970925	IG-A
3	LV3003046965	green	ST8	21.8323333333333	state_01	MII	-14.8575966950158	IG-A
3	LV3003046965	turquoise	ST8	21.8323333333333	state_01	MII	-2.71347364491866	IG-A
3	LV3003046965	yellow	ST8	21.8323333333333	state_01	MII	-2.94352608109502	IG-A
3	LV3003046965	blue	ST8	21.8323333333333	state_01	MII	-3.1540319843831	IG-A
3	LV3003046965	brown	ST8	21.8323333333333	state_01	MII	-1.63197138139758	IG-A
3	LV3003046966	grey	ST8	17.373	state_01	MII	-2.01486112899946	IG-A
3	LV3003046966	turquoise	ST8	17.373	state_01	MII	-2.93935816437223	IG-A
3	LV3003046966	yellow	ST8	17.373	state_01	MII	-3.0155113467759	IG-A
3	LV3003046966	blue	ST8	17.373	state_01	MII	-2.40161195967212	IG-A
3	LV3003046966	brown	ST8	17.373	state_01	MII	-1.53160068258893	IG-A
3	LV3003046966	green	ST8	17.373	state_01	MII	-14.9812484355291	IG-A
3	LV3003046978	grey	ST8	21.296	state_01	MII	-1.9473076388225	IG-A
3	LV3003046978	green	ST8	21.296	state_01	MII	-14.8373614860081	IG-A
3	LV3003046978	turquoise	ST8	21.296	state_01	MII	-2.48749821798025	IG-A
3	LV3003046978	yellow	ST8	21.296	state_01	MII	-3.01387738524677	IG-A
3	LV3003046978	blue	ST8	21.296	state_01	MII	-2.919772496211	IG-A
3	LV3003046978	brown	ST8	21.296	state_01	MII	-1.81476150411556	IG-A
3	LV3003046979	grey	ST8	16.461	state_01	MII	-1.53879924463283	IG-A
3	LV3003046979	green	ST8	16.461	state_01	MII	-14.7317876583388	IG-A
3	LV3003046979	turquoise	ST8	16.461	state_01	MII	-3.19651554080892	IG-A
3	LV3003046979	yellow	ST8	16.461	state_01	MII	-3.04518994993031	IG-A
3	LV3003046979	blue	ST8	16.461	state_01	MII	-14.9510546657124	IG-A
3	LV3003046979	brown	ST8	16.461	state_01	MII	-1.23741245253123	IG-A
3	LV3003046993	grey	ST8	20.719	state_01	MII	-2.19862462350392	IG-A
3	LV3003046993	green	ST8	20.719	state_01	MII	-14.7961885520477	IG-A
3	LV3003046993	turquoise	ST8	20.719	state_01	MII	-3.02028367919306	IG-A
3	LV3003046993	yellow	ST8	20.719	state_01	MII	-3.06521090274778	IG-A
3	LV3003046993	blue	ST8	20.719	state_01	MII	-4.35491570730295	IG-A
3	LV3003046993	brown	ST8	20.719	state_01	MII	-0.38018252469442	IG-A
3	LV3003046994	turquoise	ST8	15.549	state_01	MII	-3.01506205965689	IG-A
3	LV3003046994	grey	ST8	15.549	state_01	MII	-2.04276496294117	IG-A
3	LV3003046994	yellow	ST8	15.549	state_01	MII	-3.20635329986931	IG-A
3	LV3003046994	brown	ST8	15.549	state_01	MII	-0.54155684762376	IG-A
3	LV3003046994	green	ST8	15.549	state_01	MII	-14.3691642164969	IG-A
3	LV3003046994	blue	ST8	15.549	state_01	MII	-14.9141228466324	IG-A
3	LV3003047009	grey	ST8	20.142	state_01	MII	-2.04503425783258	IG-A
3	LV3003047009	turquoise	ST8	20.142	state_01	MII	-2.72572936260339	IG-A
3	LV3003047009	yellow	ST8	20.142	state_01	MII	-3.27601524517545	IG-A
3	LV3003047009	brown	ST8	20.142	state_01	MII	-0.976349033122434	IG-A
3	LV3003047009	blue	ST8	20.142	state_01	MII	-3.49752392500554	IG-A
3	LV3003047009	green	ST8	20.142	state_01	MII	-14.4222039305482	IG-A
3	LV3003047026	grey	ST8	19.565	state_01	MII	-2.26585567166326	IG-A
3	LV3003047026	turquoise	ST8	19.565	state_01	MII	-2.56370560051748	IG-A
3	LV3003047026	yellow	ST8	19.565	state_01	MII	-3.20168744812207	IG-A
3	LV3003047026	green	ST8	19.565	state_01	MII	-14.7547065514173	IG-A
3	LV3003047026	blue	ST8	19.565	state_01	MII	-4.45295891217541	IG-A
3	LV3003047026	brown	ST8	19.565	state_01	MII	-1.04078371725926	IG-A
3	LV3003047041	grey	ST8	19.097	state_01	MII	-2.3524918254163	IG-A
3	LV3003047041	turquoise	ST8	19.097	state_01	MII	-2.76318073937515	IG-A
3	LV3003047041	yellow	ST8	19.097	state_01	MII	-3.29662064188456	IG-A
3	LV3003047041	blue	ST8	19.097	state_01	MII	-3.29265661434389	IG-A
3	LV3003047041	brown	ST8	19.097	state_01	MII	-1.61904360188323	IG-A
3	LV3003047041	green	ST8	19.097	state_01	MII	-14.8273221675526	IG-A
3	LV3003047118	grey	ST8	24.528	state_01	MII	-2.10914407774569	IG-A
3	LV3003047118	turquoise	ST8	24.528	state_01	MII	-2.95196680759794	IG-A
3	LV3003047118	yellow	ST8	24.528	state_01	MII	-3.32645752303318	IG-A
3	LV3003047118	blue	ST8	24.528	state_01	MII	-3.55549467830663	IG-A
3	LV3003047118	brown	ST8	24.528	state_01	MII	-3.85747364180213	IG-A
3	LV3003047118	green	ST8	24.528	state_01	MII	-14.8459763462223	IG-A
3	LV3003047132	grey	ST8	23.987	state_01	MII	-1.99180946812251	IG-A
3	LV3003047132	green	ST8	23.987	state_01	MII	-14.8691225401301	IG-A
3	LV3003047132	turquoise	ST8	23.987	state_01	MII	-2.90436696792948	IG-A
3	LV3003047132	yellow	ST8	23.987	state_01	MII	-2.98299736535314	IG-A
3	LV3003047132	blue	ST8	23.987	state_01	MII	-3.22356941142706	IG-A
3	LV3003047132	brown	ST8	23.987	state_01	MII	-1.63954439314123	IG-A
3	LV3003047145	turquoise	ST8	23.446	state_01	MII	-2.60471546026926	IG-A
3	LV3003047145	grey	ST8	23.446	state_01	MII	-2.2223140853139	IG-A
3	LV3003047145	yellow	ST8	23.446	state_01	MII	-3.26388255100145	IG-A
3	LV3003047145	brown	ST8	23.446	state_01	MII	-0.449776741347639	IG-A
3	LV3003047145	blue	ST8	23.446	state_01	MII	-4.04289320255326	IG-A
3	LV3003047145	green	ST8	23.446	state_01	MII	-14.8772016458462	IG-A
3	LV3003061477	grey	ST13	16.726	state_01	MII	-2.07467629089662	IG-A
3	LV3003061477	green	ST13	16.726	state_01	MII	-14.8062062181933	IG-A
3	LV3003061477	turquoise	ST13	16.726	state_01	MII	-2.76632948885648	IG-A
3	LV3003061477	yellow	ST13	16.726	state_01	MII	-3.0763106292385	IG-A
3	LV3003061477	blue	ST13	16.726	state_01	MII	-3.50784157411584	IG-A
3	LV3003061477	brown	ST13	16.726	state_01	MII	-1.95579100146218	IG-A
3	LV3003061492	grey	ST13	14.437	state_01	MII	-2.32212711226031	IG-A
3	LV3003061492	green	ST13	14.437	state_01	MII	-14.8153568959417	IG-A
3	LV3003061492	turquoise	ST13	14.437	state_01	MII	-3.05595037827434	IG-A
3	LV3003061492	yellow	ST13	14.437	state_01	MII	-3.49479746453036	IG-A
3	LV3003061492	blue	ST13	14.437	state_01	MII	-3.48208203234633	IG-A
3	LV3003061492	brown	ST13	14.437	state_01	MII	-1.12973219738191	IG-A
3	LV3003061506	grey	ST13	11.95	state_01	MII	-1.60337667329626	IG-A
3	LV3003061506	turquoise	ST13	11.95	state_01	MII	-2.56851159138853	IG-A
3	LV3003061506	yellow	ST13	11.95	state_01	MII	-2.90782115793713	IG-A
3	LV3003061506	brown	ST13	11.95	state_01	MII	-0.498018697417604	IG-A
3	LV3003061506	blue	ST13	11.95	state_01	MII	-2.89833992754534	IG-A
3	LV3003061506	green	ST13	11.95	state_01	MII	-14.4519206079192	IG-A
3	LV3003061518	grey	ST13	9.804	state_01	MII	-2.29150620599683	IG-A
3	LV3003061518	green	ST13	9.804	state_01	MII	-14.7793887544709	IG-A
3	LV3003061518	turquoise	ST13	9.804	state_01	MII	-3.18789601277912	IG-A
3	LV3003061518	yellow	ST13	9.804	state_01	MII	-3.10365457123243	IG-A
3	LV3003061518	blue	ST13	9.804	state_01	MII	-3.32034038906024	IG-A
3	LV3003061518	brown	ST13	9.804	state_01	MII	-2.64884267543165	IG-A
3	LV3003061533	grey	ST13	7.912	state_01	MII	-0.733658152675084	IG-A
3	LV3003061533	turquoise	ST13	7.912	state_01	MII	-2.57368555366133	IG-A
3	LV3003061533	yellow	ST13	7.912	state_01	MII	-3.83415120484893	IG-A
3	LV3003061533	brown	ST13	7.912	state_01	MII	-1.08071979916963	IG-A
3	LV3003061533	blue	ST13	7.912	state_01	MII	-2.20689984285964	IG-A
3	LV3003061533	green	ST13	7.912	state_01	MII	-14.497728667992	IG-A
3	LV3003061546	grey	ST13	7.197	state_01	MII	-0.685584940177211	IG-A
3	LV3003061546	turquoise	ST13	7.197	state_01	MII	-2.75233320321272	IG-A
3	LV3003061546	yellow	ST13	7.197	state_01	MII	-3.43500003374121	IG-A
3	LV3003061546	brown	ST13	7.197	state_01	MII	-1.15586474691833	IG-A
3	LV3003061546	blue	ST13	7.197	state_01	MII	-13.4308617619831	IG-A
3	LV3003061546	green	ST13	7.197	state_01	MII	-14.2209756660724	IG-A
3	LV3003061572	grey	ST13	19.099	state_01	MII	-1.9534795014165	IG-A
3	LV3003061572	green	ST13	19.099	state_01	MII	-14.8426333659789	IG-A
3	LV3003061572	turquoise	ST13	19.099	state_01	MII	-2.82516574407019	IG-A
3	LV3003061572	yellow	ST13	19.099	state_01	MII	-3.16384280514148	IG-A
3	LV3003061572	blue	ST13	19.099	state_01	MII	-3.40320924539532	IG-A
3	LV3003061572	brown	ST13	19.099	state_01	MII	-1.25027540502357	IG-A
3	LV7001898064	grey	ST13	6.808	state_01	MII	-1.50169118812429	IG-A
3	LV7001898064	turquoise	ST13	6.808	state_01	MII	-2.44806916458324	IG-A
3	LV7001898064	yellow	ST13	6.808	state_01	MII	-3.04801885489054	IG-A
3	LV7001898064	blue	ST13	6.808	state_01	MII	-3.45987712206963	IG-A
3	LV7001898064	brown	ST13	6.808	state_01	MII	-1.52994395636447	IG-A
3	LV7001898064	green	ST13	6.808	state_01	MII	-14.8128842105919	IG-A
3	LV7001898076	grey	ST13	6.429	state_01	MII	-1.26166733145194	IG-A
3	LV7001898076	green	ST13	6.429	state_01	MII	-14.7650036084104	IG-A
3	LV7001898076	turquoise	ST13	6.429	state_01	MII	-2.73401456330911	IG-A
3	LV7001898076	yellow	ST13	6.429	state_01	MII	-3.07265849548882	IG-A
3	LV7001898076	blue	ST13	6.429	state_01	MII	-3.14108404362627	IG-A
3	LV7001898076	brown	ST13	6.429	state_01	MII	-0.404154491931044	IG-A
3	LV7001898088	grey	ST13	6.031	state_01	MII	-2.51769802719657	IG-A
3	LV7001898088	green	ST13	6.031	state_01	MII	-14.7673657474388	IG-A
3	LV7001898088	turquoise	ST13	6.031	state_01	MII	-2.49542502728169	IG-A
3	LV7001898088	yellow	ST13	6.031	state_01	MII	-3.21298095898408	IG-A
3	LV7001898088	blue	ST13	6.031	state_01	MII	-2.72365431689886	IG-A
3	LV7001898088	brown	ST13	6.031	state_01	MII	13.1184494780832	IG-A
3	LV7008886690	yellow	GeoB25202_R1	2.324	state_01	MII	-3.53637216003041	IG-A
3	LV7008886690	turquoise	GeoB25202_R1	2.324	state_01	MII	-2.33991423288273	IG-A
3	LV7008886690	grey	GeoB25202_R1	2.324	state_01	MII	-0.177347544105077	IG-A
3	LV7008886690	brown	GeoB25202_R1	2.324	state_01	MII	-2.80638433610086	IG-A
3	LV7008886690	blue	GeoB25202_R1	2.324	state_01	MII	-16.8600329956877	IG-A
3	LV7008886702	grey	GeoB25202_R2	2.324	state_01	MII	-1.25028975466843	IG-A
3	LV7008886702	turquoise	GeoB25202_R2	2.324	state_01	MII	-2.43682857612171	IG-A
3	LV7008886702	yellow	GeoB25202_R2	2.324	state_01	MII	-3.463227777797	IG-A
3	LV7008886702	blue	GeoB25202_R2	2.324	state_01	MII	-2.77105693741129	IG-A
3	LV7008886702	brown	GeoB25202_R2	2.324	state_01	MII	-1.69383800491796	IG-A
3	LV7008886702	green	GeoB25202_R2	2.324	state_01	MII	-14.8716647643334	IG-A
3	LV7008886727	grey	GeoB25202_R1	16.4375	state_01	MII	-2.52037805521028	IG-A
3	LV7008886727	green	GeoB25202_R1	16.4375	state_01	MII	-14.8315817781191	IG-A
3	LV7008886727	turquoise	GeoB25202_R1	16.4375	state_01	MII	-2.59186224688669	IG-A
3	LV7008886727	yellow	GeoB25202_R1	16.4375	state_01	MII	-3.25476120991369	IG-A
3	LV7008886727	blue	GeoB25202_R1	16.4375	state_01	MII	-3.29965237626108	IG-A
3	LV7008886727	brown	GeoB25202_R1	16.4375	state_01	MII	-1.00977067154175	IG-A
3	LV7008886739	grey	GeoB25202_R2	16.4375	state_01	MII	-2.37109065791748	IG-A
3	LV7008886739	green	GeoB25202_R2	16.4375	state_01	MII	-14.8148513578076	IG-A
3	LV7008886739	turquoise	GeoB25202_R2	16.4375	state_01	MII	-2.72529809647703	IG-A
3	LV7008886739	yellow	GeoB25202_R2	16.4375	state_01	MII	-3.20234913938667	IG-A
3	LV7008886739	blue	GeoB25202_R2	16.4375	state_01	MII	-3.33716303713133	IG-A
3	LV7008886739	brown	GeoB25202_R2	16.4375	state_01	MII	-0.534121939109203	IG-A
3	LV7008886751	grey	GeoB25202_R1	7.1335	state_01	MII	-1.30910419369065	IG-A
3	LV7008886751	turquoise	GeoB25202_R1	7.1335	state_01	MII	-2.5129775257913	IG-A
3	LV7008886751	yellow	GeoB25202_R1	7.1335	state_01	MII	-3.04312870927482	IG-A
3	LV7008886751	brown	GeoB25202_R1	7.1335	state_01	MII	-0.905824138748292	IG-A
3	LV7008886751	blue	GeoB25202_R1	7.1335	state_01	MII	-15.7636947273287	IG-A
3	LV7008886751	green	GeoB25202_R1	7.1335	state_01	MII	-15.0450539084166	IG-A
3	LV7008886763	grey	GeoB25202_R2	7.1335	state_01	MII	-0.266565358137588	IG-A
3	LV7008886763	yellow	GeoB25202_R2	7.1335	state_01	MII	-3.56719120153849	IG-A
3	LV7008886763	turquoise	GeoB25202_R2	7.1335	state_01	MII	-2.46270172272373	IG-A
3	LV7008886763	brown	GeoB25202_R2	7.1335	state_01	MII	-0.911981911078604	IG-A
3	LV3003046936	grey	ST8	22.905	state_01	SRPI	-0.711132975116614	IG-A
3	LV3003046936	green	ST8	22.905	state_01	SRPI	-1.73412711968516	IG-A
3	LV3003046936	turquoise	ST8	22.905	state_01	SRPI	-0.895281421233468	IG-A
3	LV3003046936	yellow	ST8	22.905	state_01	SRPI	-0.832524971519603	IG-A
3	LV3003046936	blue	ST8	22.905	state_01	SRPI	-1.60079296787427	IG-A
3	LV3003046936	brown	ST8	22.905	state_01	SRPI	-0.569978096016427	IG-A
3	LV3003046937	grey	ST8	18.598	state_01	SRPI	-0.603351381294148	IG-A
3	LV3003046937	turquoise	ST8	18.598	state_01	SRPI	-0.826130996197733	IG-A
3	LV3003046937	yellow	ST8	18.598	state_01	SRPI	-0.989129096468764	IG-A
3	LV3003046937	blue	ST8	18.598	state_01	SRPI	-0.732315401990802	IG-A
3	LV3003046937	brown	ST8	18.598	state_01	SRPI	-0.674738424445246	IG-A
3	LV3003046937	green	ST8	18.598	state_01	SRPI	-2.41873499337788	IG-A
3	LV3003046949	grey	ST8	22.3686666666667	state_01	SRPI	-0.612744661966671	IG-A
3	LV3003046949	green	ST8	22.3686666666667	state_01	SRPI	-1.53632842076465	IG-A
3	LV3003046949	turquoise	ST8	22.3686666666667	state_01	SRPI	-0.754219515335145	IG-A
3	LV3003046949	yellow	ST8	22.3686666666667	state_01	SRPI	-0.893869722150429	IG-A
3	LV3003046949	blue	ST8	22.3686666666667	state_01	SRPI	-1.55351022234329	IG-A
3	LV3003046949	brown	ST8	22.3686666666667	state_01	SRPI	-0.204515128234915	IG-A
3	LV3003046950	grey	ST8	18.099	state_01	SRPI	-0.891278112827606	IG-A
3	LV3003046950	turquoise	ST8	18.099	state_01	SRPI	-1.03952761499423	IG-A
3	LV3003046950	yellow	ST8	18.099	state_01	SRPI	-1.09751680039361	IG-A
3	LV3003046950	blue	ST8	18.099	state_01	SRPI	-1.15936913856933	IG-A
3	LV3003046950	brown	ST8	18.099	state_01	SRPI	-0.775958346673776	IG-A
3	LV3003046950	green	ST8	18.099	state_01	SRPI	-1.94070392555537	IG-A
3	LV3003046965	grey	ST8	21.8323333333333	state_01	SRPI	-0.715108801490475	IG-A
3	LV3003046965	green	ST8	21.8323333333333	state_01	SRPI	-1.55506283986236	IG-A
3	LV3003046965	turquoise	ST8	21.8323333333333	state_01	SRPI	-0.891074662704029	IG-A
3	LV3003046965	yellow	ST8	21.8323333333333	state_01	SRPI	-1.00221185045887	IG-A
3	LV3003046965	blue	ST8	21.8323333333333	state_01	SRPI	-1.38201345626399	IG-A
3	LV3003046965	brown	ST8	21.8323333333333	state_01	SRPI	-1.0278503690124	IG-A
3	LV3003046966	grey	ST8	17.373	state_01	SRPI	-0.915370268356808	IG-A
3	LV3003046966	turquoise	ST8	17.373	state_01	SRPI	-0.932354851245855	IG-A
3	LV3003046966	yellow	ST8	17.373	state_01	SRPI	-1.18176240431305	IG-A
3	LV3003046966	blue	ST8	17.373	state_01	SRPI	-0.885283086406904	IG-A
3	LV3003046966	brown	ST8	17.373	state_01	SRPI	-0.908974767144237	IG-A
3	LV3003046966	green	ST8	17.373	state_01	SRPI	-1.68121315877147	IG-A
3	LV3003046978	grey	ST8	21.296	state_01	SRPI	-0.301975456584403	IG-A
3	LV3003046978	green	ST8	21.296	state_01	SRPI	-1.70880835077006	IG-A
3	LV3003046978	turquoise	ST8	21.296	state_01	SRPI	-0.728375609763951	IG-A
3	LV3003046978	yellow	ST8	21.296	state_01	SRPI	-0.930084675498082	IG-A
3	LV3003046978	blue	ST8	21.296	state_01	SRPI	-1.09015190219657	IG-A
3	LV3003046978	brown	ST8	21.296	state_01	SRPI	-0.763021029791344	IG-A
3	LV3003046979	grey	ST8	16.461	state_01	SRPI	-0.686789806492018	IG-A
3	LV3003046979	green	ST8	16.461	state_01	SRPI	-1.13174003978763	IG-A
3	LV3003046979	turquoise	ST8	16.461	state_01	SRPI	-0.78878534952628	IG-A
3	LV3003046979	yellow	ST8	16.461	state_01	SRPI	-1.19196187026948	IG-A
3	LV3003046979	blue	ST8	16.461	state_01	SRPI	-0.570087901931071	IG-A
3	LV3003046979	brown	ST8	16.461	state_01	SRPI	-1.20998799393723	IG-A
3	LV3003046993	grey	ST8	20.719	state_01	SRPI	-0.351581124516695	IG-A
3	LV3003046993	green	ST8	20.719	state_01	SRPI	-1.16232826865256	IG-A
3	LV3003046993	turquoise	ST8	20.719	state_01	SRPI	-0.761741477304922	IG-A
3	LV3003046993	yellow	ST8	20.719	state_01	SRPI	-1.00715698213665	IG-A
3	LV3003046993	blue	ST8	20.719	state_01	SRPI	-1.5569308377327	IG-A
3	LV3003046993	brown	ST8	20.719	state_01	SRPI	-0.571766267968235	IG-A
3	LV3003046994	turquoise	ST8	15.549	state_01	SRPI	-0.583595831559425	IG-A
3	LV3003046994	grey	ST8	15.549	state_01	SRPI	-0.21418554537334	IG-A
3	LV3003046994	yellow	ST8	15.549	state_01	SRPI	-0.919519268742272	IG-A
3	LV3003046994	brown	ST8	15.549	state_01	SRPI	-0.968360187687524	IG-A
3	LV3003046994	green	ST8	15.549	state_01	SRPI	-1.15788050797911	IG-A
3	LV3003046994	blue	ST8	15.549	state_01	SRPI	-9.21034037197618	IG-A
3	LV3003047009	grey	ST8	20.142	state_01	SRPI	0.141435970583063	IG-A
3	LV3003047009	turquoise	ST8	20.142	state_01	SRPI	-0.673970618080117	IG-A
3	LV3003047009	yellow	ST8	20.142	state_01	SRPI	-1.16350470387096	IG-A
3	LV3003047009	brown	ST8	20.142	state_01	SRPI	-0.78082626909115	IG-A
3	LV3003047009	blue	ST8	20.142	state_01	SRPI	-2.3743745743362	IG-A
3	LV3003047009	green	ST8	20.142	state_01	SRPI	-1.35051766532587	IG-A
3	LV3003047026	grey	ST8	19.565	state_01	SRPI	-0.141515681552216	IG-A
3	LV3003047026	turquoise	ST8	19.565	state_01	SRPI	-0.71580358647399	IG-A
3	LV3003047026	yellow	ST8	19.565	state_01	SRPI	-1.20996842400658	IG-A
3	LV3003047026	green	ST8	19.565	state_01	SRPI	-1.42165633954392	IG-A
3	LV3003047026	blue	ST8	19.565	state_01	SRPI	-1.8122786176294	IG-A
3	LV3003047026	brown	ST8	19.565	state_01	SRPI	-0.883450640337026	IG-A
3	LV3003047041	grey	ST8	19.097	state_01	SRPI	-0.6156228463962	IG-A
3	LV3003047041	turquoise	ST8	19.097	state_01	SRPI	-0.780423407250528	IG-A
3	LV3003047041	yellow	ST8	19.097	state_01	SRPI	-0.977227901144779	IG-A
3	LV3003047041	blue	ST8	19.097	state_01	SRPI	-1.47140385270816	IG-A
3	LV3003047041	brown	ST8	19.097	state_01	SRPI	-0.818938274628924	IG-A
3	LV3003047041	green	ST8	19.097	state_01	SRPI	-1.59947162439321	IG-A
3	LV3003047118	grey	ST8	24.528	state_01	SRPI	-0.199503912255271	IG-A
3	LV3003047118	turquoise	ST8	24.528	state_01	SRPI	-0.914717568524038	IG-A
3	LV3003047118	yellow	ST8	24.528	state_01	SRPI	-0.872941642027433	IG-A
3	LV3003047118	blue	ST8	24.528	state_01	SRPI	-1.21487823921638	IG-A
3	LV3003047118	brown	ST8	24.528	state_01	SRPI	-0.773533040996788	IG-A
3	LV3003047118	green	ST8	24.528	state_01	SRPI	-1.56874767046278	IG-A
3	LV3003047132	grey	ST8	23.987	state_01	SRPI	-0.754783185783192	IG-A
3	LV3003047132	green	ST8	23.987	state_01	SRPI	-1.50407032883854	IG-A
3	LV3003047132	turquoise	ST8	23.987	state_01	SRPI	-0.936717604174988	IG-A
3	LV3003047132	yellow	ST8	23.987	state_01	SRPI	-1.03366001916593	IG-A
3	LV3003047132	blue	ST8	23.987	state_01	SRPI	-1.43379940188139	IG-A
3	LV3003047132	brown	ST8	23.987	state_01	SRPI	-0.67023221242542	IG-A
3	LV3003047145	turquoise	ST8	23.446	state_01	SRPI	-0.786584306753146	IG-A
3	LV3003047145	grey	ST8	23.446	state_01	SRPI	-0.0845964315917088	IG-A
3	LV3003047145	yellow	ST8	23.446	state_01	SRPI	-0.933350746644384	IG-A
3	LV3003047145	brown	ST8	23.446	state_01	SRPI	-0.655095445645878	IG-A
3	LV3003047145	blue	ST8	23.446	state_01	SRPI	-2.41237660547207	IG-A
3	LV3003047145	green	ST8	23.446	state_01	SRPI	-1.98503921903675	IG-A
3	LV3003061477	grey	ST13	16.726	state_01	SRPI	-0.800619236431635	IG-A
3	LV3003061477	green	ST13	16.726	state_01	SRPI	-1.49608345999598	IG-A
3	LV3003061477	turquoise	ST13	16.726	state_01	SRPI	-0.870582646824382	IG-A
3	LV3003061477	yellow	ST13	16.726	state_01	SRPI	-1.0927926315348	IG-A
3	LV3003061477	blue	ST13	16.726	state_01	SRPI	-1.55347273948684	IG-A
3	LV3003061477	brown	ST13	16.726	state_01	SRPI	-0.705562738075235	IG-A
3	LV3003061492	grey	ST13	14.437	state_01	SRPI	-0.803571342388757	IG-A
3	LV3003061492	green	ST13	14.437	state_01	SRPI	-1.79316352385668	IG-A
3	LV3003061492	turquoise	ST13	14.437	state_01	SRPI	-0.928404681576657	IG-A
3	LV3003061492	yellow	ST13	14.437	state_01	SRPI	-0.872729162984517	IG-A
3	LV3003061492	blue	ST13	14.437	state_01	SRPI	-1.49737397127164	IG-A
3	LV3003061492	brown	ST13	14.437	state_01	SRPI	-0.678506737904592	IG-A
3	LV3003061506	grey	ST13	11.95	state_01	SRPI	-0.592954170023243	IG-A
3	LV3003061506	turquoise	ST13	11.95	state_01	SRPI	-0.914613426370791	IG-A
3	LV3003061506	yellow	ST13	11.95	state_01	SRPI	-1.38777984092446	IG-A
3	LV3003061506	brown	ST13	11.95	state_01	SRPI	-0.581934572880155	IG-A
3	LV3003061506	blue	ST13	11.95	state_01	SRPI	-1.52752632096242	IG-A
3	LV3003061506	green	ST13	11.95	state_01	SRPI	-0.447493184755005	IG-A
3	LV3003061518	grey	ST13	9.804	state_01	SRPI	-1.02204608681775	IG-A
3	LV3003061518	green	ST13	9.804	state_01	SRPI	-1.49621610676756	IG-A
3	LV3003061518	turquoise	ST13	9.804	state_01	SRPI	-1.09142396934366	IG-A
3	LV3003061518	yellow	ST13	9.804	state_01	SRPI	-1.23708955345838	IG-A
3	LV3003061518	blue	ST13	9.804	state_01	SRPI	-1.74992539638566	IG-A
3	LV3003061518	brown	ST13	9.804	state_01	SRPI	-0.790640925309569	IG-A
3	LV3003061533	grey	ST13	7.912	state_01	SRPI	-0.456674360770612	IG-A
3	LV3003061533	turquoise	ST13	7.912	state_01	SRPI	-0.679451903560153	IG-A
3	LV3003061533	yellow	ST13	7.912	state_01	SRPI	-1.26931691879246	IG-A
3	LV3003061533	brown	ST13	7.912	state_01	SRPI	-0.904332872070574	IG-A
3	LV3003061533	blue	ST13	7.912	state_01	SRPI	-9.21034037197618	IG-A
3	LV3003061533	green	ST13	7.912	state_01	SRPI	-0.753508658457717	IG-A
3	LV3003061546	grey	ST13	7.197	state_01	SRPI	-0.399988698642122	IG-A
3	LV3003061546	turquoise	ST13	7.197	state_01	SRPI	-0.587014619940853	IG-A
3	LV3003061546	yellow	ST13	7.197	state_01	SRPI	-1.25362014972477	IG-A
3	LV3003061546	brown	ST13	7.197	state_01	SRPI	-0.852201576992256	IG-A
3	LV3003061546	blue	ST13	7.197	state_01	SRPI	-2.7205490648543	IG-A
3	LV3003061546	green	ST13	7.197	state_01	SRPI	-9.21034037197618	IG-A
3	LV3003061572	grey	ST13	19.099	state_01	SRPI	-0.795130247795582	IG-A
3	LV3003061572	green	ST13	19.099	state_01	SRPI	-1.52782295812444	IG-A
3	LV3003061572	turquoise	ST13	19.099	state_01	SRPI	-0.967888992735486	IG-A
3	LV3003061572	yellow	ST13	19.099	state_01	SRPI	-0.994663342477991	IG-A
3	LV3003061572	blue	ST13	19.099	state_01	SRPI	-1.71706551582444	IG-A
3	LV3003061572	brown	ST13	19.099	state_01	SRPI	-0.336304559865925	IG-A
3	LV7001898064	grey	ST13	6.808	state_01	SRPI	-0.642513029880175	IG-A
3	LV7001898064	turquoise	ST13	6.808	state_01	SRPI	-0.763319521646299	IG-A
3	LV7001898064	yellow	ST13	6.808	state_01	SRPI	-1.07222993160892	IG-A
3	LV7001898064	blue	ST13	6.808	state_01	SRPI	-2.10064630754927	IG-A
3	LV7001898064	brown	ST13	6.808	state_01	SRPI	-0.916953249172242	IG-A
3	LV7001898064	green	ST13	6.808	state_01	SRPI	-2.07756899682227	IG-A
3	LV7001898076	grey	ST13	6.429	state_01	SRPI	-0.545432435543326	IG-A
3	LV7001898076	green	ST13	6.429	state_01	SRPI	-1.4343268596616	IG-A
3	LV7001898076	turquoise	ST13	6.429	state_01	SRPI	-0.871505944721428	IG-A
3	LV7001898076	yellow	ST13	6.429	state_01	SRPI	-1.18862280100338	IG-A
3	LV7001898076	blue	ST13	6.429	state_01	SRPI	-1.6235952075967	IG-A
3	LV7001898076	brown	ST13	6.429	state_01	SRPI	-0.563387537176594	IG-A
3	LV7001898088	grey	ST13	6.031	state_01	SRPI	-0.357291078740495	IG-A
3	LV7001898088	green	ST13	6.031	state_01	SRPI	-1.24897472400001	IG-A
3	LV7001898088	turquoise	ST13	6.031	state_01	SRPI	-0.77863754526897	IG-A
3	LV7001898088	yellow	ST13	6.031	state_01	SRPI	-1.25318329719068	IG-A
3	LV7001898088	blue	ST13	6.031	state_01	SRPI	-1.47186885968296	IG-A
3	LV7001898088	brown	ST13	6.031	state_01	SRPI	0.110164523718187	IG-A
3	LV7008886690	yellow	GeoB25202_R1	2.324	state_01	SRPI	-1.08250310232211	IG-A
3	LV7008886690	turquoise	GeoB25202_R1	2.324	state_01	SRPI	-0.346631425398757	IG-A
3	LV7008886690	grey	GeoB25202_R1	2.324	state_01	SRPI	-0.0571277527633879	IG-A
3	LV7008886690	brown	GeoB25202_R1	2.324	state_01	SRPI	-1.00212086804555	IG-A
3	LV7008886690	blue	GeoB25202_R1	2.324	state_01	SRPI	-9.21034037197618	IG-A
3	LV7008886702	grey	GeoB25202_R2	2.324	state_01	SRPI	-0.347279011508831	IG-A
3	LV7008886702	turquoise	GeoB25202_R2	2.324	state_01	SRPI	-0.653264169124857	IG-A
3	LV7008886702	yellow	GeoB25202_R2	2.324	state_01	SRPI	-0.786245501353438	IG-A
3	LV7008886702	blue	GeoB25202_R2	2.324	state_01	SRPI	-2.33422572314618	IG-A
3	LV7008886702	brown	GeoB25202_R2	2.324	state_01	SRPI	-1.13393664818354	IG-A
3	LV7008886702	green	GeoB25202_R2	2.324	state_01	SRPI	-1.43790284213504	IG-A
3	LV7008886727	grey	GeoB25202_R1	16.4375	state_01	SRPI	-0.738153326024739	IG-A
3	LV7008886727	green	GeoB25202_R1	16.4375	state_01	SRPI	-1.64894289769433	IG-A
3	LV7008886727	turquoise	GeoB25202_R1	16.4375	state_01	SRPI	-1.04301446889358	IG-A
3	LV7008886727	yellow	GeoB25202_R1	16.4375	state_01	SRPI	-1.07106566271444	IG-A
3	LV7008886727	blue	GeoB25202_R1	16.4375	state_01	SRPI	-1.63552608352198	IG-A
3	LV7008886727	brown	GeoB25202_R1	16.4375	state_01	SRPI	-0.664960947036181	IG-A
3	LV7008886739	grey	GeoB25202_R2	16.4375	state_01	SRPI	-0.893056802012537	IG-A
3	LV7008886739	green	GeoB25202_R2	16.4375	state_01	SRPI	-1.65543590092802	IG-A
3	LV7008886739	turquoise	GeoB25202_R2	16.4375	state_01	SRPI	-1.03081962592975	IG-A
3	LV7008886739	yellow	GeoB25202_R2	16.4375	state_01	SRPI	-1.11270497365623	IG-A
3	LV7008886739	blue	GeoB25202_R2	16.4375	state_01	SRPI	-1.5736155264403	IG-A
3	LV7008886739	brown	GeoB25202_R2	16.4375	state_01	SRPI	-0.723540179613911	IG-A
3	LV7008886751	grey	GeoB25202_R1	7.1335	state_01	SRPI	-0.0870856730602413	IG-A
3	LV7008886751	turquoise	GeoB25202_R1	7.1335	state_01	SRPI	-0.729709775610394	IG-A
3	LV7008886751	yellow	GeoB25202_R1	7.1335	state_01	SRPI	-1.09936077810679	IG-A
3	LV7008886751	brown	GeoB25202_R1	7.1335	state_01	SRPI	-0.529576714001381	IG-A
3	LV7008886751	blue	GeoB25202_R1	7.1335	state_01	SRPI	-9.21034037197618	IG-A
3	LV7008886751	green	GeoB25202_R1	7.1335	state_01	SRPI	-9.21034037197618	IG-A
3	LV7008886763	grey	GeoB25202_R2	7.1335	state_01	SRPI	-0.517733699277571	IG-A
3	LV7008886763	yellow	GeoB25202_R2	7.1335	state_01	SRPI	-1.63737889270853	IG-A
3	LV7008886763	turquoise	GeoB25202_R2	7.1335	state_01	SRPI	-0.723086572021658	IG-A
3	LV7008886763	brown	GeoB25202_R2	7.1335	state_01	SRPI	-0.356086990560037	IG-A
3	LV3003046936	non_damaged	ST8	22.905	state_01	OAP	-113.669996008418	IG-A
3	LV3003046937	non_damaged	ST8	18.598	state_01	OAP	79.97242407173	IG-A
3	LV3003046949	non_damaged	ST8	22.3686666666667	state_01	OAP	-119.485767707936	IG-A
3	LV3003046950	non_damaged	ST8	18.099	state_01	OAP	-16.1721567732881	IG-A
3	LV3003046965	non_damaged	ST8	21.8323333333333	state_01	OAP	-76.1832094166095	IG-A
3	LV3003046966	non_damaged	ST8	17.373	state_01	OAP	-75.077732716585	IG-A
3	LV3003046978	non_damaged	ST8	21.296	state_01	OAP	-60.8104632492369	IG-A
3	LV3003046979	non_damaged	ST8	16.461	state_01	OAP	-38.0093312610552	IG-A
3	LV3003046993	non_damaged	ST8	20.719	state_01	OAP	-19.0580818109111	IG-A
3	LV3003046994	non_damaged	ST8	15.549	state_01	OAP	45.5437298824123	IG-A
3	LV3003047009	non_damaged	ST8	20.142	state_01	OAP	-96.3580351328727	IG-A
3	LV3003047026	non_damaged	ST8	19.565	state_01	OAP	-77.242022740679	IG-A
3	LV3003047041	non_damaged	ST8	19.097	state_01	OAP	30.5650456327139	IG-A
3	LV3003047118	non_damaged	ST8	24.528	state_01	OAP	-87.9742454320738	IG-A
3	LV3003047132	non_damaged	ST8	23.987	state_01	OAP	-88.2289103822481	IG-A
3	LV3003047145	non_damaged	ST8	23.446	state_01	OAP	-40.9378093779475	IG-A
3	LV3003061477	non_damaged	ST13	16.726	state_01	OAP	417.173594876504	IG-A
3	LV3003061492	non_damaged	ST13	14.437	state_01	OAP	20.7898158390839	IG-A
3	LV3003061506	non_damaged	ST13	11.95	state_01	OAP	153.137772534902	IG-A
3	LV3003061518	non_damaged	ST13	9.804	state_01	OAP	39.1265736106574	IG-A
3	LV3003061533	non_damaged	ST13	7.912	state_01	OAP	116.581048916693	IG-A
3	LV3003061546	non_damaged	ST13	7.197	state_01	OAP	125.473884878285	IG-A
3	LV3003061572	non_damaged	ST13	19.099	state_01	OAP	292.924801739552	IG-A
3	LV7001898064	non_damaged	ST13	6.808	state_01	OAP	259.560991925762	IG-A
3	LV7001898076	non_damaged	ST13	6.429	state_01	OAP	307.422314427601	IG-A
3	LV7001898088	non_damaged	ST13	6.031	state_01	OAP	336.530143255661	IG-A
3	LV7008886690	non_damaged	GeoB25202_R1	2.324	state_01	OAP	333.9872429132	IG-A
3	LV7008886702	non_damaged	GeoB25202_R2	2.324	state_01	OAP	284.780360092494	IG-A
3	LV7008886727	non_damaged	GeoB25202_R1	16.4375	state_01	OAP	54.244856460425	IG-A
3	LV7008886739	non_damaged	GeoB25202_R2	16.4375	state_01	OAP	50.4778026277032	IG-A
3	LV7008886751	non_damaged	GeoB25202_R1	7.1335	state_01	OAP	136.306833448277	IG-A
3	LV7008886763	non_damaged	GeoB25202_R2	7.1335	state_01	OAP	180.396113603492	IG-A
3	LV3003046936	non_damaged	ST8	22.905	state_01	MGI	-13.8155105579643	IG-A
3	LV3003046937	non_damaged	ST8	18.598	state_01	MGI	-13.8155105579643	IG-A
3	LV3003046949	non_damaged	ST8	22.3686666666667	state_01	MGI	-5.17612020941174	IG-A
3	LV3003046950	non_damaged	ST8	18.099	state_01	MGI	-13.8155105579643	IG-A
3	LV3003046965	non_damaged	ST8	21.8323333333333	state_01	MGI	-13.8155105579643	IG-A
3	LV3003046966	non_damaged	ST8	17.373	state_01	MGI	-3.57108840560494	IG-A
3	LV3003046978	non_damaged	ST8	21.296	state_01	MGI	-5.12425456986276	IG-A
3	LV3003046979	non_damaged	ST8	16.461	state_01	MGI	-3.2661144475429	IG-A
3	LV3003046993	non_damaged	ST8	20.719	state_01	MGI	-4.52542319486553	IG-A
3	LV3003046994	non_damaged	ST8	15.549	state_01	MGI	-13.8155105579643	IG-A
3	LV3003047009	non_damaged	ST8	20.142	state_01	MGI	-4.26135506941541	IG-A
3	LV3003047026	non_damaged	ST8	19.565	state_01	MGI	-13.8155105579643	IG-A
3	LV3003047041	non_damaged	ST8	19.097	state_01	MGI	-13.8155105579643	IG-A
3	LV3003047118	non_damaged	ST8	24.528	state_01	MGI	-13.8155105579643	IG-A
3	LV3003047132	non_damaged	ST8	23.987	state_01	MGI	-13.8155105579643	IG-A
3	LV3003047145	non_damaged	ST8	23.446	state_01	MGI	-13.8155105579643	IG-A
3	LV3003061477	non_damaged	ST13	16.726	state_01	MGI	-13.8155105579643	IG-A
3	LV3003061492	non_damaged	ST13	14.437	state_01	MGI	-13.8155105579643	IG-A
3	LV3003061506	non_damaged	ST13	11.95	state_01	MGI	-13.8155105579643	IG-A
3	LV3003061518	non_damaged	ST13	9.804	state_01	MGI	-13.8155105579643	IG-A
3	LV3003061533	non_damaged	ST13	7.912	state_01	MGI	-13.8155105579643	IG-A
3	LV3003061546	non_damaged	ST13	7.197	state_01	MGI	-13.8155105579643	IG-A
3	LV3003061572	non_damaged	ST13	19.099	state_01	MGI	-13.8155105579643	IG-A
3	LV7001898064	non_damaged	ST13	6.808	state_01	MGI	-13.8155105579643	IG-A
3	LV7001898076	non_damaged	ST13	6.429	state_01	MGI	-6.66794104346454	IG-A
3	LV7001898088	non_damaged	ST13	6.031	state_01	MGI	-6.87062379429977	IG-A
3	LV7008886690	non_damaged	GeoB25202_R1	2.324	state_01	MGI	-13.8155105579643	IG-A
3	LV7008886702	non_damaged	GeoB25202_R2	2.324	state_01	MGI	-13.8155105579643	IG-A
3	LV7008886727	non_damaged	GeoB25202_R1	16.4375	state_01	MGI	-13.8155105579643	IG-A
3	LV7008886739	non_damaged	GeoB25202_R2	16.4375	state_01	MGI	-13.8155105579643	IG-A
3	LV7008886751	non_damaged	GeoB25202_R1	7.1335	state_01	MGI	-13.8155105579643	IG-A
3	LV7008886763	non_damaged	GeoB25202_R2	7.1335	state_01	MGI	-13.8155105579643	IG-A
3	LV3003046936	non_damaged	ST8	22.905	state_01	MFI	6.89144304053209	IG-A
3	LV3003046937	non_damaged	ST8	18.598	state_01	MFI	6.9638033978875	IG-A
3	LV3003046949	non_damaged	ST8	22.3686666666667	state_01	MFI	-1.60081185771433	IG-A
3	LV3003046950	non_damaged	ST8	18.099	state_01	MFI	6.77605303018906	IG-A
3	LV3003046965	non_damaged	ST8	21.8323333333333	state_01	MFI	7.24346720581533	IG-A
3	LV3003046966	non_damaged	ST8	17.373	state_01	MFI	-1.29331790466179	IG-A
3	LV3003046978	non_damaged	ST8	21.296	state_01	MFI	-1.49322104781046	IG-A
3	LV3003046979	non_damaged	ST8	16.461	state_01	MFI	-3.16812326214535	IG-A
3	LV3003046993	non_damaged	ST8	20.719	state_01	MFI	1.30845057754009	IG-A
3	LV3003046994	non_damaged	ST8	15.549	state_01	MFI	8.73211326312378	IG-A
3	LV3003047009	non_damaged	ST8	20.142	state_01	MFI	-1.90796147688712	IG-A
3	LV3003047026	non_damaged	ST8	19.565	state_01	MFI	7.42263134825954	IG-A
3	LV3003047041	non_damaged	ST8	19.097	state_01	MFI	7.6234473410353	IG-A
3	LV3003047118	non_damaged	ST8	24.528	state_01	MFI	7.49225154010922	IG-A
3	LV3003047132	non_damaged	ST8	23.987	state_01	MFI	7.41264171760253	IG-A
3	LV3003047145	non_damaged	ST8	23.446	state_01	MFI	0	IG-A
3	LV3003061477	non_damaged	ST13	16.726	state_01	MFI	5.7284879951313	IG-A
3	LV3003061492	non_damaged	ST13	14.437	state_01	MFI	6.38821006347035	IG-A
3	LV3003061506	non_damaged	ST13	11.95	state_01	MFI	5.07716301130806	IG-A
3	LV3003061518	non_damaged	ST13	9.804	state_01	MFI	7.04215418801649	IG-A
3	LV3003061533	non_damaged	ST13	7.912	state_01	MFI	5.47186462708729	IG-A
3	LV3003061546	non_damaged	ST13	7.197	state_01	MFI	5.99141061597802	IG-A
3	LV3003061572	non_damaged	ST13	19.099	state_01	MFI	5.51291102289686	IG-A
3	LV7001898064	non_damaged	ST13	6.808	state_01	MFI	6.89779957301307	IG-A
3	LV7001898076	non_damaged	ST13	6.429	state_01	MFI	-0.24750753667865	IG-A
3	LV7001898088	non_damaged	ST13	6.031	state_01	MFI	-0.48537540929359	IG-A
3	LV7008886690	non_damaged	GeoB25202_R1	2.324	state_01	MFI	0	IG-A
3	LV7008886702	non_damaged	GeoB25202_R2	2.324	state_01	MFI	5.95975461183244	IG-A
3	LV7008886727	non_damaged	GeoB25202_R1	16.4375	state_01	MFI	6.49675504594031	IG-A
3	LV7008886739	non_damaged	GeoB25202_R2	16.4375	state_01	MFI	6.52313401474684	IG-A
3	LV7008886751	non_damaged	GeoB25202_R1	7.1335	state_01	MFI	6.33054284322096	IG-A
3	LV7008886763	non_damaged	GeoB25202_R2	7.1335	state_01	MFI	6.87802668053255	IG-A
3	LV3003046936	non_damaged	ST8	22.905	state_01	DCI	-3.64600280508002	IG-A
3	LV3003046937	non_damaged	ST8	18.598	state_01	DCI	-2.53875576062083	IG-A
3	LV3003046949	non_damaged	ST8	22.3686666666667	state_01	DCI	-3.05076827317091	IG-A
3	LV3003046950	non_damaged	ST8	18.099	state_01	DCI	-2.32746141935887	IG-A
3	LV3003046965	non_damaged	ST8	21.8323333333333	state_01	DCI	-2.72368584083958	IG-A
3	LV3003046966	non_damaged	ST8	17.373	state_01	DCI	-1.93637491590431	IG-A
3	LV3003046978	non_damaged	ST8	21.296	state_01	DCI	-2.21797494569372	IG-A
3	LV3003046979	non_damaged	ST8	16.461	state_01	DCI	-2.41566636474804	IG-A
3	LV3003046993	non_damaged	ST8	20.719	state_01	DCI	-2.12646759320909	IG-A
3	LV3003046994	non_damaged	ST8	15.549	state_01	DCI	-1.69573211301883	IG-A
3	LV3003047009	non_damaged	ST8	20.142	state_01	DCI	-2.76929462294653	IG-A
3	LV3003047026	non_damaged	ST8	19.565	state_01	DCI	-3.25625803198516	IG-A
3	LV3003047041	non_damaged	ST8	19.097	state_01	DCI	-2.47406395082428	IG-A
3	LV3003047118	non_damaged	ST8	24.528	state_01	DCI	-2.13245321128419	IG-A
3	LV3003047132	non_damaged	ST8	23.987	state_01	DCI	-3.37283322143247	IG-A
3	LV3003047145	non_damaged	ST8	23.446	state_01	DCI	-3.31343069450015	IG-A
3	LV3003061477	non_damaged	ST13	16.726	state_01	DCI	0.341661764468977	IG-A
3	LV3003061492	non_damaged	ST13	14.437	state_01	DCI	-1.11026438140391	IG-A
3	LV3003061506	non_damaged	ST13	11.95	state_01	DCI	-0.732954546561594	IG-A
3	LV3003061518	non_damaged	ST13	9.804	state_01	DCI	-3.14917650593386	IG-A
3	LV3003061533	non_damaged	ST13	7.912	state_01	DCI	-1.55883973023636	IG-A
3	LV3003061546	non_damaged	ST13	7.197	state_01	DCI	-1.4700906460844	IG-A
3	LV3003061572	non_damaged	ST13	19.099	state_01	DCI	0.439900600665931	IG-A
3	LV7001898064	non_damaged	ST13	6.808	state_01	DCI	-1.55473295019352	IG-A
3	LV7001898076	non_damaged	ST13	6.429	state_01	DCI	-1.55006304665742	IG-A
3	LV7001898088	non_damaged	ST13	6.031	state_01	DCI	-1.39632258204274	IG-A
3	LV7008886690	non_damaged	GeoB25202_R1	2.324	state_01	DCI	-1.83771880988839	IG-A
3	LV7008886702	non_damaged	GeoB25202_R2	2.324	state_01	DCI	-0.969692593513942	IG-A
3	LV7008886727	non_damaged	GeoB25202_R1	16.4375	state_01	DCI	-2.3130207673855	IG-A
3	LV7008886739	non_damaged	GeoB25202_R2	16.4375	state_01	DCI	-1.97093246851453	IG-A
3	LV7008886751	non_damaged	GeoB25202_R1	7.1335	state_01	DCI	-1.5886311809457	IG-A
3	LV7008886763	non_damaged	GeoB25202_R2	7.1335	state_01	DCI	-1.74751698345882	IG-A
3	LV3003046936	non_damaged	ST8	22.905	state_01	MII	-0.791884995893366	IG-A
3	LV3003046937	non_damaged	ST8	18.598	state_01	MII	-1.53899671348799	IG-A
3	LV3003046949	non_damaged	ST8	22.3686666666667	state_01	MII	-0.961444937070873	IG-A
3	LV3003046950	non_damaged	ST8	18.099	state_01	MII	-1.46960130789973	IG-A
3	LV3003046965	non_damaged	ST8	21.8323333333333	state_01	MII	-1.49548477260285	IG-A
3	LV3003046966	non_damaged	ST8	17.373	state_01	MII	-1.40482791957893	IG-A
3	LV3003046978	non_damaged	ST8	21.296	state_01	MII	-1.50004559623573	IG-A
3	LV3003046979	non_damaged	ST8	16.461	state_01	MII	-1.50545881513262	IG-A
3	LV3003046993	non_damaged	ST8	20.719	state_01	MII	-1.38740169559575	IG-A
3	LV3003046994	non_damaged	ST8	15.549	state_01	MII	-1.46191692923709	IG-A
3	LV3003047009	non_damaged	ST8	20.142	state_01	MII	-1.22237819898487	IG-A
3	LV3003047026	non_damaged	ST8	19.565	state_01	MII	-1.51204022132619	IG-A
3	LV3003047041	non_damaged	ST8	19.097	state_01	MII	-1.3700105099825	IG-A
3	LV3003047118	non_damaged	ST8	24.528	state_01	MII	-0.981450891294173	IG-A
3	LV3003047132	non_damaged	ST8	23.987	state_01	MII	-0.478045483426492	IG-A
3	LV3003047145	non_damaged	ST8	23.446	state_01	MII	-0.799243563713821	IG-A
3	LV3003061477	non_damaged	ST13	16.726	state_01	MII	-0.888994262259427	IG-A
3	LV3003061492	non_damaged	ST13	14.437	state_01	MII	-0.532653260101728	IG-A
3	LV3003061506	non_damaged	ST13	11.95	state_01	MII	-0.704695105040896	IG-A
3	LV3003061518	non_damaged	ST13	9.804	state_01	MII	-0.365437289980501	IG-A
3	LV3003061533	non_damaged	ST13	7.912	state_01	MII	-0.274527169782702	IG-A
3	LV3003061546	non_damaged	ST13	7.197	state_01	MII	-0.273803560641986	IG-A
3	LV3003061572	non_damaged	ST13	19.099	state_01	MII	-1.15477619667262	IG-A
3	LV7001898064	non_damaged	ST13	6.808	state_01	MII	-1.09118831604795	IG-A
3	LV7001898076	non_damaged	ST13	6.429	state_01	MII	-1.12262422682381	IG-A
3	LV7001898088	non_damaged	ST13	6.031	state_01	MII	-0.645311821995663	IG-A
3	LV7008886690	non_damaged	GeoB25202_R1	2.324	state_01	MII	-1.59400902621893	IG-A
3	LV7008886702	non_damaged	GeoB25202_R2	2.324	state_01	MII	-0.831067713507044	IG-A
3	LV7008886727	non_damaged	GeoB25202_R1	16.4375	state_01	MII	-0.724278238999777	IG-A
3	LV7008886739	non_damaged	GeoB25202_R2	16.4375	state_01	MII	-0.706544524173574	IG-A
3	LV7008886751	non_damaged	GeoB25202_R1	7.1335	state_01	MII	-0.826895784953393	IG-A
3	LV7008886763	non_damaged	GeoB25202_R2	7.1335	state_01	MII	-1.13748027601707	IG-A
3	LV3003046936	non_damaged	ST8	22.905	state_01	SRPI	-0.459067914541006	IG-A
3	LV3003046937	non_damaged	ST8	18.598	state_01	SRPI	-0.398434596719464	IG-A
3	LV3003046949	non_damaged	ST8	22.3686666666667	state_01	SRPI	-0.356914603661464	IG-A
3	LV3003046950	non_damaged	ST8	18.099	state_01	SRPI	-0.5771973939123	IG-A
3	LV3003046965	non_damaged	ST8	21.8323333333333	state_01	SRPI	-0.374419397148126	IG-A
3	LV3003046966	non_damaged	ST8	17.373	state_01	SRPI	-0.492341166675393	IG-A
3	LV3003046978	non_damaged	ST8	21.296	state_01	SRPI	-0.405505363570414	IG-A
3	LV3003046979	non_damaged	ST8	16.461	state_01	SRPI	-0.417506151505282	IG-A
3	LV3003046993	non_damaged	ST8	20.719	state_01	SRPI	-0.126881869074301	IG-A
3	LV3003046994	non_damaged	ST8	15.549	state_01	SRPI	-0.664078701307022	IG-A
3	LV3003047009	non_damaged	ST8	20.142	state_01	SRPI	-0.840558872189168	IG-A
3	LV3003047026	non_damaged	ST8	19.565	state_01	SRPI	-0.608098217141984	IG-A
3	LV3003047041	non_damaged	ST8	19.097	state_01	SRPI	-0.365109178711806	IG-A
3	LV3003047118	non_damaged	ST8	24.528	state_01	SRPI	-0.280861979233092	IG-A
3	LV3003047132	non_damaged	ST8	23.987	state_01	SRPI	-0.211040867852553	IG-A
3	LV3003047145	non_damaged	ST8	23.446	state_01	SRPI	-0.76896106075881	IG-A
3	LV3003061477	non_damaged	ST13	16.726	state_01	SRPI	-1.03607293831528	IG-A
3	LV3003061492	non_damaged	ST13	14.437	state_01	SRPI	0.0475446307414615	IG-A
3	LV3003061506	non_damaged	ST13	11.95	state_01	SRPI	-1.36704204190057	IG-A
3	LV3003061518	non_damaged	ST13	9.804	state_01	SRPI	0.0116891873485325	IG-A
3	LV3003061533	non_damaged	ST13	7.912	state_01	SRPI	-0.488859474710549	IG-A
3	LV3003061546	non_damaged	ST13	7.197	state_01	SRPI	-0.1445982192727	IG-A
3	LV3003061572	non_damaged	ST13	19.099	state_01	SRPI	-1.19199281301746	IG-A
3	LV7001898064	non_damaged	ST13	6.808	state_01	SRPI	-0.1838540284892	IG-A
3	LV7001898076	non_damaged	ST13	6.429	state_01	SRPI	-0.163150780741498	IG-A
3	LV7001898088	non_damaged	ST13	6.031	state_01	SRPI	-0.173978967780547	IG-A
3	LV7008886690	non_damaged	GeoB25202_R1	2.324	state_01	SRPI	-0.182629500360044	IG-A
3	LV7008886702	non_damaged	GeoB25202_R2	2.324	state_01	SRPI	-0.291376907389087	IG-A
3	LV7008886727	non_damaged	GeoB25202_R1	16.4375	state_01	SRPI	-0.0402083020193704	IG-A
3	LV7008886739	non_damaged	GeoB25202_R2	16.4375	state_01	SRPI	0.0919639255474031	IG-A
3	LV7008886751	non_damaged	GeoB25202_R1	7.1335	state_01	SRPI	-0.30365566541825	IG-A
3	LV7008886763	non_damaged	GeoB25202_R2	7.1335	state_01	SRPI	-0.874956937433626	IG-A
4	LV3003047079	green	ST8	97.52	state_02	OAP	689.402779870424	IG-B
4	LV3003047079	turquoise	ST8	97.52	state_02	OAP	450.29572789021	IG-B
4	LV3003047079	grey	ST8	97.52	state_02	OAP	227.382524832427	IG-B
4	LV3003047079	yellow	ST8	97.52	state_02	OAP	500.072741555381	IG-B
4	LV3003047079	blue	ST8	97.52	state_02	OAP	820	IG-B
4	LV3003047079	brown	ST8	97.52	state_02	OAP	-234.128648570514	IG-B
4	LV3003047080	turquoise	ST8	87.9935	state_02	OAP	346.223589853191	IG-B
4	LV3003047080	yellow	ST8	87.9935	state_02	OAP	539.860106796803	IG-B
4	LV3003047080	grey	ST8	87.9935	state_02	OAP	218.939564005554	IG-B
4	LV3003047080	green	ST8	87.9935	state_02	OAP	701.35426189836	IG-B
4	LV3003047084	grey	ST8	33.276	state_02	OAP	507.467640376337	IG-B
4	LV3003047084	green	ST8	33.276	state_02	OAP	727.087349918356	IG-B
4	LV3003047084	turquoise	ST8	33.276	state_02	OAP	492.552560776095	IG-B
4	LV3003047084	yellow	ST8	33.276	state_02	OAP	617.376692169217	IG-B
4	LV3003047084	blue	ST8	33.276	state_02	OAP	302.313656387665	IG-B
4	LV3003047084	brown	ST8	33.276	state_02	OAP	396.487039563438	IG-B
4	LV3003047091	turquoise	ST8	89.37525	state_02	OAP	333.901953948932	IG-B
4	LV3003047091	grey	ST8	89.37525	state_02	OAP	186.938780099126	IG-B
4	LV3003047091	green	ST8	89.37525	state_02	OAP	711.062264327049	IG-B
4	LV3003047091	yellow	ST8	89.37525	state_02	OAP	441.774979321754	IG-B
4	LV3003047091	blue	ST8	89.37525	state_02	OAP	820	IG-B
4	LV3003047093	green	ST8	79.675	state_02	OAP	656.041445412065	IG-B
4	LV3003047093	turquoise	ST8	79.675	state_02	OAP	346.649530985427	IG-B
4	LV3003047093	yellow	ST8	79.675	state_02	OAP	618.808006076291	IG-B
4	LV3003047093	grey	ST8	79.675	state_02	OAP	215.214135827039	IG-B
4	LV3003047100	green	ST8	86.61175	state_02	OAP	684.135379152929	IG-B
4	LV3003047100	turquoise	ST8	86.61175	state_02	OAP	387.722305515361	IG-B
4	LV3003047100	grey	ST8	86.61175	state_02	OAP	205.067881567917	IG-B
4	LV3003047100	yellow	ST8	86.61175	state_02	OAP	551.142017319185	IG-B
4	LV3003047100	blue	ST8	86.61175	state_02	OAP	820	IG-B
4	LV3003047107	turquoise	ST8	71.517	state_02	OAP	410.036054388202	IG-B
4	LV3003047107	grey	ST8	71.517	state_02	OAP	250.170996884491	IG-B
4	LV3003047107	yellow	ST8	71.517	state_02	OAP	612.060207197957	IG-B
4	LV3003047107	green	ST8	71.517	state_02	OAP	775.832734986945	IG-B
4	LV3003047107	brown	ST8	71.517	state_02	OAP	518.6	IG-B
4	LV3003047133	green	ST8	70.162	state_02	OAP	741.104645635264	IG-B
4	LV3003047133	grey	ST8	70.162	state_02	OAP	316.501068581299	IG-B
4	LV3003047133	turquoise	ST8	70.162	state_02	OAP	397.500731595945	IG-B
4	LV3003047133	yellow	ST8	70.162	state_02	OAP	615.617638712203	IG-B
4	LV3003047134	grey	ST8	68.807	state_02	OAP	323.826759614971	IG-B
4	LV3003047134	green	ST8	68.807	state_02	OAP	665.774224906343	IG-B
4	LV3003047134	turquoise	ST8	68.807	state_02	OAP	480.103332726433	IG-B
4	LV3003047134	yellow	ST8	68.807	state_02	OAP	523.23496959592	IG-B
4	LV3003047136	green	ST8	67.8766	state_02	OAP	672.242874627501	IG-B
4	LV3003047136	turquoise	ST8	67.8766	state_02	OAP	500.627661924336	IG-B
4	LV3003047136	grey	ST8	67.8766	state_02	OAP	383.665040649362	IG-B
4	LV3003047136	yellow	ST8	67.8766	state_02	OAP	617.456483738629	IG-B
4	LV3003047136	blue	ST8	67.8766	state_02	OAP	820	IG-B
4	LV3003047138	turquoise	ST8	66.0158	state_02	OAP	425.026875782618	IG-B
4	LV3003047138	yellow	ST8	66.0158	state_02	OAP	622.213322717622	IG-B
4	LV3003047138	grey	ST8	66.0158	state_02	OAP	276.284341610652	IG-B
4	LV3003047138	green	ST8	66.0158	state_02	OAP	623.280880706556	IG-B
4	LV3003061474	grey	ST13	77.7798	state_02	OAP	395.046587240819	IG-B
4	LV3003061474	green	ST13	77.7798	state_02	OAP	640.076659001314	IG-B
4	LV3003061474	turquoise	ST13	77.7798	state_02	OAP	343.62866886567	IG-B
4	LV3003061474	yellow	ST13	77.7798	state_02	OAP	604.47042345973	IG-B
4	LV3003061474	blue	ST13	77.7798	state_02	OAP	820	IG-B
4	LV3003061485	grey	ST13	75.7796	state_02	OAP	455.427916752402	IG-B
4	LV3003061485	green	ST13	75.7796	state_02	OAP	672.799311251465	IG-B
4	LV3003061485	turquoise	ST13	75.7796	state_02	OAP	358.893549435029	IG-B
4	LV3003061485	yellow	ST13	75.7796	state_02	OAP	595.394975264012	IG-B
4	LV3003061485	blue	ST13	75.7796	state_02	OAP	627.100668920578	IG-B
4	LV3003061485	brown	ST13	75.7796	state_02	OAP	820	IG-B
4	LV3003061501	green	ST13	105.5872	state_02	OAP	711.471454405541	IG-B
4	LV3003061501	grey	ST13	105.5872	state_02	OAP	293.540038322344	IG-B
4	LV3003061501	turquoise	ST13	105.5872	state_02	OAP	311.481379179288	IG-B
4	LV3003061501	yellow	ST13	105.5872	state_02	OAP	514.18295357204	IG-B
4	LV3003061501	blue	ST13	105.5872	state_02	OAP	712.427385892116	IG-B
4	LV3003061503	grey	ST13	73.1472	state_02	OAP	426.812138889339	IG-B
4	LV3003061503	green	ST13	73.1472	state_02	OAP	664.545179897202	IG-B
4	LV3003061503	turquoise	ST13	73.1472	state_02	OAP	322.913047958718	IG-B
4	LV3003061503	yellow	ST13	73.1472	state_02	OAP	601.309699250051	IG-B
4	LV3003061503	blue	ST13	73.1472	state_02	OAP	547.170952138493	IG-B
4	LV3003061503	brown	ST13	73.1472	state_02	OAP	623.08785942492	IG-B
4	LV3003061514	grey	ST13	100.6726	state_02	OAP	446.260562503227	IG-B
4	LV3003061514	green	ST13	100.6726	state_02	OAP	685.63047911748	IG-B
4	LV3003061514	turquoise	ST13	100.6726	state_02	OAP	391.765891084211	IG-B
4	LV3003061514	yellow	ST13	100.6726	state_02	OAP	572.755925413303	IG-B
4	LV3003061514	blue	ST13	100.6726	state_02	OAP	506.332464016902	IG-B
4	LV3003061514	brown	ST13	100.6726	state_02	OAP	504.142045454546	IG-B
4	LV3003061515	grey	ST13	71.0012	state_02	OAP	488.085787836516	IG-B
4	LV3003061515	green	ST13	71.0012	state_02	OAP	654.274893024359	IG-B
4	LV3003061515	turquoise	ST13	71.0012	state_02	OAP	402.816475203224	IG-B
4	LV3003061515	yellow	ST13	71.0012	state_02	OAP	611.774244933104	IG-B
4	LV3003061515	blue	ST13	71.0012	state_02	OAP	612.151153758853	IG-B
4	LV3003061515	brown	ST13	71.0012	state_02	OAP	282.5670995671	IG-B
4	LV3003061517	grey	ST13	30.678	state_02	OAP	538.463190582432	IG-B
4	LV3003061517	green	ST13	30.678	state_02	OAP	705.521396261842	IG-B
4	LV3003061517	turquoise	ST13	30.678	state_02	OAP	375.500539968151	IG-B
4	LV3003061517	yellow	ST13	30.678	state_02	OAP	599.870207132674	IG-B
4	LV3003061517	blue	ST13	30.678	state_02	OAP	624.188275007656	IG-B
4	LV3003061517	brown	ST13	30.678	state_02	OAP	299.856195473511	IG-B
4	LV3003061528	green	ST13	95.118	state_02	OAP	704.269132927834	IG-B
4	LV3003061528	turquoise	ST13	95.118	state_02	OAP	382.742644626355	IG-B
4	LV3003061528	grey	ST13	95.118	state_02	OAP	429.284331366898	IG-B
4	LV3003061528	yellow	ST13	95.118	state_02	OAP	598.611860785471	IG-B
4	LV3003061528	blue	ST13	95.118	state_02	OAP	634.160565004324	IG-B
4	LV3003061529	grey	ST13	66.015	state_02	OAP	525.315966320117	IG-B
4	LV3003061529	green	ST13	66.015	state_02	OAP	653.863800694531	IG-B
4	LV3003061529	turquoise	ST13	66.015	state_02	OAP	382.347584618388	IG-B
4	LV3003061529	yellow	ST13	66.015	state_02	OAP	606.517681272441	IG-B
4	LV3003061529	blue	ST13	66.015	state_02	OAP	608.255613317731	IG-B
4	LV3003061529	brown	ST13	66.015	state_02	OAP	184.704540687996	IG-B
4	LV3003061541	green	ST13	91.09	state_02	OAP	680.586476523089	IG-B
4	LV3003061541	turquoise	ST13	91.09	state_02	OAP	371.43874115538	IG-B
4	LV3003061541	yellow	ST13	91.09	state_02	OAP	602.902510749386	IG-B
4	LV3003061541	grey	ST13	91.09	state_02	OAP	256.988005740464	IG-B
4	LV3003061541	blue	ST13	91.09	state_02	OAP	125.71164021164	IG-B
4	LV3003061543	grey	ST13	62.293	state_02	OAP	537.370249531452	IG-B
4	LV3003061543	green	ST13	62.293	state_02	OAP	692.725496225888	IG-B
4	LV3003061543	turquoise	ST13	62.293	state_02	OAP	465.534334129086	IG-B
4	LV3003061543	yellow	ST13	62.293	state_02	OAP	635.291860348022	IG-B
4	LV3003061543	blue	ST13	62.293	state_02	OAP	609.314509480627	IG-B
4	LV3003061543	brown	ST13	62.293	state_02	OAP	572.862745098039	IG-B
4	LV3003061556	grey	ST13	86.6174	state_02	OAP	241.025943209917	IG-B
4	LV3003061556	green	ST13	86.6174	state_02	OAP	665.536661647168	IG-B
4	LV3003061556	turquoise	ST13	86.6174	state_02	OAP	342.394148843407	IG-B
4	LV3003061556	yellow	ST13	86.6174	state_02	OAP	611.577556717867	IG-B
4	LV3003061556	blue	ST13	86.6174	state_02	OAP	560.75	IG-B
4	LV3003061557	green	ST13	58.082	state_02	OAP	662.094108421137	IG-B
4	LV3003061557	yellow	ST13	58.082	state_02	OAP	553.732815298704	IG-B
4	LV3003061557	turquoise	ST13	58.082	state_02	OAP	387.166070591397	IG-B
4	LV3003061557	grey	ST13	58.082	state_02	OAP	525.977469680994	IG-B
4	LV3003061569	grey	ST13	81.6946	state_02	OAP	364.336495377612	IG-B
4	LV3003061569	green	ST13	81.6946	state_02	OAP	652.187860104464	IG-B
4	LV3003061569	turquoise	ST13	81.6946	state_02	OAP	355.931536831934	IG-B
4	LV3003061569	yellow	ST13	81.6946	state_02	OAP	619.970835172597	IG-B
4	LV3003061569	blue	ST13	81.6946	state_02	OAP	719.625292740047	IG-B
4	LV3003061569	brown	ST13	81.6946	state_02	OAP	360	IG-B
4	LV3003061570	green	ST13	55.466	state_02	OAP	694.223060196841	IG-B
4	LV3003061570	turquoise	ST13	55.466	state_02	OAP	406.244953428175	IG-B
4	LV3003061570	grey	ST13	55.466	state_02	OAP	489.742225027569	IG-B
4	LV3003061570	yellow	ST13	55.466	state_02	OAP	579.281520512387	IG-B
4	LV3003061570	blue	ST13	55.466	state_02	OAP	-217	IG-B
4	LV7008886229	grey	GeoB25202_R2	68.149	state_02	OAP	393.232499880008	IG-B
4	LV7008886229	green	GeoB25202_R2	68.149	state_02	OAP	669.179422659921	IG-B
4	LV7008886229	turquoise	GeoB25202_R2	68.149	state_02	OAP	327.211462668882	IG-B
4	LV7008886229	yellow	GeoB25202_R2	68.149	state_02	OAP	617.689682436951	IG-B
4	LV7008886229	brown	GeoB25202_R2	68.149	state_02	OAP	586.422289156626	IG-B
4	LV7008886229	blue	GeoB25202_R2	68.149	state_02	OAP	270.706595264938	IG-B
4	LV7008886695	green	GeoB25202_R1	95.3875	state_02	OAP	663.555070118662	IG-B
4	LV7008886695	grey	GeoB25202_R1	95.3875	state_02	OAP	356.94103252916	IG-B
4	LV7008886695	turquoise	GeoB25202_R1	95.3875	state_02	OAP	312.825916050448	IG-B
4	LV7008886695	yellow	GeoB25202_R1	95.3875	state_02	OAP	624.586177972283	IG-B
4	LV7008886695	blue	GeoB25202_R1	95.3875	state_02	OAP	702.5	IG-B
4	LV7008886695	brown	GeoB25202_R1	95.3875	state_02	OAP	820	IG-B
4	LV7008886706	green	GeoB25202_R1	79.0255	state_02	OAP	635.97349060619	IG-B
4	LV7008886706	grey	GeoB25202_R1	79.0255	state_02	OAP	398.068320515748	IG-B
4	LV7008886706	turquoise	GeoB25202_R1	79.0255	state_02	OAP	354.252096214922	IG-B
4	LV7008886706	yellow	GeoB25202_R1	79.0255	state_02	OAP	629.267398518227	IG-B
4	LV7008886706	blue	GeoB25202_R1	79.0255	state_02	OAP	755.424908424909	IG-B
4	LV7008886706	brown	GeoB25202_R1	79.0255	state_02	OAP	620.137931034483	IG-B
4	LV7008886707	grey	GeoB25202_R2	95.3875	state_02	OAP	344.737801730541	IG-B
4	LV7008886707	green	GeoB25202_R2	95.3875	state_02	OAP	696.628069294502	IG-B
4	LV7008886707	turquoise	GeoB25202_R2	95.3875	state_02	OAP	314.763418811433	IG-B
4	LV7008886707	yellow	GeoB25202_R2	95.3875	state_02	OAP	594.408155139036	IG-B
4	LV7008886708	green	GeoB25202_R1	109.6305	state_02	OAP	703.861985839515	IG-B
4	LV7008886708	grey	GeoB25202_R1	109.6305	state_02	OAP	351.771023105427	IG-B
4	LV7008886708	turquoise	GeoB25202_R1	109.6305	state_02	OAP	325.961772064222	IG-B
4	LV7008886708	yellow	GeoB25202_R1	109.6305	state_02	OAP	559.702698538475	IG-B
4	LV7008886708	blue	GeoB25202_R1	109.6305	state_02	OAP	820	IG-B
4	LV7008886708	brown	GeoB25202_R1	109.6305	state_02	OAP	-244	IG-B
4	LV7008886718	green	GeoB25202_R2	79.0255	state_02	OAP	626.496728687827	IG-B
4	LV7008886718	grey	GeoB25202_R2	79.0255	state_02	OAP	418.414885358499	IG-B
4	LV7008886718	turquoise	GeoB25202_R2	79.0255	state_02	OAP	356.248512690928	IG-B
4	LV7008886718	yellow	GeoB25202_R2	79.0255	state_02	OAP	612.544267847393	IG-B
4	LV7008886718	blue	GeoB25202_R2	79.0255	state_02	OAP	732.863194444444	IG-B
4	LV7008886718	brown	GeoB25202_R2	79.0255	state_02	OAP	682.386128364389	IG-B
4	LV7008886720	green	GeoB25202_R2	109.6305	state_02	OAP	666.120752118644	IG-B
4	LV7008886720	grey	GeoB25202_R2	109.6305	state_02	OAP	260.547149268691	IG-B
4	LV7008886720	turquoise	GeoB25202_R2	109.6305	state_02	OAP	322.498981252194	IG-B
4	LV7008886720	yellow	GeoB25202_R2	109.6305	state_02	OAP	609.057732965644	IG-B
4	LV7008886720	blue	GeoB25202_R2	109.6305	state_02	OAP	752.787037037037	IG-B
4	LV7008886720	brown	GeoB25202_R2	109.6305	state_02	OAP	570.362971985384	IG-B
4	LV7008886730	green	GeoB25202_R1	75.351	state_02	OAP	674.755021221249	IG-B
4	LV7008886730	grey	GeoB25202_R1	75.351	state_02	OAP	419.809101773151	IG-B
4	LV7008886730	turquoise	GeoB25202_R1	75.351	state_02	OAP	339.572508464154	IG-B
4	LV7008886730	yellow	GeoB25202_R1	75.351	state_02	OAP	620.643706141855	IG-B
4	LV7008886730	brown	GeoB25202_R1	75.351	state_02	OAP	678.314069081719	IG-B
4	LV7008886730	blue	GeoB25202_R1	75.351	state_02	OAP	486.413491563082	IG-B
4	LV7008886742	grey	GeoB25202_R2	75.351	state_02	OAP	395.956380677899	IG-B
4	LV7008886742	green	GeoB25202_R2	75.351	state_02	OAP	685.178266763058	IG-B
4	LV7008886742	turquoise	GeoB25202_R2	75.351	state_02	OAP	364.190254437605	IG-B
4	LV7008886742	yellow	GeoB25202_R2	75.351	state_02	OAP	613.468641229957	IG-B
4	LV7008886742	blue	GeoB25202_R2	75.351	state_02	OAP	609.717144204693	IG-B
4	LV7008886742	brown	GeoB25202_R2	75.351	state_02	OAP	510.293301104972	IG-B
4	LV7008886743	green	GeoB25202_R1	81.6705	state_02	OAP	669.954393442623	IG-B
4	LV7008886743	grey	GeoB25202_R1	81.6705	state_02	OAP	352.928267528919	IG-B
4	LV7008886743	turquoise	GeoB25202_R1	81.6705	state_02	OAP	328.779609708791	IG-B
4	LV7008886743	yellow	GeoB25202_R1	81.6705	state_02	OAP	648.877882065967	IG-B
4	LV7008886743	brown	GeoB25202_R1	81.6705	state_02	OAP	-244	IG-B
4	LV7008886754	green	GeoB25202_R1	71.8895	state_02	OAP	642.004174037699	IG-B
4	LV7008886754	grey	GeoB25202_R1	71.8895	state_02	OAP	375.820296202137	IG-B
4	LV7008886754	turquoise	GeoB25202_R1	71.8895	state_02	OAP	414.195953583727	IG-B
4	LV7008886754	yellow	GeoB25202_R1	71.8895	state_02	OAP	613.86735455916	IG-B
4	LV7008886754	blue	GeoB25202_R1	71.8895	state_02	OAP	713.930254041571	IG-B
4	LV7008886754	brown	GeoB25202_R1	71.8895	state_02	OAP	566.127199191102	IG-B
4	LV7008886755	green	GeoB25202_R2	81.6705	state_02	OAP	661.488130728636	IG-B
4	LV7008886755	grey	GeoB25202_R2	81.6705	state_02	OAP	389.893108407526	IG-B
4	LV7008886755	turquoise	GeoB25202_R2	81.6705	state_02	OAP	316.440064883607	IG-B
4	LV7008886755	yellow	GeoB25202_R2	81.6705	state_02	OAP	541.633382798213	IG-B
4	LV7008886756	grey	GeoB25202_R2	105.5785	state_02	OAP	375.04179888487	IG-B
4	LV7008886756	turquoise	GeoB25202_R2	105.5785	state_02	OAP	353.045510282995	IG-B
4	LV7008886756	yellow	GeoB25202_R2	105.5785	state_02	OAP	514.507125966348	IG-B
4	LV7008886756	green	GeoB25202_R2	105.5785	state_02	OAP	717.660950946644	IG-B
4	LV7008886766	grey	GeoB25202_R2	71.8895	state_02	OAP	404.086298414211	IG-B
4	LV7008886766	green	GeoB25202_R2	71.8895	state_02	OAP	659.425355023315	IG-B
4	LV7008886766	turquoise	GeoB25202_R2	71.8895	state_02	OAP	398.221493413268	IG-B
4	LV7008886766	blue	GeoB25202_R2	71.8895	state_02	OAP	692.817291611001	IG-B
4	LV7008886766	yellow	GeoB25202_R2	71.8895	state_02	OAP	596.234908695758	IG-B
4	LV7008886766	brown	GeoB25202_R2	71.8895	state_02	OAP	568.777695988222	IG-B
4	LV7008886768	green	GeoB25202_R1	102.2955	state_02	OAP	703.546330633356	IG-B
4	LV7008886768	grey	GeoB25202_R1	102.2955	state_02	OAP	398.984185509619	IG-B
4	LV7008886768	turquoise	GeoB25202_R1	102.2955	state_02	OAP	381.389146656573	IG-B
4	LV7008886768	yellow	GeoB25202_R1	102.2955	state_02	OAP	593.347366962306	IG-B
4	LV7008886778	grey	GeoB25202_R1	68.149	state_02	OAP	423.663004076363	IG-B
4	LV7008886778	green	GeoB25202_R1	68.149	state_02	OAP	675.891216028841	IG-B
4	LV7008886778	turquoise	GeoB25202_R1	68.149	state_02	OAP	339.021100351314	IG-B
4	LV7008886778	yellow	GeoB25202_R1	68.149	state_02	OAP	594.180373283435	IG-B
4	LV7008886778	blue	GeoB25202_R1	68.149	state_02	OAP	505.938566552901	IG-B
4	LV7008886778	brown	GeoB25202_R1	68.149	state_02	OAP	820	IG-B
4	LV7008886780	green	GeoB25202_R2	102.2955	state_02	OAP	686.349460974558	IG-B
4	LV7008886780	grey	GeoB25202_R2	102.2955	state_02	OAP	380.716748065905	IG-B
4	LV7008886780	turquoise	GeoB25202_R2	102.2955	state_02	OAP	364.142799234655	IG-B
4	LV7008886780	yellow	GeoB25202_R2	102.2955	state_02	OAP	595.683573278639	IG-B
4	LV7008886780	brown	GeoB25202_R2	102.2955	state_02	OAP	621.170680628272	IG-B
4	LV7008886780	blue	GeoB25202_R2	102.2955	state_02	OAP	660.722222222222	IG-B
4	LV3003047079	green	ST8	97.52	state_02	MGI	-13.8155105579643	IG-B
4	LV3003047079	turquoise	ST8	97.52	state_02	MGI	-13.8155105579643	IG-B
4	LV3003047079	grey	ST8	97.52	state_02	MGI	-13.8155105579643	IG-B
4	LV3003047079	yellow	ST8	97.52	state_02	MGI	-13.8155105579643	IG-B
4	LV3003047079	blue	ST8	97.52	state_02	MGI	-13.8155105579643	IG-B
4	LV3003047079	brown	ST8	97.52	state_02	MGI	-13.8155105579643	IG-B
4	LV3003047080	turquoise	ST8	87.9935	state_02	MGI	-13.8155105579643	IG-B
4	LV3003047080	yellow	ST8	87.9935	state_02	MGI	-13.8155105579643	IG-B
4	LV3003047080	grey	ST8	87.9935	state_02	MGI	-13.8155105579643	IG-B
4	LV3003047080	green	ST8	87.9935	state_02	MGI	-13.8155105579643	IG-B
4	LV3003047084	grey	ST8	33.276	state_02	MGI	-13.8155105579643	IG-B
4	LV3003047084	green	ST8	33.276	state_02	MGI	-13.8155105579643	IG-B
4	LV3003047084	turquoise	ST8	33.276	state_02	MGI	-13.8155105579643	IG-B
4	LV3003047084	yellow	ST8	33.276	state_02	MGI	-13.8155105579643	IG-B
4	LV3003047084	blue	ST8	33.276	state_02	MGI	-13.8155105579643	IG-B
4	LV3003047084	brown	ST8	33.276	state_02	MGI	-13.8155105579643	IG-B
4	LV3003047091	turquoise	ST8	89.37525	state_02	MGI	-13.8155105579643	IG-B
4	LV3003047091	grey	ST8	89.37525	state_02	MGI	-13.8155105579643	IG-B
4	LV3003047091	green	ST8	89.37525	state_02	MGI	-13.8155105579643	IG-B
4	LV3003047091	yellow	ST8	89.37525	state_02	MGI	-13.8155105579643	IG-B
4	LV3003047091	blue	ST8	89.37525	state_02	MGI	-13.8155105579643	IG-B
4	LV3003047093	green	ST8	79.675	state_02	MGI	-13.8155105579643	IG-B
4	LV3003047093	turquoise	ST8	79.675	state_02	MGI	-13.8155105579643	IG-B
4	LV3003047093	yellow	ST8	79.675	state_02	MGI	-13.8155105579643	IG-B
4	LV3003047093	grey	ST8	79.675	state_02	MGI	-13.8155105579643	IG-B
4	LV3003047100	green	ST8	86.61175	state_02	MGI	-13.8155105579643	IG-B
4	LV3003047100	turquoise	ST8	86.61175	state_02	MGI	-13.8155105579643	IG-B
4	LV3003047100	grey	ST8	86.61175	state_02	MGI	-13.8155105579643	IG-B
4	LV3003047100	yellow	ST8	86.61175	state_02	MGI	-13.8155105579643	IG-B
4	LV3003047100	blue	ST8	86.61175	state_02	MGI	-13.8155105579643	IG-B
4	LV3003047107	turquoise	ST8	71.517	state_02	MGI	-13.8155105579643	IG-B
4	LV3003047107	grey	ST8	71.517	state_02	MGI	-13.8155105579643	IG-B
4	LV3003047107	yellow	ST8	71.517	state_02	MGI	-13.8155105579643	IG-B
4	LV3003047107	green	ST8	71.517	state_02	MGI	-13.8155105579643	IG-B
4	LV3003047107	brown	ST8	71.517	state_02	MGI	-13.8155105579643	IG-B
4	LV3003047133	green	ST8	70.162	state_02	MGI	-13.8155105579643	IG-B
4	LV3003047133	grey	ST8	70.162	state_02	MGI	-13.8155105579643	IG-B
4	LV3003047133	turquoise	ST8	70.162	state_02	MGI	-13.8155105579643	IG-B
4	LV3003047133	yellow	ST8	70.162	state_02	MGI	-13.8155105579643	IG-B
4	LV3003047134	grey	ST8	68.807	state_02	MGI	-13.8155105579643	IG-B
4	LV3003047134	green	ST8	68.807	state_02	MGI	-13.8155105579643	IG-B
4	LV3003047134	turquoise	ST8	68.807	state_02	MGI	-13.8155105579643	IG-B
4	LV3003047134	yellow	ST8	68.807	state_02	MGI	-13.8155105579643	IG-B
4	LV3003047134	blue	ST8	68.807	state_02	MGI	-13.8155105579643	IG-B
4	LV3003047136	green	ST8	67.8766	state_02	MGI	-13.8155105579643	IG-B
4	LV3003047136	turquoise	ST8	67.8766	state_02	MGI	-13.8155105579643	IG-B
4	LV3003047136	grey	ST8	67.8766	state_02	MGI	-13.8155105579643	IG-B
4	LV3003047136	yellow	ST8	67.8766	state_02	MGI	-13.8155105579643	IG-B
4	LV3003047136	blue	ST8	67.8766	state_02	MGI	-13.8155105579643	IG-B
4	LV3003047138	turquoise	ST8	66.0158	state_02	MGI	-13.8155105579643	IG-B
4	LV3003047138	yellow	ST8	66.0158	state_02	MGI	-13.8155105579643	IG-B
4	LV3003047138	grey	ST8	66.0158	state_02	MGI	-13.8155105579643	IG-B
4	LV3003047138	green	ST8	66.0158	state_02	MGI	-13.8155105579643	IG-B
4	LV3003061474	grey	ST13	77.7798	state_02	MGI	-13.8155105579643	IG-B
4	LV3003061474	green	ST13	77.7798	state_02	MGI	-13.8155105579643	IG-B
4	LV3003061474	turquoise	ST13	77.7798	state_02	MGI	-13.8155105579643	IG-B
4	LV3003061474	yellow	ST13	77.7798	state_02	MGI	-13.8155105579643	IG-B
4	LV3003061474	blue	ST13	77.7798	state_02	MGI	-13.8155105579643	IG-B
4	LV3003061485	grey	ST13	75.7796	state_02	MGI	-13.8155105579643	IG-B
4	LV3003061485	green	ST13	75.7796	state_02	MGI	-13.8155105579643	IG-B
4	LV3003061485	turquoise	ST13	75.7796	state_02	MGI	-13.8155105579643	IG-B
4	LV3003061485	yellow	ST13	75.7796	state_02	MGI	-13.8155105579643	IG-B
4	LV3003061485	blue	ST13	75.7796	state_02	MGI	-13.8155105579643	IG-B
4	LV3003061485	brown	ST13	75.7796	state_02	MGI	-13.8155105579643	IG-B
4	LV3003061501	green	ST13	105.5872	state_02	MGI	-13.8155105579643	IG-B
4	LV3003061501	grey	ST13	105.5872	state_02	MGI	-13.8155105579643	IG-B
4	LV3003061501	turquoise	ST13	105.5872	state_02	MGI	-13.8155105579643	IG-B
4	LV3003061501	yellow	ST13	105.5872	state_02	MGI	-13.8155105579643	IG-B
4	LV3003061501	blue	ST13	105.5872	state_02	MGI	-13.8155105579643	IG-B
4	LV3003061503	grey	ST13	73.1472	state_02	MGI	-13.8155105579643	IG-B
4	LV3003061503	green	ST13	73.1472	state_02	MGI	-13.8155105579643	IG-B
4	LV3003061503	turquoise	ST13	73.1472	state_02	MGI	-13.8155105579643	IG-B
4	LV3003061503	yellow	ST13	73.1472	state_02	MGI	-13.8155105579643	IG-B
4	LV3003061503	blue	ST13	73.1472	state_02	MGI	-13.8155105579643	IG-B
4	LV3003061503	brown	ST13	73.1472	state_02	MGI	-13.8155105579643	IG-B
4	LV3003061514	grey	ST13	100.6726	state_02	MGI	-13.8155105579643	IG-B
4	LV3003061514	green	ST13	100.6726	state_02	MGI	-13.8155105579643	IG-B
4	LV3003061514	turquoise	ST13	100.6726	state_02	MGI	-13.8155105579643	IG-B
4	LV3003061514	yellow	ST13	100.6726	state_02	MGI	-13.8155105579643	IG-B
4	LV3003061514	blue	ST13	100.6726	state_02	MGI	-13.8155105579643	IG-B
4	LV3003061514	brown	ST13	100.6726	state_02	MGI	-13.8155105579643	IG-B
4	LV3003061515	grey	ST13	71.0012	state_02	MGI	-13.8155105579643	IG-B
4	LV3003061515	green	ST13	71.0012	state_02	MGI	-13.8155105579643	IG-B
4	LV3003061515	turquoise	ST13	71.0012	state_02	MGI	-13.8155105579643	IG-B
4	LV3003061515	yellow	ST13	71.0012	state_02	MGI	-13.8155105579643	IG-B
4	LV3003061515	blue	ST13	71.0012	state_02	MGI	-13.8155105579643	IG-B
4	LV3003061515	brown	ST13	71.0012	state_02	MGI	-13.8155105579643	IG-B
4	LV3003061517	grey	ST13	30.678	state_02	MGI	-3.7973034543257	IG-B
4	LV3003061517	green	ST13	30.678	state_02	MGI	-13.8155105579643	IG-B
4	LV3003061517	turquoise	ST13	30.678	state_02	MGI	-13.8155105579643	IG-B
4	LV3003061517	yellow	ST13	30.678	state_02	MGI	-13.8155105579643	IG-B
4	LV3003061517	blue	ST13	30.678	state_02	MGI	-13.8155105579643	IG-B
4	LV3003061517	brown	ST13	30.678	state_02	MGI	-13.8155105579643	IG-B
4	LV3003061528	green	ST13	95.118	state_02	MGI	-13.8155105579643	IG-B
4	LV3003061528	turquoise	ST13	95.118	state_02	MGI	-13.8155105579643	IG-B
4	LV3003061528	grey	ST13	95.118	state_02	MGI	-13.8155105579643	IG-B
4	LV3003061528	yellow	ST13	95.118	state_02	MGI	-13.8155105579643	IG-B
4	LV3003061528	blue	ST13	95.118	state_02	MGI	-13.8155105579643	IG-B
4	LV3003061529	grey	ST13	66.015	state_02	MGI	-13.8155105579643	IG-B
4	LV3003061529	green	ST13	66.015	state_02	MGI	-13.8155105579643	IG-B
4	LV3003061529	turquoise	ST13	66.015	state_02	MGI	-13.8155105579643	IG-B
4	LV3003061529	yellow	ST13	66.015	state_02	MGI	-13.8155105579643	IG-B
4	LV3003061529	blue	ST13	66.015	state_02	MGI	-13.8155105579643	IG-B
4	LV3003061529	brown	ST13	66.015	state_02	MGI	-13.8155105579643	IG-B
4	LV3003061541	green	ST13	91.09	state_02	MGI	-13.8155105579643	IG-B
4	LV3003061541	turquoise	ST13	91.09	state_02	MGI	-13.8155105579643	IG-B
4	LV3003061541	yellow	ST13	91.09	state_02	MGI	-13.8155105579643	IG-B
4	LV3003061541	grey	ST13	91.09	state_02	MGI	-13.8155105579643	IG-B
4	LV3003061541	blue	ST13	91.09	state_02	MGI	-13.8155105579643	IG-B
4	LV3003061543	grey	ST13	62.293	state_02	MGI	-13.8155105579643	IG-B
4	LV3003061543	green	ST13	62.293	state_02	MGI	-13.8155105579643	IG-B
4	LV3003061543	turquoise	ST13	62.293	state_02	MGI	-13.8155105579643	IG-B
4	LV3003061543	yellow	ST13	62.293	state_02	MGI	-13.8155105579643	IG-B
4	LV3003061543	blue	ST13	62.293	state_02	MGI	-13.8155105579643	IG-B
4	LV3003061543	brown	ST13	62.293	state_02	MGI	-13.8155105579643	IG-B
4	LV3003061556	grey	ST13	86.6174	state_02	MGI	-13.8155105579643	IG-B
4	LV3003061556	green	ST13	86.6174	state_02	MGI	-13.8155105579643	IG-B
4	LV3003061556	turquoise	ST13	86.6174	state_02	MGI	-13.8155105579643	IG-B
4	LV3003061556	yellow	ST13	86.6174	state_02	MGI	-13.8155105579643	IG-B
4	LV3003061556	blue	ST13	86.6174	state_02	MGI	-13.8155105579643	IG-B
4	LV3003061557	green	ST13	58.082	state_02	MGI	-13.8155105579643	IG-B
4	LV3003061557	yellow	ST13	58.082	state_02	MGI	-13.8155105579643	IG-B
4	LV3003061557	turquoise	ST13	58.082	state_02	MGI	-13.8155105579643	IG-B
4	LV3003061557	grey	ST13	58.082	state_02	MGI	-13.8155105579643	IG-B
4	LV3003061557	blue	ST13	58.082	state_02	MGI	-13.8155105579643	IG-B
4	LV3003061569	grey	ST13	81.6946	state_02	MGI	-13.8155105579643	IG-B
4	LV3003061569	green	ST13	81.6946	state_02	MGI	-13.8155105579643	IG-B
4	LV3003061569	turquoise	ST13	81.6946	state_02	MGI	-13.8155105579643	IG-B
4	LV3003061569	yellow	ST13	81.6946	state_02	MGI	-13.8155105579643	IG-B
4	LV3003061569	blue	ST13	81.6946	state_02	MGI	-13.8155105579643	IG-B
4	LV3003061569	brown	ST13	81.6946	state_02	MGI	-13.8155105579643	IG-B
4	LV3003061570	green	ST13	55.466	state_02	MGI	-13.8155105579643	IG-B
4	LV3003061570	turquoise	ST13	55.466	state_02	MGI	-13.8155105579643	IG-B
4	LV3003061570	grey	ST13	55.466	state_02	MGI	-13.8155105579643	IG-B
4	LV3003061570	yellow	ST13	55.466	state_02	MGI	-13.8155105579643	IG-B
4	LV3003061570	blue	ST13	55.466	state_02	MGI	-13.8155105579643	IG-B
4	LV7008886229	grey	GeoB25202_R2	68.149	state_02	MGI	-13.8155105579643	IG-B
4	LV7008886229	green	GeoB25202_R2	68.149	state_02	MGI	-13.8155105579643	IG-B
4	LV7008886229	turquoise	GeoB25202_R2	68.149	state_02	MGI	-13.8155105579643	IG-B
4	LV7008886229	yellow	GeoB25202_R2	68.149	state_02	MGI	-13.8155105579643	IG-B
4	LV7008886229	brown	GeoB25202_R2	68.149	state_02	MGI	-13.8155105579643	IG-B
4	LV7008886229	blue	GeoB25202_R2	68.149	state_02	MGI	-13.8155105579643	IG-B
4	LV7008886695	green	GeoB25202_R1	95.3875	state_02	MGI	-13.8155105579643	IG-B
4	LV7008886695	grey	GeoB25202_R1	95.3875	state_02	MGI	-13.8155105579643	IG-B
4	LV7008886695	turquoise	GeoB25202_R1	95.3875	state_02	MGI	-13.8155105579643	IG-B
4	LV7008886695	yellow	GeoB25202_R1	95.3875	state_02	MGI	-13.8155105579643	IG-B
4	LV7008886695	blue	GeoB25202_R1	95.3875	state_02	MGI	-13.8155105579643	IG-B
4	LV7008886695	brown	GeoB25202_R1	95.3875	state_02	MGI	-13.8155105579643	IG-B
4	LV7008886706	green	GeoB25202_R1	79.0255	state_02	MGI	-13.8155105579643	IG-B
4	LV7008886706	grey	GeoB25202_R1	79.0255	state_02	MGI	-13.8155105579643	IG-B
4	LV7008886706	turquoise	GeoB25202_R1	79.0255	state_02	MGI	-13.8155105579643	IG-B
4	LV7008886706	yellow	GeoB25202_R1	79.0255	state_02	MGI	-13.8155105579643	IG-B
4	LV7008886706	blue	GeoB25202_R1	79.0255	state_02	MGI	-13.8155105579643	IG-B
4	LV7008886706	brown	GeoB25202_R1	79.0255	state_02	MGI	-13.8155105579643	IG-B
4	LV7008886707	grey	GeoB25202_R2	95.3875	state_02	MGI	-13.8155105579643	IG-B
4	LV7008886707	green	GeoB25202_R2	95.3875	state_02	MGI	-13.8155105579643	IG-B
4	LV7008886707	turquoise	GeoB25202_R2	95.3875	state_02	MGI	-13.8155105579643	IG-B
4	LV7008886707	yellow	GeoB25202_R2	95.3875	state_02	MGI	-13.8155105579643	IG-B
4	LV7008886708	green	GeoB25202_R1	109.6305	state_02	MGI	-13.8155105579643	IG-B
4	LV7008886708	grey	GeoB25202_R1	109.6305	state_02	MGI	-13.8155105579643	IG-B
4	LV7008886708	turquoise	GeoB25202_R1	109.6305	state_02	MGI	-13.8155105579643	IG-B
4	LV7008886708	yellow	GeoB25202_R1	109.6305	state_02	MGI	-13.8155105579643	IG-B
4	LV7008886708	blue	GeoB25202_R1	109.6305	state_02	MGI	-13.8155105579643	IG-B
4	LV7008886708	brown	GeoB25202_R1	109.6305	state_02	MGI	0.796004565999653	IG-B
4	LV7008886718	green	GeoB25202_R2	79.0255	state_02	MGI	-13.8155105579643	IG-B
4	LV7008886718	grey	GeoB25202_R2	79.0255	state_02	MGI	-13.8155105579643	IG-B
4	LV7008886718	turquoise	GeoB25202_R2	79.0255	state_02	MGI	-13.8155105579643	IG-B
4	LV7008886718	yellow	GeoB25202_R2	79.0255	state_02	MGI	-13.8155105579643	IG-B
4	LV7008886718	blue	GeoB25202_R2	79.0255	state_02	MGI	-13.8155105579643	IG-B
4	LV7008886718	brown	GeoB25202_R2	79.0255	state_02	MGI	-13.8155105579643	IG-B
4	LV7008886720	green	GeoB25202_R2	109.6305	state_02	MGI	-13.8155105579643	IG-B
4	LV7008886720	grey	GeoB25202_R2	109.6305	state_02	MGI	-13.8155105579643	IG-B
4	LV7008886720	turquoise	GeoB25202_R2	109.6305	state_02	MGI	-13.8155105579643	IG-B
4	LV7008886720	yellow	GeoB25202_R2	109.6305	state_02	MGI	-13.8155105579643	IG-B
4	LV7008886720	blue	GeoB25202_R2	109.6305	state_02	MGI	-13.8155105579643	IG-B
4	LV7008886720	brown	GeoB25202_R2	109.6305	state_02	MGI	-13.8155105579643	IG-B
4	LV7008886730	green	GeoB25202_R1	75.351	state_02	MGI	-13.8155105579643	IG-B
4	LV7008886730	grey	GeoB25202_R1	75.351	state_02	MGI	-13.8155105579643	IG-B
4	LV7008886730	turquoise	GeoB25202_R1	75.351	state_02	MGI	-13.8155105579643	IG-B
4	LV7008886730	yellow	GeoB25202_R1	75.351	state_02	MGI	-13.8155105579643	IG-B
4	LV7008886730	brown	GeoB25202_R1	75.351	state_02	MGI	-13.8155105579643	IG-B
4	LV7008886730	blue	GeoB25202_R1	75.351	state_02	MGI	-13.8155105579643	IG-B
4	LV7008886742	grey	GeoB25202_R2	75.351	state_02	MGI	-13.8155105579643	IG-B
4	LV7008886742	green	GeoB25202_R2	75.351	state_02	MGI	-13.8155105579643	IG-B
4	LV7008886742	turquoise	GeoB25202_R2	75.351	state_02	MGI	-13.8155105579643	IG-B
4	LV7008886742	yellow	GeoB25202_R2	75.351	state_02	MGI	-13.8155105579643	IG-B
4	LV7008886742	blue	GeoB25202_R2	75.351	state_02	MGI	-13.8155105579643	IG-B
4	LV7008886742	brown	GeoB25202_R2	75.351	state_02	MGI	-13.8155105579643	IG-B
4	LV7008886743	green	GeoB25202_R1	81.6705	state_02	MGI	-13.8155105579643	IG-B
4	LV7008886743	grey	GeoB25202_R1	81.6705	state_02	MGI	-13.8155105579643	IG-B
4	LV7008886743	turquoise	GeoB25202_R1	81.6705	state_02	MGI	-13.8155105579643	IG-B
4	LV7008886743	yellow	GeoB25202_R1	81.6705	state_02	MGI	-13.8155105579643	IG-B
4	LV7008886743	brown	GeoB25202_R1	81.6705	state_02	MGI	0.597003320007043	IG-B
4	LV7008886754	green	GeoB25202_R1	71.8895	state_02	MGI	-13.8155105579643	IG-B
4	LV7008886754	grey	GeoB25202_R1	71.8895	state_02	MGI	-13.8155105579643	IG-B
4	LV7008886754	turquoise	GeoB25202_R1	71.8895	state_02	MGI	-13.8155105579643	IG-B
4	LV7008886754	yellow	GeoB25202_R1	71.8895	state_02	MGI	-13.8155105579643	IG-B
4	LV7008886754	blue	GeoB25202_R1	71.8895	state_02	MGI	-13.8155105579643	IG-B
4	LV7008886754	brown	GeoB25202_R1	71.8895	state_02	MGI	-13.8155105579643	IG-B
4	LV7008886755	green	GeoB25202_R2	81.6705	state_02	MGI	-13.8155105579643	IG-B
4	LV7008886755	grey	GeoB25202_R2	81.6705	state_02	MGI	-13.8155105579643	IG-B
4	LV7008886755	turquoise	GeoB25202_R2	81.6705	state_02	MGI	-13.8155105579643	IG-B
4	LV7008886755	yellow	GeoB25202_R2	81.6705	state_02	MGI	-13.8155105579643	IG-B
4	LV7008886756	grey	GeoB25202_R2	105.5785	state_02	MGI	-13.8155105579643	IG-B
4	LV7008886756	turquoise	GeoB25202_R2	105.5785	state_02	MGI	-13.8155105579643	IG-B
4	LV7008886756	yellow	GeoB25202_R2	105.5785	state_02	MGI	-13.8155105579643	IG-B
4	LV7008886756	green	GeoB25202_R2	105.5785	state_02	MGI	-13.8155105579643	IG-B
4	LV7008886766	grey	GeoB25202_R2	71.8895	state_02	MGI	-13.8155105579643	IG-B
4	LV7008886766	green	GeoB25202_R2	71.8895	state_02	MGI	-13.8155105579643	IG-B
4	LV7008886766	turquoise	GeoB25202_R2	71.8895	state_02	MGI	-13.8155105579643	IG-B
4	LV7008886766	blue	GeoB25202_R2	71.8895	state_02	MGI	-13.8155105579643	IG-B
4	LV7008886766	yellow	GeoB25202_R2	71.8895	state_02	MGI	-13.8155105579643	IG-B
4	LV7008886766	brown	GeoB25202_R2	71.8895	state_02	MGI	-13.8155105579643	IG-B
4	LV7008886768	green	GeoB25202_R1	102.2955	state_02	MGI	-13.8155105579643	IG-B
4	LV7008886768	grey	GeoB25202_R1	102.2955	state_02	MGI	-13.8155105579643	IG-B
4	LV7008886768	turquoise	GeoB25202_R1	102.2955	state_02	MGI	-13.8155105579643	IG-B
4	LV7008886768	yellow	GeoB25202_R1	102.2955	state_02	MGI	-13.8155105579643	IG-B
4	LV7008886778	grey	GeoB25202_R1	68.149	state_02	MGI	-13.8155105579643	IG-B
4	LV7008886778	green	GeoB25202_R1	68.149	state_02	MGI	-13.8155105579643	IG-B
4	LV7008886778	turquoise	GeoB25202_R1	68.149	state_02	MGI	-13.8155105579643	IG-B
4	LV7008886778	yellow	GeoB25202_R1	68.149	state_02	MGI	-13.8155105579643	IG-B
4	LV7008886778	blue	GeoB25202_R1	68.149	state_02	MGI	-13.8155105579643	IG-B
4	LV7008886778	brown	GeoB25202_R1	68.149	state_02	MGI	-13.8155105579643	IG-B
4	LV7008886780	green	GeoB25202_R2	102.2955	state_02	MGI	-13.8155105579643	IG-B
4	LV7008886780	grey	GeoB25202_R2	102.2955	state_02	MGI	-13.8155105579643	IG-B
4	LV7008886780	turquoise	GeoB25202_R2	102.2955	state_02	MGI	-13.8155105579643	IG-B
4	LV7008886780	yellow	GeoB25202_R2	102.2955	state_02	MGI	-13.8155105579643	IG-B
4	LV7008886780	brown	GeoB25202_R2	102.2955	state_02	MGI	-13.8155105579643	IG-B
4	LV7008886780	blue	GeoB25202_R2	102.2955	state_02	MGI	-13.8155105579643	IG-B
4	LV3003047079	green	ST8	97.52	state_02	MFI	0	IG-B
4	LV3003047079	turquoise	ST8	97.52	state_02	MFI	0	IG-B
4	LV3003047079	grey	ST8	97.52	state_02	MFI	0	IG-B
4	LV3003047079	yellow	ST8	97.52	state_02	MFI	0	IG-B
4	LV3003047079	blue	ST8	97.52	state_02	MFI	0	IG-B
4	LV3003047079	brown	ST8	97.52	state_02	MFI	0	IG-B
4	LV3003047080	turquoise	ST8	87.9935	state_02	MFI	0	IG-B
4	LV3003047080	yellow	ST8	87.9935	state_02	MFI	0	IG-B
4	LV3003047080	grey	ST8	87.9935	state_02	MFI	0	IG-B
4	LV3003047080	green	ST8	87.9935	state_02	MFI	0	IG-B
4	LV3003047084	grey	ST8	33.276	state_02	MFI	0	IG-B
4	LV3003047084	green	ST8	33.276	state_02	MFI	0	IG-B
4	LV3003047084	turquoise	ST8	33.276	state_02	MFI	0	IG-B
4	LV3003047084	yellow	ST8	33.276	state_02	MFI	0	IG-B
4	LV3003047084	blue	ST8	33.276	state_02	MFI	0	IG-B
4	LV3003047084	brown	ST8	33.276	state_02	MFI	0	IG-B
4	LV3003047091	turquoise	ST8	89.37525	state_02	MFI	0	IG-B
4	LV3003047091	grey	ST8	89.37525	state_02	MFI	0	IG-B
4	LV3003047091	green	ST8	89.37525	state_02	MFI	0	IG-B
4	LV3003047091	yellow	ST8	89.37525	state_02	MFI	0	IG-B
4	LV3003047091	blue	ST8	89.37525	state_02	MFI	0	IG-B
4	LV3003047093	green	ST8	79.675	state_02	MFI	0	IG-B
4	LV3003047093	turquoise	ST8	79.675	state_02	MFI	0	IG-B
4	LV3003047093	yellow	ST8	79.675	state_02	MFI	0	IG-B
4	LV3003047093	grey	ST8	79.675	state_02	MFI	0	IG-B
4	LV3003047100	green	ST8	86.61175	state_02	MFI	0	IG-B
4	LV3003047100	turquoise	ST8	86.61175	state_02	MFI	0	IG-B
4	LV3003047100	grey	ST8	86.61175	state_02	MFI	0	IG-B
4	LV3003047100	yellow	ST8	86.61175	state_02	MFI	0	IG-B
4	LV3003047100	blue	ST8	86.61175	state_02	MFI	0	IG-B
4	LV3003047107	turquoise	ST8	71.517	state_02	MFI	0	IG-B
4	LV3003047107	grey	ST8	71.517	state_02	MFI	0	IG-B
4	LV3003047107	yellow	ST8	71.517	state_02	MFI	0	IG-B
4	LV3003047107	green	ST8	71.517	state_02	MFI	0	IG-B
4	LV3003047107	brown	ST8	71.517	state_02	MFI	0	IG-B
4	LV3003047133	green	ST8	70.162	state_02	MFI	0	IG-B
4	LV3003047133	grey	ST8	70.162	state_02	MFI	0	IG-B
4	LV3003047133	turquoise	ST8	70.162	state_02	MFI	0	IG-B
4	LV3003047133	yellow	ST8	70.162	state_02	MFI	0	IG-B
4	LV3003047134	grey	ST8	68.807	state_02	MFI	0	IG-B
4	LV3003047134	green	ST8	68.807	state_02	MFI	0	IG-B
4	LV3003047134	turquoise	ST8	68.807	state_02	MFI	0	IG-B
4	LV3003047134	yellow	ST8	68.807	state_02	MFI	0	IG-B
4	LV3003047134	blue	ST8	68.807	state_02	MFI	0	IG-B
4	LV3003047136	green	ST8	67.8766	state_02	MFI	0	IG-B
4	LV3003047136	turquoise	ST8	67.8766	state_02	MFI	0	IG-B
4	LV3003047136	grey	ST8	67.8766	state_02	MFI	0	IG-B
4	LV3003047136	yellow	ST8	67.8766	state_02	MFI	0	IG-B
4	LV3003047136	blue	ST8	67.8766	state_02	MFI	0	IG-B
4	LV3003047138	turquoise	ST8	66.0158	state_02	MFI	0	IG-B
4	LV3003047138	yellow	ST8	66.0158	state_02	MFI	0	IG-B
4	LV3003047138	grey	ST8	66.0158	state_02	MFI	0	IG-B
4	LV3003047138	green	ST8	66.0158	state_02	MFI	0	IG-B
4	LV3003061474	grey	ST13	77.7798	state_02	MFI	0	IG-B
4	LV3003061474	green	ST13	77.7798	state_02	MFI	0	IG-B
4	LV3003061474	turquoise	ST13	77.7798	state_02	MFI	0	IG-B
4	LV3003061474	yellow	ST13	77.7798	state_02	MFI	0	IG-B
4	LV3003061474	blue	ST13	77.7798	state_02	MFI	0	IG-B
4	LV3003061485	grey	ST13	75.7796	state_02	MFI	0	IG-B
4	LV3003061485	green	ST13	75.7796	state_02	MFI	0	IG-B
4	LV3003061485	turquoise	ST13	75.7796	state_02	MFI	0	IG-B
4	LV3003061485	yellow	ST13	75.7796	state_02	MFI	0	IG-B
4	LV3003061485	blue	ST13	75.7796	state_02	MFI	0	IG-B
4	LV3003061485	brown	ST13	75.7796	state_02	MFI	0	IG-B
4	LV3003061501	green	ST13	105.5872	state_02	MFI	0	IG-B
4	LV3003061501	grey	ST13	105.5872	state_02	MFI	0	IG-B
4	LV3003061501	turquoise	ST13	105.5872	state_02	MFI	0	IG-B
4	LV3003061501	yellow	ST13	105.5872	state_02	MFI	0	IG-B
4	LV3003061501	blue	ST13	105.5872	state_02	MFI	0	IG-B
4	LV3003061503	grey	ST13	73.1472	state_02	MFI	0	IG-B
4	LV3003061503	green	ST13	73.1472	state_02	MFI	0	IG-B
4	LV3003061503	turquoise	ST13	73.1472	state_02	MFI	0	IG-B
4	LV3003061503	yellow	ST13	73.1472	state_02	MFI	0	IG-B
4	LV3003061503	blue	ST13	73.1472	state_02	MFI	0	IG-B
4	LV3003061503	brown	ST13	73.1472	state_02	MFI	0	IG-B
4	LV3003061514	grey	ST13	100.6726	state_02	MFI	6.95457043823664	IG-B
4	LV3003061514	green	ST13	100.6726	state_02	MFI	0	IG-B
4	LV3003061514	turquoise	ST13	100.6726	state_02	MFI	0	IG-B
4	LV3003061514	yellow	ST13	100.6726	state_02	MFI	0	IG-B
4	LV3003061514	blue	ST13	100.6726	state_02	MFI	0	IG-B
4	LV3003061514	brown	ST13	100.6726	state_02	MFI	0	IG-B
4	LV3003061515	grey	ST13	71.0012	state_02	MFI	6.08417980603529	IG-B
4	LV3003061515	green	ST13	71.0012	state_02	MFI	0	IG-B
4	LV3003061515	turquoise	ST13	71.0012	state_02	MFI	0	IG-B
4	LV3003061515	yellow	ST13	71.0012	state_02	MFI	0	IG-B
4	LV3003061515	blue	ST13	71.0012	state_02	MFI	0	IG-B
4	LV3003061515	brown	ST13	71.0012	state_02	MFI	0	IG-B
4	LV3003061517	grey	ST13	30.678	state_02	MFI	-10.0182071036386	IG-B
4	LV3003061517	green	ST13	30.678	state_02	MFI	0	IG-B
4	LV3003061517	turquoise	ST13	30.678	state_02	MFI	0	IG-B
4	LV3003061517	yellow	ST13	30.678	state_02	MFI	0	IG-B
4	LV3003061517	blue	ST13	30.678	state_02	MFI	0	IG-B
4	LV3003061517	brown	ST13	30.678	state_02	MFI	0	IG-B
4	LV3003061528	green	ST13	95.118	state_02	MFI	0	IG-B
4	LV3003061528	turquoise	ST13	95.118	state_02	MFI	0	IG-B
4	LV3003061528	grey	ST13	95.118	state_02	MFI	6.81253399201755	IG-B
4	LV3003061528	yellow	ST13	95.118	state_02	MFI	0	IG-B
4	LV3003061528	blue	ST13	95.118	state_02	MFI	0	IG-B
4	LV3003061529	grey	ST13	66.015	state_02	MFI	6.70987424175174	IG-B
4	LV3003061529	green	ST13	66.015	state_02	MFI	0	IG-B
4	LV3003061529	turquoise	ST13	66.015	state_02	MFI	0	IG-B
4	LV3003061529	yellow	ST13	66.015	state_02	MFI	0	IG-B
4	LV3003061529	blue	ST13	66.015	state_02	MFI	0	IG-B
4	LV3003061529	brown	ST13	66.015	state_02	MFI	0	IG-B
4	LV3003061541	green	ST13	91.09	state_02	MFI	0	IG-B
4	LV3003061541	turquoise	ST13	91.09	state_02	MFI	0	IG-B
4	LV3003061541	yellow	ST13	91.09	state_02	MFI	0	IG-B
4	LV3003061541	grey	ST13	91.09	state_02	MFI	0	IG-B
4	LV3003061541	blue	ST13	91.09	state_02	MFI	0	IG-B
4	LV3003061543	grey	ST13	62.293	state_02	MFI	0	IG-B
4	LV3003061543	green	ST13	62.293	state_02	MFI	0	IG-B
4	LV3003061543	turquoise	ST13	62.293	state_02	MFI	0	IG-B
4	LV3003061543	yellow	ST13	62.293	state_02	MFI	0	IG-B
4	LV3003061543	blue	ST13	62.293	state_02	MFI	0	IG-B
4	LV3003061543	brown	ST13	62.293	state_02	MFI	0	IG-B
4	LV3003061556	grey	ST13	86.6174	state_02	MFI	0	IG-B
4	LV3003061556	green	ST13	86.6174	state_02	MFI	0	IG-B
4	LV3003061556	turquoise	ST13	86.6174	state_02	MFI	0	IG-B
4	LV3003061556	yellow	ST13	86.6174	state_02	MFI	0	IG-B
4	LV3003061556	blue	ST13	86.6174	state_02	MFI	0	IG-B
4	LV3003061557	green	ST13	58.082	state_02	MFI	0	IG-B
4	LV3003061557	yellow	ST13	58.082	state_02	MFI	0	IG-B
4	LV3003061557	turquoise	ST13	58.082	state_02	MFI	0	IG-B
4	LV3003061557	grey	ST13	58.082	state_02	MFI	0	IG-B
4	LV3003061557	blue	ST13	58.082	state_02	MFI	0	IG-B
4	LV3003061569	grey	ST13	81.6946	state_02	MFI	0	IG-B
4	LV3003061569	green	ST13	81.6946	state_02	MFI	0	IG-B
4	LV3003061569	turquoise	ST13	81.6946	state_02	MFI	0	IG-B
4	LV3003061569	yellow	ST13	81.6946	state_02	MFI	0	IG-B
4	LV3003061569	blue	ST13	81.6946	state_02	MFI	0	IG-B
4	LV3003061569	brown	ST13	81.6946	state_02	MFI	0	IG-B
4	LV3003061570	green	ST13	55.466	state_02	MFI	0	IG-B
4	LV3003061570	turquoise	ST13	55.466	state_02	MFI	0	IG-B
4	LV3003061570	grey	ST13	55.466	state_02	MFI	7.58136872298053	IG-B
4	LV3003061570	yellow	ST13	55.466	state_02	MFI	0	IG-B
4	LV3003061570	blue	ST13	55.466	state_02	MFI	0	IG-B
4	LV7008886229	grey	GeoB25202_R2	68.149	state_02	MFI	0	IG-B
4	LV7008886229	green	GeoB25202_R2	68.149	state_02	MFI	0	IG-B
4	LV7008886229	turquoise	GeoB25202_R2	68.149	state_02	MFI	0	IG-B
4	LV7008886229	yellow	GeoB25202_R2	68.149	state_02	MFI	0	IG-B
4	LV7008886229	brown	GeoB25202_R2	68.149	state_02	MFI	0	IG-B
4	LV7008886229	blue	GeoB25202_R2	68.149	state_02	MFI	0	IG-B
4	LV7008886695	green	GeoB25202_R1	95.3875	state_02	MFI	0	IG-B
4	LV7008886695	grey	GeoB25202_R1	95.3875	state_02	MFI	0	IG-B
4	LV7008886695	turquoise	GeoB25202_R1	95.3875	state_02	MFI	0	IG-B
4	LV7008886695	yellow	GeoB25202_R1	95.3875	state_02	MFI	0	IG-B
4	LV7008886695	blue	GeoB25202_R1	95.3875	state_02	MFI	0	IG-B
4	LV7008886695	brown	GeoB25202_R1	95.3875	state_02	MFI	0	IG-B
4	LV7008886706	green	GeoB25202_R1	79.0255	state_02	MFI	0	IG-B
4	LV7008886706	grey	GeoB25202_R1	79.0255	state_02	MFI	0	IG-B
4	LV7008886706	turquoise	GeoB25202_R1	79.0255	state_02	MFI	0	IG-B
4	LV7008886706	yellow	GeoB25202_R1	79.0255	state_02	MFI	0	IG-B
4	LV7008886706	blue	GeoB25202_R1	79.0255	state_02	MFI	0	IG-B
4	LV7008886706	brown	GeoB25202_R1	79.0255	state_02	MFI	0	IG-B
4	LV7008886707	grey	GeoB25202_R2	95.3875	state_02	MFI	0	IG-B
4	LV7008886707	green	GeoB25202_R2	95.3875	state_02	MFI	0	IG-B
4	LV7008886707	turquoise	GeoB25202_R2	95.3875	state_02	MFI	0	IG-B
4	LV7008886707	yellow	GeoB25202_R2	95.3875	state_02	MFI	0	IG-B
4	LV7008886708	green	GeoB25202_R1	109.6305	state_02	MFI	0	IG-B
4	LV7008886708	grey	GeoB25202_R1	109.6305	state_02	MFI	0	IG-B
4	LV7008886708	turquoise	GeoB25202_R1	109.6305	state_02	MFI	0	IG-B
4	LV7008886708	yellow	GeoB25202_R1	109.6305	state_02	MFI	0	IG-B
4	LV7008886708	blue	GeoB25202_R1	109.6305	state_02	MFI	0	IG-B
4	LV7008886708	brown	GeoB25202_R1	109.6305	state_02	MFI	-13.9183688456592	IG-B
4	LV7008886718	green	GeoB25202_R2	79.0255	state_02	MFI	0	IG-B
4	LV7008886718	grey	GeoB25202_R2	79.0255	state_02	MFI	0	IG-B
4	LV7008886718	turquoise	GeoB25202_R2	79.0255	state_02	MFI	0	IG-B
4	LV7008886718	yellow	GeoB25202_R2	79.0255	state_02	MFI	0	IG-B
4	LV7008886718	blue	GeoB25202_R2	79.0255	state_02	MFI	0	IG-B
4	LV7008886718	brown	GeoB25202_R2	79.0255	state_02	MFI	0	IG-B
4	LV7008886720	green	GeoB25202_R2	109.6305	state_02	MFI	0	IG-B
4	LV7008886720	grey	GeoB25202_R2	109.6305	state_02	MFI	0	IG-B
4	LV7008886720	turquoise	GeoB25202_R2	109.6305	state_02	MFI	0	IG-B
4	LV7008886720	yellow	GeoB25202_R2	109.6305	state_02	MFI	0	IG-B
4	LV7008886720	blue	GeoB25202_R2	109.6305	state_02	MFI	0	IG-B
4	LV7008886720	brown	GeoB25202_R2	109.6305	state_02	MFI	0	IG-B
4	LV7008886730	green	GeoB25202_R1	75.351	state_02	MFI	0	IG-B
4	LV7008886730	grey	GeoB25202_R1	75.351	state_02	MFI	0	IG-B
4	LV7008886730	turquoise	GeoB25202_R1	75.351	state_02	MFI	0	IG-B
4	LV7008886730	yellow	GeoB25202_R1	75.351	state_02	MFI	0	IG-B
4	LV7008886730	brown	GeoB25202_R1	75.351	state_02	MFI	0	IG-B
4	LV7008886730	blue	GeoB25202_R1	75.351	state_02	MFI	0	IG-B
4	LV7008886742	grey	GeoB25202_R2	75.351	state_02	MFI	0	IG-B
4	LV7008886742	green	GeoB25202_R2	75.351	state_02	MFI	0	IG-B
4	LV7008886742	turquoise	GeoB25202_R2	75.351	state_02	MFI	0	IG-B
4	LV7008886742	yellow	GeoB25202_R2	75.351	state_02	MFI	0	IG-B
4	LV7008886742	blue	GeoB25202_R2	75.351	state_02	MFI	0	IG-B
4	LV7008886742	brown	GeoB25202_R2	75.351	state_02	MFI	0	IG-B
4	LV7008886743	green	GeoB25202_R1	81.6705	state_02	MFI	0	IG-B
4	LV7008886743	grey	GeoB25202_R1	81.6705	state_02	MFI	0	IG-B
4	LV7008886743	turquoise	GeoB25202_R1	81.6705	state_02	MFI	0	IG-B
4	LV7008886743	yellow	GeoB25202_R1	81.6705	state_02	MFI	0	IG-B
4	LV7008886743	brown	GeoB25202_R1	81.6705	state_02	MFI	-13.7193677983282	IG-B
4	LV7008886754	green	GeoB25202_R1	71.8895	state_02	MFI	0	IG-B
4	LV7008886754	grey	GeoB25202_R1	71.8895	state_02	MFI	0	IG-B
4	LV7008886754	turquoise	GeoB25202_R1	71.8895	state_02	MFI	0	IG-B
4	LV7008886754	yellow	GeoB25202_R1	71.8895	state_02	MFI	0	IG-B
4	LV7008886754	blue	GeoB25202_R1	71.8895	state_02	MFI	0	IG-B
4	LV7008886754	brown	GeoB25202_R1	71.8895	state_02	MFI	0	IG-B
4	LV7008886755	green	GeoB25202_R2	81.6705	state_02	MFI	0	IG-B
4	LV7008886755	grey	GeoB25202_R2	81.6705	state_02	MFI	0	IG-B
4	LV7008886755	turquoise	GeoB25202_R2	81.6705	state_02	MFI	0	IG-B
4	LV7008886755	yellow	GeoB25202_R2	81.6705	state_02	MFI	0	IG-B
4	LV7008886756	grey	GeoB25202_R2	105.5785	state_02	MFI	0	IG-B
4	LV7008886756	turquoise	GeoB25202_R2	105.5785	state_02	MFI	0	IG-B
4	LV7008886756	yellow	GeoB25202_R2	105.5785	state_02	MFI	0	IG-B
4	LV7008886756	green	GeoB25202_R2	105.5785	state_02	MFI	0	IG-B
4	LV7008886766	grey	GeoB25202_R2	71.8895	state_02	MFI	0	IG-B
4	LV7008886766	green	GeoB25202_R2	71.8895	state_02	MFI	0	IG-B
4	LV7008886766	turquoise	GeoB25202_R2	71.8895	state_02	MFI	0	IG-B
4	LV7008886766	blue	GeoB25202_R2	71.8895	state_02	MFI	0	IG-B
4	LV7008886766	yellow	GeoB25202_R2	71.8895	state_02	MFI	0	IG-B
4	LV7008886766	brown	GeoB25202_R2	71.8895	state_02	MFI	0	IG-B
4	LV7008886768	green	GeoB25202_R1	102.2955	state_02	MFI	0	IG-B
4	LV7008886768	grey	GeoB25202_R1	102.2955	state_02	MFI	0	IG-B
4	LV7008886768	turquoise	GeoB25202_R1	102.2955	state_02	MFI	0	IG-B
4	LV7008886768	yellow	GeoB25202_R1	102.2955	state_02	MFI	0	IG-B
4	LV7008886778	grey	GeoB25202_R1	68.149	state_02	MFI	0	IG-B
4	LV7008886778	green	GeoB25202_R1	68.149	state_02	MFI	0	IG-B
4	LV7008886778	turquoise	GeoB25202_R1	68.149	state_02	MFI	0	IG-B
4	LV7008886778	yellow	GeoB25202_R1	68.149	state_02	MFI	0	IG-B
4	LV7008886778	blue	GeoB25202_R1	68.149	state_02	MFI	0	IG-B
4	LV7008886778	brown	GeoB25202_R1	68.149	state_02	MFI	0	IG-B
4	LV7008886780	green	GeoB25202_R2	102.2955	state_02	MFI	0	IG-B
4	LV7008886780	grey	GeoB25202_R2	102.2955	state_02	MFI	0	IG-B
4	LV7008886780	turquoise	GeoB25202_R2	102.2955	state_02	MFI	0	IG-B
4	LV7008886780	yellow	GeoB25202_R2	102.2955	state_02	MFI	0	IG-B
4	LV7008886780	brown	GeoB25202_R2	102.2955	state_02	MFI	0	IG-B
4	LV7008886780	blue	GeoB25202_R2	102.2955	state_02	MFI	0	IG-B
4	LV3003047079	green	ST8	97.52	state_02	DCI	-9.38017263281177	IG-B
4	LV3003047079	turquoise	ST8	97.52	state_02	DCI	0.0323971995169091	IG-B
4	LV3003047079	grey	ST8	97.52	state_02	DCI	-2.17306680111924	IG-B
4	LV3003047079	yellow	ST8	97.52	state_02	DCI	0	IG-B
4	LV3003047079	blue	ST8	97.52	state_02	DCI	0	IG-B
4	LV3003047079	brown	ST8	97.52	state_02	DCI	0	IG-B
4	LV3003047080	turquoise	ST8	87.9935	state_02	DCI	-1.72728216445976	IG-B
4	LV3003047080	yellow	ST8	87.9935	state_02	DCI	-1.88294593184852	IG-B
4	LV3003047080	grey	ST8	87.9935	state_02	DCI	-2.13891369131616	IG-B
4	LV3003047080	green	ST8	87.9935	state_02	DCI	0	IG-B
4	LV3003047084	grey	ST8	33.276	state_02	DCI	-2.12521456846018	IG-B
4	LV3003047084	green	ST8	33.276	state_02	DCI	-9.58631534215202	IG-B
4	LV3003047084	turquoise	ST8	33.276	state_02	DCI	-1.89449275340734	IG-B
4	LV3003047084	yellow	ST8	33.276	state_02	DCI	-1.3247843660463	IG-B
4	LV3003047084	blue	ST8	33.276	state_02	DCI	-13.2601148704325	IG-B
4	LV3003047084	brown	ST8	33.276	state_02	DCI	-14.3884843995273	IG-B
4	LV3003047091	turquoise	ST8	89.37525	state_02	DCI	-0.660132312650959	IG-B
4	LV3003047091	grey	ST8	89.37525	state_02	DCI	-2.27118085655185	IG-B
4	LV3003047091	green	ST8	89.37525	state_02	DCI	0	IG-B
4	LV3003047091	yellow	ST8	89.37525	state_02	DCI	0	IG-B
4	LV3003047091	blue	ST8	89.37525	state_02	DCI	0	IG-B
4	LV3003047093	green	ST8	79.675	state_02	DCI	-9.32357105620347	IG-B
4	LV3003047093	turquoise	ST8	79.675	state_02	DCI	-1.03725420766442	IG-B
4	LV3003047093	yellow	ST8	79.675	state_02	DCI	-1.78333836683165	IG-B
4	LV3003047093	grey	ST8	79.675	state_02	DCI	-2.03145000674123	IG-B
4	LV3003047100	green	ST8	86.61175	state_02	DCI	-9.00146543465391	IG-B
4	LV3003047100	turquoise	ST8	86.61175	state_02	DCI	-1.73766124765552	IG-B
4	LV3003047100	grey	ST8	86.61175	state_02	DCI	-2.40582354299416	IG-B
4	LV3003047100	yellow	ST8	86.61175	state_02	DCI	-10.2312941617186	IG-B
4	LV3003047100	blue	ST8	86.61175	state_02	DCI	0	IG-B
4	LV3003047107	turquoise	ST8	71.517	state_02	DCI	-1.54324928510011	IG-B
4	LV3003047107	grey	ST8	71.517	state_02	DCI	-1.94879871900069	IG-B
4	LV3003047107	yellow	ST8	71.517	state_02	DCI	-1.2139231351791	IG-B
4	LV3003047107	green	ST8	71.517	state_02	DCI	0	IG-B
4	LV3003047107	brown	ST8	71.517	state_02	DCI	0	IG-B
4	LV3003047133	green	ST8	70.162	state_02	DCI	-9.64451183826304	IG-B
4	LV3003047133	grey	ST8	70.162	state_02	DCI	-2.08641066488108	IG-B
4	LV3003047133	turquoise	ST8	70.162	state_02	DCI	-2.07595561942681	IG-B
4	LV3003047133	yellow	ST8	70.162	state_02	DCI	-0.257173299900521	IG-B
4	LV3003047134	grey	ST8	68.807	state_02	DCI	-12.6917932988687	IG-B
4	LV3003047134	green	ST8	68.807	state_02	DCI	-9.43997929519536	IG-B
4	LV3003047134	turquoise	ST8	68.807	state_02	DCI	-0.38894861611798	IG-B
4	LV3003047134	yellow	ST8	68.807	state_02	DCI	-10.1067817481101	IG-B
4	LV3003047134	blue	ST8	68.807	state_02	DCI	0	IG-B
4	LV3003047136	green	ST8	67.8766	state_02	DCI	-9.27346534545701	IG-B
4	LV3003047136	turquoise	ST8	67.8766	state_02	DCI	-1.21744629657047	IG-B
4	LV3003047136	grey	ST8	67.8766	state_02	DCI	-3.73568352031174	IG-B
4	LV3003047136	yellow	ST8	67.8766	state_02	DCI	-9.46136546775165	IG-B
4	LV3003047136	blue	ST8	67.8766	state_02	DCI	0	IG-B
4	LV3003047138	turquoise	ST8	66.0158	state_02	DCI	-1.13373785095032	IG-B
4	LV3003047138	yellow	ST8	66.0158	state_02	DCI	-11.1469135129302	IG-B
4	LV3003047138	grey	ST8	66.0158	state_02	DCI	-4.05449282564265	IG-B
4	LV3003047138	green	ST8	66.0158	state_02	DCI	0	IG-B
4	LV3003061474	grey	ST13	77.7798	state_02	DCI	-1.7952399043149	IG-B
4	LV3003061474	green	ST13	77.7798	state_02	DCI	-9.20587063906104	IG-B
4	LV3003061474	turquoise	ST13	77.7798	state_02	DCI	-1.51821643253556	IG-B
4	LV3003061474	yellow	ST13	77.7798	state_02	DCI	-0.697165940154863	IG-B
4	LV3003061474	blue	ST13	77.7798	state_02	DCI	0	IG-B
4	LV3003061485	grey	ST13	75.7796	state_02	DCI	-1.55132562647	IG-B
4	LV3003061485	green	ST13	75.7796	state_02	DCI	-9.34837965969629	IG-B
4	LV3003061485	turquoise	ST13	75.7796	state_02	DCI	-0.950003607201612	IG-B
4	LV3003061485	yellow	ST13	75.7796	state_02	DCI	-0.857198931369915	IG-B
4	LV3003061485	blue	ST13	75.7796	state_02	DCI	0.747580324418893	IG-B
4	LV3003061485	brown	ST13	75.7796	state_02	DCI	0	IG-B
4	LV3003061501	green	ST13	105.5872	state_02	DCI	-9.46032522478009	IG-B
4	LV3003061501	grey	ST13	105.5872	state_02	DCI	-1.77500489218078	IG-B
4	LV3003061501	turquoise	ST13	105.5872	state_02	DCI	-1.03564316647045	IG-B
4	LV3003061501	yellow	ST13	105.5872	state_02	DCI	-1.02245092770255	IG-B
4	LV3003061501	blue	ST13	105.5872	state_02	DCI	0	IG-B
4	LV3003061503	grey	ST13	73.1472	state_02	DCI	-1.23838908006583	IG-B
4	LV3003061503	green	ST13	73.1472	state_02	DCI	-9.56129091934073	IG-B
4	LV3003061503	turquoise	ST13	73.1472	state_02	DCI	-1.59354661478924	IG-B
4	LV3003061503	yellow	ST13	73.1472	state_02	DCI	-1.13078705457895	IG-B
4	LV3003061503	blue	ST13	73.1472	state_02	DCI	-12.671228232463	IG-B
4	LV3003061503	brown	ST13	73.1472	state_02	DCI	0	IG-B
4	LV3003061514	grey	ST13	100.6726	state_02	DCI	-1.23487403383573	IG-B
4	LV3003061514	green	ST13	100.6726	state_02	DCI	-9.31129428230668	IG-B
4	LV3003061514	turquoise	ST13	100.6726	state_02	DCI	-1.58941954122511	IG-B
4	LV3003061514	yellow	ST13	100.6726	state_02	DCI	-1.63206290886435	IG-B
4	LV3003061514	blue	ST13	100.6726	state_02	DCI	-0.564750587407461	IG-B
4	LV3003061514	brown	ST13	100.6726	state_02	DCI	0	IG-B
4	LV3003061515	grey	ST13	71.0012	state_02	DCI	-2.21564023263914	IG-B
4	LV3003061515	green	ST13	71.0012	state_02	DCI	-9.25144540102358	IG-B
4	LV3003061515	turquoise	ST13	71.0012	state_02	DCI	-0.864250546575689	IG-B
4	LV3003061515	yellow	ST13	71.0012	state_02	DCI	-1.41713146695444	IG-B
4	LV3003061515	blue	ST13	71.0012	state_02	DCI	-1.52920194937297	IG-B
4	LV3003061515	brown	ST13	71.0012	state_02	DCI	-14.1445339705725	IG-B
4	LV3003061517	grey	ST13	30.678	state_02	DCI	-2.35026461338082	IG-B
4	LV3003061517	green	ST13	30.678	state_02	DCI	-9.58471833819562	IG-B
4	LV3003061517	turquoise	ST13	30.678	state_02	DCI	-1.67404544112803	IG-B
4	LV3003061517	yellow	ST13	30.678	state_02	DCI	-1.44871568368668	IG-B
4	LV3003061517	blue	ST13	30.678	state_02	DCI	-1.44073745159211	IG-B
4	LV3003061517	brown	ST13	30.678	state_02	DCI	-14.9819164532625	IG-B
4	LV3003061528	green	ST13	95.118	state_02	DCI	-9.12961177053588	IG-B
4	LV3003061528	turquoise	ST13	95.118	state_02	DCI	-1.67542886665199	IG-B
4	LV3003061528	grey	ST13	95.118	state_02	DCI	-1.77230118608266	IG-B
4	LV3003061528	yellow	ST13	95.118	state_02	DCI	-1.42364403424134	IG-B
4	LV3003061528	blue	ST13	95.118	state_02	DCI	1.0606692153835	IG-B
4	LV3003061529	grey	ST13	66.015	state_02	DCI	-1.21993137370554	IG-B
4	LV3003061529	green	ST13	66.015	state_02	DCI	-9.46676523731517	IG-B
4	LV3003061529	turquoise	ST13	66.015	state_02	DCI	-1.52831931244669	IG-B
4	LV3003061529	yellow	ST13	66.015	state_02	DCI	-1.23229713790308	IG-B
4	LV3003061529	blue	ST13	66.015	state_02	DCI	-0.996019418505701	IG-B
4	LV3003061529	brown	ST13	66.015	state_02	DCI	-1.00454577962904	IG-B
4	LV3003061541	green	ST13	91.09	state_02	DCI	-9.95576672996547	IG-B
4	LV3003061541	turquoise	ST13	91.09	state_02	DCI	-1.63862444872747	IG-B
4	LV3003061541	yellow	ST13	91.09	state_02	DCI	-0.240501118260111	IG-B
4	LV3003061541	grey	ST13	91.09	state_02	DCI	-1.39758278425599	IG-B
4	LV3003061541	blue	ST13	91.09	state_02	DCI	-14.4717407946966	IG-B
4	LV3003061543	grey	ST13	62.293	state_02	DCI	-1.08747548258897	IG-B
4	LV3003061543	green	ST13	62.293	state_02	DCI	-9.58472486236246	IG-B
4	LV3003061543	turquoise	ST13	62.293	state_02	DCI	-1.05462517049094	IG-B
4	LV3003061543	yellow	ST13	62.293	state_02	DCI	-0.845006908640648	IG-B
4	LV3003061543	blue	ST13	62.293	state_02	DCI	-0.171962420897766	IG-B
4	LV3003061543	brown	ST13	62.293	state_02	DCI	-14.2928402273021	IG-B
4	LV3003061556	grey	ST13	86.6174	state_02	DCI	-1.5833672114058	IG-B
4	LV3003061556	green	ST13	86.6174	state_02	DCI	-9.32696318427187	IG-B
4	LV3003061556	turquoise	ST13	86.6174	state_02	DCI	-1.44686584373818	IG-B
4	LV3003061556	yellow	ST13	86.6174	state_02	DCI	-0.590443251730682	IG-B
4	LV3003061556	blue	ST13	86.6174	state_02	DCI	0	IG-B
4	LV3003061557	green	ST13	58.082	state_02	DCI	-9.43781078510232	IG-B
4	LV3003061557	yellow	ST13	58.082	state_02	DCI	-0.596781198403095	IG-B
4	LV3003061557	turquoise	ST13	58.082	state_02	DCI	-0.781030095044824	IG-B
4	LV3003061557	grey	ST13	58.082	state_02	DCI	-1.2806176899109	IG-B
4	LV3003061557	blue	ST13	58.082	state_02	DCI	0	IG-B
4	LV3003061569	grey	ST13	81.6946	state_02	DCI	-1.51208817880801	IG-B
4	LV3003061569	green	ST13	81.6946	state_02	DCI	-9.28663935618853	IG-B
4	LV3003061569	turquoise	ST13	81.6946	state_02	DCI	-1.1851957173342	IG-B
4	LV3003061569	yellow	ST13	81.6946	state_02	DCI	-0.713289279980237	IG-B
4	LV3003061569	blue	ST13	81.6946	state_02	DCI	0	IG-B
4	LV3003061569	brown	ST13	81.6946	state_02	DCI	-14.9141228466324	IG-B
4	LV3003061570	green	ST13	55.466	state_02	DCI	-9.50391427078666	IG-B
4	LV3003061570	turquoise	ST13	55.466	state_02	DCI	-2.18602297418379	IG-B
4	LV3003061570	grey	ST13	55.466	state_02	DCI	-0.816350586560358	IG-B
4	LV3003061570	yellow	ST13	55.466	state_02	DCI	-0.467985465089498	IG-B
4	LV3003061570	blue	ST13	55.466	state_02	DCI	0	IG-B
4	LV7008886229	grey	GeoB25202_R2	68.149	state_02	DCI	-1.8547776393975	IG-B
4	LV7008886229	green	GeoB25202_R2	68.149	state_02	DCI	-9.22361114510276	IG-B
4	LV7008886229	turquoise	GeoB25202_R2	68.149	state_02	DCI	-1.135867264027	IG-B
4	LV7008886229	yellow	GeoB25202_R2	68.149	state_02	DCI	-0.826229907955974	IG-B
4	LV7008886229	brown	GeoB25202_R2	68.149	state_02	DCI	-12.3823518878682	IG-B
4	LV7008886229	blue	GeoB25202_R2	68.149	state_02	DCI	-10.9628964612341	IG-B
4	LV7008886695	green	GeoB25202_R1	95.3875	state_02	DCI	-9.56880095025693	IG-B
4	LV7008886695	grey	GeoB25202_R1	95.3875	state_02	DCI	-1.47559319445979	IG-B
4	LV7008886695	turquoise	GeoB25202_R1	95.3875	state_02	DCI	-1.93493426587902	IG-B
4	LV7008886695	yellow	GeoB25202_R1	95.3875	state_02	DCI	-11.4848597327354	IG-B
4	LV7008886695	blue	GeoB25202_R1	95.3875	state_02	DCI	0	IG-B
4	LV7008886695	brown	GeoB25202_R1	95.3875	state_02	DCI	0	IG-B
4	LV7008886706	green	GeoB25202_R1	79.0255	state_02	DCI	-9.14016394280209	IG-B
4	LV7008886706	grey	GeoB25202_R1	79.0255	state_02	DCI	-1.25647902593202	IG-B
4	LV7008886706	turquoise	GeoB25202_R1	79.0255	state_02	DCI	-1.4679534920016	IG-B
4	LV7008886706	yellow	GeoB25202_R1	79.0255	state_02	DCI	-0.585634880574382	IG-B
4	LV7008886706	blue	GeoB25202_R1	79.0255	state_02	DCI	0	IG-B
4	LV7008886706	brown	GeoB25202_R1	79.0255	state_02	DCI	-14.0805238306033	IG-B
4	LV7008886707	grey	GeoB25202_R2	95.3875	state_02	DCI	-1.55784194282772	IG-B
4	LV7008886707	green	GeoB25202_R2	95.3875	state_02	DCI	-10.0156667097066	IG-B
4	LV7008886707	turquoise	GeoB25202_R2	95.3875	state_02	DCI	-1.75662670465229	IG-B
4	LV7008886707	yellow	GeoB25202_R2	95.3875	state_02	DCI	-0.65016535798626	IG-B
4	LV7008886708	green	GeoB25202_R1	109.6305	state_02	DCI	-9.63222110516353	IG-B
4	LV7008886708	grey	GeoB25202_R1	109.6305	state_02	DCI	-1.49030619582473	IG-B
4	LV7008886708	turquoise	GeoB25202_R1	109.6305	state_02	DCI	-1.20057318844943	IG-B
4	LV7008886708	yellow	GeoB25202_R1	109.6305	state_02	DCI	-12.0081628367973	IG-B
4	LV7008886708	blue	GeoB25202_R1	109.6305	state_02	DCI	0	IG-B
4	LV7008886708	brown	GeoB25202_R1	109.6305	state_02	DCI	0	IG-B
4	LV7008886718	green	GeoB25202_R2	79.0255	state_02	DCI	-9.18936191445434	IG-B
4	LV7008886718	grey	GeoB25202_R2	79.0255	state_02	DCI	-1.48010255587626	IG-B
4	LV7008886718	turquoise	GeoB25202_R2	79.0255	state_02	DCI	-1.51186648530736	IG-B
4	LV7008886718	yellow	GeoB25202_R2	79.0255	state_02	DCI	-0.689580524973371	IG-B
4	LV7008886718	blue	GeoB25202_R2	79.0255	state_02	DCI	0	IG-B
4	LV7008886718	brown	GeoB25202_R2	79.0255	state_02	DCI	0	IG-B
4	LV7008886720	green	GeoB25202_R2	109.6305	state_02	DCI	-9.53783484840207	IG-B
4	LV7008886720	grey	GeoB25202_R2	109.6305	state_02	DCI	-1.64325800715817	IG-B
4	LV7008886720	turquoise	GeoB25202_R2	109.6305	state_02	DCI	-0.887329268920466	IG-B
4	LV7008886720	yellow	GeoB25202_R2	109.6305	state_02	DCI	-1.67205150516209	IG-B
4	LV7008886720	blue	GeoB25202_R2	109.6305	state_02	DCI	0	IG-B
4	LV7008886720	brown	GeoB25202_R2	109.6305	state_02	DCI	0	IG-B
4	LV7008886730	green	GeoB25202_R1	75.351	state_02	DCI	-9.2946851313605	IG-B
4	LV7008886730	grey	GeoB25202_R1	75.351	state_02	DCI	-1.56153927520406	IG-B
4	LV7008886730	turquoise	GeoB25202_R1	75.351	state_02	DCI	-0.964586638525363	IG-B
4	LV7008886730	yellow	GeoB25202_R1	75.351	state_02	DCI	-0.787522125318314	IG-B
4	LV7008886730	brown	GeoB25202_R1	75.351	state_02	DCI	0	IG-B
4	LV7008886730	blue	GeoB25202_R1	75.351	state_02	DCI	11.6931064572651	IG-B
4	LV7008886742	grey	GeoB25202_R2	75.351	state_02	DCI	-1.52493201663917	IG-B
4	LV7008886742	green	GeoB25202_R2	75.351	state_02	DCI	-9.29648824447539	IG-B
4	LV7008886742	turquoise	GeoB25202_R2	75.351	state_02	DCI	-1.26138135467461	IG-B
4	LV7008886742	yellow	GeoB25202_R2	75.351	state_02	DCI	-1.12204750632388	IG-B
4	LV7008886742	blue	GeoB25202_R2	75.351	state_02	DCI	-12.166325855701	IG-B
4	LV7008886742	brown	GeoB25202_R2	75.351	state_02	DCI	0	IG-B
4	LV7008886743	green	GeoB25202_R1	81.6705	state_02	DCI	-9.384885977468	IG-B
4	LV7008886743	grey	GeoB25202_R1	81.6705	state_02	DCI	-1.38086995116838	IG-B
4	LV7008886743	turquoise	GeoB25202_R1	81.6705	state_02	DCI	-2.00726250805099	IG-B
4	LV7008886743	yellow	GeoB25202_R1	81.6705	state_02	DCI	-11.5135923539579	IG-B
4	LV7008886743	brown	GeoB25202_R1	81.6705	state_02	DCI	0	IG-B
4	LV7008886754	green	GeoB25202_R1	71.8895	state_02	DCI	-9.35690774815011	IG-B
4	LV7008886754	grey	GeoB25202_R1	71.8895	state_02	DCI	-2.38287258451822	IG-B
4	LV7008886754	turquoise	GeoB25202_R1	71.8895	state_02	DCI	-0.93826963859293	IG-B
4	LV7008886754	yellow	GeoB25202_R1	71.8895	state_02	DCI	-0.905167815455408	IG-B
4	LV7008886754	blue	GeoB25202_R1	71.8895	state_02	DCI	11.0442146607268	IG-B
4	LV7008886754	brown	GeoB25202_R1	71.8895	state_02	DCI	-12.9495014866028	IG-B
4	LV7008886755	green	GeoB25202_R2	81.6705	state_02	DCI	-9.03299233143949	IG-B
4	LV7008886755	grey	GeoB25202_R2	81.6705	state_02	DCI	-1.20344379388919	IG-B
4	LV7008886755	turquoise	GeoB25202_R2	81.6705	state_02	DCI	-1.44740628113399	IG-B
4	LV7008886755	yellow	GeoB25202_R2	81.6705	state_02	DCI	-1.60011185925291	IG-B
4	LV7008886756	grey	GeoB25202_R2	105.5785	state_02	DCI	-1.76612769305555	IG-B
4	LV7008886756	turquoise	GeoB25202_R2	105.5785	state_02	DCI	-1.47812005277271	IG-B
4	LV7008886756	yellow	GeoB25202_R2	105.5785	state_02	DCI	-11.87019632097	IG-B
4	LV7008886756	green	GeoB25202_R2	105.5785	state_02	DCI	0	IG-B
4	LV7008886766	grey	GeoB25202_R2	71.8895	state_02	DCI	-2.34269495195912	IG-B
4	LV7008886766	green	GeoB25202_R2	71.8895	state_02	DCI	-9.49120699163232	IG-B
4	LV7008886766	turquoise	GeoB25202_R2	71.8895	state_02	DCI	-0.700179471584819	IG-B
4	LV7008886766	blue	GeoB25202_R2	71.8895	state_02	DCI	10.5760221924163	IG-B
4	LV7008886766	yellow	GeoB25202_R2	71.8895	state_02	DCI	1.05621602292332	IG-B
4	LV7008886766	brown	GeoB25202_R2	71.8895	state_02	DCI	0	IG-B
4	LV7008886768	green	GeoB25202_R1	102.2955	state_02	DCI	-9.23745044599826	IG-B
4	LV7008886768	grey	GeoB25202_R1	102.2955	state_02	DCI	-1.41350137236246	IG-B
4	LV7008886768	turquoise	GeoB25202_R1	102.2955	state_02	DCI	-1.80095476720984	IG-B
4	LV7008886768	yellow	GeoB25202_R1	102.2955	state_02	DCI	-2.03731231246243	IG-B
4	LV7008886778	grey	GeoB25202_R1	68.149	state_02	DCI	-1.53513998871746	IG-B
4	LV7008886778	green	GeoB25202_R1	68.149	state_02	DCI	-9.48277340924706	IG-B
4	LV7008886778	turquoise	GeoB25202_R1	68.149	state_02	DCI	-0.937836798775094	IG-B
4	LV7008886778	yellow	GeoB25202_R1	68.149	state_02	DCI	-0.958115613165824	IG-B
4	LV7008886778	blue	GeoB25202_R1	68.149	state_02	DCI	-10.7294527847976	IG-B
4	LV7008886778	brown	GeoB25202_R1	68.149	state_02	DCI	0	IG-B
4	LV7008886780	green	GeoB25202_R2	102.2955	state_02	DCI	-9.25523861549186	IG-B
4	LV7008886780	grey	GeoB25202_R2	102.2955	state_02	DCI	-1.87283350821358	IG-B
4	LV7008886780	turquoise	GeoB25202_R2	102.2955	state_02	DCI	-1.74341104882361	IG-B
4	LV7008886780	yellow	GeoB25202_R2	102.2955	state_02	DCI	-1.24382904339829	IG-B
4	LV7008886780	brown	GeoB25202_R2	102.2955	state_02	DCI	0	IG-B
4	LV7008886780	blue	GeoB25202_R2	102.2955	state_02	DCI	0	IG-B
4	LV3003047079	green	ST8	97.52	state_02	MII	-14.6859282693253	IG-B
4	LV3003047079	turquoise	ST8	97.52	state_02	MII	-3.87625741828296	IG-B
4	LV3003047079	grey	ST8	97.52	state_02	MII	-2.08418499333317	IG-B
4	LV3003047079	yellow	ST8	97.52	state_02	MII	-3.08931820065976	IG-B
4	LV3003047079	blue	ST8	97.52	state_02	MII	-15.3195879547405	IG-B
4	LV3003047079	brown	ST8	97.52	state_02	MII	0	IG-B
4	LV3003047080	turquoise	ST8	87.9935	state_02	MII	-2.73183562126688	IG-B
4	LV3003047080	yellow	ST8	87.9935	state_02	MII	-2.7517861848227	IG-B
4	LV3003047080	grey	ST8	87.9935	state_02	MII	-2.23277964112017	IG-B
4	LV3003047080	green	ST8	87.9935	state_02	MII	-14.6218872239244	IG-B
4	LV3003047084	grey	ST8	33.276	state_02	MII	-2.14511412979358	IG-B
4	LV3003047084	green	ST8	33.276	state_02	MII	-14.8437420498706	IG-B
4	LV3003047084	turquoise	ST8	33.276	state_02	MII	-3.60734106626959	IG-B
4	LV3003047084	yellow	ST8	33.276	state_02	MII	-3.42248224555377	IG-B
4	LV3003047084	blue	ST8	33.276	state_02	MII	-15.1856537174072	IG-B
4	LV3003047084	brown	ST8	33.276	state_02	MII	-1.16091617200426	IG-B
4	LV3003047091	turquoise	ST8	89.37525	state_02	MII	-3.29222160186307	IG-B
4	LV3003047091	grey	ST8	89.37525	state_02	MII	-2.56728282149052	IG-B
4	LV3003047091	green	ST8	89.37525	state_02	MII	-14.6399975648293	IG-B
4	LV3003047091	yellow	ST8	89.37525	state_02	MII	-3.14723971154064	IG-B
4	LV3003047091	blue	ST8	89.37525	state_02	MII	-15.3195879547405	IG-B
4	LV3003047093	green	ST8	79.675	state_02	MII	-14.8002412144652	IG-B
4	LV3003047093	turquoise	ST8	79.675	state_02	MII	-3.04144679824531	IG-B
4	LV3003047093	yellow	ST8	79.675	state_02	MII	-3.01425753307564	IG-B
4	LV3003047093	grey	ST8	79.675	state_02	MII	-2.09952486215327	IG-B
4	LV3003047100	green	ST8	86.61175	state_02	MII	-14.6876056953603	IG-B
4	LV3003047100	turquoise	ST8	86.61175	state_02	MII	-3.01775272576509	IG-B
4	LV3003047100	grey	ST8	86.61175	state_02	MII	-2.19119068908769	IG-B
4	LV3003047100	yellow	ST8	86.61175	state_02	MII	-3.81642945214402	IG-B
4	LV3003047100	blue	ST8	86.61175	state_02	MII	-14.8749021334791	IG-B
4	LV3003047107	turquoise	ST8	71.517	state_02	MII	-2.99782562999421	IG-B
4	LV3003047107	grey	ST8	71.517	state_02	MII	-2.04648760127254	IG-B
4	LV3003047107	yellow	ST8	71.517	state_02	MII	-3.43268902701392	IG-B
4	LV3003047107	green	ST8	71.517	state_02	MII	-14.5814991379064	IG-B
4	LV3003047107	brown	ST8	71.517	state_02	MII	-15.6072700271923	IG-B
4	LV3003047133	green	ST8	70.162	state_02	MII	-14.5263573156236	IG-B
4	LV3003047133	grey	ST8	70.162	state_02	MII	-2.01608117098256	IG-B
4	LV3003047133	turquoise	ST8	70.162	state_02	MII	-3.18083588271103	IG-B
4	LV3003047133	yellow	ST8	70.162	state_02	MII	-3.29070112470873	IG-B
4	LV3003047134	grey	ST8	68.807	state_02	MII	-1.92477377202255	IG-B
4	LV3003047134	green	ST8	68.807	state_02	MII	-14.7290913603227	IG-B
4	LV3003047134	turquoise	ST8	68.807	state_02	MII	-3.67012070391451	IG-B
4	LV3003047134	yellow	ST8	68.807	state_02	MII	-3.00522653377346	IG-B
4	LV3003047134	blue	ST8	68.807	state_02	MII	-14.2209756660724	IG-B
4	LV3003047136	green	ST8	67.8766	state_02	MII	-14.7623327970648	IG-B
4	LV3003047136	turquoise	ST8	67.8766	state_02	MII	-3.58577825577462	IG-B
4	LV3003047136	grey	ST8	67.8766	state_02	MII	-2.30957133500528	IG-B
4	LV3003047136	yellow	ST8	67.8766	state_02	MII	-3.55069607735479	IG-B
4	LV3003047136	blue	ST8	67.8766	state_02	MII	-15.3195879547405	IG-B
4	LV3003047138	turquoise	ST8	66.0158	state_02	MII	-3.36042931843104	IG-B
4	LV3003047138	yellow	ST8	66.0158	state_02	MII	-3.24755162484487	IG-B
4	LV3003047138	grey	ST8	66.0158	state_02	MII	-2.28217134511105	IG-B
4	LV3003047138	green	ST8	66.0158	state_02	MII	-14.8948230273707	IG-B
4	LV3003061474	grey	ST13	77.7798	state_02	MII	-2.59476772969021	IG-B
4	LV3003061474	green	ST13	77.7798	state_02	MII	-14.7976113995699	IG-B
4	LV3003061474	turquoise	ST13	77.7798	state_02	MII	-3.02759838214887	IG-B
4	LV3003061474	yellow	ST13	77.7798	state_02	MII	-3.11428721198896	IG-B
4	LV3003061474	blue	ST13	77.7798	state_02	MII	-14.849345348316	IG-B
4	LV3003061485	grey	ST13	75.7796	state_02	MII	-2.34192014512478	IG-B
4	LV3003061485	green	ST13	75.7796	state_02	MII	-14.7004446211264	IG-B
4	LV3003061485	turquoise	ST13	75.7796	state_02	MII	-2.73322407048497	IG-B
4	LV3003061485	yellow	ST13	75.7796	state_02	MII	-3.25234336019673	IG-B
4	LV3003061485	blue	ST13	75.7796	state_02	MII	-3.75913667748623	IG-B
4	LV3003061485	brown	ST13	75.7796	state_02	MII	-14.9141228466324	IG-B
4	LV3003061501	green	ST13	105.5872	state_02	MII	-14.758230144035	IG-B
4	LV3003061501	grey	ST13	105.5872	state_02	MII	-2.21996417010805	IG-B
4	LV3003061501	turquoise	ST13	105.5872	state_02	MII	-3.10636882882995	IG-B
4	LV3003061501	yellow	ST13	105.5872	state_02	MII	-2.66401658614357	IG-B
4	LV3003061501	blue	ST13	105.5872	state_02	MII	-14.6633177648709	IG-B
4	LV3003061503	grey	ST13	73.1472	state_02	MII	-2.43992347220727	IG-B
4	LV3003061503	green	ST13	73.1472	state_02	MII	-14.6738479326403	IG-B
4	LV3003061503	turquoise	ST13	73.1472	state_02	MII	-2.77686463430097	IG-B
4	LV3003061503	yellow	ST13	73.1472	state_02	MII	-3.19779658321062	IG-B
4	LV3003061503	blue	ST13	73.1472	state_02	MII	-3.88165343982418	IG-B
4	LV3003061503	brown	ST13	73.1472	state_02	MII	-1.42003250075174	IG-B
4	LV3003061514	grey	ST13	100.6726	state_02	MII	-2.33693414399514	IG-B
4	LV3003061514	green	ST13	100.6726	state_02	MII	-14.6966912936066	IG-B
4	LV3003061514	turquoise	ST13	100.6726	state_02	MII	-3.14078044674258	IG-B
4	LV3003061514	yellow	ST13	100.6726	state_02	MII	-2.9128175108305	IG-B
4	LV3003061514	blue	ST13	100.6726	state_02	MII	-4.30452307351902	IG-B
4	LV3003061514	brown	ST13	100.6726	state_02	MII	-1.00764051046238	IG-B
4	LV3003061515	grey	ST13	71.0012	state_02	MII	-2.85332749932169	IG-B
4	LV3003061515	green	ST13	71.0012	state_02	MII	-14.7796227197756	IG-B
4	LV3003061515	turquoise	ST13	71.0012	state_02	MII	-3.12352234727383	IG-B
4	LV3003061515	yellow	ST13	71.0012	state_02	MII	-3.32696161863749	IG-B
4	LV3003061515	blue	ST13	71.0012	state_02	MII	-3.57574615201724	IG-B
4	LV3003061515	brown	ST13	71.0012	state_02	MII	0.14745273114313	IG-B
4	LV3003061517	grey	ST13	30.678	state_02	MII	-2.07764860885762	IG-B
4	LV3003061517	green	ST13	30.678	state_02	MII	-14.7909318696252	IG-B
4	LV3003061517	turquoise	ST13	30.678	state_02	MII	-2.5140121638296	IG-B
4	LV3003061517	yellow	ST13	30.678	state_02	MII	-2.81458020828083	IG-B
4	LV3003061517	blue	ST13	30.678	state_02	MII	-3.36508934487475	IG-B
4	LV3003061517	brown	ST13	30.678	state_02	MII	0.508649344343396	IG-B
4	LV3003061528	green	ST13	95.118	state_02	MII	-14.7591166178915	IG-B
4	LV3003061528	turquoise	ST13	95.118	state_02	MII	-2.97142070373173	IG-B
4	LV3003061528	grey	ST13	95.118	state_02	MII	-2.7381717785071	IG-B
4	LV3003061528	yellow	ST13	95.118	state_02	MII	-3.0406183823124	IG-B
4	LV3003061528	blue	ST13	95.118	state_02	MII	-3.45244508230516	IG-B
4	LV3003061529	grey	ST13	66.015	state_02	MII	-2.12920901396471	IG-B
4	LV3003061529	green	ST13	66.015	state_02	MII	-14.777545310538	IG-B
4	LV3003061529	turquoise	ST13	66.015	state_02	MII	-3.10381708949643	IG-B
4	LV3003061529	yellow	ST13	66.015	state_02	MII	-3.32240677471565	IG-B
4	LV3003061529	blue	ST13	66.015	state_02	MII	-3.38838842336957	IG-B
4	LV3003061529	brown	ST13	66.015	state_02	MII	-0.908306067243576	IG-B
4	LV3003061541	green	ST13	91.09	state_02	MII	-14.7587456690848	IG-B
4	LV3003061541	turquoise	ST13	91.09	state_02	MII	-3.02984130677892	IG-B
4	LV3003061541	yellow	ST13	91.09	state_02	MII	-2.97427360607602	IG-B
4	LV3003061541	grey	ST13	91.09	state_02	MII	-1.45132230861466	IG-B
4	LV3003061541	blue	ST13	91.09	state_02	MII	-14.9141228466324	IG-B
4	LV3003061543	grey	ST13	62.293	state_02	MII	-2.45934080200583	IG-B
4	LV3003061543	green	ST13	62.293	state_02	MII	-14.7707169223064	IG-B
4	LV3003061543	turquoise	ST13	62.293	state_02	MII	-3.40218458868897	IG-B
4	LV3003061543	yellow	ST13	62.293	state_02	MII	-3.63185589294765	IG-B
4	LV3003061543	blue	ST13	62.293	state_02	MII	-4.11909402691175	IG-B
4	LV3003061543	brown	ST13	62.293	state_02	MII	-14.8761562487085	IG-B
4	LV3003061556	grey	ST13	86.6174	state_02	MII	-2.26016044966644	IG-B
4	LV3003061556	green	ST13	86.6174	state_02	MII	-14.8389623715582	IG-B
4	LV3003061556	turquoise	ST13	86.6174	state_02	MII	-2.76243899532638	IG-B
4	LV3003061556	yellow	ST13	86.6174	state_02	MII	-3.06976416247262	IG-B
4	LV3003061556	blue	ST13	86.6174	state_02	MII	-14.9141228466324	IG-B
4	LV3003061557	green	ST13	58.082	state_02	MII	-14.8085288392849	IG-B
4	LV3003061557	yellow	ST13	58.082	state_02	MII	-3.08931699513711	IG-B
4	LV3003061557	turquoise	ST13	58.082	state_02	MII	-3.44824365669962	IG-B
4	LV3003061557	grey	ST13	58.082	state_02	MII	-2.56317858471765	IG-B
4	LV3003061557	blue	ST13	58.082	state_02	MII	-14.2483746402606	IG-B
4	LV3003061569	grey	ST13	81.6946	state_02	MII	-2.54793680797888	IG-B
4	LV3003061569	green	ST13	81.6946	state_02	MII	-14.8045453792135	IG-B
4	LV3003061569	turquoise	ST13	81.6946	state_02	MII	-3.16781737148571	IG-B
4	LV3003061569	yellow	ST13	81.6946	state_02	MII	-3.10005040334378	IG-B
4	LV3003061569	blue	ST13	81.6946	state_02	MII	-14.8536340851517	IG-B
4	LV3003061569	brown	ST13	81.6946	state_02	MII	-14.2209756660724	IG-B
4	LV3003061570	green	ST13	55.466	state_02	MII	-14.8376223752777	IG-B
4	LV3003061570	turquoise	ST13	55.466	state_02	MII	-3.27122454665225	IG-B
4	LV3003061570	grey	ST13	55.466	state_02	MII	-2.02530837783325	IG-B
4	LV3003061570	yellow	ST13	55.466	state_02	MII	-2.88406921602536	IG-B
4	LV3003061570	blue	ST13	55.466	state_02	MII	-14.692867870006	IG-B
4	LV7008886229	grey	GeoB25202_R2	68.149	state_02	MII	-2.12356629199635	IG-B
4	LV7008886229	green	GeoB25202_R2	68.149	state_02	MII	-14.8099582264955	IG-B
4	LV7008886229	turquoise	GeoB25202_R2	68.149	state_02	MII	-2.1708194352742	IG-B
4	LV7008886229	yellow	GeoB25202_R2	68.149	state_02	MII	-3.10757701128886	IG-B
4	LV7008886229	brown	GeoB25202_R2	68.149	state_02	MII	-15.4463444413971	IG-B
4	LV7008886229	blue	GeoB25202_R2	68.149	state_02	MII	-3.2715586296294	IG-B
4	LV7008886695	green	GeoB25202_R1	95.3875	state_02	MII	-14.8041086394726	IG-B
4	LV7008886695	grey	GeoB25202_R1	95.3875	state_02	MII	-1.82509671653022	IG-B
4	LV7008886695	turquoise	GeoB25202_R1	95.3875	state_02	MII	-2.55538433544738	IG-B
4	LV7008886695	yellow	GeoB25202_R1	95.3875	state_02	MII	-2.96111948429498	IG-B
4	LV7008886695	blue	GeoB25202_R1	95.3875	state_02	MII	-14.9141228466324	IG-B
4	LV7008886695	brown	GeoB25202_R1	95.3875	state_02	MII	-14.9141228466324	IG-B
4	LV7008886706	green	GeoB25202_R1	79.0255	state_02	MII	-14.8223601102854	IG-B
4	LV7008886706	grey	GeoB25202_R1	79.0255	state_02	MII	-2.25816216581284	IG-B
4	LV7008886706	turquoise	GeoB25202_R1	79.0255	state_02	MII	-3.11559245547776	IG-B
4	LV7008886706	yellow	GeoB25202_R1	79.0255	state_02	MII	-3.04462727381229	IG-B
4	LV7008886706	blue	GeoB25202_R1	79.0255	state_02	MII	-15.6435058756464	IG-B
4	LV7008886706	brown	GeoB25202_R1	79.0255	state_02	MII	-14.9775832005496	IG-B
4	LV7008886707	grey	GeoB25202_R2	95.3875	state_02	MII	-1.9350313961572	IG-B
4	LV7008886707	green	GeoB25202_R2	95.3875	state_02	MII	-14.7890918576946	IG-B
4	LV7008886707	turquoise	GeoB25202_R2	95.3875	state_02	MII	-2.74725181921442	IG-B
4	LV7008886707	yellow	GeoB25202_R2	95.3875	state_02	MII	-2.84900865484528	IG-B
4	LV7008886708	green	GeoB25202_R1	109.6305	state_02	MII	-14.7636101729203	IG-B
4	LV7008886708	grey	GeoB25202_R1	109.6305	state_02	MII	-1.85543065952113	IG-B
4	LV7008886708	turquoise	GeoB25202_R1	109.6305	state_02	MII	-2.49883177832733	IG-B
4	LV7008886708	yellow	GeoB25202_R1	109.6305	state_02	MII	-2.67726805580329	IG-B
4	LV7008886708	blue	GeoB25202_R1	109.6305	state_02	MII	-14.1867843013242	IG-B
4	LV7008886708	brown	GeoB25202_R1	109.6305	state_02	MII	0	IG-B
4	LV7008886718	green	GeoB25202_R2	79.0255	state_02	MII	-14.8026258869767	IG-B
4	LV7008886718	grey	GeoB25202_R2	79.0255	state_02	MII	-2.22900065669334	IG-B
4	LV7008886718	turquoise	GeoB25202_R2	79.0255	state_02	MII	-2.72044921056589	IG-B
4	LV7008886718	yellow	GeoB25202_R2	79.0255	state_02	MII	-3.16773946580468	IG-B
4	LV7008886718	blue	GeoB25202_R2	79.0255	state_02	MII	-14.9950212477754	IG-B
4	LV7008886718	brown	GeoB25202_R2	79.0255	state_02	MII	-2.1726834684201	IG-B
4	LV7008886720	green	GeoB25202_R2	109.6305	state_02	MII	-14.7197651816597	IG-B
4	LV7008886720	grey	GeoB25202_R2	109.6305	state_02	MII	-1.98587398797995	IG-B
4	LV7008886720	turquoise	GeoB25202_R2	109.6305	state_02	MII	-2.76150565616397	IG-B
4	LV7008886720	yellow	GeoB25202_R2	109.6305	state_02	MII	-2.93884219246276	IG-B
4	LV7008886720	blue	GeoB25202_R2	109.6305	state_02	MII	-15.1618669676449	IG-B
4	LV7008886720	brown	GeoB25202_R2	109.6305	state_02	MII	-15.5174865688134	IG-B
4	LV7008886730	green	GeoB25202_R1	75.351	state_02	MII	-14.6722180276751	IG-B
4	LV7008886730	grey	GeoB25202_R1	75.351	state_02	MII	-2.00934254289628	IG-B
4	LV7008886730	turquoise	GeoB25202_R1	75.351	state_02	MII	-2.74087607587607	IG-B
4	LV7008886730	yellow	GeoB25202_R1	75.351	state_02	MII	-3.20180124279337	IG-B
4	LV7008886730	brown	GeoB25202_R1	75.351	state_02	MII	-15.347282884583	IG-B
4	LV7008886730	blue	GeoB25202_R1	75.351	state_02	MII	-14.8463002502936	IG-B
4	LV7008886742	grey	GeoB25202_R2	75.351	state_02	MII	-2.11561967326871	IG-B
4	LV7008886742	green	GeoB25202_R2	75.351	state_02	MII	-14.738578301874	IG-B
4	LV7008886742	turquoise	GeoB25202_R2	75.351	state_02	MII	-2.76226538277925	IG-B
4	LV7008886742	yellow	GeoB25202_R2	75.351	state_02	MII	-3.09854663204807	IG-B
4	LV7008886742	blue	GeoB25202_R2	75.351	state_02	MII	-4.42964898369249	IG-B
4	LV7008886742	brown	GeoB25202_R2	75.351	state_02	MII	-2.93166147927247	IG-B
4	LV7008886743	green	GeoB25202_R1	81.6705	state_02	MII	-14.9287357638003	IG-B
4	LV7008886743	grey	GeoB25202_R1	81.6705	state_02	MII	-1.65576413049049	IG-B
4	LV7008886743	turquoise	GeoB25202_R1	81.6705	state_02	MII	-3.03448715110988	IG-B
4	LV7008886743	yellow	GeoB25202_R1	81.6705	state_02	MII	-3.06727508267422	IG-B
4	LV7008886743	brown	GeoB25202_R1	81.6705	state_02	MII	0	IG-B
4	LV7008886754	green	GeoB25202_R1	71.8895	state_02	MII	-14.7759256494778	IG-B
4	LV7008886754	grey	GeoB25202_R1	71.8895	state_02	MII	-2.15315355293105	IG-B
4	LV7008886754	turquoise	GeoB25202_R1	71.8895	state_02	MII	-3.24619263136099	IG-B
4	LV7008886754	yellow	GeoB25202_R1	71.8895	state_02	MII	-3.09400997183086	IG-B
4	LV7008886754	blue	GeoB25202_R1	71.8895	state_02	MII	-14.9407698161681	IG-B
4	LV7008886754	brown	GeoB25202_R1	71.8895	state_02	MII	-2.55762819331326	IG-B
4	LV7008886755	green	GeoB25202_R2	81.6705	state_02	MII	-14.8652803443275	IG-B
4	LV7008886755	grey	GeoB25202_R2	81.6705	state_02	MII	-2.16792010653927	IG-B
4	LV7008886755	turquoise	GeoB25202_R2	81.6705	state_02	MII	-3.17942111264902	IG-B
4	LV7008886755	yellow	GeoB25202_R2	81.6705	state_02	MII	-2.72746003337622	IG-B
4	LV7008886756	grey	GeoB25202_R2	105.5785	state_02	MII	-1.85234548771302	IG-B
4	LV7008886756	turquoise	GeoB25202_R2	105.5785	state_02	MII	-2.61246407183517	IG-B
4	LV7008886756	yellow	GeoB25202_R2	105.5785	state_02	MII	-2.67611043449483	IG-B
4	LV7008886756	green	GeoB25202_R2	105.5785	state_02	MII	-14.664550721354	IG-B
4	LV7008886766	grey	GeoB25202_R2	71.8895	state_02	MII	-2.18721973058866	IG-B
4	LV7008886766	green	GeoB25202_R2	71.8895	state_02	MII	-14.7825856083274	IG-B
4	LV7008886766	turquoise	GeoB25202_R2	71.8895	state_02	MII	-3.07542756097525	IG-B
4	LV7008886766	blue	GeoB25202_R2	71.8895	state_02	MII	-4.29552018069422	IG-B
4	LV7008886766	yellow	GeoB25202_R2	71.8895	state_02	MII	-2.89601678416857	IG-B
4	LV7008886766	brown	GeoB25202_R2	71.8895	state_02	MII	-14.9120965034872	IG-B
4	LV7008886768	green	GeoB25202_R1	102.2955	state_02	MII	-14.7024946658608	IG-B
4	LV7008886768	grey	GeoB25202_R1	102.2955	state_02	MII	-2.03232991507105	IG-B
4	LV7008886768	turquoise	GeoB25202_R1	102.2955	state_02	MII	-2.89827327414621	IG-B
4	LV7008886768	yellow	GeoB25202_R1	102.2955	state_02	MII	-3.07236793643503	IG-B
4	LV7008886778	grey	GeoB25202_R1	68.149	state_02	MII	-2.16861587214078	IG-B
4	LV7008886778	green	GeoB25202_R1	68.149	state_02	MII	-14.8038507802658	IG-B
4	LV7008886778	turquoise	GeoB25202_R1	68.149	state_02	MII	-2.96637201438513	IG-B
4	LV7008886778	yellow	GeoB25202_R1	68.149	state_02	MII	-2.53918980381149	IG-B
4	LV7008886778	blue	GeoB25202_R1	68.149	state_02	MII	-3.61838262339273	IG-B
4	LV7008886778	brown	GeoB25202_R1	68.149	state_02	MII	-14.9141228466324	IG-B
4	LV7008886780	green	GeoB25202_R2	102.2955	state_02	MII	-14.7099827504827	IG-B
4	LV7008886780	grey	GeoB25202_R2	102.2955	state_02	MII	-1.92098834729557	IG-B
4	LV7008886780	turquoise	GeoB25202_R2	102.2955	state_02	MII	-2.8403232803014	IG-B
4	LV7008886780	yellow	GeoB25202_R2	102.2955	state_02	MII	-2.95968115629426	IG-B
4	LV7008886780	brown	GeoB25202_R2	102.2955	state_02	MII	-15.4801503466845	IG-B
4	LV7008886780	blue	GeoB25202_R2	102.2955	state_02	MII	-14.6622566941996	IG-B
4	LV3003047079	green	ST8	97.52	state_02	SRPI	-1.66073783149865	IG-B
4	LV3003047079	turquoise	ST8	97.52	state_02	SRPI	-1.01936681529425	IG-B
4	LV3003047079	grey	ST8	97.52	state_02	SRPI	-0.222711920722135	IG-B
4	LV3003047079	yellow	ST8	97.52	state_02	SRPI	-0.714271388486724	IG-B
4	LV3003047079	blue	ST8	97.52	state_02	SRPI	-9.21034037197618	IG-B
4	LV3003047079	brown	ST8	97.52	state_02	SRPI	-0.0786186239639391	IG-B
4	LV3003047080	turquoise	ST8	87.9935	state_02	SRPI	-0.739301084490496	IG-B
4	LV3003047080	yellow	ST8	87.9935	state_02	SRPI	-0.754653853493194	IG-B
4	LV3003047080	grey	ST8	87.9935	state_02	SRPI	-0.415292101304173	IG-B
4	LV3003047080	green	ST8	87.9935	state_02	SRPI	-1.6999413130843	IG-B
4	LV3003047084	grey	ST8	33.276	state_02	SRPI	-0.583751040861928	IG-B
4	LV3003047084	green	ST8	33.276	state_02	SRPI	-1.69910738935218	IG-B
4	LV3003047084	turquoise	ST8	33.276	state_02	SRPI	-1.03440028294399	IG-B
4	LV3003047084	yellow	ST8	33.276	state_02	SRPI	-1.2291886486123	IG-B
4	LV3003047084	blue	ST8	33.276	state_02	SRPI	-1.3934024010954	IG-B
4	LV3003047084	brown	ST8	33.276	state_02	SRPI	0.350469200932327	IG-B
4	LV3003047091	turquoise	ST8	89.37525	state_02	SRPI	-0.705674152369864	IG-B
4	LV3003047091	grey	ST8	89.37525	state_02	SRPI	-0.39594415165627	IG-B
4	LV3003047091	green	ST8	89.37525	state_02	SRPI	-1.6773464979327	IG-B
4	LV3003047091	yellow	ST8	89.37525	state_02	SRPI	-0.472660897252786	IG-B
4	LV3003047091	blue	ST8	89.37525	state_02	SRPI	-9.21034037197618	IG-B
4	LV3003047093	green	ST8	79.675	state_02	SRPI	-1.39057276605965	IG-B
4	LV3003047093	turquoise	ST8	79.675	state_02	SRPI	-0.65559101885837	IG-B
4	LV3003047093	yellow	ST8	79.675	state_02	SRPI	-1.17000443070172	IG-B
4	LV3003047093	grey	ST8	79.675	state_02	SRPI	-0.45972462372189	IG-B
4	LV3003047100	green	ST8	86.61175	state_02	SRPI	-1.71057403119966	IG-B
4	LV3003047100	turquoise	ST8	86.61175	state_02	SRPI	-0.767889985582316	IG-B
4	LV3003047100	grey	ST8	86.61175	state_02	SRPI	-0.321818883084445	IG-B
4	LV3003047100	yellow	ST8	86.61175	state_02	SRPI	-0.701624186554451	IG-B
4	LV3003047100	blue	ST8	86.61175	state_02	SRPI	-9.21034037197618	IG-B
4	LV3003047107	turquoise	ST8	71.517	state_02	SRPI	-0.827646556957109	IG-B
4	LV3003047107	grey	ST8	71.517	state_02	SRPI	-0.351108587244653	IG-B
4	LV3003047107	yellow	ST8	71.517	state_02	SRPI	-1.16400779842473	IG-B
4	LV3003047107	green	ST8	71.517	state_02	SRPI	-2.48867621575555	IG-B
4	LV3003047107	brown	ST8	71.517	state_02	SRPI	0.0147794011207723	IG-B
4	LV3003047133	green	ST8	70.162	state_02	SRPI	-2.20947411612111	IG-B
4	LV3003047133	grey	ST8	70.162	state_02	SRPI	-0.377099257182429	IG-B
4	LV3003047133	turquoise	ST8	70.162	state_02	SRPI	-0.754749479926825	IG-B
4	LV3003047133	yellow	ST8	70.162	state_02	SRPI	-1.2623751762268	IG-B
4	LV3003047134	grey	ST8	68.807	state_02	SRPI	-0.585748533091862	IG-B
4	LV3003047134	green	ST8	68.807	state_02	SRPI	-1.19501306657463	IG-B
4	LV3003047134	turquoise	ST8	68.807	state_02	SRPI	-0.922906983730352	IG-B
4	LV3003047134	yellow	ST8	68.807	state_02	SRPI	-0.861999097484357	IG-B
4	LV3003047134	blue	ST8	68.807	state_02	SRPI	-9.21034037197618	IG-B
4	LV3003047136	green	ST8	67.8766	state_02	SRPI	-1.25002283871703	IG-B
4	LV3003047136	turquoise	ST8	67.8766	state_02	SRPI	-0.938475769507677	IG-B
4	LV3003047136	grey	ST8	67.8766	state_02	SRPI	-0.558765550274141	IG-B
4	LV3003047136	yellow	ST8	67.8766	state_02	SRPI	-1.34151619715315	IG-B
4	LV3003047136	blue	ST8	67.8766	state_02	SRPI	-9.21034037197618	IG-B
4	LV3003047138	turquoise	ST8	66.0158	state_02	SRPI	-0.826281246289623	IG-B
4	LV3003047138	yellow	ST8	66.0158	state_02	SRPI	-1.42423496269312	IG-B
4	LV3003047138	grey	ST8	66.0158	state_02	SRPI	-0.144531843278836	IG-B
4	LV3003047138	green	ST8	66.0158	state_02	SRPI	-0.883978583661446	IG-B
4	LV3003061474	grey	ST13	77.7798	state_02	SRPI	-0.492745773342208	IG-B
4	LV3003061474	green	ST13	77.7798	state_02	SRPI	-1.27491722780792	IG-B
4	LV3003061474	turquoise	ST13	77.7798	state_02	SRPI	-0.720740109580211	IG-B
4	LV3003061474	yellow	ST13	77.7798	state_02	SRPI	-0.913688658133685	IG-B
4	LV3003061474	blue	ST13	77.7798	state_02	SRPI	-9.21034037197618	IG-B
4	LV3003061485	grey	ST13	75.7796	state_02	SRPI	-0.830903410188416	IG-B
4	LV3003061485	green	ST13	75.7796	state_02	SRPI	-1.62873809196998	IG-B
4	LV3003061485	turquoise	ST13	75.7796	state_02	SRPI	-0.71508452204112	IG-B
4	LV3003061485	yellow	ST13	75.7796	state_02	SRPI	-1.23649093263889	IG-B
4	LV3003061485	blue	ST13	75.7796	state_02	SRPI	-1.46954665692134	IG-B
4	LV3003061485	brown	ST13	75.7796	state_02	SRPI	-9.21034037197618	IG-B
4	LV3003061501	green	ST13	105.5872	state_02	SRPI	-1.64600181182449	IG-B
4	LV3003061501	grey	ST13	105.5872	state_02	SRPI	0.0160238996060006	IG-B
4	LV3003061501	turquoise	ST13	105.5872	state_02	SRPI	-0.678195903795803	IG-B
4	LV3003061501	yellow	ST13	105.5872	state_02	SRPI	-1.00926308257485	IG-B
4	LV3003061501	blue	ST13	105.5872	state_02	SRPI	-1.64917101561121	IG-B
4	LV3003061503	grey	ST13	73.1472	state_02	SRPI	-0.637853141505232	IG-B
4	LV3003061503	green	ST13	73.1472	state_02	SRPI	-1.53915472792065	IG-B
4	LV3003061503	turquoise	ST13	73.1472	state_02	SRPI	-0.680374738558429	IG-B
4	LV3003061503	yellow	ST13	73.1472	state_02	SRPI	-1.12859993978218	IG-B
4	LV3003061503	blue	ST13	73.1472	state_02	SRPI	-1.09417830910406	IG-B
4	LV3003061503	brown	ST13	73.1472	state_02	SRPI	-1.07719800546947	IG-B
4	LV3003061514	grey	ST13	100.6726	state_02	SRPI	-0.707764196046961	IG-B
4	LV3003061514	green	ST13	100.6726	state_02	SRPI	-1.56890967235766	IG-B
4	LV3003061514	turquoise	ST13	100.6726	state_02	SRPI	-0.752436129455411	IG-B
4	LV3003061514	yellow	ST13	100.6726	state_02	SRPI	-1.00835343253926	IG-B
4	LV3003061514	blue	ST13	100.6726	state_02	SRPI	-1.35382569065567	IG-B
4	LV3003061514	brown	ST13	100.6726	state_02	SRPI	-0.620792997404703	IG-B
4	LV3003061515	grey	ST13	71.0012	state_02	SRPI	-0.775935093900252	IG-B
4	LV3003061515	green	ST13	71.0012	state_02	SRPI	-1.2616597796367	IG-B
4	LV3003061515	turquoise	ST13	71.0012	state_02	SRPI	-0.815439189563529	IG-B
4	LV3003061515	yellow	ST13	71.0012	state_02	SRPI	-1.17485719233151	IG-B
4	LV3003061515	blue	ST13	71.0012	state_02	SRPI	-1.47907756427143	IG-B
4	LV3003061515	brown	ST13	71.0012	state_02	SRPI	-0.594945513099444	IG-B
4	LV3003061517	grey	ST13	30.678	state_02	SRPI	-0.696724307591642	IG-B
4	LV3003061517	green	ST13	30.678	state_02	SRPI	-1.51738522231954	IG-B
4	LV3003061517	turquoise	ST13	30.678	state_02	SRPI	-0.865827845662107	IG-B
4	LV3003061517	yellow	ST13	30.678	state_02	SRPI	-1.11874467143246	IG-B
4	LV3003061517	blue	ST13	30.678	state_02	SRPI	-1.92372269565419	IG-B
4	LV3003061517	brown	ST13	30.678	state_02	SRPI	0.853437997106704	IG-B
4	LV3003061528	green	ST13	95.118	state_02	SRPI	-1.56568715175624	IG-B
4	LV3003061528	turquoise	ST13	95.118	state_02	SRPI	-0.755101905738647	IG-B
4	LV3003061528	grey	ST13	95.118	state_02	SRPI	-0.688255603863376	IG-B
4	LV3003061528	yellow	ST13	95.118	state_02	SRPI	-1.13170182169645	IG-B
4	LV3003061528	blue	ST13	95.118	state_02	SRPI	-1.67240987004518	IG-B
4	LV3003061529	grey	ST13	66.015	state_02	SRPI	-0.730090841100861	IG-B
4	LV3003061529	green	ST13	66.015	state_02	SRPI	-1.16495698264	IG-B
4	LV3003061529	turquoise	ST13	66.015	state_02	SRPI	-0.829852793988346	IG-B
4	LV3003061529	yellow	ST13	66.015	state_02	SRPI	-1.02109257588327	IG-B
4	LV3003061529	blue	ST13	66.015	state_02	SRPI	-1.75312711848999	IG-B
4	LV3003061529	brown	ST13	66.015	state_02	SRPI	-0.610205114141558	IG-B
4	LV3003061541	green	ST13	91.09	state_02	SRPI	-1.56442503603809	IG-B
4	LV3003061541	turquoise	ST13	91.09	state_02	SRPI	-0.806477170302962	IG-B
4	LV3003061541	yellow	ST13	91.09	state_02	SRPI	-1.2753060018521	IG-B
4	LV3003061541	grey	ST13	91.09	state_02	SRPI	-0.595104266875938	IG-B
4	LV3003061541	blue	ST13	91.09	state_02	SRPI	-1.05143041889532	IG-B
4	LV3003061543	grey	ST13	62.293	state_02	SRPI	-0.971310209731347	IG-B
4	LV3003061543	green	ST13	62.293	state_02	SRPI	-1.33825348978678	IG-B
4	LV3003061543	turquoise	ST13	62.293	state_02	SRPI	-0.958464586565327	IG-B
4	LV3003061543	yellow	ST13	62.293	state_02	SRPI	-1.23905201598185	IG-B
4	LV3003061543	blue	ST13	62.293	state_02	SRPI	-1.47318500669819	IG-B
4	LV3003061543	brown	ST13	62.293	state_02	SRPI	-9.21034037197618	IG-B
4	LV3003061556	grey	ST13	86.6174	state_02	SRPI	-0.587238479016769	IG-B
4	LV3003061556	green	ST13	86.6174	state_02	SRPI	-1.43847586115296	IG-B
4	LV3003061556	turquoise	ST13	86.6174	state_02	SRPI	-0.745774640976826	IG-B
4	LV3003061556	yellow	ST13	86.6174	state_02	SRPI	-1.11356269325249	IG-B
4	LV3003061556	blue	ST13	86.6174	state_02	SRPI	-0.735948356349674	IG-B
4	LV3003061557	green	ST13	58.082	state_02	SRPI	-1.27891087206264	IG-B
4	LV3003061557	yellow	ST13	58.082	state_02	SRPI	-0.971848264679756	IG-B
4	LV3003061557	turquoise	ST13	58.082	state_02	SRPI	-0.772175451471267	IG-B
4	LV3003061557	grey	ST13	58.082	state_02	SRPI	-0.974503389428707	IG-B
4	LV3003061557	blue	ST13	58.082	state_02	SRPI	-9.21034037197618	IG-B
4	LV3003061569	grey	ST13	81.6946	state_02	SRPI	-0.591022676225891	IG-B
4	LV3003061569	green	ST13	81.6946	state_02	SRPI	-1.18729097048891	IG-B
4	LV3003061569	turquoise	ST13	81.6946	state_02	SRPI	-0.745777301428067	IG-B
4	LV3003061569	yellow	ST13	81.6946	state_02	SRPI	-1.14930518616165	IG-B
4	LV3003061569	blue	ST13	81.6946	state_02	SRPI	-1.93337484256888	IG-B
4	LV3003061569	brown	ST13	81.6946	state_02	SRPI	-9.21034037197618	IG-B
4	LV3003061570	green	ST13	55.466	state_02	SRPI	-1.30491615497454	IG-B
4	LV3003061570	turquoise	ST13	55.466	state_02	SRPI	-0.809270064442904	IG-B
4	LV3003061570	grey	ST13	55.466	state_02	SRPI	-0.899317188139372	IG-B
4	LV3003061570	yellow	ST13	55.466	state_02	SRPI	-1.11799047674662	IG-B
4	LV3003061570	blue	ST13	55.466	state_02	SRPI	-0.549455680166514	IG-B
4	LV7008886229	grey	GeoB25202_R2	68.149	state_02	SRPI	-0.321071825499129	IG-B
4	LV7008886229	green	GeoB25202_R2	68.149	state_02	SRPI	-1.13282501427927	IG-B
4	LV7008886229	turquoise	GeoB25202_R2	68.149	state_02	SRPI	-0.714762601928343	IG-B
4	LV7008886229	yellow	GeoB25202_R2	68.149	state_02	SRPI	-1.22056048798427	IG-B
4	LV7008886229	brown	GeoB25202_R2	68.149	state_02	SRPI	-0.402799396895961	IG-B
4	LV7008886229	blue	GeoB25202_R2	68.149	state_02	SRPI	-1.1720961625445	IG-B
4	LV7008886695	green	GeoB25202_R1	95.3875	state_02	SRPI	-1.272686957794	IG-B
4	LV7008886695	grey	GeoB25202_R1	95.3875	state_02	SRPI	-0.219691109159866	IG-B
4	LV7008886695	turquoise	GeoB25202_R1	95.3875	state_02	SRPI	-0.666450346969989	IG-B
4	LV7008886695	yellow	GeoB25202_R1	95.3875	state_02	SRPI	-1.35936177973258	IG-B
4	LV7008886695	blue	GeoB25202_R1	95.3875	state_02	SRPI	-9.21034037197618	IG-B
4	LV7008886695	brown	GeoB25202_R1	95.3875	state_02	SRPI	-9.21034037197618	IG-B
4	LV7008886706	green	GeoB25202_R1	79.0255	state_02	SRPI	-1.18569833924517	IG-B
4	LV7008886706	grey	GeoB25202_R1	79.0255	state_02	SRPI	-0.27587565919848	IG-B
4	LV7008886706	turquoise	GeoB25202_R1	79.0255	state_02	SRPI	-0.649461866239367	IG-B
4	LV7008886706	yellow	GeoB25202_R1	79.0255	state_02	SRPI	-1.33817852736344	IG-B
4	LV7008886706	blue	GeoB25202_R1	79.0255	state_02	SRPI	-2.05217308228511	IG-B
4	LV7008886706	brown	GeoB25202_R1	79.0255	state_02	SRPI	-9.21034037197618	IG-B
4	LV7008886707	grey	GeoB25202_R2	95.3875	state_02	SRPI	-0.183366378503046	IG-B
4	LV7008886707	green	GeoB25202_R2	95.3875	state_02	SRPI	-1.43527181100676	IG-B
4	LV7008886707	turquoise	GeoB25202_R2	95.3875	state_02	SRPI	-0.700606811478757	IG-B
4	LV7008886707	yellow	GeoB25202_R2	95.3875	state_02	SRPI	-1.24796611349126	IG-B
4	LV7008886708	green	GeoB25202_R1	109.6305	state_02	SRPI	-1.48588245825954	IG-B
4	LV7008886708	grey	GeoB25202_R1	109.6305	state_02	SRPI	-0.231661772610873	IG-B
4	LV7008886708	turquoise	GeoB25202_R1	109.6305	state_02	SRPI	-0.671763706101926	IG-B
4	LV7008886708	yellow	GeoB25202_R1	109.6305	state_02	SRPI	-1.02026110561798	IG-B
4	LV7008886708	blue	GeoB25202_R1	109.6305	state_02	SRPI	-9.21034037197618	IG-B
4	LV7008886708	brown	GeoB25202_R1	109.6305	state_02	SRPI	-4.60517018598809	IG-B
4	LV7008886718	green	GeoB25202_R2	79.0255	state_02	SRPI	-1.18968020499648	IG-B
4	LV7008886718	grey	GeoB25202_R2	79.0255	state_02	SRPI	-0.266433684951931	IG-B
4	LV7008886718	turquoise	GeoB25202_R2	79.0255	state_02	SRPI	-0.668615335525768	IG-B
4	LV7008886718	yellow	GeoB25202_R2	79.0255	state_02	SRPI	-0.834652869856193	IG-B
4	LV7008886718	blue	GeoB25202_R2	79.0255	state_02	SRPI	-1.92245286428644	IG-B
4	LV7008886718	brown	GeoB25202_R2	79.0255	state_02	SRPI	-1.41766377505952	IG-B
4	LV7008886720	green	GeoB25202_R2	109.6305	state_02	SRPI	-1.32020203418988	IG-B
4	LV7008886720	grey	GeoB25202_R2	109.6305	state_02	SRPI	-0.37710762316902	IG-B
4	LV7008886720	turquoise	GeoB25202_R2	109.6305	state_02	SRPI	-0.726071108620759	IG-B
4	LV7008886720	yellow	GeoB25202_R2	109.6305	state_02	SRPI	-1.08350784947727	IG-B
4	LV7008886720	blue	GeoB25202_R2	109.6305	state_02	SRPI	-1.89498854293701	IG-B
4	LV7008886720	brown	GeoB25202_R2	109.6305	state_02	SRPI	-0.170640289192553	IG-B
4	LV7008886730	green	GeoB25202_R1	75.351	state_02	SRPI	-1.63049593761959	IG-B
4	LV7008886730	grey	GeoB25202_R1	75.351	state_02	SRPI	-0.386767716910587	IG-B
4	LV7008886730	turquoise	GeoB25202_R1	75.351	state_02	SRPI	-0.667095556323724	IG-B
4	LV7008886730	yellow	GeoB25202_R1	75.351	state_02	SRPI	-1.15937484308567	IG-B
4	LV7008886730	brown	GeoB25202_R1	75.351	state_02	SRPI	-0.723893644382783	IG-B
4	LV7008886730	blue	GeoB25202_R1	75.351	state_02	SRPI	-1.3008367925649	IG-B
4	LV7008886742	grey	GeoB25202_R2	75.351	state_02	SRPI	-0.376000383108964	IG-B
4	LV7008886742	green	GeoB25202_R2	75.351	state_02	SRPI	-1.67165484547793	IG-B
4	LV7008886742	turquoise	GeoB25202_R2	75.351	state_02	SRPI	-0.716581598787342	IG-B
4	LV7008886742	yellow	GeoB25202_R2	75.351	state_02	SRPI	-1.12492066025764	IG-B
4	LV7008886742	blue	GeoB25202_R2	75.351	state_02	SRPI	-1.65474087558762	IG-B
4	LV7008886742	brown	GeoB25202_R2	75.351	state_02	SRPI	-0.16844543533932	IG-B
4	LV7008886743	green	GeoB25202_R1	81.6705	state_02	SRPI	-1.18182066355483	IG-B
4	LV7008886743	grey	GeoB25202_R1	81.6705	state_02	SRPI	-0.157937022149273	IG-B
4	LV7008886743	turquoise	GeoB25202_R1	81.6705	state_02	SRPI	-0.659220085154357	IG-B
4	LV7008886743	yellow	GeoB25202_R1	81.6705	state_02	SRPI	-1.29729306709069	IG-B
4	LV7008886743	brown	GeoB25202_R1	81.6705	state_02	SRPI	-4.60517018598809	IG-B
4	LV7008886754	green	GeoB25202_R1	71.8895	state_02	SRPI	-1.1059382061039	IG-B
4	LV7008886754	grey	GeoB25202_R1	71.8895	state_02	SRPI	-0.425583435094269	IG-B
4	LV7008886754	turquoise	GeoB25202_R1	71.8895	state_02	SRPI	-0.793662531076498	IG-B
4	LV7008886754	yellow	GeoB25202_R1	71.8895	state_02	SRPI	-1.05409534350196	IG-B
4	LV7008886754	blue	GeoB25202_R1	71.8895	state_02	SRPI	-1.74976240072493	IG-B
4	LV7008886754	brown	GeoB25202_R1	71.8895	state_02	SRPI	-0.868825559730499	IG-B
4	LV7008886755	green	GeoB25202_R2	81.6705	state_02	SRPI	-1.2455268169545	IG-B
4	LV7008886755	grey	GeoB25202_R2	81.6705	state_02	SRPI	-0.303486403025535	IG-B
4	LV7008886755	turquoise	GeoB25202_R2	81.6705	state_02	SRPI	-0.66408944476034	IG-B
4	LV7008886755	yellow	GeoB25202_R2	81.6705	state_02	SRPI	-1.10935786038015	IG-B
4	LV7008886756	grey	GeoB25202_R2	105.5785	state_02	SRPI	-0.24074203668641	IG-B
4	LV7008886756	turquoise	GeoB25202_R2	105.5785	state_02	SRPI	-0.691046853618106	IG-B
4	LV7008886756	yellow	GeoB25202_R2	105.5785	state_02	SRPI	-1.12252772351861	IG-B
4	LV7008886756	green	GeoB25202_R2	105.5785	state_02	SRPI	-1.6044590257375	IG-B
4	LV7008886766	grey	GeoB25202_R2	71.8895	state_02	SRPI	-0.315763202129448	IG-B
4	LV7008886766	green	GeoB25202_R2	71.8895	state_02	SRPI	-1.21373145029881	IG-B
4	LV7008886766	turquoise	GeoB25202_R2	71.8895	state_02	SRPI	-0.770841590065808	IG-B
4	LV7008886766	blue	GeoB25202_R2	71.8895	state_02	SRPI	-1.73313041359723	IG-B
4	LV7008886766	yellow	GeoB25202_R2	71.8895	state_02	SRPI	-1.06473930473554	IG-B
4	LV7008886766	brown	GeoB25202_R2	71.8895	state_02	SRPI	-1.71926938117878	IG-B
4	LV7008886768	green	GeoB25202_R1	102.2955	state_02	SRPI	-1.65679131752003	IG-B
4	LV7008886768	grey	GeoB25202_R1	102.2955	state_02	SRPI	-0.255335401061905	IG-B
4	LV7008886768	turquoise	GeoB25202_R1	102.2955	state_02	SRPI	-0.738530513174101	IG-B
4	LV7008886768	yellow	GeoB25202_R1	102.2955	state_02	SRPI	-0.920051933870491	IG-B
4	LV7008886778	grey	GeoB25202_R1	68.149	state_02	SRPI	-0.517516111227381	IG-B
4	LV7008886778	green	GeoB25202_R1	68.149	state_02	SRPI	-1.26258067424781	IG-B
4	LV7008886778	turquoise	GeoB25202_R1	68.149	state_02	SRPI	-0.699581746244483	IG-B
4	LV7008886778	yellow	GeoB25202_R1	68.149	state_02	SRPI	-1.25440606490127	IG-B
4	LV7008886778	blue	GeoB25202_R1	68.149	state_02	SRPI	-1.65748634597739	IG-B
4	LV7008886778	brown	GeoB25202_R1	68.149	state_02	SRPI	-9.21034037197618	IG-B
4	LV7008886780	green	GeoB25202_R2	102.2955	state_02	SRPI	-1.63640560793153	IG-B
4	LV7008886780	grey	GeoB25202_R2	102.2955	state_02	SRPI	-0.310761369924334	IG-B
4	LV7008886780	turquoise	GeoB25202_R2	102.2955	state_02	SRPI	-0.749078609209053	IG-B
4	LV7008886780	yellow	GeoB25202_R2	102.2955	state_02	SRPI	-1.01202213563287	IG-B
4	LV7008886780	brown	GeoB25202_R2	102.2955	state_02	SRPI	-0.393755287950023	IG-B
4	LV7008886780	blue	GeoB25202_R2	102.2955	state_02	SRPI	-3.02556219175716	IG-B
4	LV3003047079	non_damaged	ST8	97.52	state_02	OAP	-28.9844518773743	IG-B
4	LV3003047080	non_damaged	ST8	87.9935	state_02	OAP	-166.939032514962	IG-B
4	LV3003047084	non_damaged	ST8	33.276	state_02	OAP	-71.9585879446482	IG-B
4	LV3003047091	non_damaged	ST8	89.37525	state_02	OAP	-174.969891478365	IG-B
4	LV3003047093	non_damaged	ST8	79.675	state_02	OAP	-163.603970904593	IG-B
4	LV3003047100	non_damaged	ST8	86.61175	state_02	OAP	-132.296153868073	IG-B
4	LV3003047107	non_damaged	ST8	71.517	state_02	OAP	-161.859461633476	IG-B
4	LV3003047133	non_damaged	ST8	70.162	state_02	OAP	-144.568283220825	IG-B
4	LV3003047134	non_damaged	ST8	68.807	state_02	OAP	-135.907828718999	IG-B
4	LV3003047136	non_damaged	ST8	67.8766	state_02	OAP	-147.986103143434	IG-B
4	LV3003047138	non_damaged	ST8	66.0158	state_02	OAP	-148.196557311356	IG-B
4	LV3003061474	non_damaged	ST13	77.7798	state_02	OAP	113.327279103705	IG-B
4	LV3003061485	non_damaged	ST13	75.7796	state_02	OAP	36.4046698990461	IG-B
4	LV3003061501	non_damaged	ST13	105.5872	state_02	OAP	110.432085014044	IG-B
4	LV3003061503	non_damaged	ST13	73.1472	state_02	OAP	59.8587083981625	IG-B
4	LV3003061514	non_damaged	ST13	100.6726	state_02	OAP	52.0580651299177	IG-B
4	LV3003061515	non_damaged	ST13	71.0012	state_02	OAP	80.8746543633636	IG-B
4	LV3003061517	non_damaged	ST13	30.678	state_02	OAP	320.435714773912	IG-B
4	LV3003061528	non_damaged	ST13	95.118	state_02	OAP	106.658481051097	IG-B
4	LV3003061529	non_damaged	ST13	66.015	state_02	OAP	148.896383775249	IG-B
4	LV3003061541	non_damaged	ST13	91.09	state_02	OAP	92.7709724163278	IG-B
4	LV3003061543	non_damaged	ST13	62.293	state_02	OAP	83.6930380698018	IG-B
4	LV3003061556	non_damaged	ST13	86.6174	state_02	OAP	94.6295417164363	IG-B
4	LV3003061557	non_damaged	ST13	58.082	state_02	OAP	140.309261694371	IG-B
4	LV3003061569	non_damaged	ST13	81.6946	state_02	OAP	83.2696075821084	IG-B
4	LV3003061570	non_damaged	ST13	55.466	state_02	OAP	101.557192233345	IG-B
4	LV7008886229	non_damaged	GeoB25202_R2	68.149	state_02	OAP	40.3055997112084	IG-B
4	LV7008886695	non_damaged	GeoB25202_R1	95.3875	state_02	OAP	96.961950347516	IG-B
4	LV7008886706	non_damaged	GeoB25202_R1	79.0255	state_02	OAP	127.693883525836	IG-B
4	LV7008886707	non_damaged	GeoB25202_R2	95.3875	state_02	OAP	49.6873374527392	IG-B
4	LV7008886708	non_damaged	GeoB25202_R1	109.6305	state_02	OAP	29.2544382852848	IG-B
4	LV7008886718	non_damaged	GeoB25202_R2	79.0255	state_02	OAP	83.6948895671456	IG-B
4	LV7008886720	non_damaged	GeoB25202_R2	109.6305	state_02	OAP	130.008631761306	IG-B
4	LV7008886730	non_damaged	GeoB25202_R1	75.351	state_02	OAP	32.0040701880115	IG-B
4	LV7008886742	non_damaged	GeoB25202_R2	75.351	state_02	OAP	53.8471038122839	IG-B
4	LV7008886743	non_damaged	GeoB25202_R1	81.6705	state_02	OAP	7.59854047088378	IG-B
4	LV7008886754	non_damaged	GeoB25202_R1	71.8895	state_02	OAP	87.2330084891465	IG-B
4	LV7008886755	non_damaged	GeoB25202_R2	81.6705	state_02	OAP	24.5865279359948	IG-B
4	LV7008886756	non_damaged	GeoB25202_R2	105.5785	state_02	OAP	26.720449340447	IG-B
4	LV7008886766	non_damaged	GeoB25202_R2	71.8895	state_02	OAP	68.9495114461452	IG-B
4	LV7008886768	non_damaged	GeoB25202_R1	102.2955	state_02	OAP	38.8877236637665	IG-B
4	LV7008886778	non_damaged	GeoB25202_R1	68.149	state_02	OAP	75.3834700797662	IG-B
4	LV7008886780	non_damaged	GeoB25202_R2	102.2955	state_02	OAP	63.628097664951	IG-B
4	LV3003047079	non_damaged	ST8	97.52	state_02	MGI	-13.8155105579643	IG-B
4	LV3003047080	non_damaged	ST8	87.9935	state_02	MGI	-13.8155105579643	IG-B
4	LV3003047084	non_damaged	ST8	33.276	state_02	MGI	-13.8155105579643	IG-B
4	LV3003047091	non_damaged	ST8	89.37525	state_02	MGI	-13.8155105579643	IG-B
4	LV3003047093	non_damaged	ST8	79.675	state_02	MGI	-13.8155105579643	IG-B
4	LV3003047100	non_damaged	ST8	86.61175	state_02	MGI	-13.8155105579643	IG-B
4	LV3003047107	non_damaged	ST8	71.517	state_02	MGI	-13.8155105579643	IG-B
4	LV3003047133	non_damaged	ST8	70.162	state_02	MGI	-13.8155105579643	IG-B
4	LV3003047134	non_damaged	ST8	68.807	state_02	MGI	-13.8155105579643	IG-B
4	LV3003047136	non_damaged	ST8	67.8766	state_02	MGI	-13.8155105579643	IG-B
4	LV3003047138	non_damaged	ST8	66.0158	state_02	MGI	-13.8155105579643	IG-B
4	LV3003061474	non_damaged	ST13	77.7798	state_02	MGI	-13.8155105579643	IG-B
4	LV3003061485	non_damaged	ST13	75.7796	state_02	MGI	-13.8155105579643	IG-B
4	LV3003061501	non_damaged	ST13	105.5872	state_02	MGI	-13.8155105579643	IG-B
4	LV3003061503	non_damaged	ST13	73.1472	state_02	MGI	-13.8155105579643	IG-B
4	LV3003061514	non_damaged	ST13	100.6726	state_02	MGI	-13.8155105579643	IG-B
4	LV3003061515	non_damaged	ST13	71.0012	state_02	MGI	-13.8155105579643	IG-B
4	LV3003061517	non_damaged	ST13	30.678	state_02	MGI	-13.8155105579643	IG-B
4	LV3003061528	non_damaged	ST13	95.118	state_02	MGI	-13.8155105579643	IG-B
4	LV3003061529	non_damaged	ST13	66.015	state_02	MGI	-13.8155105579643	IG-B
4	LV3003061541	non_damaged	ST13	91.09	state_02	MGI	-13.8155105579643	IG-B
4	LV3003061543	non_damaged	ST13	62.293	state_02	MGI	-13.8155105579643	IG-B
4	LV3003061556	non_damaged	ST13	86.6174	state_02	MGI	-13.8155105579643	IG-B
4	LV3003061557	non_damaged	ST13	58.082	state_02	MGI	-13.8155105579643	IG-B
4	LV3003061569	non_damaged	ST13	81.6946	state_02	MGI	-13.8155105579643	IG-B
4	LV3003061570	non_damaged	ST13	55.466	state_02	MGI	-13.8155105579643	IG-B
4	LV7008886229	non_damaged	GeoB25202_R2	68.149	state_02	MGI	-13.8155105579643	IG-B
4	LV7008886695	non_damaged	GeoB25202_R1	95.3875	state_02	MGI	-13.8155105579643	IG-B
4	LV7008886706	non_damaged	GeoB25202_R1	79.0255	state_02	MGI	-13.8155105579643	IG-B
4	LV7008886707	non_damaged	GeoB25202_R2	95.3875	state_02	MGI	-13.8155105579643	IG-B
4	LV7008886708	non_damaged	GeoB25202_R1	109.6305	state_02	MGI	-13.8155105579643	IG-B
4	LV7008886718	non_damaged	GeoB25202_R2	79.0255	state_02	MGI	-13.8155105579643	IG-B
4	LV7008886720	non_damaged	GeoB25202_R2	109.6305	state_02	MGI	-13.8155105579643	IG-B
4	LV7008886730	non_damaged	GeoB25202_R1	75.351	state_02	MGI	-13.8155105579643	IG-B
4	LV7008886742	non_damaged	GeoB25202_R2	75.351	state_02	MGI	-13.8155105579643	IG-B
4	LV7008886743	non_damaged	GeoB25202_R1	81.6705	state_02	MGI	-13.8155105579643	IG-B
4	LV7008886754	non_damaged	GeoB25202_R1	71.8895	state_02	MGI	-13.8155105579643	IG-B
4	LV7008886755	non_damaged	GeoB25202_R2	81.6705	state_02	MGI	-13.8155105579643	IG-B
4	LV7008886756	non_damaged	GeoB25202_R2	105.5785	state_02	MGI	-13.8155105579643	IG-B
4	LV7008886766	non_damaged	GeoB25202_R2	71.8895	state_02	MGI	-13.8155105579643	IG-B
4	LV7008886768	non_damaged	GeoB25202_R1	102.2955	state_02	MGI	-13.8155105579643	IG-B
4	LV7008886778	non_damaged	GeoB25202_R1	68.149	state_02	MGI	-13.8155105579643	IG-B
4	LV7008886780	non_damaged	GeoB25202_R2	102.2955	state_02	MGI	-13.8155105579643	IG-B
4	LV3003047079	non_damaged	ST8	97.52	state_02	MFI	0	IG-B
4	LV3003047080	non_damaged	ST8	87.9935	state_02	MFI	0	IG-B
4	LV3003047084	non_damaged	ST8	33.276	state_02	MFI	6.84067340108979	IG-B
4	LV3003047091	non_damaged	ST8	89.37525	state_02	MFI	0	IG-B
4	LV3003047093	non_damaged	ST8	79.675	state_02	MFI	0	IG-B
4	LV3003047100	non_damaged	ST8	86.61175	state_02	MFI	0	IG-B
4	LV3003047107	non_damaged	ST8	71.517	state_02	MFI	0	IG-B
4	LV3003047133	non_damaged	ST8	70.162	state_02	MFI	0	IG-B
4	LV3003047134	non_damaged	ST8	68.807	state_02	MFI	0	IG-B
4	LV3003047136	non_damaged	ST8	67.8766	state_02	MFI	0	IG-B
4	LV3003047138	non_damaged	ST8	66.0158	state_02	MFI	0	IG-B
4	LV3003061474	non_damaged	ST13	77.7798	state_02	MFI	6.18784156356392	IG-B
4	LV3003061485	non_damaged	ST13	75.7796	state_02	MFI	5.41684373396259	IG-B
4	LV3003061501	non_damaged	ST13	105.5872	state_02	MFI	6.05546406442228	IG-B
4	LV3003061503	non_damaged	ST13	73.1472	state_02	MFI	6.35132065152186	IG-B
4	LV3003061514	non_damaged	ST13	100.6726	state_02	MFI	5.98163450218341	IG-B
4	LV3003061515	non_damaged	ST13	71.0012	state_02	MFI	6.23800290290995	IG-B
4	LV3003061517	non_damaged	ST13	30.678	state_02	MFI	6.25258042446836	IG-B
4	LV3003061528	non_damaged	ST13	95.118	state_02	MFI	5.81603684567924	IG-B
4	LV3003061529	non_damaged	ST13	66.015	state_02	MFI	5.26730181416107	IG-B
4	LV3003061541	non_damaged	ST13	91.09	state_02	MFI	6.55322936682098	IG-B
4	LV3003061543	non_damaged	ST13	62.293	state_02	MFI	6.86767061327904	IG-B
4	LV3003061556	non_damaged	ST13	86.6174	state_02	MFI	0	IG-B
4	LV3003061557	non_damaged	ST13	58.082	state_02	MFI	0	IG-B
4	LV3003061569	non_damaged	ST13	81.6946	state_02	MFI	6.80884304989264	IG-B
4	LV3003061570	non_damaged	ST13	55.466	state_02	MFI	5.91676269650093	IG-B
4	LV7008886229	non_damaged	GeoB25202_R2	68.149	state_02	MFI	7.26847335200663	IG-B
4	LV7008886695	non_damaged	GeoB25202_R1	95.3875	state_02	MFI	6.28211992434163	IG-B
4	LV7008886706	non_damaged	GeoB25202_R1	79.0255	state_02	MFI	6.6693649406881	IG-B
4	LV7008886707	non_damaged	GeoB25202_R2	95.3875	state_02	MFI	6.08120171361082	IG-B
4	LV7008886708	non_damaged	GeoB25202_R1	109.6305	state_02	MFI	0	IG-B
4	LV7008886718	non_damaged	GeoB25202_R2	79.0255	state_02	MFI	5.48980076513438	IG-B
4	LV7008886720	non_damaged	GeoB25202_R2	109.6305	state_02	MFI	0	IG-B
4	LV7008886730	non_damaged	GeoB25202_R1	75.351	state_02	MFI	7.17029020477761	IG-B
4	LV7008886742	non_damaged	GeoB25202_R2	75.351	state_02	MFI	7.26512820008918	IG-B
4	LV7008886743	non_damaged	GeoB25202_R1	81.6705	state_02	MFI	5.89425640267879	IG-B
4	LV7008886754	non_damaged	GeoB25202_R1	71.8895	state_02	MFI	6.71492367059159	IG-B
4	LV7008886755	non_damaged	GeoB25202_R2	81.6705	state_02	MFI	6.92010336354883	IG-B
4	LV7008886756	non_damaged	GeoB25202_R2	105.5785	state_02	MFI	0	IG-B
4	LV7008886766	non_damaged	GeoB25202_R2	71.8895	state_02	MFI	5.73916356859079	IG-B
4	LV7008886768	non_damaged	GeoB25202_R1	102.2955	state_02	MFI	0	IG-B
4	LV7008886778	non_damaged	GeoB25202_R1	68.149	state_02	MFI	0	IG-B
4	LV7008886780	non_damaged	GeoB25202_R2	102.2955	state_02	MFI	6.51576920733877	IG-B
4	LV3003047079	non_damaged	ST8	97.52	state_02	DCI	-3.90433923977676	IG-B
4	LV3003047080	non_damaged	ST8	87.9935	state_02	DCI	-8.7594283523678	IG-B
4	LV3003047084	non_damaged	ST8	33.276	state_02	DCI	-2.38098564403356	IG-B
4	LV3003047091	non_damaged	ST8	89.37525	state_02	DCI	-10.5173636917896	IG-B
4	LV3003047093	non_damaged	ST8	79.675	state_02	DCI	-10.9513173610207	IG-B
4	LV3003047100	non_damaged	ST8	86.61175	state_02	DCI	-10.1491620269034	IG-B
4	LV3003047107	non_damaged	ST8	71.517	state_02	DCI	-2.19771537489208	IG-B
4	LV3003047133	non_damaged	ST8	70.162	state_02	DCI	-1.95589870693882	IG-B
4	LV3003047134	non_damaged	ST8	68.807	state_02	DCI	-2.70445279360956	IG-B
4	LV3003047136	non_damaged	ST8	67.8766	state_02	DCI	-1.91294502603028	IG-B
4	LV3003047138	non_damaged	ST8	66.0158	state_02	DCI	-2.27171706404506	IG-B
4	LV3003061474	non_damaged	ST13	77.7798	state_02	DCI	-1.71353591838278	IG-B
4	LV3003061485	non_damaged	ST13	75.7796	state_02	DCI	-1.41519361281455	IG-B
4	LV3003061501	non_damaged	ST13	105.5872	state_02	DCI	-1.81863325217215	IG-B
4	LV3003061503	non_damaged	ST13	73.1472	state_02	DCI	-1.52106776187016	IG-B
4	LV3003061514	non_damaged	ST13	100.6726	state_02	DCI	-1.85455537237885	IG-B
4	LV3003061515	non_damaged	ST13	71.0012	state_02	DCI	-1.50918025911382	IG-B
4	LV3003061517	non_damaged	ST13	30.678	state_02	DCI	0.291402066261874	IG-B
4	LV3003061528	non_damaged	ST13	95.118	state_02	DCI	-2.41408670870055	IG-B
4	LV3003061529	non_damaged	ST13	66.015	state_02	DCI	-0.338794160819047	IG-B
4	LV3003061541	non_damaged	ST13	91.09	state_02	DCI	-3.08676450942426	IG-B
4	LV3003061543	non_damaged	ST13	62.293	state_02	DCI	-3.06375008465285	IG-B
4	LV3003061556	non_damaged	ST13	86.6174	state_02	DCI	-2.2530171243453	IG-B
4	LV3003061557	non_damaged	ST13	58.082	state_02	DCI	-3.65860233934803	IG-B
4	LV3003061569	non_damaged	ST13	81.6946	state_02	DCI	-2.42093131088974	IG-B
4	LV3003061570	non_damaged	ST13	55.466	state_02	DCI	-2.37120500504357	IG-B
4	LV7008886229	non_damaged	GeoB25202_R2	68.149	state_02	DCI	-0.776369066134064	IG-B
4	LV7008886695	non_damaged	GeoB25202_R1	95.3875	state_02	DCI	-0.867928045344056	IG-B
4	LV7008886706	non_damaged	GeoB25202_R1	79.0255	state_02	DCI	-1.5490130784113	IG-B
4	LV7008886707	non_damaged	GeoB25202_R2	95.3875	state_02	DCI	-0.980273039370153	IG-B
4	LV7008886708	non_damaged	GeoB25202_R1	109.6305	state_02	DCI	-0.98870806422008	IG-B
4	LV7008886718	non_damaged	GeoB25202_R2	79.0255	state_02	DCI	-1.51868135919416	IG-B
4	LV7008886720	non_damaged	GeoB25202_R2	109.6305	state_02	DCI	-0.835677871809735	IG-B
4	LV7008886730	non_damaged	GeoB25202_R1	75.351	state_02	DCI	-1.32923377418865	IG-B
4	LV7008886742	non_damaged	GeoB25202_R2	75.351	state_02	DCI	-1.19335729238162	IG-B
4	LV7008886743	non_damaged	GeoB25202_R1	81.6705	state_02	DCI	-1.1756774059881	IG-B
4	LV7008886754	non_damaged	GeoB25202_R1	71.8895	state_02	DCI	-0.72054130161597	IG-B
4	LV7008886755	non_damaged	GeoB25202_R2	81.6705	state_02	DCI	-1.02290689282421	IG-B
4	LV7008886756	non_damaged	GeoB25202_R2	105.5785	state_02	DCI	-1.08374403220127	IG-B
4	LV7008886766	non_damaged	GeoB25202_R2	71.8895	state_02	DCI	-1.08417133776125	IG-B
4	LV7008886768	non_damaged	GeoB25202_R1	102.2955	state_02	DCI	-1.21397416990825	IG-B
4	LV7008886778	non_damaged	GeoB25202_R1	68.149	state_02	DCI	-1.16119522387224	IG-B
4	LV7008886780	non_damaged	GeoB25202_R2	102.2955	state_02	DCI	-0.932825699093026	IG-B
4	LV3003047079	non_damaged	ST8	97.52	state_02	MII	-2.34803920784835	IG-B
4	LV3003047080	non_damaged	ST8	87.9935	state_02	MII	-1.21728995023885	IG-B
4	LV3003047084	non_damaged	ST8	33.276	state_02	MII	-1.33860281222763	IG-B
4	LV3003047091	non_damaged	ST8	89.37525	state_02	MII	-0.580112942886543	IG-B
4	LV3003047093	non_damaged	ST8	79.675	state_02	MII	-1.30546127345828	IG-B
4	LV3003047100	non_damaged	ST8	86.61175	state_02	MII	-1.00150669090618	IG-B
4	LV3003047107	non_damaged	ST8	71.517	state_02	MII	-1.11304111752863	IG-B
4	LV3003047133	non_damaged	ST8	70.162	state_02	MII	-1.1017885011776	IG-B
4	LV3003047134	non_damaged	ST8	68.807	state_02	MII	-1.08249152996682	IG-B
4	LV3003047136	non_damaged	ST8	67.8766	state_02	MII	-1.2196639031457	IG-B
4	LV3003047138	non_damaged	ST8	66.0158	state_02	MII	-0.604934396062897	IG-B
4	LV3003061474	non_damaged	ST13	77.7798	state_02	MII	-1.43007290573373	IG-B
4	LV3003061485	non_damaged	ST13	75.7796	state_02	MII	-0.909331177144796	IG-B
4	LV3003061501	non_damaged	ST13	105.5872	state_02	MII	-1.89472827825883	IG-B
4	LV3003061503	non_damaged	ST13	73.1472	state_02	MII	-0.978916090423701	IG-B
4	LV3003061514	non_damaged	ST13	100.6726	state_02	MII	-1.8243980293058	IG-B
4	LV3003061515	non_damaged	ST13	71.0012	state_02	MII	-0.615082240106618	IG-B
4	LV3003061517	non_damaged	ST13	30.678	state_02	MII	-1.03797646878012	IG-B
4	LV3003061528	non_damaged	ST13	95.118	state_02	MII	-0.672075972732852	IG-B
4	LV3003061529	non_damaged	ST13	66.015	state_02	MII	-0.960997555831201	IG-B
4	LV3003061541	non_damaged	ST13	91.09	state_02	MII	-1.71862935090457	IG-B
4	LV3003061543	non_damaged	ST13	62.293	state_02	MII	-0.873034784119023	IG-B
4	LV3003061556	non_damaged	ST13	86.6174	state_02	MII	-1.55785396286738	IG-B
4	LV3003061557	non_damaged	ST13	58.082	state_02	MII	-0.952596032397058	IG-B
4	LV3003061569	non_damaged	ST13	81.6946	state_02	MII	-1.60018139440982	IG-B
4	LV3003061570	non_damaged	ST13	55.466	state_02	MII	-1.00993184962807	IG-B
4	LV7008886229	non_damaged	GeoB25202_R2	68.149	state_02	MII	-0.69680556753131	IG-B
4	LV7008886695	non_damaged	GeoB25202_R1	95.3875	state_02	MII	-1.9420904390905	IG-B
4	LV7008886706	non_damaged	GeoB25202_R1	79.0255	state_02	MII	-0.866698652754124	IG-B
4	LV7008886707	non_damaged	GeoB25202_R2	95.3875	state_02	MII	-1.61650788243298	IG-B
4	LV7008886708	non_damaged	GeoB25202_R1	109.6305	state_02	MII	-1.55448238982416	IG-B
4	LV7008886718	non_damaged	GeoB25202_R2	79.0255	state_02	MII	-0.69088765662354	IG-B
4	LV7008886720	non_damaged	GeoB25202_R2	109.6305	state_02	MII	-1.48409052683201	IG-B
4	LV7008886730	non_damaged	GeoB25202_R1	75.351	state_02	MII	-0.633358589266292	IG-B
4	LV7008886742	non_damaged	GeoB25202_R2	75.351	state_02	MII	-0.729515759561441	IG-B
4	LV7008886743	non_damaged	GeoB25202_R1	81.6705	state_02	MII	-1.46061019748893	IG-B
4	LV7008886754	non_damaged	GeoB25202_R1	71.8895	state_02	MII	-0.410194394733646	IG-B
4	LV7008886755	non_damaged	GeoB25202_R2	81.6705	state_02	MII	-0.966555206262619	IG-B
4	LV7008886756	non_damaged	GeoB25202_R2	105.5785	state_02	MII	-1.63105060297995	IG-B
4	LV7008886766	non_damaged	GeoB25202_R2	71.8895	state_02	MII	-0.736757566214211	IG-B
4	LV7008886768	non_damaged	GeoB25202_R1	102.2955	state_02	MII	-1.70454978816866	IG-B
4	LV7008886778	non_damaged	GeoB25202_R1	68.149	state_02	MII	-0.864802405236011	IG-B
4	LV7008886780	non_damaged	GeoB25202_R2	102.2955	state_02	MII	-1.70663727807604	IG-B
4	LV3003047079	non_damaged	ST8	97.52	state_02	SRPI	-0.805118139216298	IG-B
4	LV3003047080	non_damaged	ST8	87.9935	state_02	SRPI	-0.812825804807206	IG-B
4	LV3003047084	non_damaged	ST8	33.276	state_02	SRPI	-0.569996408678166	IG-B
4	LV3003047091	non_damaged	ST8	89.37525	state_02	SRPI	-0.994781993790775	IG-B
4	LV3003047093	non_damaged	ST8	79.675	state_02	SRPI	-0.86401420174238	IG-B
4	LV3003047100	non_damaged	ST8	86.61175	state_02	SRPI	-0.748022041974726	IG-B
4	LV3003047107	non_damaged	ST8	71.517	state_02	SRPI	-0.916014891679534	IG-B
4	LV3003047133	non_damaged	ST8	70.162	state_02	SRPI	-0.878880256037369	IG-B
4	LV3003047134	non_damaged	ST8	68.807	state_02	SRPI	-0.902607495619233	IG-B
4	LV3003047136	non_damaged	ST8	67.8766	state_02	SRPI	-0.894574086883753	IG-B
4	LV3003047138	non_damaged	ST8	66.0158	state_02	SRPI	-0.882604394373857	IG-B
4	LV3003061474	non_damaged	ST13	77.7798	state_02	SRPI	-0.312417599804503	IG-B
4	LV3003061485	non_damaged	ST13	75.7796	state_02	SRPI	-0.245994806366019	IG-B
4	LV3003061501	non_damaged	ST13	105.5872	state_02	SRPI	-0.62828090230577	IG-B
4	LV3003061503	non_damaged	ST13	73.1472	state_02	SRPI	-0.190846198546672	IG-B
4	LV3003061514	non_damaged	ST13	100.6726	state_02	SRPI	-0.268632357812329	IG-B
4	LV3003061515	non_damaged	ST13	71.0012	state_02	SRPI	0.0178437277286589	IG-B
4	LV3003061517	non_damaged	ST13	30.678	state_02	SRPI	-0.913589096554982	IG-B
4	LV3003061528	non_damaged	ST13	95.118	state_02	SRPI	-0.884815977319487	IG-B
4	LV3003061529	non_damaged	ST13	66.015	state_02	SRPI	-1.94092716494281	IG-B
4	LV3003061541	non_damaged	ST13	91.09	state_02	SRPI	-0.198563233929926	IG-B
4	LV3003061543	non_damaged	ST13	62.293	state_02	SRPI	0.104839874954839	IG-B
4	LV3003061556	non_damaged	ST13	86.6174	state_02	SRPI	-0.246170486912001	IG-B
4	LV3003061557	non_damaged	ST13	58.082	state_02	SRPI	-0.321140935537619	IG-B
4	LV3003061569	non_damaged	ST13	81.6946	state_02	SRPI	-0.106487638877203	IG-B
4	LV3003061570	non_damaged	ST13	55.466	state_02	SRPI	-0.115907208566651	IG-B
4	LV7008886229	non_damaged	GeoB25202_R2	68.149	state_02	SRPI	-0.486242227622551	IG-B
4	LV7008886695	non_damaged	GeoB25202_R1	95.3875	state_02	SRPI	-0.903013491983992	IG-B
4	LV7008886706	non_damaged	GeoB25202_R1	79.0255	state_02	SRPI	-0.792911699210345	IG-B
4	LV7008886707	non_damaged	GeoB25202_R2	95.3875	state_02	SRPI	-0.88394473343699	IG-B
4	LV7008886708	non_damaged	GeoB25202_R1	109.6305	state_02	SRPI	-1.06663387918136	IG-B
4	LV7008886718	non_damaged	GeoB25202_R2	79.0255	state_02	SRPI	-0.605807406470931	IG-B
4	LV7008886720	non_damaged	GeoB25202_R2	109.6305	state_02	SRPI	-1.05090576909214	IG-B
4	LV7008886730	non_damaged	GeoB25202_R1	75.351	state_02	SRPI	-0.556670042244099	IG-B
4	LV7008886742	non_damaged	GeoB25202_R2	75.351	state_02	SRPI	-0.558821763060472	IG-B
4	LV7008886743	non_damaged	GeoB25202_R1	81.6705	state_02	SRPI	-0.620172740303157	IG-B
4	LV7008886754	non_damaged	GeoB25202_R1	71.8895	state_02	SRPI	-0.702994944075695	IG-B
4	LV7008886755	non_damaged	GeoB25202_R2	81.6705	state_02	SRPI	-0.43296447356348	IG-B
4	LV7008886756	non_damaged	GeoB25202_R2	105.5785	state_02	SRPI	-0.96863242153363	IG-B
4	LV7008886766	non_damaged	GeoB25202_R2	71.8895	state_02	SRPI	-0.571551233958812	IG-B
4	LV7008886768	non_damaged	GeoB25202_R1	102.2955	state_02	SRPI	-0.753611708675293	IG-B
4	LV7008886778	non_damaged	GeoB25202_R1	68.149	state_02	SRPI	-0.200843237024672	IG-B
4	LV7008886780	non_damaged	GeoB25202_R2	102.2955	state_02	SRPI	-0.787621553561956	IG-B
5	LV3003046938	green	ST8	11.169	state_04	OAP	677.250904758616	IG-C
5	LV3003046938	turquoise	ST8	11.169	state_04	OAP	548.96391147256	IG-C
5	LV3003046938	grey	ST8	11.169	state_04	OAP	678.248414301862	IG-C
5	LV3003046938	yellow	ST8	11.169	state_04	OAP	541.766655072154	IG-C
5	LV3003046938	blue	ST8	11.169	state_04	OAP	707.452042574136	IG-C
5	LV3003046939	green	ST8	2.42	state_04	OAP	660.531327201383	IG-C
5	LV3003046939	turquoise	ST8	2.42	state_04	OAP	376.582215941505	IG-C
5	LV3003046939	grey	ST8	2.42	state_04	OAP	348.202299263222	IG-C
5	LV3003046939	yellow	ST8	2.42	state_04	OAP	496.039030052415	IG-C
5	LV3003046939	blue	ST8	2.42	state_04	OAP	627.865629053178	IG-C
5	LV3003046952	green	ST8	10.26	state_04	OAP	681.36315161987	IG-C
5	LV3003046952	turquoise	ST8	10.26	state_04	OAP	491.7375495171	IG-C
5	LV3003046952	yellow	ST8	10.26	state_04	OAP	485.487318760308	IG-C
5	LV3003046952	grey	ST8	10.26	state_04	OAP	622.60406791264	IG-C
5	LV3003046952	blue	ST8	10.26	state_04	OAP	689.366160536071	IG-C
5	LV3003046953	grey	ST8	1.5215	state_04	OAP	417.204180769864	IG-C
5	LV3003046953	green	ST8	1.5215	state_04	OAP	678.732736582244	IG-C
5	LV3003046953	turquoise	ST8	1.5215	state_04	OAP	415.438649025908	IG-C
5	LV3003046953	yellow	ST8	1.5215	state_04	OAP	471.286244689402	IG-C
5	LV3003046953	blue	ST8	1.5215	state_04	OAP	679.206587582029	IG-C
5	LV3003046953	brown	ST8	1.5215	state_04	OAP	297.2	IG-C
5	LV3003046980	green	ST8	8.056	state_04	OAP	642.67849720593	IG-C
5	LV3003046980	turquoise	ST8	8.056	state_04	OAP	417.490809104447	IG-C
5	LV3003046980	yellow	ST8	8.056	state_04	OAP	436.259092109898	IG-C
5	LV3003046980	grey	ST8	8.056	state_04	OAP	500.99089533067	IG-C
5	LV3003046980	blue	ST8	8.056	state_04	OAP	717.350568942436	IG-C
5	LV3003046995	grey	ST8	6.9705	state_04	OAP	577.354842661673	IG-C
5	LV3003046995	green	ST8	6.9705	state_04	OAP	727.684643118505	IG-C
5	LV3003046995	turquoise	ST8	6.9705	state_04	OAP	500.145483404712	IG-C
5	LV3003046995	yellow	ST8	6.9705	state_04	OAP	532.137019769265	IG-C
5	LV3003046995	blue	ST8	6.9705	state_04	OAP	776.145935529082	IG-C
5	LV3003047010	green	ST8	13.676	state_04	OAP	652.866624117499	IG-C
5	LV3003047010	turquoise	ST8	13.676	state_04	OAP	458.310640453162	IG-C
5	LV3003047010	grey	ST8	13.676	state_04	OAP	618.693408551566	IG-C
5	LV3003047010	yellow	ST8	13.676	state_04	OAP	528.304093640461	IG-C
5	LV3003047010	blue	ST8	13.676	state_04	OAP	717.901823378671	IG-C
5	LV3003047010	brown	ST8	13.676	state_04	OAP	820	IG-C
5	LV3003047013	grey	ST8	5.885	state_04	OAP	493.069392315325	IG-C
5	LV3003047013	green	ST8	5.885	state_04	OAP	637.046653935343	IG-C
5	LV3003047013	turquoise	ST8	5.885	state_04	OAP	371.586095740875	IG-C
5	LV3003047013	yellow	ST8	5.885	state_04	OAP	468.309372421037	IG-C
5	LV3003047013	blue	ST8	5.885	state_04	OAP	753.389781021898	IG-C
5	LV3003047027	green	ST8	12.877	state_04	OAP	668.110653007671	IG-C
5	LV3003047027	turquoise	ST8	12.877	state_04	OAP	460.775274055148	IG-C
5	LV3003047027	grey	ST8	12.877	state_04	OAP	622.719528501094	IG-C
5	LV3003047027	yellow	ST8	12.877	state_04	OAP	590.96588299431	IG-C
5	LV3003047027	blue	ST8	12.877	state_04	OAP	564.503194010958	IG-C
5	LV3003047027	brown	ST8	12.877	state_04	OAP	262.086879432624	IG-C
5	LV3003047045	grey	ST8	3.5865	state_04	OAP	447.60927662382	IG-C
5	LV3003047045	green	ST8	3.5865	state_04	OAP	651.232407525375	IG-C
5	LV3003047045	turquoise	ST8	3.5865	state_04	OAP	428.250533222433	IG-C
5	LV3003047045	yellow	ST8	3.5865	state_04	OAP	516.687032188969	IG-C
5	LV3003047045	blue	ST8	3.5865	state_04	OAP	820	IG-C
5	LV7001898100	grey	ST13	5.659	state_04	OAP	321.167406497971	IG-C
5	LV7001898100	green	ST13	5.659	state_04	OAP	655.08834505992	IG-C
5	LV7001898100	turquoise	ST13	5.659	state_04	OAP	297.294500344524	IG-C
5	LV7001898100	yellow	ST13	5.659	state_04	OAP	530.813716216216	IG-C
5	LV7001898100	blue	ST13	5.659	state_04	OAP	627.087841072283	IG-C
5	LV7008886714	grey	GeoB25202_R1	0.692	state_04	OAP	357.862128002733	IG-C
5	LV7008886714	green	GeoB25202_R1	0.692	state_04	OAP	671.953011631924	IG-C
5	LV7008886714	turquoise	GeoB25202_R1	0.692	state_04	OAP	339.277620158949	IG-C
5	LV7008886714	yellow	GeoB25202_R1	0.692	state_04	OAP	540.432968948035	IG-C
5	LV7008886714	blue	GeoB25202_R1	0.692	state_04	OAP	648.461177474403	IG-C
5	LV7008886714	brown	GeoB25202_R1	0.692	state_04	OAP	820	IG-C
5	LV7008886726	green	GeoB25202_R2	0.692	state_04	OAP	657.582222595266	IG-C
5	LV7008886726	turquoise	GeoB25202_R2	0.692	state_04	OAP	351.040097787823	IG-C
5	LV7008886726	yellow	GeoB25202_R2	0.692	state_04	OAP	522.089781442349	IG-C
5	LV7008886726	grey	GeoB25202_R2	0.692	state_04	OAP	362.518529666489	IG-C
5	LV7008886726	blue	GeoB25202_R2	0.692	state_04	OAP	752.595	IG-C
5	LV3003046938	green	ST8	11.169	state_04	MGI	-13.8155105579643	IG-C
5	LV3003046938	turquoise	ST8	11.169	state_04	MGI	-13.8155105579643	IG-C
5	LV3003046938	grey	ST8	11.169	state_04	MGI	-13.8155105579643	IG-C
5	LV3003046938	yellow	ST8	11.169	state_04	MGI	-13.8155105579643	IG-C
5	LV3003046938	blue	ST8	11.169	state_04	MGI	-13.8155105579643	IG-C
5	LV3003046939	green	ST8	2.42	state_04	MGI	-13.8155105579643	IG-C
5	LV3003046939	turquoise	ST8	2.42	state_04	MGI	-13.8155105579643	IG-C
5	LV3003046939	grey	ST8	2.42	state_04	MGI	-13.8155105579643	IG-C
5	LV3003046939	yellow	ST8	2.42	state_04	MGI	-13.8155105579643	IG-C
5	LV3003046939	blue	ST8	2.42	state_04	MGI	-13.8155105579643	IG-C
5	LV3003046952	green	ST8	10.26	state_04	MGI	-13.8155105579643	IG-C
5	LV3003046952	turquoise	ST8	10.26	state_04	MGI	-13.8155105579643	IG-C
5	LV3003046952	yellow	ST8	10.26	state_04	MGI	-13.8155105579643	IG-C
5	LV3003046952	grey	ST8	10.26	state_04	MGI	-13.8155105579643	IG-C
5	LV3003046952	blue	ST8	10.26	state_04	MGI	-13.8155105579643	IG-C
5	LV3003046953	grey	ST8	1.5215	state_04	MGI	-13.8155105579643	IG-C
5	LV3003046953	green	ST8	1.5215	state_04	MGI	-13.8155105579643	IG-C
5	LV3003046953	turquoise	ST8	1.5215	state_04	MGI	-13.8155105579643	IG-C
5	LV3003046953	yellow	ST8	1.5215	state_04	MGI	-13.8155105579643	IG-C
5	LV3003046953	blue	ST8	1.5215	state_04	MGI	-13.8155105579643	IG-C
5	LV3003046953	brown	ST8	1.5215	state_04	MGI	-13.8155105579643	IG-C
5	LV3003046980	green	ST8	8.056	state_04	MGI	-13.8155105579643	IG-C
5	LV3003046980	turquoise	ST8	8.056	state_04	MGI	-13.8155105579643	IG-C
5	LV3003046980	yellow	ST8	8.056	state_04	MGI	-13.8155105579643	IG-C
5	LV3003046980	grey	ST8	8.056	state_04	MGI	-13.8155105579643	IG-C
5	LV3003046980	blue	ST8	8.056	state_04	MGI	-13.8155105579643	IG-C
5	LV3003046995	grey	ST8	6.9705	state_04	MGI	-13.8155105579643	IG-C
5	LV3003046995	green	ST8	6.9705	state_04	MGI	-13.8155105579643	IG-C
5	LV3003046995	turquoise	ST8	6.9705	state_04	MGI	-13.8155105579643	IG-C
5	LV3003046995	yellow	ST8	6.9705	state_04	MGI	-13.8155105579643	IG-C
5	LV3003046995	blue	ST8	6.9705	state_04	MGI	-13.8155105579643	IG-C
5	LV3003047010	green	ST8	13.676	state_04	MGI	-13.8155105579643	IG-C
5	LV3003047010	turquoise	ST8	13.676	state_04	MGI	-13.8155105579643	IG-C
5	LV3003047010	grey	ST8	13.676	state_04	MGI	-13.8155105579643	IG-C
5	LV3003047010	yellow	ST8	13.676	state_04	MGI	-13.8155105579643	IG-C
5	LV3003047010	blue	ST8	13.676	state_04	MGI	-13.8155105579643	IG-C
5	LV3003047010	brown	ST8	13.676	state_04	MGI	-13.8155105579643	IG-C
5	LV3003047013	grey	ST8	5.885	state_04	MGI	-13.8155105579643	IG-C
5	LV3003047013	green	ST8	5.885	state_04	MGI	-13.8155105579643	IG-C
5	LV3003047013	turquoise	ST8	5.885	state_04	MGI	-13.8155105579643	IG-C
5	LV3003047013	yellow	ST8	5.885	state_04	MGI	-13.8155105579643	IG-C
5	LV3003047013	blue	ST8	5.885	state_04	MGI	-13.8155105579643	IG-C
5	LV3003047027	green	ST8	12.877	state_04	MGI	-13.8155105579643	IG-C
5	LV3003047027	turquoise	ST8	12.877	state_04	MGI	-13.8155105579643	IG-C
5	LV3003047027	grey	ST8	12.877	state_04	MGI	-13.8155105579643	IG-C
5	LV3003047027	yellow	ST8	12.877	state_04	MGI	-13.8155105579643	IG-C
5	LV3003047027	blue	ST8	12.877	state_04	MGI	-13.8155105579643	IG-C
5	LV3003047027	brown	ST8	12.877	state_04	MGI	-13.8155105579643	IG-C
5	LV3003047045	grey	ST8	3.5865	state_04	MGI	-13.8155105579643	IG-C
5	LV3003047045	green	ST8	3.5865	state_04	MGI	-13.8155105579643	IG-C
5	LV3003047045	turquoise	ST8	3.5865	state_04	MGI	-13.8155105579643	IG-C
5	LV3003047045	yellow	ST8	3.5865	state_04	MGI	-13.8155105579643	IG-C
5	LV3003047045	blue	ST8	3.5865	state_04	MGI	-13.8155105579643	IG-C
5	LV7001898100	grey	ST13	5.659	state_04	MGI	-13.8155105579643	IG-C
5	LV7001898100	green	ST13	5.659	state_04	MGI	-13.8155105579643	IG-C
5	LV7001898100	turquoise	ST13	5.659	state_04	MGI	-13.8155105579643	IG-C
5	LV7001898100	yellow	ST13	5.659	state_04	MGI	-13.8155105579643	IG-C
5	LV7001898100	blue	ST13	5.659	state_04	MGI	-13.8155105579643	IG-C
5	LV7008886714	grey	GeoB25202_R1	0.692	state_04	MGI	-13.8155105579643	IG-C
5	LV7008886714	green	GeoB25202_R1	0.692	state_04	MGI	-13.8155105579643	IG-C
5	LV7008886714	turquoise	GeoB25202_R1	0.692	state_04	MGI	-13.8155105579643	IG-C
5	LV7008886714	yellow	GeoB25202_R1	0.692	state_04	MGI	-13.8155105579643	IG-C
5	LV7008886714	blue	GeoB25202_R1	0.692	state_04	MGI	-13.8155105579643	IG-C
5	LV7008886714	brown	GeoB25202_R1	0.692	state_04	MGI	-13.8155105579643	IG-C
5	LV7008886726	green	GeoB25202_R2	0.692	state_04	MGI	-13.8155105579643	IG-C
5	LV7008886726	turquoise	GeoB25202_R2	0.692	state_04	MGI	-13.8155105579643	IG-C
5	LV7008886726	yellow	GeoB25202_R2	0.692	state_04	MGI	-13.8155105579643	IG-C
5	LV7008886726	grey	GeoB25202_R2	0.692	state_04	MGI	-13.8155105579643	IG-C
5	LV7008886726	blue	GeoB25202_R2	0.692	state_04	MGI	-13.8155105579643	IG-C
5	LV3003046938	green	ST8	11.169	state_04	MFI	0	IG-C
5	LV3003046938	turquoise	ST8	11.169	state_04	MFI	0	IG-C
5	LV3003046938	grey	ST8	11.169	state_04	MFI	0	IG-C
5	LV3003046938	yellow	ST8	11.169	state_04	MFI	0	IG-C
5	LV3003046938	blue	ST8	11.169	state_04	MFI	0	IG-C
5	LV3003046939	green	ST8	2.42	state_04	MFI	0	IG-C
5	LV3003046939	turquoise	ST8	2.42	state_04	MFI	0	IG-C
5	LV3003046939	grey	ST8	2.42	state_04	MFI	0	IG-C
5	LV3003046939	yellow	ST8	2.42	state_04	MFI	0	IG-C
5	LV3003046939	blue	ST8	2.42	state_04	MFI	0	IG-C
5	LV3003046952	green	ST8	10.26	state_04	MFI	0	IG-C
5	LV3003046952	turquoise	ST8	10.26	state_04	MFI	0	IG-C
5	LV3003046952	yellow	ST8	10.26	state_04	MFI	0	IG-C
5	LV3003046952	grey	ST8	10.26	state_04	MFI	0	IG-C
5	LV3003046952	blue	ST8	10.26	state_04	MFI	0	IG-C
5	LV3003046953	grey	ST8	1.5215	state_04	MFI	0	IG-C
5	LV3003046953	green	ST8	1.5215	state_04	MFI	0	IG-C
5	LV3003046953	turquoise	ST8	1.5215	state_04	MFI	0	IG-C
5	LV3003046953	yellow	ST8	1.5215	state_04	MFI	0	IG-C
5	LV3003046953	blue	ST8	1.5215	state_04	MFI	0	IG-C
5	LV3003046953	brown	ST8	1.5215	state_04	MFI	0	IG-C
5	LV3003046980	green	ST8	8.056	state_04	MFI	0	IG-C
5	LV3003046980	turquoise	ST8	8.056	state_04	MFI	0	IG-C
5	LV3003046980	yellow	ST8	8.056	state_04	MFI	0	IG-C
5	LV3003046980	grey	ST8	8.056	state_04	MFI	0	IG-C
5	LV3003046980	blue	ST8	8.056	state_04	MFI	0	IG-C
5	LV3003046995	grey	ST8	6.9705	state_04	MFI	0	IG-C
5	LV3003046995	green	ST8	6.9705	state_04	MFI	0	IG-C
5	LV3003046995	turquoise	ST8	6.9705	state_04	MFI	0	IG-C
5	LV3003046995	yellow	ST8	6.9705	state_04	MFI	0	IG-C
5	LV3003046995	blue	ST8	6.9705	state_04	MFI	0	IG-C
5	LV3003047010	green	ST8	13.676	state_04	MFI	0	IG-C
5	LV3003047010	turquoise	ST8	13.676	state_04	MFI	0	IG-C
5	LV3003047010	grey	ST8	13.676	state_04	MFI	0	IG-C
5	LV3003047010	yellow	ST8	13.676	state_04	MFI	0	IG-C
5	LV3003047010	blue	ST8	13.676	state_04	MFI	0	IG-C
5	LV3003047010	brown	ST8	13.676	state_04	MFI	0	IG-C
5	LV3003047013	grey	ST8	5.885	state_04	MFI	0	IG-C
5	LV3003047013	green	ST8	5.885	state_04	MFI	0	IG-C
5	LV3003047013	turquoise	ST8	5.885	state_04	MFI	0	IG-C
5	LV3003047013	yellow	ST8	5.885	state_04	MFI	0	IG-C
5	LV3003047013	blue	ST8	5.885	state_04	MFI	0	IG-C
5	LV3003047027	green	ST8	12.877	state_04	MFI	0	IG-C
5	LV3003047027	turquoise	ST8	12.877	state_04	MFI	0	IG-C
5	LV3003047027	grey	ST8	12.877	state_04	MFI	6.88556278448884	IG-C
5	LV3003047027	yellow	ST8	12.877	state_04	MFI	0	IG-C
5	LV3003047027	blue	ST8	12.877	state_04	MFI	0	IG-C
5	LV3003047027	brown	ST8	12.877	state_04	MFI	0	IG-C
5	LV3003047045	grey	ST8	3.5865	state_04	MFI	0	IG-C
5	LV3003047045	green	ST8	3.5865	state_04	MFI	0	IG-C
5	LV3003047045	turquoise	ST8	3.5865	state_04	MFI	0	IG-C
5	LV3003047045	yellow	ST8	3.5865	state_04	MFI	0	IG-C
5	LV3003047045	blue	ST8	3.5865	state_04	MFI	0	IG-C
5	LV7001898100	grey	ST13	5.659	state_04	MFI	0	IG-C
5	LV7001898100	green	ST13	5.659	state_04	MFI	0	IG-C
5	LV7001898100	turquoise	ST13	5.659	state_04	MFI	0	IG-C
5	LV7001898100	yellow	ST13	5.659	state_04	MFI	0	IG-C
5	LV7001898100	blue	ST13	5.659	state_04	MFI	0	IG-C
5	LV7008886714	grey	GeoB25202_R1	0.692	state_04	MFI	0	IG-C
5	LV7008886714	green	GeoB25202_R1	0.692	state_04	MFI	0	IG-C
5	LV7008886714	turquoise	GeoB25202_R1	0.692	state_04	MFI	0	IG-C
5	LV7008886714	yellow	GeoB25202_R1	0.692	state_04	MFI	0	IG-C
5	LV7008886714	blue	GeoB25202_R1	0.692	state_04	MFI	0	IG-C
5	LV7008886714	brown	GeoB25202_R1	0.692	state_04	MFI	0	IG-C
5	LV7008886726	green	GeoB25202_R2	0.692	state_04	MFI	0	IG-C
5	LV7008886726	turquoise	GeoB25202_R2	0.692	state_04	MFI	0	IG-C
5	LV7008886726	yellow	GeoB25202_R2	0.692	state_04	MFI	0	IG-C
5	LV7008886726	grey	GeoB25202_R2	0.692	state_04	MFI	0	IG-C
5	LV7008886726	blue	GeoB25202_R2	0.692	state_04	MFI	0	IG-C
5	LV3003046938	green	ST8	11.169	state_04	DCI	-9.01919563035563	IG-C
5	LV3003046938	turquoise	ST8	11.169	state_04	DCI	-0.531659710668833	IG-C
5	LV3003046938	grey	ST8	11.169	state_04	DCI	-2.78346019707802	IG-C
5	LV3003046938	yellow	ST8	11.169	state_04	DCI	-0.827276480526645	IG-C
5	LV3003046938	blue	ST8	11.169	state_04	DCI	10.5720672065025	IG-C
5	LV3003046939	green	ST8	2.42	state_04	DCI	-9.49660100178969	IG-C
5	LV3003046939	turquoise	ST8	2.42	state_04	DCI	-1.46787273286568	IG-C
5	LV3003046939	grey	ST8	2.42	state_04	DCI	-5.02492573829204	IG-C
5	LV3003046939	yellow	ST8	2.42	state_04	DCI	-1.17405112446089	IG-C
5	LV3003046939	blue	ST8	2.42	state_04	DCI	0	IG-C
5	LV3003046952	green	ST8	10.26	state_04	DCI	-9.00164110770498	IG-C
5	LV3003046952	turquoise	ST8	10.26	state_04	DCI	-1.94118944792038	IG-C
5	LV3003046952	yellow	ST8	10.26	state_04	DCI	0.18109531507071	IG-C
5	LV3003046952	grey	ST8	10.26	state_04	DCI	-1.9788284985936	IG-C
5	LV3003046952	blue	ST8	10.26	state_04	DCI	-1.21234105399645	IG-C
5	LV3003046953	grey	ST8	1.5215	state_04	DCI	-3.26526035895512	IG-C
5	LV3003046953	green	ST8	1.5215	state_04	DCI	-9.53807741058343	IG-C
5	LV3003046953	turquoise	ST8	1.5215	state_04	DCI	-2.67681327503341	IG-C
5	LV3003046953	yellow	ST8	1.5215	state_04	DCI	-1.64742562833003	IG-C
5	LV3003046953	blue	ST8	1.5215	state_04	DCI	0	IG-C
5	LV3003046953	brown	ST8	1.5215	state_04	DCI	-15.2018049190842	IG-C
5	LV3003046980	green	ST8	8.056	state_04	DCI	-9.08028980580679	IG-C
5	LV3003046980	turquoise	ST8	8.056	state_04	DCI	-1.03448440051497	IG-C
5	LV3003046980	yellow	ST8	8.056	state_04	DCI	-1.13555119820728	IG-C
5	LV3003046980	grey	ST8	8.056	state_04	DCI	-2.26087271021825	IG-C
5	LV3003046980	blue	ST8	8.056	state_04	DCI	0	IG-C
5	LV3003046995	grey	ST8	6.9705	state_04	DCI	-3.25974534301167	IG-C
5	LV3003046995	green	ST8	6.9705	state_04	DCI	-8.82228332408232	IG-C
5	LV3003046995	turquoise	ST8	6.9705	state_04	DCI	-1.41374804439246	IG-C
5	LV3003046995	yellow	ST8	6.9705	state_04	DCI	1.26110971251478	IG-C
5	LV3003046995	blue	ST8	6.9705	state_04	DCI	0	IG-C
5	LV3003047010	green	ST8	13.676	state_04	DCI	-8.90102737711748	IG-C
5	LV3003047010	turquoise	ST8	13.676	state_04	DCI	-2.07035853763569	IG-C
5	LV3003047010	grey	ST8	13.676	state_04	DCI	-1.34764786561087	IG-C
5	LV3003047010	yellow	ST8	13.676	state_04	DCI	10.7861473007358	IG-C
5	LV3003047010	blue	ST8	13.676	state_04	DCI	10.9544177103892	IG-C
5	LV3003047010	brown	ST8	13.676	state_04	DCI	0	IG-C
5	LV3003047013	grey	ST8	5.885	state_04	DCI	-1.55410945405978	IG-C
5	LV3003047013	green	ST8	5.885	state_04	DCI	-9.06748389079282	IG-C
5	LV3003047013	turquoise	ST8	5.885	state_04	DCI	-2.17545410150061	IG-C
5	LV3003047013	yellow	ST8	5.885	state_04	DCI	0.193302392265511	IG-C
5	LV3003047013	blue	ST8	5.885	state_04	DCI	0	IG-C
5	LV3003047027	green	ST8	12.877	state_04	DCI	-9.16123789352176	IG-C
5	LV3003047027	turquoise	ST8	12.877	state_04	DCI	-1.51437515471128	IG-C
5	LV3003047027	grey	ST8	12.877	state_04	DCI	-2.3778222513445	IG-C
5	LV3003047027	yellow	ST8	12.877	state_04	DCI	-0.218380606609657	IG-C
5	LV3003047027	blue	ST8	12.877	state_04	DCI	-0.396315913454576	IG-C
5	LV3003047027	brown	ST8	12.877	state_04	DCI	0	IG-C
5	LV3003047045	grey	ST8	3.5865	state_04	DCI	-3.69555536143944	IG-C
5	LV3003047045	green	ST8	3.5865	state_04	DCI	-9.24982302568675	IG-C
5	LV3003047045	turquoise	ST8	3.5865	state_04	DCI	-1.38192622138309	IG-C
5	LV3003047045	yellow	ST8	3.5865	state_04	DCI	-0.893141743474364	IG-C
5	LV3003047045	blue	ST8	3.5865	state_04	DCI	0	IG-C
5	LV7001898100	grey	ST13	5.659	state_04	DCI	-3.96674183621717	IG-C
5	LV7001898100	green	ST13	5.659	state_04	DCI	-9.29788117757245	IG-C
5	LV7001898100	turquoise	ST13	5.659	state_04	DCI	-2.32460718910551	IG-C
5	LV7001898100	yellow	ST13	5.659	state_04	DCI	-1.39588333595021	IG-C
5	LV7001898100	blue	ST13	5.659	state_04	DCI	10.9765895051708	IG-C
5	LV7008886714	grey	GeoB25202_R1	0.692	state_04	DCI	-4.60134979788194	IG-C
5	LV7008886714	green	GeoB25202_R1	0.692	state_04	DCI	-9.59471404368254	IG-C
5	LV7008886714	turquoise	GeoB25202_R1	0.692	state_04	DCI	-2.14046736668778	IG-C
5	LV7008886714	yellow	GeoB25202_R1	0.692	state_04	DCI	0.665032980083856	IG-C
5	LV7008886714	blue	GeoB25202_R1	0.692	state_04	DCI	0	IG-C
5	LV7008886714	brown	GeoB25202_R1	0.692	state_04	DCI	0	IG-C
5	LV7008886726	green	GeoB25202_R2	0.692	state_04	DCI	-9.50223330493377	IG-C
5	LV7008886726	turquoise	GeoB25202_R2	0.692	state_04	DCI	-3.82536494304605	IG-C
5	LV7008886726	yellow	GeoB25202_R2	0.692	state_04	DCI	-1.41147554775005	IG-C
5	LV7008886726	grey	GeoB25202_R2	0.692	state_04	DCI	-6.15383316089491	IG-C
5	LV7008886726	blue	GeoB25202_R2	0.692	state_04	DCI	0	IG-C
5	LV3003046938	green	ST8	11.169	state_04	MII	-14.8405458193994	IG-C
5	LV3003046938	turquoise	ST8	11.169	state_04	MII	-4.14515580838546	IG-C
5	LV3003046938	grey	ST8	11.169	state_04	MII	-2.90196531964172	IG-C
5	LV3003046938	yellow	ST8	11.169	state_04	MII	-2.89171832160335	IG-C
5	LV3003046938	blue	ST8	11.169	state_04	MII	-3.38317095376723	IG-C
5	LV3003046939	green	ST8	2.42	state_04	MII	-14.8261556996606	IG-C
5	LV3003046939	turquoise	ST8	2.42	state_04	MII	-2.96401166848915	IG-C
5	LV3003046939	grey	ST8	2.42	state_04	MII	-1.65715512212725	IG-C
5	LV3003046939	yellow	ST8	2.42	state_04	MII	-2.74444689159008	IG-C
5	LV3003046939	blue	ST8	2.42	state_04	MII	-14.8726200396497	IG-C
5	LV3003046952	green	ST8	10.26	state_04	MII	-14.7643125906161	IG-C
5	LV3003046952	turquoise	ST8	10.26	state_04	MII	-4.14659025517557	IG-C
5	LV3003046952	yellow	ST8	10.26	state_04	MII	-3.05308542763763	IG-C
5	LV3003046952	grey	ST8	10.26	state_04	MII	-2.83927102581746	IG-C
5	LV3003046952	blue	ST8	10.26	state_04	MII	-4.06294770816143	IG-C
5	LV3003046953	grey	ST8	1.5215	state_04	MII	-2.94674040099732	IG-C
5	LV3003046953	green	ST8	1.5215	state_04	MII	-14.7860802647917	IG-C
5	LV3003046953	turquoise	ST8	1.5215	state_04	MII	-2.52366308756682	IG-C
5	LV3003046953	yellow	ST8	1.5215	state_04	MII	-2.96294294646754	IG-C
5	LV3003046953	blue	ST8	1.5215	state_04	MII	-3.40601034216716	IG-C
5	LV3003046953	brown	ST8	1.5215	state_04	MII	0	IG-C
5	LV3003046980	green	ST8	8.056	state_04	MII	-14.7200853583965	IG-C
5	LV3003046980	turquoise	ST8	8.056	state_04	MII	-3.53565519612557	IG-C
5	LV3003046980	yellow	ST8	8.056	state_04	MII	-2.85096829478922	IG-C
5	LV3003046980	grey	ST8	8.056	state_04	MII	-2.83452546790763	IG-C
5	LV3003046980	blue	ST8	8.056	state_04	MII	-15.2085640638011	IG-C
5	LV3003046995	grey	ST8	6.9705	state_04	MII	-3.63833319375549	IG-C
5	LV3003046995	green	ST8	6.9705	state_04	MII	-14.8508709213315	IG-C
5	LV3003046995	turquoise	ST8	6.9705	state_04	MII	-3.42233686343038	IG-C
5	LV3003046995	yellow	ST8	6.9705	state_04	MII	-2.93393535185108	IG-C
5	LV3003046995	blue	ST8	6.9705	state_04	MII	-3.85424520476133	IG-C
5	LV3003047010	green	ST8	13.676	state_04	MII	-14.7268340570212	IG-C
5	LV3003047010	turquoise	ST8	13.676	state_04	MII	-3.38708178494365	IG-C
5	LV3003047010	grey	ST8	13.676	state_04	MII	-3.20056975159481	IG-C
5	LV3003047010	yellow	ST8	13.676	state_04	MII	-3.12342489441823	IG-C
5	LV3003047010	blue	ST8	13.676	state_04	MII	-4.58845722519732	IG-C
5	LV3003047010	brown	ST8	13.676	state_04	MII	-15.3195879547405	IG-C
5	LV3003047013	grey	ST8	5.885	state_04	MII	-2.79049262885529	IG-C
5	LV3003047013	green	ST8	5.885	state_04	MII	-14.7446831080043	IG-C
5	LV3003047013	turquoise	ST8	5.885	state_04	MII	-3.36386817136457	IG-C
5	LV3003047013	yellow	ST8	5.885	state_04	MII	-3.23316066081883	IG-C
5	LV3003047013	blue	ST8	5.885	state_04	MII	-3.3301616085454	IG-C
5	LV3003047027	green	ST8	12.877	state_04	MII	-14.7745393852454	IG-C
5	LV3003047027	turquoise	ST8	12.877	state_04	MII	-3.0225809664032	IG-C
5	LV3003047027	grey	ST8	12.877	state_04	MII	-2.31749333235008	IG-C
5	LV3003047027	yellow	ST8	12.877	state_04	MII	-3.12892833069195	IG-C
5	LV3003047027	blue	ST8	12.877	state_04	MII	-3.97156200311761	IG-C
5	LV3003047027	brown	ST8	12.877	state_04	MII	13.7976209932135	IG-C
5	LV3003047045	grey	ST8	3.5865	state_04	MII	-1.96526300802065	IG-C
5	LV3003047045	green	ST8	3.5865	state_04	MII	-14.7569966817459	IG-C
5	LV3003047045	turquoise	ST8	3.5865	state_04	MII	-3.46735085481537	IG-C
5	LV3003047045	yellow	ST8	3.5865	state_04	MII	-2.96362365955863	IG-C
5	LV3003047045	blue	ST8	3.5865	state_04	MII	-14.9878685059085	IG-C
5	LV7001898100	grey	ST13	5.659	state_04	MII	-2.8273467934169	IG-C
5	LV7001898100	green	ST13	5.659	state_04	MII	-14.8245573543065	IG-C
5	LV7001898100	turquoise	ST13	5.659	state_04	MII	-2.4024362744458	IG-C
5	LV7001898100	yellow	ST13	5.659	state_04	MII	-2.86665556759695	IG-C
5	LV7001898100	blue	ST13	5.659	state_04	MII	-4.44553061350411	IG-C
5	LV7008886714	grey	GeoB25202_R1	0.692	state_04	MII	-2.24940437011692	IG-C
5	LV7008886714	green	GeoB25202_R1	0.692	state_04	MII	-14.7873549908616	IG-C
5	LV7008886714	turquoise	GeoB25202_R1	0.692	state_04	MII	-1.76742863556025	IG-C
5	LV7008886714	yellow	GeoB25202_R1	0.692	state_04	MII	-2.83834201739039	IG-C
5	LV7008886714	blue	GeoB25202_R1	0.692	state_04	MII	-3.79178534674485	IG-C
5	LV7008886714	brown	GeoB25202_R1	0.692	state_04	MII	-15.6072700271923	IG-C
5	LV7008886726	green	GeoB25202_R2	0.692	state_04	MII	-14.7925218263159	IG-C
5	LV7008886726	turquoise	GeoB25202_R2	0.692	state_04	MII	-2.09868040843616	IG-C
5	LV7008886726	yellow	GeoB25202_R2	0.692	state_04	MII	-2.835398776755	IG-C
5	LV7008886726	grey	GeoB25202_R2	0.692	state_04	MII	-3.47297771983334	IG-C
5	LV7008886726	blue	GeoB25202_R2	0.692	state_04	MII	-3.43372275915768	IG-C
5	LV3003046938	green	ST8	11.169	state_04	SRPI	-1.24459805056183	IG-C
5	LV3003046938	turquoise	ST8	11.169	state_04	SRPI	-1.10368037820066	IG-C
5	LV3003046938	grey	ST8	11.169	state_04	SRPI	-1.51815119996007	IG-C
5	LV3003046938	yellow	ST8	11.169	state_04	SRPI	-0.965321430884651	IG-C
5	LV3003046938	blue	ST8	11.169	state_04	SRPI	-2.0683686829775	IG-C
5	LV3003046939	green	ST8	2.42	state_04	SRPI	-1.22512428103854	IG-C
5	LV3003046939	turquoise	ST8	2.42	state_04	SRPI	-0.860474266297072	IG-C
5	LV3003046939	grey	ST8	2.42	state_04	SRPI	-0.330170686030757	IG-C
5	LV3003046939	yellow	ST8	2.42	state_04	SRPI	-0.789947300615802	IG-C
5	LV3003046939	blue	ST8	2.42	state_04	SRPI	-1.94169925542665	IG-C
5	LV3003046952	green	ST8	10.26	state_04	SRPI	-1.4478670584788	IG-C
5	LV3003046952	turquoise	ST8	10.26	state_04	SRPI	-0.953654764088185	IG-C
5	LV3003046952	yellow	ST8	10.26	state_04	SRPI	-0.862097496851778	IG-C
5	LV3003046952	grey	ST8	10.26	state_04	SRPI	-1.25371240112639	IG-C
5	LV3003046952	blue	ST8	10.26	state_04	SRPI	-2.00312348103447	IG-C
5	LV3003046953	grey	ST8	1.5215	state_04	SRPI	0.294219404977931	IG-C
5	LV3003046953	green	ST8	1.5215	state_04	SRPI	-1.29435750429714	IG-C
5	LV3003046953	turquoise	ST8	1.5215	state_04	SRPI	-1.02204201636942	IG-C
5	LV3003046953	yellow	ST8	1.5215	state_04	SRPI	-0.283081517370426	IG-C
5	LV3003046953	blue	ST8	1.5215	state_04	SRPI	-2.56446460394208	IG-C
5	LV3003046953	brown	ST8	1.5215	state_04	SRPI	1.01242667569772	IG-C
5	LV3003046980	green	ST8	8.056	state_04	SRPI	-1.30940313119128	IG-C
5	LV3003046980	turquoise	ST8	8.056	state_04	SRPI	-0.844219924572585	IG-C
5	LV3003046980	yellow	ST8	8.056	state_04	SRPI	-0.700089864072293	IG-C
5	LV3003046980	grey	ST8	8.056	state_04	SRPI	-0.6161105972364	IG-C
5	LV3003046980	blue	ST8	8.056	state_04	SRPI	-1.40228185202973	IG-C
5	LV3003046995	grey	ST8	6.9705	state_04	SRPI	-0.916298878865502	IG-C
5	LV3003046995	green	ST8	6.9705	state_04	SRPI	-1.73571068570901	IG-C
5	LV3003046995	turquoise	ST8	6.9705	state_04	SRPI	-0.902648788472917	IG-C
5	LV3003046995	yellow	ST8	6.9705	state_04	SRPI	-0.959715497688378	IG-C
5	LV3003046995	blue	ST8	6.9705	state_04	SRPI	-3.02836714079932	IG-C
5	LV3003047010	green	ST8	13.676	state_04	SRPI	-1.37934985366626	IG-C
5	LV3003047010	turquoise	ST8	13.676	state_04	SRPI	-0.902666157683866	IG-C
5	LV3003047010	grey	ST8	13.676	state_04	SRPI	-1.10314554278819	IG-C
5	LV3003047010	yellow	ST8	13.676	state_04	SRPI	-0.867038363923307	IG-C
5	LV3003047010	blue	ST8	13.676	state_04	SRPI	-1.5447704251352	IG-C
5	LV3003047010	brown	ST8	13.676	state_04	SRPI	-9.21034037197618	IG-C
5	LV3003047013	grey	ST8	5.885	state_04	SRPI	-0.586872857231704	IG-C
5	LV3003047013	green	ST8	5.885	state_04	SRPI	-1.2923677778418	IG-C
5	LV3003047013	turquoise	ST8	5.885	state_04	SRPI	-0.802187123691012	IG-C
5	LV3003047013	yellow	ST8	5.885	state_04	SRPI	-0.899744988208459	IG-C
5	LV3003047013	blue	ST8	5.885	state_04	SRPI	-1.77478457248913	IG-C
5	LV3003047027	green	ST8	12.877	state_04	SRPI	-1.2895343066986	IG-C
5	LV3003047027	turquoise	ST8	12.877	state_04	SRPI	-0.9465083496044	IG-C
5	LV3003047027	grey	ST8	12.877	state_04	SRPI	-1.38715743164121	IG-C
5	LV3003047027	yellow	ST8	12.877	state_04	SRPI	-0.991048570547024	IG-C
5	LV3003047027	blue	ST8	12.877	state_04	SRPI	-1.2382028900233	IG-C
5	LV3003047027	brown	ST8	12.877	state_04	SRPI	-0.400957733096535	IG-C
5	LV3003047045	grey	ST8	3.5865	state_04	SRPI	-0.586756738975184	IG-C
5	LV3003047045	green	ST8	3.5865	state_04	SRPI	-1.35197138143128	IG-C
5	LV3003047045	turquoise	ST8	3.5865	state_04	SRPI	-0.831925522520597	IG-C
5	LV3003047045	yellow	ST8	3.5865	state_04	SRPI	-0.859135318813501	IG-C
5	LV3003047045	blue	ST8	3.5865	state_04	SRPI	-9.21034037197618	IG-C
5	LV7001898100	grey	ST13	5.659	state_04	SRPI	0.0881661094280752	IG-C
5	LV7001898100	green	ST13	5.659	state_04	SRPI	-1.15964216854562	IG-C
5	LV7001898100	turquoise	ST13	5.659	state_04	SRPI	-0.681520306225742	IG-C
5	LV7001898100	yellow	ST13	5.659	state_04	SRPI	-0.635407719042034	IG-C
5	LV7001898100	blue	ST13	5.659	state_04	SRPI	-2.43955848227506	IG-C
5	LV7008886714	grey	GeoB25202_R1	0.692	state_04	SRPI	0.0981508598264637	IG-C
5	LV7008886714	green	GeoB25202_R1	0.692	state_04	SRPI	-1.18175439645509	IG-C
5	LV7008886714	turquoise	GeoB25202_R1	0.692	state_04	SRPI	-0.747132922343015	IG-C
5	LV7008886714	yellow	GeoB25202_R1	0.692	state_04	SRPI	-0.95596485965741	IG-C
5	LV7008886714	blue	GeoB25202_R1	0.692	state_04	SRPI	-2.59995492990695	IG-C
5	LV7008886714	brown	GeoB25202_R1	0.692	state_04	SRPI	-9.21034037197618	IG-C
5	LV7008886726	green	GeoB25202_R2	0.692	state_04	SRPI	-1.13206609014074	IG-C
5	LV7008886726	turquoise	GeoB25202_R2	0.692	state_04	SRPI	-0.74380543598278	IG-C
5	LV7008886726	yellow	GeoB25202_R2	0.692	state_04	SRPI	-0.733855226045324	IG-C
5	LV7008886726	grey	GeoB25202_R2	0.692	state_04	SRPI	0.180203299284685	IG-C
5	LV7008886726	blue	GeoB25202_R2	0.692	state_04	SRPI	-2.68658643369055	IG-C
5	LV3003046938	non_damaged	ST8	11.169	state_04	OAP	1.77687353892481	IG-C
5	LV3003046939	non_damaged	ST8	2.42	state_04	OAP	-4.25867854282421	IG-C
5	LV3003046952	non_damaged	ST8	10.26	state_04	OAP	-52.2440472333114	IG-C
5	LV3003046953	non_damaged	ST8	1.5215	state_04	OAP	107.113702546429	IG-C
5	LV3003046980	non_damaged	ST8	8.056	state_04	OAP	-40.0532311327027	IG-C
5	LV3003046995	non_damaged	ST8	6.9705	state_04	OAP	-40.3108896422216	IG-C
5	LV3003047010	non_damaged	ST8	13.676	state_04	OAP	-90.3091582257458	IG-C
5	LV3003047013	non_damaged	ST8	5.885	state_04	OAP	-20.4196571503774	IG-C
5	LV3003047027	non_damaged	ST8	12.877	state_04	OAP	-105.132095821375	IG-C
5	LV3003047045	non_damaged	ST8	3.5865	state_04	OAP	-41.8014051064418	IG-C
5	LV7001898100	non_damaged	ST13	5.659	state_04	OAP	286.011896838095	IG-C
5	LV7008886714	non_damaged	GeoB25202_R1	0.692	state_04	OAP	440.460724563884	IG-C
5	LV7008886726	non_damaged	GeoB25202_R2	0.692	state_04	OAP	437.460405314721	IG-C
5	LV3003046938	non_damaged	ST8	11.169	state_04	MGI	-13.8155105579643	IG-C
5	LV3003046939	non_damaged	ST8	2.42	state_04	MGI	-13.8155105579643	IG-C
5	LV3003046952	non_damaged	ST8	10.26	state_04	MGI	-13.8155105579643	IG-C
5	LV3003046953	non_damaged	ST8	1.5215	state_04	MGI	-13.8155105579643	IG-C
5	LV3003046980	non_damaged	ST8	8.056	state_04	MGI	-13.8155105579643	IG-C
5	LV3003046995	non_damaged	ST8	6.9705	state_04	MGI	-13.8155105579643	IG-C
5	LV3003047010	non_damaged	ST8	13.676	state_04	MGI	-1.93827328871552	IG-C
5	LV3003047013	non_damaged	ST8	5.885	state_04	MGI	-13.8155105579643	IG-C
5	LV3003047027	non_damaged	ST8	12.877	state_04	MGI	-2.35355807303283	IG-C
5	LV3003047045	non_damaged	ST8	3.5865	state_04	MGI	-13.8155105579643	IG-C
5	LV7001898100	non_damaged	ST13	5.659	state_04	MGI	-13.8155105579643	IG-C
5	LV7008886714	non_damaged	GeoB25202_R1	0.692	state_04	MGI	-13.8155105579643	IG-C
5	LV7008886726	non_damaged	GeoB25202_R2	0.692	state_04	MGI	-13.8155105579643	IG-C
5	LV3003046938	non_damaged	ST8	11.169	state_04	MFI	7.43575955468177	IG-C
5	LV3003046939	non_damaged	ST8	2.42	state_04	MFI	8.83185644471123	IG-C
5	LV3003046952	non_damaged	ST8	10.26	state_04	MFI	7.52770018062027	IG-C
5	LV3003046953	non_damaged	ST8	1.5215	state_04	MFI	8.51670679524992	IG-C
5	LV3003046980	non_damaged	ST8	8.056	state_04	MFI	0	IG-C
5	LV3003046995	non_damaged	ST8	6.9705	state_04	MFI	9.16771554718943	IG-C
5	LV3003047010	non_damaged	ST8	13.676	state_04	MFI	-2.80856578170152	IG-C
5	LV3003047013	non_damaged	ST8	5.885	state_04	MFI	6.80738033724206	IG-C
5	LV3003047027	non_damaged	ST8	12.877	state_04	MFI	-3.35528190781626	IG-C
5	LV3003047045	non_damaged	ST8	3.5865	state_04	MFI	8.523976930311	IG-C
5	LV7001898100	non_damaged	ST13	5.659	state_04	MFI	4.0110048638387	IG-C
5	LV7008886714	non_damaged	GeoB25202_R1	0.692	state_04	MFI	6.09781382691924	IG-C
5	LV7008886726	non_damaged	GeoB25202_R2	0.692	state_04	MFI	0	IG-C
5	LV3003046938	non_damaged	ST8	11.169	state_04	DCI	-2.58001659771022	IG-C
5	LV3003046939	non_damaged	ST8	2.42	state_04	DCI	-1.69265267506388	IG-C
5	LV3003046952	non_damaged	ST8	10.26	state_04	DCI	-2.37866700972871	IG-C
5	LV3003046953	non_damaged	ST8	1.5215	state_04	DCI	-1.92595011220956	IG-C
5	LV3003046980	non_damaged	ST8	8.056	state_04	DCI	-2.5375320013326	IG-C
5	LV3003046995	non_damaged	ST8	6.9705	state_04	DCI	-0.872219007222467	IG-C
5	LV3003047010	non_damaged	ST8	13.676	state_04	DCI	-1.4285177105123	IG-C
5	LV3003047013	non_damaged	ST8	5.885	state_04	DCI	-2.25083226753695	IG-C
5	LV3003047027	non_damaged	ST8	12.877	state_04	DCI	-2.80681090182497	IG-C
5	LV3003047045	non_damaged	ST8	3.5865	state_04	DCI	-1.02920352239654	IG-C
5	LV7001898100	non_damaged	ST13	5.659	state_04	DCI	-1.51538669386024	IG-C
5	LV7008886714	non_damaged	GeoB25202_R1	0.692	state_04	DCI	-1.00518468324771	IG-C
5	LV7008886726	non_damaged	GeoB25202_R2	0.692	state_04	DCI	-1.01836708645584	IG-C
5	LV3003046938	non_damaged	ST8	11.169	state_04	MII	0.155500774140632	IG-C
5	LV3003046939	non_damaged	ST8	2.42	state_04	MII	1.01338715409267	IG-C
5	LV3003046952	non_damaged	ST8	10.26	state_04	MII	-1.21679667889551	IG-C
5	LV3003046953	non_damaged	ST8	1.5215	state_04	MII	0.739139070504544	IG-C
5	LV3003046980	non_damaged	ST8	8.056	state_04	MII	-0.252620676082389	IG-C
5	LV3003046995	non_damaged	ST8	6.9705	state_04	MII	-1.74810725780794	IG-C
5	LV3003047010	non_damaged	ST8	13.676	state_04	MII	-1.57664086379425	IG-C
5	LV3003047013	non_damaged	ST8	5.885	state_04	MII	-0.921120431108132	IG-C
5	LV3003047027	non_damaged	ST8	12.877	state_04	MII	-1.51982358877274	IG-C
5	LV3003047045	non_damaged	ST8	3.5865	state_04	MII	0.0799375334089634	IG-C
5	LV7001898100	non_damaged	ST13	5.659	state_04	MII	-0.0300442125995086	IG-C
5	LV7008886714	non_damaged	GeoB25202_R1	0.692	state_04	MII	-0.887454749984466	IG-C
5	LV7008886726	non_damaged	GeoB25202_R2	0.692	state_04	MII	-0.88962046492304	IG-C
5	LV3003046938	non_damaged	ST8	11.169	state_04	SRPI	0.0859138237051002	IG-C
5	LV3003046939	non_damaged	ST8	2.42	state_04	SRPI	0.0225319950858374	IG-C
5	LV3003046952	non_damaged	ST8	10.26	state_04	SRPI	-0.147304581181277	IG-C
5	LV3003046953	non_damaged	ST8	1.5215	state_04	SRPI	0.134199599287074	IG-C
5	LV3003046980	non_damaged	ST8	8.056	state_04	SRPI	-0.149038485624652	IG-C
5	LV3003046995	non_damaged	ST8	6.9705	state_04	SRPI	-0.41422728594625	IG-C
5	LV3003047010	non_damaged	ST8	13.676	state_04	SRPI	-0.539198253556978	IG-C
5	LV3003047013	non_damaged	ST8	5.885	state_04	SRPI	-0.336299427163766	IG-C
5	LV3003047027	non_damaged	ST8	12.877	state_04	SRPI	-0.51512486438919	IG-C
5	LV3003047045	non_damaged	ST8	3.5865	state_04	SRPI	-0.347108342412058	IG-C
5	LV7001898100	non_damaged	ST13	5.659	state_04	SRPI	-0.049002060518394	IG-C
5	LV7008886714	non_damaged	GeoB25202_R1	0.692	state_04	SRPI	-0.378609661852391	IG-C
5	LV7008886726	non_damaged	GeoB25202_R2	0.692	state_04	SRPI	-0.619396376059549	IG-C
