label	core	core_group	y_bp	flowcell	depth_in_core_cm	library_concentration	temp	temp_method	mis	initial	avg_leng_initial	derep	avg_len_derep	sst	age_kyr	MEleiden6	MEleiden5	MEleiden3	MEleiden1	MEleiden2	MEleiden4	MEgrey	ba	ti	ca	zr	rb	sr	al	fe	mn	br	p	si	match_n_points	match_quality	match_min_abs_depth_cm	ba_ti_ratio	ba_ti_log	ba_ti_z	ca_ti_ratio	ca_ti_log	ca_ti_z	zr_rb_ratio	zr_rb_log	zr_rb_z	ti_al_ratio	ti_al_log	ti_al_z	mn_fe_ratio	mn_fe_log	mn_fe_z
LV3003046936	ST8	ST8	22905		139.5	189.42	2.18235490720117	mgca_jonkers_2013	4.8619	152063717	62.8	56886217	63.9	7.62434576717752	22.905	0.0190571133700502	1.22301632066894	1.0341051059816	4.04082740240341	2.03101946150502	1.42708614081114	-0.0309775213736046	15.5848484848485	812.354545454546	2138.22424242424	85.130303030303	40.2757575757576	192.409090909091	9.45757575757576	16458.4727272727	193.445454545455	57.0242424242424	1.50606060606061	47.4424242424243	11	interval	0	0.0191847864606065	-3.95363768588431	-0.655549059533167	2.63213181287466	0.967794093088495	-0.528239963851362	2.11368595290046	0.74843332054709	0.0299164125938016	85.8945850688882	4.45312078938845	0.988137758840712	0.0117535483243778	-4.44360009892685	-0.386988012823666
LV3003046937	ST8	ST8	18598		99.5	100.16	2.93302273038462	mgca_jonkers_2013	4.98412	37032447	66.6	19341245	67.9	7.40669227965178	18.598	-0.360207721104827	0.141776773364441	-0.101379712331646	0.159442454250945	1.10713989274594	0.720513044362258	-0.0230164729398724	17.0181818181818	666.690909090909	2042.77272727273	91.6484848484848	66.0060606060606	206.130303030303	9.4030303030303	15637.1818181818	166.509090909091	74.6515151515152	0.721212121212121	41.5121212121212	11	interval	0	0.0255263444965638	-3.66804424260407	0.179696466313047	3.06404767099378	1.11973681017565	-0.367788951069186	1.38848590579377	0.328213877042529	-1.13165592671958	70.9017080244924	4.26129452386134	0.298944095071359	0.0106482800318588	-4.54235689922511	-0.712710743441716
LV3003046938	ST8	ST8	11169		55	92.71	4.63006993265698	mgca_jonkers_2013	3.65408	135351707	83.8	73358025	85.5	6.64060093364877	11.169	0.441902750526911	-0.433019748857837	3.4304068406148	-0.00929931006480342	0.289123185474382	0.500027606075034	-0.037468519519836	16.9515151515152	549.848484848485	1260.86666666667	115.463636363636	50.2242424242424	187.269696969697	7.46666666666667	13953.3181818182	138.787878787879	71.5454545454546	0.333333333333333	28.6090909090909	11	interval	0	0.0308294295949297	-3.47928553887931	0.731739471711934	2.2931165610361	0.829911836005554	-0.673843176810625	2.29896222999879	0.832457816763441	0.26217727566973	73.6404220779221	4.29919408798781	0.435109699837765	0.00994658596467224	-4.61052590581889	-0.937547867611244
LV3003046939	ST8	ST8	2420		15	137.77		""	3.2262	174832149	79.3	145219212	79.8	6.89400787736814	2.42	-0.314953184927366	-0.400781105721665	2.26801306333772	-0.103667868810702	0.000923683620001463	0.840916485041079	-0.0250233234630843	7.4030303030303	238.212121212121	9137.91818181818	50.9545454545455	13.2333333333333	721.139393939394	5.94545454545455	5556.74545454546	84.8515151515151	78.5757575757576	0	15.4757575757576	11	interval	0	0.0310774710596616	-3.47127212553006	0.755175470696509	38.3604248823305	3.64702632613561	2.30102052004846	3.85046942981452	1.34819507068881	1.68778034514466	40.0662589194699	3.69053455666249	-1.75168307970966	0.0152700021704442	-4.18186501761381	0.476274720743447
LV3003046949	ST8	ST8	22368.6666666667		134.5	140.56	2.65674047729892	mgca_jonkers_2013	4.87262666666667	61245129	56.4	37969700	57.8	7.59724225650273	22.3686666666667	-0.2254693296853	0.411674013077472	0.77363903321472	3.06261199591871	1.6668453937659	1.16529178333729	-0.0204661691873008	17.6606060606061	797.69696969697	2074.59393939394	89.8363636363636	57.7909090909091	205.530303030303	9.76666666666667	16771.6787878788	194.260606060606	71.1575757575758	0.957575757575757	45.9393939393939	11	interval	0	0.0221394924783468	-3.81039227525496	-0.236614062454929	2.6007293724358	0.955791933546777	-0.540914205111227	1.5545068428504	0.441158352469287	-0.819454336427011	81.6754576481539	4.40275356075462	0.807178312329702	0.0115826571995286	-4.45824636860683	-0.435294792094808
LV3003046950	ST8	ST8	18099		94.5	104.24	2.39521562696755	mgca_jonkers_2013	5.01406	54550611	72.2	30319286	73.7	7.38147540241116	18.099	0.617828085193341	0.464673343013905	0.565529458928925	1.74104998270423	1.61797642439527	0.988462744434828	-0.029407209411563	17.2030303030303	645.315151515152	1759.47272727273	97.2030303030303	69.469696969697	183.69696969697	8.75454545454545	15625.3939393939	160.160606060606	76.0484848484849	0.306060606060606	35.6060606060606	11	interval	0	0.0266583393596739	-3.62465325575628	0.306597585646916	2.72653249058482	1.00303065190378	-0.491030272875334	1.39921483097056	0.335911244273396	-1.11037883209886	73.7120110764971	4.30016575846077	0.438600718814731	0.010250020363123	-4.58047558675355	-0.838434976627086
LV3003046952	ST8	ST8	10260		50	116.29	4.62794382549722	mgca_jonkers_2013	3.5408	88430474	83.4	60192917	86	6.52726089941695	10.26	-0.182488814809947	-0.427509670144918	3.16087597929349	-0.0690180636548118	-0.149122751592633	0.374205059231956	-0.0324601027901165	12.3787878787879	432.857575757576	3913.82424242424	85.7060606060606	32.2151515151515	314.80303030303	6.84242424242424	10303.4303030303	130.984848484849	68.2424242424243	0	26.1121212121212	11	interval	0	0.0285978311852873	-3.55442439671403	0.511988646543079	9.04182914108497	2.20186149255198	0.774931177755931	2.66042705295833	0.978486656132377	0.665830802832501	63.2608503100089	4.14726665929853	-0.11073536948942	0.0127127417406148	-4.3651505018107	-0.128243127292913
LV3003046953	ST8	ST8	1521.5		10	82.74		""	3.203925	268907517	82.4	244179416	82.6	7.82527505425364	1.5215	-0.623199756405973	-0.359606961764379	1.68334927432646	0.0304498323347413	0.071712068974532	0.878431589749437	-0.0200299599506063	6.41212121212121	213.881818181818	11561.2696969697	48.7424242424243	11.5181818181818	778.348484848485	6.6969696969697	4553.51212121212	191.924242424242	69.0121212121212	0	18.5454545454545	11	interval	0	0.0299797395899746	-3.50723347247034	0.650003048702926	54.0544764171661	3.9899923605849	2.66319153181016	4.23178111023415	1.44262297068388	1.94879834035918	31.9371040723982	3.46376847093673	-2.56640857629651	0.0421486178833654	-3.16655338550213	3.82500692187671
LV3003046965	ST8	ST8	21832.3333333333		129.5	73.24	3.13112604739667	mgca_jonkers_2013	4.88503	123105827	60	61272397	60.7	7.57013874582794	21.8323333333333	0.386408249538446	1.73267261179355	1.23159587441753	4.47967016621564	2.09872569382722	1.44388544538916	-0.0359386969413079	16.5242424242424	756.281818181818	2335.02121212121	105.342424242424	60.6030303030303	200.357575757576	10.3333333333333	15582.5818181818	182.760606060606	63.2606060606061	0.384848484848485	57.1363636363637	11	interval	0	0.0218493186362307	-3.8235855416233	-0.275199040383279	3.08750145248084	1.12736217239312	-0.359736593482856	1.73823691184559	0.552871330468049	-0.510656856463953	73.1885630498534	4.2930391662718	0.412996288850926	0.011728518944618	-4.44573188646939	-0.394019140374975
LV3003046966	ST8	ST8	17373		89.5	104.95	4.50516786786849	mgca_jonkers_2013	4.93222	64053262	73.4	33174625	75	7.34478712009314	17.373	1.39339024097344	0.684454372562412	0.163541086002805	1.29660492447087	1.41983737079859	0.926258121734014	-0.0303826811768129	19.0606060606061	732.748484848485	2240.25151515152	104.363636363636	67.9909090909091	193.839393939394	10.2484848484848	15490.0333333333	176.366666666667	57.6969696969697	0.581818181818182	61.0545454545455	11	interval	0	0.0260124810282581	-3.64917881659439	0.234870221308215	3.05732671097197	1.11754091026719	-0.370107814197575	1.53496456745554	0.42850729768189	-0.854424434863254	71.4982259018332	4.26967263683035	0.329044990570312	0.0113858158256599	-4.4753869240926	-0.491828301891324
LV3003046978	ST8	ST8	21296		124.5	113.8	3.60551161749441	mgca_jonkers_2013	4.90112	72686612	55.3	49044465	56.1	7.54303523515316	21.296	-0.315782788156311	1.63874782952944	0.787742922902124	3.00300319379608	1.71078467461526	1.27264276599822	-0.0150951305138172	13.5952380952381	750.428571428571	2021.70952380952	93.2380952380952	44.752380952381	184.847619047619	9.42380952380952	15230.0523809524	175.371428571429	54.6333333333333	0.923809523809524	50.4095238095238	7	interval	0	0.018116631765975	-4.01092488052601	-0.823090976683567	2.6940732279967	0.991054259503198	-0.50367730411835	2.08342200468185	0.73401173642174	-0.00994779042684058	79.6311268317332	4.37740505701355	0.716106174130212	0.0115148276699796	-4.46411971152017	-0.454666433195077
LV3003046979	ST8	ST8	16461		84.5	131.92	4.74778270644487	mgca_jonkers_2013	4.80993	62932113	71.5	35885630	73.7	7.29869936048704	16.461	-0.0801798125106865	1.33701119905059	0.9876248588252	0.0532785314372133	0.957920841869259	0.755010171150756	-0.0164588678433252	15.7888888888889	792.318518518519	1957.0962962963	96.7481481481482	40.0925925925926	178.277777777778	9.11851851851852	17084.6518518519	199.551851851852	58.6037037037037	1.32962962962963	49.9037037037037	9	interval	0	0.0199274515486664	-3.91565702304559	-0.544470953746298	2.47008778736572	0.904253691451917	-0.595338420365913	2.41311778290993	0.880919597266776	0.396135531568326	86.8911454102356	4.4646561330664	1.02958195706038	0.0116801825159944	-4.44986167533476	-0.407640137633299
LV3003046980	ST8	ST8	8056		40	95.39	5.42145708999487	mgca_jonkers_2013	3.41776	84644758	80.9	70313255	82.7	6.25245183951933	8.056	-0.661819385281031	-0.402984856004499	2.75582527008572	-0.234859360873625	-0.375732616041046	0.437791128880013	-0.033789403266047	11.8606060606061	369.124242424242	5786.07272727273	76.3181818181818	27.3121212121212	452.775757575758	6.89090909090909	8720.54848484849	133.930303030303	73.9424242424243	0	25.6181818181818	11	interval	0	0.0321317450804935	-3.43791079421089	0.852743896639907	15.675136071455	2.75207576727588	1.35595565407894	2.79429712637302	1.02758059962334	0.801536486299521	53.5668425681618	3.98093026785643	-0.708348979498163	0.0153580136917993	-4.17611787656491	0.495230118954385
LV3003046993	ST8	ST8	20719		119.5	108.7	3.36525344975272	mgca_jonkers_2013	4.93248	230108757	68.3	100382437	69.6	7.51387664163044	20.719	-0.594613267559777	4.87212073940597	2.97728818831079	1.32459074176027	1.14702763262228	0.979751814428889	-0.0359610817802295	12.1242424242424	1044.65454545455	1538.55757575758	90.2848484848485	25.0909090909091	142.178787878788	10.3606060606061	20831.8424242424	252.324242424242	69.830303030303	1.9969696969697	50.9030303030303	11	interval	0	0.011605982548965	-4.45623457683668	-2.1254420642555	1.47279077322937	0.38715908613531	-1.14138863401095	3.59830917874396	1.28046406256023	1.50055800983377	100.829482304768	4.61343079605462	1.56409976555315	0.0121124304459316	-4.41352304411969	-0.287786941189647
LV3003046994	ST8	ST8	15549		79.5	87.72	4.99039754502124	mgca_jonkers_2013	4.63274	71148178	57.2	33076881	57.9	7.18672783126745	15.549	-0.683036716743389	3.59359621957182	-0.454836148941594	-0.299138760853131	-0.0742868355364185	0.134611192093487	-0.0197463423313719	11.1424242424242	911.406060606061	1233.84545454545	80.5969696969697	30.6151515151515	142.269696969697	8.22121212121212	21108.4	215.778787878788	74.1363636363636	0.960606060606061	25.2575757575758	11	interval	0	0.0122255323110479	-4.40422870174316	-1.97334587468381	1.35378236757059	0.302902428609995	-1.23036338905514	2.63258438087697	0.967966018026808	0.636749611078405	110.860302248433	4.7082708703855	1.90484131166338	0.0102224132515391	-4.58317259179336	-0.847330321994752
LV3003046995	ST8	ST8	6970.5		35	117	5.81821372224369	mgca_jonkers_2013	3.36882	178414482	82.8	152189789	85.2	6.16359220190688	6.9705	-0.512921275325653	-0.406246888112226	1.96512601772742	-0.269222564050676	-0.210699268638596	0.438478734635625	-0.021655555337187	9.86666666666667	276.936363636364	9044.02727272727	58.7515151515152	15.5151515151515	663.036363636364	6.24242424242424	5437.64242424243	112.587878787879	69.3363636363636	0	20.5	11	interval	0	0.0356279202092156	-3.33462567296775	1.15481117946675	32.6574204773003	3.48607210332395	2.13105338666566	3.78671875	1.33149987893171	1.64163142642056	44.3635922330097	3.79241913830655	-1.38563201828736	0.0207052744560644	-3.87736680652721	1.48058013043563
LV3003047009	ST8	ST8	20142		114.5	99.94	3.12499528201102	mgca_jonkers_2013	4.97864	78281501	64.3	50491740	64.7	7.48471804810772	20.142	-0.655312653106154	4.19848514519327	-0.37438941558955	0.229451338570948	0.350405089796564	0.406652221849108	-0.00544271006611397	11.169696969697	1081.50909090909	1486.27272727273	88.8242424242424	29.8333333333333	153.154545454545	9.27575757575758	22561.8363636364	257.548484848485	69.2393939393939	2.02424242424242	40.9484848484849	11	interval	0	0.0103278807950731	-4.57290816742219	-2.46666521490512	1.37425819141603	0.317914088385609	-1.2145111253816	2.97734890807517	1.09103327640063	0.976932640235678	116.59523031689	4.75870836670655	2.08605321601514	0.0114152270541056	-4.47280710834357	-0.483319473864027
LV3003047010	ST8	ST8	13676		70	131.81	5.45136573831635	mgca_jonkers_2013	4.20872	124044083	83.1	98890535	85.9	6.95319000495699	13.676	-0.392845407979559	-0.409333749568528	3.04260307976178	-0.0173726315053064	-0.0908948809921423	0.468346323180743	-0.0324915757848952	14.2454545454545	564.372727272727	4788.90606060606	95.6393939393939	44.7545454545455	315.030303030303	7.95151515151515	11722.5848484848	176.269696969697	58.1424242424242	0	36.2212121212121	11	interval	0	0.0252412171195696	-3.67927702061877	0.146845125358456	8.485360523617	2.13834238730823	0.707855210162616	2.13697609858487	0.759391791709593	0.0602078643109547	70.9767530487805	4.26235240157892	0.302744839552269	0.0150367601726065	-4.1972573977208	0.425507097004923
LV3003047013	ST8	ST8	5885		30	131.96	6.21497035449252	mgca_jonkers_2013	3.32195	106947849	79.8	86684502	81.7	6.33782936611152	5.885	-0.544860183453942	-0.416168284402295	2.11021577362308	-0.307652749272822	-0.496031993999104	0.381173139352084	-0.0286686722596747	8.9969696969697	289.439393939394	6942.77575757576	62.3454545454545	19.4151515151515	581.915151515152	6.43939393939394	6686.62121212121	112.118181818182	64.3333333333333	0	18.5818181818182	11	interval	0	0.0310841229126315	-3.47105810743399	0.75580138722715	23.9869758676648	3.17751101086747	1.80521388123271	3.21117527704074	1.16663700005195	1.18591676864742	44.9482352941176	3.80551150083924	-1.33859376064051	0.0167675389799169	-4.08831046526269	0.784839236417524
LV3003047026	ST8	ST8	19565		109.5	12.35	2.88473711426933	mgca_jonkers_2013	4.97695	948154669	61.9	126124116	64.1	7.455559454585	19.565	-0.611862029503162	5.00048106161913	0.468302508049956	1.22223457461239	1.1862582020003	1.03130994495119	-0.0139494190914853	12.0727272727273	1118.53333333333	1789.95151515152	84.5484848484849	28.9212121212121	160.751515151515	10.5333333333333	22159.3151515152	256.154545454545	59.0333333333333	1.32727272727273	45.3454545454545	11	interval	0	0.0107933549344921	-4.52882461806007	-2.3377386298084	1.60026658286284	0.470170229656391	-1.05372913768561	2.92340737636211	1.07274984568329	0.926393504749952	106.189873417722	4.66522875037927	1.75019952524284	0.0115596778918066	-4.46023228015668	-0.44184478693902
LV3003047027	ST8	ST8	12877		65	149.32	5.04178088906654	mgca_jonkers_2013	4.04278	166139455	84.4	112662581	86.9	6.85356548641879	12.877	0.241842112924682	-0.351248172558088	3.21467837589067	0.206787937942262	0.726599046780211	0.700456994233676	-0.0324433542096364	14.2060606060606	527.384848484849	4034.84242424242	92.1818181818182	38.1	334.466666666667	7.61515151515152	10836.0333333333	149.954545454545	60.2	0.0727272727272727	36.9212121212121	11	interval	0	0.0269368007952332	-3.61426186801252	0.336988199733219	7.65066049173452	2.03479198290029	0.59850632145131	2.41947029348604	0.883548629220103	0.403402712664677	69.2546756864306	4.23779066172577	0.214499387703309	0.0138385090597001	-4.28030006149586	0.151613217080566
LV3003047028	ST8	ST8	4753		25	124.79		""	3.26988	3059207	78.3	2878411	79.3	6.51953039778323	4.753	-0.683036716743389	-0.433019748857837	-0.62756756462232	-0.54675531653838	-1.52531577921196	-2.00630355097666	-0.0183216844454355	8.54848484848485	282.066666666667	7589.74242424243	61.7242424242424	11.7	567.821212121212	6.51818181818182	6038.90606060606	97.1818181818182	58.3333333333333	0	20.9787878787879	11	interval	0	0.0303066113749167	-3.49638939307639	0.681717603111766	26.9076190885456	3.29240948399603	1.926546293434	5.27557627557628	1.6630879199499	2.55820847312178	43.2738261273826	3.76754797481065	-1.47498916781453	0.0160926196245658	-4.12939452050504	0.649334535799579
LV3003047041	ST8	ST8	19097		104.5	105.88	3.47082983380169	mgca_jonkers_2013	4.96291	92918951	73.6	51583899	75.3	7.4319091568924	19.097	-0.289331829171379	2.28678728735834	0.88891005037443	2.71526238590617	1.77263630217543	1.32085739356812	-0.0261007144663009	13.7060606060606	987.824242424242	1830.77272727273	88.9	36.1333333333333	166.463636363636	10.9060606060606	20819.7787878788	228.00303030303	62.4909090909091	1.08181818181818	48.7606060606061	11	interval	0	0.0138749992330865	-4.27766667462269	-1.60320303918924	1.85333852789418	0.616988622411053	-0.898689394655187	2.46033210332103	0.900296342182423	0.449696810723421	90.5757154765213	4.5061861360215	1.17879100731389	0.0109512705502795	-4.51429979746183	-0.620171943359448
LV3003047044	ST8	ST8	12078		60	46.49	4.63219603981674	mgca_jonkers_2013	3.93092	63682406	81.2	26806847	83.3	6.75394096788059	12.078	1.18489460765362	-0.329486565291217	-0.262287297687944	0.0685888920209067	0.635602365394216	0.356038757274596	-0.0216744649676923	14.8909090909091	733.909090909091	1836.28787878788	97.1515151515152	54.0363636363636	217.463636363636	7.2969696969697	16508.2121212121	166.251515151515	69.4333333333333	0.096969696969697	27.3151515151515	11	interval	0	0.0202898550724638	-3.89763426797605	-0.49176167105984	2.50206449481812	0.917116189017893	-0.581755664963524	1.79789143113504	0.586614551097839	-0.417383705188441	100.577242524917	4.61092601462846	1.55510058348967	0.0100708371040309	-4.59811144720309	-0.896602116561476
LV3003047045	ST8	ST8	3586.5		20	111.57		""	3.295865	151675055	80.4	128523596	81.5	6.70676913757569	3.5865	-0.359559493187803	-0.418546654262209	2.17941526727974	-0.276915250532826	-0.0775341804209387	0.648410257044706	-0.0237265538651036	6.83636363636364	252.351515151515	8921.14545454546	62.8060606060606	15.2545454545455	721	6.90909090909091	5437.50606060606	92.5424242424243	75.2454545454546	0	17.569696969697	11	interval	0	0.0270906383591911	-3.60856705877771	0.353643217717116	35.3520582160527	3.56535661458123	2.21477757149693	4.11720301946762	1.4151740540489	1.87292393045229	36.5245614035088	3.59798494944718	-2.08419543249862	0.0170192774428116	-4.0734086101569	0.833988995438376
LV3003047059	ST8	ST8	107683		609.2	57.46	2.91515849408323	mgca_jonkers_2013	4.08781	50404610	52.1	4862774	54.7	9.62921190579469	107.683	-0.683036716743389	-0.335903596838651	-0.657569359431192	-0.537487005503158	-1.16045123098607	-1.19687302249214	-0.000704081081933522	16.069696969697	556.027272727273	2770.42424242424	107.021212121212	68.2757575757576	218.918181818182	10.7818181818182	12397.4575757576	162.466666666667	44.3757575757576	0.972727272727273	70.330303030303	11	interval	0	0.0289009150412286	-3.54388202203874	0.542820836449808	4.98253301287816	1.60593839884867	0.145638337940932	1.56748479872176	0.449472295692754	-0.79647289987457	51.570826306914	3.94295613095009	-0.844782509448018	0.0131048374776744	-4.33477384383465	-0.0280538952286192
LV3003047060	ST8	ST8	106686		604.2	70.8	2.99454011404301	mgca_jonkers_2013	4.02744	14545489	58.9	3426624	62	9.16482148751936	106.686	-0.683036716743389	-0.395190333296733	-0.63896751535375	-0.525254297754274	-1.18066549980757	-1.07005892390759	-0.0174437486243363	14.9666666666667	583.812121212121	3334.33939393939	87.0151515151515	50.5212121212121	230.330303030303	9.64848484848485	12035.5393939394	170.027272727273	48.4636363636364	0.0696969696969697	59.5636363636364	11	interval	0	0.0256361012779122	-3.66375371473507	0.192244528218625	5.71132265465229	1.74245063513678	0.289794813417295	1.72234884836852	0.543688968745304	-0.536038779056014	60.5081658291457	4.10277832831142	-0.270573104659523	0.0141271003452402	-4.25966031599578	0.219687863517479
LV3003047061	ST8	ST8	105689		599.2	43.21	3.07392173400279	mgca_jonkers_2013	3.95335	28071056	61.9	2895889	66	8.70043106924403	105.689	-0.683036716743389	-0.375685344180903	-0.705483646621738	-0.543449823402012	-1.3102490571958	-1.49517763532256	-0.016347482577563	14.4090909090909	664.393939393939	3262.37272727273	93.2151515151515	50.5	236.169696969697	10.169696969697	13677.2606060606	177.933333333333	60.9363636363636	0.506060606060606	62.5848484848485	11	interval	0	0.0216875712656785	-3.83101593525494	-0.296929942062337	4.91029874572406	1.59133478429847	0.130216968692175	1.84584458445845	0.612936942102236	-0.344623242130604	65.3307508939213	4.17946284264733	0.00493912117836286	0.0130094277252046	-4.34208097472692	-0.052154500149244
LV3003047062	ST8	ST8	104692		594.2	74.51	3.15330335396257	mgca_jonkers_2013	3.87156	12465076	64.7	2870399	66.7	8.38459253919963	104.692	-0.661425566065428	-0.252047943650251	-0.702124184285034	-0.530402595093435	-1.27823167892856	-1.65845416814087	-0.0162860224259088	20.7424242424242	587.20303030303	1204.81212121212	160.584848484848	79.5484848484849	184.675757575758	12.5757575757576	14184.2212121212	122.630303030303	39.2606060606061	1.45151515151515	94.7545454545454	11	interval	0	0.0353241096724585	-3.34318955462277	1.12976528291507	2.05178117114002	0.718708279877259	-0.791273768732512	2.01870404936955	0.702455745807568	-0.0971749913658599	46.6932530120482	3.84359967912058	-1.20175050268578	0.00864554360767502	-4.75071128065841	-1.39991160304551
LV3003047063	ST8	ST8	103695		589.2	26.33	3.23268497392235	mgca_jonkers_2013	3.9078	36052618	54.5	1895929	59.4	8.08727062917724	103.695	-0.683036716743389	-0.394512437022959	-0.704690491071838	-0.543900485229888	-1.34698058612562	-2.13759119186146	-0.0178002672483683	13.9090909090909	537.99696969697	2874.09090909091	120.421212121212	70.8484848484849	180.066666666667	11.069696969697	11666.3	172.469696969697	40.2969696969697	0.615151515151515	77.2181818181818	11	interval	0	0.0258534744478678	-3.65531027901834	0.216938169025508	5.3422065011068	1.67563877008193	0.219241702222323	1.6997005988024	0.53045211719998	-0.572628139335051	48.6008759923351	3.88364155527765	-1.05788799638581	0.0147835815099643	-4.21423807143933	0.369500914193928
LV3003047064	ST8	ST8	96283		554.2	31.71	8.33158360262767	mgca_jonkers_2013	3.77264	37955526	51.3	1581576	57.8	6.64358420103273	96.283	-0.683036716743389	-0.379210056585941	-0.698775318157949	-0.547569578673877	-1.52937125399808	-2.2807610825618	-0.00438298087761396	28.8444444444444	545.92962962963	1052.28888888889	113.533333333333	63.6185185185185	128.974074074074	10.0703703703704	13460.5518518519	274.603703703704	59.1814814814815	2.06666666666667	63.0259259259259	9	interval	0	0.0528354624459807	-2.94057267648279	2.30725711267887	1.92751745239178	0.656232880832917	-0.857247585989481	1.78459568027013	0.579191879921828	-0.43790148382802	54.2114748069143	3.99289259834241	-0.665370702502611	0.0204006274576272	-3.89218962087815	1.43169106607498
LV3003047065	ST8	ST8	53610.18		374.5	140.39	4.25465118628098	mgca_jonkers_2013	4.4033892	57784676	58.3	11483201	61.5	6.44166131978254	53.61018	-0.683036716743389	-0.0953027140982608	-0.63812122937095	-0.346474540877882	-0.739781447187671	-0.616404934900085	-0.0163914946804736	17.0545454545455	351.445454545455	387.663636363636	473.493939393939	89.3727272727273	68.6151515151515	7.11515151515152	9934.40606060606	150.309090909091	64.8878787878788	1.4	61.6242424242424	11	interval	0	0.048526863084922	-3.0256377563329	2.05847609538906	1.10305491606094	0.0980835269385556	-1.4466514799892	5.2979690095955	1.6673235413793	2.56991659555218	49.3939522998296	3.89982799361919	-0.999733339027881	0.015130153729585	-4.19106559065285	0.445929106421404
LV3003047067	ST8	ST8	42866.02		334.5	178.82	5.07611814185932	mgca_jonkers_2013	4.4653592	83694347	60.2	30143452	61.8	8.33857306903406	42.86602	0.21874694051697	-0.163716947128927	-0.0637877660259107	-0.304930341704722	0.945642042726745	0.696121023790816	-0.0200757007985293	12.6212121212121	592.184848484849	2110.33636363636	94.3090909090909	58.2454545454545	217.072727272727	7.9969696969697	13590.9909090909	244.945454545455	67.1212121212121	0.796969696969697	41.9181818181818	11	interval	0	0.0213129602243362	-3.8484399300678	-0.347888092721033	3.5636446441273	1.2707837976025	-0.208283825881566	1.61916653660059	0.481911533272324	-0.706804223988005	74.0511557408109	4.30475614816542	0.45509307709521	0.0180226339774543	-4.01612686781364	1.02291740820851
LV3003047068	ST8	ST8	37789.69		294.5	99.85	4.0688445607065	mgca_jonkers_2013	4.4205155	45243801	64.9	16258007	69	9.10244349358346	37.78969	-0.248903446989808	-0.348887832772821	-0.641462135693709	-0.352369459916053	0.318942067401277	0.467323405957562	-0.0183216844454355	16.0272727272727	668.027272727273	3504.91212121212	92.2636363636364	45.8030303030303	264.539393939394	9.56363636363636	13529.8212121212	185.021212121212	50.169696969697	0.218181818181818	54.8393939393939	11	interval	0	0.0239919437148728	-3.73003718353381	-0.00160785899249975	5.24666022526752	1.65759172660772	0.200184083280968	2.01435659940457	0.700299838903369	-0.103134358227057	69.8507604562738	4.24636097263403	0.245290812215859	0.0136750670404612	-4.29218102827578	0.112427045290353
LV3003047069	ST8	ST8	33743.6870748299		249.5	233.37	6.20212176047846	mgca_jonkers_2013	4.5874368707483	66820935	59	22512581	61.8	8.82643927310517	33.7436870748299	-0.0708622186865922	-0.262159500642026	-0.54804900083694	-0.419544078431997	0.475917066080254	0.43929811812495	-0.014542380459288	11.2909090909091	529.551515151515	1954.42727272727	89.5757575757576	38.6636363636364	195.133333333333	7.68787878787879	10922.4151515152	135.39696969697	40.9484848484848	0.878787878787879	44.8787878787879	11	interval	0	0.0213216443874748	-3.84803255379035	-0.346696681569673	3.6907217084783	1.30582202388166	-0.171283573415642	2.31679598714633	0.840185191140395	0.283537316168881	68.8813559322034	4.2323855453526	0.195079878356707	0.0123962482490136	-4.39036141271524	-0.21139453272926
LV3003047070	ST8	ST8	30128		209.5	151.38	3.08426072101253	mgca_jonkers_2013	4.62	68056678	53.6	17883228	56.6	8.25318031257889	30.128	2.09116438559287	-0.227949203679764	-0.623289049621618	-0.327963951205062	0.515335539892732	0.366498196113933	-0.0206660031095026	18.7333333333333	910.327272727273	1600.92121212121	97.5636363636364	83.7363636363636	160.257575757576	12.4575757575758	18802.696969697	197.660606060606	46.2939393939394	1.55454545454545	77.8939393939394	11	interval	0	0.0205786796623259	-3.88349970698391	-0.450423786363027	1.75862160794653	0.564530324903387	-0.954085185419582	1.16512865052654	0.152831510557279	-1.61644859602969	73.0741911943566	4.29147524277809	0.407377422427609	0.0105123539659849	-4.55520414524354	-0.755083927277225
LV3003047071	ST8	ST8	26141		169.5	140.62	4.12720539382505	mgca_jonkers_2013	4.68128	68001919	56.3	20785023	59.2	7.78787645806057	26.141	1.56375059880577	-0.226815279036811	-0.450293417969676	0.22122684609499	1.12239900223822	0.564573541059403	-0.0217352284678881	16.230303030303	824.975757575758	2105.34242424242	94.6030303030303	58.4272727272727	185.821212121212	10.4878787878788	16217.3757575758	183.536363636364	57.1606060606061	1.15454545454545	54.7	11	interval	0	0.01967367268827	-3.92847394879575	-0.581955287297394	2.55200520125477	0.936879403589701	-0.560885774950572	1.61915875732586	0.481906728767512	-0.706817504620255	78.6599248772031	4.36513381197146	0.672018028503607	0.011317266515862	-4.48142570923039	-0.511745609648947
LV3003047073	ST8	ST8	101685		579.2	16.41	3.39144821384191	mgca_jonkers_2013	3.8789	8394072	50.9	674057	55.5	7.56570434574025	101.685	-0.683036716743389	-0.418613255967545	-0.704699673190763	-0.54606837277689	-1.53318077620402	-2.39114990178202	-0.0167984993430038	15.4818181818182	486.093939393939	2548.91515151515	132.927272727273	80.9242424242424	164.736363636364	10.7212121212121	11007.7	128.133333333333	41.4272727272727	0.772727272727273	78.9090909090909	11	interval	0	0.0318494367593245	-3.44673558128597	0.826934957063629	5.24366782826614	1.65702122069651	0.199581630902815	1.6426137427448	0.4962887187475	-0.667062747901448	45.3394573205201	3.81417767589704	-1.30745791528304	0.0116403366128558	-4.45327891846675	-0.418910994534057
LV3003047074	ST8	ST8	100672		574.2	71.25	3.47082983380169	mgca_jonkers_2013	3.88392	3239870	51.6	919900	52.8	7.39278548113664	100.672	-0.683036716743389	-0.361256091577928	-0.697332078943483	-0.547521971839716	-1.52106648001143	-2.33279721794076	-0.0187293312820113	15.7151515151515	469.384848484849	2381.38181818182	145.406060606061	84.7515151515152	156.475757575758	11.1151515151515	11337.7121212121	124.490909090909	47.2909090909091	1.02424242424242	86.1212121212121	11	interval	0	0.0334803127239391	-3.39679769278504	0.972983120710303	5.07341007249979	1.62401318963654	0.164725257954841	1.71567505720824	0.539806622533528	-0.546770376655655	42.229280261723	3.74311382550729	-1.5627762121653	0.0109802496094423	-4.51165711005875	-0.611455750099847
LV3003047077	ST8	ST8	99714.5		569.2	39.39	4.68601827600819	mgca_jonkers_2013	3.801435	34817460	60	3990510	64.6	7.22934045363618	99.7145	-0.683036716743389	-0.356347097463775	-0.698978815710218	-0.536971986213067	-1.14556972942047	-1.62088579876364	-0.0127429956886057	18.5333333333333	536.890909090909	2243.44545454545	117.606060606061	83.4909090909091	144.515151515152	11.1787878787879	14925.8787878788	143.906060606061	43.0181818181818	0.8	80.0848484848485	11	interval	0	0.0345197376590245	-3.36622401247642	1.0623987928389	4.17858715161367	1.42997318739481	-0.0401803504007196	1.40860917537747	0.342602817135495	-1.09188195846947	48.0276497695853	3.8717768819287	-1.10051541068865	0.00964137942235775	-4.64169108699102	-1.04033783124852
LV3003047078	ST8	ST8	98757		564.2	23.95	5.90120671821468	mgca_jonkers_2013	3.80916	28784307	48.2	1579128	51.4	7.06589542613573	98.757	-0.683036716743389	-0.410020145565378	-0.6976133041775	-0.54675531653838	-1.41872396352348	-2.16007846776522	-0.0164510120737782	23.7818181818182	549.227272727273	1977.11212121212	117.342424242424	75.9515151515152	143.30303030303	10.0515151515152	13866.9848484849	133.6	52.2848484848485	1.29090909090909	78.7727272727273	11	interval	0	0.0433005048415129	-3.13959098488432	1.72520890546302	3.59980689122459	1.28088020269681	-0.197622055091242	1.5449648898819	0.43500118509596	-0.836474004174254	54.6412420862225	4.00078894718247	-0.637000689811554	0.00963439431568987	-4.64241584201965	-1.04272824068098
LV3003047079	ST8	ST8	97520		559.2	59.02	7.11639516042118	mgca_jonkers_2013	3.8664	51410020	73	14691354	78.1	6.85473981358423	97.52	-0.664986570667555	-0.241719060303084	0.534314269854021	-0.483397023242573	-0.930926789446785	-0.476980721270158	-0.00807334977411869	35.3121212121212	681.521212121212	1468.86666666667	110.978787878788	64.2848484848485	151.787878787879	10.6515151515152	14793.5454545455	162.324242424242	53.030303030303	1.39090909090909	74.0969696969697	11	interval	0	0.0518136788467866	-2.96010109417587	2.2501443746634	2.15527652044001	0.767919031073376	-0.73930737626199	1.72635995097577	0.546015117254376	-0.529608829640204	63.9834992887624	4.15862522650436	-0.0699262940155884	0.0109726395827828	-4.51235041533604	-0.613742430990562
LV3003047080	ST8	ST8	87993.5		524.2	86.42	6.61150408888914	mgca_jonkers_2013	4.110455	48772380	63.9	19379963	67.4	8.44662940914954	87.9935	-0.683036716743389	-0.272103799697391	-0.0623683945843268	-0.480102943764412	-0.330989470969229	0.583028447981	-0.000354367793026237	10.1666666666667	555.436363636364	8527.08787878788	64.3606060606061	25.3	438.118181818182	8.76060606060606	10787.296969697	175.733333333333	42.9212121212121	0	49.1848484848485	11	interval	0	0.0183039270243434	-4.00063965066205	-0.793010831539125	15.3520518947702	2.73124913902604	1.33396280269661	2.54389747275123	0.933697343074246	0.542023996771162	63.4015911449326	4.14948895805148	-0.102751091552662	0.0162907662435727	-4.11715681980882	0.689697298416656
LV3003047081	ST8	ST8	52207.18		369.5	90.06	4.12845200327281	mgca_jonkers_2013	4.3369334	57423869	57.2	15919889	58.8	7.53394237030326	52.20718	0.0177961077356652	-0.269132748366948	-0.240368603294929	-0.169757223821713	0.624888002647005	0.489394628136212	-0.0219022491242577	14.0787878787879	354.681818181818	2254.43636363636	310.50303030303	68.2363636363636	170.924242424242	7.48484848484849	9297.69393939394	135.039393939394	43.6333333333333	0.339393939393939	59.2606060606061	11	interval	0	0.0396941347345038	-3.22655184188862	1.47088350533358	6.35622196591055	1.84943417032879	0.402769077019077	4.55040412114753	1.51521604685341	2.14946042443831	47.3866396761134	3.85834032559695	-1.1487902882779	0.0145239663533382	-4.23195514205775	0.311065924370894
LV3003047082	ST8	ST8	41916.8333333333		329.5	61.65	4.50286699183103	mgca_jonkers_2013	4.50083166666667	37053519	59.3	19269518	60.4	8.48140374041344	41.9168333333333	-0.492454378029824	-0.358818667787825	-0.524686390355508	-0.483092341936629	-0.222327227354378	0.27914638208456	-0.0187935134420922	16.3545454545455	717.009090909091	2160.29090909091	101.560606060606	70.5757575757576	212.430303030303	10.1060606060606	15789.6151515152	237.454545454545	69.8939393939394	0.842424242424242	57.1333333333333	11	interval	0	0.0228093976239683	-3.7805826514533	-0.149432947155084	3.01291983111663	1.10290965213292	-0.385558374980788	1.43902962644912	0.363969015913671	-1.03282142264557	70.9484257871065	4.26195321572222	0.301310644071552	0.015038653138532	-4.19713151642977	0.425922282569116
LV3003047083	ST8	ST8	37303.19		289.5	129.5	4.36334977083705	mgca_jonkers_2013	4.4448405	66017005	60.6	17923283	63	9.1756505076159	37.30319	0.0402914126303067	-0.376525853747646	-0.558806289672847	-0.354784789552713	0.273781470271936	0.483275227271033	-0.0189582417001175	13.5393939393939	571.833333333333	1849.63333333333	83.9424242424243	56.1242424242424	190.439393939394	8.56969696969697	13002.8393939394	165.718181818182	50.6454545454546	0.281818181818182	47.930303030303	11	interval	0	0.0236771680665589	-3.74324406790183	-0.0402326640722542	3.23456718157971	1.17389512659992	-0.310597945883548	1.49565358241996	0.402563290184032	-0.92613896865332	66.727369165488	4.20061520107446	0.080935342872481	0.0127447687999148	-4.36263438177252	-0.119944382427513
LV3003047084	ST8	ST8	33276		244.5	4.13	6.53096294335688	mgca_jonkers_2013	4.58276	390411795	56.1	31074859	58.4	8.75228855131429	33.276	0.370489810174518	-0.278828998566475	0.807285447799709	-0.0330885402847864	0.888150833011224	0.832548274301119	-0.0130061097399245	12.1181818181818	561.045454545455	1790.88181818182	91.3090909090909	46.1787878787879	189.187878787879	8.13333333333333	11915.1818181818	138.954545454545	37.2545454545455	1.24848484848485	52.5484848484849	11	interval	0	0.0215992870452888	-3.83509497199932	-0.308859477808589	3.19204407356396	1.16066148699975	-0.324572626061367	1.97729509810355	0.681729798655725	-0.154465740972478	68.980998509687	4.23383108275457	0.200273407071038	0.0116619744100346	-4.45142178048791	-0.412785724661236
LV3003047085	ST8	ST8	29703		204.5	130.79	3.1118182170815	mgca_jonkers_2013	4.65267	72934268	58.5	23719130	60.7	8.18579752939511	29.703	3.18772903946605	-0.0507299405551476	-0.405915478783647	0.189527177667443	0.887531009203513	0.439827908077792	-0.0181883317739008	17.2939393939394	867.736363636364	1525.55757575758	99.3	83.3545454545455	148.939393939394	12.1181818181818	18201.9878787879	190.912121212121	50.0121212121212	1.56969696969697	74.0454545454546	11	interval	0	0.0199299466043659	-3.91553182391978	-0.544104796846935	1.75808879250436	0.564227305669174	-0.954405172740817	1.19129676082452	0.175042428793642	-1.55505308315445	71.6061515378845	4.27118098560967	0.334464188085338	0.0104885313891789	-4.55747286740655	-0.762566696825423
LV3003047087	ST8	ST8	94901.5		549.2	1.28	8.04490368367125	mgca_jonkers_2013	3.776895	97312152	62.8	5067910	70.1	6.61928230068734	94.9015	-0.683036716743389	-0.402311786250614	-0.617669206560662	-0.539887107568841	-1.12689763126186	-1.35450343821606	-0.0126783425316996	35.069696969697	690.581818181818	1130.62424242424	103.787878787879	67.4212121212121	128.878787878788	10.7121212121212	16589.6454545455	163.063636363636	74.1030303030303	1.53030303030303	68.9545454545455	11	interval	0	0.0507828269531181	-2.98019703365417	2.19137186453802	1.63720534288172	0.492990729057194	-1.0296307648827	1.53939502899007	0.431389500926213	-0.846457436627845	64.4673267326733	4.16615853317157	-0.0428606197295098	0.00982924178882666	-4.6223934801655	-0.976689868064028
LV3003047088	ST8	ST8	93520		544.2	46.2	7.75822376471483	mgca_jonkers_2013	3.8688	27343593	58.7	3769785	62.9	6.98472526975806	93.52	-0.683036716743389	-0.39415895882863	-0.512852633988686	-0.540130998183236	-1.44191103155325	-1.54474819116161	-0.0160976164379562	39.930303030303	636.624242424242	1220.23939393939	91.4060606060606	49.8636363636364	132.124242424242	9.2	14873.0818181818	151.348484848485	74.3	1.26666666666667	57.5969696969697	11	interval	0	0.0627219329227079	-2.76904408513189	2.80890899528164	1.91673409936883	0.650622747801657	-0.863171868139786	1.83312063202674	0.606019777945097	-0.36374369615913	69.1982872200264	4.23697611116162	0.211572869345197	0.0101760002868717	-4.58772324419336	-0.862339424368905
LV3003047089	ST8	ST8	92138.5		539.2	1.23	7.4715438457584	mgca_jonkers_2013	3.96892	470599457	65.4	14420088	86.5	7.35016823882878	92.1385	-0.683036716743389	-0.373739163870798	0.0456642091617429	-0.511969291504134	-1.38906749892399	-1.21266587156737	-0.0113836960442065	16.2272727272727	363.730303030303	7950.17878787879	79.8484848484848	24.1848484848485	430.284848484849	7.93636363636364	7355.95757575758	264.060606060606	46.6909090909091	0	41.8909090909091	11	interval	0	0.0446134748523298	-3.10971933885336	1.81257141074484	21.857345185827	3.08453702916218	1.7070336603377	3.30159127928831	1.1944045580935	1.26267196846004	45.8308514700267	3.8249574772275	-1.26872823062161	0.0358975161753038	-3.3270871731989	3.2955294223311
LV3003047090	ST8	ST8	90757		534.2	58.67	7.18486392680198	mgca_jonkers_2013	4.03729	54585489	70.8	9274012	80.3	7.7156112078995	90.757	-0.594769897312729	-0.374897852706745	-0.629876153710284	-0.534589007004091	-1.39094663883781	-1.18644177321652	-0.000402993879719731	2.92424242424242	182.227272727273	16440.8363636364	56.7454545454546	9.87272727272727	576.966666666667	7.92121212121212	3786.68181818182	189.490909090909	34.7939393939394	0	39.9878787878788	11	interval	0	0.0160472270724204	-4.13221921240573	-1.17782793019841	90.2216013968571	4.50226888173247	3.20415386431543	5.74769797421731	1.74879942233684	2.79513256569434	23.0049732211171	3.13571041956055	-3.74505598276981	0.0500414130865353	-2.99490435464275	4.39114505991481
LV3003047091	ST8	ST8	89375.25		529.2	64.75	6.89818400784556	mgca_jonkers_2013	4.072495	58200278	56.8	10983574	61.4	8.08112030852452	89.37525	-0.683036716743389	-0.339245953577708	-0.0377307973936032	-0.478075938963643	-0.997062358684367	0.00130407477080222	0.0165710682365258	6.4	341.190909090909	10417.0787878788	61.739393939394	19.2030303030303	482.860606060606	8.43636363636364	7020.19393939394	148.20303030303	40.4	0	40.0818181818182	11	interval	0	0.0187578268631265	-3.97614418096643	-0.721371471644259	30.5315250504028	3.41875975801813	2.05997176996094	3.21508600284046	1.16785410782649	1.18928110303681	40.4428879310345	3.69989080433827	-1.71806794052586	0.0211109595521837	-3.85796296329073	1.54457848583376
LV3003047093	ST8	ST8	79675		494.2	113.42	4.8914245751506	mgca_jonkers_2013	3.94875	32053168	64.3	15287314	67.4	8.33291896762292	79.675	-0.657462384529745	-0.334312685823136	0.589004738765547	-0.464813536645155	-0.540940653218722	0.415235990086341	-0.0103988832017375	16.2757575757576	576.536363636364	7166.04848484849	71.7212121212121	31.3030303030303	433.512121212121	9.36363636363636	11314.4272727273	159.339393939394	42.4090909090909	0	53.3121212121212	11	interval	0	0.0282302359440126	-3.56736167883411	0.474152319198541	12.4294822266723	2.52007124952005	1.1109596413868	2.29119070667957	0.829071641682901	0.252817196381572	61.5718446601942	4.12020469884778	-0.207963617250923	0.0140828510448312	-4.26279745977088	0.209340838971533
LV3003047094	ST8	ST8	50684.8		364.5	129.24	4.00225282026463	mgca_jonkers_2013	4.333152	80270443	61.2	21674703	64.2	8.71916462667657	50.6848	-0.437579549644619	-0.362499552009756	-0.213144981696332	-0.462006302366607	-0.019151136887951	0.52386779467731	-0.0189778587828839	13.5727272727273	351.266666666667	5564.68484848485	205	48.7454545454546	335.424242424242	7.74242424242424	8520.56363636364	159.442424242424	42.6242424242424	0	59.8393939393939	11	interval	0	0.0386393830121293	-3.2534832373603	1.39212004594125	15.8417674563053	2.76264996199895	1.36712196915608	4.20552032823573	1.43639802613492	1.93159132266022	45.3690802348337	3.8148308209298	-1.30511129493434	0.0187126616321441	-3.97855489161736	1.14683846118315
LV3003047095	ST8	ST8	40975.1666666667		324.5	76.96	3.86132680136238	mgca_jonkers_2013	4.51099333333333	55822169	58.7	15927657	60.6	8.62310282547109	40.9751666666667	-0.507893173842097	-0.36836521968368	-0.446787353594235	-0.41204956398702	0.0292992459786018	0.428021691781471	-0.0183216844454355	17.5636363636364	569.366666666667	1969.2696969697	106.754545454545	57.7151515151515	206.966666666667	8.6969696969697	13990.5484848485	149.657575757576	51.9333333333333	0.639393939393939	49.4212121212121	11	interval	0	0.030847672320654	-3.47869398299586	0.733469533856453	3.45870211984608	1.24089340882725	-0.239847978763536	1.84967972277644	0.6150125012792	-0.338885972792321	65.4672473867596	4.18154997768276	0.0124377827297319	0.0106970485052571	-4.53778741619548	-0.697639533302973
LV3003047096	ST8	ST8	36893.77		284.5	135.25	4.49707424220948	mgca_jonkers_2013	4.4589377	56084885	55.6	20029588	57.5	9.23725876185055	36.89377	2.24496867926559	-0.207181727094654	-0.480049991218253	-0.0427172373630769	0.900284421217287	0.563098200812873	-0.0183216844454355	16.3939393939394	673.760606060606	1723.07878787879	117.251515151515	70.5	198.966666666667	9.46060606060606	15214.3757575758	179.733333333333	51.9939393939394	1.04545454545455	57.230303030303	11	interval	0	0.0243319945489136	-3.71596314655323	0.0395530174044137	2.55740506699169	0.938993098698862	-0.558653719821644	1.66314205888674	0.508708619825654	-0.632731605512898	71.2174887892377	4.26573841731838	0.314910121437143	0.0118133886133211	-4.43852176246712	-0.370238486576716
LV3003047097	ST8	ST8	32835		239.5	93.56	4.62794382549722	mgca_jonkers_2013	4.5833	84081411	56.6	17377814	59.5	8.6823690045283	32.835	1.74185987559822	-0.298150713429619	-0.35127848439179	-0.368265497673728	0.655977142324977	0.556389931778143	-0.013917162621753	13.2333333333333	564.2	2406.93333333333	101.9	41.1666666666667	214.8	6.93333333333333	11967.7333333333	171.066666666667	38.2	0	54.2333333333333	1	fallback_nearest	0.900000000000006	0.0234550395840718	-3.75266989954286	-0.0677994163587423	4.26609949190594	1.45069994183673	-0.0182929654332277	2.4753036437247	0.906363072828757	0.466466492892519	81.375	4.39906810052873	0.793937185892852	0.0142939905078099	-4.24791607425272	0.258423084565916
LV3003047098	ST8	ST8	29278		199.5	110.66	3.13937571315047	mgca_jonkers_2013	4.69942	78560973	57.5	14314578	59.5	8.11841474621133	29.278	1.98971609963728	-0.261991368634415	-0.679786876433889	-0.317799049942855	-0.0644423264167638	0.122042041424432	-0.0187070552115348	14.830303030303	707.50303030303	1608.62424242424	103.248484848485	80.6575757575758	154.272727272727	10.7818181818182	15337.3121212121	164.054545454545	53.0454545454546	1.86363636363636	68.4848484848485	11	interval	0	0.020961469273073	-3.86506932307995	-0.396522353898063	2.27366410252017	0.82139267224552	-0.682839385905469	1.28008415674193	0.246925823224891	-1.35635270429779	65.620011242271	4.18388069885679	0.0208116008861625	0.0106964339095409	-4.53784487254639	-0.697829037615119
LV3003047099	ST8	ST8	25058		159.5	89.55	4.2375054250314	mgca_jonkers_2013	4.8113	28885458	59.3	17167551	60.8	7.73314724352832	25.058	-0.0785666400628426	-0.145343091222118	-0.0707299665150327	0.496697877274185	0.924270847860308	0.728658840882599	-0.0229862484379784	13.6212121212121	850.648484848485	1989.85454545455	84.9787878787879	46.5	179.069696969697	9.87878787878788	16640.3	188.236363636364	56.0393939393939	1.12424242424242	51.0272727272727	11	interval	0	0.0160127389442636	-4.13437068951224	-1.18412013217102	2.3392207014969	0.849817840353288	-0.65282250126085	1.82750081459759	0.602949358385932	-0.372230962717454	86.1085889570552	4.45560916205721	0.997077987498625	0.0113120775248261	-4.48188431652519	-0.513258202400968
LV3003047100	ST8	ST8	86611.75		519.2	84.21	6.32482416993271	mgca_jonkers_2013	4.13341	95184735	62.5	20731269	66.1	8.5396208419164	86.61175	-0.663902339220671	-0.288445154140528	0.260749556259914	-0.454851839826862	-0.534067836952408	0.477700296368218	-0.0120201845870304	15.6757575757576	702.669696969697	4161.22121212121	75.9212121212121	39.1878787878788	290.190909090909	10.2363636363636	14319.4939393939	180.012121212121	48.6575757575758	0.0666666666666667	53.7606060606061	11	interval	0	0.0223088566980477	-3.80277151801633	-0.214326424076325	5.92201603408645	1.77867693722157	0.328049670052006	1.9373646767708	0.661328635558814	-0.210858721139126	68.6444641799882	4.22894049065209	0.182702481213507	0.0125711231118926	-4.37635291177208	-0.165191262014809
LV3003047101	ST8	ST8	85230		514.2	13.39	6.03814425097629	mgca_jonkers_2013	3.9753	127819917	64.4	11082300	71.1	8.34374151531365	85.23	-0.683036716743389	-0.415786923593594	-0.396718217876974	-0.483286134486341	-0.791134720723847	0.119188145656954	-0.011319669695282	11.7363636363636	626.621212121212	7228.34848484849	63.6515151515152	25.7545454545455	379.178787878788	8.96363636363636	12523.8454545455	187.906060606061	45.030303030303	0	43.5575757575758	11	interval	0	0.0187295983751239	-3.97765020562182	-0.725775985770295	11.5354353555625	2.44542363305156	1.03213200230178	2.47146723143899	0.904811995104856	0.462178997375457	69.9070317782286	4.24716624186583	0.248183984590674	0.015003862933957	-4.19944758210434	0.418283363188029
LV3003047104	ST8	ST8	83841.25		509.2	1	5.75146433201987	mgca_jonkers_2013	3.8215875	113383177	60.2	4784193	65.9	8.14686985631632	83.84125	-0.683036716743389	-0.411311874819456	-0.645439690581982	-0.530988956083492	-1.35765039231532	-1.27567919916785	-0.015034375465479	10.0090909090909	358.721212121212	13639.7818181818	55.7242424242424	17.8181818181818	542.151515151515	8.54545454545455	7131.1	111.781818181818	32.2757575757576	0	45.3909090909091	11	interval	0	0.0279021439794556	-3.57905174796547	0.439963586338792	38.0233489330788	3.63820041663931	2.2917003884584	3.12738095238095	1.14019589784818	1.11282816359689	41.9780141843972	3.73714600942411	-1.58421738978386	0.0156752560168583	-4.15567185978261	0.562665803347588
LV3003047105	ST8	ST8	82452.5		504.2	68.23	5.46478441306344	mgca_jonkers_2013	3.813575	16496033	62.3	4172799	66.1	7.94999819731899	82.4525	-0.683036716743389	-0.388343111190463	-0.691972237509023	-0.54675531653838	-1.40614775992573	-1.3972016945794	-0.0151182367521715	14.3333333333333	520.966666666667	7777.92424242424	68.5969696969697	31.9969696969697	456.163636363636	8.88181818181818	9981.50303030303	142.581818181818	37.8666666666667	0	57.4424242424243	11	interval	0	0.0275129566830891	-3.59309823315459	0.398883287809118	14.9297925185698	2.70335871450677	1.30451060553421	2.14385831991666	0.762607158896612	0.0690957957070553	58.655407710679	4.07167977392967	-0.382304032504002	0.0142846040069268	-4.2485729645848	0.256256508572796
LV3003047106	ST8	ST8	81063.75		499.2	62.43	5.17810449410702	mgca_jonkers_2013	3.818725	64245615	57.3	11079779	60.7	7.9892783476803	81.06375	-0.661541762695823	-0.330308108572502	-0.516946131691366	-0.542772494766333	-1.13084309862143	-0.220884514614768	-0.00115543026676358	15.069696969697	485.284848484849	6923.33939393939	69.5424242424243	29.0909090909091	408.972727272727	9.0030303030303	9839.65757575758	130.942424242424	40.7484848484849	0	50.0909090909091	11	interval	0	0.0310533020281746	-3.47205013074406	0.752900119530828	14.2665476071536	2.65791746859184	1.25652479832404	2.39052083333333	0.871511264098684	0.37012897776406	53.902389767755	3.98717481399619	-0.68591356576162	0.0133076200298914	-4.31941847324048	0.0225916625909708
LV3003047107	ST8	ST8	71517		464.2	80.3	5.65361689993088	mgca_jonkers_2013	4.21483	51573373	66.1	14724119	69.8	10.3113102251429	71.517	-0.577236975729148	-0.35687277005529	-0.247864219289675	-0.498233240293912	-0.0524949601675611	0.517967720282876	-0.00973944350804693	9.4969696969697	479.475757575758	8992.76666666667	65.8909090909091	23.2575757575758	464.409090909091	8.13030303030303	9291.47575757576	158.378787878788	35.6515151515152	0	41.9090909090909	11	interval	0	0.0198069861654458	-3.92172056687518	-0.56220437155963	18.7554146890227	2.93148249414106	1.54540857145004	2.83309446254072	1.04136956393553	0.83965199899269	58.9739098024599	4.07709513936552	-0.362847700311298	0.0170456009369292	-4.07186311810708	0.839086385077345
LV3003047110	ST8	ST8	49154.8		359.5	66.07	3.87605363725645	mgca_jonkers_2013	4.441424	47425083	62.5	15940375	65.4	8.86409767812845	49.1548	-0.468063171854783	-0.383007091182745	-0.651172730835047	-0.480774624086743	-0.341519152123911	0.133404188892358	-0.0183216844454355	16.5969696969697	513.387878787879	2000.53636363636	150.972727272727	58.030303030303	216.260606060606	8.15151515151515	11631.1272727273	153.478787878788	49.869696969697	0.354545454545455	51.7515151515152	11	interval	0	0.0323283240269629	-3.43181152815044	0.870581787557248	3.89673470351438	1.36013894693231	-0.113925080150778	2.60161879895561	0.956133866266071	0.604043127805739	62.9806691449814	4.14282784033828	-0.126683164196368	0.0131955213179264	-4.32787780105956	-0.00530915383992141
LV3003047112	ST8	ST8	40033.5		319.5	82.07	3.21978661089373	mgca_jonkers_2013	4.54866	36464277	69.6	15715775	72.5	8.76480191052874	40.0335	-0.267636325364706	-0.350956987192998	-0.369111485978832	-0.293557728269804	0.682485182755051	0.601685000131615	-0.0192441404186931	17.0121212121212	635.621212121212	1988.35757575758	96.3424242424242	54.0484848484849	203.590909090909	8.49090909090909	13974.8666666667	179.284848484849	60.7939393939394	0.709090909090909	47.0757575757576	11	interval	0	0.0267645586517604	-3.62067670502577	0.318227391176782	3.12821148482754	1.14046143063658	-0.345903819578648	1.78251850190626	0.578027253003501	-0.441120750415654	74.8590292648109	4.31560673505065	0.494077080192641	0.0128290918805318	-4.3560398838003	-0.0981942054262486
LV3003047113	ST8	ST8	36489.27		279.5	109.94	4.62053611323564	mgca_jonkers_2013	4.4548927	73296885	60.2	24562830	62.8	9.26174520006947	36.48927	2.09877742411755	-0.105926804037539	-0.344345730184862	0.199881841719838	1.15854992885524	0.796968067678609	-0.021931606686814	20.4666666666667	725.451515151515	1543.95151515152	112.066666666667	79.2727272727273	166.124242424242	10.6181818181818	16355.2272727273	197.687878787879	48.6636363636364	1.31515151515152	69.9818181818182	11	interval	0	0.0282123150054929	-3.56799669404233	0.47229515607386	2.12826285824085	0.755306087460405	-0.752626603505405	1.41368501529052	0.346199781195797	-1.08193921540384	68.3216324200913	4.22422644293156	0.165765844247921	0.0120871373715196	-4.41561341894067	-0.294681480022911
LV3003047114	ST8	ST8	32385.5		234.5	41.03	4.80182032251746	mgca_jonkers_2013	4.59229	21045484	64.8	12594552	66.9	8.61110180207863	32.3855	0.338034360763022	-0.389286942863846	-0.386043650557752	-0.462219527234405	0.170331708176899	0.311002867017327	-0.0190196884341579	15.7272727272727	548.372727272727	2563.36060606061	97.1484848484848	53.1818181818182	229.281818181818	8.96060606060606	11285.2121212121	167.445454545455	45.1363636363636	0.303030303030303	63.2424242424242	11	interval	0	0.0286798958903201	-3.55155889330193	0.520369087202939	4.67448594464062	1.54211919832914	0.0782454707169374	1.82672364672365	0.602524005267159	-0.373406725583366	61.1981738248225	4.11411734960939	-0.22983425374964	0.0148375992180703	-4.2105908320884	0.381530351731548
LV3003047117	ST8	ST8	28761.6666666667		194.5	158.61	3.46907846222062	mgca_jonkers_2013	4.73476666666667	120673383	62.4	16047191	66.1	8.03655127079825	28.7616666666667	0.958961849239564	-0.302484187788428	-0.461471549508483	-0.302311725059572	0.541417690289931	0.507819339570652	-0.0178461580843838	16.0212121212121	827.29696969697	2428.48484848485	86.6060606060606	56.5181818181818	212.109090909091	11.0121212121212	16373.6090909091	183.490909090909	55.6848484848485	0.309090909090909	59.239393939394	11	interval	0	0.0193657328722968	-3.9442501215316	-0.628094223616271	2.93544511516146	1.07685909941714	-0.413067673530353	1.53235751434239	0.426807408546411	-0.859123275505191	75.1260319207485	4.31916712881093	0.50686886766433	0.0112065035919776	-4.4912609913541	-0.54418464108837
LV3003047118	ST8	ST8	24528		154.5	236.52	4.86949923256839	mgca_jonkers_2013	4.81528	91417437	63.5	42464543	65.7	7.70636378673969	24.528	-0.319755843821878	0.345302763600009	0.776939934416353	2.62751035135799	1.67414716894417	1.18068937225776	-0.0184801522092707	14.8454545454545	785.893939393939	1569.29696969697	107.284848484849	59.4393939393939	176.118181818182	10.5272727272727	16847.1727272727	185.048484848485	59.5757575757576	1.45151515151515	63.5212121212121	11	interval	0	0.0188898956987796	-3.96912811898848	-0.700852322784145	1.99683047677804	0.69156116188601	-0.819941036630023	1.80494519500382	0.590530228445115	-0.406559973524959	74.6531375935521	4.31285255382601	0.484181854199065	0.0109839489298357	-4.5113202600324	-0.610344740933286
LV3003047122	ST8	ST8	76951		484.2	31.46	5.14548868341069	mgca_jonkers_2013	4.07902	24623727	58.2	2750192	61.2	8.14654944891421	76.951	-0.683036716743389	-0.396400166145159	-0.684987472791305	-0.53436991167037	-1.26079059416036	-1.41787529760755	-0.0161570316721016	13.0333333333333	887.890909090909	2146.17878787879	81.7575757575758	32.1848484848485	185.393939393939	8.26969696969697	16721.0666666667	183.557575757576	49.8909090909091	0.560606060606061	43.1515151515152	11	interval	0	0.0146789804917339	-4.22133870699942	-1.43846647382215	2.41716495337948	0.882595346550031	-0.618209561815225	2.54025044722719	0.932262677440207	0.538058288038684	107.366801026017	4.67625101907481	1.78980034697836	0.0109776235820826	-4.51189629782975	-0.612244646597745
LV3003047123	ST8	ST8	75589		479.2	0.85	5.27252073754074	mgca_jonkers_2013	4.01479	138968645	61.2	2680752	68.5	7.91867251010661	75.589	-0.683036716743389	-0.406888572680992	-0.67804988320147	-0.50879611262296	-1.42463043670136	-1.7140492827852	-0.0162832157478602	15.4454545454545	973.424242424242	1979.09090909091	87.7666666666667	43.3727272727273	183.993939393939	9.98787878787879	19513.4151515152	209.193939393939	58.4484848484849	1.31515151515152	53.5727272727273	11	interval	0	0.015867135697164	-4.14350524610415	-1.21083502252827	2.03312268468076	0.709572879446556	-0.800920721738073	2.02354502899462	0.704850938110463	-0.0905541908070462	97.4605582524272	4.57944776541483	1.44200548754453	0.0107205190772409	-4.53559570312735	-0.690410757531322
LV3003047124	ST8	ST8	74227		474.2	25.72	5.39955279167078	mgca_jonkers_2013	4.01184	56910985	56.2	4264279	59.8	8.74840765343023	74.227	-0.683036716743389	-0.323213096726923	-0.634654328254263	-0.482729943464254	-1.29987931852193	-1.34658718345296	-0.0151171175704291	16.1212121212121	1075.75454545455	2289.05151515152	83.3484848484848	42.2939393939394	195.572727272727	9.73030303030303	20596.9878787879	220.345454545455	49.6151515151515	0.509090909090909	54.7272727272727	11	interval	0	0.0149859577069231	-4.20064166921649	-1.37793599382266	2.12785669818788	0.755115228134763	-0.752828150329664	1.97069570824676	0.678386631800914	-0.163706936743599	110.557147306135	4.70553255746266	1.89500309732578	0.0106979455366083	-4.53770356187423	-0.697362962389293
LV3003047125	ST8	ST8	72872		469.2	32.35	5.52658484580083	mgca_jonkers_2013	4.22744	36807425	62	6069589	66	9.79667019017442	72.872	-0.683036716743389	-0.423271865663434	-0.497279287963023	-0.53016144150568	-1.19651441194996	-0.441446098671833	-0.0151028110191217	16.3090909090909	947.663636363636	2203.63939393939	79.0363636363636	37.0030303030303	191.59696969697	9.41515151515151	18811.0121212121	203.715151515152	46.3333333333333	0.454545454545455	48.2030303030303	11	interval	0	0.0172097886668649	-4.06227694850492	-0.973275044390793	2.32533919144051	0.843865917190203	-0.659107712673589	2.13594300221112	0.758908236383825	0.0588712186615876	100.65304151915	4.61167937039872	1.55780724111032	0.0108295688824438	-4.52547502647684	-0.657030429044078
LV3003047126	ST8	ST8	64210.824		429.5	52.91	4.67067279387671	mgca_jonkers_2013	4.38529888	39791476	69.2	8102851	73.6	7.97137649847746	64.210824	-0.600246791230649	-0.363027791313854	-0.59366795371738	-0.459212827071092	-0.276463103674021	0.142917667897537	-0.0180108787413157	14.8606060606061	651.354545454546	3369.77272727273	99.4090909090909	61.3575757575758	268.466666666667	10.6969696969697	13887.4060606061	162.354545454545	54.3090909090909	0.175757575757576	64.6878787878788	11	interval	0	0.0228149264702462	-3.78034028747686	-0.148724130367752	5.1734846264428	1.64354647046143	0.185352338682342	1.62016001580403	0.482524919554018	-0.705108699068482	60.8915014164306	4.10909361516556	-0.247883533589553	0.0116907754224233	-4.44895517358313	-0.404650285542509
LV3003047127	ST8	ST8	47624.8		354.5	56.2	3.74985445424827	mgca_jonkers_2013	4.423736	50491529	60.3	11382703	63	8.72209745713196	47.6248	-0.63538612093269	-0.313679892016022	-0.690872838338068	-0.524268306411751	-1.00100348583689	-0.500823230189735	-0.0183216844454355	16.6787878787879	608.584848484849	2560.20303030303	124.50303030303	54.7818181818182	233.733333333333	9.02424242424242	13363.3696969697	164.342424242424	50.9909090909091	0.303030303030303	56.0424242424242	11	interval	0	0.0274058546155263	-3.59699861631324	0.387476241677606	4.20681362126742	1.43670550157506	-0.0330710486237257	2.27270715787145	0.8209717014941	0.230427307910594	67.4388851578241	4.21122178268247	0.119042683483043	0.012297977828129	-4.39832043433677	-0.237645223798468
LV3003047128	ST8	ST8	39577.97		314.5	73.06	3.9182935587019	mgca_jonkers_2013	4.55	61094930	57.4	16749573	59.4	8.83334865482924	39.57797	1.25456738000121	-0.254043331897011	-0.403593407063999	0.102607029805489	0.790485643938936	0.465918557808049	-0.0214659976241225	12.430303030303	602.7	1269.46666666667	105.7	52.6484848484849	166.418181818182	8.17575757575758	13016.4818181818	146.475757575758	42.8454545454545	1.03333333333333	43.3575757575758	11	interval	0	0.0206243620877767	-3.8812822763172	-0.443938696852672	2.10629943034124	0.744932583254428	-0.76358099005224	2.00765511684126	0.696967432516852	-0.112345809866818	73.7179392142328	4.30024617818182	0.438889650896282	0.0112530989265591	-4.4871117281253	-0.530499412882771
LV3003047129	ST8	ST8	36037.3		274.5	75.83	5.23689671070721	mgca_jonkers_2013	4.450373	33964594	62.9	16307844	64.1	9.19008638473871	36.0373	1.43482941915639	-0.199400986866981	-0.565272827787802	-0.0240480157581847	0.809051758168329	0.505641397626729	-0.0192558665061768	17.3848484848485	754.954545454545	2172.08484848485	106.09696969697	64.4424242424242	197.463636363636	9.62727272727273	16092.1636363636	199.239393939394	51.6484848484849	0.545454545454545	61.6060606060606	11	interval	0	0.0230276757581231	-3.77105849259934	-0.121578627466043	2.87710678949164	1.05678520223009	-0.434265643369866	1.64638389918179	0.498581306641297	-0.660725566878432	78.4183191690274	4.36205756293169	0.660965676832361	0.0123811439183461	-4.39158061548174	-0.215415744970662
LV3003047130	ST8	ST8	31936		229.5	108.94	4.9756968195377	mgca_jonkers_2013	4.60128	43901456	63.3	16307041	66.4	8.53983459962896	31.936	1.43864684928893	-0.375235055284462	-0.497953691437567	-0.36253002506515	0.461091510978384	0.3229334992556	-0.0191242123945775	13.5090909090909	516.836363636364	1890.01212121212	103.215151515152	66.4727272727273	184.366666666667	8.23636363636364	12041.6181818182	145.330303030303	49.0151515151515	0.884848484848485	57.8333333333333	11	interval	0	0.0261380426370224	-3.6443634535812	0.248953214131508	3.65688688759117	1.29661220830638	-0.181009108570728	1.55274434719183	0.440023911936613	-0.822590161681454	62.7505518763797	4.13916737281592	-0.139834496814484	0.0120690010956949	-4.41711500656049	-0.299634062714051
LV3003047131	ST8	ST8	28245.3333333333		189.5	102.07	3.79878121129077	mgca_jonkers_2013	4.74509333333333	52927950	62	18465157	64.2	7.95468779538517	28.2453333333333	1.00955369999552	-0.262796880284966	-0.205827783313122	-0.292558986653641	0.733733025695722	0.656416629397188	-0.0182023842376852	16.6606060606061	729.606060606061	2002.56060606061	95.3878787878788	66.4212121212121	172.418181818182	10.4181818181818	15187.0878787879	177.887878787879	56.7878787878788	0.906060606060606	61.6818181818182	11	interval	0	0.0228350708144702	-3.77945773121268	-0.146143009588177	2.74471487311542	1.00967719820599	-0.484011541697311	1.43610566175464	0.361935048528194	-1.03844372378026	70.0319953461315	4.24895221399508	0.254600627649256	0.0117130999838579	-4.44704740678656	-0.398358030138474
LV3003047132	ST8	ST8	23987		149.5	252.49	3.97378445744599	mgca_jonkers_2013	4.81065	102185528	63	55519062	64.2	7.67902444688563	23.987	1.38605012423317	0.694301029508155	1.30507267709103	4.31808687641767	2.16152662719946	1.50564101058205	-0.0429662496799226	14.5757575757576	683.412121212121	1954.13636363636	108.833333333333	60.7727272727273	180.787878787879	8.88787878787879	14287.4090909091	177.693939393939	55.4636363636364	0.987878787878788	44.1060606060606	11	interval	0	0.0213279178453926	-3.84773836751342	-0.34583630547438	2.8593820668127	1.05060554093232	-0.440791345508716	1.79082523061581	0.582676536304749	-0.428269182112859	76.8926014319809	4.34240966163577	0.590374670734711	0.0124371002652261	-4.38707131649322	-0.200543035696168
LV3003047133	ST8	ST8	70162		459.2	57.68	5.78064895406092	mgca_jonkers_2013	4.3038	58661945	62.9	13264329	66	9.41847614468938	70.162	-0.383339897065254	-0.394125932886985	-0.319393446186732	-0.499836574545559	-0.272716525732174	0.442105117648033	-0.0162654004824381	9.63939393939394	513.742424242424	6807.21818181818	71.2121212121212	30.9727272727273	396.339393939394	8.06363636363636	10321.9454545455	159.990909090909	39.3454545454545	0.0212121212121212	45.6848484848485	11	interval	0	0.0187630872681157	-3.97586378241296	-0.720551419073889	13.2502551095644	2.58401680579891	1.17848593987979	2.29918794638489	0.832555993803174	0.262448657052652	63.7110108981586	4.15435740318441	-0.0852597353569833	0.0155000731010891	-4.16691053886876	0.525598044677541
LV3003047134	ST8	ST8	68807		454.2	41.22	5.90768100819097	mgca_jonkers_2013	4.46035	108020076	64.7	16261207	70.5	8.5256420642359	68.807	-0.641367856101963	-0.350384856356872	1.0777601782843	-0.443022028915502	-0.672840386344852	0.166198959630219	-0.0087530853453912	7.57272727272727	361.475757575758	11796.0878787879	59.1121212121212	24.8424242424242	649.227272727273	8.33636363636364	7539.65151515152	328.745454545455	53.5333333333333	0	35.3939393939394	11	interval	0	0.02094947479608	-3.86564170232775	-0.398196332125021	32.6331368883449	3.48532824108553	2.1302678705724	2.37948280068309	0.86688315343065	0.357335934942348	43.3613231552163	3.76956787223813	-1.46773207763109	0.0436022081239186	-3.13264748486556	3.93683641114785
LV3003047136	ST8	ST8	67876.6		449.2	70.92	5.65727448707473	mgca_jonkers_2013	4.422468	48960938	67.8	12594447	74.4	8.08372539793979	67.8766	-0.683036716743389	-0.367695611953103	0.564117775673296	-0.453400940239597	-0.114523557309839	0.449098811721978	-0.0155845928997848	7.01212121212121	364.990909090909	10876.1090909091	64.7606060606061	25.4606060606061	622.636363636364	8.34242424242424	8007.67575757576	321.275757575758	51.1575757575758	0	31.930303030303	11	interval	0	0.0192117694919757	-3.95223219337897	-0.651438561360614	29.7983013275549	3.39445138945561	2.03430221218476	2.54356105689122	0.933565090060864	0.541658422439678	43.7511805303306	3.77851859598999	-1.43557390534442	0.0401209748374003	-3.21585601814271	3.66239545530583
LV3003047137	ST8	ST8	66946.2		444.2	44.94	5.40686796595848	mgca_jonkers_2013	4.446994	57575945	58.1	8645599	61.2	8.05521044883768	66.9462	-0.448961315441806	-0.24436562627745	-0.613120165747976	-0.423415361039689	-0.424361137901936	-0.270463317945028	-0.0155597424446258	12.6515151515152	792.69696969697	4421.12727272727	81.8454545454546	45.2272727272727	293.236363636364	11.3272727272727	16597.7454545455	222.393939393939	46.369696969697	0.106060606060606	56.5818181818182	11	interval	0	0.015960090217516	-4.13766403424989	-1.19375183598605	5.57732329217478	1.71870896455906	0.264723686861414	1.80964824120603	0.593132484515784	-0.399366806435186	69.9812734082397	4.24822768351933	0.251997533585366	0.0133990450692829	-4.31257183805099	0.0451734463540368
LV3003047138	ST8	ST8	66015.8		439.2	67.91	5.15646144484223	mgca_jonkers_2013	4.567946	43852530	62.5	11180916	66.1	8.02669549973556	66.0158	-0.60969446041637	-0.319563136690843	0.036819587704647	-0.464491065197897	-0.525912191785887	0.351847235707413	-0.0152034274427759	10.9212121212121	702.245454545455	5349.74545454546	73.369696969697	27.4636363636364	376.99696969697	7.99393939393939	14327.0484848485	198.7	44.2909090909091	0	37.6484848484849	11	interval	0	0.0155518445160761	-4.16357602899432	-1.26953395978922	7.61805636464847	2.0305212669065	0.59399645931612	2.67152157122366	0.982648186956796	0.67733412370345	87.8472327520849	4.47559931444529	1.06889863377869	0.0138688718901269	-4.27810838248905	0.158841880510116
LV3003047139	ST8	ST8	58614.1266666667		399.5	44.97	4.88564710132187	mgca_jonkers_2013	4.4531524	15155861	77.9	8529497	83.7	8.62798528680874	58.6141266666667	-0.655086450717758	-0.351738432005763	-0.67539496274646	-0.329842450679223	0.0532708404695472	-0.113123781146331	-0.019384059635237	13.9848484848485	800.675757575758	1587.10303030303	80.0030303030303	48.1272727272727	150.751515151515	9.52121212121212	17535.6393939394	190.909090909091	59.3454545454546	1.13333333333333	51.7666666666667	11	interval	0	0.0174663068695761	-4.04748157560549	-0.930004551638784	1.98220442580699	0.684209571763172	-0.827704291778949	1.66232212567687	0.508215495749747	-0.634094701141331	84.0938892425207	4.43193390372687	0.912017487652396	0.0108869192973409	-4.52019327486514	-0.639609992656781
LV3003047140	ST8	ST8	46094.8		349.5	83.7	3.6236552712401	mgca_jonkers_2013	4.361896	2441785	64.6	2055101	65.5	8.58009723613548	46.0948	-0.633584353800336	-0.433019748857837	-0.703494374111011	-0.544158557531181	-1.18799527226972	-1.4479860721687	-0.0183216844454355	14.8727272727273	634.590909090909	2850.32121212121	97.8545454545455	48.7878787878788	242.190909090909	8.15757575757576	13516.4727272727	184.306060606061	59.6818181818182	0.257575757575758	46.7636363636364	11	interval	0	0.0234367165675811	-3.75345140226006	-0.0700849963093058	4.49158847265	1.50220641928896	0.0360977064626312	2.00571428571429	0.696000249542352	-0.115019301080992	77.7916047548291	4.35403351732624	0.632136875031532	0.0136356625226772	-4.29506667400972	0.10290951935576
LV3003047141	ST8	ST8	39153.47		309.5	61.93	4.70233543022987	mgca_jonkers_2013	4.55	956051	61.3	849760	61.8	8.89722610078355	39.15347	-0.683036716743389	-0.413217868267814	-0.705746334326861	-0.54675531653838	-1.50406059915614	-2.12334472392408	-0.0183216844454355	14.3727272727273	573.342424242424	3415.69090909091	92.4636363636364	42.0181818181818	301.663636363636	7.87272727272727	11828.7272727273	173.872727272727	56.330303030303	0.178787878787879	46.3575757575758	11	interval	0	0.0250683128703033	-3.68615066583341	0.126742488036516	5.95750595920783	1.78465193027693	0.334359243195605	2.20056252704457	0.78871302179127	0.141257730860382	72.8264049268668	4.28807859448045	0.395173939873453	0.0146991914906699	-4.21996278734474	0.35061947928423
LV3003047142	ST8	ST8	35582.3		269.5	78.67	5.88471892901571	mgca_jonkers_2013	4.487593	67334598	64.9	15239544	67.1	9.11794716980078	35.5823	0.292478353389274	-0.240290006827009	-0.629045305989391	-0.242560038182594	0.34956131013176	0.0680282556652596	-0.0198410348593714	18.0727272727273	777.642424242424	1610.31818181818	111.136363636364	88.1242424242424	171.224242424242	10.8121212121212	17483.6090909091	204.451515151515	61.2424242424243	1.41818181818182	71.4878787878788	11	interval	0	0.023240408071015	-3.76186278815883	-0.0946849043373728	2.0707694585811	0.727920257328147	-0.781545950643845	1.26113269832537	0.232010284059516	-1.39758229990135	71.9232062780269	4.27559897034355	0.350337129555864	0.0116938964997692	-4.44868823998022	-0.403769876884377
LV3003047143	ST8	ST8	31398		224.5	133.26	4.12848396036092	mgca_jonkers_2013	4.61204	135126726	57.5	24111588	60.5	8.45453592350455	31.398	2.27258918052368	-0.26583427079298	-0.225039810232241	-0.407960259954166	0.73936316626787	0.580170724775477	-0.0171548279230478	15.0727272727273	658.921212121212	2844.15151515152	96.7848484848485	56.4818181818182	231.939393939394	10.1787878787879	13327.0545454545	155.887878787879	42.0181818181818	0.554545454545455	74.9454545454545	11	interval	0	0.0228748551351152	-3.77771700073174	-0.14105207567453	4.31637571052777	1.46241609423921	-0.00592074677788702	1.71355759429154	0.538571673843252	-0.550184026978763	64.7347424828818	4.1702980354828	-0.0279882102801746	0.0116970991794318	-4.44841440130089	-0.402866693689778
LV3003047144	ST8	ST8	27729		184.5	145.85	4.12848396036092	mgca_jonkers_2013	4.75	92057786	60.2	26538281	62.3	7.87282431997209	27.729	2.75837530827347	-0.218914355136052	-0.0105094443537076	0.935814805398863	1.42949906190011	0.868493744628478	-0.020778823299801	15.8030303030303	826.654545454545	2171.58181818182	103.318181818182	58.5606060606061	187.981818181818	10.2818181818182	16012.7484848485	187.442424242424	49.4121212121212	0.836363636363636	56.6121212121212	11	interval	0	0.0191168492206631	-3.95718517465247	-0.66592403203801	2.62695200809396	0.965824241824674	-0.53032012034961	1.76429495472186	0.567751151499131	-0.469525993076263	80.3996463306808	4.38700977730312	0.750614026053701	0.0117058245447235	-4.44766873671651	-0.400407319714343
LV3003047145	ST8	ST8	23446		144.5	279.12	3.07806968232358	mgca_jonkers_2013	4.8377	33473724	69.7	25529607	71.1	7.65168510703157	23.446	-0.683036716743389	2.84460097034017	-0.029980110964059	0.337698971290639	1.05620129613501	0.829071125569544	-0.0144472893555947	11.5121212121212	1065.40303030303	1618.14848484849	86.0757575757576	32.5575757575758	153.4	10.3575757575758	20672.9	244.387878787879	66.2242424242424	1.87575757575758	50.1151515151515	11	interval	0	0.0108054143687266	-4.52770794003844	-2.3344727974046	1.51881348074281	0.417929425253167	-1.10889525644236	2.64380119136262	0.972217726788154	0.64850220217892	102.862200117028	4.63339022955053	1.63581004495626	0.0118216543778511	-4.43782231251307	-0.367931539123219
LV3003047146	ST8	ST8	63266.7		424.5	97.4	4.76723230434052	mgca_jonkers_2013	4.484661	58056720	65	17613674	68	7.94244093548725	63.2667	-0.358718811795674	-0.141291825742787	-0.180294521557559	0.0568467108869943	0.887101247554522	0.674219233217411	-0.0203175900614723	16.730303030303	760.836363636364	1717.00606060606	113.806060606061	77.139393939394	177.057575757576	11.8454545454545	17014.6515151515	175.863636363636	52.5787878787879	1.35757575757576	76.0909090909091	11	interval	0	0.0219893578040115	-3.81719667884321	-0.256514195972905	2.25673501250617	0.813919083989262	-0.690731470684667	1.47532998114393	0.38888168080087	-0.963957730403689	64.2302379125096	4.1624740953343	-0.0560980729271979	0.0103360116548394	-4.57212120434584	-0.810880294395092
LV3003047147	ST8	ST8	62321.7		419.5	48.14	4.88593858277752	mgca_jonkers_2013	4.577481	52440180	63.1	9223523	66.9	7.91347852480206	62.3217	-0.596708470643693	-0.250846744828681	-0.561716218294047	-0.348027048803368	0.227387687160339	0.234321234954912	-0.0189184852444751	15.1575757575758	626.957575757576	1294.50303030303	99.0272727272727	70.3060606060606	148.412121212121	9.69090909090909	14891.1696969697	154.142424242424	44.9969696969697	1.82121212121212	62.8878787878788	11	interval	0	0.0241763978037275	-3.72237841909807	0.0207909350939154	2.0647378393009	0.72500326401991	-0.784626286046279	1.40851687427266	0.342537288576805	-1.09206309278486	64.6954346466542	4.16969063714173	-0.030170471853667	0.0103512636937978	-4.57064667070476	-0.806016941972682
LV3003047148	ST8	ST8	61376.7		414.5	47.48	5.00464486121452	mgca_jonkers_2013	4.543903	53529330	65.5	11451620	69.9	7.88451611411687	61.3767	-0.637795690297777	-0.2164232258649	-0.643835710709101	-0.405744819195198	-0.0854849600112184	0.242435226358636	-0.0139823899897226	12.7424242424242	685.769696969697	1668.32424242424	84.8636363636364	42.2363636363636	153.627272727273	9.36666666666667	15015.8363636364	161.542424242424	44.8212121212121	0.790909090909091	50.0333333333333	11	interval	0	0.0185812005090498	-3.98560493471016	-0.749040356982876	2.4327762655543	0.889033101313327	-0.611411313820084	2.00925527335342	0.697764142645469	-0.110143540404621	73.2138466515691	4.29338456498509	0.414237237810771	0.0107581369648932	-4.5320928837664	-0.67885765046765
LV3003047149	ST8	ST8	60431.7		409.5	45.56	5.12335113965152	mgca_jonkers_2013	4.561147	62250597	65.1	9170430	69.9	7.85555370343168	60.4317	-0.683036716743389	-0.256181608706392	-0.594158835250478	-0.450062914706648	-0.318699522950834	0.105646763195109	-0.0178482899689572	12.3090909090909	1061.49696969697	2620.48787878788	90.5363636363636	36.6060606060606	187.590909090909	10.2787878787879	19171.7242424242	223.851515151515	39.0272727272727	0.654545454545455	60.539393939394	11	interval	0	0.0115959736678333	-4.45709733872271	-2.12796529447009	2.4686720297807	0.903680366294904	-0.595943849858419	2.47326158940397	0.905537761110943	0.464185162798108	103.270636792453	4.63735308395125	1.65004779355608	0.0116761284650738	-4.45020882356075	-0.408785112640145
LV3003047150	ST8	ST8	59521.7933333333		404.5	73.51	5.01184628433005	mgca_jonkers_2013	4.51870486666667	67120474	74.5	15427841	80.5	8.44254713374637	59.5217933333333	-0.503001781219264	-0.222465417343503	-0.460470791235889	-0.0232666522807959	0.749445449667931	0.430966037898965	-0.0201935778258663	15.9151515151515	792.951515151515	2352.16060606061	84.8363636363636	58.4727272727273	184.809090909091	10.1151515151515	17453.4484848485	195.345454545455	54.0121212121212	0.609090909090909	57.7151515151515	11	interval	0	0.0200707750865581	-3.90849049775875	-0.523511760450597	2.96633597529751	1.08732751285601	-0.402013063143683	1.45087064676617	0.372163822282518	-1.01016930468383	78.3924505692031	4.36172762895966	0.659780289615626	0.011192370076036	-4.49252297604375	-0.548346957990814
LV3003047152	ST8	ST8	45000.02		344.5	114.81	4.08289717478468	mgca_jonkers_2013	4.3300006	86684643	67.2	27393512	69.9	8.47849004532337	45.00002	-0.125808260134488	-0.340652795135673	-0.334716971896725	-0.444393007397959	0.563320652011624	0.491807943292607	-0.0192698232909214	18.7181818181818	580.757575757576	1745.12424242424	125.754545454545	61.4666666666667	210.40303030303	9.53939393939394	13306.596969697	149.339393939394	49.2818181818182	1.06363636363636	59.5545454545455	11	interval	0	0.0322306287503261	-3.4348380751128	0.861730359527101	3.00490999217323	1.1002476148508	-0.388369477652685	2.04589824492211	0.715836932628015	-0.0601866589170125	60.8799237611182	4.10890346127141	-0.248566718755223	0.0112229591291811	-4.48979367665642	-0.539345098408152
LV3003047153	ST8	ST8	38713.93		304.5	119.12	4.29941485123281	mgca_jonkers_2013	4.5099502	61725484	65.2	21806731	67.7	8.96336671938132	38.71393	0.355164630805001	-0.308361932965549	-0.400368144330057	-0.302928819869185	0.828569886460608	0.688427396637832	-0.0219334935409357	14.3466666666667	638.646666666667	3749.90333333333	102.206666666667	43.72	297.08	9.48	13102.0733333333	178.59	47.2366666666667	0.103333333333333	59.0333333333333	10	interval	0	0.0224641690240822	-3.79583372694686	-0.194036186025099	5.87164003048112	1.77013398672215	0.319028342238087	2.33775541323574	0.849191243905861	0.30843188480549	67.3677918424754	4.21016703786535	0.115253194891093	0.0136306671056133	-4.29543309055261	0.101700992990683
LV3003047154	ST8	ST8	35130.12		264.5	109.23	5.75466161579687	mgca_jonkers_2013	4.5282892	24559061	57.6	12574749	58.9	9.04625505944773	35.13012	-0.59294319904147	-0.274245528987235	-0.511834029432763	-0.456072635334083	0.0837738412620601	0.424886783936553	-0.0177815699723175	17.3545454545455	727.90303030303	2543.80303030303	142.642424242424	60.269696969697	221.89696969697	10.8454545454545	14556.3333333333	209.854545454545	55.0030303030303	0.993939393939394	86.4939393939394	11	interval	0	0.0238418370745354	-3.73631338125823	-0.0199632035985802	3.49470042629721	1.25124765707562	-0.22891392644502	2.36673538136658	0.861511529337918	0.342487669209401	67.1159541771445	4.20642178288606	0.101797237784102	0.0144167174967056	-4.23936680849553	0.286620537083629
LV3003047155	ST8	ST8	30947.5		219.5	72.49	3.59259359265224	mgca_jonkers_2013	4.62	58779708	51.8	15672586	53.7	8.38311017332974	30.9475	3.11223896614507	-0.243661390564401	-0.643788463316933	-0.337464863772823	-0.165061004633794	-0.0290400985611156	-0.0187953623347576	15.2333333333333	643.512121212121	1365.31212121212	103.30303030303	86.8969696969697	152.369696969697	10.7272727272727	14133.8454545455	146.963636363636	44.1121212121212	1.56969696969697	72.8575757575758	11	interval	0	0.0236721777744292	-3.7434548540092	-0.0408491283407322	2.12165719371442	0.752197478467703	-0.755909284444542	1.18879899567583	0.172943550159186	-1.56085481223445	59.9884180790961	4.09415151157396	-0.30156754339094	0.0103979937262136	-4.56614240238552	-0.791160825007073
LV3003047156	ST8	ST8	27199.6666666667		179.5	175.93	4.12805777151563	mgca_jonkers_2013	4.75	57674275	59.1	20077855	61	7.84137599187233	27.1996666666667	1.67030323344896	-0.23092009188279	-0.182844760056848	0.685191906350135	1.32659093168764	0.613068910093515	-0.0223328671531892	16.0666666666667	716.712121212121	2112.28484848485	104.869696969697	77.5606060606061	173.990909090909	10.5030303030303	14963.5333333333	170.321212121212	48.0060606060606	0.942424242424242	65.0969696969697	11	interval	0	0.0224171828425258	-3.79792752300102	-0.200159694205772	2.94718728199057	1.08085125178404	-0.408851973674973	1.35210001953507	0.301658953830519	-1.20505915627606	68.2386035776111	4.22301043957444	0.161396985757416	0.0113824194010246	-4.47568527173585	-0.492812321308131
LV3003047158	ST8	ST8	57706.46		394.5	70.06	4.75944791831369	mgca_jonkers_2013	4.4723876	44291383	79.6	12643578	86.6	7.06485967649701	57.70646	-0.580797691533631	-0.323958368973544	-0.672048958825164	-0.272228355486882	0.138305225608304	-0.162232671509492	-0.0179867587503969	14.9424242424242	793.575757575758	1518.01212121212	80.8818181818182	50.2787878787879	154.09696969697	8.5	17501.6575757576	187.693939393939	65.2333333333333	1.56666666666667	43.9090909090909	11	interval	0	0.0188292347640141	-3.9723445763309	-0.710259162008021	1.91287612647014	0.648607934817416	-0.865299504067889	1.60866682738669	0.475405778443569	-0.724787458634202	93.3618538324421	4.53648284459823	1.28764106247591	0.0107243521695867	-4.53523821976058	-0.689231694843753
LV3003047159	ST8	ST8	56798.7933333333		389.5	81.65	4.63324873530552	mgca_jonkers_2013	4.41390346666667	39132173	80.8	14300268	84.8	6.86838342718166	56.7987933333333	-0.577839995786666	-0.355896861204961	-0.390532325023301	-0.49764842869495	-0.398060611420055	0.193028051500508	-0.0183216844454355	17.4909090909091	572.030303030303	3021.15454545455	139.436363636364	62.6545454545455	286.9	10.6121212121212	12906.6454545455	147.745454545455	44.4212121212121	0.375757575757576	69.6121212121212	11	interval	0	0.0305768925147004	-3.48751070186902	0.707684190513594	5.28145891826032	1.66420236982809	0.207164900921877	2.22547881601857	0.799972090676984	0.17238009605843	53.9034837235865	3.98719510891698	-0.685840650143017	0.0114472389487868	-4.47000671790472	-0.47408313957836
LV3003047160	ST8	ST8	55891.1266666667		384.5	36.23	4.50704955229734	mgca_jonkers_2013	4.34564506666667	1905989	56.6	991574	66.2	6.67190717786631	55.8911266666667	-0.683036716743389	-0.402254356474464	-0.704355073704345	-0.533321330699119	-1.496022169638	-2.24147727630198	-0.018399178405165	16.5666666666667	401.360606060606	394.460606060606	481.681818181818	89.3575757575758	77.3	8.65151515151515	10583.3787878788	161.827272727273	59.6272727272727	1.78181818181818	77.3878787878788	11	interval	0	0.0412762648264615	-3.18746764575784	1.58518900049684	0.982808477225196	-0.0173410127870506	-1.56853941679809	5.39049782962561	1.68463774236744	2.61777658217587	46.3919439579685	3.83712582256273	-1.22500978319964	0.0152907002546875	-4.18051046187617	0.480742358337055
LV3003047161	ST8	ST8	54983.46		379.5	31.63	4.38085036928916	mgca_jonkers_2013	4.3111578	1104778	59.1	793502	62	6.47543092855096	54.98346	-0.683036716743389	-0.416424446394793	-0.702979506032089	-0.541880109923805	-1.45554730045678	-2.1557621712246	-0.0183216844454355	17.4727272727273	378.978787878788	363.515151515152	480.651515151515	92.869696969697	72.8636363636364	7.78484848484849	10331.5090909091	159.763636363636	68.7454545454546	1.72424242424242	55.9121212121212	11	interval	0	0.0461047631993475	-3.07683901112075	1.90873309538152	0.959196564931275	-0.0416592564561514	-1.59421940265455	5.17554736189513	1.64394510397265	2.50529382131439	48.6815881666018	3.88530089220921	-1.05192632843514	0.0154637270274694	-4.16925818936141	0.517854951273401
LV3003047162	ST8	ST8	102698		584.2	24.03	3.31206659388213	mgca_jonkers_2013	3.87396	19240014	49.7	2263696	51.8	7.78994871915485	102.698	-0.683036716743389	-0.336542544078496	-0.696872085703104	-0.536561285714623	-1.45309733617469	-2.12949517155303	-0.0134072482217408	15.03	582.59	2964.71	110.01	67.4033333333333	198.436666666667	11.54	12778.1633333333	176.4	45.3666666666667	1.28	74.3466666666667	10	interval	0	0.0257985890592012	-3.65743547617785	0.210722825288509	5.08884464202956	1.62705081894843	0.16793298458297	1.6321151278374	0.489876798071816	-0.684786605790155	50.4844020797227	3.92166441886278	-0.921279401159138	0.013804800846444	-4.2827388598943	0.143569496836815
LV3003047164	ST8	ST8	43933.02		339.5	61.8	4.579507658322	mgca_jonkers_2013	4.4786604	45835273	73.5	20978998	75.5	8.37946113303367	43.93302	-0.00114782626961289	-0.366958677381545	-0.636610283107317	-0.458153130418739	-0.0756907504201459	0.227865578052756	-0.0183216844454355	16.2272727272727	640.472727272727	3292.20303030303	100.79696969697	48.3	252.142424242424	8.30909090909091	12264.4393939394	157.29696969697	49.0757575757576	0	54.5242424242424	11	interval	0	0.0253363992505536	-3.67551321163845	0.157852747154123	5.14027044417949	1.63710569368204	0.178550899448084	2.08689378254596	0.735676731996792	-0.00534540271024742	77.0809628008753	4.34485633439804	0.599165079912702	0.0128254512615309	-4.35632370246004	-0.0991303049006177
LV3003047166	ST8	ST8	38273.43		299.5	109.28	3.82073071156393	mgca_jonkers_2013	4.4482802	47667591	67.1	14626855	69.9	9.0296517958074	38.27343	0.389492942206149	-0.34496974442913	-0.322557083537859	-0.189169919462928	0.791651047545669	0.617985581604653	-0.0183216844454355	12.7	456.544444444444	1329.07777777778	97.5666666666667	50.8777777777778	167.322222222222	7.44444444444445	10960.8666666667	132.377777777778	41.4	1.16666666666667	45.1222222222222	3	interval	0	0.0278176640950133	-3.58208406096489	0.431095294978054	2.91116843924165	1.0685545261062	-0.42183727581211	1.91766761301594	0.6511096627029	-0.239106048551273	61.3268656716418	4.11621801237469	-0.222286989752288	0.0120773093774012	-4.41642684494313	-0.297364346801466
LV3003047167	ST8	ST8	34678.12		259.5	171.35	5.57495241758692	mgca_jonkers_2013	4.556094	55257624	57.2	14241098	59.7	8.97459148768522	34.67812	0.000778781603653766	-0.345015621486628	-0.685916975949305	-0.305388797328191	-0.0430321588099179	0.000344010621232192	-0.0170395953641606	17.9606060606061	731.866666666667	1794.42424242424	103.560606060606	70.3515151515152	185.281818181818	10.4484848484848	16578.3575757576	223.024242424242	76.7515151515152	1.46969696969697	58.6666666666667	11	interval	0	0.0245408171715332	-3.70741754068031	0.0645454646714683	2.45184584044121	0.896841145151833	-0.603166045038841	1.47204514128187	0.386652686468181	-0.970119125839713	70.0452436194896	4.24914137068457	0.255280230056649	0.0134527344705346	-4.30857288723878	0.0583629095021624
LV3003047168	ST8	ST8	30497		214.5	193.15	3.05670322494356	mgca_jonkers_2013	4.62	56419893	53.7	23672441	55.4	8.31168442315493	30.497	2.56423380145376	0.15654323598929	-0.371515857675529	0.28677253490579	0.901705951465436	0.495862079896108	-0.0163066926032222	17.7757575757576	668.627272727273	1221.56363636364	108.39696969697	92.3	146.518181818182	11.9242424242424	15190.4636363636	151.109090909091	49.9030303030303	1.73939393939394	72.9787878787879	11	interval	0	0.0265854509691951	-3.6273911688748	0.298590295086813	1.82697249452746	0.602660222289361	-0.913820138366681	1.17439837158147	0.160755992280993	-1.5945437105801	56.0729351969505	4.0266532575607	-0.544075360835057	0.00994762862585438	-4.61042108527638	-0.937202145258679
LV3003047169	ST8	ST8	26670.3333333333		174.5	195.44	4.12763158267034	mgca_jonkers_2013	4.72362666666667	78793387	55.3	25386659	57.5	7.81462622496645	26.6703333333333	2.76810195391319	-0.107708965620771	-0.390382007951321	0.647556660389915	1.22327366852238	0.711312532299702	-0.024043456064244	15.9181818181818	535.030303030303	1847.41818181818	111.678787878788	94.1787878787879	150.439393939394	9.66666666666667	12441.696969697	139.775757575758	43.7939393939394	1.31515151515152	64.0787878787879	11	interval	0	0.0297519256909832	-3.51486141997666	0.627694381694104	3.45292251925691	1.23922097948159	-0.24161405868801	1.18581678947199	0.170431810963025	-1.56779777220198	55.3479623824451	4.01363984515173	-0.59082996637165	0.011234460854994	-4.48876936248082	-0.5359666737399
LV3003061473	ST13	ST13	117088		219.8	32.31	5.52457368985868	mgca_jonkers_2013	3.5312	50561908	67	6601363	79.3	13.8380743760062	117.088	-0.661396426260465	-0.515343613918225	-1.0319059975922	-0.786769706009807	-1.95531148397985	-2.11690528008968	-0.0183216844454355	22.2366666666667	469.293333333333	2494.29333333333	119.44	73.7466666666667	192.34	9.43666666666667	10621.8933333333	413.246666666667	32.65	0.15	60.5366666666667	10	interval	0	0.0473832997130437	-3.04948543909179	1.54546205479369	5.31499843736682	1.67053271778951	-0.216913606362885	1.6195986259266	0.482178356772567	-0.668316133439459	49.7308371600141	3.9066252066894	-0.741753551704979	0.0389051794909131	-3.2466278883546	2.95787771999729
LV3003061474	ST13	ST13	77779.8		179.8	196.45	6.94491630967089	mgca_jonkers_2013	4.056606	61905276	70.5	36941813	72.6	8.28521641432076	77.7798	-0.495167608158182	-0.439295025961961	0.276908556765305	-0.510141325964099	0.210043563599124	0.384958445141709	0.0014391768439703	11.1466666666667	577.86	7761.53	69.34	32.3266666666667	475.036666666667	8.26666666666667	10844.0233333333	181.72	38.8866666666667	0	43.1733333333333	10	interval	0	0.0192895626391629	-3.94819112525244	-0.601591132241861	13.4315059010833	2.59760313389044	0.756818514476743	2.14497834605073	0.763129457247781	0.225405012696541	69.9024193548387	4.247100260298	0.336441651005123	0.0167576179443853	-4.08890232145257	0.112441634105587
LV3003061475	ST13	ST13	53844		136	108.69	8.05083143634111	mgca_jonkers_2013	4.38936	112973110	69.7	29608396	73.6	6.25962485846197	53.844	-0.617899722779839	-0.491378349635652	-0.837034410952309	-0.701912117434912	-0.356721169868073	-0.0350188866180095	-0.0128077751474612	17.6466666666667	471.583333333333	4756.72	197.726666666667	59.95	313.163333333333	9.39333333333333	10218.0066666667	176.26	36.69	0.04	68.3766666666667	10	interval	0	0.0374200388761265	-3.28554891922368	0.98149450104965	10.0867008305354	2.31121780671896	0.456018718516395	3.29819293855991	1.19337472411209	1.59403924253643	50.2040454222853	3.9160956095521	-0.711763269521103	0.0172499398121356	-4.05994662466242	0.210261989682322
LV3003061476	ST13	ST13	37160		96	137.29	5.79476873023177	mgca_jonkers_2013	4.452	84098583	70.2	34228366	72.2	9.19719729556924	37.16	0.865403371118831	-0.446222981233547	-0.122969131036654	-0.298500804801242	0.382547038862241	0.223644000235259	-0.0198846853160208	21.18	621.083333333333	3001.88	100.09	74.7	271.826666666667	10.6566666666667	13671.4	188.84	52.2766666666667	0.106666666666667	68.05	10	interval	0	0.0341017040118073	-3.37840792492043	0.759649655516391	4.83329665906346	1.57552877294966	-0.316699330392467	1.33989290495315	0.292589689092156	-1.27140827683074	58.2812011260557	4.06527959069005	-0.239336725845322	0.0138127770381965	-4.2821612428413	-0.540440475609422
LV3003061477	ST13	ST13	16726		50	301.74		""	4.84438	125495327	67.8	84929726	70.8	7.31209108888136	16.726	-0.202524299961534	0.268601982073179	0.64297234604543	2.69990769142237	1.32416409696358	0.873497285419844	-0.0456372010366167	13.4166666666667	874.15	2199.11	84.2833333333333	48.4266666666667	194.77	10.33	16975.2233333333	223.006666666667	50.5633333333333	0.513333333333333	51.7266666666667	10	interval	0	0.0153482430551583	-4.1767542704472	-1.14764000773718	2.51571240633759	0.922556026397616	-1.00253778053386	1.74043226872247	0.554133512673009	-0.439422762696423	84.622458857696	4.43819970251211	0.941603467273428	0.0131371860203312	-4.33230844256372	-0.709851591617947
LV3003061485	ST13	ST13	75779.6		174.8	260.72	7.29350072787861	mgca_jonkers_2013	4.035756	104758234	70.5	60355839	72.6	7.95056189669746	75.7796	-0.260054478655884	-0.420645823570731	2.0094472738042	0.734632790623639	0.953813905738162	0.945000369042791	-0.021585514103544	9.89333333333333	397.603333333333	10613.0833333333	49.14	22.91	569.013333333333	7.85333333333333	7504.62333333333	143.47	36.2466666666667	0	39.4	10	interval	0	0.0248824205028462	-3.69359372875135	0.00665488198319633	26.6926417451229	3.28438793735398	1.47817086444125	2.14491488432999	0.763099870627629	0.225310896004961	50.6286078098472	3.92451678826714	-0.685095605046147	0.0191175484268142	-3.95714859993472	0.557542160638857
LV3003061486	ST13	ST13	52105		131	128.79	7.76882359807744	mgca_jonkers_2013	4.32365	27685092	68.7	20117935	70.3	7.61349281773178	52.105	-0.619361434023209	-0.479318804228888	-1.10845321906854	-0.772153461008494	-1.37100309958367	-0.70299049788807	-0.0188054444309118	21.5166666666667	645.003333333333	2725.33	143.256666666667	68.1533333333333	257.993333333333	11.2	14119.5833333333	242.323333333333	44.6166666666667	0.146666666666667	72.91	10	interval	0	0.0333590007286784	-3.40042765611653	0.70704340769768	4.22529599330236	1.44108931594158	-0.457905451657322	2.10197593661352	0.742877824536482	0.160983437670661	57.5895833333333	4.05334170644003	-0.277140874467866	0.0171622155989022	-4.06504507910169	0.193037999883135
LV3003061488	ST13	ST13	35041		91	245.05	6.0156392079896	mgca_jonkers_2013	4.53631	127243231	79.7	66338584	85.6	9.03212528618341	35.041	1.98505270209454	-0.298559392241361	-0.000144044450376333	0.502563518313605	0.920829406922141	0.478358973724859	-0.024960361082417	19.05	599.1	3485.19	97.59	59.1966666666667	296.5	10.5666666666667	12744.78	183.276666666667	49.9433333333333	0	63.9933333333333	10	interval	0	0.0317976965448172	-3.44836142751717	0.592527211531127	5.81737606409614	1.76084931198734	-0.122051158712851	1.64857255476097	0.499909795154976	-0.611911437366151	56.6971608832808	4.03772413687475	-0.326597621459453	0.0143805280802546	-4.24188020411911	-0.404359981350858
LV3003061489	ST13	ST13	112606.8		214.8	63.7	7.16062883872636	mgca_jonkers_2013	3.96932	38606083	72.6	18769932	78.6	11.8540635522199	112.6068	-0.370420138163389	-0.495309853334786	-0.288364800180651	-0.755062840850544	-1.97997805284914	-1.3505006854	-0.0109151008203397	12.01	313.813333333333	11126.2	75.35	22.2966666666667	544.686666666667	7.73333333333333	5853.96666666667	214.01	32.3233333333333	0	45.3066666666667	10	interval	0	0.0382711590754589	-3.26305869321302	1.03522478469749	35.4548351461591	3.56825963708104	1.77633051598545	3.37942891314098	1.2177067346103	1.67144072725553	40.5793103448276	3.70325833930075	-1.38576308627924	0.0365581172879928	-3.30885203022128	2.747667351828
LV3003061492	ST13	ST13	14437		45	376.09		""	4.37177	119240881	67.3	80494467	68	7.04807643625558	14.437	0.0935225218127204	1.68504256260802	0.587377771252658	2.89110903389291	1.4112715145905	1.02423560421143	-0.0495232192432515	15.4933333333333	810.32	2040.80666666667	96.9688888888889	62.2755555555556	171.782222222222	10.86	16061.2777777778	189.851111111111	45.6222222222222	0.728888888888889	58.4933333333333	15	interval	0	0.0191200184289334	-3.957019407503	-0.622682343562765	2.51851943265212	0.923671202136524	-1.00136647529264	1.55709391949757	0.442821211840325	-0.793513410182597	74.6151012891345	4.31234291687275	0.543048034014389	0.0118204238627756	-4.43792640785225	-1.06665830204493
LV3003061500	ST13	ST13	148086		254.4	431.27	5.62544937457296	mgca_jonkers_2013	4.71344	137614394	67.8	51012190	104.6	9.56141856461617	148.086	-0.62470197757143	0.626726178070152	-0.933893237333962	-0.634463362174307	-0.343716477254578	-0.0894750665365394	-0.012583279134145	15.9966666666667	1057.30333333333	2058.27666666667	82.6433333333333	40.2633333333333	181.26	10.6366666666667	21102.4533333333	278.49	53.3466666666667	1.05	57.7233333333333	10	interval	0	0.0151296852684975	-4.19109655321598	-1.18190444425103	1.94672295241668	0.666147421666706	-1.27185205283718	2.05257057703452	0.719092947640974	0.0853224155077235	99.4017549357568	4.59916976879598	1.45135345161945	0.0131970437560499	-4.32776243234713	-0.694493911260104
LV3003061501	ST13	ST13	105587.2		209.8	182.94	8.79668398759405	mgca_jonkers_2013	3.93808	68988323	65.5	35460711	68.4	8.6530138730751	105.5872	-0.329945878573395	-0.483864631541003	0.30625894519803	-0.636177738721881	-0.830588157795889	0.155399574177085	0.000540313248655729	7.17333333333333	296.606666666667	12737.7833333333	60.9733333333333	19.3966666666667	545.843333333333	8.45333333333333	5558.63666666667	133.246666666667	32.3433333333333	0	48.87	10	interval	0	0.0241846665617765	-3.72203645978687	-0.0612962362284775	42.9450338270661	3.75992101490134	1.97763867625758	3.14349544595291	1.14533538012128	1.44122340555101	35.0875394321767	3.55784606551143	-1.8462456219397	0.0239711056248205	-3.73090610624204	1.32185190389852
LV3003061503	ST13	ST13	73147.2		169.8	217.76	7.64208514608633	mgca_jonkers_2013	4.20056	97446873	68.6	49665279	71.4	9.58376845577441	73.1472	-0.0619342897167547	-0.423724393280676	1.00781362258104	-0.15077891092578	0.695290761631812	0.69402685909842	-0.0138846941806508	8.16666666666667	398.626666666667	10641.8333333333	60.1933333333333	29.5833333333333	534.266666666667	8.91	7834.66333333333	136.99	29.2566666666667	0	53.1633333333333	10	interval	0	0.0204870053851557	-3.8879644774779	-0.457706634747232	26.6962404254608	3.28452274745664	1.47831245986367	2.03470422535211	0.710350464523808	0.0575120883072514	44.7392442947999	3.80085106487775	-1.07671251878162	0.0174851163568398	-4.04640525382266	0.256008487172641
LV3003061504	ST13	ST13	50268		126	187.42	7.48681575981377	mgca_jonkers_2013	4.33732	96239561	74.4	42611651	77.1	8.96741444022863	50.268	-0.297077095598838	-0.556896796849482	-0.898620416104147	-0.666570691237701	-0.225205499064576	-0.137211806286965	-0.0194852984702798	20.0033333333333	620.823333333333	2523.36666666667	118.83	66.59	256.686666666667	10.3766666666667	13578.4433333333	226.473333333333	45.3166666666667	0.303333333333333	60.8566666666667	10	interval	0	0.0322206532185753	-3.43514762774002	0.624095645292335	4.06454869071717	1.40230271364243	-0.498644277814402	1.78450217750413	0.579139484179404	-0.359877370358971	59.8287825248956	4.09148685828792	-0.156345182410117	0.0166788878352035	-4.09361156082107	0.0965325205083164
LV3003061505	ST13	ST13	32810		86	188.85	6.23650968574743	mgca_jonkers_2013	4.5838	82717700	80.4	45809256	89.7	8.67840531139984	32.81	0.494962643265251	-0.452545733933322	-0.881250305634522	-0.522388542041415	0.146847545387118	0.034075500377566	-0.0198486129303224	20.4266666666667	617.5	2645.94666666667	99.2866666666667	70.5133333333333	255.65	9.12333333333333	13318.1033333333	191.573333333333	50.35	0.236666666666667	61.51	10	interval	0	0.0330796221322537	-3.40883783173791	0.686951074190212	4.2849338731444	1.455105119759	-0.443184198406886	1.4080552141439	0.342209471557815	-1.11356497676457	67.6835951772013	4.21484383411765	0.234294008775206	0.014384430615871	-4.24160886455756	-0.403443321234348
LV3003061506	ST13	ST13	11950		40	164.07		""	3.904	63589346	59.2	48096504	60.6	6.73798109507347	11.95	-0.591729837940705	1.39325758935005	-0.983775519761751	-0.612979703350652	-0.546067053118663	-0.190625436027255	-0.0209527635690754	13.1078431372549	1395.06013071895	2546.42941176471	80.8535947712418	30.1222222222222	164.177124183007	10.7705882352941	23358.4281045752	279.013725490196	26.1627450980392	0.475163398692811	59.4705882352941	51	interval	0	0.0093958983190923	-4.66748203396686	-2.32001337185026	1.82531874841293	0.601754628448377	-1.33948589166787	2.68418426020353	0.987376868095636	0.93874855433772	129.524971175435	4.86387369016028	2.28960135004442	0.0119448844862787	-4.42745216871754	-1.03127342410611
LV3003061513	ST13	ST13	138493		244.8	185.59	5.06212045557341	mgca_jonkers_2013	4.88014	81908351	85	25619278	146.1	10.3255171456423	138.493	-0.661396426260465	-0.508426999819791	-0.999876209008037	-0.670365687232806	-0.805513147278056	-0.71548352355317	-0.0189955647970676	13.81	591.763333333333	2945.52333333333	96.6533333333333	59.6166666666667	252.853333333333	10.9533333333333	12661.6233333333	223.546666666667	40.61	0.433333333333333	64.9633333333333	10	interval	0	0.0233370322595182	-3.75771381275679	-0.146531230931036	4.9775360645303	1.60493500244083	-0.28581301398	1.62124685490635	0.48319551672765	-0.665080490798007	54.0258673158856	3.98946295623698	-0.479428123692348	0.0176554507097168	-4.03671072119828	0.288759300780747
LV3003061514	ST13	ST13	100672.6		204.8	311.64	10.4327391364617	mgca_jonkers_2013	3.883986	95754874	64.4	51605616	66.3	7.39288790099721	100.6726	-0.497613151601469	-0.455706503815929	2.42737669803619	0.581077508945749	0.679066900342613	0.904085777503908	0.00412770745087878	9.2	414.943333333333	10197.8333333333	56.41	22.0866666666667	498.93	8.00333333333333	8168.40333333333	149.106666666667	33.5566666666667	0	37.9766666666667	10	interval	0	0.0221717021601343	-3.80893848066769	-0.268909544751189	24.5764481897127	3.20178859368507	1.39141409527483	2.55402958044069	0.937672339548245	0.780635672251169	51.8463140358184	3.94828384315763	-0.609831575291635	0.0182540773982349	-4.0033668048266	0.401404276290664
LV3003061515	ST13	ST13	71001.2		164.8	490.61	7.99066956429404	mgca_jonkers_2013	4.219988	98734597	71.1	67640910	73.4	9.97144024824405	71.0012	0.18241173907584	-0.321798796096137	2.78047259171501	0.833783025140424	0.880199813996845	0.938748398514089	-0.0278194630220793	4.84666666666667	311.663333333333	11348.8633333333	56.3666666666667	21.6066666666667	572.746666666667	6.67	7615.34666666667	127.44	36.7866666666667	0	32.95	10	interval	0	0.0155509684595557	-4.16363236193895	-1.11629110684954	36.4138546936331	3.59494932567542	1.80436356140271	2.60876272755322	0.958876058191133	0.848085885814364	46.7261369315342	3.84430368544869	-0.939109465200426	0.0167346288459619	-4.090275122876	0.107803931053598
LV3003061516	ST13	ST13	48537		121	61.03	7.2048079215501	mgca_jonkers_2013	4.45537	54250107	75.6	26855001	76.7	8.80675928823849	48.537	-0.225358578892228	-0.517963464078629	-0.919170691434715	-0.679925242756013	-0.146529643545226	-0.0433732381533561	-0.0188465568479327	17.71	583.616666666667	4265.02333333333	95.69	56.5033333333333	330.043333333333	9.72666666666667	12849.34	139.563333333333	38.95	0.1	63.1566666666667	10	interval	0	0.0303452608732901	-3.49511492281942	0.480830754460078	7.3079190107662	1.98895855618372	0.117539377536425	1.69352840540381	0.526814166328886	-0.526327129630944	60.0017135023989	4.09437312018763	-0.147205147916986	0.0108615176603104	-4.52252922651359	-1.35247003243511
LV3003061517	ST13	ST13	30678		81	343.69	6.45738016350526	mgca_jonkers_2013	4.62	166832578	74.7	79298875	86	8.34038156140496	30.678	2.28451760324148	-0.305746110324887	0.555993845500883	0.602058068970135	0.924903898615904	0.606738073715635	-0.0255896644132385	17.0733333333333	547.36	3904.52666666667	89.7466666666667	63.11	321.4	9.18333333333333	11478.36	176.6	44.3	0	52.74	10	interval	0	0.0311921465458443	-3.46758892912603	0.546591740949665	7.13337961609666	1.9647851215765	0.0921492352783381	1.42206728991708	0.352111650878255	-1.08206559115427	59.6036297640653	4.08771647429848	-0.168284999693952	0.0153854731860649	-4.17433151435579	-0.176161817125072
LV3003061518	ST13	ST13	9804		35	303.98		""	3.49256	114542623	68.5	78968770	69.5	6.47040385254158	9.804	-0.0746337065780369	0.342984598138846	0.337107905998784	1.69155562964257	1.02346990691486	0.690370325842222	-0.0313570393567713	12.2437908496732	1167.21045751634	2046.0431372549	85.7915032679739	28.4091503267974	161.677777777778	10.8797385620915	21520.4666666667	312.071895424837	44.5235294117647	1.13986928104575	56.5483660130719	51	interval	0	0.0104897885131412	-4.55735301758353	-2.05690960022392	1.7529342065771	0.561291073333505	-1.38198607574712	3.01985459899692	1.10520868420021	1.31357814412093	107.282950859065	4.67546974473855	1.69297546520387	0.0145011676679023	-4.23352610397703	-0.376137519555353
LV3003061527	ST13	ST13	133775.4		239.8	28.59	4.7687199769278	mgca_jonkers_2013	4.634866	2673212	57.9	912714	60.4	11.4223768846317	133.7754	-0.661396426260465	-0.541083690266309	-1.16181170870057	-0.801014143905075	-2.30190790809295	-3.22402190206591	-0.0183216844454355	17.4433333333333	596.356666666667	3882.34333333333	115.67	79.7533333333333	245.166666666667	11.6566666666667	12131.5166666667	256.773333333333	26.84	0	83.28	10	interval	0	0.0292498337124875	-3.53188139036359	0.392993810138524	6.51010301441531	1.87335528012221	-0.00388249206525419	1.45034690295077	0.371802771232662	-1.01942703724907	51.160137260509	3.93496065967243	-0.652022603287138	0.0211658064188182	-3.85536830420813	0.901384161431817
LV3003061528	ST13	ST13	95118		199.8	368.13	9.4736373252121	mgca_jonkers_2013	3.76764	82665530	65	48781896	67.2	6.56201237466214	95.118	-0.625857257233726	-0.49845470426277	1.7409861703973	0.0109923921588727	0.468987110041657	0.720182176580955	-0.0109412728926345	11.6433333333333	466.863333333333	9555.97333333333	57.9533333333333	22.2866666666667	472.48	7.56666666666667	9587.97	168.446666666667	33.2633333333333	0	39.2066666666667	10	interval	0	0.0249394897864471	-3.69130279657996	0.0121280344241058	20.4684597205463	3.01888515114334	1.19930467842592	2.60035895901885	0.955649496658966	0.837822013326484	61.7	4.12228393091134	-0.0588189301688654	0.0175685433586741	-4.04164528524703	0.272088978067999
LV3003061529	ST13	ST13	66015		156	177.08	8.00905235853065	mgca_jonkers_2013	4.56805	91959511	75.1	42965230	98.8	8.02667098129265	66.015	-0.481544160077531	-0.11028697853149	1.08943100576136	0.631174196628645	0.920995885158332	0.670411631395226	-0.0262351614827211	13.0666666666667	589.256666666667	4904.42666666667	86.8266666666667	55.6233333333333	344.793333333333	9.51666666666667	12537.9333333333	190.236666666667	38.0433333333333	0	57.6266666666667	10	interval	0	0.0221748304360861	-3.80879739744093	-0.268572489810618	8.32307370302698	2.11903162206861	0.254159336612353	1.5609756097561	0.445311016655364	-0.785593201971317	61.9183887915937	4.12581720813533	-0.0476299678282445	0.0151728886738378	-4.18824508358862	-0.223165703771644
LV3003061530	ST13	ST13	47046		116	117.63	6.92280008328644	mgca_jonkers_2013	4.38322	92176900	82.1	44841877	91.8	8.66837868071839	47.046	-0.389647215761444	-0.556896796849482	-0.829320251463919	-0.744885357233786	-0.677443235837473	-0.177812822856988	-0.020282256923418	15.2433333333333	523.66	4680.99333333333	99.3266666666667	47.9333333333333	325.986666666667	7.89333333333333	11559.5766666667	107.623333333333	38.01	0	52.7866666666667	10	interval	0	0.0291092184496302	-3.53670036975987	0.38148102544119	8.93899349450662	2.19042299834022	0.329144014172213	2.07218358831711	0.728602924872247	0.11557418436175	66.3420608108108	4.19482409741403	0.17089675295693	0.00931031788072977	-4.67663204426641	-1.87307198987393
LV3003061531	ST13	ST13	28445		76	99.27	6.67825064126309	mgca_jonkers_2013	4.7411	92367510	61.2	35673132	62.1	7.98634449117112	28.445	3.49661313602751	-0.0624039696711231	0.179988402125607	0.708151238770054	1.05929221147175	0.608823102636824	-0.0280163376628882	21.1866666666667	634.553333333333	3917.54	104.143333333333	75.3533333333333	330.136666666667	10.2733333333333	13099.48	218.606666666667	44.3866666666667	0.03	65.57	10	interval	0	0.0333883151403087	-3.39954928630845	0.709141877446883	6.17369698370507	1.82029784546269	-0.0596104362214435	1.38206670795364	0.323579993322124	-1.17282638778078	61.7670343932511	4.12336979808499	-0.0553802736065036	0.0166881942387535	-4.09305374136472	0.098416988976253
LV3003061533	ST13	ST13	7912		30	290.8		""	3.4156	103171906	59.1	63404336	59.5	6.23449698261132	7.912	-0.661396426260465	3.33888372157243	-0.900328462559023	-0.471276483015855	-0.259115450865672	-0.107128899094635	-0.0235325018502838	11.2281045751634	1043.79411764706	1460.50261437909	86.8398692810458	26.0679738562092	132.125490196078	10.2607843137255	19814.7633986928	286.765359477124	52.8705882352941	1.94117647058824	51.0692810457516	51	interval	0	0.010757010779553	-4.53219757143619	-1.99681197131863	1.39922479892048	0.335918368207617	-1.61870233627086	3.33128572861298	1.2033583341617	1.62579766384539	101.726543091917	4.62228826302231	1.52456365984037	0.0144723080314975	-4.23551824646271	-0.382867528082552
LV3003061539	ST13	ST13	130055.6		234.8	45.25	4.4753194982822	mgca_jonkers_2013	3.677784	79008042	72.6	11352714	80.9	12.6881606418456	130.0556	-0.576197141547656	-0.540763418188505	-1.00628864052542	-0.672136397749716	-0.568551794025897	-0.646196372422515	-0.0183216844454355	18.06	596.99	1878.93	113.836666666667	67.0166666666667	197.26	10.6033333333333	13429.5666666667	203.953333333333	38.7066666666667	0.75	69.07	10	interval	0	0.0302517630111057	-3.49820081484471	0.473458402855122	3.14733915140957	1.14655738202754	-0.76726189285552	1.69863218104949	0.529823327815702	-0.516754818832529	56.3021062558944	4.03073194574061	-0.348740057028122	0.0151868886313036	-4.1873228134206	-0.220050019958983
LV3003061541	ST13	ST13	91090		194.8	185.23	8.51453551396245	mgca_jonkers_2013	4.0255	66138813	67.5	39989469	69.2	7.62752397756975	91.09	-0.281652379387956	-0.443648424191843	-0.186701860241983	-0.650170531512694	-0.00484335400398422	0.349711821591006	-0.00327032326918325	12.45	495.16	7017.07666666667	54.8033333333333	27.67	424.166666666667	8.11	9384.8	132.5	35.8766666666667	0	44.2166666666667	10	interval	0	0.0251433879957993	-3.68316031975289	0.0315808220175622	14.1713318254032	2.65122103837575	0.813135138265732	1.98060474641609	0.683402225555841	-0.0282117653315519	61.055487053021	4.11178307453629	-0.0920723883824189	0.014118574716563	-4.26026399276523	-0.466465506051017
LV3003061543	ST13	ST13	62293		151	184.56	8.01949712798326	mgca_jonkers_2013	4.57949	90294874	80.7	44589548	82.9	7.91259892566273	62.293	0.0497737730398848	-0.444451748460476	0.837499266136623	0.197257242904116	0.852536772114779	0.571071616255169	-0.0278752623360165	17.4533333333333	611.153333333333	4392.5	89.9666666666667	53.9966666666667	339.95	9.5	13009.7033333333	168.58	41.1233333333333	0	60.0133333333333	10	interval	0	0.0285580268999596	-3.55581723003318	0.335809882587672	7.18723070042434	1.97230593765449	0.100048592288202	1.66615223161924	0.510516915091912	-0.578169596272785	64.3319298245614	4.16405608380027	0.0734625229783367	0.0129580203084313	-4.34604035370515	-0.75624178696838
LV3003061544	ST13	ST13	45122		111	154.76	6.64079224502277	mgca_jonkers_2013	4.33366	98492472	76.2	36658491	81.2	8.48981108255027	45.122	0.0701241827070177	-0.499717432928161	-0.581861806626563	-0.544674628776529	0.331597990019009	0.102402423238608	-0.01972383319126	16.47	527.15	3622.06	91.0733333333333	54.75	313.2	8.31666666666667	11634.67	106.31	49.8766666666667	0	55.1566666666667	10	interval	0	0.0312434790856492	-3.46594459383341	0.550520140852916	6.87102342786683	1.92731306571666	0.0527911198742427	1.6634398782344	0.508887674094621	-0.583352302903824	63.3847695390782	4.14922360449354	0.0264919509398962	0.00913734553708872	-4.6953853583349	-1.93642587369568
LV3003061545	ST13	ST13	23172		65	284.94		""	4.8514	110691172	77.3	54077025	90.3	7.63783856522009	23.172	3.29108016100029	-0.198092515906466	-0.284431535033362	0.574259990829896	0.75190365784633	0.392112532945707	-0.0260615629290684	17.5166666666667	633.776666666667	1812.37666666667	105.59	82.75	195.136666666667	10.2533333333333	13461.66	187.68	40.3533333333333	1.65	66.1066666666667	10	interval	0	0.0276385477534147	-3.58854382294585	0.257624402406568	2.85964561648951	1.05069770683589	-0.867946418223005	1.27601208459215	0.243739655561251	-1.4268029625329	61.8117685305592	4.12409377563136	-0.0530876265855525	0.0139418169824524	-4.27286253906962	-0.509026881388536
LV3003061546	ST13	ST13	7197		25	267.14		""	3.37985	57808931	62.4	41212328	62.7	6.14534613060279	7.197	-0.661396426260465	3.09673308202889	-1.01937545154861	-0.550920990946385	-1.05233838941252	-0.603256121841653	-0.0205676686967072	11.3843137254902	1077.71960784314	1515.21437908497	86.637908496732	26.6751633986928	135.196078431373	9.64444444444444	20408.3300653595	317.830718954248	51.7333333333333	1.6437908496732	46.9640522875817	51	interval	0	0.0105633354377526	-4.5503661947282	-2.04021772822422	1.40594489332657	0.340709598684784	-1.61366995153186	3.24788670276628	1.17800453953779	1.54514582673977	111.745120628897	4.71622056926432	1.82202263927576	0.0155735779427502	-4.16217952231333	-0.135109025642501
LV3003061555	ST13	ST13	126443		229.8	21.95	4.18191901963659	mgca_jonkers_2013	3.25303	31281860	66.5	2674404	82.3	13.9174660887275	126.443	-0.638451993997736	-0.549915208149109	-1.14461871682703	-0.79359010940953	-2.11535523382643	-2.68243539153006	-0.0183216844454355	19.1266666666667	507.45	2556.40333333333	123.813333333333	88.09	181.133333333333	11.0266666666667	11120.58	179.396666666667	24.8866666666667	0.44	77.57	10	interval	0	0.0376917266068907	-3.27831466200972	0.998777506205012	5.03774427694026	1.61695841779742	-0.273184430938651	1.40553222083475	0.340416035921852	-1.11926999571407	46.020253929867	3.82908160240745	-0.987313810089628	0.0161319523502072	-4.12695335571905	-0.0161052880764162
LV3003061556	ST13	ST13	86617.4		189.8	171.57	7.55543370271281	mgca_jonkers_2013	4.134088	66695607	68.8	34433301	71.6	8.5404217959206	86.6174	-0.439655845703952	-0.500953668915604	0.0148225401601058	-0.687312381103472	-0.515880928818131	0.111004384367329	-0.00228068341731363	16.4733333333333	560.403333333333	6708.07333333333	60.5866666666667	28.0433333333333	439.12	8.72	10402.23	171.04	34.37	0	48.8566666666667	10	interval	0	0.0293954949114031	-3.52691385068509	0.404861512838853	11.9700810725608	2.48241029252613	0.63582773774701	2.16046594556044	0.770323913970064	0.248290981453344	64.2664373088685	4.16303752465656	0.070237013294772	0.0164426281672295	-4.10787803794431	0.048336413361021
LV3003061557	ST13	ST13	58082		146	188.06	8.02994189743588	mgca_jonkers_2013	4.48508	59537389	82.9	38572967	90.5	7.14615019137165	58.082	-0.40776855743869	-0.528369134234656	0.31582291704289	-0.650307927580866	-0.374288669357166	-0.0958422116402694	-0.0184097375413452	15.6266666666667	450.313333333333	6129.06666666667	108.88	47.8166666666667	407.043333333333	8.88666666666667	9364.64	119.843333333333	31.5833333333333	0	61.7233333333333	10	interval	0	0.0347017632167232	-3.36096478015822	0.801322207643699	13.6106710882793	2.61085412391794	0.77073645900244	2.27703032415476	0.822872104583947	0.415449711436518	50.6729182295574	3.92539161067641	-0.682325271904561	0.012797430903199	-4.35851083888923	-0.798370536407975
LV3003061558	ST13	ST13	42626		106	207.2	6.3587844067591	mgca_jonkers_2013	4.47496	75419217	85.6	38072076	102.9	8.37469053564879	42.626	0.887343823124658	-0.425943655458137	-0.505110886361516	-0.326042506032632	0.618745390954627	0.26846696474908	-0.0197333017712612	19.4666666666667	620.716666666667	2896.18	103.35	69.48	273.96	9.49666666666667	13249.2766666667	175.953333333333	44.33	0.07	61.02	10	interval	0	0.031361598152673	-3.46217112329737	0.559535152180148	4.66586472625728	1.54027318180677	-0.353729421029378	1.48747841105354	0.397082344754873	-0.939011301614343	65.3615303615304	4.17993386462174	0.123743290775982	0.0132802218385255	-4.32147943036512	-0.673268192106335
LV3003061559	ST13	ST13	21069		60	362.3		""	4.90793	96182866	67.5	57351399	75.1	7.53156383007576	21.069	2.01658913228722	-0.216178684206348	-0.184661613863064	0.0326540320559057	0.578901230175497	0.305107659890371	-0.0201685414111746	13.98	910.706666666667	1739.27333333333	86.8033333333333	39.93	167.166666666667	9.24666666666667	17172.7333333333	222.223333333333	40.8766666666667	1.01666666666667	43.4066666666667	10	interval	0	0.0153507166595904	-4.17659311811758	-1.14725500669822	1.90980630426189	0.647001825534848	-1.2919612933031	2.17388763669755	0.776517102311576	0.267991859554372	98.4902667627974	4.58995772870467	1.42218133657504	0.0129404754048084	-4.34739525141822	-0.76081900633296
LV3003061568	ST13	ST13	121635.4		224.8	14.6	3.88851854099099	mgca_jonkers_2013	3.209168	4865312	58.4	1285941	66.6	15.0912241071525	121.6354	-0.661396426260465	-0.545505475575122	-1.15738604387469	-0.789449721747584	-2.26563002757392	-3.17511451643714	-0.0183216844454355	18.8866666666667	476.97	2617.64333333333	132.16	81.6633333333333	188.94	9.92333333333333	11697.8666666667	168.29	32.3566666666667	0.236666666666667	74.84	10	interval	0	0.0395971794172939	-3.22899739009447	1.11659895484177	5.48806703426491	1.7025761050474	-0.183257397630928	1.61835176945998	0.48140820505559	-0.670766029076213	48.0655021834061	3.87256470946915	-0.849614213787466	0.0143863838420681	-4.24147308625327	-0.402984624553634
LV3003061569	ST13	ST13	81694.6		184.8	141.44	6.59633189146317	mgca_jonkers_2013	3.806108	68025287	68.4	40574926	70.4	7.84255695133946	81.6946	-0.661396426260465	-0.4842791483516	0.901088877066792	-0.536950649913221	0.371324409974298	0.491534291651509	0.0149462761371241	11.43	460.446666666667	8989.01333333333	55.7333333333333	20.9933333333333	485.373333333333	8.16333333333333	8362.09666666667	153.06	29.4533333333333	0	40.43	10	interval	0	0.0248237218932341	-3.69595555503956	0.0010123599235128	19.5223768225057	2.97156133702042	1.14959894184774	2.65481105112734	0.976373484977723	0.903746177928155	56.4042466312781	4.03254445055031	-0.343000329638406	0.0183040218382232	-4.00063447070072	0.410634856983827
LV3003061570	ST13	ST13	55466		141	127.35	8.04038666688849	mgca_jonkers_2013	4.32864	79639505	71.1	31089341	73.9	6.57988298438419	55.466	-0.277627024973305	-0.511429767457482	-0.0635653862323704	-0.579206927903716	0.19979555383234	0.244848240678321	-0.0227767805952317	19.3033333333333	331.58	4181.43333333333	403.18	75.6333333333333	256.473333333333	10.07	8671.58333333333	176.01	39.7533333333333	0.403333333333333	95.0233333333333	10	interval	0	0.0582162173030139	-2.84359131524173	2.03735349557526	12.6106319239198	2.53454026164111	0.690581534766141	5.33071837814015	1.67348600923459	3.12130006225463	32.9275074478649	3.49430840108085	-2.04745274197501	0.0202973313216541	-3.89726586356376	0.759842613194601
LV3003061571	ST13	ST13	40457		101	159.84	6.07677656849543	mgca_jonkers_2013	4.53172	90191213	63	44685952	68.8	8.70107494147892	40.457	0.468182498375819	-0.204750983641931	-0.916448100139851	-0.400237690434802	0.0954988708711097	0.0442002030466237	-0.0188750801045388	19.4933333333333	648.44	2891.69333333333	104.05	83.7066666666667	266.286666666667	10.5233333333333	14799.3666666667	267.62	46.4366666666667	0.326666666666667	69.95	10	interval	0	0.0300618921308576	-3.50449695149996	0.458416615004185	4.45946168239673	1.49502805973307	-0.401251839940948	1.2430312201338	0.217552928974055	-1.51010440274606	61.6192587899905	4.12097446437158	-0.0629656672831279	0.0180832062633311	-4.01277160216693	0.369632268639596
LV3003061572	ST13	ST13	19099		55	341.81		""	4.96297	148847098	75.5	75948836	100.4	7.43201022654066	19.099	-0.337189315416449	0.578674600760137	0.296913884425263	2.41023557830652	1.27198887161987	0.851832412948794	-0.0404643910841858	14.53	841.603333333333	2260.54	81.1833333333333	49.11	192.943333333333	8.52666666666667	16237.1033333333	211.32	44.4666666666667	0.236666666666667	47.1266666666667	10	interval	0	0.0172646654599752	-4.05909332510317	-0.866542078147197	2.68599221327545	0.988050199092918	-0.933747127123245	1.65309169890722	0.502647291533289	-0.603203308454639	98.7025019546521	4.59211029520277	1.42899795014825	0.0130146366418805	-4.34168065933636	-0.741513533096556
LV7001898064	ST13	ST13	6808		20	117.6		""	3.36232	104626976	54	53467555	54.8	6.18967560972194	6.808	-0.618119751923919	2.36942773336883	-0.466876960773664	-0.104328233264493	0.305631130362685	0.304533411327734	-0.0120848856671645	14.3483660130719	1326.6137254902	2070.26732026144	89.4673202614379	33.4261437908497	153.191503267974	10.7111111111111	23356.7320261438	343.907189542484	35.7209150326797	1.09281045751634	55.4993464052288	51	interval	0	0.0108157828743782	-4.52674883436729	-1.983794663796	1.56056528021859	0.445048114739719	-1.50407982465592	2.67656720503696	0.984535079834387	0.929708667120251	123.853978520869	4.81910327912445	2.14782519966108	0.0147241141936098	-4.21826870788489	-0.32459381395141
LV7001898076	ST13	ST13	6429		15	184.76		""	3.34716	115346098	55.3	78619492	56	6.25051014241062	6.429	-0.403481988290016	2.69875053562724	0.924925222118956	2.72297101657455	1.3389617669002	1.01192441339443	-0.046002090502207	17.497385620915	903.915032679739	2037.85424836601	90.3333333333333	50.8111111111111	189.86339869281	10.2098039215686	18015.7006535948	429.073202614379	55.4928104575163	0.967320261437908	48.937908496732	51	interval	0	0.0193573344709651	-3.94468388889764	-0.593212167794206	2.25447544812327	0.81291732865482	-1.11769486010953	1.77782637218456	0.575391478883801	-0.371799984589149	88.5340247103259	4.48338693813176	1.08469959179843	0.0238166258900824	-3.73737137537875	1.30001043586424
LV7001898088	ST13	ST13	6031		10	202.91		""	3.33124	117014401	60.1	89334062	61.3	6.31439442739767	6.031	-0.199150283066776	-0.442776461140673	0.903871188447934	0.383750026009227	0.626621069249189	0.724922348764072	-0.028935480184426	16.5915032679739	595.925490196078	4787.67516339869	84.9856209150327	44.6013071895425	359.22091503268	8.4	11794.0065359477	419.752941176471	41.8941176470588	0	44.3862745098039	51	interval	0	0.0278415733861539	-3.5812249298056	0.275109607056242	8.03401640333156	2.08368457767406	0.217033189659592	1.90545134818288	0.644718908695607	-0.151265557333767	70.9435107376284	4.26188393695134	0.383257677839125	0.0355903602306034	-3.33568045783092	2.65703350014215
LV7001898100	ST13	ST13	5659		5	187.66		""	3.30613	172884713	66.3	153315655	67.1	6.37410536713431	5.659	-0.611037190313753	-0.480433443345483	1.27716637674915	-0.507438166149181	-0.649241498004721	0.367163835975636	-0.0237996175335509	8.36535947712418	211.524183006536	7578.30588235294	43.7673202614379	24.4124183006536	615.898039215686	5.75032679738562	5062.45555555556	107.322875816993	58.483660130719	0	11.883660130719	51	interval	0	0.0395480051416424	-3.23024002493709	1.11363023756285	35.8271369951056	3.57870562288022	1.78730227361015	1.79283017857621	0.583795476571409	-0.34506639844982	36.7847238008638	3.60508264488421	-1.69665976320387	0.0211997665242151	-3.85376511037354	0.906800193796539
LV7008886221	GeoB25202_R1	GeoB25202	50355.5		129.5	94.36	8.9755353679	uk37_alkenone	4.336445	97977738	44.9	30262882	47	8.9755353679	50.3555	-0.141629953465501	-0.380351933254165	-0.771601265056416	-0.3526698136111	0.230381455675009	0.258267495993503	0.0154423802741672	2370	6206.5	53724	5795	1532	13256.5	1189.5	45648.5	1027	986.5	116.5	12652	2	interval	0	0.381857729799404	-0.962707174826826	0.174147536424921	8.65608636107307	2.15826269907296	-0.237711257879614	3.78263707571802	1.33042140547332	-0.113360334586821	5.2177385456074	1.65206407921299	-0.578124452704542	0.0224980010296067	-3.79432881684714	-0.571861813909225
LV7008886222	GeoB25202_R1	GeoB25202	136277.5		240.5	16.76	10.5709554267778	uk37_alkenone	4.81445	109142321	47.1	9773429	50.6	10.5709554267778	136.2775	-0.372121435005555	-0.480382276652302	-0.669450322983644	-0.466398004176297	-0.151214407144475	-0.310144035353506	0.0388156486677545	1691.5	6387.5	48079	4345	1364	10701.5	972	51860.5	1838.5	1224.5	118.5	10308.5	2	interval	0	0.264814090019569	-1.3287272462912	-0.468056080499597	7.52704500978474	2.01850253581195	-0.41456598730502	3.18548387096774	1.15860419929609	-0.610341048121594	6.57150205761317	1.88274243005152	0.0899607460944369	0.0354508730151078	-3.33960739964693	1.67998655232377
LV7008886690	GeoB25202_R1	GeoB25202	2324		20.5	49.49	6.90941715213889	uk37_alkenone	3.21564	490228857	43.4	46279822	44.7	6.90941715213889	2.324	-0.478829012928007	2.55910237037428	-0.804991941158647	-0.409396400481898	-1.1416511060979	-0.828874602124419	-0.0108290184542081	1537	12086	41992	5249	977	6683	1522	80467	1909	1043	143	15325	1	fallback_nearest	1.5	0.127171934469634	-2.06221529338291	-1.75500374686289	3.47443322852888	1.24543136601063	-1.39282251886369	5.37256908904811	1.68130620920952	0.901572826120316	7.94086727989488	2.07202249849987	0.638149215876402	0.0237240110852896	-3.7412676177452	-0.309094831778156
LV7008886692	GeoB25202_R1	GeoB25202	53875		139.5	51.47	6.235490352	uk37_alkenone	4.3875	102859565	52.6	21513038	56	6.235490352	53.875	-0.191558729481759	-0.432812983198437	-0.798088147010123	-0.524666439972282	-0.660847283237077	-0.218587327572183	0.00602414015543414	2558	6281	38004.5	6372.5	1809.5	11246	1007.5	51392.5	1440	1321.5	81	10832.5	2	interval	0	0.407259990447381	-0.898303500315593	0.287147549098732	6.05070848590989	1.80017537029555	-0.690840648715553	3.52169107488256	1.25894129324647	-0.320116328171061	6.23424317617866	1.83005718863354	-0.0626250074388018	0.0280196526730554	-3.57484913382978	0.51503435356635
LV7008886695	GeoB25202_R1	GeoB25202	95387.5		201.5	81.19	6.490722559125	uk37_alkenone	3.76225	82123360	42.3	30717060	43.5	6.490722559125	95.3875	-0.408199847074034	-0.334596624541458	0.468317016091213	-0.377936086282884	-0.00551441496628629	0.675277791777819	0.36148156621844	2000.5	5434.5	102567	2854	566	19265	536.5	39662	1121	1026	89.5	6177.5	2	interval	0	0.368111141779373	-0.999370370705952	0.109819815523203	18.8733094120894	2.93774872355225	0.748662732630914	5.04240282685512	1.6178827198336	0.718120588092446	10.1295433364399	2.31545623693249	1.34317626737016	0.0282638293580757	-3.56617240637362	0.55800280371484
LV7008886703	GeoB25202_R1	GeoB25202	27685.5		84.5	41.04	7.86592749392857	uk37_alkenone	4.75	139576170	55.3	32441759	57.3	7.86592749392857	27.6855	3.74344470002889	-0.228942193328019	-0.272646151540878	0.957864372001911	1.4133148031365	0.479653409932548	-0.00576312363786921	2585	6416	50943.5	4932	2067.5	11361.5	1447	53595	1056	1298	91	14678.5	2	interval	0	0.402899002493766	-0.909069362603821	0.26825821422387	7.9400716957606	2.07192230491105	-0.346967763393785	2.38548972188634	0.869404437386389	-1.44685042471868	4.43400138217001	1.48930242291487	-1.04951092269408	0.0197033305345648	-3.92696759485941	-1.2287088509481
LV7008886705	GeoB25202_R1	GeoB25202	59738		159.5	23.86	7.834293148625	uk37_alkenone	4.55546	95103090	43.4	12531371	45.3	7.834293148625	59.738	0.0946706720596652	-0.411896829347153	-0.835850054900424	-0.501876079774374	-1.24866862792721	-1.10110162005005	-0.0183216844454355	2392	3617.5	40444	7767	1335	13750.5	518	34769	869	908.5	27.5	5569.5	2	interval	0	0.661230131306151	-0.413653343435117	1.13749458729927	11.1800967519005	2.41413512170565	0.086073767955068	5.81797752808989	1.7609526975853	1.1319500363207	6.98359073359073	1.94356321624616	0.266108472520639	0.024993528718111	-3.68913833889727	-0.0509428579182355
LV7008886706	GeoB25202_R1	GeoB25202	79025.5		185.5	126.07	8.49363513875	uk37_alkenone	4.046175	120762355	45.3	44372285	46.5	8.49363513875	79.0255	-0.433727728793197	-0.276654862658728	1.33623926262034	0.0287380047930857	0.82315422874827	0.892181411030584	0.252130170455094	1608.5	5516	124612	1783	483.5	21998	718.5	36346	1012	1028	98	7032.5	2	interval	0	0.291606236403191	-1.23235089223411	-0.298958132089729	22.5910079767948	3.11755194997116	0.97618858990072	3.68769389865564	1.30500130296979	-0.186887898917585	7.67710508002784	2.03824253339411	0.540316477688929	0.0278435040994883	-3.5811555857938	0.483803861632783
LV7008886708	GeoB25202_R1	GeoB25202	109630.5		213.5	133.59	10.5363336105	uk37_alkenone	4.06956	52842490	42	23753897	43.3	10.5363336105	109.6305	-0.238684538512593	-0.108053825290802	0.00342577473297831	-0.437803981598196	-0.948784390457033	0.279954436862076	0.373273918566194	2291.5	3690.5	168259	2709.5	580	21207	694	24131	1043.5	950	207.5	7925	2	interval	0	0.620918574718873	-0.476555325260928	1.02712938224742	45.5924671453733	3.81974250869387	1.86475167089864	4.67155172413793	1.5414912914657	0.497158628444146	5.31772334293948	1.6710452687033	-0.523151579402908	0.0432431312419709	-3.14091687343127	2.6639317106573
LV7008886709	GeoB25202_R1	GeoB25202	147206		249.5	17.31	9.36027059022222	uk37_alkenone	4.79734	129046666	45.6	8580922	48.3	9.36027059022222	147.206	-0.478829012928007	-0.368228572708796	-0.756132722839742	-0.342943665284601	-0.155359642292962	-0.252861907795229	0.0281786577759285	1610.5	9460	42375.5	3509	1418	9200	1236	69759	1471.5	1355.5	139.5	12461	2	interval	0	0.170243128964059	-1.77052769327467	-1.24322079722272	4.47943974630021	1.49949798197724	-1.07132258945328	2.47461212976023	0.906083668491142	-1.34075586729965	7.6537216828479	2.03519202402829	0.531481664414527	0.021094052380338	-3.8587641559442	-0.890955235914252
LV7008886714	GeoB25202_R1	GeoB25202	692		4.5	129.27	8.77194686709375	uk37_alkenone	3.23	360661611	64.2	217864971	64.8	8.77194686709375	0.692	-0.368761116022657	-0.251909397191005	0.886360718315693	-0.154678777093808	-0.0668865261145457	0.657090616086495	-0.0183216844454355	2110			4961	1197	8399				1228			1	fallback_nearest	7.5							4.14452798663325	1.42178890674308	0.150919867525745						
LV7008886719	GeoB25202_R1	GeoB25202	87282.5		195.5	42.16	8.63470754958333	uk37_alkenone	4.160225	234101729	39.4	26822639	40.8	8.63470754958333	87.2825	-0.364281405799257	-0.292027282348444	-0.652504752055693	-0.490734301711503	-0.926324398594918	0.212861369606112	0.252955465667896	2044.5	5438	65661.5	2690	677	18050.5	566	41415.5	1052	1143.5	91.5	6079.5	2	interval	0	0.375965428466348	-0.978258085387719	0.146862554569363	12.0745678558293	2.4911014105611	0.183468131790974	3.97341211225997	1.37962519968361	0.0289614811341639	9.60777385159011	2.26257254698923	1.19001577189873	0.0254011179389359	-3.67296209258227	0.0291643296000008
LV7008886727	GeoB25202_R1	GeoB25202	16437.5		59.5	79.12	7.29751179212	uk37_alkenone	4.806875	181407355	47.9	57424152	48.6	7.29751179212	16.4375	-0.376523150834618	1.91405795283021	0.399002469017225	4.26711735050248	1.80349392021212	0.898893656447696	-0.0183670853608089	1234.5	9465	35073	4535	1055	6888	954	70751.5	1230	1542.5	122	9248.5	2	interval	0	0.130427892234548	-2.03693475485819	-1.71064756384424	3.70554675118859	1.30983081903151	-1.31133042860418	4.29857819905213	1.45828431663907	0.256482722692569	9.92138364779874	2.29469239219514	1.28304050998869	0.0173847904284715	-4.0521595683277	-1.84867819977674
LV7008886730	GeoB25202_R1	GeoB25202	75351		179.5	65.59	7.8788526045	uk37_alkenone	3.98861	89081140	43.4	31762557	44.5	7.8788526045	75.351	0.0602359005255025	-0.217101506459358	1.40513173942452	0.193042684332599	1.04769262833341	1.0041383140244	0.249218606311269	1424.5	4819.5	129620	2007	546.5	22327.5	744	33911	1003	974	88	7415.5	2	interval	0	0.295570079883805	-1.21884931328606	-0.275268822375263	26.8949061105924	3.29193690475768	1.19685808022633	3.67246111619396	1.30086204117975	-0.198860700266727	6.47782258064516	1.86838443239093	0.0483774519250378	0.029577423254991	-3.52074393654894	0.782971370590397
LV7008886740	GeoB25202_R1	GeoB25202	43105		119.5	37.22	8.3026120984	uk37_alkenone	4.4621	126565168	46	28164282	47.8	8.3026120984	43.105	0.2185578440755	-0.458790340875586	-0.480678766600272	-0.211140933294556	0.792589318621984	0.212958322705237	0.0125175747589803	2493.5	6744.5	50245	4711	1427	12283.5	1360	49098.5	1023.5	1211.5	124	15230	2	interval	0	0.36970865149381	-0.995040011923557	0.117417683207095	7.44977388983616	2.00818368157332	-0.427623629280894	3.30133146461107	1.1943258612232	-0.507016256453898	4.95919117647059	1.60124265817964	-0.725312253600869	0.0208458506879029	-3.87060035831644	-0.94956987768424
LV7008886741	GeoB25202_R1	GeoB25202	58997		155.5	11.14	9.918947659625	uk37_alkenone	4.43018	84181826	45.8	4319623	50.5	9.918947659625	58.997	-0.478829012928007	-0.529728463682967	-0.844662892940866	-0.519599467599317	-1.30422974426133	-2.16845908389702	-0.0176866283051754	3378.5	3079.5	11486.5	34711	2841	2906	668	35927	944	1132.5	29.5	11876.5	2	interval	0	1.09709368403962	0.0926645778651313	2.02585898510901	3.72998863451859	1.31640518660513	-1.30301111950174	12.2178810278071	2.50290053672781	3.27803176298012	4.61002994011976	1.52823435159045	-0.936757189132569	0.0262755031035155	-3.63911821479005	0.196764266683789
LV7008886743	GeoB25202_R1	GeoB25202	81670.5		189.5	85.87	7.83914049266667	uk37_alkenone	3.80659	54153294	42.7	24381951	43.7	7.83914049266667	81.6705	-0.478829012928007	-0.352862036921673	-0.0788314520948836	-0.475657896589178	-0.635837641303078	0.355049372845309	0.358222117704696	2051	6621.5	102586	2784.5	641.5	19884.5	969	45002	1245	992	128.5	10111	2	interval	0	0.309748546401873	-1.17199445129464	-0.193059227363152	15.4928641546477	2.74037954079962	0.498908635338961	4.34060795011691	1.46801441897403	0.284627012247642	6.83333333333333	1.92181259747625	0.203114843460654	0.0276654370916848	-3.58757140331047	0.452031775149759
LV7008886744	GeoB25202_R1	GeoB25202	105578.5		209.5	52.79	8.648961519375	uk37_alkenone	3.936775	48866737	42	21324633	43	8.648961519375	105.5785	-0.441465520947776	-0.274862151574256	-0.454164496916964	-0.478827658600653	-1.24067811131918	-0.0726820384921295	0.327135000885598	2113	5203	119886.5	2589	751	20013.5	697.5	35546.5	1179.5	1007.5	119	7791	2	interval	0	0.406111858543148	-0.901126643674247	0.282194179004107	23.0418028060734	3.13731007955795	1.00119084076028	3.4474034620506	1.2376213279874	-0.381784258774356	7.4594982078853	2.00948814759478	0.45703870375281	0.0331818885122305	-3.40575107865359	1.35243317596231
LV7008886751	GeoB25202_R1	GeoB25202	7133.5		38.5	84.76	6.13742853745238	uk37_alkenone	3.376675	167350731	43.1	40174994	44.4	6.13742853745238	7.1335	-0.455282590591369	3.42269408022071	-0.699873430944241	-0.155680770223945	0.296583683232494	0.0657475013891057	0.0235223036122645	1074	12970	31344.5	3725	728.5	5901	1042.5	90701.5	2006	1618	213.5	11326.5	2	interval	0	0.0828064764841943	-2.49124900224168	-2.50776847506295	2.41669236700077	0.882399814762935	-1.8522084073081	5.11324639670556	1.6318345051784	0.758476082108518	12.4412470023981	2.52101732363753	1.9385174382146	0.0221165030346797	-3.81143120548208	-0.656555396506234
LV7008886754	GeoB25202_R1	GeoB25202	71889.5		173.5	93.18	10.5567572325	uk37_alkenone	4.211105	95700354	45.2	38747528	46.3	10.5567572325	71.8895	0.36339202048763	-0.0101061402037528	2.72645833704066	0.741370380901982	1.09292042417931	0.985159047013403	0.176433368038307	1508	4519.5	153786.5	2422.5	744.5	20027.5	909	32432	907	944.5	178	9854.5	2	interval	0	0.333665228454475	-1.09761709867056	-0.0625598132699541	34.0273260316407	3.52716390862975	1.49451806539428	3.25386165211551	1.17984249164086	-0.54890935615893	4.97194719471947	1.60381155306099	-0.717872280836794	0.0279662062160829	-3.57675841857665	0.505579290366624
LV7008886757	GeoB25202_R1	GeoB25202	123119.5		227.5	7.44	15.0483957938462	uk37_alkenone	3.120315	60956974	49.7	2845166	54	15.0483957938462	123.1195	-0.478829012928007	-0.482251194711621	-0.867110645781846	-0.549387462317922	-1.235028855194	-2.30229274549747	0.0151756624357628	2695.5	6387.5	58387.5	6286	2506.5	7700.5	2207	52593	1083	1035	146.5	20611	2	interval	0	0.421996086105675	-0.862759239620237	0.349512032795326	9.14090019569472	2.2127588702984	-0.168750937628727	2.50787951326551	0.919437580653955	-1.30212971953008	2.89420027186226	1.06270882825522	-2.28500122968892	0.0205920940049056	-3.88284806302099	-1.01022234045773
LV7008886765	GeoB25202_R1	GeoB25202	58181		149.5	42.2	7.16758002833333	uk37_alkenone	4.47914	133978185	51.4	29219035	54.5	7.16758002833333	58.181	0.195782337799473	-0.339042590613563	-0.614554386459818	-0.222024680332669	0.661094210154148	0.360924037287607	0.0293464254664851	2358	3642	24859	10039	1812	10226	540.5	35409	795	1208.5	57	6557	2	interval	0	0.647446457990115	-0.434719179190237	1.10053334672754	6.82564524986271	1.92068687870663	-0.538343472729262	5.54028697571744	1.7120463000886	0.990488439632579	6.73820536540241	1.90779362320829	0.162513420844601	0.0224519190036431	-3.79637918944285	-0.582015565206536
LV7008886768	GeoB25202_R1	GeoB25202	102295.5		205.5	82.16	7.669916553875	uk37_alkenone	3.86591	70034523	44	24756324	45.4	7.669916553875	102.2955	-0.41730667953865	-0.379719353195527	0.713228191152647	-0.4542997500617	0.338622878121033	0.62700841188254	0.334206584246918	1790.5	5529	127693.5	2532	517.5	20543	655.5	37832	1027	1014	85.5	7197.5	2	interval	0	0.323837945378911	-1.12751205689945	-0.115012265469051	23.0952251763429	3.13962589383906	1.0041213089175	4.89275362318841	1.58775525812454	0.630977002474404	8.43478260869565	2.13236394313418	0.812908684581579	0.0271463311482343	-3.60651337439515	0.358228305537725
LV7008886776	GeoB25202_R1	GeoB25202	36607		105.5	70.05	9.28041102375	uk37_alkenone	4.45607	152962664	56	41404251	58.3	9.28041102375	36.607	2.7670317432261	-0.420752415996977	0.482658588431777	1.36020054259979	1.59079637930049	0.74074563513153	0.0013500501928349	2312	5849	44819	4630	1588.5	11723	1149.5	46614.5	992.5	1287	88.5	11707	2	interval	0	0.395281244657206	-0.928157755650758	0.234766512506598	7.66267738074885	2.03636145019489	-0.391967033516389	2.91469940195153	1.06976669337071	-0.867303246877763	5.08829926054806	1.62694364123979	-0.650877672658809	0.0212916581750314	-3.84943991795082	-0.844780216885994
LV7008886778	GeoB25202_R1	GeoB25202	68149		167.5	72.83	8.09207392775	uk37_alkenone	4.42745	72287871	47.2	32290184	48	8.09207392775	68.149	-0.360598444567744	-0.327147337365683	2.06134209521259	0.136310984336022	0.951286214160373	0.961721728512654	0.292251787187044	1676.5	4521.5	128195	2492.5	823.5	18834	698	35037.5	913	897.5	128	6760	2	interval	0	0.370784031847838	-0.992135510274252	0.122513801179764	28.3523167090567	3.34470874496753	1.26363640463458	3.02671523982999	1.1074779522183	-0.758223552548212	6.47779369627507	1.86837997341816	0.0483645379532771	0.0260577952194078	-3.64743831487808	0.155561888521186
LV7008886781	GeoB25202_R1	GeoB25202	120023.5		223.5	10.9	15.13774048625	uk37_alkenone	3.269765	10414526	51.1	1644170	53.5	15.13774048625	120.0235	-0.478829012928007	-0.537634091304925	-0.881022762755184	-0.558922150460992	-1.32090499496516	-2.41262919774661	-0.0186078358144665	4401	6257	57097	6376.5	2326.5	7752.5	1975.5	50097.5	1078.5	1178	108	19935	2	interval	0	0.703372223110117	-0.351869049187272	1.24589874414332	9.1252996643759	2.21105073886094	-0.170912434268017	2.74081237911025	1.00825436518225	-1.04522745734799	3.16729941786889	1.15287930614692	-2.02385161842679	0.0215280203602974	-3.83839991979909	-0.7901084973214
