sample	module	module_abundance	core	age_kyr	state	state_label	index	value
LV3003046936	leiden1	0.0675888164049875	ST8	22.905	3	IG-A	OAP	585.744176974282
LV3003046936	leiden2	0.226342027148859	ST8	22.905	3	IG-A	OAP	569.148991591895
LV3003046936	leiden3	0.0310325837344991	ST8	22.905	3	IG-A	OAP	591.509814338315
LV3003046936	leiden4	0.652404017895113	ST8	22.905	3	IG-A	OAP	445.915997694111
LV3003046936	grey	0.00475604725534557	ST8	22.905	3	IG-A	OAP	612.576030852464
LV3003046936	leiden5	0.0156151657679419	ST8	22.905	3	IG-A	OAP	239.905461718608
LV3003046936	leiden6	0.00226134179325361	ST8	22.905	3	IG-A	OAP	561.380159033207
LV3003046937	leiden1	0.0275715531018451	ST8	18.598	3	IG-A	OAP	488.906342386443
LV3003046937	leiden4	0.729887040534651	ST8	18.598	3	IG-A	OAP	387.676602885905
LV3003046937	leiden2	0.203187200348685	ST8	18.598	3	IG-A	OAP	563.899829905064
LV3003046937	leiden3	0.0212952201075113	ST8	18.598	3	IG-A	OAP	586.780395368073
LV3003046937	leiden5	0.0143959755920384	ST8	18.598	3	IG-A	OAP	234.10695098858
LV3003046937	leiden6	0.00240447479296818	ST8	18.598	3	IG-A	OAP	486.535387177352
LV3003046937	grey	0.00125853552230132	ST8	18.598	3	IG-A	OAP	534.450216450216
LV3003046938	leiden3	0.303806676365772	ST8	11.169	1	IG-D	OAP	698.787628123051
LV3003046938	leiden4	0.531410418974653	ST8	11.169	1	IG-D	OAP	565.209091697505
LV3003046938	leiden1	0.0339063813883958	ST8	11.169	1	IG-D	OAP	631.775889709045
LV3003046938	leiden2	0.0849094379412982	ST8	11.169	1	IG-D	OAP	576.311746309027
LV3003046938	leiden6	0.0190600766140334	ST8	11.169	1	IG-D	OAP	512.079364771525
LV3003046938	grey	0.0269070087158474	ST8	11.169	1	IG-D	OAP	632.315223133602
LV3003046939	leiden3	0.136189321809062	ST8	2.42	1	IG-D	OAP	610.970766523644
LV3003046939	leiden4	0.802420386438417	ST8	2.42	1	IG-D	OAP	349.530669872674
LV3003046939	leiden1	0.00662742083037104	ST8	2.42	1	IG-D	OAP	571.736332386694
LV3003046939	leiden2	0.0446195037030558	ST8	2.42	1	IG-D	OAP	569.788615616675
LV3003046939	leiden6	0.00229200770009359	ST8	2.42	1	IG-D	OAP	305.106817399365
LV3003046939	grey	0.00352318084631316	ST8	2.42	1	IG-D	OAP	479.59347826087
LV3003046939	leiden5	0.00432817867268749	ST8	2.42	1	IG-D	OAP	595.37707035405
LV3003046949	leiden1	0.064534801475789	ST8	22.3686666666667	3	IG-A	OAP	547.662684955354
LV3003046949	leiden2	0.194733038940185	ST8	22.3686666666667	3	IG-A	OAP	601.172499513802
LV3003046949	leiden3	0.0313815449905374	ST8	22.3686666666667	3	IG-A	OAP	572.466758482338
LV3003046949	leiden4	0.688840205692875	ST8	22.3686666666667	3	IG-A	OAP	353.090805937874
LV3003046949	grey	0.00224809313528703	ST8	22.3686666666667	3	IG-A	OAP	626.691757853865
LV3003046949	leiden5	0.0164454894764008	ST8	22.3686666666667	3	IG-A	OAP	255.449320277603
LV3003046949	leiden6	0.00181682628892585	ST8	22.3686666666667	3	IG-A	OAP	456.390138408305
LV3003046950	leiden1	0.057981312567371	ST8	18.099	3	IG-A	OAP	577.136855697143
LV3003046950	leiden2	0.244606698666357	ST8	18.099	3	IG-A	OAP	594.345058168757
LV3003046950	leiden4	0.631955219768268	ST8	18.099	3	IG-A	OAP	497.360700428235
LV3003046950	leiden6	0.0102875138367242	ST8	18.099	3	IG-A	OAP	572.474752834467
LV3003046950	leiden3	0.0302897373801824	ST8	18.099	3	IG-A	OAP	598.267124134487
LV3003046950	leiden5	0.0211224544052746	ST8	18.099	3	IG-A	OAP	433.516063670171
LV3003046950	grey	0.00375706337582235	ST8	18.099	3	IG-A	OAP	632.708431093731
LV3003046952	leiden3	0.303315248057641	ST8	10.26	1	IG-D	OAP	659.652135626963
LV3003046952	leiden4	0.563267502929815	ST8	10.26	1	IG-D	OAP	496.889824954128
LV3003046952	leiden2	0.0705169495203785	ST8	10.26	1	IG-D	OAP	588.850336905602
LV3003046952	leiden6	0.00727114892139416	ST8	10.26	1	IG-D	OAP	487.646377605484
LV3003046952	leiden1	0.0275897391379834	ST8	10.26	1	IG-D	OAP	622.484326233073
LV3003046952	grey	0.0278084986327532	ST8	10.26	1	IG-D	OAP	595.226910224994
LV3003046952	leiden5	0.000230912800034724	ST8	10.26	1	IG-D	OAP	405.2
LV3003046953	leiden1	0.0064390028429954	ST8	1.5215	1	IG-D	OAP	556.515251178181
LV3003046953	leiden3	0.0649280889399481	ST8	1.5215	1	IG-D	OAP	659.677527850865
LV3003046953	leiden4	0.874965462332129	ST8	1.5215	1	IG-D	OAP	406.427523947503
LV3003046953	leiden2	0.0373811177116432	ST8	1.5215	1	IG-D	OAP	526.943182433352
LV3003046953	leiden5	0.0145203626818681	ST8	1.5215	1	IG-D	OAP	560.072906234352
LV3003046953	grey	0.000730289898277479	ST8	1.5215	1	IG-D	OAP	66.5
LV3003046953	leiden6	0.001035675593139	ST8	1.5215	1	IG-D	OAP	91.5555555555556
LV3003046965	leiden1	0.0665505382532902	ST8	21.8323333333333	3	IG-A	OAP	574.414218771567
LV3003046965	leiden2	0.214692880686631	ST8	21.8323333333333	3	IG-A	OAP	564.239106980961
LV3003046965	leiden3	0.0362607476751289	ST8	21.8323333333333	3	IG-A	OAP	569.378714645728
LV3003046965	leiden4	0.652748727145557	ST8	21.8323333333333	3	IG-A	OAP	440.597744223447
LV3003046965	leiden5	0.0232858750558646	ST8	21.8323333333333	3	IG-A	OAP	86.3472890710836
LV3003046965	leiden6	0.00341000159136584	ST8	21.8323333333333	3	IG-A	OAP	560.83520021645
LV3003046965	grey	0.00305122959216248	ST8	21.8323333333333	3	IG-A	OAP	519.992728442728
LV3003046966	leiden1	0.0731596843201466	ST8	17.373	3	IG-A	OAP	600.740324109226
LV3003046966	leiden4	0.595533305730167	ST8	17.373	3	IG-A	OAP	468.098857489242
LV3003046966	leiden2	0.23655412102734	ST8	17.373	3	IG-A	OAP	589.631360067659
LV3003046966	grey	0.00552816150361978	ST8	17.373	3	IG-A	OAP	693.837795342512
LV3003046966	leiden6	0.0251000614797807	ST8	17.373	3	IG-A	OAP	562.593273112568
LV3003046966	leiden3	0.0239620581924945	ST8	17.373	3	IG-A	OAP	602.210427589964
LV3003046966	leiden5	0.0401626077464524	ST8	17.373	3	IG-A	OAP	517.992981373081
LV3003046978	leiden1	0.0567054923903407	ST8	21.296	3	IG-A	OAP	501.68701117611
LV3003046978	leiden2	0.174142952509914	ST8	21.296	3	IG-A	OAP	565.421051359738
LV3003046978	leiden3	0.0410158567035269	ST8	21.296	3	IG-A	OAP	515.885680327919
LV3003046978	leiden4	0.685284903314752	ST8	21.296	3	IG-A	OAP	366.248972681615
LV3003046978	leiden5	0.039265154211338	ST8	21.296	3	IG-A	OAP	197.402706242815
LV3003046978	leiden6	0.00214801508664714	ST8	21.296	3	IG-A	OAP	573.264888337469
LV3003046978	grey	0.00143762578348148	ST8	21.296	3	IG-A	OAP	523.931081823174
LV3003046979	leiden2	0.131277610536387	ST8	16.461	3	IG-A	OAP	611.923449442216
LV3003046979	leiden3	0.0831497866550346	ST8	16.461	3	IG-A	OAP	438.728572786925
LV3003046979	leiden4	0.677146329335696	ST8	16.461	3	IG-A	OAP	398.370722393615
LV3003046979	leiden5	0.0665112129518435	ST8	16.461	3	IG-A	OAP	-62.1241805554853
LV3003046979	leiden1	0.0259263048867396	ST8	16.461	3	IG-A	OAP	564.487126660542
LV3003046979	grey	0.00902385478540746	ST8	16.461	3	IG-A	OAP	629.457190822608
LV3003046979	leiden6	0.00696490084889217	ST8	16.461	3	IG-A	OAP	532.034843086719
LV3003046980	leiden3	0.231435199081151	ST8	8.056	1	IG-D	OAP	620.465204645133
LV3003046980	leiden4	0.669660098581995	ST8	8.056	1	IG-D	OAP	405.951459731293
LV3003046980	grey	0.0184932326809202	ST8	8.056	1	IG-D	OAP	612.863180873181
LV3003046980	leiden2	0.058524601256478	ST8	8.056	1	IG-D	OAP	525.964492076967
LV3003046980	leiden1	0.0204450937153545	ST8	8.056	1	IG-D	OAP	672.030614996753
LV3003046980	leiden5	0.000596835729640355	ST8	8.056	1	IG-D	OAP	469.846153846154
LV3003046980	leiden6	0.000844938954461781	ST8	8.056	1	IG-D	OAP	820
LV3003046993	leiden1	0.0447990398981116	ST8	20.719	3	IG-A	OAP	367.697134730756
LV3003046993	leiden3	0.118954664576649	ST8	20.719	3	IG-A	OAP	521.056976316473
LV3003046993	leiden4	0.516279278617323	ST8	20.719	3	IG-A	OAP	435.56307248184
LV3003046993	leiden5	0.207243217647587	ST8	20.719	3	IG-A	OAP	-19.7675818313085
LV3003046993	leiden2	0.101137263546336	ST8	20.719	3	IG-A	OAP	543.620908392227
LV3003046993	grey	0.0109203425669663	ST8	20.719	3	IG-A	OAP	570.305203558623
LV3003046993	leiden6	0.000666193147027848	ST8	20.719	3	IG-A	OAP	674.766799923853
LV3003046994	leiden4	0.563438373826373	ST8	15.549	3	IG-A	OAP	289.2268715068
LV3003046994	leiden1	0.0133300640115877	ST8	15.549	3	IG-A	OAP	448.989618127799
LV3003046994	leiden3	0.0528363531257206	ST8	15.549	3	IG-A	OAP	289.745212323497
LV3003046994	grey	0.0427539597223891	ST8	15.549	3	IG-A	OAP	13.8982158851357
LV3003046994	leiden5	0.260495659488232	ST8	15.549	3	IG-A	OAP	291.357823641599
LV3003046994	leiden2	0.0671455898256975	ST8	15.549	3	IG-A	OAP	584.191079903015
LV3003046995	leiden1	0.0189651714972032	ST8	6.9705	1	IG-D	OAP	561.245704573548
LV3003046995	leiden3	0.278983574895717	ST8	6.9705	1	IG-D	OAP	618.06156853957
LV3003046995	leiden4	0.631589277104835	ST8	6.9705	1	IG-D	OAP	538.998331964883
LV3003046995	leiden2	0.0659478816891874	ST8	6.9705	1	IG-D	OAP	567.033690674224
LV3003046995	grey	0.00226558066704497	ST8	6.9705	1	IG-D	OAP	405.2
LV3003046995	leiden5	0.000671283160605918	ST8	6.9705	1	IG-D	OAP	280.926906779661
LV3003046995	leiden6	0.0015772309854067	ST8	6.9705	1	IG-D	OAP	618.443768159503
LV3003047009	leiden2	0.0767326194192605	ST8	20.142	3	IG-A	OAP	577.526253901176
LV3003047009	leiden4	0.537685798040997	ST8	20.142	3	IG-A	OAP	423.27618920008
LV3003047009	leiden5	0.185338474674904	ST8	20.142	3	IG-A	OAP	60.1735302560856
LV3003047009	leiden1	0.0642046783307681	ST8	20.142	3	IG-A	OAP	174.393794397868
LV3003047009	grey	0.0680987550919405	ST8	20.142	3	IG-A	OAP	19.3249884787248
LV3003047009	leiden3	0.067692215653536	ST8	20.142	3	IG-A	OAP	357.067535951529
LV3003047010	leiden3	0.249238901097297	ST8	13.676	1	IG-D	OAP	608.432851684855
LV3003047010	leiden4	0.636551729172903	ST8	13.676	1	IG-D	OAP	471.650908417844
LV3003047010	leiden1	0.0260138859483256	ST8	13.676	1	IG-D	OAP	675.038532972919
LV3003047010	leiden6	0.00538208260022048	ST8	13.676	1	IG-D	OAP	702.233160220138
LV3003047010	grey	0.0120359486906179	ST8	13.676	1	IG-D	OAP	649.270678706093
LV3003047010	leiden2	0.0704839639929037	ST8	13.676	1	IG-D	OAP	574.862479909216
LV3003047010	leiden5	0.00029348849773313	ST8	13.676	1	IG-D	OAP	820
LV3003047013	leiden1	0.0121836031475954	ST8	5.885	1	IG-D	OAP	657.41731497329
LV3003047013	leiden3	0.176217948928916	ST8	5.885	1	IG-D	OAP	646.145982316287
LV3003047013	leiden4	0.759327762620495	ST8	5.885	1	IG-D	OAP	366.474694574334
LV3003047013	leiden2	0.0400064505300295	ST8	5.885	1	IG-D	OAP	565.96951668783
LV3003047013	grey	0.00819151492014178	ST8	5.885	1	IG-D	OAP	628.333891472868
LV3003047013	leiden5	0.00224452116333334	ST8	5.885	1	IG-D	OAP	560.75
LV3003047013	leiden6	0.00182819868948926	ST8	5.885	1	IG-D	OAP	595.193405054791
LV3003047026	leiden1	0.0480425790321367	ST8	19.565	3	IG-A	OAP	488.444461850107
LV3003047026	leiden2	0.0833631322002181	ST8	19.565	3	IG-A	OAP	549.606615069491
LV3003047026	leiden4	0.555858437784924	ST8	19.565	3	IG-A	OAP	463.522377382218
LV3003047026	leiden5	0.196658521318975	ST8	19.565	3	IG-A	OAP	113.119438973643
LV3003047026	grey	0.0351618851395141	ST8	19.565	3	IG-A	OAP	62.1980932589519
LV3003047026	leiden3	0.0805362746030237	ST8	19.565	3	IG-A	OAP	394.714726766376
LV3003047026	leiden6	0.00037916992120849	ST8	19.565	3	IG-A	OAP	560.75
LV3003047027	leiden3	0.173283232363142	ST8	12.877	1	IG-D	OAP	647.447814413896
LV3003047027	leiden4	0.644947100399491	ST8	12.877	1	IG-D	OAP	480.26734312885
LV3003047027	leiden1	0.0275610211159401	ST8	12.877	1	IG-D	OAP	567.177737570356
LV3003047027	leiden2	0.114587448966153	ST8	12.877	1	IG-D	OAP	585.850848410393
LV3003047027	leiden6	0.0145089775670574	ST8	12.877	1	IG-D	OAP	492.578647380017
LV3003047027	grey	0.0241793428157513	ST8	12.877	1	IG-D	OAP	576.078394311414
LV3003047027	leiden5	0.000932876772465868	ST8	12.877	1	IG-D	OAP	216.890301724138
LV3003047028	leiden4	0.913595827023389	ST8	4.753	2	IG-E	OAP	284.624497337246
LV3003047028	leiden3	0.0751304055190981	ST8	4.753	2	IG-E	OAP	419.602777777778
LV3003047028	leiden2	0.011273767457513	ST8	4.753	2	IG-E	OAP	820
LV3003047041	leiden1	0.0475840127394038	ST8	19.097	3	IG-A	OAP	557.717496257488
LV3003047041	leiden2	0.153316146303758	ST8	19.097	3	IG-A	OAP	558.453483605133
LV3003047041	leiden4	0.731841796915241	ST8	19.097	3	IG-A	OAP	371.971771027613
LV3003047041	leiden3	0.0332654758035734	ST8	19.097	3	IG-A	OAP	552.872838343389
LV3003047041	leiden5	0.0309825118983294	ST8	19.097	3	IG-A	OAP	102.664635148269
LV3003047041	leiden6	0.00113450346033525	ST8	19.097	3	IG-A	OAP	440.897460405554
LV3003047041	grey	0.00187555287935915	ST8	19.097	3	IG-A	OAP	535.550607902736
LV3003047044	leiden1	0.0547942307866642	ST8	12.078	5	G-A	OAP	622.020415571349
LV3003047044	leiden4	0.616467580659296	ST8	12.078	5	G-A	OAP	453.288327461741
LV3003047044	leiden2	0.230913579650016	ST8	12.078	5	G-A	OAP	620.83677282907
LV3003047044	leiden6	0.0609194117167127	ST8	12.078	5	G-A	OAP	546.898157297648
LV3003047044	leiden3	0.0285378434649124	ST8	12.078	5	G-A	OAP	685.531423895254
LV3003047044	grey	0.00270148581719946	ST8	12.078	5	G-A	OAP	612.284153005465
LV3003047044	leiden5	0.00566586790520021	ST8	12.078	5	G-A	OAP	509.67832
LV3003047045	leiden1	0.00964934970253997	ST8	3.5865	1	IG-D	OAP	553.153786086134
LV3003047045	leiden3	0.190753921608771	ST8	3.5865	1	IG-D	OAP	641.387860777444
LV3003047045	leiden4	0.731214377950507	ST8	3.5865	1	IG-D	OAP	406.015397281126
LV3003047045	leiden2	0.0615602944539708	ST8	3.5865	1	IG-D	OAP	607.193425609319
LV3003047045	leiden6	0.00252369144052148	ST8	3.5865	1	IG-D	OAP	388.874747683007
LV3003047045	grey	0.00393883618576047	ST8	3.5865	1	IG-D	OAP	584.720057744565
LV3003047045	leiden5	0.000359528657929455	ST8	3.5865	1	IG-D	OAP	66.5
LV3003047059	leiden4	0.41034057752289	ST8	107.683	2	IG-E	OAP	424.420412714061
LV3003047059	leiden1	0.102399637790522	ST8	107.683	2	IG-E	OAP	-47.7850405305822
LV3003047059	leiden5	0.194825938223161	ST8	107.683	2	IG-E	OAP	-211.696069069265
LV3003047059	grey	0.0767682865479425	ST8	107.683	2	IG-E	OAP	244.806289568996
LV3003047059	leiden2	0.0952309085421068	ST8	107.683	2	IG-E	OAP	564.71199664843
LV3003047059	leiden3	0.120434651373378	ST8	107.683	2	IG-E	OAP	182.246074288546
LV3003047060	leiden4	0.736343509175288	ST8	106.686	2	IG-E	OAP	471.31194322681
LV3003047060	leiden2	0.156001192148848	ST8	106.686	2	IG-E	OAP	595.752165753703
LV3003047060	leiden3	0.0793630519010517	ST8	106.686	2	IG-E	OAP	225.011165375547
LV3003047060	grey	0.00261846979179972	ST8	106.686	2	IG-E	OAP	820
LV3003047060	leiden5	0.0146038233916635	ST8	106.686	2	IG-E	OAP	15.0198250728863
LV3003047060	leiden1	0.0110699535913484	ST8	106.686	2	IG-E	OAP	228.95
LV3003047061	leiden4	0.521830789159534	ST8	105.689	2	IG-E	OAP	404.852921300629
LV3003047061	leiden3	0.106931497802951	ST8	105.689	2	IG-E	OAP	239.00452219989
LV3003047061	leiden2	0.117294455309746	ST8	105.689	2	IG-E	OAP	596.514434180139
LV3003047061	leiden5	0.159965456808311	ST8	105.689	2	IG-E	OAP	-209.652961724544
LV3003047061	leiden1	0.0551675090802875	ST8	105.689	2	IG-E	OAP	-164.829281767956
LV3003047061	grey	0.038810291839171	ST8	105.689	2	IG-E	OAP	117.234973477542
LV3003047062	leiden1	0.0603264185478951	ST8	104.692	2	IG-E	OAP	-0.502781289506956
LV3003047062	leiden5	0.239043115720968	ST8	104.692	2	IG-E	OAP	-190.328875770381
LV3003047062	leiden4	0.44727476103315	ST8	104.692	2	IG-E	OAP	310.461544808053
LV3003047062	grey	0.04220052877771	ST8	104.692	2	IG-E	OAP	56.6475159330182
LV3003047062	leiden2	0.0929174293268253	ST8	104.692	2	IG-E	OAP	639.541291966427
LV3003047062	leiden3	0.111373805165751	ST8	104.692	2	IG-E	OAP	104.223108280255
LV3003047063	leiden1	0.175253961804145	ST8	103.695	2	IG-E	OAP	-160.428819846974
LV3003047063	leiden5	0.251279967492889	ST8	103.695	2	IG-E	OAP	-200.025671086675
LV3003047063	leiden3	0.149776513612353	ST8	103.695	2	IG-E	OAP	197.48699444885
LV3003047063	leiden4	0.2503860219423	ST8	103.695	2	IG-E	OAP	309.738949987588
LV3003047063	grey	0.0818366517675742	ST8	103.695	2	IG-E	OAP	-74.021796716948
LV3003047063	leiden2	0.0914668833807395	ST8	103.695	2	IG-E	OAP	568.017103744021
LV3003047064	leiden4	0.366758747697974	ST8	96.283	2	IG-E	OAP	171.481831695967
LV3003047064	grey	0.0900092081031307	ST8	96.283	2	IG-E	OAP	161.140530705168
LV3003047064	leiden5	0.195303867403315	ST8	96.283	2	IG-E	OAP	-30.6257661480434
LV3003047064	leiden3	0.268324125230203	ST8	96.283	2	IG-E	OAP	394.558583032491
LV3003047064	leiden1	0.0566298342541437	ST8	96.283	2	IG-E	OAP	-233.2
LV3003047064	leiden2	0.0229742173112339	ST8	96.283	2	IG-E	OAP	456.501317528674
LV3003047065	leiden4	0.729876493681405	ST8	53.61018	2	IG-E	OAP	345.918811384425
LV3003047065	leiden5	0.0313637275410494	ST8	53.61018	2	IG-E	OAP	237.00404311383
LV3003047065	leiden3	0.0316144654268275	ST8	53.61018	2	IG-E	OAP	321.027120966105
LV3003047065	leiden2	0.141530790612374	ST8	53.61018	2	IG-E	OAP	534.697537312346
LV3003047065	grey	0.0141416167578875	ST8	53.61018	2	IG-E	OAP	526.657138949672
LV3003047065	leiden1	0.0514729059804568	ST8	53.61018	2	IG-E	OAP	600.218450257875
LV3003047067	leiden4	0.73902937240262	ST8	42.86602	4	IG-B	OAP	429.403504077298
LV3003047067	leiden1	0.013784060554505	ST8	42.86602	4	IG-B	OAP	545.491824552297
LV3003047067	leiden2	0.193759786737176	ST8	42.86602	4	IG-B	OAP	614.241633269771
LV3003047067	leiden5	0.0147214200183137	ST8	42.86602	4	IG-B	OAP	550.169243858219
LV3003047067	leiden6	0.00831432426135532	ST8	42.86602	4	IG-B	OAP	468.614701691229
LV3003047067	leiden3	0.0285434084123948	ST8	42.86602	4	IG-B	OAP	487.822241911825
LV3003047067	grey	0.00184762761363452	ST8	42.86602	4	IG-B	OAP	645.757575757576
LV3003047068	leiden4	0.774593772242593	ST8	37.78969	4	IG-B	OAP	399.797449843527
LV3003047068	leiden2	0.179458722807112	ST8	37.78969	4	IG-B	OAP	581.420579340441
LV3003047068	leiden3	0.0240582633657956	ST8	37.78969	4	IG-B	OAP	252.628851787468
LV3003047068	leiden1	0.0127206549568726	ST8	37.78969	4	IG-B	OAP	489.227740705434
LV3003047068	leiden6	0.00523196389236525	ST8	37.78969	4	IG-B	OAP	338.561795634584
LV3003047068	leiden5	0.00393662273526128	ST8	37.78969	4	IG-B	OAP	251.313399468284
LV3003047069	leiden4	0.730071652063903	ST8	33.7436870748299	4	IG-B	OAP	479.939637396661
LV3003047069	leiden1	0.0115177962942742	ST8	33.7436870748299	4	IG-B	OAP	633.307957734852
LV3003047069	leiden2	0.218936025211888	ST8	33.7436870748299	4	IG-B	OAP	599.328566016321
LV3003047069	leiden6	0.00945069261151629	ST8	33.7436870748299	4	IG-B	OAP	289.612418981482
LV3003047069	leiden3	0.0191084721129264	ST8	33.7436870748299	4	IG-B	OAP	410.861819355308
LV3003047069	grey	0.00241350357130755	ST8	33.7436870748299	4	IG-B	OAP	695.580187207488
LV3003047069	leiden5	0.00850185813418477	ST8	33.7436870748299	4	IG-B	OAP	454.859768995398
LV3003047070	leiden4	0.684001162975102	ST8	30.128	5	G-A	OAP	385.77671442819
LV3003047070	leiden1	0.0256977850610562	ST8	30.128	5	G-A	OAP	574.933102181778
LV3003047070	leiden2	0.187665195326955	ST8	30.128	5	G-A	OAP	567.32298941339
LV3003047070	leiden6	0.0537413437648676	ST8	30.128	5	G-A	OAP	376.469309343126
LV3003047070	leiden5	0.0200514087857483	ST8	30.128	5	G-A	OAP	303.033547536662
LV3003047070	leiden3	0.0263255273034836	ST8	30.128	5	G-A	OAP	349.08745866573
LV3003047070	grey	0.00251757678278797	ST8	30.128	5	G-A	OAP	629.69512195122
LV3003047071	leiden1	0.0515240520427732	ST8	26.141	5	G-A	OAP	574.796546584497
LV3003047071	leiden3	0.0201829670847873	ST8	26.141	5	G-A	OAP	530.949836799339
LV3003047071	leiden4	0.581205678536623	ST8	26.141	5	G-A	OAP	448.109139434456
LV3003047071	leiden2	0.290198640995585	ST8	26.141	5	G-A	OAP	620.435910963711
LV3003047071	leiden6	0.0328680562105065	ST8	26.141	5	G-A	OAP	384.838682786619
LV3003047071	grey	0.00497388430048998	ST8	26.141	5	G-A	OAP	570.591478555305
LV3003047071	leiden5	0.0190467208292352	ST8	26.141	5	G-A	OAP	407.683463019728
LV3003047073	leiden5	0.345617095508068	ST8	101.685	2	IG-E	OAP	-244
LV3003047073	leiden3	0.234845180985608	ST8	101.685	2	IG-E	OAP	185.523537604457
LV3003047073	leiden1	0.134976013955517	ST8	101.685	2	IG-E	OAP	-100.815185783522
LV3003047073	grey	0.0985608373310074	ST8	101.685	2	IG-E	OAP	64.830781322776
LV3003047073	leiden4	0.186000872219799	ST8	101.685	2	IG-E	OAP	66.5
LV3003047074	leiden5	0.397179644389945	ST8	100.672	2	IG-E	OAP	-243.558196974375
LV3003047074	leiden3	0.183936235438381	ST8	100.672	2	IG-E	OAP	-11.1488363636363
LV3003047074	leiden2	0.0131207847946045	ST8	100.672	2	IG-E	OAP	666.666666666667
LV3003047074	leiden1	0.0955242182709994	ST8	100.672	2	IG-E	OAP	-233.2
LV3003047074	grey	0.0982219497240956	ST8	100.672	2	IG-E	OAP	-110.255470136014
LV3003047074	leiden4	0.212017167381974	ST8	100.672	2	IG-E	OAP	74.6116252168884
LV3003047077	leiden4	0.540474279143434	ST8	99.7145	2	IG-E	OAP	324.50581543148
LV3003047077	grey	0.154173265930442	ST8	99.7145	2	IG-E	OAP	268.924389421946
LV3003047077	leiden2	0.161832027944718	ST8	99.7145	2	IG-E	OAP	656.280460733024
LV3003047077	leiden3	0.110997808682823	ST8	99.7145	2	IG-E	OAP	-1.5259991476432
LV3003047077	leiden5	0.0272287431385737	ST8	99.7145	2	IG-E	OAP	-87.2834309819546
LV3003047077	leiden1	0.00529387516000955	ST8	99.7145	2	IG-E	OAP	820
LV3003047078	grey	0.114213197969543	ST8	98.757	2	IG-E	OAP	31.4012605191841
LV3003047078	leiden2	0.0963720513586145	ST8	98.757	2	IG-E	OAP	635.072701149425
LV3003047078	leiden3	0.185204538668259	ST8	98.757	2	IG-E	OAP	-58.7249002339342
LV3003047078	leiden4	0.37249925350851	ST8	98.757	2	IG-E	OAP	291.902405717116
LV3003047078	leiden5	0.231710958495073	ST8	98.757	2	IG-E	OAP	-232.500644329897
LV3003047079	leiden3	0.199708471809224	ST8	97.52	1	IG-D	OAP	484.213088662368
LV3003047079	leiden4	0.530482187627544	ST8	97.52	1	IG-D	OAP	387.011497710801
LV3003047079	grey	0.0837094046994345	ST8	97.52	1	IG-D	OAP	146.580489348704
LV3003047079	leiden5	0.105894700017492	ST8	97.52	1	IG-D	OAP	-172.216449619008
LV3003047079	leiden2	0.062451169028045	ST8	97.52	1	IG-D	OAP	616.006614694946
LV3003047079	leiden1	0.0167395487143607	ST8	97.52	1	IG-D	OAP	589.134508618051
LV3003047079	leiden6	0.00101451810390065	ST8	97.52	1	IG-D	OAP	820
LV3003047080	leiden4	0.71049988903684	ST8	87.9935	1	IG-D	OAP	340.317081380128
LV3003047080	leiden1	0.00652185974256547	ST8	87.9935	1	IG-D	OAP	594.31720344949
LV3003047080	leiden3	0.0854471815357301	ST8	87.9935	1	IG-D	OAP	345.402758771401
LV3003047080	leiden5	0.0809420772303595	ST8	87.9935	1	IG-D	OAP	-83.5880322547225
LV3003047080	grey	0.038598535286285	ST8	87.9935	1	IG-D	OAP	233.30458312923
LV3003047080	leiden2	0.0779904571682202	ST8	87.9935	1	IG-D	OAP	541.117882906192
LV3003047081	leiden4	0.709164102347932	ST8	52.20718	4	IG-B	OAP	423.17382597124
LV3003047081	leiden2	0.204295409518189	ST8	52.20718	4	IG-B	OAP	551.304759274659
LV3003047081	leiden6	0.00877137517739465	ST8	52.20718	4	IG-B	OAP	555.218921224872
LV3003047081	leiden3	0.0321347777824615	ST8	52.20718	4	IG-B	OAP	513.890448063928
LV3003047081	leiden5	0.00941772400904888	ST8	52.20718	4	IG-B	OAP	355.415860443187
LV3003047081	leiden1	0.0312460481389369	ST8	52.20718	4	IG-B	OAP	586.026611508622
LV3003047081	grey	0.00497056302603662	ST8	52.20718	4	IG-B	OAP	637.898792943361
LV3003047082	leiden4	0.804272810061779	ST8	41.9168333333333	4	IG-B	OAP	404.737094305616
LV3003047082	leiden6	0.0037510152846489	ST8	41.9168333333333	4	IG-B	OAP	203.622047244094
LV3003047082	leiden2	0.140367717640109	ST8	41.9168333333333	4	IG-B	OAP	591.004522188029
LV3003047082	leiden3	0.02979152821876	ST8	41.9168333333333	4	IG-B	OAP	486.560083840964
LV3003047082	leiden1	0.0132811538556204	ST8	41.9168333333333	4	IG-B	OAP	680.300260747005
LV3003047082	leiden5	0.00761032759851338	ST8	41.9168333333333	4	IG-B	OAP	108.319598965071
LV3003047082	grey	0.000925447340569544	ST8	41.9168333333333	4	IG-B	OAP	666.666666666667
LV3003047083	leiden1	0.0151838688941267	ST8	37.30319	4	IG-B	OAP	540.215019762846
LV3003047083	leiden4	0.747999497565409	ST8	37.30319	4	IG-B	OAP	431.970088855262
LV3003047083	leiden6	0.00895515771274041	ST8	37.30319	4	IG-B	OAP	495.622217049491
LV3003047083	leiden2	0.193610953074087	ST8	37.30319	4	IG-B	OAP	574.264872067761
LV3003047083	leiden3	0.0281732808239927	ST8	37.30319	4	IG-B	OAP	273.632252454992
LV3003047083	leiden5	0.00567086101033685	ST8	37.30319	4	IG-B	OAP	129.304560260586
LV3003047083	grey	0.000406380919307527	ST8	37.30319	4	IG-B	OAP	820
LV3003047084	leiden1	0.0240780443961764	ST8	33.276	5	G-A	OAP	535.076123291379
LV3003047084	leiden3	0.082725561973954	ST8	33.276	5	G-A	OAP	603.331660470596
LV3003047084	leiden4	0.679709018734026	ST8	33.276	5	G-A	OAP	490.661281812294
LV3003047084	leiden6	0.010695527614197	ST8	33.276	5	G-A	OAP	387.988009718994
LV3003047084	leiden2	0.192839688796098	ST8	33.276	5	G-A	OAP	566.731863817245
LV3003047084	grey	0.00256153392440854	ST8	33.276	5	G-A	OAP	473.835023923445
LV3003047084	leiden5	0.00739062456114071	ST8	33.276	5	G-A	OAP	308.022289808056
LV3003047085	leiden1	0.0477365585566041	ST8	29.703	5	G-A	OAP	630.12115672375
LV3003047085	leiden2	0.214378367140326	ST8	29.703	5	G-A	OAP	577.317527151735
LV3003047085	leiden4	0.602155421773873	ST8	29.703	5	G-A	OAP	431.332115563899
LV3003047085	leiden6	0.0562425425751166	ST8	29.703	5	G-A	OAP	371.700045734629
LV3003047085	grey	0.0145148606139495	ST8	29.703	5	G-A	OAP	569.595679758206
LV3003047085	leiden3	0.0223202986585674	ST8	29.703	5	G-A	OAP	362.984100916865
LV3003047085	leiden5	0.0426519506815634	ST8	29.703	5	G-A	OAP	552.120040334659
LV3003047087	leiden4	0.639679559940627	ST8	94.9015	2	IG-E	OAP	334.434388427006
LV3003047087	grey	0.0689339037806688	ST8	94.9015	2	IG-E	OAP	345.206366844152
LV3003047087	leiden2	0.164236444599668	ST8	94.9015	2	IG-E	OAP	676.682283854985
LV3003047087	leiden3	0.06762420326552	ST8	94.9015	2	IG-E	OAP	516.9510180503
LV3003047087	leiden5	0.0569064873832184	ST8	94.9015	2	IG-E	OAP	-185.28250863061
LV3003047087	leiden1	0.00261940103029774	ST8	94.9015	2	IG-E	OAP	666.666666666667
LV3003047088	leiden3	0.109364810225642	ST8	93.52	2	IG-E	OAP	461.479237913626
LV3003047088	leiden4	0.652189035259337	ST8	93.52	2	IG-E	OAP	301.087608518618
LV3003047088	leiden5	0.0909308290943872	ST8	93.52	2	IG-E	OAP	-201.02483863256
LV3003047088	leiden2	0.0264336333202904	ST8	93.52	2	IG-E	OAP	561.339534049552
LV3003047088	leiden1	0.0449545671927308	ST8	93.52	2	IG-E	OAP	-182.271566731141
LV3003047088	grey	0.0761271249076127	ST8	93.52	2	IG-E	OAP	420.589205040729
LV3003047089	leiden4	0.560686434051187	ST8	92.1385	2	IG-E	OAP	192.789647286938
LV3003047089	leiden3	0.177906460680094	ST8	92.1385	2	IG-E	OAP	386.458042963057
LV3003047089	grey	0.12903748476587	ST8	92.1385	2	IG-E	OAP	324.799890410414
LV3003047089	leiden5	0.102091566808265	ST8	92.1385	2	IG-E	OAP	-114.081355230472
LV3003047089	leiden1	0.00535396016935421	ST8	92.1385	2	IG-E	OAP	648.963223684211
LV3003047089	leiden2	0.0249240935252305	ST8	92.1385	2	IG-E	OAP	500.767749022709
LV3003047090	leiden1	0.0103750997605746	ST8	90.757	2	IG-E	OAP	592.357486263736
LV3003047090	leiden3	0.117780962054705	ST8	90.757	2	IG-E	OAP	378.746217829629
LV3003047090	leiden4	0.665584415584416	ST8	90.757	2	IG-E	OAP	216.888644227087
LV3003047090	grey	0.0645360226365813	ST8	90.757	2	IG-E	OAP	232.085887223193
LV3003047090	leiden2	0.023652325328303	ST8	90.757	2	IG-E	OAP	572.290978694979
LV3003047090	leiden5	0.116075963143002	ST8	90.757	2	IG-E	OAP	-150.720396124697
LV3003047090	leiden6	0.0019952114924182	ST8	90.757	2	IG-E	OAP	514.727272727273
LV3003047091	leiden4	0.686357682792155	ST8	89.37525	1	IG-D	OAP	326.879839363867
LV3003047091	leiden5	0.0699922097711727	ST8	89.37525	1	IG-D	OAP	-182.679399950562
LV3003047091	grey	0.031880013354678	ST8	89.37525	1	IG-D	OAP	425.798263331103
LV3003047091	leiden3	0.122905840959482	ST8	89.37525	1	IG-D	OAP	458.422736746009
LV3003047091	leiden2	0.0515439206252729	ST8	89.37525	1	IG-D	OAP	467.714904873878
LV3003047091	leiden1	0.0373203324972392	ST8	89.37525	1	IG-D	OAP	-141.221141110545
LV3003047093	leiden3	0.103283772177436	ST8	79.675	1	IG-D	OAP	394.513060339006
LV3003047093	leiden4	0.693386167648168	ST8	79.675	1	IG-D	OAP	353.103214272103
LV3003047093	leiden1	0.00465288015689758	ST8	79.675	1	IG-D	OAP	457.822464503043
LV3003047093	grey	0.0385287373544135	ST8	79.675	1	IG-D	OAP	135.084169033483
LV3003047093	leiden5	0.071607263737234	ST8	79.675	1	IG-D	OAP	-187.147480605558
LV3003047093	leiden2	0.0882334841483678	ST8	79.675	1	IG-D	OAP	610.935140910177
LV3003047094	leiden4	0.805451258517591	ST8	50.6848	4	IG-B	OAP	308.726959941699
LV3003047094	leiden5	0.0112040302903882	ST8	50.6848	4	IG-B	OAP	362.248575458392
LV3003047094	leiden2	0.114325356190187	ST8	50.6848	4	IG-B	OAP	582.590059719852
LV3003047094	leiden6	0.00223448502547376	ST8	50.6848	4	IG-B	OAP	723.366336633663
LV3003047094	leiden3	0.0603247746551877	ST8	50.6848	4	IG-B	OAP	434.553566463375
LV3003047094	grey	0.000410867119252601	ST8	50.6848	4	IG-B	OAP	820
LV3003047094	leiden1	0.00604922820191907	ST8	50.6848	4	IG-B	OAP	593.664337504385
LV3003047095	leiden4	0.823780739675663	ST8	40.9751666666667	4	IG-B	OAP	290.645224682292
LV3003047095	leiden1	0.0106041830238476	ST8	40.9751666666667	4	IG-B	OAP	677.326439645626
LV3003047095	leiden2	0.130387621831437	ST8	40.9751666666667	4	IG-B	OAP	568.981508628653
LV3003047095	leiden6	0.0015103787298314	ST8	40.9751666666667	4	IG-B	OAP	501.274878218511
LV3003047095	leiden3	0.0289399916125106	ST8	40.9751666666667	4	IG-B	OAP	368.77277109278
LV3003047095	leiden5	0.004777085126711	ST8	40.9751666666667	4	IG-B	OAP	159.638463846385
LV3003047096	leiden1	0.0181585728479747	ST8	36.89377	5	G-A	OAP	558.800641472868
LV3003047096	leiden4	0.777931653800588	ST8	36.89377	5	G-A	OAP	272.378143083524
LV3003047096	leiden2	0.146274787714202	ST8	36.89377	5	G-A	OAP	582.436413038394
LV3003047096	leiden6	0.0244392391071103	ST8	36.89377	5	G-A	OAP	598.732586313523
LV3003047096	leiden3	0.0225458427326939	ST8	36.89377	5	G-A	OAP	333.571458057901
LV3003047096	leiden5	0.0106499037974318	ST8	36.89377	5	G-A	OAP	384.477370470708
LV3003047097	leiden1	0.0239862146073559	ST8	32.835	5	G-A	OAP	518.683752189475
LV3003047097	leiden4	0.69073171930385	ST8	32.835	5	G-A	OAP	431.85486663116
LV3003047097	leiden2	0.188520158986614	ST8	32.835	5	G-A	OAP	604.624163520897
LV3003047097	leiden6	0.0424312419754148	ST8	32.835	5	G-A	OAP	390.911942640486
LV3003047097	leiden3	0.0314379442318207	ST8	32.835	5	G-A	OAP	578.2656929846
LV3003047097	leiden5	0.00844693176722099	ST8	32.835	5	G-A	OAP	361.42441314554
LV3003047097	grey	0.0144457891277238	ST8	32.835	5	G-A	OAP	517.321754098361
LV3003047098	leiden4	0.679412195360037	ST8	29.278	5	G-A	OAP	408.549979056753
LV3003047098	leiden3	0.0252497315589106	ST8	29.278	5	G-A	OAP	198.192770801921
LV3003047098	leiden2	0.161922851657827	ST8	29.278	5	G-A	OAP	593.991626698477
LV3003047098	leiden6	0.0616112973025738	ST8	29.278	5	G-A	OAP	406.099482245456
LV3003047098	grey	0.0151384505254938	ST8	29.278	5	G-A	OAP	574.159449467835
LV3003047098	leiden5	0.0194985845833469	ST8	29.278	5	G-A	OAP	347.615625300857
LV3003047098	leiden1	0.0371668890118114	ST8	29.278	5	G-A	OAP	702.681489559352
LV3003047099	leiden4	0.671455921523158	ST8	25.058	3	IG-A	OAP	456.151487599738
LV3003047099	leiden1	0.0578196937187847	ST8	25.058	3	IG-A	OAP	516.780152366623
LV3003047099	leiden2	0.204836270835948	ST8	25.058	3	IG-A	OAP	571.321311246869
LV3003047099	leiden6	0.00597660755801792	ST8	25.058	3	IG-A	OAP	422.801277777778
LV3003047099	leiden3	0.0351105772008359	ST8	25.058	3	IG-A	OAP	520.133217225111
LV3003047099	leiden5	0.0202646840267194	ST8	25.058	3	IG-A	OAP	516.58995274037
LV3003047099	grey	0.0045362451365356	ST8	25.058	3	IG-A	OAP	724.065934709413
LV3003047100	leiden3	0.115572961501957	ST8	86.61175	1	IG-D	OAP	389.435437679736
LV3003047100	leiden4	0.694494108150208	ST8	86.61175	1	IG-D	OAP	375.296900098954
LV3003047100	leiden5	0.0734675987677094	ST8	86.61175	1	IG-D	OAP	-154.969066730302
LV3003047100	grey	0.033336171259377	ST8	86.61175	1	IG-D	OAP	258.94640163612
LV3003047100	leiden2	0.074517631403859	ST8	86.61175	1	IG-D	OAP	545.627467610652
LV3003047100	leiden1	0.0081984530149811	ST8	86.61175	1	IG-D	OAP	547.008530318602
LV3003047101	leiden4	0.784229019065722	ST8	85.23	1	IG-D	OAP	312.000491154136
LV3003047101	leiden1	0.00996966380584836	ST8	85.23	1	IG-D	OAP	646.470185593532
LV3003047101	grey	0.0213169364283931	ST8	85.23	1	IG-D	OAP	406.10130536901
LV3003047101	leiden2	0.0820469251003206	ST8	85.23	1	IG-D	OAP	560.75780860937
LV3003047101	leiden3	0.0704548509110458	ST8	85.23	1	IG-D	OAP	389.773635437336
LV3003047101	leiden5	0.03198260468867	ST8	85.23	1	IG-D	OAP	-196.474921206664
LV3003047104	leiden4	0.788166470534987	ST8	83.84125	2	IG-E	OAP	187.263164040687
LV3003047104	leiden5	0.0706300353037024	ST8	83.84125	2	IG-E	OAP	-161.429157321371
LV3003047104	grey	0.0449895899339187	ST8	83.84125	2	IG-E	OAP	174.087799381333
LV3003047104	leiden2	0.0366615370688875	ST8	83.84125	2	IG-E	OAP	616.227835674241
LV3003047104	leiden3	0.0538720919706708	ST8	83.84125	2	IG-E	OAP	191.962659161127
LV3003047104	leiden1	0.0056802751878338	ST8	83.84125	2	IG-E	OAP	443.886852589641
LV3003047105	leiden4	0.678319761348061	ST8	82.4525	2	IG-E	OAP	245.2924551582
LV3003047105	leiden5	0.100104813351608	ST8	82.4525	2	IG-E	OAP	-208.562048969072
LV3003047105	grey	0.0564863339514634	ST8	82.4525	2	IG-E	OAP	187.684121752234
LV3003047105	leiden2	0.0297669918568088	ST8	82.4525	2	IG-E	OAP	638.790899241604
LV3003047105	leiden3	0.135322099492058	ST8	82.4525	2	IG-E	OAP	348.822651037975
LV3003047106	leiden3	0.0858510667736669	ST8	81.06375	2	IG-E	OAP	342.749868829266
LV3003047106	leiden4	0.698851592550571	ST8	81.06375	2	IG-E	OAP	293.072120670957
LV3003047106	leiden1	0.00277278135982511	ST8	81.06375	2	IG-E	OAP	609.697604790419
LV3003047106	leiden5	0.0935329440739408	ST8	81.06375	2	IG-E	OAP	-212.027135019084
LV3003047106	grey	0.0598776876885187	ST8	81.06375	2	IG-E	OAP	155.37757099195
LV3003047106	leiden2	0.0576694246893765	ST8	81.06375	2	IG-E	OAP	599.690780265387
LV3003047107	leiden4	0.727265814259177	ST8	71.517	1	IG-D	OAP	392.774282540379
LV3003047107	leiden3	0.0598350949996198	ST8	71.517	1	IG-D	OAP	418.767762241337
LV3003047107	leiden5	0.0454738031351504	ST8	71.517	1	IG-D	OAP	-171.865894250677
LV3003047107	leiden2	0.138804094742522	ST8	71.517	1	IG-D	OAP	569.286425741917
LV3003047107	grey	0.0200355592249393	ST8	71.517	1	IG-D	OAP	231.912559390999
LV3003047107	leiden1	0.00719150923924261	ST8	71.517	1	IG-D	OAP	610.495504761905
LV3003047107	leiden6	0.00139412439934965	ST8	71.517	1	IG-D	OAP	347.874462671831
LV3003047110	leiden1	0.00909806765200741	ST8	49.1548	4	IG-B	OAP	361.55341480949
LV3003047110	leiden4	0.763325609984081	ST8	49.1548	4	IG-B	OAP	399.729951817102
LV3003047110	leiden6	0.00525149982155098	ST8	49.1548	4	IG-B	OAP	746.458108594031
LV3003047110	leiden2	0.153766407396287	ST8	49.1548	4	IG-B	OAP	592.739684224591
LV3003047110	leiden5	0.0112167957353516	ST8	49.1548	4	IG-B	OAP	299.085303030303
LV3003047110	leiden3	0.0573416194107217	ST8	49.1548	4	IG-B	OAP	295.198719037278
LV3003047112	leiden4	0.717683027801459	ST8	40.0335	4	IG-B	OAP	483.895451839152
LV3003047112	leiden2	0.22858159203675	ST8	40.0335	4	IG-B	OAP	573.287495551151
LV3003047112	leiden6	0.00421039074143356	ST8	40.0335	4	IG-B	OAP	491.192873810806
LV3003047112	leiden3	0.0224288404099381	ST8	40.0335	4	IG-B	OAP	372.270547219278
LV3003047112	leiden5	0.00376573913363467	ST8	40.0335	4	IG-B	OAP	143.286115635179
LV3003047112	leiden1	0.0219995216162013	ST8	40.0335	4	IG-B	OAP	654.982210266361
LV3003047112	grey	0.00133088826058424	ST8	40.0335	4	IG-B	OAP	379.124423963134
LV3003047113	leiden1	0.0255930075498801	ST8	36.48927	5	G-A	OAP	577.483840400207
LV3003047113	leiden4	0.74020639768036	ST8	36.48927	5	G-A	OAP	341.058029773761
LV3003047113	leiden2	0.17669538910554	ST8	36.48927	5	G-A	OAP	573.456572518047
LV3003047113	leiden6	0.0227772813954419	ST8	36.48927	5	G-A	OAP	507.978107393247
LV3003047113	leiden3	0.0246747531476885	ST8	36.48927	5	G-A	OAP	406.680935099961
LV3003047113	leiden5	0.0084605141081597	ST8	36.48927	5	G-A	OAP	431.431922239736
LV3003047113	grey	0.00159265701292986	ST8	36.48927	5	G-A	OAP	274.560191846523
LV3003047114	leiden3	0.0322884697696868	ST8	32.3855	5	G-A	OAP	589.116077738516
LV3003047114	leiden4	0.72523609605945	ST8	32.3855	5	G-A	OAP	523.773802354777
LV3003047114	leiden6	0.039282559399674	ST8	32.3855	5	G-A	OAP	214.409286255119
LV3003047114	grey	0.00104729206699026	ST8	32.3855	5	G-A	OAP	66.5
LV3003047114	leiden2	0.189883158632874	ST8	32.3855	5	G-A	OAP	587.018124268794
LV3003047114	leiden5	0.00477200907045999	ST8	32.3855	5	G-A	OAP	347.959541984733
LV3003047114	leiden1	0.00749041500086516	ST8	32.3855	5	G-A	OAP	542.942588726514
LV3003047117	leiden1	0.0243973578107575	ST8	28.7616666666667	5	G-A	OAP	681.928613203862
LV3003047117	leiden4	0.687875096508536	ST8	28.7616666666667	5	G-A	OAP	471.879218358708
LV3003047117	leiden6	0.0234194046495668	ST8	28.7616666666667	5	G-A	OAP	363.45670642478
LV3003047117	leiden2	0.220187012095736	ST8	28.7616666666667	5	G-A	OAP	573.529388990723
LV3003047117	leiden5	0.0100712018529639	ST8	28.7616666666667	5	G-A	OAP	279.088739352641
LV3003047117	leiden3	0.0290640816676675	ST8	28.7616666666667	5	G-A	OAP	415.716726926325
LV3003047117	grey	0.00498584541477224	ST8	28.7616666666667	5	G-A	OAP	567.731159669649
LV3003047118	leiden1	0.0700427752549014	ST8	24.528	3	IG-A	OAP	489.90821106067
LV3003047118	leiden2	0.221388082023029	ST8	24.528	3	IG-A	OAP	529.055492397729
LV3003047118	leiden4	0.653007526202306	ST8	24.528	3	IG-A	OAP	428.210003510174
LV3003047118	leiden5	0.0147796612224056	ST8	24.528	3	IG-A	OAP	344.650582755724
LV3003047118	grey	0.00141978086583904	ST8	24.528	3	IG-A	OAP	563.044994212963
LV3003047118	leiden6	0.00458436180319746	ST8	24.528	3	IG-A	OAP	504.827180232558
LV3003047118	leiden3	0.034777812628322	ST8	24.528	3	IG-A	OAP	594.065500179123
LV3003047122	leiden4	0.756766667430615	ST8	76.951	2	IG-E	OAP	347.300587128701
LV3003047122	leiden2	0.103980931863498	ST8	76.951	2	IG-E	OAP	529.190182413436
LV3003047122	leiden3	0.0619026883322256	ST8	76.951	2	IG-E	OAP	291.910489061528
LV3003047122	leiden5	0.0436825338619852	ST8	76.951	2	IG-E	OAP	-37.9606768100735
LV3003047122	leiden1	0.00786102262049366	ST8	76.951	2	IG-E	OAP	318.467930029155
LV3003047122	grey	0.0258061558911833	ST8	76.951	2	IG-E	OAP	383.00739693372
LV3003047123	leiden4	0.759338334295057	ST8	75.589	2	IG-E	OAP	267.968328580786
LV3003047123	leiden3	0.0551644547028275	ST8	75.589	2	IG-E	OAP	294.052165354331
LV3003047123	leiden1	0.0578188113098673	ST8	75.589	2	IG-E	OAP	695.56
LV3003047123	leiden2	0.0899788420850164	ST8	75.589	2	IG-E	OAP	475.805255402751
LV3003047123	leiden5	0.0211963839199846	ST8	75.589	2	IG-E	OAP	530.087114337568
LV3003047123	grey	0.0165031736872475	ST8	75.589	2	IG-E	OAP	530.375
LV3003047124	leiden3	0.0496229347763514	ST8	74.227	2	IG-E	OAP	343.816259092241
LV3003047124	leiden1	0.0447153301479477	ST8	74.227	2	IG-E	OAP	415.010107832682
LV3003047124	leiden4	0.763744171320016	ST8	74.227	2	IG-E	OAP	255.819941727249
LV3003047124	leiden2	0.083932991767889	ST8	74.227	2	IG-E	OAP	454.390399368789
LV3003047124	leiden5	0.032654999712164	ST8	74.227	2	IG-E	OAP	357.781159100926
LV3003047124	grey	0.0253295722756318	ST8	74.227	2	IG-E	OAP	450.504194078947
LV3003047125	leiden4	0.793503997325831	ST8	72.872	2	IG-E	OAP	324.924523551459
LV3003047125	leiden3	0.0754802826448276	ST8	72.872	2	IG-E	OAP	510.827412776541
LV3003047125	leiden1	0.0058126038794024	ST8	72.872	2	IG-E	OAP	516.656203407881
LV3003047125	leiden2	0.0676806224871631	ST8	72.872	2	IG-E	OAP	601.705126413951
LV3003047125	leiden5	0.0360641429194871	ST8	72.872	2	IG-E	OAP	-189.262512873326
LV3003047125	grey	0.021458350743289	ST8	72.872	2	IG-E	OAP	375.341177207406
LV3003047126	leiden4	0.73531741541247	ST8	64.210824	4	IG-B	OAP	440.969798285072
LV3003047126	leiden5	0.0118252800724228	ST8	64.210824	4	IG-B	OAP	73.3814992025519
LV3003047126	grey	0.00705367583267323	ST8	64.210824	4	IG-B	OAP	-45.5748399955151
LV3003047126	leiden3	0.027032803993311	ST8	64.210824	4	IG-B	OAP	492.616188399994
LV3003047126	leiden2	0.20314837866043	ST8	64.210824	4	IG-B	OAP	553.038701376421
LV3003047126	leiden1	0.0142016521443929	ST8	64.210824	4	IG-B	OAP	621.889731568303
LV3003047126	leiden6	0.0014207938842996	ST8	64.210824	4	IG-B	OAP	310.676991150442
LV3003047127	leiden4	0.775347871450265	ST8	47.6248	2	IG-E	OAP	384.315628891777
LV3003047127	leiden1	0.00823321591272998	ST8	47.6248	2	IG-E	OAP	457.492485710303
LV3003047127	leiden5	0.0221687344400483	ST8	47.6248	2	IG-E	OAP	334.540790942515
LV3003047127	leiden2	0.143941819984918	ST8	47.6248	2	IG-E	OAP	592.853723998882
LV3003047127	leiden3	0.0487794799747942	ST8	47.6248	2	IG-E	OAP	342.96269923375
LV3003047127	leiden6	0.00152887823724471	ST8	47.6248	2	IG-E	OAP	666.666666666667
LV3003047128	leiden1	0.0501688645455985	ST8	39.57797	5	G-A	OAP	668.723819393984
LV3003047128	leiden4	0.689281572049724	ST8	39.57797	5	G-A	OAP	386.272678995107
LV3003047128	leiden2	0.197149995657039	ST8	39.57797	5	G-A	OAP	585.436126544483
LV3003047128	leiden6	0.0186083108947011	ST8	39.57797	5	G-A	OAP	535.777611217754
LV3003047128	leiden3	0.0319539748312632	ST8	39.57797	5	G-A	OAP	298.932677188583
LV3003047128	leiden5	0.00913554637005094	ST8	39.57797	5	G-A	OAP	305.381465481887
LV3003047128	grey	0.00370173565162299	ST8	39.57797	5	G-A	OAP	566.742581090407
LV3003047129	leiden4	0.708119441833562	ST8	36.0373	5	G-A	OAP	445.627459979362
LV3003047129	leiden2	0.213752922179645	ST8	36.0373	5	G-A	OAP	580.227349868971
LV3003047129	leiden1	0.0262002024437857	ST8	36.0373	5	G-A	OAP	541.046971943188
LV3003047129	leiden6	0.0242209529318198	ST8	36.0373	5	G-A	OAP	487.408491144713
LV3003047129	leiden3	0.0194791892608392	ST8	36.0373	5	G-A	OAP	253.354104007993
LV3003047129	leiden5	0.00790494782252428	ST8	36.0373	5	G-A	OAP	180.733533718174
LV3003047129	grey	0.00032234352782397	ST8	36.0373	5	G-A	OAP	350
LV3003047130	leiden1	0.0132058557544595	ST8	31.936	5	G-A	OAP	501.434474017744
LV3003047130	leiden4	0.638335683059462	ST8	31.936	5	G-A	OAP	475.560564791379
LV3003047130	leiden2	0.243352644527903	ST8	31.936	5	G-A	OAP	610.593443846144
LV3003047130	leiden6	0.0742947859774663	ST8	31.936	5	G-A	OAP	227.846966943168
LV3003047130	grey	0.00227864197677128	ST8	31.936	5	G-A	OAP	66.5
LV3003047130	leiden3	0.0221229676843548	ST8	31.936	5	G-A	OAP	534.171528414299
LV3003047130	leiden5	0.00640942101958368	ST8	31.936	5	G-A	OAP	261.825015403574
LV3003047131	leiden4	0.703206336162315	ST8	28.2453333333333	5	G-A	OAP	437.976901083422
LV3003047131	leiden2	0.205709913713711	ST8	28.2453333333333	5	G-A	OAP	597.23103858126
LV3003047131	leiden6	0.0203289930432565	ST8	28.2453333333333	5	G-A	OAP	473.982087753503
LV3003047131	leiden3	0.0361835673500616	ST8	28.2453333333333	5	G-A	OAP	454.336503906534
LV3003047131	leiden5	0.012012071579365	ST8	28.2453333333333	5	G-A	OAP	333.586765746638
LV3003047131	leiden1	0.0176001360177957	ST8	28.2453333333333	5	G-A	OAP	563.051532766305
LV3003047131	grey	0.0049589821334958	ST8	28.2453333333333	5	G-A	OAP	604.226714285714
LV3003047132	leiden1	0.0605498141533637	ST8	23.987	3	IG-A	OAP	584.541628732305
LV3003047132	leiden2	0.211011132130785	ST8	23.987	3	IG-A	OAP	573.811967917804
LV3003047132	leiden3	0.0311830333751794	ST8	23.987	3	IG-A	OAP	580.218681313742
LV3003047132	leiden4	0.680693799158355	ST8	23.987	3	IG-A	OAP	415.032539507721
LV3003047132	leiden6	0.00363886907835257	ST8	23.987	3	IG-A	OAP	575.630998765499
LV3003047132	grey	0.0031136364889856	ST8	23.987	3	IG-A	OAP	535.495656862745
LV3003047132	leiden5	0.00980971561497821	ST8	23.987	3	IG-A	OAP	394.053645741525
LV3003047133	leiden3	0.0661596471686185	ST8	70.162	1	IG-D	OAP	463.962293652795
LV3003047133	leiden4	0.729995183189331	ST8	70.162	1	IG-D	OAP	394.604774506496
LV3003047133	leiden6	0.00762410813739952	ST8	70.162	1	IG-D	OAP	670.062390409482
LV3003047133	leiden2	0.125173104133426	ST8	70.162	1	IG-D	OAP	548.283247709736
LV3003047133	grey	0.0220858295451124	ST8	70.162	1	IG-D	OAP	122.924918377297
LV3003047133	leiden5	0.0417218592889183	ST8	70.162	1	IG-D	OAP	-108.167015423469
LV3003047133	leiden1	0.00724026853719481	ST8	70.162	1	IG-D	OAP	580.994906444906
LV3003047134	leiden1	0.0117168196341606	ST8	68.807	1	IG-D	OAP	666.481714000997
LV3003047134	leiden3	0.200600553021815	ST8	68.807	1	IG-D	OAP	549.323315099469
LV3003047134	leiden4	0.633987076038614	ST8	68.807	1	IG-D	OAP	445.955218796515
LV3003047134	leiden5	0.0480593310171301	ST8	68.807	1	IG-D	OAP	-127.951879758883
LV3003047134	leiden2	0.0918182195413616	ST8	68.807	1	IG-D	OAP	563.57327959352
LV3003047134	grey	0.0126448098563124	ST8	68.807	1	IG-D	OAP	600.102737171838
LV3003047136	leiden3	0.121755465729093	ST8	67.8766	1	IG-D	OAP	513.665263935481
LV3003047136	leiden4	0.675765859934068	ST8	67.8766	1	IG-D	OAP	496.819516965696
LV3003047136	leiden5	0.0310985548985067	ST8	67.8766	1	IG-D	OAP	-136.148442825244
LV3003047136	leiden2	0.153391273838327	ST8	67.8766	1	IG-D	OAP	584.614147867095
LV3003047136	leiden1	0.00968883171182761	ST8	67.8766	1	IG-D	OAP	629.538021354688
LV3003047136	grey	0.00830001388817824	ST8	67.8766	1	IG-D	OAP	567.488000880669
LV3003047137	leiden4	0.718257855474343	ST8	66.9462	1	IG-D	OAP	326.171053700314
LV3003047137	leiden3	0.0329490367467912	ST8	66.9462	1	IG-D	OAP	299.262372132244
LV3003047137	leiden5	0.0511591691156155	ST8	66.9462	1	IG-D	OAP	6.483758837392
LV3003047137	leiden2	0.145148569562706	ST8	66.9462	1	IG-D	OAP	593.940586675852
LV3003047137	grey	0.0229271845879487	ST8	66.9462	1	IG-D	OAP	397.714432031092
LV3003047137	leiden1	0.0263331072765177	ST8	66.9462	1	IG-D	OAP	685.85365910413
LV3003047137	leiden6	0.00322507723607867	ST8	66.9462	1	IG-D	OAP	312.876947040499
LV3003047138	leiden4	0.679617476249622	ST8	66.0158	1	IG-D	OAP	414.384105258985
LV3003047138	leiden5	0.036519352781228	ST8	66.0158	1	IG-D	OAP	-89.1965644030794
LV3003047138	grey	0.0290921145389238	ST8	66.0158	1	IG-D	OAP	126.960956182104
LV3003047138	leiden3	0.0994410688509181	ST8	66.0158	1	IG-D	OAP	459.996720688817
LV3003047138	leiden2	0.138352244116956	ST8	66.0158	1	IG-D	OAP	542.407477399236
LV3003047138	leiden1	0.0150936587330894	ST8	66.0158	1	IG-D	OAP	581.188020365379
LV3003047138	leiden6	0.00188408472926248	ST8	66.0158	1	IG-D	OAP	666.666666666667
LV3003047139	leiden4	0.713440208779942	ST8	58.6141266666667	4	IG-B	OAP	444.858229150174
LV3003047139	leiden2	0.241277534408302	ST8	58.6141266666667	4	IG-B	OAP	525.321763605678
LV3003047139	leiden3	0.0113658723501207	ST8	58.6141266666667	4	IG-B	OAP	447.489876864207
LV3003047139	leiden1	0.0248133304336119	ST8	58.6141266666667	4	IG-B	OAP	576.053447087211
LV3003047139	leiden5	0.00688166029763569	ST8	58.6141266666667	4	IG-B	OAP	464.465650865312
LV3003047139	grey	0.00123238160333882	ST8	58.6141266666667	4	IG-B	OAP	820
LV3003047140	leiden4	0.790471959263183	ST8	46.0948	2	IG-E	OAP	421.108789150723
LV3003047140	leiden2	0.174942756570179	ST8	46.0948	2	IG-E	OAP	527.421710151126
LV3003047140	leiden3	0.0264515908547213	ST8	46.0948	2	IG-E	OAP	270.061657722123
LV3003047140	leiden1	0.00471617511363248	ST8	46.0948	2	IG-E	OAP	820
LV3003047140	leiden6	0.00341751819828441	ST8	46.0948	2	IG-E	OAP	666.666666666667
LV3003047141	leiden4	0.878246988826005	ST8	39.15347	2	IG-E	OAP	247.804682109557
LV3003047141	leiden3	0.051081120301843	ST8	39.15347	2	IG-E	OAP	183.702185314685
LV3003047141	leiden5	0.0277173124365114	ST8	39.15347	2	IG-E	OAP	247.647058823529
LV3003047141	leiden2	0.0429545784356407	ST8	39.15347	2	IG-E	OAP	364.560810810811
LV3003047142	leiden4	0.627681739672673	ST8	35.5823	4	IG-B	OAP	470.428349715509
LV3003047142	leiden3	0.0183508940369492	ST8	35.5823	4	IG-B	OAP	319.854816354816
LV3003047142	leiden1	0.0360633670030337	ST8	35.5823	4	IG-B	OAP	687.924446411954
LV3003047142	leiden6	0.0182024240204691	ST8	35.5823	4	IG-B	OAP	543.040967640039
LV3003047142	leiden5	0.015589351730418	ST8	35.5823	4	IG-B	OAP	369.12814161737
LV3003047142	leiden2	0.272294010224635	ST8	35.5823	4	IG-B	OAP	619.665923668479
LV3003047142	grey	0.0118182133118217	ST8	35.5823	4	IG-B	OAP	657.884631490787
LV3003047143	leiden4	0.694732335158419	ST8	31.398	5	G-A	OAP	403.588353811055
LV3003047143	leiden2	0.19102680540779	ST8	31.398	5	G-A	OAP	612.981211281851
LV3003047143	leiden6	0.0436775047357085	ST8	31.398	5	G-A	OAP	344.753898962838
LV3003047143	leiden3	0.0350727871915302	ST8	31.398	5	G-A	OAP	583.346659530818
LV3003047143	leiden5	0.0181254378908581	ST8	31.398	5	G-A	OAP	306.703395587948
LV3003047143	leiden1	0.0141240885382879	ST8	31.398	5	G-A	OAP	652.491230396056
LV3003047143	grey	0.00324104107740613	ST8	31.398	5	G-A	OAP	457.126279527559
LV3003047144	leiden1	0.0506748558023252	ST8	27.729	5	G-A	OAP	585.913771791219
LV3003047144	leiden4	0.608688949703668	ST8	27.729	5	G-A	OAP	479.967188870725
LV3003047144	leiden2	0.274667761536196	ST8	27.729	5	G-A	OAP	603.351347174108
LV3003047144	grey	0.00547333010774188	ST8	27.729	5	G-A	OAP	636.447631578947
LV3003047144	leiden6	0.0262188690994953	ST8	27.729	5	G-A	OAP	496.978845446764
LV3003047144	leiden3	0.0234058887903574	ST8	27.729	5	G-A	OAP	516.339065954808
LV3003047144	leiden5	0.0108703449602169	ST8	27.729	5	G-A	OAP	387.67105771931
LV3003047145	leiden4	0.66274954930894	ST8	23.446	3	IG-A	OAP	407.972454336535
LV3003047145	leiden5	0.0684646690817393	ST8	23.446	3	IG-A	OAP	88.8624508393724
LV3003047145	leiden1	0.049615612155693	ST8	23.446	3	IG-A	OAP	293.655948448701
LV3003047145	leiden3	0.0299435879200821	ST8	23.446	3	IG-A	OAP	498.836089786214
LV3003047145	grey	0.0394216868966524	ST8	23.446	3	IG-A	OAP	-7.71582122774747
LV3003047145	leiden2	0.149804894636893	ST8	23.446	3	IG-A	OAP	557.939544650474
LV3003047146	leiden4	0.666711919276306	ST8	63.2667	4	IG-B	OAP	478.639803410129
LV3003047146	leiden1	0.0366650567180545	ST8	63.2667	4	IG-B	OAP	637.615047128216
LV3003047146	leiden2	0.232420013836856	ST8	63.2667	4	IG-B	OAP	556.786696060267
LV3003047146	leiden5	0.0177842755883927	ST8	63.2667	4	IG-B	OAP	308.433134763863
LV3003047146	leiden6	0.0040831777774877	ST8	63.2667	4	IG-B	OAP	714.025316455696
LV3003047146	leiden3	0.0397822653282337	ST8	63.2667	4	IG-B	OAP	564.116335690912
LV3003047146	grey	0.00255329147466942	ST8	63.2667	4	IG-B	OAP	581.592433537832
LV3003047147	leiden4	0.699362466573919	ST8	62.3217	4	IG-B	OAP	426.062605923812
LV3003047147	leiden1	0.0255533452085311	ST8	62.3217	4	IG-B	OAP	571.959622742577
LV3003047147	leiden3	0.0253323105060828	ST8	62.3217	4	IG-B	OAP	493.714191390182
LV3003047147	leiden5	0.0139771944195239	ST8	62.3217	4	IG-B	OAP	227.853395348837
LV3003047147	leiden2	0.225364382208007	ST8	62.3217	4	IG-B	OAP	520.170245902797
LV3003047147	grey	0.0062583158889279	ST8	62.3217	4	IG-B	OAP	162.953025222336
LV3003047147	leiden6	0.00415198519500895	ST8	62.3217	4	IG-B	OAP	424.75130480167
LV3003047148	leiden1	0.0275150807550107	ST8	61.3767	4	IG-B	OAP	503.615100638193
LV3003047148	leiden4	0.742552593457439	ST8	61.3767	4	IG-B	OAP	351.160799762287
LV3003047148	leiden5	0.0229789626170245	ST8	61.3767	4	IG-B	OAP	243.275627515127
LV3003047148	grey	0.00763659164126181	ST8	61.3767	4	IG-B	OAP	44.6103594206354
LV3003047148	leiden2	0.17926098895159	ST8	61.3767	4	IG-B	OAP	547.903556477261
LV3003047148	leiden3	0.0189747248708136	ST8	61.3767	4	IG-B	OAP	439.512763385474
LV3003047148	leiden6	0.00108105770686039	ST8	61.3767	4	IG-B	OAP	560.75
LV3003047149	leiden1	0.0185355804171793	ST8	60.4317	4	IG-B	OAP	301.619468515309
LV3003047149	leiden4	0.757360725628773	ST8	60.4317	4	IG-B	OAP	384.09868001111
LV3003047149	leiden5	0.0205728347019943	ST8	60.4317	4	IG-B	OAP	222.076024959251
LV3003047149	leiden2	0.176869152193196	ST8	60.4317	4	IG-B	OAP	557.650455562363
LV3003047149	grey	0.00205442215800166	ST8	60.4317	4	IG-B	OAP	128.804878048781
LV3003047149	leiden3	0.0246072849008555	ST8	60.4317	4	IG-B	OAP	413.94176473261
LV3003047150	leiden1	0.037356220760491	ST8	59.5217933333333	4	IG-B	OAP	625.741763778148
LV3003047150	leiden4	0.672033162236828	ST8	59.5217933333333	4	IG-B	OAP	407.346054009642
LV3003047150	leiden5	0.0100709730313304	ST8	59.5217933333333	4	IG-B	OAP	343.970488937763
LV3003047150	leiden2	0.262570452165584	ST8	59.5217933333333	4	IG-B	OAP	510.609948704977
LV3003047150	leiden6	0.00232157304161244	ST8	59.5217933333333	4	IG-B	OAP	820
LV3003047150	leiden3	0.0148791726757888	ST8	59.5217933333333	4	IG-B	OAP	536.837193564336
LV3003047150	grey	0.000768446088365889	ST8	59.5217933333333	4	IG-B	OAP	692.200704225352
LV3003047152	leiden1	0.00864060441384925	ST8	45.00002	4	IG-B	OAP	539.975493500241
LV3003047152	leiden4	0.718955415195324	ST8	45.00002	4	IG-B	OAP	452.135032136991
LV3003047152	leiden2	0.214233431998086	ST8	45.00002	4	IG-B	OAP	590.830350034126
LV3003047152	leiden6	0.00900836567609159	ST8	45.00002	4	IG-B	OAP	497.446637426901
LV3003047152	leiden3	0.0415320291495432	ST8	45.00002	4	IG-B	OAP	353.025346665605
LV3003047152	leiden5	0.0068053686003292	ST8	45.00002	4	IG-B	OAP	122.034919802129
LV3003047152	grey	0.000824784966776519	ST8	45.00002	4	IG-B	OAP	405.2
LV3003047153	leiden1	0.0207829666598345	ST8	38.71393	4	IG-B	OAP	542.583399815895
LV3003047153	leiden4	0.727413710930072	ST8	38.71393	4	IG-B	OAP	371.124172423488
LV3003047153	leiden2	0.183908017592426	ST8	38.71393	4	IG-B	OAP	583.719598240286
LV3003047153	leiden6	0.0167972598883311	ST8	38.71393	4	IG-B	OAP	516.99094521875
LV3003047153	leiden3	0.0390199211254806	ST8	38.71393	4	IG-B	OAP	341.726251005512
LV3003047153	leiden5	0.00674409243678803	ST8	38.71393	4	IG-B	OAP	292.647036668933
LV3003047153	grey	0.00533403136706779	ST8	38.71393	4	IG-B	OAP	653.071851583273
LV3003047154	leiden4	0.750351852185994	ST8	35.13012	4	IG-B	OAP	458.805869880998
LV3003047154	leiden2	0.185529853304704	ST8	35.13012	4	IG-B	OAP	602.522591440488
LV3003047154	grey	0.00409592031901265	ST8	35.13012	4	IG-B	OAP	128.804878048781
LV3003047154	leiden5	0.0171460276790386	ST8	35.13012	4	IG-B	OAP	497.969672806034
LV3003047154	leiden3	0.0304622796412912	ST8	35.13012	4	IG-B	OAP	422.380323125151
LV3003047154	leiden1	0.0107675790765233	ST8	35.13012	4	IG-B	OAP	490.62205177373
LV3003047154	leiden6	0.0016464877934357	ST8	35.13012	4	IG-B	OAP	232.843835616438
LV3003047155	leiden4	0.667565818652435	ST8	30.9475	5	G-A	OAP	351.533395565999
LV3003047155	leiden1	0.0216596261369668	ST8	30.9475	5	G-A	OAP	552.861590091291
LV3003047155	leiden2	0.124013901713721	ST8	30.9475	5	G-A	OAP	620.128464753168
LV3003047155	leiden6	0.104408268320525	ST8	30.9475	5	G-A	OAP	400.516152988315
LV3003047155	grey	0.0043806393915819	ST8	30.9475	5	G-A	OAP	437.845643153527
LV3003047155	leiden5	0.0501974014265252	ST8	30.9475	5	G-A	OAP	339.647515162697
LV3003047155	leiden3	0.0277743443582454	ST8	30.9475	5	G-A	OAP	444.334795127353
LV3003047156	leiden1	0.0538441362193227	ST8	27.1996666666667	5	G-A	OAP	575.112622325457
LV3003047156	leiden4	0.620472046382531	ST8	27.1996666666667	5	G-A	OAP	491.074515301029
LV3003047156	leiden2	0.261306916274208	ST8	27.1996666666667	5	G-A	OAP	585.905109204639
LV3003047156	leiden6	0.0218367450800772	ST8	27.1996666666667	5	G-A	OAP	411.582566788247
LV3003047156	grey	0.00303201130593757	ST8	27.1996666666667	5	G-A	OAP	529.317293777135
LV3003047156	leiden3	0.0233635164284512	ST8	27.1996666666667	5	G-A	OAP	498.563695332086
LV3003047156	leiden5	0.0161446283094726	ST8	27.1996666666667	5	G-A	OAP	471.259048615869
LV3003047158	leiden1	0.0428025619717454	ST8	57.70646	4	IG-B	OAP	621.149995288575
LV3003047158	leiden4	0.639241340170663	ST8	57.70646	4	IG-B	OAP	448.410106399241
LV3003047158	leiden5	0.00704339542331313	ST8	57.70646	4	IG-B	OAP	272.210251798561
LV3003047158	leiden2	0.284046456006648	ST8	57.70646	4	IG-B	OAP	539.129667531978
LV3003047158	grey	0.00766665991041206	ST8	57.70646	4	IG-B	OAP	-43.2636389629629
LV3003047158	leiden3	0.0166102519407341	ST8	57.70646	4	IG-B	OAP	401.862177880599
LV3003047158	leiden6	0.00258933457648418	ST8	57.70646	4	IG-B	OAP	704.326810176125
LV3003047159	leiden4	0.768362016890331	ST8	56.7987933333333	4	IG-B	OAP	511.902376690804
LV3003047159	leiden2	0.159445438070759	ST8	56.7987933333333	4	IG-B	OAP	597.595062693591
LV3003047159	leiden6	0.00239852179989814	ST8	56.7987933333333	4	IG-B	OAP	820
LV3003047159	leiden3	0.0519857391592737	ST8	56.7987933333333	4	IG-B	OAP	498.620654986405
LV3003047159	leiden1	0.010695630544731	ST8	56.7987933333333	4	IG-B	OAP	736.16549388263
LV3003047159	leiden5	0.00711265353500657	ST8	56.7987933333333	4	IG-B	OAP	234.589229563599
LV3003047160	leiden4	0.623613930969858	ST8	55.8911266666667	2	IG-E	OAP	121.434145036125
LV3003047160	leiden3	0.119475245978448	ST8	55.8911266666667	2	IG-E	OAP	48.6020512820513
LV3003047160	leiden1	0.0716851475870686	ST8	55.8911266666667	2	IG-E	OAP	640.453671664744
LV3003047160	leiden5	0.0943307824457286	ST8	55.8911266666667	2	IG-E	OAP	-90.1402664407824
LV3003047160	grey	0.0354521318132126	ST8	55.8911266666667	2	IG-E	OAP	-70.8421052631579
LV3003047160	leiden2	0.0554427612056848	ST8	55.8911266666667	2	IG-E	OAP	820
LV3003047161	leiden4	0.707131620346093	ST8	54.98346	2	IG-E	OAP	246.942804928989
LV3003047161	leiden2	0.147876245411641	ST8	54.98346	2	IG-E	OAP	706.546601441813
LV3003047161	leiden3	0.0414263240692187	ST8	54.98346	2	IG-E	OAP	405.2
LV3003047161	leiden1	0.031069743051914	ST8	54.98346	2	IG-E	OAP	655.294117647059
LV3003047161	leiden5	0.0724960671211327	ST8	54.98346	2	IG-E	OAP	-228.376130198915
LV3003047162	leiden1	0.122161283770059	ST8	102.698	2	IG-E	OAP	79.0891253741271
LV3003047162	leiden3	0.239853747714808	ST8	102.698	2	IG-E	OAP	-14.5493084545786
LV3003047162	leiden4	0.248303879748121	ST8	102.698	2	IG-E	OAP	261.171909899678
LV3003047162	leiden2	0.0418037781840341	ST8	102.698	2	IG-E	OAP	571.015111758989
LV3003047162	grey	0.0595978062157221	ST8	102.698	2	IG-E	OAP	90.6418693717935
LV3003047162	leiden5	0.288279504367256	ST8	102.698	2	IG-E	OAP	-239.071711335452
LV3003047164	leiden5	0.00755960860568374	ST8	43.93302	4	IG-B	OAP	199.692013372957
LV3003047164	leiden4	0.728597573022492	ST8	43.93302	4	IG-B	OAP	465.184961199953
LV3003047164	leiden6	0.0104607513855816	ST8	43.93302	4	IG-B	OAP	593.603290974259
LV3003047164	leiden2	0.201229086296	ST8	43.93302	4	IG-B	OAP	586.48018661921
LV3003047164	leiden3	0.0420665703085194	ST8	43.93302	4	IG-B	OAP	231.471123338065
LV3003047164	leiden1	0.0100864103817238	ST8	43.93302	4	IG-B	OAP	539.578135738832
LV3003047166	leiden1	0.0242046455306033	ST8	38.27343	4	IG-B	OAP	563.452131782946
LV3003047166	leiden4	0.719671950682519	ST8	38.27343	4	IG-B	OAP	377.255004156865
LV3003047166	leiden2	0.20463177014531	ST8	38.27343	4	IG-B	OAP	587.234490169357
LV3003047166	leiden6	0.0120734258036107	ST8	38.27343	4	IG-B	OAP	482.497803312287
LV3003047166	leiden3	0.0322022236900044	ST8	38.27343	4	IG-B	OAP	397.206503969254
LV3003047166	leiden5	0.00721598414795244	ST8	38.27343	4	IG-B	OAP	448.275400457666
LV3003047167	leiden4	0.687291136062925	ST8	34.67812	4	IG-B	OAP	453.519780720972
LV3003047167	leiden1	0.0502685486865433	ST8	34.67812	4	IG-B	OAP	712.771322250536
LV3003047167	leiden6	0.0116571572016547	ST8	34.67812	4	IG-B	OAP	498.365258330513
LV3003047167	leiden2	0.210524389032127	ST8	34.67812	4	IG-B	OAP	594.774550664187
LV3003047167	leiden5	0.00743150308817915	ST8	34.67812	4	IG-B	OAP	244.524595355384
LV3003047167	leiden3	0.0235601135906032	ST8	34.67812	4	IG-B	OAP	334.710847200664
LV3003047167	grey	0.00926715233796865	ST8	34.67812	4	IG-B	OAP	607.736173814898
LV3003047168	leiden1	0.0563126747165904	ST8	30.497	5	G-A	OAP	603.821487198353
LV3003047168	leiden4	0.623330597402806	ST8	30.497	5	G-A	OAP	438.886201068227
LV3003047168	leiden2	0.183808375158286	ST8	30.497	5	G-A	OAP	589.866292434255
LV3003047168	grey	0.0152054857748336	ST8	30.497	5	G-A	OAP	593.823293727549
LV3003047168	leiden6	0.0443963259596995	ST8	30.497	5	G-A	OAP	379.974626244596
LV3003047168	leiden5	0.0518816713391544	ST8	30.497	5	G-A	OAP	483.574638493723
LV3003047168	leiden3	0.0250648696486303	ST8	30.497	5	G-A	OAP	455.965957456392
LV3003047169	leiden1	0.0478059984509788	ST8	26.6703333333333	5	G-A	OAP	572.198188507552
LV3003047169	leiden4	0.604200162024054	ST8	26.6703333333333	5	G-A	OAP	454.58134872519
LV3003047169	leiden2	0.24887072795093	ST8	26.6703333333333	5	G-A	OAP	613.679893830993
LV3003047169	leiden6	0.0392311869597344	ST8	26.6703333333333	5	G-A	OAP	439.193139871023
LV3003047169	leiden5	0.0332861505043221	ST8	26.6703333333333	5	G-A	OAP	397.708272265312
LV3003047169	leiden3	0.0218305157172235	ST8	26.6703333333333	5	G-A	OAP	431.161719974015
LV3003047169	grey	0.00477525839275699	ST8	26.6703333333333	5	G-A	OAP	617.40782583398
LV3003061473	leiden3	0.0430860464531908	ST13	117.088	2	IG-E	OAP	71.3911724407908
LV3003061473	leiden4	0.845195118478252	ST13	117.088	2	IG-E	OAP	68.4846222265987
LV3003061473	leiden2	0.0843628810024374	ST13	117.088	2	IG-E	OAP	651.884965806178
LV3003061473	leiden5	0.0247007680774611	ST13	117.088	2	IG-E	OAP	282.030518819939
LV3003061473	leiden1	0.00265518598865892	ST13	117.088	2	IG-E	OAP	642.041640378549
LV3003061474	leiden1	0.0101144685681089	ST13	77.7798	1	IG-D	OAP	494.783067417648
LV3003061474	leiden2	0.115265790931867	ST13	77.7798	1	IG-D	OAP	596.049461417582
LV3003061474	leiden3	0.0691215867417898	ST13	77.7798	1	IG-D	OAP	496.873721046143
LV3003061474	leiden4	0.80052379907459	ST13	77.7798	1	IG-D	OAP	332.460327521551
LV3003061474	leiden6	0.00106243754430112	ST13	77.7798	1	IG-D	OAP	820
LV3003061474	leiden5	0.00225748244925795	ST13	77.7798	1	IG-D	OAP	398.431134999752
LV3003061474	grey	0.00165443469008555	ST13	77.7798	1	IG-D	OAP	428.660782442748
LV3003061475	leiden4	0.796031052630031	ST13	53.844	4	IG-B	OAP	388.413820329493
LV3003061475	leiden6	0.000700125610771344	ST13	53.844	4	IG-B	OAP	716.596638655462
LV3003061475	leiden2	0.171769052682981	ST13	53.844	4	IG-B	OAP	610.727945194065
LV3003061475	leiden5	0.00400365948008319	ST13	53.844	4	IG-B	OAP	498.371528288024
LV3003061475	leiden3	0.0177061178623224	ST13	53.844	4	IG-B	OAP	531.805458205068
LV3003061475	leiden1	0.00884276296629689	ST13	53.844	4	IG-B	OAP	511.290050509682
LV3003061475	grey	0.000947228767514172	ST13	53.844	4	IG-B	OAP	560.75
LV3003061476	leiden1	0.0238253186886086	ST13	37.16	5	G-A	OAP	565.082829351962
LV3003061476	leiden3	0.0393752874039788	ST13	37.16	5	G-A	OAP	659.907048734813
LV3003061476	leiden4	0.738778994821075	ST13	37.16	5	G-A	OAP	386.154559313343
LV3003061476	leiden2	0.173780464821753	ST13	37.16	5	G-A	OAP	597.86982682987
LV3003061476	leiden6	0.0149318145839144	ST13	37.16	5	G-A	OAP	505.698743336578
LV3003061476	grey	0.00256684733854493	ST13	37.16	5	G-A	OAP	506
LV3003061476	leiden5	0.0067412723421257	ST13	37.16	5	G-A	OAP	522.335261607277
LV3003061477	leiden1	0.0540900416454085	ST13	16.726	3	IG-A	OAP	565.504637419151
LV3003061477	leiden2	0.183795893363745	ST13	16.726	3	IG-A	OAP	537.1500667168
LV3003061477	leiden3	0.0306898767585431	ST13	16.726	3	IG-A	OAP	610.609591772848
LV3003061477	leiden4	0.721549512842286	ST13	16.726	3	IG-A	OAP	399.791517206637
LV3003061477	leiden5	0.00639775160694078	ST13	16.726	3	IG-A	OAP	306.977156216002
LV3003061477	leiden6	0.00110115826844076	ST13	16.726	3	IG-A	OAP	420.287519745972
LV3003061477	grey	0.00237576551463592	ST13	16.726	3	IG-A	OAP	500.895154403734
LV3003061485	leiden1	0.0234275316111172	ST13	75.7796	1	IG-D	OAP	597.036713371647
LV3003061485	leiden3	0.0906132478964804	ST13	75.7796	1	IG-D	OAP	597.502954339195
LV3003061485	leiden4	0.770541704900695	ST13	75.7796	1	IG-D	OAP	351.630759958855
LV3003061485	leiden2	0.109332006158919	ST13	75.7796	1	IG-D	OAP	584.608031644819
LV3003061485	leiden6	0.00119694542513648	ST13	75.7796	1	IG-D	OAP	804.666666666667
LV3003061485	leiden5	0.00207163631273621	ST13	75.7796	1	IG-D	OAP	604.927341627342
LV3003061485	grey	0.00281692769491578	ST13	75.7796	1	IG-D	OAP	532.665706051873
LV3003061486	leiden4	0.696706997028289	ST13	52.105	4	IG-B	OAP	392.237336389407
LV3003061486	leiden2	0.115298521863301	ST13	52.105	4	IG-B	OAP	598.053907257735
LV3003061486	leiden3	0.166189070279032	ST13	52.105	4	IG-B	OAP	412.315901549752
LV3003061486	leiden5	0.0171162826598742	ST13	52.105	4	IG-B	OAP	747.536902077629
LV3003061486	leiden1	0.00337694415499209	ST13	52.105	4	IG-B	OAP	456.130796703297
LV3003061486	leiden6	0.000569256300412952	ST13	52.105	4	IG-B	OAP	820
LV3003061488	leiden1	0.0391392921645475	ST13	35.041	5	G-A	OAP	576.078831296855
LV3003061488	leiden3	0.0249141262226214	ST13	35.041	5	G-A	OAP	650.526871151897
LV3003061488	leiden4	0.734298113253232	ST13	35.041	5	G-A	OAP	383.070666701069
LV3003061488	leiden2	0.183530504588923	ST13	35.041	5	G-A	OAP	600.721048245444
LV3003061488	leiden5	0.00405568560897468	ST13	35.041	5	G-A	OAP	509.722139266922
LV3003061488	leiden6	0.0129583832727457	ST13	35.041	5	G-A	OAP	502.460089014299
LV3003061488	grey	0.00110389488895566	ST13	35.041	5	G-A	OAP	492.911290322581
LV3003061489	leiden4	0.850404499843755	ST13	112.6068	2	IG-E	OAP	170.337992318816
LV3003061489	leiden3	0.0955939029894795	ST13	112.6068	2	IG-E	OAP	409.40662800576
LV3003061489	grey	0.00395125169264956	ST13	112.6068	2	IG-E	OAP	274.645828571429
LV3003061489	leiden2	0.0272976632755807	ST13	112.6068	2	IG-E	OAP	651.939408160151
LV3003061489	leiden1	0.00763167945557446	ST13	112.6068	2	IG-E	OAP	617.859067668758
LV3003061489	leiden5	0.0088087219193778	ST13	112.6068	2	IG-E	OAP	203.803043527226
LV3003061489	leiden6	0.00631228082358252	ST13	112.6068	2	IG-E	OAP	366.627957976336
LV3003061492	leiden1	0.0621025169916993	ST13	14.437	3	IG-A	OAP	578.871925349981
LV3003061492	leiden3	0.0302347440310245	ST13	14.437	3	IG-A	OAP	641.373960931212
LV3003061492	leiden4	0.67699396820712	ST13	14.437	3	IG-A	OAP	436.854135476898
LV3003061492	leiden2	0.207834284567145	ST13	14.437	3	IG-A	OAP	541.502739546969
LV3003061492	leiden5	0.0184667431553487	ST13	14.437	3	IG-A	OAP	299.384453946506
LV3003061492	leiden6	0.00164632360207627	ST13	14.437	3	IG-A	OAP	447.128010640876
LV3003061492	grey	0.00272141944558557	ST13	14.437	3	IG-A	OAP	541.074088754177
LV3003061500	leiden2	0.119473558697853	ST13	148.086	1	IG-D	OAP	625.516912383633
LV3003061500	leiden4	0.739588260820273	ST13	148.086	1	IG-D	OAP	332.843096454944
LV3003061500	leiden1	0.015975808563956	ST13	148.086	1	IG-D	OAP	314.573213667216
LV3003061500	leiden5	0.0821113165723847	ST13	148.086	1	IG-D	OAP	90.9878641226274
LV3003061500	leiden3	0.0243028542610627	ST13	148.086	1	IG-D	OAP	116.149235884647
LV3003061500	grey	0.0183468664115124	ST13	148.086	1	IG-D	OAP	-30.2038939657095
LV3003061500	leiden6	0.000201334672958212	ST13	148.086	1	IG-D	OAP	820
LV3003061501	leiden3	0.231421534014248	ST13	105.5872	1	IG-D	OAP	366.472321719971
LV3003061501	leiden4	0.691363918144358	ST13	105.5872	1	IG-D	OAP	278.663758540997
LV3003061501	leiden2	0.0606441838801537	ST13	105.5872	1	IG-D	OAP	555.033343392261
LV3003061501	leiden6	0.00292554690322987	ST13	105.5872	1	IG-D	OAP	331.801604996659
LV3003061501	leiden5	0.00255757443154883	ST13	105.5872	1	IG-D	OAP	272.949967595593
LV3003061501	leiden1	0.00685058660116094	ST13	105.5872	1	IG-D	OAP	712.597855403934
LV3003061501	grey	0.00423665602530059	ST13	105.5872	1	IG-D	OAP	601.662343387471
LV3003061503	leiden1	0.0146386924024416	ST13	73.1472	1	IG-D	OAP	534.045068065164
LV3003061503	leiden2	0.102371485300492	ST13	73.1472	1	IG-D	OAP	568.036664677159
LV3003061503	leiden3	0.0595218312670135	ST13	73.1472	1	IG-D	OAP	547.415975406442
LV3003061503	leiden4	0.818001394487492	ST13	73.1472	1	IG-D	OAP	324.116123004111
LV3003061503	leiden6	0.00231358152012842	ST13	73.1472	1	IG-D	OAP	721.770142680352
LV3003061503	leiden5	0.00144074199069085	ST13	73.1472	1	IG-D	OAP	475.329984145858
LV3003061503	grey	0.00171227303174258	ST13	73.1472	1	IG-D	OAP	685.737762237762
LV3003061504	leiden4	0.808094478425561	ST13	50.268	4	IG-B	OAP	350.17286128966
LV3003061504	leiden1	0.0110033292253566	ST13	50.268	4	IG-B	OAP	505.404907991184
LV3003061504	leiden2	0.162728805486039	ST13	50.268	4	IG-B	OAP	616.826921179751
LV3003061504	leiden6	0.00394416175851649	ST13	50.268	4	IG-B	OAP	611.204702313235
LV3003061504	leiden3	0.0134126702101117	ST13	50.268	4	IG-B	OAP	724.861619009263
LV3003061504	grey	0.000816554894414916	ST13	50.268	4	IG-B	OAP	820
LV3003061505	leiden1	0.016621790472168	ST13	32.81	5	G-A	OAP	527.365976331361
LV3003061505	leiden4	0.792086831036728	ST13	32.81	5	G-A	OAP	370.824930209932
LV3003061505	leiden2	0.156210953311159	ST13	32.81	5	G-A	OAP	613.285831477314
LV3003061505	leiden5	0.00656644316561956	ST13	32.81	5	G-A	OAP	461.438978224456
LV3003061505	leiden6	0.0117624025482639	ST13	32.81	5	G-A	OAP	346.492391440877
LV3003061505	leiden3	0.0161224328176971	ST13	32.81	5	G-A	OAP	384.580123352958
LV3003061505	grey	0.000629146648364219	ST13	32.81	5	G-A	OAP	624.44055944056
LV3003061506	leiden1	0.0199544240624452	ST13	11.95	3	IG-A	OAP	433.792476515825
LV3003061506	leiden4	0.77140264587909	ST13	11.95	3	IG-A	OAP	428.241098982424
LV3003061506	leiden5	0.0620678277188315	ST13	11.95	3	IG-A	OAP	115.57586008719
LV3003061506	leiden2	0.118973819614151	ST13	11.95	3	IG-A	OAP	608.963497508283
LV3003061506	leiden3	0.00921005145337747	ST13	11.95	3	IG-A	OAP	351.435979433158
LV3003061506	grey	0.0177643043482744	ST13	11.95	3	IG-A	OAP	589.830090550267
LV3003061506	leiden6	0.000626926923830441	ST13	11.95	3	IG-A	OAP	656.842105263158
LV3003061513	leiden4	0.730040601728848	ST13	138.493	4	IG-B	OAP	412.743455509129
LV3003061513	leiden3	0.0189537102870187	ST13	138.493	4	IG-B	OAP	493.510066525235
LV3003061513	leiden2	0.234395464581073	ST13	138.493	4	IG-B	OAP	637.478708293606
LV3003061513	leiden1	0.0129991018972421	ST13	138.493	4	IG-B	OAP	432.219654353953
LV3003061513	leiden5	0.00288609063353665	ST13	138.493	4	IG-B	OAP	71.8508914100486
LV3003061513	grey	0.000725030872282304	ST13	138.493	4	IG-B	OAP	66.5
LV3003061514	leiden2	0.0954590076933959	ST13	100.6726	1	IG-D	OAP	569.422168714961
LV3003061514	leiden3	0.134761180128015	ST13	100.6726	1	IG-D	OAP	552.959506952936
LV3003061514	leiden4	0.734792203623286	ST13	100.6726	1	IG-D	OAP	386.303435030042
LV3003061514	leiden1	0.0259498611483146	ST13	100.6726	1	IG-D	OAP	538.768235672499
LV3003061514	leiden6	0.00044452647158729	ST13	100.6726	1	IG-D	OAP	596.304461942257
LV3003061514	grey	0.00597704979486432	ST13	100.6726	1	IG-D	OAP	517.771164021164
LV3003061514	leiden5	0.00261617114053715	ST13	100.6726	1	IG-D	OAP	745.026387046861
LV3003061515	leiden1	0.0306176496179947	ST13	71.0012	1	IG-D	OAP	574.372245759643
LV3003061515	leiden3	0.154129470086329	ST13	71.0012	1	IG-D	OAP	604.553319867886
LV3003061515	leiden4	0.701474120406842	ST13	71.0012	1	IG-D	OAP	400.407808591476
LV3003061515	leiden2	0.102157134005797	ST13	71.0012	1	IG-D	OAP	567.626627639731
LV3003061515	leiden6	0.00258933164993684	ST13	71.0012	1	IG-D	OAP	579.028748809703
LV3003061515	grey	0.00591563590750118	ST13	71.0012	1	IG-D	OAP	560.17701803537
LV3003061515	leiden5	0.00311665832560057	ST13	71.0012	1	IG-D	OAP	516.383773579751
LV3003061516	leiden4	0.808626033633331	ST13	48.537	4	IG-B	OAP	310.432568394325
LV3003061516	leiden5	0.00358081113059599	ST13	48.537	4	IG-B	OAP	380.9
LV3003061516	leiden2	0.165724484770968	ST13	48.537	4	IG-B	OAP	632.063461928847
LV3003061516	leiden6	0.00397075633772374	ST13	48.537	4	IG-B	OAP	704.097378277154
LV3003061516	leiden3	0.00918488082160341	ST13	48.537	4	IG-B	OAP	677.198002445985
LV3003061516	leiden1	0.00835374046583969	ST13	48.537	4	IG-B	OAP	602.239038069341
LV3003061517	leiden1	0.0337603219115831	ST13	30.678	5	G-A	OAP	553.450198368559
LV3003061517	leiden3	0.0476478082202422	ST13	30.678	5	G-A	OAP	546.849783929777
LV3003061517	leiden4	0.732711040852631	ST13	30.678	5	G-A	OAP	388.24949570617
LV3003061517	leiden2	0.165823500167015	ST13	30.678	5	G-A	OAP	595.51028791932
LV3003061517	leiden5	0.00486479558148387	ST13	30.678	5	G-A	OAP	500.535666095673
LV3003061517	leiden6	0.0137641671392283	ST13	30.678	5	G-A	OAP	447.406662282052
LV3003061517	grey	0.00142836612781692	ST13	30.678	5	G-A	OAP	614.781097560976
LV3003061518	leiden1	0.047746312109308	ST13	9.804	3	IG-A	OAP	595.062049122059
LV3003061518	leiden3	0.0306478582919076	ST13	9.804	3	IG-A	OAP	640.452370658291
LV3003061518	leiden4	0.707236297775592	ST13	9.804	3	IG-A	OAP	474.241833242257
LV3003061518	leiden5	0.0162302703609422	ST13	9.804	3	IG-A	OAP	374.211476232691
LV3003061518	leiden2	0.193779454200489	ST13	9.804	3	IG-A	OAP	580.746278038344
LV3003061518	leiden6	0.00239827179355822	ST13	9.804	3	IG-A	OAP	340.125132819353
LV3003061518	grey	0.00196153546820325	ST13	9.804	3	IG-A	OAP	522.02226358898
LV3003061527	leiden4	0.751007032156756	ST13	133.7754	2	IG-E	OAP	187.604083031431
LV3003061527	leiden2	0.120843858810678	ST13	133.7754	2	IG-E	OAP	536.599703294455
LV3003061527	leiden3	0.0966750870485424	ST13	133.7754	2	IG-E	OAP	401.312092568449
LV3003061527	leiden5	0.0215061104663071	ST13	133.7754	2	IG-E	OAP	528.168253968254
LV3003061527	leiden1	0.00996791151771694	ST13	133.7754	2	IG-E	OAP	820
LV3003061528	leiden3	0.10866876076484	ST13	95.118	1	IG-D	OAP	578.424015586843
LV3003061528	leiden4	0.767080540902218	ST13	95.118	1	IG-D	OAP	374.455964225746
LV3003061528	leiden2	0.097614319779992	ST13	95.118	1	IG-D	OAP	592.237834191068
LV3003061528	leiden1	0.0231169573808118	ST13	95.118	1	IG-D	OAP	551.283735640922
LV3003061528	leiden5	0.000782093593808491	ST13	95.118	1	IG-D	OAP	412.509896964931
LV3003061528	grey	0.00257422765801287	ST13	95.118	1	IG-D	OAP	455.888997627521
LV3003061528	leiden6	0.000163099920316846	ST13	95.118	1	IG-D	OAP	820
LV3003061529	leiden1	0.0383865123340846	ST13	66.015	1	IG-D	OAP	527.381222286368
LV3003061529	leiden2	0.171563908715252	ST13	66.015	1	IG-D	OAP	576.426424659204
LV3003061529	leiden3	0.0545211933383421	ST13	66.015	1	IG-D	OAP	617.568592619673
LV3003061529	leiden4	0.721561560856499	ST13	66.015	1	IG-D	OAP	386.273484556079
LV3003061529	leiden5	0.0112765699348861	ST13	66.015	1	IG-D	OAP	631.87642059782
LV3003061529	grey	0.00154371712997746	ST13	66.015	1	IG-D	OAP	659.874331550802
LV3003061529	leiden6	0.00114653769095918	ST13	66.015	1	IG-D	OAP	721.160862354892
LV3003061530	leiden4	0.896450720351112	ST13	47.046	4	IG-B	OAP	221.013555996948
LV3003061530	leiden1	0.0026476481251789	ST13	47.046	4	IG-B	OAP	331.27282710719
LV3003061530	leiden2	0.0893124065769806	ST13	47.046	4	IG-B	OAP	616.307996035643
LV3003061530	leiden6	0.00143911204401616	ST13	47.046	4	IG-B	OAP	618.042817679558
LV3003061530	leiden3	0.00937887606144452	ST13	47.046	4	IG-B	OAP	694.667430778079
LV3003061530	grey	0.000771236841268327	ST13	47.046	4	IG-B	OAP	506
LV3003061531	leiden1	0.0415615616837411	ST13	28.445	5	G-A	OAP	571.561048177618
LV3003061531	leiden2	0.15277822984222	ST13	28.445	5	G-A	OAP	587.516483032738
LV3003061531	leiden3	0.029843034184209	ST13	28.445	5	G-A	OAP	601.589693159062
LV3003061531	leiden4	0.736449594362576	ST13	28.445	5	G-A	OAP	352.36937311545
LV3003061531	leiden5	0.0147557224577478	ST13	28.445	5	G-A	OAP	371.606870277019
LV3003061531	leiden6	0.0231064828753468	ST13	28.445	5	G-A	OAP	450.929059422983
LV3003061531	grey	0.00150537459415915	ST13	28.445	5	G-A	OAP	391.392770690219
LV3003061533	leiden1	0.0249640566246406	ST13	7.912	3	IG-A	OAP	286.88846127231
LV3003061533	leiden2	0.074567297058173	ST13	7.912	3	IG-A	OAP	543.067238323684
LV3003061533	leiden4	0.71077195310772	ST13	7.912	3	IG-A	OAP	352.855966069187
LV3003061533	leiden5	0.179983687237337	ST13	7.912	3	IG-A	OAP	107.754181337517
LV3003061533	leiden3	0.00786330457863305	ST13	7.912	3	IG-A	OAP	276.09798654398
LV3003061533	grey	0.00184970139349701	ST13	7.912	3	IG-A	OAP	215.692208823002
LV3003061539	leiden4	0.723693891260383	ST13	130.0556	4	IG-B	OAP	320.150568356015
LV3003061539	leiden2	0.240521626011637	ST13	130.0556	4	IG-B	OAP	626.414916350847
LV3003061539	leiden1	0.0169112603118525	ST13	130.0556	4	IG-B	OAP	707.865561836245
LV3003061539	leiden3	0.0126212453483371	ST13	130.0556	4	IG-B	OAP	399.377884615385
LV3003061539	leiden5	0.000575793226254749	ST13	130.0556	4	IG-B	OAP	360
LV3003061539	leiden6	0.00567618384153602	ST13	130.0556	4	IG-B	OAP	820
LV3003061541	leiden3	0.0771852254109109	ST13	91.09	1	IG-D	OAP	278.103520154091
LV3003061541	leiden4	0.77743083089322	ST13	91.09	1	IG-D	OAP	310.951779186423
LV3003061541	leiden5	0.0157915685736061	ST13	91.09	1	IG-D	OAP	-174.591870640265
LV3003061541	leiden6	0.00353597842621191	ST13	91.09	1	IG-D	OAP	818.03374054683
LV3003061541	leiden2	0.117770297164121	ST13	91.09	1	IG-D	OAP	613.750588869025
LV3003061541	grey	0.00243291360302625	ST13	91.09	1	IG-D	OAP	413.297268894727
LV3003061541	leiden1	0.005853185928904	ST13	91.09	1	IG-D	OAP	548.409129537922
LV3003061543	leiden1	0.028216949678402	ST13	62.293	1	IG-D	OAP	635.123173142647
LV3003061543	leiden2	0.169124240369394	ST13	62.293	1	IG-D	OAP	610.680487426872
LV3003061543	leiden3	0.0611206630101762	ST13	62.293	1	IG-D	OAP	656.674679659483
LV3003061543	leiden4	0.731344318474287	ST13	62.293	1	IG-D	OAP	463.772451926504
LV3003061543	leiden5	0.00282051975127717	ST13	62.293	1	IG-D	OAP	183.619884214147
LV3003061543	leiden6	0.00405567235902396	ST13	62.293	1	IG-D	OAP	734.957792207792
LV3003061543	grey	0.00331763635743977	ST13	62.293	1	IG-D	OAP	764.992700729927
LV3003061544	leiden1	0.0184120965878915	ST13	45.122	4	IG-B	OAP	622.878452249781
LV3003061544	leiden4	0.692357705763694	ST13	45.122	4	IG-B	OAP	472.236466804927
LV3003061544	leiden5	0.0038057858423814	ST13	45.122	4	IG-B	OAP	-46.9868585732165
LV3003061544	leiden2	0.249698133069135	ST13	45.122	4	IG-B	OAP	619.235682743029
LV3003061544	leiden6	0.00806883756820287	ST13	45.122	4	IG-B	OAP	350.884129289018
LV3003061544	leiden3	0.0269858319023928	ST13	45.122	4	IG-B	OAP	682.115823316232
LV3003061545	leiden1	0.0393530826835193	ST13	23.172	5	G-A	OAP	595.296276027118
LV3003061545	leiden4	0.703304155140226	ST13	23.172	5	G-A	OAP	398.19697269483
LV3003061545	leiden3	0.0206398433419142	ST13	23.172	5	G-A	OAP	661.606411179036
LV3003061545	leiden2	0.193621945249311	ST13	23.172	5	G-A	OAP	551.756202119155
LV3003061545	leiden6	0.0291157297554326	ST13	23.172	5	G-A	OAP	401.909387832676
LV3003061545	grey	0.00253913524174488	ST13	23.172	5	G-A	OAP	630.581065498155
LV3003061545	leiden5	0.011426108587852	ST13	23.172	5	G-A	OAP	421.396917286686
LV3003061546	leiden1	0.0229324335957736	ST13	7.197	3	IG-A	OAP	553.077829440577
LV3003061546	leiden4	0.749082868789447	ST13	7.197	3	IG-A	OAP	314.100175041032
LV3003061546	leiden5	0.175275139363166	ST13	7.197	3	IG-A	OAP	64.9416029336352
LV3003061546	leiden2	0.0444859609828445	ST13	7.197	3	IG-A	OAP	569.429802559217
LV3003061546	leiden3	0.00684922196765234	ST13	7.197	3	IG-A	OAP	505.124985066969
LV3003061546	grey	0.00137437530111657	ST13	7.197	3	IG-A	OAP	202.28605906637
LV3003061555	leiden4	0.815807028310697	ST13	126.443	2	IG-E	OAP	155.023185639732
LV3003061555	leiden5	0.00410918696800704	ST13	126.443	2	IG-E	OAP	313.2
LV3003061555	leiden2	0.150785815300051	ST13	126.443	2	IG-E	OAP	649.258458098191
LV3003061555	leiden3	0.0212930597433092	ST13	126.443	2	IG-E	OAP	296.181555664783
LV3003061555	leiden1	0.00528324038743763	ST13	126.443	2	IG-E	OAP	66.5
LV3003061556	leiden2	0.0976708757772741	ST13	86.6174	1	IG-D	OAP	605.635229151343
LV3003061556	leiden3	0.0589109445177787	ST13	86.6174	1	IG-D	OAP	495.970250513526
LV3003061556	leiden4	0.82655268029854	ST13	86.6174	1	IG-D	OAP	285.36119421633
LV3003061556	leiden1	0.0101139033481939	ST13	86.6174	1	IG-D	OAP	765.544919230229
LV3003061556	leiden5	0.00364249956414535	ST13	86.6174	1	IG-D	OAP	687.187138787139
LV3003061556	grey	0.00139681037417084	ST13	86.6174	1	IG-D	OAP	434.230832095097
LV3003061556	leiden6	0.00171228611989739	ST13	86.6174	1	IG-D	OAP	790.915853091585
LV3003061557	leiden3	0.084393175344369	ST13	58.082	1	IG-D	OAP	639.555184231352
LV3003061557	leiden4	0.7815934837983	ST13	58.082	1	IG-D	OAP	391.139036405191
LV3003061557	leiden2	0.118143251221338	ST13	58.082	1	IG-D	OAP	574.174163495432
LV3003061557	leiden6	0.00212230692964687	ST13	58.082	1	IG-D	OAP	679.009798728814
LV3003061557	grey	0.00178957236864292	ST13	58.082	1	IG-D	OAP	405.2
LV3003061557	leiden1	0.00942448161978782	ST13	58.082	1	IG-D	OAP	531.71126943531
LV3003061557	leiden5	0.00253372871791528	ST13	58.082	1	IG-D	OAP	382.912156166815
LV3003061558	leiden1	0.0182624504657968	ST13	42.626	5	G-A	OAP	648.228060145709
LV3003061558	leiden2	0.188660109424197	ST13	42.626	5	G-A	OAP	615.627765332677
LV3003061558	leiden3	0.0183907220320953	ST13	42.626	5	G-A	OAP	660.039032539221
LV3003061558	leiden4	0.759456607439409	ST13	42.626	5	G-A	OAP	375.842652180878
LV3003061558	leiden5	0.0024337391845691	ST13	42.626	5	G-A	OAP	274.042798913044
LV3003061558	leiden6	0.0122268456995675	ST13	42.626	5	G-A	OAP	507.062684843705
LV3003061559	leiden3	0.0517676561826096	ST13	21.069	5	G-A	OAP	477.391574238948
LV3003061559	leiden4	0.698998231825074	ST13	21.069	5	G-A	OAP	428.52804534385
LV3003061559	leiden1	0.0312921016085501	ST13	21.069	5	G-A	OAP	587.267233723879
LV3003061559	leiden2	0.189649729438112	ST13	21.069	5	G-A	OAP	564.442940714412
LV3003061559	leiden5	0.00978202390074506	ST13	21.069	5	G-A	OAP	433.484435843303
LV3003061559	leiden6	0.0181293509627142	ST13	21.069	5	G-A	OAP	460.136161876231
LV3003061559	grey	0.000380906082195679	ST13	21.069	5	G-A	OAP	457.39299610895
LV3003061568	leiden3	0.0592579410979625	ST13	121.6354	2	IG-E	OAP	226.892507616146
LV3003061568	leiden4	0.809991992170122	ST13	121.6354	2	IG-E	OAP	159.931856442774
LV3003061568	leiden2	0.101076608239167	ST13	121.6354	2	IG-E	OAP	657.356033396345
LV3003061568	leiden5	0.023623098140404	ST13	121.6354	2	IG-E	OAP	646.879472693032
LV3003061568	leiden1	0.00605036035234452	ST13	121.6354	2	IG-E	OAP	-217
LV3003061569	leiden2	0.10726323083995	ST13	81.6946	1	IG-D	OAP	593.321428673942
LV3003061569	leiden3	0.100107071585201	ST13	81.6946	1	IG-D	OAP	484.802659173407
LV3003061569	leiden4	0.778983972591896	ST13	81.6946	1	IG-D	OAP	338.063856131572
LV3003061569	leiden1	0.00801439842017334	ST13	81.6946	1	IG-D	OAP	527.439546754028
LV3003061569	leiden5	0.0024247339528024	ST13	81.6946	1	IG-D	OAP	344.891200294551
LV3003061569	grey	0.00320659260997752	ST13	81.6946	1	IG-D	OAP	577.518939393939
LV3003061570	leiden3	0.0449769338495758	ST13	55.466	4	IG-B	OAP	610.393347668783
LV3003061570	leiden4	0.771420627728808	ST13	55.466	4	IG-B	OAP	399.953500440043
LV3003061570	leiden1	0.0167971002553752	ST13	55.466	4	IG-B	OAP	454.560533194658
LV3003061570	leiden2	0.158853694703023	ST13	55.466	4	IG-B	OAP	586.563517298245
LV3003061570	leiden6	0.00420545349699316	ST13	55.466	4	IG-B	OAP	733.426302671999
LV3003061570	grey	0.00178144822473021	ST13	55.466	4	IG-B	OAP	775.558201058201
LV3003061570	leiden5	0.00196474174149436	ST13	55.466	4	IG-B	OAP	675.10966529314
LV3003061571	leiden4	0.83776525157034	ST13	40.457	5	G-A	OAP	276.582175554442
LV3003061571	leiden1	0.0177871794547729	ST13	40.457	5	G-A	OAP	508.900461987284
LV3003061571	leiden2	0.112113418348647	ST13	40.457	5	G-A	OAP	606.409054407305
LV3003061571	leiden5	0.0136812304892383	ST13	40.457	5	G-A	OAP	355.712623819598
LV3003061571	leiden6	0.00806655460485573	ST13	40.457	5	G-A	OAP	455.571099049559
LV3003061571	leiden3	0.0103730899991153	ST13	40.457	5	G-A	OAP	570.960638590696
LV3003061571	grey	0.000213275533030851	ST13	40.457	5	G-A	OAP	820
LV3003061572	leiden1	0.0764412113724149	ST13	19.099	3	IG-A	OAP	592.53332183594
LV3003061572	leiden2	0.209278552513869	ST13	19.099	3	IG-A	OAP	523.539862227562
LV3003061572	leiden3	0.0300909984403719	ST13	19.099	3	IG-A	OAP	617.272462871487
LV3003061572	leiden4	0.67309638963701	ST13	19.099	3	IG-A	OAP	464.057199805734
LV3003061572	leiden5	0.00809861430014514	ST13	19.099	3	IG-A	OAP	225.972672366258
LV3003061572	leiden6	0.00096655966220841	ST13	19.099	3	IG-A	OAP	418.334873188406
LV3003061572	grey	0.00202767407398069	ST13	19.099	3	IG-A	OAP	563.333563854311
LV7001898064	leiden1	0.0258800702692782	ST13	6.808	3	IG-A	OAP	322.664494034719
LV7001898064	leiden2	0.0987765804032618	ST13	6.808	3	IG-A	OAP	574.625142058268
LV7001898064	leiden4	0.712124596869346	ST13	6.808	3	IG-A	OAP	405.153560769589
LV7001898064	leiden5	0.14398489734917	ST13	6.808	3	IG-A	OAP	484.467197467659
LV7001898064	leiden3	0.0184462099163586	ST13	6.808	3	IG-A	OAP	665.365229822817
LV7001898064	grey	0.000594666876425706	ST13	6.808	3	IG-A	OAP	680.593768371546
LV7001898064	leiden6	0.000192978316159312	ST13	6.808	3	IG-A	OAP	360
LV7001898076	leiden1	0.0546531025472443	ST13	6.429	3	IG-A	OAP	555.894973413354
LV7001898076	leiden3	0.0324887308398926	ST13	6.429	3	IG-A	OAP	610.788348279719
LV7001898076	leiden4	0.711449500472401	ST13	6.429	3	IG-A	OAP	414.285026943156
LV7001898076	leiden2	0.159503193562508	ST13	6.429	3	IG-A	OAP	572.156109953692
LV7001898076	leiden5	0.0390182520674916	ST13	6.429	3	IG-A	OAP	167.330681407136
LV7001898076	leiden6	0.000315215352086252	ST13	6.429	3	IG-A	OAP	715.100187265918
LV7001898076	grey	0.0025720051583767	ST13	6.429	3	IG-A	OAP	404.196755709457
LV7001898088	leiden1	0.0147446901181112	ST13	6.031	1	IG-D	OAP	555.234673470536
LV7001898088	leiden3	0.0369838116244819	ST13	6.031	1	IG-D	OAP	640.999994409571
LV7001898088	leiden4	0.870660306531793	ST13	6.031	1	IG-D	OAP	238.554960370312
LV7001898088	leiden2	0.0712774538963978	ST13	6.031	1	IG-D	OAP	584.803849161274
LV7001898088	leiden6	0.00104074228488156	ST13	6.031	1	IG-D	OAP	741.178757926147
LV7001898088	leiden5	0.00384775737700336	ST13	6.031	1	IG-D	OAP	533.501975719666
LV7001898088	grey	0.00144523816733086	ST13	6.031	1	IG-D	OAP	672.169154228856
LV7001898100	leiden1	0.00299710680747964	ST13	5.659	1	IG-D	OAP	604.705207394049
LV7001898100	leiden3	0.0539464033199096	ST13	5.659	1	IG-D	OAP	658.407542177675
LV7001898100	leiden4	0.910214409812426	ST13	5.659	1	IG-D	OAP	292.440717636888
LV7001898100	leiden2	0.018854366253501	ST13	5.659	1	IG-D	OAP	556.777854739197
LV7001898100	grey	0.000982628083474165	ST13	5.659	1	IG-D	OAP	649.569172576832
LV7001898100	leiden5	0.0126596162949756	ST13	5.659	1	IG-D	OAP	458.424262570503
LV7001898100	leiden6	0.000345469428234423	ST13	5.659	1	IG-D	OAP	91.5555555555556
LV7008886221	leiden2	0.110206454701946	GeoB25202_R1	50.3555	4	IG-B	OAP	590.742183683993
LV7008886221	leiden3	0.0557758296378208	GeoB25202_R1	50.3555	4	IG-B	OAP	416.656662611301
LV7008886221	leiden4	0.814719730047082	GeoB25202_R1	50.3555	4	IG-B	OAP	260.890496286821
LV7008886221	leiden5	0.00447109520172369	GeoB25202_R1	50.3555	4	IG-B	OAP	148.156454713058
LV7008886221	leiden6	0.0033219712947024	GeoB25202_R1	50.3555	4	IG-B	OAP	601.774566821997
LV7008886221	leiden1	0.00839042852745699	GeoB25202_R1	50.3555	4	IG-B	OAP	488.277413393214
LV7008886221	grey	0.003114490589268	GeoB25202_R1	50.3555	4	IG-B	OAP	670.800227128975
LV7008886222	leiden4	0.630950697253416	GeoB25202_R1	136.2775	4	IG-B	OAP	362.339297548668
LV7008886222	grey	0.00941221395638277	GeoB25202_R1	136.2775	4	IG-B	OAP	597.269899362902
LV7008886222	leiden3	0.113738579469918	GeoB25202_R1	136.2775	4	IG-B	OAP	364.872603471123
LV7008886222	leiden2	0.176572709529601	GeoB25202_R1	136.2775	4	IG-B	OAP	624.731957420834
LV7008886222	leiden5	0.0584815998642265	GeoB25202_R1	136.2775	4	IG-B	OAP	-173.14173216445
LV7008886222	leiden1	0.00960668118688654	GeoB25202_R1	136.2775	4	IG-B	OAP	535.259330952107
LV7008886222	leiden6	0.00123751873956949	GeoB25202_R1	136.2775	4	IG-B	OAP	701.129912663755
LV7008886226	leiden3	0.0628068311432634	GeoB25202_R2	36.607	4	IG-B	OAP	411.936855703491
LV7008886226	leiden4	0.736196309432665	GeoB25202_R2	36.607	4	IG-B	OAP	267.932241451639
LV7008886226	leiden2	0.0881533101045296	GeoB25202_R2	36.607	4	IG-B	OAP	638.267959711273
LV7008886226	leiden6	0.000842174341025921	GeoB25202_R2	36.607	4	IG-B	OAP	394.320964749536
LV7008886226	grey	0.0184903360884986	GeoB25202_R2	36.607	4	IG-B	OAP	77.2322172679251
LV7008886226	leiden5	0.0848033624474618	GeoB25202_R2	36.607	4	IG-B	OAP	286.075613607949
LV7008886226	leiden1	0.00870767644255558	GeoB25202_R2	36.607	4	IG-B	OAP	497.9962704817
LV7008886228	leiden3	0.249532934131737	GeoB25202_R2	120.0235	2	IG-E	OAP	321.624427541902
LV7008886228	leiden4	0.534634730538922	GeoB25202_R2	120.0235	2	IG-E	OAP	338.904891609621
LV7008886228	leiden5	0.0959041916167665	GeoB25202_R2	120.0235	2	IG-E	OAP	-68.423976023976
LV7008886228	leiden2	0.117101796407186	GeoB25202_R2	120.0235	2	IG-E	OAP	637.73674759561
LV7008886228	leiden6	0.00282634730538922	GeoB25202_R2	120.0235	2	IG-E	OAP	666.666666666667
LV7008886229	leiden2	0.0919931401011246	GeoB25202_R2	68.149	1	IG-D	OAP	534.097928846266
LV7008886229	leiden3	0.115288659376049	GeoB25202_R2	68.149	1	IG-D	OAP	426.972727125858
LV7008886229	leiden4	0.6957238791306	GeoB25202_R2	68.149	1	IG-D	OAP	321.456842245965
LV7008886229	leiden1	0.0156328012043817	GeoB25202_R2	68.149	1	IG-D	OAP	485.557794843113
LV7008886229	leiden5	0.0208862970996819	GeoB25202_R2	68.149	1	IG-D	OAP	356.897727886701
LV7008886229	leiden6	0.00137702606715697	GeoB25202_R2	68.149	1	IG-D	OAP	626.814243873611
LV7008886229	grey	0.0590981970210056	GeoB25202_R2	68.149	1	IG-D	OAP	527.694212966358
LV7008886690	leiden4	0.68531045833733	GeoB25202_R1	2.324	3	IG-A	OAP	341.305991060731
LV7008886690	leiden5	0.180550163142693	GeoB25202_R1	2.324	3	IG-A	OAP	99.9411521029929
LV7008886690	leiden2	0.0150474963724921	GeoB25202_R1	2.324	3	IG-A	OAP	487.589108643208
LV7008886690	grey	0.00113126477838325	GeoB25202_R1	2.324	3	IG-A	OAP	-107.764468371467
LV7008886690	leiden3	0.111282653280287	GeoB25202_R1	2.324	3	IG-A	OAP	14.7520707094703
LV7008886690	leiden1	0.00667796408881418	GeoB25202_R1	2.324	3	IG-A	OAP	530.296706693013
LV7008886692	leiden4	0.711993668927343	GeoB25202_R1	53.875	4	IG-B	OAP	350.184255445278
LV7008886692	leiden6	0.0042221888180524	GeoB25202_R1	53.875	4	IG-B	OAP	732.150537634409
LV7008886692	leiden2	0.0991529095523154	GeoB25202_R1	53.875	4	IG-B	OAP	602.251689647156
LV7008886692	leiden3	0.0134491082560371	GeoB25202_R1	53.875	4	IG-B	OAP	577.986382180085
LV7008886692	grey	0.145716357334229	GeoB25202_R1	53.875	4	IG-B	OAP	-225.914896939692
LV7008886692	leiden1	0.00529652586809086	GeoB25202_R1	53.875	4	IG-B	OAP	497.467404006678
LV7008886692	leiden5	0.020169241243932	GeoB25202_R1	53.875	4	IG-B	OAP	391.420809867467
LV7008886695	leiden3	0.126989853740972	GeoB25202_R1	95.3875	1	IG-D	OAP	355.092746294368
LV7008886695	leiden4	0.685113231714269	GeoB25202_R1	95.3875	1	IG-D	OAP	291.131546391065
LV7008886695	leiden1	0.00444611350666246	GeoB25202_R1	95.3875	1	IG-D	OAP	490.370003985658
LV7008886695	grey	0.0986836016872431	GeoB25202_R1	95.3875	1	IG-D	OAP	555.292144219089
LV7008886695	leiden2	0.0642882530059885	GeoB25202_R1	95.3875	1	IG-D	OAP	565.189992451148
LV7008886695	leiden6	0.000342008731281728	GeoB25202_R1	95.3875	1	IG-D	OAP	820
LV7008886695	leiden5	0.0201369376135838	GeoB25202_R1	95.3875	1	IG-D	OAP	218.994310182291
LV7008886702	leiden1	0.0148910780970623	GeoB25202_R2	2.324	3	IG-A	OAP	541.170288960548
LV7008886702	leiden4	0.801589707546332	GeoB25202_R2	2.324	3	IG-A	OAP	351.292796727668
LV7008886702	leiden5	0.0993272754656358	GeoB25202_R2	2.324	3	IG-A	OAP	95.9151886195817
LV7008886702	leiden3	0.0100570773169799	GeoB25202_R2	2.324	3	IG-A	OAP	655.788659337882
LV7008886702	leiden2	0.0726799306421778	GeoB25202_R2	2.324	3	IG-A	OAP	564.916591645661
LV7008886702	grey	0.000904625270808312	GeoB25202_R2	2.324	3	IG-A	OAP	70.0884804850322
LV7008886702	leiden6	0.000550305661003989	GeoB25202_R2	2.324	3	IG-A	OAP	500
LV7008886703	leiden1	0.0377694879124073	GeoB25202_R1	27.6855	5	G-A	OAP	532.519915595065
LV7008886703	leiden3	0.0850992361481194	GeoB25202_R1	27.6855	5	G-A	OAP	452.509973137235
LV7008886703	leiden4	0.637023400029068	GeoB25202_R1	27.6855	5	G-A	OAP	418.289333074443
LV7008886703	leiden5	0.00881901716648095	GeoB25202_R1	27.6855	5	G-A	OAP	482.946745895505
LV7008886703	leiden2	0.19682831904139	GeoB25202_R1	27.6855	5	G-A	OAP	589.783993335346
LV7008886703	leiden6	0.0329247613972191	GeoB25202_R1	27.6855	5	G-A	OAP	515.662427709978
LV7008886703	grey	0.00153577830531467	GeoB25202_R1	27.6855	5	G-A	OAP	597.040650406504
LV7008886704	leiden3	0.0170773935333004	GeoB25202_R2	53.875	4	IG-B	OAP	640.03672197084
LV7008886704	leiden4	0.69288423198573	GeoB25202_R2	53.875	4	IG-B	OAP	357.173836049896
LV7008886704	leiden2	0.126770697486172	GeoB25202_R2	53.875	4	IG-B	OAP	589.703273505393
LV7008886704	leiden6	0.00445203939380312	GeoB25202_R2	53.875	4	IG-B	OAP	738.032786885246
LV7008886704	leiden5	0.0178268951147487	GeoB25202_R2	53.875	4	IG-B	OAP	392.805633802817
LV7008886704	grey	0.134314430903449	GeoB25202_R2	53.875	4	IG-B	OAP	-240.930264578468
LV7008886704	leiden1	0.00667431158279744	GeoB25202_R2	53.875	4	IG-B	OAP	411.898113722931
LV7008886705	leiden4	0.816301629679742	GeoB25202_R1	59.738	4	IG-B	OAP	370.93574388834
LV7008886705	leiden6	0.0385976780989889	GeoB25202_R1	59.738	4	IG-B	OAP	762.911395916556
LV7008886705	leiden2	0.0809041158775989	GeoB25202_R1	59.738	4	IG-B	OAP	606.883649485853
LV7008886705	leiden5	0.0216847675078826	GeoB25202_R1	59.738	4	IG-B	OAP	393.574997917804
LV7008886705	leiden3	0.0199693151479276	GeoB25202_R1	59.738	4	IG-B	OAP	652.754752694115
LV7008886705	leiden1	0.0225424936878602	GeoB25202_R1	59.738	4	IG-B	OAP	575.288364541958
LV7008886706	leiden3	0.123960709528343	GeoB25202_R1	79.0255	1	IG-D	OAP	438.973630436559
LV7008886706	leiden4	0.689713768697383	GeoB25202_R1	79.0255	1	IG-D	OAP	331.475737723518
LV7008886706	leiden2	0.0821085006945832	GeoB25202_R1	79.0255	1	IG-D	OAP	577.513196392675
LV7008886706	leiden1	0.00881446308371328	GeoB25202_R1	79.0255	1	IG-D	OAP	547.642738253946
LV7008886706	grey	0.0775462062759607	GeoB25202_R1	79.0255	1	IG-D	OAP	554.05769936687
LV7008886706	leiden5	0.0163785778912827	GeoB25202_R1	79.0255	1	IG-D	OAP	345.101082915642
LV7008886707	leiden1	0.00770776242865706	GeoB25202_R2	95.3875	1	IG-D	OAP	452.959558794488
LV7008886707	leiden3	0.129414825270211	GeoB25202_R2	95.3875	1	IG-D	OAP	291.97995423672
LV7008886707	leiden4	0.687358390738732	GeoB25202_R2	95.3875	1	IG-D	OAP	299.10904289895
LV7008886707	grey	0.0948977600908409	GeoB25202_R2	95.3875	1	IG-D	OAP	544.030490777793
LV7008886707	leiden5	0.0222022228589207	GeoB25202_R2	95.3875	1	IG-D	OAP	229.324002302029
LV7008886707	leiden2	0.0575630111775738	GeoB25202_R2	95.3875	1	IG-D	OAP	562.964048205361
LV7008886707	leiden6	0.000856027435064079	GeoB25202_R2	95.3875	1	IG-D	OAP	594.696714579056
LV7008886708	leiden3	0.188450904849229	GeoB25202_R1	109.6305	1	IG-D	OAP	309.66161258004
LV7008886708	leiden4	0.573545988324164	GeoB25202_R1	109.6305	1	IG-D	OAP	315.547487381359
LV7008886708	grey	0.13078207162899	GeoB25202_R1	109.6305	1	IG-D	OAP	545.002852822706
LV7008886708	leiden5	0.0541582313146438	GeoB25202_R1	109.6305	1	IG-D	OAP	186.587383821135
LV7008886708	leiden2	0.0358294498000751	GeoB25202_R1	109.6305	1	IG-D	OAP	502.793542663923
LV7008886708	leiden6	0.00230862265889773	GeoB25202_R1	109.6305	1	IG-D	OAP	273.49058008479
LV7008886708	leiden1	0.0149247314239996	GeoB25202_R1	109.6305	1	IG-D	OAP	519.701812090622
LV7008886709	leiden4	0.700548074515017	GeoB25202_R1	147.206	4	IG-B	OAP	420.649016419475
LV7008886709	leiden1	0.0219518773237781	GeoB25202_R1	147.206	4	IG-B	OAP	571.088684391375
LV7008886709	leiden3	0.0526739101119266	GeoB25202_R1	147.206	4	IG-B	OAP	412.438919269266
LV7008886709	grey	0.00869791365659134	GeoB25202_R1	147.206	4	IG-B	OAP	592.537752363915
LV7008886709	leiden5	0.0208441696045002	GeoB25202_R1	147.206	4	IG-B	OAP	275.723925600739
LV7008886709	leiden2	0.195284054788187	GeoB25202_R1	147.206	4	IG-B	OAP	597.496480048294
LV7008886714	leiden1	0.0087878924372776	GeoB25202_R1	0.692	1	IG-D	OAP	454.530178061301
LV7008886714	leiden3	0.0218363242779207	GeoB25202_R1	0.692	1	IG-D	OAP	683.48135921305
LV7008886714	leiden4	0.89870355601364	GeoB25202_R1	0.692	1	IG-D	OAP	336.642644242325
LV7008886714	leiden2	0.0225530381514346	GeoB25202_R1	0.692	1	IG-D	OAP	487.170067287162
LV7008886714	leiden5	0.0477604347445929	GeoB25202_R1	0.692	1	IG-D	OAP	379.917201646547
LV7008886714	leiden6	0.000358754375134135	GeoB25202_R1	0.692	1	IG-D	OAP	152.348924995897
LV7008886715	leiden1	0.0308159042991686	GeoB25202_R2	27.6855	5	G-A	OAP	547.987560261145
LV7008886715	leiden2	0.152949555715199	GeoB25202_R2	27.6855	5	G-A	OAP	589.453549784972
LV7008886715	leiden3	0.0187485598173325	GeoB25202_R2	27.6855	5	G-A	OAP	552.29590199361
LV7008886715	leiden4	0.745331343673486	GeoB25202_R2	27.6855	5	G-A	OAP	323.457352861382
LV7008886715	leiden5	0.0190332076857389	GeoB25202_R2	27.6855	5	G-A	OAP	426.324263449313
LV7008886715	leiden6	0.0318288071036278	GeoB25202_R2	27.6855	5	G-A	OAP	499.446823266199
LV7008886715	grey	0.00129262170544737	GeoB25202_R2	27.6855	5	G-A	OAP	609.511478163494
LV7008886717	leiden4	0.814435912228699	GeoB25202_R2	59.738	4	IG-B	OAP	402.12744628779
LV7008886717	leiden1	0.0169445162830485	GeoB25202_R2	59.738	4	IG-B	OAP	515.417845168046
LV7008886717	leiden2	0.11861161398134	GeoB25202_R2	59.738	4	IG-B	OAP	630.724207369323
LV7008886717	leiden6	0.0034615155071916	GeoB25202_R2	59.738	4	IG-B	OAP	770.804597701149
LV7008886717	leiden3	0.0380965643463903	GeoB25202_R2	59.738	4	IG-B	OAP	647.811129481378
LV7008886717	leiden5	0.00844987765333121	GeoB25202_R2	59.738	4	IG-B	OAP	286.695395865068
LV7008886718	leiden3	0.112458351484041	GeoB25202_R2	79.0255	1	IG-D	OAP	481.138610408438
LV7008886718	leiden4	0.67503855799004	GeoB25202_R2	79.0255	1	IG-D	OAP	330.017714768631
LV7008886718	leiden1	0.0149890507081719	GeoB25202_R2	79.0255	1	IG-D	OAP	560.520579575068
LV7008886718	grey	0.0766362127223707	GeoB25202_R2	79.0255	1	IG-D	OAP	530.674872712452
LV7008886718	leiden6	0.000523917727256673	GeoB25202_R2	79.0255	1	IG-D	OAP	820
LV7008886718	leiden2	0.106284658040665	GeoB25202_R2	79.0255	1	IG-D	OAP	608.047666330865
LV7008886718	leiden5	0.0140692513274545	GeoB25202_R2	79.0255	1	IG-D	OAP	292.250859743613
LV7008886719	leiden3	0.0939685717976636	GeoB25202_R1	87.2825	1	IG-D	OAP	472.466826025839
LV7008886719	leiden4	0.713335301825161	GeoB25202_R1	87.2825	1	IG-D	OAP	288.521518568793
LV7008886719	grey	0.111772657648513	GeoB25202_R1	87.2825	1	IG-D	OAP	560.871072902407
LV7008886719	leiden2	0.0523718788639342	GeoB25202_R1	87.2825	1	IG-D	OAP	597.469163380513
LV7008886719	leiden1	0.00254673630206507	GeoB25202_R1	87.2825	1	IG-D	OAP	618.139719202899
LV7008886719	leiden5	0.025232066731873	GeoB25202_R1	87.2825	1	IG-D	OAP	276.174238364488
LV7008886719	leiden6	0.000772786830789673	GeoB25202_R1	87.2825	1	IG-D	OAP	820
LV7008886720	leiden3	0.184324854791895	GeoB25202_R2	109.6305	1	IG-D	OAP	372.09980360228
LV7008886720	leiden4	0.456662943241655	GeoB25202_R2	109.6305	1	IG-D	OAP	303.774297648703
LV7008886720	leiden1	0.015132932837217	GeoB25202_R2	109.6305	1	IG-D	OAP	531.84718304993
LV7008886720	grey	0.132438325530916	GeoB25202_R2	109.6305	1	IG-D	OAP	546.10840382406
LV7008886720	leiden5	0.162708567414962	GeoB25202_R2	109.6305	1	IG-D	OAP	-150.30115268571
LV7008886720	leiden2	0.0445640365282216	GeoB25202_R2	109.6305	1	IG-D	OAP	512.820547789194
LV7008886720	leiden6	0.0041683396551328	GeoB25202_R2	109.6305	1	IG-D	OAP	312.088564613952
LV7008886721	leiden4	0.690048806749357	GeoB25202_R2	147.206	4	IG-B	OAP	419.354056662039
LV7008886721	leiden1	0.0160233479021598	GeoB25202_R2	147.206	4	IG-B	OAP	516.513656772262
LV7008886721	leiden2	0.190941353979981	GeoB25202_R2	147.206	4	IG-B	OAP	622.289891577353
LV7008886721	leiden3	0.0800246513044649	GeoB25202_R2	147.206	4	IG-B	OAP	453.219599639858
LV7008886721	leiden5	0.0172665386876722	GeoB25202_R2	147.206	4	IG-B	OAP	254.470242140468
LV7008886721	grey	0.0056953013763645	GeoB25202_R2	147.206	4	IG-B	OAP	571.887171286425
LV7008886726	leiden3	0.0264245707245135	GeoB25202_R2	0.692	1	IG-D	OAP	650.053513725136
LV7008886726	leiden4	0.920828619080983	GeoB25202_R2	0.692	1	IG-D	OAP	345.81999546863
LV7008886726	grey	0.000319372544359361	GeoB25202_R2	0.692	1	IG-D	OAP	598.979701492537
LV7008886726	leiden2	0.0176405878765522	GeoB25202_R2	0.692	1	IG-D	OAP	514.175784782011
LV7008886726	leiden5	0.0256352171361938	GeoB25202_R2	0.692	1	IG-D	OAP	462.4559611763
LV7008886726	leiden1	0.00868784098383249	GeoB25202_R2	0.692	1	IG-D	OAP	472.456085760762
LV7008886726	leiden6	0.00046379165356579	GeoB25202_R2	0.692	1	IG-D	OAP	91.5555555555556
LV7008886727	leiden1	0.064262329313675	GeoB25202_R1	16.4375	3	IG-A	OAP	586.665232474387
LV7008886727	leiden3	0.0359258513497053	GeoB25202_R1	16.4375	3	IG-A	OAP	625.565830104095
LV7008886727	leiden4	0.674788845717543	GeoB25202_R1	16.4375	3	IG-A	OAP	535.267511008306
LV7008886727	leiden2	0.200799788534983	GeoB25202_R1	16.4375	3	IG-A	OAP	555.724137610071
LV7008886727	leiden5	0.0238221307420583	GeoB25202_R1	16.4375	3	IG-A	OAP	184.955697361346
LV7008886727	leiden6	0.000301619381199666	GeoB25202_R1	16.4375	3	IG-A	OAP	453.516483516484
LV7008886728	leiden3	0.00715355635241251	GeoB25202_R2	50.3555	5	G-A	OAP	598.932037239869
LV7008886728	leiden4	0.722176327296385	GeoB25202_R2	50.3555	5	G-A	OAP	347.038440875537
LV7008886728	leiden2	0.147997518647966	GeoB25202_R2	50.3555	5	G-A	OAP	597.126200686176
LV7008886728	leiden6	0.0106335012785015	GeoB25202_R2	50.3555	5	G-A	OAP	570.513825253754
LV7008886728	leiden1	0.0107787511536774	GeoB25202_R2	50.3555	5	G-A	OAP	418.477707438724
LV7008886728	grey	0.0959556987880713	GeoB25202_R2	50.3555	5	G-A	OAP	-238.492880794702
LV7008886728	leiden5	0.0053046464829861	GeoB25202_R2	50.3555	5	G-A	OAP	810.553337136338
LV7008886730	leiden3	0.116081329133237	GeoB25202_R1	75.351	1	IG-D	OAP	436.82950219855
LV7008886730	leiden4	0.678187511443071	GeoB25202_R1	75.351	1	IG-D	OAP	329.234484076215
LV7008886730	leiden1	0.0144781255428123	GeoB25202_R1	75.351	1	IG-D	OAP	545.789636381047
LV7008886730	leiden2	0.0945087342907174	GeoB25202_R1	75.351	1	IG-D	OAP	579.451806616481
LV7008886730	grey	0.0790916901005113	GeoB25202_R1	75.351	1	IG-D	OAP	541.761379070594
LV7008886730	leiden6	0.00194074484416298	GeoB25202_R1	75.351	1	IG-D	OAP	657.198576905806
LV7008886730	leiden5	0.0157118646454878	GeoB25202_R1	75.351	1	IG-D	OAP	310.594035470326
LV7008886731	leiden2	0.0581664665716993	GeoB25202_R2	87.2825	1	IG-D	OAP	533.583305509202
LV7008886731	leiden3	0.126700548032123	GeoB25202_R2	87.2825	1	IG-D	OAP	379.908130287993
LV7008886731	leiden4	0.676982443480947	GeoB25202_R2	87.2825	1	IG-D	OAP	273.215267568174
LV7008886731	leiden1	0.00744602101308186	GeoB25202_R2	87.2825	1	IG-D	OAP	471.314975790495
LV7008886731	grey	0.103757016283376	GeoB25202_R2	87.2825	1	IG-D	OAP	588.126059611223
LV7008886731	leiden5	0.0263524035241597	GeoB25202_R2	87.2825	1	IG-D	OAP	214.515170049087
LV7008886731	leiden6	0.00059510109461278	GeoB25202_R2	87.2825	1	IG-D	OAP	568.117073170732
LV7008886739	leiden1	0.0635666615142616	GeoB25202_R2	16.4375	3	IG-A	OAP	576.318602478614
LV7008886739	leiden2	0.22104897664142	GeoB25202_R2	16.4375	3	IG-A	OAP	553.745148060377
LV7008886739	leiden3	0.0360687300533729	GeoB25202_R2	16.4375	3	IG-A	OAP	626.183626950914
LV7008886739	leiden4	0.665776929651485	GeoB25202_R2	16.4375	3	IG-A	OAP	513.206120290891
LV7008886739	leiden5	0.00969315154435766	GeoB25202_R2	16.4375	3	IG-A	OAP	277.273709505061
LV7008886739	leiden6	0.00168835980760313	GeoB25202_R2	16.4375	3	IG-A	OAP	554.214570416298
LV7008886739	grey	0.00215719078749966	GeoB25202_R2	16.4375	3	IG-A	OAP	556.214185006878
LV7008886740	leiden3	0.108824478465076	GeoB25202_R1	43.105	4	IG-B	OAP	439.104697144825
LV7008886740	leiden4	0.673580344292439	GeoB25202_R1	43.105	4	IG-B	OAP	388.580007745615
LV7008886740	leiden2	0.190887159971522	GeoB25202_R1	43.105	4	IG-B	OAP	428.725294793961
LV7008886740	leiden6	0.00688892189652788	GeoB25202_R1	43.105	4	IG-B	OAP	463.397576740776
LV7008886740	leiden1	0.0126663969145825	GeoB25202_R1	43.105	4	IG-B	OAP	516.988450764838
LV7008886740	grey	0.00361604376130014	GeoB25202_R1	43.105	4	IG-B	OAP	473.238363072149
LV7008886740	leiden5	0.00353665469855205	GeoB25202_R1	43.105	4	IG-B	OAP	216.94961380642
LV7008886741	leiden4	0.739686468646865	GeoB25202_R1	58.997	2	IG-E	OAP	283.420412506885
LV7008886741	leiden2	0.121809680968097	GeoB25202_R1	58.997	2	IG-E	OAP	629.340335731415
LV7008886741	grey	0.0385038503850385	GeoB25202_R1	58.997	2	IG-E	OAP	-244
LV7008886741	leiden1	0.0635863586358636	GeoB25202_R1	58.997	2	IG-E	OAP	620.500655149603
LV7008886741	leiden5	0.0110836083608361	GeoB25202_R1	58.997	2	IG-E	OAP	66.5
LV7008886741	leiden3	0.0253300330033003	GeoB25202_R1	58.997	2	IG-E	OAP	475.038775510204
LV7008886742	leiden1	0.0181050867242334	GeoB25202_R2	75.351	1	IG-D	OAP	557.090530597065
LV7008886742	leiden2	0.0991963604256147	GeoB25202_R2	75.351	1	IG-D	OAP	576.345279151221
LV7008886742	leiden3	0.115022971820236	GeoB25202_R2	75.351	1	IG-D	OAP	407.502624571498
LV7008886742	leiden4	0.687858607324045	GeoB25202_R2	75.351	1	IG-D	OAP	345.991803775449
LV7008886742	grey	0.0578268807710151	GeoB25202_R2	75.351	1	IG-D	OAP	543.000333430851
LV7008886742	leiden5	0.0194961164903249	GeoB25202_R2	75.351	1	IG-D	OAP	374.448954444775
LV7008886742	leiden6	0.00249397644453091	GeoB25202_R2	75.351	1	IG-D	OAP	587.847570778799
LV7008886743	leiden3	0.131823487077372	GeoB25202_R1	81.6705	1	IG-D	OAP	308.27127271966
LV7008886743	leiden4	0.659454904110406	GeoB25202_R1	81.6705	1	IG-D	OAP	300.365260675606
LV7008886743	grey	0.127050448777468	GeoB25202_R1	81.6705	1	IG-D	OAP	563.695405181921
LV7008886743	leiden1	0.00762381000324417	GeoB25202_R1	81.6705	1	IG-D	OAP	520.634760806706
LV7008886743	leiden5	0.0219559761795557	GeoB25202_R1	81.6705	1	IG-D	OAP	152.951706861413
LV7008886743	leiden2	0.0520913738519538	GeoB25202_R1	81.6705	1	IG-D	OAP	566.18706503336
LV7008886744	leiden3	0.188002819143326	GeoB25202_R1	105.5785	1	IG-D	OAP	313.969216680882
LV7008886744	leiden4	0.555620547143939	GeoB25202_R1	105.5785	1	IG-D	OAP	278.721629939661
LV7008886744	leiden5	0.0654012484777585	GeoB25202_R1	105.5785	1	IG-D	OAP	-18.7902039021019
LV7008886744	leiden1	0.00420234545053554	GeoB25202_R1	105.5785	1	IG-D	OAP	601.496601407305
LV7008886744	grey	0.148810494117196	GeoB25202_R1	105.5785	1	IG-D	OAP	500.0458686016
LV7008886744	leiden2	0.0376005638286651	GeoB25202_R1	105.5785	1	IG-D	OAP	541.207592446494
LV7008886744	leiden6	0.000361981838580072	GeoB25202_R1	105.5785	1	IG-D	OAP	91.5555555555556
LV7008886745	leiden1	0.00938108836638288	GeoB25202_R2	136.2775	4	IG-B	OAP	655.027299668089
LV7008886745	leiden4	0.693766847260402	GeoB25202_R2	136.2775	4	IG-B	OAP	318.98374110461
LV7008886745	leiden5	0.010822279751261	GeoB25202_R2	136.2775	4	IG-B	OAP	135.484525277435
LV7008886745	leiden2	0.158624462889322	GeoB25202_R2	136.2775	4	IG-B	OAP	619.544891612531
LV7008886745	leiden3	0.120272758813953	GeoB25202_R2	136.2775	4	IG-B	OAP	389.352327542291
LV7008886745	grey	0.00637860631455336	GeoB25202_R2	136.2775	4	IG-B	OAP	469.196338912134
LV7008886745	leiden6	0.000753956604126078	GeoB25202_R2	136.2775	4	IG-B	OAP	820
LV7008886751	leiden2	0.0822610955905648	GeoB25202_R1	7.1335	3	IG-A	OAP	552.972911935469
LV7008886751	leiden3	0.0150143285043634	GeoB25202_R1	7.1335	3	IG-A	OAP	496.844727651716
LV7008886751	leiden4	0.691910155237464	GeoB25202_R1	7.1335	3	IG-A	OAP	372.107410735187
LV7008886751	leiden5	0.146825768267043	GeoB25202_R1	7.1335	3	IG-A	OAP	183.513634455845
LV7008886751	leiden1	0.0592868868984188	GeoB25202_R1	7.1335	3	IG-A	OAP	305.732204402774
LV7008886751	grey	0.00449475821548919	GeoB25202_R1	7.1335	3	IG-A	OAP	610.622496506754
LV7008886752	leiden3	0.0739448278036757	GeoB25202_R2	43.105	5	G-A	OAP	429.540980543036
LV7008886752	leiden4	0.689557855126999	GeoB25202_R2	43.105	5	G-A	OAP	359.411792763595
LV7008886752	leiden5	0.0107921609022635	GeoB25202_R2	43.105	5	G-A	OAP	434.594560411684
LV7008886752	leiden2	0.144329057111474	GeoB25202_R2	43.105	5	G-A	OAP	556.86341586202
LV7008886752	leiden6	0.0126762561949158	GeoB25202_R2	43.105	5	G-A	OAP	476.512581373498
LV7008886752	leiden1	0.00857434161774676	GeoB25202_R2	43.105	5	G-A	OAP	676.097670429118
LV7008886752	grey	0.0601255012429248	GeoB25202_R2	43.105	5	G-A	OAP	-230.311819850531
LV7008886753	leiden4	0.821454260119009	GeoB25202_R2	58.997	4	IG-B	OAP	451.111697169987
LV7008886753	grey	0.00704025807014102	GeoB25202_R2	58.997	4	IG-B	OAP	424.997156922745
LV7008886753	leiden3	0.0357462019660411	GeoB25202_R2	58.997	4	IG-B	OAP	628.177075572113
LV7008886753	leiden2	0.106769981908934	GeoB25202_R2	58.997	4	IG-B	OAP	566.78385819457
LV7008886753	leiden5	0.0047461801695765	GeoB25202_R2	58.997	4	IG-B	OAP	307.438002296211
LV7008886753	leiden1	0.0227010178948974	GeoB25202_R2	58.997	4	IG-B	OAP	482.236350876687
LV7008886753	leiden6	0.00154209987140086	GeoB25202_R2	58.997	4	IG-B	OAP	560.75
LV7008886754	leiden3	0.138168627813508	GeoB25202_R1	71.8895	1	IG-D	OAP	537.991364177928
LV7008886754	leiden4	0.627237710366565	GeoB25202_R1	71.8895	1	IG-D	OAP	383.132237313896
LV7008886754	leiden1	0.0188278901053429	GeoB25202_R1	71.8895	1	IG-D	OAP	521.19436321003
LV7008886754	grey	0.0598019924019317	GeoB25202_R1	71.8895	1	IG-D	OAP	547.677098484823
LV7008886754	leiden5	0.048836298164754	GeoB25202_R1	71.8895	1	IG-D	OAP	83.8203349719729
LV7008886754	leiden6	0.00324876850543442	GeoB25202_R1	71.8895	1	IG-D	OAP	628.180695417853
LV7008886754	leiden2	0.103878712642464	GeoB25202_R1	71.8895	1	IG-D	OAP	525.236929369459
LV7008886755	leiden3	0.119082532183512	GeoB25202_R2	81.6705	1	IG-D	OAP	424.264479697797
LV7008886755	leiden4	0.691872828172813	GeoB25202_R2	81.6705	1	IG-D	OAP	300.200541352128
LV7008886755	leiden1	0.00504028930977741	GeoB25202_R2	81.6705	1	IG-D	OAP	380.885965867921
LV7008886755	grey	0.103501170095226	GeoB25202_R2	81.6705	1	IG-D	OAP	565.877571884749
LV7008886755	leiden5	0.0149857058212434	GeoB25202_R2	81.6705	1	IG-D	OAP	182.211728449841
LV7008886755	leiden2	0.0655174744174277	GeoB25202_R2	81.6705	1	IG-D	OAP	567.810354389451
LV7008886756	leiden3	0.169243866088525	GeoB25202_R2	105.5785	1	IG-D	OAP	307.328650366005
LV7008886756	leiden4	0.589906960367721	GeoB25202_R2	105.5785	1	IG-D	OAP	316.897528135966
LV7008886756	grey	0.145923667951247	GeoB25202_R2	105.5785	1	IG-D	OAP	565.620403902276
LV7008886756	leiden1	0.00546710332752941	GeoB25202_R2	105.5785	1	IG-D	OAP	436.683038206908
LV7008886756	leiden5	0.0274729779917137	GeoB25202_R2	105.5785	1	IG-D	OAP	396.518255291934
LV7008886756	leiden2	0.0609315538920856	GeoB25202_R2	105.5785	1	IG-D	OAP	545.21503899579
LV7008886756	leiden6	0.00105387038117792	GeoB25202_R2	105.5785	1	IG-D	OAP	91.5555555555556
LV7008886757	leiden3	0.216319107662464	GeoB25202_R1	123.1195	2	IG-E	OAP	251.793267994943
LV7008886757	leiden1	0.0155431619786615	GeoB25202_R1	123.1195	2	IG-E	OAP	604.717472698908
LV7008886757	leiden4	0.541658583899127	GeoB25202_R1	123.1195	2	IG-E	OAP	337.601103948117
LV7008886757	grey	0.0450775945683802	GeoB25202_R1	123.1195	2	IG-E	OAP	551.748318584071
LV7008886757	leiden5	0.057274490785645	GeoB25202_R1	123.1195	2	IG-E	OAP	54.1165537679932
LV7008886757	leiden2	0.124127061105723	GeoB25202_R1	123.1195	2	IG-E	OAP	656.477293643946
LV7008886763	leiden2	0.0476157662624035	GeoB25202_R2	7.1335	3	IG-A	OAP	537.335478612137
LV7008886763	leiden1	0.0210963340683572	GeoB25202_R2	7.1335	3	IG-A	OAP	50.0617555950861
LV7008886763	leiden4	0.794990352811466	GeoB25202_R2	7.1335	3	IG-A	OAP	319.732021471233
LV7008886763	leiden5	0.123518467475193	GeoB25202_R2	7.1335	3	IG-A	OAP	119.38953921475
LV7008886763	leiden3	0.00709757442116869	GeoB25202_R2	7.1335	3	IG-A	OAP	397.064233278956
LV7008886763	grey	0.00568150496141125	GeoB25202_R2	7.1335	3	IG-A	OAP	185.453471300188
LV7008886765	leiden4	0.657961128415321	GeoB25202_R1	58.181	4	IG-B	OAP	426.748311806138
LV7008886765	leiden1	0.0192286350554516	GeoB25202_R1	58.181	4	IG-B	OAP	533.597316756232
LV7008886765	leiden2	0.156169464523082	GeoB25202_R1	58.181	4	IG-B	OAP	608.822714722447
LV7008886765	leiden6	0.00716912172709987	GeoB25202_R1	58.181	4	IG-B	OAP	602.996027293281
LV7008886765	leiden3	0.0692743822890387	GeoB25202_R1	58.181	4	IG-B	OAP	440.180831572472
LV7008886765	leiden5	0.0164739364076461	GeoB25202_R1	58.181	4	IG-B	OAP	362.274652966794
LV7008886765	grey	0.0737233315823611	GeoB25202_R1	58.181	4	IG-B	OAP	-205.210351575567
LV7008886766	leiden2	0.0858955884211857	GeoB25202_R2	71.8895	1	IG-D	OAP	530.443147014372
LV7008886766	leiden3	0.163755951628534	GeoB25202_R2	71.8895	1	IG-D	OAP	527.370082762279
LV7008886766	leiden4	0.651439767412464	GeoB25202_R2	71.8895	1	IG-D	OAP	366.265173896945
LV7008886766	leiden1	0.0175612017022711	GeoB25202_R2	71.8895	1	IG-D	OAP	507.342453401025
LV7008886766	leiden5	0.0234239244933215	GeoB25202_R2	71.8895	1	IG-D	OAP	341.340272974607
LV7008886766	leiden6	0.00158007837188725	GeoB25202_R2	71.8895	1	IG-D	OAP	557.271466666667
LV7008886766	grey	0.0563434879703367	GeoB25202_R2	71.8895	1	IG-D	OAP	550.436393024632
LV7008886768	leiden3	0.137457665315047	GeoB25202_R1	102.2955	1	IG-D	OAP	413.450427225465
LV7008886768	leiden4	0.659441333996091	GeoB25202_R1	102.2955	1	IG-D	OAP	357.844126274947
LV7008886768	leiden1	0.00347787728015932	GeoB25202_R1	102.2955	1	IG-D	OAP	371.298943302068
LV7008886768	grey	0.0920262950537744	GeoB25202_R1	102.2955	1	IG-D	OAP	562.355360734937
LV7008886768	leiden2	0.0863683513167505	GeoB25202_R1	102.2955	1	IG-D	OAP	549.075459066927
LV7008886768	leiden5	0.0193824530222849	GeoB25202_R1	102.2955	1	IG-D	OAP	353.239478024243
LV7008886768	leiden6	0.00184602401589339	GeoB25202_R1	102.2955	1	IG-D	OAP	560.75
LV7008886769	leiden1	0.0211340023403425	GeoB25202_R2	123.1195	2	IG-E	OAP	677.641652684564
LV7008886769	leiden4	0.516736995142016	GeoB25202_R2	123.1195	2	IG-E	OAP	446.777068193048
LV7008886769	leiden3	0.173185348037304	GeoB25202_R2	123.1195	2	IG-E	OAP	202.894560711402
LV7008886769	leiden2	0.211827594766143	GeoB25202_R2	123.1195	2	IG-E	OAP	704.662633454425
LV7008886769	grey	0.0101414843445268	GeoB25202_R2	123.1195	2	IG-E	OAP	567.494988662132
LV7008886769	leiden5	0.0669745753696677	GeoB25202_R2	123.1195	2	IG-E	OAP	486.561613079178
LV7008886776	leiden1	0.0363832790038343	GeoB25202_R1	36.607	5	G-A	OAP	599.942743018622
LV7008886776	leiden2	0.20001248954001	GeoB25202_R1	36.607	5	G-A	OAP	599.874160633256
LV7008886776	leiden3	0.0376047560168359	GeoB25202_R1	36.607	5	G-A	OAP	630.555066304508
LV7008886776	leiden4	0.681649118862952	GeoB25202_R1	36.607	5	G-A	OAP	416.8290093889
LV7008886776	leiden5	0.0029125607303883	GeoB25202_R1	36.607	5	G-A	OAP	294.567079147268
LV7008886776	leiden6	0.0222576092522512	GeoB25202_R1	36.607	5	G-A	OAP	524.280579926786
LV7008886776	grey	0.0191801865937278	GeoB25202_R1	36.607	5	G-A	OAP	-120.174412760843
LV7008886778	leiden2	0.0904935407837077	GeoB25202_R1	68.149	1	IG-D	OAP	537.306398394337
LV7008886778	leiden3	0.0956741903423567	GeoB25202_R1	68.149	1	IG-D	OAP	569.772280622975
LV7008886778	leiden4	0.733146527020065	GeoB25202_R1	68.149	1	IG-D	OAP	331.955929244027
LV7008886778	leiden1	0.0115776905765658	GeoB25202_R1	68.149	1	IG-D	OAP	462.973568040226
LV7008886778	grey	0.0553846125077953	GeoB25202_R1	68.149	1	IG-D	OAP	574.311252784068
LV7008886778	leiden5	0.0133447773236957	GeoB25202_R1	68.149	1	IG-D	OAP	278.291210811248
LV7008886778	leiden6	0.000378661445813547	GeoB25202_R1	68.149	1	IG-D	OAP	661.893004115226
LV7008886780	leiden3	0.125858970233577	GeoB25202_R2	102.2955	1	IG-D	OAP	391.144608211126
LV7008886780	leiden4	0.687399303293714	GeoB25202_R2	102.2955	1	IG-D	OAP	344.034580115892
LV7008886780	leiden2	0.0929364028473693	GeoB25202_R2	102.2955	1	IG-D	OAP	575.128598637126
LV7008886780	leiden1	0.00948525133113057	GeoB25202_R2	102.2955	1	IG-D	OAP	503.492571595869
LV7008886780	grey	0.0684731996802372	GeoB25202_R2	102.2955	1	IG-D	OAP	544.412531142112
LV7008886780	leiden5	0.0158468726139716	GeoB25202_R2	102.2955	1	IG-D	OAP	254.984940257846
LV7008886781	leiden3	0.24325302658569	GeoB25202_R1	120.0235	2	IG-E	OAP	309.91499954274
LV7008886781	leiden4	0.60117443590878	GeoB25202_R1	120.0235	2	IG-E	OAP	324.564416397173
LV7008886781	leiden2	0.140650766198769	GeoB25202_R1	120.0235	2	IG-E	OAP	603.769871164974
LV7008886781	leiden1	0.0102159835900736	GeoB25202_R1	120.0235	2	IG-E	OAP	702.5
LV7008886781	grey	0.00470578771668745	GeoB25202_R1	120.0235	2	IG-E	OAP	-217
LV3003046936	leiden1	0.0675888164049875	ST8	22.905	3	IG-A	MGI	-3.02791668143305
LV3003046936	leiden2	0.226342027148859	ST8	22.905	3	IG-A	MGI	-13.8155105579643
LV3003046936	leiden3	0.0310325837344991	ST8	22.905	3	IG-A	MGI	-13.8155105579643
LV3003046936	leiden4	0.652404017895113	ST8	22.905	3	IG-A	MGI	-13.8155105579643
LV3003046936	grey	0.00475604725534557	ST8	22.905	3	IG-A	MGI	-13.8155105579643
LV3003046936	leiden5	0.0156151657679419	ST8	22.905	3	IG-A	MGI	-1.95079012188399
LV3003046936	leiden6	0.00226134179325361	ST8	22.905	3	IG-A	MGI	-13.8155105579643
LV3003046937	leiden1	0.0275715531018451	ST8	18.598	3	IG-A	MGI	-13.8155105579643
LV3003046937	leiden4	0.729887040534651	ST8	18.598	3	IG-A	MGI	-13.8155105579643
LV3003046937	leiden2	0.203187200348685	ST8	18.598	3	IG-A	MGI	-13.8155105579643
LV3003046937	leiden3	0.0212952201075113	ST8	18.598	3	IG-A	MGI	-13.8155105579643
LV3003046937	leiden5	0.0143959755920384	ST8	18.598	3	IG-A	MGI	-13.8155105579643
LV3003046937	leiden6	0.00240447479296818	ST8	18.598	3	IG-A	MGI	-13.8155105579643
LV3003046937	grey	0.00125853552230132	ST8	18.598	3	IG-A	MGI	-13.8155105579643
LV3003046938	leiden3	0.303806676365772	ST8	11.169	1	IG-D	MGI	-13.8155105579643
LV3003046938	leiden4	0.531410418974653	ST8	11.169	1	IG-D	MGI	-13.8155105579643
LV3003046938	leiden1	0.0339063813883958	ST8	11.169	1	IG-D	MGI	-13.8155105579643
LV3003046938	leiden2	0.0849094379412982	ST8	11.169	1	IG-D	MGI	-13.8155105579643
LV3003046938	leiden6	0.0190600766140334	ST8	11.169	1	IG-D	MGI	-13.8155105579643
LV3003046938	grey	0.0269070087158474	ST8	11.169	1	IG-D	MGI	-13.8155105579643
LV3003046939	leiden3	0.136189321809062	ST8	2.42	1	IG-D	MGI	-13.8155105579643
LV3003046939	leiden4	0.802420386438417	ST8	2.42	1	IG-D	MGI	-13.8155105579643
LV3003046939	leiden1	0.00662742083037104	ST8	2.42	1	IG-D	MGI	-13.8155105579643
LV3003046939	leiden2	0.0446195037030558	ST8	2.42	1	IG-D	MGI	-13.8155105579643
LV3003046939	leiden6	0.00229200770009359	ST8	2.42	1	IG-D	MGI	-13.8155105579643
LV3003046939	grey	0.00352318084631316	ST8	2.42	1	IG-D	MGI	-13.8155105579643
LV3003046939	leiden5	0.00432817867268749	ST8	2.42	1	IG-D	MGI	-13.8155105579643
LV3003046949	leiden1	0.064534801475789	ST8	22.3686666666667	3	IG-A	MGI	-13.8155105579643
LV3003046949	leiden2	0.194733038940185	ST8	22.3686666666667	3	IG-A	MGI	-13.8155105579643
LV3003046949	leiden3	0.0313815449905374	ST8	22.3686666666667	3	IG-A	MGI	-13.8155105579643
LV3003046949	leiden4	0.688840205692875	ST8	22.3686666666667	3	IG-A	MGI	-13.8155105579643
LV3003046949	grey	0.00224809313528703	ST8	22.3686666666667	3	IG-A	MGI	-13.8155105579643
LV3003046949	leiden5	0.0164454894764008	ST8	22.3686666666667	3	IG-A	MGI	-13.8155105579643
LV3003046949	leiden6	0.00181682628892585	ST8	22.3686666666667	3	IG-A	MGI	-13.8155105579643
LV3003046950	leiden1	0.057981312567371	ST8	18.099	3	IG-A	MGI	-13.8155105579643
LV3003046950	leiden2	0.244606698666357	ST8	18.099	3	IG-A	MGI	-13.8155105579643
LV3003046950	leiden4	0.631955219768268	ST8	18.099	3	IG-A	MGI	-13.8155105579643
LV3003046950	leiden6	0.0102875138367242	ST8	18.099	3	IG-A	MGI	-13.8155105579643
LV3003046950	leiden3	0.0302897373801824	ST8	18.099	3	IG-A	MGI	-13.8155105579643
LV3003046950	leiden5	0.0211224544052746	ST8	18.099	3	IG-A	MGI	-1.75441970203566
LV3003046950	grey	0.00375706337582235	ST8	18.099	3	IG-A	MGI	-13.8155105579643
LV3003046952	leiden3	0.303315248057641	ST8	10.26	1	IG-D	MGI	-13.8155105579643
LV3003046952	leiden4	0.563267502929815	ST8	10.26	1	IG-D	MGI	-13.8155105579643
LV3003046952	leiden2	0.0705169495203785	ST8	10.26	1	IG-D	MGI	-13.8155105579643
LV3003046952	leiden6	0.00727114892139416	ST8	10.26	1	IG-D	MGI	-13.8155105579643
LV3003046952	leiden1	0.0275897391379834	ST8	10.26	1	IG-D	MGI	-13.8155105579643
LV3003046952	grey	0.0278084986327532	ST8	10.26	1	IG-D	MGI	-13.8155105579643
LV3003046952	leiden5	0.000230912800034724	ST8	10.26	1	IG-D	MGI	-13.8155105579643
LV3003046953	leiden1	0.0064390028429954	ST8	1.5215	1	IG-D	MGI	-13.8155105579643
LV3003046953	leiden3	0.0649280889399481	ST8	1.5215	1	IG-D	MGI	-13.8155105579643
LV3003046953	leiden4	0.874965462332129	ST8	1.5215	1	IG-D	MGI	-13.8155105579643
LV3003046953	leiden2	0.0373811177116432	ST8	1.5215	1	IG-D	MGI	-13.8155105579643
LV3003046953	leiden5	0.0145203626818681	ST8	1.5215	1	IG-D	MGI	-13.8155105579643
LV3003046953	grey	0.000730289898277479	ST8	1.5215	1	IG-D	MGI	-13.8155105579643
LV3003046953	leiden6	0.001035675593139	ST8	1.5215	1	IG-D	MGI	-13.8155105579643
LV3003046965	leiden1	0.0665505382532902	ST8	21.8323333333333	3	IG-A	MGI	-3.18217174908819
LV3003046965	leiden2	0.214692880686631	ST8	21.8323333333333	3	IG-A	MGI	-13.8155105579643
LV3003046965	leiden3	0.0362607476751289	ST8	21.8323333333333	3	IG-A	MGI	-13.8155105579643
LV3003046965	leiden4	0.652748727145557	ST8	21.8323333333333	3	IG-A	MGI	-13.8155105579643
LV3003046965	leiden5	0.0232858750558646	ST8	21.8323333333333	3	IG-A	MGI	-2.30080655154212
LV3003046965	leiden6	0.00341000159136584	ST8	21.8323333333333	3	IG-A	MGI	-13.8155105579643
LV3003046965	grey	0.00305122959216248	ST8	21.8323333333333	3	IG-A	MGI	-13.8155105579643
LV3003046966	leiden1	0.0731596843201466	ST8	17.373	3	IG-A	MGI	-13.8155105579643
LV3003046966	leiden4	0.595533305730167	ST8	17.373	3	IG-A	MGI	-13.8155105579643
LV3003046966	leiden2	0.23655412102734	ST8	17.373	3	IG-A	MGI	-13.8155105579643
LV3003046966	grey	0.00552816150361978	ST8	17.373	3	IG-A	MGI	-13.8155105579643
LV3003046966	leiden6	0.0251000614797807	ST8	17.373	3	IG-A	MGI	-13.8155105579643
LV3003046966	leiden3	0.0239620581924945	ST8	17.373	3	IG-A	MGI	-13.8155105579643
LV3003046966	leiden5	0.0401626077464524	ST8	17.373	3	IG-A	MGI	-13.8155105579643
LV3003046978	leiden1	0.0567054923903407	ST8	21.296	3	IG-A	MGI	-13.8155105579643
LV3003046978	leiden2	0.174142952509914	ST8	21.296	3	IG-A	MGI	-13.8155105579643
LV3003046978	leiden3	0.0410158567035269	ST8	21.296	3	IG-A	MGI	-13.8155105579643
LV3003046978	leiden4	0.685284903314752	ST8	21.296	3	IG-A	MGI	-13.8155105579643
LV3003046978	leiden5	0.039265154211338	ST8	21.296	3	IG-A	MGI	-13.8155105579643
LV3003046978	leiden6	0.00214801508664714	ST8	21.296	3	IG-A	MGI	-13.8155105579643
LV3003046978	grey	0.00143762578348148	ST8	21.296	3	IG-A	MGI	-13.8155105579643
LV3003046979	leiden2	0.131277610536387	ST8	16.461	3	IG-A	MGI	-13.8155105579643
LV3003046979	leiden3	0.0831497866550346	ST8	16.461	3	IG-A	MGI	-13.8155105579643
LV3003046979	leiden4	0.677146329335696	ST8	16.461	3	IG-A	MGI	-13.8155105579643
LV3003046979	leiden5	0.0665112129518435	ST8	16.461	3	IG-A	MGI	-1.9737140416579
LV3003046979	leiden1	0.0259263048867396	ST8	16.461	3	IG-A	MGI	-13.8155105579643
LV3003046979	grey	0.00902385478540746	ST8	16.461	3	IG-A	MGI	-13.8155105579643
LV3003046979	leiden6	0.00696490084889217	ST8	16.461	3	IG-A	MGI	-13.8155105579643
LV3003046980	leiden3	0.231435199081151	ST8	8.056	1	IG-D	MGI	-13.8155105579643
LV3003046980	leiden4	0.669660098581995	ST8	8.056	1	IG-D	MGI	-13.8155105579643
LV3003046980	grey	0.0184932326809202	ST8	8.056	1	IG-D	MGI	-13.8155105579643
LV3003046980	leiden2	0.058524601256478	ST8	8.056	1	IG-D	MGI	-13.8155105579643
LV3003046980	leiden1	0.0204450937153545	ST8	8.056	1	IG-D	MGI	-13.8155105579643
LV3003046980	leiden5	0.000596835729640355	ST8	8.056	1	IG-D	MGI	-13.8155105579643
LV3003046980	leiden6	0.000844938954461781	ST8	8.056	1	IG-D	MGI	-13.8155105579643
LV3003046993	leiden1	0.0447990398981116	ST8	20.719	3	IG-A	MGI	-13.8155105579643
LV3003046993	leiden3	0.118954664576649	ST8	20.719	3	IG-A	MGI	-13.8155105579643
LV3003046993	leiden4	0.516279278617323	ST8	20.719	3	IG-A	MGI	-13.8155105579643
LV3003046993	leiden5	0.207243217647587	ST8	20.719	3	IG-A	MGI	-1.73729133925366
LV3003046993	leiden2	0.101137263546336	ST8	20.719	3	IG-A	MGI	-13.8155105579643
LV3003046993	grey	0.0109203425669663	ST8	20.719	3	IG-A	MGI	-13.8155105579643
LV3003046993	leiden6	0.000666193147027848	ST8	20.719	3	IG-A	MGI	-13.8155105579643
LV3003046994	leiden4	0.563438373826373	ST8	15.549	3	IG-A	MGI	-13.8155105579643
LV3003046994	leiden1	0.0133300640115877	ST8	15.549	3	IG-A	MGI	-13.8155105579643
LV3003046994	leiden3	0.0528363531257206	ST8	15.549	3	IG-A	MGI	-13.8155105579643
LV3003046994	grey	0.0427539597223891	ST8	15.549	3	IG-A	MGI	-13.8155105579643
LV3003046994	leiden5	0.260495659488232	ST8	15.549	3	IG-A	MGI	-2.35939888278242
LV3003046994	leiden2	0.0671455898256975	ST8	15.549	3	IG-A	MGI	-13.8155105579643
LV3003046995	leiden1	0.0189651714972032	ST8	6.9705	1	IG-D	MGI	-13.8155105579643
LV3003046995	leiden3	0.278983574895717	ST8	6.9705	1	IG-D	MGI	-13.8155105579643
LV3003046995	leiden4	0.631589277104835	ST8	6.9705	1	IG-D	MGI	-13.8155105579643
LV3003046995	leiden2	0.0659478816891874	ST8	6.9705	1	IG-D	MGI	-13.8155105579643
LV3003046995	grey	0.00226558066704497	ST8	6.9705	1	IG-D	MGI	-13.8155105579643
LV3003046995	leiden5	0.000671283160605918	ST8	6.9705	1	IG-D	MGI	-13.8155105579643
LV3003046995	leiden6	0.0015772309854067	ST8	6.9705	1	IG-D	MGI	-13.8155105579643
LV3003047009	leiden2	0.0767326194192605	ST8	20.142	3	IG-A	MGI	-13.8155105579643
LV3003047009	leiden4	0.537685798040997	ST8	20.142	3	IG-A	MGI	-13.8155105579643
LV3003047009	leiden5	0.185338474674904	ST8	20.142	3	IG-A	MGI	-1.79930000569361
LV3003047009	leiden1	0.0642046783307681	ST8	20.142	3	IG-A	MGI	-13.8155105579643
LV3003047009	grey	0.0680987550919405	ST8	20.142	3	IG-A	MGI	-13.8155105579643
LV3003047009	leiden3	0.067692215653536	ST8	20.142	3	IG-A	MGI	-13.8155105579643
LV3003047010	leiden3	0.249238901097297	ST8	13.676	1	IG-D	MGI	-13.8155105579643
LV3003047010	leiden4	0.636551729172903	ST8	13.676	1	IG-D	MGI	-13.8155105579643
LV3003047010	leiden1	0.0260138859483256	ST8	13.676	1	IG-D	MGI	-13.8155105579643
LV3003047010	leiden6	0.00538208260022048	ST8	13.676	1	IG-D	MGI	-13.8155105579643
LV3003047010	grey	0.0120359486906179	ST8	13.676	1	IG-D	MGI	-13.8155105579643
LV3003047010	leiden2	0.0704839639929037	ST8	13.676	1	IG-D	MGI	-13.8155105579643
LV3003047010	leiden5	0.00029348849773313	ST8	13.676	1	IG-D	MGI	-13.8155105579643
LV3003047013	leiden1	0.0121836031475954	ST8	5.885	1	IG-D	MGI	-13.8155105579643
LV3003047013	leiden3	0.176217948928916	ST8	5.885	1	IG-D	MGI	-13.8155105579643
LV3003047013	leiden4	0.759327762620495	ST8	5.885	1	IG-D	MGI	-13.8155105579643
LV3003047013	leiden2	0.0400064505300295	ST8	5.885	1	IG-D	MGI	-13.8155105579643
LV3003047013	grey	0.00819151492014178	ST8	5.885	1	IG-D	MGI	-13.8155105579643
LV3003047013	leiden5	0.00224452116333334	ST8	5.885	1	IG-D	MGI	-13.8155105579643
LV3003047013	leiden6	0.00182819868948926	ST8	5.885	1	IG-D	MGI	-13.8155105579643
LV3003047026	leiden1	0.0480425790321367	ST8	19.565	3	IG-A	MGI	-13.8155105579643
LV3003047026	leiden2	0.0833631322002181	ST8	19.565	3	IG-A	MGI	-13.8155105579643
LV3003047026	leiden4	0.555858437784924	ST8	19.565	3	IG-A	MGI	-13.8155105579643
LV3003047026	leiden5	0.196658521318975	ST8	19.565	3	IG-A	MGI	-2.65498169957322
LV3003047026	grey	0.0351618851395141	ST8	19.565	3	IG-A	MGI	-13.8155105579643
LV3003047026	leiden3	0.0805362746030237	ST8	19.565	3	IG-A	MGI	-13.8155105579643
LV3003047026	leiden6	0.00037916992120849	ST8	19.565	3	IG-A	MGI	-13.8155105579643
LV3003047027	leiden3	0.173283232363142	ST8	12.877	1	IG-D	MGI	-13.8155105579643
LV3003047027	leiden4	0.644947100399491	ST8	12.877	1	IG-D	MGI	-13.8155105579643
LV3003047027	leiden1	0.0275610211159401	ST8	12.877	1	IG-D	MGI	-13.8155105579643
LV3003047027	leiden2	0.114587448966153	ST8	12.877	1	IG-D	MGI	-13.8155105579643
LV3003047027	leiden6	0.0145089775670574	ST8	12.877	1	IG-D	MGI	-13.8155105579643
LV3003047027	grey	0.0241793428157513	ST8	12.877	1	IG-D	MGI	-13.8155105579643
LV3003047027	leiden5	0.000932876772465868	ST8	12.877	1	IG-D	MGI	-13.8155105579643
LV3003047028	leiden4	0.913595827023389	ST8	4.753	2	IG-E	MGI	-13.8155105579643
LV3003047028	leiden3	0.0751304055190981	ST8	4.753	2	IG-E	MGI	-13.8155105579643
LV3003047028	leiden2	0.011273767457513	ST8	4.753	2	IG-E	MGI	-13.8155105579643
LV3003047041	leiden1	0.0475840127394038	ST8	19.097	3	IG-A	MGI	-2.78309119163786
LV3003047041	leiden2	0.153316146303758	ST8	19.097	3	IG-A	MGI	-13.8155105579643
LV3003047041	leiden4	0.731841796915241	ST8	19.097	3	IG-A	MGI	-13.8155105579643
LV3003047041	leiden3	0.0332654758035734	ST8	19.097	3	IG-A	MGI	-13.8155105579643
LV3003047041	leiden5	0.0309825118983294	ST8	19.097	3	IG-A	MGI	-2.40688075618338
LV3003047041	leiden6	0.00113450346033525	ST8	19.097	3	IG-A	MGI	-13.8155105579643
LV3003047041	grey	0.00187555287935915	ST8	19.097	3	IG-A	MGI	-13.8155105579643
LV3003047044	leiden1	0.0547942307866642	ST8	12.078	5	G-A	MGI	-13.8155105579643
LV3003047044	leiden4	0.616467580659296	ST8	12.078	5	G-A	MGI	-13.8155105579643
LV3003047044	leiden2	0.230913579650016	ST8	12.078	5	G-A	MGI	-13.8155105579643
LV3003047044	leiden6	0.0609194117167127	ST8	12.078	5	G-A	MGI	-13.8155105579643
LV3003047044	leiden3	0.0285378434649124	ST8	12.078	5	G-A	MGI	-13.8155105579643
LV3003047044	grey	0.00270148581719946	ST8	12.078	5	G-A	MGI	-13.8155105579643
LV3003047044	leiden5	0.00566586790520021	ST8	12.078	5	G-A	MGI	-13.8155105579643
LV3003047045	leiden1	0.00964934970253997	ST8	3.5865	1	IG-D	MGI	-13.8155105579643
LV3003047045	leiden3	0.190753921608771	ST8	3.5865	1	IG-D	MGI	-13.8155105579643
LV3003047045	leiden4	0.731214377950507	ST8	3.5865	1	IG-D	MGI	-13.8155105579643
LV3003047045	leiden2	0.0615602944539708	ST8	3.5865	1	IG-D	MGI	-13.8155105579643
LV3003047045	leiden6	0.00252369144052148	ST8	3.5865	1	IG-D	MGI	-13.8155105579643
LV3003047045	grey	0.00393883618576047	ST8	3.5865	1	IG-D	MGI	-13.8155105579643
LV3003047045	leiden5	0.000359528657929455	ST8	3.5865	1	IG-D	MGI	-13.8155105579643
LV3003047059	leiden4	0.41034057752289	ST8	107.683	2	IG-E	MGI	-13.8155105579643
LV3003047059	leiden1	0.102399637790522	ST8	107.683	2	IG-E	MGI	-13.8155105579643
LV3003047059	leiden5	0.194825938223161	ST8	107.683	2	IG-E	MGI	-13.8155105579643
LV3003047059	grey	0.0767682865479425	ST8	107.683	2	IG-E	MGI	-13.8155105579643
LV3003047059	leiden2	0.0952309085421068	ST8	107.683	2	IG-E	MGI	-13.8155105579643
LV3003047059	leiden3	0.120434651373378	ST8	107.683	2	IG-E	MGI	-13.8155105579643
LV3003047060	leiden4	0.736343509175288	ST8	106.686	2	IG-E	MGI	-13.8155105579643
LV3003047060	leiden2	0.156001192148848	ST8	106.686	2	IG-E	MGI	-13.8155105579643
LV3003047060	leiden3	0.0793630519010517	ST8	106.686	2	IG-E	MGI	-13.8155105579643
LV3003047060	grey	0.00261846979179972	ST8	106.686	2	IG-E	MGI	-13.8155105579643
LV3003047060	leiden5	0.0146038233916635	ST8	106.686	2	IG-E	MGI	-13.8155105579643
LV3003047060	leiden1	0.0110699535913484	ST8	106.686	2	IG-E	MGI	-13.8155105579643
LV3003047061	leiden4	0.521830789159534	ST8	105.689	2	IG-E	MGI	-13.8155105579643
LV3003047061	leiden3	0.106931497802951	ST8	105.689	2	IG-E	MGI	-13.8155105579643
LV3003047061	leiden2	0.117294455309746	ST8	105.689	2	IG-E	MGI	-13.8155105579643
LV3003047061	leiden5	0.159965456808311	ST8	105.689	2	IG-E	MGI	-13.8155105579643
LV3003047061	leiden1	0.0551675090802875	ST8	105.689	2	IG-E	MGI	-13.8155105579643
LV3003047061	grey	0.038810291839171	ST8	105.689	2	IG-E	MGI	-13.8155105579643
LV3003047062	leiden1	0.0603264185478951	ST8	104.692	2	IG-E	MGI	-13.8155105579643
LV3003047062	leiden5	0.239043115720968	ST8	104.692	2	IG-E	MGI	-13.8155105579643
LV3003047062	leiden4	0.44727476103315	ST8	104.692	2	IG-E	MGI	-13.8155105579643
LV3003047062	grey	0.04220052877771	ST8	104.692	2	IG-E	MGI	-13.8155105579643
LV3003047062	leiden2	0.0929174293268253	ST8	104.692	2	IG-E	MGI	-13.8155105579643
LV3003047062	leiden3	0.111373805165751	ST8	104.692	2	IG-E	MGI	-13.8155105579643
LV3003047062	leiden6	0.00686394142769982	ST8	104.692	2	IG-E	MGI	-13.8155105579643
LV3003047063	leiden1	0.175253961804145	ST8	103.695	2	IG-E	MGI	-13.8155105579643
LV3003047063	leiden5	0.251279967492889	ST8	103.695	2	IG-E	MGI	-13.8155105579643
LV3003047063	leiden3	0.149776513612353	ST8	103.695	2	IG-E	MGI	-13.8155105579643
LV3003047063	leiden4	0.2503860219423	ST8	103.695	2	IG-E	MGI	-13.8155105579643
LV3003047063	grey	0.0818366517675742	ST8	103.695	2	IG-E	MGI	-13.8155105579643
LV3003047063	leiden2	0.0914668833807395	ST8	103.695	2	IG-E	MGI	-13.8155105579643
LV3003047064	leiden4	0.366758747697974	ST8	96.283	2	IG-E	MGI	-13.8155105579643
LV3003047064	grey	0.0900092081031307	ST8	96.283	2	IG-E	MGI	-13.8155105579643
LV3003047064	leiden5	0.195303867403315	ST8	96.283	2	IG-E	MGI	-13.8155105579643
LV3003047064	leiden3	0.268324125230203	ST8	96.283	2	IG-E	MGI	-13.8155105579643
LV3003047064	leiden1	0.0566298342541437	ST8	96.283	2	IG-E	MGI	-13.8155105579643
LV3003047064	leiden2	0.0229742173112339	ST8	96.283	2	IG-E	MGI	-13.8155105579643
LV3003047065	leiden4	0.729876493681405	ST8	53.61018	2	IG-E	MGI	-13.8155105579643
LV3003047065	leiden5	0.0313637275410494	ST8	53.61018	2	IG-E	MGI	-13.8155105579643
LV3003047065	leiden3	0.0316144654268275	ST8	53.61018	2	IG-E	MGI	-13.8155105579643
LV3003047065	leiden2	0.141530790612374	ST8	53.61018	2	IG-E	MGI	-13.8155105579643
LV3003047065	grey	0.0141416167578875	ST8	53.61018	2	IG-E	MGI	-13.8155105579643
LV3003047065	leiden1	0.0514729059804568	ST8	53.61018	2	IG-E	MGI	-13.8155105579643
LV3003047067	leiden4	0.73902937240262	ST8	42.86602	4	IG-B	MGI	-13.8155105579643
LV3003047067	leiden1	0.013784060554505	ST8	42.86602	4	IG-B	MGI	-13.8155105579643
LV3003047067	leiden2	0.193759786737176	ST8	42.86602	4	IG-B	MGI	-13.8155105579643
LV3003047067	leiden5	0.0147214200183137	ST8	42.86602	4	IG-B	MGI	-13.8155105579643
LV3003047067	leiden6	0.00831432426135532	ST8	42.86602	4	IG-B	MGI	-13.8155105579643
LV3003047067	leiden3	0.0285434084123948	ST8	42.86602	4	IG-B	MGI	-13.8155105579643
LV3003047067	grey	0.00184762761363452	ST8	42.86602	4	IG-B	MGI	-13.8155105579643
LV3003047068	leiden4	0.774593772242593	ST8	37.78969	4	IG-B	MGI	-13.8155105579643
LV3003047068	leiden2	0.179458722807112	ST8	37.78969	4	IG-B	MGI	-13.8155105579643
LV3003047068	leiden3	0.0240582633657956	ST8	37.78969	4	IG-B	MGI	-13.8155105579643
LV3003047068	leiden1	0.0127206549568726	ST8	37.78969	4	IG-B	MGI	-13.8155105579643
LV3003047068	leiden6	0.00523196389236525	ST8	37.78969	4	IG-B	MGI	-13.8155105579643
LV3003047068	leiden5	0.00393662273526128	ST8	37.78969	4	IG-B	MGI	-13.8155105579643
LV3003047069	leiden4	0.730071652063903	ST8	33.7436870748299	4	IG-B	MGI	-13.8155105579643
LV3003047069	leiden1	0.0115177962942742	ST8	33.7436870748299	4	IG-B	MGI	-13.8155105579643
LV3003047069	leiden2	0.218936025211888	ST8	33.7436870748299	4	IG-B	MGI	-13.8155105579643
LV3003047069	leiden6	0.00945069261151629	ST8	33.7436870748299	4	IG-B	MGI	-13.8155105579643
LV3003047069	leiden3	0.0191084721129264	ST8	33.7436870748299	4	IG-B	MGI	-13.8155105579643
LV3003047069	grey	0.00241350357130755	ST8	33.7436870748299	4	IG-B	MGI	-13.8155105579643
LV3003047069	leiden5	0.00850185813418477	ST8	33.7436870748299	4	IG-B	MGI	-13.8155105579643
LV3003047070	leiden4	0.684001162975102	ST8	30.128	5	G-A	MGI	-13.8155105579643
LV3003047070	leiden1	0.0256977850610562	ST8	30.128	5	G-A	MGI	-13.8155105579643
LV3003047070	leiden2	0.187665195326955	ST8	30.128	5	G-A	MGI	-13.8155105579643
LV3003047070	leiden6	0.0537413437648676	ST8	30.128	5	G-A	MGI	-13.8155105579643
LV3003047070	leiden5	0.0200514087857483	ST8	30.128	5	G-A	MGI	-13.8155105579643
LV3003047070	leiden3	0.0263255273034836	ST8	30.128	5	G-A	MGI	-13.8155105579643
LV3003047070	grey	0.00251757678278797	ST8	30.128	5	G-A	MGI	-13.8155105579643
LV3003047071	leiden1	0.0515240520427732	ST8	26.141	5	G-A	MGI	-13.8155105579643
LV3003047071	leiden3	0.0201829670847873	ST8	26.141	5	G-A	MGI	-13.8155105579643
LV3003047071	leiden4	0.581205678536623	ST8	26.141	5	G-A	MGI	-13.8155105579643
LV3003047071	leiden2	0.290198640995585	ST8	26.141	5	G-A	MGI	-13.8155105579643
LV3003047071	leiden6	0.0328680562105065	ST8	26.141	5	G-A	MGI	-13.8155105579643
LV3003047071	grey	0.00497388430048998	ST8	26.141	5	G-A	MGI	-13.8155105579643
LV3003047071	leiden5	0.0190467208292352	ST8	26.141	5	G-A	MGI	-13.8155105579643
LV3003047073	leiden5	0.345617095508068	ST8	101.685	2	IG-E	MGI	0.717521720462896
LV3003047073	leiden3	0.234845180985608	ST8	101.685	2	IG-E	MGI	-13.8155105579643
LV3003047073	leiden1	0.134976013955517	ST8	101.685	2	IG-E	MGI	-13.8155105579643
LV3003047073	grey	0.0985608373310074	ST8	101.685	2	IG-E	MGI	-13.8155105579643
LV3003047073	leiden4	0.186000872219799	ST8	101.685	2	IG-E	MGI	-13.8155105579643
LV3003047074	leiden5	0.397179644389945	ST8	100.672	2	IG-E	MGI	-13.8155105579643
LV3003047074	leiden3	0.183936235438381	ST8	100.672	2	IG-E	MGI	-13.8155105579643
LV3003047074	leiden2	0.0131207847946045	ST8	100.672	2	IG-E	MGI	-13.8155105579643
LV3003047074	leiden1	0.0955242182709994	ST8	100.672	2	IG-E	MGI	-13.8155105579643
LV3003047074	grey	0.0982219497240956	ST8	100.672	2	IG-E	MGI	-13.8155105579643
LV3003047074	leiden4	0.212017167381974	ST8	100.672	2	IG-E	MGI	-13.8155105579643
LV3003047077	leiden4	0.540474279143434	ST8	99.7145	2	IG-E	MGI	-13.8155105579643
LV3003047077	grey	0.154173265930442	ST8	99.7145	2	IG-E	MGI	-13.8155105579643
LV3003047077	leiden2	0.161832027944718	ST8	99.7145	2	IG-E	MGI	-13.8155105579643
LV3003047077	leiden3	0.110997808682823	ST8	99.7145	2	IG-E	MGI	-13.8155105579643
LV3003047077	leiden5	0.0272287431385737	ST8	99.7145	2	IG-E	MGI	-13.8155105579643
LV3003047077	leiden1	0.00529387516000955	ST8	99.7145	2	IG-E	MGI	-13.8155105579643
LV3003047078	grey	0.114213197969543	ST8	98.757	2	IG-E	MGI	-13.8155105579643
LV3003047078	leiden2	0.0963720513586145	ST8	98.757	2	IG-E	MGI	-13.8155105579643
LV3003047078	leiden3	0.185204538668259	ST8	98.757	2	IG-E	MGI	-13.8155105579643
LV3003047078	leiden4	0.37249925350851	ST8	98.757	2	IG-E	MGI	-13.8155105579643
LV3003047078	leiden5	0.231710958495073	ST8	98.757	2	IG-E	MGI	-13.8155105579643
LV3003047079	leiden3	0.199708471809224	ST8	97.52	1	IG-D	MGI	-13.8155105579643
LV3003047079	leiden4	0.530482187627544	ST8	97.52	1	IG-D	MGI	-13.8155105579643
LV3003047079	grey	0.0837094046994345	ST8	97.52	1	IG-D	MGI	-13.8155105579643
LV3003047079	leiden5	0.105894700017492	ST8	97.52	1	IG-D	MGI	-13.8155105579643
LV3003047079	leiden2	0.062451169028045	ST8	97.52	1	IG-D	MGI	-13.8155105579643
LV3003047079	leiden1	0.0167395487143607	ST8	97.52	1	IG-D	MGI	-13.8155105579643
LV3003047079	leiden6	0.00101451810390065	ST8	97.52	1	IG-D	MGI	-13.8155105579643
LV3003047080	leiden4	0.71049988903684	ST8	87.9935	1	IG-D	MGI	-13.8155105579643
LV3003047080	leiden1	0.00652185974256547	ST8	87.9935	1	IG-D	MGI	-13.8155105579643
LV3003047080	leiden3	0.0854471815357301	ST8	87.9935	1	IG-D	MGI	-13.8155105579643
LV3003047080	leiden5	0.0809420772303595	ST8	87.9935	1	IG-D	MGI	-13.8155105579643
LV3003047080	grey	0.038598535286285	ST8	87.9935	1	IG-D	MGI	-13.8155105579643
LV3003047080	leiden2	0.0779904571682202	ST8	87.9935	1	IG-D	MGI	-13.8155105579643
LV3003047081	leiden4	0.709164102347932	ST8	52.20718	4	IG-B	MGI	-13.8155105579643
LV3003047081	leiden2	0.204295409518189	ST8	52.20718	4	IG-B	MGI	-13.8155105579643
LV3003047081	leiden6	0.00877137517739465	ST8	52.20718	4	IG-B	MGI	-13.8155105579643
LV3003047081	leiden3	0.0321347777824615	ST8	52.20718	4	IG-B	MGI	-13.8155105579643
LV3003047081	leiden5	0.00941772400904888	ST8	52.20718	4	IG-B	MGI	-13.8155105579643
LV3003047081	leiden1	0.0312460481389369	ST8	52.20718	4	IG-B	MGI	-13.8155105579643
LV3003047081	grey	0.00497056302603662	ST8	52.20718	4	IG-B	MGI	-13.8155105579643
LV3003047082	leiden4	0.804272810061779	ST8	41.9168333333333	4	IG-B	MGI	-13.8155105579643
LV3003047082	leiden6	0.0037510152846489	ST8	41.9168333333333	4	IG-B	MGI	-13.8155105579643
LV3003047082	leiden2	0.140367717640109	ST8	41.9168333333333	4	IG-B	MGI	-13.8155105579643
LV3003047082	leiden3	0.02979152821876	ST8	41.9168333333333	4	IG-B	MGI	-13.8155105579643
LV3003047082	leiden1	0.0132811538556204	ST8	41.9168333333333	4	IG-B	MGI	-13.8155105579643
LV3003047082	leiden5	0.00761032759851338	ST8	41.9168333333333	4	IG-B	MGI	-13.8155105579643
LV3003047082	grey	0.000925447340569544	ST8	41.9168333333333	4	IG-B	MGI	-13.8155105579643
LV3003047083	leiden1	0.0151838688941267	ST8	37.30319	4	IG-B	MGI	-13.8155105579643
LV3003047083	leiden4	0.747999497565409	ST8	37.30319	4	IG-B	MGI	-13.8155105579643
LV3003047083	leiden6	0.00895515771274041	ST8	37.30319	4	IG-B	MGI	-13.8155105579643
LV3003047083	leiden2	0.193610953074087	ST8	37.30319	4	IG-B	MGI	-13.8155105579643
LV3003047083	leiden3	0.0281732808239927	ST8	37.30319	4	IG-B	MGI	-13.8155105579643
LV3003047083	leiden5	0.00567086101033685	ST8	37.30319	4	IG-B	MGI	-13.8155105579643
LV3003047083	grey	0.000406380919307527	ST8	37.30319	4	IG-B	MGI	-13.8155105579643
LV3003047084	leiden1	0.0240780443961764	ST8	33.276	5	G-A	MGI	-13.8155105579643
LV3003047084	leiden3	0.082725561973954	ST8	33.276	5	G-A	MGI	-13.8155105579643
LV3003047084	leiden4	0.679709018734026	ST8	33.276	5	G-A	MGI	-13.8155105579643
LV3003047084	leiden6	0.010695527614197	ST8	33.276	5	G-A	MGI	-13.8155105579643
LV3003047084	leiden2	0.192839688796098	ST8	33.276	5	G-A	MGI	-13.8155105579643
LV3003047084	grey	0.00256153392440854	ST8	33.276	5	G-A	MGI	-13.8155105579643
LV3003047084	leiden5	0.00739062456114071	ST8	33.276	5	G-A	MGI	-13.8155105579643
LV3003047085	leiden1	0.0477365585566041	ST8	29.703	5	G-A	MGI	-13.8155105579643
LV3003047085	leiden2	0.214378367140326	ST8	29.703	5	G-A	MGI	-13.8155105579643
LV3003047085	leiden4	0.602155421773873	ST8	29.703	5	G-A	MGI	-13.8155105579643
LV3003047085	leiden6	0.0562425425751166	ST8	29.703	5	G-A	MGI	-13.8155105579643
LV3003047085	grey	0.0145148606139495	ST8	29.703	5	G-A	MGI	-13.8155105579643
LV3003047085	leiden3	0.0223202986585674	ST8	29.703	5	G-A	MGI	-13.8155105579643
LV3003047085	leiden5	0.0426519506815634	ST8	29.703	5	G-A	MGI	-13.8155105579643
LV3003047087	leiden4	0.639679559940627	ST8	94.9015	2	IG-E	MGI	-13.8155105579643
LV3003047087	grey	0.0689339037806688	ST8	94.9015	2	IG-E	MGI	-13.8155105579643
LV3003047087	leiden2	0.164236444599668	ST8	94.9015	2	IG-E	MGI	-13.8155105579643
LV3003047087	leiden3	0.06762420326552	ST8	94.9015	2	IG-E	MGI	-13.8155105579643
LV3003047087	leiden5	0.0569064873832184	ST8	94.9015	2	IG-E	MGI	-13.8155105579643
LV3003047087	leiden1	0.00261940103029774	ST8	94.9015	2	IG-E	MGI	-13.8155105579643
LV3003047088	leiden3	0.109364810225642	ST8	93.52	2	IG-E	MGI	-13.8155105579643
LV3003047088	leiden4	0.652189035259337	ST8	93.52	2	IG-E	MGI	-13.8155105579643
LV3003047088	leiden5	0.0909308290943872	ST8	93.52	2	IG-E	MGI	-13.8155105579643
LV3003047088	leiden2	0.0264336333202904	ST8	93.52	2	IG-E	MGI	-13.8155105579643
LV3003047088	leiden1	0.0449545671927308	ST8	93.52	2	IG-E	MGI	-13.8155105579643
LV3003047088	grey	0.0761271249076127	ST8	93.52	2	IG-E	MGI	-13.8155105579643
LV3003047089	leiden4	0.560686434051187	ST8	92.1385	2	IG-E	MGI	-13.8155105579643
LV3003047089	leiden3	0.177906460680094	ST8	92.1385	2	IG-E	MGI	-13.8155105579643
LV3003047089	grey	0.12903748476587	ST8	92.1385	2	IG-E	MGI	-13.8155105579643
LV3003047089	leiden5	0.102091566808265	ST8	92.1385	2	IG-E	MGI	-13.8155105579643
LV3003047089	leiden1	0.00535396016935421	ST8	92.1385	2	IG-E	MGI	-13.8155105579643
LV3003047089	leiden2	0.0249240935252305	ST8	92.1385	2	IG-E	MGI	-13.8155105579643
LV3003047090	leiden1	0.0103750997605746	ST8	90.757	2	IG-E	MGI	-13.8155105579643
LV3003047090	leiden3	0.117780962054705	ST8	90.757	2	IG-E	MGI	-13.8155105579643
LV3003047090	leiden4	0.665584415584416	ST8	90.757	2	IG-E	MGI	-13.8155105579643
LV3003047090	grey	0.0645360226365813	ST8	90.757	2	IG-E	MGI	-13.8155105579643
LV3003047090	leiden2	0.023652325328303	ST8	90.757	2	IG-E	MGI	-13.8155105579643
LV3003047090	leiden5	0.116075963143002	ST8	90.757	2	IG-E	MGI	-13.8155105579643
LV3003047090	leiden6	0.0019952114924182	ST8	90.757	2	IG-E	MGI	-13.8155105579643
LV3003047091	leiden4	0.686357682792155	ST8	89.37525	1	IG-D	MGI	-13.8155105579643
LV3003047091	leiden5	0.0699922097711727	ST8	89.37525	1	IG-D	MGI	-13.8155105579643
LV3003047091	grey	0.031880013354678	ST8	89.37525	1	IG-D	MGI	-13.8155105579643
LV3003047091	leiden3	0.122905840959482	ST8	89.37525	1	IG-D	MGI	-13.8155105579643
LV3003047091	leiden2	0.0515439206252729	ST8	89.37525	1	IG-D	MGI	-13.8155105579643
LV3003047091	leiden1	0.0373203324972392	ST8	89.37525	1	IG-D	MGI	-13.8155105579643
LV3003047093	leiden3	0.103283772177436	ST8	79.675	1	IG-D	MGI	-13.8155105579643
LV3003047093	leiden4	0.693386167648168	ST8	79.675	1	IG-D	MGI	-13.8155105579643
LV3003047093	leiden1	0.00465288015689758	ST8	79.675	1	IG-D	MGI	-13.8155105579643
LV3003047093	grey	0.0385287373544135	ST8	79.675	1	IG-D	MGI	-13.8155105579643
LV3003047093	leiden5	0.071607263737234	ST8	79.675	1	IG-D	MGI	-13.8155105579643
LV3003047093	leiden2	0.0882334841483678	ST8	79.675	1	IG-D	MGI	-13.8155105579643
LV3003047094	leiden4	0.805451258517591	ST8	50.6848	4	IG-B	MGI	-13.8155105579643
LV3003047094	leiden5	0.0112040302903882	ST8	50.6848	4	IG-B	MGI	-13.8155105579643
LV3003047094	leiden2	0.114325356190187	ST8	50.6848	4	IG-B	MGI	-13.8155105579643
LV3003047094	leiden6	0.00223448502547376	ST8	50.6848	4	IG-B	MGI	-13.8155105579643
LV3003047094	leiden3	0.0603247746551877	ST8	50.6848	4	IG-B	MGI	-13.8155105579643
LV3003047094	grey	0.000410867119252601	ST8	50.6848	4	IG-B	MGI	-13.8155105579643
LV3003047094	leiden1	0.00604922820191907	ST8	50.6848	4	IG-B	MGI	-13.8155105579643
LV3003047095	leiden4	0.823780739675663	ST8	40.9751666666667	4	IG-B	MGI	-13.8155105579643
LV3003047095	leiden1	0.0106041830238476	ST8	40.9751666666667	4	IG-B	MGI	-13.8155105579643
LV3003047095	leiden2	0.130387621831437	ST8	40.9751666666667	4	IG-B	MGI	-13.8155105579643
LV3003047095	leiden6	0.0015103787298314	ST8	40.9751666666667	4	IG-B	MGI	-13.8155105579643
LV3003047095	leiden3	0.0289399916125106	ST8	40.9751666666667	4	IG-B	MGI	-13.8155105579643
LV3003047095	leiden5	0.004777085126711	ST8	40.9751666666667	4	IG-B	MGI	-13.8155105579643
LV3003047096	leiden1	0.0181585728479747	ST8	36.89377	5	G-A	MGI	-13.8155105579643
LV3003047096	leiden4	0.777931653800588	ST8	36.89377	5	G-A	MGI	-13.8155105579643
LV3003047096	leiden2	0.146274787714202	ST8	36.89377	5	G-A	MGI	-13.8155105579643
LV3003047096	leiden6	0.0244392391071103	ST8	36.89377	5	G-A	MGI	-13.8155105579643
LV3003047096	leiden3	0.0225458427326939	ST8	36.89377	5	G-A	MGI	-13.8155105579643
LV3003047096	leiden5	0.0106499037974318	ST8	36.89377	5	G-A	MGI	-13.8155105579643
LV3003047097	leiden1	0.0239862146073559	ST8	32.835	5	G-A	MGI	-13.8155105579643
LV3003047097	leiden4	0.69073171930385	ST8	32.835	5	G-A	MGI	-13.8155105579643
LV3003047097	leiden2	0.188520158986614	ST8	32.835	5	G-A	MGI	-13.8155105579643
LV3003047097	leiden6	0.0424312419754148	ST8	32.835	5	G-A	MGI	-13.8155105579643
LV3003047097	leiden3	0.0314379442318207	ST8	32.835	5	G-A	MGI	-13.8155105579643
LV3003047097	leiden5	0.00844693176722099	ST8	32.835	5	G-A	MGI	-13.8155105579643
LV3003047097	grey	0.0144457891277238	ST8	32.835	5	G-A	MGI	-13.8155105579643
LV3003047098	leiden4	0.679412195360037	ST8	29.278	5	G-A	MGI	-13.8155105579643
LV3003047098	leiden3	0.0252497315589106	ST8	29.278	5	G-A	MGI	-13.8155105579643
LV3003047098	leiden2	0.161922851657827	ST8	29.278	5	G-A	MGI	-13.8155105579643
LV3003047098	leiden6	0.0616112973025738	ST8	29.278	5	G-A	MGI	-13.8155105579643
LV3003047098	grey	0.0151384505254938	ST8	29.278	5	G-A	MGI	-13.8155105579643
LV3003047098	leiden5	0.0194985845833469	ST8	29.278	5	G-A	MGI	-13.8155105579643
LV3003047098	leiden1	0.0371668890118114	ST8	29.278	5	G-A	MGI	-13.8155105579643
LV3003047099	leiden4	0.671455921523158	ST8	25.058	3	IG-A	MGI	-13.8155105579643
LV3003047099	leiden1	0.0578196937187847	ST8	25.058	3	IG-A	MGI	-1.77967007388438
LV3003047099	leiden2	0.204836270835948	ST8	25.058	3	IG-A	MGI	-13.8155105579643
LV3003047099	leiden6	0.00597660755801792	ST8	25.058	3	IG-A	MGI	-13.8155105579643
LV3003047099	leiden3	0.0351105772008359	ST8	25.058	3	IG-A	MGI	-13.8155105579643
LV3003047099	leiden5	0.0202646840267194	ST8	25.058	3	IG-A	MGI	-13.8155105579643
LV3003047099	grey	0.0045362451365356	ST8	25.058	3	IG-A	MGI	-13.8155105579643
LV3003047100	leiden3	0.115572961501957	ST8	86.61175	1	IG-D	MGI	-13.8155105579643
LV3003047100	leiden4	0.694494108150208	ST8	86.61175	1	IG-D	MGI	-13.8155105579643
LV3003047100	leiden5	0.0734675987677094	ST8	86.61175	1	IG-D	MGI	-13.8155105579643
LV3003047100	grey	0.033336171259377	ST8	86.61175	1	IG-D	MGI	-13.8155105579643
LV3003047100	leiden2	0.074517631403859	ST8	86.61175	1	IG-D	MGI	-13.8155105579643
LV3003047100	leiden1	0.0081984530149811	ST8	86.61175	1	IG-D	MGI	-13.8155105579643
LV3003047100	leiden6	0.000413075901908663	ST8	86.61175	1	IG-D	MGI	-13.8155105579643
LV3003047101	leiden4	0.784229019065722	ST8	85.23	1	IG-D	MGI	-13.8155105579643
LV3003047101	leiden1	0.00996966380584836	ST8	85.23	1	IG-D	MGI	-13.8155105579643
LV3003047101	grey	0.0213169364283931	ST8	85.23	1	IG-D	MGI	-13.8155105579643
LV3003047101	leiden2	0.0820469251003206	ST8	85.23	1	IG-D	MGI	-13.8155105579643
LV3003047101	leiden3	0.0704548509110458	ST8	85.23	1	IG-D	MGI	-13.8155105579643
LV3003047101	leiden5	0.03198260468867	ST8	85.23	1	IG-D	MGI	-13.8155105579643
LV3003047104	leiden4	0.788166470534987	ST8	83.84125	2	IG-E	MGI	-13.8155105579643
LV3003047104	leiden5	0.0706300353037024	ST8	83.84125	2	IG-E	MGI	-13.8155105579643
LV3003047104	grey	0.0449895899339187	ST8	83.84125	2	IG-E	MGI	-13.8155105579643
LV3003047104	leiden2	0.0366615370688875	ST8	83.84125	2	IG-E	MGI	-13.8155105579643
LV3003047104	leiden3	0.0538720919706708	ST8	83.84125	2	IG-E	MGI	-13.8155105579643
LV3003047104	leiden1	0.0056802751878338	ST8	83.84125	2	IG-E	MGI	-13.8155105579643
LV3003047105	leiden4	0.678319761348061	ST8	82.4525	2	IG-E	MGI	-13.8155105579643
LV3003047105	leiden5	0.100104813351608	ST8	82.4525	2	IG-E	MGI	-13.8155105579643
LV3003047105	grey	0.0564863339514634	ST8	82.4525	2	IG-E	MGI	-13.8155105579643
LV3003047105	leiden2	0.0297669918568088	ST8	82.4525	2	IG-E	MGI	-13.8155105579643
LV3003047105	leiden3	0.135322099492058	ST8	82.4525	2	IG-E	MGI	-13.8155105579643
LV3003047106	leiden3	0.0858510667736669	ST8	81.06375	2	IG-E	MGI	-13.8155105579643
LV3003047106	leiden4	0.698851592550571	ST8	81.06375	2	IG-E	MGI	-13.8155105579643
LV3003047106	leiden1	0.00277278135982511	ST8	81.06375	2	IG-E	MGI	-13.8155105579643
LV3003047106	leiden5	0.0935329440739408	ST8	81.06375	2	IG-E	MGI	-13.8155105579643
LV3003047106	grey	0.0598776876885187	ST8	81.06375	2	IG-E	MGI	-13.8155105579643
LV3003047106	leiden2	0.0576694246893765	ST8	81.06375	2	IG-E	MGI	-13.8155105579643
LV3003047106	leiden6	0.00144450286410051	ST8	81.06375	2	IG-E	MGI	-13.8155105579643
LV3003047107	leiden4	0.727265814259177	ST8	71.517	1	IG-D	MGI	-13.8155105579643
LV3003047107	leiden3	0.0598350949996198	ST8	71.517	1	IG-D	MGI	-13.8155105579643
LV3003047107	leiden5	0.0454738031351504	ST8	71.517	1	IG-D	MGI	-13.8155105579643
LV3003047107	leiden2	0.138804094742522	ST8	71.517	1	IG-D	MGI	-13.8155105579643
LV3003047107	grey	0.0200355592249393	ST8	71.517	1	IG-D	MGI	-13.8155105579643
LV3003047107	leiden1	0.00719150923924261	ST8	71.517	1	IG-D	MGI	-13.8155105579643
LV3003047107	leiden6	0.00139412439934965	ST8	71.517	1	IG-D	MGI	-13.8155105579643
LV3003047110	leiden1	0.00909806765200741	ST8	49.1548	4	IG-B	MGI	-13.8155105579643
LV3003047110	leiden4	0.763325609984081	ST8	49.1548	4	IG-B	MGI	-13.8155105579643
LV3003047110	leiden6	0.00525149982155098	ST8	49.1548	4	IG-B	MGI	-13.8155105579643
LV3003047110	leiden2	0.153766407396287	ST8	49.1548	4	IG-B	MGI	-13.8155105579643
LV3003047110	leiden5	0.0112167957353516	ST8	49.1548	4	IG-B	MGI	-13.8155105579643
LV3003047110	leiden3	0.0573416194107217	ST8	49.1548	4	IG-B	MGI	-13.8155105579643
LV3003047112	leiden4	0.717683027801459	ST8	40.0335	4	IG-B	MGI	-13.8155105579643
LV3003047112	leiden2	0.22858159203675	ST8	40.0335	4	IG-B	MGI	-13.8155105579643
LV3003047112	leiden6	0.00421039074143356	ST8	40.0335	4	IG-B	MGI	-13.8155105579643
LV3003047112	leiden3	0.0224288404099381	ST8	40.0335	4	IG-B	MGI	-13.8155105579643
LV3003047112	leiden5	0.00376573913363467	ST8	40.0335	4	IG-B	MGI	-13.8155105579643
LV3003047112	leiden1	0.0219995216162013	ST8	40.0335	4	IG-B	MGI	-13.8155105579643
LV3003047112	grey	0.00133088826058424	ST8	40.0335	4	IG-B	MGI	-13.8155105579643
LV3003047113	leiden1	0.0255930075498801	ST8	36.48927	5	G-A	MGI	-13.8155105579643
LV3003047113	leiden4	0.74020639768036	ST8	36.48927	5	G-A	MGI	-13.8155105579643
LV3003047113	leiden2	0.17669538910554	ST8	36.48927	5	G-A	MGI	-13.8155105579643
LV3003047113	leiden6	0.0227772813954419	ST8	36.48927	5	G-A	MGI	-13.8155105579643
LV3003047113	leiden3	0.0246747531476885	ST8	36.48927	5	G-A	MGI	-13.8155105579643
LV3003047113	leiden5	0.0084605141081597	ST8	36.48927	5	G-A	MGI	-13.8155105579643
LV3003047113	grey	0.00159265701292986	ST8	36.48927	5	G-A	MGI	-13.8155105579643
LV3003047114	leiden3	0.0322884697696868	ST8	32.3855	5	G-A	MGI	-13.8155105579643
LV3003047114	leiden4	0.72523609605945	ST8	32.3855	5	G-A	MGI	-13.8155105579643
LV3003047114	leiden6	0.039282559399674	ST8	32.3855	5	G-A	MGI	-13.8155105579643
LV3003047114	grey	0.00104729206699026	ST8	32.3855	5	G-A	MGI	-13.8155105579643
LV3003047114	leiden2	0.189883158632874	ST8	32.3855	5	G-A	MGI	-13.8155105579643
LV3003047114	leiden5	0.00477200907045999	ST8	32.3855	5	G-A	MGI	-13.8155105579643
LV3003047114	leiden1	0.00749041500086516	ST8	32.3855	5	G-A	MGI	-13.8155105579643
LV3003047117	leiden1	0.0243973578107575	ST8	28.7616666666667	5	G-A	MGI	-13.8155105579643
LV3003047117	leiden4	0.687875096508536	ST8	28.7616666666667	5	G-A	MGI	-13.8155105579643
LV3003047117	leiden6	0.0234194046495668	ST8	28.7616666666667	5	G-A	MGI	-13.8155105579643
LV3003047117	leiden2	0.220187012095736	ST8	28.7616666666667	5	G-A	MGI	-13.8155105579643
LV3003047117	leiden5	0.0100712018529639	ST8	28.7616666666667	5	G-A	MGI	-13.8155105579643
LV3003047117	leiden3	0.0290640816676675	ST8	28.7616666666667	5	G-A	MGI	-13.8155105579643
LV3003047117	grey	0.00498584541477224	ST8	28.7616666666667	5	G-A	MGI	-13.8155105579643
LV3003047118	leiden1	0.0700427752549014	ST8	24.528	3	IG-A	MGI	-13.8155105579643
LV3003047118	leiden2	0.221388082023029	ST8	24.528	3	IG-A	MGI	-13.8155105579643
LV3003047118	leiden4	0.653007526202306	ST8	24.528	3	IG-A	MGI	-13.8155105579643
LV3003047118	leiden5	0.0147796612224056	ST8	24.528	3	IG-A	MGI	-1.92140259337047
LV3003047118	grey	0.00141978086583904	ST8	24.528	3	IG-A	MGI	-13.8155105579643
LV3003047118	leiden6	0.00458436180319746	ST8	24.528	3	IG-A	MGI	-13.8155105579643
LV3003047118	leiden3	0.034777812628322	ST8	24.528	3	IG-A	MGI	-13.8155105579643
LV3003047122	leiden4	0.756766667430615	ST8	76.951	2	IG-E	MGI	-13.8155105579643
LV3003047122	leiden2	0.103980931863498	ST8	76.951	2	IG-E	MGI	-13.8155105579643
LV3003047122	leiden3	0.0619026883322256	ST8	76.951	2	IG-E	MGI	-13.8155105579643
LV3003047122	leiden5	0.0436825338619852	ST8	76.951	2	IG-E	MGI	-13.8155105579643
LV3003047122	leiden1	0.00786102262049366	ST8	76.951	2	IG-E	MGI	-13.8155105579643
LV3003047122	grey	0.0258061558911833	ST8	76.951	2	IG-E	MGI	-13.8155105579643
LV3003047123	leiden4	0.759338334295057	ST8	75.589	2	IG-E	MGI	-13.8155105579643
LV3003047123	leiden3	0.0551644547028275	ST8	75.589	2	IG-E	MGI	-13.8155105579643
LV3003047123	leiden1	0.0578188113098673	ST8	75.589	2	IG-E	MGI	-13.8155105579643
LV3003047123	leiden2	0.0899788420850164	ST8	75.589	2	IG-E	MGI	-13.8155105579643
LV3003047123	leiden5	0.0211963839199846	ST8	75.589	2	IG-E	MGI	-13.8155105579643
LV3003047123	grey	0.0165031736872475	ST8	75.589	2	IG-E	MGI	-13.8155105579643
LV3003047124	leiden3	0.0496229347763514	ST8	74.227	2	IG-E	MGI	-13.8155105579643
LV3003047124	leiden1	0.0447153301479477	ST8	74.227	2	IG-E	MGI	-13.8155105579643
LV3003047124	leiden4	0.763744171320016	ST8	74.227	2	IG-E	MGI	-13.8155105579643
LV3003047124	leiden2	0.083932991767889	ST8	74.227	2	IG-E	MGI	-13.8155105579643
LV3003047124	leiden5	0.032654999712164	ST8	74.227	2	IG-E	MGI	-13.8155105579643
LV3003047124	grey	0.0253295722756318	ST8	74.227	2	IG-E	MGI	-13.8155105579643
LV3003047125	leiden4	0.793503997325831	ST8	72.872	2	IG-E	MGI	-13.8155105579643
LV3003047125	leiden3	0.0754802826448276	ST8	72.872	2	IG-E	MGI	-13.8155105579643
LV3003047125	leiden1	0.0058126038794024	ST8	72.872	2	IG-E	MGI	-13.8155105579643
LV3003047125	leiden2	0.0676806224871631	ST8	72.872	2	IG-E	MGI	-13.8155105579643
LV3003047125	leiden5	0.0360641429194871	ST8	72.872	2	IG-E	MGI	-13.8155105579643
LV3003047125	grey	0.021458350743289	ST8	72.872	2	IG-E	MGI	-13.8155105579643
LV3003047126	leiden4	0.73531741541247	ST8	64.210824	4	IG-B	MGI	-13.8155105579643
LV3003047126	leiden5	0.0118252800724228	ST8	64.210824	4	IG-B	MGI	-13.8155105579643
LV3003047126	grey	0.00705367583267323	ST8	64.210824	4	IG-B	MGI	-13.8155105579643
LV3003047126	leiden3	0.027032803993311	ST8	64.210824	4	IG-B	MGI	-13.8155105579643
LV3003047126	leiden2	0.20314837866043	ST8	64.210824	4	IG-B	MGI	-13.8155105579643
LV3003047126	leiden1	0.0142016521443929	ST8	64.210824	4	IG-B	MGI	-13.8155105579643
LV3003047126	leiden6	0.0014207938842996	ST8	64.210824	4	IG-B	MGI	-13.8155105579643
LV3003047127	leiden4	0.775347871450265	ST8	47.6248	2	IG-E	MGI	-13.8155105579643
LV3003047127	leiden1	0.00823321591272998	ST8	47.6248	2	IG-E	MGI	-13.8155105579643
LV3003047127	leiden5	0.0221687344400483	ST8	47.6248	2	IG-E	MGI	-13.8155105579643
LV3003047127	leiden2	0.143941819984918	ST8	47.6248	2	IG-E	MGI	-13.8155105579643
LV3003047127	leiden3	0.0487794799747942	ST8	47.6248	2	IG-E	MGI	-13.8155105579643
LV3003047127	leiden6	0.00152887823724471	ST8	47.6248	2	IG-E	MGI	-13.8155105579643
LV3003047128	leiden1	0.0501688645455985	ST8	39.57797	5	G-A	MGI	-1.37444912011592
LV3003047128	leiden4	0.689281572049724	ST8	39.57797	5	G-A	MGI	-13.8155105579643
LV3003047128	leiden2	0.197149995657039	ST8	39.57797	5	G-A	MGI	-13.8155105579643
LV3003047128	leiden6	0.0186083108947011	ST8	39.57797	5	G-A	MGI	-13.8155105579643
LV3003047128	leiden3	0.0319539748312632	ST8	39.57797	5	G-A	MGI	-13.8155105579643
LV3003047128	leiden5	0.00913554637005094	ST8	39.57797	5	G-A	MGI	-13.8155105579643
LV3003047128	grey	0.00370173565162299	ST8	39.57797	5	G-A	MGI	-13.8155105579643
LV3003047129	leiden4	0.708119441833562	ST8	36.0373	5	G-A	MGI	-13.8155105579643
LV3003047129	leiden2	0.213752922179645	ST8	36.0373	5	G-A	MGI	-13.8155105579643
LV3003047129	leiden1	0.0262002024437857	ST8	36.0373	5	G-A	MGI	-13.8155105579643
LV3003047129	leiden6	0.0242209529318198	ST8	36.0373	5	G-A	MGI	-13.8155105579643
LV3003047129	leiden3	0.0194791892608392	ST8	36.0373	5	G-A	MGI	-13.8155105579643
LV3003047129	leiden5	0.00790494782252428	ST8	36.0373	5	G-A	MGI	-0.363667979429703
LV3003047129	grey	0.00032234352782397	ST8	36.0373	5	G-A	MGI	-13.8155105579643
LV3003047130	leiden1	0.0132058557544595	ST8	31.936	5	G-A	MGI	-13.8155105579643
LV3003047130	leiden4	0.638335683059462	ST8	31.936	5	G-A	MGI	-13.8155105579643
LV3003047130	leiden2	0.243352644527903	ST8	31.936	5	G-A	MGI	-13.8155105579643
LV3003047130	leiden6	0.0742947859774663	ST8	31.936	5	G-A	MGI	-13.8155105579643
LV3003047130	grey	0.00227864197677128	ST8	31.936	5	G-A	MGI	-13.8155105579643
LV3003047130	leiden3	0.0221229676843548	ST8	31.936	5	G-A	MGI	-13.8155105579643
LV3003047130	leiden5	0.00640942101958368	ST8	31.936	5	G-A	MGI	-13.8155105579643
LV3003047131	leiden4	0.703206336162315	ST8	28.2453333333333	5	G-A	MGI	-13.8155105579643
LV3003047131	leiden2	0.205709913713711	ST8	28.2453333333333	5	G-A	MGI	-13.8155105579643
LV3003047131	leiden6	0.0203289930432565	ST8	28.2453333333333	5	G-A	MGI	-13.8155105579643
LV3003047131	leiden3	0.0361835673500616	ST8	28.2453333333333	5	G-A	MGI	-13.8155105579643
LV3003047131	leiden5	0.012012071579365	ST8	28.2453333333333	5	G-A	MGI	-13.8155105579643
LV3003047131	leiden1	0.0176001360177957	ST8	28.2453333333333	5	G-A	MGI	-13.8155105579643
LV3003047131	grey	0.0049589821334958	ST8	28.2453333333333	5	G-A	MGI	-13.8155105579643
LV3003047132	leiden1	0.0605498141533637	ST8	23.987	3	IG-A	MGI	-3.50599050949519
LV3003047132	leiden2	0.211011132130785	ST8	23.987	3	IG-A	MGI	-13.8155105579643
LV3003047132	leiden3	0.0311830333751794	ST8	23.987	3	IG-A	MGI	-13.8155105579643
LV3003047132	leiden4	0.680693799158355	ST8	23.987	3	IG-A	MGI	-13.8155105579643
LV3003047132	leiden6	0.00363886907835257	ST8	23.987	3	IG-A	MGI	-13.8155105579643
LV3003047132	grey	0.0031136364889856	ST8	23.987	3	IG-A	MGI	-13.8155105579643
LV3003047132	leiden5	0.00980971561497821	ST8	23.987	3	IG-A	MGI	-13.8155105579643
LV3003047133	leiden3	0.0661596471686185	ST8	70.162	1	IG-D	MGI	-13.8155105579643
LV3003047133	leiden4	0.729995183189331	ST8	70.162	1	IG-D	MGI	-13.8155105579643
LV3003047133	leiden6	0.00762410813739952	ST8	70.162	1	IG-D	MGI	-13.8155105579643
LV3003047133	leiden2	0.125173104133426	ST8	70.162	1	IG-D	MGI	-13.8155105579643
LV3003047133	grey	0.0220858295451124	ST8	70.162	1	IG-D	MGI	-13.8155105579643
LV3003047133	leiden5	0.0417218592889183	ST8	70.162	1	IG-D	MGI	-13.8155105579643
LV3003047133	leiden1	0.00724026853719481	ST8	70.162	1	IG-D	MGI	-13.8155105579643
LV3003047134	leiden1	0.0117168196341606	ST8	68.807	1	IG-D	MGI	-13.8155105579643
LV3003047134	leiden3	0.200600553021815	ST8	68.807	1	IG-D	MGI	-13.8155105579643
LV3003047134	leiden4	0.633987076038614	ST8	68.807	1	IG-D	MGI	-13.8155105579643
LV3003047134	leiden5	0.0480593310171301	ST8	68.807	1	IG-D	MGI	-13.8155105579643
LV3003047134	leiden2	0.0918182195413616	ST8	68.807	1	IG-D	MGI	-13.8155105579643
LV3003047134	grey	0.0126448098563124	ST8	68.807	1	IG-D	MGI	-13.8155105579643
LV3003047134	leiden6	0.00117319089060655	ST8	68.807	1	IG-D	MGI	-13.8155105579643
LV3003047136	leiden3	0.121755465729093	ST8	67.8766	1	IG-D	MGI	-13.8155105579643
LV3003047136	leiden4	0.675765859934068	ST8	67.8766	1	IG-D	MGI	-13.8155105579643
LV3003047136	leiden5	0.0310985548985067	ST8	67.8766	1	IG-D	MGI	-13.8155105579643
LV3003047136	leiden2	0.153391273838327	ST8	67.8766	1	IG-D	MGI	-13.8155105579643
LV3003047136	leiden1	0.00968883171182761	ST8	67.8766	1	IG-D	MGI	-13.8155105579643
LV3003047136	grey	0.00830001388817824	ST8	67.8766	1	IG-D	MGI	-13.8155105579643
LV3003047137	leiden4	0.718257855474343	ST8	66.9462	1	IG-D	MGI	-13.8155105579643
LV3003047137	leiden3	0.0329490367467912	ST8	66.9462	1	IG-D	MGI	-13.8155105579643
LV3003047137	leiden5	0.0511591691156155	ST8	66.9462	1	IG-D	MGI	-13.8155105579643
LV3003047137	leiden2	0.145148569562706	ST8	66.9462	1	IG-D	MGI	-13.8155105579643
LV3003047137	grey	0.0229271845879487	ST8	66.9462	1	IG-D	MGI	-13.8155105579643
LV3003047137	leiden1	0.0263331072765177	ST8	66.9462	1	IG-D	MGI	-13.8155105579643
LV3003047137	leiden6	0.00322507723607867	ST8	66.9462	1	IG-D	MGI	-13.8155105579643
LV3003047138	leiden4	0.679617476249622	ST8	66.0158	1	IG-D	MGI	-13.8155105579643
LV3003047138	leiden5	0.036519352781228	ST8	66.0158	1	IG-D	MGI	-13.8155105579643
LV3003047138	grey	0.0290921145389238	ST8	66.0158	1	IG-D	MGI	-13.8155105579643
LV3003047138	leiden3	0.0994410688509181	ST8	66.0158	1	IG-D	MGI	-13.8155105579643
LV3003047138	leiden2	0.138352244116956	ST8	66.0158	1	IG-D	MGI	-13.8155105579643
LV3003047138	leiden1	0.0150936587330894	ST8	66.0158	1	IG-D	MGI	-13.8155105579643
LV3003047138	leiden6	0.00188408472926248	ST8	66.0158	1	IG-D	MGI	-13.8155105579643
LV3003047139	leiden4	0.713440208779942	ST8	58.6141266666667	4	IG-B	MGI	-13.8155105579643
LV3003047139	leiden2	0.241277534408302	ST8	58.6141266666667	4	IG-B	MGI	-13.8155105579643
LV3003047139	leiden3	0.0113658723501207	ST8	58.6141266666667	4	IG-B	MGI	-13.8155105579643
LV3003047139	leiden1	0.0248133304336119	ST8	58.6141266666667	4	IG-B	MGI	-13.8155105579643
LV3003047139	leiden5	0.00688166029763569	ST8	58.6141266666667	4	IG-B	MGI	-13.8155105579643
LV3003047139	grey	0.00123238160333882	ST8	58.6141266666667	4	IG-B	MGI	-13.8155105579643
LV3003047140	leiden4	0.790471959263183	ST8	46.0948	2	IG-E	MGI	-13.8155105579643
LV3003047140	leiden2	0.174942756570179	ST8	46.0948	2	IG-E	MGI	-13.8155105579643
LV3003047140	leiden3	0.0264515908547213	ST8	46.0948	2	IG-E	MGI	-13.8155105579643
LV3003047140	leiden1	0.00471617511363248	ST8	46.0948	2	IG-E	MGI	-13.8155105579643
LV3003047140	leiden6	0.00341751819828441	ST8	46.0948	2	IG-E	MGI	-13.8155105579643
LV3003047141	leiden4	0.878246988826005	ST8	39.15347	2	IG-E	MGI	-13.8155105579643
LV3003047141	leiden3	0.051081120301843	ST8	39.15347	2	IG-E	MGI	-13.8155105579643
LV3003047141	leiden5	0.0277173124365114	ST8	39.15347	2	IG-E	MGI	-13.8155105579643
LV3003047141	leiden2	0.0429545784356407	ST8	39.15347	2	IG-E	MGI	-13.8155105579643
LV3003047142	leiden4	0.627681739672673	ST8	35.5823	4	IG-B	MGI	-13.8155105579643
LV3003047142	leiden3	0.0183508940369492	ST8	35.5823	4	IG-B	MGI	-13.8155105579643
LV3003047142	leiden1	0.0360633670030337	ST8	35.5823	4	IG-B	MGI	-13.8155105579643
LV3003047142	leiden6	0.0182024240204691	ST8	35.5823	4	IG-B	MGI	-13.8155105579643
LV3003047142	leiden5	0.015589351730418	ST8	35.5823	4	IG-B	MGI	-13.8155105579643
LV3003047142	leiden2	0.272294010224635	ST8	35.5823	4	IG-B	MGI	-13.8155105579643
LV3003047142	grey	0.0118182133118217	ST8	35.5823	4	IG-B	MGI	-13.8155105579643
LV3003047143	leiden4	0.694732335158419	ST8	31.398	5	G-A	MGI	-13.8155105579643
LV3003047143	leiden2	0.19102680540779	ST8	31.398	5	G-A	MGI	-13.8155105579643
LV3003047143	leiden6	0.0436775047357085	ST8	31.398	5	G-A	MGI	-13.8155105579643
LV3003047143	leiden3	0.0350727871915302	ST8	31.398	5	G-A	MGI	-13.8155105579643
LV3003047143	leiden5	0.0181254378908581	ST8	31.398	5	G-A	MGI	-13.8155105579643
LV3003047143	leiden1	0.0141240885382879	ST8	31.398	5	G-A	MGI	-13.8155105579643
LV3003047143	grey	0.00324104107740613	ST8	31.398	5	G-A	MGI	-13.8155105579643
LV3003047144	leiden1	0.0506748558023252	ST8	27.729	5	G-A	MGI	-13.8155105579643
LV3003047144	leiden4	0.608688949703668	ST8	27.729	5	G-A	MGI	-13.8155105579643
LV3003047144	leiden2	0.274667761536196	ST8	27.729	5	G-A	MGI	-13.8155105579643
LV3003047144	grey	0.00547333010774188	ST8	27.729	5	G-A	MGI	-13.8155105579643
LV3003047144	leiden6	0.0262188690994953	ST8	27.729	5	G-A	MGI	-13.8155105579643
LV3003047144	leiden3	0.0234058887903574	ST8	27.729	5	G-A	MGI	-13.8155105579643
LV3003047144	leiden5	0.0108703449602169	ST8	27.729	5	G-A	MGI	-13.8155105579643
LV3003047145	leiden4	0.66274954930894	ST8	23.446	3	IG-A	MGI	-13.8155105579643
LV3003047145	leiden5	0.0684646690817393	ST8	23.446	3	IG-A	MGI	-1.75707803485798
LV3003047145	leiden1	0.049615612155693	ST8	23.446	3	IG-A	MGI	-13.8155105579643
LV3003047145	leiden3	0.0299435879200821	ST8	23.446	3	IG-A	MGI	-13.8155105579643
LV3003047145	grey	0.0394216868966524	ST8	23.446	3	IG-A	MGI	-13.8155105579643
LV3003047145	leiden2	0.149804894636893	ST8	23.446	3	IG-A	MGI	-13.8155105579643
LV3003047146	leiden4	0.666711919276306	ST8	63.2667	4	IG-B	MGI	-13.8155105579643
LV3003047146	leiden1	0.0366650567180545	ST8	63.2667	4	IG-B	MGI	-13.8155105579643
LV3003047146	leiden2	0.232420013836856	ST8	63.2667	4	IG-B	MGI	-13.8155105579643
LV3003047146	leiden5	0.0177842755883927	ST8	63.2667	4	IG-B	MGI	-13.8155105579643
LV3003047146	leiden6	0.0040831777774877	ST8	63.2667	4	IG-B	MGI	-13.8155105579643
LV3003047146	leiden3	0.0397822653282337	ST8	63.2667	4	IG-B	MGI	-13.8155105579643
LV3003047146	grey	0.00255329147466942	ST8	63.2667	4	IG-B	MGI	-13.8155105579643
LV3003047147	leiden4	0.699362466573919	ST8	62.3217	4	IG-B	MGI	-13.8155105579643
LV3003047147	leiden1	0.0255533452085311	ST8	62.3217	4	IG-B	MGI	-13.8155105579643
LV3003047147	leiden3	0.0253323105060828	ST8	62.3217	4	IG-B	MGI	-13.8155105579643
LV3003047147	leiden5	0.0139771944195239	ST8	62.3217	4	IG-B	MGI	-13.8155105579643
LV3003047147	leiden2	0.225364382208007	ST8	62.3217	4	IG-B	MGI	-13.8155105579643
LV3003047147	grey	0.0062583158889279	ST8	62.3217	4	IG-B	MGI	-13.8155105579643
LV3003047147	leiden6	0.00415198519500895	ST8	62.3217	4	IG-B	MGI	-13.8155105579643
LV3003047148	leiden1	0.0275150807550107	ST8	61.3767	4	IG-B	MGI	-13.8155105579643
LV3003047148	leiden4	0.742552593457439	ST8	61.3767	4	IG-B	MGI	-13.8155105579643
LV3003047148	leiden5	0.0229789626170245	ST8	61.3767	4	IG-B	MGI	-13.8155105579643
LV3003047148	grey	0.00763659164126181	ST8	61.3767	4	IG-B	MGI	-13.8155105579643
LV3003047148	leiden2	0.17926098895159	ST8	61.3767	4	IG-B	MGI	-13.8155105579643
LV3003047148	leiden3	0.0189747248708136	ST8	61.3767	4	IG-B	MGI	-13.8155105579643
LV3003047148	leiden6	0.00108105770686039	ST8	61.3767	4	IG-B	MGI	-13.8155105579643
LV3003047149	leiden1	0.0185355804171793	ST8	60.4317	4	IG-B	MGI	-13.8155105579643
LV3003047149	leiden4	0.757360725628773	ST8	60.4317	4	IG-B	MGI	-13.8155105579643
LV3003047149	leiden5	0.0205728347019943	ST8	60.4317	4	IG-B	MGI	-13.8155105579643
LV3003047149	leiden2	0.176869152193196	ST8	60.4317	4	IG-B	MGI	-13.8155105579643
LV3003047149	grey	0.00205442215800166	ST8	60.4317	4	IG-B	MGI	-13.8155105579643
LV3003047149	leiden3	0.0246072849008555	ST8	60.4317	4	IG-B	MGI	-13.8155105579643
LV3003047150	leiden1	0.037356220760491	ST8	59.5217933333333	4	IG-B	MGI	-13.8155105579643
LV3003047150	leiden4	0.672033162236828	ST8	59.5217933333333	4	IG-B	MGI	-13.8155105579643
LV3003047150	leiden5	0.0100709730313304	ST8	59.5217933333333	4	IG-B	MGI	-13.8155105579643
LV3003047150	leiden2	0.262570452165584	ST8	59.5217933333333	4	IG-B	MGI	-13.8155105579643
LV3003047150	leiden6	0.00232157304161244	ST8	59.5217933333333	4	IG-B	MGI	-13.8155105579643
LV3003047150	leiden3	0.0148791726757888	ST8	59.5217933333333	4	IG-B	MGI	-13.8155105579643
LV3003047150	grey	0.000768446088365889	ST8	59.5217933333333	4	IG-B	MGI	-13.8155105579643
LV3003047152	leiden1	0.00864060441384925	ST8	45.00002	4	IG-B	MGI	-13.8155105579643
LV3003047152	leiden4	0.718955415195324	ST8	45.00002	4	IG-B	MGI	-13.8155105579643
LV3003047152	leiden2	0.214233431998086	ST8	45.00002	4	IG-B	MGI	-13.8155105579643
LV3003047152	leiden6	0.00900836567609159	ST8	45.00002	4	IG-B	MGI	-13.8155105579643
LV3003047152	leiden3	0.0415320291495432	ST8	45.00002	4	IG-B	MGI	-13.8155105579643
LV3003047152	leiden5	0.0068053686003292	ST8	45.00002	4	IG-B	MGI	-13.8155105579643
LV3003047152	grey	0.000824784966776519	ST8	45.00002	4	IG-B	MGI	-13.8155105579643
LV3003047153	leiden1	0.0207829666598345	ST8	38.71393	4	IG-B	MGI	-13.8155105579643
LV3003047153	leiden4	0.727413710930072	ST8	38.71393	4	IG-B	MGI	-13.8155105579643
LV3003047153	leiden2	0.183908017592426	ST8	38.71393	4	IG-B	MGI	-13.8155105579643
LV3003047153	leiden6	0.0167972598883311	ST8	38.71393	4	IG-B	MGI	-13.8155105579643
LV3003047153	leiden3	0.0390199211254806	ST8	38.71393	4	IG-B	MGI	-13.8155105579643
LV3003047153	leiden5	0.00674409243678803	ST8	38.71393	4	IG-B	MGI	-13.8155105579643
LV3003047153	grey	0.00533403136706779	ST8	38.71393	4	IG-B	MGI	-13.8155105579643
LV3003047154	leiden4	0.750351852185994	ST8	35.13012	4	IG-B	MGI	-13.8155105579643
LV3003047154	leiden2	0.185529853304704	ST8	35.13012	4	IG-B	MGI	-13.8155105579643
LV3003047154	grey	0.00409592031901265	ST8	35.13012	4	IG-B	MGI	-13.8155105579643
LV3003047154	leiden5	0.0171460276790386	ST8	35.13012	4	IG-B	MGI	-13.8155105579643
LV3003047154	leiden3	0.0304622796412912	ST8	35.13012	4	IG-B	MGI	-13.8155105579643
LV3003047154	leiden1	0.0107675790765233	ST8	35.13012	4	IG-B	MGI	-13.8155105579643
LV3003047154	leiden6	0.0016464877934357	ST8	35.13012	4	IG-B	MGI	-13.8155105579643
LV3003047155	leiden4	0.667565818652435	ST8	30.9475	5	G-A	MGI	-13.8155105579643
LV3003047155	leiden1	0.0216596261369668	ST8	30.9475	5	G-A	MGI	-13.8155105579643
LV3003047155	leiden2	0.124013901713721	ST8	30.9475	5	G-A	MGI	-13.8155105579643
LV3003047155	leiden6	0.104408268320525	ST8	30.9475	5	G-A	MGI	-13.8155105579643
LV3003047155	grey	0.0043806393915819	ST8	30.9475	5	G-A	MGI	-13.8155105579643
LV3003047155	leiden5	0.0501974014265252	ST8	30.9475	5	G-A	MGI	-13.8155105579643
LV3003047155	leiden3	0.0277743443582454	ST8	30.9475	5	G-A	MGI	-13.8155105579643
LV3003047156	leiden1	0.0538441362193227	ST8	27.1996666666667	5	G-A	MGI	-13.8155105579643
LV3003047156	leiden4	0.620472046382531	ST8	27.1996666666667	5	G-A	MGI	-13.8155105579643
LV3003047156	leiden2	0.261306916274208	ST8	27.1996666666667	5	G-A	MGI	-13.8155105579643
LV3003047156	leiden6	0.0218367450800772	ST8	27.1996666666667	5	G-A	MGI	-13.8155105579643
LV3003047156	grey	0.00303201130593757	ST8	27.1996666666667	5	G-A	MGI	-13.8155105579643
LV3003047156	leiden3	0.0233635164284512	ST8	27.1996666666667	5	G-A	MGI	-13.8155105579643
LV3003047156	leiden5	0.0161446283094726	ST8	27.1996666666667	5	G-A	MGI	-13.8155105579643
LV3003047158	leiden1	0.0428025619717454	ST8	57.70646	4	IG-B	MGI	-13.8155105579643
LV3003047158	leiden4	0.639241340170663	ST8	57.70646	4	IG-B	MGI	-13.8155105579643
LV3003047158	leiden5	0.00704339542331313	ST8	57.70646	4	IG-B	MGI	-13.8155105579643
LV3003047158	leiden2	0.284046456006648	ST8	57.70646	4	IG-B	MGI	-13.8155105579643
LV3003047158	grey	0.00766665991041206	ST8	57.70646	4	IG-B	MGI	-13.8155105579643
LV3003047158	leiden3	0.0166102519407341	ST8	57.70646	4	IG-B	MGI	-13.8155105579643
LV3003047158	leiden6	0.00258933457648418	ST8	57.70646	4	IG-B	MGI	-13.8155105579643
LV3003047159	leiden4	0.768362016890331	ST8	56.7987933333333	4	IG-B	MGI	-13.8155105579643
LV3003047159	leiden2	0.159445438070759	ST8	56.7987933333333	4	IG-B	MGI	-13.8155105579643
LV3003047159	leiden6	0.00239852179989814	ST8	56.7987933333333	4	IG-B	MGI	-13.8155105579643
LV3003047159	leiden3	0.0519857391592737	ST8	56.7987933333333	4	IG-B	MGI	-13.8155105579643
LV3003047159	leiden1	0.010695630544731	ST8	56.7987933333333	4	IG-B	MGI	-13.8155105579643
LV3003047159	leiden5	0.00711265353500657	ST8	56.7987933333333	4	IG-B	MGI	-13.8155105579643
LV3003047160	leiden4	0.623613930969858	ST8	55.8911266666667	2	IG-E	MGI	-13.8155105579643
LV3003047160	leiden3	0.119475245978448	ST8	55.8911266666667	2	IG-E	MGI	-13.8155105579643
LV3003047160	leiden1	0.0716851475870686	ST8	55.8911266666667	2	IG-E	MGI	-13.8155105579643
LV3003047160	leiden5	0.0943307824457286	ST8	55.8911266666667	2	IG-E	MGI	-13.8155105579643
LV3003047160	grey	0.0354521318132126	ST8	55.8911266666667	2	IG-E	MGI	-13.8155105579643
LV3003047160	leiden2	0.0554427612056848	ST8	55.8911266666667	2	IG-E	MGI	-13.8155105579643
LV3003047161	leiden4	0.707131620346093	ST8	54.98346	2	IG-E	MGI	-13.8155105579643
LV3003047161	leiden2	0.147876245411641	ST8	54.98346	2	IG-E	MGI	-13.8155105579643
LV3003047161	leiden3	0.0414263240692187	ST8	54.98346	2	IG-E	MGI	-13.8155105579643
LV3003047161	leiden1	0.031069743051914	ST8	54.98346	2	IG-E	MGI	-13.8155105579643
LV3003047161	leiden5	0.0724960671211327	ST8	54.98346	2	IG-E	MGI	-13.8155105579643
LV3003047162	leiden1	0.122161283770059	ST8	102.698	2	IG-E	MGI	-13.8155105579643
LV3003047162	leiden3	0.239853747714808	ST8	102.698	2	IG-E	MGI	-13.8155105579643
LV3003047162	leiden4	0.248303879748121	ST8	102.698	2	IG-E	MGI	-13.8155105579643
LV3003047162	leiden2	0.0418037781840341	ST8	102.698	2	IG-E	MGI	-13.8155105579643
LV3003047162	grey	0.0595978062157221	ST8	102.698	2	IG-E	MGI	-13.8155105579643
LV3003047162	leiden5	0.288279504367256	ST8	102.698	2	IG-E	MGI	-13.8155105579643
LV3003047164	leiden5	0.00755960860568374	ST8	43.93302	4	IG-B	MGI	-13.8155105579643
LV3003047164	leiden4	0.728597573022492	ST8	43.93302	4	IG-B	MGI	-13.8155105579643
LV3003047164	leiden6	0.0104607513855816	ST8	43.93302	4	IG-B	MGI	-13.8155105579643
LV3003047164	leiden2	0.201229086296	ST8	43.93302	4	IG-B	MGI	-13.8155105579643
LV3003047164	leiden3	0.0420665703085194	ST8	43.93302	4	IG-B	MGI	-13.8155105579643
LV3003047164	leiden1	0.0100864103817238	ST8	43.93302	4	IG-B	MGI	-13.8155105579643
LV3003047166	leiden1	0.0242046455306033	ST8	38.27343	4	IG-B	MGI	-13.8155105579643
LV3003047166	leiden4	0.719671950682519	ST8	38.27343	4	IG-B	MGI	-13.8155105579643
LV3003047166	leiden2	0.20463177014531	ST8	38.27343	4	IG-B	MGI	-13.8155105579643
LV3003047166	leiden6	0.0120734258036107	ST8	38.27343	4	IG-B	MGI	-13.8155105579643
LV3003047166	leiden3	0.0322022236900044	ST8	38.27343	4	IG-B	MGI	-13.8155105579643
LV3003047166	leiden5	0.00721598414795244	ST8	38.27343	4	IG-B	MGI	-13.8155105579643
LV3003047167	leiden4	0.687291136062925	ST8	34.67812	4	IG-B	MGI	-13.8155105579643
LV3003047167	leiden1	0.0502685486865433	ST8	34.67812	4	IG-B	MGI	-13.8155105579643
LV3003047167	leiden6	0.0116571572016547	ST8	34.67812	4	IG-B	MGI	-13.8155105579643
LV3003047167	leiden2	0.210524389032127	ST8	34.67812	4	IG-B	MGI	-13.8155105579643
LV3003047167	leiden5	0.00743150308817915	ST8	34.67812	4	IG-B	MGI	-13.8155105579643
LV3003047167	leiden3	0.0235601135906032	ST8	34.67812	4	IG-B	MGI	-13.8155105579643
LV3003047167	grey	0.00926715233796865	ST8	34.67812	4	IG-B	MGI	-13.8155105579643
LV3003047168	leiden1	0.0563126747165904	ST8	30.497	5	G-A	MGI	-13.8155105579643
LV3003047168	leiden4	0.623330597402806	ST8	30.497	5	G-A	MGI	-13.8155105579643
LV3003047168	leiden2	0.183808375158286	ST8	30.497	5	G-A	MGI	-13.8155105579643
LV3003047168	grey	0.0152054857748336	ST8	30.497	5	G-A	MGI	-13.8155105579643
LV3003047168	leiden6	0.0443963259596995	ST8	30.497	5	G-A	MGI	-13.8155105579643
LV3003047168	leiden5	0.0518816713391544	ST8	30.497	5	G-A	MGI	-13.8155105579643
LV3003047168	leiden3	0.0250648696486303	ST8	30.497	5	G-A	MGI	-13.8155105579643
LV3003047169	leiden1	0.0478059984509788	ST8	26.6703333333333	5	G-A	MGI	-13.8155105579643
LV3003047169	leiden4	0.604200162024054	ST8	26.6703333333333	5	G-A	MGI	-13.8155105579643
LV3003047169	leiden2	0.24887072795093	ST8	26.6703333333333	5	G-A	MGI	-13.8155105579643
LV3003047169	leiden6	0.0392311869597344	ST8	26.6703333333333	5	G-A	MGI	-13.8155105579643
LV3003047169	leiden5	0.0332861505043221	ST8	26.6703333333333	5	G-A	MGI	-13.8155105579643
LV3003047169	leiden3	0.0218305157172235	ST8	26.6703333333333	5	G-A	MGI	-13.8155105579643
LV3003047169	grey	0.00477525839275699	ST8	26.6703333333333	5	G-A	MGI	-13.8155105579643
LV3003061473	leiden3	0.0430860464531908	ST13	117.088	2	IG-E	MGI	-13.8155105579643
LV3003061473	leiden4	0.845195118478252	ST13	117.088	2	IG-E	MGI	-13.8155105579643
LV3003061473	leiden2	0.0843628810024374	ST13	117.088	2	IG-E	MGI	-13.8155105579643
LV3003061473	leiden5	0.0247007680774611	ST13	117.088	2	IG-E	MGI	-13.8155105579643
LV3003061473	leiden1	0.00265518598865892	ST13	117.088	2	IG-E	MGI	-13.8155105579643
LV3003061474	leiden1	0.0101144685681089	ST13	77.7798	1	IG-D	MGI	-13.8155105579643
LV3003061474	leiden2	0.115265790931867	ST13	77.7798	1	IG-D	MGI	-13.8155105579643
LV3003061474	leiden3	0.0691215867417898	ST13	77.7798	1	IG-D	MGI	-13.8155105579643
LV3003061474	leiden4	0.80052379907459	ST13	77.7798	1	IG-D	MGI	-13.8155105579643
LV3003061474	leiden6	0.00106243754430112	ST13	77.7798	1	IG-D	MGI	-13.8155105579643
LV3003061474	leiden5	0.00225748244925795	ST13	77.7798	1	IG-D	MGI	-13.8155105579643
LV3003061474	grey	0.00165443469008555	ST13	77.7798	1	IG-D	MGI	-13.8155105579643
LV3003061475	leiden4	0.796031052630031	ST13	53.844	4	IG-B	MGI	-13.8155105579643
LV3003061475	leiden6	0.000700125610771344	ST13	53.844	4	IG-B	MGI	-13.8155105579643
LV3003061475	leiden2	0.171769052682981	ST13	53.844	4	IG-B	MGI	-13.8155105579643
LV3003061475	leiden5	0.00400365948008319	ST13	53.844	4	IG-B	MGI	-13.8155105579643
LV3003061475	leiden3	0.0177061178623224	ST13	53.844	4	IG-B	MGI	-13.8155105579643
LV3003061475	leiden1	0.00884276296629689	ST13	53.844	4	IG-B	MGI	-13.8155105579643
LV3003061475	grey	0.000947228767514172	ST13	53.844	4	IG-B	MGI	-13.8155105579643
LV3003061476	leiden1	0.0238253186886086	ST13	37.16	5	G-A	MGI	-13.8155105579643
LV3003061476	leiden3	0.0393752874039788	ST13	37.16	5	G-A	MGI	-13.8155105579643
LV3003061476	leiden4	0.738778994821075	ST13	37.16	5	G-A	MGI	-13.8155105579643
LV3003061476	leiden2	0.173780464821753	ST13	37.16	5	G-A	MGI	-13.8155105579643
LV3003061476	leiden6	0.0149318145839144	ST13	37.16	5	G-A	MGI	-13.8155105579643
LV3003061476	grey	0.00256684733854493	ST13	37.16	5	G-A	MGI	-13.8155105579643
LV3003061476	leiden5	0.0067412723421257	ST13	37.16	5	G-A	MGI	-13.8155105579643
LV3003061477	leiden1	0.0540900416454085	ST13	16.726	3	IG-A	MGI	-3.03294614058773
LV3003061477	leiden2	0.183795893363745	ST13	16.726	3	IG-A	MGI	-13.8155105579643
LV3003061477	leiden3	0.0306898767585431	ST13	16.726	3	IG-A	MGI	-13.8155105579643
LV3003061477	leiden4	0.721549512842286	ST13	16.726	3	IG-A	MGI	-13.8155105579643
LV3003061477	leiden5	0.00639775160694078	ST13	16.726	3	IG-A	MGI	-1.2473965985479
LV3003061477	leiden6	0.00110115826844076	ST13	16.726	3	IG-A	MGI	-13.8155105579643
LV3003061477	grey	0.00237576551463592	ST13	16.726	3	IG-A	MGI	-13.8155105579643
LV3003061485	leiden1	0.0234275316111172	ST13	75.7796	1	IG-D	MGI	-13.8155105579643
LV3003061485	leiden3	0.0906132478964804	ST13	75.7796	1	IG-D	MGI	-13.8155105579643
LV3003061485	leiden4	0.770541704900695	ST13	75.7796	1	IG-D	MGI	-13.8155105579643
LV3003061485	leiden2	0.109332006158919	ST13	75.7796	1	IG-D	MGI	-13.8155105579643
LV3003061485	leiden6	0.00119694542513648	ST13	75.7796	1	IG-D	MGI	-13.8155105579643
LV3003061485	leiden5	0.00207163631273621	ST13	75.7796	1	IG-D	MGI	-13.8155105579643
LV3003061485	grey	0.00281692769491578	ST13	75.7796	1	IG-D	MGI	-13.8155105579643
LV3003061486	leiden4	0.696706997028289	ST13	52.105	4	IG-B	MGI	-13.8155105579643
LV3003061486	leiden2	0.115298521863301	ST13	52.105	4	IG-B	MGI	-13.8155105579643
LV3003061486	leiden3	0.166189070279032	ST13	52.105	4	IG-B	MGI	-13.8155105579643
LV3003061486	leiden5	0.0171162826598742	ST13	52.105	4	IG-B	MGI	-13.8155105579643
LV3003061486	leiden1	0.00337694415499209	ST13	52.105	4	IG-B	MGI	-13.8155105579643
LV3003061486	leiden6	0.000569256300412952	ST13	52.105	4	IG-B	MGI	-13.8155105579643
LV3003061488	leiden1	0.0391392921645475	ST13	35.041	5	G-A	MGI	-2.26078500433015
LV3003061488	leiden3	0.0249141262226214	ST13	35.041	5	G-A	MGI	-13.8155105579643
LV3003061488	leiden4	0.734298113253232	ST13	35.041	5	G-A	MGI	-13.8155105579643
LV3003061488	leiden2	0.183530504588923	ST13	35.041	5	G-A	MGI	-13.8155105579643
LV3003061488	leiden5	0.00405568560897468	ST13	35.041	5	G-A	MGI	-13.8155105579643
LV3003061488	leiden6	0.0129583832727457	ST13	35.041	5	G-A	MGI	-13.8155105579643
LV3003061488	grey	0.00110389488895566	ST13	35.041	5	G-A	MGI	-13.8155105579643
LV3003061489	leiden4	0.850404499843755	ST13	112.6068	2	IG-E	MGI	-13.8155105579643
LV3003061489	leiden3	0.0955939029894795	ST13	112.6068	2	IG-E	MGI	-13.8155105579643
LV3003061489	grey	0.00395125169264956	ST13	112.6068	2	IG-E	MGI	-13.8155105579643
LV3003061489	leiden2	0.0272976632755807	ST13	112.6068	2	IG-E	MGI	-13.8155105579643
LV3003061489	leiden1	0.00763167945557446	ST13	112.6068	2	IG-E	MGI	-13.8155105579643
LV3003061489	leiden5	0.0088087219193778	ST13	112.6068	2	IG-E	MGI	-13.8155105579643
LV3003061489	leiden6	0.00631228082358252	ST13	112.6068	2	IG-E	MGI	-13.8155105579643
LV3003061492	leiden1	0.0621025169916993	ST13	14.437	3	IG-A	MGI	-2.90088084105316
LV3003061492	leiden3	0.0302347440310245	ST13	14.437	3	IG-A	MGI	-13.8155105579643
LV3003061492	leiden4	0.67699396820712	ST13	14.437	3	IG-A	MGI	-13.8155105579643
LV3003061492	leiden2	0.207834284567145	ST13	14.437	3	IG-A	MGI	-13.8155105579643
LV3003061492	leiden5	0.0184667431553487	ST13	14.437	3	IG-A	MGI	-2.15620198380168
LV3003061492	leiden6	0.00164632360207627	ST13	14.437	3	IG-A	MGI	-13.8155105579643
LV3003061492	grey	0.00272141944558557	ST13	14.437	3	IG-A	MGI	-13.8155105579643
LV3003061500	leiden2	0.119473558697853	ST13	148.086	1	IG-D	MGI	-13.8155105579643
LV3003061500	leiden4	0.739588260820273	ST13	148.086	1	IG-D	MGI	-13.8155105579643
LV3003061500	leiden1	0.015975808563956	ST13	148.086	1	IG-D	MGI	-13.8155105579643
LV3003061500	leiden5	0.0821113165723847	ST13	148.086	1	IG-D	MGI	-2.37685971792709
LV3003061500	leiden3	0.0243028542610627	ST13	148.086	1	IG-D	MGI	-13.8155105579643
LV3003061500	grey	0.0183468664115124	ST13	148.086	1	IG-D	MGI	-13.8155105579643
LV3003061500	leiden6	0.000201334672958212	ST13	148.086	1	IG-D	MGI	-13.8155105579643
LV3003061501	leiden3	0.231421534014248	ST13	105.5872	1	IG-D	MGI	-13.8155105579643
LV3003061501	leiden4	0.691363918144358	ST13	105.5872	1	IG-D	MGI	-13.8155105579643
LV3003061501	leiden2	0.0606441838801537	ST13	105.5872	1	IG-D	MGI	-13.8155105579643
LV3003061501	leiden6	0.00292554690322987	ST13	105.5872	1	IG-D	MGI	-13.8155105579643
LV3003061501	leiden5	0.00255757443154883	ST13	105.5872	1	IG-D	MGI	-13.8155105579643
LV3003061501	leiden1	0.00685058660116094	ST13	105.5872	1	IG-D	MGI	-13.8155105579643
LV3003061501	grey	0.00423665602530059	ST13	105.5872	1	IG-D	MGI	-13.8155105579643
LV3003061503	leiden1	0.0146386924024416	ST13	73.1472	1	IG-D	MGI	-13.8155105579643
LV3003061503	leiden2	0.102371485300492	ST13	73.1472	1	IG-D	MGI	-13.8155105579643
LV3003061503	leiden3	0.0595218312670135	ST13	73.1472	1	IG-D	MGI	-13.8155105579643
LV3003061503	leiden4	0.818001394487492	ST13	73.1472	1	IG-D	MGI	-13.8155105579643
LV3003061503	leiden6	0.00231358152012842	ST13	73.1472	1	IG-D	MGI	-13.8155105579643
LV3003061503	leiden5	0.00144074199069085	ST13	73.1472	1	IG-D	MGI	-13.8155105579643
LV3003061503	grey	0.00171227303174258	ST13	73.1472	1	IG-D	MGI	-13.8155105579643
LV3003061504	leiden4	0.808094478425561	ST13	50.268	4	IG-B	MGI	-13.8155105579643
LV3003061504	leiden1	0.0110033292253566	ST13	50.268	4	IG-B	MGI	-13.8155105579643
LV3003061504	leiden2	0.162728805486039	ST13	50.268	4	IG-B	MGI	-13.8155105579643
LV3003061504	leiden6	0.00394416175851649	ST13	50.268	4	IG-B	MGI	-13.8155105579643
LV3003061504	leiden3	0.0134126702101117	ST13	50.268	4	IG-B	MGI	-13.8155105579643
LV3003061504	grey	0.000816554894414916	ST13	50.268	4	IG-B	MGI	-13.8155105579643
LV3003061505	leiden1	0.016621790472168	ST13	32.81	5	G-A	MGI	-13.8155105579643
LV3003061505	leiden4	0.792086831036728	ST13	32.81	5	G-A	MGI	-13.8155105579643
LV3003061505	leiden2	0.156210953311159	ST13	32.81	5	G-A	MGI	-13.8155105579643
LV3003061505	leiden5	0.00656644316561956	ST13	32.81	5	G-A	MGI	-13.8155105579643
LV3003061505	leiden6	0.0117624025482639	ST13	32.81	5	G-A	MGI	-13.8155105579643
LV3003061505	leiden3	0.0161224328176971	ST13	32.81	5	G-A	MGI	-13.8155105579643
LV3003061505	grey	0.000629146648364219	ST13	32.81	5	G-A	MGI	-13.8155105579643
LV3003061506	leiden1	0.0199544240624452	ST13	11.95	3	IG-A	MGI	-13.8155105579643
LV3003061506	leiden4	0.77140264587909	ST13	11.95	3	IG-A	MGI	-13.8155105579643
LV3003061506	leiden5	0.0620678277188315	ST13	11.95	3	IG-A	MGI	-2.32601591766299
LV3003061506	leiden2	0.118973819614151	ST13	11.95	3	IG-A	MGI	-13.8155105579643
LV3003061506	leiden3	0.00921005145337747	ST13	11.95	3	IG-A	MGI	-13.8155105579643
LV3003061506	grey	0.0177643043482744	ST13	11.95	3	IG-A	MGI	-13.8155105579643
LV3003061506	leiden6	0.000626926923830441	ST13	11.95	3	IG-A	MGI	-13.8155105579643
LV3003061513	leiden4	0.730040601728848	ST13	138.493	4	IG-B	MGI	-13.8155105579643
LV3003061513	leiden3	0.0189537102870187	ST13	138.493	4	IG-B	MGI	-13.8155105579643
LV3003061513	leiden2	0.234395464581073	ST13	138.493	4	IG-B	MGI	-13.8155105579643
LV3003061513	leiden1	0.0129991018972421	ST13	138.493	4	IG-B	MGI	-13.8155105579643
LV3003061513	leiden5	0.00288609063353665	ST13	138.493	4	IG-B	MGI	-13.8155105579643
LV3003061513	grey	0.000725030872282304	ST13	138.493	4	IG-B	MGI	-13.8155105579643
LV3003061514	leiden2	0.0954590076933959	ST13	100.6726	1	IG-D	MGI	-13.8155105579643
LV3003061514	leiden3	0.134761180128015	ST13	100.6726	1	IG-D	MGI	-13.8155105579643
LV3003061514	leiden4	0.734792203623286	ST13	100.6726	1	IG-D	MGI	-13.8155105579643
LV3003061514	leiden1	0.0259498611483146	ST13	100.6726	1	IG-D	MGI	-13.8155105579643
LV3003061514	leiden6	0.00044452647158729	ST13	100.6726	1	IG-D	MGI	-13.8155105579643
LV3003061514	grey	0.00597704979486432	ST13	100.6726	1	IG-D	MGI	-13.8155105579643
LV3003061514	leiden5	0.00261617114053715	ST13	100.6726	1	IG-D	MGI	-13.8155105579643
LV3003061515	leiden1	0.0306176496179947	ST13	71.0012	1	IG-D	MGI	-13.8155105579643
LV3003061515	leiden3	0.154129470086329	ST13	71.0012	1	IG-D	MGI	-13.8155105579643
LV3003061515	leiden4	0.701474120406842	ST13	71.0012	1	IG-D	MGI	-13.8155105579643
LV3003061515	leiden2	0.102157134005797	ST13	71.0012	1	IG-D	MGI	-13.8155105579643
LV3003061515	leiden6	0.00258933164993684	ST13	71.0012	1	IG-D	MGI	-13.8155105579643
LV3003061515	grey	0.00591563590750118	ST13	71.0012	1	IG-D	MGI	-13.8155105579643
LV3003061515	leiden5	0.00311665832560057	ST13	71.0012	1	IG-D	MGI	-13.8155105579643
LV3003061516	leiden4	0.808626033633331	ST13	48.537	4	IG-B	MGI	-13.8155105579643
LV3003061516	leiden5	0.00358081113059599	ST13	48.537	4	IG-B	MGI	-13.8155105579643
LV3003061516	leiden2	0.165724484770968	ST13	48.537	4	IG-B	MGI	-13.8155105579643
LV3003061516	leiden6	0.00397075633772374	ST13	48.537	4	IG-B	MGI	-13.8155105579643
LV3003061516	leiden3	0.00918488082160341	ST13	48.537	4	IG-B	MGI	-13.8155105579643
LV3003061516	leiden1	0.00835374046583969	ST13	48.537	4	IG-B	MGI	-13.8155105579643
LV3003061517	leiden1	0.0337603219115831	ST13	30.678	5	G-A	MGI	-1.91008913378019
LV3003061517	leiden3	0.0476478082202422	ST13	30.678	5	G-A	MGI	-13.8155105579643
LV3003061517	leiden4	0.732711040852631	ST13	30.678	5	G-A	MGI	-13.8155105579643
LV3003061517	leiden2	0.165823500167015	ST13	30.678	5	G-A	MGI	-13.8155105579643
LV3003061517	leiden5	0.00486479558148387	ST13	30.678	5	G-A	MGI	-13.8155105579643
LV3003061517	leiden6	0.0137641671392283	ST13	30.678	5	G-A	MGI	-13.8155105579643
LV3003061517	grey	0.00142836612781692	ST13	30.678	5	G-A	MGI	-13.8155105579643
LV3003061518	leiden1	0.047746312109308	ST13	9.804	3	IG-A	MGI	-13.8155105579643
LV3003061518	leiden3	0.0306478582919076	ST13	9.804	3	IG-A	MGI	-13.8155105579643
LV3003061518	leiden4	0.707236297775592	ST13	9.804	3	IG-A	MGI	-13.8155105579643
LV3003061518	leiden5	0.0162302703609422	ST13	9.804	3	IG-A	MGI	-13.8155105579643
LV3003061518	leiden2	0.193779454200489	ST13	9.804	3	IG-A	MGI	-13.8155105579643
LV3003061518	leiden6	0.00239827179355822	ST13	9.804	3	IG-A	MGI	-13.8155105579643
LV3003061518	grey	0.00196153546820325	ST13	9.804	3	IG-A	MGI	-13.8155105579643
LV3003061527	leiden4	0.751007032156756	ST13	133.7754	2	IG-E	MGI	-13.8155105579643
LV3003061527	leiden2	0.120843858810678	ST13	133.7754	2	IG-E	MGI	-13.8155105579643
LV3003061527	leiden3	0.0966750870485424	ST13	133.7754	2	IG-E	MGI	-13.8155105579643
LV3003061527	leiden5	0.0215061104663071	ST13	133.7754	2	IG-E	MGI	-13.8155105579643
LV3003061527	leiden1	0.00996791151771694	ST13	133.7754	2	IG-E	MGI	-13.8155105579643
LV3003061528	leiden3	0.10866876076484	ST13	95.118	1	IG-D	MGI	-13.8155105579643
LV3003061528	leiden4	0.767080540902218	ST13	95.118	1	IG-D	MGI	-13.8155105579643
LV3003061528	leiden2	0.097614319779992	ST13	95.118	1	IG-D	MGI	-13.8155105579643
LV3003061528	leiden1	0.0231169573808118	ST13	95.118	1	IG-D	MGI	-13.8155105579643
LV3003061528	leiden5	0.000782093593808491	ST13	95.118	1	IG-D	MGI	-13.8155105579643
LV3003061528	grey	0.00257422765801287	ST13	95.118	1	IG-D	MGI	-13.8155105579643
LV3003061528	leiden6	0.000163099920316846	ST13	95.118	1	IG-D	MGI	-13.8155105579643
LV3003061529	leiden1	0.0383865123340846	ST13	66.015	1	IG-D	MGI	-13.8155105579643
LV3003061529	leiden2	0.171563908715252	ST13	66.015	1	IG-D	MGI	-13.8155105579643
LV3003061529	leiden3	0.0545211933383421	ST13	66.015	1	IG-D	MGI	-13.8155105579643
LV3003061529	leiden4	0.721561560856499	ST13	66.015	1	IG-D	MGI	-13.8155105579643
LV3003061529	leiden5	0.0112765699348861	ST13	66.015	1	IG-D	MGI	-13.8155105579643
LV3003061529	grey	0.00154371712997746	ST13	66.015	1	IG-D	MGI	-13.8155105579643
LV3003061529	leiden6	0.00114653769095918	ST13	66.015	1	IG-D	MGI	-13.8155105579643
LV3003061530	leiden4	0.896450720351112	ST13	47.046	4	IG-B	MGI	-13.8155105579643
LV3003061530	leiden1	0.0026476481251789	ST13	47.046	4	IG-B	MGI	-13.8155105579643
LV3003061530	leiden2	0.0893124065769806	ST13	47.046	4	IG-B	MGI	-13.8155105579643
LV3003061530	leiden6	0.00143911204401616	ST13	47.046	4	IG-B	MGI	-13.8155105579643
LV3003061530	leiden3	0.00937887606144452	ST13	47.046	4	IG-B	MGI	-13.8155105579643
LV3003061530	grey	0.000771236841268327	ST13	47.046	4	IG-B	MGI	-13.8155105579643
LV3003061531	leiden1	0.0415615616837411	ST13	28.445	5	G-A	MGI	-13.8155105579643
LV3003061531	leiden2	0.15277822984222	ST13	28.445	5	G-A	MGI	-13.8155105579643
LV3003061531	leiden3	0.029843034184209	ST13	28.445	5	G-A	MGI	-13.8155105579643
LV3003061531	leiden4	0.736449594362576	ST13	28.445	5	G-A	MGI	-13.8155105579643
LV3003061531	leiden5	0.0147557224577478	ST13	28.445	5	G-A	MGI	-1.73150390572905
LV3003061531	leiden6	0.0231064828753468	ST13	28.445	5	G-A	MGI	-13.8155105579643
LV3003061531	grey	0.00150537459415915	ST13	28.445	5	G-A	MGI	-13.8155105579643
LV3003061533	leiden1	0.0249640566246406	ST13	7.912	3	IG-A	MGI	-13.8155105579643
LV3003061533	leiden2	0.074567297058173	ST13	7.912	3	IG-A	MGI	-13.8155105579643
LV3003061533	leiden4	0.71077195310772	ST13	7.912	3	IG-A	MGI	-13.8155105579643
LV3003061533	leiden5	0.179983687237337	ST13	7.912	3	IG-A	MGI	-2.5395962179407
LV3003061533	leiden3	0.00786330457863305	ST13	7.912	3	IG-A	MGI	-13.8155105579643
LV3003061533	grey	0.00184970139349701	ST13	7.912	3	IG-A	MGI	-13.8155105579643
LV3003061539	leiden4	0.723693891260383	ST13	130.0556	4	IG-B	MGI	-13.8155105579643
LV3003061539	leiden2	0.240521626011637	ST13	130.0556	4	IG-B	MGI	-13.8155105579643
LV3003061539	leiden1	0.0169112603118525	ST13	130.0556	4	IG-B	MGI	-13.8155105579643
LV3003061539	leiden3	0.0126212453483371	ST13	130.0556	4	IG-B	MGI	-13.8155105579643
LV3003061539	leiden5	0.000575793226254749	ST13	130.0556	4	IG-B	MGI	-13.8155105579643
LV3003061539	leiden6	0.00567618384153602	ST13	130.0556	4	IG-B	MGI	-13.8155105579643
LV3003061541	leiden3	0.0771852254109109	ST13	91.09	1	IG-D	MGI	-13.8155105579643
LV3003061541	leiden4	0.77743083089322	ST13	91.09	1	IG-D	MGI	-13.8155105579643
LV3003061541	leiden5	0.0157915685736061	ST13	91.09	1	IG-D	MGI	-13.8155105579643
LV3003061541	leiden6	0.00353597842621191	ST13	91.09	1	IG-D	MGI	-13.8155105579643
LV3003061541	leiden2	0.117770297164121	ST13	91.09	1	IG-D	MGI	-13.8155105579643
LV3003061541	grey	0.00243291360302625	ST13	91.09	1	IG-D	MGI	-13.8155105579643
LV3003061541	leiden1	0.005853185928904	ST13	91.09	1	IG-D	MGI	-13.8155105579643
LV3003061543	leiden1	0.028216949678402	ST13	62.293	1	IG-D	MGI	-13.8155105579643
LV3003061543	leiden2	0.169124240369394	ST13	62.293	1	IG-D	MGI	-13.8155105579643
LV3003061543	leiden3	0.0611206630101762	ST13	62.293	1	IG-D	MGI	-13.8155105579643
LV3003061543	leiden4	0.731344318474287	ST13	62.293	1	IG-D	MGI	-13.8155105579643
LV3003061543	leiden5	0.00282051975127717	ST13	62.293	1	IG-D	MGI	-13.8155105579643
LV3003061543	leiden6	0.00405567235902396	ST13	62.293	1	IG-D	MGI	-13.8155105579643
LV3003061543	grey	0.00331763635743977	ST13	62.293	1	IG-D	MGI	-13.8155105579643
LV3003061544	leiden1	0.0184120965878915	ST13	45.122	4	IG-B	MGI	-13.8155105579643
LV3003061544	leiden4	0.692357705763694	ST13	45.122	4	IG-B	MGI	-13.8155105579643
LV3003061544	leiden5	0.0038057858423814	ST13	45.122	4	IG-B	MGI	-13.8155105579643
LV3003061544	leiden2	0.249698133069135	ST13	45.122	4	IG-B	MGI	-13.8155105579643
LV3003061544	leiden6	0.00806883756820287	ST13	45.122	4	IG-B	MGI	-13.8155105579643
LV3003061544	leiden3	0.0269858319023928	ST13	45.122	4	IG-B	MGI	-13.8155105579643
LV3003061544	grey	0.000671609266302601	ST13	45.122	4	IG-B	MGI	-13.8155105579643
LV3003061545	leiden1	0.0393530826835193	ST13	23.172	5	G-A	MGI	-13.8155105579643
LV3003061545	leiden4	0.703304155140226	ST13	23.172	5	G-A	MGI	-13.8155105579643
LV3003061545	leiden3	0.0206398433419142	ST13	23.172	5	G-A	MGI	-13.8155105579643
LV3003061545	leiden2	0.193621945249311	ST13	23.172	5	G-A	MGI	-13.8155105579643
LV3003061545	leiden6	0.0291157297554326	ST13	23.172	5	G-A	MGI	-13.8155105579643
LV3003061545	grey	0.00253913524174488	ST13	23.172	5	G-A	MGI	-13.8155105579643
LV3003061545	leiden5	0.011426108587852	ST13	23.172	5	G-A	MGI	-13.8155105579643
LV3003061546	leiden1	0.0229324335957736	ST13	7.197	3	IG-A	MGI	-13.8155105579643
LV3003061546	leiden4	0.749082868789447	ST13	7.197	3	IG-A	MGI	-13.8155105579643
LV3003061546	leiden5	0.175275139363166	ST13	7.197	3	IG-A	MGI	-2.10872361211874
LV3003061546	leiden2	0.0444859609828445	ST13	7.197	3	IG-A	MGI	-13.8155105579643
LV3003061546	leiden3	0.00684922196765234	ST13	7.197	3	IG-A	MGI	-13.8155105579643
LV3003061546	grey	0.00137437530111657	ST13	7.197	3	IG-A	MGI	-13.8155105579643
LV3003061555	leiden4	0.815807028310697	ST13	126.443	2	IG-E	MGI	-13.8155105579643
LV3003061555	leiden5	0.00410918696800704	ST13	126.443	2	IG-E	MGI	-13.8155105579643
LV3003061555	leiden2	0.150785815300051	ST13	126.443	2	IG-E	MGI	-13.8155105579643
LV3003061555	leiden3	0.0212930597433092	ST13	126.443	2	IG-E	MGI	-13.8155105579643
LV3003061555	leiden1	0.00528324038743763	ST13	126.443	2	IG-E	MGI	-13.8155105579643
LV3003061556	leiden2	0.0976708757772741	ST13	86.6174	1	IG-D	MGI	-13.8155105579643
LV3003061556	leiden3	0.0589109445177787	ST13	86.6174	1	IG-D	MGI	-13.8155105579643
LV3003061556	leiden4	0.82655268029854	ST13	86.6174	1	IG-D	MGI	-13.8155105579643
LV3003061556	leiden1	0.0101139033481939	ST13	86.6174	1	IG-D	MGI	-13.8155105579643
LV3003061556	leiden5	0.00364249956414535	ST13	86.6174	1	IG-D	MGI	-13.8155105579643
LV3003061556	grey	0.00139681037417084	ST13	86.6174	1	IG-D	MGI	-13.8155105579643
LV3003061556	leiden6	0.00171228611989739	ST13	86.6174	1	IG-D	MGI	-13.8155105579643
LV3003061557	leiden3	0.084393175344369	ST13	58.082	1	IG-D	MGI	-13.8155105579643
LV3003061557	leiden4	0.7815934837983	ST13	58.082	1	IG-D	MGI	-13.8155105579643
LV3003061557	leiden2	0.118143251221338	ST13	58.082	1	IG-D	MGI	-13.8155105579643
LV3003061557	leiden6	0.00212230692964687	ST13	58.082	1	IG-D	MGI	-13.8155105579643
LV3003061557	grey	0.00178957236864292	ST13	58.082	1	IG-D	MGI	-13.8155105579643
LV3003061557	leiden1	0.00942448161978782	ST13	58.082	1	IG-D	MGI	-13.8155105579643
LV3003061557	leiden5	0.00253372871791528	ST13	58.082	1	IG-D	MGI	-13.8155105579643
LV3003061558	leiden1	0.0182624504657968	ST13	42.626	5	G-A	MGI	-13.8155105579643
LV3003061558	leiden2	0.188660109424197	ST13	42.626	5	G-A	MGI	-13.8155105579643
LV3003061558	leiden3	0.0183907220320953	ST13	42.626	5	G-A	MGI	-13.8155105579643
LV3003061558	leiden4	0.759456607439409	ST13	42.626	5	G-A	MGI	-13.8155105579643
LV3003061558	leiden5	0.0024337391845691	ST13	42.626	5	G-A	MGI	-13.8155105579643
LV3003061558	leiden6	0.0122268456995675	ST13	42.626	5	G-A	MGI	-13.8155105579643
LV3003061558	grey	0.000569525754365082	ST13	42.626	5	G-A	MGI	-13.8155105579643
LV3003061559	leiden3	0.0517676561826096	ST13	21.069	5	G-A	MGI	-13.8155105579643
LV3003061559	leiden4	0.698998231825074	ST13	21.069	5	G-A	MGI	-13.8155105579643
LV3003061559	leiden1	0.0312921016085501	ST13	21.069	5	G-A	MGI	-13.8155105579643
LV3003061559	leiden2	0.189649729438112	ST13	21.069	5	G-A	MGI	-13.8155105579643
LV3003061559	leiden5	0.00978202390074506	ST13	21.069	5	G-A	MGI	-0.871838969303321
LV3003061559	leiden6	0.0181293509627142	ST13	21.069	5	G-A	MGI	-13.8155105579643
LV3003061559	grey	0.000380906082195679	ST13	21.069	5	G-A	MGI	-13.8155105579643
LV3003061568	leiden3	0.0592579410979625	ST13	121.6354	2	IG-E	MGI	-13.8155105579643
LV3003061568	leiden4	0.809991992170122	ST13	121.6354	2	IG-E	MGI	-13.8155105579643
LV3003061568	leiden2	0.101076608239167	ST13	121.6354	2	IG-E	MGI	-13.8155105579643
LV3003061568	leiden5	0.023623098140404	ST13	121.6354	2	IG-E	MGI	-13.8155105579643
LV3003061568	leiden1	0.00605036035234452	ST13	121.6354	2	IG-E	MGI	-13.8155105579643
LV3003061569	leiden2	0.10726323083995	ST13	81.6946	1	IG-D	MGI	-13.8155105579643
LV3003061569	leiden3	0.100107071585201	ST13	81.6946	1	IG-D	MGI	-13.8155105579643
LV3003061569	leiden4	0.778983972591896	ST13	81.6946	1	IG-D	MGI	-13.8155105579643
LV3003061569	leiden1	0.00801439842017334	ST13	81.6946	1	IG-D	MGI	-13.8155105579643
LV3003061569	leiden5	0.0024247339528024	ST13	81.6946	1	IG-D	MGI	-13.8155105579643
LV3003061569	grey	0.00320659260997752	ST13	81.6946	1	IG-D	MGI	-13.8155105579643
LV3003061570	leiden3	0.0449769338495758	ST13	55.466	4	IG-B	MGI	-13.8155105579643
LV3003061570	leiden4	0.771420627728808	ST13	55.466	4	IG-B	MGI	-13.8155105579643
LV3003061570	leiden1	0.0167971002553752	ST13	55.466	4	IG-B	MGI	-13.8155105579643
LV3003061570	leiden2	0.158853694703023	ST13	55.466	4	IG-B	MGI	-13.8155105579643
LV3003061570	leiden6	0.00420545349699316	ST13	55.466	4	IG-B	MGI	-13.8155105579643
LV3003061570	grey	0.00178144822473021	ST13	55.466	4	IG-B	MGI	-13.8155105579643
LV3003061570	leiden5	0.00196474174149436	ST13	55.466	4	IG-B	MGI	-13.8155105579643
LV3003061571	leiden4	0.83776525157034	ST13	40.457	5	G-A	MGI	-13.8155105579643
LV3003061571	leiden1	0.0177871794547729	ST13	40.457	5	G-A	MGI	-13.8155105579643
LV3003061571	leiden2	0.112113418348647	ST13	40.457	5	G-A	MGI	-13.8155105579643
LV3003061571	leiden5	0.0136812304892383	ST13	40.457	5	G-A	MGI	-13.8155105579643
LV3003061571	leiden6	0.00806655460485573	ST13	40.457	5	G-A	MGI	-13.8155105579643
LV3003061571	leiden3	0.0103730899991153	ST13	40.457	5	G-A	MGI	-13.8155105579643
LV3003061571	grey	0.000213275533030851	ST13	40.457	5	G-A	MGI	-13.8155105579643
LV3003061572	leiden1	0.0764412113724149	ST13	19.099	3	IG-A	MGI	-3.01123130610167
LV3003061572	leiden2	0.209278552513869	ST13	19.099	3	IG-A	MGI	-13.8155105579643
LV3003061572	leiden3	0.0300909984403719	ST13	19.099	3	IG-A	MGI	-13.8155105579643
LV3003061572	leiden4	0.67309638963701	ST13	19.099	3	IG-A	MGI	-13.8155105579643
LV3003061572	leiden5	0.00809861430014514	ST13	19.099	3	IG-A	MGI	-13.8155105579643
LV3003061572	leiden6	0.00096655966220841	ST13	19.099	3	IG-A	MGI	-13.8155105579643
LV3003061572	grey	0.00202767407398069	ST13	19.099	3	IG-A	MGI	-13.8155105579643
LV7001898064	leiden1	0.0258800702692782	ST13	6.808	3	IG-A	MGI	-13.8155105579643
LV7001898064	leiden2	0.0987765804032618	ST13	6.808	3	IG-A	MGI	-13.8155105579643
LV7001898064	leiden4	0.712124596869346	ST13	6.808	3	IG-A	MGI	-13.8155105579643
LV7001898064	leiden5	0.14398489734917	ST13	6.808	3	IG-A	MGI	-3.21586476021186
LV7001898064	leiden3	0.0184462099163586	ST13	6.808	3	IG-A	MGI	-13.8155105579643
LV7001898064	grey	0.000594666876425706	ST13	6.808	3	IG-A	MGI	-13.8155105579643
LV7001898064	leiden6	0.000192978316159312	ST13	6.808	3	IG-A	MGI	-13.8155105579643
LV7001898076	leiden1	0.0546531025472443	ST13	6.429	3	IG-A	MGI	-13.8155105579643
LV7001898076	leiden3	0.0324887308398926	ST13	6.429	3	IG-A	MGI	-13.8155105579643
LV7001898076	leiden4	0.711449500472401	ST13	6.429	3	IG-A	MGI	-13.8155105579643
LV7001898076	leiden2	0.159503193562508	ST13	6.429	3	IG-A	MGI	-13.8155105579643
LV7001898076	leiden5	0.0390182520674916	ST13	6.429	3	IG-A	MGI	-2.97199679582648
LV7001898076	leiden6	0.000315215352086252	ST13	6.429	3	IG-A	MGI	-13.8155105579643
LV7001898076	grey	0.0025720051583767	ST13	6.429	3	IG-A	MGI	-13.8155105579643
LV7001898088	leiden1	0.0147446901181112	ST13	6.031	1	IG-D	MGI	-13.8155105579643
LV7001898088	leiden3	0.0369838116244819	ST13	6.031	1	IG-D	MGI	-13.8155105579643
LV7001898088	leiden4	0.870660306531793	ST13	6.031	1	IG-D	MGI	-13.8155105579643
LV7001898088	leiden2	0.0712774538963978	ST13	6.031	1	IG-D	MGI	-13.8155105579643
LV7001898088	leiden6	0.00104074228488156	ST13	6.031	1	IG-D	MGI	-13.8155105579643
LV7001898088	leiden5	0.00384775737700336	ST13	6.031	1	IG-D	MGI	-13.8155105579643
LV7001898088	grey	0.00144523816733086	ST13	6.031	1	IG-D	MGI	-13.8155105579643
LV7001898100	leiden1	0.00299710680747964	ST13	5.659	1	IG-D	MGI	-13.8155105579643
LV7001898100	leiden3	0.0539464033199096	ST13	5.659	1	IG-D	MGI	-13.8155105579643
LV7001898100	leiden4	0.910214409812426	ST13	5.659	1	IG-D	MGI	-13.8155105579643
LV7001898100	leiden2	0.018854366253501	ST13	5.659	1	IG-D	MGI	-13.8155105579643
LV7001898100	grey	0.000982628083474165	ST13	5.659	1	IG-D	MGI	-13.8155105579643
LV7001898100	leiden5	0.0126596162949756	ST13	5.659	1	IG-D	MGI	-13.8155105579643
LV7001898100	leiden6	0.000345469428234423	ST13	5.659	1	IG-D	MGI	-13.8155105579643
LV7008886221	leiden2	0.110206454701946	GeoB25202_R1	50.3555	4	IG-B	MGI	-13.8155105579643
LV7008886221	leiden3	0.0557758296378208	GeoB25202_R1	50.3555	4	IG-B	MGI	-13.8155105579643
LV7008886221	leiden4	0.814719730047082	GeoB25202_R1	50.3555	4	IG-B	MGI	-13.8155105579643
LV7008886221	leiden5	0.00447109520172369	GeoB25202_R1	50.3555	4	IG-B	MGI	-13.8155105579643
LV7008886221	leiden6	0.0033219712947024	GeoB25202_R1	50.3555	4	IG-B	MGI	-13.8155105579643
LV7008886221	leiden1	0.00839042852745699	GeoB25202_R1	50.3555	4	IG-B	MGI	-13.8155105579643
LV7008886221	grey	0.003114490589268	GeoB25202_R1	50.3555	4	IG-B	MGI	-13.8155105579643
LV7008886222	leiden4	0.630950697253416	GeoB25202_R1	136.2775	4	IG-B	MGI	-13.8155105579643
LV7008886222	grey	0.00941221395638277	GeoB25202_R1	136.2775	4	IG-B	MGI	-13.8155105579643
LV7008886222	leiden3	0.113738579469918	GeoB25202_R1	136.2775	4	IG-B	MGI	-13.8155105579643
LV7008886222	leiden2	0.176572709529601	GeoB25202_R1	136.2775	4	IG-B	MGI	-13.8155105579643
LV7008886222	leiden5	0.0584815998642265	GeoB25202_R1	136.2775	4	IG-B	MGI	-13.8155105579643
LV7008886222	leiden1	0.00960668118688654	GeoB25202_R1	136.2775	4	IG-B	MGI	-13.8155105579643
LV7008886222	leiden6	0.00123751873956949	GeoB25202_R1	136.2775	4	IG-B	MGI	-13.8155105579643
LV7008886226	leiden3	0.0628068311432634	GeoB25202_R2	36.607	4	IG-B	MGI	-13.8155105579643
LV7008886226	leiden4	0.736196309432665	GeoB25202_R2	36.607	4	IG-B	MGI	-13.8155105579643
LV7008886226	leiden2	0.0881533101045296	GeoB25202_R2	36.607	4	IG-B	MGI	-13.8155105579643
LV7008886226	leiden6	0.000842174341025921	GeoB25202_R2	36.607	4	IG-B	MGI	-13.8155105579643
LV7008886226	grey	0.0184903360884986	GeoB25202_R2	36.607	4	IG-B	MGI	-13.8155105579643
LV7008886226	leiden5	0.0848033624474618	GeoB25202_R2	36.607	4	IG-B	MGI	-13.8155105579643
LV7008886226	leiden1	0.00870767644255558	GeoB25202_R2	36.607	4	IG-B	MGI	-13.8155105579643
LV7008886228	leiden3	0.249532934131737	GeoB25202_R2	120.0235	2	IG-E	MGI	-13.8155105579643
LV7008886228	leiden4	0.534634730538922	GeoB25202_R2	120.0235	2	IG-E	MGI	-13.8155105579643
LV7008886228	leiden5	0.0959041916167665	GeoB25202_R2	120.0235	2	IG-E	MGI	-13.8155105579643
LV7008886228	leiden2	0.117101796407186	GeoB25202_R2	120.0235	2	IG-E	MGI	-13.8155105579643
LV7008886228	leiden6	0.00282634730538922	GeoB25202_R2	120.0235	2	IG-E	MGI	-13.8155105579643
LV7008886229	leiden2	0.0919931401011246	GeoB25202_R2	68.149	1	IG-D	MGI	-13.8155105579643
LV7008886229	leiden3	0.115288659376049	GeoB25202_R2	68.149	1	IG-D	MGI	-13.8155105579643
LV7008886229	leiden4	0.6957238791306	GeoB25202_R2	68.149	1	IG-D	MGI	-13.8155105579643
LV7008886229	leiden1	0.0156328012043817	GeoB25202_R2	68.149	1	IG-D	MGI	-13.8155105579643
LV7008886229	leiden5	0.0208862970996819	GeoB25202_R2	68.149	1	IG-D	MGI	-13.8155105579643
LV7008886229	leiden6	0.00137702606715697	GeoB25202_R2	68.149	1	IG-D	MGI	-13.8155105579643
LV7008886229	grey	0.0590981970210056	GeoB25202_R2	68.149	1	IG-D	MGI	-13.8155105579643
LV7008886690	leiden4	0.68531045833733	GeoB25202_R1	2.324	3	IG-A	MGI	-13.8155105579643
LV7008886690	leiden5	0.180550163142693	GeoB25202_R1	2.324	3	IG-A	MGI	-3.54948752836808
LV7008886690	leiden2	0.0150474963724921	GeoB25202_R1	2.324	3	IG-A	MGI	-13.8155105579643
LV7008886690	grey	0.00113126477838325	GeoB25202_R1	2.324	3	IG-A	MGI	-13.8155105579643
LV7008886690	leiden3	0.111282653280287	GeoB25202_R1	2.324	3	IG-A	MGI	-13.8155105579643
LV7008886690	leiden1	0.00667796408881418	GeoB25202_R1	2.324	3	IG-A	MGI	-13.8155105579643
LV7008886692	leiden4	0.711993668927343	GeoB25202_R1	53.875	4	IG-B	MGI	-13.8155105579643
LV7008886692	leiden6	0.0042221888180524	GeoB25202_R1	53.875	4	IG-B	MGI	-13.8155105579643
LV7008886692	leiden2	0.0991529095523154	GeoB25202_R1	53.875	4	IG-B	MGI	-13.8155105579643
LV7008886692	leiden3	0.0134491082560371	GeoB25202_R1	53.875	4	IG-B	MGI	-13.8155105579643
LV7008886692	grey	0.145716357334229	GeoB25202_R1	53.875	4	IG-B	MGI	-13.8155105579643
LV7008886692	leiden1	0.00529652586809086	GeoB25202_R1	53.875	4	IG-B	MGI	-13.8155105579643
LV7008886692	leiden5	0.020169241243932	GeoB25202_R1	53.875	4	IG-B	MGI	-13.8155105579643
LV7008886695	leiden3	0.126989853740972	GeoB25202_R1	95.3875	1	IG-D	MGI	-13.8155105579643
LV7008886695	leiden4	0.685113231714269	GeoB25202_R1	95.3875	1	IG-D	MGI	-13.8155105579643
LV7008886695	leiden1	0.00444611350666246	GeoB25202_R1	95.3875	1	IG-D	MGI	-13.8155105579643
LV7008886695	grey	0.0986836016872431	GeoB25202_R1	95.3875	1	IG-D	MGI	-13.8155105579643
LV7008886695	leiden2	0.0642882530059885	GeoB25202_R1	95.3875	1	IG-D	MGI	-13.8155105579643
LV7008886695	leiden6	0.000342008731281728	GeoB25202_R1	95.3875	1	IG-D	MGI	-13.8155105579643
LV7008886695	leiden5	0.0201369376135838	GeoB25202_R1	95.3875	1	IG-D	MGI	-13.8155105579643
LV7008886702	leiden1	0.0148910780970623	GeoB25202_R2	2.324	3	IG-A	MGI	-13.8155105579643
LV7008886702	leiden4	0.801589707546332	GeoB25202_R2	2.324	3	IG-A	MGI	-13.8155105579643
LV7008886702	leiden5	0.0993272754656358	GeoB25202_R2	2.324	3	IG-A	MGI	-3.21870088245297
LV7008886702	leiden3	0.0100570773169799	GeoB25202_R2	2.324	3	IG-A	MGI	-13.8155105579643
LV7008886702	leiden2	0.0726799306421778	GeoB25202_R2	2.324	3	IG-A	MGI	-13.8155105579643
LV7008886702	grey	0.000904625270808312	GeoB25202_R2	2.324	3	IG-A	MGI	-13.8155105579643
LV7008886702	leiden6	0.000550305661003989	GeoB25202_R2	2.324	3	IG-A	MGI	-13.8155105579643
LV7008886703	leiden1	0.0377694879124073	GeoB25202_R1	27.6855	5	G-A	MGI	-13.8155105579643
LV7008886703	leiden3	0.0850992361481194	GeoB25202_R1	27.6855	5	G-A	MGI	-13.8155105579643
LV7008886703	leiden4	0.637023400029068	GeoB25202_R1	27.6855	5	G-A	MGI	-13.8155105579643
LV7008886703	leiden5	0.00881901716648095	GeoB25202_R1	27.6855	5	G-A	MGI	-13.8155105579643
LV7008886703	leiden2	0.19682831904139	GeoB25202_R1	27.6855	5	G-A	MGI	-13.8155105579643
LV7008886703	leiden6	0.0329247613972191	GeoB25202_R1	27.6855	5	G-A	MGI	-13.8155105579643
LV7008886703	grey	0.00153577830531467	GeoB25202_R1	27.6855	5	G-A	MGI	-13.8155105579643
LV7008886704	leiden3	0.0170773935333004	GeoB25202_R2	53.875	4	IG-B	MGI	-13.8155105579643
LV7008886704	leiden4	0.69288423198573	GeoB25202_R2	53.875	4	IG-B	MGI	-13.8155105579643
LV7008886704	leiden2	0.126770697486172	GeoB25202_R2	53.875	4	IG-B	MGI	-13.8155105579643
LV7008886704	leiden6	0.00445203939380312	GeoB25202_R2	53.875	4	IG-B	MGI	-13.8155105579643
LV7008886704	leiden5	0.0178268951147487	GeoB25202_R2	53.875	4	IG-B	MGI	-13.8155105579643
LV7008886704	grey	0.134314430903449	GeoB25202_R2	53.875	4	IG-B	MGI	-13.8155105579643
LV7008886704	leiden1	0.00667431158279744	GeoB25202_R2	53.875	4	IG-B	MGI	-13.8155105579643
LV7008886705	leiden4	0.816301629679742	GeoB25202_R1	59.738	4	IG-B	MGI	-13.8155105579643
LV7008886705	leiden6	0.0385976780989889	GeoB25202_R1	59.738	4	IG-B	MGI	-13.8155105579643
LV7008886705	leiden2	0.0809041158775989	GeoB25202_R1	59.738	4	IG-B	MGI	-13.8155105579643
LV7008886705	leiden5	0.0216847675078826	GeoB25202_R1	59.738	4	IG-B	MGI	-13.8155105579643
LV7008886705	leiden3	0.0199693151479276	GeoB25202_R1	59.738	4	IG-B	MGI	-13.8155105579643
LV7008886705	leiden1	0.0225424936878602	GeoB25202_R1	59.738	4	IG-B	MGI	-13.8155105579643
LV7008886706	leiden3	0.123960709528343	GeoB25202_R1	79.0255	1	IG-D	MGI	-13.8155105579643
LV7008886706	leiden4	0.689713768697383	GeoB25202_R1	79.0255	1	IG-D	MGI	-13.8155105579643
LV7008886706	leiden2	0.0821085006945832	GeoB25202_R1	79.0255	1	IG-D	MGI	-13.8155105579643
LV7008886706	leiden1	0.00881446308371328	GeoB25202_R1	79.0255	1	IG-D	MGI	-13.8155105579643
LV7008886706	grey	0.0775462062759607	GeoB25202_R1	79.0255	1	IG-D	MGI	-13.8155105579643
LV7008886706	leiden5	0.0163785778912827	GeoB25202_R1	79.0255	1	IG-D	MGI	-13.8155105579643
LV7008886706	leiden6	0.00147777382873379	GeoB25202_R1	79.0255	1	IG-D	MGI	-13.8155105579643
LV7008886707	leiden1	0.00770776242865706	GeoB25202_R2	95.3875	1	IG-D	MGI	-13.8155105579643
LV7008886707	leiden3	0.129414825270211	GeoB25202_R2	95.3875	1	IG-D	MGI	-13.8155105579643
LV7008886707	leiden4	0.687358390738732	GeoB25202_R2	95.3875	1	IG-D	MGI	-13.8155105579643
LV7008886707	grey	0.0948977600908409	GeoB25202_R2	95.3875	1	IG-D	MGI	-13.8155105579643
LV7008886707	leiden5	0.0222022228589207	GeoB25202_R2	95.3875	1	IG-D	MGI	-13.8155105579643
LV7008886707	leiden2	0.0575630111775738	GeoB25202_R2	95.3875	1	IG-D	MGI	-13.8155105579643
LV7008886707	leiden6	0.000856027435064079	GeoB25202_R2	95.3875	1	IG-D	MGI	-13.8155105579643
LV7008886708	leiden3	0.188450904849229	GeoB25202_R1	109.6305	1	IG-D	MGI	-13.8155105579643
LV7008886708	leiden4	0.573545988324164	GeoB25202_R1	109.6305	1	IG-D	MGI	-13.8155105579643
LV7008886708	grey	0.13078207162899	GeoB25202_R1	109.6305	1	IG-D	MGI	-13.8155105579643
LV7008886708	leiden5	0.0541582313146438	GeoB25202_R1	109.6305	1	IG-D	MGI	-13.8155105579643
LV7008886708	leiden2	0.0358294498000751	GeoB25202_R1	109.6305	1	IG-D	MGI	-13.8155105579643
LV7008886708	leiden6	0.00230862265889773	GeoB25202_R1	109.6305	1	IG-D	MGI	-13.8155105579643
LV7008886708	leiden1	0.0149247314239996	GeoB25202_R1	109.6305	1	IG-D	MGI	-13.8155105579643
LV7008886709	leiden4	0.700548074515017	GeoB25202_R1	147.206	4	IG-B	MGI	-13.8155105579643
LV7008886709	leiden1	0.0219518773237781	GeoB25202_R1	147.206	4	IG-B	MGI	-13.8155105579643
LV7008886709	leiden3	0.0526739101119266	GeoB25202_R1	147.206	4	IG-B	MGI	-13.8155105579643
LV7008886709	grey	0.00869791365659134	GeoB25202_R1	147.206	4	IG-B	MGI	-13.8155105579643
LV7008886709	leiden5	0.0208441696045002	GeoB25202_R1	147.206	4	IG-B	MGI	-13.8155105579643
LV7008886709	leiden2	0.195284054788187	GeoB25202_R1	147.206	4	IG-B	MGI	-13.8155105579643
LV7008886714	leiden1	0.0087878924372776	GeoB25202_R1	0.692	1	IG-D	MGI	-13.8155105579643
LV7008886714	leiden3	0.0218363242779207	GeoB25202_R1	0.692	1	IG-D	MGI	-13.8155105579643
LV7008886714	leiden4	0.89870355601364	GeoB25202_R1	0.692	1	IG-D	MGI	-13.8155105579643
LV7008886714	leiden2	0.0225530381514346	GeoB25202_R1	0.692	1	IG-D	MGI	-13.8155105579643
LV7008886714	leiden5	0.0477604347445929	GeoB25202_R1	0.692	1	IG-D	MGI	-13.8155105579643
LV7008886714	leiden6	0.000358754375134135	GeoB25202_R1	0.692	1	IG-D	MGI	-13.8155105579643
LV7008886715	leiden1	0.0308159042991686	GeoB25202_R2	27.6855	5	G-A	MGI	-13.8155105579643
LV7008886715	leiden2	0.152949555715199	GeoB25202_R2	27.6855	5	G-A	MGI	-13.8155105579643
LV7008886715	leiden3	0.0187485598173325	GeoB25202_R2	27.6855	5	G-A	MGI	-13.8155105579643
LV7008886715	leiden4	0.745331343673486	GeoB25202_R2	27.6855	5	G-A	MGI	-13.8155105579643
LV7008886715	leiden5	0.0190332076857389	GeoB25202_R2	27.6855	5	G-A	MGI	-13.8155105579643
LV7008886715	leiden6	0.0318288071036278	GeoB25202_R2	27.6855	5	G-A	MGI	-13.8155105579643
LV7008886715	grey	0.00129262170544737	GeoB25202_R2	27.6855	5	G-A	MGI	-13.8155105579643
LV7008886717	leiden4	0.814435912228699	GeoB25202_R2	59.738	4	IG-B	MGI	-13.8155105579643
LV7008886717	leiden1	0.0169445162830485	GeoB25202_R2	59.738	4	IG-B	MGI	-13.8155105579643
LV7008886717	leiden2	0.11861161398134	GeoB25202_R2	59.738	4	IG-B	MGI	-13.8155105579643
LV7008886717	leiden6	0.0034615155071916	GeoB25202_R2	59.738	4	IG-B	MGI	-13.8155105579643
LV7008886717	leiden3	0.0380965643463903	GeoB25202_R2	59.738	4	IG-B	MGI	-13.8155105579643
LV7008886717	leiden5	0.00844987765333121	GeoB25202_R2	59.738	4	IG-B	MGI	-13.8155105579643
LV7008886718	leiden3	0.112458351484041	GeoB25202_R2	79.0255	1	IG-D	MGI	-13.8155105579643
LV7008886718	leiden4	0.67503855799004	GeoB25202_R2	79.0255	1	IG-D	MGI	-13.8155105579643
LV7008886718	leiden1	0.0149890507081719	GeoB25202_R2	79.0255	1	IG-D	MGI	-13.8155105579643
LV7008886718	grey	0.0766362127223707	GeoB25202_R2	79.0255	1	IG-D	MGI	-13.8155105579643
LV7008886718	leiden6	0.000523917727256673	GeoB25202_R2	79.0255	1	IG-D	MGI	-13.8155105579643
LV7008886718	leiden2	0.106284658040665	GeoB25202_R2	79.0255	1	IG-D	MGI	-13.8155105579643
LV7008886718	leiden5	0.0140692513274545	GeoB25202_R2	79.0255	1	IG-D	MGI	-13.8155105579643
LV7008886719	leiden3	0.0939685717976636	GeoB25202_R1	87.2825	1	IG-D	MGI	-13.8155105579643
LV7008886719	leiden4	0.713335301825161	GeoB25202_R1	87.2825	1	IG-D	MGI	-13.8155105579643
LV7008886719	grey	0.111772657648513	GeoB25202_R1	87.2825	1	IG-D	MGI	-13.8155105579643
LV7008886719	leiden2	0.0523718788639342	GeoB25202_R1	87.2825	1	IG-D	MGI	-13.8155105579643
LV7008886719	leiden1	0.00254673630206507	GeoB25202_R1	87.2825	1	IG-D	MGI	-13.8155105579643
LV7008886719	leiden5	0.025232066731873	GeoB25202_R1	87.2825	1	IG-D	MGI	-13.8155105579643
LV7008886719	leiden6	0.000772786830789673	GeoB25202_R1	87.2825	1	IG-D	MGI	-13.8155105579643
LV7008886720	leiden3	0.184324854791895	GeoB25202_R2	109.6305	1	IG-D	MGI	-13.8155105579643
LV7008886720	leiden4	0.456662943241655	GeoB25202_R2	109.6305	1	IG-D	MGI	-13.8155105579643
LV7008886720	leiden1	0.015132932837217	GeoB25202_R2	109.6305	1	IG-D	MGI	-13.8155105579643
LV7008886720	grey	0.132438325530916	GeoB25202_R2	109.6305	1	IG-D	MGI	-13.8155105579643
LV7008886720	leiden5	0.162708567414962	GeoB25202_R2	109.6305	1	IG-D	MGI	-13.8155105579643
LV7008886720	leiden2	0.0445640365282216	GeoB25202_R2	109.6305	1	IG-D	MGI	-13.8155105579643
LV7008886720	leiden6	0.0041683396551328	GeoB25202_R2	109.6305	1	IG-D	MGI	-13.8155105579643
LV7008886721	leiden4	0.690048806749357	GeoB25202_R2	147.206	4	IG-B	MGI	-13.8155105579643
LV7008886721	leiden1	0.0160233479021598	GeoB25202_R2	147.206	4	IG-B	MGI	-13.8155105579643
LV7008886721	leiden2	0.190941353979981	GeoB25202_R2	147.206	4	IG-B	MGI	-13.8155105579643
LV7008886721	leiden3	0.0800246513044649	GeoB25202_R2	147.206	4	IG-B	MGI	-13.8155105579643
LV7008886721	leiden5	0.0172665386876722	GeoB25202_R2	147.206	4	IG-B	MGI	-13.8155105579643
LV7008886721	grey	0.0056953013763645	GeoB25202_R2	147.206	4	IG-B	MGI	-13.8155105579643
LV7008886726	leiden3	0.0264245707245135	GeoB25202_R2	0.692	1	IG-D	MGI	-13.8155105579643
LV7008886726	leiden4	0.920828619080983	GeoB25202_R2	0.692	1	IG-D	MGI	-13.8155105579643
LV7008886726	grey	0.000319372544359361	GeoB25202_R2	0.692	1	IG-D	MGI	-13.8155105579643
LV7008886726	leiden2	0.0176405878765522	GeoB25202_R2	0.692	1	IG-D	MGI	-13.8155105579643
LV7008886726	leiden5	0.0256352171361938	GeoB25202_R2	0.692	1	IG-D	MGI	-13.8155105579643
LV7008886726	leiden1	0.00868784098383249	GeoB25202_R2	0.692	1	IG-D	MGI	-13.8155105579643
LV7008886726	leiden6	0.00046379165356579	GeoB25202_R2	0.692	1	IG-D	MGI	-13.8155105579643
LV7008886727	leiden1	0.064262329313675	GeoB25202_R1	16.4375	3	IG-A	MGI	-13.8155105579643
LV7008886727	leiden3	0.0359258513497053	GeoB25202_R1	16.4375	3	IG-A	MGI	-13.8155105579643
LV7008886727	leiden4	0.674788845717543	GeoB25202_R1	16.4375	3	IG-A	MGI	-13.8155105579643
LV7008886727	leiden2	0.200799788534983	GeoB25202_R1	16.4375	3	IG-A	MGI	-13.8155105579643
LV7008886727	leiden5	0.0238221307420583	GeoB25202_R1	16.4375	3	IG-A	MGI	-2.36535121101945
LV7008886727	grey	9.94349608350548e-05	GeoB25202_R1	16.4375	3	IG-A	MGI	-13.8155105579643
LV7008886727	leiden6	0.000301619381199666	GeoB25202_R1	16.4375	3	IG-A	MGI	-13.8155105579643
LV7008886728	leiden3	0.00715355635241251	GeoB25202_R2	50.3555	5	G-A	MGI	-13.8155105579643
LV7008886728	leiden4	0.722176327296385	GeoB25202_R2	50.3555	5	G-A	MGI	-13.8155105579643
LV7008886728	leiden2	0.147997518647966	GeoB25202_R2	50.3555	5	G-A	MGI	-13.8155105579643
LV7008886728	leiden6	0.0106335012785015	GeoB25202_R2	50.3555	5	G-A	MGI	-13.8155105579643
LV7008886728	leiden1	0.0107787511536774	GeoB25202_R2	50.3555	5	G-A	MGI	-13.8155105579643
LV7008886728	grey	0.0959556987880713	GeoB25202_R2	50.3555	5	G-A	MGI	-13.8155105579643
LV7008886728	leiden5	0.0053046464829861	GeoB25202_R2	50.3555	5	G-A	MGI	-13.8155105579643
LV7008886730	leiden3	0.116081329133237	GeoB25202_R1	75.351	1	IG-D	MGI	-13.8155105579643
LV7008886730	leiden4	0.678187511443071	GeoB25202_R1	75.351	1	IG-D	MGI	-13.8155105579643
LV7008886730	leiden1	0.0144781255428123	GeoB25202_R1	75.351	1	IG-D	MGI	-13.8155105579643
LV7008886730	leiden2	0.0945087342907174	GeoB25202_R1	75.351	1	IG-D	MGI	-13.8155105579643
LV7008886730	grey	0.0790916901005113	GeoB25202_R1	75.351	1	IG-D	MGI	-13.8155105579643
LV7008886730	leiden6	0.00194074484416298	GeoB25202_R1	75.351	1	IG-D	MGI	-13.8155105579643
LV7008886730	leiden5	0.0157118646454878	GeoB25202_R1	75.351	1	IG-D	MGI	-13.8155105579643
LV7008886731	leiden2	0.0581664665716993	GeoB25202_R2	87.2825	1	IG-D	MGI	-13.8155105579643
LV7008886731	leiden3	0.126700548032123	GeoB25202_R2	87.2825	1	IG-D	MGI	-13.8155105579643
LV7008886731	leiden4	0.676982443480947	GeoB25202_R2	87.2825	1	IG-D	MGI	-13.8155105579643
LV7008886731	leiden1	0.00744602101308186	GeoB25202_R2	87.2825	1	IG-D	MGI	-13.8155105579643
LV7008886731	grey	0.103757016283376	GeoB25202_R2	87.2825	1	IG-D	MGI	-13.8155105579643
LV7008886731	leiden5	0.0263524035241597	GeoB25202_R2	87.2825	1	IG-D	MGI	-13.8155105579643
LV7008886731	leiden6	0.00059510109461278	GeoB25202_R2	87.2825	1	IG-D	MGI	-13.8155105579643
LV7008886739	leiden1	0.0635666615142616	GeoB25202_R2	16.4375	3	IG-A	MGI	-13.8155105579643
LV7008886739	leiden2	0.22104897664142	GeoB25202_R2	16.4375	3	IG-A	MGI	-13.8155105579643
LV7008886739	leiden3	0.0360687300533729	GeoB25202_R2	16.4375	3	IG-A	MGI	-13.8155105579643
LV7008886739	leiden4	0.665776929651485	GeoB25202_R2	16.4375	3	IG-A	MGI	-13.8155105579643
LV7008886739	leiden5	0.00969315154435766	GeoB25202_R2	16.4375	3	IG-A	MGI	-13.8155105579643
LV7008886739	leiden6	0.00168835980760313	GeoB25202_R2	16.4375	3	IG-A	MGI	-13.8155105579643
LV7008886739	grey	0.00215719078749966	GeoB25202_R2	16.4375	3	IG-A	MGI	-13.8155105579643
LV7008886740	leiden3	0.108824478465076	GeoB25202_R1	43.105	4	IG-B	MGI	-13.8155105579643
LV7008886740	leiden4	0.673580344292439	GeoB25202_R1	43.105	4	IG-B	MGI	-13.8155105579643
LV7008886740	leiden2	0.190887159971522	GeoB25202_R1	43.105	4	IG-B	MGI	-13.8155105579643
LV7008886740	leiden6	0.00688892189652788	GeoB25202_R1	43.105	4	IG-B	MGI	-13.8155105579643
LV7008886740	leiden1	0.0126663969145825	GeoB25202_R1	43.105	4	IG-B	MGI	-13.8155105579643
LV7008886740	grey	0.00361604376130014	GeoB25202_R1	43.105	4	IG-B	MGI	-13.8155105579643
LV7008886740	leiden5	0.00353665469855205	GeoB25202_R1	43.105	4	IG-B	MGI	-13.8155105579643
LV7008886741	leiden4	0.739686468646865	GeoB25202_R1	58.997	2	IG-E	MGI	-13.8155105579643
LV7008886741	leiden2	0.121809680968097	GeoB25202_R1	58.997	2	IG-E	MGI	-13.8155105579643
LV7008886741	grey	0.0385038503850385	GeoB25202_R1	58.997	2	IG-E	MGI	0.796004565999653
LV7008886741	leiden1	0.0635863586358636	GeoB25202_R1	58.997	2	IG-E	MGI	-13.8155105579643
LV7008886741	leiden5	0.0110836083608361	GeoB25202_R1	58.997	2	IG-E	MGI	-13.8155105579643
LV7008886741	leiden3	0.0253300330033003	GeoB25202_R1	58.997	2	IG-E	MGI	-13.8155105579643
LV7008886742	leiden1	0.0181050867242334	GeoB25202_R2	75.351	1	IG-D	MGI	-13.8155105579643
LV7008886742	leiden2	0.0991963604256147	GeoB25202_R2	75.351	1	IG-D	MGI	-13.8155105579643
LV7008886742	leiden3	0.115022971820236	GeoB25202_R2	75.351	1	IG-D	MGI	-13.8155105579643
LV7008886742	leiden4	0.687858607324045	GeoB25202_R2	75.351	1	IG-D	MGI	-13.8155105579643
LV7008886742	grey	0.0578268807710151	GeoB25202_R2	75.351	1	IG-D	MGI	-13.8155105579643
LV7008886742	leiden5	0.0194961164903249	GeoB25202_R2	75.351	1	IG-D	MGI	-13.8155105579643
LV7008886742	leiden6	0.00249397644453091	GeoB25202_R2	75.351	1	IG-D	MGI	-13.8155105579643
LV7008886743	leiden3	0.131823487077372	GeoB25202_R1	81.6705	1	IG-D	MGI	-13.8155105579643
LV7008886743	leiden4	0.659454904110406	GeoB25202_R1	81.6705	1	IG-D	MGI	-13.8155105579643
LV7008886743	grey	0.127050448777468	GeoB25202_R1	81.6705	1	IG-D	MGI	-13.8155105579643
LV7008886743	leiden1	0.00762381000324417	GeoB25202_R1	81.6705	1	IG-D	MGI	-13.8155105579643
LV7008886743	leiden5	0.0219559761795557	GeoB25202_R1	81.6705	1	IG-D	MGI	-13.8155105579643
LV7008886743	leiden2	0.0520913738519538	GeoB25202_R1	81.6705	1	IG-D	MGI	-13.8155105579643
LV7008886744	leiden3	0.188002819143326	GeoB25202_R1	105.5785	1	IG-D	MGI	-13.8155105579643
LV7008886744	leiden4	0.555620547143939	GeoB25202_R1	105.5785	1	IG-D	MGI	-13.8155105579643
LV7008886744	leiden5	0.0654012484777585	GeoB25202_R1	105.5785	1	IG-D	MGI	-13.8155105579643
LV7008886744	leiden1	0.00420234545053554	GeoB25202_R1	105.5785	1	IG-D	MGI	-13.8155105579643
LV7008886744	grey	0.148810494117196	GeoB25202_R1	105.5785	1	IG-D	MGI	-13.8155105579643
LV7008886744	leiden2	0.0376005638286651	GeoB25202_R1	105.5785	1	IG-D	MGI	-13.8155105579643
LV7008886744	leiden6	0.000361981838580072	GeoB25202_R1	105.5785	1	IG-D	MGI	-13.8155105579643
LV7008886745	leiden1	0.00938108836638288	GeoB25202_R2	136.2775	4	IG-B	MGI	-13.8155105579643
LV7008886745	leiden4	0.693766847260402	GeoB25202_R2	136.2775	4	IG-B	MGI	-13.8155105579643
LV7008886745	leiden5	0.010822279751261	GeoB25202_R2	136.2775	4	IG-B	MGI	-13.8155105579643
LV7008886745	leiden2	0.158624462889322	GeoB25202_R2	136.2775	4	IG-B	MGI	-13.8155105579643
LV7008886745	leiden3	0.120272758813953	GeoB25202_R2	136.2775	4	IG-B	MGI	-13.8155105579643
LV7008886745	grey	0.00637860631455336	GeoB25202_R2	136.2775	4	IG-B	MGI	-13.8155105579643
LV7008886745	leiden6	0.000753956604126078	GeoB25202_R2	136.2775	4	IG-B	MGI	-13.8155105579643
LV7008886751	leiden2	0.0822610955905648	GeoB25202_R1	7.1335	3	IG-A	MGI	-13.8155105579643
LV7008886751	leiden3	0.0150143285043634	GeoB25202_R1	7.1335	3	IG-A	MGI	-13.8155105579643
LV7008886751	leiden4	0.691910155237464	GeoB25202_R1	7.1335	3	IG-A	MGI	-13.8155105579643
LV7008886751	leiden5	0.146825768267043	GeoB25202_R1	7.1335	3	IG-A	MGI	-3.12382982421231
LV7008886751	leiden1	0.0592868868984188	GeoB25202_R1	7.1335	3	IG-A	MGI	-13.8155105579643
LV7008886751	grey	0.00449475821548919	GeoB25202_R1	7.1335	3	IG-A	MGI	-13.8155105579643
LV7008886752	leiden3	0.0739448278036757	GeoB25202_R2	43.105	5	G-A	MGI	-13.8155105579643
LV7008886752	leiden4	0.689557855126999	GeoB25202_R2	43.105	5	G-A	MGI	-13.8155105579643
LV7008886752	leiden5	0.0107921609022635	GeoB25202_R2	43.105	5	G-A	MGI	-13.8155105579643
LV7008886752	leiden2	0.144329057111474	GeoB25202_R2	43.105	5	G-A	MGI	-13.8155105579643
LV7008886752	leiden6	0.0126762561949158	GeoB25202_R2	43.105	5	G-A	MGI	-13.8155105579643
LV7008886752	leiden1	0.00857434161774676	GeoB25202_R2	43.105	5	G-A	MGI	-13.8155105579643
LV7008886752	grey	0.0601255012429248	GeoB25202_R2	43.105	5	G-A	MGI	-13.8155105579643
LV7008886753	leiden4	0.821454260119009	GeoB25202_R2	58.997	4	IG-B	MGI	-13.8155105579643
LV7008886753	grey	0.00704025807014102	GeoB25202_R2	58.997	4	IG-B	MGI	-13.8155105579643
LV7008886753	leiden3	0.0357462019660411	GeoB25202_R2	58.997	4	IG-B	MGI	-13.8155105579643
LV7008886753	leiden2	0.106769981908934	GeoB25202_R2	58.997	4	IG-B	MGI	-13.8155105579643
LV7008886753	leiden5	0.0047461801695765	GeoB25202_R2	58.997	4	IG-B	MGI	-13.8155105579643
LV7008886753	leiden1	0.0227010178948974	GeoB25202_R2	58.997	4	IG-B	MGI	-13.8155105579643
LV7008886753	leiden6	0.00154209987140086	GeoB25202_R2	58.997	4	IG-B	MGI	-13.8155105579643
LV7008886754	leiden3	0.138168627813508	GeoB25202_R1	71.8895	1	IG-D	MGI	-13.8155105579643
LV7008886754	leiden4	0.627237710366565	GeoB25202_R1	71.8895	1	IG-D	MGI	-13.8155105579643
LV7008886754	leiden1	0.0188278901053429	GeoB25202_R1	71.8895	1	IG-D	MGI	-13.8155105579643
LV7008886754	grey	0.0598019924019317	GeoB25202_R1	71.8895	1	IG-D	MGI	-13.8155105579643
LV7008886754	leiden5	0.048836298164754	GeoB25202_R1	71.8895	1	IG-D	MGI	-13.8155105579643
LV7008886754	leiden6	0.00324876850543442	GeoB25202_R1	71.8895	1	IG-D	MGI	-13.8155105579643
LV7008886754	leiden2	0.103878712642464	GeoB25202_R1	71.8895	1	IG-D	MGI	-13.8155105579643
LV7008886755	leiden3	0.119082532183512	GeoB25202_R2	81.6705	1	IG-D	MGI	-13.8155105579643
LV7008886755	leiden4	0.691872828172813	GeoB25202_R2	81.6705	1	IG-D	MGI	-13.8155105579643
LV7008886755	leiden1	0.00504028930977741	GeoB25202_R2	81.6705	1	IG-D	MGI	-13.8155105579643
LV7008886755	grey	0.103501170095226	GeoB25202_R2	81.6705	1	IG-D	MGI	-13.8155105579643
LV7008886755	leiden5	0.0149857058212434	GeoB25202_R2	81.6705	1	IG-D	MGI	-13.8155105579643
LV7008886755	leiden2	0.0655174744174277	GeoB25202_R2	81.6705	1	IG-D	MGI	-13.8155105579643
LV7008886756	leiden3	0.169243866088525	GeoB25202_R2	105.5785	1	IG-D	MGI	-13.8155105579643
LV7008886756	leiden4	0.589906960367721	GeoB25202_R2	105.5785	1	IG-D	MGI	-13.8155105579643
LV7008886756	grey	0.145923667951247	GeoB25202_R2	105.5785	1	IG-D	MGI	-13.8155105579643
LV7008886756	leiden1	0.00546710332752941	GeoB25202_R2	105.5785	1	IG-D	MGI	-13.8155105579643
LV7008886756	leiden5	0.0274729779917137	GeoB25202_R2	105.5785	1	IG-D	MGI	-13.8155105579643
LV7008886756	leiden2	0.0609315538920856	GeoB25202_R2	105.5785	1	IG-D	MGI	-13.8155105579643
LV7008886756	leiden6	0.00105387038117792	GeoB25202_R2	105.5785	1	IG-D	MGI	-13.8155105579643
LV7008886757	leiden3	0.216319107662464	GeoB25202_R1	123.1195	2	IG-E	MGI	-13.8155105579643
LV7008886757	leiden1	0.0155431619786615	GeoB25202_R1	123.1195	2	IG-E	MGI	-13.8155105579643
LV7008886757	leiden4	0.541658583899127	GeoB25202_R1	123.1195	2	IG-E	MGI	-13.8155105579643
LV7008886757	grey	0.0450775945683802	GeoB25202_R1	123.1195	2	IG-E	MGI	-13.8155105579643
LV7008886757	leiden5	0.057274490785645	GeoB25202_R1	123.1195	2	IG-E	MGI	-13.8155105579643
LV7008886757	leiden2	0.124127061105723	GeoB25202_R1	123.1195	2	IG-E	MGI	-13.8155105579643
LV7008886763	leiden2	0.0476157662624035	GeoB25202_R2	7.1335	3	IG-A	MGI	-13.8155105579643
LV7008886763	leiden1	0.0210963340683572	GeoB25202_R2	7.1335	3	IG-A	MGI	-13.8155105579643
LV7008886763	leiden4	0.794990352811466	GeoB25202_R2	7.1335	3	IG-A	MGI	-13.8155105579643
LV7008886763	leiden5	0.123518467475193	GeoB25202_R2	7.1335	3	IG-A	MGI	-2.64560592156775
LV7008886763	leiden3	0.00709757442116869	GeoB25202_R2	7.1335	3	IG-A	MGI	-13.8155105579643
LV7008886763	grey	0.00568150496141125	GeoB25202_R2	7.1335	3	IG-A	MGI	-13.8155105579643
LV7008886765	leiden4	0.657961128415321	GeoB25202_R1	58.181	4	IG-B	MGI	-13.8155105579643
LV7008886765	leiden1	0.0192286350554516	GeoB25202_R1	58.181	4	IG-B	MGI	-13.8155105579643
LV7008886765	leiden2	0.156169464523082	GeoB25202_R1	58.181	4	IG-B	MGI	-13.8155105579643
LV7008886765	leiden6	0.00716912172709987	GeoB25202_R1	58.181	4	IG-B	MGI	-13.8155105579643
LV7008886765	leiden3	0.0692743822890387	GeoB25202_R1	58.181	4	IG-B	MGI	-13.8155105579643
LV7008886765	leiden5	0.0164739364076461	GeoB25202_R1	58.181	4	IG-B	MGI	-13.8155105579643
LV7008886765	grey	0.0737233315823611	GeoB25202_R1	58.181	4	IG-B	MGI	-13.8155105579643
LV7008886766	leiden2	0.0858955884211857	GeoB25202_R2	71.8895	1	IG-D	MGI	-13.8155105579643
LV7008886766	leiden3	0.163755951628534	GeoB25202_R2	71.8895	1	IG-D	MGI	-13.8155105579643
LV7008886766	leiden4	0.651439767412464	GeoB25202_R2	71.8895	1	IG-D	MGI	-13.8155105579643
LV7008886766	leiden1	0.0175612017022711	GeoB25202_R2	71.8895	1	IG-D	MGI	-13.8155105579643
LV7008886766	leiden5	0.0234239244933215	GeoB25202_R2	71.8895	1	IG-D	MGI	-13.8155105579643
LV7008886766	leiden6	0.00158007837188725	GeoB25202_R2	71.8895	1	IG-D	MGI	-13.8155105579643
LV7008886766	grey	0.0563434879703367	GeoB25202_R2	71.8895	1	IG-D	MGI	-13.8155105579643
LV7008886768	leiden3	0.137457665315047	GeoB25202_R1	102.2955	1	IG-D	MGI	-13.8155105579643
LV7008886768	leiden4	0.659441333996091	GeoB25202_R1	102.2955	1	IG-D	MGI	-13.8155105579643
LV7008886768	leiden1	0.00347787728015932	GeoB25202_R1	102.2955	1	IG-D	MGI	-13.8155105579643
LV7008886768	grey	0.0920262950537744	GeoB25202_R1	102.2955	1	IG-D	MGI	-13.8155105579643
LV7008886768	leiden2	0.0863683513167505	GeoB25202_R1	102.2955	1	IG-D	MGI	-13.8155105579643
LV7008886768	leiden5	0.0193824530222849	GeoB25202_R1	102.2955	1	IG-D	MGI	-13.8155105579643
LV7008886768	leiden6	0.00184602401589339	GeoB25202_R1	102.2955	1	IG-D	MGI	-13.8155105579643
LV7008886769	leiden1	0.0211340023403425	GeoB25202_R2	123.1195	2	IG-E	MGI	-13.8155105579643
LV7008886769	leiden4	0.516736995142016	GeoB25202_R2	123.1195	2	IG-E	MGI	-13.8155105579643
LV7008886769	leiden3	0.173185348037304	GeoB25202_R2	123.1195	2	IG-E	MGI	-13.8155105579643
LV7008886769	leiden2	0.211827594766143	GeoB25202_R2	123.1195	2	IG-E	MGI	-13.8155105579643
LV7008886769	grey	0.0101414843445268	GeoB25202_R2	123.1195	2	IG-E	MGI	-13.8155105579643
LV7008886769	leiden5	0.0669745753696677	GeoB25202_R2	123.1195	2	IG-E	MGI	-13.8155105579643
LV7008886776	leiden1	0.0363832790038343	GeoB25202_R1	36.607	5	G-A	MGI	-13.8155105579643
LV7008886776	leiden2	0.20001248954001	GeoB25202_R1	36.607	5	G-A	MGI	-13.8155105579643
LV7008886776	leiden3	0.0376047560168359	GeoB25202_R1	36.607	5	G-A	MGI	-13.8155105579643
LV7008886776	leiden4	0.681649118862952	GeoB25202_R1	36.607	5	G-A	MGI	-13.8155105579643
LV7008886776	leiden5	0.0029125607303883	GeoB25202_R1	36.607	5	G-A	MGI	-13.8155105579643
LV7008886776	leiden6	0.0222576092522512	GeoB25202_R1	36.607	5	G-A	MGI	-13.8155105579643
LV7008886776	grey	0.0191801865937278	GeoB25202_R1	36.607	5	G-A	MGI	-13.8155105579643
LV7008886778	leiden2	0.0904935407837077	GeoB25202_R1	68.149	1	IG-D	MGI	-13.8155105579643
LV7008886778	leiden3	0.0956741903423567	GeoB25202_R1	68.149	1	IG-D	MGI	-13.8155105579643
LV7008886778	leiden4	0.733146527020065	GeoB25202_R1	68.149	1	IG-D	MGI	-13.8155105579643
LV7008886778	leiden1	0.0115776905765658	GeoB25202_R1	68.149	1	IG-D	MGI	-13.8155105579643
LV7008886778	grey	0.0553846125077953	GeoB25202_R1	68.149	1	IG-D	MGI	-13.8155105579643
LV7008886778	leiden5	0.0133447773236957	GeoB25202_R1	68.149	1	IG-D	MGI	-13.8155105579643
LV7008886778	leiden6	0.000378661445813547	GeoB25202_R1	68.149	1	IG-D	MGI	-13.8155105579643
LV7008886780	leiden3	0.125858970233577	GeoB25202_R2	102.2955	1	IG-D	MGI	-13.8155105579643
LV7008886780	leiden4	0.687399303293714	GeoB25202_R2	102.2955	1	IG-D	MGI	-13.8155105579643
LV7008886780	leiden2	0.0929364028473693	GeoB25202_R2	102.2955	1	IG-D	MGI	-13.8155105579643
LV7008886780	leiden1	0.00948525133113057	GeoB25202_R2	102.2955	1	IG-D	MGI	-13.8155105579643
LV7008886780	grey	0.0684731996802372	GeoB25202_R2	102.2955	1	IG-D	MGI	-13.8155105579643
LV7008886780	leiden5	0.0158468726139716	GeoB25202_R2	102.2955	1	IG-D	MGI	-13.8155105579643
LV7008886781	leiden3	0.24325302658569	GeoB25202_R1	120.0235	2	IG-E	MGI	-13.8155105579643
LV7008886781	leiden4	0.60117443590878	GeoB25202_R1	120.0235	2	IG-E	MGI	-13.8155105579643
LV7008886781	leiden2	0.140650766198769	GeoB25202_R1	120.0235	2	IG-E	MGI	-13.8155105579643
LV7008886781	leiden1	0.0102159835900736	GeoB25202_R1	120.0235	2	IG-E	MGI	-13.8155105579643
LV7008886781	grey	0.00470578771668745	GeoB25202_R1	120.0235	2	IG-E	MGI	-13.8155105579643
LV3003046936	leiden1	0.0675888164049875	ST8	22.905	3	IG-A	MFI	-10.7875938765312
LV3003046936	leiden2	0.226342027148859	ST8	22.905	3	IG-A	MFI	0
LV3003046936	leiden3	0.0310325837344991	ST8	22.905	3	IG-A	MFI	0
LV3003046936	leiden4	0.652404017895113	ST8	22.905	3	IG-A	MFI	0
LV3003046936	grey	0.00475604725534557	ST8	22.905	3	IG-A	MFI	0
LV3003046936	leiden5	0.0156151657679419	ST8	22.905	3	IG-A	MFI	-1.85859948735391
LV3003046936	leiden6	0.00226134179325361	ST8	22.905	3	IG-A	MFI	0
LV3003046937	leiden1	0.0275715531018451	ST8	18.598	3	IG-A	MFI	0
LV3003046937	leiden4	0.729887040534651	ST8	18.598	3	IG-A	MFI	0
LV3003046937	leiden2	0.203187200348685	ST8	18.598	3	IG-A	MFI	0
LV3003046937	leiden3	0.0212952201075113	ST8	18.598	3	IG-A	MFI	0
LV3003046937	leiden5	0.0143959755920384	ST8	18.598	3	IG-A	MFI	0
LV3003046937	leiden6	0.00240447479296818	ST8	18.598	3	IG-A	MFI	0
LV3003046937	grey	0.00125853552230132	ST8	18.598	3	IG-A	MFI	0
LV3003046938	leiden3	0.303806676365772	ST8	11.169	1	IG-D	MFI	0
LV3003046938	leiden4	0.531410418974653	ST8	11.169	1	IG-D	MFI	0
LV3003046938	leiden1	0.0339063813883958	ST8	11.169	1	IG-D	MFI	0
LV3003046938	leiden2	0.0849094379412982	ST8	11.169	1	IG-D	MFI	0
LV3003046938	leiden6	0.0190600766140334	ST8	11.169	1	IG-D	MFI	0
LV3003046938	grey	0.0269070087158474	ST8	11.169	1	IG-D	MFI	0
LV3003046939	leiden3	0.136189321809062	ST8	2.42	1	IG-D	MFI	0
LV3003046939	leiden4	0.802420386438417	ST8	2.42	1	IG-D	MFI	0
LV3003046939	leiden1	0.00662742083037104	ST8	2.42	1	IG-D	MFI	0
LV3003046939	leiden2	0.0446195037030558	ST8	2.42	1	IG-D	MFI	0
LV3003046939	leiden6	0.00229200770009359	ST8	2.42	1	IG-D	MFI	0
LV3003046939	grey	0.00352318084631316	ST8	2.42	1	IG-D	MFI	0
LV3003046939	leiden5	0.00432817867268749	ST8	2.42	1	IG-D	MFI	0
LV3003046949	leiden1	0.064534801475789	ST8	22.3686666666667	3	IG-A	MFI	0
LV3003046949	leiden2	0.194733038940185	ST8	22.3686666666667	3	IG-A	MFI	0
LV3003046949	leiden3	0.0313815449905374	ST8	22.3686666666667	3	IG-A	MFI	0
LV3003046949	leiden4	0.688840205692875	ST8	22.3686666666667	3	IG-A	MFI	0
LV3003046949	grey	0.00224809313528703	ST8	22.3686666666667	3	IG-A	MFI	0
LV3003046949	leiden5	0.0164454894764008	ST8	22.3686666666667	3	IG-A	MFI	9.54814683161053
LV3003046949	leiden6	0.00181682628892585	ST8	22.3686666666667	3	IG-A	MFI	0
LV3003046950	leiden1	0.057981312567371	ST8	18.099	3	IG-A	MFI	0
LV3003046950	leiden2	0.244606698666357	ST8	18.099	3	IG-A	MFI	0
LV3003046950	leiden4	0.631955219768268	ST8	18.099	3	IG-A	MFI	0
LV3003046950	leiden6	0.0102875138367242	ST8	18.099	3	IG-A	MFI	0
LV3003046950	leiden3	0.0302897373801824	ST8	18.099	3	IG-A	MFI	0
LV3003046950	leiden5	0.0211224544052746	ST8	18.099	3	IG-A	MFI	-2.4908768167745
LV3003046950	grey	0.00375706337582235	ST8	18.099	3	IG-A	MFI	0
LV3003046952	leiden3	0.303315248057641	ST8	10.26	1	IG-D	MFI	0
LV3003046952	leiden4	0.563267502929815	ST8	10.26	1	IG-D	MFI	0
LV3003046952	leiden2	0.0705169495203785	ST8	10.26	1	IG-D	MFI	0
LV3003046952	leiden6	0.00727114892139416	ST8	10.26	1	IG-D	MFI	0
LV3003046952	leiden1	0.0275897391379834	ST8	10.26	1	IG-D	MFI	0
LV3003046952	grey	0.0278084986327532	ST8	10.26	1	IG-D	MFI	0
LV3003046952	leiden5	0.000230912800034724	ST8	10.26	1	IG-D	MFI	0
LV3003046953	leiden1	0.0064390028429954	ST8	1.5215	1	IG-D	MFI	0
LV3003046953	leiden3	0.0649280889399481	ST8	1.5215	1	IG-D	MFI	0
LV3003046953	leiden4	0.874965462332129	ST8	1.5215	1	IG-D	MFI	0
LV3003046953	leiden2	0.0373811177116432	ST8	1.5215	1	IG-D	MFI	0
LV3003046953	leiden5	0.0145203626818681	ST8	1.5215	1	IG-D	MFI	0
LV3003046953	grey	0.000730289898277479	ST8	1.5215	1	IG-D	MFI	0
LV3003046953	leiden6	0.001035675593139	ST8	1.5215	1	IG-D	MFI	0
LV3003046965	leiden1	0.0665505382532902	ST8	21.8323333333333	3	IG-A	MFI	-10.6333388088761
LV3003046965	leiden2	0.214692880686631	ST8	21.8323333333333	3	IG-A	MFI	0
LV3003046965	leiden3	0.0362607476751289	ST8	21.8323333333333	3	IG-A	MFI	0
LV3003046965	leiden4	0.652748727145557	ST8	21.8323333333333	3	IG-A	MFI	0
LV3003046965	leiden5	0.0232858750558646	ST8	21.8323333333333	3	IG-A	MFI	-1.96602532518979
LV3003046965	leiden6	0.00341000159136584	ST8	21.8323333333333	3	IG-A	MFI	0
LV3003046965	grey	0.00305122959216248	ST8	21.8323333333333	3	IG-A	MFI	0
LV3003046966	leiden1	0.0731596843201466	ST8	17.373	3	IG-A	MFI	0
LV3003046966	leiden4	0.595533305730167	ST8	17.373	3	IG-A	MFI	0
LV3003046966	leiden2	0.23655412102734	ST8	17.373	3	IG-A	MFI	0
LV3003046966	grey	0.00552816150361978	ST8	17.373	3	IG-A	MFI	0
LV3003046966	leiden6	0.0251000614797807	ST8	17.373	3	IG-A	MFI	0
LV3003046966	leiden3	0.0239620581924945	ST8	17.373	3	IG-A	MFI	0
LV3003046966	leiden5	0.0401626077464524	ST8	17.373	3	IG-A	MFI	9.17018201224694
LV3003046978	leiden1	0.0567054923903407	ST8	21.296	3	IG-A	MFI	0
LV3003046978	leiden2	0.174142952509914	ST8	21.296	3	IG-A	MFI	0
LV3003046978	leiden3	0.0410158567035269	ST8	21.296	3	IG-A	MFI	0
LV3003046978	leiden4	0.685284903314752	ST8	21.296	3	IG-A	MFI	0
LV3003046978	leiden5	0.039265154211338	ST8	21.296	3	IG-A	MFI	8.64559848172924
LV3003046978	leiden6	0.00214801508664714	ST8	21.296	3	IG-A	MFI	0
LV3003046978	grey	0.00143762578348148	ST8	21.296	3	IG-A	MFI	0
LV3003046979	leiden2	0.131277610536387	ST8	16.461	3	IG-A	MFI	0
LV3003046979	leiden3	0.0831497866550346	ST8	16.461	3	IG-A	MFI	0
LV3003046979	leiden4	0.677146329335696	ST8	16.461	3	IG-A	MFI	0
LV3003046979	leiden5	0.0665112129518435	ST8	16.461	3	IG-A	MFI	-11.8417965163064
LV3003046979	leiden1	0.0259263048867396	ST8	16.461	3	IG-A	MFI	0
LV3003046979	grey	0.00902385478540746	ST8	16.461	3	IG-A	MFI	0
LV3003046979	leiden6	0.00696490084889217	ST8	16.461	3	IG-A	MFI	0
LV3003046980	leiden3	0.231435199081151	ST8	8.056	1	IG-D	MFI	0
LV3003046980	leiden4	0.669660098581995	ST8	8.056	1	IG-D	MFI	0
LV3003046980	grey	0.0184932326809202	ST8	8.056	1	IG-D	MFI	0
LV3003046980	leiden2	0.058524601256478	ST8	8.056	1	IG-D	MFI	0
LV3003046980	leiden1	0.0204450937153545	ST8	8.056	1	IG-D	MFI	0
LV3003046980	leiden5	0.000596835729640355	ST8	8.056	1	IG-D	MFI	0
LV3003046980	leiden6	0.000844938954461781	ST8	8.056	1	IG-D	MFI	0
LV3003046993	leiden1	0.0447990398981116	ST8	20.719	3	IG-A	MFI	0
LV3003046993	leiden3	0.118954664576649	ST8	20.719	3	IG-A	MFI	0
LV3003046993	leiden4	0.516279278617323	ST8	20.719	3	IG-A	MFI	0
LV3003046993	leiden5	0.207243217647587	ST8	20.719	3	IG-A	MFI	-2.96413887201396
LV3003046993	leiden2	0.101137263546336	ST8	20.719	3	IG-A	MFI	0
LV3003046993	grey	0.0109203425669663	ST8	20.719	3	IG-A	MFI	0
LV3003046993	leiden6	0.000666193147027848	ST8	20.719	3	IG-A	MFI	0
LV3003046994	leiden4	0.563438373826373	ST8	15.549	3	IG-A	MFI	0
LV3003046994	leiden1	0.0133300640115877	ST8	15.549	3	IG-A	MFI	0
LV3003046994	leiden3	0.0528363531257206	ST8	15.549	3	IG-A	MFI	0
LV3003046994	grey	0.0427539597223891	ST8	15.549	3	IG-A	MFI	0
LV3003046994	leiden5	0.260495659488232	ST8	15.549	3	IG-A	MFI	-3.69523372489854
LV3003046994	leiden2	0.0671455898256975	ST8	15.549	3	IG-A	MFI	0
LV3003046995	leiden1	0.0189651714972032	ST8	6.9705	1	IG-D	MFI	0
LV3003046995	leiden3	0.278983574895717	ST8	6.9705	1	IG-D	MFI	0
LV3003046995	leiden4	0.631589277104835	ST8	6.9705	1	IG-D	MFI	0
LV3003046995	leiden2	0.0659478816891874	ST8	6.9705	1	IG-D	MFI	0
LV3003046995	grey	0.00226558066704497	ST8	6.9705	1	IG-D	MFI	0
LV3003046995	leiden5	0.000671283160605918	ST8	6.9705	1	IG-D	MFI	0
LV3003046995	leiden6	0.0015772309854067	ST8	6.9705	1	IG-D	MFI	0
LV3003047009	leiden2	0.0767326194192605	ST8	20.142	3	IG-A	MFI	0
LV3003047009	leiden4	0.537685798040997	ST8	20.142	3	IG-A	MFI	0
LV3003047009	leiden5	0.185338474674904	ST8	20.142	3	IG-A	MFI	-3.15959825774851
LV3003047009	leiden1	0.0642046783307681	ST8	20.142	3	IG-A	MFI	0
LV3003047009	grey	0.0680987550919405	ST8	20.142	3	IG-A	MFI	0
LV3003047009	leiden3	0.067692215653536	ST8	20.142	3	IG-A	MFI	0
LV3003047010	leiden3	0.249238901097297	ST8	13.676	1	IG-D	MFI	0
LV3003047010	leiden4	0.636551729172903	ST8	13.676	1	IG-D	MFI	0
LV3003047010	leiden1	0.0260138859483256	ST8	13.676	1	IG-D	MFI	0
LV3003047010	leiden6	0.00538208260022048	ST8	13.676	1	IG-D	MFI	0
LV3003047010	grey	0.0120359486906179	ST8	13.676	1	IG-D	MFI	0
LV3003047010	leiden2	0.0704839639929037	ST8	13.676	1	IG-D	MFI	0
LV3003047010	leiden5	0.00029348849773313	ST8	13.676	1	IG-D	MFI	0
LV3003047013	leiden1	0.0121836031475954	ST8	5.885	1	IG-D	MFI	0
LV3003047013	leiden3	0.176217948928916	ST8	5.885	1	IG-D	MFI	0
LV3003047013	leiden4	0.759327762620495	ST8	5.885	1	IG-D	MFI	0
LV3003047013	leiden2	0.0400064505300295	ST8	5.885	1	IG-D	MFI	0
LV3003047013	grey	0.00819151492014178	ST8	5.885	1	IG-D	MFI	0
LV3003047013	leiden5	0.00224452116333334	ST8	5.885	1	IG-D	MFI	0
LV3003047013	leiden6	0.00182819868948926	ST8	5.885	1	IG-D	MFI	0
LV3003047026	leiden1	0.0480425790321367	ST8	19.565	3	IG-A	MFI	0
LV3003047026	leiden2	0.0833631322002181	ST8	19.565	3	IG-A	MFI	0
LV3003047026	leiden4	0.555858437784924	ST8	19.565	3	IG-A	MFI	0
LV3003047026	leiden5	0.196658521318975	ST8	19.565	3	IG-A	MFI	-2.58019151345709
LV3003047026	grey	0.0351618851395141	ST8	19.565	3	IG-A	MFI	0
LV3003047026	leiden3	0.0805362746030237	ST8	19.565	3	IG-A	MFI	0
LV3003047026	leiden6	0.00037916992120849	ST8	19.565	3	IG-A	MFI	0
LV3003047027	leiden3	0.173283232363142	ST8	12.877	1	IG-D	MFI	0
LV3003047027	leiden4	0.644947100399491	ST8	12.877	1	IG-D	MFI	0
LV3003047027	leiden1	0.0275610211159401	ST8	12.877	1	IG-D	MFI	0
LV3003047027	leiden2	0.114587448966153	ST8	12.877	1	IG-D	MFI	0
LV3003047027	leiden6	0.0145089775670574	ST8	12.877	1	IG-D	MFI	0
LV3003047027	grey	0.0241793428157513	ST8	12.877	1	IG-D	MFI	0
LV3003047027	leiden5	0.000932876772465868	ST8	12.877	1	IG-D	MFI	12.4438149962655
LV3003047028	leiden4	0.913595827023389	ST8	4.753	2	IG-E	MFI	0
LV3003047028	leiden3	0.0751304055190981	ST8	4.753	2	IG-E	MFI	0
LV3003047028	leiden2	0.011273767457513	ST8	4.753	2	IG-E	MFI	0
LV3003047041	leiden1	0.0475840127394038	ST8	19.097	3	IG-A	MFI	-11.0324193663264
LV3003047041	leiden2	0.153316146303758	ST8	19.097	3	IG-A	MFI	0
LV3003047041	leiden4	0.731841796915241	ST8	19.097	3	IG-A	MFI	0
LV3003047041	leiden3	0.0332654758035734	ST8	19.097	3	IG-A	MFI	0
LV3003047041	leiden5	0.0309825118983294	ST8	19.097	3	IG-A	MFI	-1.96611285637283
LV3003047041	leiden6	0.00113450346033525	ST8	19.097	3	IG-A	MFI	0
LV3003047041	grey	0.00187555287935915	ST8	19.097	3	IG-A	MFI	0
LV3003047044	leiden1	0.0547942307866642	ST8	12.078	5	G-A	MFI	0
LV3003047044	leiden4	0.616467580659296	ST8	12.078	5	G-A	MFI	0
LV3003047044	leiden2	0.230913579650016	ST8	12.078	5	G-A	MFI	0
LV3003047044	leiden6	0.0609194117167127	ST8	12.078	5	G-A	MFI	0
LV3003047044	leiden3	0.0285378434649124	ST8	12.078	5	G-A	MFI	0
LV3003047044	grey	0.00270148581719946	ST8	12.078	5	G-A	MFI	0
LV3003047044	leiden5	0.00566586790520021	ST8	12.078	5	G-A	MFI	0
LV3003047045	leiden1	0.00964934970253997	ST8	3.5865	1	IG-D	MFI	0
LV3003047045	leiden3	0.190753921608771	ST8	3.5865	1	IG-D	MFI	0
LV3003047045	leiden4	0.731214377950507	ST8	3.5865	1	IG-D	MFI	0
LV3003047045	leiden2	0.0615602944539708	ST8	3.5865	1	IG-D	MFI	0
LV3003047045	leiden6	0.00252369144052148	ST8	3.5865	1	IG-D	MFI	0
LV3003047045	grey	0.00393883618576047	ST8	3.5865	1	IG-D	MFI	0
LV3003047045	leiden5	0.000359528657929455	ST8	3.5865	1	IG-D	MFI	0
LV3003047059	leiden4	0.41034057752289	ST8	107.683	2	IG-E	MFI	0
LV3003047059	leiden1	0.102399637790522	ST8	107.683	2	IG-E	MFI	0
LV3003047059	leiden5	0.194825938223161	ST8	107.683	2	IG-E	MFI	0
LV3003047059	grey	0.0767682865479425	ST8	107.683	2	IG-E	MFI	0
LV3003047059	leiden2	0.0952309085421068	ST8	107.683	2	IG-E	MFI	0
LV3003047059	leiden3	0.120434651373378	ST8	107.683	2	IG-E	MFI	0
LV3003047060	leiden4	0.736343509175288	ST8	106.686	2	IG-E	MFI	0
LV3003047060	leiden2	0.156001192148848	ST8	106.686	2	IG-E	MFI	0
LV3003047060	leiden3	0.0793630519010517	ST8	106.686	2	IG-E	MFI	0
LV3003047060	grey	0.00261846979179972	ST8	106.686	2	IG-E	MFI	0
LV3003047060	leiden5	0.0146038233916635	ST8	106.686	2	IG-E	MFI	0
LV3003047060	leiden1	0.0110699535913484	ST8	106.686	2	IG-E	MFI	0
LV3003047061	leiden4	0.521830789159534	ST8	105.689	2	IG-E	MFI	0
LV3003047061	leiden3	0.106931497802951	ST8	105.689	2	IG-E	MFI	0
LV3003047061	leiden2	0.117294455309746	ST8	105.689	2	IG-E	MFI	0
LV3003047061	leiden5	0.159965456808311	ST8	105.689	2	IG-E	MFI	0
LV3003047061	leiden1	0.0551675090802875	ST8	105.689	2	IG-E	MFI	0
LV3003047061	grey	0.038810291839171	ST8	105.689	2	IG-E	MFI	0
LV3003047062	leiden1	0.0603264185478951	ST8	104.692	2	IG-E	MFI	0
LV3003047062	leiden5	0.239043115720968	ST8	104.692	2	IG-E	MFI	0
LV3003047062	leiden4	0.44727476103315	ST8	104.692	2	IG-E	MFI	0
LV3003047062	grey	0.04220052877771	ST8	104.692	2	IG-E	MFI	0
LV3003047062	leiden2	0.0929174293268253	ST8	104.692	2	IG-E	MFI	0
LV3003047062	leiden3	0.111373805165751	ST8	104.692	2	IG-E	MFI	0
LV3003047062	leiden6	0.00686394142769982	ST8	104.692	2	IG-E	MFI	0
LV3003047063	leiden1	0.175253961804145	ST8	103.695	2	IG-E	MFI	0
LV3003047063	leiden5	0.251279967492889	ST8	103.695	2	IG-E	MFI	0
LV3003047063	leiden3	0.149776513612353	ST8	103.695	2	IG-E	MFI	0
LV3003047063	leiden4	0.2503860219423	ST8	103.695	2	IG-E	MFI	0
LV3003047063	grey	0.0818366517675742	ST8	103.695	2	IG-E	MFI	0
LV3003047063	leiden2	0.0914668833807395	ST8	103.695	2	IG-E	MFI	0
LV3003047064	leiden4	0.366758747697974	ST8	96.283	2	IG-E	MFI	0
LV3003047064	grey	0.0900092081031307	ST8	96.283	2	IG-E	MFI	0
LV3003047064	leiden5	0.195303867403315	ST8	96.283	2	IG-E	MFI	0
LV3003047064	leiden3	0.268324125230203	ST8	96.283	2	IG-E	MFI	0
LV3003047064	leiden1	0.0566298342541437	ST8	96.283	2	IG-E	MFI	0
LV3003047064	leiden2	0.0229742173112339	ST8	96.283	2	IG-E	MFI	0
LV3003047065	leiden4	0.729876493681405	ST8	53.61018	2	IG-E	MFI	0
LV3003047065	leiden5	0.0313637275410494	ST8	53.61018	2	IG-E	MFI	12.2902533868823
LV3003047065	leiden3	0.0316144654268275	ST8	53.61018	2	IG-E	MFI	0
LV3003047065	leiden2	0.141530790612374	ST8	53.61018	2	IG-E	MFI	0
LV3003047065	grey	0.0141416167578875	ST8	53.61018	2	IG-E	MFI	0
LV3003047065	leiden1	0.0514729059804568	ST8	53.61018	2	IG-E	MFI	0
LV3003047067	leiden4	0.73902937240262	ST8	42.86602	4	IG-B	MFI	0
LV3003047067	leiden1	0.013784060554505	ST8	42.86602	4	IG-B	MFI	0
LV3003047067	leiden2	0.193759786737176	ST8	42.86602	4	IG-B	MFI	0
LV3003047067	leiden5	0.0147214200183137	ST8	42.86602	4	IG-B	MFI	11.3794466499634
LV3003047067	leiden6	0.00831432426135532	ST8	42.86602	4	IG-B	MFI	0
LV3003047067	leiden3	0.0285434084123948	ST8	42.86602	4	IG-B	MFI	0
LV3003047067	grey	0.00184762761363452	ST8	42.86602	4	IG-B	MFI	0
LV3003047068	leiden4	0.774593772242593	ST8	37.78969	4	IG-B	MFI	0
LV3003047068	leiden2	0.179458722807112	ST8	37.78969	4	IG-B	MFI	0
LV3003047068	leiden3	0.0240582633657956	ST8	37.78969	4	IG-B	MFI	0
LV3003047068	leiden1	0.0127206549568726	ST8	37.78969	4	IG-B	MFI	0
LV3003047068	leiden6	0.00523196389236525	ST8	37.78969	4	IG-B	MFI	0
LV3003047068	leiden5	0.00393662273526128	ST8	37.78969	4	IG-B	MFI	0
LV3003047069	leiden4	0.730071652063903	ST8	33.7436870748299	4	IG-B	MFI	0
LV3003047069	leiden1	0.0115177962942742	ST8	33.7436870748299	4	IG-B	MFI	0
LV3003047069	leiden2	0.218936025211888	ST8	33.7436870748299	4	IG-B	MFI	0
LV3003047069	leiden6	0.00945069261151629	ST8	33.7436870748299	4	IG-B	MFI	0
LV3003047069	leiden3	0.0191084721129264	ST8	33.7436870748299	4	IG-B	MFI	0
LV3003047069	grey	0.00241350357130755	ST8	33.7436870748299	4	IG-B	MFI	0
LV3003047069	leiden5	0.00850185813418477	ST8	33.7436870748299	4	IG-B	MFI	0
LV3003047070	leiden4	0.684001162975102	ST8	30.128	5	G-A	MFI	0
LV3003047070	leiden1	0.0256977850610562	ST8	30.128	5	G-A	MFI	0
LV3003047070	leiden2	0.187665195326955	ST8	30.128	5	G-A	MFI	0
LV3003047070	leiden6	0.0537413437648676	ST8	30.128	5	G-A	MFI	0
LV3003047070	leiden5	0.0200514087857483	ST8	30.128	5	G-A	MFI	0
LV3003047070	leiden3	0.0263255273034836	ST8	30.128	5	G-A	MFI	0
LV3003047070	grey	0.00251757678278797	ST8	30.128	5	G-A	MFI	0
LV3003047071	leiden1	0.0515240520427732	ST8	26.141	5	G-A	MFI	0
LV3003047071	leiden3	0.0201829670847873	ST8	26.141	5	G-A	MFI	0
LV3003047071	leiden4	0.581205678536623	ST8	26.141	5	G-A	MFI	0
LV3003047071	leiden2	0.290198640995585	ST8	26.141	5	G-A	MFI	0
LV3003047071	leiden6	0.0328680562105065	ST8	26.141	5	G-A	MFI	0
LV3003047071	grey	0.00497388430048998	ST8	26.141	5	G-A	MFI	0
LV3003047071	leiden5	0.0190467208292352	ST8	26.141	5	G-A	MFI	0
LV3003047073	leiden5	0.345617095508068	ST8	101.685	2	IG-E	MFI	-13.8398860737869
LV3003047073	leiden3	0.234845180985608	ST8	101.685	2	IG-E	MFI	0
LV3003047073	leiden1	0.134976013955517	ST8	101.685	2	IG-E	MFI	0
LV3003047073	grey	0.0985608373310074	ST8	101.685	2	IG-E	MFI	0
LV3003047073	leiden4	0.186000872219799	ST8	101.685	2	IG-E	MFI	0
LV3003047074	leiden5	0.397179644389945	ST8	100.672	2	IG-E	MFI	0
LV3003047074	leiden3	0.183936235438381	ST8	100.672	2	IG-E	MFI	0
LV3003047074	leiden2	0.0131207847946045	ST8	100.672	2	IG-E	MFI	0
LV3003047074	leiden1	0.0955242182709994	ST8	100.672	2	IG-E	MFI	0
LV3003047074	grey	0.0982219497240956	ST8	100.672	2	IG-E	MFI	0
LV3003047074	leiden4	0.212017167381974	ST8	100.672	2	IG-E	MFI	0
LV3003047077	leiden4	0.540474279143434	ST8	99.7145	2	IG-E	MFI	0
LV3003047077	grey	0.154173265930442	ST8	99.7145	2	IG-E	MFI	0
LV3003047077	leiden2	0.161832027944718	ST8	99.7145	2	IG-E	MFI	0
LV3003047077	leiden3	0.110997808682823	ST8	99.7145	2	IG-E	MFI	0
LV3003047077	leiden5	0.0272287431385737	ST8	99.7145	2	IG-E	MFI	0
LV3003047077	leiden1	0.00529387516000955	ST8	99.7145	2	IG-E	MFI	0
LV3003047078	grey	0.114213197969543	ST8	98.757	2	IG-E	MFI	0
LV3003047078	leiden2	0.0963720513586145	ST8	98.757	2	IG-E	MFI	0
LV3003047078	leiden3	0.185204538668259	ST8	98.757	2	IG-E	MFI	0
LV3003047078	leiden4	0.37249925350851	ST8	98.757	2	IG-E	MFI	0
LV3003047078	leiden5	0.231710958495073	ST8	98.757	2	IG-E	MFI	0
LV3003047079	leiden3	0.199708471809224	ST8	97.52	1	IG-D	MFI	0
LV3003047079	leiden4	0.530482187627544	ST8	97.52	1	IG-D	MFI	0
LV3003047079	grey	0.0837094046994345	ST8	97.52	1	IG-D	MFI	0
LV3003047079	leiden5	0.105894700017492	ST8	97.52	1	IG-D	MFI	0
LV3003047079	leiden2	0.062451169028045	ST8	97.52	1	IG-D	MFI	0
LV3003047079	leiden1	0.0167395487143607	ST8	97.52	1	IG-D	MFI	0
LV3003047079	leiden6	0.00101451810390065	ST8	97.52	1	IG-D	MFI	0
LV3003047080	leiden4	0.71049988903684	ST8	87.9935	1	IG-D	MFI	0
LV3003047080	leiden1	0.00652185974256547	ST8	87.9935	1	IG-D	MFI	0
LV3003047080	leiden3	0.0854471815357301	ST8	87.9935	1	IG-D	MFI	0
LV3003047080	leiden5	0.0809420772303595	ST8	87.9935	1	IG-D	MFI	0
LV3003047080	grey	0.038598535286285	ST8	87.9935	1	IG-D	MFI	0
LV3003047080	leiden2	0.0779904571682202	ST8	87.9935	1	IG-D	MFI	0
LV3003047081	leiden4	0.709164102347932	ST8	52.20718	4	IG-B	MFI	0
LV3003047081	leiden2	0.204295409518189	ST8	52.20718	4	IG-B	MFI	0
LV3003047081	leiden6	0.00877137517739465	ST8	52.20718	4	IG-B	MFI	0
LV3003047081	leiden3	0.0321347777824615	ST8	52.20718	4	IG-B	MFI	0
LV3003047081	leiden5	0.00941772400904888	ST8	52.20718	4	IG-B	MFI	0
LV3003047081	leiden1	0.0312460481389369	ST8	52.20718	4	IG-B	MFI	0
LV3003047081	grey	0.00497056302603662	ST8	52.20718	4	IG-B	MFI	0
LV3003047082	leiden4	0.804272810061779	ST8	41.9168333333333	4	IG-B	MFI	0
LV3003047082	leiden6	0.0037510152846489	ST8	41.9168333333333	4	IG-B	MFI	0
LV3003047082	leiden2	0.140367717640109	ST8	41.9168333333333	4	IG-B	MFI	0
LV3003047082	leiden3	0.02979152821876	ST8	41.9168333333333	4	IG-B	MFI	0
LV3003047082	leiden1	0.0132811538556204	ST8	41.9168333333333	4	IG-B	MFI	0
LV3003047082	leiden5	0.00761032759851338	ST8	41.9168333333333	4	IG-B	MFI	0
LV3003047082	grey	0.000925447340569544	ST8	41.9168333333333	4	IG-B	MFI	0
LV3003047083	leiden1	0.0151838688941267	ST8	37.30319	4	IG-B	MFI	0
LV3003047083	leiden4	0.747999497565409	ST8	37.30319	4	IG-B	MFI	0
LV3003047083	leiden6	0.00895515771274041	ST8	37.30319	4	IG-B	MFI	0
LV3003047083	leiden2	0.193610953074087	ST8	37.30319	4	IG-B	MFI	0
LV3003047083	leiden3	0.0281732808239927	ST8	37.30319	4	IG-B	MFI	0
LV3003047083	leiden5	0.00567086101033685	ST8	37.30319	4	IG-B	MFI	0
LV3003047083	grey	0.000406380919307527	ST8	37.30319	4	IG-B	MFI	0
LV3003047084	leiden1	0.0240780443961764	ST8	33.276	5	G-A	MFI	0
LV3003047084	leiden3	0.082725561973954	ST8	33.276	5	G-A	MFI	0
LV3003047084	leiden4	0.679709018734026	ST8	33.276	5	G-A	MFI	0
LV3003047084	leiden6	0.010695527614197	ST8	33.276	5	G-A	MFI	0
LV3003047084	leiden2	0.192839688796098	ST8	33.276	5	G-A	MFI	0
LV3003047084	grey	0.00256153392440854	ST8	33.276	5	G-A	MFI	0
LV3003047084	leiden5	0.00739062456114071	ST8	33.276	5	G-A	MFI	0
LV3003047085	leiden1	0.0477365585566041	ST8	29.703	5	G-A	MFI	0
LV3003047085	leiden2	0.214378367140326	ST8	29.703	5	G-A	MFI	0
LV3003047085	leiden4	0.602155421773873	ST8	29.703	5	G-A	MFI	0
LV3003047085	leiden6	0.0562425425751166	ST8	29.703	5	G-A	MFI	0
LV3003047085	grey	0.0145148606139495	ST8	29.703	5	G-A	MFI	0
LV3003047085	leiden3	0.0223202986585674	ST8	29.703	5	G-A	MFI	0
LV3003047085	leiden5	0.0426519506815634	ST8	29.703	5	G-A	MFI	0
LV3003047087	leiden4	0.639679559940627	ST8	94.9015	2	IG-E	MFI	0
LV3003047087	grey	0.0689339037806688	ST8	94.9015	2	IG-E	MFI	0
LV3003047087	leiden2	0.164236444599668	ST8	94.9015	2	IG-E	MFI	0
LV3003047087	leiden3	0.06762420326552	ST8	94.9015	2	IG-E	MFI	0
LV3003047087	leiden5	0.0569064873832184	ST8	94.9015	2	IG-E	MFI	0
LV3003047087	leiden1	0.00261940103029774	ST8	94.9015	2	IG-E	MFI	0
LV3003047088	leiden3	0.109364810225642	ST8	93.52	2	IG-E	MFI	0
LV3003047088	leiden4	0.652189035259337	ST8	93.52	2	IG-E	MFI	0
LV3003047088	leiden5	0.0909308290943872	ST8	93.52	2	IG-E	MFI	0
LV3003047088	leiden2	0.0264336333202904	ST8	93.52	2	IG-E	MFI	0
LV3003047088	leiden1	0.0449545671927308	ST8	93.52	2	IG-E	MFI	0
LV3003047088	grey	0.0761271249076127	ST8	93.52	2	IG-E	MFI	0
LV3003047089	leiden4	0.560686434051187	ST8	92.1385	2	IG-E	MFI	0
LV3003047089	leiden3	0.177906460680094	ST8	92.1385	2	IG-E	MFI	0
LV3003047089	grey	0.12903748476587	ST8	92.1385	2	IG-E	MFI	0
LV3003047089	leiden5	0.102091566808265	ST8	92.1385	2	IG-E	MFI	0
LV3003047089	leiden1	0.00535396016935421	ST8	92.1385	2	IG-E	MFI	0
LV3003047089	leiden2	0.0249240935252305	ST8	92.1385	2	IG-E	MFI	0
LV3003047090	leiden1	0.0103750997605746	ST8	90.757	2	IG-E	MFI	0
LV3003047090	leiden3	0.117780962054705	ST8	90.757	2	IG-E	MFI	0
LV3003047090	leiden4	0.665584415584416	ST8	90.757	2	IG-E	MFI	0
LV3003047090	grey	0.0645360226365813	ST8	90.757	2	IG-E	MFI	0
LV3003047090	leiden2	0.023652325328303	ST8	90.757	2	IG-E	MFI	0
LV3003047090	leiden5	0.116075963143002	ST8	90.757	2	IG-E	MFI	0
LV3003047090	leiden6	0.0019952114924182	ST8	90.757	2	IG-E	MFI	0
LV3003047091	leiden4	0.686357682792155	ST8	89.37525	1	IG-D	MFI	0
LV3003047091	leiden5	0.0699922097711727	ST8	89.37525	1	IG-D	MFI	0
LV3003047091	grey	0.031880013354678	ST8	89.37525	1	IG-D	MFI	0
LV3003047091	leiden3	0.122905840959482	ST8	89.37525	1	IG-D	MFI	0
LV3003047091	leiden2	0.0515439206252729	ST8	89.37525	1	IG-D	MFI	0
LV3003047091	leiden1	0.0373203324972392	ST8	89.37525	1	IG-D	MFI	0
LV3003047093	leiden3	0.103283772177436	ST8	79.675	1	IG-D	MFI	0
LV3003047093	leiden4	0.693386167648168	ST8	79.675	1	IG-D	MFI	0
LV3003047093	leiden1	0.00465288015689758	ST8	79.675	1	IG-D	MFI	0
LV3003047093	grey	0.0385287373544135	ST8	79.675	1	IG-D	MFI	0
LV3003047093	leiden5	0.071607263737234	ST8	79.675	1	IG-D	MFI	0
LV3003047093	leiden2	0.0882334841483678	ST8	79.675	1	IG-D	MFI	0
LV3003047094	leiden4	0.805451258517591	ST8	50.6848	4	IG-B	MFI	0
LV3003047094	leiden5	0.0112040302903882	ST8	50.6848	4	IG-B	MFI	0
LV3003047094	leiden2	0.114325356190187	ST8	50.6848	4	IG-B	MFI	0
LV3003047094	leiden6	0.00223448502547376	ST8	50.6848	4	IG-B	MFI	0
LV3003047094	leiden3	0.0603247746551877	ST8	50.6848	4	IG-B	MFI	0
LV3003047094	grey	0.000410867119252601	ST8	50.6848	4	IG-B	MFI	0
LV3003047094	leiden1	0.00604922820191907	ST8	50.6848	4	IG-B	MFI	0
LV3003047095	leiden4	0.823780739675663	ST8	40.9751666666667	4	IG-B	MFI	0
LV3003047095	leiden1	0.0106041830238476	ST8	40.9751666666667	4	IG-B	MFI	0
LV3003047095	leiden2	0.130387621831437	ST8	40.9751666666667	4	IG-B	MFI	0
LV3003047095	leiden6	0.0015103787298314	ST8	40.9751666666667	4	IG-B	MFI	0
LV3003047095	leiden3	0.0289399916125106	ST8	40.9751666666667	4	IG-B	MFI	0
LV3003047095	leiden5	0.004777085126711	ST8	40.9751666666667	4	IG-B	MFI	0
LV3003047096	leiden1	0.0181585728479747	ST8	36.89377	5	G-A	MFI	0
LV3003047096	leiden4	0.777931653800588	ST8	36.89377	5	G-A	MFI	0
LV3003047096	leiden2	0.146274787714202	ST8	36.89377	5	G-A	MFI	0
LV3003047096	leiden6	0.0244392391071103	ST8	36.89377	5	G-A	MFI	0
LV3003047096	leiden3	0.0225458427326939	ST8	36.89377	5	G-A	MFI	0
LV3003047096	leiden5	0.0106499037974318	ST8	36.89377	5	G-A	MFI	0
LV3003047097	leiden1	0.0239862146073559	ST8	32.835	5	G-A	MFI	0
LV3003047097	leiden4	0.69073171930385	ST8	32.835	5	G-A	MFI	0
LV3003047097	leiden2	0.188520158986614	ST8	32.835	5	G-A	MFI	0
LV3003047097	leiden6	0.0424312419754148	ST8	32.835	5	G-A	MFI	0
LV3003047097	leiden3	0.0314379442318207	ST8	32.835	5	G-A	MFI	0
LV3003047097	leiden5	0.00844693176722099	ST8	32.835	5	G-A	MFI	0
LV3003047097	grey	0.0144457891277238	ST8	32.835	5	G-A	MFI	0
LV3003047098	leiden4	0.679412195360037	ST8	29.278	5	G-A	MFI	0
LV3003047098	leiden3	0.0252497315589106	ST8	29.278	5	G-A	MFI	0
LV3003047098	leiden2	0.161922851657827	ST8	29.278	5	G-A	MFI	0
LV3003047098	leiden6	0.0616112973025738	ST8	29.278	5	G-A	MFI	0
LV3003047098	grey	0.0151384505254938	ST8	29.278	5	G-A	MFI	0
LV3003047098	leiden5	0.0194985845833469	ST8	29.278	5	G-A	MFI	0
LV3003047098	leiden1	0.0371668890118114	ST8	29.278	5	G-A	MFI	0
LV3003047099	leiden4	0.671455921523158	ST8	25.058	3	IG-A	MFI	0
LV3003047099	leiden1	0.0578196937187847	ST8	25.058	3	IG-A	MFI	-12.0358404840799
LV3003047099	leiden2	0.204836270835948	ST8	25.058	3	IG-A	MFI	0
LV3003047099	leiden6	0.00597660755801792	ST8	25.058	3	IG-A	MFI	0
LV3003047099	leiden3	0.0351105772008359	ST8	25.058	3	IG-A	MFI	0
LV3003047099	leiden5	0.0202646840267194	ST8	25.058	3	IG-A	MFI	0
LV3003047099	grey	0.0045362451365356	ST8	25.058	3	IG-A	MFI	0
LV3003047100	leiden3	0.115572961501957	ST8	86.61175	1	IG-D	MFI	0
LV3003047100	leiden4	0.694494108150208	ST8	86.61175	1	IG-D	MFI	0
LV3003047100	leiden5	0.0734675987677094	ST8	86.61175	1	IG-D	MFI	0
LV3003047100	grey	0.033336171259377	ST8	86.61175	1	IG-D	MFI	0
LV3003047100	leiden2	0.074517631403859	ST8	86.61175	1	IG-D	MFI	0
LV3003047100	leiden1	0.0081984530149811	ST8	86.61175	1	IG-D	MFI	0
LV3003047100	leiden6	0.000413075901908663	ST8	86.61175	1	IG-D	MFI	0
LV3003047101	leiden4	0.784229019065722	ST8	85.23	1	IG-D	MFI	0
LV3003047101	leiden1	0.00996966380584836	ST8	85.23	1	IG-D	MFI	0
LV3003047101	grey	0.0213169364283931	ST8	85.23	1	IG-D	MFI	0
LV3003047101	leiden2	0.0820469251003206	ST8	85.23	1	IG-D	MFI	0
LV3003047101	leiden3	0.0704548509110458	ST8	85.23	1	IG-D	MFI	0
LV3003047101	leiden5	0.03198260468867	ST8	85.23	1	IG-D	MFI	0
LV3003047104	leiden4	0.788166470534987	ST8	83.84125	2	IG-E	MFI	0
LV3003047104	leiden5	0.0706300353037024	ST8	83.84125	2	IG-E	MFI	0
LV3003047104	grey	0.0449895899339187	ST8	83.84125	2	IG-E	MFI	0
LV3003047104	leiden2	0.0366615370688875	ST8	83.84125	2	IG-E	MFI	0
LV3003047104	leiden3	0.0538720919706708	ST8	83.84125	2	IG-E	MFI	0
LV3003047104	leiden1	0.0056802751878338	ST8	83.84125	2	IG-E	MFI	0
LV3003047105	leiden4	0.678319761348061	ST8	82.4525	2	IG-E	MFI	0
LV3003047105	leiden5	0.100104813351608	ST8	82.4525	2	IG-E	MFI	0
LV3003047105	grey	0.0564863339514634	ST8	82.4525	2	IG-E	MFI	0
LV3003047105	leiden2	0.0297669918568088	ST8	82.4525	2	IG-E	MFI	0
LV3003047105	leiden3	0.135322099492058	ST8	82.4525	2	IG-E	MFI	0
LV3003047106	leiden3	0.0858510667736669	ST8	81.06375	2	IG-E	MFI	0
LV3003047106	leiden4	0.698851592550571	ST8	81.06375	2	IG-E	MFI	0
LV3003047106	leiden1	0.00277278135982511	ST8	81.06375	2	IG-E	MFI	0
LV3003047106	leiden5	0.0935329440739408	ST8	81.06375	2	IG-E	MFI	0
LV3003047106	grey	0.0598776876885187	ST8	81.06375	2	IG-E	MFI	0
LV3003047106	leiden2	0.0576694246893765	ST8	81.06375	2	IG-E	MFI	0
LV3003047106	leiden6	0.00144450286410051	ST8	81.06375	2	IG-E	MFI	0
LV3003047107	leiden4	0.727265814259177	ST8	71.517	1	IG-D	MFI	0
LV3003047107	leiden3	0.0598350949996198	ST8	71.517	1	IG-D	MFI	0
LV3003047107	leiden5	0.0454738031351504	ST8	71.517	1	IG-D	MFI	0
LV3003047107	leiden2	0.138804094742522	ST8	71.517	1	IG-D	MFI	0
LV3003047107	grey	0.0200355592249393	ST8	71.517	1	IG-D	MFI	0
LV3003047107	leiden1	0.00719150923924261	ST8	71.517	1	IG-D	MFI	0
LV3003047107	leiden6	0.00139412439934965	ST8	71.517	1	IG-D	MFI	0
LV3003047110	leiden1	0.00909806765200741	ST8	49.1548	4	IG-B	MFI	0
LV3003047110	leiden4	0.763325609984081	ST8	49.1548	4	IG-B	MFI	0
LV3003047110	leiden6	0.00525149982155098	ST8	49.1548	4	IG-B	MFI	0
LV3003047110	leiden2	0.153766407396287	ST8	49.1548	4	IG-B	MFI	0
LV3003047110	leiden5	0.0112167957353516	ST8	49.1548	4	IG-B	MFI	0
LV3003047110	leiden3	0.0573416194107217	ST8	49.1548	4	IG-B	MFI	0
LV3003047112	leiden4	0.717683027801459	ST8	40.0335	4	IG-B	MFI	0
LV3003047112	leiden2	0.22858159203675	ST8	40.0335	4	IG-B	MFI	0
LV3003047112	leiden6	0.00421039074143356	ST8	40.0335	4	IG-B	MFI	0
LV3003047112	leiden3	0.0224288404099381	ST8	40.0335	4	IG-B	MFI	0
LV3003047112	leiden5	0.00376573913363467	ST8	40.0335	4	IG-B	MFI	0
LV3003047112	leiden1	0.0219995216162013	ST8	40.0335	4	IG-B	MFI	0
LV3003047112	grey	0.00133088826058424	ST8	40.0335	4	IG-B	MFI	0
LV3003047113	leiden1	0.0255930075498801	ST8	36.48927	5	G-A	MFI	0
LV3003047113	leiden4	0.74020639768036	ST8	36.48927	5	G-A	MFI	0
LV3003047113	leiden2	0.17669538910554	ST8	36.48927	5	G-A	MFI	0
LV3003047113	leiden6	0.0227772813954419	ST8	36.48927	5	G-A	MFI	0
LV3003047113	leiden3	0.0246747531476885	ST8	36.48927	5	G-A	MFI	0
LV3003047113	leiden5	0.0084605141081597	ST8	36.48927	5	G-A	MFI	0
LV3003047113	grey	0.00159265701292986	ST8	36.48927	5	G-A	MFI	0
LV3003047114	leiden3	0.0322884697696868	ST8	32.3855	5	G-A	MFI	0
LV3003047114	leiden4	0.72523609605945	ST8	32.3855	5	G-A	MFI	0
LV3003047114	leiden6	0.039282559399674	ST8	32.3855	5	G-A	MFI	0
LV3003047114	grey	0.00104729206699026	ST8	32.3855	5	G-A	MFI	0
LV3003047114	leiden2	0.189883158632874	ST8	32.3855	5	G-A	MFI	0
LV3003047114	leiden5	0.00477200907045999	ST8	32.3855	5	G-A	MFI	0
LV3003047114	leiden1	0.00749041500086516	ST8	32.3855	5	G-A	MFI	0
LV3003047117	leiden1	0.0243973578107575	ST8	28.7616666666667	5	G-A	MFI	0
LV3003047117	leiden4	0.687875096508536	ST8	28.7616666666667	5	G-A	MFI	0
LV3003047117	leiden6	0.0234194046495668	ST8	28.7616666666667	5	G-A	MFI	0
LV3003047117	leiden2	0.220187012095736	ST8	28.7616666666667	5	G-A	MFI	0
LV3003047117	leiden5	0.0100712018529639	ST8	28.7616666666667	5	G-A	MFI	0
LV3003047117	leiden3	0.0290640816676675	ST8	28.7616666666667	5	G-A	MFI	0
LV3003047117	grey	0.00498584541477224	ST8	28.7616666666667	5	G-A	MFI	0
LV3003047118	leiden1	0.0700427752549014	ST8	24.528	3	IG-A	MFI	0
LV3003047118	leiden2	0.221388082023029	ST8	24.528	3	IG-A	MFI	0
LV3003047118	leiden4	0.653007526202306	ST8	24.528	3	IG-A	MFI	0
LV3003047118	leiden5	0.0147796612224056	ST8	24.528	3	IG-A	MFI	-11.8941079645938
LV3003047118	grey	0.00141978086583904	ST8	24.528	3	IG-A	MFI	0
LV3003047118	leiden6	0.00458436180319746	ST8	24.528	3	IG-A	MFI	0
LV3003047118	leiden3	0.034777812628322	ST8	24.528	3	IG-A	MFI	0
LV3003047122	leiden4	0.756766667430615	ST8	76.951	2	IG-E	MFI	0
LV3003047122	leiden2	0.103980931863498	ST8	76.951	2	IG-E	MFI	0
LV3003047122	leiden3	0.0619026883322256	ST8	76.951	2	IG-E	MFI	0
LV3003047122	leiden5	0.0436825338619852	ST8	76.951	2	IG-E	MFI	0
LV3003047122	leiden1	0.00786102262049366	ST8	76.951	2	IG-E	MFI	0
LV3003047122	grey	0.0258061558911833	ST8	76.951	2	IG-E	MFI	0
LV3003047123	leiden4	0.759338334295057	ST8	75.589	2	IG-E	MFI	0
LV3003047123	leiden3	0.0551644547028275	ST8	75.589	2	IG-E	MFI	0
LV3003047123	leiden1	0.0578188113098673	ST8	75.589	2	IG-E	MFI	0
LV3003047123	leiden2	0.0899788420850164	ST8	75.589	2	IG-E	MFI	0
LV3003047123	leiden5	0.0211963839199846	ST8	75.589	2	IG-E	MFI	0
LV3003047123	grey	0.0165031736872475	ST8	75.589	2	IG-E	MFI	0
LV3003047124	leiden3	0.0496229347763514	ST8	74.227	2	IG-E	MFI	0
LV3003047124	leiden1	0.0447153301479477	ST8	74.227	2	IG-E	MFI	0
LV3003047124	leiden4	0.763744171320016	ST8	74.227	2	IG-E	MFI	0
LV3003047124	leiden2	0.083932991767889	ST8	74.227	2	IG-E	MFI	0
LV3003047124	leiden5	0.032654999712164	ST8	74.227	2	IG-E	MFI	0
LV3003047124	grey	0.0253295722756318	ST8	74.227	2	IG-E	MFI	0
LV3003047125	leiden4	0.793503997325831	ST8	72.872	2	IG-E	MFI	0
LV3003047125	leiden3	0.0754802826448276	ST8	72.872	2	IG-E	MFI	0
LV3003047125	leiden1	0.0058126038794024	ST8	72.872	2	IG-E	MFI	0
LV3003047125	leiden2	0.0676806224871631	ST8	72.872	2	IG-E	MFI	0
LV3003047125	leiden5	0.0360641429194871	ST8	72.872	2	IG-E	MFI	0
LV3003047125	grey	0.021458350743289	ST8	72.872	2	IG-E	MFI	0
LV3003047126	leiden4	0.73531741541247	ST8	64.210824	4	IG-B	MFI	0
LV3003047126	leiden5	0.0118252800724228	ST8	64.210824	4	IG-B	MFI	0
LV3003047126	grey	0.00705367583267323	ST8	64.210824	4	IG-B	MFI	0
LV3003047126	leiden3	0.027032803993311	ST8	64.210824	4	IG-B	MFI	0
LV3003047126	leiden2	0.20314837866043	ST8	64.210824	4	IG-B	MFI	0
LV3003047126	leiden1	0.0142016521443929	ST8	64.210824	4	IG-B	MFI	0
LV3003047126	leiden6	0.0014207938842996	ST8	64.210824	4	IG-B	MFI	0
LV3003047127	leiden4	0.775347871450265	ST8	47.6248	2	IG-E	MFI	0
LV3003047127	leiden1	0.00823321591272998	ST8	47.6248	2	IG-E	MFI	0
LV3003047127	leiden5	0.0221687344400483	ST8	47.6248	2	IG-E	MFI	0
LV3003047127	leiden2	0.143941819984918	ST8	47.6248	2	IG-E	MFI	0
LV3003047127	leiden3	0.0487794799747942	ST8	47.6248	2	IG-E	MFI	0
LV3003047127	leiden6	0.00152887823724471	ST8	47.6248	2	IG-E	MFI	0
LV3003047128	leiden1	0.0501688645455985	ST8	39.57797	5	G-A	MFI	-12.4410614378484
LV3003047128	leiden4	0.689281572049724	ST8	39.57797	5	G-A	MFI	0
LV3003047128	leiden2	0.197149995657039	ST8	39.57797	5	G-A	MFI	0
LV3003047128	leiden6	0.0186083108947011	ST8	39.57797	5	G-A	MFI	0
LV3003047128	leiden3	0.0319539748312632	ST8	39.57797	5	G-A	MFI	0
LV3003047128	leiden5	0.00913554637005094	ST8	39.57797	5	G-A	MFI	0
LV3003047128	grey	0.00370173565162299	ST8	39.57797	5	G-A	MFI	0
LV3003047129	leiden4	0.708119441833562	ST8	36.0373	5	G-A	MFI	0
LV3003047129	leiden2	0.213752922179645	ST8	36.0373	5	G-A	MFI	0
LV3003047129	leiden1	0.0262002024437857	ST8	36.0373	5	G-A	MFI	0
LV3003047129	leiden6	0.0242209529318198	ST8	36.0373	5	G-A	MFI	0
LV3003047129	leiden3	0.0194791892608392	ST8	36.0373	5	G-A	MFI	0
LV3003047129	leiden5	0.00790494782252428	ST8	36.0373	5	G-A	MFI	-13.4518425785346
LV3003047129	grey	0.00032234352782397	ST8	36.0373	5	G-A	MFI	0
LV3003047130	leiden1	0.0132058557544595	ST8	31.936	5	G-A	MFI	0
LV3003047130	leiden4	0.638335683059462	ST8	31.936	5	G-A	MFI	0
LV3003047130	leiden2	0.243352644527903	ST8	31.936	5	G-A	MFI	0
LV3003047130	leiden6	0.0742947859774663	ST8	31.936	5	G-A	MFI	0
LV3003047130	grey	0.00227864197677128	ST8	31.936	5	G-A	MFI	0
LV3003047130	leiden3	0.0221229676843548	ST8	31.936	5	G-A	MFI	0
LV3003047130	leiden5	0.00640942101958368	ST8	31.936	5	G-A	MFI	0
LV3003047131	leiden4	0.703206336162315	ST8	28.2453333333333	5	G-A	MFI	0
LV3003047131	leiden2	0.205709913713711	ST8	28.2453333333333	5	G-A	MFI	0
LV3003047131	leiden6	0.0203289930432565	ST8	28.2453333333333	5	G-A	MFI	0
LV3003047131	leiden3	0.0361835673500616	ST8	28.2453333333333	5	G-A	MFI	0
LV3003047131	leiden5	0.012012071579365	ST8	28.2453333333333	5	G-A	MFI	0
LV3003047131	leiden1	0.0176001360177957	ST8	28.2453333333333	5	G-A	MFI	0
LV3003047131	grey	0.0049589821334958	ST8	28.2453333333333	5	G-A	MFI	0
LV3003047132	leiden1	0.0605498141533637	ST8	23.987	3	IG-A	MFI	-10.3095200484691
LV3003047132	leiden2	0.211011132130785	ST8	23.987	3	IG-A	MFI	0
LV3003047132	leiden3	0.0311830333751794	ST8	23.987	3	IG-A	MFI	0
LV3003047132	leiden4	0.680693799158355	ST8	23.987	3	IG-A	MFI	0
LV3003047132	leiden6	0.00363886907835257	ST8	23.987	3	IG-A	MFI	0
LV3003047132	grey	0.0031136364889856	ST8	23.987	3	IG-A	MFI	0
LV3003047132	leiden5	0.00980971561497821	ST8	23.987	3	IG-A	MFI	0
LV3003047133	leiden3	0.0661596471686185	ST8	70.162	1	IG-D	MFI	0
LV3003047133	leiden4	0.729995183189331	ST8	70.162	1	IG-D	MFI	0
LV3003047133	leiden6	0.00762410813739952	ST8	70.162	1	IG-D	MFI	0
LV3003047133	leiden2	0.125173104133426	ST8	70.162	1	IG-D	MFI	0
LV3003047133	grey	0.0220858295451124	ST8	70.162	1	IG-D	MFI	0
LV3003047133	leiden5	0.0417218592889183	ST8	70.162	1	IG-D	MFI	0
LV3003047133	leiden1	0.00724026853719481	ST8	70.162	1	IG-D	MFI	0
LV3003047134	leiden1	0.0117168196341606	ST8	68.807	1	IG-D	MFI	0
LV3003047134	leiden3	0.200600553021815	ST8	68.807	1	IG-D	MFI	0
LV3003047134	leiden4	0.633987076038614	ST8	68.807	1	IG-D	MFI	0
LV3003047134	leiden5	0.0480593310171301	ST8	68.807	1	IG-D	MFI	0
LV3003047134	leiden2	0.0918182195413616	ST8	68.807	1	IG-D	MFI	0
LV3003047134	grey	0.0126448098563124	ST8	68.807	1	IG-D	MFI	0
LV3003047134	leiden6	0.00117319089060655	ST8	68.807	1	IG-D	MFI	0
LV3003047136	leiden3	0.121755465729093	ST8	67.8766	1	IG-D	MFI	0
LV3003047136	leiden4	0.675765859934068	ST8	67.8766	1	IG-D	MFI	0
LV3003047136	leiden5	0.0310985548985067	ST8	67.8766	1	IG-D	MFI	0
LV3003047136	leiden2	0.153391273838327	ST8	67.8766	1	IG-D	MFI	0
LV3003047136	leiden1	0.00968883171182761	ST8	67.8766	1	IG-D	MFI	0
LV3003047136	grey	0.00830001388817824	ST8	67.8766	1	IG-D	MFI	0
LV3003047137	leiden4	0.718257855474343	ST8	66.9462	1	IG-D	MFI	0
LV3003047137	leiden3	0.0329490367467912	ST8	66.9462	1	IG-D	MFI	0
LV3003047137	leiden5	0.0511591691156155	ST8	66.9462	1	IG-D	MFI	0
LV3003047137	leiden2	0.145148569562706	ST8	66.9462	1	IG-D	MFI	0
LV3003047137	grey	0.0229271845879487	ST8	66.9462	1	IG-D	MFI	0
LV3003047137	leiden1	0.0263331072765177	ST8	66.9462	1	IG-D	MFI	0
LV3003047137	leiden6	0.00322507723607867	ST8	66.9462	1	IG-D	MFI	0
LV3003047138	leiden4	0.679617476249622	ST8	66.0158	1	IG-D	MFI	0
LV3003047138	leiden5	0.036519352781228	ST8	66.0158	1	IG-D	MFI	0
LV3003047138	grey	0.0290921145389238	ST8	66.0158	1	IG-D	MFI	0
LV3003047138	leiden3	0.0994410688509181	ST8	66.0158	1	IG-D	MFI	0
LV3003047138	leiden2	0.138352244116956	ST8	66.0158	1	IG-D	MFI	0
LV3003047138	leiden1	0.0150936587330894	ST8	66.0158	1	IG-D	MFI	0
LV3003047138	leiden6	0.00188408472926248	ST8	66.0158	1	IG-D	MFI	0
LV3003047139	leiden4	0.713440208779942	ST8	58.6141266666667	4	IG-B	MFI	0
LV3003047139	leiden2	0.241277534408302	ST8	58.6141266666667	4	IG-B	MFI	0
LV3003047139	leiden3	0.0113658723501207	ST8	58.6141266666667	4	IG-B	MFI	0
LV3003047139	leiden1	0.0248133304336119	ST8	58.6141266666667	4	IG-B	MFI	0
LV3003047139	leiden5	0.00688166029763569	ST8	58.6141266666667	4	IG-B	MFI	0
LV3003047139	grey	0.00123238160333882	ST8	58.6141266666667	4	IG-B	MFI	0
LV3003047140	leiden4	0.790471959263183	ST8	46.0948	2	IG-E	MFI	0
LV3003047140	leiden2	0.174942756570179	ST8	46.0948	2	IG-E	MFI	0
LV3003047140	leiden3	0.0264515908547213	ST8	46.0948	2	IG-E	MFI	0
LV3003047140	leiden1	0.00471617511363248	ST8	46.0948	2	IG-E	MFI	0
LV3003047140	leiden6	0.00341751819828441	ST8	46.0948	2	IG-E	MFI	0
LV3003047141	leiden4	0.878246988826005	ST8	39.15347	2	IG-E	MFI	0
LV3003047141	leiden3	0.051081120301843	ST8	39.15347	2	IG-E	MFI	0
LV3003047141	leiden5	0.0277173124365114	ST8	39.15347	2	IG-E	MFI	0
LV3003047141	leiden2	0.0429545784356407	ST8	39.15347	2	IG-E	MFI	0
LV3003047142	leiden4	0.627681739672673	ST8	35.5823	4	IG-B	MFI	0
LV3003047142	leiden3	0.0183508940369492	ST8	35.5823	4	IG-B	MFI	0
LV3003047142	leiden1	0.0360633670030337	ST8	35.5823	4	IG-B	MFI	0
LV3003047142	leiden6	0.0182024240204691	ST8	35.5823	4	IG-B	MFI	0
LV3003047142	leiden5	0.015589351730418	ST8	35.5823	4	IG-B	MFI	10.7709881202409
LV3003047142	leiden2	0.272294010224635	ST8	35.5823	4	IG-B	MFI	0
LV3003047142	grey	0.0118182133118217	ST8	35.5823	4	IG-B	MFI	0
LV3003047143	leiden4	0.694732335158419	ST8	31.398	5	G-A	MFI	0
LV3003047143	leiden2	0.19102680540779	ST8	31.398	5	G-A	MFI	0
LV3003047143	leiden6	0.0436775047357085	ST8	31.398	5	G-A	MFI	0
LV3003047143	leiden3	0.0350727871915302	ST8	31.398	5	G-A	MFI	0
LV3003047143	leiden5	0.0181254378908581	ST8	31.398	5	G-A	MFI	0
LV3003047143	leiden1	0.0141240885382879	ST8	31.398	5	G-A	MFI	0
LV3003047143	grey	0.00324104107740613	ST8	31.398	5	G-A	MFI	0
LV3003047144	leiden1	0.0506748558023252	ST8	27.729	5	G-A	MFI	0
LV3003047144	leiden4	0.608688949703668	ST8	27.729	5	G-A	MFI	0
LV3003047144	leiden2	0.274667761536196	ST8	27.729	5	G-A	MFI	0
LV3003047144	grey	0.00547333010774188	ST8	27.729	5	G-A	MFI	0
LV3003047144	leiden6	0.0262188690994953	ST8	27.729	5	G-A	MFI	0
LV3003047144	leiden3	0.0234058887903574	ST8	27.729	5	G-A	MFI	0
LV3003047144	leiden5	0.0108703449602169	ST8	27.729	5	G-A	MFI	0
LV3003047145	leiden4	0.66274954930894	ST8	23.446	3	IG-A	MFI	0
LV3003047145	leiden5	0.0684646690817393	ST8	23.446	3	IG-A	MFI	-3.49453789370343
LV3003047145	leiden1	0.049615612155693	ST8	23.446	3	IG-A	MFI	0
LV3003047145	leiden3	0.0299435879200821	ST8	23.446	3	IG-A	MFI	0
LV3003047145	grey	0.0394216868966524	ST8	23.446	3	IG-A	MFI	0
LV3003047145	leiden2	0.149804894636893	ST8	23.446	3	IG-A	MFI	0
LV3003047146	leiden4	0.666711919276306	ST8	63.2667	4	IG-B	MFI	0
LV3003047146	leiden1	0.0366650567180545	ST8	63.2667	4	IG-B	MFI	0
LV3003047146	leiden2	0.232420013836856	ST8	63.2667	4	IG-B	MFI	0
LV3003047146	leiden5	0.0177842755883927	ST8	63.2667	4	IG-B	MFI	0
LV3003047146	leiden6	0.0040831777774877	ST8	63.2667	4	IG-B	MFI	0
LV3003047146	leiden3	0.0397822653282337	ST8	63.2667	4	IG-B	MFI	0
LV3003047146	grey	0.00255329147466942	ST8	63.2667	4	IG-B	MFI	0
LV3003047147	leiden4	0.699362466573919	ST8	62.3217	4	IG-B	MFI	0
LV3003047147	leiden1	0.0255533452085311	ST8	62.3217	4	IG-B	MFI	0
LV3003047147	leiden3	0.0253323105060828	ST8	62.3217	4	IG-B	MFI	0
LV3003047147	leiden5	0.0139771944195239	ST8	62.3217	4	IG-B	MFI	0
LV3003047147	leiden2	0.225364382208007	ST8	62.3217	4	IG-B	MFI	0
LV3003047147	grey	0.0062583158889279	ST8	62.3217	4	IG-B	MFI	0
LV3003047147	leiden6	0.00415198519500895	ST8	62.3217	4	IG-B	MFI	0
LV3003047148	leiden1	0.0275150807550107	ST8	61.3767	4	IG-B	MFI	0
LV3003047148	leiden4	0.742552593457439	ST8	61.3767	4	IG-B	MFI	0
LV3003047148	leiden5	0.0229789626170245	ST8	61.3767	4	IG-B	MFI	0
LV3003047148	grey	0.00763659164126181	ST8	61.3767	4	IG-B	MFI	0
LV3003047148	leiden2	0.17926098895159	ST8	61.3767	4	IG-B	MFI	0
LV3003047148	leiden3	0.0189747248708136	ST8	61.3767	4	IG-B	MFI	0
LV3003047148	leiden6	0.00108105770686039	ST8	61.3767	4	IG-B	MFI	0
LV3003047149	leiden1	0.0185355804171793	ST8	60.4317	4	IG-B	MFI	0
LV3003047149	leiden4	0.757360725628773	ST8	60.4317	4	IG-B	MFI	0
LV3003047149	leiden5	0.0205728347019943	ST8	60.4317	4	IG-B	MFI	0
LV3003047149	leiden2	0.176869152193196	ST8	60.4317	4	IG-B	MFI	0
LV3003047149	grey	0.00205442215800166	ST8	60.4317	4	IG-B	MFI	0
LV3003047149	leiden3	0.0246072849008555	ST8	60.4317	4	IG-B	MFI	0
LV3003047150	leiden1	0.037356220760491	ST8	59.5217933333333	4	IG-B	MFI	0
LV3003047150	leiden4	0.672033162236828	ST8	59.5217933333333	4	IG-B	MFI	0
LV3003047150	leiden5	0.0100709730313304	ST8	59.5217933333333	4	IG-B	MFI	0
LV3003047150	leiden2	0.262570452165584	ST8	59.5217933333333	4	IG-B	MFI	0
LV3003047150	leiden6	0.00232157304161244	ST8	59.5217933333333	4	IG-B	MFI	0
LV3003047150	leiden3	0.0148791726757888	ST8	59.5217933333333	4	IG-B	MFI	0
LV3003047150	grey	0.000768446088365889	ST8	59.5217933333333	4	IG-B	MFI	0
LV3003047152	leiden1	0.00864060441384925	ST8	45.00002	4	IG-B	MFI	0
LV3003047152	leiden4	0.718955415195324	ST8	45.00002	4	IG-B	MFI	0
LV3003047152	leiden2	0.214233431998086	ST8	45.00002	4	IG-B	MFI	0
LV3003047152	leiden6	0.00900836567609159	ST8	45.00002	4	IG-B	MFI	0
LV3003047152	leiden3	0.0415320291495432	ST8	45.00002	4	IG-B	MFI	0
LV3003047152	leiden5	0.0068053686003292	ST8	45.00002	4	IG-B	MFI	0
LV3003047152	grey	0.000824784966776519	ST8	45.00002	4	IG-B	MFI	0
LV3003047153	leiden1	0.0207829666598345	ST8	38.71393	4	IG-B	MFI	0
LV3003047153	leiden4	0.727413710930072	ST8	38.71393	4	IG-B	MFI	0
LV3003047153	leiden2	0.183908017592426	ST8	38.71393	4	IG-B	MFI	0
LV3003047153	leiden6	0.0167972598883311	ST8	38.71393	4	IG-B	MFI	0
LV3003047153	leiden3	0.0390199211254806	ST8	38.71393	4	IG-B	MFI	0
LV3003047153	leiden5	0.00674409243678803	ST8	38.71393	4	IG-B	MFI	0
LV3003047153	grey	0.00533403136706779	ST8	38.71393	4	IG-B	MFI	0
LV3003047154	leiden4	0.750351852185994	ST8	35.13012	4	IG-B	MFI	0
LV3003047154	leiden2	0.185529853304704	ST8	35.13012	4	IG-B	MFI	0
LV3003047154	grey	0.00409592031901265	ST8	35.13012	4	IG-B	MFI	0
LV3003047154	leiden5	0.0171460276790386	ST8	35.13012	4	IG-B	MFI	11.1653420029239
LV3003047154	leiden3	0.0304622796412912	ST8	35.13012	4	IG-B	MFI	0
LV3003047154	leiden1	0.0107675790765233	ST8	35.13012	4	IG-B	MFI	0
LV3003047154	leiden6	0.0016464877934357	ST8	35.13012	4	IG-B	MFI	0
LV3003047155	leiden4	0.667565818652435	ST8	30.9475	5	G-A	MFI	0
LV3003047155	leiden1	0.0216596261369668	ST8	30.9475	5	G-A	MFI	0
LV3003047155	leiden2	0.124013901713721	ST8	30.9475	5	G-A	MFI	0
LV3003047155	leiden6	0.104408268320525	ST8	30.9475	5	G-A	MFI	0
LV3003047155	grey	0.0043806393915819	ST8	30.9475	5	G-A	MFI	0
LV3003047155	leiden5	0.0501974014265252	ST8	30.9475	5	G-A	MFI	0
LV3003047155	leiden3	0.0277743443582454	ST8	30.9475	5	G-A	MFI	0
LV3003047156	leiden1	0.0538441362193227	ST8	27.1996666666667	5	G-A	MFI	0
LV3003047156	leiden4	0.620472046382531	ST8	27.1996666666667	5	G-A	MFI	0
LV3003047156	leiden2	0.261306916274208	ST8	27.1996666666667	5	G-A	MFI	0
LV3003047156	leiden6	0.0218367450800772	ST8	27.1996666666667	5	G-A	MFI	0
LV3003047156	grey	0.00303201130593757	ST8	27.1996666666667	5	G-A	MFI	0
LV3003047156	leiden3	0.0233635164284512	ST8	27.1996666666667	5	G-A	MFI	0
LV3003047156	leiden5	0.0161446283094726	ST8	27.1996666666667	5	G-A	MFI	0
LV3003047158	leiden1	0.0428025619717454	ST8	57.70646	4	IG-B	MFI	0
LV3003047158	leiden4	0.639241340170663	ST8	57.70646	4	IG-B	MFI	0
LV3003047158	leiden5	0.00704339542331313	ST8	57.70646	4	IG-B	MFI	0
LV3003047158	leiden2	0.284046456006648	ST8	57.70646	4	IG-B	MFI	0
LV3003047158	grey	0.00766665991041206	ST8	57.70646	4	IG-B	MFI	0
LV3003047158	leiden3	0.0166102519407341	ST8	57.70646	4	IG-B	MFI	0
LV3003047158	leiden6	0.00258933457648418	ST8	57.70646	4	IG-B	MFI	0
LV3003047159	leiden4	0.768362016890331	ST8	56.7987933333333	4	IG-B	MFI	0
LV3003047159	leiden2	0.159445438070759	ST8	56.7987933333333	4	IG-B	MFI	0
LV3003047159	leiden6	0.00239852179989814	ST8	56.7987933333333	4	IG-B	MFI	0
LV3003047159	leiden3	0.0519857391592737	ST8	56.7987933333333	4	IG-B	MFI	0
LV3003047159	leiden1	0.010695630544731	ST8	56.7987933333333	4	IG-B	MFI	0
LV3003047159	leiden5	0.00711265353500657	ST8	56.7987933333333	4	IG-B	MFI	0
LV3003047160	leiden4	0.623613930969858	ST8	55.8911266666667	2	IG-E	MFI	0
LV3003047160	leiden3	0.119475245978448	ST8	55.8911266666667	2	IG-E	MFI	0
LV3003047160	leiden1	0.0716851475870686	ST8	55.8911266666667	2	IG-E	MFI	0
LV3003047160	leiden5	0.0943307824457286	ST8	55.8911266666667	2	IG-E	MFI	0
LV3003047160	grey	0.0354521318132126	ST8	55.8911266666667	2	IG-E	MFI	0
LV3003047160	leiden2	0.0554427612056848	ST8	55.8911266666667	2	IG-E	MFI	0
LV3003047161	leiden4	0.707131620346093	ST8	54.98346	2	IG-E	MFI	0
LV3003047161	leiden2	0.147876245411641	ST8	54.98346	2	IG-E	MFI	0
LV3003047161	leiden3	0.0414263240692187	ST8	54.98346	2	IG-E	MFI	0
LV3003047161	leiden1	0.031069743051914	ST8	54.98346	2	IG-E	MFI	0
LV3003047161	leiden5	0.0724960671211327	ST8	54.98346	2	IG-E	MFI	0
LV3003047162	leiden1	0.122161283770059	ST8	102.698	2	IG-E	MFI	0
LV3003047162	leiden3	0.239853747714808	ST8	102.698	2	IG-E	MFI	0
LV3003047162	leiden4	0.248303879748121	ST8	102.698	2	IG-E	MFI	0
LV3003047162	leiden2	0.0418037781840341	ST8	102.698	2	IG-E	MFI	0
LV3003047162	grey	0.0595978062157221	ST8	102.698	2	IG-E	MFI	0
LV3003047162	leiden5	0.288279504367256	ST8	102.698	2	IG-E	MFI	0
LV3003047164	leiden5	0.00755960860568374	ST8	43.93302	4	IG-B	MFI	0
LV3003047164	leiden4	0.728597573022492	ST8	43.93302	4	IG-B	MFI	0
LV3003047164	leiden6	0.0104607513855816	ST8	43.93302	4	IG-B	MFI	0
LV3003047164	leiden2	0.201229086296	ST8	43.93302	4	IG-B	MFI	0
LV3003047164	leiden3	0.0420665703085194	ST8	43.93302	4	IG-B	MFI	0
LV3003047164	leiden1	0.0100864103817238	ST8	43.93302	4	IG-B	MFI	0
LV3003047166	leiden1	0.0242046455306033	ST8	38.27343	4	IG-B	MFI	0
LV3003047166	leiden4	0.719671950682519	ST8	38.27343	4	IG-B	MFI	0
LV3003047166	leiden2	0.20463177014531	ST8	38.27343	4	IG-B	MFI	0
LV3003047166	leiden6	0.0120734258036107	ST8	38.27343	4	IG-B	MFI	0
LV3003047166	leiden3	0.0322022236900044	ST8	38.27343	4	IG-B	MFI	0
LV3003047166	leiden5	0.00721598414795244	ST8	38.27343	4	IG-B	MFI	0
LV3003047167	leiden4	0.687291136062925	ST8	34.67812	4	IG-B	MFI	0
LV3003047167	leiden1	0.0502685486865433	ST8	34.67812	4	IG-B	MFI	0
LV3003047167	leiden6	0.0116571572016547	ST8	34.67812	4	IG-B	MFI	0
LV3003047167	leiden2	0.210524389032127	ST8	34.67812	4	IG-B	MFI	0
LV3003047167	leiden5	0.00743150308817915	ST8	34.67812	4	IG-B	MFI	0
LV3003047167	leiden3	0.0235601135906032	ST8	34.67812	4	IG-B	MFI	0
LV3003047167	grey	0.00926715233796865	ST8	34.67812	4	IG-B	MFI	0
LV3003047168	leiden1	0.0563126747165904	ST8	30.497	5	G-A	MFI	0
LV3003047168	leiden4	0.623330597402806	ST8	30.497	5	G-A	MFI	0
LV3003047168	leiden2	0.183808375158286	ST8	30.497	5	G-A	MFI	0
LV3003047168	grey	0.0152054857748336	ST8	30.497	5	G-A	MFI	0
LV3003047168	leiden6	0.0443963259596995	ST8	30.497	5	G-A	MFI	0
LV3003047168	leiden5	0.0518816713391544	ST8	30.497	5	G-A	MFI	9.3182891107388
LV3003047168	leiden3	0.0250648696486303	ST8	30.497	5	G-A	MFI	0
LV3003047169	leiden1	0.0478059984509788	ST8	26.6703333333333	5	G-A	MFI	0
LV3003047169	leiden4	0.604200162024054	ST8	26.6703333333333	5	G-A	MFI	0
LV3003047169	leiden2	0.24887072795093	ST8	26.6703333333333	5	G-A	MFI	0
LV3003047169	leiden6	0.0392311869597344	ST8	26.6703333333333	5	G-A	MFI	0
LV3003047169	leiden5	0.0332861505043221	ST8	26.6703333333333	5	G-A	MFI	0
LV3003047169	leiden3	0.0218305157172235	ST8	26.6703333333333	5	G-A	MFI	0
LV3003047169	grey	0.00477525839275699	ST8	26.6703333333333	5	G-A	MFI	0
LV3003061473	leiden3	0.0430860464531908	ST13	117.088	2	IG-E	MFI	0
LV3003061473	leiden4	0.845195118478252	ST13	117.088	2	IG-E	MFI	0
LV3003061473	leiden2	0.0843628810024374	ST13	117.088	2	IG-E	MFI	0
LV3003061473	leiden5	0.0247007680774611	ST13	117.088	2	IG-E	MFI	0
LV3003061473	leiden1	0.00265518598865892	ST13	117.088	2	IG-E	MFI	0
LV3003061474	leiden1	0.0101144685681089	ST13	77.7798	1	IG-D	MFI	0
LV3003061474	leiden2	0.115265790931867	ST13	77.7798	1	IG-D	MFI	0
LV3003061474	leiden3	0.0691215867417898	ST13	77.7798	1	IG-D	MFI	0
LV3003061474	leiden4	0.80052379907459	ST13	77.7798	1	IG-D	MFI	0
LV3003061474	leiden6	0.00106243754430112	ST13	77.7798	1	IG-D	MFI	0
LV3003061474	leiden5	0.00225748244925795	ST13	77.7798	1	IG-D	MFI	0
LV3003061474	grey	0.00165443469008555	ST13	77.7798	1	IG-D	MFI	0
LV3003061475	leiden4	0.796031052630031	ST13	53.844	4	IG-B	MFI	0
LV3003061475	leiden6	0.000700125610771344	ST13	53.844	4	IG-B	MFI	0
LV3003061475	leiden2	0.171769052682981	ST13	53.844	4	IG-B	MFI	0
LV3003061475	leiden5	0.00400365948008319	ST13	53.844	4	IG-B	MFI	0
LV3003061475	leiden3	0.0177061178623224	ST13	53.844	4	IG-B	MFI	0
LV3003061475	leiden1	0.00884276296629689	ST13	53.844	4	IG-B	MFI	0
LV3003061475	grey	0.000947228767514172	ST13	53.844	4	IG-B	MFI	0
LV3003061476	leiden1	0.0238253186886086	ST13	37.16	5	G-A	MFI	0
LV3003061476	leiden3	0.0393752874039788	ST13	37.16	5	G-A	MFI	0
LV3003061476	leiden4	0.738778994821075	ST13	37.16	5	G-A	MFI	0
LV3003061476	leiden2	0.173780464821753	ST13	37.16	5	G-A	MFI	0
LV3003061476	leiden6	0.0149318145839144	ST13	37.16	5	G-A	MFI	0
LV3003061476	grey	0.00256684733854493	ST13	37.16	5	G-A	MFI	0
LV3003061476	leiden5	0.0067412723421257	ST13	37.16	5	G-A	MFI	0
LV3003061477	leiden1	0.0540900416454085	ST13	16.726	3	IG-A	MFI	-10.7825644173765
LV3003061477	leiden2	0.183795893363745	ST13	16.726	3	IG-A	MFI	0
LV3003061477	leiden3	0.0306898767585431	ST13	16.726	3	IG-A	MFI	0
LV3003061477	leiden4	0.721549512842286	ST13	16.726	3	IG-A	MFI	0
LV3003061477	leiden5	0.00639775160694078	ST13	16.726	3	IG-A	MFI	-2.67649289358007
LV3003061477	leiden6	0.00110115826844076	ST13	16.726	3	IG-A	MFI	0
LV3003061477	grey	0.00237576551463592	ST13	16.726	3	IG-A	MFI	0
LV3003061485	leiden1	0.0234275316111172	ST13	75.7796	1	IG-D	MFI	0
LV3003061485	leiden3	0.0906132478964804	ST13	75.7796	1	IG-D	MFI	0
LV3003061485	leiden4	0.770541704900695	ST13	75.7796	1	IG-D	MFI	0
LV3003061485	leiden2	0.109332006158919	ST13	75.7796	1	IG-D	MFI	0
LV3003061485	leiden6	0.00119694542513648	ST13	75.7796	1	IG-D	MFI	0
LV3003061485	leiden5	0.00207163631273621	ST13	75.7796	1	IG-D	MFI	0
LV3003061485	grey	0.00281692769491578	ST13	75.7796	1	IG-D	MFI	0
LV3003061486	leiden4	0.696706997028289	ST13	52.105	4	IG-B	MFI	0
LV3003061486	leiden2	0.115298521863301	ST13	52.105	4	IG-B	MFI	0
LV3003061486	leiden3	0.166189070279032	ST13	52.105	4	IG-B	MFI	0
LV3003061486	leiden5	0.0171162826598742	ST13	52.105	4	IG-B	MFI	0
LV3003061486	leiden1	0.00337694415499209	ST13	52.105	4	IG-B	MFI	0
LV3003061486	leiden6	0.000569256300412952	ST13	52.105	4	IG-B	MFI	0
LV3003061488	leiden1	0.0391392921645475	ST13	35.041	5	G-A	MFI	-11.5547255536341
LV3003061488	leiden3	0.0249141262226214	ST13	35.041	5	G-A	MFI	0
LV3003061488	leiden4	0.734298113253232	ST13	35.041	5	G-A	MFI	0
LV3003061488	leiden2	0.183530504588923	ST13	35.041	5	G-A	MFI	0
LV3003061488	leiden5	0.00405568560897468	ST13	35.041	5	G-A	MFI	0
LV3003061488	leiden6	0.0129583832727457	ST13	35.041	5	G-A	MFI	0
LV3003061488	grey	0.00110389488895566	ST13	35.041	5	G-A	MFI	0
LV3003061489	leiden4	0.850404499843755	ST13	112.6068	2	IG-E	MFI	0
LV3003061489	leiden3	0.0955939029894795	ST13	112.6068	2	IG-E	MFI	0
LV3003061489	grey	0.00395125169264956	ST13	112.6068	2	IG-E	MFI	0
LV3003061489	leiden2	0.0272976632755807	ST13	112.6068	2	IG-E	MFI	0
LV3003061489	leiden1	0.00763167945557446	ST13	112.6068	2	IG-E	MFI	0
LV3003061489	leiden5	0.0088087219193778	ST13	112.6068	2	IG-E	MFI	0
LV3003061489	leiden6	0.00631228082358252	ST13	112.6068	2	IG-E	MFI	0
LV3003061492	leiden1	0.0621025169916993	ST13	14.437	3	IG-A	MFI	-10.9146297169111
LV3003061492	leiden3	0.0302347440310245	ST13	14.437	3	IG-A	MFI	0
LV3003061492	leiden4	0.67699396820712	ST13	14.437	3	IG-A	MFI	0
LV3003061492	leiden2	0.207834284567145	ST13	14.437	3	IG-A	MFI	0
LV3003061492	leiden5	0.0184667431553487	ST13	14.437	3	IG-A	MFI	-1.92742533438121
LV3003061492	leiden6	0.00164632360207627	ST13	14.437	3	IG-A	MFI	0
LV3003061492	grey	0.00272141944558557	ST13	14.437	3	IG-A	MFI	0
LV3003061500	leiden2	0.119473558697853	ST13	148.086	1	IG-D	MFI	0
LV3003061500	leiden4	0.739588260820273	ST13	148.086	1	IG-D	MFI	0
LV3003061500	leiden1	0.015975808563956	ST13	148.086	1	IG-D	MFI	0
LV3003061500	leiden5	0.0821113165723847	ST13	148.086	1	IG-D	MFI	-11.4386508400372
LV3003061500	leiden3	0.0243028542610627	ST13	148.086	1	IG-D	MFI	0
LV3003061500	grey	0.0183468664115124	ST13	148.086	1	IG-D	MFI	0
LV3003061500	leiden6	0.000201334672958212	ST13	148.086	1	IG-D	MFI	0
LV3003061501	leiden3	0.231421534014248	ST13	105.5872	1	IG-D	MFI	0
LV3003061501	leiden4	0.691363918144358	ST13	105.5872	1	IG-D	MFI	0
LV3003061501	leiden2	0.0606441838801537	ST13	105.5872	1	IG-D	MFI	0
LV3003061501	leiden6	0.00292554690322987	ST13	105.5872	1	IG-D	MFI	0
LV3003061501	leiden5	0.00255757443154883	ST13	105.5872	1	IG-D	MFI	0
LV3003061501	leiden1	0.00685058660116094	ST13	105.5872	1	IG-D	MFI	0
LV3003061501	grey	0.00423665602530059	ST13	105.5872	1	IG-D	MFI	0
LV3003061503	leiden1	0.0146386924024416	ST13	73.1472	1	IG-D	MFI	0
LV3003061503	leiden2	0.102371485300492	ST13	73.1472	1	IG-D	MFI	0
LV3003061503	leiden3	0.0595218312670135	ST13	73.1472	1	IG-D	MFI	0
LV3003061503	leiden4	0.818001394487492	ST13	73.1472	1	IG-D	MFI	0
LV3003061503	leiden6	0.00231358152012842	ST13	73.1472	1	IG-D	MFI	0
LV3003061503	leiden5	0.00144074199069085	ST13	73.1472	1	IG-D	MFI	0
LV3003061503	grey	0.00171227303174258	ST13	73.1472	1	IG-D	MFI	0
LV3003061504	leiden4	0.808094478425561	ST13	50.268	4	IG-B	MFI	0
LV3003061504	leiden1	0.0110033292253566	ST13	50.268	4	IG-B	MFI	0
LV3003061504	leiden2	0.162728805486039	ST13	50.268	4	IG-B	MFI	0
LV3003061504	leiden6	0.00394416175851649	ST13	50.268	4	IG-B	MFI	0
LV3003061504	leiden3	0.0134126702101117	ST13	50.268	4	IG-B	MFI	0
LV3003061504	grey	0.000816554894414916	ST13	50.268	4	IG-B	MFI	0
LV3003061505	leiden1	0.016621790472168	ST13	32.81	5	G-A	MFI	0
LV3003061505	leiden4	0.792086831036728	ST13	32.81	5	G-A	MFI	0
LV3003061505	leiden2	0.156210953311159	ST13	32.81	5	G-A	MFI	0
LV3003061505	leiden5	0.00656644316561956	ST13	32.81	5	G-A	MFI	0
LV3003061505	leiden6	0.0117624025482639	ST13	32.81	5	G-A	MFI	0
LV3003061505	leiden3	0.0161224328176971	ST13	32.81	5	G-A	MFI	0
LV3003061505	grey	0.000629146648364219	ST13	32.81	5	G-A	MFI	0
LV3003061506	leiden1	0.0199544240624452	ST13	11.95	3	IG-A	MFI	0
LV3003061506	leiden4	0.77140264587909	ST13	11.95	3	IG-A	MFI	0
LV3003061506	leiden5	0.0620678277188315	ST13	11.95	3	IG-A	MFI	-2.74441784527308
LV3003061506	leiden2	0.118973819614151	ST13	11.95	3	IG-A	MFI	0
LV3003061506	leiden3	0.00921005145337747	ST13	11.95	3	IG-A	MFI	0
LV3003061506	grey	0.0177643043482744	ST13	11.95	3	IG-A	MFI	0
LV3003061506	leiden6	0.000626926923830441	ST13	11.95	3	IG-A	MFI	0
LV3003061513	leiden4	0.730040601728848	ST13	138.493	4	IG-B	MFI	0
LV3003061513	leiden3	0.0189537102870187	ST13	138.493	4	IG-B	MFI	0
LV3003061513	leiden2	0.234395464581073	ST13	138.493	4	IG-B	MFI	0
LV3003061513	leiden1	0.0129991018972421	ST13	138.493	4	IG-B	MFI	0
LV3003061513	leiden5	0.00288609063353665	ST13	138.493	4	IG-B	MFI	0
LV3003061513	grey	0.000725030872282304	ST13	138.493	4	IG-B	MFI	0
LV3003061514	leiden2	0.0954590076933959	ST13	100.6726	1	IG-D	MFI	0
LV3003061514	leiden3	0.134761180128015	ST13	100.6726	1	IG-D	MFI	0
LV3003061514	leiden4	0.734792203623286	ST13	100.6726	1	IG-D	MFI	0
LV3003061514	leiden1	0.0259498611483146	ST13	100.6726	1	IG-D	MFI	0
LV3003061514	leiden6	0.00044452647158729	ST13	100.6726	1	IG-D	MFI	0
LV3003061514	grey	0.00597704979486432	ST13	100.6726	1	IG-D	MFI	0
LV3003061514	leiden5	0.00261617114053715	ST13	100.6726	1	IG-D	MFI	11.4584921779871
LV3003061515	leiden1	0.0306176496179947	ST13	71.0012	1	IG-D	MFI	0
LV3003061515	leiden3	0.154129470086329	ST13	71.0012	1	IG-D	MFI	0
LV3003061515	leiden4	0.701474120406842	ST13	71.0012	1	IG-D	MFI	0
LV3003061515	leiden2	0.102157134005797	ST13	71.0012	1	IG-D	MFI	0
LV3003061515	leiden6	0.00258933164993684	ST13	71.0012	1	IG-D	MFI	0
LV3003061515	grey	0.00591563590750118	ST13	71.0012	1	IG-D	MFI	0
LV3003061515	leiden5	0.00311665832560057	ST13	71.0012	1	IG-D	MFI	10.4007306245363
LV3003061516	leiden4	0.808626033633331	ST13	48.537	4	IG-B	MFI	0
LV3003061516	leiden5	0.00358081113059599	ST13	48.537	4	IG-B	MFI	0
LV3003061516	leiden2	0.165724484770968	ST13	48.537	4	IG-B	MFI	0
LV3003061516	leiden6	0.00397075633772374	ST13	48.537	4	IG-B	MFI	0
LV3003061516	leiden3	0.00918488082160341	ST13	48.537	4	IG-B	MFI	0
LV3003061516	leiden1	0.00835374046583969	ST13	48.537	4	IG-B	MFI	0
LV3003061517	leiden1	0.0337603219115831	ST13	30.678	5	G-A	MFI	-11.9054214241841
LV3003061517	leiden3	0.0476478082202422	ST13	30.678	5	G-A	MFI	0
LV3003061517	leiden4	0.732711040852631	ST13	30.678	5	G-A	MFI	0
LV3003061517	leiden2	0.165823500167015	ST13	30.678	5	G-A	MFI	0
LV3003061517	leiden5	0.00486479558148387	ST13	30.678	5	G-A	MFI	0
LV3003061517	leiden6	0.0137641671392283	ST13	30.678	5	G-A	MFI	0
LV3003061517	grey	0.00142836612781692	ST13	30.678	5	G-A	MFI	0
LV3003061518	leiden1	0.047746312109308	ST13	9.804	3	IG-A	MFI	0
LV3003061518	leiden3	0.0306478582919076	ST13	9.804	3	IG-A	MFI	0
LV3003061518	leiden4	0.707236297775592	ST13	9.804	3	IG-A	MFI	0
LV3003061518	leiden5	0.0162302703609422	ST13	9.804	3	IG-A	MFI	8.88082710567927
LV3003061518	leiden2	0.193779454200489	ST13	9.804	3	IG-A	MFI	0
LV3003061518	leiden6	0.00239827179355822	ST13	9.804	3	IG-A	MFI	0
LV3003061518	grey	0.00196153546820325	ST13	9.804	3	IG-A	MFI	0
LV3003061527	leiden4	0.751007032156756	ST13	133.7754	2	IG-E	MFI	0
LV3003061527	leiden2	0.120843858810678	ST13	133.7754	2	IG-E	MFI	0
LV3003061527	leiden3	0.0966750870485424	ST13	133.7754	2	IG-E	MFI	0
LV3003061527	leiden5	0.0215061104663071	ST13	133.7754	2	IG-E	MFI	0
LV3003061527	leiden1	0.00996791151771694	ST13	133.7754	2	IG-E	MFI	0
LV3003061528	leiden3	0.10866876076484	ST13	95.118	1	IG-D	MFI	0
LV3003061528	leiden4	0.767080540902218	ST13	95.118	1	IG-D	MFI	0
LV3003061528	leiden2	0.097614319779992	ST13	95.118	1	IG-D	MFI	0
LV3003061528	leiden1	0.0231169573808118	ST13	95.118	1	IG-D	MFI	0
LV3003061528	leiden5	0.000782093593808491	ST13	95.118	1	IG-D	MFI	12.5520117743243
LV3003061528	grey	0.00257422765801287	ST13	95.118	1	IG-D	MFI	0
LV3003061528	leiden6	0.000163099920316846	ST13	95.118	1	IG-D	MFI	0
LV3003061529	leiden1	0.0383865123340846	ST13	66.015	1	IG-D	MFI	0
LV3003061529	leiden2	0.171563908715252	ST13	66.015	1	IG-D	MFI	0
LV3003061529	leiden3	0.0545211933383421	ST13	66.015	1	IG-D	MFI	0
LV3003061529	leiden4	0.721561560856499	ST13	66.015	1	IG-D	MFI	0
LV3003061529	leiden5	0.0112765699348861	ST13	66.015	1	IG-D	MFI	9.61346040583468
LV3003061529	grey	0.00154371712997746	ST13	66.015	1	IG-D	MFI	0
LV3003061529	leiden6	0.00114653769095918	ST13	66.015	1	IG-D	MFI	0
LV3003061530	leiden4	0.896450720351112	ST13	47.046	4	IG-B	MFI	0
LV3003061530	leiden1	0.0026476481251789	ST13	47.046	4	IG-B	MFI	0
LV3003061530	leiden2	0.0893124065769806	ST13	47.046	4	IG-B	MFI	0
LV3003061530	leiden6	0.00143911204401616	ST13	47.046	4	IG-B	MFI	0
LV3003061530	leiden3	0.00937887606144452	ST13	47.046	4	IG-B	MFI	0
LV3003061530	grey	0.000771236841268327	ST13	47.046	4	IG-B	MFI	0
LV3003061531	leiden1	0.0415615616837411	ST13	28.445	5	G-A	MFI	0
LV3003061531	leiden2	0.15277822984222	ST13	28.445	5	G-A	MFI	0
LV3003061531	leiden3	0.029843034184209	ST13	28.445	5	G-A	MFI	0
LV3003061531	leiden4	0.736449594362576	ST13	28.445	5	G-A	MFI	0
LV3003061531	leiden5	0.0147557224577478	ST13	28.445	5	G-A	MFI	-1.95235611336114
LV3003061531	leiden6	0.0231064828753468	ST13	28.445	5	G-A	MFI	0
LV3003061531	grey	0.00150537459415915	ST13	28.445	5	G-A	MFI	0
LV3003061533	leiden1	0.0249640566246406	ST13	7.912	3	IG-A	MFI	0
LV3003061533	leiden2	0.074567297058173	ST13	7.912	3	IG-A	MFI	0
LV3003061533	leiden4	0.71077195310772	ST13	7.912	3	IG-A	MFI	0
LV3003061533	leiden5	0.179983687237337	ST13	7.912	3	IG-A	MFI	-2.63323320132927
LV3003061533	leiden3	0.00786330457863305	ST13	7.912	3	IG-A	MFI	0
LV3003061533	grey	0.00184970139349701	ST13	7.912	3	IG-A	MFI	0
LV3003061539	leiden4	0.723693891260383	ST13	130.0556	4	IG-B	MFI	0
LV3003061539	leiden2	0.240521626011637	ST13	130.0556	4	IG-B	MFI	0
LV3003061539	leiden1	0.0169112603118525	ST13	130.0556	4	IG-B	MFI	0
LV3003061539	leiden3	0.0126212453483371	ST13	130.0556	4	IG-B	MFI	0
LV3003061539	leiden5	0.000575793226254749	ST13	130.0556	4	IG-B	MFI	0
LV3003061539	leiden6	0.00567618384153602	ST13	130.0556	4	IG-B	MFI	0
LV3003061541	leiden3	0.0771852254109109	ST13	91.09	1	IG-D	MFI	0
LV3003061541	leiden4	0.77743083089322	ST13	91.09	1	IG-D	MFI	0
LV3003061541	leiden5	0.0157915685736061	ST13	91.09	1	IG-D	MFI	0
LV3003061541	leiden6	0.00353597842621191	ST13	91.09	1	IG-D	MFI	0
LV3003061541	leiden2	0.117770297164121	ST13	91.09	1	IG-D	MFI	0
LV3003061541	grey	0.00243291360302625	ST13	91.09	1	IG-D	MFI	0
LV3003061541	leiden1	0.005853185928904	ST13	91.09	1	IG-D	MFI	0
LV3003061543	leiden1	0.028216949678402	ST13	62.293	1	IG-D	MFI	0
LV3003061543	leiden2	0.169124240369394	ST13	62.293	1	IG-D	MFI	0
LV3003061543	leiden3	0.0611206630101762	ST13	62.293	1	IG-D	MFI	0
LV3003061543	leiden4	0.731344318474287	ST13	62.293	1	IG-D	MFI	0
LV3003061543	leiden5	0.00282051975127717	ST13	62.293	1	IG-D	MFI	0
LV3003061543	leiden6	0.00405567235902396	ST13	62.293	1	IG-D	MFI	0
LV3003061543	grey	0.00331763635743977	ST13	62.293	1	IG-D	MFI	0
LV3003061544	leiden1	0.0184120965878915	ST13	45.122	4	IG-B	MFI	0
LV3003061544	leiden4	0.692357705763694	ST13	45.122	4	IG-B	MFI	0
LV3003061544	leiden5	0.0038057858423814	ST13	45.122	4	IG-B	MFI	0
LV3003061544	leiden2	0.249698133069135	ST13	45.122	4	IG-B	MFI	0
LV3003061544	leiden6	0.00806883756820287	ST13	45.122	4	IG-B	MFI	0
LV3003061544	leiden3	0.0269858319023928	ST13	45.122	4	IG-B	MFI	0
LV3003061544	grey	0.000671609266302601	ST13	45.122	4	IG-B	MFI	0
LV3003061545	leiden1	0.0393530826835193	ST13	23.172	5	G-A	MFI	0
LV3003061545	leiden4	0.703304155140226	ST13	23.172	5	G-A	MFI	0
LV3003061545	leiden3	0.0206398433419142	ST13	23.172	5	G-A	MFI	0
LV3003061545	leiden2	0.193621945249311	ST13	23.172	5	G-A	MFI	0
LV3003061545	leiden6	0.0291157297554326	ST13	23.172	5	G-A	MFI	0
LV3003061545	grey	0.00253913524174488	ST13	23.172	5	G-A	MFI	0
LV3003061545	leiden5	0.011426108587852	ST13	23.172	5	G-A	MFI	10.0325501805007
LV3003061546	leiden1	0.0229324335957736	ST13	7.197	3	IG-A	MFI	0
LV3003061546	leiden4	0.749082868789447	ST13	7.197	3	IG-A	MFI	0
LV3003061546	leiden5	0.175275139363166	ST13	7.197	3	IG-A	MFI	-4.05386334126112
LV3003061546	leiden2	0.0444859609828445	ST13	7.197	3	IG-A	MFI	0
LV3003061546	leiden3	0.00684922196765234	ST13	7.197	3	IG-A	MFI	0
LV3003061546	grey	0.00137437530111657	ST13	7.197	3	IG-A	MFI	0
LV3003061555	leiden4	0.815807028310697	ST13	126.443	2	IG-E	MFI	0
LV3003061555	leiden5	0.00410918696800704	ST13	126.443	2	IG-E	MFI	0
LV3003061555	leiden2	0.150785815300051	ST13	126.443	2	IG-E	MFI	0
LV3003061555	leiden3	0.0212930597433092	ST13	126.443	2	IG-E	MFI	0
LV3003061555	leiden1	0.00528324038743763	ST13	126.443	2	IG-E	MFI	0
LV3003061556	leiden2	0.0976708757772741	ST13	86.6174	1	IG-D	MFI	0
LV3003061556	leiden3	0.0589109445177787	ST13	86.6174	1	IG-D	MFI	0
LV3003061556	leiden4	0.82655268029854	ST13	86.6174	1	IG-D	MFI	0
LV3003061556	leiden1	0.0101139033481939	ST13	86.6174	1	IG-D	MFI	0
LV3003061556	leiden5	0.00364249956414535	ST13	86.6174	1	IG-D	MFI	0
LV3003061556	grey	0.00139681037417084	ST13	86.6174	1	IG-D	MFI	0
LV3003061556	leiden6	0.00171228611989739	ST13	86.6174	1	IG-D	MFI	0
LV3003061557	leiden3	0.084393175344369	ST13	58.082	1	IG-D	MFI	0
LV3003061557	leiden4	0.7815934837983	ST13	58.082	1	IG-D	MFI	0
LV3003061557	leiden2	0.118143251221338	ST13	58.082	1	IG-D	MFI	0
LV3003061557	leiden6	0.00212230692964687	ST13	58.082	1	IG-D	MFI	0
LV3003061557	grey	0.00178957236864292	ST13	58.082	1	IG-D	MFI	0
LV3003061557	leiden1	0.00942448161978782	ST13	58.082	1	IG-D	MFI	0
LV3003061557	leiden5	0.00253372871791528	ST13	58.082	1	IG-D	MFI	0
LV3003061558	leiden1	0.0182624504657968	ST13	42.626	5	G-A	MFI	0
LV3003061558	leiden2	0.188660109424197	ST13	42.626	5	G-A	MFI	0
LV3003061558	leiden3	0.0183907220320953	ST13	42.626	5	G-A	MFI	0
LV3003061558	leiden4	0.759456607439409	ST13	42.626	5	G-A	MFI	0
LV3003061558	leiden5	0.0024337391845691	ST13	42.626	5	G-A	MFI	0
LV3003061558	leiden6	0.0122268456995675	ST13	42.626	5	G-A	MFI	0
LV3003061558	grey	0.000569525754365082	ST13	42.626	5	G-A	MFI	0
LV3003061559	leiden3	0.0517676561826096	ST13	21.069	5	G-A	MFI	0
LV3003061559	leiden4	0.698998231825074	ST13	21.069	5	G-A	MFI	0
LV3003061559	leiden1	0.0312921016085501	ST13	21.069	5	G-A	MFI	0
LV3003061559	leiden2	0.189649729438112	ST13	21.069	5	G-A	MFI	0
LV3003061559	leiden5	0.00978202390074506	ST13	21.069	5	G-A	MFI	-12.943671588661
LV3003061559	leiden6	0.0181293509627142	ST13	21.069	5	G-A	MFI	0
LV3003061559	grey	0.000380906082195679	ST13	21.069	5	G-A	MFI	0
LV3003061568	leiden3	0.0592579410979625	ST13	121.6354	2	IG-E	MFI	0
LV3003061568	leiden4	0.809991992170122	ST13	121.6354	2	IG-E	MFI	0
LV3003061568	leiden2	0.101076608239167	ST13	121.6354	2	IG-E	MFI	0
LV3003061568	leiden5	0.023623098140404	ST13	121.6354	2	IG-E	MFI	0
LV3003061568	leiden1	0.00605036035234452	ST13	121.6354	2	IG-E	MFI	0
LV3003061569	leiden2	0.10726323083995	ST13	81.6946	1	IG-D	MFI	0
LV3003061569	leiden3	0.100107071585201	ST13	81.6946	1	IG-D	MFI	0
LV3003061569	leiden4	0.778983972591896	ST13	81.6946	1	IG-D	MFI	0
LV3003061569	leiden1	0.00801439842017334	ST13	81.6946	1	IG-D	MFI	0
LV3003061569	leiden5	0.0024247339528024	ST13	81.6946	1	IG-D	MFI	0
LV3003061569	grey	0.00320659260997752	ST13	81.6946	1	IG-D	MFI	0
LV3003061570	leiden3	0.0449769338495758	ST13	55.466	4	IG-B	MFI	0
LV3003061570	leiden4	0.771420627728808	ST13	55.466	4	IG-B	MFI	0
LV3003061570	leiden1	0.0167971002553752	ST13	55.466	4	IG-B	MFI	0
LV3003061570	leiden2	0.158853694703023	ST13	55.466	4	IG-B	MFI	0
LV3003061570	leiden6	0.00420545349699316	ST13	55.466	4	IG-B	MFI	0
LV3003061570	grey	0.00178144822473021	ST13	55.466	4	IG-B	MFI	0
LV3003061570	leiden5	0.00196474174149436	ST13	55.466	4	IG-B	MFI	12.3090718850023
LV3003061571	leiden4	0.83776525157034	ST13	40.457	5	G-A	MFI	0
LV3003061571	leiden1	0.0177871794547729	ST13	40.457	5	G-A	MFI	0
LV3003061571	leiden2	0.112113418348647	ST13	40.457	5	G-A	MFI	0
LV3003061571	leiden5	0.0136812304892383	ST13	40.457	5	G-A	MFI	0
LV3003061571	leiden6	0.00806655460485573	ST13	40.457	5	G-A	MFI	0
LV3003061571	leiden3	0.0103730899991153	ST13	40.457	5	G-A	MFI	0
LV3003061571	grey	0.000213275533030851	ST13	40.457	5	G-A	MFI	0
LV3003061572	leiden1	0.0764412113724149	ST13	19.099	3	IG-A	MFI	-10.8042792518626
LV3003061572	leiden2	0.209278552513869	ST13	19.099	3	IG-A	MFI	0
LV3003061572	leiden3	0.0300909984403719	ST13	19.099	3	IG-A	MFI	0
LV3003061572	leiden4	0.67309638963701	ST13	19.099	3	IG-A	MFI	0
LV3003061572	leiden5	0.00809861430014514	ST13	19.099	3	IG-A	MFI	10.1268256753073
LV3003061572	leiden6	0.00096655966220841	ST13	19.099	3	IG-A	MFI	0
LV3003061572	grey	0.00202767407398069	ST13	19.099	3	IG-A	MFI	0
LV7001898064	leiden1	0.0258800702692782	ST13	6.808	3	IG-A	MFI	0
LV7001898064	leiden2	0.0987765804032618	ST13	6.808	3	IG-A	MFI	0
LV7001898064	leiden4	0.712124596869346	ST13	6.808	3	IG-A	MFI	0
LV7001898064	leiden5	0.14398489734917	ST13	6.808	3	IG-A	MFI	-3.21805916496164
LV7001898064	leiden3	0.0184462099163586	ST13	6.808	3	IG-A	MFI	0
LV7001898064	grey	0.000594666876425706	ST13	6.808	3	IG-A	MFI	0
LV7001898064	leiden6	0.000192978316159312	ST13	6.808	3	IG-A	MFI	0
LV7001898076	leiden1	0.0546531025472443	ST13	6.429	3	IG-A	MFI	0
LV7001898076	leiden3	0.0324887308398926	ST13	6.429	3	IG-A	MFI	0
LV7001898076	leiden4	0.711449500472401	ST13	6.429	3	IG-A	MFI	0
LV7001898076	leiden2	0.159503193562508	ST13	6.429	3	IG-A	MFI	0
LV7001898076	leiden5	0.0390182520674916	ST13	6.429	3	IG-A	MFI	-1.33677929659251
LV7001898076	leiden6	0.000315215352086252	ST13	6.429	3	IG-A	MFI	0
LV7001898076	grey	0.0025720051583767	ST13	6.429	3	IG-A	MFI	0
LV7001898088	leiden1	0.0147446901181112	ST13	6.031	1	IG-D	MFI	0
LV7001898088	leiden3	0.0369838116244819	ST13	6.031	1	IG-D	MFI	0
LV7001898088	leiden4	0.870660306531793	ST13	6.031	1	IG-D	MFI	0
LV7001898088	leiden2	0.0712774538963978	ST13	6.031	1	IG-D	MFI	0
LV7001898088	leiden6	0.00104074228488156	ST13	6.031	1	IG-D	MFI	0
LV7001898088	leiden5	0.00384775737700336	ST13	6.031	1	IG-D	MFI	0
LV7001898088	grey	0.00144523816733086	ST13	6.031	1	IG-D	MFI	0
LV7001898100	leiden1	0.00299710680747964	ST13	5.659	1	IG-D	MFI	0
LV7001898100	leiden3	0.0539464033199096	ST13	5.659	1	IG-D	MFI	0
LV7001898100	leiden4	0.910214409812426	ST13	5.659	1	IG-D	MFI	0
LV7001898100	leiden2	0.018854366253501	ST13	5.659	1	IG-D	MFI	0
LV7001898100	grey	0.000982628083474165	ST13	5.659	1	IG-D	MFI	0
LV7001898100	leiden5	0.0126596162949756	ST13	5.659	1	IG-D	MFI	0
LV7001898100	leiden6	0.000345469428234423	ST13	5.659	1	IG-D	MFI	0
LV7008886221	leiden2	0.110206454701946	GeoB25202_R1	50.3555	4	IG-B	MFI	0
LV7008886221	leiden3	0.0557758296378208	GeoB25202_R1	50.3555	4	IG-B	MFI	0
LV7008886221	leiden4	0.814719730047082	GeoB25202_R1	50.3555	4	IG-B	MFI	0
LV7008886221	leiden5	0.00447109520172369	GeoB25202_R1	50.3555	4	IG-B	MFI	0
LV7008886221	leiden6	0.0033219712947024	GeoB25202_R1	50.3555	4	IG-B	MFI	0
LV7008886221	leiden1	0.00839042852745699	GeoB25202_R1	50.3555	4	IG-B	MFI	0
LV7008886221	grey	0.003114490589268	GeoB25202_R1	50.3555	4	IG-B	MFI	0
LV7008886222	leiden4	0.630950697253416	GeoB25202_R1	136.2775	4	IG-B	MFI	0
LV7008886222	grey	0.00941221395638277	GeoB25202_R1	136.2775	4	IG-B	MFI	0
LV7008886222	leiden3	0.113738579469918	GeoB25202_R1	136.2775	4	IG-B	MFI	0
LV7008886222	leiden2	0.176572709529601	GeoB25202_R1	136.2775	4	IG-B	MFI	0
LV7008886222	leiden5	0.0584815998642265	GeoB25202_R1	136.2775	4	IG-B	MFI	0
LV7008886222	leiden1	0.00960668118688654	GeoB25202_R1	136.2775	4	IG-B	MFI	0
LV7008886222	leiden6	0.00123751873956949	GeoB25202_R1	136.2775	4	IG-B	MFI	0
LV7008886226	leiden3	0.0628068311432634	GeoB25202_R2	36.607	4	IG-B	MFI	0
LV7008886226	leiden4	0.736196309432665	GeoB25202_R2	36.607	4	IG-B	MFI	0
LV7008886226	leiden2	0.0881533101045296	GeoB25202_R2	36.607	4	IG-B	MFI	0
LV7008886226	leiden6	0.000842174341025921	GeoB25202_R2	36.607	4	IG-B	MFI	0
LV7008886226	grey	0.0184903360884986	GeoB25202_R2	36.607	4	IG-B	MFI	0
LV7008886226	leiden5	0.0848033624474618	GeoB25202_R2	36.607	4	IG-B	MFI	0
LV7008886226	leiden1	0.00870767644255558	GeoB25202_R2	36.607	4	IG-B	MFI	0
LV7008886228	leiden3	0.249532934131737	GeoB25202_R2	120.0235	2	IG-E	MFI	0
LV7008886228	leiden4	0.534634730538922	GeoB25202_R2	120.0235	2	IG-E	MFI	0
LV7008886228	leiden5	0.0959041916167665	GeoB25202_R2	120.0235	2	IG-E	MFI	0
LV7008886228	leiden2	0.117101796407186	GeoB25202_R2	120.0235	2	IG-E	MFI	0
LV7008886228	leiden6	0.00282634730538922	GeoB25202_R2	120.0235	2	IG-E	MFI	0
LV7008886229	leiden2	0.0919931401011246	GeoB25202_R2	68.149	1	IG-D	MFI	0
LV7008886229	leiden3	0.115288659376049	GeoB25202_R2	68.149	1	IG-D	MFI	0
LV7008886229	leiden4	0.6957238791306	GeoB25202_R2	68.149	1	IG-D	MFI	0
LV7008886229	leiden1	0.0156328012043817	GeoB25202_R2	68.149	1	IG-D	MFI	0
LV7008886229	leiden5	0.0208862970996819	GeoB25202_R2	68.149	1	IG-D	MFI	0
LV7008886229	leiden6	0.00137702606715697	GeoB25202_R2	68.149	1	IG-D	MFI	0
LV7008886229	grey	0.0590981970210056	GeoB25202_R2	68.149	1	IG-D	MFI	0
LV7008886690	leiden4	0.68531045833733	GeoB25202_R1	2.324	3	IG-A	MFI	0
LV7008886690	leiden5	0.180550163142693	GeoB25202_R1	2.324	3	IG-A	MFI	-10.2660230295962
LV7008886690	leiden2	0.0150474963724921	GeoB25202_R1	2.324	3	IG-A	MFI	0
LV7008886690	grey	0.00113126477838325	GeoB25202_R1	2.324	3	IG-A	MFI	0
LV7008886690	leiden3	0.111282653280287	GeoB25202_R1	2.324	3	IG-A	MFI	0
LV7008886690	leiden1	0.00667796408881418	GeoB25202_R1	2.324	3	IG-A	MFI	0
LV7008886692	leiden4	0.711993668927343	GeoB25202_R1	53.875	4	IG-B	MFI	0
LV7008886692	leiden6	0.0042221888180524	GeoB25202_R1	53.875	4	IG-B	MFI	0
LV7008886692	leiden2	0.0991529095523154	GeoB25202_R1	53.875	4	IG-B	MFI	0
LV7008886692	leiden3	0.0134491082560371	GeoB25202_R1	53.875	4	IG-B	MFI	0
LV7008886692	grey	0.145716357334229	GeoB25202_R1	53.875	4	IG-B	MFI	0
LV7008886692	leiden1	0.00529652586809086	GeoB25202_R1	53.875	4	IG-B	MFI	0
LV7008886692	leiden5	0.020169241243932	GeoB25202_R1	53.875	4	IG-B	MFI	0
LV7008886695	leiden3	0.126989853740972	GeoB25202_R1	95.3875	1	IG-D	MFI	0
LV7008886695	leiden4	0.685113231714269	GeoB25202_R1	95.3875	1	IG-D	MFI	0
LV7008886695	leiden1	0.00444611350666246	GeoB25202_R1	95.3875	1	IG-D	MFI	0
LV7008886695	grey	0.0986836016872431	GeoB25202_R1	95.3875	1	IG-D	MFI	0
LV7008886695	leiden2	0.0642882530059885	GeoB25202_R1	95.3875	1	IG-D	MFI	0
LV7008886695	leiden6	0.000342008731281728	GeoB25202_R1	95.3875	1	IG-D	MFI	0
LV7008886695	leiden5	0.0201369376135838	GeoB25202_R1	95.3875	1	IG-D	MFI	0
LV7008886702	leiden1	0.0148910780970623	GeoB25202_R2	2.324	3	IG-A	MFI	0
LV7008886702	leiden4	0.801589707546332	GeoB25202_R2	2.324	3	IG-A	MFI	0
LV7008886702	leiden5	0.0993272754656358	GeoB25202_R2	2.324	3	IG-A	MFI	-10.5968096755113
LV7008886702	leiden3	0.0100570773169799	GeoB25202_R2	2.324	3	IG-A	MFI	0
LV7008886702	leiden2	0.0726799306421778	GeoB25202_R2	2.324	3	IG-A	MFI	0
LV7008886702	grey	0.000904625270808312	GeoB25202_R2	2.324	3	IG-A	MFI	0
LV7008886702	leiden6	0.000550305661003989	GeoB25202_R2	2.324	3	IG-A	MFI	0
LV7008886703	leiden1	0.0377694879124073	GeoB25202_R1	27.6855	5	G-A	MFI	0
LV7008886703	leiden3	0.0850992361481194	GeoB25202_R1	27.6855	5	G-A	MFI	0
LV7008886703	leiden4	0.637023400029068	GeoB25202_R1	27.6855	5	G-A	MFI	0
LV7008886703	leiden5	0.00881901716648095	GeoB25202_R1	27.6855	5	G-A	MFI	0
LV7008886703	leiden2	0.19682831904139	GeoB25202_R1	27.6855	5	G-A	MFI	0
LV7008886703	leiden6	0.0329247613972191	GeoB25202_R1	27.6855	5	G-A	MFI	0
LV7008886703	grey	0.00153577830531467	GeoB25202_R1	27.6855	5	G-A	MFI	0
LV7008886704	leiden3	0.0170773935333004	GeoB25202_R2	53.875	4	IG-B	MFI	0
LV7008886704	leiden4	0.69288423198573	GeoB25202_R2	53.875	4	IG-B	MFI	0
LV7008886704	leiden2	0.126770697486172	GeoB25202_R2	53.875	4	IG-B	MFI	0
LV7008886704	leiden6	0.00445203939380312	GeoB25202_R2	53.875	4	IG-B	MFI	0
LV7008886704	leiden5	0.0178268951147487	GeoB25202_R2	53.875	4	IG-B	MFI	0
LV7008886704	grey	0.134314430903449	GeoB25202_R2	53.875	4	IG-B	MFI	0
LV7008886704	leiden1	0.00667431158279744	GeoB25202_R2	53.875	4	IG-B	MFI	0
LV7008886705	leiden4	0.816301629679742	GeoB25202_R1	59.738	4	IG-B	MFI	0
LV7008886705	leiden6	0.0385976780989889	GeoB25202_R1	59.738	4	IG-B	MFI	0
LV7008886705	leiden2	0.0809041158775989	GeoB25202_R1	59.738	4	IG-B	MFI	0
LV7008886705	leiden5	0.0216847675078826	GeoB25202_R1	59.738	4	IG-B	MFI	0
LV7008886705	leiden3	0.0199693151479276	GeoB25202_R1	59.738	4	IG-B	MFI	0
LV7008886705	leiden1	0.0225424936878602	GeoB25202_R1	59.738	4	IG-B	MFI	0
LV7008886706	leiden3	0.123960709528343	GeoB25202_R1	79.0255	1	IG-D	MFI	0
LV7008886706	leiden4	0.689713768697383	GeoB25202_R1	79.0255	1	IG-D	MFI	0
LV7008886706	leiden2	0.0821085006945832	GeoB25202_R1	79.0255	1	IG-D	MFI	0
LV7008886706	leiden1	0.00881446308371328	GeoB25202_R1	79.0255	1	IG-D	MFI	0
LV7008886706	grey	0.0775462062759607	GeoB25202_R1	79.0255	1	IG-D	MFI	0
LV7008886706	leiden5	0.0163785778912827	GeoB25202_R1	79.0255	1	IG-D	MFI	0
LV7008886706	leiden6	0.00147777382873379	GeoB25202_R1	79.0255	1	IG-D	MFI	0
LV7008886707	leiden1	0.00770776242865706	GeoB25202_R2	95.3875	1	IG-D	MFI	0
LV7008886707	leiden3	0.129414825270211	GeoB25202_R2	95.3875	1	IG-D	MFI	0
LV7008886707	leiden4	0.687358390738732	GeoB25202_R2	95.3875	1	IG-D	MFI	0
LV7008886707	grey	0.0948977600908409	GeoB25202_R2	95.3875	1	IG-D	MFI	0
LV7008886707	leiden5	0.0222022228589207	GeoB25202_R2	95.3875	1	IG-D	MFI	0
LV7008886707	leiden2	0.0575630111775738	GeoB25202_R2	95.3875	1	IG-D	MFI	0
LV7008886707	leiden6	0.000856027435064079	GeoB25202_R2	95.3875	1	IG-D	MFI	0
LV7008886708	leiden3	0.188450904849229	GeoB25202_R1	109.6305	1	IG-D	MFI	0
LV7008886708	leiden4	0.573545988324164	GeoB25202_R1	109.6305	1	IG-D	MFI	0
LV7008886708	grey	0.13078207162899	GeoB25202_R1	109.6305	1	IG-D	MFI	0
LV7008886708	leiden5	0.0541582313146438	GeoB25202_R1	109.6305	1	IG-D	MFI	0
LV7008886708	leiden2	0.0358294498000751	GeoB25202_R1	109.6305	1	IG-D	MFI	0
LV7008886708	leiden6	0.00230862265889773	GeoB25202_R1	109.6305	1	IG-D	MFI	0
LV7008886708	leiden1	0.0149247314239996	GeoB25202_R1	109.6305	1	IG-D	MFI	0
LV7008886709	leiden4	0.700548074515017	GeoB25202_R1	147.206	4	IG-B	MFI	0
LV7008886709	leiden1	0.0219518773237781	GeoB25202_R1	147.206	4	IG-B	MFI	0
LV7008886709	leiden3	0.0526739101119266	GeoB25202_R1	147.206	4	IG-B	MFI	0
LV7008886709	grey	0.00869791365659134	GeoB25202_R1	147.206	4	IG-B	MFI	0
LV7008886709	leiden5	0.0208441696045002	GeoB25202_R1	147.206	4	IG-B	MFI	0
LV7008886709	leiden2	0.195284054788187	GeoB25202_R1	147.206	4	IG-B	MFI	0
LV7008886714	leiden1	0.0087878924372776	GeoB25202_R1	0.692	1	IG-D	MFI	0
LV7008886714	leiden3	0.0218363242779207	GeoB25202_R1	0.692	1	IG-D	MFI	0
LV7008886714	leiden4	0.89870355601364	GeoB25202_R1	0.692	1	IG-D	MFI	0
LV7008886714	leiden2	0.0225530381514346	GeoB25202_R1	0.692	1	IG-D	MFI	0
LV7008886714	leiden5	0.0477604347445929	GeoB25202_R1	0.692	1	IG-D	MFI	0
LV7008886714	leiden6	0.000358754375134135	GeoB25202_R1	0.692	1	IG-D	MFI	0
LV7008886715	leiden1	0.0308159042991686	GeoB25202_R2	27.6855	5	G-A	MFI	0
LV7008886715	leiden2	0.152949555715199	GeoB25202_R2	27.6855	5	G-A	MFI	0
LV7008886715	leiden3	0.0187485598173325	GeoB25202_R2	27.6855	5	G-A	MFI	0
LV7008886715	leiden4	0.745331343673486	GeoB25202_R2	27.6855	5	G-A	MFI	0
LV7008886715	leiden5	0.0190332076857389	GeoB25202_R2	27.6855	5	G-A	MFI	0
LV7008886715	leiden6	0.0318288071036278	GeoB25202_R2	27.6855	5	G-A	MFI	0
LV7008886715	grey	0.00129262170544737	GeoB25202_R2	27.6855	5	G-A	MFI	0
LV7008886717	leiden4	0.814435912228699	GeoB25202_R2	59.738	4	IG-B	MFI	0
LV7008886717	leiden1	0.0169445162830485	GeoB25202_R2	59.738	4	IG-B	MFI	0
LV7008886717	leiden2	0.11861161398134	GeoB25202_R2	59.738	4	IG-B	MFI	0
LV7008886717	leiden6	0.0034615155071916	GeoB25202_R2	59.738	4	IG-B	MFI	0
LV7008886717	leiden3	0.0380965643463903	GeoB25202_R2	59.738	4	IG-B	MFI	0
LV7008886717	leiden5	0.00844987765333121	GeoB25202_R2	59.738	4	IG-B	MFI	0
LV7008886718	leiden3	0.112458351484041	GeoB25202_R2	79.0255	1	IG-D	MFI	0
LV7008886718	leiden4	0.67503855799004	GeoB25202_R2	79.0255	1	IG-D	MFI	0
LV7008886718	leiden1	0.0149890507081719	GeoB25202_R2	79.0255	1	IG-D	MFI	0
LV7008886718	grey	0.0766362127223707	GeoB25202_R2	79.0255	1	IG-D	MFI	0
LV7008886718	leiden6	0.000523917727256673	GeoB25202_R2	79.0255	1	IG-D	MFI	0
LV7008886718	leiden2	0.106284658040665	GeoB25202_R2	79.0255	1	IG-D	MFI	0
LV7008886718	leiden5	0.0140692513274545	GeoB25202_R2	79.0255	1	IG-D	MFI	0
LV7008886719	leiden3	0.0939685717976636	GeoB25202_R1	87.2825	1	IG-D	MFI	0
LV7008886719	leiden4	0.713335301825161	GeoB25202_R1	87.2825	1	IG-D	MFI	0
LV7008886719	grey	0.111772657648513	GeoB25202_R1	87.2825	1	IG-D	MFI	0
LV7008886719	leiden2	0.0523718788639342	GeoB25202_R1	87.2825	1	IG-D	MFI	0
LV7008886719	leiden1	0.00254673630206507	GeoB25202_R1	87.2825	1	IG-D	MFI	0
LV7008886719	leiden5	0.025232066731873	GeoB25202_R1	87.2825	1	IG-D	MFI	0
LV7008886719	leiden6	0.000772786830789673	GeoB25202_R1	87.2825	1	IG-D	MFI	0
LV7008886720	leiden3	0.184324854791895	GeoB25202_R2	109.6305	1	IG-D	MFI	0
LV7008886720	leiden4	0.456662943241655	GeoB25202_R2	109.6305	1	IG-D	MFI	0
LV7008886720	leiden1	0.015132932837217	GeoB25202_R2	109.6305	1	IG-D	MFI	0
LV7008886720	grey	0.132438325530916	GeoB25202_R2	109.6305	1	IG-D	MFI	0
LV7008886720	leiden5	0.162708567414962	GeoB25202_R2	109.6305	1	IG-D	MFI	0
LV7008886720	leiden2	0.0445640365282216	GeoB25202_R2	109.6305	1	IG-D	MFI	0
LV7008886720	leiden6	0.0041683396551328	GeoB25202_R2	109.6305	1	IG-D	MFI	0
LV7008886721	leiden4	0.690048806749357	GeoB25202_R2	147.206	4	IG-B	MFI	0
LV7008886721	leiden1	0.0160233479021598	GeoB25202_R2	147.206	4	IG-B	MFI	0
LV7008886721	leiden2	0.190941353979981	GeoB25202_R2	147.206	4	IG-B	MFI	0
LV7008886721	leiden3	0.0800246513044649	GeoB25202_R2	147.206	4	IG-B	MFI	0
LV7008886721	leiden5	0.0172665386876722	GeoB25202_R2	147.206	4	IG-B	MFI	0
LV7008886721	grey	0.0056953013763645	GeoB25202_R2	147.206	4	IG-B	MFI	0
LV7008886726	leiden3	0.0264245707245135	GeoB25202_R2	0.692	1	IG-D	MFI	0
LV7008886726	leiden4	0.920828619080983	GeoB25202_R2	0.692	1	IG-D	MFI	0
LV7008886726	grey	0.000319372544359361	GeoB25202_R2	0.692	1	IG-D	MFI	0
LV7008886726	leiden2	0.0176405878765522	GeoB25202_R2	0.692	1	IG-D	MFI	0
LV7008886726	leiden5	0.0256352171361938	GeoB25202_R2	0.692	1	IG-D	MFI	0
LV7008886726	leiden1	0.00868784098383249	GeoB25202_R2	0.692	1	IG-D	MFI	0
LV7008886726	leiden6	0.00046379165356579	GeoB25202_R2	0.692	1	IG-D	MFI	0
LV7008886727	leiden1	0.064262329313675	GeoB25202_R1	16.4375	3	IG-A	MFI	0
LV7008886727	leiden3	0.0359258513497053	GeoB25202_R1	16.4375	3	IG-A	MFI	0
LV7008886727	leiden4	0.674788845717543	GeoB25202_R1	16.4375	3	IG-A	MFI	0
LV7008886727	leiden2	0.200799788534983	GeoB25202_R1	16.4375	3	IG-A	MFI	0
LV7008886727	leiden5	0.0238221307420583	GeoB25202_R1	16.4375	3	IG-A	MFI	-1.57933988127682
LV7008886727	grey	9.94349608350548e-05	GeoB25202_R1	16.4375	3	IG-A	MFI	0
LV7008886727	leiden6	0.000301619381199666	GeoB25202_R1	16.4375	3	IG-A	MFI	0
LV7008886728	leiden3	0.00715355635241251	GeoB25202_R2	50.3555	5	G-A	MFI	0
LV7008886728	leiden4	0.722176327296385	GeoB25202_R2	50.3555	5	G-A	MFI	0
LV7008886728	leiden2	0.147997518647966	GeoB25202_R2	50.3555	5	G-A	MFI	0
LV7008886728	leiden6	0.0106335012785015	GeoB25202_R2	50.3555	5	G-A	MFI	0
LV7008886728	leiden1	0.0107787511536774	GeoB25202_R2	50.3555	5	G-A	MFI	0
LV7008886728	grey	0.0959556987880713	GeoB25202_R2	50.3555	5	G-A	MFI	0
LV7008886728	leiden5	0.0053046464829861	GeoB25202_R2	50.3555	5	G-A	MFI	0
LV7008886730	leiden3	0.116081329133237	GeoB25202_R1	75.351	1	IG-D	MFI	0
LV7008886730	leiden4	0.678187511443071	GeoB25202_R1	75.351	1	IG-D	MFI	0
LV7008886730	leiden1	0.0144781255428123	GeoB25202_R1	75.351	1	IG-D	MFI	0
LV7008886730	leiden2	0.0945087342907174	GeoB25202_R1	75.351	1	IG-D	MFI	0
LV7008886730	grey	0.0790916901005113	GeoB25202_R1	75.351	1	IG-D	MFI	0
LV7008886730	leiden6	0.00194074484416298	GeoB25202_R1	75.351	1	IG-D	MFI	0
LV7008886730	leiden5	0.0157118646454878	GeoB25202_R1	75.351	1	IG-D	MFI	0
LV7008886731	leiden2	0.0581664665716993	GeoB25202_R2	87.2825	1	IG-D	MFI	0
LV7008886731	leiden3	0.126700548032123	GeoB25202_R2	87.2825	1	IG-D	MFI	0
LV7008886731	leiden4	0.676982443480947	GeoB25202_R2	87.2825	1	IG-D	MFI	0
LV7008886731	leiden1	0.00744602101308186	GeoB25202_R2	87.2825	1	IG-D	MFI	0
LV7008886731	grey	0.103757016283376	GeoB25202_R2	87.2825	1	IG-D	MFI	0
LV7008886731	leiden5	0.0263524035241597	GeoB25202_R2	87.2825	1	IG-D	MFI	0
LV7008886731	leiden6	0.00059510109461278	GeoB25202_R2	87.2825	1	IG-D	MFI	0
LV7008886739	leiden1	0.0635666615142616	GeoB25202_R2	16.4375	3	IG-A	MFI	0
LV7008886739	leiden2	0.22104897664142	GeoB25202_R2	16.4375	3	IG-A	MFI	0
LV7008886739	leiden3	0.0360687300533729	GeoB25202_R2	16.4375	3	IG-A	MFI	0
LV7008886739	leiden4	0.665776929651485	GeoB25202_R2	16.4375	3	IG-A	MFI	0
LV7008886739	leiden5	0.00969315154435766	GeoB25202_R2	16.4375	3	IG-A	MFI	10.9658646417569
LV7008886739	leiden6	0.00168835980760313	GeoB25202_R2	16.4375	3	IG-A	MFI	0
LV7008886739	grey	0.00215719078749966	GeoB25202_R2	16.4375	3	IG-A	MFI	0
LV7008886740	leiden3	0.108824478465076	GeoB25202_R1	43.105	4	IG-B	MFI	0
LV7008886740	leiden4	0.673580344292439	GeoB25202_R1	43.105	4	IG-B	MFI	0
LV7008886740	leiden2	0.190887159971522	GeoB25202_R1	43.105	4	IG-B	MFI	0
LV7008886740	leiden6	0.00688892189652788	GeoB25202_R1	43.105	4	IG-B	MFI	0
LV7008886740	leiden1	0.0126663969145825	GeoB25202_R1	43.105	4	IG-B	MFI	0
LV7008886740	grey	0.00361604376130014	GeoB25202_R1	43.105	4	IG-B	MFI	0
LV7008886740	leiden5	0.00353665469855205	GeoB25202_R1	43.105	4	IG-B	MFI	0
LV7008886741	leiden4	0.739686468646865	GeoB25202_R1	58.997	2	IG-E	MFI	0
LV7008886741	leiden2	0.121809680968097	GeoB25202_R1	58.997	2	IG-E	MFI	0
LV7008886741	grey	0.0385038503850385	GeoB25202_R1	58.997	2	IG-E	MFI	-13.9183688456592
LV7008886741	leiden1	0.0635863586358636	GeoB25202_R1	58.997	2	IG-E	MFI	0
LV7008886741	leiden5	0.0110836083608361	GeoB25202_R1	58.997	2	IG-E	MFI	0
LV7008886741	leiden3	0.0253300330033003	GeoB25202_R1	58.997	2	IG-E	MFI	0
LV7008886742	leiden1	0.0181050867242334	GeoB25202_R2	75.351	1	IG-D	MFI	0
LV7008886742	leiden2	0.0991963604256147	GeoB25202_R2	75.351	1	IG-D	MFI	0
LV7008886742	leiden3	0.115022971820236	GeoB25202_R2	75.351	1	IG-D	MFI	0
LV7008886742	leiden4	0.687858607324045	GeoB25202_R2	75.351	1	IG-D	MFI	0
LV7008886742	grey	0.0578268807710151	GeoB25202_R2	75.351	1	IG-D	MFI	0
LV7008886742	leiden5	0.0194961164903249	GeoB25202_R2	75.351	1	IG-D	MFI	0
LV7008886742	leiden6	0.00249397644453091	GeoB25202_R2	75.351	1	IG-D	MFI	0
LV7008886743	leiden3	0.131823487077372	GeoB25202_R1	81.6705	1	IG-D	MFI	0
LV7008886743	leiden4	0.659454904110406	GeoB25202_R1	81.6705	1	IG-D	MFI	0
LV7008886743	grey	0.127050448777468	GeoB25202_R1	81.6705	1	IG-D	MFI	0
LV7008886743	leiden1	0.00762381000324417	GeoB25202_R1	81.6705	1	IG-D	MFI	0
LV7008886743	leiden5	0.0219559761795557	GeoB25202_R1	81.6705	1	IG-D	MFI	0
LV7008886743	leiden2	0.0520913738519538	GeoB25202_R1	81.6705	1	IG-D	MFI	0
LV7008886744	leiden3	0.188002819143326	GeoB25202_R1	105.5785	1	IG-D	MFI	0
LV7008886744	leiden4	0.555620547143939	GeoB25202_R1	105.5785	1	IG-D	MFI	0
LV7008886744	leiden5	0.0654012484777585	GeoB25202_R1	105.5785	1	IG-D	MFI	0
LV7008886744	leiden1	0.00420234545053554	GeoB25202_R1	105.5785	1	IG-D	MFI	0
LV7008886744	grey	0.148810494117196	GeoB25202_R1	105.5785	1	IG-D	MFI	0
LV7008886744	leiden2	0.0376005638286651	GeoB25202_R1	105.5785	1	IG-D	MFI	0
LV7008886744	leiden6	0.000361981838580072	GeoB25202_R1	105.5785	1	IG-D	MFI	0
LV7008886745	leiden1	0.00938108836638288	GeoB25202_R2	136.2775	4	IG-B	MFI	0
LV7008886745	leiden4	0.693766847260402	GeoB25202_R2	136.2775	4	IG-B	MFI	0
LV7008886745	leiden5	0.010822279751261	GeoB25202_R2	136.2775	4	IG-B	MFI	0
LV7008886745	leiden2	0.158624462889322	GeoB25202_R2	136.2775	4	IG-B	MFI	0
LV7008886745	leiden3	0.120272758813953	GeoB25202_R2	136.2775	4	IG-B	MFI	0
LV7008886745	grey	0.00637860631455336	GeoB25202_R2	136.2775	4	IG-B	MFI	0
LV7008886745	leiden6	0.000753956604126078	GeoB25202_R2	136.2775	4	IG-B	MFI	0
LV7008886751	leiden2	0.0822610955905648	GeoB25202_R1	7.1335	3	IG-A	MFI	0
LV7008886751	leiden3	0.0150143285043634	GeoB25202_R1	7.1335	3	IG-A	MFI	0
LV7008886751	leiden4	0.691910155237464	GeoB25202_R1	7.1335	3	IG-A	MFI	0
LV7008886751	leiden5	0.146825768267043	GeoB25202_R1	7.1335	3	IG-A	MFI	-1.92768263529605
LV7008886751	leiden1	0.0592868868984188	GeoB25202_R1	7.1335	3	IG-A	MFI	0
LV7008886751	grey	0.00449475821548919	GeoB25202_R1	7.1335	3	IG-A	MFI	0
LV7008886752	leiden3	0.0739448278036757	GeoB25202_R2	43.105	5	G-A	MFI	0
LV7008886752	leiden4	0.689557855126999	GeoB25202_R2	43.105	5	G-A	MFI	0
LV7008886752	leiden5	0.0107921609022635	GeoB25202_R2	43.105	5	G-A	MFI	0
LV7008886752	leiden2	0.144329057111474	GeoB25202_R2	43.105	5	G-A	MFI	0
LV7008886752	leiden6	0.0126762561949158	GeoB25202_R2	43.105	5	G-A	MFI	0
LV7008886752	leiden1	0.00857434161774676	GeoB25202_R2	43.105	5	G-A	MFI	0
LV7008886752	grey	0.0601255012429248	GeoB25202_R2	43.105	5	G-A	MFI	0
LV7008886753	leiden4	0.821454260119009	GeoB25202_R2	58.997	4	IG-B	MFI	0
LV7008886753	grey	0.00704025807014102	GeoB25202_R2	58.997	4	IG-B	MFI	0
LV7008886753	leiden3	0.0357462019660411	GeoB25202_R2	58.997	4	IG-B	MFI	0
LV7008886753	leiden2	0.106769981908934	GeoB25202_R2	58.997	4	IG-B	MFI	0
LV7008886753	leiden5	0.0047461801695765	GeoB25202_R2	58.997	4	IG-B	MFI	0
LV7008886753	leiden1	0.0227010178948974	GeoB25202_R2	58.997	4	IG-B	MFI	0
LV7008886753	leiden6	0.00154209987140086	GeoB25202_R2	58.997	4	IG-B	MFI	0
LV7008886754	leiden3	0.138168627813508	GeoB25202_R1	71.8895	1	IG-D	MFI	0
LV7008886754	leiden4	0.627237710366565	GeoB25202_R1	71.8895	1	IG-D	MFI	0
LV7008886754	leiden1	0.0188278901053429	GeoB25202_R1	71.8895	1	IG-D	MFI	0
LV7008886754	grey	0.0598019924019317	GeoB25202_R1	71.8895	1	IG-D	MFI	0
LV7008886754	leiden5	0.048836298164754	GeoB25202_R1	71.8895	1	IG-D	MFI	0
LV7008886754	leiden6	0.00324876850543442	GeoB25202_R1	71.8895	1	IG-D	MFI	0
LV7008886754	leiden2	0.103878712642464	GeoB25202_R1	71.8895	1	IG-D	MFI	0
LV7008886755	leiden3	0.119082532183512	GeoB25202_R2	81.6705	1	IG-D	MFI	0
LV7008886755	leiden4	0.691872828172813	GeoB25202_R2	81.6705	1	IG-D	MFI	0
LV7008886755	leiden1	0.00504028930977741	GeoB25202_R2	81.6705	1	IG-D	MFI	0
LV7008886755	grey	0.103501170095226	GeoB25202_R2	81.6705	1	IG-D	MFI	0
LV7008886755	leiden5	0.0149857058212434	GeoB25202_R2	81.6705	1	IG-D	MFI	0
LV7008886755	leiden2	0.0655174744174277	GeoB25202_R2	81.6705	1	IG-D	MFI	0
LV7008886756	leiden3	0.169243866088525	GeoB25202_R2	105.5785	1	IG-D	MFI	0
LV7008886756	leiden4	0.589906960367721	GeoB25202_R2	105.5785	1	IG-D	MFI	0
LV7008886756	grey	0.145923667951247	GeoB25202_R2	105.5785	1	IG-D	MFI	0
LV7008886756	leiden1	0.00546710332752941	GeoB25202_R2	105.5785	1	IG-D	MFI	0
LV7008886756	leiden5	0.0274729779917137	GeoB25202_R2	105.5785	1	IG-D	MFI	0
LV7008886756	leiden2	0.0609315538920856	GeoB25202_R2	105.5785	1	IG-D	MFI	0
LV7008886756	leiden6	0.00105387038117792	GeoB25202_R2	105.5785	1	IG-D	MFI	0
LV7008886757	leiden3	0.216319107662464	GeoB25202_R1	123.1195	2	IG-E	MFI	0
LV7008886757	leiden1	0.0155431619786615	GeoB25202_R1	123.1195	2	IG-E	MFI	0
LV7008886757	leiden4	0.541658583899127	GeoB25202_R1	123.1195	2	IG-E	MFI	0
LV7008886757	grey	0.0450775945683802	GeoB25202_R1	123.1195	2	IG-E	MFI	0
LV7008886757	leiden5	0.057274490785645	GeoB25202_R1	123.1195	2	IG-E	MFI	0
LV7008886757	leiden2	0.124127061105723	GeoB25202_R1	123.1195	2	IG-E	MFI	0
LV7008886763	leiden2	0.0476157662624035	GeoB25202_R2	7.1335	3	IG-A	MFI	0
LV7008886763	leiden1	0.0210963340683572	GeoB25202_R2	7.1335	3	IG-A	MFI	0
LV7008886763	leiden4	0.794990352811466	GeoB25202_R2	7.1335	3	IG-A	MFI	0
LV7008886763	leiden5	0.123518467475193	GeoB25202_R2	7.1335	3	IG-A	MFI	-1.9429663730113
LV7008886763	leiden3	0.00709757442116869	GeoB25202_R2	7.1335	3	IG-A	MFI	0
LV7008886763	grey	0.00568150496141125	GeoB25202_R2	7.1335	3	IG-A	MFI	0
LV7008886765	leiden4	0.657961128415321	GeoB25202_R1	58.181	4	IG-B	MFI	0
LV7008886765	leiden1	0.0192286350554516	GeoB25202_R1	58.181	4	IG-B	MFI	0
LV7008886765	leiden2	0.156169464523082	GeoB25202_R1	58.181	4	IG-B	MFI	0
LV7008886765	leiden6	0.00716912172709987	GeoB25202_R1	58.181	4	IG-B	MFI	0
LV7008886765	leiden3	0.0692743822890387	GeoB25202_R1	58.181	4	IG-B	MFI	0
LV7008886765	leiden5	0.0164739364076461	GeoB25202_R1	58.181	4	IG-B	MFI	0
LV7008886765	grey	0.0737233315823611	GeoB25202_R1	58.181	4	IG-B	MFI	0
LV7008886766	leiden2	0.0858955884211857	GeoB25202_R2	71.8895	1	IG-D	MFI	0
LV7008886766	leiden3	0.163755951628534	GeoB25202_R2	71.8895	1	IG-D	MFI	0
LV7008886766	leiden4	0.651439767412464	GeoB25202_R2	71.8895	1	IG-D	MFI	0
LV7008886766	leiden1	0.0175612017022711	GeoB25202_R2	71.8895	1	IG-D	MFI	0
LV7008886766	leiden5	0.0234239244933215	GeoB25202_R2	71.8895	1	IG-D	MFI	0
LV7008886766	leiden6	0.00158007837188725	GeoB25202_R2	71.8895	1	IG-D	MFI	0
LV7008886766	grey	0.0563434879703367	GeoB25202_R2	71.8895	1	IG-D	MFI	0
LV7008886768	leiden3	0.137457665315047	GeoB25202_R1	102.2955	1	IG-D	MFI	0
LV7008886768	leiden4	0.659441333996091	GeoB25202_R1	102.2955	1	IG-D	MFI	0
LV7008886768	leiden1	0.00347787728015932	GeoB25202_R1	102.2955	1	IG-D	MFI	0
LV7008886768	grey	0.0920262950537744	GeoB25202_R1	102.2955	1	IG-D	MFI	0
LV7008886768	leiden2	0.0863683513167505	GeoB25202_R1	102.2955	1	IG-D	MFI	0
LV7008886768	leiden5	0.0193824530222849	GeoB25202_R1	102.2955	1	IG-D	MFI	0
LV7008886768	leiden6	0.00184602401589339	GeoB25202_R1	102.2955	1	IG-D	MFI	0
LV7008886769	leiden1	0.0211340023403425	GeoB25202_R2	123.1195	2	IG-E	MFI	0
LV7008886769	leiden4	0.516736995142016	GeoB25202_R2	123.1195	2	IG-E	MFI	0
LV7008886769	leiden3	0.173185348037304	GeoB25202_R2	123.1195	2	IG-E	MFI	0
LV7008886769	leiden2	0.211827594766143	GeoB25202_R2	123.1195	2	IG-E	MFI	0
LV7008886769	grey	0.0101414843445268	GeoB25202_R2	123.1195	2	IG-E	MFI	0
LV7008886769	leiden5	0.0669745753696677	GeoB25202_R2	123.1195	2	IG-E	MFI	0
LV7008886776	leiden1	0.0363832790038343	GeoB25202_R1	36.607	5	G-A	MFI	0
LV7008886776	leiden2	0.20001248954001	GeoB25202_R1	36.607	5	G-A	MFI	0
LV7008886776	leiden3	0.0376047560168359	GeoB25202_R1	36.607	5	G-A	MFI	0
LV7008886776	leiden4	0.681649118862952	GeoB25202_R1	36.607	5	G-A	MFI	0
LV7008886776	leiden5	0.0029125607303883	GeoB25202_R1	36.607	5	G-A	MFI	0
LV7008886776	leiden6	0.0222576092522512	GeoB25202_R1	36.607	5	G-A	MFI	0
LV7008886776	grey	0.0191801865937278	GeoB25202_R1	36.607	5	G-A	MFI	0
LV7008886778	leiden2	0.0904935407837077	GeoB25202_R1	68.149	1	IG-D	MFI	0
LV7008886778	leiden3	0.0956741903423567	GeoB25202_R1	68.149	1	IG-D	MFI	0
LV7008886778	leiden4	0.733146527020065	GeoB25202_R1	68.149	1	IG-D	MFI	0
LV7008886778	leiden1	0.0115776905765658	GeoB25202_R1	68.149	1	IG-D	MFI	0
LV7008886778	grey	0.0553846125077953	GeoB25202_R1	68.149	1	IG-D	MFI	0
LV7008886778	leiden5	0.0133447773236957	GeoB25202_R1	68.149	1	IG-D	MFI	0
LV7008886778	leiden6	0.000378661445813547	GeoB25202_R1	68.149	1	IG-D	MFI	0
LV7008886780	leiden3	0.125858970233577	GeoB25202_R2	102.2955	1	IG-D	MFI	0
LV7008886780	leiden4	0.687399303293714	GeoB25202_R2	102.2955	1	IG-D	MFI	0
LV7008886780	leiden2	0.0929364028473693	GeoB25202_R2	102.2955	1	IG-D	MFI	0
LV7008886780	leiden1	0.00948525133113057	GeoB25202_R2	102.2955	1	IG-D	MFI	0
LV7008886780	grey	0.0684731996802372	GeoB25202_R2	102.2955	1	IG-D	MFI	0
LV7008886780	leiden5	0.0158468726139716	GeoB25202_R2	102.2955	1	IG-D	MFI	0
LV7008886781	leiden3	0.24325302658569	GeoB25202_R1	120.0235	2	IG-E	MFI	0
LV7008886781	leiden4	0.60117443590878	GeoB25202_R1	120.0235	2	IG-E	MFI	0
LV7008886781	leiden2	0.140650766198769	GeoB25202_R1	120.0235	2	IG-E	MFI	0
LV7008886781	leiden1	0.0102159835900736	GeoB25202_R1	120.0235	2	IG-E	MFI	0
LV7008886781	grey	0.00470578771668745	GeoB25202_R1	120.0235	2	IG-E	MFI	0
LV3003046936	leiden1	0.0675888164049875	ST8	22.905	3	IG-A	DCI	-1.17414013666293
LV3003046936	leiden2	0.226342027148859	ST8	22.905	3	IG-A	DCI	0.373838205964115
LV3003046936	leiden3	0.0310325837344991	ST8	22.905	3	IG-A	DCI	-1.65924405887216
LV3003046936	leiden4	0.652404017895113	ST8	22.905	3	IG-A	DCI	-1.49568975241408
LV3003046936	grey	0.00475604725534557	ST8	22.905	3	IG-A	DCI	-13.4367342858094
LV3003046936	leiden5	0.0156151657679419	ST8	22.905	3	IG-A	DCI	-3.2150590263415
LV3003046936	leiden6	0.00226134179325361	ST8	22.905	3	IG-A	DCI	-1.66390991007096
LV3003046937	leiden1	0.0275715531018451	ST8	18.598	3	IG-A	DCI	-2.12648995891223
LV3003046937	leiden4	0.729887040534651	ST8	18.598	3	IG-A	DCI	-1.62789659688404
LV3003046937	leiden2	0.203187200348685	ST8	18.598	3	IG-A	DCI	-0.0634168160283711
LV3003046937	leiden3	0.0212952201075113	ST8	18.598	3	IG-A	DCI	-2.62697988812549
LV3003046937	leiden5	0.0143959755920384	ST8	18.598	3	IG-A	DCI	-2.16882138534931
LV3003046937	leiden6	0.00240447479296818	ST8	18.598	3	IG-A	DCI	-14.5413501002098
LV3003046937	grey	0.00125853552230132	ST8	18.598	3	IG-A	DCI	-14.8803705598275
LV3003046938	leiden3	0.303806676365772	ST8	11.169	1	IG-D	DCI	-1.56741615772194
LV3003046938	leiden4	0.531410418974653	ST8	11.169	1	IG-D	DCI	-1.0384851800982
LV3003046938	leiden1	0.0339063813883958	ST8	11.169	1	IG-D	DCI	-2.90931104116691
LV3003046938	leiden2	0.0849094379412982	ST8	11.169	1	IG-D	DCI	-0.343645028886956
LV3003046938	leiden6	0.0190600766140334	ST8	11.169	1	IG-D	DCI	-5.00631223764846
LV3003046938	grey	0.0269070087158474	ST8	11.169	1	IG-D	DCI	-11.6772781206664
LV3003046939	leiden3	0.136189321809062	ST8	2.42	1	IG-D	DCI	-2.72556657252454
LV3003046939	leiden4	0.802420386438417	ST8	2.42	1	IG-D	DCI	-2.73936421646921
LV3003046939	leiden1	0.00662742083037104	ST8	2.42	1	IG-D	DCI	-12.7064238356592
LV3003046939	leiden2	0.0446195037030558	ST8	2.42	1	IG-D	DCI	-0.422505346065931
LV3003046939	leiden6	0.00229200770009359	ST8	2.42	1	IG-D	DCI	-14.8200171061925
LV3003046939	grey	0.00352318084631316	ST8	2.42	1	IG-D	DCI	0
LV3003046939	leiden5	0.00432817867268749	ST8	2.42	1	IG-D	DCI	0
LV3003046949	leiden1	0.064534801475789	ST8	22.3686666666667	3	IG-A	DCI	-1.83275066898007
LV3003046949	leiden2	0.194733038940185	ST8	22.3686666666667	3	IG-A	DCI	-0.28849242001054
LV3003046949	leiden3	0.0313815449905374	ST8	22.3686666666667	3	IG-A	DCI	-2.67924420185313
LV3003046949	leiden4	0.688840205692875	ST8	22.3686666666667	3	IG-A	DCI	-1.03340803442972
LV3003046949	grey	0.00224809313528703	ST8	22.3686666666667	3	IG-A	DCI	-13.3704981527679
LV3003046949	leiden5	0.0164454894764008	ST8	22.3686666666667	3	IG-A	DCI	-3.63268398547904
LV3003046949	leiden6	0.00181682628892585	ST8	22.3686666666667	3	IG-A	DCI	-14.2074161362868
LV3003046950	leiden1	0.057981312567371	ST8	18.099	3	IG-A	DCI	-1.55086955828303
LV3003046950	leiden2	0.244606698666357	ST8	18.099	3	IG-A	DCI	0.0239382897044242
LV3003046950	leiden4	0.631955219768268	ST8	18.099	3	IG-A	DCI	-1.62672698760796
LV3003046950	leiden6	0.0102875138367242	ST8	18.099	3	IG-A	DCI	-2.12203592739046
LV3003046950	leiden3	0.0302897373801824	ST8	18.099	3	IG-A	DCI	-1.57697211118452
LV3003046950	leiden5	0.0211224544052746	ST8	18.099	3	IG-A	DCI	-2.98178936758498
LV3003046950	grey	0.00375706337582235	ST8	18.099	3	IG-A	DCI	-13.0705451530659
LV3003046952	leiden3	0.303315248057641	ST8	10.26	1	IG-D	DCI	-1.92568967990619
LV3003046952	leiden4	0.563267502929815	ST8	10.26	1	IG-D	DCI	-1.74398884921694
LV3003046952	leiden2	0.0705169495203785	ST8	10.26	1	IG-D	DCI	0.450734506499259
LV3003046952	leiden6	0.00727114892139416	ST8	10.26	1	IG-D	DCI	-14.5569019766531
LV3003046952	leiden1	0.0275897391379834	ST8	10.26	1	IG-D	DCI	-2.06218829353228
LV3003046952	grey	0.0278084986327532	ST8	10.26	1	IG-D	DCI	0
LV3003046952	leiden5	0.000230912800034724	ST8	10.26	1	IG-D	DCI	0
LV3003046953	leiden1	0.0064390028429954	ST8	1.5215	1	IG-D	DCI	-1.09593132191485
LV3003046953	leiden3	0.0649280889399481	ST8	1.5215	1	IG-D	DCI	-2.34544564030708
LV3003046953	leiden4	0.874965462332129	ST8	1.5215	1	IG-D	DCI	-2.87622217812811
LV3003046953	leiden2	0.0373811177116432	ST8	1.5215	1	IG-D	DCI	-0.760651063083306
LV3003046953	leiden5	0.0145203626818681	ST8	1.5215	1	IG-D	DCI	0
LV3003046953	grey	0.000730289898277479	ST8	1.5215	1	IG-D	DCI	0
LV3003046953	leiden6	0.001035675593139	ST8	1.5215	1	IG-D	DCI	-14.9141228466324
LV3003046965	leiden1	0.0665505382532902	ST8	21.8323333333333	3	IG-A	DCI	-1.73546992567932
LV3003046965	leiden2	0.214692880686631	ST8	21.8323333333333	3	IG-A	DCI	-0.444216705231921
LV3003046965	leiden3	0.0362607476751289	ST8	21.8323333333333	3	IG-A	DCI	-2.04419012056776
LV3003046965	leiden4	0.652748727145557	ST8	21.8323333333333	3	IG-A	DCI	-1.28624567472432
LV3003046965	leiden5	0.0232858750558646	ST8	21.8323333333333	3	IG-A	DCI	-2.17411663999043
LV3003046965	leiden6	0.00341000159136584	ST8	21.8323333333333	3	IG-A	DCI	-1.87749638086539
LV3003046965	grey	0.00305122959216248	ST8	21.8323333333333	3	IG-A	DCI	-13.1452109288206
LV3003046966	leiden1	0.0731596843201466	ST8	17.373	3	IG-A	DCI	-1.84055476530022
LV3003046966	leiden4	0.595533305730167	ST8	17.373	3	IG-A	DCI	-1.68243794314205
LV3003046966	leiden2	0.23655412102734	ST8	17.373	3	IG-A	DCI	0.139642816757054
LV3003046966	grey	0.00552816150361978	ST8	17.373	3	IG-A	DCI	-12.964346859903
LV3003046966	leiden6	0.0251000614797807	ST8	17.373	3	IG-A	DCI	-2.75458737329498
LV3003046966	leiden3	0.0239620581924945	ST8	17.373	3	IG-A	DCI	-1.95485158357387
LV3003046966	leiden5	0.0401626077464524	ST8	17.373	3	IG-A	DCI	-12.4988961174824
LV3003046978	leiden1	0.0567054923903407	ST8	21.296	3	IG-A	DCI	-2.05136762187431
LV3003046978	leiden2	0.174142952509914	ST8	21.296	3	IG-A	DCI	-0.333619715067929
LV3003046978	leiden3	0.0410158567035269	ST8	21.296	3	IG-A	DCI	-1.06696045672644
LV3003046978	leiden4	0.685284903314752	ST8	21.296	3	IG-A	DCI	-1.49692364156575
LV3003046978	leiden5	0.039265154211338	ST8	21.296	3	IG-A	DCI	-2.29251786824415
LV3003046978	leiden6	0.00214801508664714	ST8	21.296	3	IG-A	DCI	-1.74113641615246
LV3003046978	grey	0.00143762578348148	ST8	21.296	3	IG-A	DCI	-13.1184494780832
LV3003046979	leiden2	0.131277610536387	ST8	16.461	3	IG-A	DCI	-0.0299690363920273
LV3003046979	leiden3	0.0831497866550346	ST8	16.461	3	IG-A	DCI	-2.10553715954138
LV3003046979	leiden4	0.677146329335696	ST8	16.461	3	IG-A	DCI	-1.66725565880894
LV3003046979	leiden5	0.0665112129518435	ST8	16.461	3	IG-A	DCI	-3.08809330029086
LV3003046979	leiden1	0.0259263048867396	ST8	16.461	3	IG-A	DCI	-1.04583059146693
LV3003046979	grey	0.00902385478540746	ST8	16.461	3	IG-A	DCI	-11.2278260898913
LV3003046979	leiden6	0.00696490084889217	ST8	16.461	3	IG-A	DCI	-4.02749225523426
LV3003046980	leiden3	0.231435199081151	ST8	8.056	1	IG-D	DCI	-2.08667746326601
LV3003046980	leiden4	0.669660098581995	ST8	8.056	1	IG-D	DCI	-1.5143407997315
LV3003046980	grey	0.0184932326809202	ST8	8.056	1	IG-D	DCI	0
LV3003046980	leiden2	0.058524601256478	ST8	8.056	1	IG-D	DCI	0.735047130294441
LV3003046980	leiden1	0.0204450937153545	ST8	8.056	1	IG-D	DCI	-2.99596213219194
LV3003046980	leiden5	0.000596835729640355	ST8	8.056	1	IG-D	DCI	13.3842803146445
LV3003046980	leiden6	0.000844938954461781	ST8	8.056	1	IG-D	DCI	0
LV3003046993	leiden1	0.0447990398981116	ST8	20.719	3	IG-A	DCI	-2.36109234299307
LV3003046993	leiden3	0.118954664576649	ST8	20.719	3	IG-A	DCI	-1.75633816042096
LV3003046993	leiden4	0.516279278617323	ST8	20.719	3	IG-A	DCI	-2.46314793202045
LV3003046993	leiden5	0.207243217647587	ST8	20.719	3	IG-A	DCI	-2.53224866467376
LV3003046993	leiden2	0.101137263546336	ST8	20.719	3	IG-A	DCI	-0.788013999683099
LV3003046993	grey	0.0109203425669663	ST8	20.719	3	IG-A	DCI	10.6196556843304
LV3003046993	leiden6	0.000666193147027848	ST8	20.719	3	IG-A	DCI	-14.1732878352867
LV3003046994	leiden4	0.563438373826373	ST8	15.549	3	IG-A	DCI	-3.3991316021833
LV3003046994	leiden1	0.0133300640115877	ST8	15.549	3	IG-A	DCI	-1.6861944493644
LV3003046994	leiden3	0.0528363531257206	ST8	15.549	3	IG-A	DCI	-0.342841124596752
LV3003046994	grey	0.0427539597223891	ST8	15.549	3	IG-A	DCI	9.06642991464067
LV3003046994	leiden5	0.260495659488232	ST8	15.549	3	IG-A	DCI	-2.72122145241204
LV3003046994	leiden2	0.0671455898256975	ST8	15.549	3	IG-A	DCI	-1.03966975303466
LV3003046995	leiden1	0.0189651714972032	ST8	6.9705	1	IG-D	DCI	0
LV3003046995	leiden3	0.278983574895717	ST8	6.9705	1	IG-D	DCI	-2.64551097957773
LV3003046995	leiden4	0.631589277104835	ST8	6.9705	1	IG-D	DCI	-1.73953053827295
LV3003046995	leiden2	0.0659478816891874	ST8	6.9705	1	IG-D	DCI	0.396397035894194
LV3003046995	grey	0.00226558066704497	ST8	6.9705	1	IG-D	DCI	0
LV3003046995	leiden5	0.000671283160605918	ST8	6.9705	1	IG-D	DCI	0
LV3003046995	leiden6	0.0015772309854067	ST8	6.9705	1	IG-D	DCI	-13.9666940679696
LV3003047009	leiden2	0.0767326194192605	ST8	20.142	3	IG-A	DCI	-0.82769141249772
LV3003047009	leiden4	0.537685798040997	ST8	20.142	3	IG-A	DCI	-3.67610047524263
LV3003047009	leiden5	0.185338474674904	ST8	20.142	3	IG-A	DCI	-1.6935222765733
LV3003047009	leiden1	0.0642046783307681	ST8	20.142	3	IG-A	DCI	-3.17825419099778
LV3003047009	grey	0.0680987550919405	ST8	20.142	3	IG-A	DCI	8.92095974288882
LV3003047009	leiden3	0.067692215653536	ST8	20.142	3	IG-A	DCI	-1.72598561748249
LV3003047010	leiden3	0.249238901097297	ST8	13.676	1	IG-D	DCI	-2.14559149641711
LV3003047010	leiden4	0.636551729172903	ST8	13.676	1	IG-D	DCI	-1.33139307363806
LV3003047010	leiden1	0.0260138859483256	ST8	13.676	1	IG-D	DCI	-2.07944154167984
LV3003047010	leiden6	0.00538208260022048	ST8	13.676	1	IG-D	DCI	-13.8493849795921
LV3003047010	grey	0.0120359486906179	ST8	13.676	1	IG-D	DCI	0
LV3003047010	leiden2	0.0704839639929037	ST8	13.676	1	IG-D	DCI	-0.60834237325116
LV3003047010	leiden5	0.00029348849773313	ST8	13.676	1	IG-D	DCI	0
LV3003047013	leiden1	0.0121836031475954	ST8	5.885	1	IG-D	DCI	10.5529470074387
LV3003047013	leiden3	0.176217948928916	ST8	5.885	1	IG-D	DCI	-10.6709547913576
LV3003047013	leiden4	0.759327762620495	ST8	5.885	1	IG-D	DCI	-1.56886672622673
LV3003047013	leiden2	0.0400064505300295	ST8	5.885	1	IG-D	DCI	-1.01023604780461
LV3003047013	grey	0.00819151492014178	ST8	5.885	1	IG-D	DCI	0
LV3003047013	leiden5	0.00224452116333334	ST8	5.885	1	IG-D	DCI	0
LV3003047013	leiden6	0.00182819868948926	ST8	5.885	1	IG-D	DCI	-13.9625639759208
LV3003047026	leiden1	0.0480425790321367	ST8	19.565	3	IG-A	DCI	-3.09755092047839
LV3003047026	leiden2	0.0833631322002181	ST8	19.565	3	IG-A	DCI	-1.7583973658515
LV3003047026	leiden4	0.555858437784924	ST8	19.565	3	IG-A	DCI	-3.07037273673277
LV3003047026	leiden5	0.196658521318975	ST8	19.565	3	IG-A	DCI	-2.59251576102163
LV3003047026	grey	0.0351618851395141	ST8	19.565	3	IG-A	DCI	9.37336517081289
LV3003047026	leiden3	0.0805362746030237	ST8	19.565	3	IG-A	DCI	-0.122072408455853
LV3003047026	leiden6	0.00037916992120849	ST8	19.565	3	IG-A	DCI	0
LV3003047027	leiden3	0.173283232363142	ST8	12.877	1	IG-D	DCI	-1.76583326211518
LV3003047027	leiden4	0.644947100399491	ST8	12.877	1	IG-D	DCI	-1.66122845053071
LV3003047027	leiden1	0.0275610211159401	ST8	12.877	1	IG-D	DCI	-1.98989819726588
LV3003047027	leiden2	0.114587448966153	ST8	12.877	1	IG-D	DCI	-0.289586834932435
LV3003047027	leiden6	0.0145089775670574	ST8	12.877	1	IG-D	DCI	-3.34568159434011
LV3003047027	grey	0.0241793428157513	ST8	12.877	1	IG-D	DCI	-13.6058921494271
LV3003047027	leiden5	0.000932876772465868	ST8	12.877	1	IG-D	DCI	0
LV3003047028	leiden4	0.913595827023389	ST8	4.753	2	IG-E	DCI	-10.8087591442562
LV3003047028	leiden3	0.0751304055190981	ST8	4.753	2	IG-E	DCI	0
LV3003047028	leiden2	0.011273767457513	ST8	4.753	2	IG-E	DCI	0
LV3003047041	leiden1	0.0475840127394038	ST8	19.097	3	IG-A	DCI	-1.51167544309806
LV3003047041	leiden2	0.153316146303758	ST8	19.097	3	IG-A	DCI	-0.462527317224387
LV3003047041	leiden4	0.731841796915241	ST8	19.097	3	IG-A	DCI	-1.90441254479484
LV3003047041	leiden3	0.0332654758035734	ST8	19.097	3	IG-A	DCI	-1.50217882013803
LV3003047041	leiden5	0.0309825118983294	ST8	19.097	3	IG-A	DCI	-2.1693118016961
LV3003047041	leiden6	0.00113450346033525	ST8	19.097	3	IG-A	DCI	-14.7208451809523
LV3003047041	grey	0.00187555287935915	ST8	19.097	3	IG-A	DCI	-13.3145580750482
LV3003047044	leiden1	0.0547942307866642	ST8	12.078	5	G-A	DCI	-1.31134763865489
LV3003047044	leiden4	0.616467580659296	ST8	12.078	5	G-A	DCI	-1.47936335620904
LV3003047044	leiden2	0.230913579650016	ST8	12.078	5	G-A	DCI	0.0884731111447244
LV3003047044	leiden6	0.0609194117167127	ST8	12.078	5	G-A	DCI	-3.33707528734359
LV3003047044	leiden3	0.0285378434649124	ST8	12.078	5	G-A	DCI	-10.8423923134114
LV3003047044	grey	0.00270148581719946	ST8	12.078	5	G-A	DCI	-14.3625839721226
LV3003047044	leiden5	0.00566586790520021	ST8	12.078	5	G-A	DCI	0
LV3003047045	leiden1	0.00964934970253997	ST8	3.5865	1	IG-D	DCI	10.4431824224758
LV3003047045	leiden3	0.190753921608771	ST8	3.5865	1	IG-D	DCI	-10.6005328031077
LV3003047045	leiden4	0.731214377950507	ST8	3.5865	1	IG-D	DCI	-2.04107307297282
LV3003047045	leiden2	0.0615602944539708	ST8	3.5865	1	IG-D	DCI	-0.929581684406666
LV3003047045	leiden6	0.00252369144052148	ST8	3.5865	1	IG-D	DCI	-14.8525084197267
LV3003047045	grey	0.00393883618576047	ST8	3.5865	1	IG-D	DCI	0
LV3003047045	leiden5	0.000359528657929455	ST8	3.5865	1	IG-D	DCI	0
LV3003047059	leiden4	0.41034057752289	ST8	107.683	2	IG-E	DCI	-1.56198430235934
LV3003047059	leiden1	0.102399637790522	ST8	107.683	2	IG-E	DCI	-13.2814497459072
LV3003047059	leiden5	0.194825938223161	ST8	107.683	2	IG-E	DCI	-11.4886846255974
LV3003047059	grey	0.0767682865479425	ST8	107.683	2	IG-E	DCI	10.4601031507094
LV3003047059	leiden2	0.0952309085421068	ST8	107.683	2	IG-E	DCI	0
LV3003047059	leiden3	0.120434651373378	ST8	107.683	2	IG-E	DCI	0
LV3003047060	leiden4	0.736343509175288	ST8	106.686	2	IG-E	DCI	-1.66869937647083
LV3003047060	leiden2	0.156001192148848	ST8	106.686	2	IG-E	DCI	0
LV3003047060	leiden3	0.0793630519010517	ST8	106.686	2	IG-E	DCI	0
LV3003047060	grey	0.00261846979179972	ST8	106.686	2	IG-E	DCI	0
LV3003047060	leiden5	0.0146038233916635	ST8	106.686	2	IG-E	DCI	0
LV3003047060	leiden1	0.0110699535913484	ST8	106.686	2	IG-E	DCI	-13.6507266218356
LV3003047061	leiden4	0.521830789159534	ST8	105.689	2	IG-E	DCI	-1.43670312734439
LV3003047061	leiden3	0.106931497802951	ST8	105.689	2	IG-E	DCI	0
LV3003047061	leiden2	0.117294455309746	ST8	105.689	2	IG-E	DCI	10.4560875106199
LV3003047061	leiden5	0.159965456808311	ST8	105.689	2	IG-E	DCI	0
LV3003047061	leiden1	0.0551675090802875	ST8	105.689	2	IG-E	DCI	0
LV3003047061	grey	0.038810291839171	ST8	105.689	2	IG-E	DCI	0
LV3003047062	leiden1	0.0603264185478951	ST8	104.692	2	IG-E	DCI	-12.9915373701435
LV3003047062	leiden5	0.239043115720968	ST8	104.692	2	IG-E	DCI	-12.3178466673899
LV3003047062	leiden4	0.44727476103315	ST8	104.692	2	IG-E	DCI	-10.7134953119193
LV3003047062	grey	0.04220052877771	ST8	104.692	2	IG-E	DCI	-12.3515802292014
LV3003047062	leiden2	0.0929174293268253	ST8	104.692	2	IG-E	DCI	0
LV3003047062	leiden3	0.111373805165751	ST8	104.692	2	IG-E	DCI	0
LV3003047062	leiden6	0.00686394142769982	ST8	104.692	2	IG-E	DCI	0
LV3003047063	leiden1	0.175253961804145	ST8	103.695	2	IG-E	DCI	0
LV3003047063	leiden5	0.251279967492889	ST8	103.695	2	IG-E	DCI	0
LV3003047063	leiden3	0.149776513612353	ST8	103.695	2	IG-E	DCI	0
LV3003047063	leiden4	0.2503860219423	ST8	103.695	2	IG-E	DCI	-9.71438710203192
LV3003047063	grey	0.0818366517675742	ST8	103.695	2	IG-E	DCI	0
LV3003047063	leiden2	0.0914668833807395	ST8	103.695	2	IG-E	DCI	0
LV3003047064	leiden4	0.366758747697974	ST8	96.283	2	IG-E	DCI	-10.2619533611633
LV3003047064	grey	0.0900092081031307	ST8	96.283	2	IG-E	DCI	-12.3922231795612
LV3003047064	leiden5	0.195303867403315	ST8	96.283	2	IG-E	DCI	-13.8645027627446
LV3003047064	leiden3	0.268324125230203	ST8	96.283	2	IG-E	DCI	-10.9441740451097
LV3003047064	leiden1	0.0566298342541437	ST8	96.283	2	IG-E	DCI	0
LV3003047064	leiden2	0.0229742173112339	ST8	96.283	2	IG-E	DCI	-12.806913891044
LV3003047065	leiden4	0.729876493681405	ST8	53.61018	2	IG-E	DCI	-4.0674454900178
LV3003047065	leiden5	0.0313637275410494	ST8	53.61018	2	IG-E	DCI	-13.7670743740784
LV3003047065	leiden3	0.0316144654268275	ST8	53.61018	2	IG-E	DCI	-11.1662037365042
LV3003047065	leiden2	0.141530790612374	ST8	53.61018	2	IG-E	DCI	-0.0249684455671414
LV3003047065	grey	0.0141416167578875	ST8	53.61018	2	IG-E	DCI	0
LV3003047065	leiden1	0.0514729059804568	ST8	53.61018	2	IG-E	DCI	0.00815887038828667
LV3003047067	leiden4	0.73902937240262	ST8	42.86602	4	IG-B	DCI	-2.08627261676241
LV3003047067	leiden1	0.013784060554505	ST8	42.86602	4	IG-B	DCI	-3.32423634052603
LV3003047067	leiden2	0.193759786737176	ST8	42.86602	4	IG-B	DCI	-0.652779161789392
LV3003047067	leiden5	0.0147214200183137	ST8	42.86602	4	IG-B	DCI	-11.4376560360493
LV3003047067	leiden6	0.00831432426135532	ST8	42.86602	4	IG-B	DCI	-2.3011903926285
LV3003047067	leiden3	0.0285434084123948	ST8	42.86602	4	IG-B	DCI	-9.38135533629142
LV3003047067	grey	0.00184762761363452	ST8	42.86602	4	IG-B	DCI	0
LV3003047068	leiden4	0.774593772242593	ST8	37.78969	4	IG-B	DCI	-2.49407351705699
LV3003047068	leiden2	0.179458722807112	ST8	37.78969	4	IG-B	DCI	-0.611296154129625
LV3003047068	leiden3	0.0240582633657956	ST8	37.78969	4	IG-B	DCI	0.405417562571805
LV3003047068	leiden1	0.0127206549568726	ST8	37.78969	4	IG-B	DCI	-3.05694669190772
LV3003047068	leiden6	0.00523196389236525	ST8	37.78969	4	IG-B	DCI	-14.024237339028
LV3003047068	leiden5	0.00393662273526128	ST8	37.78969	4	IG-B	DCI	-0.956257992281221
LV3003047069	leiden4	0.730071652063903	ST8	33.7436870748299	4	IG-B	DCI	-2.12893119966518
LV3003047069	leiden1	0.0115177962942742	ST8	33.7436870748299	4	IG-B	DCI	-10.5432837752617
LV3003047069	leiden2	0.218936025211888	ST8	33.7436870748299	4	IG-B	DCI	-0.688666217124909
LV3003047069	leiden6	0.00945069261151629	ST8	33.7436870748299	4	IG-B	DCI	-13.026256067227
LV3003047069	leiden3	0.0191084721129264	ST8	33.7436870748299	4	IG-B	DCI	-11.4572148579562
LV3003047069	grey	0.00241350357130755	ST8	33.7436870748299	4	IG-B	DCI	0
LV3003047069	leiden5	0.00850185813418477	ST8	33.7436870748299	4	IG-B	DCI	-1.50564111875246
LV3003047070	leiden4	0.684001162975102	ST8	30.128	5	G-A	DCI	-1.58017724852777
LV3003047070	leiden1	0.0256977850610562	ST8	30.128	5	G-A	DCI	-3.34584728657899
LV3003047070	leiden2	0.187665195326955	ST8	30.128	5	G-A	DCI	-0.47083530292743
LV3003047070	leiden6	0.0537413437648676	ST8	30.128	5	G-A	DCI	-4.18804157826314
LV3003047070	leiden5	0.0200514087857483	ST8	30.128	5	G-A	DCI	-15.1341969366526
LV3003047070	leiden3	0.0263255273034836	ST8	30.128	5	G-A	DCI	-11.5416260989581
LV3003047070	grey	0.00251757678278797	ST8	30.128	5	G-A	DCI	-14.9577754767901
LV3003047071	leiden1	0.0515240520427732	ST8	26.141	5	G-A	DCI	-2.01037656607451
LV3003047071	leiden3	0.0201829670847873	ST8	26.141	5	G-A	DCI	-0.527162043085684
LV3003047071	leiden4	0.581205678536623	ST8	26.141	5	G-A	DCI	-1.68844789238547
LV3003047071	leiden2	0.290198640995585	ST8	26.141	5	G-A	DCI	-0.0538045339777786
LV3003047071	leiden6	0.0328680562105065	ST8	26.141	5	G-A	DCI	-2.87701023061533
LV3003047071	grey	0.00497388430048998	ST8	26.141	5	G-A	DCI	-13.4649439757286
LV3003047071	leiden5	0.0190467208292352	ST8	26.141	5	G-A	DCI	-14.0400207769433
LV3003047073	leiden5	0.345617095508068	ST8	101.685	2	IG-E	DCI	0
LV3003047073	leiden3	0.234845180985608	ST8	101.685	2	IG-E	DCI	0
LV3003047073	leiden1	0.134976013955517	ST8	101.685	2	IG-E	DCI	0
LV3003047073	grey	0.0985608373310074	ST8	101.685	2	IG-E	DCI	0
LV3003047073	leiden4	0.186000872219799	ST8	101.685	2	IG-E	DCI	0
LV3003047074	leiden5	0.397179644389945	ST8	100.672	2	IG-E	DCI	0
LV3003047074	leiden3	0.183936235438381	ST8	100.672	2	IG-E	DCI	0
LV3003047074	leiden2	0.0131207847946045	ST8	100.672	2	IG-E	DCI	0
LV3003047074	leiden1	0.0955242182709994	ST8	100.672	2	IG-E	DCI	0
LV3003047074	grey	0.0982219497240956	ST8	100.672	2	IG-E	DCI	0
LV3003047074	leiden4	0.212017167381974	ST8	100.672	2	IG-E	DCI	0
LV3003047077	leiden4	0.540474279143434	ST8	99.7145	2	IG-E	DCI	-11.2572028188993
LV3003047077	grey	0.154173265930442	ST8	99.7145	2	IG-E	DCI	-13.8529381122676
LV3003047077	leiden2	0.161832027944718	ST8	99.7145	2	IG-E	DCI	0.681315485222707
LV3003047077	leiden3	0.110997808682823	ST8	99.7145	2	IG-E	DCI	0
LV3003047077	leiden5	0.0272287431385737	ST8	99.7145	2	IG-E	DCI	0
LV3003047077	leiden1	0.00529387516000955	ST8	99.7145	2	IG-E	DCI	0
LV3003047078	grey	0.114213197969543	ST8	98.757	2	IG-E	DCI	-12.4714489604677
LV3003047078	leiden2	0.0963720513586145	ST8	98.757	2	IG-E	DCI	0.40545304276039
LV3003047078	leiden3	0.185204538668259	ST8	98.757	2	IG-E	DCI	0
LV3003047078	leiden4	0.37249925350851	ST8	98.757	2	IG-E	DCI	0
LV3003047078	leiden5	0.231710958495073	ST8	98.757	2	IG-E	DCI	0
LV3003047079	leiden3	0.199708471809224	ST8	97.52	1	IG-D	DCI	-0.378796861026003
LV3003047079	leiden4	0.530482187627544	ST8	97.52	1	IG-D	DCI	-1.09165815772241
LV3003047079	grey	0.0837094046994345	ST8	97.52	1	IG-D	DCI	-12.2307023990701
LV3003047079	leiden5	0.105894700017492	ST8	97.52	1	IG-D	DCI	-12.1064585358906
LV3003047079	leiden2	0.062451169028045	ST8	97.52	1	IG-D	DCI	0.477381265122508
LV3003047079	leiden1	0.0167395487143607	ST8	97.52	1	IG-D	DCI	0
LV3003047079	leiden6	0.00101451810390065	ST8	97.52	1	IG-D	DCI	0
LV3003047080	leiden4	0.71049988903684	ST8	87.9935	1	IG-D	DCI	-2.19563163495797
LV3003047080	leiden1	0.00652185974256547	ST8	87.9935	1	IG-D	DCI	-13.4149250606839
LV3003047080	leiden3	0.0854471815357301	ST8	87.9935	1	IG-D	DCI	-0.125688215163497
LV3003047080	leiden5	0.0809420772303595	ST8	87.9935	1	IG-D	DCI	-10.6269139943071
LV3003047080	grey	0.038598535286285	ST8	87.9935	1	IG-D	DCI	-11.1603694215155
LV3003047080	leiden2	0.0779904571682202	ST8	87.9935	1	IG-D	DCI	-1.44807172081613
LV3003047081	leiden4	0.709164102347932	ST8	52.20718	4	IG-B	DCI	-1.74342582184354
LV3003047081	leiden2	0.204295409518189	ST8	52.20718	4	IG-B	DCI	-0.44225490102238
LV3003047081	leiden6	0.00877137517739465	ST8	52.20718	4	IG-B	DCI	-3.22205660153829
LV3003047081	leiden3	0.0321347777824615	ST8	52.20718	4	IG-B	DCI	-11.3560747433669
LV3003047081	leiden5	0.00941772400904888	ST8	52.20718	4	IG-B	DCI	-13.8688904467448
LV3003047081	leiden1	0.0312460481389369	ST8	52.20718	4	IG-B	DCI	-1.27501701622565
LV3003047081	grey	0.00497056302603662	ST8	52.20718	4	IG-B	DCI	-12.8795938616334
LV3003047082	leiden4	0.804272810061779	ST8	41.9168333333333	4	IG-B	DCI	-2.27063049733221
LV3003047082	leiden6	0.0037510152846489	ST8	41.9168333333333	4	IG-B	DCI	-13.2686088777245
LV3003047082	leiden2	0.140367717640109	ST8	41.9168333333333	4	IG-B	DCI	-0.00410678195265336
LV3003047082	leiden3	0.02979152821876	ST8	41.9168333333333	4	IG-B	DCI	-11.0262603373292
LV3003047082	leiden1	0.0132811538556204	ST8	41.9168333333333	4	IG-B	DCI	-13.6272410282442
LV3003047082	leiden5	0.00761032759851338	ST8	41.9168333333333	4	IG-B	DCI	-12.4610457457068
LV3003047082	grey	0.000925447340569544	ST8	41.9168333333333	4	IG-B	DCI	0
LV3003047083	leiden1	0.0151838688941267	ST8	37.30319	4	IG-B	DCI	-2.30372210278112
LV3003047083	leiden4	0.747999497565409	ST8	37.30319	4	IG-B	DCI	-2.21290102651887
LV3003047083	leiden6	0.00895515771274041	ST8	37.30319	4	IG-B	DCI	-2.08559540725421
LV3003047083	leiden2	0.193610953074087	ST8	37.30319	4	IG-B	DCI	-0.84024236313108
LV3003047083	leiden3	0.0281732808239927	ST8	37.30319	4	IG-B	DCI	0
LV3003047083	leiden5	0.00567086101033685	ST8	37.30319	4	IG-B	DCI	-14.570852309544
LV3003047083	grey	0.000406380919307527	ST8	37.30319	4	IG-B	DCI	0
LV3003047084	leiden1	0.0240780443961764	ST8	33.276	5	G-A	DCI	-1.4220194556317
LV3003047084	leiden3	0.082725561973954	ST8	33.276	5	G-A	DCI	-1.70485080909949
LV3003047084	leiden4	0.679709018734026	ST8	33.276	5	G-A	DCI	-1.98408257339795
LV3003047084	leiden6	0.010695527614197	ST8	33.276	5	G-A	DCI	-2.64679776719024
LV3003047084	leiden2	0.192839688796098	ST8	33.276	5	G-A	DCI	-0.82470279610219
LV3003047084	grey	0.00256153392440854	ST8	33.276	5	G-A	DCI	-13.0496040231219
LV3003047084	leiden5	0.00739062456114071	ST8	33.276	5	G-A	DCI	-14.9726737538931
LV3003047085	leiden1	0.0477365585566041	ST8	29.703	5	G-A	DCI	-3.66145659663062
LV3003047085	leiden2	0.214378367140326	ST8	29.703	5	G-A	DCI	-0.595536632881764
LV3003047085	leiden4	0.602155421773873	ST8	29.703	5	G-A	DCI	-1.67386495292274
LV3003047085	leiden6	0.0562425425751166	ST8	29.703	5	G-A	DCI	-2.6261095546503
LV3003047085	grey	0.0145148606139495	ST8	29.703	5	G-A	DCI	-14.1888602745479
LV3003047085	leiden3	0.0223202986585674	ST8	29.703	5	G-A	DCI	-10.7829643112876
LV3003047085	leiden5	0.0426519506815634	ST8	29.703	5	G-A	DCI	-4.89167509526686
LV3003047087	leiden4	0.639679559940627	ST8	94.9015	2	IG-E	DCI	-1.91983305212511
LV3003047087	grey	0.0689339037806688	ST8	94.9015	2	IG-E	DCI	-12.0659148046582
LV3003047087	leiden2	0.164236444599668	ST8	94.9015	2	IG-E	DCI	0.758914857299228
LV3003047087	leiden3	0.06762420326552	ST8	94.9015	2	IG-E	DCI	0
LV3003047087	leiden5	0.0569064873832184	ST8	94.9015	2	IG-E	DCI	0
LV3003047087	leiden1	0.00261940103029774	ST8	94.9015	2	IG-E	DCI	0
LV3003047088	leiden3	0.109364810225642	ST8	93.52	2	IG-E	DCI	0.405433266842951
LV3003047088	leiden4	0.652189035259337	ST8	93.52	2	IG-E	DCI	0.269687301459498
LV3003047088	leiden5	0.0909308290943872	ST8	93.52	2	IG-E	DCI	-12.9689296291408
LV3003047088	leiden2	0.0264336333202904	ST8	93.52	2	IG-E	DCI	-11.33717323022
LV3003047088	leiden1	0.0449545671927308	ST8	93.52	2	IG-E	DCI	0
LV3003047088	grey	0.0761271249076127	ST8	93.52	2	IG-E	DCI	0
LV3003047089	leiden4	0.560686434051187	ST8	92.1385	2	IG-E	DCI	-1.06799678972184
LV3003047089	leiden3	0.177906460680094	ST8	92.1385	2	IG-E	DCI	-0.503067632955052
LV3003047089	grey	0.12903748476587	ST8	92.1385	2	IG-E	DCI	0
LV3003047089	leiden5	0.102091566808265	ST8	92.1385	2	IG-E	DCI	-12.1418101006604
LV3003047089	leiden1	0.00535396016935421	ST8	92.1385	2	IG-E	DCI	0
LV3003047089	leiden2	0.0249240935252305	ST8	92.1385	2	IG-E	DCI	-10.7501605993395
LV3003047090	leiden1	0.0103750997605746	ST8	90.757	2	IG-E	DCI	0
LV3003047090	leiden3	0.117780962054705	ST8	90.757	2	IG-E	DCI	0
LV3003047090	leiden4	0.665584415584416	ST8	90.757	2	IG-E	DCI	-1.60468354531683
LV3003047090	grey	0.0645360226365813	ST8	90.757	2	IG-E	DCI	-1.57691472072854
LV3003047090	leiden2	0.023652325328303	ST8	90.757	2	IG-E	DCI	-10.6853929602435
LV3003047090	leiden5	0.116075963143002	ST8	90.757	2	IG-E	DCI	-10.6274845198147
LV3003047090	leiden6	0.0019952114924182	ST8	90.757	2	IG-E	DCI	-15.3165530510454
LV3003047091	leiden4	0.686357682792155	ST8	89.37525	1	IG-D	DCI	-1.35629211081609
LV3003047091	leiden5	0.0699922097711727	ST8	89.37525	1	IG-D	DCI	-11.7716325911222
LV3003047091	grey	0.031880013354678	ST8	89.37525	1	IG-D	DCI	-0.80155647906713
LV3003047091	leiden3	0.122905840959482	ST8	89.37525	1	IG-D	DCI	0.807688722292158
LV3003047091	leiden2	0.0515439206252729	ST8	89.37525	1	IG-D	DCI	-10.4596094512173
LV3003047091	leiden1	0.0373203324972392	ST8	89.37525	1	IG-D	DCI	0
LV3003047093	leiden3	0.103283772177436	ST8	79.675	1	IG-D	DCI	-0.352428114749844
LV3003047093	leiden4	0.693386167648168	ST8	79.675	1	IG-D	DCI	-1.69809314499171
LV3003047093	leiden1	0.00465288015689758	ST8	79.675	1	IG-D	DCI	0
LV3003047093	grey	0.0385287373544135	ST8	79.675	1	IG-D	DCI	0
LV3003047093	leiden5	0.071607263737234	ST8	79.675	1	IG-D	DCI	-11.6320900515437
LV3003047093	leiden2	0.0882334841483678	ST8	79.675	1	IG-D	DCI	-0.603649099383715
LV3003047094	leiden4	0.805451258517591	ST8	50.6848	4	IG-B	DCI	-1.74235879009378
LV3003047094	leiden5	0.0112040302903882	ST8	50.6848	4	IG-B	DCI	-14.5475257801873
LV3003047094	leiden2	0.114325356190187	ST8	50.6848	4	IG-B	DCI	-0.0835507993632765
LV3003047094	leiden6	0.00223448502547376	ST8	50.6848	4	IG-B	DCI	-0.960990910792062
LV3003047094	leiden3	0.0603247746551877	ST8	50.6848	4	IG-B	DCI	-0.426234014884492
LV3003047094	grey	0.000410867119252601	ST8	50.6848	4	IG-B	DCI	0
LV3003047094	leiden1	0.00604922820191907	ST8	50.6848	4	IG-B	DCI	-0.0901099477298553
LV3003047095	leiden4	0.823780739675663	ST8	40.9751666666667	4	IG-B	DCI	-2.28468302070321
LV3003047095	leiden1	0.0106041830238476	ST8	40.9751666666667	4	IG-B	DCI	-13.6882041743256
LV3003047095	leiden2	0.130387621831437	ST8	40.9751666666667	4	IG-B	DCI	0.539295362430002
LV3003047095	leiden6	0.0015103787298314	ST8	40.9751666666667	4	IG-B	DCI	12.7314062957857
LV3003047095	leiden3	0.0289399916125106	ST8	40.9751666666667	4	IG-B	DCI	9.93269297806914
LV3003047095	leiden5	0.004777085126711	ST8	40.9751666666667	4	IG-B	DCI	-14.2229539060845
LV3003047096	leiden1	0.0181585728479747	ST8	36.89377	5	G-A	DCI	-2.58950351516053
LV3003047096	leiden4	0.777931653800588	ST8	36.89377	5	G-A	DCI	-1.78953963549767
LV3003047096	leiden2	0.146274787714202	ST8	36.89377	5	G-A	DCI	0.728685343092943
LV3003047096	leiden6	0.0244392391071103	ST8	36.89377	5	G-A	DCI	-2.15133044762644
LV3003047096	leiden3	0.0225458427326939	ST8	36.89377	5	G-A	DCI	0.4401405842967
LV3003047096	leiden5	0.0106499037974318	ST8	36.89377	5	G-A	DCI	-14.0781613218021
LV3003047097	leiden1	0.0239862146073559	ST8	32.835	5	G-A	DCI	0
LV3003047097	leiden4	0.69073171930385	ST8	32.835	5	G-A	DCI	-1.96024327147466
LV3003047097	leiden2	0.188520158986614	ST8	32.835	5	G-A	DCI	-0.0543283860667457
LV3003047097	leiden6	0.0424312419754148	ST8	32.835	5	G-A	DCI	-3.11015607092344
LV3003047097	leiden3	0.0314379442318207	ST8	32.835	5	G-A	DCI	0
LV3003047097	leiden5	0.00844693176722099	ST8	32.835	5	G-A	DCI	-15.3113113739012
LV3003047097	grey	0.0144457891277238	ST8	32.835	5	G-A	DCI	-11.8241429797092
LV3003047098	leiden4	0.679412195360037	ST8	29.278	5	G-A	DCI	-1.87873777688783
LV3003047098	leiden3	0.0252497315589106	ST8	29.278	5	G-A	DCI	0
LV3003047098	leiden2	0.161922851657827	ST8	29.278	5	G-A	DCI	-1.04546596257296
LV3003047098	leiden6	0.0616112973025738	ST8	29.278	5	G-A	DCI	-3.18660597990135
LV3003047098	grey	0.0151384505254938	ST8	29.278	5	G-A	DCI	-13.5077463995045
LV3003047098	leiden5	0.0194985845833469	ST8	29.278	5	G-A	DCI	-4.14610649678069
LV3003047098	leiden1	0.0371668890118114	ST8	29.278	5	G-A	DCI	-12.8221274565672
LV3003047099	leiden4	0.671455921523158	ST8	25.058	3	IG-A	DCI	-1.7126685018341
LV3003047099	leiden1	0.0578196937187847	ST8	25.058	3	IG-A	DCI	-2.08623749028211
LV3003047099	leiden2	0.204836270835948	ST8	25.058	3	IG-A	DCI	0.205460635188976
LV3003047099	leiden6	0.00597660755801792	ST8	25.058	3	IG-A	DCI	-2.5828714634847
LV3003047099	leiden3	0.0351105772008359	ST8	25.058	3	IG-A	DCI	-12.6265180416589
LV3003047099	leiden5	0.0202646840267194	ST8	25.058	3	IG-A	DCI	-3.49492985932486
LV3003047099	grey	0.0045362451365356	ST8	25.058	3	IG-A	DCI	-13.6696695695127
LV3003047100	leiden3	0.115572961501957	ST8	86.61175	1	IG-D	DCI	-0.318192913715319
LV3003047100	leiden4	0.694494108150208	ST8	86.61175	1	IG-D	DCI	-2.19073679285748
LV3003047100	leiden5	0.0734675987677094	ST8	86.61175	1	IG-D	DCI	-11.4939036821412
LV3003047100	grey	0.033336171259377	ST8	86.61175	1	IG-D	DCI	-11.0948959425745
LV3003047100	leiden2	0.074517631403859	ST8	86.61175	1	IG-D	DCI	-1.0133227147198
LV3003047100	leiden1	0.0081984530149811	ST8	86.61175	1	IG-D	DCI	-12.9116423460887
LV3003047100	leiden6	0.000413075901908663	ST8	86.61175	1	IG-D	DCI	0
LV3003047101	leiden4	0.784229019065722	ST8	85.23	1	IG-D	DCI	-2.26981921017459
LV3003047101	leiden1	0.00996966380584836	ST8	85.23	1	IG-D	DCI	-13.0654031936535
LV3003047101	grey	0.0213169364283931	ST8	85.23	1	IG-D	DCI	0
LV3003047101	leiden2	0.0820469251003206	ST8	85.23	1	IG-D	DCI	-9.16294131634749
LV3003047101	leiden3	0.0704548509110458	ST8	85.23	1	IG-D	DCI	-0.693147180559945
LV3003047101	leiden5	0.03198260468867	ST8	85.23	1	IG-D	DCI	0
LV3003047104	leiden4	0.788166470534987	ST8	83.84125	2	IG-E	DCI	-3.08034932211365
LV3003047104	leiden5	0.0706300353037024	ST8	83.84125	2	IG-E	DCI	0
LV3003047104	grey	0.0449895899339187	ST8	83.84125	2	IG-E	DCI	0
LV3003047104	leiden2	0.0366615370688875	ST8	83.84125	2	IG-E	DCI	-10.630045927941
LV3003047104	leiden3	0.0538720919706708	ST8	83.84125	2	IG-E	DCI	0
LV3003047104	leiden1	0.0056802751878338	ST8	83.84125	2	IG-E	DCI	0
LV3003047105	leiden4	0.678319761348061	ST8	82.4525	2	IG-E	DCI	-11.705903364231
LV3003047105	leiden5	0.100104813351608	ST8	82.4525	2	IG-E	DCI	-11.8843112594255
LV3003047105	grey	0.0564863339514634	ST8	82.4525	2	IG-E	DCI	0
LV3003047105	leiden2	0.0297669918568088	ST8	82.4525	2	IG-E	DCI	0
LV3003047105	leiden3	0.135322099492058	ST8	82.4525	2	IG-E	DCI	0
LV3003047106	leiden3	0.0858510667736669	ST8	81.06375	2	IG-E	DCI	1.29028633932772
LV3003047106	leiden4	0.698851592550571	ST8	81.06375	2	IG-E	DCI	-2.53257384921281
LV3003047106	leiden1	0.00277278135982511	ST8	81.06375	2	IG-E	DCI	0
LV3003047106	leiden5	0.0935329440739408	ST8	81.06375	2	IG-E	DCI	-11.5246903065498
LV3003047106	grey	0.0598776876885187	ST8	81.06375	2	IG-E	DCI	9.93586284533033
LV3003047106	leiden2	0.0576694246893765	ST8	81.06375	2	IG-E	DCI	-10.3988694470916
LV3003047106	leiden6	0.00144450286410051	ST8	81.06375	2	IG-E	DCI	0
LV3003047107	leiden4	0.727265814259177	ST8	71.517	1	IG-D	DCI	-1.94639006459939
LV3003047107	leiden3	0.0598350949996198	ST8	71.517	1	IG-D	DCI	10.960455471993
LV3003047107	leiden5	0.0454738031351504	ST8	71.517	1	IG-D	DCI	-11.4872768293625
LV3003047107	leiden2	0.138804094742522	ST8	71.517	1	IG-D	DCI	-0.55770776929905
LV3003047107	grey	0.0200355592249393	ST8	71.517	1	IG-D	DCI	0
LV3003047107	leiden1	0.00719150923924261	ST8	71.517	1	IG-D	DCI	0
LV3003047107	leiden6	0.00139412439934965	ST8	71.517	1	IG-D	DCI	-14.5812803780618
LV3003047110	leiden1	0.00909806765200741	ST8	49.1548	4	IG-B	DCI	-14.6698993893861
LV3003047110	leiden4	0.763325609984081	ST8	49.1548	4	IG-B	DCI	-2.19722457733622
LV3003047110	leiden6	0.00525149982155098	ST8	49.1548	4	IG-B	DCI	1.11252496367284
LV3003047110	leiden2	0.153766407396287	ST8	49.1548	4	IG-B	DCI	-0.0639164371361721
LV3003047110	leiden5	0.0112167957353516	ST8	49.1548	4	IG-B	DCI	-14.5660686457376
LV3003047110	leiden3	0.0573416194107217	ST8	49.1548	4	IG-B	DCI	0
LV3003047112	leiden4	0.717683027801459	ST8	40.0335	4	IG-B	DCI	-2.0563448480625
LV3003047112	leiden2	0.22858159203675	ST8	40.0335	4	IG-B	DCI	-0.102081122970491
LV3003047112	leiden6	0.00421039074143356	ST8	40.0335	4	IG-B	DCI	0.0689928714869514
LV3003047112	leiden3	0.0224288404099381	ST8	40.0335	4	IG-B	DCI	-9.8452716430077
LV3003047112	leiden5	0.00376573913363467	ST8	40.0335	4	IG-B	DCI	-13.6787165197049
LV3003047112	leiden1	0.0219995216162013	ST8	40.0335	4	IG-B	DCI	-1.86720681522786
LV3003047112	grey	0.00133088826058424	ST8	40.0335	4	IG-B	DCI	0
LV3003047113	leiden1	0.0255930075498801	ST8	36.48927	5	G-A	DCI	-1.74428078065643
LV3003047113	leiden4	0.74020639768036	ST8	36.48927	5	G-A	DCI	-2.00136500494475
LV3003047113	leiden2	0.17669538910554	ST8	36.48927	5	G-A	DCI	-0.174302221855299
LV3003047113	leiden6	0.0227772813954419	ST8	36.48927	5	G-A	DCI	-2.45718632475504
LV3003047113	leiden3	0.0246747531476885	ST8	36.48927	5	G-A	DCI	-10.4195495967072
LV3003047113	leiden5	0.0084605141081597	ST8	36.48927	5	G-A	DCI	-13.8200039378004
LV3003047113	grey	0.00159265701292986	ST8	36.48927	5	G-A	DCI	-13.8758536878717
LV3003047114	leiden3	0.0322884697696868	ST8	32.3855	5	G-A	DCI	-9.64034183981931
LV3003047114	leiden4	0.72523609605945	ST8	32.3855	5	G-A	DCI	-1.58508172351806
LV3003047114	leiden6	0.039282559399674	ST8	32.3855	5	G-A	DCI	-2.39235509242276
LV3003047114	grey	0.00104729206699026	ST8	32.3855	5	G-A	DCI	0
LV3003047114	leiden2	0.189883158632874	ST8	32.3855	5	G-A	DCI	0.441199123403336
LV3003047114	leiden5	0.00477200907045999	ST8	32.3855	5	G-A	DCI	-15.3824552328008
LV3003047114	leiden1	0.00749041500086516	ST8	32.3855	5	G-A	DCI	-13.2419684603307
LV3003047117	leiden1	0.0243973578107575	ST8	28.7616666666667	5	G-A	DCI	-10.0820932948721
LV3003047117	leiden4	0.687875096508536	ST8	28.7616666666667	5	G-A	DCI	-2.01919487262381
LV3003047117	leiden6	0.0234194046495668	ST8	28.7616666666667	5	G-A	DCI	-14.1441025331602
LV3003047117	leiden2	0.220187012095736	ST8	28.7616666666667	5	G-A	DCI	-0.317128038501803
LV3003047117	leiden5	0.0100712018529639	ST8	28.7616666666667	5	G-A	DCI	-14.6295025217672
LV3003047117	leiden3	0.0290640816676675	ST8	28.7616666666667	5	G-A	DCI	-9.63110283143912
LV3003047117	grey	0.00498584541477224	ST8	28.7616666666667	5	G-A	DCI	-13.4733788404355
LV3003047118	leiden1	0.0700427752549014	ST8	24.528	3	IG-A	DCI	-2.78786227766918
LV3003047118	leiden2	0.221388082023029	ST8	24.528	3	IG-A	DCI	-1.01701861329729
LV3003047118	leiden4	0.653007526202306	ST8	24.528	3	IG-A	DCI	-1.73502803291195
LV3003047118	leiden5	0.0147796612224056	ST8	24.528	3	IG-A	DCI	-14.8607085155631
LV3003047118	grey	0.00141978086583904	ST8	24.528	3	IG-A	DCI	0
LV3003047118	leiden6	0.00458436180319746	ST8	24.528	3	IG-A	DCI	-2.21109992382984
LV3003047118	leiden3	0.034777812628322	ST8	24.528	3	IG-A	DCI	-1.60825518018505
LV3003047122	leiden4	0.756766667430615	ST8	76.951	2	IG-E	DCI	-12.3703389874495
LV3003047122	leiden2	0.103980931863498	ST8	76.951	2	IG-E	DCI	-10.7185213889011
LV3003047122	leiden3	0.0619026883322256	ST8	76.951	2	IG-E	DCI	11.6474744810694
LV3003047122	leiden5	0.0436825338619852	ST8	76.951	2	IG-E	DCI	0
LV3003047122	leiden1	0.00786102262049366	ST8	76.951	2	IG-E	DCI	0
LV3003047122	grey	0.0258061558911833	ST8	76.951	2	IG-E	DCI	0
LV3003047123	leiden4	0.759338334295057	ST8	75.589	2	IG-E	DCI	-11.7062974146663
LV3003047123	leiden3	0.0551644547028275	ST8	75.589	2	IG-E	DCI	0
LV3003047123	leiden1	0.0578188113098673	ST8	75.589	2	IG-E	DCI	0
LV3003047123	leiden2	0.0899788420850164	ST8	75.589	2	IG-E	DCI	0
LV3003047123	leiden5	0.0211963839199846	ST8	75.589	2	IG-E	DCI	0
LV3003047123	grey	0.0165031736872475	ST8	75.589	2	IG-E	DCI	0
LV3003047124	leiden3	0.0496229347763514	ST8	74.227	2	IG-E	DCI	1.66439506165634
LV3003047124	leiden1	0.0447153301479477	ST8	74.227	2	IG-E	DCI	0
LV3003047124	leiden4	0.763744171320016	ST8	74.227	2	IG-E	DCI	-2.0862861953698
LV3003047124	leiden2	0.083932991767889	ST8	74.227	2	IG-E	DCI	-9.95662705315831
LV3003047124	leiden5	0.032654999712164	ST8	74.227	2	IG-E	DCI	0
LV3003047124	grey	0.0253295722756318	ST8	74.227	2	IG-E	DCI	0
LV3003047125	leiden4	0.793503997325831	ST8	72.872	2	IG-E	DCI	-2.20492946061508
LV3003047125	leiden3	0.0754802826448276	ST8	72.872	2	IG-E	DCI	-0.693147180559945
LV3003047125	leiden1	0.0058126038794024	ST8	72.872	2	IG-E	DCI	0
LV3003047125	leiden2	0.0676806224871631	ST8	72.872	2	IG-E	DCI	-10.9616609824708
LV3003047125	leiden5	0.0360641429194871	ST8	72.872	2	IG-E	DCI	0
LV3003047125	grey	0.021458350743289	ST8	72.872	2	IG-E	DCI	0
LV3003047126	leiden4	0.73531741541247	ST8	64.210824	4	IG-B	DCI	-1.96400429545158
LV3003047126	leiden5	0.0118252800724228	ST8	64.210824	4	IG-B	DCI	-13.8438143341271
LV3003047126	grey	0.00705367583267323	ST8	64.210824	4	IG-B	DCI	0
LV3003047126	leiden3	0.027032803993311	ST8	64.210824	4	IG-B	DCI	-11.571633065797
LV3003047126	leiden2	0.20314837866043	ST8	64.210824	4	IG-B	DCI	0.728910855822636
LV3003047126	leiden1	0.0142016521443929	ST8	64.210824	4	IG-B	DCI	-13.5664701499925
LV3003047126	leiden6	0.0014207938842996	ST8	64.210824	4	IG-B	DCI	13.5453727951634
LV3003047127	leiden4	0.775347871450265	ST8	47.6248	2	IG-E	DCI	-2.04730301110285
LV3003047127	leiden1	0.00823321591272998	ST8	47.6248	2	IG-E	DCI	0.46940631386878
LV3003047127	leiden5	0.0221687344400483	ST8	47.6248	2	IG-E	DCI	-1.60568556281555
LV3003047127	leiden2	0.143941819984918	ST8	47.6248	2	IG-E	DCI	-1.6081792590269
LV3003047127	leiden3	0.0487794799747942	ST8	47.6248	2	IG-E	DCI	0
LV3003047127	leiden6	0.00152887823724471	ST8	47.6248	2	IG-E	DCI	-14.9141228466324
LV3003047128	leiden1	0.0501688645455985	ST8	39.57797	5	G-A	DCI	2.59556955853355
LV3003047128	leiden4	0.689281572049724	ST8	39.57797	5	G-A	DCI	-2.45679434312032
LV3003047128	leiden2	0.197149995657039	ST8	39.57797	5	G-A	DCI	-0.357803243592266
LV3003047128	leiden6	0.0186083108947011	ST8	39.57797	5	G-A	DCI	-2.01318234331819
LV3003047128	leiden3	0.0319539748312632	ST8	39.57797	5	G-A	DCI	-10.4839454340001
LV3003047128	leiden5	0.00913554637005094	ST8	39.57797	5	G-A	DCI	-13.9954523278158
LV3003047128	grey	0.00370173565162299	ST8	39.57797	5	G-A	DCI	-14.5747478503532
LV3003047129	leiden4	0.708119441833562	ST8	36.0373	5	G-A	DCI	-1.90145161445634
LV3003047129	leiden2	0.213752922179645	ST8	36.0373	5	G-A	DCI	0.499719389341886
LV3003047129	leiden1	0.0262002024437857	ST8	36.0373	5	G-A	DCI	-0.578736829382201
LV3003047129	leiden6	0.0242209529318198	ST8	36.0373	5	G-A	DCI	-2.5629904929762
LV3003047129	leiden3	0.0194791892608392	ST8	36.0373	5	G-A	DCI	-11.71323054514
LV3003047129	leiden5	0.00790494782252428	ST8	36.0373	5	G-A	DCI	-11.8619492621734
LV3003047129	grey	0.00032234352782397	ST8	36.0373	5	G-A	DCI	0
LV3003047130	leiden1	0.0132058557544595	ST8	31.936	5	G-A	DCI	-2.72413633885383
LV3003047130	leiden4	0.638335683059462	ST8	31.936	5	G-A	DCI	-2.03577813855695
LV3003047130	leiden2	0.243352644527903	ST8	31.936	5	G-A	DCI	-0.550046336919272
LV3003047130	leiden6	0.0742947859774663	ST8	31.936	5	G-A	DCI	-2.35957874861631
LV3003047130	grey	0.00227864197677128	ST8	31.936	5	G-A	DCI	0
LV3003047130	leiden3	0.0221229676843548	ST8	31.936	5	G-A	DCI	0
LV3003047130	leiden5	0.00640942101958368	ST8	31.936	5	G-A	DCI	-14.4318445607626
LV3003047131	leiden4	0.703206336162315	ST8	28.2453333333333	5	G-A	DCI	-1.88129859649057
LV3003047131	leiden2	0.205709913713711	ST8	28.2453333333333	5	G-A	DCI	0.234063128731282
LV3003047131	leiden6	0.0203289930432565	ST8	28.2453333333333	5	G-A	DCI	-2.25565717361878
LV3003047131	leiden3	0.0361835673500616	ST8	28.2453333333333	5	G-A	DCI	0
LV3003047131	leiden5	0.012012071579365	ST8	28.2453333333333	5	G-A	DCI	-14.1574274541337
LV3003047131	leiden1	0.0176001360177957	ST8	28.2453333333333	5	G-A	DCI	-0.576925425470514
LV3003047131	grey	0.0049589821334958	ST8	28.2453333333333	5	G-A	DCI	-12.822030187399
LV3003047132	leiden1	0.0605498141533637	ST8	23.987	3	IG-A	DCI	-1.24504608154311
LV3003047132	leiden2	0.211011132130785	ST8	23.987	3	IG-A	DCI	-0.600687500678702
LV3003047132	leiden3	0.0311830333751794	ST8	23.987	3	IG-A	DCI	-2.10754433354012
LV3003047132	leiden4	0.680693799158355	ST8	23.987	3	IG-A	DCI	-1.62629725521755
LV3003047132	leiden6	0.00363886907835257	ST8	23.987	3	IG-A	DCI	-1.34692350264711
LV3003047132	grey	0.0031136364889856	ST8	23.987	3	IG-A	DCI	-11.9020429324202
LV3003047132	leiden5	0.00980971561497821	ST8	23.987	3	IG-A	DCI	-2.98195357119783
LV3003047133	leiden3	0.0661596471686185	ST8	70.162	1	IG-D	DCI	-0.68396437957761
LV3003047133	leiden4	0.729995183189331	ST8	70.162	1	IG-D	DCI	-2.08520177769898
LV3003047133	leiden6	0.00762410813739952	ST8	70.162	1	IG-D	DCI	-13.2404754145442
LV3003047133	leiden2	0.125173104133426	ST8	70.162	1	IG-D	DCI	-0.715484527899865
LV3003047133	grey	0.0220858295451124	ST8	70.162	1	IG-D	DCI	-11.1925103636753
LV3003047133	leiden5	0.0417218592889183	ST8	70.162	1	IG-D	DCI	-12.7676321937723
LV3003047133	leiden1	0.00724026853719481	ST8	70.162	1	IG-D	DCI	-12.3889138178204
LV3003047134	leiden1	0.0117168196341606	ST8	68.807	1	IG-D	DCI	-13.5475932347382
LV3003047134	leiden3	0.200600553021815	ST8	68.807	1	IG-D	DCI	-9.05454359159288
LV3003047134	leiden4	0.633987076038614	ST8	68.807	1	IG-D	DCI	-1.59213971237206
LV3003047134	leiden5	0.0480593310171301	ST8	68.807	1	IG-D	DCI	-13.5129618507992
LV3003047134	leiden2	0.0918182195413616	ST8	68.807	1	IG-D	DCI	-11.550422298811
LV3003047134	grey	0.0126448098563124	ST8	68.807	1	IG-D	DCI	0
LV3003047134	leiden6	0.00117319089060655	ST8	68.807	1	IG-D	DCI	0
LV3003047136	leiden3	0.121755465729093	ST8	67.8766	1	IG-D	DCI	-1.28414928231604
LV3003047136	leiden4	0.675765859934068	ST8	67.8766	1	IG-D	DCI	-1.73978337311251
LV3003047136	leiden5	0.0310985548985067	ST8	67.8766	1	IG-D	DCI	-12.5360094616287
LV3003047136	leiden2	0.153391273838327	ST8	67.8766	1	IG-D	DCI	-2.15516725220797
LV3003047136	leiden1	0.00968883171182761	ST8	67.8766	1	IG-D	DCI	-14.3059101991172
LV3003047136	grey	0.00830001388817824	ST8	67.8766	1	IG-D	DCI	0
LV3003047137	leiden4	0.718257855474343	ST8	66.9462	1	IG-D	DCI	-2.44746282016176
LV3003047137	leiden3	0.0329490367467912	ST8	66.9462	1	IG-D	DCI	11.5282067972109
LV3003047137	leiden5	0.0511591691156155	ST8	66.9462	1	IG-D	DCI	-11.5604804372472
LV3003047137	leiden2	0.145148569562706	ST8	66.9462	1	IG-D	DCI	-0.585394319263499
LV3003047137	grey	0.0229271845879487	ST8	66.9462	1	IG-D	DCI	0
LV3003047137	leiden1	0.0263331072765177	ST8	66.9462	1	IG-D	DCI	-9.96062959950341
LV3003047137	leiden6	0.00322507723607867	ST8	66.9462	1	IG-D	DCI	-14.9448000988794
LV3003047138	leiden4	0.679617476249622	ST8	66.0158	1	IG-D	DCI	-1.65745540699171
LV3003047138	leiden5	0.036519352781228	ST8	66.0158	1	IG-D	DCI	-12.9244083599484
LV3003047138	grey	0.0290921145389238	ST8	66.0158	1	IG-D	DCI	0
LV3003047138	leiden3	0.0994410688509181	ST8	66.0158	1	IG-D	DCI	9.191254847615
LV3003047138	leiden2	0.138352244116956	ST8	66.0158	1	IG-D	DCI	-9.86422784957177
LV3003047138	leiden1	0.0150936587330894	ST8	66.0158	1	IG-D	DCI	-13.6577392085362
LV3003047138	leiden6	0.00188408472926248	ST8	66.0158	1	IG-D	DCI	-14.0000568097803
LV3003047139	leiden4	0.713440208779942	ST8	58.6141266666667	4	IG-B	DCI	-2.27392787802249
LV3003047139	leiden2	0.241277534408302	ST8	58.6141266666667	4	IG-B	DCI	0.00575786476724503
LV3003047139	leiden3	0.0113658723501207	ST8	58.6141266666667	4	IG-B	DCI	0
LV3003047139	leiden1	0.0248133304336119	ST8	58.6141266666667	4	IG-B	DCI	-1.60683713073404
LV3003047139	leiden5	0.00688166029763569	ST8	58.6141266666667	4	IG-B	DCI	0
LV3003047139	grey	0.00123238160333882	ST8	58.6141266666667	4	IG-B	DCI	0
LV3003047140	leiden4	0.790471959263183	ST8	46.0948	2	IG-E	DCI	-11.4963601341238
LV3003047140	leiden2	0.174942756570179	ST8	46.0948	2	IG-E	DCI	0
LV3003047140	leiden3	0.0264515908547213	ST8	46.0948	2	IG-E	DCI	0
LV3003047140	leiden1	0.00471617511363248	ST8	46.0948	2	IG-E	DCI	0
LV3003047140	leiden6	0.00341751819828441	ST8	46.0948	2	IG-E	DCI	0
LV3003047141	leiden4	0.878246988826005	ST8	39.15347	2	IG-E	DCI	-12.5861013086239
LV3003047141	leiden3	0.051081120301843	ST8	39.15347	2	IG-E	DCI	0
LV3003047141	leiden5	0.0277173124365114	ST8	39.15347	2	IG-E	DCI	0
LV3003047141	leiden2	0.0429545784356407	ST8	39.15347	2	IG-E	DCI	0
LV3003047142	leiden4	0.627681739672673	ST8	35.5823	4	IG-B	DCI	-1.58038181431849
LV3003047142	leiden3	0.0183508940369492	ST8	35.5823	4	IG-B	DCI	0
LV3003047142	leiden1	0.0360633670030337	ST8	35.5823	4	IG-B	DCI	-1.36147919200017
LV3003047142	leiden6	0.0182024240204691	ST8	35.5823	4	IG-B	DCI	-1.5441707014802
LV3003047142	leiden5	0.015589351730418	ST8	35.5823	4	IG-B	DCI	-13.7991875839323
LV3003047142	leiden2	0.272294010224635	ST8	35.5823	4	IG-B	DCI	0.270675062076446
LV3003047142	grey	0.0118182133118217	ST8	35.5823	4	IG-B	DCI	0
LV3003047143	leiden4	0.694732335158419	ST8	31.398	5	G-A	DCI	-1.87088399782966
LV3003047143	leiden2	0.19102680540779	ST8	31.398	5	G-A	DCI	0.950829723460754
LV3003047143	leiden6	0.0436775047357085	ST8	31.398	5	G-A	DCI	-3.12397012165675
LV3003047143	leiden3	0.0350727871915302	ST8	31.398	5	G-A	DCI	-9.04893076202197
LV3003047143	leiden5	0.0181254378908581	ST8	31.398	5	G-A	DCI	-15.1239787937775
LV3003047143	leiden1	0.0141240885382879	ST8	31.398	5	G-A	DCI	-11.3069946695752
LV3003047143	grey	0.00324104107740613	ST8	31.398	5	G-A	DCI	-13.6756685483326
LV3003047144	leiden1	0.0506748558023252	ST8	27.729	5	G-A	DCI	-1.37019631711808
LV3003047144	leiden4	0.608688949703668	ST8	27.729	5	G-A	DCI	-1.556239504299
LV3003047144	leiden2	0.274667761536196	ST8	27.729	5	G-A	DCI	-0.168877624685114
LV3003047144	grey	0.00547333010774188	ST8	27.729	5	G-A	DCI	-11.7791861997168
LV3003047144	leiden6	0.0262188690994953	ST8	27.729	5	G-A	DCI	-2.36995838611151
LV3003047144	leiden3	0.0234058887903574	ST8	27.729	5	G-A	DCI	-1.8654304739289
LV3003047144	leiden5	0.0108703449602169	ST8	27.729	5	G-A	DCI	-3.92810219001973
LV3003047145	leiden4	0.66274954930894	ST8	23.446	3	IG-A	DCI	-2.09078125473279
LV3003047145	leiden5	0.0684646690817393	ST8	23.446	3	IG-A	DCI	-2.49929309565674
LV3003047145	leiden1	0.049615612155693	ST8	23.446	3	IG-A	DCI	-1.31447446613519
LV3003047145	leiden3	0.0299435879200821	ST8	23.446	3	IG-A	DCI	-1.32723661147629
LV3003047145	grey	0.0394216868966524	ST8	23.446	3	IG-A	DCI	8.82387589400933
LV3003047145	leiden2	0.149804894636893	ST8	23.446	3	IG-A	DCI	-0.330884576607232
LV3003047146	leiden4	0.666711919276306	ST8	63.2667	4	IG-B	DCI	-2.07153550602263
LV3003047146	leiden1	0.0366650567180545	ST8	63.2667	4	IG-B	DCI	-3.546866552557
LV3003047146	leiden2	0.232420013836856	ST8	63.2667	4	IG-B	DCI	-0.333092454683819
LV3003047146	leiden5	0.0177842755883927	ST8	63.2667	4	IG-B	DCI	-3.0709345372632
LV3003047146	leiden6	0.0040831777774877	ST8	63.2667	4	IG-B	DCI	-1.785169659549
LV3003047146	leiden3	0.0397822653282337	ST8	63.2667	4	IG-B	DCI	-11.5025025194992
LV3003047146	grey	0.00255329147466942	ST8	63.2667	4	IG-B	DCI	-13.9528689740121
LV3003047147	leiden4	0.699362466573919	ST8	62.3217	4	IG-B	DCI	-1.48986756620362
LV3003047147	leiden1	0.0255533452085311	ST8	62.3217	4	IG-B	DCI	-12.5285886706576
LV3003047147	leiden3	0.0253323105060828	ST8	62.3217	4	IG-B	DCI	-1.3426471990137
LV3003047147	leiden5	0.0139771944195239	ST8	62.3217	4	IG-B	DCI	-13.7421893960511
LV3003047147	leiden2	0.225364382208007	ST8	62.3217	4	IG-B	DCI	-0.729586249377821
LV3003047147	grey	0.0062583158889279	ST8	62.3217	4	IG-B	DCI	-13.1919101121012
LV3003047147	leiden6	0.00415198519500895	ST8	62.3217	4	IG-B	DCI	-15.2178549659256
LV3003047148	leiden1	0.0275150807550107	ST8	61.3767	4	IG-B	DCI	-0.943217982265943
LV3003047148	leiden4	0.742552593457439	ST8	61.3767	4	IG-B	DCI	-2.27848527571396
LV3003047148	leiden5	0.0229789626170245	ST8	61.3767	4	IG-B	DCI	-1.38125148608603
LV3003047148	grey	0.00763659164126181	ST8	61.3767	4	IG-B	DCI	0
LV3003047148	leiden2	0.17926098895159	ST8	61.3767	4	IG-B	DCI	-0.42793353008796
LV3003047148	leiden3	0.0189747248708136	ST8	61.3767	4	IG-B	DCI	-11.4833210828385
LV3003047148	leiden6	0.00108105770686039	ST8	61.3767	4	IG-B	DCI	0
LV3003047149	leiden1	0.0185355804171793	ST8	60.4317	4	IG-B	DCI	0
LV3003047149	leiden4	0.757360725628773	ST8	60.4317	4	IG-B	DCI	-2.30201324966353
LV3003047149	leiden5	0.0205728347019943	ST8	60.4317	4	IG-B	DCI	-1.86271120520034
LV3003047149	leiden2	0.176869152193196	ST8	60.4317	4	IG-B	DCI	-0.535641793171024
LV3003047149	grey	0.00205442215800166	ST8	60.4317	4	IG-B	DCI	0
LV3003047149	leiden3	0.0246072849008555	ST8	60.4317	4	IG-B	DCI	0
LV3003047150	leiden1	0.037356220760491	ST8	59.5217933333333	4	IG-B	DCI	-2.24968774042977
LV3003047150	leiden4	0.672033162236828	ST8	59.5217933333333	4	IG-B	DCI	-1.96333308079378
LV3003047150	leiden5	0.0100709730313304	ST8	59.5217933333333	4	IG-B	DCI	-12.9027064864548
LV3003047150	leiden2	0.262570452165584	ST8	59.5217933333333	4	IG-B	DCI	-0.325271919432571
LV3003047150	leiden6	0.00232157304161244	ST8	59.5217933333333	4	IG-B	DCI	0
LV3003047150	leiden3	0.0148791726757888	ST8	59.5217933333333	4	IG-B	DCI	-11.5311258051857
LV3003047150	grey	0.000768446088365889	ST8	59.5217933333333	4	IG-B	DCI	0
LV3003047152	leiden1	0.00864060441384925	ST8	45.00002	4	IG-B	DCI	-13.1264870945882
LV3003047152	leiden4	0.718955415195324	ST8	45.00002	4	IG-B	DCI	-2.12740386008233
LV3003047152	leiden2	0.214233431998086	ST8	45.00002	4	IG-B	DCI	0.522553940335072
LV3003047152	leiden6	0.00900836567609159	ST8	45.00002	4	IG-B	DCI	-2.11969194430113
LV3003047152	leiden3	0.0415320291495432	ST8	45.00002	4	IG-B	DCI	-11.1873972500283
LV3003047152	leiden5	0.0068053686003292	ST8	45.00002	4	IG-B	DCI	-11.0910774589362
LV3003047152	grey	0.000824784966776519	ST8	45.00002	4	IG-B	DCI	0
LV3003047153	leiden1	0.0207829666598345	ST8	38.71393	4	IG-B	DCI	-3.8132473683978
LV3003047153	leiden4	0.727413710930072	ST8	38.71393	4	IG-B	DCI	-2.27236305177846
LV3003047153	leiden2	0.183908017592426	ST8	38.71393	4	IG-B	DCI	0.208422299496273
LV3003047153	leiden6	0.0167972598883311	ST8	38.71393	4	IG-B	DCI	-1.72396134101345
LV3003047153	leiden3	0.0390199211254806	ST8	38.71393	4	IG-B	DCI	9.1682676747622
LV3003047153	leiden5	0.00674409243678803	ST8	38.71393	4	IG-B	DCI	-14.2520986346666
LV3003047153	grey	0.00533403136706779	ST8	38.71393	4	IG-B	DCI	0
LV3003047154	leiden4	0.750351852185994	ST8	35.13012	4	IG-B	DCI	-1.90814285381072
LV3003047154	leiden2	0.185529853304704	ST8	35.13012	4	IG-B	DCI	-0.221395562562573
LV3003047154	grey	0.00409592031901265	ST8	35.13012	4	IG-B	DCI	0
LV3003047154	leiden5	0.0171460276790386	ST8	35.13012	4	IG-B	DCI	-2.07442899985629
LV3003047154	leiden3	0.0304622796412912	ST8	35.13012	4	IG-B	DCI	0
LV3003047154	leiden1	0.0107675790765233	ST8	35.13012	4	IG-B	DCI	-2.44732791185156
LV3003047154	leiden6	0.0016464877934357	ST8	35.13012	4	IG-B	DCI	-14.4479474966041
LV3003047155	leiden4	0.667565818652435	ST8	30.9475	5	G-A	DCI	-2.77986081209554
LV3003047155	leiden1	0.0216596261369668	ST8	30.9475	5	G-A	DCI	-0.964233222855591
LV3003047155	leiden2	0.124013901713721	ST8	30.9475	5	G-A	DCI	-0.356601194906655
LV3003047155	leiden6	0.104408268320525	ST8	30.9475	5	G-A	DCI	-3.53545073583193
LV3003047155	grey	0.0043806393915819	ST8	30.9475	5	G-A	DCI	-14.0344960991298
LV3003047155	leiden5	0.0501974014265252	ST8	30.9475	5	G-A	DCI	-4.98664061970853
LV3003047155	leiden3	0.0277743443582454	ST8	30.9475	5	G-A	DCI	-0.472331919005327
LV3003047156	leiden1	0.0538441362193227	ST8	27.1996666666667	5	G-A	DCI	-1.31148859420981
LV3003047156	leiden4	0.620472046382531	ST8	27.1996666666667	5	G-A	DCI	-1.5440664878341
LV3003047156	leiden2	0.261306916274208	ST8	27.1996666666667	5	G-A	DCI	-0.129771286612571
LV3003047156	leiden6	0.0218367450800772	ST8	27.1996666666667	5	G-A	DCI	-3.69948963322595
LV3003047156	grey	0.00303201130593757	ST8	27.1996666666667	5	G-A	DCI	-13.2523377735542
LV3003047156	leiden3	0.0233635164284512	ST8	27.1996666666667	5	G-A	DCI	-10.5462934335621
LV3003047156	leiden5	0.0161446283094726	ST8	27.1996666666667	5	G-A	DCI	-3.75627104423391
LV3003047158	leiden1	0.0428025619717454	ST8	57.70646	4	IG-B	DCI	10.482713946404
LV3003047158	leiden4	0.639241340170663	ST8	57.70646	4	IG-B	DCI	-1.87418542719266
LV3003047158	leiden5	0.00704339542331313	ST8	57.70646	4	IG-B	DCI	-12.4728543661044
LV3003047158	leiden2	0.284046456006648	ST8	57.70646	4	IG-B	DCI	0.0723598780348557
LV3003047158	grey	0.00766665991041206	ST8	57.70646	4	IG-B	DCI	0
LV3003047158	leiden3	0.0166102519407341	ST8	57.70646	4	IG-B	DCI	0
LV3003047158	leiden6	0.00258933457648418	ST8	57.70646	4	IG-B	DCI	13.1831031071346
LV3003047159	leiden4	0.768362016890331	ST8	56.7987933333333	4	IG-B	DCI	-1.5650032539674
LV3003047159	leiden2	0.159445438070759	ST8	56.7987933333333	4	IG-B	DCI	-0.451396156171842
LV3003047159	leiden6	0.00239852179989814	ST8	56.7987933333333	4	IG-B	DCI	0
LV3003047159	leiden3	0.0519857391592737	ST8	56.7987933333333	4	IG-B	DCI	0
LV3003047159	leiden1	0.010695630544731	ST8	56.7987933333333	4	IG-B	DCI	-0.0391035611556879
LV3003047159	leiden5	0.00711265353500657	ST8	56.7987933333333	4	IG-B	DCI	-13.4686599221956
LV3003047160	leiden4	0.623613930969858	ST8	55.8911266666667	2	IG-E	DCI	0
LV3003047160	leiden3	0.119475245978448	ST8	55.8911266666667	2	IG-E	DCI	0
LV3003047160	leiden1	0.0716851475870686	ST8	55.8911266666667	2	IG-E	DCI	0.951017283824589
LV3003047160	leiden5	0.0943307824457286	ST8	55.8911266666667	2	IG-E	DCI	12.62958582351
LV3003047160	grey	0.0354521318132126	ST8	55.8911266666667	2	IG-E	DCI	0
LV3003047160	leiden2	0.0554427612056848	ST8	55.8911266666667	2	IG-E	DCI	0
LV3003047161	leiden4	0.707131620346093	ST8	54.98346	2	IG-E	DCI	0
LV3003047161	leiden2	0.147876245411641	ST8	54.98346	2	IG-E	DCI	0.405458841461133
LV3003047161	leiden3	0.0414263240692187	ST8	54.98346	2	IG-E	DCI	0
LV3003047161	leiden1	0.031069743051914	ST8	54.98346	2	IG-E	DCI	0.405464108108664
LV3003047161	leiden5	0.0724960671211327	ST8	54.98346	2	IG-E	DCI	0
LV3003047162	leiden1	0.122161283770059	ST8	102.698	2	IG-E	DCI	-13.3237895995801
LV3003047162	leiden3	0.239853747714808	ST8	102.698	2	IG-E	DCI	0
LV3003047162	leiden4	0.248303879748121	ST8	102.698	2	IG-E	DCI	0
LV3003047162	leiden2	0.0418037781840341	ST8	102.698	2	IG-E	DCI	0
LV3003047162	grey	0.0595978062157221	ST8	102.698	2	IG-E	DCI	0
LV3003047162	leiden5	0.288279504367256	ST8	102.698	2	IG-E	DCI	0
LV3003047164	leiden5	0.00755960860568374	ST8	43.93302	4	IG-B	DCI	-14.4509732538144
LV3003047164	leiden4	0.728597573022492	ST8	43.93302	4	IG-B	DCI	-2.1018759310266
LV3003047164	leiden6	0.0104607513855816	ST8	43.93302	4	IG-B	DCI	0.693147180559945
LV3003047164	leiden2	0.201229086296	ST8	43.93302	4	IG-B	DCI	-0.0227102445772092
LV3003047164	leiden3	0.0420665703085194	ST8	43.93302	4	IG-B	DCI	-11.1467238516791
LV3003047164	leiden1	0.0100864103817238	ST8	43.93302	4	IG-B	DCI	-1.4456338009062
LV3003047166	leiden1	0.0242046455306033	ST8	38.27343	4	IG-B	DCI	-2.06044504098918
LV3003047166	leiden4	0.719671950682519	ST8	38.27343	4	IG-B	DCI	-1.95583652998375
LV3003047166	leiden2	0.20463177014531	ST8	38.27343	4	IG-B	DCI	0.670444973314551
LV3003047166	leiden6	0.0120734258036107	ST8	38.27343	4	IG-B	DCI	-2.16545441633988
LV3003047166	leiden3	0.0322022236900044	ST8	38.27343	4	IG-B	DCI	-10.5639730962284
LV3003047166	leiden5	0.00721598414795244	ST8	38.27343	4	IG-B	DCI	-13.3058284449004
LV3003047167	leiden4	0.687291136062925	ST8	34.67812	4	IG-B	DCI	-2.3779903953315
LV3003047167	leiden1	0.0502685486865433	ST8	34.67812	4	IG-B	DCI	-3.10159266425347
LV3003047167	leiden6	0.0116571572016547	ST8	34.67812	4	IG-B	DCI	-1.94386724742551
LV3003047167	leiden2	0.210524389032127	ST8	34.67812	4	IG-B	DCI	-0.405390683964938
LV3003047167	leiden5	0.00743150308817915	ST8	34.67812	4	IG-B	DCI	-14.3257730393812
LV3003047167	leiden3	0.0235601135906032	ST8	34.67812	4	IG-B	DCI	0
LV3003047167	grey	0.00926715233796865	ST8	34.67812	4	IG-B	DCI	-14.621159735879
LV3003047168	leiden1	0.0563126747165904	ST8	30.497	5	G-A	DCI	-1.78968926993784
LV3003047168	leiden4	0.623330597402806	ST8	30.497	5	G-A	DCI	-2.03392790439211
LV3003047168	leiden2	0.183808375158286	ST8	30.497	5	G-A	DCI	-0.528610675316401
LV3003047168	grey	0.0152054857748336	ST8	30.497	5	G-A	DCI	-14.6470358201671
LV3003047168	leiden6	0.0443963259596995	ST8	30.497	5	G-A	DCI	-4.70865798145765
LV3003047168	leiden5	0.0518816713391544	ST8	30.497	5	G-A	DCI	-5.10288086767625
LV3003047168	leiden3	0.0250648696486303	ST8	30.497	5	G-A	DCI	-1.09936992185838
LV3003047169	leiden1	0.0478059984509788	ST8	26.6703333333333	5	G-A	DCI	-1.83320606093667
LV3003047169	leiden4	0.604200162024054	ST8	26.6703333333333	5	G-A	DCI	-2.24498551140988
LV3003047169	leiden2	0.24887072795093	ST8	26.6703333333333	5	G-A	DCI	-0.286224194447028
LV3003047169	leiden6	0.0392311869597344	ST8	26.6703333333333	5	G-A	DCI	-2.47650828008917
LV3003047169	leiden5	0.0332861505043221	ST8	26.6703333333333	5	G-A	DCI	-14.1268736355413
LV3003047169	leiden3	0.0218305157172235	ST8	26.6703333333333	5	G-A	DCI	-0.165694095333463
LV3003047169	grey	0.00477525839275699	ST8	26.6703333333333	5	G-A	DCI	-13.9355282314221
LV3003061473	leiden3	0.0430860464531908	ST13	117.088	2	IG-E	DCI	-11.1221267718213
LV3003061473	leiden4	0.845195118478252	ST13	117.088	2	IG-E	DCI	-1.37418767571687
LV3003061473	leiden2	0.0843628810024374	ST13	117.088	2	IG-E	DCI	-0.082772141369064
LV3003061473	leiden5	0.0247007680774611	ST13	117.088	2	IG-E	DCI	0
LV3003061473	leiden1	0.00265518598865892	ST13	117.088	2	IG-E	DCI	0
LV3003061474	leiden1	0.0101144685681089	ST13	77.7798	1	IG-D	DCI	-1.56040578350969
LV3003061474	leiden2	0.115265790931867	ST13	77.7798	1	IG-D	DCI	0.231277194839576
LV3003061474	leiden3	0.0691215867417898	ST13	77.7798	1	IG-D	DCI	-0.90098201327509
LV3003061474	leiden4	0.80052379907459	ST13	77.7798	1	IG-D	DCI	-2.18677235753357
LV3003061474	leiden6	0.00106243754430112	ST13	77.7798	1	IG-D	DCI	13.0075477029757
LV3003061474	leiden5	0.00225748244925795	ST13	77.7798	1	IG-D	DCI	-13.3690048999858
LV3003061474	grey	0.00165443469008555	ST13	77.7798	1	IG-D	DCI	-14.0863531658656
LV3003061475	leiden4	0.796031052630031	ST13	53.844	4	IG-B	DCI	-2.21281594748489
LV3003061475	leiden6	0.000700125610771344	ST13	53.844	4	IG-B	DCI	-14.1146810074228
LV3003061475	leiden2	0.171769052682981	ST13	53.844	4	IG-B	DCI	-0.646265464036611
LV3003061475	leiden5	0.00400365948008319	ST13	53.844	4	IG-B	DCI	0
LV3003061475	leiden3	0.0177061178623224	ST13	53.844	4	IG-B	DCI	-11.4407816783022
LV3003061475	leiden1	0.00884276296629689	ST13	53.844	4	IG-B	DCI	-1.21743415383452
LV3003061475	grey	0.000947228767514172	ST13	53.844	4	IG-B	DCI	0
LV3003061476	leiden1	0.0238253186886086	ST13	37.16	5	G-A	DCI	-1.26236112256409
LV3003061476	leiden3	0.0393752874039788	ST13	37.16	5	G-A	DCI	-1.14783286194109
LV3003061476	leiden4	0.738778994821075	ST13	37.16	5	G-A	DCI	-2.09491194500268
LV3003061476	leiden2	0.173780464821753	ST13	37.16	5	G-A	DCI	-0.688888181316343
LV3003061476	leiden6	0.0149318145839144	ST13	37.16	5	G-A	DCI	-1.82793456502056
LV3003061476	grey	0.00256684733854493	ST13	37.16	5	G-A	DCI	0
LV3003061476	leiden5	0.0067412723421257	ST13	37.16	5	G-A	DCI	-11.1784222357435
LV3003061477	leiden1	0.0540900416454085	ST13	16.726	3	IG-A	DCI	-1.83145344626101
LV3003061477	leiden2	0.183795893363745	ST13	16.726	3	IG-A	DCI	-0.697183883289138
LV3003061477	leiden3	0.0306898767585431	ST13	16.726	3	IG-A	DCI	-1.44525052825301
LV3003061477	leiden4	0.721549512842286	ST13	16.726	3	IG-A	DCI	-1.59949475651082
LV3003061477	leiden5	0.00639775160694078	ST13	16.726	3	IG-A	DCI	-1.44877785242133
LV3003061477	leiden6	0.00110115826844076	ST13	16.726	3	IG-A	DCI	-3.67892011421118
LV3003061477	grey	0.00237576551463592	ST13	16.726	3	IG-A	DCI	-12.1753242078459
LV3003061485	leiden1	0.0234275316111172	ST13	75.7796	1	IG-D	DCI	-0.656506162959265
LV3003061485	leiden3	0.0906132478964804	ST13	75.7796	1	IG-D	DCI	-1.04743470051147
LV3003061485	leiden4	0.770541704900695	ST13	75.7796	1	IG-D	DCI	-1.45034566521854
LV3003061485	leiden2	0.109332006158919	ST13	75.7796	1	IG-D	DCI	-0.739828672659994
LV3003061485	leiden6	0.00119694542513648	ST13	75.7796	1	IG-D	DCI	1.00165058082531
LV3003061485	leiden5	0.00207163631273621	ST13	75.7796	1	IG-D	DCI	-1.77668921630706
LV3003061485	grey	0.00281692769491578	ST13	75.7796	1	IG-D	DCI	0
LV3003061486	leiden4	0.696706997028289	ST13	52.105	4	IG-B	DCI	-1.87661533608233
LV3003061486	leiden2	0.115298521863301	ST13	52.105	4	IG-B	DCI	-0.0229761452181124
LV3003061486	leiden3	0.166189070279032	ST13	52.105	4	IG-B	DCI	-9.13971643264999
LV3003061486	leiden5	0.0171162826598742	ST13	52.105	4	IG-B	DCI	-13.0480819447124
LV3003061486	leiden1	0.00337694415499209	ST13	52.105	4	IG-B	DCI	-15.3061649344084
LV3003061486	leiden6	0.000569256300412952	ST13	52.105	4	IG-B	DCI	0
LV3003061488	leiden1	0.0391392921645475	ST13	35.041	5	G-A	DCI	-0.703311692587407
LV3003061488	leiden3	0.0249141262226214	ST13	35.041	5	G-A	DCI	-0.598058215223949
LV3003061488	leiden4	0.734298113253232	ST13	35.041	5	G-A	DCI	-2.06616517067074
LV3003061488	leiden2	0.183530504588923	ST13	35.041	5	G-A	DCI	-0.40046688277937
LV3003061488	leiden5	0.00405568560897468	ST13	35.041	5	G-A	DCI	-12.9992063619429
LV3003061488	leiden6	0.0129583832727457	ST13	35.041	5	G-A	DCI	-1.58180483872336
LV3003061488	grey	0.00110389488895566	ST13	35.041	5	G-A	DCI	0
LV3003061489	leiden4	0.850404499843755	ST13	112.6068	2	IG-E	DCI	-0.944970579458786
LV3003061489	leiden3	0.0955939029894795	ST13	112.6068	2	IG-E	DCI	-1.38249929015134
LV3003061489	grey	0.00395125169264956	ST13	112.6068	2	IG-E	DCI	-13.4222726764257
LV3003061489	leiden2	0.0272976632755807	ST13	112.6068	2	IG-E	DCI	-11.3273034210027
LV3003061489	leiden1	0.00763167945557446	ST13	112.6068	2	IG-E	DCI	-11.2501191437564
LV3003061489	leiden5	0.0088087219193778	ST13	112.6068	2	IG-E	DCI	-13.1734595691993
LV3003061489	leiden6	0.00631228082358252	ST13	112.6068	2	IG-E	DCI	-14.1678858425587
LV3003061492	leiden1	0.0621025169916993	ST13	14.437	3	IG-A	DCI	-1.36709601732675
LV3003061492	leiden3	0.0302347440310245	ST13	14.437	3	IG-A	DCI	-1.05563850982012
LV3003061492	leiden4	0.67699396820712	ST13	14.437	3	IG-A	DCI	-1.67095350805121
LV3003061492	leiden2	0.207834284567145	ST13	14.437	3	IG-A	DCI	-0.724104706231121
LV3003061492	leiden5	0.0184667431553487	ST13	14.437	3	IG-A	DCI	-2.20113083230328
LV3003061492	leiden6	0.00164632360207627	ST13	14.437	3	IG-A	DCI	-14.7923277356696
LV3003061492	grey	0.00272141944558557	ST13	14.437	3	IG-A	DCI	-12.9982093326952
LV3003061500	leiden2	0.119473558697853	ST13	148.086	1	IG-D	DCI	0.268015305491385
LV3003061500	leiden4	0.739588260820273	ST13	148.086	1	IG-D	DCI	-2.14619267331963
LV3003061500	leiden1	0.015975808563956	ST13	148.086	1	IG-D	DCI	-1.70065392070576
LV3003061500	leiden5	0.0821113165723847	ST13	148.086	1	IG-D	DCI	-3.02370138025138
LV3003061500	leiden3	0.0243028542610627	ST13	148.086	1	IG-D	DCI	-0.0870113769896299
LV3003061500	grey	0.0183468664115124	ST13	148.086	1	IG-D	DCI	10.2444851647562
LV3003061500	leiden6	0.000201334672958212	ST13	148.086	1	IG-D	DCI	0
LV3003061501	leiden3	0.231421534014248	ST13	105.5872	1	IG-D	DCI	-0.578839619595581
LV3003061501	leiden4	0.691363918144358	ST13	105.5872	1	IG-D	DCI	-1.73776601310489
LV3003061501	leiden2	0.0606441838801537	ST13	105.5872	1	IG-D	DCI	-1.09353117552792
LV3003061501	leiden6	0.00292554690322987	ST13	105.5872	1	IG-D	DCI	-2.66879192855814
LV3003061501	leiden5	0.00255757443154883	ST13	105.5872	1	IG-D	DCI	11.5979906850044
LV3003061501	leiden1	0.00685058660116094	ST13	105.5872	1	IG-D	DCI	-1.60787174140136
LV3003061501	grey	0.00423665602530059	ST13	105.5872	1	IG-D	DCI	0
LV3003061503	leiden1	0.0146386924024416	ST13	73.1472	1	IG-D	DCI	-2.00366061574189
LV3003061503	leiden2	0.102371485300492	ST13	73.1472	1	IG-D	DCI	-1.06141775264292
LV3003061503	leiden3	0.0595218312670135	ST13	73.1472	1	IG-D	DCI	-1.23711319682824
LV3003061503	leiden4	0.818001394487492	ST13	73.1472	1	IG-D	DCI	-1.47245329581086
LV3003061503	leiden6	0.00231358152012842	ST13	73.1472	1	IG-D	DCI	-0.83034830207343
LV3003061503	leiden5	0.00144074199069085	ST13	73.1472	1	IG-D	DCI	-1.47874467243545
LV3003061503	grey	0.00171227303174258	ST13	73.1472	1	IG-D	DCI	0
LV3003061504	leiden4	0.808094478425561	ST13	50.268	4	IG-B	DCI	-1.6449801405527
LV3003061504	leiden1	0.0110033292253566	ST13	50.268	4	IG-B	DCI	-0.930953170104589
LV3003061504	leiden2	0.162728805486039	ST13	50.268	4	IG-B	DCI	0.0712443851732059
LV3003061504	leiden6	0.00394416175851649	ST13	50.268	4	IG-B	DCI	-0.39925666244568
LV3003061504	leiden3	0.0134126702101117	ST13	50.268	4	IG-B	DCI	-11.5674174260264
LV3003061504	grey	0.000816554894414916	ST13	50.268	4	IG-B	DCI	0
LV3003061505	leiden1	0.016621790472168	ST13	32.81	5	G-A	DCI	-1.9583636101266
LV3003061505	leiden4	0.792086831036728	ST13	32.81	5	G-A	DCI	-2.27550740820598
LV3003061505	leiden2	0.156210953311159	ST13	32.81	5	G-A	DCI	-0.487037101903268
LV3003061505	leiden5	0.00656644316561956	ST13	32.81	5	G-A	DCI	0
LV3003061505	leiden6	0.0117624025482639	ST13	32.81	5	G-A	DCI	-1.44997009132922
LV3003061505	leiden3	0.0161224328176971	ST13	32.81	5	G-A	DCI	1.53865606351858
LV3003061505	grey	0.000629146648364219	ST13	32.81	5	G-A	DCI	0
LV3003061506	leiden1	0.0199544240624452	ST13	11.95	3	IG-A	DCI	-0.921135489203242
LV3003061506	leiden4	0.77140264587909	ST13	11.95	3	IG-A	DCI	-3.51637979079292
LV3003061506	leiden5	0.0620678277188315	ST13	11.95	3	IG-A	DCI	-3.90441157725098
LV3003061506	leiden2	0.118973819614151	ST13	11.95	3	IG-A	DCI	-1.92836565102374
LV3003061506	leiden3	0.00921005145337747	ST13	11.95	3	IG-A	DCI	0
LV3003061506	grey	0.0177643043482744	ST13	11.95	3	IG-A	DCI	0
LV3003061506	leiden6	0.000626926923830441	ST13	11.95	3	IG-A	DCI	-0.732625991533733
LV3003061513	leiden4	0.730040601728848	ST13	138.493	4	IG-B	DCI	-1.61309787326559
LV3003061513	leiden3	0.0189537102870187	ST13	138.493	4	IG-B	DCI	-11.6177922753601
LV3003061513	leiden2	0.234395464581073	ST13	138.493	4	IG-B	DCI	0.557885528878897
LV3003061513	leiden1	0.0129991018972421	ST13	138.493	4	IG-B	DCI	-1.69750693098187
LV3003061513	leiden5	0.00288609063353665	ST13	138.493	4	IG-B	DCI	-14.2513052055072
LV3003061513	grey	0.000725030872282304	ST13	138.493	4	IG-B	DCI	0
LV3003061514	leiden2	0.0954590076933959	ST13	100.6726	1	IG-D	DCI	-1.15514713656768
LV3003061514	leiden3	0.134761180128015	ST13	100.6726	1	IG-D	DCI	-0.660377258036455
LV3003061514	leiden4	0.734792203623286	ST13	100.6726	1	IG-D	DCI	-1.53672939686188
LV3003061514	leiden1	0.0259498611483146	ST13	100.6726	1	IG-D	DCI	-1.34330156497459
LV3003061514	leiden6	0.00044452647158729	ST13	100.6726	1	IG-D	DCI	-13.5358735811973
LV3003061514	grey	0.00597704979486432	ST13	100.6726	1	IG-D	DCI	-2.16484906908749
LV3003061514	leiden5	0.00261617114053715	ST13	100.6726	1	IG-D	DCI	0
LV3003061515	leiden1	0.0306176496179947	ST13	71.0012	1	IG-D	DCI	-1.12211602413913
LV3003061515	leiden3	0.154129470086329	ST13	71.0012	1	IG-D	DCI	-2.12035662728979
LV3003061515	leiden4	0.701474120406842	ST13	71.0012	1	IG-D	DCI	-1.62583858514618
LV3003061515	leiden2	0.102157134005797	ST13	71.0012	1	IG-D	DCI	-0.890985151295149
LV3003061515	leiden6	0.00258933164993684	ST13	71.0012	1	IG-D	DCI	-1.85104863447948
LV3003061515	grey	0.00591563590750118	ST13	71.0012	1	IG-D	DCI	0
LV3003061515	leiden5	0.00311665832560057	ST13	71.0012	1	IG-D	DCI	-12.8794453040763
LV3003061516	leiden4	0.808626033633331	ST13	48.537	4	IG-B	DCI	-1.95181790042061
LV3003061516	leiden5	0.00358081113059599	ST13	48.537	4	IG-B	DCI	-11.7317115937425
LV3003061516	leiden2	0.165724484770968	ST13	48.537	4	IG-B	DCI	0.0145274430555397
LV3003061516	leiden6	0.00397075633772374	ST13	48.537	4	IG-B	DCI	-0.551085298051691
LV3003061516	leiden3	0.00918488082160341	ST13	48.537	4	IG-B	DCI	0
LV3003061516	leiden1	0.00835374046583969	ST13	48.537	4	IG-B	DCI	-2.53231753407869
LV3003061517	leiden1	0.0337603219115831	ST13	30.678	5	G-A	DCI	-2.85070264020916
LV3003061517	leiden3	0.0476478082202422	ST13	30.678	5	G-A	DCI	-2.31762848804138
LV3003061517	leiden4	0.732711040852631	ST13	30.678	5	G-A	DCI	-2.27940358335978
LV3003061517	leiden2	0.165823500167015	ST13	30.678	5	G-A	DCI	-0.428841915380049
LV3003061517	leiden5	0.00486479558148387	ST13	30.678	5	G-A	DCI	0.647605160113029
LV3003061517	leiden6	0.0137641671392283	ST13	30.678	5	G-A	DCI	-2.38698420212218
LV3003061517	grey	0.00142836612781692	ST13	30.678	5	G-A	DCI	0
LV3003061518	leiden1	0.047746312109308	ST13	9.804	3	IG-A	DCI	-1.30761548548541
LV3003061518	leiden3	0.0306478582919076	ST13	9.804	3	IG-A	DCI	-1.8052216994636
LV3003061518	leiden4	0.707236297775592	ST13	9.804	3	IG-A	DCI	-2.36496154653007
LV3003061518	leiden5	0.0162302703609422	ST13	9.804	3	IG-A	DCI	-0.578594711657324
LV3003061518	leiden2	0.193779454200489	ST13	9.804	3	IG-A	DCI	-1.04656445106186
LV3003061518	leiden6	0.00239827179355822	ST13	9.804	3	IG-A	DCI	-14.7837370998858
LV3003061518	grey	0.00196153546820325	ST13	9.804	3	IG-A	DCI	-12.5034342223741
LV3003061527	leiden4	0.751007032156756	ST13	133.7754	2	IG-E	DCI	0
LV3003061527	leiden2	0.120843858810678	ST13	133.7754	2	IG-E	DCI	0
LV3003061527	leiden3	0.0966750870485424	ST13	133.7754	2	IG-E	DCI	0
LV3003061527	leiden5	0.0215061104663071	ST13	133.7754	2	IG-E	DCI	0
LV3003061527	leiden1	0.00996791151771694	ST13	133.7754	2	IG-E	DCI	0
LV3003061528	leiden3	0.10866876076484	ST13	95.118	1	IG-D	DCI	-0.954664004448886
LV3003061528	leiden4	0.767080540902218	ST13	95.118	1	IG-D	DCI	-2.01943199749333
LV3003061528	leiden2	0.097614319779992	ST13	95.118	1	IG-D	DCI	-0.690060325295566
LV3003061528	leiden1	0.0231169573808118	ST13	95.118	1	IG-D	DCI	-1.88770076296939
LV3003061528	leiden5	0.000782093593808491	ST13	95.118	1	IG-D	DCI	12.7398735114939
LV3003061528	grey	0.00257422765801287	ST13	95.118	1	IG-D	DCI	0
LV3003061528	leiden6	0.000163099920316846	ST13	95.118	1	IG-D	DCI	0
LV3003061529	leiden1	0.0383865123340846	ST13	66.015	1	IG-D	DCI	-1.89163551044372
LV3003061529	leiden2	0.171563908715252	ST13	66.015	1	IG-D	DCI	0.200465401556428
LV3003061529	leiden3	0.0545211933383421	ST13	66.015	1	IG-D	DCI	-1.2746569531301
LV3003061529	leiden4	0.721561560856499	ST13	66.015	1	IG-D	DCI	-1.91534677279394
LV3003061529	leiden5	0.0112765699348861	ST13	66.015	1	IG-D	DCI	-1.03412783473609
LV3003061529	grey	0.00154371712997746	ST13	66.015	1	IG-D	DCI	0
LV3003061529	leiden6	0.00114653769095918	ST13	66.015	1	IG-D	DCI	-0.663588378318401
LV3003061530	leiden4	0.896450720351112	ST13	47.046	4	IG-B	DCI	-2.63571570099058
LV3003061530	leiden1	0.0026476481251789	ST13	47.046	4	IG-B	DCI	-13.3186016597984
LV3003061530	leiden2	0.0893124065769806	ST13	47.046	4	IG-B	DCI	-0.695430807951084
LV3003061530	leiden6	0.00143911204401616	ST13	47.046	4	IG-B	DCI	12.2333222879775
LV3003061530	leiden3	0.00937887606144452	ST13	47.046	4	IG-B	DCI	-0.51237481075282
LV3003061530	grey	0.000771236841268327	ST13	47.046	4	IG-B	DCI	0
LV3003061531	leiden1	0.0415615616837411	ST13	28.445	5	G-A	DCI	-1.04304788652553
LV3003061531	leiden2	0.15277822984222	ST13	28.445	5	G-A	DCI	-0.0655551440904921
LV3003061531	leiden3	0.029843034184209	ST13	28.445	5	G-A	DCI	-0.561377902928822
LV3003061531	leiden4	0.736449594362576	ST13	28.445	5	G-A	DCI	-2.41903571788975
LV3003061531	leiden5	0.0147557224577478	ST13	28.445	5	G-A	DCI	-3.36586261216769
LV3003061531	leiden6	0.0231064828753468	ST13	28.445	5	G-A	DCI	-2.51589048129717
LV3003061531	grey	0.00150537459415915	ST13	28.445	5	G-A	DCI	0
LV3003061533	leiden1	0.0249640566246406	ST13	7.912	3	IG-A	DCI	-13.0828280727411
LV3003061533	leiden2	0.074567297058173	ST13	7.912	3	IG-A	DCI	-1.19672793990743
LV3003061533	leiden4	0.71077195310772	ST13	7.912	3	IG-A	DCI	-2.88367375689363
LV3003061533	leiden5	0.179983687237337	ST13	7.912	3	IG-A	DCI	-2.8538033508256
LV3003061533	leiden3	0.00786330457863305	ST13	7.912	3	IG-A	DCI	-11.4327948490728
LV3003061533	grey	0.00184970139349701	ST13	7.912	3	IG-A	DCI	12.6315162205692
LV3003061539	leiden4	0.723693891260383	ST13	130.0556	4	IG-B	DCI	-2.04117354716998
LV3003061539	leiden2	0.240521626011637	ST13	130.0556	4	IG-B	DCI	0.337141978162506
LV3003061539	leiden1	0.0169112603118525	ST13	130.0556	4	IG-B	DCI	-13.8866868364322
LV3003061539	leiden3	0.0126212453483371	ST13	130.0556	4	IG-B	DCI	0
LV3003061539	leiden5	0.000575793226254749	ST13	130.0556	4	IG-B	DCI	-14.9141228466324
LV3003061539	leiden6	0.00567618384153602	ST13	130.0556	4	IG-B	DCI	11.9139977200777
LV3003061541	leiden3	0.0771852254109109	ST13	91.09	1	IG-D	DCI	0.0722134861869938
LV3003061541	leiden4	0.77743083089322	ST13	91.09	1	IG-D	DCI	-2.30725276047223
LV3003061541	leiden5	0.0157915685736061	ST13	91.09	1	IG-D	DCI	0.557872108330596
LV3003061541	leiden6	0.00353597842621191	ST13	91.09	1	IG-D	DCI	1.36005224422205
LV3003061541	leiden2	0.117770297164121	ST13	91.09	1	IG-D	DCI	-0.473936060780965
LV3003061541	grey	0.00243291360302625	ST13	91.09	1	IG-D	DCI	-0.693147180559945
LV3003061541	leiden1	0.005853185928904	ST13	91.09	1	IG-D	DCI	-1.79791333480243
LV3003061543	leiden1	0.028216949678402	ST13	62.293	1	IG-D	DCI	-0.943166465446861
LV3003061543	leiden2	0.169124240369394	ST13	62.293	1	IG-D	DCI	-0.495051960547025
LV3003061543	leiden3	0.0611206630101762	ST13	62.293	1	IG-D	DCI	-1.35052376647285
LV3003061543	leiden4	0.731344318474287	ST13	62.293	1	IG-D	DCI	-1.39292321250525
LV3003061543	leiden5	0.00282051975127717	ST13	62.293	1	IG-D	DCI	-0.912647740595654
LV3003061543	leiden6	0.00405567235902396	ST13	62.293	1	IG-D	DCI	0.20089294237939
LV3003061543	grey	0.00331763635743977	ST13	62.293	1	IG-D	DCI	0
LV3003061544	leiden1	0.0184120965878915	ST13	45.122	4	IG-B	DCI	-1.09068897782585
LV3003061544	leiden4	0.692357705763694	ST13	45.122	4	IG-B	DCI	-1.67470291380704
LV3003061544	leiden5	0.0038057858423814	ST13	45.122	4	IG-B	DCI	-13.0710042090337
LV3003061544	leiden2	0.249698133069135	ST13	45.122	4	IG-B	DCI	-0.706387832231789
LV3003061544	leiden6	0.00806883756820287	ST13	45.122	4	IG-B	DCI	-0.627621562113148
LV3003061544	leiden3	0.0269858319023928	ST13	45.122	4	IG-B	DCI	-2.52542964595052
LV3003061544	grey	0.000671609266302601	ST13	45.122	4	IG-B	DCI	0
LV3003061545	leiden1	0.0393530826835193	ST13	23.172	5	G-A	DCI	-1.12702898586173
LV3003061545	leiden4	0.703304155140226	ST13	23.172	5	G-A	DCI	-2.26299773581565
LV3003061545	leiden3	0.0206398433419142	ST13	23.172	5	G-A	DCI	-2.27210312746152
LV3003061545	leiden2	0.193621945249311	ST13	23.172	5	G-A	DCI	-0.272986829911819
LV3003061545	leiden6	0.0291157297554326	ST13	23.172	5	G-A	DCI	-2.31338951982665
LV3003061545	grey	0.00253913524174488	ST13	23.172	5	G-A	DCI	-13.8062426510335
LV3003061545	leiden5	0.011426108587852	ST13	23.172	5	G-A	DCI	-11.6228879215614
LV3003061546	leiden1	0.0229324335957736	ST13	7.197	3	IG-A	DCI	-1.51607942878479
LV3003061546	leiden4	0.749082868789447	ST13	7.197	3	IG-A	DCI	-3.51174333228992
LV3003061546	leiden5	0.175275139363166	ST13	7.197	3	IG-A	DCI	-2.29616002615297
LV3003061546	leiden2	0.0444859609828445	ST13	7.197	3	IG-A	DCI	-0.841322143780155
LV3003061546	leiden3	0.00684922196765234	ST13	7.197	3	IG-A	DCI	-12.8814218034458
LV3003061546	grey	0.00137437530111657	ST13	7.197	3	IG-A	DCI	12.768823232271
LV3003061555	leiden4	0.815807028310697	ST13	126.443	2	IG-E	DCI	-10.356619755069
LV3003061555	leiden5	0.00410918696800704	ST13	126.443	2	IG-E	DCI	-16.0127351353005
LV3003061555	leiden2	0.150785815300051	ST13	126.443	2	IG-E	DCI	-10.2511318916946
LV3003061555	leiden3	0.0212930597433092	ST13	126.443	2	IG-E	DCI	0
LV3003061555	leiden1	0.00528324038743763	ST13	126.443	2	IG-E	DCI	0
LV3003061556	leiden2	0.0976708757772741	ST13	86.6174	1	IG-D	DCI	-0.421781485540312
LV3003061556	leiden3	0.0589109445177787	ST13	86.6174	1	IG-D	DCI	-1.35337826769884
LV3003061556	leiden4	0.82655268029854	ST13	86.6174	1	IG-D	DCI	-1.75859832316392
LV3003061556	leiden1	0.0101139033481939	ST13	86.6174	1	IG-D	DCI	-1.6094379124341
LV3003061556	leiden5	0.00364249956414535	ST13	86.6174	1	IG-D	DCI	-13.8996212457901
LV3003061556	grey	0.00139681037417084	ST13	86.6174	1	IG-D	DCI	0
LV3003061556	leiden6	0.00171228611989739	ST13	86.6174	1	IG-D	DCI	13.3606642019402
LV3003061557	leiden3	0.084393175344369	ST13	58.082	1	IG-D	DCI	-0.141154583227226
LV3003061557	leiden4	0.7815934837983	ST13	58.082	1	IG-D	DCI	-1.07347660134161
LV3003061557	leiden2	0.118143251221338	ST13	58.082	1	IG-D	DCI	-0.244998580671415
LV3003061557	leiden6	0.00212230692964687	ST13	58.082	1	IG-D	DCI	-13.8870425759699
LV3003061557	grey	0.00178957236864292	ST13	58.082	1	IG-D	DCI	0
LV3003061557	leiden1	0.00942448161978782	ST13	58.082	1	IG-D	DCI	0.405454908646797
LV3003061557	leiden5	0.00253372871791528	ST13	58.082	1	IG-D	DCI	0
LV3003061558	leiden1	0.0182624504657968	ST13	42.626	5	G-A	DCI	-2.13412985342747
LV3003061558	leiden2	0.188660109424197	ST13	42.626	5	G-A	DCI	-0.417783268610332
LV3003061558	leiden3	0.0183907220320953	ST13	42.626	5	G-A	DCI	-0.52146417450719
LV3003061558	leiden4	0.759456607439409	ST13	42.626	5	G-A	DCI	-1.82616213559509
LV3003061558	leiden5	0.0024337391845691	ST13	42.626	5	G-A	DCI	-11.9021022667594
LV3003061558	leiden6	0.0122268456995675	ST13	42.626	5	G-A	DCI	-1.30278234615217
LV3003061558	grey	0.000569525754365082	ST13	42.626	5	G-A	DCI	0
LV3003061559	leiden3	0.0517676561826096	ST13	21.069	5	G-A	DCI	-2.49142133080919
LV3003061559	leiden4	0.698998231825074	ST13	21.069	5	G-A	DCI	-1.81789937090521
LV3003061559	leiden1	0.0312921016085501	ST13	21.069	5	G-A	DCI	-2.04762767343464
LV3003061559	leiden2	0.189649729438112	ST13	21.069	5	G-A	DCI	-0.39504059077228
LV3003061559	leiden5	0.00978202390074506	ST13	21.069	5	G-A	DCI	-12.3398880887176
LV3003061559	leiden6	0.0181293509627142	ST13	21.069	5	G-A	DCI	-3.10893864218296
LV3003061559	grey	0.000380906082195679	ST13	21.069	5	G-A	DCI	-14.8031260706604
LV3003061568	leiden3	0.0592579410979625	ST13	121.6354	2	IG-E	DCI	0
LV3003061568	leiden4	0.809991992170122	ST13	121.6354	2	IG-E	DCI	-8.74230728962875
LV3003061568	leiden2	0.101076608239167	ST13	121.6354	2	IG-E	DCI	0
LV3003061568	leiden5	0.023623098140404	ST13	121.6354	2	IG-E	DCI	0
LV3003061568	leiden1	0.00605036035234452	ST13	121.6354	2	IG-E	DCI	0
LV3003061569	leiden2	0.10726323083995	ST13	81.6946	1	IG-D	DCI	-0.0740050290091296
LV3003061569	leiden3	0.100107071585201	ST13	81.6946	1	IG-D	DCI	-0.442023975149877
LV3003061569	leiden4	0.778983972591896	ST13	81.6946	1	IG-D	DCI	-1.95456144429806
LV3003061569	leiden1	0.00801439842017334	ST13	81.6946	1	IG-D	DCI	-0.885898610718396
LV3003061569	leiden5	0.0024247339528024	ST13	81.6946	1	IG-D	DCI	-12.6100092856296
LV3003061569	grey	0.00320659260997752	ST13	81.6946	1	IG-D	DCI	-12.9284548111552
LV3003061570	leiden3	0.0449769338495758	ST13	55.466	4	IG-B	DCI	-1.65091378118232
LV3003061570	leiden4	0.771420627728808	ST13	55.466	4	IG-B	DCI	-1.93869786980367
LV3003061570	leiden1	0.0167971002553752	ST13	55.466	4	IG-B	DCI	-0.681958032226857
LV3003061570	leiden2	0.158853694703023	ST13	55.466	4	IG-B	DCI	-0.111457077049639
LV3003061570	leiden6	0.00420545349699316	ST13	55.466	4	IG-B	DCI	-13.3562230565954
LV3003061570	grey	0.00178144822473021	ST13	55.466	4	IG-B	DCI	0
LV3003061570	leiden5	0.00196474174149436	ST13	55.466	4	IG-B	DCI	0
LV3003061571	leiden4	0.83776525157034	ST13	40.457	5	G-A	DCI	-2.87649529882855
LV3003061571	leiden1	0.0177871794547729	ST13	40.457	5	G-A	DCI	-0.771177999123214
LV3003061571	leiden2	0.112113418348647	ST13	40.457	5	G-A	DCI	0.675245970230705
LV3003061571	leiden5	0.0136812304892383	ST13	40.457	5	G-A	DCI	-1.25417639629252
LV3003061571	leiden6	0.00806655460485573	ST13	40.457	5	G-A	DCI	-2.21056117418087
LV3003061571	leiden3	0.0103730899991153	ST13	40.457	5	G-A	DCI	-12.0906094876945
LV3003061571	grey	0.000213275533030851	ST13	40.457	5	G-A	DCI	0
LV3003061572	leiden1	0.0764412113724149	ST13	19.099	3	IG-A	DCI	0.530866491313219
LV3003061572	leiden2	0.209278552513869	ST13	19.099	3	IG-A	DCI	0.170198943386373
LV3003061572	leiden3	0.0300909984403719	ST13	19.099	3	IG-A	DCI	-1.45264368330134
LV3003061572	leiden4	0.67309638963701	ST13	19.099	3	IG-A	DCI	-2.00255148980011
LV3003061572	leiden5	0.00809861430014514	ST13	19.099	3	IG-A	DCI	-1.23538097774242
LV3003061572	leiden6	0.00096655966220841	ST13	19.099	3	IG-A	DCI	-14.8225556531069
LV3003061572	grey	0.00202767407398069	ST13	19.099	3	IG-A	DCI	-12.9546496310295
LV7001898064	leiden1	0.0258800702692782	ST13	6.808	3	IG-A	DCI	-1.69532156150741
LV7001898064	leiden2	0.0987765804032618	ST13	6.808	3	IG-A	DCI	-1.06284107729209
LV7001898064	leiden4	0.712124596869346	ST13	6.808	3	IG-A	DCI	-2.853938652758
LV7001898064	leiden5	0.14398489734917	ST13	6.808	3	IG-A	DCI	-1.30669153567006
LV7001898064	leiden3	0.0184462099163586	ST13	6.808	3	IG-A	DCI	-2.24820682533294
LV7001898064	grey	0.000594666876425706	ST13	6.808	3	IG-A	DCI	-15.1046411706305
LV7001898064	leiden6	0.000192978316159312	ST13	6.808	3	IG-A	DCI	-15.6072700271923
LV7001898076	leiden1	0.0546531025472443	ST13	6.429	3	IG-A	DCI	-1.55170325161141
LV7001898076	leiden3	0.0324887308398926	ST13	6.429	3	IG-A	DCI	-1.36515651742207
LV7001898076	leiden4	0.711449500472401	ST13	6.429	3	IG-A	DCI	-2.06378575918765
LV7001898076	leiden2	0.159503193562508	ST13	6.429	3	IG-A	DCI	-0.170942280614651
LV7001898076	leiden5	0.0390182520674916	ST13	6.429	3	IG-A	DCI	-0.897767212079844
LV7001898076	leiden6	0.000315215352086252	ST13	6.429	3	IG-A	DCI	-13.3363498488423
LV7001898076	grey	0.0025720051583767	ST13	6.429	3	IG-A	DCI	0
LV7001898088	leiden1	0.0147446901181112	ST13	6.031	1	IG-D	DCI	-1.46582182618864
LV7001898088	leiden3	0.0369838116244819	ST13	6.031	1	IG-D	DCI	-10.2096599761372
LV7001898088	leiden4	0.870660306531793	ST13	6.031	1	IG-D	DCI	-2.45374906106449
LV7001898088	leiden2	0.0712774538963978	ST13	6.031	1	IG-D	DCI	0.0220520689744002
LV7001898088	leiden6	0.00104074228488156	ST13	6.031	1	IG-D	DCI	-0.541420744344193
LV7001898088	leiden5	0.00384775737700336	ST13	6.031	1	IG-D	DCI	-11.5875521541754
LV7001898088	grey	0.00144523816733086	ST13	6.031	1	IG-D	DCI	-12.1724766961017
LV7001898100	leiden1	0.00299710680747964	ST13	5.659	1	IG-D	DCI	10.7113039775681
LV7001898100	leiden3	0.0539464033199096	ST13	5.659	1	IG-D	DCI	-10.7105785591905
LV7001898100	leiden4	0.910214409812426	ST13	5.659	1	IG-D	DCI	-2.99215394617331
LV7001898100	leiden2	0.018854366253501	ST13	5.659	1	IG-D	DCI	-0.824301815109502
LV7001898100	grey	0.000982628083474165	ST13	5.659	1	IG-D	DCI	0
LV7001898100	leiden5	0.0126596162949756	ST13	5.659	1	IG-D	DCI	0
LV7001898100	leiden6	0.000345469428234423	ST13	5.659	1	IG-D	DCI	-14.9141228466324
LV7008886221	leiden2	0.110206454701946	GeoB25202_R1	50.3555	4	IG-B	DCI	-1.45702755821211
LV7008886221	leiden3	0.0557758296378208	GeoB25202_R1	50.3555	4	IG-B	DCI	-1.5025669102287
LV7008886221	leiden4	0.814719730047082	GeoB25202_R1	50.3555	4	IG-B	DCI	-2.66110845675078
LV7008886221	leiden5	0.00447109520172369	GeoB25202_R1	50.3555	4	IG-B	DCI	-1.84536891983344
LV7008886221	leiden6	0.0033219712947024	GeoB25202_R1	50.3555	4	IG-B	DCI	-1.23683544179927
LV7008886221	leiden1	0.00839042852745699	GeoB25202_R1	50.3555	4	IG-B	DCI	-2.11360728609582
LV7008886221	grey	0.003114490589268	GeoB25202_R1	50.3555	4	IG-B	DCI	13.475224322294
LV7008886222	leiden4	0.630950697253416	GeoB25202_R1	136.2775	4	IG-B	DCI	-2.86119110437146
LV7008886222	grey	0.00941221395638277	GeoB25202_R1	136.2775	4	IG-B	DCI	-0.10404385977308
LV7008886222	leiden3	0.113738579469918	GeoB25202_R1	136.2775	4	IG-B	DCI	0
LV7008886222	leiden2	0.176572709529601	GeoB25202_R1	136.2775	4	IG-B	DCI	1.03399053932743
LV7008886222	leiden5	0.0584815998642265	GeoB25202_R1	136.2775	4	IG-B	DCI	0
LV7008886222	leiden1	0.00960668118688654	GeoB25202_R1	136.2775	4	IG-B	DCI	0.0903797419227493
LV7008886222	leiden6	0.00123751873956949	GeoB25202_R1	136.2775	4	IG-B	DCI	0
LV7008886226	leiden3	0.0628068311432634	GeoB25202_R2	36.607	4	IG-B	DCI	-0.130053128248198
LV7008886226	leiden4	0.736196309432665	GeoB25202_R2	36.607	4	IG-B	DCI	-2.82618858275123
LV7008886226	leiden2	0.0881533101045296	GeoB25202_R2	36.607	4	IG-B	DCI	-0.943595944192474
LV7008886226	leiden6	0.000842174341025921	GeoB25202_R2	36.607	4	IG-B	DCI	-14.3801494893103
LV7008886226	grey	0.0184903360884986	GeoB25202_R2	36.607	4	IG-B	DCI	-0.964761254039906
LV7008886226	leiden5	0.0848033624474618	GeoB25202_R2	36.607	4	IG-B	DCI	-0.96538929273907
LV7008886226	leiden1	0.00870767644255558	GeoB25202_R2	36.607	4	IG-B	DCI	-2.42102104170083
LV7008886228	leiden3	0.249532934131737	GeoB25202_R2	120.0235	2	IG-E	DCI	10.6600447620914
LV7008886228	leiden4	0.534634730538922	GeoB25202_R2	120.0235	2	IG-E	DCI	-9.86606445624795
LV7008886228	leiden5	0.0959041916167665	GeoB25202_R2	120.0235	2	IG-E	DCI	-13.5167786493259
LV7008886228	leiden2	0.117101796407186	GeoB25202_R2	120.0235	2	IG-E	DCI	-10.4624596421229
LV7008886228	leiden6	0.00282634730538922	GeoB25202_R2	120.0235	2	IG-E	DCI	0
LV7008886229	leiden2	0.0919931401011246	GeoB25202_R2	68.149	1	IG-D	DCI	-1.58684429717776
LV7008886229	leiden3	0.115288659376049	GeoB25202_R2	68.149	1	IG-D	DCI	-0.352145605774837
LV7008886229	leiden4	0.6957238791306	GeoB25202_R2	68.149	1	IG-D	DCI	-1.7939428560658
LV7008886229	leiden1	0.0156328012043817	GeoB25202_R2	68.149	1	IG-D	DCI	-1.36903038780998
LV7008886229	leiden5	0.0208862970996819	GeoB25202_R2	68.149	1	IG-D	DCI	-3.53150868517092
LV7008886229	leiden6	0.00137702606715697	GeoB25202_R2	68.149	1	IG-D	DCI	-1.35492870184167
LV7008886229	grey	0.0590981970210056	GeoB25202_R2	68.149	1	IG-D	DCI	-1.97697253683784
LV7008886690	leiden4	0.68531045833733	GeoB25202_R1	2.324	3	IG-A	DCI	-3.26870387185005
LV7008886690	leiden5	0.180550163142693	GeoB25202_R1	2.324	3	IG-A	DCI	-3.34389233462489
LV7008886690	leiden2	0.0150474963724921	GeoB25202_R1	2.324	3	IG-A	DCI	11.0163657050028
LV7008886690	grey	0.00113126477838325	GeoB25202_R1	2.324	3	IG-A	DCI	0
LV7008886690	leiden3	0.111282653280287	GeoB25202_R1	2.324	3	IG-A	DCI	0
LV7008886690	leiden1	0.00667796408881418	GeoB25202_R1	2.324	3	IG-A	DCI	-1.67190475269814
LV7008886692	leiden4	0.711993668927343	GeoB25202_R1	53.875	4	IG-B	DCI	-2.59682271706589
LV7008886692	leiden6	0.0042221888180524	GeoB25202_R1	53.875	4	IG-B	DCI	-12.8145854409494
LV7008886692	leiden2	0.0991529095523154	GeoB25202_R1	53.875	4	IG-B	DCI	0.90484813968857
LV7008886692	leiden3	0.0134491082560371	GeoB25202_R1	53.875	4	IG-B	DCI	-1.14767608808347
LV7008886692	grey	0.145716357334229	GeoB25202_R1	53.875	4	IG-B	DCI	9.04370269602832
LV7008886692	leiden1	0.00529652586809086	GeoB25202_R1	53.875	4	IG-B	DCI	-13.5909051707418
LV7008886692	leiden5	0.020169241243932	GeoB25202_R1	53.875	4	IG-B	DCI	10.5912498088248
LV7008886695	leiden3	0.126989853740972	GeoB25202_R1	95.3875	1	IG-D	DCI	-0.434394260546218
LV7008886695	leiden4	0.685113231714269	GeoB25202_R1	95.3875	1	IG-D	DCI	-2.29107565465869
LV7008886695	leiden1	0.00444611350666246	GeoB25202_R1	95.3875	1	IG-D	DCI	-0.981885777145926
LV7008886695	grey	0.0986836016872431	GeoB25202_R1	95.3875	1	IG-D	DCI	-0.970214970891859
LV7008886695	leiden2	0.0642882530059885	GeoB25202_R1	95.3875	1	IG-D	DCI	-2.55221173053886
LV7008886695	leiden6	0.000342008731281728	GeoB25202_R1	95.3875	1	IG-D	DCI	13.7231372378333
LV7008886695	leiden5	0.0201369376135838	GeoB25202_R1	95.3875	1	IG-D	DCI	-4.28633294575651
LV7008886702	leiden1	0.0148910780970623	GeoB25202_R2	2.324	3	IG-A	DCI	-2.32758049944234
LV7008886702	leiden4	0.801589707546332	GeoB25202_R2	2.324	3	IG-A	DCI	-2.34794297985285
LV7008886702	leiden5	0.0993272754656358	GeoB25202_R2	2.324	3	IG-A	DCI	-1.86154615706222
LV7008886702	leiden3	0.0100570773169799	GeoB25202_R2	2.324	3	IG-A	DCI	-11.2724002758329
LV7008886702	leiden2	0.0726799306421778	GeoB25202_R2	2.324	3	IG-A	DCI	0.467340511826252
LV7008886702	grey	0.000904625270808312	GeoB25202_R2	2.324	3	IG-A	DCI	0
LV7008886702	leiden6	0.000550305661003989	GeoB25202_R2	2.324	3	IG-A	DCI	-13.8617913105283
LV7008886703	leiden1	0.0377694879124073	GeoB25202_R1	27.6855	5	G-A	DCI	-1.74344428212103
LV7008886703	leiden3	0.0850992361481194	GeoB25202_R1	27.6855	5	G-A	DCI	0.330327737456081
LV7008886703	leiden4	0.637023400029068	GeoB25202_R1	27.6855	5	G-A	DCI	-2.16089359185378
LV7008886703	leiden5	0.00881901716648095	GeoB25202_R1	27.6855	5	G-A	DCI	-1.38523895205095
LV7008886703	leiden2	0.19682831904139	GeoB25202_R1	27.6855	5	G-A	DCI	-0.654717380560998
LV7008886703	leiden6	0.0329247613972191	GeoB25202_R1	27.6855	5	G-A	DCI	-2.39642059724328
LV7008886703	grey	0.00153577830531467	GeoB25202_R1	27.6855	5	G-A	DCI	0
LV7008886704	leiden3	0.0170773935333004	GeoB25202_R2	53.875	4	IG-B	DCI	-12.064388734468
LV7008886704	leiden4	0.69288423198573	GeoB25202_R2	53.875	4	IG-B	DCI	-1.91016119245739
LV7008886704	leiden2	0.126770697486172	GeoB25202_R2	53.875	4	IG-B	DCI	0.434957212228166
LV7008886704	leiden6	0.00445203939380312	GeoB25202_R2	53.875	4	IG-B	DCI	-0.811930716549912
LV7008886704	leiden5	0.0178268951147487	GeoB25202_R2	53.875	4	IG-B	DCI	-14.7671984641567
LV7008886704	grey	0.134314430903449	GeoB25202_R2	53.875	4	IG-B	DCI	9.23945943351947
LV7008886704	leiden1	0.00667431158279744	GeoB25202_R2	53.875	4	IG-B	DCI	-14.151421154582
LV7008886705	leiden4	0.816301629679742	GeoB25202_R1	59.738	4	IG-B	DCI	-3.23488039900992
LV7008886705	leiden6	0.0385976780989889	GeoB25202_R1	59.738	4	IG-B	DCI	-2.01687346452956
LV7008886705	leiden2	0.0809041158775989	GeoB25202_R1	59.738	4	IG-B	DCI	0.405421902589923
LV7008886705	leiden5	0.0216847675078826	GeoB25202_R1	59.738	4	IG-B	DCI	12.5746541402078
LV7008886705	leiden3	0.0199693151479276	GeoB25202_R1	59.738	4	IG-B	DCI	-1.44085334537033
LV7008886705	leiden1	0.0225424936878602	GeoB25202_R1	59.738	4	IG-B	DCI	1.44738958830867
LV7008886706	leiden3	0.123960709528343	GeoB25202_R1	79.0255	1	IG-D	DCI	-0.25151046947469
LV7008886706	leiden4	0.689713768697383	GeoB25202_R1	79.0255	1	IG-D	DCI	-1.72386185281951
LV7008886706	leiden2	0.0821085006945832	GeoB25202_R1	79.0255	1	IG-D	DCI	-1.225275153729
LV7008886706	leiden1	0.00881446308371328	GeoB25202_R1	79.0255	1	IG-D	DCI	-0.287682072451781
LV7008886706	grey	0.0775462062759607	GeoB25202_R1	79.0255	1	IG-D	DCI	-1.04320778570079
LV7008886706	leiden5	0.0163785778912827	GeoB25202_R1	79.0255	1	IG-D	DCI	-4.3054791205891
LV7008886706	leiden6	0.00147777382873379	GeoB25202_R1	79.0255	1	IG-D	DCI	0
LV7008886707	leiden1	0.00770776242865706	GeoB25202_R2	95.3875	1	IG-D	DCI	-2.23628401317281
LV7008886707	leiden3	0.129414825270211	GeoB25202_R2	95.3875	1	IG-D	DCI	-0.532860070920995
LV7008886707	leiden4	0.687358390738732	GeoB25202_R2	95.3875	1	IG-D	DCI	-1.8966061542674
LV7008886707	grey	0.0948977600908409	GeoB25202_R2	95.3875	1	IG-D	DCI	-1.21161300075022
LV7008886707	leiden5	0.0222022228589207	GeoB25202_R2	95.3875	1	IG-D	DCI	-4.48400644217223
LV7008886707	leiden2	0.0575630111775738	GeoB25202_R2	95.3875	1	IG-D	DCI	-1.16855136298568
LV7008886707	leiden6	0.000856027435064079	GeoB25202_R2	95.3875	1	IG-D	DCI	-1.24126858906963
LV7008886708	leiden3	0.188450904849229	GeoB25202_R1	109.6305	1	IG-D	DCI	-0.100120142187481
LV7008886708	leiden4	0.573545988324164	GeoB25202_R1	109.6305	1	IG-D	DCI	-1.53337807510969
LV7008886708	grey	0.13078207162899	GeoB25202_R1	109.6305	1	IG-D	DCI	-1.21638996826719
LV7008886708	leiden5	0.0541582313146438	GeoB25202_R1	109.6305	1	IG-D	DCI	-13.5112623657267
LV7008886708	leiden2	0.0358294498000751	GeoB25202_R1	109.6305	1	IG-D	DCI	-3.56191982665265
LV7008886708	leiden6	0.00230862265889773	GeoB25202_R1	109.6305	1	IG-D	DCI	-14.5346332249275
LV7008886708	leiden1	0.0149247314239996	GeoB25202_R1	109.6305	1	IG-D	DCI	-12.3971442191813
LV7008886709	leiden4	0.700548074515017	GeoB25202_R1	147.206	4	IG-B	DCI	-2.23037795154081
LV7008886709	leiden1	0.0219518773237781	GeoB25202_R1	147.206	4	IG-B	DCI	-2.76436410945546
LV7008886709	leiden3	0.0526739101119266	GeoB25202_R1	147.206	4	IG-B	DCI	-1.60136521470899
LV7008886709	grey	0.00869791365659134	GeoB25202_R1	147.206	4	IG-B	DCI	-12.8088806590078
LV7008886709	leiden5	0.0208441696045002	GeoB25202_R1	147.206	4	IG-B	DCI	-13.8342797058789
LV7008886709	leiden2	0.195284054788187	GeoB25202_R1	147.206	4	IG-B	DCI	0.170633328889947
LV7008886714	leiden1	0.0087878924372776	GeoB25202_R1	0.692	1	IG-D	DCI	-8.57117535496502
LV7008886714	leiden3	0.0218363242779207	GeoB25202_R1	0.692	1	IG-D	DCI	-10.9093869762766
LV7008886714	leiden4	0.89870355601364	GeoB25202_R1	0.692	1	IG-D	DCI	-2.74760480237294
LV7008886714	leiden2	0.0225530381514346	GeoB25202_R1	0.692	1	IG-D	DCI	2.24429682245749
LV7008886714	leiden5	0.0477604347445929	GeoB25202_R1	0.692	1	IG-D	DCI	0
LV7008886714	leiden6	0.000358754375134135	GeoB25202_R1	0.692	1	IG-D	DCI	-14.9141228466324
LV7008886715	leiden1	0.0308159042991686	GeoB25202_R2	27.6855	5	G-A	DCI	-1.24468685993951
LV7008886715	leiden2	0.152949555715199	GeoB25202_R2	27.6855	5	G-A	DCI	-0.489420353920623
LV7008886715	leiden3	0.0187485598173325	GeoB25202_R2	27.6855	5	G-A	DCI	-2.58748552248395
LV7008886715	leiden4	0.745331343673486	GeoB25202_R2	27.6855	5	G-A	DCI	-2.06044297170756
LV7008886715	leiden5	0.0190332076857389	GeoB25202_R2	27.6855	5	G-A	DCI	-12.083926226119
LV7008886715	leiden6	0.0318288071036278	GeoB25202_R2	27.6855	5	G-A	DCI	-2.44625113111941
LV7008886715	grey	0.00129262170544737	GeoB25202_R2	27.6855	5	G-A	DCI	0
LV7008886717	leiden4	0.814435912228699	GeoB25202_R2	59.738	4	IG-B	DCI	-2.45989973167158
LV7008886717	leiden1	0.0169445162830485	GeoB25202_R2	59.738	4	IG-B	DCI	-0.371631035092382
LV7008886717	leiden2	0.11861161398134	GeoB25202_R2	59.738	4	IG-B	DCI	0.405385878688758
LV7008886717	leiden6	0.0034615155071916	GeoB25202_R2	59.738	4	IG-B	DCI	-0.603802080224096
LV7008886717	leiden3	0.0380965643463903	GeoB25202_R2	59.738	4	IG-B	DCI	0
LV7008886717	leiden5	0.00844987765333121	GeoB25202_R2	59.738	4	IG-B	DCI	-0.438722329864647
LV7008886718	leiden3	0.112458351484041	GeoB25202_R2	79.0255	1	IG-D	DCI	-0.564741767094869
LV7008886718	leiden4	0.67503855799004	GeoB25202_R2	79.0255	1	IG-D	DCI	-2.09454331495647
LV7008886718	leiden1	0.0149890507081719	GeoB25202_R2	79.0255	1	IG-D	DCI	-0.862094677828643
LV7008886718	grey	0.0766362127223707	GeoB25202_R2	79.0255	1	IG-D	DCI	-2.37752020150855
LV7008886718	leiden6	0.000523917727256673	GeoB25202_R2	79.0255	1	IG-D	DCI	0
LV7008886718	leiden2	0.106284658040665	GeoB25202_R2	79.0255	1	IG-D	DCI	-0.913864857910713
LV7008886718	leiden5	0.0140692513274545	GeoB25202_R2	79.0255	1	IG-D	DCI	-11.5599208335636
LV7008886719	leiden3	0.0939685717976636	GeoB25202_R1	87.2825	1	IG-D	DCI	-0.351335469930377
LV7008886719	leiden4	0.713335301825161	GeoB25202_R1	87.2825	1	IG-D	DCI	-2.44833104818649
LV7008886719	grey	0.111772657648513	GeoB25202_R1	87.2825	1	IG-D	DCI	-0.781126830549087
LV7008886719	leiden2	0.0523718788639342	GeoB25202_R1	87.2825	1	IG-D	DCI	-2.36257533256744
LV7008886719	leiden1	0.00254673630206507	GeoB25202_R1	87.2825	1	IG-D	DCI	-14.294306939158
LV7008886719	leiden5	0.025232066731873	GeoB25202_R1	87.2825	1	IG-D	DCI	0.221221532535047
LV7008886719	leiden6	0.000772786830789673	GeoB25202_R1	87.2825	1	IG-D	DCI	13.0219656510886
LV7008886720	leiden3	0.184324854791895	GeoB25202_R2	109.6305	1	IG-D	DCI	-0.350225528922617
LV7008886720	leiden4	0.456662943241655	GeoB25202_R2	109.6305	1	IG-D	DCI	-1.67455505357914
LV7008886720	leiden1	0.015132932837217	GeoB25202_R2	109.6305	1	IG-D	DCI	-12.8739984082934
LV7008886720	grey	0.132438325530916	GeoB25202_R2	109.6305	1	IG-D	DCI	-0.836315371276863
LV7008886720	leiden5	0.162708567414962	GeoB25202_R2	109.6305	1	IG-D	DCI	-12.2876074846465
LV7008886720	leiden2	0.0445640365282216	GeoB25202_R2	109.6305	1	IG-D	DCI	-3.76966331431353
LV7008886720	leiden6	0.0041683396551328	GeoB25202_R2	109.6305	1	IG-D	DCI	-14.7539171265862
LV7008886721	leiden4	0.690048806749357	GeoB25202_R2	147.206	4	IG-B	DCI	-1.92169486668363
LV7008886721	leiden1	0.0160233479021598	GeoB25202_R2	147.206	4	IG-B	DCI	-2.96633233719727
LV7008886721	leiden2	0.190941353979981	GeoB25202_R2	147.206	4	IG-B	DCI	-2.25211566730489
LV7008886721	leiden3	0.0800246513044649	GeoB25202_R2	147.206	4	IG-B	DCI	-0.145966270583769
LV7008886721	leiden5	0.0172665386876722	GeoB25202_R2	147.206	4	IG-B	DCI	-1.09347088916769
LV7008886721	grey	0.0056953013763645	GeoB25202_R2	147.206	4	IG-B	DCI	-1.9565674435293
LV7008886726	leiden3	0.0264245707245135	GeoB25202_R2	0.692	1	IG-D	DCI	-11.013383020791
LV7008886726	leiden4	0.920828619080983	GeoB25202_R2	0.692	1	IG-D	DCI	-4.68283920818919
LV7008886726	grey	0.000319372544359361	GeoB25202_R2	0.692	1	IG-D	DCI	0
LV7008886726	leiden2	0.0176405878765522	GeoB25202_R2	0.692	1	IG-D	DCI	-0.690539617152864
LV7008886726	leiden5	0.0256352171361938	GeoB25202_R2	0.692	1	IG-D	DCI	0
LV7008886726	leiden1	0.00868784098383249	GeoB25202_R2	0.692	1	IG-D	DCI	0
LV7008886726	leiden6	0.00046379165356579	GeoB25202_R2	0.692	1	IG-D	DCI	-14.9141228466324
LV7008886727	leiden1	0.064262329313675	GeoB25202_R1	16.4375	3	IG-A	DCI	-2.12658729889179
LV7008886727	leiden3	0.0359258513497053	GeoB25202_R1	16.4375	3	IG-A	DCI	-1.05122414073065
LV7008886727	leiden4	0.674788845717543	GeoB25202_R1	16.4375	3	IG-A	DCI	-1.74591843514696
LV7008886727	leiden2	0.200799788534983	GeoB25202_R1	16.4375	3	IG-A	DCI	-0.780381946358725
LV7008886727	leiden5	0.0238221307420583	GeoB25202_R1	16.4375	3	IG-A	DCI	-1.72188072731553
LV7008886727	grey	9.94349608350548e-05	GeoB25202_R1	16.4375	3	IG-A	DCI	0
LV7008886727	leiden6	0.000301619381199666	GeoB25202_R1	16.4375	3	IG-A	DCI	-15.3799970825361
LV7008886728	leiden3	0.00715355635241251	GeoB25202_R2	50.3555	5	G-A	DCI	11.4767458083927
LV7008886728	leiden4	0.722176327296385	GeoB25202_R2	50.3555	5	G-A	DCI	-2.31138530740185
LV7008886728	leiden2	0.147997518647966	GeoB25202_R2	50.3555	5	G-A	DCI	0.035767733802407
LV7008886728	leiden6	0.0106335012785015	GeoB25202_R2	50.3555	5	G-A	DCI	-0.773452389875624
LV7008886728	leiden1	0.0107787511536774	GeoB25202_R2	50.3555	5	G-A	DCI	-3.0282088622319
LV7008886728	grey	0.0959556987880713	GeoB25202_R2	50.3555	5	G-A	DCI	0
LV7008886728	leiden5	0.0053046464829861	GeoB25202_R2	50.3555	5	G-A	DCI	-12.1271701888354
LV7008886730	leiden3	0.116081329133237	GeoB25202_R1	75.351	1	IG-D	DCI	-0.483550908504965
LV7008886730	leiden4	0.678187511443071	GeoB25202_R1	75.351	1	IG-D	DCI	-1.72105580247778
LV7008886730	leiden1	0.0144781255428123	GeoB25202_R1	75.351	1	IG-D	DCI	-0.717007233622255
LV7008886730	leiden2	0.0945087342907174	GeoB25202_R1	75.351	1	IG-D	DCI	-1.49226444704956
LV7008886730	grey	0.0790916901005113	GeoB25202_R1	75.351	1	IG-D	DCI	-1.13760116631886
LV7008886730	leiden6	0.00194074484416298	GeoB25202_R1	75.351	1	IG-D	DCI	-1.06535627313259
LV7008886730	leiden5	0.0157118646454878	GeoB25202_R1	75.351	1	IG-D	DCI	-3.52915140954284
LV7008886731	leiden2	0.0581664665716993	GeoB25202_R2	87.2825	1	IG-D	DCI	-1.84233431946155
LV7008886731	leiden3	0.126700548032123	GeoB25202_R2	87.2825	1	IG-D	DCI	0.0838091904690134
LV7008886731	leiden4	0.676982443480947	GeoB25202_R2	87.2825	1	IG-D	DCI	-2.37740907859022
LV7008886731	leiden1	0.00744602101308186	GeoB25202_R2	87.2825	1	IG-D	DCI	-1.82682938424251
LV7008886731	grey	0.103757016283376	GeoB25202_R2	87.2825	1	IG-D	DCI	-0.238111319400497
LV7008886731	leiden5	0.0263524035241597	GeoB25202_R2	87.2825	1	IG-D	DCI	-4.1556450880859
LV7008886731	leiden6	0.00059510109461278	GeoB25202_R2	87.2825	1	IG-D	DCI	-0.867805864608331
LV7008886739	leiden1	0.0635666615142616	GeoB25202_R2	16.4375	3	IG-A	DCI	-1.43896778882748
LV7008886739	leiden2	0.22104897664142	GeoB25202_R2	16.4375	3	IG-A	DCI	-0.835386722261062
LV7008886739	leiden3	0.0360687300533729	GeoB25202_R2	16.4375	3	IG-A	DCI	-1.07295490456014
LV7008886739	leiden4	0.665776929651485	GeoB25202_R2	16.4375	3	IG-A	DCI	-1.82394615572396
LV7008886739	leiden5	0.00969315154435766	GeoB25202_R2	16.4375	3	IG-A	DCI	-1.53197615564204
LV7008886739	leiden6	0.00168835980760313	GeoB25202_R2	16.4375	3	IG-A	DCI	-1.52038263965289
LV7008886739	grey	0.00215719078749966	GeoB25202_R2	16.4375	3	IG-A	DCI	-13.3109874760691
LV7008886740	leiden3	0.108824478465076	GeoB25202_R1	43.105	4	IG-B	DCI	-9.71380972612971
LV7008886740	leiden4	0.673580344292439	GeoB25202_R1	43.105	4	IG-B	DCI	-1.99915604901577
LV7008886740	leiden2	0.190887159971522	GeoB25202_R1	43.105	4	IG-B	DCI	-0.528097210274651
LV7008886740	leiden6	0.00688892189652788	GeoB25202_R1	43.105	4	IG-B	DCI	-2.20158949042092
LV7008886740	leiden1	0.0126663969145825	GeoB25202_R1	43.105	4	IG-B	DCI	-3.03513762725222
LV7008886740	grey	0.00361604376130014	GeoB25202_R1	43.105	4	IG-B	DCI	-2.72890645825037
LV7008886740	leiden5	0.00353665469855205	GeoB25202_R1	43.105	4	IG-B	DCI	-12.3182886814527
LV7008886741	leiden4	0.739686468646865	GeoB25202_R1	58.997	2	IG-E	DCI	-12.4086681718976
LV7008886741	leiden2	0.121809680968097	GeoB25202_R1	58.997	2	IG-E	DCI	0.405459739637726
LV7008886741	grey	0.0385038503850385	GeoB25202_R1	58.997	2	IG-E	DCI	0
LV7008886741	leiden1	0.0635863586358636	GeoB25202_R1	58.997	2	IG-E	DCI	0.848647305285181
LV7008886741	leiden5	0.0110836083608361	GeoB25202_R1	58.997	2	IG-E	DCI	0
LV7008886741	leiden3	0.0253300330033003	GeoB25202_R1	58.997	2	IG-E	DCI	0
LV7008886742	leiden1	0.0181050867242334	GeoB25202_R2	75.351	1	IG-D	DCI	-1.35257889799631
LV7008886742	leiden2	0.0991963604256147	GeoB25202_R2	75.351	1	IG-D	DCI	-1.15600062612543
LV7008886742	leiden3	0.115022971820236	GeoB25202_R2	75.351	1	IG-D	DCI	0.0129277229838391
LV7008886742	leiden4	0.687858607324045	GeoB25202_R2	75.351	1	IG-D	DCI	-1.95710360030035
LV7008886742	grey	0.0578268807710151	GeoB25202_R2	75.351	1	IG-D	DCI	-1.18235393011128
LV7008886742	leiden5	0.0194961164903249	GeoB25202_R2	75.351	1	IG-D	DCI	-3.09718748768993
LV7008886742	leiden6	0.00249397644453091	GeoB25202_R2	75.351	1	IG-D	DCI	-1.4369790632731
LV7008886743	leiden3	0.131823487077372	GeoB25202_R1	81.6705	1	IG-D	DCI	-0.0518133231538009
LV7008886743	leiden4	0.659454904110406	GeoB25202_R1	81.6705	1	IG-D	DCI	-1.95411651866452
LV7008886743	grey	0.127050448777468	GeoB25202_R1	81.6705	1	IG-D	DCI	-0.612931367666854
LV7008886743	leiden1	0.00762381000324417	GeoB25202_R1	81.6705	1	IG-D	DCI	-13.0548367818399
LV7008886743	leiden5	0.0219559761795557	GeoB25202_R1	81.6705	1	IG-D	DCI	-14.179537822989
LV7008886743	leiden2	0.0520913738519538	GeoB25202_R1	81.6705	1	IG-D	DCI	-3.57568493171444
LV7008886744	leiden3	0.188002819143326	GeoB25202_R1	105.5785	1	IG-D	DCI	-0.050441324154973
LV7008886744	leiden4	0.555620547143939	GeoB25202_R1	105.5785	1	IG-D	DCI	-1.74508291290129
LV7008886744	leiden5	0.0654012484777585	GeoB25202_R1	105.5785	1	IG-D	DCI	-4.80827693624812
LV7008886744	leiden1	0.00420234545053554	GeoB25202_R1	105.5785	1	IG-D	DCI	-2.49084138530781
LV7008886744	grey	0.148810494117196	GeoB25202_R1	105.5785	1	IG-D	DCI	-1.70826440764118
LV7008886744	leiden2	0.0376005638286651	GeoB25202_R1	105.5785	1	IG-D	DCI	-12.8990604254362
LV7008886744	leiden6	0.000361981838580072	GeoB25202_R1	105.5785	1	IG-D	DCI	-14.9141228466324
LV7008886745	leiden1	0.00938108836638288	GeoB25202_R2	136.2775	4	IG-B	DCI	0
LV7008886745	leiden4	0.693766847260402	GeoB25202_R2	136.2775	4	IG-B	DCI	-3.27814936875272
LV7008886745	leiden5	0.010822279751261	GeoB25202_R2	136.2775	4	IG-B	DCI	-15.2306691437925
LV7008886745	leiden2	0.158624462889322	GeoB25202_R2	136.2775	4	IG-B	DCI	-1.11151569350402
LV7008886745	leiden3	0.120272758813953	GeoB25202_R2	136.2775	4	IG-B	DCI	-11.3069148969909
LV7008886745	grey	0.00637860631455336	GeoB25202_R2	136.2775	4	IG-B	DCI	0
LV7008886745	leiden6	0.000753956604126078	GeoB25202_R2	136.2775	4	IG-B	DCI	0
LV7008886751	leiden2	0.0822610955905648	GeoB25202_R1	7.1335	3	IG-A	DCI	-2.11528697314908
LV7008886751	leiden3	0.0150143285043634	GeoB25202_R1	7.1335	3	IG-A	DCI	-9.43104326357111
LV7008886751	leiden4	0.691910155237464	GeoB25202_R1	7.1335	3	IG-A	DCI	-2.02210927148826
LV7008886751	leiden5	0.146825768267043	GeoB25202_R1	7.1335	3	IG-A	DCI	-3.2937103927261
LV7008886751	leiden1	0.0592868868984188	GeoB25202_R1	7.1335	3	IG-A	DCI	-4.44441744958625
LV7008886751	grey	0.00449475821548919	GeoB25202_R1	7.1335	3	IG-A	DCI	0
LV7008886752	leiden3	0.0739448278036757	GeoB25202_R2	43.105	5	G-A	DCI	-11.0605341261307
LV7008886752	leiden4	0.689557855126999	GeoB25202_R2	43.105	5	G-A	DCI	-2.21525837464478
LV7008886752	leiden5	0.0107921609022635	GeoB25202_R2	43.105	5	G-A	DCI	-15.2446992717256
LV7008886752	leiden2	0.144329057111474	GeoB25202_R2	43.105	5	G-A	DCI	0.0404182271900793
LV7008886752	leiden6	0.0126762561949158	GeoB25202_R2	43.105	5	G-A	DCI	-2.14949502405325
LV7008886752	leiden1	0.00857434161774676	GeoB25202_R2	43.105	5	G-A	DCI	0.452322590347718
LV7008886752	grey	0.0601255012429248	GeoB25202_R2	43.105	5	G-A	DCI	0
LV7008886753	leiden4	0.821454260119009	GeoB25202_R2	58.997	4	IG-B	DCI	-1.68296686159099
LV7008886753	grey	0.00704025807014102	GeoB25202_R2	58.997	4	IG-B	DCI	12.7674559991048
LV7008886753	leiden3	0.0357462019660411	GeoB25202_R2	58.997	4	IG-B	DCI	-11.1426712826405
LV7008886753	leiden2	0.106769981908934	GeoB25202_R2	58.997	4	IG-B	DCI	-0.340066358286138
LV7008886753	leiden5	0.0047461801695765	GeoB25202_R2	58.997	4	IG-B	DCI	0
LV7008886753	leiden1	0.0227010178948974	GeoB25202_R2	58.997	4	IG-B	DCI	0.497334928232952
LV7008886753	leiden6	0.00154209987140086	GeoB25202_R2	58.997	4	IG-B	DCI	0
LV7008886754	leiden3	0.138168627813508	GeoB25202_R1	71.8895	1	IG-D	DCI	-0.152504380462203
LV7008886754	leiden4	0.627237710366565	GeoB25202_R1	71.8895	1	IG-D	DCI	-1.83506780613321
LV7008886754	leiden1	0.0188278901053429	GeoB25202_R1	71.8895	1	IG-D	DCI	-1.41284753085667
LV7008886754	grey	0.0598019924019317	GeoB25202_R1	71.8895	1	IG-D	DCI	-1.38095287569956
LV7008886754	leiden5	0.048836298164754	GeoB25202_R1	71.8895	1	IG-D	DCI	-5.05944580807898
LV7008886754	leiden6	0.00324876850543442	GeoB25202_R1	71.8895	1	IG-D	DCI	-2.56930429085491
LV7008886754	leiden2	0.103878712642464	GeoB25202_R1	71.8895	1	IG-D	DCI	-1.82868782716925
LV7008886755	leiden3	0.119082532183512	GeoB25202_R2	81.6705	1	IG-D	DCI	0.0549301397372181
LV7008886755	leiden4	0.691872828172813	GeoB25202_R2	81.6705	1	IG-D	DCI	-1.65843702979424
LV7008886755	leiden1	0.00504028930977741	GeoB25202_R2	81.6705	1	IG-D	DCI	-2.01645220752909
LV7008886755	grey	0.103501170095226	GeoB25202_R2	81.6705	1	IG-D	DCI	-0.841829788693484
LV7008886755	leiden5	0.0149857058212434	GeoB25202_R2	81.6705	1	IG-D	DCI	-4.35670882668959
LV7008886755	leiden2	0.0655174744174277	GeoB25202_R2	81.6705	1	IG-D	DCI	-1.93614242303108
LV7008886756	leiden3	0.169243866088525	GeoB25202_R2	105.5785	1	IG-D	DCI	-0.675097079862336
LV7008886756	leiden4	0.589906960367721	GeoB25202_R2	105.5785	1	IG-D	DCI	-1.82432930053555
LV7008886756	grey	0.145923667951247	GeoB25202_R2	105.5785	1	IG-D	DCI	-1.17811890163756
LV7008886756	leiden1	0.00546710332752941	GeoB25202_R2	105.5785	1	IG-D	DCI	-13.4551107446662
LV7008886756	leiden5	0.0274729779917137	GeoB25202_R2	105.5785	1	IG-D	DCI	-14.1729664468861
LV7008886756	leiden2	0.0609315538920856	GeoB25202_R2	105.5785	1	IG-D	DCI	-3.81851437645934
LV7008886756	leiden6	0.00105387038117792	GeoB25202_R2	105.5785	1	IG-D	DCI	-13.9279398523436
LV7008886757	leiden3	0.216319107662464	GeoB25202_R1	123.1195	2	IG-E	DCI	-0.0497234353524305
LV7008886757	leiden1	0.0155431619786615	GeoB25202_R1	123.1195	2	IG-E	DCI	0
LV7008886757	leiden4	0.541658583899127	GeoB25202_R1	123.1195	2	IG-E	DCI	-9.5348795804105
LV7008886757	grey	0.0450775945683802	GeoB25202_R1	123.1195	2	IG-E	DCI	0
LV7008886757	leiden5	0.057274490785645	GeoB25202_R1	123.1195	2	IG-E	DCI	-14.6390618924938
LV7008886757	leiden2	0.124127061105723	GeoB25202_R1	123.1195	2	IG-E	DCI	1.02229027424824
LV7008886763	leiden2	0.0476157662624035	GeoB25202_R2	7.1335	3	IG-A	DCI	-11.6656365024352
LV7008886763	leiden1	0.0210963340683572	GeoB25202_R2	7.1335	3	IG-A	DCI	-13.3222765814634
LV7008886763	leiden4	0.794990352811466	GeoB25202_R2	7.1335	3	IG-A	DCI	-2.86180687445803
LV7008886763	leiden5	0.123518467475193	GeoB25202_R2	7.1335	3	IG-A	DCI	-1.54521547336894
LV7008886763	leiden3	0.00709757442116869	GeoB25202_R2	7.1335	3	IG-A	DCI	-12.9796381838854
LV7008886763	grey	0.00568150496141125	GeoB25202_R2	7.1335	3	IG-A	DCI	12.1975464063019
LV7008886765	leiden4	0.657961128415321	GeoB25202_R1	58.181	4	IG-B	DCI	-2.23481935314228
LV7008886765	leiden1	0.0192286350554516	GeoB25202_R1	58.181	4	IG-B	DCI	-1.60221766446061
LV7008886765	leiden2	0.156169464523082	GeoB25202_R1	58.181	4	IG-B	DCI	-0.534914960409477
LV7008886765	leiden6	0.00716912172709987	GeoB25202_R1	58.181	4	IG-B	DCI	-13.7371863590484
LV7008886765	leiden3	0.0692743822890387	GeoB25202_R1	58.181	4	IG-B	DCI	-2.38366924407963
LV7008886765	leiden5	0.0164739364076461	GeoB25202_R1	58.181	4	IG-B	DCI	-15.2520909698452
LV7008886765	grey	0.0737233315823611	GeoB25202_R1	58.181	4	IG-B	DCI	-9.88682443551714
LV7008886766	leiden2	0.0858955884211857	GeoB25202_R2	71.8895	1	IG-D	DCI	-1.29053131952039
LV7008886766	leiden3	0.163755951628534	GeoB25202_R2	71.8895	1	IG-D	DCI	-0.887500041520308
LV7008886766	leiden4	0.651439767412464	GeoB25202_R2	71.8895	1	IG-D	DCI	-1.48538526376412
LV7008886766	leiden1	0.0175612017022711	GeoB25202_R2	71.8895	1	IG-D	DCI	-1.02172081032983
LV7008886766	leiden5	0.0234239244933215	GeoB25202_R2	71.8895	1	IG-D	DCI	-4.86267014369988
LV7008886766	leiden6	0.00158007837188725	GeoB25202_R2	71.8895	1	IG-D	DCI	-2.71782681528683
LV7008886766	grey	0.0563434879703367	GeoB25202_R2	71.8895	1	IG-D	DCI	-1.81565139065279
LV7008886768	leiden3	0.137457665315047	GeoB25202_R1	102.2955	1	IG-D	DCI	-0.363539826329291
LV7008886768	leiden4	0.659441333996091	GeoB25202_R1	102.2955	1	IG-D	DCI	-2.03748384408753
LV7008886768	leiden1	0.00347787728015932	GeoB25202_R1	102.2955	1	IG-D	DCI	-0.301015603321246
LV7008886768	grey	0.0920262950537744	GeoB25202_R1	102.2955	1	IG-D	DCI	-1.05248358589284
LV7008886768	leiden2	0.0863683513167505	GeoB25202_R1	102.2955	1	IG-D	DCI	-2.22559660722746
LV7008886768	leiden5	0.0193824530222849	GeoB25202_R1	102.2955	1	IG-D	DCI	-13.8122066811669
LV7008886768	leiden6	0.00184602401589339	GeoB25202_R1	102.2955	1	IG-D	DCI	0
LV7008886769	leiden1	0.0211340023403425	GeoB25202_R2	123.1195	2	IG-E	DCI	0
LV7008886769	leiden4	0.516736995142016	GeoB25202_R2	123.1195	2	IG-E	DCI	-2.48549441590854
LV7008886769	leiden3	0.173185348037304	GeoB25202_R2	123.1195	2	IG-E	DCI	8.99492181987948
LV7008886769	leiden2	0.211827594766143	GeoB25202_R2	123.1195	2	IG-E	DCI	0.637084678497261
LV7008886769	grey	0.0101414843445268	GeoB25202_R2	123.1195	2	IG-E	DCI	-0.753129885161656
LV7008886769	leiden5	0.0669745753696677	GeoB25202_R2	123.1195	2	IG-E	DCI	-11.0840243997497
LV7008886776	leiden1	0.0363832790038343	GeoB25202_R1	36.607	5	G-A	DCI	-1.51182571107734
LV7008886776	leiden2	0.20001248954001	GeoB25202_R1	36.607	5	G-A	DCI	-1.06362546752458
LV7008886776	leiden3	0.0376047560168359	GeoB25202_R1	36.607	5	G-A	DCI	-0.955027535025252
LV7008886776	leiden4	0.681649118862952	GeoB25202_R1	36.607	5	G-A	DCI	-2.06766626246441
LV7008886776	leiden5	0.0029125607303883	GeoB25202_R1	36.607	5	G-A	DCI	-11.7064841483859
LV7008886776	leiden6	0.0222576092522512	GeoB25202_R1	36.607	5	G-A	DCI	-2.49031464769875
LV7008886776	grey	0.0191801865937278	GeoB25202_R1	36.607	5	G-A	DCI	-12.0991698415498
LV7008886778	leiden2	0.0904935407837077	GeoB25202_R1	68.149	1	IG-D	DCI	-1.25737647361085
LV7008886778	leiden3	0.0956741903423567	GeoB25202_R1	68.149	1	IG-D	DCI	-0.429068050912674
LV7008886778	leiden4	0.733146527020065	GeoB25202_R1	68.149	1	IG-D	DCI	-1.55275370673376
LV7008886778	leiden1	0.0115776905765658	GeoB25202_R1	68.149	1	IG-D	DCI	-0.888838971917072
LV7008886778	grey	0.0553846125077953	GeoB25202_R1	68.149	1	IG-D	DCI	-1.08234929629582
LV7008886778	leiden5	0.0133447773236957	GeoB25202_R1	68.149	1	IG-D	DCI	-14.134199925605
LV7008886778	leiden6	0.000378661445813547	GeoB25202_R1	68.149	1	IG-D	DCI	-14.4709174105414
LV7008886780	leiden3	0.125858970233577	GeoB25202_R2	102.2955	1	IG-D	DCI	-1.29311689169706
LV7008886780	leiden4	0.687399303293714	GeoB25202_R2	102.2955	1	IG-D	DCI	-2.06842148357212
LV7008886780	leiden2	0.0929364028473693	GeoB25202_R2	102.2955	1	IG-D	DCI	-1.92619734325624
LV7008886780	leiden1	0.00948525133113057	GeoB25202_R2	102.2955	1	IG-D	DCI	-0.866267924253866
LV7008886780	grey	0.0684731996802372	GeoB25202_R2	102.2955	1	IG-D	DCI	-0.751488676466312
LV7008886780	leiden5	0.0158468726139716	GeoB25202_R2	102.2955	1	IG-D	DCI	-4.19141578285001
LV7008886781	leiden3	0.24325302658569	GeoB25202_R1	120.0235	2	IG-E	DCI	0.405422517465863
LV7008886781	leiden4	0.60117443590878	GeoB25202_R1	120.0235	2	IG-E	DCI	-9.88687527436088
LV7008886781	leiden2	0.140650766198769	GeoB25202_R1	120.0235	2	IG-E	DCI	0
LV7008886781	leiden1	0.0102159835900736	GeoB25202_R1	120.0235	2	IG-E	DCI	0
LV7008886781	grey	0.00470578771668745	GeoB25202_R1	120.0235	2	IG-E	DCI	0
LV3003046936	leiden1	0.0675888164049875	ST8	22.905	3	IG-A	MII	-2.32883569441845
LV3003046936	leiden2	0.226342027148859	ST8	22.905	3	IG-A	MII	-2.3217126237259
LV3003046936	leiden3	0.0310325837344991	ST8	22.905	3	IG-A	MII	-3.08828332957048
LV3003046936	leiden4	0.652404017895113	ST8	22.905	3	IG-A	MII	-2.71566328830079
LV3003046936	grey	0.00475604725534557	ST8	22.905	3	IG-A	MII	-1.63668102819057
LV3003046936	leiden5	0.0156151657679419	ST8	22.905	3	IG-A	MII	-1.57077864513637
LV3003046936	leiden6	0.00226134179325361	ST8	22.905	3	IG-A	MII	-1.53087100898453
LV3003046937	leiden1	0.0275715531018451	ST8	18.598	3	IG-A	MII	-2.43307538964704
LV3003046937	leiden4	0.729887040534651	ST8	18.598	3	IG-A	MII	-2.95343324104913
LV3003046937	leiden2	0.203187200348685	ST8	18.598	3	IG-A	MII	-2.78831754479614
LV3003046937	leiden3	0.0212952201075113	ST8	18.598	3	IG-A	MII	-3.08111700748986
LV3003046937	leiden5	0.0143959755920384	ST8	18.598	3	IG-A	MII	-2.35099904858901
LV3003046937	leiden6	0.00240447479296818	ST8	18.598	3	IG-A	MII	-0.796041603722578
LV3003046937	grey	0.00125853552230132	ST8	18.598	3	IG-A	MII	-0.771506257316149
LV3003046938	leiden3	0.303806676365772	ST8	11.169	1	IG-D	MII	-4.96043911401659
LV3003046938	leiden4	0.531410418974653	ST8	11.169	1	IG-D	MII	-4.10524241390057
LV3003046938	leiden1	0.0339063813883958	ST8	11.169	1	IG-D	MII	-2.24885691546524
LV3003046938	leiden2	0.0849094379412982	ST8	11.169	1	IG-D	MII	-2.8198844139621
LV3003046938	leiden6	0.0190600766140334	ST8	11.169	1	IG-D	MII	-0.826575167102949
LV3003046938	grey	0.0269070087158474	ST8	11.169	1	IG-D	MII	-3.10550111843535
LV3003046939	leiden3	0.136189321809062	ST8	2.42	1	IG-D	MII	-4.86512805939506
LV3003046939	leiden4	0.802420386438417	ST8	2.42	1	IG-D	MII	-2.35879736103229
LV3003046939	leiden1	0.00662742083037104	ST8	2.42	1	IG-D	MII	-2.40206815515757
LV3003046939	leiden2	0.0446195037030558	ST8	2.42	1	IG-D	MII	-3.34470885067179
LV3003046939	leiden6	0.00229200770009359	ST8	2.42	1	IG-D	MII	-0.79330781449802
LV3003046939	grey	0.00352318084631316	ST8	2.42	1	IG-D	MII	-14.4583169981827
LV3003046939	leiden5	0.00432817867268749	ST8	2.42	1	IG-D	MII	-3.33033375441386
LV3003046949	leiden1	0.064534801475789	ST8	22.3686666666667	3	IG-A	MII	-2.00899558272363
LV3003046949	leiden2	0.194733038940185	ST8	22.3686666666667	3	IG-A	MII	-2.23826878438343
LV3003046949	leiden3	0.0313815449905374	ST8	22.3686666666667	3	IG-A	MII	-2.84175127019108
LV3003046949	leiden4	0.688840205692875	ST8	22.3686666666667	3	IG-A	MII	-2.66508142851298
LV3003046949	grey	0.00224809313528703	ST8	22.3686666666667	3	IG-A	MII	-1.32937595688148
LV3003046949	leiden5	0.0164454894764008	ST8	22.3686666666667	3	IG-A	MII	-2.2142428568253
LV3003046949	leiden6	0.00181682628892585	ST8	22.3686666666667	3	IG-A	MII	-0.975419696569146
LV3003046950	leiden1	0.057981312567371	ST8	18.099	3	IG-A	MII	-2.28831758035351
LV3003046950	leiden2	0.244606698666357	ST8	18.099	3	IG-A	MII	-2.49967270466895
LV3003046950	leiden4	0.631955219768268	ST8	18.099	3	IG-A	MII	-3.12407286792328
LV3003046950	leiden6	0.0102875138367242	ST8	18.099	3	IG-A	MII	-0.9661972838724
LV3003046950	leiden3	0.0302897373801824	ST8	18.099	3	IG-A	MII	-3.05770944200538
LV3003046950	leiden5	0.0211224544052746	ST8	18.099	3	IG-A	MII	-2.96534636788287
LV3003046950	grey	0.00375706337582235	ST8	18.099	3	IG-A	MII	-1.70212308543874
LV3003046952	leiden3	0.303315248057641	ST8	10.26	1	IG-D	MII	-4.19257885114218
LV3003046952	leiden4	0.563267502929815	ST8	10.26	1	IG-D	MII	-3.96586368538365
LV3003046952	leiden2	0.0705169495203785	ST8	10.26	1	IG-D	MII	-2.98654416503546
LV3003046952	leiden6	0.00727114892139416	ST8	10.26	1	IG-D	MII	-0.83627027584446
LV3003046952	leiden1	0.0275897391379834	ST8	10.26	1	IG-D	MII	-2.92952104502892
LV3003046952	grey	0.0278084986327532	ST8	10.26	1	IG-D	MII	-2.70676653045657
LV3003046952	leiden5	0.000230912800034724	ST8	10.26	1	IG-D	MII	-1.09861228866811
LV3003046953	leiden1	0.0064390028429954	ST8	1.5215	1	IG-D	MII	-2.79368511538312
LV3003046953	leiden3	0.0649280889399481	ST8	1.5215	1	IG-D	MII	-4.20550238570722
LV3003046953	leiden4	0.874965462332129	ST8	1.5215	1	IG-D	MII	-2.60373252908144
LV3003046953	leiden2	0.0373811177116432	ST8	1.5215	1	IG-D	MII	-2.92756359149818
LV3003046953	leiden5	0.0145203626818681	ST8	1.5215	1	IG-D	MII	-5.96391388593097
LV3003046953	grey	0.000730289898277479	ST8	1.5215	1	IG-D	MII	-11.6346418459317
LV3003046953	leiden6	0.001035675593139	ST8	1.5215	1	IG-D	MII	-14.2209756660724
LV3003046965	leiden1	0.0665505382532902	ST8	21.8323333333333	3	IG-A	MII	-2.42278509323758
LV3003046965	leiden2	0.214692880686631	ST8	21.8323333333333	3	IG-A	MII	-2.31426773646131
LV3003046965	leiden3	0.0362607476751289	ST8	21.8323333333333	3	IG-A	MII	-2.12181405765811
LV3003046965	leiden4	0.652748727145557	ST8	21.8323333333333	3	IG-A	MII	-2.65108568055552
LV3003046965	leiden5	0.0232858750558646	ST8	21.8323333333333	3	IG-A	MII	-2.03489247746055
LV3003046965	leiden6	0.00341000159136584	ST8	21.8323333333333	3	IG-A	MII	-1.60422150875728
LV3003046965	grey	0.00305122959216248	ST8	21.8323333333333	3	IG-A	MII	-1.83961549040569
LV3003046966	leiden1	0.0731596843201466	ST8	17.373	3	IG-A	MII	-2.0414262892524
LV3003046966	leiden4	0.595533305730167	ST8	17.373	3	IG-A	MII	-2.87864016729584
LV3003046966	leiden2	0.23655412102734	ST8	17.373	3	IG-A	MII	-2.27118671812221
LV3003046966	grey	0.00552816150361978	ST8	17.373	3	IG-A	MII	-1.77723136866515
LV3003046966	leiden6	0.0251000614797807	ST8	17.373	3	IG-A	MII	-1.04162974074844
LV3003046966	leiden3	0.0239620581924945	ST8	17.373	3	IG-A	MII	-3.0101227222785
LV3003046966	leiden5	0.0401626077464524	ST8	17.373	3	IG-A	MII	-2.91110076038784
LV3003046978	leiden1	0.0567054923903407	ST8	21.296	3	IG-A	MII	-2.3863820882149
LV3003046978	leiden2	0.174142952509914	ST8	21.296	3	IG-A	MII	-2.45818896113748
LV3003046978	leiden3	0.0410158567035269	ST8	21.296	3	IG-A	MII	-2.25328596898489
LV3003046978	leiden4	0.685284903314752	ST8	21.296	3	IG-A	MII	-2.38672081506637
LV3003046978	leiden5	0.039265154211338	ST8	21.296	3	IG-A	MII	-1.38657978997869
LV3003046978	leiden6	0.00214801508664714	ST8	21.296	3	IG-A	MII	-0.705505061406546
LV3003046978	grey	0.00143762578348148	ST8	21.296	3	IG-A	MII	-1.62731721002954
LV3003046979	leiden2	0.131277610536387	ST8	16.461	3	IG-A	MII	-2.40180390069652
LV3003046979	leiden3	0.0831497866550346	ST8	16.461	3	IG-A	MII	-0.78973569572973
LV3003046979	leiden4	0.677146329335696	ST8	16.461	3	IG-A	MII	-3.10119927441428
LV3003046979	leiden5	0.0665112129518435	ST8	16.461	3	IG-A	MII	-1.31942043965741
LV3003046979	leiden1	0.0259263048867396	ST8	16.461	3	IG-A	MII	-1.43208063655889
LV3003046979	grey	0.00902385478540746	ST8	16.461	3	IG-A	MII	-2.05454764686663
LV3003046979	leiden6	0.00696490084889217	ST8	16.461	3	IG-A	MII	-0.950347779019184
LV3003046980	leiden3	0.231435199081151	ST8	8.056	1	IG-D	MII	-4.14359304779744
LV3003046980	leiden4	0.669660098581995	ST8	8.056	1	IG-D	MII	-3.287743324797
LV3003046980	grey	0.0184932326809202	ST8	8.056	1	IG-D	MII	-3.26585028268315
LV3003046980	leiden2	0.058524601256478	ST8	8.056	1	IG-D	MII	-2.91948982887164
LV3003046980	leiden1	0.0204450937153545	ST8	8.056	1	IG-D	MII	-4.04676970864621
LV3003046980	leiden5	0.000596835729640355	ST8	8.056	1	IG-D	MII	-14.0774274952044
LV3003046980	leiden6	0.000844938954461781	ST8	8.056	1	IG-D	MII	-14.9141228466324
LV3003046993	leiden1	0.0447990398981116	ST8	20.719	3	IG-A	MII	-1.82062609519659
LV3003046993	leiden3	0.118954664576649	ST8	20.719	3	IG-A	MII	-2.74713286506841
LV3003046993	leiden4	0.516279278617323	ST8	20.719	3	IG-A	MII	-2.78031290890829
LV3003046993	leiden5	0.207243217647587	ST8	20.719	3	IG-A	MII	-1.25666260259013
LV3003046993	leiden2	0.101137263546336	ST8	20.719	3	IG-A	MII	-2.80414178540313
LV3003046993	grey	0.0109203425669663	ST8	20.719	3	IG-A	MII	-2.61729511161707
LV3003046993	leiden6	0.000666193147027848	ST8	20.719	3	IG-A	MII	-2.31615717053959
LV3003046994	leiden4	0.563438373826373	ST8	15.549	3	IG-A	MII	-2.74777671755184
LV3003046994	leiden1	0.0133300640115877	ST8	15.549	3	IG-A	MII	-1.75676369991005
LV3003046994	leiden3	0.0528363531257206	ST8	15.549	3	IG-A	MII	-0.722409440669829
LV3003046994	grey	0.0427539597223891	ST8	15.549	3	IG-A	MII	-3.66018212280499
LV3003046994	leiden5	0.260495659488232	ST8	15.549	3	IG-A	MII	-2.53424969079162
LV3003046994	leiden2	0.0671455898256975	ST8	15.549	3	IG-A	MII	-3.26635274374796
LV3003046995	leiden1	0.0189651714972032	ST8	6.9705	1	IG-D	MII	-3.64680551236132
LV3003046995	leiden3	0.278983574895717	ST8	6.9705	1	IG-D	MII	-5.14976306960529
LV3003046995	leiden4	0.631589277104835	ST8	6.9705	1	IG-D	MII	-3.45732439726421
LV3003046995	leiden2	0.0659478816891874	ST8	6.9705	1	IG-D	MII	-3.50528976684965
LV3003046995	grey	0.00226558066704497	ST8	6.9705	1	IG-D	MII	-14.4829052424218
LV3003046995	leiden5	0.000671283160605918	ST8	6.9705	1	IG-D	MII	1.82595083397633
LV3003046995	leiden6	0.0015772309854067	ST8	6.9705	1	IG-D	MII	-1.85825564386807
LV3003047009	leiden2	0.0767326194192605	ST8	20.142	3	IG-A	MII	-2.98307463522472
LV3003047009	leiden4	0.537685798040997	ST8	20.142	3	IG-A	MII	-2.5977174307319
LV3003047009	leiden5	0.185338474674904	ST8	20.142	3	IG-A	MII	-1.68015201561582
LV3003047009	leiden1	0.0642046783307681	ST8	20.142	3	IG-A	MII	-1.48785043844277
LV3003047009	grey	0.0680987550919405	ST8	20.142	3	IG-A	MII	-2.70100308458152
LV3003047009	leiden3	0.067692215653536	ST8	20.142	3	IG-A	MII	-1.7822531733251
LV3003047010	leiden3	0.249238901097297	ST8	13.676	1	IG-D	MII	-4.05660184976409
LV3003047010	leiden4	0.636551729172903	ST8	13.676	1	IG-D	MII	-3.46159432724793
LV3003047010	leiden1	0.0260138859483256	ST8	13.676	1	IG-D	MII	-3.20048234510219
LV3003047010	leiden6	0.00538208260022048	ST8	13.676	1	IG-D	MII	-1.65939643752625
LV3003047010	grey	0.0120359486906179	ST8	13.676	1	IG-D	MII	-14.868451676013
LV3003047010	leiden2	0.0704839639929037	ST8	13.676	1	IG-D	MII	-2.96294417107084
LV3003047010	leiden5	0.00029348849773313	ST8	13.676	1	IG-D	MII	-15.3195879547405
LV3003047013	leiden1	0.0121836031475954	ST8	5.885	1	IG-D	MII	-4.19418294649657
LV3003047013	leiden3	0.176217948928916	ST8	5.885	1	IG-D	MII	-4.47399231079663
LV3003047013	leiden4	0.759327762620495	ST8	5.885	1	IG-D	MII	-3.13060614056758
LV3003047013	leiden2	0.0400064505300295	ST8	5.885	1	IG-D	MII	-3.2194535733161
LV3003047013	grey	0.00819151492014178	ST8	5.885	1	IG-D	MII	-3.21956524233777
LV3003047013	leiden5	0.00224452116333334	ST8	5.885	1	IG-D	MII	-15.6072700271923
LV3003047013	leiden6	0.00182819868948926	ST8	5.885	1	IG-D	MII	-2.17425752824455
LV3003047026	leiden1	0.0480425790321367	ST8	19.565	3	IG-A	MII	-1.54453947486676
LV3003047026	leiden2	0.0833631322002181	ST8	19.565	3	IG-A	MII	-3.05073595342687
LV3003047026	leiden4	0.555858437784924	ST8	19.565	3	IG-A	MII	-2.51740676264614
LV3003047026	leiden5	0.196658521318975	ST8	19.565	3	IG-A	MII	-1.97661992899067
LV3003047026	grey	0.0351618851395141	ST8	19.565	3	IG-A	MII	-3.39121179377721
LV3003047026	leiden3	0.0805362746030237	ST8	19.565	3	IG-A	MII	-2.2287279404844
LV3003047026	leiden6	0.00037916992120849	ST8	19.565	3	IG-A	MII	-14.9141228466324
LV3003047027	leiden3	0.173283232363142	ST8	12.877	1	IG-D	MII	-4.44626428267535
LV3003047027	leiden4	0.644947100399491	ST8	12.877	1	IG-D	MII	-2.93406885981186
LV3003047027	leiden1	0.0275610211159401	ST8	12.877	1	IG-D	MII	-1.97844786850038
LV3003047027	leiden2	0.114587448966153	ST8	12.877	1	IG-D	MII	-2.78425455440895
LV3003047027	leiden6	0.0145089775670574	ST8	12.877	1	IG-D	MII	-0.991751102062132
LV3003047027	grey	0.0241793428157513	ST8	12.877	1	IG-D	MII	-1.76597973500316
LV3003047027	leiden5	0.000932876772465868	ST8	12.877	1	IG-D	MII	0.0523679855173157
LV3003047028	leiden4	0.913595827023389	ST8	4.753	2	IG-E	MII	-4.09642572842593
LV3003047028	leiden3	0.0751304055190981	ST8	4.753	2	IG-E	MII	-14.4357980179046
LV3003047028	leiden2	0.011273767457513	ST8	4.753	2	IG-E	MII	-15.3195879547405
LV3003047041	leiden1	0.0475840127394038	ST8	19.097	3	IG-A	MII	-2.09041079711617
LV3003047041	leiden2	0.153316146303758	ST8	19.097	3	IG-A	MII	-2.53123443996334
LV3003047041	leiden4	0.731841796915241	ST8	19.097	3	IG-A	MII	-2.76139236009069
LV3003047041	leiden3	0.0332654758035734	ST8	19.097	3	IG-A	MII	-3.18252842356503
LV3003047041	leiden5	0.0309825118983294	ST8	19.097	3	IG-A	MII	-2.30262189761671
LV3003047041	leiden6	0.00113450346033525	ST8	19.097	3	IG-A	MII	-0.814159217511573
LV3003047041	grey	0.00187555287935915	ST8	19.097	3	IG-A	MII	-1.0020067718951
LV3003047044	leiden1	0.0547942307866642	ST8	12.078	5	G-A	MII	-1.3306013496718
LV3003047044	leiden4	0.616467580659296	ST8	12.078	5	G-A	MII	-3.13873604727855
LV3003047044	leiden2	0.230913579650016	ST8	12.078	5	G-A	MII	-2.4948636226071
LV3003047044	leiden6	0.0609194117167127	ST8	12.078	5	G-A	MII	-0.881673739787234
LV3003047044	leiden3	0.0285378434649124	ST8	12.078	5	G-A	MII	-3.56944103605264
LV3003047044	grey	0.00270148581719946	ST8	12.078	5	G-A	MII	-2.19568729801733
LV3003047044	leiden5	0.00566586790520021	ST8	12.078	5	G-A	MII	-2.0816667867568
LV3003047045	leiden1	0.00964934970253997	ST8	3.5865	1	IG-D	MII	-3.19353758557907
LV3003047045	leiden3	0.190753921608771	ST8	3.5865	1	IG-D	MII	-5.05194971637367
LV3003047045	leiden4	0.731214377950507	ST8	3.5865	1	IG-D	MII	-2.86104215964962
LV3003047045	leiden2	0.0615602944539708	ST8	3.5865	1	IG-D	MII	-3.4576584964152
LV3003047045	leiden6	0.00252369144052148	ST8	3.5865	1	IG-D	MII	-1.21219741711025
LV3003047045	grey	0.00393883618576047	ST8	3.5865	1	IG-D	MII	-15.0583724554769
LV3003047045	leiden5	0.000359528657929455	ST8	3.5865	1	IG-D	MII	-14.2209756660724
LV3003047059	leiden4	0.41034057752289	ST8	107.683	2	IG-E	MII	-3.69853940197195
LV3003047059	leiden1	0.102399637790522	ST8	107.683	2	IG-E	MII	-1.89594799529964
LV3003047059	leiden5	0.194825938223161	ST8	107.683	2	IG-E	MII	-1.92055914109094
LV3003047059	grey	0.0767682865479425	ST8	107.683	2	IG-E	MII	-1.67746153372542
LV3003047059	leiden2	0.0952309085421068	ST8	107.683	2	IG-E	MII	-2.74404539948504
LV3003047059	leiden3	0.120434651373378	ST8	107.683	2	IG-E	MII	-1.79371439486532
LV3003047060	leiden4	0.736343509175288	ST8	106.686	2	IG-E	MII	-4.35543233940878
LV3003047060	leiden2	0.156001192148848	ST8	106.686	2	IG-E	MII	-2.87203049845961
LV3003047060	leiden3	0.0793630519010517	ST8	106.686	2	IG-E	MII	-1.35334360580773
LV3003047060	grey	0.00261846979179972	ST8	106.686	2	IG-E	MII	-14.9141228466324
LV3003047060	leiden5	0.0146038233916635	ST8	106.686	2	IG-E	MII	-14.3595961282044
LV3003047060	leiden1	0.0110699535913484	ST8	106.686	2	IG-E	MII	-14.6467460403413
LV3003047061	leiden4	0.521830789159534	ST8	105.689	2	IG-E	MII	-4.75911676335521
LV3003047061	leiden3	0.106931497802951	ST8	105.689	2	IG-E	MII	-1.78853114046744
LV3003047061	leiden2	0.117294455309746	ST8	105.689	2	IG-E	MII	-2.39482003698656
LV3003047061	leiden5	0.159965456808311	ST8	105.689	2	IG-E	MII	-12.3737189284566
LV3003047061	leiden1	0.0551675090802875	ST8	105.689	2	IG-E	MII	-12.5849441640649
LV3003047061	grey	0.038810291839171	ST8	105.689	2	IG-E	MII	-1.6094379124341
LV3003047062	leiden1	0.0603264185478951	ST8	104.692	2	IG-E	MII	-1.84457277183874
LV3003047062	leiden5	0.239043115720968	ST8	104.692	2	IG-E	MII	-1.45528723260684
LV3003047062	leiden4	0.44727476103315	ST8	104.692	2	IG-E	MII	-2.81749519093119
LV3003047062	grey	0.04220052877771	ST8	104.692	2	IG-E	MII	-1.38629436111989
LV3003047062	leiden2	0.0929174293268253	ST8	104.692	2	IG-E	MII	-2.29587402759496
LV3003047062	leiden3	0.111373805165751	ST8	104.692	2	IG-E	MII	-1.26600204236476
LV3003047062	leiden6	0.00686394142769982	ST8	104.692	2	IG-E	MII	-14.9141228466324
LV3003047063	leiden1	0.175253961804145	ST8	103.695	2	IG-E	MII	-0.693147180559945
LV3003047063	leiden5	0.251279967492889	ST8	103.695	2	IG-E	MII	-11.9925447463456
LV3003047063	leiden3	0.149776513612353	ST8	103.695	2	IG-E	MII	-1.69425693869274
LV3003047063	leiden4	0.2503860219423	ST8	103.695	2	IG-E	MII	-3.70690900976773
LV3003047063	grey	0.0818366517675742	ST8	103.695	2	IG-E	MII	0
LV3003047063	leiden2	0.0914668833807395	ST8	103.695	2	IG-E	MII	-2.39199442765674
LV3003047064	leiden4	0.366758747697974	ST8	96.283	2	IG-E	MII	-3.72569342723665
LV3003047064	grey	0.0900092081031307	ST8	96.283	2	IG-E	MII	-1.54393747755865
LV3003047064	leiden5	0.195303867403315	ST8	96.283	2	IG-E	MII	-2.04840943243211
LV3003047064	leiden3	0.268324125230203	ST8	96.283	2	IG-E	MII	-15.3021058998193
LV3003047064	leiden1	0.0566298342541437	ST8	96.283	2	IG-E	MII	0
LV3003047064	leiden2	0.0229742173112339	ST8	96.283	2	IG-E	MII	-1.94118944792038
LV3003047065	leiden4	0.729876493681405	ST8	53.61018	2	IG-E	MII	-2.98796151757253
LV3003047065	leiden5	0.0313637275410494	ST8	53.61018	2	IG-E	MII	-0.793883119714995
LV3003047065	leiden3	0.0316144654268275	ST8	53.61018	2	IG-E	MII	-0.606745315177926
LV3003047065	leiden2	0.141530790612374	ST8	53.61018	2	IG-E	MII	-2.35086797498357
LV3003047065	grey	0.0141416167578875	ST8	53.61018	2	IG-E	MII	-1.67336435817985
LV3003047065	leiden1	0.0514729059804568	ST8	53.61018	2	IG-E	MII	-1.92172526286612
LV3003047067	leiden4	0.73902937240262	ST8	42.86602	4	IG-B	MII	-2.52715982811537
LV3003047067	leiden1	0.013784060554505	ST8	42.86602	4	IG-B	MII	-2.43470196015008
LV3003047067	leiden2	0.193759786737176	ST8	42.86602	4	IG-B	MII	-2.63155963750946
LV3003047067	leiden5	0.0147214200183137	ST8	42.86602	4	IG-B	MII	-1.76689739783591
LV3003047067	leiden6	0.00831432426135532	ST8	42.86602	4	IG-B	MII	-0.541862724889441
LV3003047067	leiden3	0.0285434084123948	ST8	42.86602	4	IG-B	MII	-0.9354530305448
LV3003047067	grey	0.00184762761363452	ST8	42.86602	4	IG-B	MII	-1.6822845852825
LV3003047068	leiden4	0.774593772242593	ST8	37.78969	4	IG-B	MII	-3.06668449771682
LV3003047068	leiden2	0.179458722807112	ST8	37.78969	4	IG-B	MII	-2.49443002689976
LV3003047068	leiden3	0.0240582633657956	ST8	37.78969	4	IG-B	MII	-0.0870401916966582
LV3003047068	leiden1	0.0127206549568726	ST8	37.78969	4	IG-B	MII	-2.56520319678261
LV3003047068	leiden6	0.00523196389236525	ST8	37.78969	4	IG-B	MII	0.0139484826151342
LV3003047068	leiden5	0.00393662273526128	ST8	37.78969	4	IG-B	MII	-2.10313131280224
LV3003047069	leiden4	0.730071652063903	ST8	33.7436870748299	4	IG-B	MII	-3.03521250201862
LV3003047069	leiden1	0.0115177962942742	ST8	33.7436870748299	4	IG-B	MII	-2.78612072845836
LV3003047069	leiden2	0.218936025211888	ST8	33.7436870748299	4	IG-B	MII	-2.86886327393776
LV3003047069	leiden6	0.00945069261151629	ST8	33.7436870748299	4	IG-B	MII	-1.02824205642116
LV3003047069	leiden3	0.0191084721129264	ST8	33.7436870748299	4	IG-B	MII	-1.02853914891542
LV3003047069	grey	0.00241350357130755	ST8	33.7436870748299	4	IG-B	MII	-15.3603475448176
LV3003047069	leiden5	0.00850185813418477	ST8	33.7436870748299	4	IG-B	MII	-1.27160826197404
LV3003047070	leiden4	0.684001162975102	ST8	30.128	5	G-A	MII	-2.94914140419388
LV3003047070	leiden1	0.0256977850610562	ST8	30.128	5	G-A	MII	-1.92026493967491
LV3003047070	leiden2	0.187665195326955	ST8	30.128	5	G-A	MII	-2.57253092241642
LV3003047070	leiden6	0.0537413437648676	ST8	30.128	5	G-A	MII	-0.641522537247904
LV3003047070	leiden5	0.0200514087857483	ST8	30.128	5	G-A	MII	-1.85344318430556
LV3003047070	leiden3	0.0263255273034836	ST8	30.128	5	G-A	MII	-1.65954961101063
LV3003047070	grey	0.00251757678278797	ST8	30.128	5	G-A	MII	-0.693147180559945
LV3003047071	leiden1	0.0515240520427732	ST8	26.141	5	G-A	MII	-1.44171452608084
LV3003047071	leiden3	0.0201829670847873	ST8	26.141	5	G-A	MII	-3.11594795521159
LV3003047071	leiden4	0.581205678536623	ST8	26.141	5	G-A	MII	-2.51556829672242
LV3003047071	leiden2	0.290198640995585	ST8	26.141	5	G-A	MII	-2.22461324236998
LV3003047071	leiden6	0.0328680562105065	ST8	26.141	5	G-A	MII	-1.2488716393627
LV3003047071	grey	0.00497388430048998	ST8	26.141	5	G-A	MII	-1.25095082665244
LV3003047071	leiden5	0.0190467208292352	ST8	26.141	5	G-A	MII	-2.78362127995793
LV3003047073	leiden5	0.345617095508068	ST8	101.685	2	IG-E	MII	0
LV3003047073	leiden3	0.234845180985608	ST8	101.685	2	IG-E	MII	-1.52605630349505
LV3003047073	leiden1	0.134976013955517	ST8	101.685	2	IG-E	MII	-0.693147180559945
LV3003047073	grey	0.0985608373310074	ST8	101.685	2	IG-E	MII	-1.6094379124341
LV3003047073	leiden4	0.186000872219799	ST8	101.685	2	IG-E	MII	-13.8231018352955
LV3003047074	leiden5	0.397179644389945	ST8	100.672	2	IG-E	MII	0
LV3003047074	leiden3	0.183936235438381	ST8	100.672	2	IG-E	MII	-0.465675659037277
LV3003047074	leiden2	0.0131207847946045	ST8	100.672	2	IG-E	MII	-1.38629436111989
LV3003047074	leiden1	0.0955242182709994	ST8	100.672	2	IG-E	MII	0
LV3003047074	grey	0.0982219497240956	ST8	100.672	2	IG-E	MII	0
LV3003047074	leiden4	0.212017167381974	ST8	100.672	2	IG-E	MII	-14.0715372130732
LV3003047077	leiden4	0.540474279143434	ST8	99.7145	2	IG-E	MII	-3.09686757461063
LV3003047077	grey	0.154173265930442	ST8	99.7145	2	IG-E	MII	-1.48492946240368
LV3003047077	leiden2	0.161832027944718	ST8	99.7145	2	IG-E	MII	-1.810054493878
LV3003047077	leiden3	0.110997808682823	ST8	99.7145	2	IG-E	MII	-0.657905595182903
LV3003047077	leiden5	0.0272287431385737	ST8	99.7145	2	IG-E	MII	-13.6343039172689
LV3003047077	leiden1	0.00529387516000955	ST8	99.7145	2	IG-E	MII	-1.77549894835627
LV3003047078	grey	0.114213197969543	ST8	98.757	2	IG-E	MII	-1.52696169060986
LV3003047078	leiden2	0.0963720513586145	ST8	98.757	2	IG-E	MII	-1.40832100004735
LV3003047078	leiden3	0.185204538668259	ST8	98.757	2	IG-E	MII	-0.429872798557062
LV3003047078	leiden4	0.37249925350851	ST8	98.757	2	IG-E	MII	-3.84211888474742
LV3003047078	leiden5	0.231710958495073	ST8	98.757	2	IG-E	MII	-10.8249196839107
LV3003047079	leiden3	0.199708471809224	ST8	97.52	1	IG-D	MII	-2.05148975777649
LV3003047079	leiden4	0.530482187627544	ST8	97.52	1	IG-D	MII	-3.86213017269916
LV3003047079	grey	0.0837094046994345	ST8	97.52	1	IG-D	MII	-1.74873449763924
LV3003047079	leiden5	0.105894700017492	ST8	97.52	1	IG-D	MII	-3.16014402935933
LV3003047079	leiden2	0.062451169028045	ST8	97.52	1	IG-D	MII	-2.20466647214661
LV3003047079	leiden1	0.0167395487143607	ST8	97.52	1	IG-D	MII	-2.757815326572
LV3003047079	leiden6	0.00101451810390065	ST8	97.52	1	IG-D	MII	-14.9141228466324
LV3003047080	leiden4	0.71049988903684	ST8	87.9935	1	IG-D	MII	-2.76509749136145
LV3003047080	leiden1	0.00652185974256547	ST8	87.9935	1	IG-D	MII	-1.64695374832935
LV3003047080	leiden3	0.0854471815357301	ST8	87.9935	1	IG-D	MII	-2.12365048379652
LV3003047080	leiden5	0.0809420772303595	ST8	87.9935	1	IG-D	MII	-4.67152996429619
LV3003047080	grey	0.038598535286285	ST8	87.9935	1	IG-D	MII	-1.68312130983371
LV3003047080	leiden2	0.0779904571682202	ST8	87.9935	1	IG-D	MII	-2.63724949954344
LV3003047081	leiden4	0.709164102347932	ST8	52.20718	4	IG-B	MII	-2.70344912637431
LV3003047081	leiden2	0.204295409518189	ST8	52.20718	4	IG-B	MII	-2.37537351360376
LV3003047081	leiden6	0.00877137517739465	ST8	52.20718	4	IG-B	MII	-0.769524089289324
LV3003047081	leiden3	0.0321347777824615	ST8	52.20718	4	IG-B	MII	-2.18276088835698
LV3003047081	leiden5	0.00941772400904888	ST8	52.20718	4	IG-B	MII	-1.91328277802231
LV3003047081	leiden1	0.0312460481389369	ST8	52.20718	4	IG-B	MII	-2.11304419214014
LV3003047081	grey	0.00497056302603662	ST8	52.20718	4	IG-B	MII	-2.61916975662635
LV3003047082	leiden4	0.804272810061779	ST8	41.9168333333333	4	IG-B	MII	-2.7167453264487
LV3003047082	leiden6	0.0037510152846489	ST8	41.9168333333333	4	IG-B	MII	0.0831775064789075
LV3003047082	leiden2	0.140367717640109	ST8	41.9168333333333	4	IG-B	MII	-2.69521634938753
LV3003047082	leiden3	0.02979152821876	ST8	41.9168333333333	4	IG-B	MII	-4.75906686530598
LV3003047082	leiden1	0.0132811538556204	ST8	41.9168333333333	4	IG-B	MII	-2.53458678041227
LV3003047082	leiden5	0.00761032759851338	ST8	41.9168333333333	4	IG-B	MII	-1.06401958682826
LV3003047082	grey	0.000925447340569544	ST8	41.9168333333333	4	IG-B	MII	-1.38629436111989
LV3003047083	leiden1	0.0151838688941267	ST8	37.30319	4	IG-B	MII	-2.22605975459106
LV3003047083	leiden4	0.747999497565409	ST8	37.30319	4	IG-B	MII	-2.82847097775767
LV3003047083	leiden6	0.00895515771274041	ST8	37.30319	4	IG-B	MII	-0.188924135681624
LV3003047083	leiden2	0.193610953074087	ST8	37.30319	4	IG-B	MII	-2.61634324728079
LV3003047083	leiden3	0.0281732808239927	ST8	37.30319	4	IG-B	MII	-0.257883356005269
LV3003047083	leiden5	0.00567086101033685	ST8	37.30319	4	IG-B	MII	-1.50445143829924
LV3003047083	grey	0.000406380919307527	ST8	37.30319	4	IG-B	MII	-15.3195879547405
LV3003047084	leiden1	0.0240780443961764	ST8	33.276	5	G-A	MII	-2.71660201438477
LV3003047084	leiden3	0.082725561973954	ST8	33.276	5	G-A	MII	-2.81862205492331
LV3003047084	leiden4	0.679709018734026	ST8	33.276	5	G-A	MII	-3.06396254839652
LV3003047084	leiden6	0.010695527614197	ST8	33.276	5	G-A	MII	-0.551635748779602
LV3003047084	leiden2	0.192839688796098	ST8	33.276	5	G-A	MII	-3.05441367520716
LV3003047084	grey	0.00256153392440854	ST8	33.276	5	G-A	MII	-15.0841246741973
LV3003047084	leiden5	0.00739062456114071	ST8	33.276	5	G-A	MII	-1.53069285808947
LV3003047085	leiden1	0.0477365585566041	ST8	29.703	5	G-A	MII	-2.36022546280297
LV3003047085	leiden2	0.214378367140326	ST8	29.703	5	G-A	MII	-2.5839312330176
LV3003047085	leiden4	0.602155421773873	ST8	29.703	5	G-A	MII	-2.88498706709539
LV3003047085	leiden6	0.0562425425751166	ST8	29.703	5	G-A	MII	-0.798653785029837
LV3003047085	grey	0.0145148606139495	ST8	29.703	5	G-A	MII	-1.56083245749457
LV3003047085	leiden3	0.0223202986585674	ST8	29.703	5	G-A	MII	-0.66442781609336
LV3003047085	leiden5	0.0426519506815634	ST8	29.703	5	G-A	MII	-2.24947210768063
LV3003047087	leiden4	0.639679559940627	ST8	94.9015	2	IG-E	MII	-3.14706173886811
LV3003047087	grey	0.0689339037806688	ST8	94.9015	2	IG-E	MII	-1.62029854460143
LV3003047087	leiden2	0.164236444599668	ST8	94.9015	2	IG-E	MII	-1.99933370227735
LV3003047087	leiden3	0.06762420326552	ST8	94.9015	2	IG-E	MII	-1.98631797914637
LV3003047087	leiden5	0.0569064873832184	ST8	94.9015	2	IG-E	MII	-12.5555294261816
LV3003047087	leiden1	0.00261940103029774	ST8	94.9015	2	IG-E	MII	0.405465108108164
LV3003047088	leiden3	0.109364810225642	ST8	93.52	2	IG-E	MII	-1.35820751423601
LV3003047088	leiden4	0.652189035259337	ST8	93.52	2	IG-E	MII	-4.68169137666628
LV3003047088	leiden5	0.0909308290943872	ST8	93.52	2	IG-E	MII	-1.77639143899974
LV3003047088	leiden2	0.0264336333202904	ST8	93.52	2	IG-E	MII	-3.32729049537278
LV3003047088	leiden1	0.0449545671927308	ST8	93.52	2	IG-E	MII	-11.8849557969922
LV3003047088	grey	0.0761271249076127	ST8	93.52	2	IG-E	MII	-1.62487450853043
LV3003047089	leiden4	0.560686434051187	ST8	92.1385	2	IG-E	MII	-2.72584504930546
LV3003047089	leiden3	0.177906460680094	ST8	92.1385	2	IG-E	MII	-1.56213014675726
LV3003047089	grey	0.12903748476587	ST8	92.1385	2	IG-E	MII	-1.6443446793243
LV3003047089	leiden5	0.102091566808265	ST8	92.1385	2	IG-E	MII	-3.36394237278614
LV3003047089	leiden1	0.00535396016935421	ST8	92.1385	2	IG-E	MII	-14.9876667499548
LV3003047089	leiden2	0.0249240935252305	ST8	92.1385	2	IG-E	MII	-2.27633376988437
LV3003047090	leiden1	0.0103750997605746	ST8	90.757	2	IG-E	MII	-0.755278961666951
LV3003047090	leiden3	0.117780962054705	ST8	90.757	2	IG-E	MII	-2.12688454142621
LV3003047090	leiden4	0.665584415584416	ST8	90.757	2	IG-E	MII	-2.38587965832009
LV3003047090	grey	0.0645360226365813	ST8	90.757	2	IG-E	MII	-1.67691919542976
LV3003047090	leiden2	0.023652325328303	ST8	90.757	2	IG-E	MII	-3.2546485172154
LV3003047090	leiden5	0.116075963143002	ST8	90.757	2	IG-E	MII	-3.02579896215278
LV3003047090	leiden6	0.0019952114924182	ST8	90.757	2	IG-E	MII	-0.408490829024701
LV3003047091	leiden4	0.686357682792155	ST8	89.37525	1	IG-D	MII	-3.28963542411723
LV3003047091	leiden5	0.0699922097711727	ST8	89.37525	1	IG-D	MII	-2.2532482678048
LV3003047091	grey	0.031880013354678	ST8	89.37525	1	IG-D	MII	-1.7340970866235
LV3003047091	leiden3	0.122905840959482	ST8	89.37525	1	IG-D	MII	-3.03851575772916
LV3003047091	leiden2	0.0515439206252729	ST8	89.37525	1	IG-D	MII	-4.01215110584581
LV3003047091	leiden1	0.0373203324972392	ST8	89.37525	1	IG-D	MII	-1.91870072317415
LV3003047093	leiden3	0.103283772177436	ST8	79.675	1	IG-D	MII	-1.91394912193004
LV3003047093	leiden4	0.693386167648168	ST8	79.675	1	IG-D	MII	-3.02887396970622
LV3003047093	leiden1	0.00465288015689758	ST8	79.675	1	IG-D	MII	-2.28109138144816
LV3003047093	grey	0.0385287373544135	ST8	79.675	1	IG-D	MII	-1.6621405514547
LV3003047093	leiden5	0.071607263737234	ST8	79.675	1	IG-D	MII	-3.15452333293775
LV3003047093	leiden2	0.0882334841483678	ST8	79.675	1	IG-D	MII	-3.10400534836349
LV3003047094	leiden4	0.805451258517591	ST8	50.6848	4	IG-B	MII	-2.48727714759384
LV3003047094	leiden5	0.0112040302903882	ST8	50.6848	4	IG-B	MII	-1.74865698300415
LV3003047094	leiden2	0.114325356190187	ST8	50.6848	4	IG-B	MII	-2.26770401055048
LV3003047094	leiden6	0.00223448502547376	ST8	50.6848	4	IG-B	MII	-1.93728602661122
LV3003047094	leiden3	0.0603247746551877	ST8	50.6848	4	IG-B	MII	-1.4021393701486
LV3003047094	grey	0.000410867119252601	ST8	50.6848	4	IG-B	MII	-15.3195879547405
LV3003047094	leiden1	0.00604922820191907	ST8	50.6848	4	IG-B	MII	-1.3136304325384
LV3003047095	leiden4	0.823780739675663	ST8	40.9751666666667	4	IG-B	MII	-3.040078745571
LV3003047095	leiden1	0.0106041830238476	ST8	40.9751666666667	4	IG-B	MII	-3.90908766705185
LV3003047095	leiden2	0.130387621831437	ST8	40.9751666666667	4	IG-B	MII	-2.46487605840877
LV3003047095	leiden6	0.0015103787298314	ST8	40.9751666666667	4	IG-B	MII	-0.45481098221132
LV3003047095	leiden3	0.0289399916125106	ST8	40.9751666666667	4	IG-B	MII	-0.462518093878424
LV3003047095	leiden5	0.004777085126711	ST8	40.9751666666667	4	IG-B	MII	-1.6377805074402
LV3003047096	leiden1	0.0181585728479747	ST8	36.89377	5	G-A	MII	-1.99822555946789
LV3003047096	leiden4	0.777931653800588	ST8	36.89377	5	G-A	MII	-2.47334352045259
LV3003047096	leiden2	0.146274787714202	ST8	36.89377	5	G-A	MII	-2.62887989302926
LV3003047096	leiden6	0.0244392391071103	ST8	36.89377	5	G-A	MII	-1.07626747686338
LV3003047096	leiden3	0.0225458427326939	ST8	36.89377	5	G-A	MII	-0.82334365009375
LV3003047096	leiden5	0.0106499037974318	ST8	36.89377	5	G-A	MII	-2.12399128651596
LV3003047097	leiden1	0.0239862146073559	ST8	32.835	5	G-A	MII	-2.45803003203867
LV3003047097	leiden4	0.69073171930385	ST8	32.835	5	G-A	MII	-3.06469235761819
LV3003047097	leiden2	0.188520158986614	ST8	32.835	5	G-A	MII	-2.85676968071629
LV3003047097	leiden6	0.0424312419754148	ST8	32.835	5	G-A	MII	-0.563499785767914
LV3003047097	leiden3	0.0314379442318207	ST8	32.835	5	G-A	MII	-4.67751310168751
LV3003047097	leiden5	0.00844693176722099	ST8	32.835	5	G-A	MII	-1.59182620493627
LV3003047097	grey	0.0144457891277238	ST8	32.835	5	G-A	MII	-1.58230703007487
LV3003047098	leiden4	0.679412195360037	ST8	29.278	5	G-A	MII	-2.85228264339619
LV3003047098	leiden3	0.0252497315589106	ST8	29.278	5	G-A	MII	-0.03271078348959
LV3003047098	leiden2	0.161922851657827	ST8	29.278	5	G-A	MII	-2.56559499011899
LV3003047098	leiden6	0.0616112973025738	ST8	29.278	5	G-A	MII	-0.969979864812677
LV3003047098	grey	0.0151384505254938	ST8	29.278	5	G-A	MII	-1.51246795766599
LV3003047098	leiden5	0.0194985845833469	ST8	29.278	5	G-A	MII	-1.98735463835519
LV3003047098	leiden1	0.0371668890118114	ST8	29.278	5	G-A	MII	-1.81268731352636
LV3003047099	leiden4	0.671455921523158	ST8	25.058	3	IG-A	MII	-2.72527453103598
LV3003047099	leiden1	0.0578196937187847	ST8	25.058	3	IG-A	MII	-1.94531543087844
LV3003047099	leiden2	0.204836270835948	ST8	25.058	3	IG-A	MII	-2.5019284861857
LV3003047099	leiden6	0.00597660755801792	ST8	25.058	3	IG-A	MII	-1.41166482146697
LV3003047099	leiden3	0.0351105772008359	ST8	25.058	3	IG-A	MII	-3.13472989076714
LV3003047099	leiden5	0.0202646840267194	ST8	25.058	3	IG-A	MII	-2.73010991916694
LV3003047099	grey	0.0045362451365356	ST8	25.058	3	IG-A	MII	-1.8509825491192
LV3003047100	leiden3	0.115572961501957	ST8	86.61175	1	IG-D	MII	-2.11130472798206
LV3003047100	leiden4	0.694494108150208	ST8	86.61175	1	IG-D	MII	-3.06585136868666
LV3003047100	leiden5	0.0734675987677094	ST8	86.61175	1	IG-D	MII	-2.93122767889774
LV3003047100	grey	0.033336171259377	ST8	86.61175	1	IG-D	MII	-1.64914536202921
LV3003047100	leiden2	0.074517631403859	ST8	86.61175	1	IG-D	MII	-2.84634778025566
LV3003047100	leiden1	0.0081984530149811	ST8	86.61175	1	IG-D	MII	-2.26887509385223
LV3003047100	leiden6	0.000413075901908663	ST8	86.61175	1	IG-D	MII	-14.9141228466324
LV3003047101	leiden4	0.784229019065722	ST8	85.23	1	IG-D	MII	-2.81431998206311
LV3003047101	leiden1	0.00996966380584836	ST8	85.23	1	IG-D	MII	-2.25587791074913
LV3003047101	grey	0.0213169364283931	ST8	85.23	1	IG-D	MII	-1.64814214938485
LV3003047101	leiden2	0.0820469251003206	ST8	85.23	1	IG-D	MII	-3.26516481530914
LV3003047101	leiden3	0.0704548509110458	ST8	85.23	1	IG-D	MII	-2.50834327472388
LV3003047101	leiden5	0.03198260468867	ST8	85.23	1	IG-D	MII	-1.79175946922806
LV3003047104	leiden4	0.788166470534987	ST8	83.84125	2	IG-E	MII	-2.26205891863735
LV3003047104	leiden5	0.0706300353037024	ST8	83.84125	2	IG-E	MII	-12.7261472588451
LV3003047104	grey	0.0449895899339187	ST8	83.84125	2	IG-E	MII	-1.64771386828142
LV3003047104	leiden2	0.0366615370688875	ST8	83.84125	2	IG-E	MII	-2.6754017824226
LV3003047104	leiden3	0.0538720919706708	ST8	83.84125	2	IG-E	MII	-1.97394682485426
LV3003047104	leiden1	0.0056802751878338	ST8	83.84125	2	IG-E	MII	-0.278753441707479
LV3003047105	leiden4	0.678319761348061	ST8	82.4525	2	IG-E	MII	-2.55367925695688
LV3003047105	leiden5	0.100104813351608	ST8	82.4525	2	IG-E	MII	-2.5922651681085
LV3003047105	grey	0.0564863339514634	ST8	82.4525	2	IG-E	MII	-1.64147726617872
LV3003047105	leiden2	0.0297669918568088	ST8	82.4525	2	IG-E	MII	-2.65145185448497
LV3003047105	leiden3	0.135322099492058	ST8	82.4525	2	IG-E	MII	-2.72279045664887
LV3003047106	leiden3	0.0858510667736669	ST8	81.06375	2	IG-E	MII	-2.00530758166245
LV3003047106	leiden4	0.698851592550571	ST8	81.06375	2	IG-E	MII	-2.99091147779197
LV3003047106	leiden1	0.00277278135982511	ST8	81.06375	2	IG-E	MII	-0.693147180559945
LV3003047106	leiden5	0.0935329440739408	ST8	81.06375	2	IG-E	MII	-2.66136308712956
LV3003047106	grey	0.0598776876885187	ST8	81.06375	2	IG-E	MII	-1.74299826496364
LV3003047106	leiden2	0.0576694246893765	ST8	81.06375	2	IG-E	MII	-2.63636577549405
LV3003047106	leiden6	0.00144450286410051	ST8	81.06375	2	IG-E	MII	-14.9141228466324
LV3003047107	leiden4	0.727265814259177	ST8	71.517	1	IG-D	MII	-2.89105508337756
LV3003047107	leiden3	0.0598350949996198	ST8	71.517	1	IG-D	MII	-1.73695277303229
LV3003047107	leiden5	0.0454738031351504	ST8	71.517	1	IG-D	MII	-2.72544194381408
LV3003047107	leiden2	0.138804094742522	ST8	71.517	1	IG-D	MII	-3.00627193486447
LV3003047107	grey	0.0200355592249393	ST8	71.517	1	IG-D	MII	-1.65590878681244
LV3003047107	leiden1	0.00719150923924261	ST8	71.517	1	IG-D	MII	-2.82733149838484
LV3003047107	leiden6	0.00139412439934965	ST8	71.517	1	IG-D	MII	-0.913059711292709
LV3003047110	leiden1	0.00909806765200741	ST8	49.1548	4	IG-B	MII	-14.6562937373303
LV3003047110	leiden4	0.763325609984081	ST8	49.1548	4	IG-B	MII	-2.73879243672098
LV3003047110	leiden6	0.00525149982155098	ST8	49.1548	4	IG-B	MII	-2.09718230070038
LV3003047110	leiden2	0.153766407396287	ST8	49.1548	4	IG-B	MII	-2.35669476596587
LV3003047110	leiden5	0.0112167957353516	ST8	49.1548	4	IG-B	MII	-2.16518291989267
LV3003047110	leiden3	0.0573416194107217	ST8	49.1548	4	IG-B	MII	-0.910129468112703
LV3003047112	leiden4	0.717683027801459	ST8	40.0335	4	IG-B	MII	-3.36238819782419
LV3003047112	leiden2	0.22858159203675	ST8	40.0335	4	IG-B	MII	-2.8274482646459
LV3003047112	leiden6	0.00421039074143356	ST8	40.0335	4	IG-B	MII	-0.580376174011634
LV3003047112	leiden3	0.0224288404099381	ST8	40.0335	4	IG-B	MII	-0.45858433947679
LV3003047112	leiden5	0.00376573913363467	ST8	40.0335	4	IG-B	MII	-2.15569148139935
LV3003047112	leiden1	0.0219995216162013	ST8	40.0335	4	IG-B	MII	-2.36889605988843
LV3003047112	grey	0.00133088826058424	ST8	40.0335	4	IG-B	MII	-1.38629436111989
LV3003047113	leiden1	0.0255930075498801	ST8	36.48927	5	G-A	MII	-2.25513015392493
LV3003047113	leiden4	0.74020639768036	ST8	36.48927	5	G-A	MII	-2.52554105043046
LV3003047113	leiden2	0.17669538910554	ST8	36.48927	5	G-A	MII	-2.59856298275545
LV3003047113	leiden6	0.0227772813954419	ST8	36.48927	5	G-A	MII	-0.78229101422351
LV3003047113	leiden3	0.0246747531476885	ST8	36.48927	5	G-A	MII	-1.09558056992808
LV3003047113	leiden5	0.0084605141081597	ST8	36.48927	5	G-A	MII	-1.90040113081416
LV3003047113	grey	0.00159265701292986	ST8	36.48927	5	G-A	MII	-1.74890404057844
LV3003047114	leiden3	0.0322884697696868	ST8	32.3855	5	G-A	MII	-4.86081678065674
LV3003047114	leiden4	0.72523609605945	ST8	32.3855	5	G-A	MII	-3.38564327873613
LV3003047114	leiden6	0.039282559399674	ST8	32.3855	5	G-A	MII	-0.48115788142141
LV3003047114	grey	0.00104729206699026	ST8	32.3855	5	G-A	MII	0
LV3003047114	leiden2	0.189883158632874	ST8	32.3855	5	G-A	MII	-2.80666593148756
LV3003047114	leiden5	0.00477200907045999	ST8	32.3855	5	G-A	MII	-1.59161622775777
LV3003047114	leiden1	0.00749041500086516	ST8	32.3855	5	G-A	MII	-2.60891746358024
LV3003047117	leiden1	0.0243973578107575	ST8	28.7616666666667	5	G-A	MII	-2.81228727892246
LV3003047117	leiden4	0.687875096508536	ST8	28.7616666666667	5	G-A	MII	-3.26901536733403
LV3003047117	leiden6	0.0234194046495668	ST8	28.7616666666667	5	G-A	MII	-0.609150376276976
LV3003047117	leiden2	0.220187012095736	ST8	28.7616666666667	5	G-A	MII	-2.49770424214225
LV3003047117	leiden5	0.0100712018529639	ST8	28.7616666666667	5	G-A	MII	-1.50273960393461
LV3003047117	leiden3	0.0290640816676675	ST8	28.7616666666667	5	G-A	MII	-1.04188561057048
LV3003047117	grey	0.00498584541477224	ST8	28.7616666666667	5	G-A	MII	-1.41629406869418
LV3003047118	leiden1	0.0700427752549014	ST8	24.528	3	IG-A	MII	-2.73282433726544
LV3003047118	leiden2	0.221388082023029	ST8	24.528	3	IG-A	MII	-2.86220786585251
LV3003047118	leiden4	0.653007526202306	ST8	24.528	3	IG-A	MII	-2.72089997231939
LV3003047118	leiden5	0.0147796612224056	ST8	24.528	3	IG-A	MII	-1.81897035390714
LV3003047118	grey	0.00141978086583904	ST8	24.528	3	IG-A	MII	-1.5375815145646
LV3003047118	leiden6	0.00458436180319746	ST8	24.528	3	IG-A	MII	-2.58479507798993
LV3003047118	leiden3	0.034777812628322	ST8	24.528	3	IG-A	MII	-2.74196037296594
LV3003047122	leiden4	0.756766667430615	ST8	76.951	2	IG-E	MII	-2.97544509845384
LV3003047122	leiden2	0.103980931863498	ST8	76.951	2	IG-E	MII	-2.63249275461875
LV3003047122	leiden3	0.0619026883322256	ST8	76.951	2	IG-E	MII	-1.84246872898168
LV3003047122	leiden5	0.0436825338619852	ST8	76.951	2	IG-E	MII	-13.8775538384612
LV3003047122	leiden1	0.00786102262049366	ST8	76.951	2	IG-E	MII	-1.82618423344058
LV3003047122	grey	0.0258061558911833	ST8	76.951	2	IG-E	MII	-1.6094379124341
LV3003047123	leiden4	0.759338334295057	ST8	75.589	2	IG-E	MII	-3.37443126835154
LV3003047123	leiden3	0.0551644547028275	ST8	75.589	2	IG-E	MII	-2.34534695233213
LV3003047123	leiden1	0.0578188113098673	ST8	75.589	2	IG-E	MII	-14.8130408857458
LV3003047123	leiden2	0.0899788420850164	ST8	75.589	2	IG-E	MII	-3.26872363059577
LV3003047123	leiden5	0.0211963839199846	ST8	75.589	2	IG-E	MII	-14.7004623196457
LV3003047123	grey	0.0165031736872475	ST8	75.589	2	IG-E	MII	-1.6094379124341
LV3003047124	leiden3	0.0496229347763514	ST8	74.227	2	IG-E	MII	-2.45455652924569
LV3003047124	leiden1	0.0447153301479477	ST8	74.227	2	IG-E	MII	-2.90614140210367
LV3003047124	leiden4	0.763744171320016	ST8	74.227	2	IG-E	MII	-2.75956009747023
LV3003047124	leiden2	0.083932991767889	ST8	74.227	2	IG-E	MII	-2.91235066461494
LV3003047124	leiden5	0.032654999712164	ST8	74.227	2	IG-E	MII	-1.92364477094591
LV3003047124	grey	0.0253295722756318	ST8	74.227	2	IG-E	MII	-1.65580383299203
LV3003047125	leiden4	0.793503997325831	ST8	72.872	2	IG-E	MII	-2.93268585823688
LV3003047125	leiden3	0.0754802826448276	ST8	72.872	2	IG-E	MII	-2.45910791209273
LV3003047125	leiden1	0.0058126038794024	ST8	72.872	2	IG-E	MII	-1.73025726947026
LV3003047125	leiden2	0.0676806224871631	ST8	72.872	2	IG-E	MII	-2.92087037901856
LV3003047125	leiden5	0.0360641429194871	ST8	72.872	2	IG-E	MII	-2.32446780424355
LV3003047125	grey	0.021458350743289	ST8	72.872	2	IG-E	MII	-1.64388389207873
LV3003047126	leiden4	0.73531741541247	ST8	64.210824	4	IG-B	MII	-2.94022974702581
LV3003047126	leiden5	0.0118252800724228	ST8	64.210824	4	IG-B	MII	-2.25694381203784
LV3003047126	grey	0.00705367583267323	ST8	64.210824	4	IG-B	MII	0
LV3003047126	leiden3	0.027032803993311	ST8	64.210824	4	IG-B	MII	-2.46638665455535
LV3003047126	leiden2	0.20314837866043	ST8	64.210824	4	IG-B	MII	-3.20150497785025
LV3003047126	leiden1	0.0142016521443929	ST8	64.210824	4	IG-B	MII	-2.38137247362222
LV3003047126	leiden6	0.0014207938842996	ST8	64.210824	4	IG-B	MII	-0.0354019270509158
LV3003047127	leiden4	0.775347871450265	ST8	47.6248	2	IG-E	MII	-2.62102841183859
LV3003047127	leiden1	0.00823321591272998	ST8	47.6248	2	IG-E	MII	-2.48096808620907
LV3003047127	leiden5	0.0221687344400483	ST8	47.6248	2	IG-E	MII	-1.37120649019682
LV3003047127	leiden2	0.143941819984918	ST8	47.6248	2	IG-E	MII	-2.2454456726868
LV3003047127	leiden3	0.0487794799747942	ST8	47.6248	2	IG-E	MII	-0.641329505508806
LV3003047127	leiden6	0.00152887823724471	ST8	47.6248	2	IG-E	MII	-0.693147180559945
LV3003047128	leiden1	0.0501688645455985	ST8	39.57797	5	G-A	MII	-2.00581156831366
LV3003047128	leiden4	0.689281572049724	ST8	39.57797	5	G-A	MII	-2.79013221241167
LV3003047128	leiden2	0.197149995657039	ST8	39.57797	5	G-A	MII	-2.77623429003769
LV3003047128	leiden6	0.0186083108947011	ST8	39.57797	5	G-A	MII	-0.624971941828185
LV3003047128	leiden3	0.0319539748312632	ST8	39.57797	5	G-A	MII	-0.432576382326714
LV3003047128	leiden5	0.00913554637005094	ST8	39.57797	5	G-A	MII	-2.46425971712175
LV3003047128	grey	0.00370173565162299	ST8	39.57797	5	G-A	MII	-1.40170562504042
LV3003047129	leiden4	0.708119441833562	ST8	36.0373	5	G-A	MII	-2.538410333903
LV3003047129	leiden2	0.213752922179645	ST8	36.0373	5	G-A	MII	-2.57064310342907
LV3003047129	leiden1	0.0262002024437857	ST8	36.0373	5	G-A	MII	-2.0401716671379
LV3003047129	leiden6	0.0242209529318198	ST8	36.0373	5	G-A	MII	-0.677496933304866
LV3003047129	leiden3	0.0194791892608392	ST8	36.0373	5	G-A	MII	-0.897815408648257
LV3003047129	leiden5	0.00790494782252428	ST8	36.0373	5	G-A	MII	-1.98789784467099
LV3003047129	grey	0.00032234352782397	ST8	36.0373	5	G-A	MII	14.2209756660724
LV3003047130	leiden1	0.0132058557544595	ST8	31.936	5	G-A	MII	-2.3355314961039
LV3003047130	leiden4	0.638335683059462	ST8	31.936	5	G-A	MII	-3.18291617638546
LV3003047130	leiden2	0.243352644527903	ST8	31.936	5	G-A	MII	-2.64278208981278
LV3003047130	leiden6	0.0742947859774663	ST8	31.936	5	G-A	MII	-0.801585561982713
LV3003047130	grey	0.00227864197677128	ST8	31.936	5	G-A	MII	0
LV3003047130	leiden3	0.0221229676843548	ST8	31.936	5	G-A	MII	-15.0881691534304
LV3003047130	leiden5	0.00640942101958368	ST8	31.936	5	G-A	MII	-2.22313995638773
LV3003047131	leiden4	0.703206336162315	ST8	28.2453333333333	5	G-A	MII	-2.68913000715748
LV3003047131	leiden2	0.205709913713711	ST8	28.2453333333333	5	G-A	MII	-2.39602930947661
LV3003047131	leiden6	0.0203289930432565	ST8	28.2453333333333	5	G-A	MII	-1.0261559200593
LV3003047131	leiden3	0.0361835673500616	ST8	28.2453333333333	5	G-A	MII	-1.54579760963906
LV3003047131	leiden5	0.012012071579365	ST8	28.2453333333333	5	G-A	MII	-2.13388294443249
LV3003047131	leiden1	0.0176001360177957	ST8	28.2453333333333	5	G-A	MII	-1.57680485987143
LV3003047131	grey	0.0049589821334958	ST8	28.2453333333333	5	G-A	MII	-1.68550474907316
LV3003047132	leiden1	0.0605498141533637	ST8	23.987	3	IG-A	MII	-2.15882595279555
LV3003047132	leiden2	0.211011132130785	ST8	23.987	3	IG-A	MII	-2.37445819362146
LV3003047132	leiden3	0.0311830333751794	ST8	23.987	3	IG-A	MII	-2.99877989496047
LV3003047132	leiden4	0.680693799158355	ST8	23.987	3	IG-A	MII	-2.75778388890304
LV3003047132	leiden6	0.00363886907835257	ST8	23.987	3	IG-A	MII	-0.902684253354678
LV3003047132	grey	0.0031136364889856	ST8	23.987	3	IG-A	MII	-1.51256537375403
LV3003047132	leiden5	0.00980971561497821	ST8	23.987	3	IG-A	MII	-2.06571100023004
LV3003047133	leiden3	0.0661596471686185	ST8	70.162	1	IG-D	MII	-1.73014143787501
LV3003047133	leiden4	0.729995183189331	ST8	70.162	1	IG-D	MII	-3.02450605997715
LV3003047133	leiden6	0.00762410813739952	ST8	70.162	1	IG-D	MII	-2.37255127343366
LV3003047133	leiden2	0.125173104133426	ST8	70.162	1	IG-D	MII	-2.46599718982158
LV3003047133	grey	0.0220858295451124	ST8	70.162	1	IG-D	MII	-1.59559618641976
LV3003047133	leiden5	0.0417218592889183	ST8	70.162	1	IG-D	MII	-2.78233584048568
LV3003047133	leiden1	0.00724026853719481	ST8	70.162	1	IG-D	MII	-2.63591957994329
LV3003047134	leiden1	0.0117168196341606	ST8	68.807	1	IG-D	MII	-3.53479543873122
LV3003047134	leiden3	0.200600553021815	ST8	68.807	1	IG-D	MII	-2.47419352169817
LV3003047134	leiden4	0.633987076038614	ST8	68.807	1	IG-D	MII	-3.26013641153675
LV3003047134	leiden5	0.0480593310171301	ST8	68.807	1	IG-D	MII	-1.79960824302013
LV3003047134	leiden2	0.0918182195413616	ST8	68.807	1	IG-D	MII	-2.61483633800938
LV3003047134	grey	0.0126448098563124	ST8	68.807	1	IG-D	MII	-1.68136432997156
LV3003047134	leiden6	0.00117319089060655	ST8	68.807	1	IG-D	MII	-14.9141228466324
LV3003047136	leiden3	0.121755465729093	ST8	67.8766	1	IG-D	MII	-2.47759275497779
LV3003047136	leiden4	0.675765859934068	ST8	67.8766	1	IG-D	MII	-3.42643640503041
LV3003047136	leiden5	0.0310985548985067	ST8	67.8766	1	IG-D	MII	-2.86858998707507
LV3003047136	leiden2	0.153391273838327	ST8	67.8766	1	IG-D	MII	-3.13455200480417
LV3003047136	leiden1	0.00968883171182761	ST8	67.8766	1	IG-D	MII	-2.84861435195302
LV3003047136	grey	0.00830001388817824	ST8	67.8766	1	IG-D	MII	-1.7691314663739
LV3003047137	leiden4	0.718257855474343	ST8	66.9462	1	IG-D	MII	-2.91285594199372
LV3003047137	leiden3	0.0329490367467912	ST8	66.9462	1	IG-D	MII	-1.27427007538121
LV3003047137	leiden5	0.0511591691156155	ST8	66.9462	1	IG-D	MII	-2.33197839169068
LV3003047137	leiden2	0.145148569562706	ST8	66.9462	1	IG-D	MII	-2.96061387926377
LV3003047137	grey	0.0229271845879487	ST8	66.9462	1	IG-D	MII	-1.64162198527352
LV3003047137	leiden1	0.0263331072765177	ST8	66.9462	1	IG-D	MII	-2.50511217241687
LV3003047137	leiden6	0.00322507723607867	ST8	66.9462	1	IG-D	MII	-0.323290499919149
LV3003047138	leiden4	0.679617476249622	ST8	66.0158	1	IG-D	MII	-3.24491181864288
LV3003047138	leiden5	0.036519352781228	ST8	66.0158	1	IG-D	MII	-1.9703427039114
LV3003047138	grey	0.0290921145389238	ST8	66.0158	1	IG-D	MII	-1.80158666387431
LV3003047138	leiden3	0.0994410688509181	ST8	66.0158	1	IG-D	MII	-2.71425255845001
LV3003047138	leiden2	0.138352244116956	ST8	66.0158	1	IG-D	MII	-3.1558771560752
LV3003047138	leiden1	0.0150936587330894	ST8	66.0158	1	IG-D	MII	-1.95524084555365
LV3003047138	leiden6	0.00188408472926248	ST8	66.0158	1	IG-D	MII	-1.60721321741199
LV3003047139	leiden4	0.713440208779942	ST8	58.6141266666667	4	IG-B	MII	-3.18528493213276
LV3003047139	leiden2	0.241277534408302	ST8	58.6141266666667	4	IG-B	MII	-2.71036833946292
LV3003047139	leiden3	0.0113658723501207	ST8	58.6141266666667	4	IG-B	MII	-2.17690055213303
LV3003047139	leiden1	0.0248133304336119	ST8	58.6141266666667	4	IG-B	MII	-2.12611464848082
LV3003047139	leiden5	0.00688166029763569	ST8	58.6141266666667	4	IG-B	MII	-2.96306149126444
LV3003047139	grey	0.00123238160333882	ST8	58.6141266666667	4	IG-B	MII	-14.5980297723478
LV3003047140	leiden4	0.790471959263183	ST8	46.0948	2	IG-E	MII	-3.10553099699767
LV3003047140	leiden2	0.174942756570179	ST8	46.0948	2	IG-E	MII	-2.56233522097145
LV3003047140	leiden3	0.0264515908547213	ST8	46.0948	2	IG-E	MII	-0.0648876222058748
LV3003047140	leiden1	0.00471617511363248	ST8	46.0948	2	IG-E	MII	-14.9141228466324
LV3003047140	leiden6	0.00341751819828441	ST8	46.0948	2	IG-E	MII	0
LV3003047141	leiden4	0.878246988826005	ST8	39.15347	2	IG-E	MII	-2.5004949017269
LV3003047141	leiden3	0.051081120301843	ST8	39.15347	2	IG-E	MII	0.159427736928102
LV3003047141	leiden5	0.0277173124365114	ST8	39.15347	2	IG-E	MII	-14.9141228466324
LV3003047141	leiden2	0.0429545784356407	ST8	39.15347	2	IG-E	MII	-14.741216288773
LV3003047142	leiden4	0.627681739672673	ST8	35.5823	4	IG-B	MII	-2.82041145632651
LV3003047142	leiden3	0.0183508940369492	ST8	35.5823	4	IG-B	MII	-1.20096632087647
LV3003047142	leiden1	0.0360633670030337	ST8	35.5823	4	IG-B	MII	-2.87991240610254
LV3003047142	leiden6	0.0182024240204691	ST8	35.5823	4	IG-B	MII	-0.922341856669933
LV3003047142	leiden5	0.015589351730418	ST8	35.5823	4	IG-B	MII	-1.07623573018239
LV3003047142	leiden2	0.272294010224635	ST8	35.5823	4	IG-B	MII	-2.46324565816397
LV3003047142	grey	0.0118182133118217	ST8	35.5823	4	IG-B	MII	-1.43050785826191
LV3003047143	leiden4	0.694732335158419	ST8	31.398	5	G-A	MII	-3.03129265722624
LV3003047143	leiden2	0.19102680540779	ST8	31.398	5	G-A	MII	-2.85430028392909
LV3003047143	leiden6	0.0436775047357085	ST8	31.398	5	G-A	MII	-0.579179272113253
LV3003047143	leiden3	0.0350727871915302	ST8	31.398	5	G-A	MII	-3.85053732598507
LV3003047143	leiden5	0.0181254378908581	ST8	31.398	5	G-A	MII	-1.64394293567759
LV3003047143	leiden1	0.0141240885382879	ST8	31.398	5	G-A	MII	-2.47930302932646
LV3003047143	grey	0.00324104107740613	ST8	31.398	5	G-A	MII	-2.47099821974187
LV3003047144	leiden1	0.0506748558023252	ST8	27.729	5	G-A	MII	-1.84451931122685
LV3003047144	leiden4	0.608688949703668	ST8	27.729	5	G-A	MII	-2.79349686447012
LV3003047144	leiden2	0.274667761536196	ST8	27.729	5	G-A	MII	-2.11849572964374
LV3003047144	grey	0.00547333010774188	ST8	27.729	5	G-A	MII	-1.91561410566572
LV3003047144	leiden6	0.0262188690994953	ST8	27.729	5	G-A	MII	-0.895057483780908
LV3003047144	leiden3	0.0234058887903574	ST8	27.729	5	G-A	MII	-2.02829119011229
LV3003047144	leiden5	0.0108703449602169	ST8	27.729	5	G-A	MII	-1.93798305376644
LV3003047145	leiden4	0.66274954930894	ST8	23.446	3	IG-A	MII	-2.55241544346754
LV3003047145	leiden5	0.0684646690817393	ST8	23.446	3	IG-A	MII	-1.60700208155397
LV3003047145	leiden1	0.049615612155693	ST8	23.446	3	IG-A	MII	-1.61397689737369
LV3003047145	leiden3	0.0299435879200821	ST8	23.446	3	IG-A	MII	-3.71430533896448
LV3003047145	grey	0.0394216868966524	ST8	23.446	3	IG-A	MII	-1.67768617019547
LV3003047145	leiden2	0.149804894636893	ST8	23.446	3	IG-A	MII	-2.60244977225833
LV3003047146	leiden4	0.666711919276306	ST8	63.2667	4	IG-B	MII	-2.9740018524022
LV3003047146	leiden1	0.0366650567180545	ST8	63.2667	4	IG-B	MII	-2.70262919789163
LV3003047146	leiden2	0.232420013836856	ST8	63.2667	4	IG-B	MII	-2.71545943255849
LV3003047146	leiden5	0.0177842755883927	ST8	63.2667	4	IG-B	MII	-2.33401734716446
LV3003047146	leiden6	0.0040831777774877	ST8	63.2667	4	IG-B	MII	-1.3913423274172
LV3003047146	leiden3	0.0397822653282337	ST8	63.2667	4	IG-B	MII	-1.98619689636258
LV3003047146	grey	0.00255329147466942	ST8	63.2667	4	IG-B	MII	-14.7620150684349
LV3003047147	leiden4	0.699362466573919	ST8	62.3217	4	IG-B	MII	-3.0045883798998
LV3003047147	leiden1	0.0255533452085311	ST8	62.3217	4	IG-B	MII	-1.7825897666682
LV3003047147	leiden3	0.0253323105060828	ST8	62.3217	4	IG-B	MII	-1.91468178684939
LV3003047147	leiden5	0.0139771944195239	ST8	62.3217	4	IG-B	MII	-2.19170541879369
LV3003047147	leiden2	0.225364382208007	ST8	62.3217	4	IG-B	MII	-2.99230939160399
LV3003047147	grey	0.0062583158889279	ST8	62.3217	4	IG-B	MII	-13.8106511245905
LV3003047147	leiden6	0.00415198519500895	ST8	62.3217	4	IG-B	MII	-0.668974463617049
LV3003047148	leiden1	0.0275150807550107	ST8	61.3767	4	IG-B	MII	-2.26039753769898
LV3003047148	leiden4	0.742552593457439	ST8	61.3767	4	IG-B	MII	-2.42059665618048
LV3003047148	leiden5	0.0229789626170245	ST8	61.3767	4	IG-B	MII	-1.22871337141709
LV3003047148	grey	0.00763659164126181	ST8	61.3767	4	IG-B	MII	-13.3934878349333
LV3003047148	leiden2	0.17926098895159	ST8	61.3767	4	IG-B	MII	-3.07122290135412
LV3003047148	leiden3	0.0189747248708136	ST8	61.3767	4	IG-B	MII	-2.02960916793196
LV3003047148	leiden6	0.00108105770686039	ST8	61.3767	4	IG-B	MII	-14.065490763232
LV3003047149	leiden1	0.0185355804171793	ST8	60.4317	4	IG-B	MII	-1.90057720526974
LV3003047149	leiden4	0.757360725628773	ST8	60.4317	4	IG-B	MII	-2.85575492906268
LV3003047149	leiden5	0.0205728347019943	ST8	60.4317	4	IG-B	MII	-2.67551416632613
LV3003047149	leiden2	0.176869152193196	ST8	60.4317	4	IG-B	MII	-2.82904596940794
LV3003047149	grey	0.00205442215800166	ST8	60.4317	4	IG-B	MII	0
LV3003047149	leiden3	0.0246072849008555	ST8	60.4317	4	IG-B	MII	-2.11021320034659
LV3003047150	leiden1	0.037356220760491	ST8	59.5217933333333	4	IG-B	MII	-2.48594777429641
LV3003047150	leiden4	0.672033162236828	ST8	59.5217933333333	4	IG-B	MII	-3.20503258564455
LV3003047150	leiden5	0.0100709730313304	ST8	59.5217933333333	4	IG-B	MII	-3.18765523994578
LV3003047150	leiden2	0.262570452165584	ST8	59.5217933333333	4	IG-B	MII	-2.89282842311976
LV3003047150	leiden6	0.00232157304161244	ST8	59.5217933333333	4	IG-B	MII	-2.43441048577347
LV3003047150	leiden3	0.0148791726757888	ST8	59.5217933333333	4	IG-B	MII	-2.6112945326379
LV3003047150	grey	0.000768446088365889	ST8	59.5217933333333	4	IG-B	MII	-14.9141228466324
LV3003047152	leiden1	0.00864060441384925	ST8	45.00002	4	IG-B	MII	-2.46326078301331
LV3003047152	leiden4	0.718955415195324	ST8	45.00002	4	IG-B	MII	-2.94326714844057
LV3003047152	leiden2	0.214233431998086	ST8	45.00002	4	IG-B	MII	-2.61300094639326
LV3003047152	leiden6	0.00900836567609159	ST8	45.00002	4	IG-B	MII	-0.706862887044928
LV3003047152	leiden3	0.0415320291495432	ST8	45.00002	4	IG-B	MII	-0.682069292058341
LV3003047152	leiden5	0.0068053686003292	ST8	45.00002	4	IG-B	MII	-1.47126379387148
LV3003047152	grey	0.000824784966776519	ST8	45.00002	4	IG-B	MII	-14.5806763309277
LV3003047153	leiden1	0.0207829666598345	ST8	38.71393	4	IG-B	MII	-2.06925469637284
LV3003047153	leiden4	0.727413710930072	ST8	38.71393	4	IG-B	MII	-2.5349294103609
LV3003047153	leiden2	0.183908017592426	ST8	38.71393	4	IG-B	MII	-2.8536667280737
LV3003047153	leiden6	0.0167972598883311	ST8	38.71393	4	IG-B	MII	-0.860184767429691
LV3003047153	leiden3	0.0390199211254806	ST8	38.71393	4	IG-B	MII	-0.850140151242741
LV3003047153	leiden5	0.00674409243678803	ST8	38.71393	4	IG-B	MII	-1.26309150485018
LV3003047153	grey	0.00533403136706779	ST8	38.71393	4	IG-B	MII	-1.58057271318839
LV3003047154	leiden4	0.750351852185994	ST8	35.13012	4	IG-B	MII	-2.71736979698297
LV3003047154	leiden2	0.185529853304704	ST8	35.13012	4	IG-B	MII	-2.77010959089795
LV3003047154	grey	0.00409592031901265	ST8	35.13012	4	IG-B	MII	0
LV3003047154	leiden5	0.0171460276790386	ST8	35.13012	4	IG-B	MII	-2.15850385711798
LV3003047154	leiden3	0.0304622796412912	ST8	35.13012	4	IG-B	MII	-1.37971229692425
LV3003047154	leiden1	0.0107675790765233	ST8	35.13012	4	IG-B	MII	-2.37908878218989
LV3003047154	leiden6	0.0016464877934357	ST8	35.13012	4	IG-B	MII	1.02304765201792
LV3003047155	leiden4	0.667565818652435	ST8	30.9475	5	G-A	MII	-2.36073908027849
LV3003047155	leiden1	0.0216596261369668	ST8	30.9475	5	G-A	MII	-1.34533273195508
LV3003047155	leiden2	0.124013901713721	ST8	30.9475	5	G-A	MII	-2.58917385842517
LV3003047155	leiden6	0.104408268320525	ST8	30.9475	5	G-A	MII	-0.655214200751262
LV3003047155	grey	0.0043806393915819	ST8	30.9475	5	G-A	MII	-1.95670877629754
LV3003047155	leiden5	0.0501974014265252	ST8	30.9475	5	G-A	MII	-1.57056649477648
LV3003047155	leiden3	0.0277743443582454	ST8	30.9475	5	G-A	MII	-2.08991666156638
LV3003047156	leiden1	0.0538441362193227	ST8	27.1996666666667	5	G-A	MII	-2.08509588859114
LV3003047156	leiden4	0.620472046382531	ST8	27.1996666666667	5	G-A	MII	-2.93006617720447
LV3003047156	leiden2	0.261306916274208	ST8	27.1996666666667	5	G-A	MII	-2.3532131294718
LV3003047156	leiden6	0.0218367450800772	ST8	27.1996666666667	5	G-A	MII	-0.818391736849501
LV3003047156	grey	0.00303201130593757	ST8	27.1996666666667	5	G-A	MII	-1.23612191885314
LV3003047156	leiden3	0.0233635164284512	ST8	27.1996666666667	5	G-A	MII	-1.60213618732808
LV3003047156	leiden5	0.0161446283094726	ST8	27.1996666666667	5	G-A	MII	-2.55107573444069
LV3003047158	leiden1	0.0428025619717454	ST8	57.70646	4	IG-B	MII	-2.75491799869073
LV3003047158	leiden4	0.639241340170663	ST8	57.70646	4	IG-B	MII	-2.81035478594252
LV3003047158	leiden5	0.00704339542331313	ST8	57.70646	4	IG-B	MII	-2.92701199304597
LV3003047158	leiden2	0.284046456006648	ST8	57.70646	4	IG-B	MII	-2.75691131639436
LV3003047158	grey	0.00766665991041206	ST8	57.70646	4	IG-B	MII	0
LV3003047158	leiden3	0.0166102519407341	ST8	57.70646	4	IG-B	MII	-1.47148747707782
LV3003047158	leiden6	0.00258933457648418	ST8	57.70646	4	IG-B	MII	-1.97546128849097
LV3003047159	leiden4	0.768362016890331	ST8	56.7987933333333	4	IG-B	MII	-3.27928747391444
LV3003047159	leiden2	0.159445438070759	ST8	56.7987933333333	4	IG-B	MII	-2.77236193124416
LV3003047159	leiden6	0.00239852179989814	ST8	56.7987933333333	4	IG-B	MII	-14.5556826771691
LV3003047159	leiden3	0.0519857391592737	ST8	56.7987933333333	4	IG-B	MII	-1.5867173172026
LV3003047159	leiden1	0.010695630544731	ST8	56.7987933333333	4	IG-B	MII	-15.1833634911814
LV3003047159	leiden5	0.00711265353500657	ST8	56.7987933333333	4	IG-B	MII	-2.48780940944596
LV3003047160	leiden4	0.623613930969858	ST8	55.8911266666667	2	IG-E	MII	-1.88350987072564
LV3003047160	leiden3	0.119475245978448	ST8	55.8911266666667	2	IG-E	MII	-0.153173067079537
LV3003047160	leiden1	0.0716851475870686	ST8	55.8911266666667	2	IG-E	MII	-1.81396362653907
LV3003047160	leiden5	0.0943307824457286	ST8	55.8911266666667	2	IG-E	MII	-13.32273300407
LV3003047160	grey	0.0354521318132126	ST8	55.8911266666667	2	IG-E	MII	0
LV3003047160	leiden2	0.0554427612056848	ST8	55.8911266666667	2	IG-E	MII	-14.9141228466324
LV3003047161	leiden4	0.707131620346093	ST8	54.98346	2	IG-E	MII	-3.32001876338589
LV3003047161	leiden2	0.147876245411641	ST8	54.98346	2	IG-E	MII	-1.84981148113602
LV3003047161	leiden3	0.0414263240692187	ST8	54.98346	2	IG-E	MII	-14.9298217561755
LV3003047161	leiden1	0.031069743051914	ST8	54.98346	2	IG-E	MII	-15.3195879547405
LV3003047161	leiden5	0.0724960671211327	ST8	54.98346	2	IG-E	MII	0
LV3003047162	leiden1	0.122161283770059	ST8	102.698	2	IG-E	MII	-1.33024682113911
LV3003047162	leiden3	0.239853747714808	ST8	102.698	2	IG-E	MII	-0.535114665444172
LV3003047162	leiden4	0.248303879748121	ST8	102.698	2	IG-E	MII	-14.3684191609797
LV3003047162	leiden2	0.0418037781840341	ST8	102.698	2	IG-E	MII	-15.0531662311644
LV3003047162	grey	0.0595978062157221	ST8	102.698	2	IG-E	MII	-1.91320158410422
LV3003047162	leiden5	0.288279504367256	ST8	102.698	2	IG-E	MII	0.608729838747362
LV3003047164	leiden5	0.00755960860568374	ST8	43.93302	4	IG-B	MII	-2.24325327604292
LV3003047164	leiden4	0.728597573022492	ST8	43.93302	4	IG-B	MII	-2.9186872892455
LV3003047164	leiden6	0.0104607513855816	ST8	43.93302	4	IG-B	MII	-0.745363731231814
LV3003047164	leiden2	0.201229086296	ST8	43.93302	4	IG-B	MII	-2.52508347121516
LV3003047164	leiden3	0.0420665703085194	ST8	43.93302	4	IG-B	MII	0.109536375922313
LV3003047164	leiden1	0.0100864103817238	ST8	43.93302	4	IG-B	MII	-1.3344230598765
LV3003047166	leiden1	0.0242046455306033	ST8	38.27343	4	IG-B	MII	-2.29984630319581
LV3003047166	leiden4	0.719671950682519	ST8	38.27343	4	IG-B	MII	-2.81603011284554
LV3003047166	leiden2	0.20463177014531	ST8	38.27343	4	IG-B	MII	-2.73438233312862
LV3003047166	leiden6	0.0120734258036107	ST8	38.27343	4	IG-B	MII	-0.726918095149109
LV3003047166	leiden3	0.0322022236900044	ST8	38.27343	4	IG-B	MII	-1.2145495033928
LV3003047166	leiden5	0.00721598414795244	ST8	38.27343	4	IG-B	MII	-1.61556246373221
LV3003047167	leiden4	0.687291136062925	ST8	34.67812	4	IG-B	MII	-2.76217526162258
LV3003047167	leiden1	0.0502685486865433	ST8	34.67812	4	IG-B	MII	-2.66766564454845
LV3003047167	leiden6	0.0116571572016547	ST8	34.67812	4	IG-B	MII	-0.618189431846309
LV3003047167	leiden2	0.210524389032127	ST8	34.67812	4	IG-B	MII	-2.6993287574036
LV3003047167	leiden5	0.00743150308817915	ST8	34.67812	4	IG-B	MII	-2.20314876527855
LV3003047167	leiden3	0.0235601135906032	ST8	34.67812	4	IG-B	MII	-1.32398572130363
LV3003047167	grey	0.00926715233796865	ST8	34.67812	4	IG-B	MII	-1.48333229650643
LV3003047168	leiden1	0.0563126747165904	ST8	30.497	5	G-A	MII	-2.21234098934059
LV3003047168	leiden4	0.623330597402806	ST8	30.497	5	G-A	MII	-2.36894490218521
LV3003047168	leiden2	0.183808375158286	ST8	30.497	5	G-A	MII	-2.48163237720977
LV3003047168	grey	0.0152054857748336	ST8	30.497	5	G-A	MII	-1.44681821813137
LV3003047168	leiden6	0.0443963259596995	ST8	30.497	5	G-A	MII	-0.719209464230882
LV3003047168	leiden5	0.0518816713391544	ST8	30.497	5	G-A	MII	-1.79790587649305
LV3003047168	leiden3	0.0250648696486303	ST8	30.497	5	G-A	MII	-1.66585168410712
LV3003047169	leiden1	0.0478059984509788	ST8	26.6703333333333	5	G-A	MII	-1.96073267894454
LV3003047169	leiden4	0.604200162024054	ST8	26.6703333333333	5	G-A	MII	-2.6048042992495
LV3003047169	leiden2	0.24887072795093	ST8	26.6703333333333	5	G-A	MII	-2.2255089451071
LV3003047169	leiden6	0.0392311869597344	ST8	26.6703333333333	5	G-A	MII	-1.14236944759539
LV3003047169	leiden5	0.0332861505043221	ST8	26.6703333333333	5	G-A	MII	-2.45418578418948
LV3003047169	leiden3	0.0218305157172235	ST8	26.6703333333333	5	G-A	MII	-1.4159544521203
LV3003047169	grey	0.00477525839275699	ST8	26.6703333333333	5	G-A	MII	-1.25414333124134
LV3003061473	leiden3	0.0430860464531908	ST13	117.088	2	IG-E	MII	0.797295272291483
LV3003061473	leiden4	0.845195118478252	ST13	117.088	2	IG-E	MII	-3.92889142454759
LV3003061473	leiden2	0.0843628810024374	ST13	117.088	2	IG-E	MII	-2.10671094358587
LV3003061473	leiden5	0.0247007680774611	ST13	117.088	2	IG-E	MII	-14.5618947175035
LV3003061473	leiden1	0.00265518598865892	ST13	117.088	2	IG-E	MII	-14.9141228466324
LV3003061474	leiden1	0.0101144685681089	ST13	77.7798	1	IG-D	MII	-2.11520850586292
LV3003061474	leiden2	0.115265790931867	ST13	77.7798	1	IG-D	MII	-2.80591802099257
LV3003061474	leiden3	0.0691215867417898	ST13	77.7798	1	IG-D	MII	-2.35778124584484
LV3003061474	leiden4	0.80052379907459	ST13	77.7798	1	IG-D	MII	-3.05736569179074
LV3003061474	leiden6	0.00106243754430112	ST13	77.7798	1	IG-D	MII	-0.746605759084713
LV3003061474	leiden5	0.00225748244925795	ST13	77.7798	1	IG-D	MII	-14.6430847090201
LV3003061474	grey	0.00165443469008555	ST13	77.7798	1	IG-D	MII	-1.39030559794634
LV3003061475	leiden4	0.796031052630031	ST13	53.844	4	IG-B	MII	-3.0985350629283
LV3003061475	leiden6	0.000700125610771344	ST13	53.844	4	IG-B	MII	-14.9141228466324
LV3003061475	leiden2	0.171769052682981	ST13	53.844	4	IG-B	MII	-2.44560600681568
LV3003061475	leiden5	0.00400365948008319	ST13	53.844	4	IG-B	MII	-1.42247803998893
LV3003061475	leiden3	0.0177061178623224	ST13	53.844	4	IG-B	MII	-3.89173490466025
LV3003061475	leiden1	0.00884276296629689	ST13	53.844	4	IG-B	MII	-1.1758949895714
LV3003061475	grey	0.000947228767514172	ST13	53.844	4	IG-B	MII	-14.1829964180072
LV3003061476	leiden1	0.0238253186886086	ST13	37.16	5	G-A	MII	-2.02364837245924
LV3003061476	leiden3	0.0393752874039788	ST13	37.16	5	G-A	MII	-3.03938142315603
LV3003061476	leiden4	0.738778994821075	ST13	37.16	5	G-A	MII	-2.97476085831257
LV3003061476	leiden2	0.173780464821753	ST13	37.16	5	G-A	MII	-2.4117587959897
LV3003061476	leiden6	0.0149318145839144	ST13	37.16	5	G-A	MII	-0.991185279841898
LV3003061476	grey	0.00256684733854493	ST13	37.16	5	G-A	MII	-2.40949845641353
LV3003061476	leiden5	0.0067412723421257	ST13	37.16	5	G-A	MII	-1.31260664532873
LV3003061477	leiden1	0.0540900416454085	ST13	16.726	3	IG-A	MII	-2.19413902023028
LV3003061477	leiden2	0.183795893363745	ST13	16.726	3	IG-A	MII	-2.61694116321442
LV3003061477	leiden3	0.0306898767585431	ST13	16.726	3	IG-A	MII	-2.90240112832032
LV3003061477	leiden4	0.721549512842286	ST13	16.726	3	IG-A	MII	-2.68909480964175
LV3003061477	leiden5	0.00639775160694078	ST13	16.726	3	IG-A	MII	-2.59835018715554
LV3003061477	leiden6	0.00110115826844076	ST13	16.726	3	IG-A	MII	-0.646974870074592
LV3003061477	grey	0.00237576551463592	ST13	16.726	3	IG-A	MII	-1.35826150085343
LV3003061485	leiden1	0.0234275316111172	ST13	75.7796	1	IG-D	MII	-2.28729458128997
LV3003061485	leiden3	0.0906132478964804	ST13	75.7796	1	IG-D	MII	-3.33583103328177
LV3003061485	leiden4	0.770541704900695	ST13	75.7796	1	IG-D	MII	-2.66488055864125
LV3003061485	leiden2	0.109332006158919	ST13	75.7796	1	IG-D	MII	-2.75301514618485
LV3003061485	leiden6	0.00119694542513648	ST13	75.7796	1	IG-D	MII	-1.47393685204653
LV3003061485	leiden5	0.00207163631273621	ST13	75.7796	1	IG-D	MII	-1.6819410109507
LV3003061485	grey	0.00281692769491578	ST13	75.7796	1	IG-D	MII	-13.8349753605882
LV3003061486	leiden4	0.696706997028289	ST13	52.105	4	IG-B	MII	-3.15860549760317
LV3003061486	leiden2	0.115298521863301	ST13	52.105	4	IG-B	MII	-2.28290386407958
LV3003061486	leiden3	0.166189070279032	ST13	52.105	4	IG-B	MII	-5.57142629013504
LV3003061486	leiden5	0.0171162826598742	ST13	52.105	4	IG-B	MII	-0.825027906027167
LV3003061486	leiden1	0.00337694415499209	ST13	52.105	4	IG-B	MII	-1.36859478402049
LV3003061486	leiden6	0.000569256300412952	ST13	52.105	4	IG-B	MII	-15.3195879547405
LV3003061488	leiden1	0.0391392921645475	ST13	35.041	5	G-A	MII	-1.99120850000735
LV3003061488	leiden3	0.0249141262226214	ST13	35.041	5	G-A	MII	-2.29722631317833
LV3003061488	leiden4	0.734298113253232	ST13	35.041	5	G-A	MII	-2.78575051758621
LV3003061488	leiden2	0.183530504588923	ST13	35.041	5	G-A	MII	-2.53156930762065
LV3003061488	leiden5	0.00405568560897468	ST13	35.041	5	G-A	MII	-0.727366258464739
LV3003061488	leiden6	0.0129583832727457	ST13	35.041	5	G-A	MII	-0.791354827602072
LV3003061488	grey	0.00110389488895566	ST13	35.041	5	G-A	MII	-1.43508452528932
LV3003061489	leiden4	0.850404499843755	ST13	112.6068	2	IG-E	MII	-3.42498710699093
LV3003061489	leiden3	0.0955939029894795	ST13	112.6068	2	IG-E	MII	-0.892358016837673
LV3003061489	grey	0.00395125169264956	ST13	112.6068	2	IG-E	MII	-0.444852849823718
LV3003061489	leiden2	0.0272976632755807	ST13	112.6068	2	IG-E	MII	-2.62855654383486
LV3003061489	leiden1	0.00763167945557446	ST13	112.6068	2	IG-E	MII	-3.29933719773402
LV3003061489	leiden5	0.0088087219193778	ST13	112.6068	2	IG-E	MII	-1.90795989658277
LV3003061489	leiden6	0.00631228082358252	ST13	112.6068	2	IG-E	MII	-0.855790480432857
LV3003061492	leiden1	0.0621025169916993	ST13	14.437	3	IG-A	MII	-2.39616270531824
LV3003061492	leiden3	0.0302347440310245	ST13	14.437	3	IG-A	MII	-2.77131782600393
LV3003061492	leiden4	0.67699396820712	ST13	14.437	3	IG-A	MII	-3.01079042070945
LV3003061492	leiden2	0.207834284567145	ST13	14.437	3	IG-A	MII	-2.89423223080043
LV3003061492	leiden5	0.0184667431553487	ST13	14.437	3	IG-A	MII	-1.81229147130043
LV3003061492	leiden6	0.00164632360207627	ST13	14.437	3	IG-A	MII	-0.380923999192047
LV3003061492	grey	0.00272141944558557	ST13	14.437	3	IG-A	MII	-1.06145234375437
LV3003061500	leiden2	0.119473558697853	ST13	148.086	1	IG-D	MII	-2.54195804925248
LV3003061500	leiden4	0.739588260820273	ST13	148.086	1	IG-D	MII	-2.67414418215931
LV3003061500	leiden1	0.015975808563956	ST13	148.086	1	IG-D	MII	-1.58202328867126
LV3003061500	leiden5	0.0821113165723847	ST13	148.086	1	IG-D	MII	-2.02310615171757
LV3003061500	leiden3	0.0243028542610627	ST13	148.086	1	IG-D	MII	0.0706942345925691
LV3003061500	grey	0.0183468664115124	ST13	148.086	1	IG-D	MII	-12.2080948909109
LV3003061500	leiden6	0.000201334672958212	ST13	148.086	1	IG-D	MII	-14.9141228466324
LV3003061501	leiden3	0.231421534014248	ST13	105.5872	1	IG-D	MII	-2.21531324712654
LV3003061501	leiden4	0.691363918144358	ST13	105.5872	1	IG-D	MII	-3.00089619780179
LV3003061501	leiden2	0.0606441838801537	ST13	105.5872	1	IG-D	MII	-2.73026600533491
LV3003061501	leiden6	0.00292554690322987	ST13	105.5872	1	IG-D	MII	-0.801095019782723
LV3003061501	leiden5	0.00255757443154883	ST13	105.5872	1	IG-D	MII	-1.11294068337339
LV3003061501	leiden1	0.00685058660116094	ST13	105.5872	1	IG-D	MII	-3.22905638480032
LV3003061501	grey	0.00423665602530059	ST13	105.5872	1	IG-D	MII	-1.34183404155735
LV3003061503	leiden1	0.0146386924024416	ST13	73.1472	1	IG-D	MII	-1.90221432121747
LV3003061503	leiden2	0.102371485300492	ST13	73.1472	1	IG-D	MII	-2.72356277687927
LV3003061503	leiden3	0.0595218312670135	ST13	73.1472	1	IG-D	MII	-3.12356955665411
LV3003061503	leiden4	0.818001394487492	ST13	73.1472	1	IG-D	MII	-2.77565452559454
LV3003061503	leiden6	0.00231358152012842	ST13	73.1472	1	IG-D	MII	-1.19544760350258
LV3003061503	leiden5	0.00144074199069085	ST13	73.1472	1	IG-D	MII	-0.798793369694932
LV3003061503	grey	0.00171227303174258	ST13	73.1472	1	IG-D	MII	-0.453667209926042
LV3003061504	leiden4	0.808094478425561	ST13	50.268	4	IG-B	MII	-2.97788436655277
LV3003061504	leiden1	0.0110033292253566	ST13	50.268	4	IG-B	MII	-1.18523812348429
LV3003061504	leiden2	0.162728805486039	ST13	50.268	4	IG-B	MII	-2.09502921127101
LV3003061504	leiden6	0.00394416175851649	ST13	50.268	4	IG-B	MII	-1.2265663165488
LV3003061504	leiden3	0.0134126702101117	ST13	50.268	4	IG-B	MII	-3.89728072369094
LV3003061504	grey	0.000816554894414916	ST13	50.268	4	IG-B	MII	-14.4804868615575
LV3003061505	leiden1	0.016621790472168	ST13	32.81	5	G-A	MII	-1.27143798944232
LV3003061505	leiden4	0.792086831036728	ST13	32.81	5	G-A	MII	-2.28276157716898
LV3003061505	leiden2	0.156210953311159	ST13	32.81	5	G-A	MII	-2.62994902180824
LV3003061505	leiden5	0.00656644316561956	ST13	32.81	5	G-A	MII	-3.34837736942081
LV3003061505	leiden6	0.0117624025482639	ST13	32.81	5	G-A	MII	-0.213509781275686
LV3003061505	leiden3	0.0161224328176971	ST13	32.81	5	G-A	MII	-2.63966055689942
LV3003061505	grey	0.000629146648364219	ST13	32.81	5	G-A	MII	-1.03201749986517
LV3003061506	leiden1	0.0199544240624452	ST13	11.95	3	IG-A	MII	-2.32380842733082
LV3003061506	leiden4	0.77140264587909	ST13	11.95	3	IG-A	MII	-2.21741782433289
LV3003061506	leiden5	0.0620678277188315	ST13	11.95	3	IG-A	MII	-1.35294888004264
LV3003061506	leiden2	0.118973819614151	ST13	11.95	3	IG-A	MII	-2.46648132219604
LV3003061506	leiden3	0.00921005145337747	ST13	11.95	3	IG-A	MII	-2.76124724712823
LV3003061506	grey	0.0177643043482744	ST13	11.95	3	IG-A	MII	-1.40362499170497
LV3003061506	leiden6	0.000626926923830441	ST13	11.95	3	IG-A	MII	-0.683229743902599
LV3003061513	leiden4	0.730040601728848	ST13	138.493	4	IG-B	MII	-3.09122984502306
LV3003061513	leiden3	0.0189537102870187	ST13	138.493	4	IG-B	MII	-0.501712821340176
LV3003061513	leiden2	0.234395464581073	ST13	138.493	4	IG-B	MII	-1.96471143985452
LV3003061513	leiden1	0.0129991018972421	ST13	138.493	4	IG-B	MII	-2.54459712861264
LV3003061513	leiden5	0.00288609063353665	ST13	138.493	4	IG-B	MII	-13.5581580249472
LV3003061513	grey	0.000725030872282304	ST13	138.493	4	IG-B	MII	0
LV3003061514	leiden2	0.0954590076933959	ST13	100.6726	1	IG-D	MII	-2.68643461062627
LV3003061514	leiden3	0.134761180128015	ST13	100.6726	1	IG-D	MII	-2.23845426230806
LV3003061514	leiden4	0.734792203623286	ST13	100.6726	1	IG-D	MII	-3.19462707597175
LV3003061514	leiden1	0.0259498611483146	ST13	100.6726	1	IG-D	MII	-2.5623961645852
LV3003061514	leiden6	0.00044452647158729	ST13	100.6726	1	IG-D	MII	-2.16879626697899
LV3003061514	grey	0.00597704979486432	ST13	100.6726	1	IG-D	MII	-1.85806824022483
LV3003061514	leiden5	0.00261617114053715	ST13	100.6726	1	IG-D	MII	-2.43036261652212
LV3003061515	leiden1	0.0306176496179947	ST13	71.0012	1	IG-D	MII	-2.38170513661957
LV3003061515	leiden3	0.154129470086329	ST13	71.0012	1	IG-D	MII	-3.90185173157941
LV3003061515	leiden4	0.701474120406842	ST13	71.0012	1	IG-D	MII	-3.11619550233708
LV3003061515	leiden2	0.102157134005797	ST13	71.0012	1	IG-D	MII	-2.99540380221326
LV3003061515	leiden6	0.00258933164993684	ST13	71.0012	1	IG-D	MII	-1.03191728478083
LV3003061515	grey	0.00591563590750118	ST13	71.0012	1	IG-D	MII	-3.96517942797889
LV3003061515	leiden5	0.00311665832560057	ST13	71.0012	1	IG-D	MII	-3.24837457125778
LV3003061516	leiden4	0.808626033633331	ST13	48.537	4	IG-B	MII	-2.73645878520992
LV3003061516	leiden5	0.00358081113059599	ST13	48.537	4	IG-B	MII	-0.560237871936822
LV3003061516	leiden2	0.165724484770968	ST13	48.537	4	IG-B	MII	-2.22021284612238
LV3003061516	leiden6	0.00397075633772374	ST13	48.537	4	IG-B	MII	-2.17434160928343
LV3003061516	leiden3	0.00918488082160341	ST13	48.537	4	IG-B	MII	-2.50285416589568
LV3003061516	leiden1	0.00835374046583969	ST13	48.537	4	IG-B	MII	-1.96524203197117
LV3003061517	leiden1	0.0337603219115831	ST13	30.678	5	G-A	MII	-2.17923398071748
LV3003061517	leiden3	0.0476478082202422	ST13	30.678	5	G-A	MII	-3.60883930058507
LV3003061517	leiden4	0.732711040852631	ST13	30.678	5	G-A	MII	-2.45782025950711
LV3003061517	leiden2	0.165823500167015	ST13	30.678	5	G-A	MII	-2.42616525035806
LV3003061517	leiden5	0.00486479558148387	ST13	30.678	5	G-A	MII	-1.70781924292055
LV3003061517	leiden6	0.0137641671392283	ST13	30.678	5	G-A	MII	-0.749458616681919
LV3003061517	grey	0.00142836612781692	ST13	30.678	5	G-A	MII	-2.13416644136908
LV3003061518	leiden1	0.047746312109308	ST13	9.804	3	IG-A	MII	-2.38682383501116
LV3003061518	leiden3	0.0306478582919076	ST13	9.804	3	IG-A	MII	-3.5148044418801
LV3003061518	leiden4	0.707236297775592	ST13	9.804	3	IG-A	MII	-3.02552033287551
LV3003061518	leiden5	0.0162302703609422	ST13	9.804	3	IG-A	MII	-1.83190874256586
LV3003061518	leiden2	0.193779454200489	ST13	9.804	3	IG-A	MII	-2.79520944090286
LV3003061518	leiden6	0.00239827179355822	ST13	9.804	3	IG-A	MII	-0.154742825835463
LV3003061518	grey	0.00196153546820325	ST13	9.804	3	IG-A	MII	-1.90305244894064
LV3003061527	leiden4	0.751007032156756	ST13	133.7754	2	IG-E	MII	-14.3267270144361
LV3003061527	leiden2	0.120843858810678	ST13	133.7754	2	IG-E	MII	-1.78866386013617
LV3003061527	leiden3	0.0966750870485424	ST13	133.7754	2	IG-E	MII	-1.75722403659512
LV3003061527	leiden5	0.0215061104663071	ST13	133.7754	2	IG-E	MII	-14.6988844748253
LV3003061527	leiden1	0.00996791151771694	ST13	133.7754	2	IG-E	MII	-15.3195879547405
LV3003061528	leiden3	0.10866876076484	ST13	95.118	1	IG-D	MII	-3.2352433847095
LV3003061528	leiden4	0.767080540902218	ST13	95.118	1	IG-D	MII	-2.99135160402086
LV3003061528	leiden2	0.097614319779992	ST13	95.118	1	IG-D	MII	-2.72364214275189
LV3003061528	leiden1	0.0231169573808118	ST13	95.118	1	IG-D	MII	-2.41461705672169
LV3003061528	leiden5	0.000782093593808491	ST13	95.118	1	IG-D	MII	-2.29253475714054
LV3003061528	grey	0.00257422765801287	ST13	95.118	1	IG-D	MII	-14.530366944091
LV3003061528	leiden6	0.000163099920316846	ST13	95.118	1	IG-D	MII	-14.9141228466324
LV3003061529	leiden1	0.0383865123340846	ST13	66.015	1	IG-D	MII	-1.92247724689816
LV3003061529	leiden2	0.171563908715252	ST13	66.015	1	IG-D	MII	-2.46994253056772
LV3003061529	leiden3	0.0545211933383421	ST13	66.015	1	IG-D	MII	-3.44380122723296
LV3003061529	leiden4	0.721561560856499	ST13	66.015	1	IG-D	MII	-2.96608860044697
LV3003061529	leiden5	0.0112765699348861	ST13	66.015	1	IG-D	MII	-2.45727656583367
LV3003061529	grey	0.00154371712997746	ST13	66.015	1	IG-D	MII	-3.11351530921037
LV3003061529	leiden6	0.00114653769095918	ST13	66.015	1	IG-D	MII	-2.33681826463629
LV3003061530	leiden4	0.896450720351112	ST13	47.046	4	IG-B	MII	-1.65141553255197
LV3003061530	leiden1	0.0026476481251789	ST13	47.046	4	IG-B	MII	-1.52323592440003
LV3003061530	leiden2	0.0893124065769806	ST13	47.046	4	IG-B	MII	-1.94570601534703
LV3003061530	leiden6	0.00143911204401616	ST13	47.046	4	IG-B	MII	-2.74482592526243
LV3003061530	leiden3	0.00937887606144452	ST13	47.046	4	IG-B	MII	-2.17417343608421
LV3003061530	grey	0.000771236841268327	ST13	47.046	4	IG-B	MII	-1.53744653795089
LV3003061531	leiden1	0.0415615616837411	ST13	28.445	5	G-A	MII	-1.76698933863236
LV3003061531	leiden2	0.15277822984222	ST13	28.445	5	G-A	MII	-2.61160967312465
LV3003061531	leiden3	0.029843034184209	ST13	28.445	5	G-A	MII	-2.83719969851989
LV3003061531	leiden4	0.736449594362576	ST13	28.445	5	G-A	MII	-2.49691345988882
LV3003061531	leiden5	0.0147557224577478	ST13	28.445	5	G-A	MII	-2.19685232448633
LV3003061531	leiden6	0.0231064828753468	ST13	28.445	5	G-A	MII	-0.828297509274618
LV3003061531	grey	0.00150537459415915	ST13	28.445	5	G-A	MII	-0.700103730353305
LV3003061533	leiden1	0.0249640566246406	ST13	7.912	3	IG-A	MII	-0.923637713339815
LV3003061533	leiden2	0.074567297058173	ST13	7.912	3	IG-A	MII	-2.35690025923193
LV3003061533	leiden4	0.71077195310772	ST13	7.912	3	IG-A	MII	-1.46040497446859
LV3003061533	leiden5	0.179983687237337	ST13	7.912	3	IG-A	MII	-1.17608232144221
LV3003061533	leiden3	0.00786330457863305	ST13	7.912	3	IG-A	MII	-1.07009711836009
LV3003061533	grey	0.00184970139349701	ST13	7.912	3	IG-A	MII	-1.40534255609059
LV3003061539	leiden4	0.723693891260383	ST13	130.0556	4	IG-B	MII	-3.3540210745809
LV3003061539	leiden2	0.240521626011637	ST13	130.0556	4	IG-B	MII	-2.21264226786471
LV3003061539	leiden1	0.0169112603118525	ST13	130.0556	4	IG-B	MII	-3.78270462055379
LV3003061539	leiden3	0.0126212453483371	ST13	130.0556	4	IG-B	MII	-0.412254318313534
LV3003061539	leiden5	0.000575793226254749	ST13	130.0556	4	IG-B	MII	-14.2209756660724
LV3003061539	leiden6	0.00567618384153602	ST13	130.0556	4	IG-B	MII	-2.94377672748661
LV3003061541	leiden3	0.0771852254109109	ST13	91.09	1	IG-D	MII	-0.716426193125288
LV3003061541	leiden4	0.77743083089322	ST13	91.09	1	IG-D	MII	-2.52122483958378
LV3003061541	leiden5	0.0157915685736061	ST13	91.09	1	IG-D	MII	-12.5295229319862
LV3003061541	leiden6	0.00353597842621191	ST13	91.09	1	IG-D	MII	-3.05657718394935
LV3003061541	leiden2	0.117770297164121	ST13	91.09	1	IG-D	MII	-2.74865878145226
LV3003061541	grey	0.00243291360302625	ST13	91.09	1	IG-D	MII	-0.874674771452723
LV3003061541	leiden1	0.005853185928904	ST13	91.09	1	IG-D	MII	-2.10530186714556
LV3003061543	leiden1	0.028216949678402	ST13	62.293	1	IG-D	MII	-2.12731507731127
LV3003061543	leiden2	0.169124240369394	ST13	62.293	1	IG-D	MII	-2.63142122231624
LV3003061543	leiden3	0.0611206630101762	ST13	62.293	1	IG-D	MII	-4.06860796921079
LV3003061543	leiden4	0.731344318474287	ST13	62.293	1	IG-D	MII	-3.26149637028363
LV3003061543	leiden5	0.00282051975127717	ST13	62.293	1	IG-D	MII	-1.86518693778287
LV3003061543	leiden6	0.00405567235902396	ST13	62.293	1	IG-D	MII	-1.77394541671212
LV3003061543	grey	0.00331763635743977	ST13	62.293	1	IG-D	MII	-1.68137090197941
LV3003061544	leiden1	0.0184120965878915	ST13	45.122	4	IG-B	MII	-1.62496518387139
LV3003061544	leiden4	0.692357705763694	ST13	45.122	4	IG-B	MII	-2.98970145366434
LV3003061544	leiden5	0.0038057858423814	ST13	45.122	4	IG-B	MII	0.396199654662374
LV3003061544	leiden2	0.249698133069135	ST13	45.122	4	IG-B	MII	-2.01112929000803
LV3003061544	leiden6	0.00806883756820287	ST13	45.122	4	IG-B	MII	-0.0399562133265331
LV3003061544	leiden3	0.0269858319023928	ST13	45.122	4	IG-B	MII	-2.93178269828047
LV3003061544	grey	0.000671609266302601	ST13	45.122	4	IG-B	MII	-13.4466030455899
LV3003061545	leiden1	0.0393530826835193	ST13	23.172	5	G-A	MII	-1.91460812193489
LV3003061545	leiden4	0.703304155140226	ST13	23.172	5	G-A	MII	-2.79483619440048
LV3003061545	leiden3	0.0206398433419142	ST13	23.172	5	G-A	MII	-3.04585412250122
LV3003061545	leiden2	0.193621945249311	ST13	23.172	5	G-A	MII	-2.14989178698112
LV3003061545	leiden6	0.0291157297554326	ST13	23.172	5	G-A	MII	-0.846357688987699
LV3003061545	grey	0.00253913524174488	ST13	23.172	5	G-A	MII	-1.78149727959747
LV3003061545	leiden5	0.011426108587852	ST13	23.172	5	G-A	MII	-2.53094147840929
LV3003061546	leiden1	0.0229324335957736	ST13	7.197	3	IG-A	MII	-1.83744245459729
LV3003061546	leiden4	0.749082868789447	ST13	7.197	3	IG-A	MII	-1.28168863583343
LV3003061546	leiden5	0.175275139363166	ST13	7.197	3	IG-A	MII	-1.84372250800417
LV3003061546	leiden2	0.0444859609828445	ST13	7.197	3	IG-A	MII	-2.29676370087121
LV3003061546	leiden3	0.00684922196765234	ST13	7.197	3	IG-A	MII	-1.7771708117433
LV3003061546	grey	0.00137437530111657	ST13	7.197	3	IG-A	MII	-1.02052385169667
LV3003061555	leiden4	0.815807028310697	ST13	126.443	2	IG-E	MII	-4.08747692744661
LV3003061555	leiden5	0.00410918696800704	ST13	126.443	2	IG-E	MII	-1.38629436111989
LV3003061555	leiden2	0.150785815300051	ST13	126.443	2	IG-E	MII	-1.99749386109412
LV3003061555	leiden3	0.0212930597433092	ST13	126.443	2	IG-E	MII	0.198615196280055
LV3003061555	leiden1	0.00528324038743763	ST13	126.443	2	IG-E	MII	-14.2209756660724
LV3003061556	leiden2	0.0976708757772741	ST13	86.6174	1	IG-D	MII	-2.60371532113759
LV3003061556	leiden3	0.0589109445177787	ST13	86.6174	1	IG-D	MII	-2.35013022920055
LV3003061556	leiden4	0.82655268029854	ST13	86.6174	1	IG-D	MII	-2.74021946443373
LV3003061556	leiden1	0.0101139033481939	ST13	86.6174	1	IG-D	MII	-2.90047481643713
LV3003061556	leiden5	0.00364249956414535	ST13	86.6174	1	IG-D	MII	-1.53768403833038
LV3003061556	grey	0.00139681037417084	ST13	86.6174	1	IG-D	MII	-14.7471362998749
LV3003061556	leiden6	0.00171228611989739	ST13	86.6174	1	IG-D	MII	-1.3321568731876
LV3003061557	leiden3	0.084393175344369	ST13	58.082	1	IG-D	MII	-4.84465638879631
LV3003061557	leiden4	0.7815934837983	ST13	58.082	1	IG-D	MII	-3.39165103305261
LV3003061557	leiden2	0.118143251221338	ST13	58.082	1	IG-D	MII	-2.5892516171875
LV3003061557	leiden6	0.00212230692964687	ST13	58.082	1	IG-D	MII	-1.41080539213424
LV3003061557	grey	0.00178957236864292	ST13	58.082	1	IG-D	MII	-14.2384107278945
LV3003061557	leiden1	0.00942448161978782	ST13	58.082	1	IG-D	MII	-2.08413318857551
LV3003061557	leiden5	0.00253372871791528	ST13	58.082	1	IG-D	MII	1.28156495939907
LV3003061558	leiden1	0.0182624504657968	ST13	42.626	5	G-A	MII	-2.3028295618866
LV3003061558	leiden2	0.188660109424197	ST13	42.626	5	G-A	MII	-2.17160979628996
LV3003061558	leiden3	0.0183907220320953	ST13	42.626	5	G-A	MII	-3.24413165910117
LV3003061558	leiden4	0.759456607439409	ST13	42.626	5	G-A	MII	-2.7327554793516
LV3003061558	leiden5	0.0024337391845691	ST13	42.626	5	G-A	MII	-0.929146739975689
LV3003061558	leiden6	0.0122268456995675	ST13	42.626	5	G-A	MII	-0.699373592273956
LV3003061558	grey	0.000569525754365082	ST13	42.626	5	G-A	MII	-13.0378059893763
LV3003061559	leiden3	0.0517676561826096	ST13	21.069	5	G-A	MII	-3.6621587934329
LV3003061559	leiden4	0.698998231825074	ST13	21.069	5	G-A	MII	-2.70857070718018
LV3003061559	leiden1	0.0312921016085501	ST13	21.069	5	G-A	MII	-2.39820665377551
LV3003061559	leiden2	0.189649729438112	ST13	21.069	5	G-A	MII	-2.26597095369284
LV3003061559	leiden5	0.00978202390074506	ST13	21.069	5	G-A	MII	-2.31062866605149
LV3003061559	leiden6	0.0181293509627142	ST13	21.069	5	G-A	MII	-0.707434275957825
LV3003061559	grey	0.000380906082195679	ST13	21.069	5	G-A	MII	-1.1739617259099
LV3003061568	leiden3	0.0592579410979625	ST13	121.6354	2	IG-E	MII	0.209369883076785
LV3003061568	leiden4	0.809991992170122	ST13	121.6354	2	IG-E	MII	-4.22550808841911
LV3003061568	leiden2	0.101076608239167	ST13	121.6354	2	IG-E	MII	-1.90878291502642
LV3003061568	leiden5	0.023623098140404	ST13	121.6354	2	IG-E	MII	-14.7920935200946
LV3003061568	leiden1	0.00605036035234452	ST13	121.6354	2	IG-E	MII	0
LV3003061569	leiden2	0.10726323083995	ST13	81.6946	1	IG-D	MII	-2.88437895576231
LV3003061569	leiden3	0.100107071585201	ST13	81.6946	1	IG-D	MII	-2.67700973173089
LV3003061569	leiden4	0.778983972591896	ST13	81.6946	1	IG-D	MII	-3.10249813810012
LV3003061569	leiden1	0.00801439842017334	ST13	81.6946	1	IG-D	MII	-2.93984755801978
LV3003061569	leiden5	0.0024247339528024	ST13	81.6946	1	IG-D	MII	-2.68947381552927
LV3003061569	grey	0.00320659260997752	ST13	81.6946	1	IG-D	MII	-1.19031057815603
LV3003061570	leiden3	0.0449769338495758	ST13	55.466	4	IG-B	MII	-3.61373092867041
LV3003061570	leiden4	0.771420627728808	ST13	55.466	4	IG-B	MII	-3.05245377452001
LV3003061570	leiden1	0.0167971002553752	ST13	55.466	4	IG-B	MII	-1.59628861774563
LV3003061570	leiden2	0.158853694703023	ST13	55.466	4	IG-B	MII	-2.29292519738653
LV3003061570	leiden6	0.00420545349699316	ST13	55.466	4	IG-B	MII	-2.18840955144096
LV3003061570	grey	0.00178144822473021	ST13	55.466	4	IG-B	MII	-1.87862814197199
LV3003061570	leiden5	0.00196474174149436	ST13	55.466	4	IG-B	MII	-0.291071906206292
LV3003061571	leiden4	0.83776525157034	ST13	40.457	5	G-A	MII	-2.19040335283556
LV3003061571	leiden1	0.0177871794547729	ST13	40.457	5	G-A	MII	-1.40498464560583
LV3003061571	leiden2	0.112113418348647	ST13	40.457	5	G-A	MII	-2.26458670209054
LV3003061571	leiden5	0.0136812304892383	ST13	40.457	5	G-A	MII	-1.65992686332363
LV3003061571	leiden6	0.00806655460485573	ST13	40.457	5	G-A	MII	-0.525225739420868
LV3003061571	leiden3	0.0103730899991153	ST13	40.457	5	G-A	MII	-1.69917993282126
LV3003061571	grey	0.000213275533030851	ST13	40.457	5	G-A	MII	-14.9141228466324
LV3003061572	leiden1	0.0764412113724149	ST13	19.099	3	IG-A	MII	-1.66770903129511
LV3003061572	leiden2	0.209278552513869	ST13	19.099	3	IG-A	MII	-2.50843675740539
LV3003061572	leiden3	0.0300909984403719	ST13	19.099	3	IG-A	MII	-2.94963209519502
LV3003061572	leiden4	0.67309638963701	ST13	19.099	3	IG-A	MII	-2.80054244045717
LV3003061572	leiden5	0.00809861430014514	ST13	19.099	3	IG-A	MII	-1.83517425340844
LV3003061572	leiden6	0.00096655966220841	ST13	19.099	3	IG-A	MII	-0.699049224054977
LV3003061572	grey	0.00202767407398069	ST13	19.099	3	IG-A	MII	-1.38737602699063
LV7001898064	leiden1	0.0258800702692782	ST13	6.808	3	IG-A	MII	-2.21308415891672
LV7001898064	leiden2	0.0987765804032618	ST13	6.808	3	IG-A	MII	-2.65666606249339
LV7001898064	leiden4	0.712124596869346	ST13	6.808	3	IG-A	MII	-1.92323095552381
LV7001898064	leiden5	0.14398489734917	ST13	6.808	3	IG-A	MII	-2.99285870139586
LV7001898064	leiden3	0.0184462099163586	ST13	6.808	3	IG-A	MII	-2.66928238779907
LV7001898064	grey	0.000594666876425706	ST13	6.808	3	IG-A	MII	-1.80653078654837
LV7001898064	leiden6	0.000192978316159312	ST13	6.808	3	IG-A	MII	0
LV7001898076	leiden1	0.0546531025472443	ST13	6.429	3	IG-A	MII	-2.15157929692677
LV7001898076	leiden3	0.0324887308398926	ST13	6.429	3	IG-A	MII	-2.86126047258102
LV7001898076	leiden4	0.711449500472401	ST13	6.429	3	IG-A	MII	-2.03974937357719
LV7001898076	leiden2	0.159503193562508	ST13	6.429	3	IG-A	MII	-2.90657767673999
LV7001898076	leiden5	0.0390182520674916	ST13	6.429	3	IG-A	MII	-1.44241099572517
LV7001898076	leiden6	0.000315215352086252	ST13	6.429	3	IG-A	MII	-1.52354176500212
LV7001898076	grey	0.0025720051583767	ST13	6.429	3	IG-A	MII	-1.48962941554408
LV7001898088	leiden1	0.0147446901181112	ST13	6.031	1	IG-D	MII	-1.79754790010175
LV7001898088	leiden3	0.0369838116244819	ST13	6.031	1	IG-D	MII	-3.77283903868824
LV7001898088	leiden4	0.870660306531793	ST13	6.031	1	IG-D	MII	-2.56684374232673
LV7001898088	leiden2	0.0712774538963978	ST13	6.031	1	IG-D	MII	-2.35227111324531
LV7001898088	leiden6	0.00104074228488156	ST13	6.031	1	IG-D	MII	-1.62077624067473
LV7001898088	leiden5	0.00384775737700336	ST13	6.031	1	IG-D	MII	-4.9382754160614
LV7001898088	grey	0.00144523816733086	ST13	6.031	1	IG-D	MII	-3.60254966297371
LV7001898100	leiden1	0.00299710680747964	ST13	5.659	1	IG-D	MII	-3.21009290685813
LV7001898100	leiden3	0.0539464033199096	ST13	5.659	1	IG-D	MII	-4.39505075714075
LV7001898100	leiden4	0.910214409812426	ST13	5.659	1	IG-D	MII	-2.4977318378865
LV7001898100	leiden2	0.018854366253501	ST13	5.659	1	IG-D	MII	-3.22217045813239
LV7001898100	grey	0.000982628083474165	ST13	5.659	1	IG-D	MII	-14.6632721327117
LV7001898100	leiden5	0.0126596162949756	ST13	5.659	1	IG-D	MII	-3.02337128707874
LV7001898100	leiden6	0.000345469428234423	ST13	5.659	1	IG-D	MII	-14.2209756660724
LV7008886221	leiden2	0.110206454701946	GeoB25202_R1	50.3555	4	IG-B	MII	-1.76653509818603
LV7008886221	leiden3	0.0557758296378208	GeoB25202_R1	50.3555	4	IG-B	MII	-4.87860803098211
LV7008886221	leiden4	0.814719730047082	GeoB25202_R1	50.3555	4	IG-B	MII	-2.70452528718595
LV7008886221	leiden5	0.00447109520172369	GeoB25202_R1	50.3555	4	IG-B	MII	-14.1414002977595
LV7008886221	leiden6	0.0033219712947024	GeoB25202_R1	50.3555	4	IG-B	MII	-1.71910731331631
LV7008886221	leiden1	0.00839042852745699	GeoB25202_R1	50.3555	4	IG-B	MII	-1.43677280747991
LV7008886221	grey	0.003114490589268	GeoB25202_R1	50.3555	4	IG-B	MII	-1.45444061198339
LV7008886222	leiden4	0.630950697253416	GeoB25202_R1	136.2775	4	IG-B	MII	-3.22350947505635
LV7008886222	grey	0.00941221395638277	GeoB25202_R1	136.2775	4	IG-B	MII	-2.10448757360592
LV7008886222	leiden3	0.113738579469918	GeoB25202_R1	136.2775	4	IG-B	MII	-2.23321044982737
LV7008886222	leiden2	0.176572709529601	GeoB25202_R1	136.2775	4	IG-B	MII	-2.15945965727448
LV7008886222	leiden5	0.0584815998642265	GeoB25202_R1	136.2775	4	IG-B	MII	-2.2987499972101
LV7008886222	leiden1	0.00960668118688654	GeoB25202_R1	136.2775	4	IG-B	MII	-1.4799038602422
LV7008886222	leiden6	0.00123751873956949	GeoB25202_R1	136.2775	4	IG-B	MII	-1.47290883395666
LV7008886226	leiden3	0.0628068311432634	GeoB25202_R2	36.607	4	IG-B	MII	-5.60116790485224
LV7008886226	leiden4	0.736196309432665	GeoB25202_R2	36.607	4	IG-B	MII	-1.67182435885375
LV7008886226	leiden2	0.0881533101045296	GeoB25202_R2	36.607	4	IG-B	MII	-3.19035546856873
LV7008886226	leiden6	0.000842174341025921	GeoB25202_R2	36.607	4	IG-B	MII	-1.07733489022082
LV7008886226	grey	0.0184903360884986	GeoB25202_R2	36.607	4	IG-B	MII	-1.70462111617324
LV7008886226	leiden5	0.0848033624474618	GeoB25202_R2	36.607	4	IG-B	MII	-1.09322937177307
LV7008886226	leiden1	0.00870767644255558	GeoB25202_R2	36.607	4	IG-B	MII	-3.6038230635795
LV7008886228	leiden3	0.249532934131737	GeoB25202_R2	120.0235	2	IG-E	MII	-2.3006504822146
LV7008886228	leiden4	0.534634730538922	GeoB25202_R2	120.0235	2	IG-E	MII	-3.62329690991303
LV7008886228	leiden5	0.0959041916167665	GeoB25202_R2	120.0235	2	IG-E	MII	-2.45881153900515
LV7008886228	leiden2	0.117101796407186	GeoB25202_R2	120.0235	2	IG-E	MII	-2.27659322733457
LV7008886228	leiden6	0.00282634730538922	GeoB25202_R2	120.0235	2	IG-E	MII	-1.6094379124341
LV7008886229	leiden2	0.0919931401011246	GeoB25202_R2	68.149	1	IG-D	MII	-1.43695750633982
LV7008886229	leiden3	0.115288659376049	GeoB25202_R2	68.149	1	IG-D	MII	-2.56783160171102
LV7008886229	leiden4	0.6957238791306	GeoB25202_R2	68.149	1	IG-D	MII	-2.51386385984624
LV7008886229	leiden1	0.0156328012043817	GeoB25202_R2	68.149	1	IG-D	MII	-1.91270702947224
LV7008886229	leiden5	0.0208862970996819	GeoB25202_R2	68.149	1	IG-D	MII	-2.54893886640072
LV7008886229	leiden6	0.00137702606715697	GeoB25202_R2	68.149	1	IG-D	MII	-1.50633159119365
LV7008886229	grey	0.0590981970210056	GeoB25202_R2	68.149	1	IG-D	MII	-1.62031840401011
LV7008886690	leiden4	0.68531045833733	GeoB25202_R1	2.324	3	IG-A	MII	-1.59918414984538
LV7008886690	leiden5	0.180550163142693	GeoB25202_R1	2.324	3	IG-A	MII	-2.09408938977958
LV7008886690	leiden2	0.0150474963724921	GeoB25202_R1	2.324	3	IG-A	MII	-3.10586503774416
LV7008886690	grey	0.00113126477838325	GeoB25202_R1	2.324	3	IG-A	MII	-13.3971770027214
LV7008886690	leiden3	0.111282653280287	GeoB25202_R1	2.324	3	IG-A	MII	3.34994243377357
LV7008886690	leiden1	0.00667796408881418	GeoB25202_R1	2.324	3	IG-A	MII	-15.2148858836579
LV7008886692	leiden4	0.711993668927343	GeoB25202_R1	53.875	4	IG-B	MII	-2.90152874517599
LV7008886692	leiden6	0.0042221888180524	GeoB25202_R1	53.875	4	IG-B	MII	-1.7207236961113
LV7008886692	leiden2	0.0991529095523154	GeoB25202_R1	53.875	4	IG-B	MII	-2.53012478937671
LV7008886692	leiden3	0.0134491082560371	GeoB25202_R1	53.875	4	IG-B	MII	-15.3441576196878
LV7008886692	grey	0.145716357334229	GeoB25202_R1	53.875	4	IG-B	MII	-0.967900181812869
LV7008886692	leiden1	0.00529652586809086	GeoB25202_R1	53.875	4	IG-B	MII	-1.62853808380752
LV7008886692	leiden5	0.020169241243932	GeoB25202_R1	53.875	4	IG-B	MII	-3.55541740721254
LV7008886695	leiden3	0.126989853740972	GeoB25202_R1	95.3875	1	IG-D	MII	-1.54848715048323
LV7008886695	leiden4	0.685113231714269	GeoB25202_R1	95.3875	1	IG-D	MII	-2.55585406850226
LV7008886695	leiden1	0.00444611350666246	GeoB25202_R1	95.3875	1	IG-D	MII	-1.377752062193
LV7008886695	grey	0.0986836016872431	GeoB25202_R1	95.3875	1	IG-D	MII	-1.59663030069789
LV7008886695	leiden2	0.0642882530059885	GeoB25202_R1	95.3875	1	IG-D	MII	-2.49689832887337
LV7008886695	leiden6	0.000342008731281728	GeoB25202_R1	95.3875	1	IG-D	MII	-1.45636192373661
LV7008886695	leiden5	0.0201369376135838	GeoB25202_R1	95.3875	1	IG-D	MII	-2.6676984013048
LV7008886702	leiden1	0.0148910780970623	GeoB25202_R2	2.324	3	IG-A	MII	-1.58610994556155
LV7008886702	leiden4	0.801589707546332	GeoB25202_R2	2.324	3	IG-A	MII	-1.75761569931626
LV7008886702	leiden5	0.0993272754656358	GeoB25202_R2	2.324	3	IG-A	MII	-2.53829636702244
LV7008886702	leiden3	0.0100570773169799	GeoB25202_R2	2.324	3	IG-A	MII	-1.98410186871546
LV7008886702	leiden2	0.0726799306421778	GeoB25202_R2	2.324	3	IG-A	MII	-3.05346650868688
LV7008886702	grey	0.000904625270808312	GeoB25202_R2	2.324	3	IG-A	MII	-13.5665565069166
LV7008886702	leiden6	0.000550305661003989	GeoB25202_R2	2.324	3	IG-A	MII	-1.27897771796952
LV7008886703	leiden1	0.0377694879124073	GeoB25202_R1	27.6855	5	G-A	MII	-1.89928939703738
LV7008886703	leiden3	0.0850992361481194	GeoB25202_R1	27.6855	5	G-A	MII	-4.67113684440122
LV7008886703	leiden4	0.637023400029068	GeoB25202_R1	27.6855	5	G-A	MII	-2.3044461854788
LV7008886703	leiden5	0.00881901716648095	GeoB25202_R1	27.6855	5	G-A	MII	-1.76108546204324
LV7008886703	leiden2	0.19682831904139	GeoB25202_R1	27.6855	5	G-A	MII	-2.61443303179095
LV7008886703	leiden6	0.0329247613972191	GeoB25202_R1	27.6855	5	G-A	MII	-0.79733064508638
LV7008886703	grey	0.00153577830531467	GeoB25202_R1	27.6855	5	G-A	MII	-1.67006253425054
LV7008886704	leiden3	0.0170773935333004	GeoB25202_R2	53.875	4	IG-B	MII	-3.22873614266942
LV7008886704	leiden4	0.69288423198573	GeoB25202_R2	53.875	4	IG-B	MII	-2.81502470112907
LV7008886704	leiden2	0.126770697486172	GeoB25202_R2	53.875	4	IG-B	MII	-2.44650055136524
LV7008886704	leiden6	0.00445203939380312	GeoB25202_R2	53.875	4	IG-B	MII	-2.3034321917317
LV7008886704	leiden5	0.0178268951147487	GeoB25202_R2	53.875	4	IG-B	MII	-2.57350956862798
LV7008886704	grey	0.134314430903449	GeoB25202_R2	53.875	4	IG-B	MII	-1.09861228866811
LV7008886704	leiden1	0.00667431158279744	GeoB25202_R2	53.875	4	IG-B	MII	-2.86979960382096
LV7008886705	leiden4	0.816301629679742	GeoB25202_R1	59.738	4	IG-B	MII	-2.28870615075806
LV7008886705	leiden6	0.0385976780989889	GeoB25202_R1	59.738	4	IG-B	MII	-2.14304768031436
LV7008886705	leiden2	0.0809041158775989	GeoB25202_R1	59.738	4	IG-B	MII	-2.44755383082783
LV7008886705	leiden5	0.0216847675078826	GeoB25202_R1	59.738	4	IG-B	MII	-15.2403960147428
LV7008886705	leiden3	0.0199693151479276	GeoB25202_R1	59.738	4	IG-B	MII	-2.01226040396446
LV7008886705	leiden1	0.0225424936878602	GeoB25202_R1	59.738	4	IG-B	MII	-2.1097623098302
LV7008886706	leiden3	0.123960709528343	GeoB25202_R1	79.0255	1	IG-D	MII	-2.79020421979989
LV7008886706	leiden4	0.689713768697383	GeoB25202_R1	79.0255	1	IG-D	MII	-3.09820952624677
LV7008886706	leiden2	0.0821085006945832	GeoB25202_R1	79.0255	1	IG-D	MII	-3.14212706760261
LV7008886706	leiden1	0.00881446308371328	GeoB25202_R1	79.0255	1	IG-D	MII	-2.48278008824291
LV7008886706	grey	0.0775462062759607	GeoB25202_R1	79.0255	1	IG-D	MII	-1.63611585663711
LV7008886706	leiden5	0.0163785778912827	GeoB25202_R1	79.0255	1	IG-D	MII	-3.02051962149072
LV7008886706	leiden6	0.00147777382873379	GeoB25202_R1	79.0255	1	IG-D	MII	-14.9141228466324
LV7008886707	leiden1	0.00770776242865706	GeoB25202_R2	95.3875	1	IG-D	MII	-0.903628349951485
LV7008886707	leiden3	0.129414825270211	GeoB25202_R2	95.3875	1	IG-D	MII	-1.5441709664916
LV7008886707	leiden4	0.687358390738732	GeoB25202_R2	95.3875	1	IG-D	MII	-2.86060070073309
LV7008886707	grey	0.0948977600908409	GeoB25202_R2	95.3875	1	IG-D	MII	-1.65668311236601
LV7008886707	leiden5	0.0222022228589207	GeoB25202_R2	95.3875	1	IG-D	MII	-1.988945781672
LV7008886707	leiden2	0.0575630111775738	GeoB25202_R2	95.3875	1	IG-D	MII	-2.4306433907252
LV7008886707	leiden6	0.000856027435064079	GeoB25202_R2	95.3875	1	IG-D	MII	-0.743862273138962
LV7008886708	leiden3	0.188450904849229	GeoB25202_R1	109.6305	1	IG-D	MII	-1.5835728921786
LV7008886708	leiden4	0.573545988324164	GeoB25202_R1	109.6305	1	IG-D	MII	-2.75475934019892
LV7008886708	grey	0.13078207162899	GeoB25202_R1	109.6305	1	IG-D	MII	-1.68197303847543
LV7008886708	leiden5	0.0541582313146438	GeoB25202_R1	109.6305	1	IG-D	MII	-1.51275243906752
LV7008886708	leiden2	0.0358294498000751	GeoB25202_R1	109.6305	1	IG-D	MII	-2.51747726909254
LV7008886708	leiden6	0.00230862265889773	GeoB25202_R1	109.6305	1	IG-D	MII	0.307546813478221
LV7008886708	leiden1	0.0149247314239996	GeoB25202_R1	109.6305	1	IG-D	MII	-0.969868853263842
LV7008886709	leiden4	0.700548074515017	GeoB25202_R1	147.206	4	IG-B	MII	-3.39446181379077
LV7008886709	leiden1	0.0219518773237781	GeoB25202_R1	147.206	4	IG-B	MII	-1.31746307967934
LV7008886709	leiden3	0.0526739101119266	GeoB25202_R1	147.206	4	IG-B	MII	-2.36319196999862
LV7008886709	grey	0.00869791365659134	GeoB25202_R1	147.206	4	IG-B	MII	-2.07996957126176
LV7008886709	leiden5	0.0208441696045002	GeoB25202_R1	147.206	4	IG-B	MII	-1.93064746515314
LV7008886709	leiden2	0.195284054788187	GeoB25202_R1	147.206	4	IG-B	MII	-2.32040757608281
LV7008886714	leiden1	0.0087878924372776	GeoB25202_R1	0.692	1	IG-D	MII	-1.76494126444168
LV7008886714	leiden3	0.0218363242779207	GeoB25202_R1	0.692	1	IG-D	MII	-3.15476273644743
LV7008886714	leiden4	0.89870355601364	GeoB25202_R1	0.692	1	IG-D	MII	-2.15077837817642
LV7008886714	leiden2	0.0225530381514346	GeoB25202_R1	0.692	1	IG-D	MII	-0.747312638766232
LV7008886714	leiden5	0.0477604347445929	GeoB25202_R1	0.692	1	IG-D	MII	-0.653866271911396
LV7008886714	leiden6	0.000358754375134135	GeoB25202_R1	0.692	1	IG-D	MII	-1.17729259831075
LV7008886715	leiden1	0.0308159042991686	GeoB25202_R2	27.6855	5	G-A	MII	-1.79682761969554
LV7008886715	leiden2	0.152949555715199	GeoB25202_R2	27.6855	5	G-A	MII	-2.35371531648557
LV7008886715	leiden3	0.0187485598173325	GeoB25202_R2	27.6855	5	G-A	MII	-2.44501699657218
LV7008886715	leiden4	0.745331343673486	GeoB25202_R2	27.6855	5	G-A	MII	-2.15767631571869
LV7008886715	leiden5	0.0190332076857389	GeoB25202_R2	27.6855	5	G-A	MII	-1.76802981458004
LV7008886715	leiden6	0.0318288071036278	GeoB25202_R2	27.6855	5	G-A	MII	-0.784483642771027
LV7008886715	grey	0.00129262170544737	GeoB25202_R2	27.6855	5	G-A	MII	-1.60466463368144
LV7008886717	leiden4	0.814435912228699	GeoB25202_R2	59.738	4	IG-B	MII	-2.5079729723089
LV7008886717	leiden1	0.0169445162830485	GeoB25202_R2	59.738	4	IG-B	MII	-1.75180845144444
LV7008886717	leiden2	0.11861161398134	GeoB25202_R2	59.738	4	IG-B	MII	-2.65411374764411
LV7008886717	leiden6	0.0034615155071916	GeoB25202_R2	59.738	4	IG-B	MII	-1.92072315407402
LV7008886717	leiden3	0.0380965643463903	GeoB25202_R2	59.738	4	IG-B	MII	-3.31510317103266
LV7008886717	leiden5	0.00844987765333121	GeoB25202_R2	59.738	4	IG-B	MII	-2.56167841142326
LV7008886718	leiden3	0.112458351484041	GeoB25202_R2	79.0255	1	IG-D	MII	-3.08129010149998
LV7008886718	leiden4	0.67503855799004	GeoB25202_R2	79.0255	1	IG-D	MII	-2.75208628027334
LV7008886718	leiden1	0.0149890507081719	GeoB25202_R2	79.0255	1	IG-D	MII	-2.14348910462082
LV7008886718	grey	0.0766362127223707	GeoB25202_R2	79.0255	1	IG-D	MII	-1.56877375712187
LV7008886718	leiden6	0.000523917727256673	GeoB25202_R2	79.0255	1	IG-D	MII	-15.1191253108759
LV7008886718	leiden2	0.106284658040665	GeoB25202_R2	79.0255	1	IG-D	MII	-2.9584586250638
LV7008886718	leiden5	0.0140692513274545	GeoB25202_R2	79.0255	1	IG-D	MII	-3.66277774224838
LV7008886719	leiden3	0.0939685717976636	GeoB25202_R1	87.2825	1	IG-D	MII	-3.67274752971437
LV7008886719	leiden4	0.713335301825161	GeoB25202_R1	87.2825	1	IG-D	MII	-2.64983231767124
LV7008886719	grey	0.111772657648513	GeoB25202_R1	87.2825	1	IG-D	MII	-1.82513040753032
LV7008886719	leiden2	0.0523718788639342	GeoB25202_R1	87.2825	1	IG-D	MII	-2.72046013623156
LV7008886719	leiden1	0.00254673630206507	GeoB25202_R1	87.2825	1	IG-D	MII	-2.26087347523408
LV7008886719	leiden5	0.025232066731873	GeoB25202_R1	87.2825	1	IG-D	MII	-2.35676991981544
LV7008886719	leiden6	0.000772786830789673	GeoB25202_R1	87.2825	1	IG-D	MII	-15.178780690087
LV7008886720	leiden3	0.184324854791895	GeoB25202_R2	109.6305	1	IG-D	MII	-2.02094891901107
LV7008886720	leiden4	0.456662943241655	GeoB25202_R2	109.6305	1	IG-D	MII	-2.79887013343942
LV7008886720	leiden1	0.015132932837217	GeoB25202_R2	109.6305	1	IG-D	MII	-1.11312633155236
LV7008886720	grey	0.132438325530916	GeoB25202_R2	109.6305	1	IG-D	MII	-1.68488794595799
LV7008886720	leiden5	0.162708567414962	GeoB25202_R2	109.6305	1	IG-D	MII	-2.07752834597576
LV7008886720	leiden2	0.0445640365282216	GeoB25202_R2	109.6305	1	IG-D	MII	-2.30713376715024
LV7008886720	leiden6	0.0041683396551328	GeoB25202_R2	109.6305	1	IG-D	MII	-0.471933695754583
LV7008886721	leiden4	0.690048806749357	GeoB25202_R2	147.206	4	IG-B	MII	-3.39149475827734
LV7008886721	leiden1	0.0160233479021598	GeoB25202_R2	147.206	4	IG-B	MII	-1.22241404928486
LV7008886721	leiden2	0.190941353979981	GeoB25202_R2	147.206	4	IG-B	MII	-2.7664271007292
LV7008886721	leiden3	0.0800246513044649	GeoB25202_R2	147.206	4	IG-B	MII	-2.79617806360172
LV7008886721	leiden5	0.0172665386876722	GeoB25202_R2	147.206	4	IG-B	MII	-2.59613228489822
LV7008886721	grey	0.0056953013763645	GeoB25202_R2	147.206	4	IG-B	MII	-2.87454671675177
LV7008886726	leiden3	0.0264245707245135	GeoB25202_R2	0.692	1	IG-D	MII	-4.76681621633392
LV7008886726	leiden4	0.920828619080983	GeoB25202_R2	0.692	1	IG-D	MII	-2.41480435150736
LV7008886726	grey	0.000319372544359361	GeoB25202_R2	0.692	1	IG-D	MII	-14.8445761119355
LV7008886726	leiden2	0.0176405878765522	GeoB25202_R2	0.692	1	IG-D	MII	-3.30417828820659
LV7008886726	leiden5	0.0256352171361938	GeoB25202_R2	0.692	1	IG-D	MII	-2.24596208895907
LV7008886726	leiden1	0.00868784098383249	GeoB25202_R2	0.692	1	IG-D	MII	-1.76588294253838
LV7008886726	leiden6	0.00046379165356579	GeoB25202_R2	0.692	1	IG-D	MII	-14.2209756660724
LV7008886727	leiden1	0.064262329313675	GeoB25202_R1	16.4375	3	IG-A	MII	-2.70613649257426
LV7008886727	leiden3	0.0359258513497053	GeoB25202_R1	16.4375	3	IG-A	MII	-2.94280660418617
LV7008886727	leiden4	0.674788845717543	GeoB25202_R1	16.4375	3	IG-A	MII	-2.60195579672226
LV7008886727	leiden2	0.200799788534983	GeoB25202_R1	16.4375	3	IG-A	MII	-2.85203534565775
LV7008886727	leiden5	0.0238221307420583	GeoB25202_R1	16.4375	3	IG-A	MII	-1.38587426772372
LV7008886727	grey	9.94349608350548e-05	GeoB25202_R1	16.4375	3	IG-A	MII	-14.2209756660724
LV7008886727	leiden6	0.000301619381199666	GeoB25202_R1	16.4375	3	IG-A	MII	-0.341170757402767
LV7008886728	leiden3	0.00715355635241251	GeoB25202_R2	50.3555	5	G-A	MII	-3.55778868975433
LV7008886728	leiden4	0.722176327296385	GeoB25202_R2	50.3555	5	G-A	MII	-2.59311712594435
LV7008886728	leiden2	0.147997518647966	GeoB25202_R2	50.3555	5	G-A	MII	-2.41093792043217
LV7008886728	leiden6	0.0106335012785015	GeoB25202_R2	50.3555	5	G-A	MII	-1.12037822552132
LV7008886728	leiden1	0.0107787511536774	GeoB25202_R2	50.3555	5	G-A	MII	-2.25432021456671
LV7008886728	grey	0.0959556987880713	GeoB25202_R2	50.3555	5	G-A	MII	-10.8459235645146
LV7008886728	leiden5	0.0053046464829861	GeoB25202_R2	50.3555	5	G-A	MII	-14.9141228466324
LV7008886730	leiden3	0.116081329133237	GeoB25202_R1	75.351	1	IG-D	MII	-2.88407807483953
LV7008886730	leiden4	0.678187511443071	GeoB25202_R1	75.351	1	IG-D	MII	-2.54390687132828
LV7008886730	leiden1	0.0144781255428123	GeoB25202_R1	75.351	1	IG-D	MII	-2.28187658823761
LV7008886730	leiden2	0.0945087342907174	GeoB25202_R1	75.351	1	IG-D	MII	-2.92629921488469
LV7008886730	grey	0.0790916901005113	GeoB25202_R1	75.351	1	IG-D	MII	-1.63760916719089
LV7008886730	leiden6	0.00194074484416298	GeoB25202_R1	75.351	1	IG-D	MII	-1.43079213137402
LV7008886730	leiden5	0.0157118646454878	GeoB25202_R1	75.351	1	IG-D	MII	-2.45738269095607
LV7008886731	leiden2	0.0581664665716993	GeoB25202_R2	87.2825	1	IG-D	MII	-1.65271261223736
LV7008886731	leiden3	0.126700548032123	GeoB25202_R2	87.2825	1	IG-D	MII	-1.74491168937345
LV7008886731	leiden4	0.676982443480947	GeoB25202_R2	87.2825	1	IG-D	MII	-2.4231502130858
LV7008886731	leiden1	0.00744602101308186	GeoB25202_R2	87.2825	1	IG-D	MII	-1.89829026003407
LV7008886731	grey	0.103757016283376	GeoB25202_R2	87.2825	1	IG-D	MII	-1.6546536983135
LV7008886731	leiden5	0.0263524035241597	GeoB25202_R2	87.2825	1	IG-D	MII	-2.50243106486208
LV7008886731	leiden6	0.00059510109461278	GeoB25202_R2	87.2825	1	IG-D	MII	-0.230806424059779
LV7008886739	leiden1	0.0635666615142616	GeoB25202_R2	16.4375	3	IG-A	MII	-2.44280077647232
LV7008886739	leiden2	0.22104897664142	GeoB25202_R2	16.4375	3	IG-A	MII	-2.76472135368219
LV7008886739	leiden3	0.0360687300533729	GeoB25202_R2	16.4375	3	IG-A	MII	-2.67560898821908
LV7008886739	leiden4	0.665776929651485	GeoB25202_R2	16.4375	3	IG-A	MII	-2.71051429624538
LV7008886739	leiden5	0.00969315154435766	GeoB25202_R2	16.4375	3	IG-A	MII	-1.59885580310356
LV7008886739	leiden6	0.00168835980760313	GeoB25202_R2	16.4375	3	IG-A	MII	-0.938433694044041
LV7008886739	grey	0.00215719078749966	GeoB25202_R2	16.4375	3	IG-A	MII	-1.51044840582906
LV7008886740	leiden3	0.108824478465076	GeoB25202_R1	43.105	4	IG-B	MII	-4.19805019708612
LV7008886740	leiden4	0.673580344292439	GeoB25202_R1	43.105	4	IG-B	MII	-2.75044677099597
LV7008886740	leiden2	0.190887159971522	GeoB25202_R1	43.105	4	IG-B	MII	-2.58950106938501
LV7008886740	leiden6	0.00688892189652788	GeoB25202_R1	43.105	4	IG-B	MII	-1.0257198824771
LV7008886740	leiden1	0.0126663969145825	GeoB25202_R1	43.105	4	IG-B	MII	-1.69476922182586
LV7008886740	grey	0.00361604376130014	GeoB25202_R1	43.105	4	IG-B	MII	-1.59940198590632
LV7008886740	leiden5	0.00353665469855205	GeoB25202_R1	43.105	4	IG-B	MII	-1.015920572823
LV7008886741	leiden4	0.739686468646865	GeoB25202_R1	58.997	2	IG-E	MII	-1.83370206899235
LV7008886741	leiden2	0.121809680968097	GeoB25202_R1	58.997	2	IG-E	MII	-1.52929875963995
LV7008886741	grey	0.0385038503850385	GeoB25202_R1	58.997	2	IG-E	MII	0
LV7008886741	leiden1	0.0635863586358636	GeoB25202_R1	58.997	2	IG-E	MII	-2.01481494973328
LV7008886741	leiden5	0.0110836083608361	GeoB25202_R1	58.997	2	IG-E	MII	-14.2209756660724
LV7008886741	leiden3	0.0253300330033003	GeoB25202_R1	58.997	2	IG-E	MII	-14.2972528364737
LV7008886742	leiden1	0.0181050867242334	GeoB25202_R2	75.351	1	IG-D	MII	-2.1097901757142
LV7008886742	leiden2	0.0991963604256147	GeoB25202_R2	75.351	1	IG-D	MII	-2.87445061940666
LV7008886742	leiden3	0.115022971820236	GeoB25202_R2	75.351	1	IG-D	MII	-2.9540833626308
LV7008886742	leiden4	0.687858607324045	GeoB25202_R2	75.351	1	IG-D	MII	-2.57349613236864
LV7008886742	grey	0.0578268807710151	GeoB25202_R2	75.351	1	IG-D	MII	-1.72513725755582
LV7008886742	leiden5	0.0194961164903249	GeoB25202_R2	75.351	1	IG-D	MII	-2.59604564043488
LV7008886742	leiden6	0.00249397644453091	GeoB25202_R2	75.351	1	IG-D	MII	-1.48275255253041
LV7008886743	leiden3	0.131823487077372	GeoB25202_R1	81.6705	1	IG-D	MII	-0.926487999197056
LV7008886743	leiden4	0.659454904110406	GeoB25202_R1	81.6705	1	IG-D	MII	-2.95531395354896
LV7008886743	grey	0.127050448777468	GeoB25202_R1	81.6705	1	IG-D	MII	-1.67419445024896
LV7008886743	leiden1	0.00762381000324417	GeoB25202_R1	81.6705	1	IG-D	MII	-1.42846724333437
LV7008886743	leiden5	0.0219559761795557	GeoB25202_R1	81.6705	1	IG-D	MII	-2.30659490010428
LV7008886743	leiden2	0.0520913738519538	GeoB25202_R1	81.6705	1	IG-D	MII	-2.85197573518128
LV7008886744	leiden3	0.188002819143326	GeoB25202_R1	105.5785	1	IG-D	MII	-1.57731336426375
LV7008886744	leiden4	0.555620547143939	GeoB25202_R1	105.5785	1	IG-D	MII	-2.6015964167353
LV7008886744	leiden5	0.0654012484777585	GeoB25202_R1	105.5785	1	IG-D	MII	-1.91927060790954
LV7008886744	leiden1	0.00420234545053554	GeoB25202_R1	105.5785	1	IG-D	MII	-1.29366323783857
LV7008886744	grey	0.148810494117196	GeoB25202_R1	105.5785	1	IG-D	MII	-1.64458733216958
LV7008886744	leiden2	0.0376005638286651	GeoB25202_R1	105.5785	1	IG-D	MII	-3.4339371130683
LV7008886744	leiden6	0.000361981838580072	GeoB25202_R1	105.5785	1	IG-D	MII	-14.2209756660724
LV7008886745	leiden1	0.00938108836638288	GeoB25202_R2	136.2775	4	IG-B	MII	-1.62346776064454
LV7008886745	leiden4	0.693766847260402	GeoB25202_R2	136.2775	4	IG-B	MII	-3.7039416948142
LV7008886745	leiden5	0.010822279751261	GeoB25202_R2	136.2775	4	IG-B	MII	-1.57850620052824
LV7008886745	leiden2	0.158624462889322	GeoB25202_R2	136.2775	4	IG-B	MII	-2.0883834790555
LV7008886745	leiden3	0.120272758813953	GeoB25202_R2	136.2775	4	IG-B	MII	-2.46715213288613
LV7008886745	grey	0.00637860631455336	GeoB25202_R2	136.2775	4	IG-B	MII	-3.11953102686061
LV7008886745	leiden6	0.000753956604126078	GeoB25202_R2	136.2775	4	IG-B	MII	-14.9141228466324
LV7008886751	leiden2	0.0822610955905648	GeoB25202_R1	7.1335	3	IG-A	MII	-2.42835604632993
LV7008886751	leiden3	0.0150143285043634	GeoB25202_R1	7.1335	3	IG-A	MII	-4.02826799493094
LV7008886751	leiden4	0.691910155237464	GeoB25202_R1	7.1335	3	IG-A	MII	-1.54849596224639
LV7008886751	leiden5	0.146825768267043	GeoB25202_R1	7.1335	3	IG-A	MII	-1.79362925773885
LV7008886751	leiden1	0.0592868868984188	GeoB25202_R1	7.1335	3	IG-A	MII	-1.96311284514075
LV7008886751	grey	0.00449475821548919	GeoB25202_R1	7.1335	3	IG-A	MII	-1.39142045750383
LV7008886752	leiden3	0.0739448278036757	GeoB25202_R2	43.105	5	G-A	MII	-6.26064866029452
LV7008886752	leiden4	0.689557855126999	GeoB25202_R2	43.105	5	G-A	MII	-2.74255244825698
LV7008886752	leiden5	0.0107921609022635	GeoB25202_R2	43.105	5	G-A	MII	-1.03562921589279
LV7008886752	leiden2	0.144329057111474	GeoB25202_R2	43.105	5	G-A	MII	-2.27569469451963
LV7008886752	leiden6	0.0126762561949158	GeoB25202_R2	43.105	5	G-A	MII	-0.638020382692075
LV7008886752	leiden1	0.00857434161774676	GeoB25202_R2	43.105	5	G-A	MII	-1.84835051586654
LV7008886752	grey	0.0601255012429248	GeoB25202_R2	43.105	5	G-A	MII	-10.6961436261524
LV7008886753	leiden4	0.821454260119009	GeoB25202_R2	58.997	4	IG-B	MII	-3.38970784744415
LV7008886753	grey	0.00704025807014102	GeoB25202_R2	58.997	4	IG-B	MII	-2.80336038090654
LV7008886753	leiden3	0.0357462019660411	GeoB25202_R2	58.997	4	IG-B	MII	-4.34586331190128
LV7008886753	leiden2	0.106769981908934	GeoB25202_R2	58.997	4	IG-B	MII	-2.72584688409092
LV7008886753	leiden5	0.0047461801695765	GeoB25202_R2	58.997	4	IG-B	MII	-14.6775426993206
LV7008886753	leiden1	0.0227010178948974	GeoB25202_R2	58.997	4	IG-B	MII	-1.89106167030192
LV7008886753	leiden6	0.00154209987140086	GeoB25202_R2	58.997	4	IG-B	MII	-14.9141228466324
LV7008886754	leiden3	0.138168627813508	GeoB25202_R1	71.8895	1	IG-D	MII	-3.94829295543151
LV7008886754	leiden4	0.627237710366565	GeoB25202_R1	71.8895	1	IG-D	MII	-2.98193680576563
LV7008886754	leiden1	0.0188278901053429	GeoB25202_R1	71.8895	1	IG-D	MII	-2.23057522347595
LV7008886754	grey	0.0598019924019317	GeoB25202_R1	71.8895	1	IG-D	MII	-1.65850677708334
LV7008886754	leiden5	0.048836298164754	GeoB25202_R1	71.8895	1	IG-D	MII	-1.87153878544884
LV7008886754	leiden6	0.00324876850543442	GeoB25202_R1	71.8895	1	IG-D	MII	-1.44444738991275
LV7008886754	leiden2	0.103878712642464	GeoB25202_R1	71.8895	1	IG-D	MII	-2.56610075202955
LV7008886755	leiden3	0.119082532183512	GeoB25202_R2	81.6705	1	IG-D	MII	-2.7869986474763
LV7008886755	leiden4	0.691872828172813	GeoB25202_R2	81.6705	1	IG-D	MII	-3.07876099117772
LV7008886755	leiden1	0.00504028930977741	GeoB25202_R2	81.6705	1	IG-D	MII	-3.22964333468363
LV7008886755	grey	0.103501170095226	GeoB25202_R2	81.6705	1	IG-D	MII	-1.69759820669146
LV7008886755	leiden5	0.0149857058212434	GeoB25202_R2	81.6705	1	IG-D	MII	-2.5051203945722
LV7008886755	leiden2	0.0655174744174277	GeoB25202_R2	81.6705	1	IG-D	MII	-2.8653633800772
LV7008886756	leiden3	0.169243866088525	GeoB25202_R2	105.5785	1	IG-D	MII	-1.58218351162217
LV7008886756	leiden4	0.589906960367721	GeoB25202_R2	105.5785	1	IG-D	MII	-2.60561558169508
LV7008886756	grey	0.145923667951247	GeoB25202_R2	105.5785	1	IG-D	MII	-1.70851646859436
LV7008886756	leiden1	0.00546710332752941	GeoB25202_R2	105.5785	1	IG-D	MII	-1.63656372072306
LV7008886756	leiden5	0.0274729779917137	GeoB25202_R2	105.5785	1	IG-D	MII	-1.85894565549006
LV7008886756	leiden2	0.0609315538920856	GeoB25202_R2	105.5785	1	IG-D	MII	-2.56412824497226
LV7008886756	leiden6	0.00105387038117792	GeoB25202_R2	105.5785	1	IG-D	MII	-14.7077149007801
LV7008886757	leiden3	0.216319107662464	GeoB25202_R1	123.1195	2	IG-E	MII	-1.87257166138498
LV7008886757	leiden1	0.0155431619786615	GeoB25202_R1	123.1195	2	IG-E	MII	-1.18491479769015
LV7008886757	leiden4	0.541658583899127	GeoB25202_R1	123.1195	2	IG-E	MII	-2.87349119580096
LV7008886757	grey	0.0450775945683802	GeoB25202_R1	123.1195	2	IG-E	MII	-2.31378341830408
LV7008886757	leiden5	0.057274490785645	GeoB25202_R1	123.1195	2	IG-E	MII	-1.37649472813109
LV7008886757	leiden2	0.124127061105723	GeoB25202_R1	123.1195	2	IG-E	MII	-2.06621820850515
LV7008886763	leiden2	0.0476157662624035	GeoB25202_R2	7.1335	3	IG-A	MII	-1.82918887247939
LV7008886763	leiden1	0.0210963340683572	GeoB25202_R2	7.1335	3	IG-A	MII	0.820141528085122
LV7008886763	leiden4	0.794990352811466	GeoB25202_R2	7.1335	3	IG-A	MII	-0.933701885608862
LV7008886763	leiden5	0.123518467475193	GeoB25202_R2	7.1335	3	IG-A	MII	-1.54324564517139
LV7008886763	leiden3	0.00709757442116869	GeoB25202_R2	7.1335	3	IG-A	MII	-0.660975798195395
LV7008886763	grey	0.00568150496141125	GeoB25202_R2	7.1335	3	IG-A	MII	-2.03967021825294
LV7008886765	leiden4	0.657961128415321	GeoB25202_R1	58.181	4	IG-B	MII	-2.83818091570555
LV7008886765	leiden1	0.0192286350554516	GeoB25202_R1	58.181	4	IG-B	MII	-1.47311268074861
LV7008886765	leiden2	0.156169464523082	GeoB25202_R1	58.181	4	IG-B	MII	-2.60043264856873
LV7008886765	leiden6	0.00716912172709987	GeoB25202_R1	58.181	4	IG-B	MII	-1.38938050317176
LV7008886765	leiden3	0.0692743822890387	GeoB25202_R1	58.181	4	IG-B	MII	-6.56326871235434
LV7008886765	leiden5	0.0164739364076461	GeoB25202_R1	58.181	4	IG-B	MII	-1.76259849317058
LV7008886765	grey	0.0737233315823611	GeoB25202_R1	58.181	4	IG-B	MII	-2.7435646029005
LV7008886766	leiden2	0.0858955884211857	GeoB25202_R2	71.8895	1	IG-D	MII	-2.34251264862586
LV7008886766	leiden3	0.163755951628534	GeoB25202_R2	71.8895	1	IG-D	MII	-3.84429201531738
LV7008886766	leiden4	0.651439767412464	GeoB25202_R2	71.8895	1	IG-D	MII	-2.90578833822136
LV7008886766	leiden1	0.0175612017022711	GeoB25202_R2	71.8895	1	IG-D	MII	-2.54358065775112
LV7008886766	leiden5	0.0234239244933215	GeoB25202_R2	71.8895	1	IG-D	MII	-1.93373310011695
LV7008886766	leiden6	0.00158007837188725	GeoB25202_R2	71.8895	1	IG-D	MII	-1.27353694118118
LV7008886766	grey	0.0563434879703367	GeoB25202_R2	71.8895	1	IG-D	MII	-1.60319227775547
LV7008886768	leiden3	0.137457665315047	GeoB25202_R1	102.2955	1	IG-D	MII	-2.30310220065014
LV7008886768	leiden4	0.659441333996091	GeoB25202_R1	102.2955	1	IG-D	MII	-2.85205086447099
LV7008886768	leiden1	0.00347787728015932	GeoB25202_R1	102.2955	1	IG-D	MII	-1.66753046926585
LV7008886768	grey	0.0920262950537744	GeoB25202_R1	102.2955	1	IG-D	MII	-1.64313175822057
LV7008886768	leiden2	0.0863683513167505	GeoB25202_R1	102.2955	1	IG-D	MII	-2.91114436206769
LV7008886768	leiden5	0.0193824530222849	GeoB25202_R1	102.2955	1	IG-D	MII	-2.06946487336477
LV7008886768	leiden6	0.00184602401589339	GeoB25202_R1	102.2955	1	IG-D	MII	-14.9141228466324
LV7008886769	leiden1	0.0211340023403425	GeoB25202_R2	123.1195	2	IG-E	MII	-1.77921055094835
LV7008886769	leiden4	0.516736995142016	GeoB25202_R2	123.1195	2	IG-E	MII	-2.82310236131702
LV7008886769	leiden3	0.173185348037304	GeoB25202_R2	123.1195	2	IG-E	MII	-1.86287492044532
LV7008886769	leiden2	0.211827594766143	GeoB25202_R2	123.1195	2	IG-E	MII	-1.77016580279778
LV7008886769	grey	0.0101414843445268	GeoB25202_R2	123.1195	2	IG-E	MII	-15.4161687827463
LV7008886769	leiden5	0.0669745753696677	GeoB25202_R2	123.1195	2	IG-E	MII	-3.36876994118026
LV7008886776	leiden1	0.0363832790038343	GeoB25202_R1	36.607	5	G-A	MII	-2.14824267699517
LV7008886776	leiden2	0.20001248954001	GeoB25202_R1	36.607	5	G-A	MII	-2.57762287397092
LV7008886776	leiden3	0.0376047560168359	GeoB25202_R1	36.607	5	G-A	MII	-2.73599714125887
LV7008886776	leiden4	0.681649118862952	GeoB25202_R1	36.607	5	G-A	MII	-2.90341950925054
LV7008886776	leiden5	0.0029125607303883	GeoB25202_R1	36.607	5	G-A	MII	-0.532765950982051
LV7008886776	leiden6	0.0222576092522512	GeoB25202_R1	36.607	5	G-A	MII	-1.00833799538903
LV7008886776	grey	0.0191801865937278	GeoB25202_R1	36.607	5	G-A	MII	-1.8845199281202
LV7008886778	leiden2	0.0904935407837077	GeoB25202_R1	68.149	1	IG-D	MII	-2.72419179568464
LV7008886778	leiden3	0.0956741903423567	GeoB25202_R1	68.149	1	IG-D	MII	-3.03275635163446
LV7008886778	leiden4	0.733146527020065	GeoB25202_R1	68.149	1	IG-D	MII	-2.87966916934708
LV7008886778	leiden1	0.0115776905765658	GeoB25202_R1	68.149	1	IG-D	MII	-1.33143387313937
LV7008886778	grey	0.0553846125077953	GeoB25202_R1	68.149	1	IG-D	MII	-1.66207027838849
LV7008886778	leiden5	0.0133447773236957	GeoB25202_R1	68.149	1	IG-D	MII	-2.62292563573155
LV7008886778	leiden6	0.000378661445813547	GeoB25202_R1	68.149	1	IG-D	MII	-0.939105409640326
LV7008886780	leiden3	0.125858970233577	GeoB25202_R2	102.2955	1	IG-D	MII	-1.81564031114726
LV7008886780	leiden4	0.687399303293714	GeoB25202_R2	102.2955	1	IG-D	MII	-2.81897535020672
LV7008886780	leiden2	0.0929364028473693	GeoB25202_R2	102.2955	1	IG-D	MII	-2.73497065575579
LV7008886780	leiden1	0.00948525133113057	GeoB25202_R2	102.2955	1	IG-D	MII	-1.58068052810185
LV7008886780	grey	0.0684731996802372	GeoB25202_R2	102.2955	1	IG-D	MII	-1.60812493203067
LV7008886780	leiden5	0.0158468726139716	GeoB25202_R2	102.2955	1	IG-D	MII	-2.5227975234994
LV7008886781	leiden3	0.24325302658569	GeoB25202_R1	120.0235	2	IG-E	MII	-2.18065516640317
LV7008886781	leiden4	0.60117443590878	GeoB25202_R1	120.0235	2	IG-E	MII	-3.52897349181894
LV7008886781	leiden2	0.140650766198769	GeoB25202_R1	120.0235	2	IG-E	MII	-2.05184089359772
LV7008886781	leiden1	0.0102159835900736	GeoB25202_R1	120.0235	2	IG-E	MII	-1.19667350184432
LV7008886781	grey	0.00470578771668745	GeoB25202_R1	120.0235	2	IG-E	MII	0
LV3003046936	leiden1	0.0675888164049875	ST8	22.905	3	IG-A	SRPI	-0.948116286936365
LV3003046936	leiden2	0.226342027148859	ST8	22.905	3	IG-A	SRPI	-0.811584224337001
LV3003046936	leiden3	0.0310325837344991	ST8	22.905	3	IG-A	SRPI	-0.638608998000989
LV3003046936	leiden4	0.652404017895113	ST8	22.905	3	IG-A	SRPI	-0.913542481709342
LV3003046936	grey	0.00475604725534557	ST8	22.905	3	IG-A	SRPI	-1.08150220812336
LV3003046936	leiden5	0.0156151657679419	ST8	22.905	3	IG-A	SRPI	0.121912146362709
LV3003046936	leiden6	0.00226134179325361	ST8	22.905	3	IG-A	SRPI	-2.02478920522946
LV3003046937	leiden1	0.0275715531018451	ST8	18.598	3	IG-A	SRPI	-0.526705208756359
LV3003046937	leiden4	0.729887040534651	ST8	18.598	3	IG-A	SRPI	-0.831083537908866
LV3003046937	leiden2	0.203187200348685	ST8	18.598	3	IG-A	SRPI	-0.835683306648183
LV3003046937	leiden3	0.0212952201075113	ST8	18.598	3	IG-A	SRPI	-0.520486044354888
LV3003046937	leiden5	0.0143959755920384	ST8	18.598	3	IG-A	SRPI	-0.0341492781132225
LV3003046937	leiden6	0.00240447479296818	ST8	18.598	3	IG-A	SRPI	-2.21246534336986
LV3003046937	grey	0.00125853552230132	ST8	18.598	3	IG-A	SRPI	-1.1633043154151
LV3003046938	leiden3	0.303806676365772	ST8	11.169	1	IG-D	SRPI	-1.41055571304224
LV3003046938	leiden4	0.531410418974653	ST8	11.169	1	IG-D	SRPI	-1.14939545014681
LV3003046938	leiden1	0.0339063813883958	ST8	11.169	1	IG-D	SRPI	-1.46653751856027
LV3003046938	leiden2	0.0849094379412982	ST8	11.169	1	IG-D	SRPI	-0.960354580528979
LV3003046938	leiden6	0.0190600766140334	ST8	11.169	1	IG-D	SRPI	-1.67992557741389
LV3003046938	grey	0.0269070087158474	ST8	11.169	1	IG-D	SRPI	-1.64544696894199
LV3003046939	leiden3	0.136189321809062	ST8	2.42	1	IG-D	SRPI	-1.08791837348108
LV3003046939	leiden4	0.802420386438417	ST8	2.42	1	IG-D	SRPI	-0.663122698837506
LV3003046939	leiden1	0.00662742083037104	ST8	2.42	1	IG-D	SRPI	-0.971926224330761
LV3003046939	leiden2	0.0446195037030558	ST8	2.42	1	IG-D	SRPI	-1.04729610937543
LV3003046939	leiden6	0.00229200770009359	ST8	2.42	1	IG-D	SRPI	-9.21034037197618
LV3003046939	grey	0.00352318084631316	ST8	2.42	1	IG-D	SRPI	-0.716196041206793
LV3003046939	leiden5	0.00432817867268749	ST8	2.42	1	IG-D	SRPI	-0.472923936471155
LV3003046949	leiden1	0.064534801475789	ST8	22.3686666666667	3	IG-A	SRPI	-0.42300487130321
LV3003046949	leiden2	0.194733038940185	ST8	22.3686666666667	3	IG-A	SRPI	-0.910935573000561
LV3003046949	leiden3	0.0313815449905374	ST8	22.3686666666667	3	IG-A	SRPI	-0.528757384172683
LV3003046949	leiden4	0.688840205692875	ST8	22.3686666666667	3	IG-A	SRPI	-0.779838946011025
LV3003046949	grey	0.00224809313528703	ST8	22.3686666666667	3	IG-A	SRPI	-1.13234920162032
LV3003046949	leiden5	0.0164454894764008	ST8	22.3686666666667	3	IG-A	SRPI	0.119500573664424
LV3003046949	leiden6	0.00181682628892585	ST8	22.3686666666667	3	IG-A	SRPI	-1.85171739263801
LV3003046950	leiden1	0.057981312567371	ST8	18.099	3	IG-A	SRPI	-0.996412086179772
LV3003046950	leiden2	0.244606698666357	ST8	18.099	3	IG-A	SRPI	-0.940772233588344
LV3003046950	leiden4	0.631955219768268	ST8	18.099	3	IG-A	SRPI	-1.04497557484763
LV3003046950	leiden6	0.0102875138367242	ST8	18.099	3	IG-A	SRPI	-1.66281279141093
LV3003046950	leiden3	0.0302897373801824	ST8	18.099	3	IG-A	SRPI	-0.93137372994574
LV3003046950	leiden5	0.0211224544052746	ST8	18.099	3	IG-A	SRPI	-0.832757267586862
LV3003046950	grey	0.00375706337582235	ST8	18.099	3	IG-A	SRPI	-1.06638514207789
LV3003046952	leiden3	0.303315248057641	ST8	10.26	1	IG-D	SRPI	-1.33834048560573
LV3003046952	leiden4	0.563267502929815	ST8	10.26	1	IG-D	SRPI	-0.962147823168813
LV3003046952	leiden2	0.0705169495203785	ST8	10.26	1	IG-D	SRPI	-1.06354661669427
LV3003046952	leiden6	0.00727114892139416	ST8	10.26	1	IG-D	SRPI	-1.80021351617374
LV3003046952	leiden1	0.0275897391379834	ST8	10.26	1	IG-D	SRPI	-1.41557573831645
LV3003046952	grey	0.0278084986327532	ST8	10.26	1	IG-D	SRPI	-1.52297029192772
LV3003046952	leiden5	0.000230912800034724	ST8	10.26	1	IG-D	SRPI	0.55675045058093
LV3003046953	leiden1	0.0064390028429954	ST8	1.5215	1	IG-D	SRPI	-0.68224163649225
LV3003046953	leiden3	0.0649280889399481	ST8	1.5215	1	IG-D	SRPI	-1.32514049824453
LV3003046953	leiden4	0.874965462332129	ST8	1.5215	1	IG-D	SRPI	-0.391593910261045
LV3003046953	leiden2	0.0373811177116432	ST8	1.5215	1	IG-D	SRPI	-0.603754221940788
LV3003046953	leiden5	0.0145203626818681	ST8	1.5215	1	IG-D	SRPI	-0.341556664706226
LV3003046953	grey	0.000730289898277479	ST8	1.5215	1	IG-D	SRPI	-0.40889090859915
LV3003046953	leiden6	0.001035675593139	ST8	1.5215	1	IG-D	SRPI	-9.21034037197618
LV3003046965	leiden1	0.0665505382532902	ST8	21.8323333333333	3	IG-A	SRPI	-0.916127388407567
LV3003046965	leiden2	0.214692880686631	ST8	21.8323333333333	3	IG-A	SRPI	-0.868572300365571
LV3003046965	leiden3	0.0362607476751289	ST8	21.8323333333333	3	IG-A	SRPI	-0.526856086546036
LV3003046965	leiden4	0.652748727145557	ST8	21.8323333333333	3	IG-A	SRPI	-0.921411109385821
LV3003046965	leiden5	0.0232858750558646	ST8	21.8323333333333	3	IG-A	SRPI	-0.297625996788625
LV3003046965	leiden6	0.00341000159136584	ST8	21.8323333333333	3	IG-A	SRPI	-1.49761484725601
LV3003046965	grey	0.00305122959216248	ST8	21.8323333333333	3	IG-A	SRPI	-0.747992292598305
LV3003046966	leiden1	0.0731596843201466	ST8	17.373	3	IG-A	SRPI	-1.08422528849743
LV3003046966	leiden4	0.595533305730167	ST8	17.373	3	IG-A	SRPI	-0.88512382787548
LV3003046966	leiden2	0.23655412102734	ST8	17.373	3	IG-A	SRPI	-1.04299135760504
LV3003046966	grey	0.00552816150361978	ST8	17.373	3	IG-A	SRPI	-1.52925557652329
LV3003046966	leiden6	0.0251000614797807	ST8	17.373	3	IG-A	SRPI	-1.89693630147189
LV3003046966	leiden3	0.0239620581924945	ST8	17.373	3	IG-A	SRPI	-0.626446242757033
LV3003046966	leiden5	0.0401626077464524	ST8	17.373	3	IG-A	SRPI	-0.988088438776568
LV3003046978	leiden1	0.0567054923903407	ST8	21.296	3	IG-A	SRPI	-0.104263275906087
LV3003046978	leiden2	0.174142952509914	ST8	21.296	3	IG-A	SRPI	-0.874345574968073
LV3003046978	leiden3	0.0410158567035269	ST8	21.296	3	IG-A	SRPI	-0.130903452862575
LV3003046978	leiden4	0.685284903314752	ST8	21.296	3	IG-A	SRPI	-0.7463421968051
LV3003046978	leiden5	0.039265154211338	ST8	21.296	3	IG-A	SRPI	0.19675298204117
LV3003046978	leiden6	0.00214801508664714	ST8	21.296	3	IG-A	SRPI	-3.26281422650123
LV3003046978	grey	0.00143762578348148	ST8	21.296	3	IG-A	SRPI	-1.04897053775007
LV3003046979	leiden2	0.131277610536387	ST8	16.461	3	IG-A	SRPI	-1.19768838120321
LV3003046979	leiden3	0.0831497866550346	ST8	16.461	3	IG-A	SRPI	-0.394517494635083
LV3003046979	leiden4	0.677146329335696	ST8	16.461	3	IG-A	SRPI	-0.790592910076771
LV3003046979	leiden5	0.0665112129518435	ST8	16.461	3	IG-A	SRPI	-0.699199314474668
LV3003046979	leiden1	0.0259263048867396	ST8	16.461	3	IG-A	SRPI	-0.993353667621504
LV3003046979	grey	0.00902385478540746	ST8	16.461	3	IG-A	SRPI	-1.85717537262175
LV3003046979	leiden6	0.00696490084889217	ST8	16.461	3	IG-A	SRPI	-1.8517957579371
LV3003046980	leiden3	0.231435199081151	ST8	8.056	1	IG-D	SRPI	-1.22821564879827
LV3003046980	leiden4	0.669660098581995	ST8	8.056	1	IG-D	SRPI	-0.712902888181747
LV3003046980	grey	0.0184932326809202	ST8	8.056	1	IG-D	SRPI	-1.09637506128775
LV3003046980	leiden2	0.058524601256478	ST8	8.056	1	IG-D	SRPI	-0.769228220161415
LV3003046980	leiden1	0.0204450937153545	ST8	8.056	1	IG-D	SRPI	-1.69809646080606
LV3003046980	leiden5	0.000596835729640355	ST8	8.056	1	IG-D	SRPI	-0.270366848013558
LV3003046980	leiden6	0.000844938954461781	ST8	8.056	1	IG-D	SRPI	-9.21034037197618
LV3003046993	leiden1	0.0447990398981116	ST8	20.719	3	IG-A	SRPI	-0.342720775864612
LV3003046993	leiden3	0.118954664576649	ST8	20.719	3	IG-A	SRPI	-0.286763930386335
LV3003046993	leiden4	0.516279278617323	ST8	20.719	3	IG-A	SRPI	-0.80034006947684
LV3003046993	leiden5	0.207243217647587	ST8	20.719	3	IG-A	SRPI	-0.375760837986896
LV3003046993	leiden2	0.101137263546336	ST8	20.719	3	IG-A	SRPI	-0.954455520388245
LV3003046993	grey	0.0109203425669663	ST8	20.719	3	IG-A	SRPI	-0.893605501671621
LV3003046993	leiden6	0.000666193147027848	ST8	20.719	3	IG-A	SRPI	-9.21034037197618
LV3003046994	leiden4	0.563438373826373	ST8	15.549	3	IG-A	SRPI	-0.5617953581911
LV3003046994	leiden1	0.0133300640115877	ST8	15.549	3	IG-A	SRPI	0.0573765253470487
LV3003046994	leiden3	0.0528363531257206	ST8	15.549	3	IG-A	SRPI	0.38688903564117
LV3003046994	grey	0.0427539597223891	ST8	15.549	3	IG-A	SRPI	0.943670686403445
LV3003046994	leiden5	0.260495659488232	ST8	15.549	3	IG-A	SRPI	-1.0747594825164
LV3003046994	leiden2	0.0671455898256975	ST8	15.549	3	IG-A	SRPI	-0.798117019204783
LV3003046995	leiden1	0.0189651714972032	ST8	6.9705	1	IG-D	SRPI	-1.42419627634788
LV3003046995	leiden3	0.278983574895717	ST8	6.9705	1	IG-D	SRPI	-1.01609787425752
LV3003046995	leiden4	0.631589277104835	ST8	6.9705	1	IG-D	SRPI	-1.03503223604091
LV3003046995	leiden2	0.0659478816891874	ST8	6.9705	1	IG-D	SRPI	-0.971941808744672
LV3003046995	grey	0.00226558066704497	ST8	6.9705	1	IG-D	SRPI	-0.142137464544286
LV3003046995	leiden5	0.000671283160605918	ST8	6.9705	1	IG-D	SRPI	-1.70056053873887
LV3003046995	leiden6	0.0015772309854067	ST8	6.9705	1	IG-D	SRPI	-1.84809306847454
LV3003047009	leiden2	0.0767326194192605	ST8	20.142	3	IG-A	SRPI	-0.921504061856571
LV3003047009	leiden4	0.537685798040997	ST8	20.142	3	IG-A	SRPI	-0.795676221956637
LV3003047009	leiden5	0.185338474674904	ST8	20.142	3	IG-A	SRPI	-0.460796186009295
LV3003047009	leiden1	0.0642046783307681	ST8	20.142	3	IG-A	SRPI	0.0598085092976102
LV3003047009	grey	0.0680987550919405	ST8	20.142	3	IG-A	SRPI	0.99414616492923
LV3003047009	leiden3	0.067692215653536	ST8	20.142	3	IG-A	SRPI	0.377531267085393
LV3003047010	leiden3	0.249238901097297	ST8	13.676	1	IG-D	SRPI	-1.16435680494715
LV3003047010	leiden4	0.636551729172903	ST8	13.676	1	IG-D	SRPI	-0.936148161850709
LV3003047010	leiden1	0.0260138859483256	ST8	13.676	1	IG-D	SRPI	-1.47648285997573
LV3003047010	leiden6	0.00538208260022048	ST8	13.676	1	IG-D	SRPI	-3.44482592021631
LV3003047010	grey	0.0120359486906179	ST8	13.676	1	IG-D	SRPI	-0.957265095720255
LV3003047010	leiden2	0.0704839639929037	ST8	13.676	1	IG-D	SRPI	-0.901329107586881
LV3003047010	leiden5	0.00029348849773313	ST8	13.676	1	IG-D	SRPI	-9.21034037197618
LV3003047013	leiden1	0.0121836031475954	ST8	5.885	1	IG-D	SRPI	-1.15352831753226
LV3003047013	leiden3	0.176217948928916	ST8	5.885	1	IG-D	SRPI	-1.34279804859101
LV3003047013	leiden4	0.759327762620495	ST8	5.885	1	IG-D	SRPI	-0.689740895824444
LV3003047013	leiden2	0.0400064505300295	ST8	5.885	1	IG-D	SRPI	-0.927250778354751
LV3003047013	grey	0.00819151492014178	ST8	5.885	1	IG-D	SRPI	-0.953191095131796
LV3003047013	leiden5	0.00224452116333334	ST8	5.885	1	IG-D	SRPI	-0.3317941891592
LV3003047013	leiden6	0.00182819868948926	ST8	5.885	1	IG-D	SRPI	-9.21034037197618
LV3003047026	leiden1	0.0480425790321367	ST8	19.565	3	IG-A	SRPI	-0.103995322737683
LV3003047026	leiden2	0.0833631322002181	ST8	19.565	3	IG-A	SRPI	-0.771807105656548
LV3003047026	leiden4	0.555858437784924	ST8	19.565	3	IG-A	SRPI	-0.854023609268066
LV3003047026	leiden5	0.196658521318975	ST8	19.565	3	IG-A	SRPI	-0.589853617423871
LV3003047026	grey	0.0351618851395141	ST8	19.565	3	IG-A	SRPI	0.910179396080795
LV3003047026	leiden3	0.0805362746030237	ST8	19.565	3	IG-A	SRPI	0.32432789042628
LV3003047026	leiden6	0.00037916992120849	ST8	19.565	3	IG-A	SRPI	-1.43661072202012
LV3003047027	leiden3	0.173283232363142	ST8	12.877	1	IG-D	SRPI	-1.25949270527006
LV3003047027	leiden4	0.644947100399491	ST8	12.877	1	IG-D	SRPI	-1.01885084064567
LV3003047027	leiden1	0.0275610211159401	ST8	12.877	1	IG-D	SRPI	-1.57438062757265
LV3003047027	leiden2	0.114587448966153	ST8	12.877	1	IG-D	SRPI	-0.910761440690959
LV3003047027	leiden6	0.0145089775670574	ST8	12.877	1	IG-D	SRPI	-1.67883423915135
LV3003047027	grey	0.0241793428157513	ST8	12.877	1	IG-D	SRPI	-1.48682466573265
LV3003047027	leiden5	0.000932876772465868	ST8	12.877	1	IG-D	SRPI	0.0808817485858948
LV3003047028	leiden4	0.913595827023389	ST8	4.753	2	IG-E	SRPI	-0.459793789099447
LV3003047028	leiden3	0.0751304055190981	ST8	4.753	2	IG-E	SRPI	-0.869350822025677
LV3003047028	leiden2	0.011273767457513	ST8	4.753	2	IG-E	SRPI	-9.21034037197618
LV3003047041	leiden1	0.0475840127394038	ST8	19.097	3	IG-A	SRPI	-0.795591797389899
LV3003047041	leiden2	0.153316146303758	ST8	19.097	3	IG-A	SRPI	-0.870082719362227
LV3003047041	leiden4	0.731841796915241	ST8	19.097	3	IG-A	SRPI	-0.779660016095242
LV3003047041	leiden3	0.0332654758035734	ST8	19.097	3	IG-A	SRPI	-0.398673718476129
LV3003047041	leiden5	0.0309825118983294	ST8	19.097	3	IG-A	SRPI	-0.40793571564994
LV3003047041	leiden6	0.00113450346033525	ST8	19.097	3	IG-A	SRPI	-1.8682212760753
LV3003047041	grey	0.00187555287935915	ST8	19.097	3	IG-A	SRPI	-2.12351185141239
LV3003047044	leiden1	0.0547942307866642	ST8	12.078	5	G-A	SRPI	-1.55794227675547
LV3003047044	leiden4	0.616467580659296	ST8	12.078	5	G-A	SRPI	-0.93471846049502
LV3003047044	leiden2	0.230913579650016	ST8	12.078	5	G-A	SRPI	-1.18945036840247
LV3003047044	leiden6	0.0609194117167127	ST8	12.078	5	G-A	SRPI	-1.92344333766899
LV3003047044	leiden3	0.0285378434649124	ST8	12.078	5	G-A	SRPI	-1.70018169288157
LV3003047044	grey	0.00270148581719946	ST8	12.078	5	G-A	SRPI	-2.3576171415452
LV3003047044	leiden5	0.00566586790520021	ST8	12.078	5	G-A	SRPI	-0.29016010419576
LV3003047045	leiden1	0.00964934970253997	ST8	3.5865	1	IG-D	SRPI	-0.472109327418052
LV3003047045	leiden3	0.190753921608771	ST8	3.5865	1	IG-D	SRPI	-1.31882026224629
LV3003047045	leiden4	0.731214377950507	ST8	3.5865	1	IG-D	SRPI	-0.735963721556861
LV3003047045	leiden2	0.0615602944539708	ST8	3.5865	1	IG-D	SRPI	-0.955619053305865
LV3003047045	leiden6	0.00252369144052148	ST8	3.5865	1	IG-D	SRPI	-9.21034037197618
LV3003047045	grey	0.00393883618576047	ST8	3.5865	1	IG-D	SRPI	-0.444239149001464
LV3003047045	leiden5	0.000359528657929455	ST8	3.5865	1	IG-D	SRPI	-0.3317941891592
LV3003047059	leiden4	0.41034057752289	ST8	107.683	2	IG-E	SRPI	-0.98957510508108
LV3003047059	leiden1	0.102399637790522	ST8	107.683	2	IG-E	SRPI	0.216966351896378
LV3003047059	leiden5	0.194825938223161	ST8	107.683	2	IG-E	SRPI	-2.07664146450759
LV3003047059	grey	0.0767682865479425	ST8	107.683	2	IG-E	SRPI	0.587161675571249
LV3003047059	leiden2	0.0952309085421068	ST8	107.683	2	IG-E	SRPI	-0.789838583735785
LV3003047059	leiden3	0.120434651373378	ST8	107.683	2	IG-E	SRPI	-0.111522900064014
LV3003047060	leiden4	0.736343509175288	ST8	106.686	2	IG-E	SRPI	-1.03507249265348
LV3003047060	leiden2	0.156001192148848	ST8	106.686	2	IG-E	SRPI	-1.15022491164807
LV3003047060	leiden3	0.0793630519010517	ST8	106.686	2	IG-E	SRPI	-0.158504746037162
LV3003047060	grey	0.00261846979179972	ST8	106.686	2	IG-E	SRPI	-9.21034037197618
LV3003047060	leiden5	0.0146038233916635	ST8	106.686	2	IG-E	SRPI	-0.43636161503684
LV3003047060	leiden1	0.0110699535913484	ST8	106.686	2	IG-E	SRPI	0.451934165109393
LV3003047061	leiden4	0.521830789159534	ST8	105.689	2	IG-E	SRPI	-0.958823148968145
LV3003047061	leiden3	0.106931497802951	ST8	105.689	2	IG-E	SRPI	0.176200043605607
LV3003047061	leiden2	0.117294455309746	ST8	105.689	2	IG-E	SRPI	-1.3931352078424
LV3003047061	leiden5	0.159965456808311	ST8	105.689	2	IG-E	SRPI	-1.81652299662898
LV3003047061	leiden1	0.0551675090802875	ST8	105.689	2	IG-E	SRPI	-0.397904301340926
LV3003047061	grey	0.038810291839171	ST8	105.689	2	IG-E	SRPI	0.836926473857894
LV3003047062	leiden1	0.0603264185478951	ST8	104.692	2	IG-E	SRPI	0.0715829832355502
LV3003047062	leiden5	0.239043115720968	ST8	104.692	2	IG-E	SRPI	-1.89978996077152
LV3003047062	leiden4	0.44727476103315	ST8	104.692	2	IG-E	SRPI	-0.793366970938712
LV3003047062	grey	0.04220052877771	ST8	104.692	2	IG-E	SRPI	0.934804707671821
LV3003047062	leiden2	0.0929174293268253	ST8	104.692	2	IG-E	SRPI	-1.1511371233085
LV3003047062	leiden3	0.111373805165751	ST8	104.692	2	IG-E	SRPI	0.0787785285911105
LV3003047062	leiden6	0.00686394142769982	ST8	104.692	2	IG-E	SRPI	-9.21034037197618
LV3003047063	leiden1	0.175253961804145	ST8	103.695	2	IG-E	SRPI	-0.36077013493797
LV3003047063	leiden5	0.251279967492889	ST8	103.695	2	IG-E	SRPI	-2.50716447881281
LV3003047063	leiden3	0.149776513612353	ST8	103.695	2	IG-E	SRPI	0.0147917982513764
LV3003047063	leiden4	0.2503860219423	ST8	103.695	2	IG-E	SRPI	-0.797614250838244
LV3003047063	grey	0.0818366517675742	ST8	103.695	2	IG-E	SRPI	0.685825241597546
LV3003047063	leiden2	0.0914668833807395	ST8	103.695	2	IG-E	SRPI	-0.843813160498837
LV3003047064	leiden4	0.366758747697974	ST8	96.283	2	IG-E	SRPI	-0.494156848667187
LV3003047064	grey	0.0900092081031307	ST8	96.283	2	IG-E	SRPI	0.309352207698451
LV3003047064	leiden5	0.195303867403315	ST8	96.283	2	IG-E	SRPI	-0.730209539320907
LV3003047064	leiden3	0.268324125230203	ST8	96.283	2	IG-E	SRPI	0.310653609341349
LV3003047064	leiden1	0.0566298342541437	ST8	96.283	2	IG-E	SRPI	-0.3317941891592
LV3003047064	leiden2	0.0229742173112339	ST8	96.283	2	IG-E	SRPI	-0.430632907118946
LV3003047065	leiden4	0.729876493681405	ST8	53.61018	2	IG-E	SRPI	-0.716119056331181
LV3003047065	leiden5	0.0313637275410494	ST8	53.61018	2	IG-E	SRPI	0.197898932328387
LV3003047065	leiden3	0.0316144654268275	ST8	53.61018	2	IG-E	SRPI	-0.135365913816037
LV3003047065	leiden2	0.141530790612374	ST8	53.61018	2	IG-E	SRPI	-0.759938501335853
LV3003047065	grey	0.0141416167578875	ST8	53.61018	2	IG-E	SRPI	-0.54338278326274
LV3003047065	leiden1	0.0514729059804568	ST8	53.61018	2	IG-E	SRPI	-2.74341124594645
LV3003047067	leiden4	0.73902937240262	ST8	42.86602	4	IG-B	SRPI	-0.87137789416486
LV3003047067	leiden1	0.013784060554505	ST8	42.86602	4	IG-B	SRPI	-0.54178065214119
LV3003047067	leiden2	0.193759786737176	ST8	42.86602	4	IG-B	SRPI	-1.06001993470765
LV3003047067	leiden5	0.0147214200183137	ST8	42.86602	4	IG-B	SRPI	-0.392619387653634
LV3003047067	leiden6	0.00831432426135532	ST8	42.86602	4	IG-B	SRPI	-1.37966900686222
LV3003047067	leiden3	0.0285434084123948	ST8	42.86602	4	IG-B	SRPI	-0.395425787007991
LV3003047067	grey	0.00184762761363452	ST8	42.86602	4	IG-B	SRPI	-9.21034037197618
LV3003047068	leiden4	0.774593772242593	ST8	37.78969	4	IG-B	SRPI	-0.863412497250324
LV3003047068	leiden2	0.179458722807112	ST8	37.78969	4	IG-B	SRPI	-0.893121784672064
LV3003047068	leiden3	0.0240582633657956	ST8	37.78969	4	IG-B	SRPI	0.298698783567961
LV3003047068	leiden1	0.0127206549568726	ST8	37.78969	4	IG-B	SRPI	-0.0982870247260848
LV3003047068	leiden6	0.00523196389236525	ST8	37.78969	4	IG-B	SRPI	-0.994588256098064
LV3003047068	leiden5	0.00393662273526128	ST8	37.78969	4	IG-B	SRPI	0.0830317079955119
LV3003047069	leiden4	0.730071652063903	ST8	33.7436870748299	4	IG-B	SRPI	-1.00357833582832
LV3003047069	leiden1	0.0115177962942742	ST8	33.7436870748299	4	IG-B	SRPI	-1.26774186910723
LV3003047069	leiden2	0.218936025211888	ST8	33.7436870748299	4	IG-B	SRPI	-0.931698676934486
LV3003047069	leiden6	0.00945069261151629	ST8	33.7436870748299	4	IG-B	SRPI	-0.792353893312408
LV3003047069	leiden3	0.0191084721129264	ST8	33.7436870748299	4	IG-B	SRPI	0.0910878945877703
LV3003047069	grey	0.00241350357130755	ST8	33.7436870748299	4	IG-B	SRPI	-2.02856598303588
LV3003047069	leiden5	0.00850185813418477	ST8	33.7436870748299	4	IG-B	SRPI	0.2785616533008
LV3003047070	leiden4	0.684001162975102	ST8	30.128	5	G-A	SRPI	-0.733149689834997
LV3003047070	leiden1	0.0256977850610562	ST8	30.128	5	G-A	SRPI	-1.32121961038569
LV3003047070	leiden2	0.187665195326955	ST8	30.128	5	G-A	SRPI	-0.846258708613629
LV3003047070	leiden6	0.0537413437648676	ST8	30.128	5	G-A	SRPI	-1.04446465940448
LV3003047070	leiden5	0.0200514087857483	ST8	30.128	5	G-A	SRPI	0.39282598251381
LV3003047070	leiden3	0.0263255273034836	ST8	30.128	5	G-A	SRPI	0.401609561279425
LV3003047070	grey	0.00251757678278797	ST8	30.128	5	G-A	SRPI	-9.21034037197618
LV3003047071	leiden1	0.0515240520427732	ST8	26.141	5	G-A	SRPI	-0.750373383959712
LV3003047071	leiden3	0.0201829670847873	ST8	26.141	5	G-A	SRPI	-0.060952368629885
LV3003047071	leiden4	0.581205678536623	ST8	26.141	5	G-A	SRPI	-0.899082305213068
LV3003047071	leiden2	0.290198640995585	ST8	26.141	5	G-A	SRPI	-1.00233011460983
LV3003047071	leiden6	0.0328680562105065	ST8	26.141	5	G-A	SRPI	-1.03717334183461
LV3003047071	grey	0.00497388430048998	ST8	26.141	5	G-A	SRPI	-0.806397204875884
LV3003047071	leiden5	0.0190467208292352	ST8	26.141	5	G-A	SRPI	0.164628611437393
LV3003047073	leiden5	0.345617095508068	ST8	101.685	2	IG-E	SRPI	-4.60517018598809
LV3003047073	leiden3	0.234845180985608	ST8	101.685	2	IG-E	SRPI	-0.0669548126112773
LV3003047073	leiden1	0.134976013955517	ST8	101.685	2	IG-E	SRPI	-0.3317941891592
LV3003047073	grey	0.0985608373310074	ST8	101.685	2	IG-E	SRPI	0.918783357130229
LV3003047073	leiden4	0.186000872219799	ST8	101.685	2	IG-E	SRPI	-0.3317941891592
LV3003047074	leiden5	0.397179644389945	ST8	100.672	2	IG-E	SRPI	-3.44085242889051
LV3003047074	leiden3	0.183936235438381	ST8	100.672	2	IG-E	SRPI	0.0644498413989401
LV3003047074	leiden2	0.0131207847946045	ST8	100.672	2	IG-E	SRPI	-9.21034037197618
LV3003047074	leiden1	0.0955242182709994	ST8	100.672	2	IG-E	SRPI	-0.3317941891592
LV3003047074	grey	0.0982219497240956	ST8	100.672	2	IG-E	SRPI	0.906494389910443
LV3003047074	leiden4	0.212017167381974	ST8	100.672	2	IG-E	SRPI	-0.3317941891592
LV3003047077	leiden4	0.540474279143434	ST8	99.7145	2	IG-E	SRPI	-0.901129148408273
LV3003047077	grey	0.154173265930442	ST8	99.7145	2	IG-E	SRPI	0.386000109564604
LV3003047077	leiden2	0.161832027944718	ST8	99.7145	2	IG-E	SRPI	-1.49266828085041
LV3003047077	leiden3	0.110997808682823	ST8	99.7145	2	IG-E	SRPI	0.0934091979180369
LV3003047077	leiden5	0.0272287431385737	ST8	99.7145	2	IG-E	SRPI	-0.493553317695384
LV3003047077	leiden1	0.00529387516000955	ST8	99.7145	2	IG-E	SRPI	-9.21034037197618
LV3003047078	grey	0.114213197969543	ST8	98.757	2	IG-E	SRPI	0.541957880309929
LV3003047078	leiden2	0.0963720513586145	ST8	98.757	2	IG-E	SRPI	-1.87527567631568
LV3003047078	leiden3	0.185204538668259	ST8	98.757	2	IG-E	SRPI	-0.084690520141183
LV3003047078	leiden4	0.37249925350851	ST8	98.757	2	IG-E	SRPI	-0.724359877883975
LV3003047078	leiden5	0.231710958495073	ST8	98.757	2	IG-E	SRPI	-2.39591004985028
LV3003047079	leiden3	0.199708471809224	ST8	97.52	1	IG-D	SRPI	-0.486893459761628
LV3003047079	leiden4	0.530482187627544	ST8	97.52	1	IG-D	SRPI	-0.913205903748583
LV3003047079	grey	0.0837094046994345	ST8	97.52	1	IG-D	SRPI	0.656620031850855
LV3003047079	leiden5	0.105894700017492	ST8	97.52	1	IG-D	SRPI	-0.856210497784114
LV3003047079	leiden2	0.062451169028045	ST8	97.52	1	IG-D	SRPI	-1.04095804552295
LV3003047079	leiden1	0.0167395487143607	ST8	97.52	1	IG-D	SRPI	-0.966404800644397
LV3003047079	leiden6	0.00101451810390065	ST8	97.52	1	IG-D	SRPI	-9.21034037197618
LV3003047080	leiden4	0.71049988903684	ST8	87.9935	1	IG-D	SRPI	-0.675634695034452
LV3003047080	leiden1	0.00652185974256547	ST8	87.9935	1	IG-D	SRPI	-0.609062791287254
LV3003047080	leiden3	0.0854471815357301	ST8	87.9935	1	IG-D	SRPI	-0.258505286356595
LV3003047080	leiden5	0.0809420772303595	ST8	87.9935	1	IG-D	SRPI	-1.96239183223525
LV3003047080	grey	0.038598535286285	ST8	87.9935	1	IG-D	SRPI	0.284068191749558
LV3003047080	leiden2	0.0779904571682202	ST8	87.9935	1	IG-D	SRPI	-0.835873401423313
LV3003047081	leiden4	0.709164102347932	ST8	52.20718	4	IG-B	SRPI	-0.805423500772622
LV3003047081	leiden2	0.204295409518189	ST8	52.20718	4	IG-B	SRPI	-0.679124786880459
LV3003047081	leiden6	0.00877137517739465	ST8	52.20718	4	IG-B	SRPI	-1.97106686149184
LV3003047081	leiden3	0.0321347777824615	ST8	52.20718	4	IG-B	SRPI	-0.427281906416954
LV3003047081	leiden5	0.00941772400904888	ST8	52.20718	4	IG-B	SRPI	0.140439775626133
LV3003047081	leiden1	0.0312460481389369	ST8	52.20718	4	IG-B	SRPI	-1.10545136378303
LV3003047081	grey	0.00497056302603662	ST8	52.20718	4	IG-B	SRPI	-1.09879761687099
LV3003047082	leiden4	0.804272810061779	ST8	41.9168333333333	4	IG-B	SRPI	-0.813516246623855
LV3003047082	leiden6	0.0037510152846489	ST8	41.9168333333333	4	IG-B	SRPI	-0.544779504351395
LV3003047082	leiden2	0.140367717640109	ST8	41.9168333333333	4	IG-B	SRPI	-0.801733192652544
LV3003047082	leiden3	0.02979152821876	ST8	41.9168333333333	4	IG-B	SRPI	0.177024318434836
LV3003047082	leiden1	0.0132811538556204	ST8	41.9168333333333	4	IG-B	SRPI	-0.489138293010819
LV3003047082	leiden5	0.00761032759851338	ST8	41.9168333333333	4	IG-B	SRPI	0.325292750920224
LV3003047082	grey	0.000925447340569544	ST8	41.9168333333333	4	IG-B	SRPI	-9.21034037197618
LV3003047083	leiden1	0.0151838688941267	ST8	37.30319	4	IG-B	SRPI	-0.613466531468042
LV3003047083	leiden4	0.747999497565409	ST8	37.30319	4	IG-B	SRPI	-0.906444147152504
LV3003047083	leiden6	0.00895515771274041	ST8	37.30319	4	IG-B	SRPI	-1.28036019172371
LV3003047083	leiden2	0.193610953074087	ST8	37.30319	4	IG-B	SRPI	-0.932850893766777
LV3003047083	leiden3	0.0281732808239927	ST8	37.30319	4	IG-B	SRPI	0.255972119657704
LV3003047083	leiden5	0.00567086101033685	ST8	37.30319	4	IG-B	SRPI	0.557923838713597
LV3003047083	grey	0.000406380919307527	ST8	37.30319	4	IG-B	SRPI	-9.21034037197618
LV3003047084	leiden1	0.0240780443961764	ST8	33.276	5	G-A	SRPI	-0.942440518029454
LV3003047084	leiden3	0.082725561973954	ST8	33.276	5	G-A	SRPI	-0.486840447279934
LV3003047084	leiden4	0.679709018734026	ST8	33.276	5	G-A	SRPI	-0.99129127875738
LV3003047084	leiden6	0.010695527614197	ST8	33.276	5	G-A	SRPI	-1.17781326516123
LV3003047084	leiden2	0.192839688796098	ST8	33.276	5	G-A	SRPI	-0.949242830768796
LV3003047084	grey	0.00256153392440854	ST8	33.276	5	G-A	SRPI	-0.449093366817016
LV3003047084	leiden5	0.00739062456114071	ST8	33.276	5	G-A	SRPI	0.468346626504733
LV3003047085	leiden1	0.0477365585566041	ST8	29.703	5	G-A	SRPI	-1.1292014474072
LV3003047085	leiden2	0.214378367140326	ST8	29.703	5	G-A	SRPI	-0.971960206838295
LV3003047085	leiden4	0.602155421773873	ST8	29.703	5	G-A	SRPI	-0.767252219897195
LV3003047085	leiden6	0.0562425425751166	ST8	29.703	5	G-A	SRPI	-0.942117395079022
LV3003047085	grey	0.0145148606139495	ST8	29.703	5	G-A	SRPI	-0.851677129492211
LV3003047085	leiden3	0.0223202986585674	ST8	29.703	5	G-A	SRPI	0.0230924631470345
LV3003047085	leiden5	0.0426519506815634	ST8	29.703	5	G-A	SRPI	-0.133434100379356
LV3003047087	leiden4	0.639679559940627	ST8	94.9015	2	IG-E	SRPI	-0.873212609221726
LV3003047087	grey	0.0689339037806688	ST8	94.9015	2	IG-E	SRPI	0.197795495047137
LV3003047087	leiden2	0.164236444599668	ST8	94.9015	2	IG-E	SRPI	-1.58463846575687
LV3003047087	leiden3	0.06762420326552	ST8	94.9015	2	IG-E	SRPI	-0.248427846619378
LV3003047087	leiden5	0.0569064873832184	ST8	94.9015	2	IG-E	SRPI	-1.93839595825466
LV3003047087	leiden1	0.00261940103029774	ST8	94.9015	2	IG-E	SRPI	-9.21034037197618
LV3003047088	leiden3	0.109364810225642	ST8	93.52	2	IG-E	SRPI	-0.409159271850922
LV3003047088	leiden4	0.652189035259337	ST8	93.52	2	IG-E	SRPI	-0.747271257351638
LV3003047088	leiden5	0.0909308290943872	ST8	93.52	2	IG-E	SRPI	-1.50168734750138
LV3003047088	leiden2	0.0264336333202904	ST8	93.52	2	IG-E	SRPI	-0.683265360351361
LV3003047088	leiden1	0.0449545671927308	ST8	93.52	2	IG-E	SRPI	-0.380618898964593
LV3003047088	grey	0.0761271249076127	ST8	93.52	2	IG-E	SRPI	0.158372851316631
LV3003047089	leiden4	0.560686434051187	ST8	92.1385	2	IG-E	SRPI	-0.557942843389116
LV3003047089	leiden3	0.177906460680094	ST8	92.1385	2	IG-E	SRPI	-0.352299976735296
LV3003047089	grey	0.12903748476587	ST8	92.1385	2	IG-E	SRPI	0.216607991886421
LV3003047089	leiden5	0.102091566808265	ST8	92.1385	2	IG-E	SRPI	-1.84509102459762
LV3003047089	leiden1	0.00535396016935421	ST8	92.1385	2	IG-E	SRPI	-0.332169669646397
LV3003047089	leiden2	0.0249240935252305	ST8	92.1385	2	IG-E	SRPI	-0.596767747065799
LV3003047090	leiden1	0.0103750997605746	ST8	90.757	2	IG-E	SRPI	-0.465518025070606
LV3003047090	leiden3	0.117780962054705	ST8	90.757	2	IG-E	SRPI	-0.107127707149384
LV3003047090	leiden4	0.665584415584416	ST8	90.757	2	IG-E	SRPI	-0.494046355990877
LV3003047090	grey	0.0645360226365813	ST8	90.757	2	IG-E	SRPI	0.25645343696118
LV3003047090	leiden2	0.023652325328303	ST8	90.757	2	IG-E	SRPI	-0.664209237564274
LV3003047090	leiden5	0.116075963143002	ST8	90.757	2	IG-E	SRPI	-2.12929524308148
LV3003047090	leiden6	0.0019952114924182	ST8	90.757	2	IG-E	SRPI	-9.21034037197618
LV3003047091	leiden4	0.686357682792155	ST8	89.37525	1	IG-D	SRPI	-0.658725305500609
LV3003047091	leiden5	0.0699922097711727	ST8	89.37525	1	IG-D	SRPI	-1.64615621874177
LV3003047091	grey	0.031880013354678	ST8	89.37525	1	IG-D	SRPI	0.183291997080177
LV3003047091	leiden3	0.122905840959482	ST8	89.37525	1	IG-D	SRPI	-0.412821831411713
LV3003047091	leiden2	0.0515439206252729	ST8	89.37525	1	IG-D	SRPI	-0.499156229839309
LV3003047091	leiden1	0.0373203324972392	ST8	89.37525	1	IG-D	SRPI	-0.464287087154427
LV3003047093	leiden3	0.103283772177436	ST8	79.675	1	IG-D	SRPI	-0.714706290857455
LV3003047093	leiden4	0.693386167648168	ST8	79.675	1	IG-D	SRPI	-0.647139447118245
LV3003047093	leiden1	0.00465288015689758	ST8	79.675	1	IG-D	SRPI	-0.404968056613711
LV3003047093	grey	0.0385287373544135	ST8	79.675	1	IG-D	SRPI	0.555348754812226
LV3003047093	leiden5	0.071607263737234	ST8	79.675	1	IG-D	SRPI	-1.50411517074089
LV3003047093	leiden2	0.0882334841483678	ST8	79.675	1	IG-D	SRPI	-1.04130829282528
LV3003047094	leiden4	0.805451258517591	ST8	50.6848	4	IG-B	SRPI	-0.724114744261123
LV3003047094	leiden5	0.0112040302903882	ST8	50.6848	4	IG-B	SRPI	0.395785883224883
LV3003047094	leiden2	0.114325356190187	ST8	50.6848	4	IG-B	SRPI	-1.04904323973847
LV3003047094	leiden6	0.00223448502547376	ST8	50.6848	4	IG-B	SRPI	-9.21034037197618
LV3003047094	leiden3	0.0603247746551877	ST8	50.6848	4	IG-B	SRPI	0.0141442590830294
LV3003047094	grey	0.000410867119252601	ST8	50.6848	4	IG-B	SRPI	-9.21034037197618
LV3003047094	leiden1	0.00604922820191907	ST8	50.6848	4	IG-B	SRPI	-2.21583756256289
LV3003047095	leiden4	0.823780739675663	ST8	40.9751666666667	4	IG-B	SRPI	-0.684805433765841
LV3003047095	leiden1	0.0106041830238476	ST8	40.9751666666667	4	IG-B	SRPI	-0.77387337595423
LV3003047095	leiden2	0.130387621831437	ST8	40.9751666666667	4	IG-B	SRPI	-0.925195346348842
LV3003047095	leiden6	0.0015103787298314	ST8	40.9751666666667	4	IG-B	SRPI	-1.26647081413828
LV3003047095	leiden3	0.0289399916125106	ST8	40.9751666666667	4	IG-B	SRPI	0.0591738377729988
LV3003047095	leiden5	0.004777085126711	ST8	40.9751666666667	4	IG-B	SRPI	0.630094761209003
LV3003047096	leiden1	0.0181585728479747	ST8	36.89377	5	G-A	SRPI	-0.648148342395144
LV3003047096	leiden4	0.777931653800588	ST8	36.89377	5	G-A	SRPI	-0.624265631293867
LV3003047096	leiden2	0.146274787714202	ST8	36.89377	5	G-A	SRPI	-0.879955004273932
LV3003047096	leiden6	0.0244392391071103	ST8	36.89377	5	G-A	SRPI	-1.90430192363785
LV3003047096	leiden3	0.0225458427326939	ST8	36.89377	5	G-A	SRPI	0.287641546944298
LV3003047096	leiden5	0.0106499037974318	ST8	36.89377	5	G-A	SRPI	0.0845714292432617
LV3003047097	leiden1	0.0239862146073559	ST8	32.835	5	G-A	SRPI	-1.06811054355279
LV3003047097	leiden4	0.69073171930385	ST8	32.835	5	G-A	SRPI	-0.814728062416256
LV3003047097	leiden2	0.188520158986614	ST8	32.835	5	G-A	SRPI	-1.0720556424231
LV3003047097	leiden6	0.0424312419754148	ST8	32.835	5	G-A	SRPI	-1.10956223934615
LV3003047097	leiden3	0.0314379442318207	ST8	32.835	5	G-A	SRPI	-0.19538514856237
LV3003047097	leiden5	0.00844693176722099	ST8	32.835	5	G-A	SRPI	0.671113632675844
LV3003047097	grey	0.0144457891277238	ST8	32.835	5	G-A	SRPI	-0.283201098110412
LV3003047098	leiden4	0.679412195360037	ST8	29.278	5	G-A	SRPI	-0.747157013692055
LV3003047098	leiden3	0.0252497315589106	ST8	29.278	5	G-A	SRPI	0.482587958866923
LV3003047098	leiden2	0.161922851657827	ST8	29.278	5	G-A	SRPI	-0.819516071680431
LV3003047098	leiden6	0.0616112973025738	ST8	29.278	5	G-A	SRPI	-1.12498052781862
LV3003047098	grey	0.0151384505254938	ST8	29.278	5	G-A	SRPI	-0.936082118915878
LV3003047098	leiden5	0.0194985845833469	ST8	29.278	5	G-A	SRPI	0.421823965348991
LV3003047098	leiden1	0.0371668890118114	ST8	29.278	5	G-A	SRPI	-1.22262962640808
LV3003047099	leiden4	0.671455921523158	ST8	25.058	3	IG-A	SRPI	-0.829089738827426
LV3003047099	leiden1	0.0578196937187847	ST8	25.058	3	IG-A	SRPI	-0.339348284168752
LV3003047099	leiden2	0.204836270835948	ST8	25.058	3	IG-A	SRPI	-0.708804363136725
LV3003047099	leiden6	0.00597660755801792	ST8	25.058	3	IG-A	SRPI	-1.14341493052477
LV3003047099	leiden3	0.0351105772008359	ST8	25.058	3	IG-A	SRPI	-0.361527120997293
LV3003047099	leiden5	0.0202646840267194	ST8	25.058	3	IG-A	SRPI	-0.0388242116163751
LV3003047099	grey	0.0045362451365356	ST8	25.058	3	IG-A	SRPI	-3.07124341063405
LV3003047100	leiden3	0.115572961501957	ST8	86.61175	1	IG-D	SRPI	-0.593309775962716
LV3003047100	leiden4	0.694494108150208	ST8	86.61175	1	IG-D	SRPI	-0.682274017085377
LV3003047100	leiden5	0.0734675987677094	ST8	86.61175	1	IG-D	SRPI	-1.59404738354212
LV3003047100	grey	0.033336171259377	ST8	86.61175	1	IG-D	SRPI	0.601934812266419
LV3003047100	leiden2	0.074517631403859	ST8	86.61175	1	IG-D	SRPI	-0.692229071913699
LV3003047100	leiden1	0.0081984530149811	ST8	86.61175	1	IG-D	SRPI	-0.661083398597367
LV3003047100	leiden6	0.000413075901908663	ST8	86.61175	1	IG-D	SRPI	-9.21034037197618
LV3003047101	leiden4	0.784229019065722	ST8	85.23	1	IG-D	SRPI	-0.590993549588026
LV3003047101	leiden1	0.00996966380584836	ST8	85.23	1	IG-D	SRPI	-1.0707864738079
LV3003047101	grey	0.0213169364283931	ST8	85.23	1	IG-D	SRPI	0.122134417721805
LV3003047101	leiden2	0.0820469251003206	ST8	85.23	1	IG-D	SRPI	-0.645136809859963
LV3003047101	leiden3	0.0704548509110458	ST8	85.23	1	IG-D	SRPI	-0.503289199092744
LV3003047101	leiden5	0.03198260468867	ST8	85.23	1	IG-D	SRPI	-1.8419709453571
LV3003047104	leiden4	0.788166470534987	ST8	83.84125	2	IG-E	SRPI	-0.464013323354747
LV3003047104	leiden5	0.0706300353037024	ST8	83.84125	2	IG-E	SRPI	-2.27480093495926
LV3003047104	grey	0.0449895899339187	ST8	83.84125	2	IG-E	SRPI	0.493867881700043
LV3003047104	leiden2	0.0366615370688875	ST8	83.84125	2	IG-E	SRPI	-1.30531639992595
LV3003047104	leiden3	0.0538720919706708	ST8	83.84125	2	IG-E	SRPI	-0.0747466613635981
LV3003047104	leiden1	0.0056802751878338	ST8	83.84125	2	IG-E	SRPI	-0.331769802716132
LV3003047105	leiden4	0.678319761348061	ST8	82.4525	2	IG-E	SRPI	-0.542021235476696
LV3003047105	leiden5	0.100104813351608	ST8	82.4525	2	IG-E	SRPI	-1.64877036404574
LV3003047105	grey	0.0564863339514634	ST8	82.4525	2	IG-E	SRPI	0.436398390180725
LV3003047105	leiden2	0.0297669918568088	ST8	82.4525	2	IG-E	SRPI	-1.30326611573078
LV3003047105	leiden3	0.135322099492058	ST8	82.4525	2	IG-E	SRPI	0.305748841447375
LV3003047106	leiden3	0.0858510667736669	ST8	81.06375	2	IG-E	SRPI	-0.175376353453246
LV3003047106	leiden4	0.698851592550571	ST8	81.06375	2	IG-E	SRPI	-0.601293870905848
LV3003047106	leiden1	0.00277278135982511	ST8	81.06375	2	IG-E	SRPI	-0.747763933723727
LV3003047106	leiden5	0.0935329440739408	ST8	81.06375	2	IG-E	SRPI	-1.78590532703301
LV3003047106	grey	0.0598776876885187	ST8	81.06375	2	IG-E	SRPI	0.47004914541977
LV3003047106	leiden2	0.0576694246893765	ST8	81.06375	2	IG-E	SRPI	-0.922280919094316
LV3003047106	leiden6	0.00144450286410051	ST8	81.06375	2	IG-E	SRPI	-9.21034037197618
LV3003047107	leiden4	0.727265814259177	ST8	71.517	1	IG-D	SRPI	-0.771494312503924
LV3003047107	leiden3	0.0598350949996198	ST8	71.517	1	IG-D	SRPI	-0.567945288582153
LV3003047107	leiden5	0.0454738031351504	ST8	71.517	1	IG-D	SRPI	-1.69955974624584
LV3003047107	leiden2	0.138804094742522	ST8	71.517	1	IG-D	SRPI	-0.822288621684786
LV3003047107	grey	0.0200355592249393	ST8	71.517	1	IG-D	SRPI	0.656768428417051
LV3003047107	leiden1	0.00719150923924261	ST8	71.517	1	IG-D	SRPI	-0.467791143183162
LV3003047107	leiden6	0.00139412439934965	ST8	71.517	1	IG-D	SRPI	-1.5581106811396
LV3003047110	leiden1	0.00909806765200741	ST8	49.1548	4	IG-B	SRPI	0.163760206721784
LV3003047110	leiden4	0.763325609984081	ST8	49.1548	4	IG-B	SRPI	-0.920096314075571
LV3003047110	leiden6	0.00525149982155098	ST8	49.1548	4	IG-B	SRPI	-9.21034037197618
LV3003047110	leiden2	0.153766407396287	ST8	49.1548	4	IG-B	SRPI	-1.01457423565166
LV3003047110	leiden5	0.0112167957353516	ST8	49.1548	4	IG-B	SRPI	0.65280762976532
LV3003047110	leiden3	0.0573416194107217	ST8	49.1548	4	IG-B	SRPI	0.459769427457216
LV3003047112	leiden4	0.717683027801459	ST8	40.0335	4	IG-B	SRPI	-1.0381831891328
LV3003047112	leiden2	0.22858159203675	ST8	40.0335	4	IG-B	SRPI	-0.911524315789227
LV3003047112	leiden6	0.00421039074143356	ST8	40.0335	4	IG-B	SRPI	-1.56594310140782
LV3003047112	leiden3	0.0224288404099381	ST8	40.0335	4	IG-B	SRPI	-0.105510897406217
LV3003047112	leiden5	0.00376573913363467	ST8	40.0335	4	IG-B	SRPI	0.255844465630032
LV3003047112	leiden1	0.0219995216162013	ST8	40.0335	4	IG-B	SRPI	-1.36116755638044
LV3003047112	grey	0.00133088826058424	ST8	40.0335	4	IG-B	SRPI	-0.108685998702557
LV3003047113	leiden1	0.0255930075498801	ST8	36.48927	5	G-A	SRPI	-0.907740984770876
LV3003047113	leiden4	0.74020639768036	ST8	36.48927	5	G-A	SRPI	-0.716182147353379
LV3003047113	leiden2	0.17669538910554	ST8	36.48927	5	G-A	SRPI	-0.868396577056789
LV3003047113	leiden6	0.0227772813954419	ST8	36.48927	5	G-A	SRPI	-1.56794141923546
LV3003047113	leiden3	0.0246747531476885	ST8	36.48927	5	G-A	SRPI	0.174584514400221
LV3003047113	leiden5	0.0084605141081597	ST8	36.48927	5	G-A	SRPI	0.0908890780124496
LV3003047113	grey	0.00159265701292986	ST8	36.48927	5	G-A	SRPI	-1.99971910880427
LV3003047114	leiden3	0.0322884697696868	ST8	32.3855	5	G-A	SRPI	-0.56452021062536
LV3003047114	leiden4	0.72523609605945	ST8	32.3855	5	G-A	SRPI	-1.04758909395325
LV3003047114	leiden6	0.039282559399674	ST8	32.3855	5	G-A	SRPI	-0.558551777873412
LV3003047114	grey	0.00104729206699026	ST8	32.3855	5	G-A	SRPI	0.0147794011207723
LV3003047114	leiden2	0.189883158632874	ST8	32.3855	5	G-A	SRPI	-0.920792871400121
LV3003047114	leiden5	0.00477200907045999	ST8	32.3855	5	G-A	SRPI	0.865119218500258
LV3003047114	leiden1	0.00749041500086516	ST8	32.3855	5	G-A	SRPI	-1.28471309145976
LV3003047117	leiden1	0.0243973578107575	ST8	28.7616666666667	5	G-A	SRPI	-1.04458948302147
LV3003047117	leiden4	0.687875096508536	ST8	28.7616666666667	5	G-A	SRPI	-0.898138263706366
LV3003047117	leiden6	0.0234194046495668	ST8	28.7616666666667	5	G-A	SRPI	-1.08830393644355
LV3003047117	leiden2	0.220187012095736	ST8	28.7616666666667	5	G-A	SRPI	-0.958518598620191
LV3003047117	leiden5	0.0100712018529639	ST8	28.7616666666667	5	G-A	SRPI	0.26666631863163
LV3003047117	leiden3	0.0290640816676675	ST8	28.7616666666667	5	G-A	SRPI	0.0525484464237794
LV3003047117	grey	0.00498584541477224	ST8	28.7616666666667	5	G-A	SRPI	-0.579930343557204
LV3003047118	leiden1	0.0700427752549014	ST8	24.528	3	IG-A	SRPI	0.132888377723191
LV3003047118	leiden2	0.221388082023029	ST8	24.528	3	IG-A	SRPI	-0.779739912778485
LV3003047118	leiden4	0.653007526202306	ST8	24.528	3	IG-A	SRPI	-0.920763918694605
LV3003047118	leiden5	0.0147796612224056	ST8	24.528	3	IG-A	SRPI	0.308774566519287
LV3003047118	grey	0.00141978086583904	ST8	24.528	3	IG-A	SRPI	-0.53284423342937
LV3003047118	leiden6	0.00458436180319746	ST8	24.528	3	IG-A	SRPI	-2.21791437244593
LV3003047118	leiden3	0.034777812628322	ST8	24.528	3	IG-A	SRPI	-0.556810753530328
LV3003047122	leiden4	0.756766667430615	ST8	76.951	2	IG-E	SRPI	-0.601409127035471
LV3003047122	leiden2	0.103980931863498	ST8	76.951	2	IG-E	SRPI	-0.621719684717441
LV3003047122	leiden3	0.0619026883322256	ST8	76.951	2	IG-E	SRPI	0.0141435910795609
LV3003047122	leiden5	0.0436825338619852	ST8	76.951	2	IG-E	SRPI	-0.88840424958442
LV3003047122	leiden1	0.00786102262049366	ST8	76.951	2	IG-E	SRPI	0.519173773178265
LV3003047122	grey	0.0258061558911833	ST8	76.951	2	IG-E	SRPI	0.262865690634077
LV3003047123	leiden4	0.759338334295057	ST8	75.589	2	IG-E	SRPI	-0.471221054963631
LV3003047123	leiden3	0.0551644547028275	ST8	75.589	2	IG-E	SRPI	-0.596116278869462
LV3003047123	leiden1	0.0578188113098673	ST8	75.589	2	IG-E	SRPI	-0.873455913049997
LV3003047123	leiden2	0.0899788420850164	ST8	75.589	2	IG-E	SRPI	0.16700302951482
LV3003047123	leiden5	0.0211963839199846	ST8	75.589	2	IG-E	SRPI	-1.26418151572448
LV3003047123	grey	0.0165031736872475	ST8	75.589	2	IG-E	SRPI	-0.3317941891592
LV3003047124	leiden3	0.0496229347763514	ST8	74.227	2	IG-E	SRPI	-0.0395953829879063
LV3003047124	leiden1	0.0447153301479477	ST8	74.227	2	IG-E	SRPI	0.286932053261363
LV3003047124	leiden4	0.763744171320016	ST8	74.227	2	IG-E	SRPI	-0.416081358351514
LV3003047124	leiden2	0.083932991767889	ST8	74.227	2	IG-E	SRPI	0.272191958409841
LV3003047124	leiden5	0.032654999712164	ST8	74.227	2	IG-E	SRPI	-0.269991680676067
LV3003047124	grey	0.0253295722756318	ST8	74.227	2	IG-E	SRPI	0.0721245712132638
LV3003047125	leiden4	0.793503997325831	ST8	72.872	2	IG-E	SRPI	-0.588052593829696
LV3003047125	leiden3	0.0754802826448276	ST8	72.872	2	IG-E	SRPI	-0.504839752350633
LV3003047125	leiden1	0.0058126038794024	ST8	72.872	2	IG-E	SRPI	0.236991195926451
LV3003047125	leiden2	0.0676806224871631	ST8	72.872	2	IG-E	SRPI	-0.86050309666763
LV3003047125	leiden5	0.0360641429194871	ST8	72.872	2	IG-E	SRPI	-1.51467777533519
LV3003047125	grey	0.021458350743289	ST8	72.872	2	IG-E	SRPI	0.302024822256118
LV3003047126	leiden4	0.73531741541247	ST8	64.210824	4	IG-B	SRPI	-0.843993668029075
LV3003047126	leiden5	0.0118252800724228	ST8	64.210824	4	IG-B	SRPI	-0.0420822349730718
LV3003047126	grey	0.00705367583267323	ST8	64.210824	4	IG-B	SRPI	1.09292799018762
LV3003047126	leiden3	0.027032803993311	ST8	64.210824	4	IG-B	SRPI	-0.0975620454245866
LV3003047126	leiden2	0.20314837866043	ST8	64.210824	4	IG-B	SRPI	-1.02322071043037
LV3003047126	leiden1	0.0142016521443929	ST8	64.210824	4	IG-B	SRPI	-0.744600219573361
LV3003047126	leiden6	0.0014207938842996	ST8	64.210824	4	IG-B	SRPI	-0.681360659857906
LV3003047127	leiden4	0.775347871450265	ST8	47.6248	2	IG-E	SRPI	-0.769373229098664
LV3003047127	leiden1	0.00823321591272998	ST8	47.6248	2	IG-E	SRPI	0.273141243593124
LV3003047127	leiden5	0.0221687344400483	ST8	47.6248	2	IG-E	SRPI	0.398447118976047
LV3003047127	leiden2	0.143941819984918	ST8	47.6248	2	IG-E	SRPI	-1.06994003159414
LV3003047127	leiden3	0.0487794799747942	ST8	47.6248	2	IG-E	SRPI	0.290567622701489
LV3003047127	leiden6	0.00152887823724471	ST8	47.6248	2	IG-E	SRPI	-9.21034037197618
LV3003047128	leiden1	0.0501688645455985	ST8	39.57797	5	G-A	SRPI	-1.42723331857028
LV3003047128	leiden4	0.689281572049724	ST8	39.57797	5	G-A	SRPI	-0.785308951185317
LV3003047128	leiden2	0.197149995657039	ST8	39.57797	5	G-A	SRPI	-0.765422123864003
LV3003047128	leiden6	0.0186083108947011	ST8	39.57797	5	G-A	SRPI	-1.53983240279518
LV3003047128	leiden3	0.0319539748312632	ST8	39.57797	5	G-A	SRPI	0.173665135394874
LV3003047128	leiden5	0.00913554637005094	ST8	39.57797	5	G-A	SRPI	0.171773441662354
LV3003047128	grey	0.00370173565162299	ST8	39.57797	5	G-A	SRPI	-2.26954003707955
LV3003047129	leiden4	0.708119441833562	ST8	36.0373	5	G-A	SRPI	-0.882464945967535
LV3003047129	leiden2	0.213752922179645	ST8	36.0373	5	G-A	SRPI	-0.842120206362957
LV3003047129	leiden1	0.0262002024437857	ST8	36.0373	5	G-A	SRPI	-0.913174977597693
LV3003047129	leiden6	0.0242209529318198	ST8	36.0373	5	G-A	SRPI	-1.54882004817875
LV3003047129	leiden3	0.0194791892608392	ST8	36.0373	5	G-A	SRPI	0.15868427403966
LV3003047129	leiden5	0.00790494782252428	ST8	36.0373	5	G-A	SRPI	0.105932509011307
LV3003047129	grey	0.00032234352782397	ST8	36.0373	5	G-A	SRPI	-9.21034037197618
LV3003047130	leiden1	0.0132058557544595	ST8	31.936	5	G-A	SRPI	-0.546345970389073
LV3003047130	leiden4	0.638335683059462	ST8	31.936	5	G-A	SRPI	-0.949482926241343
LV3003047130	leiden2	0.243352644527903	ST8	31.936	5	G-A	SRPI	-1.16421765022937
LV3003047130	leiden6	0.0742947859774663	ST8	31.936	5	G-A	SRPI	-0.626871706093638
LV3003047130	grey	0.00227864197677128	ST8	31.936	5	G-A	SRPI	0.0147794011207723
LV3003047130	leiden3	0.0221229676843548	ST8	31.936	5	G-A	SRPI	-0.0738160172416167
LV3003047130	leiden5	0.00640942101958368	ST8	31.936	5	G-A	SRPI	0.48679630204972
LV3003047131	leiden4	0.703206336162315	ST8	28.2453333333333	5	G-A	SRPI	-0.819705750105299
LV3003047131	leiden2	0.205709913713711	ST8	28.2453333333333	5	G-A	SRPI	-0.996526779288001
LV3003047131	leiden6	0.0203289930432565	ST8	28.2453333333333	5	G-A	SRPI	-1.2958719856259
LV3003047131	leiden3	0.0361835673500616	ST8	28.2453333333333	5	G-A	SRPI	-0.0357374019180323
LV3003047131	leiden5	0.012012071579365	ST8	28.2453333333333	5	G-A	SRPI	0.510617426487819
LV3003047131	leiden1	0.0176001360177957	ST8	28.2453333333333	5	G-A	SRPI	-0.663275812732733
LV3003047131	grey	0.0049589821334958	ST8	28.2453333333333	5	G-A	SRPI	-0.687879031682502
LV3003047132	leiden1	0.0605498141533637	ST8	23.987	3	IG-A	SRPI	-0.951485120109466
LV3003047132	leiden2	0.211011132130785	ST8	23.987	3	IG-A	SRPI	-0.914291326062315
LV3003047132	leiden3	0.0311830333751794	ST8	23.987	3	IG-A	SRPI	-0.526232019991577
LV3003047132	leiden4	0.680693799158355	ST8	23.987	3	IG-A	SRPI	-0.954862474459961
LV3003047132	leiden6	0.00363886907835257	ST8	23.987	3	IG-A	SRPI	-1.74985907647437
LV3003047132	grey	0.0031136364889856	ST8	23.987	3	IG-A	SRPI	-1.17197225982237
LV3003047132	leiden5	0.00980971561497821	ST8	23.987	3	IG-A	SRPI	0.114518486607443
LV3003047133	leiden3	0.0661596471686185	ST8	70.162	1	IG-D	SRPI	-0.492145598250284
LV3003047133	leiden4	0.729995183189331	ST8	70.162	1	IG-D	SRPI	-0.718422370992345
LV3003047133	leiden6	0.00762410813739952	ST8	70.162	1	IG-D	SRPI	-2.49124428335423
LV3003047133	leiden2	0.125173104133426	ST8	70.162	1	IG-D	SRPI	-0.967905419873596
LV3003047133	grey	0.0220858295451124	ST8	70.162	1	IG-D	SRPI	0.565852655420781
LV3003047133	leiden5	0.0417218592889183	ST8	70.162	1	IG-D	SRPI	-0.852951089402836
LV3003047133	leiden1	0.00724026853719481	ST8	70.162	1	IG-D	SRPI	0.0428789370342708
LV3003047134	leiden1	0.0117168196341606	ST8	68.807	1	IG-D	SRPI	-0.848680619468269
LV3003047134	leiden3	0.200600553021815	ST8	68.807	1	IG-D	SRPI	-0.667436477513226
LV3003047134	leiden4	0.633987076038614	ST8	68.807	1	IG-D	SRPI	-0.878243205145936
LV3003047134	leiden5	0.0480593310171301	ST8	68.807	1	IG-D	SRPI	-0.753692625556364
LV3003047134	leiden2	0.0918182195413616	ST8	68.807	1	IG-D	SRPI	-0.941898244655725
LV3003047134	grey	0.0126448098563124	ST8	68.807	1	IG-D	SRPI	-0.602624066334796
LV3003047134	leiden6	0.00117319089060655	ST8	68.807	1	IG-D	SRPI	-9.21034037197618
LV3003047136	leiden3	0.121755465729093	ST8	67.8766	1	IG-D	SRPI	-0.472101634709343
LV3003047136	leiden4	0.675765859934068	ST8	67.8766	1	IG-D	SRPI	-0.930422644381642
LV3003047136	leiden5	0.0310985548985067	ST8	67.8766	1	IG-D	SRPI	-0.963332834498198
LV3003047136	leiden2	0.153391273838327	ST8	67.8766	1	IG-D	SRPI	-1.05517729486363
LV3003047136	leiden1	0.00968883171182761	ST8	67.8766	1	IG-D	SRPI	-1.03369030234527
LV3003047136	grey	0.00830001388817824	ST8	67.8766	1	IG-D	SRPI	-0.45395161430702
LV3003047137	leiden4	0.718257855474343	ST8	66.9462	1	IG-D	SRPI	-0.587691546240318
LV3003047137	leiden3	0.0329490367467912	ST8	66.9462	1	IG-D	SRPI	-0.0791911926793661
LV3003047137	leiden5	0.0511591691156155	ST8	66.9462	1	IG-D	SRPI	-0.885283742242531
LV3003047137	leiden2	0.145148569562706	ST8	66.9462	1	IG-D	SRPI	-0.959291773658543
LV3003047137	grey	0.0229271845879487	ST8	66.9462	1	IG-D	SRPI	0.203887358149019
LV3003047137	leiden1	0.0263331072765177	ST8	66.9462	1	IG-D	SRPI	-1.33515748158028
LV3003047137	leiden6	0.00322507723607867	ST8	66.9462	1	IG-D	SRPI	-1.69188463571503
LV3003047138	leiden4	0.679617476249622	ST8	66.0158	1	IG-D	SRPI	-0.768223667363939
LV3003047138	leiden5	0.036519352781228	ST8	66.0158	1	IG-D	SRPI	-0.981808381211479
LV3003047138	grey	0.0290921145389238	ST8	66.0158	1	IG-D	SRPI	0.850700133562217
LV3003047138	leiden3	0.0994410688509181	ST8	66.0158	1	IG-D	SRPI	-0.317033681599022
LV3003047138	leiden2	0.138352244116956	ST8	66.0158	1	IG-D	SRPI	-0.926585315306913
LV3003047138	leiden1	0.0150936587330894	ST8	66.0158	1	IG-D	SRPI	-0.720804067529891
LV3003047138	leiden6	0.00188408472926248	ST8	66.0158	1	IG-D	SRPI	-9.21034037197618
LV3003047139	leiden4	0.713440208779942	ST8	58.6141266666667	4	IG-B	SRPI	-0.893345540930679
LV3003047139	leiden2	0.241277534408302	ST8	58.6141266666667	4	IG-B	SRPI	-0.726420780659774
LV3003047139	leiden3	0.0113658723501207	ST8	58.6141266666667	4	IG-B	SRPI	-0.288658692803378
LV3003047139	leiden1	0.0248133304336119	ST8	58.6141266666667	4	IG-B	SRPI	-0.804880074254967
LV3003047139	leiden5	0.00688166029763569	ST8	58.6141266666667	4	IG-B	SRPI	-0.01190685455422
LV3003047139	grey	0.00123238160333882	ST8	58.6141266666667	4	IG-B	SRPI	-9.21034037197618
LV3003047140	leiden4	0.790471959263183	ST8	46.0948	2	IG-E	SRPI	-0.894570832022108
LV3003047140	leiden2	0.174942756570179	ST8	46.0948	2	IG-E	SRPI	-0.605201101103918
LV3003047140	leiden3	0.0264515908547213	ST8	46.0948	2	IG-E	SRPI	0.416557230791965
LV3003047140	leiden1	0.00471617511363248	ST8	46.0948	2	IG-E	SRPI	-9.21034037197618
LV3003047140	leiden6	0.00341751819828441	ST8	46.0948	2	IG-E	SRPI	-2.09985253893996
LV3003047141	leiden4	0.878246988826005	ST8	39.15347	2	IG-E	SRPI	-0.608549255064054
LV3003047141	leiden3	0.051081120301843	ST8	39.15347	2	IG-E	SRPI	0.55675045058093
LV3003047141	leiden5	0.0277173124365114	ST8	39.15347	2	IG-E	SRPI	1.10358745409469
LV3003047141	leiden2	0.0429545784356407	ST8	39.15347	2	IG-E	SRPI	-0.256727083333762
LV3003047142	leiden4	0.627681739672673	ST8	35.5823	4	IG-B	SRPI	-0.976249194725698
LV3003047142	leiden3	0.0183508940369492	ST8	35.5823	4	IG-B	SRPI	0.00151539703364195
LV3003047142	leiden1	0.0360633670030337	ST8	35.5823	4	IG-B	SRPI	-1.18569377707571
LV3003047142	leiden6	0.0182024240204691	ST8	35.5823	4	IG-B	SRPI	-1.32075898478686
LV3003047142	leiden5	0.015589351730418	ST8	35.5823	4	IG-B	SRPI	-0.627774074312906
LV3003047142	leiden2	0.272294010224635	ST8	35.5823	4	IG-B	SRPI	-1.1598581391219
LV3003047142	grey	0.0118182133118217	ST8	35.5823	4	IG-B	SRPI	-2.68210768145258
LV3003047143	leiden4	0.694732335158419	ST8	31.398	5	G-A	SRPI	-0.757512077790126
LV3003047143	leiden2	0.19102680540779	ST8	31.398	5	G-A	SRPI	-1.10600498837828
LV3003047143	leiden6	0.0436775047357085	ST8	31.398	5	G-A	SRPI	-0.934501571615092
LV3003047143	leiden3	0.0350727871915302	ST8	31.398	5	G-A	SRPI	-0.26769324314024
LV3003047143	leiden5	0.0181254378908581	ST8	31.398	5	G-A	SRPI	0.648269019083977
LV3003047143	leiden1	0.0141240885382879	ST8	31.398	5	G-A	SRPI	-0.829582809153214
LV3003047143	grey	0.00324104107740613	ST8	31.398	5	G-A	SRPI	-0.187346035910432
LV3003047144	leiden1	0.0506748558023252	ST8	27.729	5	G-A	SRPI	-0.912002863182654
LV3003047144	leiden4	0.608688949703668	ST8	27.729	5	G-A	SRPI	-0.876428256502748
LV3003047144	leiden2	0.274667761536196	ST8	27.729	5	G-A	SRPI	-1.0142442048822
LV3003047144	grey	0.00547333010774188	ST8	27.729	5	G-A	SRPI	-1.0307697318318
LV3003047144	leiden6	0.0262188690994953	ST8	27.729	5	G-A	SRPI	-1.49337268788629
LV3003047144	leiden3	0.0234058887903574	ST8	27.729	5	G-A	SRPI	-0.285842154471209
LV3003047144	leiden5	0.0108703449602169	ST8	27.729	5	G-A	SRPI	0.655546674300922
LV3003047145	leiden4	0.66274954930894	ST8	23.446	3	IG-A	SRPI	-0.806212557416947
LV3003047145	leiden5	0.0684646690817393	ST8	23.446	3	IG-A	SRPI	-0.331291723195057
LV3003047145	leiden1	0.049615612155693	ST8	23.446	3	IG-A	SRPI	-0.257272457301641
LV3003047145	leiden3	0.0299435879200821	ST8	23.446	3	IG-A	SRPI	-0.0750769718608738
LV3003047145	grey	0.0394216868966524	ST8	23.446	3	IG-A	SRPI	1.01885515419069
LV3003047145	leiden2	0.149804894636893	ST8	23.446	3	IG-A	SRPI	-0.854531193672032
LV3003047146	leiden4	0.666711919276306	ST8	63.2667	4	IG-B	SRPI	-0.878976361828811
LV3003047146	leiden1	0.0366650567180545	ST8	63.2667	4	IG-B	SRPI	-0.965109595586741
LV3003047146	leiden2	0.232420013836856	ST8	63.2667	4	IG-B	SRPI	-0.957852668603281
LV3003047146	leiden5	0.0177842755883927	ST8	63.2667	4	IG-B	SRPI	0.0525441327303016
LV3003047146	leiden6	0.0040831777774877	ST8	63.2667	4	IG-B	SRPI	-9.21034037197618
LV3003047146	leiden3	0.0397822653282337	ST8	63.2667	4	IG-B	SRPI	-0.556369250335473
LV3003047146	grey	0.00255329147466942	ST8	63.2667	4	IG-B	SRPI	-1.40504221706378
LV3003047147	leiden4	0.699362466573919	ST8	62.3217	4	IG-B	SRPI	-0.816592611250216
LV3003047147	leiden1	0.0255533452085311	ST8	62.3217	4	IG-B	SRPI	-0.735142084229045
LV3003047147	leiden3	0.0253323105060828	ST8	62.3217	4	IG-B	SRPI	-0.116085997438403
LV3003047147	leiden5	0.0139771944195239	ST8	62.3217	4	IG-B	SRPI	0.0439523155726447
LV3003047147	leiden2	0.225364382208007	ST8	62.3217	4	IG-B	SRPI	-0.881096899140324
LV3003047147	grey	0.0062583158889279	ST8	62.3217	4	IG-B	SRPI	0.73549523519099
LV3003047147	leiden6	0.00415198519500895	ST8	62.3217	4	IG-B	SRPI	-1.43361254544997
LV3003047148	leiden1	0.0275150807550107	ST8	61.3767	4	IG-B	SRPI	-0.67261731157234
LV3003047148	leiden4	0.742552593457439	ST8	61.3767	4	IG-B	SRPI	-0.752596887257597
LV3003047148	leiden5	0.0229789626170245	ST8	61.3767	4	IG-B	SRPI	0.341822158396418
LV3003047148	grey	0.00763659164126181	ST8	61.3767	4	IG-B	SRPI	0.644527044683518
LV3003047148	leiden2	0.17926098895159	ST8	61.3767	4	IG-B	SRPI	-0.861617337270794
LV3003047148	leiden3	0.0189747248708136	ST8	61.3767	4	IG-B	SRPI	0.128078285636516
LV3003047148	leiden6	0.00108105770686039	ST8	61.3767	4	IG-B	SRPI	-1.16133267941412
LV3003047149	leiden1	0.0185355804171793	ST8	60.4317	4	IG-B	SRPI	-0.495642402314128
LV3003047149	leiden4	0.757360725628773	ST8	60.4317	4	IG-B	SRPI	-0.771889724177546
LV3003047149	leiden5	0.0205728347019943	ST8	60.4317	4	IG-B	SRPI	0.206602930479138
LV3003047149	leiden2	0.176869152193196	ST8	60.4317	4	IG-B	SRPI	-0.907316890520857
LV3003047149	grey	0.00205442215800166	ST8	60.4317	4	IG-B	SRPI	1.01242667569772
LV3003047149	leiden3	0.0246072849008555	ST8	60.4317	4	IG-B	SRPI	0.0573767443839072
LV3003047150	leiden1	0.037356220760491	ST8	59.5217933333333	4	IG-B	SRPI	-0.507682295706607
LV3003047150	leiden4	0.672033162236828	ST8	59.5217933333333	4	IG-B	SRPI	-0.836141603822785
LV3003047150	leiden5	0.0100709730313304	ST8	59.5217933333333	4	IG-B	SRPI	-0.020129547650058
LV3003047150	leiden2	0.262570452165584	ST8	59.5217933333333	4	IG-B	SRPI	-0.723452724844557
LV3003047150	leiden6	0.00232157304161244	ST8	59.5217933333333	4	IG-B	SRPI	-9.21034037197618
LV3003047150	leiden3	0.0148791726757888	ST8	59.5217933333333	4	IG-B	SRPI	-0.298029455003544
LV3003047150	grey	0.000768446088365889	ST8	59.5217933333333	4	IG-B	SRPI	-1.02436680248209
LV3003047152	leiden1	0.00864060441384925	ST8	45.00002	4	IG-B	SRPI	-0.631646449978235
LV3003047152	leiden4	0.718955415195324	ST8	45.00002	4	IG-B	SRPI	-0.932847735589744
LV3003047152	leiden2	0.214233431998086	ST8	45.00002	4	IG-B	SRPI	-0.936673193793657
LV3003047152	leiden6	0.00900836567609159	ST8	45.00002	4	IG-B	SRPI	-1.46768316136065
LV3003047152	leiden3	0.0415320291495432	ST8	45.00002	4	IG-B	SRPI	-0.0134233539026549
LV3003047152	leiden5	0.0068053686003292	ST8	45.00002	4	IG-B	SRPI	0.255348618517397
LV3003047152	grey	0.000824784966776519	ST8	45.00002	4	IG-B	SRPI	-0.270909777561797
LV3003047153	leiden1	0.0207829666598345	ST8	38.71393	4	IG-B	SRPI	-0.164757286233938
LV3003047153	leiden4	0.727413710930072	ST8	38.71393	4	IG-B	SRPI	-0.806724586966872
LV3003047153	leiden2	0.183908017592426	ST8	38.71393	4	IG-B	SRPI	-0.859856520943721
LV3003047153	leiden6	0.0167972598883311	ST8	38.71393	4	IG-B	SRPI	-1.6702962027566
LV3003047153	leiden3	0.0390199211254806	ST8	38.71393	4	IG-B	SRPI	0.229891978027589
LV3003047153	leiden5	0.00674409243678803	ST8	38.71393	4	IG-B	SRPI	0.36301023061168
LV3003047153	grey	0.00533403136706779	ST8	38.71393	4	IG-B	SRPI	-2.69230675558092
LV3003047154	leiden4	0.750351852185994	ST8	35.13012	4	IG-B	SRPI	-0.914744562593388
LV3003047154	leiden2	0.185529853304704	ST8	35.13012	4	IG-B	SRPI	-0.898926778370358
LV3003047154	grey	0.00409592031901265	ST8	35.13012	4	IG-B	SRPI	1.01242667569772
LV3003047154	leiden5	0.0171460276790386	ST8	35.13012	4	IG-B	SRPI	0.0620530751195
LV3003047154	leiden3	0.0304622796412912	ST8	35.13012	4	IG-B	SRPI	-0.0201304224016927
LV3003047154	leiden1	0.0107675790765233	ST8	35.13012	4	IG-B	SRPI	-0.892868018128638
LV3003047154	leiden6	0.0016464877934357	ST8	35.13012	4	IG-B	SRPI	-0.948523714282002
LV3003047155	leiden4	0.667565818652435	ST8	30.9475	5	G-A	SRPI	-0.63839246097825
LV3003047155	leiden1	0.0216596261369668	ST8	30.9475	5	G-A	SRPI	-0.756866369195562
LV3003047155	leiden2	0.124013901713721	ST8	30.9475	5	G-A	SRPI	-0.933146939249211
LV3003047155	leiden6	0.104408268320525	ST8	30.9475	5	G-A	SRPI	-1.0431312290647
LV3003047155	grey	0.0043806393915819	ST8	30.9475	5	G-A	SRPI	-0.610059701869226
LV3003047155	leiden5	0.0501974014265252	ST8	30.9475	5	G-A	SRPI	0.874715875077771
LV3003047155	leiden3	0.0277743443582454	ST8	30.9475	5	G-A	SRPI	0.0744053018352915
LV3003047156	leiden1	0.0538441362193227	ST8	27.1996666666667	5	G-A	SRPI	-0.952666760060496
LV3003047156	leiden4	0.620472046382531	ST8	27.1996666666667	5	G-A	SRPI	-1.00406489692122
LV3003047156	leiden2	0.261306916274208	ST8	27.1996666666667	5	G-A	SRPI	-0.942500308686525
LV3003047156	leiden6	0.0218367450800772	ST8	27.1996666666667	5	G-A	SRPI	-1.10359408583479
LV3003047156	grey	0.00303201130593757	ST8	27.1996666666667	5	G-A	SRPI	-0.751113886182836
LV3003047156	leiden3	0.0233635164284512	ST8	27.1996666666667	5	G-A	SRPI	-0.231291540674124
LV3003047156	leiden5	0.0161446283094726	ST8	27.1996666666667	5	G-A	SRPI	0.325215228065361
LV3003047158	leiden1	0.0428025619717454	ST8	57.70646	4	IG-B	SRPI	-0.949828289339181
LV3003047158	leiden4	0.639241340170663	ST8	57.70646	4	IG-B	SRPI	-0.914461463690806
LV3003047158	leiden5	0.00704339542331313	ST8	57.70646	4	IG-B	SRPI	-0.276373964086885
LV3003047158	leiden2	0.284046456006648	ST8	57.70646	4	IG-B	SRPI	-0.768177232502539
LV3003047158	grey	0.00766665991041206	ST8	57.70646	4	IG-B	SRPI	1.09194152727471
LV3003047158	leiden3	0.0166102519407341	ST8	57.70646	4	IG-B	SRPI	-0.132598814315296
LV3003047158	leiden6	0.00258933457648418	ST8	57.70646	4	IG-B	SRPI	-1.12106109263128
LV3003047159	leiden4	0.768362016890331	ST8	56.7987933333333	4	IG-B	SRPI	-0.965914659597717
LV3003047159	leiden2	0.159445438070759	ST8	56.7987933333333	4	IG-B	SRPI	-0.993736975875378
LV3003047159	leiden6	0.00239852179989814	ST8	56.7987933333333	4	IG-B	SRPI	-9.21034037197618
LV3003047159	leiden3	0.0519857391592737	ST8	56.7987933333333	4	IG-B	SRPI	-0.234341927261294
LV3003047159	leiden1	0.010695630544731	ST8	56.7987933333333	4	IG-B	SRPI	-1.19518966420317
LV3003047159	leiden5	0.00711265353500657	ST8	56.7987933333333	4	IG-B	SRPI	0.418822745982074
LV3003047160	leiden4	0.623613930969858	ST8	55.8911266666667	2	IG-E	SRPI	-0.448349195229209
LV3003047160	leiden3	0.119475245978448	ST8	55.8911266666667	2	IG-E	SRPI	0.240855072629565
LV3003047160	leiden1	0.0716851475870686	ST8	55.8911266666667	2	IG-E	SRPI	-9.21034037197618
LV3003047160	leiden5	0.0943307824457286	ST8	55.8911266666667	2	IG-E	SRPI	0.352208953783759
LV3003047160	grey	0.0354521318132126	ST8	55.8911266666667	2	IG-E	SRPI	1.10358745409469
LV3003047160	leiden2	0.0554427612056848	ST8	55.8911266666667	2	IG-E	SRPI	-9.21034037197618
LV3003047161	leiden4	0.707131620346093	ST8	54.98346	2	IG-E	SRPI	-0.643787428814796
LV3003047161	leiden2	0.147876245411641	ST8	54.98346	2	IG-E	SRPI	-2.39848475833975
LV3003047161	leiden3	0.0414263240692187	ST8	54.98346	2	IG-E	SRPI	0.170493843211608
LV3003047161	leiden1	0.031069743051914	ST8	54.98346	2	IG-E	SRPI	-9.21034037197618
LV3003047161	leiden5	0.0724960671211327	ST8	54.98346	2	IG-E	SRPI	-0.521764717394373
LV3003047162	leiden1	0.122161283770059	ST8	102.698	2	IG-E	SRPI	0.20108352450101
LV3003047162	leiden3	0.239853747714808	ST8	102.698	2	IG-E	SRPI	-0.0713776998753801
LV3003047162	leiden4	0.248303879748121	ST8	102.698	2	IG-E	SRPI	-0.661206363220632
LV3003047162	leiden2	0.0418037781840341	ST8	102.698	2	IG-E	SRPI	-0.441288733531131
LV3003047162	grey	0.0595978062157221	ST8	102.698	2	IG-E	SRPI	0.855282380573196
LV3003047162	leiden5	0.288279504367256	ST8	102.698	2	IG-E	SRPI	-2.99757068588889
LV3003047164	leiden5	0.00755960860568374	ST8	43.93302	4	IG-B	SRPI	0.468414696878373
LV3003047164	leiden4	0.728597573022492	ST8	43.93302	4	IG-B	SRPI	-0.984751327210747
LV3003047164	leiden6	0.0104607513855816	ST8	43.93302	4	IG-B	SRPI	-1.96256665268491
LV3003047164	leiden2	0.201229086296	ST8	43.93302	4	IG-B	SRPI	-0.933277055118046
LV3003047164	leiden3	0.0420665703085194	ST8	43.93302	4	IG-B	SRPI	0.319380081378557
LV3003047164	leiden1	0.0100864103817238	ST8	43.93302	4	IG-B	SRPI	-1.14631724953429
LV3003047166	leiden1	0.0242046455306033	ST8	38.27343	4	IG-B	SRPI	-0.597648281146437
LV3003047166	leiden4	0.719671950682519	ST8	38.27343	4	IG-B	SRPI	-0.77548945728263
LV3003047166	leiden2	0.20463177014531	ST8	38.27343	4	IG-B	SRPI	-0.866755600900276
LV3003047166	leiden6	0.0120734258036107	ST8	38.27343	4	IG-B	SRPI	-1.68066069875841
LV3003047166	leiden3	0.0322022236900044	ST8	38.27343	4	IG-B	SRPI	-0.00164468233663756
LV3003047166	leiden5	0.00721598414795244	ST8	38.27343	4	IG-B	SRPI	0.151643355018669
LV3003047167	leiden4	0.687291136062925	ST8	34.67812	4	IG-B	SRPI	-0.905733554405078
LV3003047167	leiden1	0.0502685486865433	ST8	34.67812	4	IG-B	SRPI	-0.930404833435108
LV3003047167	leiden6	0.0116571572016547	ST8	34.67812	4	IG-B	SRPI	-1.51332849748086
LV3003047167	leiden2	0.210524389032127	ST8	34.67812	4	IG-B	SRPI	-0.891058783411693
LV3003047167	leiden5	0.00743150308817915	ST8	34.67812	4	IG-B	SRPI	0.314757885852611
LV3003047167	leiden3	0.0235601135906032	ST8	34.67812	4	IG-B	SRPI	0.433715437423587
LV3003047167	grey	0.00926715233796865	ST8	34.67812	4	IG-B	SRPI	-1.23625744619576
LV3003047168	leiden1	0.0563126747165904	ST8	30.497	5	G-A	SRPI	-0.785753386464744
LV3003047168	leiden4	0.623330597402806	ST8	30.497	5	G-A	SRPI	-0.881246562796778
LV3003047168	leiden2	0.183808375158286	ST8	30.497	5	G-A	SRPI	-0.979574256583544
LV3003047168	grey	0.0152054857748336	ST8	30.497	5	G-A	SRPI	-1.53854410215794
LV3003047168	leiden6	0.0443963259596995	ST8	30.497	5	G-A	SRPI	-1.00542302044967
LV3003047168	leiden5	0.0518816713391544	ST8	30.497	5	G-A	SRPI	0.326210427871873
LV3003047168	leiden3	0.0250648696486303	ST8	30.497	5	G-A	SRPI	-0.0469687159461468
LV3003047169	leiden1	0.0478059984509788	ST8	26.6703333333333	5	G-A	SRPI	-0.535042328672635
LV3003047169	leiden4	0.604200162024054	ST8	26.6703333333333	5	G-A	SRPI	-0.900989797171267
LV3003047169	leiden2	0.24887072795093	ST8	26.6703333333333	5	G-A	SRPI	-1.05836054441392
LV3003047169	leiden6	0.0392311869597344	ST8	26.6703333333333	5	G-A	SRPI	-1.22913580806236
LV3003047169	leiden5	0.0332861505043221	ST8	26.6703333333333	5	G-A	SRPI	0.278222236092744
LV3003047169	leiden3	0.0218305157172235	ST8	26.6703333333333	5	G-A	SRPI	0.175054790324005
LV3003047169	grey	0.00477525839275699	ST8	26.6703333333333	5	G-A	SRPI	-1.09050768292627
LV3003061473	leiden3	0.0430860464531908	ST13	117.088	2	IG-E	SRPI	-0.276181265199879
LV3003061473	leiden4	0.845195118478252	ST13	117.088	2	IG-E	SRPI	-0.526734173095112
LV3003061473	leiden2	0.0843628810024374	ST13	117.088	2	IG-E	SRPI	-1.32199268897771
LV3003061473	leiden5	0.0247007680774611	ST13	117.088	2	IG-E	SRPI	-0.6072832314642
LV3003061473	leiden1	0.00265518598865892	ST13	117.088	2	IG-E	SRPI	-0.279757791491438
LV3003061474	leiden1	0.0101144685681089	ST13	77.7798	1	IG-D	SRPI	-1.06779143174351
LV3003061474	leiden2	0.115265790931867	ST13	77.7798	1	IG-D	SRPI	-0.876662199405538
LV3003061474	leiden3	0.0691215867417898	ST13	77.7798	1	IG-D	SRPI	-0.902940677140023
LV3003061474	leiden4	0.80052379907459	ST13	77.7798	1	IG-D	SRPI	-0.634310549492367
LV3003061474	leiden6	0.00106243754430112	ST13	77.7798	1	IG-D	SRPI	-9.21034037197618
LV3003061474	leiden5	0.00225748244925795	ST13	77.7798	1	IG-D	SRPI	-0.179125871872113
LV3003061474	grey	0.00165443469008555	ST13	77.7798	1	IG-D	SRPI	-0.378199188642124
LV3003061475	leiden4	0.796031052630031	ST13	53.844	4	IG-B	SRPI	-0.843576752555657
LV3003061475	leiden6	0.000700125610771344	ST13	53.844	4	IG-B	SRPI	-9.21034037197618
LV3003061475	leiden2	0.171769052682981	ST13	53.844	4	IG-B	SRPI	-1.16688878145926
LV3003061475	leiden5	0.00400365948008319	ST13	53.844	4	IG-B	SRPI	0.328241064950951
LV3003061475	leiden3	0.0177061178623224	ST13	53.844	4	IG-B	SRPI	-0.61707312367056
LV3003061475	leiden1	0.00884276296629689	ST13	53.844	4	IG-B	SRPI	-0.805495219410215
LV3003061475	grey	0.000947228767514172	ST13	53.844	4	IG-B	SRPI	-1.04747120642962
LV3003061476	leiden1	0.0238253186886086	ST13	37.16	5	G-A	SRPI	-1.04185629949905
LV3003061476	leiden3	0.0393752874039788	ST13	37.16	5	G-A	SRPI	-1.15072507415908
LV3003061476	leiden4	0.738778994821075	ST13	37.16	5	G-A	SRPI	-0.819380112546237
LV3003061476	leiden2	0.173780464821753	ST13	37.16	5	G-A	SRPI	-1.02643687816096
LV3003061476	leiden6	0.0149318145839144	ST13	37.16	5	G-A	SRPI	-1.60780405551803
LV3003061476	grey	0.00256684733854493	ST13	37.16	5	G-A	SRPI	-2.44417394018991
LV3003061476	leiden5	0.0067412723421257	ST13	37.16	5	G-A	SRPI	-1.76075682695096
LV3003061477	leiden1	0.0540900416454085	ST13	16.726	3	IG-A	SRPI	-1.23531579012385
LV3003061477	leiden2	0.183795893363745	ST13	16.726	3	IG-A	SRPI	-0.827708634109577
LV3003061477	leiden3	0.0306898767585431	ST13	16.726	3	IG-A	SRPI	-1.02199518411031
LV3003061477	leiden4	0.721549512842286	ST13	16.726	3	IG-A	SRPI	-0.88626378976189
LV3003061477	leiden5	0.00639775160694078	ST13	16.726	3	IG-A	SRPI	-0.486801306712012
LV3003061477	leiden6	0.00110115826844076	ST13	16.726	3	IG-A	SRPI	-1.74815696720238
LV3003061477	grey	0.00237576551463592	ST13	16.726	3	IG-A	SRPI	-1.34977975832345
LV3003061485	leiden1	0.0234275316111172	ST13	75.7796	1	IG-D	SRPI	-1.22963442964695
LV3003061485	leiden3	0.0906132478964804	ST13	75.7796	1	IG-D	SRPI	-1.28595829380745
LV3003061485	leiden4	0.770541704900695	ST13	75.7796	1	IG-D	SRPI	-0.71051467778147
LV3003061485	leiden2	0.109332006158919	ST13	75.7796	1	IG-D	SRPI	-0.939470213698115
LV3003061485	leiden6	0.00119694542513648	ST13	75.7796	1	IG-D	SRPI	-9.21034037197618
LV3003061485	leiden5	0.00207163631273621	ST13	75.7796	1	IG-D	SRPI	-0.9694264665579
LV3003061485	grey	0.00281692769491578	ST13	75.7796	1	IG-D	SRPI	-2.46311051600477
LV3003061486	leiden4	0.696706997028289	ST13	52.105	4	IG-B	SRPI	-0.869272801332324
LV3003061486	leiden2	0.115298521863301	ST13	52.105	4	IG-B	SRPI	-1.11896023844246
LV3003061486	leiden3	0.166189070279032	ST13	52.105	4	IG-B	SRPI	0.520175888902388
LV3003061486	leiden5	0.0171162826598742	ST13	52.105	4	IG-B	SRPI	-2.8707488012595
LV3003061486	leiden1	0.00337694415499209	ST13	52.105	4	IG-B	SRPI	-0.202984658416338
LV3003061486	leiden6	0.000569256300412952	ST13	52.105	4	IG-B	SRPI	-9.21034037197618
LV3003061488	leiden1	0.0391392921645475	ST13	35.041	5	G-A	SRPI	-1.22730727954268
LV3003061488	leiden3	0.0249141262226214	ST13	35.041	5	G-A	SRPI	-1.68027870465387
LV3003061488	leiden4	0.734298113253232	ST13	35.041	5	G-A	SRPI	-0.829947164095854
LV3003061488	leiden2	0.183530504588923	ST13	35.041	5	G-A	SRPI	-1.04980013501142
LV3003061488	leiden5	0.00405568560897468	ST13	35.041	5	G-A	SRPI	-0.744933427604406
LV3003061488	leiden6	0.0129583832727457	ST13	35.041	5	G-A	SRPI	-1.4662183763183
LV3003061488	grey	0.00110389488895566	ST13	35.041	5	G-A	SRPI	-0.822383867418266
LV3003061489	leiden4	0.850404499843755	ST13	112.6068	2	IG-E	SRPI	-0.505701362660707
LV3003061489	leiden3	0.0955939029894795	ST13	112.6068	2	IG-E	SRPI	-0.801738561859648
LV3003061489	grey	0.00395125169264956	ST13	112.6068	2	IG-E	SRPI	-0.395208167093247
LV3003061489	leiden2	0.0272976632755807	ST13	112.6068	2	IG-E	SRPI	-1.08508118355145
LV3003061489	leiden1	0.00763167945557446	ST13	112.6068	2	IG-E	SRPI	-1.20859941421316
LV3003061489	leiden5	0.0088087219193778	ST13	112.6068	2	IG-E	SRPI	-0.521567687646954
LV3003061489	leiden6	0.00631228082358252	ST13	112.6068	2	IG-E	SRPI	-9.21034037197618
LV3003061492	leiden1	0.0621025169916993	ST13	14.437	3	IG-A	SRPI	-1.24841706959628
LV3003061492	leiden3	0.0302347440310245	ST13	14.437	3	IG-A	SRPI	-1.46198367561262
LV3003061492	leiden4	0.67699396820712	ST13	14.437	3	IG-A	SRPI	-0.938391262567082
LV3003061492	leiden2	0.207834284567145	ST13	14.437	3	IG-A	SRPI	-0.715097369427814
LV3003061492	leiden5	0.0184667431553487	ST13	14.437	3	IG-A	SRPI	-0.471285628797268
LV3003061492	leiden6	0.00164632360207627	ST13	14.437	3	IG-A	SRPI	-1.76319850196372
LV3003061492	grey	0.00272141944558557	ST13	14.437	3	IG-A	SRPI	-1.12126053867365
LV3003061500	leiden2	0.119473558697853	ST13	148.086	1	IG-D	SRPI	-1.21715908354918
LV3003061500	leiden4	0.739588260820273	ST13	148.086	1	IG-D	SRPI	-0.681237209435241
LV3003061500	leiden1	0.015975808563956	ST13	148.086	1	IG-D	SRPI	-0.337132783592598
LV3003061500	leiden5	0.0821113165723847	ST13	148.086	1	IG-D	SRPI	-0.843726350373944
LV3003061500	leiden3	0.0243028542610627	ST13	148.086	1	IG-D	SRPI	-0.27643136096898
LV3003061500	grey	0.0183468664115124	ST13	148.086	1	IG-D	SRPI	1.06695109072983
LV3003061500	leiden6	0.000201334672958212	ST13	148.086	1	IG-D	SRPI	-9.21034037197618
LV3003061501	leiden3	0.231421534014248	ST13	105.5872	1	IG-D	SRPI	0.229871741882169
LV3003061501	leiden4	0.691363918144358	ST13	105.5872	1	IG-D	SRPI	-0.634792376543858
LV3003061501	leiden2	0.0606441838801537	ST13	105.5872	1	IG-D	SRPI	-0.933721266246982
LV3003061501	leiden6	0.00292554690322987	ST13	105.5872	1	IG-D	SRPI	-2.79735405268269
LV3003061501	leiden5	0.00255757443154883	ST13	105.5872	1	IG-D	SRPI	0.443771867795347
LV3003061501	leiden1	0.00685058660116094	ST13	105.5872	1	IG-D	SRPI	-1.99408682303251
LV3003061501	grey	0.00423665602530059	ST13	105.5872	1	IG-D	SRPI	-0.78163864381218
LV3003061503	leiden1	0.0146386924024416	ST13	73.1472	1	IG-D	SRPI	-0.603555528905515
LV3003061503	leiden2	0.102371485300492	ST13	73.1472	1	IG-D	SRPI	-0.943829083593494
LV3003061503	leiden3	0.0595218312670135	ST13	73.1472	1	IG-D	SRPI	-1.11628207810193
LV3003061503	leiden4	0.818001394487492	ST13	73.1472	1	IG-D	SRPI	-0.653879005032874
LV3003061503	leiden6	0.00231358152012842	ST13	73.1472	1	IG-D	SRPI	-3.02135951091483
LV3003061503	leiden5	0.00144074199069085	ST13	73.1472	1	IG-D	SRPI	-0.641918768467862
LV3003061503	grey	0.00171227303174258	ST13	73.1472	1	IG-D	SRPI	-9.21034037197618
LV3003061504	leiden4	0.808094478425561	ST13	50.268	4	IG-B	SRPI	-0.81678584659155
LV3003061504	leiden1	0.0110033292253566	ST13	50.268	4	IG-B	SRPI	-1.50966575804255
LV3003061504	leiden2	0.162728805486039	ST13	50.268	4	IG-B	SRPI	-1.22930468195325
LV3003061504	leiden6	0.00394416175851649	ST13	50.268	4	IG-B	SRPI	-2.0410904438745
LV3003061504	leiden3	0.0134126702101117	ST13	50.268	4	IG-B	SRPI	-1.72801819023686
LV3003061504	grey	0.000816554894414916	ST13	50.268	4	IG-B	SRPI	-9.21034037197618
LV3003061505	leiden1	0.016621790472168	ST13	32.81	5	G-A	SRPI	-0.848940040475836
LV3003061505	leiden4	0.792086831036728	ST13	32.81	5	G-A	SRPI	-0.853173152234047
LV3003061505	leiden2	0.156210953311159	ST13	32.81	5	G-A	SRPI	-1.04167102893695
LV3003061505	leiden5	0.00656644316561956	ST13	32.81	5	G-A	SRPI	0.0441092180816051
LV3003061505	leiden6	0.0117624025482639	ST13	32.81	5	G-A	SRPI	-0.962715815425846
LV3003061505	leiden3	0.0161224328176971	ST13	32.81	5	G-A	SRPI	-0.266106351496639
LV3003061505	grey	0.000629146648364219	ST13	32.81	5	G-A	SRPI	-9.21034037197618
LV3003061506	leiden1	0.0199544240624452	ST13	11.95	3	IG-A	SRPI	0.194565991646291
LV3003061506	leiden4	0.77140264587909	ST13	11.95	3	IG-A	SRPI	-0.904005837291707
LV3003061506	leiden5	0.0620678277188315	ST13	11.95	3	IG-A	SRPI	0.0439635551290392
LV3003061506	leiden2	0.118973819614151	ST13	11.95	3	IG-A	SRPI	-1.36635611432791
LV3003061506	leiden3	0.00921005145337747	ST13	11.95	3	IG-A	SRPI	-0.466448508943064
LV3003061506	grey	0.0177643043482744	ST13	11.95	3	IG-A	SRPI	-3.27644192497935
LV3003061506	leiden6	0.000626926923830441	ST13	11.95	3	IG-A	SRPI	-9.21034037197618
LV3003061513	leiden4	0.730040601728848	ST13	138.493	4	IG-B	SRPI	-0.890923224210724
LV3003061513	leiden3	0.0189537102870187	ST13	138.493	4	IG-B	SRPI	-0.641877207521617
LV3003061513	leiden2	0.234395464581073	ST13	138.493	4	IG-B	SRPI	-1.52955982344899
LV3003061513	leiden1	0.0129991018972421	ST13	138.493	4	IG-B	SRPI	-0.671160209759975
LV3003061513	leiden5	0.00288609063353665	ST13	138.493	4	IG-B	SRPI	-0.69439258026017
LV3003061513	grey	0.000725030872282304	ST13	138.493	4	IG-B	SRPI	-0.3317941891592
LV3003061514	leiden2	0.0954590076933959	ST13	100.6726	1	IG-D	SRPI	-0.946930774440974
LV3003061514	leiden3	0.134761180128015	ST13	100.6726	1	IG-D	SRPI	-1.08089053189469
LV3003061514	leiden4	0.734792203623286	ST13	100.6726	1	IG-D	SRPI	-0.720377759610589
LV3003061514	leiden1	0.0259498611483146	ST13	100.6726	1	IG-D	SRPI	-1.11180073989374
LV3003061514	leiden6	0.00044452647158729	ST13	100.6726	1	IG-D	SRPI	-9.21034037197618
LV3003061514	grey	0.00597704979486432	ST13	100.6726	1	IG-D	SRPI	-0.67096901202497
LV3003061514	leiden5	0.00261617114053715	ST13	100.6726	1	IG-D	SRPI	-1.44606775440855
LV3003061515	leiden1	0.0306176496179947	ST13	71.0012	1	IG-D	SRPI	-1.45217515835486
LV3003061515	leiden3	0.154129470086329	ST13	71.0012	1	IG-D	SRPI	-1.07332409790306
LV3003061515	leiden4	0.701474120406842	ST13	71.0012	1	IG-D	SRPI	-0.784061456651102
LV3003061515	leiden2	0.102157134005797	ST13	71.0012	1	IG-D	SRPI	-0.922910021517319
LV3003061515	leiden6	0.00258933164993684	ST13	71.0012	1	IG-D	SRPI	-1.86518203567548
LV3003061515	grey	0.00591563590750118	ST13	71.0012	1	IG-D	SRPI	-0.628841869288399
LV3003061515	leiden5	0.00311665832560057	ST13	71.0012	1	IG-D	SRPI	-0.490653530981542
LV3003061516	leiden4	0.808626033633331	ST13	48.537	4	IG-B	SRPI	-0.743921643944024
LV3003061516	leiden5	0.00358081113059599	ST13	48.537	4	IG-B	SRPI	0.880220567454905
LV3003061516	leiden2	0.165724484770968	ST13	48.537	4	IG-B	SRPI	-1.34204342415667
LV3003061516	leiden6	0.00397075633772374	ST13	48.537	4	IG-B	SRPI	-9.21034037197618
LV3003061516	leiden3	0.00918488082160341	ST13	48.537	4	IG-B	SRPI	-1.65135666535905
LV3003061516	leiden1	0.00835374046583969	ST13	48.537	4	IG-B	SRPI	-1.6552031389465
LV3003061517	leiden1	0.0337603219115831	ST13	30.678	5	G-A	SRPI	-0.906589607198514
LV3003061517	leiden3	0.0476478082202422	ST13	30.678	5	G-A	SRPI	-0.225743201721422
LV3003061517	leiden4	0.732711040852631	ST13	30.678	5	G-A	SRPI	-0.848368678777311
LV3003061517	leiden2	0.165823500167015	ST13	30.678	5	G-A	SRPI	-1.0644479560524
LV3003061517	leiden5	0.00486479558148387	ST13	30.678	5	G-A	SRPI	-0.396188376312236
LV3003061517	leiden6	0.0137641671392283	ST13	30.678	5	G-A	SRPI	-1.33238560114767
LV3003061517	grey	0.00142836612781692	ST13	30.678	5	G-A	SRPI	-2.79478669685944
LV3003061518	leiden1	0.047746312109308	ST13	9.804	3	IG-A	SRPI	-1.64365989826267
LV3003061518	leiden3	0.0306478582919076	ST13	9.804	3	IG-A	SRPI	-1.13719754202629
LV3003061518	leiden4	0.707236297775592	ST13	9.804	3	IG-A	SRPI	-1.09315460237265
LV3003061518	leiden5	0.0162302703609422	ST13	9.804	3	IG-A	SRPI	-0.316092859756896
LV3003061518	leiden2	0.193779454200489	ST13	9.804	3	IG-A	SRPI	-1.09357350247342
LV3003061518	leiden6	0.00239827179355822	ST13	9.804	3	IG-A	SRPI	-1.17282728909028
LV3003061518	grey	0.00196153546820325	ST13	9.804	3	IG-A	SRPI	-1.09239314123262
LV3003061527	leiden4	0.751007032156756	ST13	133.7754	2	IG-E	SRPI	-0.561876067051711
LV3003061527	leiden2	0.120843858810678	ST13	133.7754	2	IG-E	SRPI	-1.05671572935473
LV3003061527	leiden3	0.0966750870485424	ST13	133.7754	2	IG-E	SRPI	0.375837488044649
LV3003061527	leiden5	0.0215061104663071	ST13	133.7754	2	IG-E	SRPI	-1.25782243115103
LV3003061527	leiden1	0.00996791151771694	ST13	133.7754	2	IG-E	SRPI	-9.21034037197618
LV3003061528	leiden3	0.10866876076484	ST13	95.118	1	IG-D	SRPI	-1.15821909466502
LV3003061528	leiden4	0.767080540902218	ST13	95.118	1	IG-D	SRPI	-0.713555551243034
LV3003061528	leiden2	0.097614319779992	ST13	95.118	1	IG-D	SRPI	-1.01063883520967
LV3003061528	leiden1	0.0231169573808118	ST13	95.118	1	IG-D	SRPI	-1.04632766569229
LV3003061528	leiden5	0.000782093593808491	ST13	95.118	1	IG-D	SRPI	0.336130768638494
LV3003061528	grey	0.00257422765801287	ST13	95.118	1	IG-D	SRPI	-1.20846429645862
LV3003061528	leiden6	0.000163099920316846	ST13	95.118	1	IG-D	SRPI	-9.21034037197618
LV3003061529	leiden1	0.0383865123340846	ST13	66.015	1	IG-D	SRPI	-0.689982391996372
LV3003061529	leiden2	0.171563908715252	ST13	66.015	1	IG-D	SRPI	-0.998943446233245
LV3003061529	leiden3	0.0545211933383421	ST13	66.015	1	IG-D	SRPI	-1.05299133512836
LV3003061529	leiden4	0.721561560856499	ST13	66.015	1	IG-D	SRPI	-0.788911512766324
LV3003061529	leiden5	0.0112765699348861	ST13	66.015	1	IG-D	SRPI	-0.866499063374427
LV3003061529	grey	0.00154371712997746	ST13	66.015	1	IG-D	SRPI	-1.13104797131683
LV3003061529	leiden6	0.00114653769095918	ST13	66.015	1	IG-D	SRPI	-9.21034037197618
LV3003061530	leiden4	0.896450720351112	ST13	47.046	4	IG-B	SRPI	-0.631424587721289
LV3003061530	leiden1	0.0026476481251789	ST13	47.046	4	IG-B	SRPI	-0.81169312446512
LV3003061530	leiden2	0.0893124065769806	ST13	47.046	4	IG-B	SRPI	-1.31229441670928
LV3003061530	leiden6	0.00143911204401616	ST13	47.046	4	IG-B	SRPI	-1.33134557821905
LV3003061530	leiden3	0.00937887606144452	ST13	47.046	4	IG-B	SRPI	-1.46247458107677
LV3003061530	grey	0.000771236841268327	ST13	47.046	4	IG-B	SRPI	-1.37096002607891
LV3003061531	leiden1	0.0415615616837411	ST13	28.445	5	G-A	SRPI	-1.14575075664682
LV3003061531	leiden2	0.15277822984222	ST13	28.445	5	G-A	SRPI	-0.875251201537276
LV3003061531	leiden3	0.029843034184209	ST13	28.445	5	G-A	SRPI	-1.04358914414555
LV3003061531	leiden4	0.736449594362576	ST13	28.445	5	G-A	SRPI	-0.760043387291537
LV3003061531	leiden5	0.0147557224577478	ST13	28.445	5	G-A	SRPI	0.265331130222449
LV3003061531	leiden6	0.0231064828753468	ST13	28.445	5	G-A	SRPI	-1.41701075419788
LV3003061531	grey	0.00150537459415915	ST13	28.445	5	G-A	SRPI	-0.446771817986651
LV3003061533	leiden1	0.0249640566246406	ST13	7.912	3	IG-A	SRPI	-0.0307719769451931
LV3003061533	leiden2	0.074567297058173	ST13	7.912	3	IG-A	SRPI	-1.06740474186457
LV3003061533	leiden4	0.71077195310772	ST13	7.912	3	IG-A	SRPI	-0.675733895048845
LV3003061533	leiden5	0.179983687237337	ST13	7.912	3	IG-A	SRPI	-0.399788299907262
LV3003061533	leiden3	0.00786330457863305	ST13	7.912	3	IG-A	SRPI	-0.889070324598934
LV3003061533	grey	0.00184970139349701	ST13	7.912	3	IG-A	SRPI	0.0940770470763656
LV3003061539	leiden4	0.723693891260383	ST13	130.0556	4	IG-B	SRPI	-0.886138399008808
LV3003061539	leiden2	0.240521626011637	ST13	130.0556	4	IG-B	SRPI	-1.36528645626883
LV3003061539	leiden1	0.0169112603118525	ST13	130.0556	4	IG-B	SRPI	-2.31768825393774
LV3003061539	leiden3	0.0126212453483371	ST13	130.0556	4	IG-B	SRPI	-0.454618143848575
LV3003061539	leiden5	0.000575793226254749	ST13	130.0556	4	IG-B	SRPI	-9.21034037197618
LV3003061539	leiden6	0.00567618384153602	ST13	130.0556	4	IG-B	SRPI	-9.21034037197618
LV3003061541	leiden3	0.0771852254109109	ST13	91.09	1	IG-D	SRPI	-0.30145829998052
LV3003061541	leiden4	0.77743083089322	ST13	91.09	1	IG-D	SRPI	-0.758524254497124
LV3003061541	leiden5	0.0157915685736061	ST13	91.09	1	IG-D	SRPI	-1.40168512287146
LV3003061541	leiden6	0.00353597842621191	ST13	91.09	1	IG-D	SRPI	-9.21034037197618
LV3003061541	leiden2	0.117770297164121	ST13	91.09	1	IG-D	SRPI	-0.968486029628831
LV3003061541	grey	0.00243291360302625	ST13	91.09	1	IG-D	SRPI	0.368274472967506
LV3003061541	leiden1	0.005853185928904	ST13	91.09	1	IG-D	SRPI	-1.8420595627112
LV3003061543	leiden1	0.028216949678402	ST13	62.293	1	IG-D	SRPI	-1.8818974120418
LV3003061543	leiden2	0.169124240369394	ST13	62.293	1	IG-D	SRPI	-1.06724861859919
LV3003061543	leiden3	0.0611206630101762	ST13	62.293	1	IG-D	SRPI	-1.19465436145664
LV3003061543	leiden4	0.731344318474287	ST13	62.293	1	IG-D	SRPI	-0.935566328958843
LV3003061543	leiden5	0.00282051975127717	ST13	62.293	1	IG-D	SRPI	-0.0102608178603983
LV3003061543	leiden6	0.00405567235902396	ST13	62.293	1	IG-D	SRPI	-2.28387306594914
LV3003061543	grey	0.00331763635743977	ST13	62.293	1	IG-D	SRPI	-3.23763482739472
LV3003061544	leiden1	0.0184120965878915	ST13	45.122	4	IG-B	SRPI	-1.57168193963657
LV3003061544	leiden4	0.692357705763694	ST13	45.122	4	IG-B	SRPI	-0.976958474392097
LV3003061544	leiden5	0.0038057858423814	ST13	45.122	4	IG-B	SRPI	-0.546553695865958
LV3003061544	leiden2	0.249698133069135	ST13	45.122	4	IG-B	SRPI	-1.38827272528784
LV3003061544	leiden6	0.00806883756820287	ST13	45.122	4	IG-B	SRPI	-0.822306698579063
LV3003061544	leiden3	0.0269858319023928	ST13	45.122	4	IG-B	SRPI	-1.34245371334473
LV3003061544	grey	0.000671609266302601	ST13	45.122	4	IG-B	SRPI	-9.21034037197618
LV3003061545	leiden1	0.0393530826835193	ST13	23.172	5	G-A	SRPI	-1.07146822272232
LV3003061545	leiden4	0.703304155140226	ST13	23.172	5	G-A	SRPI	-0.765717983959235
LV3003061545	leiden3	0.0206398433419142	ST13	23.172	5	G-A	SRPI	-1.45057664224308
LV3003061545	leiden2	0.193621945249311	ST13	23.172	5	G-A	SRPI	-0.918505091960676
LV3003061545	leiden6	0.0291157297554326	ST13	23.172	5	G-A	SRPI	-1.12266109854787
LV3003061545	grey	0.00253913524174488	ST13	23.172	5	G-A	SRPI	-1.6453455677952
LV3003061545	leiden5	0.011426108587852	ST13	23.172	5	G-A	SRPI	0.202498370391394
LV3003061546	leiden1	0.0229324335957736	ST13	7.197	3	IG-A	SRPI	-0.416897826535918
LV3003061546	leiden4	0.749082868789447	ST13	7.197	3	IG-A	SRPI	-0.58263393234274
LV3003061546	leiden5	0.175275139363166	ST13	7.197	3	IG-A	SRPI	-0.335752120994422
LV3003061546	leiden2	0.0444859609828445	ST13	7.197	3	IG-A	SRPI	-1.14861210480462
LV3003061546	leiden3	0.00684922196765234	ST13	7.197	3	IG-A	SRPI	-0.0590394538731614
LV3003061546	grey	0.00137437530111657	ST13	7.197	3	IG-A	SRPI	-0.099742051760321
LV3003061555	leiden4	0.815807028310697	ST13	126.443	2	IG-E	SRPI	-0.626272934420846
LV3003061555	leiden5	0.00410918696800704	ST13	126.443	2	IG-E	SRPI	1.10358745409469
LV3003061555	leiden2	0.150785815300051	ST13	126.443	2	IG-E	SRPI	-1.38056316477306
LV3003061555	leiden3	0.0212930597433092	ST13	126.443	2	IG-E	SRPI	-0.168322624936165
LV3003061555	leiden1	0.00528324038743763	ST13	126.443	2	IG-E	SRPI	0.0147794011207723
LV3003061556	leiden2	0.0976708757772741	ST13	86.6174	1	IG-D	SRPI	-1.07694084397383
LV3003061556	leiden3	0.0589109445177787	ST13	86.6174	1	IG-D	SRPI	-0.97462324580934
LV3003061556	leiden4	0.82655268029854	ST13	86.6174	1	IG-D	SRPI	-0.666524469792304
LV3003061556	leiden1	0.0101139033481939	ST13	86.6174	1	IG-D	SRPI	-2.5245248507803
LV3003061556	leiden5	0.00364249956414535	ST13	86.6174	1	IG-D	SRPI	-2.06669097151033
LV3003061556	grey	0.00139681037417084	ST13	86.6174	1	IG-D	SRPI	-0.219056063676864
LV3003061556	leiden6	0.00171228611989739	ST13	86.6174	1	IG-D	SRPI	-3.00121678923928
LV3003061557	leiden3	0.084393175344369	ST13	58.082	1	IG-D	SRPI	-1.08955211168967
LV3003061557	leiden4	0.7815934837983	ST13	58.082	1	IG-D	SRPI	-0.803082539277546
LV3003061557	leiden2	0.118143251221338	ST13	58.082	1	IG-D	SRPI	-0.869068420887282
LV3003061557	leiden6	0.00212230692964687	ST13	58.082	1	IG-D	SRPI	-2.00038323062037
LV3003061557	grey	0.00178957236864292	ST13	58.082	1	IG-D	SRPI	-0.436864024875142
LV3003061557	leiden1	0.00942448161978782	ST13	58.082	1	IG-D	SRPI	-1.00353008973543
LV3003061557	leiden5	0.00253372871791528	ST13	58.082	1	IG-D	SRPI	-2.11554492716637
LV3003061558	leiden1	0.0182624504657968	ST13	42.626	5	G-A	SRPI	-1.64803867608589
LV3003061558	leiden2	0.188660109424197	ST13	42.626	5	G-A	SRPI	-1.18549163852893
LV3003061558	leiden3	0.0183907220320953	ST13	42.626	5	G-A	SRPI	-1.54844838130089
LV3003061558	leiden4	0.759456607439409	ST13	42.626	5	G-A	SRPI	-0.838619376826726
LV3003061558	leiden5	0.0024337391845691	ST13	42.626	5	G-A	SRPI	-0.616814671459154
LV3003061558	leiden6	0.0122268456995675	ST13	42.626	5	G-A	SRPI	-1.58606801900111
LV3003061558	grey	0.000569525754365082	ST13	42.626	5	G-A	SRPI	-9.21034037197618
LV3003061559	leiden3	0.0517676561826096	ST13	21.069	5	G-A	SRPI	-0.0114144759255903
LV3003061559	leiden4	0.698998231825074	ST13	21.069	5	G-A	SRPI	-0.780330370192298
LV3003061559	leiden1	0.0312921016085501	ST13	21.069	5	G-A	SRPI	-1.34181558904051
LV3003061559	leiden2	0.189649729438112	ST13	21.069	5	G-A	SRPI	-1.03321791523761
LV3003061559	leiden5	0.00978202390074506	ST13	21.069	5	G-A	SRPI	-0.27428496252808
LV3003061559	leiden6	0.0181293509627142	ST13	21.069	5	G-A	SRPI	-1.31834388784361
LV3003061559	grey	0.000380906082195679	ST13	21.069	5	G-A	SRPI	-9.21034037197618
LV3003061568	leiden3	0.0592579410979625	ST13	121.6354	2	IG-E	SRPI	0.179301025437913
LV3003061568	leiden4	0.809991992170122	ST13	121.6354	2	IG-E	SRPI	-0.550822555743079
LV3003061568	leiden2	0.101076608239167	ST13	121.6354	2	IG-E	SRPI	-1.37142095817008
LV3003061568	leiden5	0.023623098140404	ST13	121.6354	2	IG-E	SRPI	-1.75595193411157
LV3003061568	leiden1	0.00605036035234452	ST13	121.6354	2	IG-E	SRPI	0.0147794011207723
LV3003061569	leiden2	0.10726323083995	ST13	81.6946	1	IG-D	SRPI	-1.03263849134786
LV3003061569	leiden3	0.100107071585201	ST13	81.6946	1	IG-D	SRPI	-0.807422892488035
LV3003061569	leiden4	0.778983972591896	ST13	81.6946	1	IG-D	SRPI	-0.684991796089743
LV3003061569	leiden1	0.00801439842017334	ST13	81.6946	1	IG-D	SRPI	-1.02118836816804
LV3003061569	leiden5	0.0024247339528024	ST13	81.6946	1	IG-D	SRPI	-0.401925020895415
LV3003061569	grey	0.00320659260997752	ST13	81.6946	1	IG-D	SRPI	-1.56756723955806
LV3003061570	leiden3	0.0449769338495758	ST13	55.466	4	IG-B	SRPI	-0.970827907928614
LV3003061570	leiden4	0.771420627728808	ST13	55.466	4	IG-B	SRPI	-0.807567401057474
LV3003061570	leiden1	0.0167971002553752	ST13	55.466	4	IG-B	SRPI	-1.4833328154272
LV3003061570	leiden2	0.158853694703023	ST13	55.466	4	IG-B	SRPI	-0.997260996184919
LV3003061570	leiden6	0.00420545349699316	ST13	55.466	4	IG-B	SRPI	-9.21034037197618
LV3003061570	grey	0.00178144822473021	ST13	55.466	4	IG-B	SRPI	-2.32790212113638
LV3003061570	leiden5	0.00196474174149436	ST13	55.466	4	IG-B	SRPI	-0.7805570227879
LV3003061571	leiden4	0.83776525157034	ST13	40.457	5	G-A	SRPI	-0.651259523048854
LV3003061571	leiden1	0.0177871794547729	ST13	40.457	5	G-A	SRPI	-0.662159934733572
LV3003061571	leiden2	0.112113418348647	ST13	40.457	5	G-A	SRPI	-0.957265631475516
LV3003061571	leiden5	0.0136812304892383	ST13	40.457	5	G-A	SRPI	0.234928792090495
LV3003061571	leiden6	0.00806655460485573	ST13	40.457	5	G-A	SRPI	-1.5495391466808
LV3003061571	leiden3	0.0103730899991153	ST13	40.457	5	G-A	SRPI	-1.18056625520682
LV3003061571	grey	0.000213275533030851	ST13	40.457	5	G-A	SRPI	-9.21034037197618
LV3003061572	leiden1	0.0764412113724149	ST13	19.099	3	IG-A	SRPI	-1.40662556720116
LV3003061572	leiden2	0.209278552513869	ST13	19.099	3	IG-A	SRPI	-0.77796102811797
LV3003061572	leiden3	0.0300909984403719	ST13	19.099	3	IG-A	SRPI	-0.857830585589485
LV3003061572	leiden4	0.67309638963701	ST13	19.099	3	IG-A	SRPI	-0.972625429545226
LV3003061572	leiden5	0.00809861430014514	ST13	19.099	3	IG-A	SRPI	-0.24096766147164
LV3003061572	leiden6	0.00096655966220841	ST13	19.099	3	IG-A	SRPI	-1.99614233953129
LV3003061572	grey	0.00202767407398069	ST13	19.099	3	IG-A	SRPI	-1.63058688994555
LV7001898064	leiden1	0.0258800702692782	ST13	6.808	3	IG-A	SRPI	-0.541613158885586
LV7001898064	leiden2	0.0987765804032618	ST13	6.808	3	IG-A	SRPI	-1.0324948117517
LV7001898064	leiden4	0.712124596869346	ST13	6.808	3	IG-A	SRPI	-0.656422149947438
LV7001898064	leiden5	0.14398489734917	ST13	6.808	3	IG-A	SRPI	-1.11590924050682
LV7001898064	leiden3	0.0184462099163586	ST13	6.808	3	IG-A	SRPI	-1.51805391496428
LV7001898064	grey	0.000594666876425706	ST13	6.808	3	IG-A	SRPI	-9.21034037197618
LV7001898064	leiden6	0.000192978316159312	ST13	6.808	3	IG-A	SRPI	-9.21034037197618
LV7001898076	leiden1	0.0546531025472443	ST13	6.429	3	IG-A	SRPI	-0.999550708093585
LV7001898076	leiden3	0.0324887308398926	ST13	6.429	3	IG-A	SRPI	-1.07582224959186
LV7001898076	leiden4	0.711449500472401	ST13	6.429	3	IG-A	SRPI	-0.813129069580071
LV7001898076	leiden2	0.159503193562508	ST13	6.429	3	IG-A	SRPI	-0.973866991277266
LV7001898076	leiden5	0.0390182520674916	ST13	6.429	3	IG-A	SRPI	-0.0737955235651101
LV7001898076	leiden6	0.000315215352086252	ST13	6.429	3	IG-A	SRPI	-1.81481675668062
LV7001898076	grey	0.0025720051583767	ST13	6.429	3	IG-A	SRPI	-0.719361264886012
LV7001898088	leiden1	0.0147446901181112	ST13	6.031	1	IG-D	SRPI	-0.523987372190841
LV7001898088	leiden3	0.0369838116244819	ST13	6.031	1	IG-D	SRPI	-1.27315399295467
LV7001898088	leiden4	0.870660306531793	ST13	6.031	1	IG-D	SRPI	-0.599644059329494
LV7001898088	leiden2	0.0712774538963978	ST13	6.031	1	IG-D	SRPI	-1.04544402254047
LV7001898088	leiden6	0.00104074228488156	ST13	6.031	1	IG-D	SRPI	-2.83053549516449
LV7001898088	leiden5	0.00384775737700336	ST13	6.031	1	IG-D	SRPI	-0.317736681465331
LV7001898088	grey	0.00144523816733086	ST13	6.031	1	IG-D	SRPI	-2.39194650219289
LV7001898100	leiden1	0.00299710680747964	ST13	5.659	1	IG-D	SRPI	-1.41001173879044
LV7001898100	leiden3	0.0539464033199096	ST13	5.659	1	IG-D	SRPI	-1.22309005196449
LV7001898100	leiden4	0.910214409812426	ST13	5.659	1	IG-D	SRPI	-0.342857558533962
LV7001898100	leiden2	0.018854366253501	ST13	5.659	1	IG-D	SRPI	-0.911822370203575
LV7001898100	grey	0.000982628083474165	ST13	5.659	1	IG-D	SRPI	-0.737665593644356
LV7001898100	leiden5	0.0126596162949756	ST13	5.659	1	IG-D	SRPI	-0.0393314626794735
LV7001898100	leiden6	0.000345469428234423	ST13	5.659	1	IG-D	SRPI	-9.21034037197618
LV7008886221	leiden2	0.110206454701946	GeoB25202_R1	50.3555	4	IG-B	SRPI	-1.26790111968411
LV7008886221	leiden3	0.0557758296378208	GeoB25202_R1	50.3555	4	IG-B	SRPI	0.453391643330233
LV7008886221	leiden4	0.814719730047082	GeoB25202_R1	50.3555	4	IG-B	SRPI	-0.600244705052405
LV7008886221	leiden5	0.00447109520172369	GeoB25202_R1	50.3555	4	IG-B	SRPI	-0.360922023762241
LV7008886221	leiden6	0.0033219712947024	GeoB25202_R1	50.3555	4	IG-B	SRPI	-9.21034037197618
LV7008886221	leiden1	0.00839042852745699	GeoB25202_R1	50.3555	4	IG-B	SRPI	-1.12264987217076
LV7008886221	grey	0.003114490589268	GeoB25202_R1	50.3555	4	IG-B	SRPI	-1.55877578339968
LV7008886222	leiden4	0.630950697253416	GeoB25202_R1	136.2775	4	IG-B	SRPI	-0.827515034246487
LV7008886222	grey	0.00941221395638277	GeoB25202_R1	136.2775	4	IG-B	SRPI	-0.645343235384613
LV7008886222	leiden3	0.113738579469918	GeoB25202_R1	136.2775	4	IG-B	SRPI	0.353926859548241
LV7008886222	leiden2	0.176572709529601	GeoB25202_R1	136.2775	4	IG-B	SRPI	-1.25205873210338
LV7008886222	leiden5	0.0584815998642265	GeoB25202_R1	136.2775	4	IG-B	SRPI	-2.01094698111783
LV7008886222	leiden1	0.00960668118688654	GeoB25202_R1	136.2775	4	IG-B	SRPI	-1.17867039228848
LV7008886222	leiden6	0.00123751873956949	GeoB25202_R1	136.2775	4	IG-B	SRPI	-1.50289130470375
LV7008886226	leiden3	0.0628068311432634	GeoB25202_R2	36.607	4	IG-B	SRPI	0.387114225465166
LV7008886226	leiden4	0.736196309432665	GeoB25202_R2	36.607	4	IG-B	SRPI	-0.616923120656403
LV7008886226	leiden2	0.0881533101045296	GeoB25202_R2	36.607	4	IG-B	SRPI	-1.00764535796458
LV7008886226	leiden6	0.000842174341025921	GeoB25202_R2	36.607	4	IG-B	SRPI	-1.93774062172137
LV7008886226	grey	0.0184903360884986	GeoB25202_R2	36.607	4	IG-B	SRPI	-1.65401107800249
LV7008886226	leiden5	0.0848033624474618	GeoB25202_R2	36.607	4	IG-B	SRPI	0.404410693589276
LV7008886226	leiden1	0.00870767644255558	GeoB25202_R2	36.607	4	IG-B	SRPI	-1.04517372753715
LV7008886228	leiden3	0.249532934131737	GeoB25202_R2	120.0235	2	IG-E	SRPI	0.400862786214931
LV7008886228	leiden4	0.534634730538922	GeoB25202_R2	120.0235	2	IG-E	SRPI	-0.701597261620584
LV7008886228	leiden5	0.0959041916167665	GeoB25202_R2	120.0235	2	IG-E	SRPI	-0.682393169767562
LV7008886228	leiden2	0.117101796407186	GeoB25202_R2	120.0235	2	IG-E	SRPI	-0.867531766655949
LV7008886228	leiden6	0.00282634730538922	GeoB25202_R2	120.0235	2	IG-E	SRPI	-9.21034037197618
LV7008886229	leiden2	0.0919931401011246	GeoB25202_R2	68.149	1	IG-D	SRPI	-0.947991425593265
LV7008886229	leiden3	0.115288659376049	GeoB25202_R2	68.149	1	IG-D	SRPI	-0.142541240527549
LV7008886229	leiden4	0.6957238791306	GeoB25202_R2	68.149	1	IG-D	SRPI	-0.654599057500979
LV7008886229	leiden1	0.0156328012043817	GeoB25202_R2	68.149	1	IG-D	SRPI	-0.877896885714492
LV7008886229	leiden5	0.0208862970996819	GeoB25202_R2	68.149	1	IG-D	SRPI	0.341645232314987
LV7008886229	leiden6	0.00137702606715697	GeoB25202_R2	68.149	1	IG-D	SRPI	-2.26791787831645
LV7008886229	grey	0.0590981970210056	GeoB25202_R2	68.149	1	IG-D	SRPI	-0.442020967196023
LV7008886690	leiden4	0.68531045833733	GeoB25202_R1	2.324	3	IG-A	SRPI	-0.43101213143603
LV7008886690	leiden5	0.180550163142693	GeoB25202_R1	2.324	3	IG-A	SRPI	-0.279985542615581
LV7008886690	leiden2	0.0150474963724921	GeoB25202_R1	2.324	3	IG-A	SRPI	-0.904389217090223
LV7008886690	grey	0.00113126477838325	GeoB25202_R1	2.324	3	IG-A	SRPI	-1.13730321127519
LV7008886690	leiden3	0.111282653280287	GeoB25202_R1	2.324	3	IG-A	SRPI	0.53345096350745
LV7008886690	leiden1	0.00667796408881418	GeoB25202_R1	2.324	3	IG-A	SRPI	-0.944202939493242
LV7008886692	leiden4	0.711993668927343	GeoB25202_R1	53.875	4	IG-B	SRPI	-0.688929724770147
LV7008886692	leiden6	0.0042221888180524	GeoB25202_R1	53.875	4	IG-B	SRPI	-3.14962124178145
LV7008886692	leiden2	0.0991529095523154	GeoB25202_R1	53.875	4	IG-B	SRPI	-0.915412927680181
LV7008886692	leiden3	0.0134491082560371	GeoB25202_R1	53.875	4	IG-B	SRPI	-0.752276703334971
LV7008886692	grey	0.145716357334229	GeoB25202_R1	53.875	4	IG-B	SRPI	-3.38598077091621
LV7008886692	leiden1	0.00529652586809086	GeoB25202_R1	53.875	4	IG-B	SRPI	-0.361806031372629
LV7008886692	leiden5	0.020169241243932	GeoB25202_R1	53.875	4	IG-B	SRPI	0.244623199527857
LV7008886695	leiden3	0.126989853740972	GeoB25202_R1	95.3875	1	IG-D	SRPI	0.0579931895649794
LV7008886695	leiden4	0.685113231714269	GeoB25202_R1	95.3875	1	IG-D	SRPI	-0.580114752902295
LV7008886695	leiden1	0.00444611350666246	GeoB25202_R1	95.3875	1	IG-D	SRPI	-1.06641974335753
LV7008886695	grey	0.0986836016872431	GeoB25202_R1	95.3875	1	IG-D	SRPI	-0.442305457106048
LV7008886695	leiden2	0.0642882530059885	GeoB25202_R1	95.3875	1	IG-D	SRPI	-0.768676856658231
LV7008886695	leiden6	0.000342008731281728	GeoB25202_R1	95.3875	1	IG-D	SRPI	-9.21034037197618
LV7008886695	leiden5	0.0201369376135838	GeoB25202_R1	95.3875	1	IG-D	SRPI	0.312219849044249
LV7008886702	leiden1	0.0148910780970623	GeoB25202_R2	2.324	3	IG-A	SRPI	-0.605014824215917
LV7008886702	leiden4	0.801589707546332	GeoB25202_R2	2.324	3	IG-A	SRPI	-0.572225570041474
LV7008886702	leiden5	0.0993272754656358	GeoB25202_R2	2.324	3	IG-A	SRPI	-0.46624731985009
LV7008886702	leiden3	0.0100570773169799	GeoB25202_R2	2.324	3	IG-A	SRPI	-1.21331137736866
LV7008886702	leiden2	0.0726799306421778	GeoB25202_R2	2.324	3	IG-A	SRPI	-0.75094378137796
LV7008886702	grey	0.000904625270808312	GeoB25202_R2	2.324	3	IG-A	SRPI	0.265994475040297
LV7008886702	leiden6	0.000550305661003989	GeoB25202_R2	2.324	3	IG-A	SRPI	-9.21034037197618
LV7008886703	leiden1	0.0377694879124073	GeoB25202_R1	27.6855	5	G-A	SRPI	-1.03003055066423
LV7008886703	leiden3	0.0850992361481194	GeoB25202_R1	27.6855	5	G-A	SRPI	0.338801925568596
LV7008886703	leiden4	0.637023400029068	GeoB25202_R1	27.6855	5	G-A	SRPI	-0.85011397634837
LV7008886703	leiden5	0.00881901716648095	GeoB25202_R1	27.6855	5	G-A	SRPI	0.0455933477979402
LV7008886703	leiden2	0.19682831904139	GeoB25202_R1	27.6855	5	G-A	SRPI	-0.9750483931224
LV7008886703	leiden6	0.0329247613972191	GeoB25202_R1	27.6855	5	G-A	SRPI	-1.65973070013304
LV7008886703	grey	0.00153577830531467	GeoB25202_R1	27.6855	5	G-A	SRPI	-1.39306500007377
LV7008886704	leiden3	0.0170773935333004	GeoB25202_R2	53.875	4	IG-B	SRPI	-0.965072341836569
LV7008886704	leiden4	0.69288423198573	GeoB25202_R2	53.875	4	IG-B	SRPI	-0.814753352971181
LV7008886704	leiden2	0.126770697486172	GeoB25202_R2	53.875	4	IG-B	SRPI	-1.16997984787461
LV7008886704	leiden6	0.00445203939380312	GeoB25202_R2	53.875	4	IG-B	SRPI	-9.21034037197618
LV7008886704	leiden5	0.0178268951147487	GeoB25202_R2	53.875	4	IG-B	SRPI	0.685453691493013
LV7008886704	grey	0.134314430903449	GeoB25202_R2	53.875	4	IG-B	SRPI	-9.21034037197618
LV7008886704	leiden1	0.00667431158279744	GeoB25202_R2	53.875	4	IG-B	SRPI	-0.491037809243849
LV7008886705	leiden4	0.816301629679742	GeoB25202_R1	59.738	4	IG-B	SRPI	-0.782872583151418
LV7008886705	leiden6	0.0385976780989889	GeoB25202_R1	59.738	4	IG-B	SRPI	-9.21034037197618
LV7008886705	leiden2	0.0809041158775989	GeoB25202_R1	59.738	4	IG-B	SRPI	-1.26179593923061
LV7008886705	leiden5	0.0216847675078826	GeoB25202_R1	59.738	4	IG-B	SRPI	0.296493248719506
LV7008886705	leiden3	0.0199693151479276	GeoB25202_R1	59.738	4	IG-B	SRPI	-1.13500117904779
LV7008886705	leiden1	0.0225424936878602	GeoB25202_R1	59.738	4	IG-B	SRPI	-2.00068686713152
LV7008886706	leiden3	0.123960709528343	GeoB25202_R1	79.0255	1	IG-D	SRPI	-0.059723358559185
LV7008886706	leiden4	0.689713768697383	GeoB25202_R1	79.0255	1	IG-D	SRPI	-0.596009039290308
LV7008886706	leiden2	0.0821085006945832	GeoB25202_R1	79.0255	1	IG-D	SRPI	-0.922208649437821
LV7008886706	leiden1	0.00881446308371328	GeoB25202_R1	79.0255	1	IG-D	SRPI	-0.756804877306129
LV7008886706	grey	0.0775462062759607	GeoB25202_R1	79.0255	1	IG-D	SRPI	-0.449188731165216
LV7008886706	leiden5	0.0163785778912827	GeoB25202_R1	79.0255	1	IG-D	SRPI	0.29151782605997
LV7008886706	leiden6	0.00147777382873379	GeoB25202_R1	79.0255	1	IG-D	SRPI	-9.21034037197618
LV7008886707	leiden1	0.00770776242865706	GeoB25202_R2	95.3875	1	IG-D	SRPI	-0.460004728295761
LV7008886707	leiden3	0.129414825270211	GeoB25202_R2	95.3875	1	IG-D	SRPI	0.154969760401416
LV7008886707	leiden4	0.687358390738732	GeoB25202_R2	95.3875	1	IG-D	SRPI	-0.580361905801722
LV7008886707	grey	0.0948977600908409	GeoB25202_R2	95.3875	1	IG-D	SRPI	-0.413760028798019
LV7008886707	leiden5	0.0222022228589207	GeoB25202_R2	95.3875	1	IG-D	SRPI	0.284879063377272
LV7008886707	leiden2	0.0575630111775738	GeoB25202_R2	95.3875	1	IG-D	SRPI	-0.852788252137033
LV7008886707	leiden6	0.000856027435064079	GeoB25202_R2	95.3875	1	IG-D	SRPI	-0.850529209441347
LV7008886708	leiden3	0.188450904849229	GeoB25202_R1	109.6305	1	IG-D	SRPI	0.0637004279503053
LV7008886708	leiden4	0.573545988324164	GeoB25202_R1	109.6305	1	IG-D	SRPI	-0.583270257833387
LV7008886708	grey	0.13078207162899	GeoB25202_R1	109.6305	1	IG-D	SRPI	-0.353958629559587
LV7008886708	leiden5	0.0541582313146438	GeoB25202_R1	109.6305	1	IG-D	SRPI	-0.577439828917534
LV7008886708	leiden2	0.0358294498000751	GeoB25202_R1	109.6305	1	IG-D	SRPI	-0.387345588392793
LV7008886708	leiden6	0.00230862265889773	GeoB25202_R1	109.6305	1	IG-D	SRPI	-1.76177238871582
LV7008886708	leiden1	0.0149247314239996	GeoB25202_R1	109.6305	1	IG-D	SRPI	-0.251572835253701
LV7008886709	leiden4	0.700548074515017	GeoB25202_R1	147.206	4	IG-B	SRPI	-0.922506381690589
LV7008886709	leiden1	0.0219518773237781	GeoB25202_R1	147.206	4	IG-B	SRPI	-0.774952790214239
LV7008886709	leiden3	0.0526739101119266	GeoB25202_R1	147.206	4	IG-B	SRPI	0.290392324358733
LV7008886709	grey	0.00869791365659134	GeoB25202_R1	147.206	4	IG-B	SRPI	-0.424639334158796
LV7008886709	leiden5	0.0208441696045002	GeoB25202_R1	147.206	4	IG-B	SRPI	0.0680946445877868
LV7008886709	leiden2	0.195284054788187	GeoB25202_R1	147.206	4	IG-B	SRPI	-1.05357519915512
LV7008886714	leiden1	0.0087878924372776	GeoB25202_R1	0.692	1	IG-D	SRPI	0.480258753071773
LV7008886714	leiden3	0.0218363242779207	GeoB25202_R1	0.692	1	IG-D	SRPI	-1.35020638307459
LV7008886714	leiden4	0.89870355601364	GeoB25202_R1	0.692	1	IG-D	SRPI	-0.411593390648709
LV7008886714	leiden2	0.0225530381514346	GeoB25202_R1	0.692	1	IG-D	SRPI	-1.36956150359609
LV7008886714	leiden5	0.0477604347445929	GeoB25202_R1	0.692	1	IG-D	SRPI	-0.559709584619631
LV7008886714	leiden6	0.000358754375134135	GeoB25202_R1	0.692	1	IG-D	SRPI	-9.21034037197618
LV7008886715	leiden1	0.0308159042991686	GeoB25202_R2	27.6855	5	G-A	SRPI	-1.21102323068971
LV7008886715	leiden2	0.152949555715199	GeoB25202_R2	27.6855	5	G-A	SRPI	-1.04607963575592
LV7008886715	leiden3	0.0187485598173325	GeoB25202_R2	27.6855	5	G-A	SRPI	-1.11570970826958
LV7008886715	leiden4	0.745331343673486	GeoB25202_R2	27.6855	5	G-A	SRPI	-0.678688803043225
LV7008886715	leiden5	0.0190332076857389	GeoB25202_R2	27.6855	5	G-A	SRPI	0.44765950183461
LV7008886715	leiden6	0.0318288071036278	GeoB25202_R2	27.6855	5	G-A	SRPI	-1.60754918374725
LV7008886715	grey	0.00129262170544737	GeoB25202_R2	27.6855	5	G-A	SRPI	-0.982198694797484
LV7008886717	leiden4	0.814435912228699	GeoB25202_R2	59.738	4	IG-B	SRPI	-0.788408106915284
LV7008886717	leiden1	0.0169445162830485	GeoB25202_R2	59.738	4	IG-B	SRPI	-0.986116495478786
LV7008886717	leiden2	0.11861161398134	GeoB25202_R2	59.738	4	IG-B	SRPI	-1.05955640064252
LV7008886717	leiden6	0.0034615155071916	GeoB25202_R2	59.738	4	IG-B	SRPI	-9.21034037197618
LV7008886717	leiden3	0.0380965643463903	GeoB25202_R2	59.738	4	IG-B	SRPI	-1.33628587593649
LV7008886717	leiden5	0.00844987765333121	GeoB25202_R2	59.738	4	IG-B	SRPI	-0.0046990806352839
LV7008886718	leiden3	0.112458351484041	GeoB25202_R2	79.0255	1	IG-D	SRPI	-0.0123856318153442
LV7008886718	leiden4	0.67503855799004	GeoB25202_R2	79.0255	1	IG-D	SRPI	-0.594301021653129
LV7008886718	leiden1	0.0149890507081719	GeoB25202_R2	79.0255	1	IG-D	SRPI	-0.933952004423512
LV7008886718	grey	0.0766362127223707	GeoB25202_R2	79.0255	1	IG-D	SRPI	-0.405940637880791
LV7008886718	leiden6	0.000523917727256673	GeoB25202_R2	79.0255	1	IG-D	SRPI	-9.21034037197618
LV7008886718	leiden2	0.106284658040665	GeoB25202_R2	79.0255	1	IG-D	SRPI	-0.808293623818134
LV7008886718	leiden5	0.0140692513274545	GeoB25202_R2	79.0255	1	IG-D	SRPI	0.212060921841475
LV7008886719	leiden3	0.0939685717976636	GeoB25202_R1	87.2825	1	IG-D	SRPI	0.197790121520672
LV7008886719	leiden4	0.713335301825161	GeoB25202_R1	87.2825	1	IG-D	SRPI	-0.586839854095057
LV7008886719	grey	0.111772657648513	GeoB25202_R1	87.2825	1	IG-D	SRPI	-0.456341535405447
LV7008886719	leiden2	0.0523718788639342	GeoB25202_R1	87.2825	1	IG-D	SRPI	-0.656151206059018
LV7008886719	leiden1	0.00254673630206507	GeoB25202_R1	87.2825	1	IG-D	SRPI	-1.23460720721623
LV7008886719	leiden5	0.025232066731873	GeoB25202_R1	87.2825	1	IG-D	SRPI	0.13940290521047
LV7008886719	leiden6	0.000772786830789673	GeoB25202_R1	87.2825	1	IG-D	SRPI	-9.21034037197618
LV7008886720	leiden3	0.184324854791895	GeoB25202_R2	109.6305	1	IG-D	SRPI	0.12166876445358
LV7008886720	leiden4	0.456662943241655	GeoB25202_R2	109.6305	1	IG-D	SRPI	-0.579821450503926
LV7008886720	leiden1	0.015132932837217	GeoB25202_R2	109.6305	1	IG-D	SRPI	-0.223708793276303
LV7008886720	grey	0.132438325530916	GeoB25202_R2	109.6305	1	IG-D	SRPI	-0.372984792548225
LV7008886720	leiden5	0.162708567414962	GeoB25202_R2	109.6305	1	IG-D	SRPI	-1.60182898870526
LV7008886720	leiden2	0.0445640365282216	GeoB25202_R2	109.6305	1	IG-D	SRPI	-0.589728475684233
LV7008886720	leiden6	0.0041683396551328	GeoB25202_R2	109.6305	1	IG-D	SRPI	-3.08413094305829
LV7008886721	leiden4	0.690048806749357	GeoB25202_R2	147.206	4	IG-B	SRPI	-0.927631631184335
LV7008886721	leiden1	0.0160233479021598	GeoB25202_R2	147.206	4	IG-B	SRPI	-0.457591514402366
LV7008886721	leiden2	0.190941353979981	GeoB25202_R2	147.206	4	IG-B	SRPI	-1.15737294588645
LV7008886721	leiden3	0.0800246513044649	GeoB25202_R2	147.206	4	IG-B	SRPI	0.130028332190177
LV7008886721	leiden5	0.0172665386876722	GeoB25202_R2	147.206	4	IG-B	SRPI	0.135633206479104
LV7008886721	grey	0.0056953013763645	GeoB25202_R2	147.206	4	IG-B	SRPI	-1.44317694401426
LV7008886726	leiden3	0.0264245707245135	GeoB25202_R2	0.692	1	IG-D	SRPI	-1.21555886750261
LV7008886726	leiden4	0.920828619080983	GeoB25202_R2	0.692	1	IG-D	SRPI	-0.368005863789444
LV7008886726	grey	0.000319372544359361	GeoB25202_R2	0.692	1	IG-D	SRPI	-0.208528251092058
LV7008886726	leiden2	0.0176405878765522	GeoB25202_R2	0.692	1	IG-D	SRPI	-1.1321238798838
LV7008886726	leiden5	0.0256352171361938	GeoB25202_R2	0.692	1	IG-D	SRPI	-0.493518681488195
LV7008886726	leiden1	0.00868784098383249	GeoB25202_R2	0.692	1	IG-D	SRPI	0.460704869099699
LV7008886726	leiden6	0.00046379165356579	GeoB25202_R2	0.692	1	IG-D	SRPI	-9.21034037197618
LV7008886727	leiden1	0.064262329313675	GeoB25202_R1	16.4375	3	IG-A	SRPI	-1.02797583972631
LV7008886727	leiden3	0.0359258513497053	GeoB25202_R1	16.4375	3	IG-A	SRPI	-1.05596208209691
LV7008886727	leiden4	0.674788845717543	GeoB25202_R1	16.4375	3	IG-A	SRPI	-1.05661146899887
LV7008886727	leiden2	0.200799788534983	GeoB25202_R1	16.4375	3	IG-A	SRPI	-0.828281205732759
LV7008886727	leiden5	0.0238221307420583	GeoB25202_R1	16.4375	3	IG-A	SRPI	-0.411158188392084
LV7008886727	grey	9.94349608350548e-05	GeoB25202_R1	16.4375	3	IG-A	SRPI	-9.21034037197618
LV7008886727	leiden6	0.000301619381199666	GeoB25202_R1	16.4375	3	IG-A	SRPI	-9.21034037197618
LV7008886728	leiden3	0.00715355635241251	GeoB25202_R2	50.3555	5	G-A	SRPI	-1.31969286115882
LV7008886728	leiden4	0.722176327296385	GeoB25202_R2	50.3555	5	G-A	SRPI	-0.780904008200669
LV7008886728	leiden2	0.147997518647966	GeoB25202_R2	50.3555	5	G-A	SRPI	-0.953329604584254
LV7008886728	leiden6	0.0106335012785015	GeoB25202_R2	50.3555	5	G-A	SRPI	-1.72523203025746
LV7008886728	leiden1	0.0107787511536774	GeoB25202_R2	50.3555	5	G-A	SRPI	-0.667678279704256
LV7008886728	grey	0.0959556987880713	GeoB25202_R2	50.3555	5	G-A	SRPI	-4.48935979118058
LV7008886728	leiden5	0.0053046464829861	GeoB25202_R2	50.3555	5	G-A	SRPI	-9.21034037197618
LV7008886730	leiden3	0.116081329133237	GeoB25202_R1	75.351	1	IG-D	SRPI	-0.232743361109932
LV7008886730	leiden4	0.678187511443071	GeoB25202_R1	75.351	1	IG-D	SRPI	-0.678554887318173
LV7008886730	leiden1	0.0144781255428123	GeoB25202_R1	75.351	1	IG-D	SRPI	-0.65661020070196
LV7008886730	leiden2	0.0945087342907174	GeoB25202_R1	75.351	1	IG-D	SRPI	-0.837467602939448
LV7008886730	grey	0.0790916901005113	GeoB25202_R1	75.351	1	IG-D	SRPI	-0.415030845948722
LV7008886730	leiden6	0.00194074484416298	GeoB25202_R1	75.351	1	IG-D	SRPI	-9.21034037197618
LV7008886730	leiden5	0.0157118646454878	GeoB25202_R1	75.351	1	IG-D	SRPI	0.272671953355936
LV7008886731	leiden2	0.0581664665716993	GeoB25202_R2	87.2825	1	IG-D	SRPI	-0.75271393450933
LV7008886731	leiden3	0.126700548032123	GeoB25202_R2	87.2825	1	IG-D	SRPI	0.271323269229383
LV7008886731	leiden4	0.676982443480947	GeoB25202_R2	87.2825	1	IG-D	SRPI	-0.579827822738625
LV7008886731	leiden1	0.00744602101308186	GeoB25202_R2	87.2825	1	IG-D	SRPI	-0.650078319881622
LV7008886731	grey	0.103757016283376	GeoB25202_R2	87.2825	1	IG-D	SRPI	-0.64069565767749
LV7008886731	leiden5	0.0263524035241597	GeoB25202_R2	87.2825	1	IG-D	SRPI	0.368373956605116
LV7008886731	leiden6	0.00059510109461278	GeoB25202_R2	87.2825	1	IG-D	SRPI	-0.929338282545329
LV7008886739	leiden1	0.0635666615142616	GeoB25202_R2	16.4375	3	IG-A	SRPI	-1.24640863887532
LV7008886739	leiden2	0.22104897664142	GeoB25202_R2	16.4375	3	IG-A	SRPI	-0.904707780477357
LV7008886739	leiden3	0.0360687300533729	GeoB25202_R2	16.4375	3	IG-A	SRPI	-1.4168630624889
LV7008886739	leiden4	0.665776929651485	GeoB25202_R2	16.4375	3	IG-A	SRPI	-1.03495710312798
LV7008886739	leiden5	0.00969315154435766	GeoB25202_R2	16.4375	3	IG-A	SRPI	-0.49835604229243
LV7008886739	leiden6	0.00168835980760313	GeoB25202_R2	16.4375	3	IG-A	SRPI	-2.29766943177998
LV7008886739	grey	0.00215719078749966	GeoB25202_R2	16.4375	3	IG-A	SRPI	-1.21932803870719
LV7008886740	leiden3	0.108824478465076	GeoB25202_R1	43.105	4	IG-B	SRPI	0.403553344039825
LV7008886740	leiden4	0.673580344292439	GeoB25202_R1	43.105	4	IG-B	SRPI	-0.741796587548208
LV7008886740	leiden2	0.190887159971522	GeoB25202_R1	43.105	4	IG-B	SRPI	-0.47116021882674
LV7008886740	leiden6	0.00688892189652788	GeoB25202_R1	43.105	4	IG-B	SRPI	-1.46827760224425
LV7008886740	leiden1	0.0126663969145825	GeoB25202_R1	43.105	4	IG-B	SRPI	-1.12872396617856
LV7008886740	grey	0.00361604376130014	GeoB25202_R1	43.105	4	IG-B	SRPI	-0.404428603893864
LV7008886740	leiden5	0.00353665469855205	GeoB25202_R1	43.105	4	IG-B	SRPI	-0.644195508434309
LV7008886741	leiden4	0.739686468646865	GeoB25202_R1	58.997	2	IG-E	SRPI	-0.634864612013566
LV7008886741	leiden2	0.121809680968097	GeoB25202_R1	58.997	2	IG-E	SRPI	-1.92525249574571
LV7008886741	grey	0.0385038503850385	GeoB25202_R1	58.997	2	IG-E	SRPI	-4.60517018598809
LV7008886741	leiden1	0.0635863586358636	GeoB25202_R1	58.997	2	IG-E	SRPI	-2.58609472554405
LV7008886741	leiden5	0.0110836083608361	GeoB25202_R1	58.997	2	IG-E	SRPI	-0.3317941891592
LV7008886741	leiden3	0.0253300330033003	GeoB25202_R1	58.997	2	IG-E	SRPI	-0.718076132355002
LV7008886742	leiden1	0.0181050867242334	GeoB25202_R2	75.351	1	IG-D	SRPI	-0.90700826621674
LV7008886742	leiden2	0.0991963604256147	GeoB25202_R2	75.351	1	IG-D	SRPI	-0.724656235421936
LV7008886742	leiden3	0.115022971820236	GeoB25202_R2	75.351	1	IG-D	SRPI	-0.264923118278645
LV7008886742	leiden4	0.687858607324045	GeoB25202_R2	75.351	1	IG-D	SRPI	-0.709276619423237
LV7008886742	grey	0.0578268807710151	GeoB25202_R2	75.351	1	IG-D	SRPI	-0.442380589434558
LV7008886742	leiden5	0.0194961164903249	GeoB25202_R2	75.351	1	IG-D	SRPI	0.145292506916504
LV7008886742	leiden6	0.00249397644453091	GeoB25202_R2	75.351	1	IG-D	SRPI	-2.48997982007298
LV7008886743	leiden3	0.131823487077372	GeoB25202_R1	81.6705	1	IG-D	SRPI	0.244497344597457
LV7008886743	leiden4	0.659454904110406	GeoB25202_R1	81.6705	1	IG-D	SRPI	-0.600743221529339
LV7008886743	grey	0.127050448777468	GeoB25202_R1	81.6705	1	IG-D	SRPI	-0.421580587875364
LV7008886743	leiden1	0.00762381000324417	GeoB25202_R1	81.6705	1	IG-D	SRPI	-0.400821012890814
LV7008886743	leiden5	0.0219559761795557	GeoB25202_R1	81.6705	1	IG-D	SRPI	0.412343205651649
LV7008886743	leiden2	0.0520913738519538	GeoB25202_R1	81.6705	1	IG-D	SRPI	-0.583382862695097
LV7008886744	leiden3	0.188002819143326	GeoB25202_R1	105.5785	1	IG-D	SRPI	0.1964963823165
LV7008886744	leiden4	0.555620547143939	GeoB25202_R1	105.5785	1	IG-D	SRPI	-0.587522154061113
LV7008886744	leiden5	0.0654012484777585	GeoB25202_R1	105.5785	1	IG-D	SRPI	-0.3314265434867
LV7008886744	leiden1	0.00420234545053554	GeoB25202_R1	105.5785	1	IG-D	SRPI	-1.36630759226008
LV7008886744	grey	0.148810494117196	GeoB25202_R1	105.5785	1	IG-D	SRPI	-0.14556970723992
LV7008886744	leiden2	0.0376005638286651	GeoB25202_R1	105.5785	1	IG-D	SRPI	-0.395365883305605
LV7008886744	leiden6	0.000361981838580072	GeoB25202_R1	105.5785	1	IG-D	SRPI	-9.21034037197618
LV7008886745	leiden1	0.00938108836638288	GeoB25202_R2	136.2775	4	IG-B	SRPI	-0.78309969701858
LV7008886745	leiden4	0.693766847260402	GeoB25202_R2	136.2775	4	IG-B	SRPI	-0.714573422502122
LV7008886745	leiden5	0.010822279751261	GeoB25202_R2	136.2775	4	IG-B	SRPI	0.604069949558117
LV7008886745	leiden2	0.158624462889322	GeoB25202_R2	136.2775	4	IG-B	SRPI	-1.33957285834495
LV7008886745	leiden3	0.120272758813953	GeoB25202_R2	136.2775	4	IG-B	SRPI	0.431275511813326
LV7008886745	grey	0.00637860631455336	GeoB25202_R2	136.2775	4	IG-B	SRPI	-1.04546502591288
LV7008886745	leiden6	0.000753956604126078	GeoB25202_R2	136.2775	4	IG-B	SRPI	-9.21034037197618
LV7008886751	leiden2	0.0822610955905648	GeoB25202_R1	7.1335	3	IG-A	SRPI	-1.00480705262331
LV7008886751	leiden3	0.0150143285043634	GeoB25202_R1	7.1335	3	IG-A	SRPI	-0.360851184083962
LV7008886751	leiden4	0.691910155237464	GeoB25202_R1	7.1335	3	IG-A	SRPI	-0.630726382976494
LV7008886751	leiden5	0.146825768267043	GeoB25202_R1	7.1335	3	IG-A	SRPI	-0.0519337349272517
LV7008886751	leiden1	0.0592868868984188	GeoB25202_R1	7.1335	3	IG-A	SRPI	0.92842114256839
LV7008886751	grey	0.00449475821548919	GeoB25202_R1	7.1335	3	IG-A	SRPI	-0.93950740763027
LV7008886752	leiden3	0.0739448278036757	GeoB25202_R2	43.105	5	G-A	SRPI	0.441708692386993
LV7008886752	leiden4	0.689557855126999	GeoB25202_R2	43.105	5	G-A	SRPI	-0.759458780834649
LV7008886752	leiden5	0.0107921609022635	GeoB25202_R2	43.105	5	G-A	SRPI	0.46818613791313
LV7008886752	leiden2	0.144329057111474	GeoB25202_R2	43.105	5	G-A	SRPI	-0.881107620677925
LV7008886752	leiden6	0.0126762561949158	GeoB25202_R2	43.105	5	G-A	SRPI	-1.79310344362621
LV7008886752	leiden1	0.00857434161774676	GeoB25202_R2	43.105	5	G-A	SRPI	-2.04069124474241
LV7008886752	grey	0.0601255012429248	GeoB25202_R2	43.105	5	G-A	SRPI	-4.4229458546309
LV7008886753	leiden4	0.821454260119009	GeoB25202_R2	58.997	4	IG-B	SRPI	-0.840069538371184
LV7008886753	grey	0.00704025807014102	GeoB25202_R2	58.997	4	IG-B	SRPI	0.3433267314815
LV7008886753	leiden3	0.0357462019660411	GeoB25202_R2	58.997	4	IG-B	SRPI	-0.724372241738838
LV7008886753	leiden2	0.106769981908934	GeoB25202_R2	58.997	4	IG-B	SRPI	-0.842115833977478
LV7008886753	leiden5	0.0047461801695765	GeoB25202_R2	58.997	4	IG-B	SRPI	-0.541215088813721
LV7008886753	leiden1	0.0227010178948974	GeoB25202_R2	58.997	4	IG-B	SRPI	-0.52686958699708
LV7008886753	leiden6	0.00154209987140086	GeoB25202_R2	58.997	4	IG-B	SRPI	-0.3317941891592
LV7008886754	leiden3	0.138168627813508	GeoB25202_R1	71.8895	1	IG-D	SRPI	-0.386209562628956
LV7008886754	leiden4	0.627237710366565	GeoB25202_R1	71.8895	1	IG-D	SRPI	-0.742829752952283
LV7008886754	leiden1	0.0188278901053429	GeoB25202_R1	71.8895	1	IG-D	SRPI	-0.931833490028739
LV7008886754	grey	0.0598019924019317	GeoB25202_R1	71.8895	1	IG-D	SRPI	-0.459881778284265
LV7008886754	leiden5	0.048836298164754	GeoB25202_R1	71.8895	1	IG-D	SRPI	-0.120955935392292
LV7008886754	leiden6	0.00324876850543442	GeoB25202_R1	71.8895	1	IG-D	SRPI	-2.53490275250206
LV7008886754	leiden2	0.103878712642464	GeoB25202_R1	71.8895	1	IG-D	SRPI	-0.873812162534809
LV7008886755	leiden3	0.119082532183512	GeoB25202_R2	81.6705	1	IG-D	SRPI	-0.142318348101928
LV7008886755	leiden4	0.691872828172813	GeoB25202_R2	81.6705	1	IG-D	SRPI	-0.632756145813158
LV7008886755	leiden1	0.00504028930977741	GeoB25202_R2	81.6705	1	IG-D	SRPI	-0.381791125126221
LV7008886755	grey	0.103501170095226	GeoB25202_R2	81.6705	1	IG-D	SRPI	-0.436390546477635
LV7008886755	leiden5	0.0149857058212434	GeoB25202_R2	81.6705	1	IG-D	SRPI	0.439252851337537
LV7008886755	leiden2	0.0655174744174277	GeoB25202_R2	81.6705	1	IG-D	SRPI	-0.637001443637731
LV7008886756	leiden3	0.169243866088525	GeoB25202_R2	105.5785	1	IG-D	SRPI	0.0483995089108682
LV7008886756	leiden4	0.589906960367721	GeoB25202_R2	105.5785	1	IG-D	SRPI	-0.616036674479309
LV7008886756	grey	0.145923667951247	GeoB25202_R2	105.5785	1	IG-D	SRPI	-0.506454729062443
LV7008886756	leiden1	0.00546710332752941	GeoB25202_R2	105.5785	1	IG-D	SRPI	-0.289014731774411
LV7008886756	leiden5	0.0274729779917137	GeoB25202_R2	105.5785	1	IG-D	SRPI	0.166366781743343
LV7008886756	leiden2	0.0609315538920856	GeoB25202_R2	105.5785	1	IG-D	SRPI	-0.588975377215649
LV7008886756	leiden6	0.00105387038117792	GeoB25202_R2	105.5785	1	IG-D	SRPI	-9.21034037197618
LV7008886757	leiden3	0.216319107662464	GeoB25202_R1	123.1195	2	IG-E	SRPI	0.212031675015846
LV7008886757	leiden1	0.0155431619786615	GeoB25202_R1	123.1195	2	IG-E	SRPI	-0.524148475602665
LV7008886757	leiden4	0.541658583899127	GeoB25202_R1	123.1195	2	IG-E	SRPI	-0.712632646318341
LV7008886757	grey	0.0450775945683802	GeoB25202_R1	123.1195	2	IG-E	SRPI	-0.817123286630342
LV7008886757	leiden5	0.057274490785645	GeoB25202_R1	123.1195	2	IG-E	SRPI	0.100171502092289
LV7008886757	leiden2	0.124127061105723	GeoB25202_R1	123.1195	2	IG-E	SRPI	-1.05854626230143
LV7008886763	leiden2	0.0476157662624035	GeoB25202_R2	7.1335	3	IG-A	SRPI	-1.26466012763099
LV7008886763	leiden1	0.0210963340683572	GeoB25202_R2	7.1335	3	IG-A	SRPI	-0.172002847950518
LV7008886763	leiden4	0.794990352811466	GeoB25202_R2	7.1335	3	IG-A	SRPI	-0.688795404930058
LV7008886763	leiden5	0.123518467475193	GeoB25202_R2	7.1335	3	IG-A	SRPI	-0.0841756622938623
LV7008886763	leiden3	0.00709757442116869	GeoB25202_R2	7.1335	3	IG-A	SRPI	-1.63480743882525
LV7008886763	grey	0.00568150496141125	GeoB25202_R2	7.1335	3	IG-A	SRPI	0.403347773334449
LV7008886765	leiden4	0.657961128415321	GeoB25202_R1	58.181	4	IG-B	SRPI	-0.839032068882069
LV7008886765	leiden1	0.0192286350554516	GeoB25202_R1	58.181	4	IG-B	SRPI	-1.44350520861647
LV7008886765	leiden2	0.156169464523082	GeoB25202_R1	58.181	4	IG-B	SRPI	-1.01996161521665
LV7008886765	leiden6	0.00716912172709987	GeoB25202_R1	58.181	4	IG-B	SRPI	-1.89943225322163
LV7008886765	leiden3	0.0692743822890387	GeoB25202_R1	58.181	4	IG-B	SRPI	0.404362694559625
LV7008886765	leiden5	0.0164739364076461	GeoB25202_R1	58.181	4	IG-B	SRPI	0.777317781597104
LV7008886765	grey	0.0737233315823611	GeoB25202_R1	58.181	4	IG-B	SRPI	-3.34235129525376
LV7008886766	leiden2	0.0858955884211857	GeoB25202_R2	71.8895	1	IG-D	SRPI	-0.90713752203624
LV7008886766	leiden3	0.163755951628534	GeoB25202_R2	71.8895	1	IG-D	SRPI	-0.29862126456295
LV7008886766	leiden4	0.651439767412464	GeoB25202_R2	71.8895	1	IG-D	SRPI	-0.722512015998837
LV7008886766	leiden1	0.0175612017022711	GeoB25202_R2	71.8895	1	IG-D	SRPI	-0.938584733405073
LV7008886766	leiden5	0.0234239244933215	GeoB25202_R2	71.8895	1	IG-D	SRPI	0.492091346360962
LV7008886766	leiden6	0.00158007837188725	GeoB25202_R2	71.8895	1	IG-D	SRPI	-9.21034037197618
LV7008886766	grey	0.0563434879703367	GeoB25202_R2	71.8895	1	IG-D	SRPI	-0.440738723180527
LV7008886768	leiden3	0.137457665315047	GeoB25202_R1	102.2955	1	IG-D	SRPI	-0.138254691021363
LV7008886768	leiden4	0.659441333996091	GeoB25202_R1	102.2955	1	IG-D	SRPI	-0.664573861713919
LV7008886768	leiden1	0.00347787728015932	GeoB25202_R1	102.2955	1	IG-D	SRPI	-0.216234691032257
LV7008886768	grey	0.0920262950537744	GeoB25202_R1	102.2955	1	IG-D	SRPI	-0.489858318426857
LV7008886768	leiden2	0.0863683513167505	GeoB25202_R1	102.2955	1	IG-D	SRPI	-0.739330551231415
LV7008886768	leiden5	0.0193824530222849	GeoB25202_R1	102.2955	1	IG-D	SRPI	0.180688014558172
LV7008886768	leiden6	0.00184602401589339	GeoB25202_R1	102.2955	1	IG-D	SRPI	-2.33343049753266
LV7008886769	leiden1	0.0211340023403425	GeoB25202_R2	123.1195	2	IG-E	SRPI	-0.785605856171977
LV7008886769	leiden4	0.516736995142016	GeoB25202_R2	123.1195	2	IG-E	SRPI	-1.03387490622919
LV7008886769	leiden3	0.173185348037304	GeoB25202_R2	123.1195	2	IG-E	SRPI	0.095890018586379
LV7008886769	leiden2	0.211827594766143	GeoB25202_R2	123.1195	2	IG-E	SRPI	-1.45248271121242
LV7008886769	grey	0.0101414843445268	GeoB25202_R2	123.1195	2	IG-E	SRPI	-0.881671209042228
LV7008886769	leiden5	0.0669745753696677	GeoB25202_R2	123.1195	2	IG-E	SRPI	-2.12895703315723
LV7008886776	leiden1	0.0363832790038343	GeoB25202_R1	36.607	5	G-A	SRPI	-1.19428357876528
LV7008886776	leiden2	0.20001248954001	GeoB25202_R1	36.607	5	G-A	SRPI	-0.975127161172719
LV7008886776	leiden3	0.0376047560168359	GeoB25202_R1	36.607	5	G-A	SRPI	-0.758584861715731
LV7008886776	leiden4	0.681649118862952	GeoB25202_R1	36.607	5	G-A	SRPI	-0.873425814539843
LV7008886776	leiden5	0.0029125607303883	GeoB25202_R1	36.607	5	G-A	SRPI	-0.683106798169701
LV7008886776	leiden6	0.0222576092522512	GeoB25202_R1	36.607	5	G-A	SRPI	-1.78654716670708
LV7008886776	grey	0.0191801865937278	GeoB25202_R1	36.607	5	G-A	SRPI	-3.05968309203378
LV7008886778	leiden2	0.0904935407837077	GeoB25202_R1	68.149	1	IG-D	SRPI	-0.764950180073644
LV7008886778	leiden3	0.0956741903423567	GeoB25202_R1	68.149	1	IG-D	SRPI	-0.825109159100964
LV7008886778	leiden4	0.733146527020065	GeoB25202_R1	68.149	1	IG-D	SRPI	-0.664682612840923
LV7008886778	leiden1	0.0115776905765658	GeoB25202_R1	68.149	1	IG-D	SRPI	-1.39918312454466
LV7008886778	grey	0.0553846125077953	GeoB25202_R1	68.149	1	IG-D	SRPI	-0.60102736253103
LV7008886778	leiden5	0.0133447773236957	GeoB25202_R1	68.149	1	IG-D	SRPI	0.344322606079004
LV7008886778	leiden6	0.000378661445813547	GeoB25202_R1	68.149	1	IG-D	SRPI	-9.21034037197618
LV7008886780	leiden3	0.125858970233577	GeoB25202_R2	102.2955	1	IG-D	SRPI	-0.254696361297387
LV7008886780	leiden4	0.687399303293714	GeoB25202_R2	102.2955	1	IG-D	SRPI	-0.695459276839915
LV7008886780	leiden2	0.0929364028473693	GeoB25202_R2	102.2955	1	IG-D	SRPI	-0.715988302166993
LV7008886780	leiden1	0.00948525133113057	GeoB25202_R2	102.2955	1	IG-D	SRPI	-1.10052429448945
LV7008886780	grey	0.0684731996802372	GeoB25202_R2	102.2955	1	IG-D	SRPI	-0.417583134370221
LV7008886780	leiden5	0.0158468726139716	GeoB25202_R2	102.2955	1	IG-D	SRPI	0.348736507173969
LV7008886781	leiden3	0.24325302658569	GeoB25202_R1	120.0235	2	IG-E	SRPI	0.18833677991994
LV7008886781	leiden4	0.60117443590878	GeoB25202_R1	120.0235	2	IG-E	SRPI	-0.670605935077488
LV7008886781	leiden2	0.140650766198769	GeoB25202_R1	120.0235	2	IG-E	SRPI	-1.25497574799589
LV7008886781	leiden1	0.0102159835900736	GeoB25202_R1	120.0235	2	IG-E	SRPI	-9.21034037197618
LV7008886781	grey	0.00470578771668745	GeoB25202_R1	120.0235	2	IG-E	SRPI	0.0147794011207723
LV3003046936	non_damaged		ST8	22.905	3	IG-A	OAP	-113.669996008418
LV3003046937	non_damaged		ST8	18.598	3	IG-A	OAP	79.97242407173
LV3003046938	non_damaged		ST8	11.169	1	IG-D	OAP	1.77687353892481
LV3003046939	non_damaged		ST8	2.42	1	IG-D	OAP	-4.25867854282421
LV3003046949	non_damaged		ST8	22.3686666666667	3	IG-A	OAP	-119.485767707936
LV3003046950	non_damaged		ST8	18.099	3	IG-A	OAP	-16.1721567732881
LV3003046952	non_damaged		ST8	10.26	1	IG-D	OAP	-52.2440472333114
LV3003046953	non_damaged		ST8	1.5215	1	IG-D	OAP	107.113702546429
LV3003046965	non_damaged		ST8	21.8323333333333	3	IG-A	OAP	-76.1832094166095
LV3003046966	non_damaged		ST8	17.373	3	IG-A	OAP	-75.077732716585
LV3003046978	non_damaged		ST8	21.296	3	IG-A	OAP	-60.8104632492369
LV3003046979	non_damaged		ST8	16.461	3	IG-A	OAP	-38.0093312610552
LV3003046980	non_damaged		ST8	8.056	1	IG-D	OAP	-40.0532311327027
LV3003046993	non_damaged		ST8	20.719	3	IG-A	OAP	-19.0580818109111
LV3003046994	non_damaged		ST8	15.549	3	IG-A	OAP	45.5437298824123
LV3003046995	non_damaged		ST8	6.9705	1	IG-D	OAP	-40.3108896422216
LV3003047009	non_damaged		ST8	20.142	3	IG-A	OAP	-96.3580351328727
LV3003047010	non_damaged		ST8	13.676	1	IG-D	OAP	-90.3091582257458
LV3003047013	non_damaged		ST8	5.885	1	IG-D	OAP	-20.4196571503774
LV3003047026	non_damaged		ST8	19.565	3	IG-A	OAP	-77.242022740679
LV3003047027	non_damaged		ST8	12.877	1	IG-D	OAP	-105.132095821375
LV3003047028	non_damaged		ST8	4.753	2	IG-E	OAP	-35.1592424994729
LV3003047041	non_damaged		ST8	19.097	3	IG-A	OAP	30.5650456327139
LV3003047044	non_damaged		ST8	12.078	5	G-A	OAP	-84.0925362062877
LV3003047045	non_damaged		ST8	3.5865	1	IG-D	OAP	-41.8014051064418
LV3003047059	non_damaged		ST8	107.683	2	IG-E	OAP	-31.0593601759787
LV3003047060	non_damaged		ST8	106.686	2	IG-E	OAP	-72.3194114054444
LV3003047061	non_damaged		ST8	105.689	2	IG-E	OAP	-97.6080706102225
LV3003047062	non_damaged		ST8	104.692	2	IG-E	OAP	169.266574186044
LV3003047063	non_damaged		ST8	103.695	2	IG-E	OAP	52.3861731717221
LV3003047064	non_damaged		ST8	96.283	2	IG-E	OAP	144.807136424979
LV3003047065	non_damaged		ST8	53.61018	2	IG-E	OAP	-49.4036764362349
LV3003047067	non_damaged		ST8	42.86602	4	IG-B	OAP	-31.2245204073517
LV3003047068	non_damaged		ST8	37.78969	4	IG-B	OAP	-25.4836166437715
LV3003047069	non_damaged		ST8	33.7436870748299	4	IG-B	OAP	-85.7346828603349
LV3003047070	non_damaged		ST8	30.128	5	G-A	OAP	-99.3196346308892
LV3003047071	non_damaged		ST8	26.141	5	G-A	OAP	-143.777045763119
LV3003047073	non_damaged		ST8	101.685	2	IG-E	OAP	-6.41217350705413
LV3003047074	non_damaged		ST8	100.672	2	IG-E	OAP	52.8455371130175
LV3003047077	non_damaged		ST8	99.7145	2	IG-E	OAP	-86.3200745716176
LV3003047078	non_damaged		ST8	98.757	2	IG-E	OAP	-57.4099912304695
LV3003047079	non_damaged		ST8	97.52	1	IG-D	OAP	-28.9844518773743
LV3003047080	non_damaged		ST8	87.9935	1	IG-D	OAP	-166.939032514962
LV3003047081	non_damaged		ST8	52.20718	4	IG-B	OAP	-74.7593895930648
LV3003047082	non_damaged		ST8	41.9168333333333	4	IG-B	OAP	-84.2214744582793
LV3003047083	non_damaged		ST8	37.30319	4	IG-B	OAP	25.5779127224612
LV3003047084	non_damaged		ST8	33.276	5	G-A	OAP	-71.9585879446482
LV3003047085	non_damaged		ST8	29.703	5	G-A	OAP	-139.753828757871
LV3003047087	non_damaged		ST8	94.9015	2	IG-E	OAP	-84.6271102481542
LV3003047088	non_damaged		ST8	93.52	2	IG-E	OAP	-102.42091826708
LV3003047089	non_damaged		ST8	92.1385	2	IG-E	OAP	-132.2761125039
LV3003047090	non_damaged		ST8	90.757	2	IG-E	OAP	-127.469443920894
LV3003047091	non_damaged		ST8	89.37525	1	IG-D	OAP	-174.969891478365
LV3003047093	non_damaged		ST8	79.675	1	IG-D	OAP	-163.603970904593
LV3003047094	non_damaged		ST8	50.6848	4	IG-B	OAP	-27.6656153292867
LV3003047095	non_damaged		ST8	40.9751666666667	4	IG-B	OAP	-45.3392174557812
LV3003047096	non_damaged		ST8	36.89377	5	G-A	OAP	33.5722301902188
LV3003047097	non_damaged		ST8	32.835	5	G-A	OAP	-111.794456327798
LV3003047098	non_damaged		ST8	29.278	5	G-A	OAP	-119.982864296102
LV3003047099	non_damaged		ST8	25.058	3	IG-A	OAP	-102.2274152274
LV3003047100	non_damaged		ST8	86.61175	1	IG-D	OAP	-132.296153868073
LV3003047101	non_damaged		ST8	85.23	1	IG-D	OAP	-162.181878327199
LV3003047104	non_damaged		ST8	83.84125	2	IG-E	OAP	-141.796237689555
LV3003047105	non_damaged		ST8	82.4525	2	IG-E	OAP	-169.677762504754
LV3003047106	non_damaged		ST8	81.06375	2	IG-E	OAP	-164.740961114764
LV3003047107	non_damaged		ST8	71.517	1	IG-D	OAP	-161.859461633476
LV3003047110	non_damaged		ST8	49.1548	4	IG-B	OAP	-25.5413286790719
LV3003047112	non_damaged		ST8	40.0335	4	IG-B	OAP	-51.9036915551811
LV3003047113	non_damaged		ST8	36.48927	5	G-A	OAP	1.2231291412746
LV3003047114	non_damaged		ST8	32.3855	5	G-A	OAP	-81.7468195391171
LV3003047117	non_damaged		ST8	28.7616666666667	5	G-A	OAP	-116.941146989234
LV3003047118	non_damaged		ST8	24.528	3	IG-A	OAP	-87.9742454320738
LV3003047122	non_damaged		ST8	76.951	2	IG-E	OAP	-191.036006497552
LV3003047123	non_damaged		ST8	75.589	2	IG-E	OAP	-171.321028689324
LV3003047124	non_damaged		ST8	74.227	2	IG-E	OAP	-161.049293787822
LV3003047125	non_damaged		ST8	72.872	2	IG-E	OAP	-146.386262451319
LV3003047126	non_damaged		ST8	64.210824	4	IG-B	OAP	-98.4979967439493
LV3003047127	non_damaged		ST8	47.6248	2	IG-E	OAP	-86.394923139978
LV3003047128	non_damaged		ST8	39.57797	5	G-A	OAP	13.632887506339
LV3003047129	non_damaged		ST8	36.0373	5	G-A	OAP	-44.1444758759016
LV3003047130	non_damaged		ST8	31.936	5	G-A	OAP	-105.312721823906
LV3003047131	non_damaged		ST8	28.2453333333333	5	G-A	OAP	-131.566287450962
LV3003047132	non_damaged		ST8	23.987	3	IG-A	OAP	-88.2289103822481
LV3003047133	non_damaged		ST8	70.162	1	IG-D	OAP	-144.568283220825
LV3003047134	non_damaged		ST8	68.807	1	IG-D	OAP	-135.907828718999
LV3003047136	non_damaged		ST8	67.8766	1	IG-D	OAP	-147.986103143434
LV3003047137	non_damaged		ST8	66.9462	1	IG-D	OAP	-134.419340338207
LV3003047138	non_damaged		ST8	66.0158	1	IG-D	OAP	-148.196557311356
LV3003047139	non_damaged		ST8	58.6141266666667	4	IG-B	OAP	-120.277099993892
LV3003047140	non_damaged		ST8	46.0948	2	IG-E	OAP	-93.0932700789999
LV3003047141	non_damaged		ST8	39.15347	2	IG-E	OAP	10.5336515572745
LV3003047142	non_damaged		ST8	35.5823	4	IG-B	OAP	-1.18632428567411
LV3003047143	non_damaged		ST8	31.398	5	G-A	OAP	-94.3952644963441
LV3003047144	non_damaged		ST8	27.729	5	G-A	OAP	-143.462647854409
LV3003047145	non_damaged		ST8	23.446	3	IG-A	OAP	-40.9378093779475
LV3003047146	non_damaged		ST8	63.2667	4	IG-B	OAP	-132.201327414167
LV3003047147	non_damaged		ST8	62.3217	4	IG-B	OAP	-109.889286613273
LV3003047148	non_damaged		ST8	61.3767	4	IG-B	OAP	-70.0009876880609
LV3003047149	non_damaged		ST8	60.4317	4	IG-B	OAP	-30.6384840601653
LV3003047150	non_damaged		ST8	59.5217933333333	4	IG-B	OAP	-104.341106886809
LV3003047152	non_damaged		ST8	45.00002	4	IG-B	OAP	-101.766712891898
LV3003047153	non_damaged		ST8	38.71393	4	IG-B	OAP	-80.2817205343759
LV3003047154	non_damaged		ST8	35.13012	4	IG-B	OAP	-3.5271833072097
LV3003047155	non_damaged		ST8	30.9475	5	G-A	OAP	-81.1960145378295
LV3003047156	non_damaged		ST8	27.1996666666667	5	G-A	OAP	-134.317119837248
LV3003047158	non_damaged		ST8	57.70646	4	IG-B	OAP	-105.916369966031
LV3003047159	non_damaged		ST8	56.7987933333333	4	IG-B	OAP	-62.3918683964483
LV3003047160	non_damaged		ST8	55.8911266666667	2	IG-E	OAP	-39.0533434739735
LV3003047161	non_damaged		ST8	54.98346	2	IG-E	OAP	-7.7295880882983
LV3003047162	non_damaged		ST8	102.698	2	IG-E	OAP	0.633058593209202
LV3003047164	non_damaged		ST8	43.93302	4	IG-B	OAP	-105.654411341223
LV3003047166	non_damaged		ST8	38.27343	4	IG-B	OAP	-36.8177233391872
LV3003047167	non_damaged		ST8	34.67812	4	IG-B	OAP	5.8632154586112
LV3003047168	non_damaged		ST8	30.497	5	G-A	OAP	-88.8557397902591
LV3003047169	non_damaged		ST8	26.6703333333333	5	G-A	OAP	-141.972818949706
LV3003061473	non_damaged		ST13	117.088	2	IG-E	OAP	235.324970498568
LV3003061474	non_damaged		ST13	77.7798	1	IG-D	OAP	113.327279103705
LV3003061475	non_damaged		ST13	53.844	4	IG-B	OAP	102.244012126338
LV3003061476	non_damaged		ST13	37.16	5	G-A	OAP	173.667887438281
LV3003061477	non_damaged		ST13	16.726	3	IG-A	OAP	417.173594876504
LV3003061485	non_damaged		ST13	75.7796	1	IG-D	OAP	36.4046698990461
LV3003061486	non_damaged		ST13	52.105	4	IG-B	OAP	82.0764479600251
LV3003061488	non_damaged		ST13	35.041	5	G-A	OAP	268.675214897454
LV3003061489	non_damaged		ST13	112.6068	2	IG-E	OAP	227.830892146192
LV3003061492	non_damaged		ST13	14.437	3	IG-A	OAP	20.7898158390839
LV3003061500	non_damaged		ST13	148.086	1	IG-D	OAP	377.211360171297
LV3003061501	non_damaged		ST13	105.5872	1	IG-D	OAP	110.432085014044
LV3003061503	non_damaged		ST13	73.1472	1	IG-D	OAP	59.8587083981625
LV3003061504	non_damaged		ST13	50.268	4	IG-B	OAP	93.508307939354
LV3003061505	non_damaged		ST13	32.81	5	G-A	OAP	159.518360058001
LV3003061506	non_damaged		ST13	11.95	3	IG-A	OAP	153.137772534902
LV3003061513	non_damaged		ST13	138.493	4	IG-B	OAP	620.917840444628
LV3003061514	non_damaged		ST13	100.6726	1	IG-D	OAP	52.0580651299177
LV3003061515	non_damaged		ST13	71.0012	1	IG-D	OAP	80.8746543633636
LV3003061516	non_damaged		ST13	48.537	4	IG-B	OAP	107.430868749993
LV3003061517	non_damaged		ST13	30.678	5	G-A	OAP	320.435714773912
LV3003061518	non_damaged		ST13	9.804	3	IG-A	OAP	39.1265736106574
LV3003061527	non_damaged		ST13	133.7754	2	IG-E	OAP	313.839207055047
LV3003061528	non_damaged		ST13	95.118	1	IG-D	OAP	106.658481051097
LV3003061529	non_damaged		ST13	66.015	1	IG-D	OAP	148.896383775249
LV3003061530	non_damaged		ST13	47.046	4	IG-B	OAP	96.614505540073
LV3003061531	non_damaged		ST13	28.445	5	G-A	OAP	87.5788246679053
LV3003061533	non_damaged		ST13	7.912	3	IG-A	OAP	116.581048916693
LV3003061539	non_damaged		ST13	130.0556	4	IG-B	OAP	266.762941470417
LV3003061541	non_damaged		ST13	91.09	1	IG-D	OAP	92.7709724163278
LV3003061543	non_damaged		ST13	62.293	1	IG-D	OAP	83.6930380698018
LV3003061544	non_damaged		ST13	45.122	4	IG-B	OAP	59.8569387785494
LV3003061545	non_damaged		ST13	23.172	5	G-A	OAP	352.16026888365
LV3003061546	non_damaged		ST13	7.197	3	IG-A	OAP	125.473884878285
LV3003061555	non_damaged		ST13	126.443	2	IG-E	OAP	235.880779068932
LV3003061556	non_damaged		ST13	86.6174	1	IG-D	OAP	94.6295417164363
LV3003061557	non_damaged		ST13	58.082	1	IG-D	OAP	140.309261694371
LV3003061558	non_damaged		ST13	42.626	5	G-A	OAP	252.963795306146
LV3003061559	non_damaged		ST13	21.069	5	G-A	OAP	539.142557939061
LV3003061568	non_damaged		ST13	121.6354	2	IG-E	OAP	217.84481121127
LV3003061569	non_damaged		ST13	81.6946	1	IG-D	OAP	83.2696075821084
LV3003061570	non_damaged		ST13	55.466	4	IG-B	OAP	101.557192233345
LV3003061571	non_damaged		ST13	40.457	5	G-A	OAP	354.789322386708
LV3003061572	non_damaged		ST13	19.099	3	IG-A	OAP	292.924801739552
LV7001898064	non_damaged		ST13	6.808	3	IG-A	OAP	259.560991925762
LV7001898076	non_damaged		ST13	6.429	3	IG-A	OAP	307.422314427601
LV7001898088	non_damaged		ST13	6.031	1	IG-D	OAP	336.530143255661
LV7001898100	non_damaged		ST13	5.659	1	IG-D	OAP	286.011896838095
LV7008886221	non_damaged		GeoB25202_R1	50.3555	4	IG-B	OAP	44.9186302456693
LV7008886222	non_damaged		GeoB25202_R1	136.2775	4	IG-B	OAP	194.63715324555
LV7008886226	non_damaged		GeoB25202_R2	36.607	4	IG-B	OAP	157.649533777092
LV7008886228	non_damaged		GeoB25202_R2	120.0235	2	IG-E	OAP	308.270829410985
LV7008886229	non_damaged		GeoB25202_R2	68.149	1	IG-D	OAP	40.3055997112084
LV7008886690	non_damaged		GeoB25202_R1	2.324	3	IG-A	OAP	333.9872429132
LV7008886692	non_damaged		GeoB25202_R1	53.875	4	IG-B	OAP	180.276193134519
LV7008886695	non_damaged		GeoB25202_R1	95.3875	1	IG-D	OAP	96.961950347516
LV7008886702	non_damaged		GeoB25202_R2	2.324	3	IG-A	OAP	284.780360092494
LV7008886703	non_damaged		GeoB25202_R1	27.6855	5	G-A	OAP	103.244210849546
LV7008886704	non_damaged		GeoB25202_R2	53.875	4	IG-B	OAP	116.551723775545
LV7008886705	non_damaged		GeoB25202_R1	59.738	4	IG-B	OAP	150.794736349238
LV7008886706	non_damaged		GeoB25202_R1	79.0255	1	IG-D	OAP	127.693883525836
LV7008886707	non_damaged		GeoB25202_R2	95.3875	1	IG-D	OAP	49.6873374527392
LV7008886708	non_damaged		GeoB25202_R1	109.6305	1	IG-D	OAP	29.2544382852848
LV7008886709	non_damaged		GeoB25202_R1	147.206	4	IG-B	OAP	412.14689089439
LV7008886714	non_damaged		GeoB25202_R1	0.692	1	IG-D	OAP	440.460724563884
LV7008886715	non_damaged		GeoB25202_R2	27.6855	5	G-A	OAP	163.229089209959
LV7008886717	non_damaged		GeoB25202_R2	59.738	4	IG-B	OAP	100.260178405845
LV7008886718	non_damaged		GeoB25202_R2	79.0255	1	IG-D	OAP	83.6948895671456
LV7008886719	non_damaged		GeoB25202_R1	87.2825	1	IG-D	OAP	48.0113242674356
LV7008886720	non_damaged		GeoB25202_R2	109.6305	1	IG-D	OAP	130.008631761306
LV7008886721	non_damaged		GeoB25202_R2	147.206	4	IG-B	OAP	44.2167191238555
LV7008886726	non_damaged		GeoB25202_R2	0.692	1	IG-D	OAP	437.460405314721
LV7008886727	non_damaged		GeoB25202_R1	16.4375	3	IG-A	OAP	54.244856460425
LV7008886728	non_damaged		GeoB25202_R2	50.3555	5	G-A	OAP	45.9896194042648
LV7008886730	non_damaged		GeoB25202_R1	75.351	1	IG-D	OAP	32.0040701880115
LV7008886731	non_damaged		GeoB25202_R2	87.2825	1	IG-D	OAP	70.9264158146924
LV7008886739	non_damaged		GeoB25202_R2	16.4375	3	IG-A	OAP	50.4778026277032
LV7008886740	non_damaged		GeoB25202_R1	43.105	4	IG-B	OAP	85.2867917932813
LV7008886741	non_damaged		GeoB25202_R1	58.997	2	IG-E	OAP	397.708734627015
LV7008886742	non_damaged		GeoB25202_R2	75.351	1	IG-D	OAP	53.8471038122839
LV7008886743	non_damaged		GeoB25202_R1	81.6705	1	IG-D	OAP	7.59854047088378
LV7008886744	non_damaged		GeoB25202_R1	105.5785	1	IG-D	OAP	140.118427273409
LV7008886745	non_damaged		GeoB25202_R2	136.2775	4	IG-B	OAP	180.740969226211
LV7008886751	non_damaged		GeoB25202_R1	7.1335	3	IG-A	OAP	136.306833448277
LV7008886752	non_damaged		GeoB25202_R2	43.105	5	G-A	OAP	24.7619159369993
LV7008886753	non_damaged		GeoB25202_R2	58.997	4	IG-B	OAP	117.018904839075
LV7008886754	non_damaged		GeoB25202_R1	71.8895	1	IG-D	OAP	87.2330084891465
LV7008886755	non_damaged		GeoB25202_R2	81.6705	1	IG-D	OAP	24.5865279359948
LV7008886756	non_damaged		GeoB25202_R2	105.5785	1	IG-D	OAP	26.720449340447
LV7008886757	non_damaged		GeoB25202_R1	123.1195	2	IG-E	OAP	200.127715053915
LV7008886763	non_damaged		GeoB25202_R2	7.1335	3	IG-A	OAP	180.396113603492
LV7008886765	non_damaged		GeoB25202_R1	58.181	4	IG-B	OAP	114.558300099419
LV7008886766	non_damaged		GeoB25202_R2	71.8895	1	IG-D	OAP	68.9495114461452
LV7008886768	non_damaged		GeoB25202_R1	102.2955	1	IG-D	OAP	38.8877236637665
LV7008886769	non_damaged		GeoB25202_R2	123.1195	2	IG-E	OAP	188.248446763673
LV7008886776	non_damaged		GeoB25202_R1	36.607	5	G-A	OAP	101.023013750523
LV7008886778	non_damaged		GeoB25202_R1	68.149	1	IG-D	OAP	75.3834700797662
LV7008886780	non_damaged		GeoB25202_R2	102.2955	1	IG-D	OAP	63.628097664951
LV7008886781	non_damaged		GeoB25202_R1	120.0235	2	IG-E	OAP	168.984328678373
LV3003046936	non_damaged		ST8	22.905	3	IG-A	MGI	-13.8155105579643
LV3003046937	non_damaged		ST8	18.598	3	IG-A	MGI	-13.8155105579643
LV3003046938	non_damaged		ST8	11.169	1	IG-D	MGI	-13.8155105579643
LV3003046939	non_damaged		ST8	2.42	1	IG-D	MGI	-13.8155105579643
LV3003046949	non_damaged		ST8	22.3686666666667	3	IG-A	MGI	-5.17612020941174
LV3003046950	non_damaged		ST8	18.099	3	IG-A	MGI	-13.8155105579643
LV3003046952	non_damaged		ST8	10.26	1	IG-D	MGI	-13.8155105579643
LV3003046953	non_damaged		ST8	1.5215	1	IG-D	MGI	-13.8155105579643
LV3003046965	non_damaged		ST8	21.8323333333333	3	IG-A	MGI	-13.8155105579643
LV3003046966	non_damaged		ST8	17.373	3	IG-A	MGI	-3.57108840560494
LV3003046978	non_damaged		ST8	21.296	3	IG-A	MGI	-5.12425456986276
LV3003046979	non_damaged		ST8	16.461	3	IG-A	MGI	-3.2661144475429
LV3003046980	non_damaged		ST8	8.056	1	IG-D	MGI	-13.8155105579643
LV3003046993	non_damaged		ST8	20.719	3	IG-A	MGI	-4.52542319486553
LV3003046994	non_damaged		ST8	15.549	3	IG-A	MGI	-13.8155105579643
LV3003046995	non_damaged		ST8	6.9705	1	IG-D	MGI	-13.8155105579643
LV3003047009	non_damaged		ST8	20.142	3	IG-A	MGI	-4.26135506941541
LV3003047010	non_damaged		ST8	13.676	1	IG-D	MGI	-1.93827328871552
LV3003047013	non_damaged		ST8	5.885	1	IG-D	MGI	-13.8155105579643
LV3003047026	non_damaged		ST8	19.565	3	IG-A	MGI	-13.8155105579643
LV3003047027	non_damaged		ST8	12.877	1	IG-D	MGI	-2.35355807303283
LV3003047028	non_damaged		ST8	4.753	2	IG-E	MGI	-13.8155105579643
LV3003047041	non_damaged		ST8	19.097	3	IG-A	MGI	-13.8155105579643
LV3003047044	non_damaged		ST8	12.078	5	G-A	MGI	-5.81484293095999
LV3003047045	non_damaged		ST8	3.5865	1	IG-D	MGI	-13.8155105579643
LV3003047059	non_damaged		ST8	107.683	2	IG-E	MGI	-13.8155105579643
LV3003047060	non_damaged		ST8	106.686	2	IG-E	MGI	-13.8155105579643
LV3003047061	non_damaged		ST8	105.689	2	IG-E	MGI	-13.8155105579643
LV3003047062	non_damaged		ST8	104.692	2	IG-E	MGI	-13.8155105579643
LV3003047063	non_damaged		ST8	103.695	2	IG-E	MGI	-13.8155105579643
LV3003047064	non_damaged		ST8	96.283	2	IG-E	MGI	-13.8155105579643
LV3003047065	non_damaged		ST8	53.61018	2	IG-E	MGI	-13.8155105579643
LV3003047067	non_damaged		ST8	42.86602	4	IG-B	MGI	-13.8155105579643
LV3003047068	non_damaged		ST8	37.78969	4	IG-B	MGI	-13.8155105579643
LV3003047069	non_damaged		ST8	33.7436870748299	4	IG-B	MGI	-13.8155105579643
LV3003047070	non_damaged		ST8	30.128	5	G-A	MGI	-13.8155105579643
LV3003047071	non_damaged		ST8	26.141	5	G-A	MGI	-13.8155105579643
LV3003047073	non_damaged		ST8	101.685	2	IG-E	MGI	-13.8155105579643
LV3003047074	non_damaged		ST8	100.672	2	IG-E	MGI	-13.8155105579643
LV3003047077	non_damaged		ST8	99.7145	2	IG-E	MGI	-13.8155105579643
LV3003047078	non_damaged		ST8	98.757	2	IG-E	MGI	-13.8155105579643
LV3003047079	non_damaged		ST8	97.52	1	IG-D	MGI	-13.8155105579643
LV3003047080	non_damaged		ST8	87.9935	1	IG-D	MGI	-13.8155105579643
LV3003047081	non_damaged		ST8	52.20718	4	IG-B	MGI	-13.8155105579643
LV3003047082	non_damaged		ST8	41.9168333333333	4	IG-B	MGI	-13.8155105579643
LV3003047083	non_damaged		ST8	37.30319	4	IG-B	MGI	-13.8155105579643
LV3003047084	non_damaged		ST8	33.276	5	G-A	MGI	-13.8155105579643
LV3003047085	non_damaged		ST8	29.703	5	G-A	MGI	-13.8155105579643
LV3003047087	non_damaged		ST8	94.9015	2	IG-E	MGI	-13.8155105579643
LV3003047088	non_damaged		ST8	93.52	2	IG-E	MGI	-13.8155105579643
LV3003047089	non_damaged		ST8	92.1385	2	IG-E	MGI	-13.8155105579643
LV3003047090	non_damaged		ST8	90.757	2	IG-E	MGI	-13.8155105579643
LV3003047091	non_damaged		ST8	89.37525	1	IG-D	MGI	-13.8155105579643
LV3003047093	non_damaged		ST8	79.675	1	IG-D	MGI	-13.8155105579643
LV3003047094	non_damaged		ST8	50.6848	4	IG-B	MGI	-13.8155105579643
LV3003047095	non_damaged		ST8	40.9751666666667	4	IG-B	MGI	-13.8155105579643
LV3003047096	non_damaged		ST8	36.89377	5	G-A	MGI	-13.8155105579643
LV3003047097	non_damaged		ST8	32.835	5	G-A	MGI	-13.8155105579643
LV3003047098	non_damaged		ST8	29.278	5	G-A	MGI	-13.8155105579643
LV3003047099	non_damaged		ST8	25.058	3	IG-A	MGI	-13.8155105579643
LV3003047100	non_damaged		ST8	86.61175	1	IG-D	MGI	-13.8155105579643
LV3003047101	non_damaged		ST8	85.23	1	IG-D	MGI	-13.8155105579643
LV3003047104	non_damaged		ST8	83.84125	2	IG-E	MGI	-13.8155105579643
LV3003047105	non_damaged		ST8	82.4525	2	IG-E	MGI	-13.8155105579643
LV3003047106	non_damaged		ST8	81.06375	2	IG-E	MGI	-13.8155105579643
LV3003047107	non_damaged		ST8	71.517	1	IG-D	MGI	-13.8155105579643
LV3003047110	non_damaged		ST8	49.1548	4	IG-B	MGI	-13.8155105579643
LV3003047112	non_damaged		ST8	40.0335	4	IG-B	MGI	-13.8155105579643
LV3003047113	non_damaged		ST8	36.48927	5	G-A	MGI	-13.8155105579643
LV3003047114	non_damaged		ST8	32.3855	5	G-A	MGI	-13.8155105579643
LV3003047117	non_damaged		ST8	28.7616666666667	5	G-A	MGI	-13.8155105579643
LV3003047118	non_damaged		ST8	24.528	3	IG-A	MGI	-13.8155105579643
LV3003047122	non_damaged		ST8	76.951	2	IG-E	MGI	-13.8155105579643
LV3003047123	non_damaged		ST8	75.589	2	IG-E	MGI	-13.8155105579643
LV3003047124	non_damaged		ST8	74.227	2	IG-E	MGI	-13.8155105579643
LV3003047125	non_damaged		ST8	72.872	2	IG-E	MGI	-13.8155105579643
LV3003047126	non_damaged		ST8	64.210824	4	IG-B	MGI	-13.8155105579643
LV3003047127	non_damaged		ST8	47.6248	2	IG-E	MGI	-13.8155105579643
LV3003047128	non_damaged		ST8	39.57797	5	G-A	MGI	-13.8155105579643
LV3003047129	non_damaged		ST8	36.0373	5	G-A	MGI	-13.8155105579643
LV3003047130	non_damaged		ST8	31.936	5	G-A	MGI	-13.8155105579643
LV3003047131	non_damaged		ST8	28.2453333333333	5	G-A	MGI	-13.8155105579643
LV3003047132	non_damaged		ST8	23.987	3	IG-A	MGI	-13.8155105579643
LV3003047133	non_damaged		ST8	70.162	1	IG-D	MGI	-13.8155105579643
LV3003047134	non_damaged		ST8	68.807	1	IG-D	MGI	-13.8155105579643
LV3003047136	non_damaged		ST8	67.8766	1	IG-D	MGI	-13.8155105579643
LV3003047137	non_damaged		ST8	66.9462	1	IG-D	MGI	-13.8155105579643
LV3003047138	non_damaged		ST8	66.0158	1	IG-D	MGI	-13.8155105579643
LV3003047139	non_damaged		ST8	58.6141266666667	4	IG-B	MGI	-13.8155105579643
LV3003047140	non_damaged		ST8	46.0948	2	IG-E	MGI	-13.8155105579643
LV3003047141	non_damaged		ST8	39.15347	2	IG-E	MGI	-13.8155105579643
LV3003047142	non_damaged		ST8	35.5823	4	IG-B	MGI	-13.8155105579643
LV3003047143	non_damaged		ST8	31.398	5	G-A	MGI	-13.8155105579643
LV3003047144	non_damaged		ST8	27.729	5	G-A	MGI	-13.8155105579643
LV3003047145	non_damaged		ST8	23.446	3	IG-A	MGI	-13.8155105579643
LV3003047146	non_damaged		ST8	63.2667	4	IG-B	MGI	-13.8155105579643
LV3003047147	non_damaged		ST8	62.3217	4	IG-B	MGI	-13.8155105579643
LV3003047148	non_damaged		ST8	61.3767	4	IG-B	MGI	-13.8155105579643
LV3003047149	non_damaged		ST8	60.4317	4	IG-B	MGI	-13.8155105579643
LV3003047150	non_damaged		ST8	59.5217933333333	4	IG-B	MGI	-13.8155105579643
LV3003047152	non_damaged		ST8	45.00002	4	IG-B	MGI	-13.8155105579643
LV3003047153	non_damaged		ST8	38.71393	4	IG-B	MGI	-13.8155105579643
LV3003047154	non_damaged		ST8	35.13012	4	IG-B	MGI	-13.8155105579643
LV3003047155	non_damaged		ST8	30.9475	5	G-A	MGI	-13.8155105579643
LV3003047156	non_damaged		ST8	27.1996666666667	5	G-A	MGI	-13.8155105579643
LV3003047158	non_damaged		ST8	57.70646	4	IG-B	MGI	-13.8155105579643
LV3003047159	non_damaged		ST8	56.7987933333333	4	IG-B	MGI	-13.8155105579643
LV3003047160	non_damaged		ST8	55.8911266666667	2	IG-E	MGI	-13.8155105579643
LV3003047161	non_damaged		ST8	54.98346	2	IG-E	MGI	-13.8155105579643
LV3003047162	non_damaged		ST8	102.698	2	IG-E	MGI	-13.8155105579643
LV3003047164	non_damaged		ST8	43.93302	4	IG-B	MGI	-13.8155105579643
LV3003047166	non_damaged		ST8	38.27343	4	IG-B	MGI	-13.8155105579643
LV3003047167	non_damaged		ST8	34.67812	4	IG-B	MGI	-13.8155105579643
LV3003047168	non_damaged		ST8	30.497	5	G-A	MGI	-13.8155105579643
LV3003047169	non_damaged		ST8	26.6703333333333	5	G-A	MGI	-13.8155105579643
LV3003061473	non_damaged		ST13	117.088	2	IG-E	MGI	-13.8155105579643
LV3003061474	non_damaged		ST13	77.7798	1	IG-D	MGI	-13.8155105579643
LV3003061475	non_damaged		ST13	53.844	4	IG-B	MGI	-13.8155105579643
LV3003061476	non_damaged		ST13	37.16	5	G-A	MGI	-13.8155105579643
LV3003061477	non_damaged		ST13	16.726	3	IG-A	MGI	-13.8155105579643
LV3003061485	non_damaged		ST13	75.7796	1	IG-D	MGI	-13.8155105579643
LV3003061486	non_damaged		ST13	52.105	4	IG-B	MGI	-13.8155105579643
LV3003061488	non_damaged		ST13	35.041	5	G-A	MGI	-13.8155105579643
LV3003061489	non_damaged		ST13	112.6068	2	IG-E	MGI	-13.8155105579643
LV3003061492	non_damaged		ST13	14.437	3	IG-A	MGI	-13.8155105579643
LV3003061500	non_damaged		ST13	148.086	1	IG-D	MGI	-13.8155105579643
LV3003061501	non_damaged		ST13	105.5872	1	IG-D	MGI	-13.8155105579643
LV3003061503	non_damaged		ST13	73.1472	1	IG-D	MGI	-13.8155105579643
LV3003061504	non_damaged		ST13	50.268	4	IG-B	MGI	-13.8155105579643
LV3003061505	non_damaged		ST13	32.81	5	G-A	MGI	-13.8155105579643
LV3003061506	non_damaged		ST13	11.95	3	IG-A	MGI	-13.8155105579643
LV3003061513	non_damaged		ST13	138.493	4	IG-B	MGI	-13.8155105579643
LV3003061514	non_damaged		ST13	100.6726	1	IG-D	MGI	-13.8155105579643
LV3003061515	non_damaged		ST13	71.0012	1	IG-D	MGI	-13.8155105579643
LV3003061516	non_damaged		ST13	48.537	4	IG-B	MGI	-13.8155105579643
LV3003061517	non_damaged		ST13	30.678	5	G-A	MGI	-13.8155105579643
LV3003061518	non_damaged		ST13	9.804	3	IG-A	MGI	-13.8155105579643
LV3003061527	non_damaged		ST13	133.7754	2	IG-E	MGI	-13.8155105579643
LV3003061528	non_damaged		ST13	95.118	1	IG-D	MGI	-13.8155105579643
LV3003061529	non_damaged		ST13	66.015	1	IG-D	MGI	-13.8155105579643
LV3003061530	non_damaged		ST13	47.046	4	IG-B	MGI	-13.8155105579643
LV3003061531	non_damaged		ST13	28.445	5	G-A	MGI	-13.8155105579643
LV3003061533	non_damaged		ST13	7.912	3	IG-A	MGI	-13.8155105579643
LV3003061539	non_damaged		ST13	130.0556	4	IG-B	MGI	-13.8155105579643
LV3003061541	non_damaged		ST13	91.09	1	IG-D	MGI	-13.8155105579643
LV3003061543	non_damaged		ST13	62.293	1	IG-D	MGI	-13.8155105579643
LV3003061544	non_damaged		ST13	45.122	4	IG-B	MGI	-13.8155105579643
LV3003061545	non_damaged		ST13	23.172	5	G-A	MGI	-13.8155105579643
LV3003061546	non_damaged		ST13	7.197	3	IG-A	MGI	-13.8155105579643
LV3003061555	non_damaged		ST13	126.443	2	IG-E	MGI	-13.8155105579643
LV3003061556	non_damaged		ST13	86.6174	1	IG-D	MGI	-13.8155105579643
LV3003061557	non_damaged		ST13	58.082	1	IG-D	MGI	-13.8155105579643
LV3003061558	non_damaged		ST13	42.626	5	G-A	MGI	-13.8155105579643
LV3003061559	non_damaged		ST13	21.069	5	G-A	MGI	-13.8155105579643
LV3003061568	non_damaged		ST13	121.6354	2	IG-E	MGI	-13.8155105579643
LV3003061569	non_damaged		ST13	81.6946	1	IG-D	MGI	-13.8155105579643
LV3003061570	non_damaged		ST13	55.466	4	IG-B	MGI	-13.8155105579643
LV3003061571	non_damaged		ST13	40.457	5	G-A	MGI	-13.8155105579643
LV3003061572	non_damaged		ST13	19.099	3	IG-A	MGI	-13.8155105579643
LV7001898064	non_damaged		ST13	6.808	3	IG-A	MGI	-13.8155105579643
LV7001898076	non_damaged		ST13	6.429	3	IG-A	MGI	-6.66794104346454
LV7001898088	non_damaged		ST13	6.031	1	IG-D	MGI	-6.87062379429977
LV7001898100	non_damaged		ST13	5.659	1	IG-D	MGI	-13.8155105579643
LV7008886221	non_damaged		GeoB25202_R1	50.3555	4	IG-B	MGI	-13.8155105579643
LV7008886222	non_damaged		GeoB25202_R1	136.2775	4	IG-B	MGI	-13.8155105579643
LV7008886226	non_damaged		GeoB25202_R2	36.607	4	IG-B	MGI	-13.8155105579643
LV7008886228	non_damaged		GeoB25202_R2	120.0235	2	IG-E	MGI	-13.8155105579643
LV7008886229	non_damaged		GeoB25202_R2	68.149	1	IG-D	MGI	-13.8155105579643
LV7008886690	non_damaged		GeoB25202_R1	2.324	3	IG-A	MGI	-13.8155105579643
LV7008886692	non_damaged		GeoB25202_R1	53.875	4	IG-B	MGI	-13.8155105579643
LV7008886695	non_damaged		GeoB25202_R1	95.3875	1	IG-D	MGI	-13.8155105579643
LV7008886702	non_damaged		GeoB25202_R2	2.324	3	IG-A	MGI	-13.8155105579643
LV7008886703	non_damaged		GeoB25202_R1	27.6855	5	G-A	MGI	-13.8155105579643
LV7008886704	non_damaged		GeoB25202_R2	53.875	4	IG-B	MGI	-13.8155105579643
LV7008886705	non_damaged		GeoB25202_R1	59.738	4	IG-B	MGI	-13.8155105579643
LV7008886706	non_damaged		GeoB25202_R1	79.0255	1	IG-D	MGI	-13.8155105579643
LV7008886707	non_damaged		GeoB25202_R2	95.3875	1	IG-D	MGI	-13.8155105579643
LV7008886708	non_damaged		GeoB25202_R1	109.6305	1	IG-D	MGI	-13.8155105579643
LV7008886709	non_damaged		GeoB25202_R1	147.206	4	IG-B	MGI	-13.8155105579643
LV7008886714	non_damaged		GeoB25202_R1	0.692	1	IG-D	MGI	-13.8155105579643
LV7008886715	non_damaged		GeoB25202_R2	27.6855	5	G-A	MGI	-6.16128046571376
LV7008886717	non_damaged		GeoB25202_R2	59.738	4	IG-B	MGI	-13.8155105579643
LV7008886718	non_damaged		GeoB25202_R2	79.0255	1	IG-D	MGI	-13.8155105579643
LV7008886719	non_damaged		GeoB25202_R1	87.2825	1	IG-D	MGI	-13.8155105579643
LV7008886720	non_damaged		GeoB25202_R2	109.6305	1	IG-D	MGI	-13.8155105579643
LV7008886721	non_damaged		GeoB25202_R2	147.206	4	IG-B	MGI	-13.8155105579643
LV7008886726	non_damaged		GeoB25202_R2	0.692	1	IG-D	MGI	-13.8155105579643
LV7008886727	non_damaged		GeoB25202_R1	16.4375	3	IG-A	MGI	-13.8155105579643
LV7008886728	non_damaged		GeoB25202_R2	50.3555	5	G-A	MGI	-13.8155105579643
LV7008886730	non_damaged		GeoB25202_R1	75.351	1	IG-D	MGI	-13.8155105579643
LV7008886731	non_damaged		GeoB25202_R2	87.2825	1	IG-D	MGI	-13.8155105579643
LV7008886739	non_damaged		GeoB25202_R2	16.4375	3	IG-A	MGI	-13.8155105579643
LV7008886740	non_damaged		GeoB25202_R1	43.105	4	IG-B	MGI	-13.8155105579643
LV7008886741	non_damaged		GeoB25202_R1	58.997	2	IG-E	MGI	-5.137072135356
LV7008886742	non_damaged		GeoB25202_R2	75.351	1	IG-D	MGI	-13.8155105579643
LV7008886743	non_damaged		GeoB25202_R1	81.6705	1	IG-D	MGI	-13.8155105579643
LV7008886744	non_damaged		GeoB25202_R1	105.5785	1	IG-D	MGI	-13.8155105579643
LV7008886745	non_damaged		GeoB25202_R2	136.2775	4	IG-B	MGI	-13.8155105579643
LV7008886751	non_damaged		GeoB25202_R1	7.1335	3	IG-A	MGI	-13.8155105579643
LV7008886752	non_damaged		GeoB25202_R2	43.105	5	G-A	MGI	-13.8155105579643
LV7008886753	non_damaged		GeoB25202_R2	58.997	4	IG-B	MGI	-13.8155105579643
LV7008886754	non_damaged		GeoB25202_R1	71.8895	1	IG-D	MGI	-13.8155105579643
LV7008886755	non_damaged		GeoB25202_R2	81.6705	1	IG-D	MGI	-13.8155105579643
LV7008886756	non_damaged		GeoB25202_R2	105.5785	1	IG-D	MGI	-13.8155105579643
LV7008886757	non_damaged		GeoB25202_R1	123.1195	2	IG-E	MGI	-13.8155105579643
LV7008886763	non_damaged		GeoB25202_R2	7.1335	3	IG-A	MGI	-13.8155105579643
LV7008886765	non_damaged		GeoB25202_R1	58.181	4	IG-B	MGI	-13.8155105579643
LV7008886766	non_damaged		GeoB25202_R2	71.8895	1	IG-D	MGI	-13.8155105579643
LV7008886768	non_damaged		GeoB25202_R1	102.2955	1	IG-D	MGI	-13.8155105579643
LV7008886769	non_damaged		GeoB25202_R2	123.1195	2	IG-E	MGI	-13.8155105579643
LV7008886776	non_damaged		GeoB25202_R1	36.607	5	G-A	MGI	-13.8155105579643
LV7008886778	non_damaged		GeoB25202_R1	68.149	1	IG-D	MGI	-13.8155105579643
LV7008886780	non_damaged		GeoB25202_R2	102.2955	1	IG-D	MGI	-13.8155105579643
LV7008886781	non_damaged		GeoB25202_R1	120.0235	2	IG-E	MGI	-13.8155105579643
LV3003046936	non_damaged		ST8	22.905	3	IG-A	MFI	6.89144304053209
LV3003046937	non_damaged		ST8	18.598	3	IG-A	MFI	6.9638033978875
LV3003046938	non_damaged		ST8	11.169	1	IG-D	MFI	7.43575955468177
LV3003046939	non_damaged		ST8	2.42	1	IG-D	MFI	8.83185644471123
LV3003046949	non_damaged		ST8	22.3686666666667	3	IG-A	MFI	-1.60081185771433
LV3003046950	non_damaged		ST8	18.099	3	IG-A	MFI	6.77605303018906
LV3003046952	non_damaged		ST8	10.26	1	IG-D	MFI	7.52770018062027
LV3003046953	non_damaged		ST8	1.5215	1	IG-D	MFI	8.51670679524992
LV3003046965	non_damaged		ST8	21.8323333333333	3	IG-A	MFI	7.24346720581533
LV3003046966	non_damaged		ST8	17.373	3	IG-A	MFI	-1.29331790466179
LV3003046978	non_damaged		ST8	21.296	3	IG-A	MFI	-1.49322104781046
LV3003046979	non_damaged		ST8	16.461	3	IG-A	MFI	-3.16812326214535
LV3003046980	non_damaged		ST8	8.056	1	IG-D	MFI	0
LV3003046993	non_damaged		ST8	20.719	3	IG-A	MFI	1.30845057754009
LV3003046994	non_damaged		ST8	15.549	3	IG-A	MFI	8.73211326312378
LV3003046995	non_damaged		ST8	6.9705	1	IG-D	MFI	9.16771554718943
LV3003047009	non_damaged		ST8	20.142	3	IG-A	MFI	-1.90796147688712
LV3003047010	non_damaged		ST8	13.676	1	IG-D	MFI	-2.80856578170152
LV3003047013	non_damaged		ST8	5.885	1	IG-D	MFI	6.80738033724206
LV3003047026	non_damaged		ST8	19.565	3	IG-A	MFI	7.42263134825954
LV3003047027	non_damaged		ST8	12.877	1	IG-D	MFI	-3.35528190781626
LV3003047028	non_damaged		ST8	4.753	2	IG-E	MFI	9.05684648640096
LV3003047041	non_damaged		ST8	19.097	3	IG-A	MFI	7.6234473410353
LV3003047044	non_damaged		ST8	12.078	5	G-A	MFI	0.824945653627407
LV3003047045	non_damaged		ST8	3.5865	1	IG-D	MFI	8.523976930311
LV3003047059	non_damaged		ST8	107.683	2	IG-E	MFI	0
LV3003047060	non_damaged		ST8	106.686	2	IG-E	MFI	0
LV3003047061	non_damaged		ST8	105.689	2	IG-E	MFI	0
LV3003047062	non_damaged		ST8	104.692	2	IG-E	MFI	0
LV3003047063	non_damaged		ST8	103.695	2	IG-E	MFI	0
LV3003047064	non_damaged		ST8	96.283	2	IG-E	MFI	0
LV3003047065	non_damaged		ST8	53.61018	2	IG-E	MFI	0
LV3003047067	non_damaged		ST8	42.86602	4	IG-B	MFI	7.25251542416844
LV3003047068	non_damaged		ST8	37.78969	4	IG-B	MFI	6.49737698421341
LV3003047069	non_damaged		ST8	33.7436870748299	4	IG-B	MFI	6.16561553737801
LV3003047070	non_damaged		ST8	30.128	5	G-A	MFI	6.98195442338309
LV3003047071	non_damaged		ST8	26.141	5	G-A	MFI	6.93844980098436
LV3003047073	non_damaged		ST8	101.685	2	IG-E	MFI	0
LV3003047074	non_damaged		ST8	100.672	2	IG-E	MFI	0
LV3003047077	non_damaged		ST8	99.7145	2	IG-E	MFI	0
LV3003047078	non_damaged		ST8	98.757	2	IG-E	MFI	0
LV3003047079	non_damaged		ST8	97.52	1	IG-D	MFI	0
LV3003047080	non_damaged		ST8	87.9935	1	IG-D	MFI	0
LV3003047081	non_damaged		ST8	52.20718	4	IG-B	MFI	6.73059855214116
LV3003047082	non_damaged		ST8	41.9168333333333	4	IG-B	MFI	6.59419403071875
LV3003047083	non_damaged		ST8	37.30319	4	IG-B	MFI	5.99638705948346
LV3003047084	non_damaged		ST8	33.276	5	G-A	MFI	6.84067340108979
LV3003047085	non_damaged		ST8	29.703	5	G-A	MFI	5.85169664201768
LV3003047087	non_damaged		ST8	94.9015	2	IG-E	MFI	0
LV3003047088	non_damaged		ST8	93.52	2	IG-E	MFI	0
LV3003047089	non_damaged		ST8	92.1385	2	IG-E	MFI	0
LV3003047090	non_damaged		ST8	90.757	2	IG-E	MFI	0
LV3003047091	non_damaged		ST8	89.37525	1	IG-D	MFI	0
LV3003047093	non_damaged		ST8	79.675	1	IG-D	MFI	0
LV3003047094	non_damaged		ST8	50.6848	4	IG-B	MFI	6.50942046941298
LV3003047095	non_damaged		ST8	40.9751666666667	4	IG-B	MFI	7.05943561668749
LV3003047096	non_damaged		ST8	36.89377	5	G-A	MFI	6.84634432015269
LV3003047097	non_damaged		ST8	32.835	5	G-A	MFI	5.97689753983261
LV3003047098	non_damaged		ST8	29.278	5	G-A	MFI	6.09530066663175
LV3003047099	non_damaged		ST8	25.058	3	IG-A	MFI	6.96484393991911
LV3003047100	non_damaged		ST8	86.61175	1	IG-D	MFI	0
LV3003047101	non_damaged		ST8	85.23	1	IG-D	MFI	0
LV3003047104	non_damaged		ST8	83.84125	2	IG-E	MFI	0
LV3003047105	non_damaged		ST8	82.4525	2	IG-E	MFI	0
LV3003047106	non_damaged		ST8	81.06375	2	IG-E	MFI	0
LV3003047107	non_damaged		ST8	71.517	1	IG-D	MFI	0
LV3003047110	non_damaged		ST8	49.1548	4	IG-B	MFI	0
LV3003047112	non_damaged		ST8	40.0335	4	IG-B	MFI	0
LV3003047113	non_damaged		ST8	36.48927	5	G-A	MFI	6.495604101686
LV3003047114	non_damaged		ST8	32.3855	5	G-A	MFI	6.68804715787145
LV3003047117	non_damaged		ST8	28.7616666666667	5	G-A	MFI	6.17029620070445
LV3003047118	non_damaged		ST8	24.528	3	IG-A	MFI	7.49225154010922
LV3003047122	non_damaged		ST8	76.951	2	IG-E	MFI	0
LV3003047123	non_damaged		ST8	75.589	2	IG-E	MFI	0
LV3003047124	non_damaged		ST8	74.227	2	IG-E	MFI	0
LV3003047125	non_damaged		ST8	72.872	2	IG-E	MFI	0
LV3003047126	non_damaged		ST8	64.210824	4	IG-B	MFI	0
LV3003047127	non_damaged		ST8	47.6248	2	IG-E	MFI	6.53426637415784
LV3003047128	non_damaged		ST8	39.57797	5	G-A	MFI	0
LV3003047129	non_damaged		ST8	36.0373	5	G-A	MFI	6.57932813804576
LV3003047130	non_damaged		ST8	31.936	5	G-A	MFI	6.38972725253406
LV3003047131	non_damaged		ST8	28.2453333333333	5	G-A	MFI	5.99675599966017
LV3003047132	non_damaged		ST8	23.987	3	IG-A	MFI	7.41264171760253
LV3003047133	non_damaged		ST8	70.162	1	IG-D	MFI	0
LV3003047134	non_damaged		ST8	68.807	1	IG-D	MFI	0
LV3003047136	non_damaged		ST8	67.8766	1	IG-D	MFI	0
LV3003047137	non_damaged		ST8	66.9462	1	IG-D	MFI	0
LV3003047138	non_damaged		ST8	66.0158	1	IG-D	MFI	0
LV3003047139	non_damaged		ST8	58.6141266666667	4	IG-B	MFI	0
LV3003047140	non_damaged		ST8	46.0948	2	IG-E	MFI	0
LV3003047141	non_damaged		ST8	39.15347	2	IG-E	MFI	0
LV3003047142	non_damaged		ST8	35.5823	4	IG-B	MFI	6.38170243010738
LV3003047143	non_damaged		ST8	31.398	5	G-A	MFI	6.32910035897111
LV3003047144	non_damaged		ST8	27.729	5	G-A	MFI	6.38712552416521
LV3003047145	non_damaged		ST8	23.446	3	IG-A	MFI	0
LV3003047146	non_damaged		ST8	63.2667	4	IG-B	MFI	6.14844261203696
LV3003047147	non_damaged		ST8	62.3217	4	IG-B	MFI	0
LV3003047148	non_damaged		ST8	61.3767	4	IG-B	MFI	0
LV3003047149	non_damaged		ST8	60.4317	4	IG-B	MFI	0
LV3003047150	non_damaged		ST8	59.5217933333333	4	IG-B	MFI	0
LV3003047152	non_damaged		ST8	45.00002	4	IG-B	MFI	6.86257642770532
LV3003047153	non_damaged		ST8	38.71393	4	IG-B	MFI	6.35018340254852
LV3003047154	non_damaged		ST8	35.13012	4	IG-B	MFI	6.68742020289246
LV3003047155	non_damaged		ST8	30.9475	5	G-A	MFI	6.43617476866711
LV3003047156	non_damaged		ST8	27.1996666666667	5	G-A	MFI	6.9402784706877
LV3003047158	non_damaged		ST8	57.70646	4	IG-B	MFI	0
LV3003047159	non_damaged		ST8	56.7987933333333	4	IG-B	MFI	6.13223733354723
LV3003047160	non_damaged		ST8	55.8911266666667	2	IG-E	MFI	0
LV3003047161	non_damaged		ST8	54.98346	2	IG-E	MFI	0
LV3003047162	non_damaged		ST8	102.698	2	IG-E	MFI	0
LV3003047164	non_damaged		ST8	43.93302	4	IG-B	MFI	6.27004764320906
LV3003047166	non_damaged		ST8	38.27343	4	IG-B	MFI	6.24186846565896
LV3003047167	non_damaged		ST8	34.67812	4	IG-B	MFI	6.53634499099964
LV3003047168	non_damaged		ST8	30.497	5	G-A	MFI	6.90306321605991
LV3003047169	non_damaged		ST8	26.6703333333333	5	G-A	MFI	7.29461777902579
LV3003061473	non_damaged		ST13	117.088	2	IG-E	MFI	0
LV3003061474	non_damaged		ST13	77.7798	1	IG-D	MFI	6.18784156356392
LV3003061475	non_damaged		ST13	53.844	4	IG-B	MFI	6.67428981999774
LV3003061476	non_damaged		ST13	37.16	5	G-A	MFI	6.98519698076189
LV3003061477	non_damaged		ST13	16.726	3	IG-A	MFI	5.7284879951313
LV3003061485	non_damaged		ST13	75.7796	1	IG-D	MFI	5.41684373396259
LV3003061486	non_damaged		ST13	52.105	4	IG-B	MFI	6.6991240623176
LV3003061488	non_damaged		ST13	35.041	5	G-A	MFI	5.5023827061894
LV3003061489	non_damaged		ST13	112.6068	2	IG-E	MFI	0
LV3003061492	non_damaged		ST13	14.437	3	IG-A	MFI	6.38821006347035
LV3003061500	non_damaged		ST13	148.086	1	IG-D	MFI	4.17788394138568
LV3003061501	non_damaged		ST13	105.5872	1	IG-D	MFI	6.05546406442228
LV3003061503	non_damaged		ST13	73.1472	1	IG-D	MFI	6.35132065152186
LV3003061504	non_damaged		ST13	50.268	4	IG-B	MFI	0
LV3003061505	non_damaged		ST13	32.81	5	G-A	MFI	4.98148933401843
LV3003061506	non_damaged		ST13	11.95	3	IG-A	MFI	5.07716301130806
LV3003061513	non_damaged		ST13	138.493	4	IG-B	MFI	0
LV3003061514	non_damaged		ST13	100.6726	1	IG-D	MFI	5.98163450218341
LV3003061515	non_damaged		ST13	71.0012	1	IG-D	MFI	6.23800290290995
LV3003061516	non_damaged		ST13	48.537	4	IG-B	MFI	6.59530023624954
LV3003061517	non_damaged		ST13	30.678	5	G-A	MFI	6.25258042446836
LV3003061518	non_damaged		ST13	9.804	3	IG-A	MFI	7.04215418801649
LV3003061527	non_damaged		ST13	133.7754	2	IG-E	MFI	0
LV3003061528	non_damaged		ST13	95.118	1	IG-D	MFI	5.81603684567924
LV3003061529	non_damaged		ST13	66.015	1	IG-D	MFI	5.26730181416107
LV3003061530	non_damaged		ST13	47.046	4	IG-B	MFI	6.07553062388246
LV3003061531	non_damaged		ST13	28.445	5	G-A	MFI	6.30847441175908
LV3003061533	non_damaged		ST13	7.912	3	IG-A	MFI	5.47186462708729
LV3003061539	non_damaged		ST13	130.0556	4	IG-B	MFI	0
LV3003061541	non_damaged		ST13	91.09	1	IG-D	MFI	6.55322936682098
LV3003061543	non_damaged		ST13	62.293	1	IG-D	MFI	6.86767061327904
LV3003061544	non_damaged		ST13	45.122	4	IG-B	MFI	6.54403961834034
LV3003061545	non_damaged		ST13	23.172	5	G-A	MFI	4.01986514827006
LV3003061546	non_damaged		ST13	7.197	3	IG-A	MFI	5.99141061597802
LV3003061555	non_damaged		ST13	126.443	2	IG-E	MFI	0
LV3003061556	non_damaged		ST13	86.6174	1	IG-D	MFI	0
LV3003061557	non_damaged		ST13	58.082	1	IG-D	MFI	0
LV3003061558	non_damaged		ST13	42.626	5	G-A	MFI	0
LV3003061559	non_damaged		ST13	21.069	5	G-A	MFI	4.58001138043994
LV3003061568	non_damaged		ST13	121.6354	2	IG-E	MFI	0
LV3003061569	non_damaged		ST13	81.6946	1	IG-D	MFI	6.80884304989264
LV3003061570	non_damaged		ST13	55.466	4	IG-B	MFI	5.91676269650093
LV3003061571	non_damaged		ST13	40.457	5	G-A	MFI	5.39846373071944
LV3003061572	non_damaged		ST13	19.099	3	IG-A	MFI	5.51291102289686
LV7001898064	non_damaged		ST13	6.808	3	IG-A	MFI	6.89779957301307
LV7001898076	non_damaged		ST13	6.429	3	IG-A	MFI	-0.24750753667865
LV7001898088	non_damaged		ST13	6.031	1	IG-D	MFI	-0.48537540929359
LV7001898100	non_damaged		ST13	5.659	1	IG-D	MFI	4.0110048638387
LV7008886221	non_damaged		GeoB25202_R1	50.3555	4	IG-B	MFI	7.06987193192919
LV7008886222	non_damaged		GeoB25202_R1	136.2775	4	IG-B	MFI	0
LV7008886226	non_damaged		GeoB25202_R2	36.607	4	IG-B	MFI	6.35599919200256
LV7008886228	non_damaged		GeoB25202_R2	120.0235	2	IG-E	MFI	0
LV7008886229	non_damaged		GeoB25202_R2	68.149	1	IG-D	MFI	7.26847335200663
LV7008886690	non_damaged		GeoB25202_R1	2.324	3	IG-A	MFI	0
LV7008886692	non_damaged		GeoB25202_R1	53.875	4	IG-B	MFI	5.95441572598886
LV7008886695	non_damaged		GeoB25202_R1	95.3875	1	IG-D	MFI	6.28211992434163
LV7008886702	non_damaged		GeoB25202_R2	2.324	3	IG-A	MFI	5.95975461183244
LV7008886703	non_damaged		GeoB25202_R1	27.6855	5	G-A	MFI	6.40709069319801
LV7008886704	non_damaged		GeoB25202_R2	53.875	4	IG-B	MFI	6.79173796829482
LV7008886705	non_damaged		GeoB25202_R1	59.738	4	IG-B	MFI	7.11954743188405
LV7008886706	non_damaged		GeoB25202_R1	79.0255	1	IG-D	MFI	6.6693649406881
LV7008886707	non_damaged		GeoB25202_R2	95.3875	1	IG-D	MFI	6.08120171361082
LV7008886708	non_damaged		GeoB25202_R1	109.6305	1	IG-D	MFI	0
LV7008886709	non_damaged		GeoB25202_R1	147.206	4	IG-B	MFI	0
LV7008886714	non_damaged		GeoB25202_R1	0.692	1	IG-D	MFI	6.09781382691924
LV7008886715	non_damaged		GeoB25202_R2	27.6855	5	G-A	MFI	-0.464181196494302
LV7008886717	non_damaged		GeoB25202_R2	59.738	4	IG-B	MFI	6.99044585175303
LV7008886718	non_damaged		GeoB25202_R2	79.0255	1	IG-D	MFI	5.48980076513438
LV7008886719	non_damaged		GeoB25202_R1	87.2825	1	IG-D	MFI	6.73599859368463
LV7008886720	non_damaged		GeoB25202_R2	109.6305	1	IG-D	MFI	0
LV7008886721	non_damaged		GeoB25202_R2	147.206	4	IG-B	MFI	0
LV7008886726	non_damaged		GeoB25202_R2	0.692	1	IG-D	MFI	0
LV7008886727	non_damaged		GeoB25202_R1	16.4375	3	IG-A	MFI	6.49675504594031
LV7008886728	non_damaged		GeoB25202_R2	50.3555	5	G-A	MFI	5.77775084935279
LV7008886730	non_damaged		GeoB25202_R1	75.351	1	IG-D	MFI	7.17029020477761
LV7008886731	non_damaged		GeoB25202_R2	87.2825	1	IG-D	MFI	7.14057160986258
LV7008886739	non_damaged		GeoB25202_R2	16.4375	3	IG-A	MFI	6.52313401474684
LV7008886740	non_damaged		GeoB25202_R1	43.105	4	IG-B	MFI	6.81771537296155
LV7008886741	non_damaged		GeoB25202_R1	58.997	2	IG-E	MFI	-1.38629436111989
LV7008886742	non_damaged		GeoB25202_R2	75.351	1	IG-D	MFI	7.26512820008918
LV7008886743	non_damaged		GeoB25202_R1	81.6705	1	IG-D	MFI	5.89425640267879
LV7008886744	non_damaged		GeoB25202_R1	105.5785	1	IG-D	MFI	0
LV7008886745	non_damaged		GeoB25202_R2	136.2775	4	IG-B	MFI	0
LV7008886751	non_damaged		GeoB25202_R1	7.1335	3	IG-A	MFI	6.33054284322096
LV7008886752	non_damaged		GeoB25202_R2	43.105	5	G-A	MFI	5.97575152860208
LV7008886753	non_damaged		GeoB25202_R2	58.997	4	IG-B	MFI	0
LV7008886754	non_damaged		GeoB25202_R1	71.8895	1	IG-D	MFI	6.71492367059159
LV7008886755	non_damaged		GeoB25202_R2	81.6705	1	IG-D	MFI	6.92010336354883
LV7008886756	non_damaged		GeoB25202_R2	105.5785	1	IG-D	MFI	0
LV7008886757	non_damaged		GeoB25202_R1	123.1195	2	IG-E	MFI	0
LV7008886763	non_damaged		GeoB25202_R2	7.1335	3	IG-A	MFI	6.87802668053255
LV7008886765	non_damaged		GeoB25202_R1	58.181	4	IG-B	MFI	4.99125986801195
LV7008886766	non_damaged		GeoB25202_R2	71.8895	1	IG-D	MFI	5.73916356859079
LV7008886768	non_damaged		GeoB25202_R1	102.2955	1	IG-D	MFI	0
LV7008886769	non_damaged		GeoB25202_R2	123.1195	2	IG-E	MFI	0
LV7008886776	non_damaged		GeoB25202_R1	36.607	5	G-A	MFI	6.54621664549953
LV7008886778	non_damaged		GeoB25202_R1	68.149	1	IG-D	MFI	0
LV7008886780	non_damaged		GeoB25202_R2	102.2955	1	IG-D	MFI	6.51576920733877
LV7008886781	non_damaged		GeoB25202_R1	120.0235	2	IG-E	MFI	0
LV3003046936	non_damaged		ST8	22.905	3	IG-A	DCI	-3.64600280508002
LV3003046937	non_damaged		ST8	18.598	3	IG-A	DCI	-2.53875576062083
LV3003046938	non_damaged		ST8	11.169	1	IG-D	DCI	-2.58001659771022
LV3003046939	non_damaged		ST8	2.42	1	IG-D	DCI	-1.69265267506388
LV3003046949	non_damaged		ST8	22.3686666666667	3	IG-A	DCI	-3.05076827317091
LV3003046950	non_damaged		ST8	18.099	3	IG-A	DCI	-2.32746141935887
LV3003046952	non_damaged		ST8	10.26	1	IG-D	DCI	-2.37866700972871
LV3003046953	non_damaged		ST8	1.5215	1	IG-D	DCI	-1.92595011220956
LV3003046965	non_damaged		ST8	21.8323333333333	3	IG-A	DCI	-2.72368584083958
LV3003046966	non_damaged		ST8	17.373	3	IG-A	DCI	-1.93637491590431
LV3003046978	non_damaged		ST8	21.296	3	IG-A	DCI	-2.21797494569372
LV3003046979	non_damaged		ST8	16.461	3	IG-A	DCI	-2.41566636474804
LV3003046980	non_damaged		ST8	8.056	1	IG-D	DCI	-2.5375320013326
LV3003046993	non_damaged		ST8	20.719	3	IG-A	DCI	-2.12646759320909
LV3003046994	non_damaged		ST8	15.549	3	IG-A	DCI	-1.69573211301883
LV3003046995	non_damaged		ST8	6.9705	1	IG-D	DCI	-0.872219007222467
LV3003047009	non_damaged		ST8	20.142	3	IG-A	DCI	-2.76929462294653
LV3003047010	non_damaged		ST8	13.676	1	IG-D	DCI	-1.4285177105123
LV3003047013	non_damaged		ST8	5.885	1	IG-D	DCI	-2.25083226753695
LV3003047026	non_damaged		ST8	19.565	3	IG-A	DCI	-3.25625803198516
LV3003047027	non_damaged		ST8	12.877	1	IG-D	DCI	-2.80681090182497
LV3003047028	non_damaged		ST8	4.753	2	IG-E	DCI	-1.11337951595032
LV3003047041	non_damaged		ST8	19.097	3	IG-A	DCI	-2.47406395082428
LV3003047044	non_damaged		ST8	12.078	5	G-A	DCI	-2.30936601691354
LV3003047045	non_damaged		ST8	3.5865	1	IG-D	DCI	-1.02920352239654
LV3003047059	non_damaged		ST8	107.683	2	IG-E	DCI	-2.23449142127994
LV3003047060	non_damaged		ST8	106.686	2	IG-E	DCI	-11.0855274113061
LV3003047061	non_damaged		ST8	105.689	2	IG-E	DCI	-11.2164032714381
LV3003047062	non_damaged		ST8	104.692	2	IG-E	DCI	-2.14125897270305
LV3003047063	non_damaged		ST8	103.695	2	IG-E	DCI	-2.68399506643902
LV3003047064	non_damaged		ST8	96.283	2	IG-E	DCI	-11.1740327987515
LV3003047065	non_damaged		ST8	53.61018	2	IG-E	DCI	-3.635301423619
LV3003047067	non_damaged		ST8	42.86602	4	IG-B	DCI	-2.83202063883196
LV3003047068	non_damaged		ST8	37.78969	4	IG-B	DCI	-2.55319380494362
LV3003047069	non_damaged		ST8	33.7436870748299	4	IG-B	DCI	-2.00764680199271
LV3003047070	non_damaged		ST8	30.128	5	G-A	DCI	-3.60458485488769
LV3003047071	non_damaged		ST8	26.141	5	G-A	DCI	-2.54350266896479
LV3003047073	non_damaged		ST8	101.685	2	IG-E	DCI	-11.6334581791695
LV3003047074	non_damaged		ST8	100.672	2	IG-E	DCI	-11.9294345980313
LV3003047077	non_damaged		ST8	99.7145	2	IG-E	DCI	-10.4941231188189
LV3003047078	non_damaged		ST8	98.757	2	IG-E	DCI	-10.4756782868591
LV3003047079	non_damaged		ST8	97.52	1	IG-D	DCI	-3.90433923977676
LV3003047080	non_damaged		ST8	87.9935	1	IG-D	DCI	-8.7594283523678
LV3003047081	non_damaged		ST8	52.20718	4	IG-B	DCI	-2.2016570037965
LV3003047082	non_damaged		ST8	41.9168333333333	4	IG-B	DCI	-1.86561392128728
LV3003047083	non_damaged		ST8	37.30319	4	IG-B	DCI	-3.72097424637725
LV3003047084	non_damaged		ST8	33.276	5	G-A	DCI	-2.38098564403356
LV3003047085	non_damaged		ST8	29.703	5	G-A	DCI	-2.19847078425453
LV3003047087	non_damaged		ST8	94.9015	2	IG-E	DCI	-11.3293123907752
LV3003047088	non_damaged		ST8	93.52	2	IG-E	DCI	-11.1535514640623
LV3003047089	non_damaged		ST8	92.1385	2	IG-E	DCI	-1.94480678367932
LV3003047090	non_damaged		ST8	90.757	2	IG-E	DCI	-3.30800740162458
LV3003047091	non_damaged		ST8	89.37525	1	IG-D	DCI	-10.5173636917896
LV3003047093	non_damaged		ST8	79.675	1	IG-D	DCI	-10.9513173610207
LV3003047094	non_damaged		ST8	50.6848	4	IG-B	DCI	-3.62932656171188
LV3003047095	non_damaged		ST8	40.9751666666667	4	IG-B	DCI	-3.16888399335921
LV3003047096	non_damaged		ST8	36.89377	5	G-A	DCI	-1.86125145510169
LV3003047097	non_damaged		ST8	32.835	5	G-A	DCI	-2.42112757429164
LV3003047098	non_damaged		ST8	29.278	5	G-A	DCI	-1.99517197905065
LV3003047099	non_damaged		ST8	25.058	3	IG-A	DCI	-2.28787121744991
LV3003047100	non_damaged		ST8	86.61175	1	IG-D	DCI	-10.1491620269034
LV3003047101	non_damaged		ST8	85.23	1	IG-D	DCI	-10.4834975413143
LV3003047104	non_damaged		ST8	83.84125	2	IG-E	DCI	-9.6296508869064
LV3003047105	non_damaged		ST8	82.4525	2	IG-E	DCI	-2.31047925983108
LV3003047106	non_damaged		ST8	81.06375	2	IG-E	DCI	-2.21167307023915
LV3003047107	non_damaged		ST8	71.517	1	IG-D	DCI	-2.19771537489208
LV3003047110	non_damaged		ST8	49.1548	4	IG-B	DCI	-3.11859274704424
LV3003047112	non_damaged		ST8	40.0335	4	IG-B	DCI	-2.29282234923544
LV3003047113	non_damaged		ST8	36.48927	5	G-A	DCI	-1.57823073557758
LV3003047114	non_damaged		ST8	32.3855	5	G-A	DCI	-4.47579929064856
LV3003047117	non_damaged		ST8	28.7616666666667	5	G-A	DCI	-2.81268317944166
LV3003047118	non_damaged		ST8	24.528	3	IG-A	DCI	-2.13245321128419
LV3003047122	non_damaged		ST8	76.951	2	IG-E	DCI	-9.09668998809796
LV3003047123	non_damaged		ST8	75.589	2	IG-E	DCI	-9.91532546084471
LV3003047124	non_damaged		ST8	74.227	2	IG-E	DCI	-2.56423019166283
LV3003047125	non_damaged		ST8	72.872	2	IG-E	DCI	-1.12415838109581
LV3003047126	non_damaged		ST8	64.210824	4	IG-B	DCI	-0.862529554982703
LV3003047127	non_damaged		ST8	47.6248	2	IG-E	DCI	-2.89174893146552
LV3003047128	non_damaged		ST8	39.57797	5	G-A	DCI	-1.98715125044292
LV3003047129	non_damaged		ST8	36.0373	5	G-A	DCI	-4.62735224151407
LV3003047130	non_damaged		ST8	31.936	5	G-A	DCI	-2.21856404034921
LV3003047131	non_damaged		ST8	28.2453333333333	5	G-A	DCI	-3.84702215521073
LV3003047132	non_damaged		ST8	23.987	3	IG-A	DCI	-3.37283322143247
LV3003047133	non_damaged		ST8	70.162	1	IG-D	DCI	-1.95589870693882
LV3003047134	non_damaged		ST8	68.807	1	IG-D	DCI	-2.70445279360956
LV3003047136	non_damaged		ST8	67.8766	1	IG-D	DCI	-1.91294502603028
LV3003047137	non_damaged		ST8	66.9462	1	IG-D	DCI	-1.58045037556085
LV3003047138	non_damaged		ST8	66.0158	1	IG-D	DCI	-2.27171706404506
LV3003047139	non_damaged		ST8	58.6141266666667	4	IG-B	DCI	-9.37696464017914
LV3003047140	non_damaged		ST8	46.0948	2	IG-E	DCI	-10.6624311290038
LV3003047141	non_damaged		ST8	39.15347	2	IG-E	DCI	-10.0165719666045
LV3003047142	non_damaged		ST8	35.5823	4	IG-B	DCI	-2.88960962976313
LV3003047143	non_damaged		ST8	31.398	5	G-A	DCI	-2.46068444527672
LV3003047144	non_damaged		ST8	27.729	5	G-A	DCI	-1.92194611179586
LV3003047145	non_damaged		ST8	23.446	3	IG-A	DCI	-3.31343069450015
LV3003047146	non_damaged		ST8	63.2667	4	IG-B	DCI	-4.25130308774176
LV3003047147	non_damaged		ST8	62.3217	4	IG-B	DCI	-3.36153212526972
LV3003047148	non_damaged		ST8	61.3767	4	IG-B	DCI	-1.35200528764126
LV3003047149	non_damaged		ST8	60.4317	4	IG-B	DCI	-2.59264528785079
LV3003047150	non_damaged		ST8	59.5217933333333	4	IG-B	DCI	-3.39960881897702
LV3003047152	non_damaged		ST8	45.00002	4	IG-B	DCI	-3.0270737279928
LV3003047153	non_damaged		ST8	38.71393	4	IG-B	DCI	-2.62522683509527
LV3003047154	non_damaged		ST8	35.13012	4	IG-B	DCI	-3.66059410878661
LV3003047155	non_damaged		ST8	30.9475	5	G-A	DCI	-2.1823017827163
LV3003047156	non_damaged		ST8	27.1996666666667	5	G-A	DCI	-2.11973440335505
LV3003047158	non_damaged		ST8	57.70646	4	IG-B	DCI	-9.99644843874091
LV3003047159	non_damaged		ST8	56.7987933333333	4	IG-B	DCI	-3.87678761761653
LV3003047160	non_damaged		ST8	55.8911266666667	2	IG-E	DCI	-11.6409406711929
LV3003047161	non_damaged		ST8	54.98346	2	IG-E	DCI	-11.5845705175045
LV3003047162	non_damaged		ST8	102.698	2	IG-E	DCI	-2.46224279021079
LV3003047164	non_damaged		ST8	43.93302	4	IG-B	DCI	-3.89750369410369
LV3003047166	non_damaged		ST8	38.27343	4	IG-B	DCI	-2.57380355202777
LV3003047167	non_damaged		ST8	34.67812	4	IG-B	DCI	-3.38175334851652
LV3003047168	non_damaged		ST8	30.497	5	G-A	DCI	-2.72571290562197
LV3003047169	non_damaged		ST8	26.6703333333333	5	G-A	DCI	-2.239685323927
LV3003061473	non_damaged		ST13	117.088	2	IG-E	DCI	-1.37033101228247
LV3003061474	non_damaged		ST13	77.7798	1	IG-D	DCI	-1.71353591838278
LV3003061475	non_damaged		ST13	53.844	4	IG-B	DCI	-1.74124979443331
LV3003061476	non_damaged		ST13	37.16	5	G-A	DCI	-1.6577835157541
LV3003061477	non_damaged		ST13	16.726	3	IG-A	DCI	0.341661764468977
LV3003061485	non_damaged		ST13	75.7796	1	IG-D	DCI	-1.41519361281455
LV3003061486	non_damaged		ST13	52.105	4	IG-B	DCI	-2.33217928864488
LV3003061488	non_damaged		ST13	35.041	5	G-A	DCI	0.390071946220382
LV3003061489	non_damaged		ST13	112.6068	2	IG-E	DCI	-0.888991323807601
LV3003061492	non_damaged		ST13	14.437	3	IG-A	DCI	-1.11026438140391
LV3003061500	non_damaged		ST13	148.086	1	IG-D	DCI	0.320974388606748
LV3003061501	non_damaged		ST13	105.5872	1	IG-D	DCI	-1.81863325217215
LV3003061503	non_damaged		ST13	73.1472	1	IG-D	DCI	-1.52106776187016
LV3003061504	non_damaged		ST13	50.268	4	IG-B	DCI	-1.26324565438291
LV3003061505	non_damaged		ST13	32.81	5	G-A	DCI	-0.764961103319891
LV3003061506	non_damaged		ST13	11.95	3	IG-A	DCI	-0.732954546561594
LV3003061513	non_damaged		ST13	138.493	4	IG-B	DCI	-0.0324492432753129
LV3003061514	non_damaged		ST13	100.6726	1	IG-D	DCI	-1.85455537237885
LV3003061515	non_damaged		ST13	71.0012	1	IG-D	DCI	-1.50918025911382
LV3003061516	non_damaged		ST13	48.537	4	IG-B	DCI	-2.16914730818732
LV3003061517	non_damaged		ST13	30.678	5	G-A	DCI	0.291402066261874
LV3003061518	non_damaged		ST13	9.804	3	IG-A	DCI	-3.14917650593386
LV3003061527	non_damaged		ST13	133.7754	2	IG-E	DCI	0
LV3003061528	non_damaged		ST13	95.118	1	IG-D	DCI	-2.41408670870055
LV3003061529	non_damaged		ST13	66.015	1	IG-D	DCI	-0.338794160819047
LV3003061530	non_damaged		ST13	47.046	4	IG-B	DCI	-0.684600119981487
LV3003061531	non_damaged		ST13	28.445	5	G-A	DCI	-2.623615849672
LV3003061533	non_damaged		ST13	7.912	3	IG-A	DCI	-1.55883973023636
LV3003061539	non_damaged		ST13	130.0556	4	IG-B	DCI	-0.690563344937178
LV3003061541	non_damaged		ST13	91.09	1	IG-D	DCI	-3.08676450942426
LV3003061543	non_damaged		ST13	62.293	1	IG-D	DCI	-3.06375008465285
LV3003061544	non_damaged		ST13	45.122	4	IG-B	DCI	-2.01927302021338
LV3003061545	non_damaged		ST13	23.172	5	G-A	DCI	0.327225217454314
LV3003061546	non_damaged		ST13	7.197	3	IG-A	DCI	-1.4700906460844
LV3003061555	non_damaged		ST13	126.443	2	IG-E	DCI	-11.3905777001617
LV3003061556	non_damaged		ST13	86.6174	1	IG-D	DCI	-2.2530171243453
LV3003061557	non_damaged		ST13	58.082	1	IG-D	DCI	-3.65860233934803
LV3003061558	non_damaged		ST13	42.626	5	G-A	DCI	0.199708081222646
LV3003061559	non_damaged		ST13	21.069	5	G-A	DCI	0.356758486000801
LV3003061568	non_damaged		ST13	121.6354	2	IG-E	DCI	-0.320224142431976
LV3003061569	non_damaged		ST13	81.6946	1	IG-D	DCI	-2.42093131088974
LV3003061570	non_damaged		ST13	55.466	4	IG-B	DCI	-2.37120500504357
LV3003061571	non_damaged		ST13	40.457	5	G-A	DCI	0.3094911372346
LV3003061572	non_damaged		ST13	19.099	3	IG-A	DCI	0.439900600665931
LV7001898064	non_damaged		ST13	6.808	3	IG-A	DCI	-1.55473295019352
LV7001898076	non_damaged		ST13	6.429	3	IG-A	DCI	-1.55006304665742
LV7001898088	non_damaged		ST13	6.031	1	IG-D	DCI	-1.39632258204274
LV7001898100	non_damaged		ST13	5.659	1	IG-D	DCI	-1.51538669386024
LV7008886221	non_damaged		GeoB25202_R1	50.3555	4	IG-B	DCI	-1.35256634291992
LV7008886222	non_damaged		GeoB25202_R1	136.2775	4	IG-B	DCI	-1.46972895148693
LV7008886226	non_damaged		GeoB25202_R2	36.607	4	IG-B	DCI	-0.98232071088115
LV7008886228	non_damaged		GeoB25202_R2	120.0235	2	IG-E	DCI	-0.549875508686644
LV7008886229	non_damaged		GeoB25202_R2	68.149	1	IG-D	DCI	-0.776369066134064
LV7008886690	non_damaged		GeoB25202_R1	2.324	3	IG-A	DCI	-1.83771880988839
LV7008886692	non_damaged		GeoB25202_R1	53.875	4	IG-B	DCI	0.0993387318091085
LV7008886695	non_damaged		GeoB25202_R1	95.3875	1	IG-D	DCI	-0.867928045344056
LV7008886702	non_damaged		GeoB25202_R2	2.324	3	IG-A	DCI	-0.969692593513942
LV7008886703	non_damaged		GeoB25202_R1	27.6855	5	G-A	DCI	-1.84477736505237
LV7008886704	non_damaged		GeoB25202_R2	53.875	4	IG-B	DCI	-0.970204277568567
LV7008886705	non_damaged		GeoB25202_R1	59.738	4	IG-B	DCI	-1.34430200811912
LV7008886706	non_damaged		GeoB25202_R1	79.0255	1	IG-D	DCI	-1.5490130784113
LV7008886707	non_damaged		GeoB25202_R2	95.3875	1	IG-D	DCI	-0.980273039370153
LV7008886708	non_damaged		GeoB25202_R1	109.6305	1	IG-D	DCI	-0.98870806422008
LV7008886709	non_damaged		GeoB25202_R1	147.206	4	IG-B	DCI	0.381776111333376
LV7008886714	non_damaged		GeoB25202_R1	0.692	1	IG-D	DCI	-1.00518468324771
LV7008886715	non_damaged		GeoB25202_R2	27.6855	5	G-A	DCI	-2.50522091690092
LV7008886717	non_damaged		GeoB25202_R2	59.738	4	IG-B	DCI	-1.41757679656463
LV7008886718	non_damaged		GeoB25202_R2	79.0255	1	IG-D	DCI	-1.51868135919416
LV7008886719	non_damaged		GeoB25202_R1	87.2825	1	IG-D	DCI	-1.27075992469924
LV7008886720	non_damaged		GeoB25202_R2	109.6305	1	IG-D	DCI	-0.835677871809735
LV7008886721	non_damaged		GeoB25202_R2	147.206	4	IG-B	DCI	-1.31994217917373
LV7008886726	non_damaged		GeoB25202_R2	0.692	1	IG-D	DCI	-1.01836708645584
LV7008886727	non_damaged		GeoB25202_R1	16.4375	3	IG-A	DCI	-2.3130207673855
LV7008886728	non_damaged		GeoB25202_R2	50.3555	5	G-A	DCI	-1.96159782457072
LV7008886730	non_damaged		GeoB25202_R1	75.351	1	IG-D	DCI	-1.32923377418865
LV7008886731	non_damaged		GeoB25202_R2	87.2825	1	IG-D	DCI	-1.3317555003593
LV7008886739	non_damaged		GeoB25202_R2	16.4375	3	IG-A	DCI	-1.97093246851453
LV7008886740	non_damaged		GeoB25202_R1	43.105	4	IG-B	DCI	-1.62794815853032
LV7008886741	non_damaged		GeoB25202_R1	58.997	2	IG-E	DCI	-0.661483906717868
LV7008886742	non_damaged		GeoB25202_R2	75.351	1	IG-D	DCI	-1.19335729238162
LV7008886743	non_damaged		GeoB25202_R1	81.6705	1	IG-D	DCI	-1.1756774059881
LV7008886744	non_damaged		GeoB25202_R1	105.5785	1	IG-D	DCI	-0.85421975483075
LV7008886745	non_damaged		GeoB25202_R2	136.2775	4	IG-B	DCI	-2.08759825962673
LV7008886751	non_damaged		GeoB25202_R1	7.1335	3	IG-A	DCI	-1.5886311809457
LV7008886752	non_damaged		GeoB25202_R2	43.105	5	G-A	DCI	-1.68881733443451
LV7008886753	non_damaged		GeoB25202_R2	58.997	4	IG-B	DCI	-1.99663498158621
LV7008886754	non_damaged		GeoB25202_R1	71.8895	1	IG-D	DCI	-0.72054130161597
LV7008886755	non_damaged		GeoB25202_R2	81.6705	1	IG-D	DCI	-1.02290689282421
LV7008886756	non_damaged		GeoB25202_R2	105.5785	1	IG-D	DCI	-1.08374403220127
LV7008886757	non_damaged		GeoB25202_R1	123.1195	2	IG-E	DCI	-1.98338032917029
LV7008886763	non_damaged		GeoB25202_R2	7.1335	3	IG-A	DCI	-1.74751698345882
LV7008886765	non_damaged		GeoB25202_R1	58.181	4	IG-B	DCI	-0.680621135093978
LV7008886766	non_damaged		GeoB25202_R2	71.8895	1	IG-D	DCI	-1.08417133776125
LV7008886768	non_damaged		GeoB25202_R1	102.2955	1	IG-D	DCI	-1.21397416990825
LV7008886769	non_damaged		GeoB25202_R2	123.1195	2	IG-E	DCI	-1.62995732834186
LV7008886776	non_damaged		GeoB25202_R1	36.607	5	G-A	DCI	-1.51200207758912
LV7008886778	non_damaged		GeoB25202_R1	68.149	1	IG-D	DCI	-1.16119522387224
LV7008886780	non_damaged		GeoB25202_R2	102.2955	1	IG-D	DCI	-0.932825699093026
LV7008886781	non_damaged		GeoB25202_R1	120.0235	2	IG-E	DCI	-11.7444895704017
LV3003046936	non_damaged		ST8	22.905	3	IG-A	MII	-0.791884995893366
LV3003046937	non_damaged		ST8	18.598	3	IG-A	MII	-1.53899671348799
LV3003046938	non_damaged		ST8	11.169	1	IG-D	MII	0.155500774140632
LV3003046939	non_damaged		ST8	2.42	1	IG-D	MII	1.01338715409267
LV3003046949	non_damaged		ST8	22.3686666666667	3	IG-A	MII	-0.961444937070873
LV3003046950	non_damaged		ST8	18.099	3	IG-A	MII	-1.46960130789973
LV3003046952	non_damaged		ST8	10.26	1	IG-D	MII	-1.21679667889551
LV3003046953	non_damaged		ST8	1.5215	1	IG-D	MII	0.739139070504544
LV3003046965	non_damaged		ST8	21.8323333333333	3	IG-A	MII	-1.49548477260285
LV3003046966	non_damaged		ST8	17.373	3	IG-A	MII	-1.40482791957893
LV3003046978	non_damaged		ST8	21.296	3	IG-A	MII	-1.50004559623573
LV3003046979	non_damaged		ST8	16.461	3	IG-A	MII	-1.50545881513262
LV3003046980	non_damaged		ST8	8.056	1	IG-D	MII	-0.252620676082389
LV3003046993	non_damaged		ST8	20.719	3	IG-A	MII	-1.38740169559575
LV3003046994	non_damaged		ST8	15.549	3	IG-A	MII	-1.46191692923709
LV3003046995	non_damaged		ST8	6.9705	1	IG-D	MII	-1.74810725780794
LV3003047009	non_damaged		ST8	20.142	3	IG-A	MII	-1.22237819898487
LV3003047010	non_damaged		ST8	13.676	1	IG-D	MII	-1.57664086379425
LV3003047013	non_damaged		ST8	5.885	1	IG-D	MII	-0.921120431108132
LV3003047026	non_damaged		ST8	19.565	3	IG-A	MII	-1.51204022132619
LV3003047027	non_damaged		ST8	12.877	1	IG-D	MII	-1.51982358877274
LV3003047028	non_damaged		ST8	4.753	2	IG-E	MII	-0.184738114709163
LV3003047041	non_damaged		ST8	19.097	3	IG-A	MII	-1.3700105099825
LV3003047044	non_damaged		ST8	12.078	5	G-A	MII	-1.49198568908122
LV3003047045	non_damaged		ST8	3.5865	1	IG-D	MII	0.0799375334089634
LV3003047059	non_damaged		ST8	107.683	2	IG-E	MII	-1.74032529390092
LV3003047060	non_damaged		ST8	106.686	2	IG-E	MII	-1.58428452675242
LV3003047061	non_damaged		ST8	105.689	2	IG-E	MII	-1.70910397411207
LV3003047062	non_damaged		ST8	104.692	2	IG-E	MII	-2.06189265939144
LV3003047063	non_damaged		ST8	103.695	2	IG-E	MII	-1.63763974484044
LV3003047064	non_damaged		ST8	96.283	2	IG-E	MII	-1.77009345416364
LV3003047065	non_damaged		ST8	53.61018	2	IG-E	MII	-1.50931363865474
LV3003047067	non_damaged		ST8	42.86602	4	IG-B	MII	-1.60825912807931
LV3003047068	non_damaged		ST8	37.78969	4	IG-B	MII	-1.5464989855302
LV3003047069	non_damaged		ST8	33.7436870748299	4	IG-B	MII	-1.31960177978562
LV3003047070	non_damaged		ST8	30.128	5	G-A	MII	-1.28681260857833
LV3003047071	non_damaged		ST8	26.141	5	G-A	MII	-0.700512080004232
LV3003047073	non_damaged		ST8	101.685	2	IG-E	MII	-1.72412621725714
LV3003047074	non_damaged		ST8	100.672	2	IG-E	MII	-2.43575212052071
LV3003047077	non_damaged		ST8	99.7145	2	IG-E	MII	-1.93548865613016
LV3003047078	non_damaged		ST8	98.757	2	IG-E	MII	-2.0598224292898
LV3003047079	non_damaged		ST8	97.52	1	IG-D	MII	-2.34803920784835
LV3003047080	non_damaged		ST8	87.9935	1	IG-D	MII	-1.21728995023885
LV3003047081	non_damaged		ST8	52.20718	4	IG-B	MII	-1.42441363398264
LV3003047082	non_damaged		ST8	41.9168333333333	4	IG-B	MII	-1.14314469202738
LV3003047083	non_damaged		ST8	37.30319	4	IG-B	MII	-1.56325063597111
LV3003047084	non_damaged		ST8	33.276	5	G-A	MII	-1.33860281222763
LV3003047085	non_damaged		ST8	29.703	5	G-A	MII	-1.0109691042763
LV3003047087	non_damaged		ST8	94.9015	2	IG-E	MII	-1.76733710576635
LV3003047088	non_damaged		ST8	93.52	2	IG-E	MII	-1.67930706510873
LV3003047089	non_damaged		ST8	92.1385	2	IG-E	MII	-2.01892178013718
LV3003047090	non_damaged		ST8	90.757	2	IG-E	MII	-0.453937953903643
LV3003047091	non_damaged		ST8	89.37525	1	IG-D	MII	-0.580112942886543
LV3003047093	non_damaged		ST8	79.675	1	IG-D	MII	-1.30546127345828
LV3003047094	non_damaged		ST8	50.6848	4	IG-B	MII	-1.66025012771723
LV3003047095	non_damaged		ST8	40.9751666666667	4	IG-B	MII	-1.57941887099832
LV3003047096	non_damaged		ST8	36.89377	5	G-A	MII	-1.54342382634492
LV3003047097	non_damaged		ST8	32.835	5	G-A	MII	-0.384121985816372
LV3003047098	non_damaged		ST8	29.278	5	G-A	MII	-0.399970059807471
LV3003047099	non_damaged		ST8	25.058	3	IG-A	MII	-1.05806347770815
LV3003047100	non_damaged		ST8	86.61175	1	IG-D	MII	-1.00150669090618
LV3003047101	non_damaged		ST8	85.23	1	IG-D	MII	-1.03917265180578
LV3003047104	non_damaged		ST8	83.84125	2	IG-E	MII	-0.889124108692004
LV3003047105	non_damaged		ST8	82.4525	2	IG-E	MII	-1.12547593093766
LV3003047106	non_damaged		ST8	81.06375	2	IG-E	MII	-0.9113579507685
LV3003047107	non_damaged		ST8	71.517	1	IG-D	MII	-1.11304111752863
LV3003047110	non_damaged		ST8	49.1548	4	IG-B	MII	-1.64415309608305
LV3003047112	non_damaged		ST8	40.0335	4	IG-B	MII	-1.62522304381549
LV3003047113	non_damaged		ST8	36.48927	5	G-A	MII	-1.53982972545056
LV3003047114	non_damaged		ST8	32.3855	5	G-A	MII	-1.36408026367892
LV3003047117	non_damaged		ST8	28.7616666666667	5	G-A	MII	-1.11429022502959
LV3003047118	non_damaged		ST8	24.528	3	IG-A	MII	-0.981450891294173
LV3003047122	non_damaged		ST8	76.951	2	IG-E	MII	-0.914668671502287
LV3003047123	non_damaged		ST8	75.589	2	IG-E	MII	-1.00951046425844
LV3003047124	non_damaged		ST8	74.227	2	IG-E	MII	-1.11327513868251
LV3003047125	non_damaged		ST8	72.872	2	IG-E	MII	-1.14073802112287
LV3003047126	non_damaged		ST8	64.210824	4	IG-B	MII	-1.26939806319603
LV3003047127	non_damaged		ST8	47.6248	2	IG-E	MII	-1.53148431927915
LV3003047128	non_damaged		ST8	39.57797	5	G-A	MII	-1.43371604910877
LV3003047129	non_damaged		ST8	36.0373	5	G-A	MII	-1.56213587052545
LV3003047130	non_damaged		ST8	31.936	5	G-A	MII	-1.28969940270635
LV3003047131	non_damaged		ST8	28.2453333333333	5	G-A	MII	-0.585818160329447
LV3003047132	non_damaged		ST8	23.987	3	IG-A	MII	-0.478045483426492
LV3003047133	non_damaged		ST8	70.162	1	IG-D	MII	-1.1017885011776
LV3003047134	non_damaged		ST8	68.807	1	IG-D	MII	-1.08249152996682
LV3003047136	non_damaged		ST8	67.8766	1	IG-D	MII	-1.2196639031457
LV3003047137	non_damaged		ST8	66.9462	1	IG-D	MII	-0.724263132568024
LV3003047138	non_damaged		ST8	66.0158	1	IG-D	MII	-0.604934396062897
LV3003047139	non_damaged		ST8	58.6141266666667	4	IG-B	MII	-0.628914634746741
LV3003047140	non_damaged		ST8	46.0948	2	IG-E	MII	-1.62142062661675
LV3003047141	non_damaged		ST8	39.15347	2	IG-E	MII	-1.69517864122227
LV3003047142	non_damaged		ST8	35.5823	4	IG-B	MII	-1.54061555041674
LV3003047143	non_damaged		ST8	31.398	5	G-A	MII	-1.29589049878977
LV3003047144	non_damaged		ST8	27.729	5	G-A	MII	-0.967007815589792
LV3003047145	non_damaged		ST8	23.446	3	IG-A	MII	-0.799243563713821
LV3003047146	non_damaged		ST8	63.2667	4	IG-B	MII	-0.805857702395801
LV3003047147	non_damaged		ST8	62.3217	4	IG-B	MII	-1.09284349470895
LV3003047148	non_damaged		ST8	61.3767	4	IG-B	MII	-1.39984402393105
LV3003047149	non_damaged		ST8	60.4317	4	IG-B	MII	-1.45785985988292
LV3003047150	non_damaged		ST8	59.5217933333333	4	IG-B	MII	-0.662686222548875
LV3003047152	non_damaged		ST8	45.00002	4	IG-B	MII	-1.3915519175326
LV3003047153	non_damaged		ST8	38.71393	4	IG-B	MII	-1.32831804189787
LV3003047154	non_damaged		ST8	35.13012	4	IG-B	MII	-1.53761139662407
LV3003047155	non_damaged		ST8	30.9475	5	G-A	MII	-0.993550221941351
LV3003047156	non_damaged		ST8	27.1996666666667	5	G-A	MII	-1.20132193905211
LV3003047158	non_damaged		ST8	57.70646	4	IG-B	MII	-1.30857715713032
LV3003047159	non_damaged		ST8	56.7987933333333	4	IG-B	MII	-1.56853599750911
LV3003047160	non_damaged		ST8	55.8911266666667	2	IG-E	MII	-3.11550209343408
LV3003047161	non_damaged		ST8	54.98346	2	IG-E	MII	-2.43238861550455
LV3003047162	non_damaged		ST8	102.698	2	IG-E	MII	-2.49231859809611
LV3003047164	non_damaged		ST8	43.93302	4	IG-B	MII	-1.48094825770413
LV3003047166	non_damaged		ST8	38.27343	4	IG-B	MII	-1.48903482846433
LV3003047167	non_damaged		ST8	34.67812	4	IG-B	MII	-1.56417874144796
LV3003047168	non_damaged		ST8	30.497	5	G-A	MII	-1.19201402003123
LV3003047169	non_damaged		ST8	26.6703333333333	5	G-A	MII	-0.859017207347123
LV3003061473	non_damaged		ST13	117.088	2	IG-E	MII	-2.19014017058396
LV3003061474	non_damaged		ST13	77.7798	1	IG-D	MII	-1.43007290573373
LV3003061475	non_damaged		ST13	53.844	4	IG-B	MII	-0.943149993676994
LV3003061476	non_damaged		ST13	37.16	5	G-A	MII	-1.23780706484139
LV3003061477	non_damaged		ST13	16.726	3	IG-A	MII	-0.888994262259427
LV3003061485	non_damaged		ST13	75.7796	1	IG-D	MII	-0.909331177144796
LV3003061486	non_damaged		ST13	52.105	4	IG-B	MII	-1.00505168207307
LV3003061488	non_damaged		ST13	35.041	5	G-A	MII	-1.33710997274921
LV3003061489	non_damaged		ST13	112.6068	2	IG-E	MII	-2.10714917112658
LV3003061492	non_damaged		ST13	14.437	3	IG-A	MII	-0.532653260101728
LV3003061500	non_damaged		ST13	148.086	1	IG-D	MII	-1.45877250608347
LV3003061501	non_damaged		ST13	105.5872	1	IG-D	MII	-1.89472827825883
LV3003061503	non_damaged		ST13	73.1472	1	IG-D	MII	-0.978916090423701
LV3003061504	non_damaged		ST13	50.268	4	IG-B	MII	-0.968649856813795
LV3003061505	non_damaged		ST13	32.81	5	G-A	MII	-0.887146931164724
LV3003061506	non_damaged		ST13	11.95	3	IG-A	MII	-0.704695105040896
LV3003061513	non_damaged		ST13	138.493	4	IG-B	MII	-2.69411811962421
LV3003061514	non_damaged		ST13	100.6726	1	IG-D	MII	-1.8243980293058
LV3003061515	non_damaged		ST13	71.0012	1	IG-D	MII	-0.615082240106618
LV3003061516	non_damaged		ST13	48.537	4	IG-B	MII	-1.16248795619992
LV3003061517	non_damaged		ST13	30.678	5	G-A	MII	-1.03797646878012
LV3003061518	non_damaged		ST13	9.804	3	IG-A	MII	-0.365437289980501
LV3003061527	non_damaged		ST13	133.7754	2	IG-E	MII	-2.4752159291501
LV3003061528	non_damaged		ST13	95.118	1	IG-D	MII	-0.672075972732852
LV3003061529	non_damaged		ST13	66.015	1	IG-D	MII	-0.960997555831201
LV3003061530	non_damaged		ST13	47.046	4	IG-B	MII	-1.02419659163685
LV3003061531	non_damaged		ST13	28.445	5	G-A	MII	-0.850505690635721
LV3003061533	non_damaged		ST13	7.912	3	IG-A	MII	-0.274527169782702
LV3003061539	non_damaged		ST13	130.0556	4	IG-B	MII	-2.15180146876189
LV3003061541	non_damaged		ST13	91.09	1	IG-D	MII	-1.71862935090457
LV3003061543	non_damaged		ST13	62.293	1	IG-D	MII	-0.873034784119023
LV3003061544	non_damaged		ST13	45.122	4	IG-B	MII	-0.74413468827818
LV3003061545	non_damaged		ST13	23.172	5	G-A	MII	-1.66266564971017
LV3003061546	non_damaged		ST13	7.197	3	IG-A	MII	-0.273803560641986
LV3003061555	non_damaged		ST13	126.443	2	IG-E	MII	-2.63345237294988
LV3003061556	non_damaged		ST13	86.6174	1	IG-D	MII	-1.55785396286738
LV3003061557	non_damaged		ST13	58.082	1	IG-D	MII	-0.952596032397058
LV3003061558	non_damaged		ST13	42.626	5	G-A	MII	-1.04181955128953
LV3003061559	non_damaged		ST13	21.069	5	G-A	MII	-0.995110036888498
LV3003061568	non_damaged		ST13	121.6354	2	IG-E	MII	-2.31350498310807
LV3003061569	non_damaged		ST13	81.6946	1	IG-D	MII	-1.60018139440982
LV3003061570	non_damaged		ST13	55.466	4	IG-B	MII	-1.00993184962807
LV3003061571	non_damaged		ST13	40.457	5	G-A	MII	-1.01010764601688
LV3003061572	non_damaged		ST13	19.099	3	IG-A	MII	-1.15477619667262
LV7001898064	non_damaged		ST13	6.808	3	IG-A	MII	-1.09118831604795
LV7001898076	non_damaged		ST13	6.429	3	IG-A	MII	-1.12262422682381
LV7001898088	non_damaged		ST13	6.031	1	IG-D	MII	-0.645311821995663
LV7001898100	non_damaged		ST13	5.659	1	IG-D	MII	-0.0300442125995086
LV7008886221	non_damaged		GeoB25202_R1	50.3555	4	IG-B	MII	-1.13404713465639
LV7008886222	non_damaged		GeoB25202_R1	136.2775	4	IG-B	MII	-1.80874136455456
LV7008886226	non_damaged		GeoB25202_R2	36.607	4	IG-B	MII	-1.27251365734813
LV7008886228	non_damaged		GeoB25202_R2	120.0235	2	IG-E	MII	-1.7920129867855
LV7008886229	non_damaged		GeoB25202_R2	68.149	1	IG-D	MII	-0.69680556753131
LV7008886690	non_damaged		GeoB25202_R1	2.324	3	IG-A	MII	-1.59400902621893
LV7008886692	non_damaged		GeoB25202_R1	53.875	4	IG-B	MII	-0.482279853782914
LV7008886695	non_damaged		GeoB25202_R1	95.3875	1	IG-D	MII	-1.9420904390905
LV7008886702	non_damaged		GeoB25202_R2	2.324	3	IG-A	MII	-0.831067713507044
LV7008886703	non_damaged		GeoB25202_R1	27.6855	5	G-A	MII	-1.20301833048125
LV7008886704	non_damaged		GeoB25202_R2	53.875	4	IG-B	MII	-1.06712642435223
LV7008886705	non_damaged		GeoB25202_R1	59.738	4	IG-B	MII	-0.854667150813077
LV7008886706	non_damaged		GeoB25202_R1	79.0255	1	IG-D	MII	-0.866698652754124
LV7008886707	non_damaged		GeoB25202_R2	95.3875	1	IG-D	MII	-1.61650788243298
LV7008886708	non_damaged		GeoB25202_R1	109.6305	1	IG-D	MII	-1.55448238982416
LV7008886709	non_damaged		GeoB25202_R1	147.206	4	IG-B	MII	-0.893572354812787
LV7008886714	non_damaged		GeoB25202_R1	0.692	1	IG-D	MII	-0.887454749984466
LV7008886715	non_damaged		GeoB25202_R2	27.6855	5	G-A	MII	-1.54332238090928
LV7008886717	non_damaged		GeoB25202_R2	59.738	4	IG-B	MII	-0.936500470016147
LV7008886718	non_damaged		GeoB25202_R2	79.0255	1	IG-D	MII	-0.69088765662354
LV7008886719	non_damaged		GeoB25202_R1	87.2825	1	IG-D	MII	-1.06588585043948
LV7008886720	non_damaged		GeoB25202_R2	109.6305	1	IG-D	MII	-1.48409052683201
LV7008886721	non_damaged		GeoB25202_R2	147.206	4	IG-B	MII	-1.55720127794115
LV7008886726	non_damaged		GeoB25202_R2	0.692	1	IG-D	MII	-0.88962046492304
LV7008886727	non_damaged		GeoB25202_R1	16.4375	3	IG-A	MII	-0.724278238999777
LV7008886728	non_damaged		GeoB25202_R2	50.3555	5	G-A	MII	-1.23894361724549
LV7008886730	non_damaged		GeoB25202_R1	75.351	1	IG-D	MII	-0.633358589266292
LV7008886731	non_damaged		GeoB25202_R2	87.2825	1	IG-D	MII	-1.5247419301212
LV7008886739	non_damaged		GeoB25202_R2	16.4375	3	IG-A	MII	-0.706544524173574
LV7008886740	non_damaged		GeoB25202_R1	43.105	4	IG-B	MII	-1.45451628036642
LV7008886741	non_damaged		GeoB25202_R1	58.997	2	IG-E	MII	-1.17141763413283
LV7008886742	non_damaged		GeoB25202_R2	75.351	1	IG-D	MII	-0.729515759561441
LV7008886743	non_damaged		GeoB25202_R1	81.6705	1	IG-D	MII	-1.46061019748893
LV7008886744	non_damaged		GeoB25202_R1	105.5785	1	IG-D	MII	-1.43092986097821
LV7008886745	non_damaged		GeoB25202_R2	136.2775	4	IG-B	MII	-1.58697003298147
LV7008886751	non_damaged		GeoB25202_R1	7.1335	3	IG-A	MII	-0.826895784953393
LV7008886752	non_damaged		GeoB25202_R2	43.105	5	G-A	MII	-0.885534591041848
LV7008886753	non_damaged		GeoB25202_R2	58.997	4	IG-B	MII	-1.17367003301439
LV7008886754	non_damaged		GeoB25202_R1	71.8895	1	IG-D	MII	-0.410194394733646
LV7008886755	non_damaged		GeoB25202_R2	81.6705	1	IG-D	MII	-0.966555206262619
LV7008886756	non_damaged		GeoB25202_R2	105.5785	1	IG-D	MII	-1.63105060297995
LV7008886757	non_damaged		GeoB25202_R1	123.1195	2	IG-E	MII	-1.77910927430691
LV7008886763	non_damaged		GeoB25202_R2	7.1335	3	IG-A	MII	-1.13748027601707
LV7008886765	non_damaged		GeoB25202_R1	58.181	4	IG-B	MII	-0.992529863482623
LV7008886766	non_damaged		GeoB25202_R2	71.8895	1	IG-D	MII	-0.736757566214211
LV7008886768	non_damaged		GeoB25202_R1	102.2955	1	IG-D	MII	-1.70454978816866
LV7008886769	non_damaged		GeoB25202_R2	123.1195	2	IG-E	MII	-1.75858400689326
LV7008886776	non_damaged		GeoB25202_R1	36.607	5	G-A	MII	-0.370015540112736
LV7008886778	non_damaged		GeoB25202_R1	68.149	1	IG-D	MII	-0.864802405236011
LV7008886780	non_damaged		GeoB25202_R2	102.2955	1	IG-D	MII	-1.70663727807604
LV7008886781	non_damaged		GeoB25202_R1	120.0235	2	IG-E	MII	-1.66899569583496
LV3003046936	non_damaged		ST8	22.905	3	IG-A	SRPI	-0.459067914541006
LV3003046937	non_damaged		ST8	18.598	3	IG-A	SRPI	-0.398434596719464
LV3003046938	non_damaged		ST8	11.169	1	IG-D	SRPI	0.0859138237051002
LV3003046939	non_damaged		ST8	2.42	1	IG-D	SRPI	0.0225319950858374
LV3003046949	non_damaged		ST8	22.3686666666667	3	IG-A	SRPI	-0.356914603661464
LV3003046950	non_damaged		ST8	18.099	3	IG-A	SRPI	-0.5771973939123
LV3003046952	non_damaged		ST8	10.26	1	IG-D	SRPI	-0.147304581181277
LV3003046953	non_damaged		ST8	1.5215	1	IG-D	SRPI	0.134199599287074
LV3003046965	non_damaged		ST8	21.8323333333333	3	IG-A	SRPI	-0.374419397148126
LV3003046966	non_damaged		ST8	17.373	3	IG-A	SRPI	-0.492341166675393
LV3003046978	non_damaged		ST8	21.296	3	IG-A	SRPI	-0.405505363570414
LV3003046979	non_damaged		ST8	16.461	3	IG-A	SRPI	-0.417506151505282
LV3003046980	non_damaged		ST8	8.056	1	IG-D	SRPI	-0.149038485624652
LV3003046993	non_damaged		ST8	20.719	3	IG-A	SRPI	-0.126881869074301
LV3003046994	non_damaged		ST8	15.549	3	IG-A	SRPI	-0.664078701307022
LV3003046995	non_damaged		ST8	6.9705	1	IG-D	SRPI	-0.41422728594625
LV3003047009	non_damaged		ST8	20.142	3	IG-A	SRPI	-0.840558872189168
LV3003047010	non_damaged		ST8	13.676	1	IG-D	SRPI	-0.539198253556978
LV3003047013	non_damaged		ST8	5.885	1	IG-D	SRPI	-0.336299427163766
LV3003047026	non_damaged		ST8	19.565	3	IG-A	SRPI	-0.608098217141984
LV3003047027	non_damaged		ST8	12.877	1	IG-D	SRPI	-0.51512486438919
LV3003047028	non_damaged		ST8	4.753	2	IG-E	SRPI	-0.0896942777488926
LV3003047041	non_damaged		ST8	19.097	3	IG-A	SRPI	-0.365109178711806
LV3003047044	non_damaged		ST8	12.078	5	G-A	SRPI	-0.667106120362425
LV3003047045	non_damaged		ST8	3.5865	1	IG-D	SRPI	-0.347108342412058
LV3003047059	non_damaged		ST8	107.683	2	IG-E	SRPI	-0.690777006659039
LV3003047060	non_damaged		ST8	106.686	2	IG-E	SRPI	-0.653491797967627
LV3003047061	non_damaged		ST8	105.689	2	IG-E	SRPI	-1.16588003153317
LV3003047062	non_damaged		ST8	104.692	2	IG-E	SRPI	-0.860431216123107
LV3003047063	non_damaged		ST8	103.695	2	IG-E	SRPI	-0.852787651576395
LV3003047064	non_damaged		ST8	96.283	2	IG-E	SRPI	-0.913182767170541
LV3003047065	non_damaged		ST8	53.61018	2	IG-E	SRPI	-0.579287496013679
LV3003047067	non_damaged		ST8	42.86602	4	IG-B	SRPI	-0.474979919188055
LV3003047068	non_damaged		ST8	37.78969	4	IG-B	SRPI	-0.476359990706416
LV3003047069	non_damaged		ST8	33.7436870748299	4	IG-B	SRPI	-0.704580262669539
LV3003047070	non_damaged		ST8	30.128	5	G-A	SRPI	-0.645454653786894
LV3003047071	non_damaged		ST8	26.141	5	G-A	SRPI	-0.484086896507777
LV3003047073	non_damaged		ST8	101.685	2	IG-E	SRPI	-1.33831792300335
LV3003047074	non_damaged		ST8	100.672	2	IG-E	SRPI	-0.849287647488015
LV3003047077	non_damaged		ST8	99.7145	2	IG-E	SRPI	-0.952469379285824
LV3003047078	non_damaged		ST8	98.757	2	IG-E	SRPI	-0.829544443756049
LV3003047079	non_damaged		ST8	97.52	1	IG-D	SRPI	-0.805118139216298
LV3003047080	non_damaged		ST8	87.9935	1	IG-D	SRPI	-0.812825804807206
LV3003047081	non_damaged		ST8	52.20718	4	IG-B	SRPI	-0.555238305563432
LV3003047082	non_damaged		ST8	41.9168333333333	4	IG-B	SRPI	-0.532274538964526
LV3003047083	non_damaged		ST8	37.30319	4	IG-B	SRPI	-0.47532039629211
LV3003047084	non_damaged		ST8	33.276	5	G-A	SRPI	-0.569996408678166
LV3003047085	non_damaged		ST8	29.703	5	G-A	SRPI	-0.606375561076108
LV3003047087	non_damaged		ST8	94.9015	2	IG-E	SRPI	-0.85545112297323
LV3003047088	non_damaged		ST8	93.52	2	IG-E	SRPI	-0.90016101092066
LV3003047089	non_damaged		ST8	92.1385	2	IG-E	SRPI	-0.857327497144962
LV3003047090	non_damaged		ST8	90.757	2	IG-E	SRPI	-0.760687153820199
LV3003047091	non_damaged		ST8	89.37525	1	IG-D	SRPI	-0.994781993790775
LV3003047093	non_damaged		ST8	79.675	1	IG-D	SRPI	-0.86401420174238
LV3003047094	non_damaged		ST8	50.6848	4	IG-B	SRPI	-0.575746460871972
LV3003047095	non_damaged		ST8	40.9751666666667	4	IG-B	SRPI	-0.609585821840671
LV3003047096	non_damaged		ST8	36.89377	5	G-A	SRPI	-0.411438621928468
LV3003047097	non_damaged		ST8	32.835	5	G-A	SRPI	-0.839499194807958
LV3003047098	non_damaged		ST8	29.278	5	G-A	SRPI	-0.81059958805978
LV3003047099	non_damaged		ST8	25.058	3	IG-A	SRPI	-0.43496747484874
LV3003047100	non_damaged		ST8	86.61175	1	IG-D	SRPI	-0.748022041974726
LV3003047101	non_damaged		ST8	85.23	1	IG-D	SRPI	-0.919507604492969
LV3003047104	non_damaged		ST8	83.84125	2	IG-E	SRPI	-0.778194109930255
LV3003047105	non_damaged		ST8	82.4525	2	IG-E	SRPI	-0.821418404425527
LV3003047106	non_damaged		ST8	81.06375	2	IG-E	SRPI	-0.857985689875982
LV3003047107	non_damaged		ST8	71.517	1	IG-D	SRPI	-0.916014891679534
LV3003047110	non_damaged		ST8	49.1548	4	IG-B	SRPI	-0.615156579929269
LV3003047112	non_damaged		ST8	40.0335	4	IG-B	SRPI	-0.452321171434533
LV3003047113	non_damaged		ST8	36.48927	5	G-A	SRPI	-0.380037827553252
LV3003047114	non_damaged		ST8	32.3855	5	G-A	SRPI	-0.484869121340902
LV3003047117	non_damaged		ST8	28.7616666666667	5	G-A	SRPI	-0.575614804459684
LV3003047118	non_damaged		ST8	24.528	3	IG-A	SRPI	-0.280861979233092
LV3003047122	non_damaged		ST8	76.951	2	IG-E	SRPI	-0.933590013281533
LV3003047123	non_damaged		ST8	75.589	2	IG-E	SRPI	-0.926051308375222
LV3003047124	non_damaged		ST8	74.227	2	IG-E	SRPI	-0.855257412541237
LV3003047125	non_damaged		ST8	72.872	2	IG-E	SRPI	-0.898849506527573
LV3003047126	non_damaged		ST8	64.210824	4	IG-B	SRPI	-0.793722276292319
LV3003047127	non_damaged		ST8	47.6248	2	IG-E	SRPI	-0.658777230085605
LV3003047128	non_damaged		ST8	39.57797	5	G-A	SRPI	-0.515993799497789
LV3003047129	non_damaged		ST8	36.0373	5	G-A	SRPI	-0.461168736283652
LV3003047130	non_damaged		ST8	31.936	5	G-A	SRPI	-0.54840491290103
LV3003047131	non_damaged		ST8	28.2453333333333	5	G-A	SRPI	-0.738301033123376
LV3003047132	non_damaged		ST8	23.987	3	IG-A	SRPI	-0.211040867852553
LV3003047133	non_damaged		ST8	70.162	1	IG-D	SRPI	-0.878880256037369
LV3003047134	non_damaged		ST8	68.807	1	IG-D	SRPI	-0.902607495619233
LV3003047136	non_damaged		ST8	67.8766	1	IG-D	SRPI	-0.894574086883753
LV3003047137	non_damaged		ST8	66.9462	1	IG-D	SRPI	-0.738913330418926
LV3003047138	non_damaged		ST8	66.0158	1	IG-D	SRPI	-0.882604394373857
LV3003047139	non_damaged		ST8	58.6141266666667	4	IG-B	SRPI	-0.830633051951746
LV3003047140	non_damaged		ST8	46.0948	2	IG-E	SRPI	-0.435885273348047
LV3003047141	non_damaged		ST8	39.15347	2	IG-E	SRPI	-0.482048381721816
LV3003047142	non_damaged		ST8	35.5823	4	IG-B	SRPI	-0.582959840238278
LV3003047143	non_damaged		ST8	31.398	5	G-A	SRPI	-0.56730034579694
LV3003047144	non_damaged		ST8	27.729	5	G-A	SRPI	-0.595915012377156
LV3003047145	non_damaged		ST8	23.446	3	IG-A	SRPI	-0.76896106075881
LV3003047146	non_damaged		ST8	63.2667	4	IG-B	SRPI	-0.731037180059771
LV3003047147	non_damaged		ST8	62.3217	4	IG-B	SRPI	-0.800414389841375
LV3003047148	non_damaged		ST8	61.3767	4	IG-B	SRPI	-0.744189500367025
LV3003047149	non_damaged		ST8	60.4317	4	IG-B	SRPI	-0.877205737497605
LV3003047150	non_damaged		ST8	59.5217933333333	4	IG-B	SRPI	-1.1058266753824
LV3003047152	non_damaged		ST8	45.00002	4	IG-B	SRPI	-0.696487695281026
LV3003047153	non_damaged		ST8	38.71393	4	IG-B	SRPI	-0.633179936576561
LV3003047154	non_damaged		ST8	35.13012	4	IG-B	SRPI	-0.597366727580787
LV3003047155	non_damaged		ST8	30.9475	5	G-A	SRPI	-0.540578200433693
LV3003047156	non_damaged		ST8	27.1996666666667	5	G-A	SRPI	-0.512290569547878
LV3003047158	non_damaged		ST8	57.70646	4	IG-B	SRPI	-0.915971244922959
LV3003047159	non_damaged		ST8	56.7987933333333	4	IG-B	SRPI	-0.687186582249889
LV3003047160	non_damaged		ST8	55.8911266666667	2	IG-E	SRPI	-0.972644433432211
LV3003047161	non_damaged		ST8	54.98346	2	IG-E	SRPI	-0.771672678859131
LV3003047162	non_damaged		ST8	102.698	2	IG-E	SRPI	-0.857759741853923
LV3003047164	non_damaged		ST8	43.93302	4	IG-B	SRPI	-0.730213689416413
LV3003047166	non_damaged		ST8	38.27343	4	IG-B	SRPI	-0.536810174116256
LV3003047167	non_damaged		ST8	34.67812	4	IG-B	SRPI	-0.57450974762483
LV3003047168	non_damaged		ST8	30.497	5	G-A	SRPI	-0.533644065874315
LV3003047169	non_damaged		ST8	26.6703333333333	5	G-A	SRPI	-0.636861302646041
LV3003061473	non_damaged		ST13	117.088	2	IG-E	SRPI	-0.382858041666899
LV3003061474	non_damaged		ST13	77.7798	1	IG-D	SRPI	-0.312417599804503
LV3003061475	non_damaged		ST13	53.844	4	IG-B	SRPI	-0.0194518193197549
LV3003061476	non_damaged		ST13	37.16	5	G-A	SRPI	-0.0710927557147725
LV3003061477	non_damaged		ST13	16.726	3	IG-A	SRPI	-1.03607293831528
LV3003061485	non_damaged		ST13	75.7796	1	IG-D	SRPI	-0.245994806366019
LV3003061486	non_damaged		ST13	52.105	4	IG-B	SRPI	-0.0737528206172646
LV3003061488	non_damaged		ST13	35.041	5	G-A	SRPI	-1.17565409648409
LV3003061489	non_damaged		ST13	112.6068	2	IG-E	SRPI	-0.415529354810596
LV3003061492	non_damaged		ST13	14.437	3	IG-A	SRPI	0.0475446307414615
LV3003061500	non_damaged		ST13	148.086	1	IG-D	SRPI	-3.87042197840851
LV3003061501	non_damaged		ST13	105.5872	1	IG-D	SRPI	-0.62828090230577
LV3003061503	non_damaged		ST13	73.1472	1	IG-D	SRPI	-0.190846198546672
LV3003061504	non_damaged		ST13	50.268	4	IG-B	SRPI	0.0262530215407507
LV3003061505	non_damaged		ST13	32.81	5	G-A	SRPI	-1.28484621311435
LV3003061506	non_damaged		ST13	11.95	3	IG-A	SRPI	-1.36704204190057
LV3003061513	non_damaged		ST13	138.493	4	IG-B	SRPI	-2.00144926236479
LV3003061514	non_damaged		ST13	100.6726	1	IG-D	SRPI	-0.268632357812329
LV3003061515	non_damaged		ST13	71.0012	1	IG-D	SRPI	0.0178437277286589
LV3003061516	non_damaged		ST13	48.537	4	IG-B	SRPI	-0.0324482424944991
LV3003061517	non_damaged		ST13	30.678	5	G-A	SRPI	-0.913589096554982
LV3003061518	non_damaged		ST13	9.804	3	IG-A	SRPI	0.0116891873485325
LV3003061527	non_damaged		ST13	133.7754	2	IG-E	SRPI	-0.353639740511027
LV3003061528	non_damaged		ST13	95.118	1	IG-D	SRPI	-0.884815977319487
LV3003061529	non_damaged		ST13	66.015	1	IG-D	SRPI	-1.94092716494281
LV3003061530	non_damaged		ST13	47.046	4	IG-B	SRPI	-0.172361014906687
LV3003061531	non_damaged		ST13	28.445	5	G-A	SRPI	-0.133316441777582
LV3003061533	non_damaged		ST13	7.912	3	IG-A	SRPI	-0.488859474710549
LV3003061539	non_damaged		ST13	130.0556	4	IG-B	SRPI	-0.409535988937586
LV3003061541	non_damaged		ST13	91.09	1	IG-D	SRPI	-0.198563233929926
LV3003061543	non_damaged		ST13	62.293	1	IG-D	SRPI	0.104839874954839
LV3003061544	non_damaged		ST13	45.122	4	IG-B	SRPI	-0.348055711994586
LV3003061545	non_damaged		ST13	23.172	5	G-A	SRPI	-2.37270262094677
LV3003061546	non_damaged		ST13	7.197	3	IG-A	SRPI	-0.1445982192727
LV3003061555	non_damaged		ST13	126.443	2	IG-E	SRPI	-0.423615950488265
LV3003061556	non_damaged		ST13	86.6174	1	IG-D	SRPI	-0.246170486912001
LV3003061557	non_damaged		ST13	58.082	1	IG-D	SRPI	-0.321140935537619
LV3003061558	non_damaged		ST13	42.626	5	G-A	SRPI	-0.734006881428462
LV3003061559	non_damaged		ST13	21.069	5	G-A	SRPI	-2.37748469126888
LV3003061568	non_damaged		ST13	121.6354	2	IG-E	SRPI	-0.330075528202747
LV3003061569	non_damaged		ST13	81.6946	1	IG-D	SRPI	-0.106487638877203
LV3003061570	non_damaged		ST13	55.466	4	IG-B	SRPI	-0.115907208566651
LV3003061571	non_damaged		ST13	40.457	5	G-A	SRPI	-1.83780739522878
LV3003061572	non_damaged		ST13	19.099	3	IG-A	SRPI	-1.19199281301746
LV7001898064	non_damaged		ST13	6.808	3	IG-A	SRPI	-0.1838540284892
LV7001898076	non_damaged		ST13	6.429	3	IG-A	SRPI	-0.163150780741498
LV7001898088	non_damaged		ST13	6.031	1	IG-D	SRPI	-0.173978967780547
LV7001898100	non_damaged		ST13	5.659	1	IG-D	SRPI	-0.049002060518394
LV7008886221	non_damaged		GeoB25202_R1	50.3555	4	IG-B	SRPI	-0.254626546035746
LV7008886222	non_damaged		GeoB25202_R1	136.2775	4	IG-B	SRPI	-0.47144414714473
LV7008886226	non_damaged		GeoB25202_R2	36.607	4	IG-B	SRPI	-0.28245579974331
LV7008886228	non_damaged		GeoB25202_R2	120.0235	2	IG-E	SRPI	-0.365888368486792
LV7008886229	non_damaged		GeoB25202_R2	68.149	1	IG-D	SRPI	-0.486242227622551
LV7008886690	non_damaged		GeoB25202_R1	2.324	3	IG-A	SRPI	-0.182629500360044
LV7008886692	non_damaged		GeoB25202_R1	53.875	4	IG-B	SRPI	-0.544582593565681
LV7008886695	non_damaged		GeoB25202_R1	95.3875	1	IG-D	SRPI	-0.903013491983992
LV7008886702	non_damaged		GeoB25202_R2	2.324	3	IG-A	SRPI	-0.291376907389087
LV7008886703	non_damaged		GeoB25202_R1	27.6855	5	G-A	SRPI	-0.0719271282074249
LV7008886704	non_damaged		GeoB25202_R2	53.875	4	IG-B	SRPI	-0.166814141172786
LV7008886705	non_damaged		GeoB25202_R1	59.738	4	IG-B	SRPI	-0.831959491044676
LV7008886706	non_damaged		GeoB25202_R1	79.0255	1	IG-D	SRPI	-0.792911699210345
LV7008886707	non_damaged		GeoB25202_R2	95.3875	1	IG-D	SRPI	-0.88394473343699
LV7008886708	non_damaged		GeoB25202_R1	109.6305	1	IG-D	SRPI	-1.06663387918136
LV7008886709	non_damaged		GeoB25202_R1	147.206	4	IG-B	SRPI	-1.36769079630327
LV7008886714	non_damaged		GeoB25202_R1	0.692	1	IG-D	SRPI	-0.378609661852391
LV7008886715	non_damaged		GeoB25202_R2	27.6855	5	G-A	SRPI	-0.0817548939333412
LV7008886717	non_damaged		GeoB25202_R2	59.738	4	IG-B	SRPI	-0.657678669029204
LV7008886718	non_damaged		GeoB25202_R2	79.0255	1	IG-D	SRPI	-0.605807406470931
LV7008886719	non_damaged		GeoB25202_R1	87.2825	1	IG-D	SRPI	-0.658069817054696
LV7008886720	non_damaged		GeoB25202_R2	109.6305	1	IG-D	SRPI	-1.05090576909214
LV7008886721	non_damaged		GeoB25202_R2	147.206	4	IG-B	SRPI	-0.459312298981935
LV7008886726	non_damaged		GeoB25202_R2	0.692	1	IG-D	SRPI	-0.619396376059549
LV7008886727	non_damaged		GeoB25202_R1	16.4375	3	IG-A	SRPI	-0.0402083020193704
LV7008886728	non_damaged		GeoB25202_R2	50.3555	5	G-A	SRPI	0.021703141513519
LV7008886730	non_damaged		GeoB25202_R1	75.351	1	IG-D	SRPI	-0.556670042244099
LV7008886731	non_damaged		GeoB25202_R2	87.2825	1	IG-D	SRPI	-0.802915371179813
LV7008886739	non_damaged		GeoB25202_R2	16.4375	3	IG-A	SRPI	0.0919639255474031
LV7008886740	non_damaged		GeoB25202_R1	43.105	4	IG-B	SRPI	-0.0249145968508438
LV7008886741	non_damaged		GeoB25202_R1	58.997	2	IG-E	SRPI	-1.59364219321285
LV7008886742	non_damaged		GeoB25202_R2	75.351	1	IG-D	SRPI	-0.558821763060472
LV7008886743	non_damaged		GeoB25202_R1	81.6705	1	IG-D	SRPI	-0.620172740303157
LV7008886744	non_damaged		GeoB25202_R1	105.5785	1	IG-D	SRPI	-1.10503554239751
LV7008886745	non_damaged		GeoB25202_R2	136.2775	4	IG-B	SRPI	-0.575386380679747
LV7008886751	non_damaged		GeoB25202_R1	7.1335	3	IG-A	SRPI	-0.30365566541825
LV7008886752	non_damaged		GeoB25202_R2	43.105	5	G-A	SRPI	-0.18884019371962
LV7008886753	non_damaged		GeoB25202_R2	58.997	4	IG-B	SRPI	-0.982161599739726
LV7008886754	non_damaged		GeoB25202_R1	71.8895	1	IG-D	SRPI	-0.702994944075695
LV7008886755	non_damaged		GeoB25202_R2	81.6705	1	IG-D	SRPI	-0.43296447356348
LV7008886756	non_damaged		GeoB25202_R2	105.5785	1	IG-D	SRPI	-0.96863242153363
LV7008886757	non_damaged		GeoB25202_R1	123.1195	2	IG-E	SRPI	-0.713370119711233
LV7008886763	non_damaged		GeoB25202_R2	7.1335	3	IG-A	SRPI	-0.874956937433626
LV7008886765	non_damaged		GeoB25202_R1	58.181	4	IG-B	SRPI	-0.662568058606035
LV7008886766	non_damaged		GeoB25202_R2	71.8895	1	IG-D	SRPI	-0.571551233958812
LV7008886768	non_damaged		GeoB25202_R1	102.2955	1	IG-D	SRPI	-0.753611708675293
LV7008886769	non_damaged		GeoB25202_R2	123.1195	2	IG-E	SRPI	-0.706076817502044
LV7008886776	non_damaged		GeoB25202_R1	36.607	5	G-A	SRPI	0.0942950300528272
LV7008886778	non_damaged		GeoB25202_R1	68.149	1	IG-D	SRPI	-0.200843237024672
LV7008886780	non_damaged		GeoB25202_R2	102.2955	1	IG-D	SRPI	-0.787621553561956
LV7008886781	non_damaged		GeoB25202_R1	120.0235	2	IG-E	SRPI	-0.363562924495359
