state	sample	module	core	age_kyr	state_label	index	centered	state_label_ref	state_label_source
1	LV3003046938	leiden3	ST8	11.169	state_03	OAP	96.0411374990917	state_03	IG-D
1	LV3003046938	leiden4	ST8	11.169	state_03	OAP	-37.5373989264546	state_03	IG-D
1	LV3003046938	leiden1	ST8	11.169	state_03	OAP	29.029399085086	state_03	IG-D
1	LV3003046938	leiden2	ST8	11.169	state_03	OAP	-26.434744314932	state_03	IG-D
1	LV3003046938	leiden6	ST8	11.169	state_03	OAP	-90.6671258524341	state_03	IG-D
1	LV3003046938	grey	ST8	11.169	state_03	OAP	29.5687325096427	state_03	IG-D
1	LV3003046939	leiden3	ST8	2.42	state_03	OAP	113.527373607363	state_03	IG-D
1	LV3003046939	leiden4	ST8	2.42	state_03	OAP	-147.912723043608	state_03	IG-D
1	LV3003046939	leiden1	ST8	2.42	state_03	OAP	74.2929394704126	state_03	IG-D
1	LV3003046939	leiden2	ST8	2.42	state_03	OAP	72.3452227003929	state_03	IG-D
1	LV3003046939	leiden6	ST8	2.42	state_03	OAP	-192.336575516916	state_03	IG-D
1	LV3003046939	grey	ST8	2.42	state_03	OAP	-17.849914655412	state_03	IG-D
1	LV3003046939	leiden5	ST8	2.42	state_03	OAP	97.9336774377678	state_03	IG-D
1	LV3003046952	leiden3	ST8	10.26	state_03	OAP	108.802148262643	state_03	IG-D
1	LV3003046952	leiden4	ST8	10.26	state_03	OAP	-53.960162410193	state_03	IG-D
1	LV3003046952	leiden2	ST8	10.26	state_03	OAP	38.0003495412818	state_03	IG-D
1	LV3003046952	leiden6	ST8	10.26	state_03	OAP	-63.2036097588371	state_03	IG-D
1	LV3003046952	leiden1	ST8	10.26	state_03	OAP	71.634338868752	state_03	IG-D
1	LV3003046952	grey	ST8	10.26	state_03	OAP	44.3769228606739	state_03	IG-D
1	LV3003046952	leiden5	ST8	10.26	state_03	OAP	-145.649987364321	state_03	IG-D
1	LV3003046953	leiden1	ST8	1.5215	state_03	OAP	146.84497300678	state_03	IG-D
1	LV3003046953	leiden3	ST8	1.5215	state_03	OAP	250.007249679464	state_03	IG-D
1	LV3003046953	leiden4	ST8	1.5215	state_03	OAP	-3.24275422389803	state_03	IG-D
1	LV3003046953	leiden2	ST8	1.5215	state_03	OAP	117.272904261951	state_03	IG-D
1	LV3003046953	leiden5	ST8	1.5215	state_03	OAP	150.40262806295	state_03	IG-D
1	LV3003046953	grey	ST8	1.5215	state_03	OAP	-343.170278171401	state_03	IG-D
1	LV3003046953	leiden6	ST8	1.5215	state_03	OAP	-318.114722615846	state_03	IG-D
1	LV3003046980	leiden3	ST8	8.056	state_03	OAP	30.8764751923501	state_03	IG-D
1	LV3003046980	leiden4	ST8	8.056	state_03	OAP	-183.63726972149	state_03	IG-D
1	LV3003046980	grey	ST8	8.056	state_03	OAP	23.2744514203979	state_03	IG-D
1	LV3003046980	leiden2	ST8	8.056	state_03	OAP	-63.6242373758164	state_03	IG-D
1	LV3003046980	leiden1	ST8	8.056	state_03	OAP	82.4418855439705	state_03	IG-D
1	LV3003046980	leiden5	ST8	8.056	state_03	OAP	-119.742575606629	state_03	IG-D
1	LV3003046980	leiden6	ST8	8.056	state_03	OAP	230.411270547217	state_03	IG-D
1	LV3003046995	leiden1	ST8	6.9705	state_03	OAP	48.4014230462063	state_03	IG-D
1	LV3003046995	leiden3	ST8	6.9705	state_03	OAP	105.217287012229	state_03	IG-D
1	LV3003046995	leiden4	ST8	6.9705	state_03	OAP	26.154050437542	state_03	IG-D
1	LV3003046995	leiden2	ST8	6.9705	state_03	OAP	54.1894091468829	state_03	IG-D
1	LV3003046995	grey	ST8	6.9705	state_03	OAP	-107.644281527341	state_03	IG-D
1	LV3003046995	leiden5	ST8	6.9705	state_03	OAP	-231.91737474768	state_03	IG-D
1	LV3003046995	leiden6	ST8	6.9705	state_03	OAP	105.599486632162	state_03	IG-D
1	LV3003047010	leiden3	ST8	13.676	state_03	OAP	-34.6369500167253	state_03	IG-D
1	LV3003047010	leiden4	ST8	13.676	state_03	OAP	-171.418893283736	state_03	IG-D
1	LV3003047010	leiden1	ST8	13.676	state_03	OAP	31.9687312713386	state_03	IG-D
1	LV3003047010	leiden6	ST8	13.676	state_03	OAP	59.1633585185574	state_03	IG-D
1	LV3003047010	grey	ST8	13.676	state_03	OAP	6.20087700451188	state_03	IG-D
1	LV3003047010	leiden2	ST8	13.676	state_03	OAP	-68.207321792365	state_03	IG-D
1	LV3003047010	leiden5	ST8	13.676	state_03	OAP	176.930198298419	state_03	IG-D
1	LV3003047013	leiden1	ST8	5.885	state_03	OAP	83.0909142476612	state_03	IG-D
1	LV3003047013	leiden3	ST8	5.885	state_03	OAP	71.8195815906581	state_03	IG-D
1	LV3003047013	leiden4	ST8	5.885	state_03	OAP	-207.851706151295	state_03	IG-D
1	LV3003047013	leiden2	ST8	5.885	state_03	OAP	-8.35688403779841	state_03	IG-D
1	LV3003047013	grey	ST8	5.885	state_03	OAP	54.0074907472397	state_03	IG-D
1	LV3003047013	leiden5	ST8	5.885	state_03	OAP	-13.5764007256286	state_03	IG-D
1	LV3003047013	leiden6	ST8	5.885	state_03	OAP	20.8670043291626	state_03	IG-D
1	LV3003047027	leiden3	ST8	12.877	state_03	OAP	137.977659136886	state_03	IG-D
1	LV3003047027	leiden4	ST8	12.877	state_03	OAP	-29.2028121481587	state_03	IG-D
1	LV3003047027	leiden1	ST8	12.877	state_03	OAP	57.7075822933463	state_03	IG-D
1	LV3003047027	leiden2	ST8	12.877	state_03	OAP	76.3806931333842	state_03	IG-D
1	LV3003047027	leiden6	ST8	12.877	state_03	OAP	-16.8915078969919	state_03	IG-D
1	LV3003047027	grey	ST8	12.877	state_03	OAP	66.6082390344045	state_03	IG-D
1	LV3003047027	leiden5	ST8	12.877	state_03	OAP	-292.579853552871	state_03	IG-D
1	LV3003047045	leiden1	ST8	3.5865	state_03	OAP	89.1758896316201	state_03	IG-D
1	LV3003047045	leiden3	ST8	3.5865	state_03	OAP	177.409964322931	state_03	IG-D
1	LV3003047045	leiden4	ST8	3.5865	state_03	OAP	-57.9624991733873	state_03	IG-D
1	LV3003047045	leiden2	ST8	3.5865	state_03	OAP	143.215529154805	state_03	IG-D
1	LV3003047045	leiden6	ST8	3.5865	state_03	OAP	-75.1031487715067	state_03	IG-D
1	LV3003047045	grey	ST8	3.5865	state_03	OAP	120.742161290052	state_03	IG-D
1	LV3003047045	leiden5	ST8	3.5865	state_03	OAP	-397.477896454513	state_03	IG-D
1	LV3003047079	leiden3	ST8	97.52	state_03	OAP	74.1088387458158	state_03	IG-D
1	LV3003047079	leiden4	ST8	97.52	state_03	OAP	-23.0927522057506	state_03	IG-D
1	LV3003047079	grey	ST8	97.52	state_03	OAP	-263.523760567847	state_03	IG-D
1	LV3003047079	leiden5	ST8	97.52	state_03	OAP	-582.32069953556	state_03	IG-D
1	LV3003047079	leiden2	ST8	97.52	state_03	OAP	205.902364778394	state_03	IG-D
1	LV3003047079	leiden1	ST8	97.52	state_03	OAP	179.030258701499	state_03	IG-D
1	LV3003047079	leiden6	ST8	97.52	state_03	OAP	409.895750083448	state_03	IG-D
1	LV3003047080	leiden4	ST8	87.9935	state_03	OAP	11.8385018165084	state_03	IG-D
1	LV3003047080	leiden1	ST8	87.9935	state_03	OAP	265.83862388587	state_03	IG-D
1	LV3003047080	leiden3	ST8	87.9935	state_03	OAP	16.9241792077815	state_03	IG-D
1	LV3003047080	leiden5	ST8	87.9935	state_03	OAP	-412.066611818342	state_03	IG-D
1	LV3003047080	grey	ST8	87.9935	state_03	OAP	-95.1739964343901	state_03	IG-D
1	LV3003047080	leiden2	ST8	87.9935	state_03	OAP	212.639303342572	state_03	IG-D
1	LV3003047091	leiden4	ST8	89.37525	state_03	OAP	101.060638821575	state_03	IG-D
1	LV3003047091	leiden5	ST8	89.37525	state_03	OAP	-408.498600492854	state_03	IG-D
1	LV3003047091	grey	ST8	89.37525	state_03	OAP	199.979062788811	state_03	IG-D
1	LV3003047091	leiden3	ST8	89.37525	state_03	OAP	232.603536203718	state_03	IG-D
1	LV3003047091	leiden2	ST8	89.37525	state_03	OAP	241.895704331586	state_03	IG-D
1	LV3003047091	leiden1	ST8	89.37525	state_03	OAP	-367.040341652837	state_03	IG-D
1	LV3003047093	leiden3	ST8	79.675	state_03	OAP	100.461298930297	state_03	IG-D
1	LV3003047093	leiden4	ST8	79.675	state_03	OAP	59.0514528633942	state_03	IG-D
1	LV3003047093	leiden1	ST8	79.675	state_03	OAP	163.770703094334	state_03	IG-D
1	LV3003047093	grey	ST8	79.675	state_03	OAP	-158.967592375226	state_03	IG-D
1	LV3003047093	leiden5	ST8	79.675	state_03	OAP	-481.199242014267	state_03	IG-D
1	LV3003047093	leiden2	ST8	79.675	state_03	OAP	316.883379501468	state_03	IG-D
1	LV3003047100	leiden3	ST8	86.61175	state_03	OAP	62.5444925774426	state_03	IG-D
1	LV3003047100	leiden4	ST8	86.61175	state_03	OAP	48.4059549966601	state_03	IG-D
1	LV3003047100	leiden5	ST8	86.61175	state_03	OAP	-481.860011832596	state_03	IG-D
1	LV3003047100	grey	ST8	86.61175	state_03	OAP	-67.9445434661739	state_03	IG-D
1	LV3003047100	leiden2	ST8	86.61175	state_03	OAP	218.736522508358	state_03	IG-D
1	LV3003047100	leiden1	ST8	86.61175	state_03	OAP	220.117585216309	state_03	IG-D
1	LV3003047101	leiden4	ST8	85.23	state_03	OAP	-41.1042596719836	state_03	IG-D
1	LV3003047101	leiden1	ST8	85.23	state_03	OAP	293.365434767412	state_03	IG-D
1	LV3003047101	grey	ST8	85.23	state_03	OAP	52.9965545428902	state_03	IG-D
1	LV3003047101	leiden2	ST8	85.23	state_03	OAP	207.65305778325	state_03	IG-D
1	LV3003047101	leiden3	ST8	85.23	state_03	OAP	36.6688846112158	state_03	IG-D
1	LV3003047101	leiden5	ST8	85.23	state_03	OAP	-549.579672032784	state_03	IG-D
1	LV3003047107	leiden4	ST8	71.517	state_03	OAP	50.0249820978514	state_03	IG-D
1	LV3003047107	leiden3	ST8	71.517	state_03	OAP	76.0184617988096	state_03	IG-D
1	LV3003047107	leiden5	ST8	71.517	state_03	OAP	-514.615194693204	state_03	IG-D
1	LV3003047107	leiden2	ST8	71.517	state_03	OAP	226.53712529939	state_03	IG-D
1	LV3003047107	grey	ST8	71.517	state_03	OAP	-110.836741051528	state_03	IG-D
1	LV3003047107	leiden1	ST8	71.517	state_03	OAP	267.746204319377	state_03	IG-D
1	LV3003047107	leiden6	ST8	71.517	state_03	OAP	5.12516222930378	state_03	IG-D
1	LV3003047133	leiden3	ST8	70.162	state_03	OAP	82.1529342703317	state_03	IG-D
1	LV3003047133	leiden4	ST8	70.162	state_03	OAP	12.7954151240325	state_03	IG-D
1	LV3003047133	leiden6	ST8	70.162	state_03	OAP	288.253031027019	state_03	IG-D
1	LV3003047133	leiden2	ST8	70.162	state_03	OAP	166.473888327272	state_03	IG-D
1	LV3003047133	grey	ST8	70.162	state_03	OAP	-258.884441005167	state_03	IG-D
1	LV3003047133	leiden5	ST8	70.162	state_03	OAP	-489.976374805932	state_03	IG-D
1	LV3003047133	leiden1	ST8	70.162	state_03	OAP	199.185547062443	state_03	IG-D
1	LV3003047134	leiden1	ST8	68.807	state_03	OAP	216.900983183754	state_03	IG-D
1	LV3003047134	leiden3	ST8	68.807	state_03	OAP	99.7425842822263	state_03	IG-D
1	LV3003047134	leiden4	ST8	68.807	state_03	OAP	-3.62551202072768	state_03	IG-D
1	LV3003047134	leiden5	ST8	68.807	state_03	OAP	-577.532610576126	state_03	IG-D
1	LV3003047134	leiden2	ST8	68.807	state_03	OAP	113.992548776278	state_03	IG-D
1	LV3003047134	grey	ST8	68.807	state_03	OAP	150.522006354595	state_03	IG-D
1	LV3003047136	leiden3	ST8	67.8766	state_03	OAP	71.002512572417	state_03	IG-D
1	LV3003047136	leiden4	ST8	67.8766	state_03	OAP	54.1567656026319	state_03	IG-D
1	LV3003047136	leiden5	ST8	67.8766	state_03	OAP	-578.811194188308	state_03	IG-D
1	LV3003047136	leiden2	ST8	67.8766	state_03	OAP	141.951396504031	state_03	IG-D
1	LV3003047136	leiden1	ST8	67.8766	state_03	OAP	186.875269991624	state_03	IG-D
1	LV3003047136	grey	ST8	67.8766	state_03	OAP	124.825249517605	state_03	IG-D
1	LV3003047137	leiden4	ST8	66.9462	state_03	OAP	-48.4436333741891	state_03	IG-D
1	LV3003047137	leiden3	ST8	66.9462	state_03	OAP	-75.3523149422594	state_03	IG-D
1	LV3003047137	leiden5	ST8	66.9462	state_03	OAP	-368.130928237111	state_03	IG-D
1	LV3003047137	leiden2	ST8	66.9462	state_03	OAP	219.325899601348	state_03	IG-D
1	LV3003047137	grey	ST8	66.9462	state_03	OAP	23.0997449565884	state_03	IG-D
1	LV3003047137	leiden1	ST8	66.9462	state_03	OAP	311.238972029627	state_03	IG-D
1	LV3003047137	leiden6	ST8	66.9462	state_03	OAP	-61.7377400340047	state_03	IG-D
1	LV3003047138	leiden4	ST8	66.0158	state_03	OAP	28.325907807827	state_03	IG-D
1	LV3003047138	leiden5	ST8	66.0158	state_03	OAP	-475.254761854238	state_03	IG-D
1	LV3003047138	grey	ST8	66.0158	state_03	OAP	-259.097241269055	state_03	IG-D
1	LV3003047138	leiden3	ST8	66.0158	state_03	OAP	73.9385232376589	state_03	IG-D
1	LV3003047138	leiden2	ST8	66.0158	state_03	OAP	156.349279948078	state_03	IG-D
1	LV3003047138	leiden1	ST8	66.0158	state_03	OAP	195.129822914221	state_03	IG-D
1	LV3003047138	leiden6	ST8	66.0158	state_03	OAP	280.608469215508	state_03	IG-D
1	LV3003061474	leiden1	ST13	77.7798	state_03	OAP	-14.8252889888411	state_03	IG-D
1	LV3003061474	leiden2	ST13	77.7798	state_03	OAP	86.4411050110932	state_03	IG-D
1	LV3003061474	leiden3	ST13	77.7798	state_03	OAP	-12.7346353603464	state_03	IG-D
1	LV3003061474	leiden4	ST13	77.7798	state_03	OAP	-177.148028884938	state_03	IG-D
1	LV3003061474	leiden6	ST13	77.7798	state_03	OAP	310.391643593511	state_03	IG-D
1	LV3003061474	leiden5	ST13	77.7798	state_03	OAP	-111.177221406737	state_03	IG-D
1	LV3003061474	grey	ST13	77.7798	state_03	OAP	-80.9475739637411	state_03	IG-D
1	LV3003061485	leiden1	ST13	75.7796	state_03	OAP	15.1741171344474	state_03	IG-D
1	LV3003061485	leiden3	ST13	75.7796	state_03	OAP	15.6403581019951	state_03	IG-D
1	LV3003061485	leiden4	ST13	75.7796	state_03	OAP	-230.231836278344	state_03	IG-D
1	LV3003061485	leiden2	ST13	75.7796	state_03	OAP	2.74543540761897	state_03	IG-D
1	LV3003061485	leiden6	ST13	75.7796	state_03	OAP	222.804070429467	state_03	IG-D
1	LV3003061485	leiden5	ST13	75.7796	state_03	OAP	23.0647453901421	state_03	IG-D
1	LV3003061485	grey	ST13	75.7796	state_03	OAP	-49.1968901853264	state_03	IG-D
1	LV3003061500	leiden2	ST13	148.086	state_03	OAP	301.25027973401	state_03	IG-D
1	LV3003061500	leiden4	ST13	148.086	state_03	OAP	8.57646380532162	state_03	IG-D
1	LV3003061500	leiden1	ST13	148.086	state_03	OAP	-9.69341898240668	state_03	IG-D
1	LV3003061500	leiden5	ST13	148.086	state_03	OAP	-233.278768526995	state_03	IG-D
1	LV3003061500	leiden3	ST13	148.086	state_03	OAP	-208.117396764975	state_03	IG-D
1	LV3003061500	grey	ST13	148.086	state_03	OAP	-354.470526615332	state_03	IG-D
1	LV3003061500	leiden6	ST13	148.086	state_03	OAP	495.733367350378	state_03	IG-D
1	LV3003061501	leiden3	ST13	105.5872	state_03	OAP	-79.1249918567272	state_03	IG-D
1	LV3003061501	leiden4	ST13	105.5872	state_03	OAP	-166.933555035701	state_03	IG-D
1	LV3003061501	leiden2	ST13	105.5872	state_03	OAP	109.436029815563	state_03	IG-D
1	LV3003061501	leiden6	ST13	105.5872	state_03	OAP	-113.795708580039	state_03	IG-D
1	LV3003061501	leiden5	ST13	105.5872	state_03	OAP	-172.647345981105	state_03	IG-D
1	LV3003061501	leiden1	ST13	105.5872	state_03	OAP	267.000541827236	state_03	IG-D
1	LV3003061501	grey	ST13	105.5872	state_03	OAP	156.065029810773	state_03	IG-D
1	LV3003061503	leiden1	ST13	73.1472	state_03	OAP	-16.8766062515284	state_03	IG-D
1	LV3003061503	leiden2	ST13	73.1472	state_03	OAP	17.1149903604661	state_03	IG-D
1	LV3003061503	leiden3	ST13	73.1472	state_03	OAP	-3.50569891025032	state_03	IG-D
1	LV3003061503	leiden4	ST13	73.1472	state_03	OAP	-226.805551312582	state_03	IG-D
1	LV3003061503	leiden6	ST13	73.1472	state_03	OAP	170.84846836366	state_03	IG-D
1	LV3003061503	leiden5	ST13	73.1472	state_03	OAP	-75.5916901708343	state_03	IG-D
1	LV3003061503	grey	ST13	73.1472	state_03	OAP	134.81608792107	state_03	IG-D
1	LV3003061514	leiden2	ST13	100.6726	state_03	OAP	11.3428316605726	state_03	IG-D
1	LV3003061514	leiden3	ST13	100.6726	state_03	OAP	-5.11983010145309	state_03	IG-D
1	LV3003061514	leiden4	ST13	100.6726	state_03	OAP	-171.775902024346	state_03	IG-D
1	LV3003061514	leiden1	ST13	100.6726	state_03	OAP	-19.3111013818896	state_03	IG-D
1	LV3003061514	leiden6	ST13	100.6726	state_03	OAP	38.2251248878687	state_03	IG-D
1	LV3003061514	grey	ST13	100.6726	state_03	OAP	-40.3081730332245	state_03	IG-D
1	LV3003061514	leiden5	ST13	100.6726	state_03	OAP	186.947049992473	state_03	IG-D
1	LV3003061515	leiden1	ST13	71.0012	state_03	OAP	31.1508825762771	state_03	IG-D
1	LV3003061515	leiden3	ST13	71.0012	state_03	OAP	61.3319566845198	state_03	IG-D
1	LV3003061515	leiden4	ST13	71.0012	state_03	OAP	-142.813554591889	state_03	IG-D
1	LV3003061515	leiden2	ST13	71.0012	state_03	OAP	24.4052644563657	state_03	IG-D
1	LV3003061515	leiden6	ST13	71.0012	state_03	OAP	35.8073856263371	state_03	IG-D
1	LV3003061515	grey	ST13	71.0012	state_03	OAP	16.9556548520046	state_03	IG-D
1	LV3003061515	leiden5	ST13	71.0012	state_03	OAP	-26.8375896036149	state_03	IG-D
1	LV3003061528	leiden3	ST13	95.118	state_03	OAP	37.7382378386956	state_03	IG-D
1	LV3003061528	leiden4	ST13	95.118	state_03	OAP	-166.229813522401	state_03	IG-D
1	LV3003061528	leiden2	ST13	95.118	state_03	OAP	51.5520564429212	state_03	IG-D
1	LV3003061528	leiden1	ST13	95.118	state_03	OAP	10.5979578927747	state_03	IG-D
1	LV3003061528	leiden5	ST13	95.118	state_03	OAP	-128.175880783216	state_03	IG-D
1	LV3003061528	grey	ST13	95.118	state_03	OAP	-84.7967801206264	state_03	IG-D
1	LV3003061528	leiden6	ST13	95.118	state_03	OAP	279.314222251853	state_03	IG-D
1	LV3003061529	leiden1	ST13	66.015	state_03	OAP	-61.2703975171803	state_03	IG-D
1	LV3003061529	leiden2	ST13	66.015	state_03	OAP	-12.2251951443442	state_03	IG-D
1	LV3003061529	leiden3	ST13	66.015	state_03	OAP	28.9169728161252	state_03	IG-D
1	LV3003061529	leiden4	ST13	66.015	state_03	OAP	-202.378135247469	state_03	IG-D
1	LV3003061529	leiden5	ST13	66.015	state_03	OAP	43.2248007942715	state_03	IG-D
1	LV3003061529	grey	ST13	66.015	state_03	OAP	71.222711747254	state_03	IG-D
1	LV3003061529	leiden6	ST13	66.015	state_03	OAP	132.509242551344	state_03	IG-D
1	LV3003061541	leiden3	ST13	91.09	state_03	OAP	-123.032787924302	state_03	IG-D
1	LV3003061541	leiden4	ST13	91.09	state_03	OAP	-90.1845288919706	state_03	IG-D
1	LV3003061541	leiden5	ST13	91.09	state_03	OAP	-575.728178718658	state_03	IG-D
1	LV3003061541	leiden6	ST13	91.09	state_03	OAP	416.897432468436	state_03	IG-D
1	LV3003061541	leiden2	ST13	91.09	state_03	OAP	212.614280790632	state_03	IG-D
1	LV3003061541	grey	ST13	91.09	state_03	OAP	12.1609608163341	state_03	IG-D
1	LV3003061541	leiden1	ST13	91.09	state_03	OAP	147.272821459529	state_03	IG-D
1	LV3003061543	leiden1	ST13	62.293	state_03	OAP	56.5772918130224	state_03	IG-D
1	LV3003061543	leiden2	ST13	62.293	state_03	OAP	32.134606097247	state_03	IG-D
1	LV3003061543	leiden3	ST13	62.293	state_03	OAP	78.1287983298587	state_03	IG-D
1	LV3003061543	leiden4	ST13	62.293	state_03	OAP	-114.77342940312	state_03	IG-D
1	LV3003061543	leiden5	ST13	62.293	state_03	OAP	-394.925997115478	state_03	IG-D
1	LV3003061543	leiden6	ST13	62.293	state_03	OAP	156.411910878168	state_03	IG-D
1	LV3003061543	grey	ST13	62.293	state_03	OAP	186.446819400303	state_03	IG-D
1	LV3003061556	leiden2	ST13	86.6174	state_03	OAP	24.9430267105933	state_03	IG-D
1	LV3003061556	leiden3	ST13	86.6174	state_03	OAP	-84.7219519272239	state_03	IG-D
1	LV3003061556	leiden4	ST13	86.6174	state_03	OAP	-295.331008224419	state_03	IG-D
1	LV3003061556	leiden1	ST13	86.6174	state_03	OAP	184.852716789479	state_03	IG-D
1	LV3003061556	leiden5	ST13	86.6174	state_03	OAP	106.494936346389	state_03	IG-D
1	LV3003061556	grey	ST13	86.6174	state_03	OAP	-146.461370345653	state_03	IG-D
1	LV3003061556	leiden6	ST13	86.6174	state_03	OAP	210.223650650836	state_03	IG-D
1	LV3003061557	leiden3	ST13	58.082	state_03	OAP	124.74066873665	state_03	IG-D
1	LV3003061557	leiden4	ST13	58.082	state_03	OAP	-123.675479089511	state_03	IG-D
1	LV3003061557	leiden2	ST13	58.082	state_03	OAP	59.3596480007298	state_03	IG-D
1	LV3003061557	leiden6	ST13	58.082	state_03	OAP	164.195283234111	state_03	IG-D
1	LV3003061557	grey	ST13	58.082	state_03	OAP	-109.614515494702	state_03	IG-D
1	LV3003061557	leiden1	ST13	58.082	state_03	OAP	16.8967539406083	state_03	IG-D
1	LV3003061557	leiden5	ST13	58.082	state_03	OAP	-131.902359327887	state_03	IG-D
1	LV3003061569	leiden2	ST13	81.6946	state_03	OAP	115.648490270369	state_03	IG-D
1	LV3003061569	leiden3	ST13	81.6946	state_03	OAP	7.12972076983351	state_03	IG-D
1	LV3003061569	leiden4	ST13	81.6946	state_03	OAP	-139.609082272001	state_03	IG-D
1	LV3003061569	leiden1	ST13	81.6946	state_03	OAP	49.7666083504545	state_03	IG-D
1	LV3003061569	leiden5	ST13	81.6946	state_03	OAP	-132.781738109022	state_03	IG-D
1	LV3003061569	grey	ST13	81.6946	state_03	OAP	99.8460009903664	state_03	IG-D
1	LV7001898088	leiden1	ST13	6.031	state_03	OAP	-11.4000929989447	state_03	IG-D
1	LV7001898088	leiden3	ST13	6.031	state_03	OAP	74.3652279400906	state_03	IG-D
1	LV7001898088	leiden4	ST13	6.031	state_03	OAP	-328.079806099169	state_03	IG-D
1	LV7001898088	leiden2	ST13	6.031	state_03	OAP	18.1690826917941	state_03	IG-D
1	LV7001898088	leiden6	ST13	6.031	state_03	OAP	174.543991456667	state_03	IG-D
1	LV7001898088	leiden5	ST13	6.031	state_03	OAP	-33.1327907498139	state_03	IG-D
1	LV7001898088	grey	ST13	6.031	state_03	OAP	105.534387759375	state_03	IG-D
1	LV7001898100	leiden1	ST13	5.659	state_03	OAP	131.579448443949	state_03	IG-D
1	LV7001898100	leiden3	ST13	5.659	state_03	OAP	185.281783227575	state_03	IG-D
1	LV7001898100	leiden4	ST13	5.659	state_03	OAP	-180.685041313212	state_03	IG-D
1	LV7001898100	leiden2	ST13	5.659	state_03	OAP	83.6520957890969	state_03	IG-D
1	LV7001898100	grey	ST13	5.659	state_03	OAP	176.443413626732	state_03	IG-D
1	LV7001898100	leiden5	ST13	5.659	state_03	OAP	-14.7014963795972	state_03	IG-D
1	LV7001898100	leiden6	ST13	5.659	state_03	OAP	-381.570203394545	state_03	IG-D
1	LV7008886229	leiden2	GeoB25202_R2	68.149	state_03	OAP	65.5991463051419	state_03	IG-D
1	LV7008886229	leiden3	GeoB25202_R2	68.149	state_03	OAP	-41.5260554152669	state_03	IG-D
1	LV7008886229	leiden4	GeoB25202_R2	68.149	state_03	OAP	-147.04194029516	state_03	IG-D
1	LV7008886229	leiden1	GeoB25202_R2	68.149	state_03	OAP	17.0590123019884	state_03	IG-D
1	LV7008886229	leiden5	GeoB25202_R2	68.149	state_03	OAP	-111.601054654424	state_03	IG-D
1	LV7008886229	leiden6	GeoB25202_R2	68.149	state_03	OAP	158.315461332487	state_03	IG-D
1	LV7008886229	grey	GeoB25202_R2	68.149	state_03	OAP	59.1954304252332	state_03	IG-D
1	LV7008886695	leiden3	GeoB25202_R1	95.3875	state_03	OAP	-115.774502780435	state_03	IG-D
1	LV7008886695	leiden4	GeoB25202_R1	95.3875	state_03	OAP	-179.735702683737	state_03	IG-D
1	LV7008886695	leiden1	GeoB25202_R1	95.3875	state_03	OAP	19.5027549108554	state_03	IG-D
1	LV7008886695	grey	GeoB25202_R1	95.3875	state_03	OAP	84.4248951442862	state_03	IG-D
1	LV7008886695	leiden2	GeoB25202_R1	95.3875	state_03	OAP	94.3227433763453	state_03	IG-D
1	LV7008886695	leiden6	GeoB25202_R1	95.3875	state_03	OAP	349.132750925197	state_03	IG-D
1	LV7008886695	leiden5	GeoB25202_R1	95.3875	state_03	OAP	-251.872938892511	state_03	IG-D
1	LV7008886706	leiden3	GeoB25202_R1	79.0255	state_03	OAP	-26.8203837449762	state_03	IG-D
1	LV7008886706	leiden4	GeoB25202_R1	79.0255	state_03	OAP	-134.318276458017	state_03	IG-D
1	LV7008886706	leiden2	GeoB25202_R1	79.0255	state_03	OAP	111.719182211141	state_03	IG-D
1	LV7008886706	leiden1	GeoB25202_R1	79.0255	state_03	OAP	81.8487240724108	state_03	IG-D
1	LV7008886706	grey	GeoB25202_R1	79.0255	state_03	OAP	88.2636851853346	state_03	IG-D
1	LV7008886706	leiden5	GeoB25202_R1	79.0255	state_03	OAP	-120.692931265893	state_03	IG-D
1	LV7008886707	leiden1	GeoB25202_R2	95.3875	state_03	OAP	27.9504428238596	state_03	IG-D
1	LV7008886707	leiden3	GeoB25202_R2	95.3875	state_03	OAP	-133.029161733908	state_03	IG-D
1	LV7008886707	leiden4	GeoB25202_R2	95.3875	state_03	OAP	-125.900073071678	state_03	IG-D
1	LV7008886707	grey	GeoB25202_R2	95.3875	state_03	OAP	119.021374807165	state_03	IG-D
1	LV7008886707	leiden5	GeoB25202_R2	95.3875	state_03	OAP	-195.6851136686	state_03	IG-D
1	LV7008886707	leiden2	GeoB25202_R2	95.3875	state_03	OAP	137.954932234733	state_03	IG-D
1	LV7008886707	leiden6	GeoB25202_R2	95.3875	state_03	OAP	169.687598608427	state_03	IG-D
1	LV7008886708	leiden3	GeoB25202_R1	109.6305	state_03	OAP	-69.3077119120424	state_03	IG-D
1	LV7008886708	leiden4	GeoB25202_R1	109.6305	state_03	OAP	-63.4218371107228	state_03	IG-D
1	LV7008886708	grey	GeoB25202_R1	109.6305	state_03	OAP	166.033528330623	state_03	IG-D
1	LV7008886708	leiden5	GeoB25202_R1	109.6305	state_03	OAP	-192.381940670947	state_03	IG-D
1	LV7008886708	leiden2	GeoB25202_R1	109.6305	state_03	OAP	123.824218171841	state_03	IG-D
1	LV7008886708	leiden6	GeoB25202_R1	109.6305	state_03	OAP	-105.478744407293	state_03	IG-D
1	LV7008886708	leiden1	GeoB25202_R1	109.6305	state_03	OAP	140.73248759854	state_03	IG-D
1	LV7008886714	leiden1	GeoB25202_R1	0.692	state_03	OAP	38.8484488202541	state_03	IG-D
1	LV7008886714	leiden3	GeoB25202_R1	0.692	state_03	OAP	267.799629972003	state_03	IG-D
1	LV7008886714	leiden4	GeoB25202_R1	0.692	state_03	OAP	-79.0390849987217	state_03	IG-D
1	LV7008886714	leiden2	GeoB25202_R1	0.692	state_03	OAP	71.4883380461146	state_03	IG-D
1	LV7008886714	leiden5	GeoB25202_R1	0.692	state_03	OAP	-35.7645275945	state_03	IG-D
1	LV7008886714	leiden6	GeoB25202_R1	0.692	state_03	OAP	-263.33280424515	state_03	IG-D
1	LV7008886718	leiden3	GeoB25202_R2	79.0255	state_03	OAP	-36.3828615257147	state_03	IG-D
1	LV7008886718	leiden4	GeoB25202_R2	79.0255	state_03	OAP	-187.503757165521	state_03	IG-D
1	LV7008886718	leiden1	GeoB25202_R2	79.0255	state_03	OAP	42.9991076409153	state_03	IG-D
1	LV7008886718	grey	GeoB25202_R2	79.0255	state_03	OAP	13.1534007782996	state_03	IG-D
1	LV7008886718	leiden6	GeoB25202_R2	79.0255	state_03	OAP	302.478528065848	state_03	IG-D
1	LV7008886718	leiden2	GeoB25202_R2	79.0255	state_03	OAP	90.5261943967131	state_03	IG-D
1	LV7008886718	leiden5	GeoB25202_R2	79.0255	state_03	OAP	-225.27061219054	state_03	IG-D
1	LV7008886719	leiden3	GeoB25202_R1	87.2825	state_03	OAP	-46.6249651805805	state_03	IG-D
1	LV7008886719	leiden4	GeoB25202_R1	87.2825	state_03	OAP	-230.570272637627	state_03	IG-D
1	LV7008886719	grey	GeoB25202_R1	87.2825	state_03	OAP	41.7792816959873	state_03	IG-D
1	LV7008886719	leiden2	GeoB25202_R1	87.2825	state_03	OAP	78.3773721740928	state_03	IG-D
1	LV7008886719	leiden1	GeoB25202_R1	87.2825	state_03	OAP	99.047927996479	state_03	IG-D
1	LV7008886719	leiden5	GeoB25202_R1	87.2825	state_03	OAP	-242.917552841932	state_03	IG-D
1	LV7008886719	leiden6	GeoB25202_R1	87.2825	state_03	OAP	300.90820879358	state_03	IG-D
1	LV7008886720	leiden3	GeoB25202_R2	109.6305	state_03	OAP	25.1801396247927	state_03	IG-D
1	LV7008886720	leiden4	GeoB25202_R2	109.6305	state_03	OAP	-43.1453663287842	state_03	IG-D
1	LV7008886720	leiden1	GeoB25202_R2	109.6305	state_03	OAP	184.927519072443	state_03	IG-D
1	LV7008886720	grey	GeoB25202_R2	109.6305	state_03	OAP	199.188739846573	state_03	IG-D
1	LV7008886720	leiden5	GeoB25202_R2	109.6305	state_03	OAP	-497.220816663197	state_03	IG-D
1	LV7008886720	leiden2	GeoB25202_R2	109.6305	state_03	OAP	165.900883811707	state_03	IG-D
1	LV7008886720	leiden6	GeoB25202_R2	109.6305	state_03	OAP	-34.8310993635351	state_03	IG-D
1	LV7008886726	leiden3	GeoB25202_R2	0.692	state_03	OAP	202.125428302146	state_03	IG-D
1	LV7008886726	leiden4	GeoB25202_R2	0.692	state_03	OAP	-102.10808995436	state_03	IG-D
1	LV7008886726	grey	GeoB25202_R2	0.692	state_03	OAP	151.051616069547	state_03	IG-D
1	LV7008886726	leiden2	GeoB25202_R2	0.692	state_03	OAP	66.2476993590203	state_03	IG-D
1	LV7008886726	leiden5	GeoB25202_R2	0.692	state_03	OAP	14.52787575331	state_03	IG-D
1	LV7008886726	leiden1	GeoB25202_R2	0.692	state_03	OAP	24.5280003377718	state_03	IG-D
1	LV7008886726	leiden6	GeoB25202_R2	0.692	state_03	OAP	-356.372529867435	state_03	IG-D
1	LV7008886730	leiden3	GeoB25202_R1	75.351	state_03	OAP	-49.0075579041671	state_03	IG-D
1	LV7008886730	leiden4	GeoB25202_R1	75.351	state_03	OAP	-156.602576026502	state_03	IG-D
1	LV7008886730	leiden1	GeoB25202_R1	75.351	state_03	OAP	59.9525762783301	state_03	IG-D
1	LV7008886730	leiden2	GeoB25202_R1	75.351	state_03	OAP	93.614746513764	state_03	IG-D
1	LV7008886730	grey	GeoB25202_R1	75.351	state_03	OAP	55.9243189678767	state_03	IG-D
1	LV7008886730	leiden6	GeoB25202_R1	75.351	state_03	OAP	171.361516803089	state_03	IG-D
1	LV7008886730	leiden5	GeoB25202_R1	75.351	state_03	OAP	-175.243024632391	state_03	IG-D
1	LV7008886731	leiden2	GeoB25202_R2	87.2825	state_03	OAP	100.900450939644	state_03	IG-D
1	LV7008886731	leiden3	GeoB25202_R2	87.2825	state_03	OAP	-52.7747242815652	state_03	IG-D
1	LV7008886731	leiden4	GeoB25202_R2	87.2825	state_03	OAP	-159.467587001384	state_03	IG-D
1	LV7008886731	leiden1	GeoB25202_R2	87.2825	state_03	OAP	38.6321212209371	state_03	IG-D
1	LV7008886731	grey	GeoB25202_R2	87.2825	state_03	OAP	155.443205041665	state_03	IG-D
1	LV7008886731	leiden5	GeoB25202_R2	87.2825	state_03	OAP	-218.167684520471	state_03	IG-D
1	LV7008886731	leiden6	GeoB25202_R2	87.2825	state_03	OAP	135.434218601174	state_03	IG-D
1	LV7008886742	leiden1	GeoB25202_R2	75.351	state_03	OAP	72.4866596328284	state_03	IG-D
1	LV7008886742	leiden2	GeoB25202_R2	75.351	state_03	OAP	91.7414081869844	state_03	IG-D
1	LV7008886742	leiden3	GeoB25202_R2	75.351	state_03	OAP	-77.1012463927386	state_03	IG-D
1	LV7008886742	leiden4	GeoB25202_R2	75.351	state_03	OAP	-138.612067188788	state_03	IG-D
1	LV7008886742	grey	GeoB25202_R2	75.351	state_03	OAP	58.3964624666138	state_03	IG-D
1	LV7008886742	leiden5	GeoB25202_R2	75.351	state_03	OAP	-110.154916519462	state_03	IG-D
1	LV7008886742	leiden6	GeoB25202_R2	75.351	state_03	OAP	103.243699814562	state_03	IG-D
1	LV7008886743	leiden3	GeoB25202_R1	81.6705	state_03	OAP	-93.7463058267847	state_03	IG-D
1	LV7008886743	leiden4	GeoB25202_R1	81.6705	state_03	OAP	-101.652317870838	state_03	IG-D
1	LV7008886743	grey	GeoB25202_R1	81.6705	state_03	OAP	161.677826635477	state_03	IG-D
1	LV7008886743	leiden1	GeoB25202_R1	81.6705	state_03	OAP	118.617182260261	state_03	IG-D
1	LV7008886743	leiden5	GeoB25202_R1	81.6705	state_03	OAP	-249.065871685031	state_03	IG-D
1	LV7008886743	leiden2	GeoB25202_R1	81.6705	state_03	OAP	164.169486486916	state_03	IG-D
1	LV7008886744	leiden3	GeoB25202_R1	105.5785	state_03	OAP	-15.7745348518893	state_03	IG-D
1	LV7008886744	leiden4	GeoB25202_R1	105.5785	state_03	OAP	-51.0221215931094	state_03	IG-D
1	LV7008886744	leiden5	GeoB25202_R1	105.5785	state_03	OAP	-348.533955434873	state_03	IG-D
1	LV7008886744	leiden1	GeoB25202_R1	105.5785	state_03	OAP	271.752849874534	state_03	IG-D
1	LV7008886744	grey	GeoB25202_R1	105.5785	state_03	OAP	170.302117068829	state_03	IG-D
1	LV7008886744	leiden2	GeoB25202_R1	105.5785	state_03	OAP	211.463840913723	state_03	IG-D
1	LV7008886744	leiden6	GeoB25202_R1	105.5785	state_03	OAP	-238.188195977215	state_03	IG-D
1	LV7008886754	leiden3	GeoB25202_R1	71.8895	state_03	OAP	76.9580751856481	state_03	IG-D
1	LV7008886754	leiden4	GeoB25202_R1	71.8895	state_03	OAP	-77.9010516783847	state_03	IG-D
1	LV7008886754	leiden1	GeoB25202_R1	71.8895	state_03	OAP	60.1610742177501	state_03	IG-D
1	LV7008886754	grey	GeoB25202_R1	71.8895	state_03	OAP	86.6438094925427	state_03	IG-D
1	LV7008886754	leiden5	GeoB25202_R1	71.8895	state_03	OAP	-377.212954020308	state_03	IG-D
1	LV7008886754	leiden6	GeoB25202_R1	71.8895	state_03	OAP	167.147406425572	state_03	IG-D
1	LV7008886754	leiden2	GeoB25202_R1	71.8895	state_03	OAP	64.203640377179	state_03	IG-D
1	LV7008886755	leiden3	GeoB25202_R2	81.6705	state_03	OAP	20.7227060908164	state_03	IG-D
1	LV7008886755	leiden4	GeoB25202_R2	81.6705	state_03	OAP	-103.341232254853	state_03	IG-D
1	LV7008886755	leiden1	GeoB25202_R2	81.6705	state_03	OAP	-22.6558077390604	state_03	IG-D
1	LV7008886755	grey	GeoB25202_R2	81.6705	state_03	OAP	162.335798277768	state_03	IG-D
1	LV7008886755	leiden5	GeoB25202_R2	81.6705	state_03	OAP	-221.33004515714	state_03	IG-D
1	LV7008886755	leiden2	GeoB25202_R2	81.6705	state_03	OAP	164.26858078247	state_03	IG-D
1	LV7008886756	leiden3	GeoB25202_R2	105.5785	state_03	OAP	-72.6454168417718	state_03	IG-D
1	LV7008886756	leiden4	GeoB25202_R2	105.5785	state_03	OAP	-63.0765390718099	state_03	IG-D
1	LV7008886756	grey	GeoB25202_R2	105.5785	state_03	OAP	185.646336694499	state_03	IG-D
1	LV7008886756	leiden1	GeoB25202_R2	105.5785	state_03	OAP	56.7089709991313	state_03	IG-D
1	LV7008886756	leiden5	GeoB25202_R2	105.5785	state_03	OAP	16.5441880841579	state_03	IG-D
1	LV7008886756	leiden2	GeoB25202_R2	105.5785	state_03	OAP	165.240971788014	state_03	IG-D
1	LV7008886756	leiden6	GeoB25202_R2	105.5785	state_03	OAP	-288.418511652221	state_03	IG-D
1	LV7008886766	leiden2	GeoB25202_R2	71.8895	state_03	OAP	47.5190056228685	state_03	IG-D
1	LV7008886766	leiden3	GeoB25202_R2	71.8895	state_03	OAP	44.445941370775	state_03	IG-D
1	LV7008886766	leiden4	GeoB25202_R2	71.8895	state_03	OAP	-116.658967494559	state_03	IG-D
1	LV7008886766	leiden1	GeoB25202_R2	71.8895	state_03	OAP	24.4183120095209	state_03	IG-D
1	LV7008886766	leiden5	GeoB25202_R2	71.8895	state_03	OAP	-141.583868416897	state_03	IG-D
1	LV7008886766	leiden6	GeoB25202_R2	71.8895	state_03	OAP	74.3473252751628	state_03	IG-D
1	LV7008886766	grey	GeoB25202_R2	71.8895	state_03	OAP	67.5122516331285	state_03	IG-D
1	LV7008886768	leiden3	GeoB25202_R1	102.2955	state_03	OAP	-39.12297200719	state_03	IG-D
1	LV7008886768	leiden4	GeoB25202_R1	102.2955	state_03	OAP	-94.7292729577083	state_03	IG-D
1	LV7008886768	leiden1	GeoB25202_R1	102.2955	state_03	OAP	-81.2744559305872	state_03	IG-D
1	LV7008886768	grey	GeoB25202_R1	102.2955	state_03	OAP	109.781961502281	state_03	IG-D
1	LV7008886768	leiden2	GeoB25202_R1	102.2955	state_03	OAP	96.5020598342719	state_03	IG-D
1	LV7008886768	leiden5	GeoB25202_R1	102.2955	state_03	OAP	-99.333921208412	state_03	IG-D
1	LV7008886768	leiden6	GeoB25202_R1	102.2955	state_03	OAP	108.176600767345	state_03	IG-D
1	LV7008886778	leiden2	GeoB25202_R1	68.149	state_03	OAP	49.2344492497501	state_03	IG-D
1	LV7008886778	leiden3	GeoB25202_R1	68.149	state_03	OAP	81.7003314783881	state_03	IG-D
1	LV7008886778	leiden4	GeoB25202_R1	68.149	state_03	OAP	-156.11601990056	state_03	IG-D
1	LV7008886778	leiden1	GeoB25202_R1	68.149	state_03	OAP	-25.0983811043605	state_03	IG-D
1	LV7008886778	grey	GeoB25202_R1	68.149	state_03	OAP	86.2393036394813	state_03	IG-D
1	LV7008886778	leiden5	GeoB25202_R1	68.149	state_03	OAP	-209.780738333339	state_03	IG-D
1	LV7008886778	leiden6	GeoB25202_R1	68.149	state_03	OAP	173.82105497064	state_03	IG-D
1	LV7008886780	leiden3	GeoB25202_R2	102.2955	state_03	OAP	-44.3883634488694	state_03	IG-D
1	LV7008886780	leiden4	GeoB25202_R2	102.2955	state_03	OAP	-91.4983915441036	state_03	IG-D
1	LV7008886780	leiden2	GeoB25202_R2	102.2955	state_03	OAP	139.595626977131	state_03	IG-D
1	LV7008886780	leiden1	GeoB25202_R2	102.2955	state_03	OAP	67.9595999358741	state_03	IG-D
1	LV7008886780	grey	GeoB25202_R2	102.2955	state_03	OAP	108.879559482117	state_03	IG-D
1	LV7008886780	leiden5	GeoB25202_R2	102.2955	state_03	OAP	-180.548031402149	state_03	IG-D
1	LV3003046938	leiden3	ST8	11.169	state_03	MGI	0	state_03	IG-D
1	LV3003046938	leiden4	ST8	11.169	state_03	MGI	0	state_03	IG-D
1	LV3003046938	leiden1	ST8	11.169	state_03	MGI	0	state_03	IG-D
1	LV3003046938	leiden2	ST8	11.169	state_03	MGI	0	state_03	IG-D
1	LV3003046938	leiden6	ST8	11.169	state_03	MGI	0	state_03	IG-D
1	LV3003046938	grey	ST8	11.169	state_03	MGI	0	state_03	IG-D
1	LV3003046939	leiden3	ST8	2.42	state_03	MGI	0	state_03	IG-D
1	LV3003046939	leiden4	ST8	2.42	state_03	MGI	0	state_03	IG-D
1	LV3003046939	leiden1	ST8	2.42	state_03	MGI	0	state_03	IG-D
1	LV3003046939	leiden2	ST8	2.42	state_03	MGI	0	state_03	IG-D
1	LV3003046939	leiden6	ST8	2.42	state_03	MGI	0	state_03	IG-D
1	LV3003046939	grey	ST8	2.42	state_03	MGI	0	state_03	IG-D
1	LV3003046939	leiden5	ST8	2.42	state_03	MGI	0	state_03	IG-D
1	LV3003046952	leiden3	ST8	10.26	state_03	MGI	0	state_03	IG-D
1	LV3003046952	leiden4	ST8	10.26	state_03	MGI	0	state_03	IG-D
1	LV3003046952	leiden2	ST8	10.26	state_03	MGI	0	state_03	IG-D
1	LV3003046952	leiden6	ST8	10.26	state_03	MGI	0	state_03	IG-D
1	LV3003046952	leiden1	ST8	10.26	state_03	MGI	0	state_03	IG-D
1	LV3003046952	grey	ST8	10.26	state_03	MGI	0	state_03	IG-D
1	LV3003046952	leiden5	ST8	10.26	state_03	MGI	0	state_03	IG-D
1	LV3003046953	leiden1	ST8	1.5215	state_03	MGI	0	state_03	IG-D
1	LV3003046953	leiden3	ST8	1.5215	state_03	MGI	0	state_03	IG-D
1	LV3003046953	leiden4	ST8	1.5215	state_03	MGI	0	state_03	IG-D
1	LV3003046953	leiden2	ST8	1.5215	state_03	MGI	0	state_03	IG-D
1	LV3003046953	leiden5	ST8	1.5215	state_03	MGI	0	state_03	IG-D
1	LV3003046953	grey	ST8	1.5215	state_03	MGI	0	state_03	IG-D
1	LV3003046953	leiden6	ST8	1.5215	state_03	MGI	0	state_03	IG-D
1	LV3003046980	leiden3	ST8	8.056	state_03	MGI	0	state_03	IG-D
1	LV3003046980	leiden4	ST8	8.056	state_03	MGI	0	state_03	IG-D
1	LV3003046980	grey	ST8	8.056	state_03	MGI	0	state_03	IG-D
1	LV3003046980	leiden2	ST8	8.056	state_03	MGI	0	state_03	IG-D
1	LV3003046980	leiden1	ST8	8.056	state_03	MGI	0	state_03	IG-D
1	LV3003046980	leiden5	ST8	8.056	state_03	MGI	0	state_03	IG-D
1	LV3003046980	leiden6	ST8	8.056	state_03	MGI	0	state_03	IG-D
1	LV3003046995	leiden1	ST8	6.9705	state_03	MGI	0	state_03	IG-D
1	LV3003046995	leiden3	ST8	6.9705	state_03	MGI	0	state_03	IG-D
1	LV3003046995	leiden4	ST8	6.9705	state_03	MGI	0	state_03	IG-D
1	LV3003046995	leiden2	ST8	6.9705	state_03	MGI	0	state_03	IG-D
1	LV3003046995	grey	ST8	6.9705	state_03	MGI	0	state_03	IG-D
1	LV3003046995	leiden5	ST8	6.9705	state_03	MGI	0	state_03	IG-D
1	LV3003046995	leiden6	ST8	6.9705	state_03	MGI	0	state_03	IG-D
1	LV3003047010	leiden3	ST8	13.676	state_03	MGI	0	state_03	IG-D
1	LV3003047010	leiden4	ST8	13.676	state_03	MGI	0	state_03	IG-D
1	LV3003047010	leiden1	ST8	13.676	state_03	MGI	0	state_03	IG-D
1	LV3003047010	leiden6	ST8	13.676	state_03	MGI	0	state_03	IG-D
1	LV3003047010	grey	ST8	13.676	state_03	MGI	0	state_03	IG-D
1	LV3003047010	leiden2	ST8	13.676	state_03	MGI	0	state_03	IG-D
1	LV3003047010	leiden5	ST8	13.676	state_03	MGI	0	state_03	IG-D
1	LV3003047013	leiden1	ST8	5.885	state_03	MGI	0	state_03	IG-D
1	LV3003047013	leiden3	ST8	5.885	state_03	MGI	0	state_03	IG-D
1	LV3003047013	leiden4	ST8	5.885	state_03	MGI	0	state_03	IG-D
1	LV3003047013	leiden2	ST8	5.885	state_03	MGI	0	state_03	IG-D
1	LV3003047013	grey	ST8	5.885	state_03	MGI	0	state_03	IG-D
1	LV3003047013	leiden5	ST8	5.885	state_03	MGI	0	state_03	IG-D
1	LV3003047013	leiden6	ST8	5.885	state_03	MGI	0	state_03	IG-D
1	LV3003047027	leiden3	ST8	12.877	state_03	MGI	0	state_03	IG-D
1	LV3003047027	leiden4	ST8	12.877	state_03	MGI	0	state_03	IG-D
1	LV3003047027	leiden1	ST8	12.877	state_03	MGI	0	state_03	IG-D
1	LV3003047027	leiden2	ST8	12.877	state_03	MGI	0	state_03	IG-D
1	LV3003047027	leiden6	ST8	12.877	state_03	MGI	0	state_03	IG-D
1	LV3003047027	grey	ST8	12.877	state_03	MGI	0	state_03	IG-D
1	LV3003047027	leiden5	ST8	12.877	state_03	MGI	0	state_03	IG-D
1	LV3003047045	leiden1	ST8	3.5865	state_03	MGI	0	state_03	IG-D
1	LV3003047045	leiden3	ST8	3.5865	state_03	MGI	0	state_03	IG-D
1	LV3003047045	leiden4	ST8	3.5865	state_03	MGI	0	state_03	IG-D
1	LV3003047045	leiden2	ST8	3.5865	state_03	MGI	0	state_03	IG-D
1	LV3003047045	leiden6	ST8	3.5865	state_03	MGI	0	state_03	IG-D
1	LV3003047045	grey	ST8	3.5865	state_03	MGI	0	state_03	IG-D
1	LV3003047045	leiden5	ST8	3.5865	state_03	MGI	0	state_03	IG-D
1	LV3003047079	leiden3	ST8	97.52	state_03	MGI	0	state_03	IG-D
1	LV3003047079	leiden4	ST8	97.52	state_03	MGI	0	state_03	IG-D
1	LV3003047079	grey	ST8	97.52	state_03	MGI	0	state_03	IG-D
1	LV3003047079	leiden5	ST8	97.52	state_03	MGI	0	state_03	IG-D
1	LV3003047079	leiden2	ST8	97.52	state_03	MGI	0	state_03	IG-D
1	LV3003047079	leiden1	ST8	97.52	state_03	MGI	0	state_03	IG-D
1	LV3003047079	leiden6	ST8	97.52	state_03	MGI	0	state_03	IG-D
1	LV3003047080	leiden4	ST8	87.9935	state_03	MGI	0	state_03	IG-D
1	LV3003047080	leiden1	ST8	87.9935	state_03	MGI	0	state_03	IG-D
1	LV3003047080	leiden3	ST8	87.9935	state_03	MGI	0	state_03	IG-D
1	LV3003047080	leiden5	ST8	87.9935	state_03	MGI	0	state_03	IG-D
1	LV3003047080	grey	ST8	87.9935	state_03	MGI	0	state_03	IG-D
1	LV3003047080	leiden2	ST8	87.9935	state_03	MGI	0	state_03	IG-D
1	LV3003047091	leiden4	ST8	89.37525	state_03	MGI	0	state_03	IG-D
1	LV3003047091	leiden5	ST8	89.37525	state_03	MGI	0	state_03	IG-D
1	LV3003047091	grey	ST8	89.37525	state_03	MGI	0	state_03	IG-D
1	LV3003047091	leiden3	ST8	89.37525	state_03	MGI	0	state_03	IG-D
1	LV3003047091	leiden2	ST8	89.37525	state_03	MGI	0	state_03	IG-D
1	LV3003047091	leiden1	ST8	89.37525	state_03	MGI	0	state_03	IG-D
1	LV3003047093	leiden3	ST8	79.675	state_03	MGI	0	state_03	IG-D
1	LV3003047093	leiden4	ST8	79.675	state_03	MGI	0	state_03	IG-D
1	LV3003047093	leiden1	ST8	79.675	state_03	MGI	0	state_03	IG-D
1	LV3003047093	grey	ST8	79.675	state_03	MGI	0	state_03	IG-D
1	LV3003047093	leiden5	ST8	79.675	state_03	MGI	0	state_03	IG-D
1	LV3003047093	leiden2	ST8	79.675	state_03	MGI	0	state_03	IG-D
1	LV3003047100	leiden3	ST8	86.61175	state_03	MGI	0	state_03	IG-D
1	LV3003047100	leiden4	ST8	86.61175	state_03	MGI	0	state_03	IG-D
1	LV3003047100	leiden5	ST8	86.61175	state_03	MGI	0	state_03	IG-D
1	LV3003047100	grey	ST8	86.61175	state_03	MGI	0	state_03	IG-D
1	LV3003047100	leiden2	ST8	86.61175	state_03	MGI	0	state_03	IG-D
1	LV3003047100	leiden1	ST8	86.61175	state_03	MGI	0	state_03	IG-D
1	LV3003047100	leiden6	ST8	86.61175	state_03	MGI	0	state_03	IG-D
1	LV3003047101	leiden4	ST8	85.23	state_03	MGI	0	state_03	IG-D
1	LV3003047101	leiden1	ST8	85.23	state_03	MGI	0	state_03	IG-D
1	LV3003047101	grey	ST8	85.23	state_03	MGI	0	state_03	IG-D
1	LV3003047101	leiden2	ST8	85.23	state_03	MGI	0	state_03	IG-D
1	LV3003047101	leiden3	ST8	85.23	state_03	MGI	0	state_03	IG-D
1	LV3003047101	leiden5	ST8	85.23	state_03	MGI	0	state_03	IG-D
1	LV3003047107	leiden4	ST8	71.517	state_03	MGI	0	state_03	IG-D
1	LV3003047107	leiden3	ST8	71.517	state_03	MGI	0	state_03	IG-D
1	LV3003047107	leiden5	ST8	71.517	state_03	MGI	0	state_03	IG-D
1	LV3003047107	leiden2	ST8	71.517	state_03	MGI	0	state_03	IG-D
1	LV3003047107	grey	ST8	71.517	state_03	MGI	0	state_03	IG-D
1	LV3003047107	leiden1	ST8	71.517	state_03	MGI	0	state_03	IG-D
1	LV3003047107	leiden6	ST8	71.517	state_03	MGI	0	state_03	IG-D
1	LV3003047133	leiden3	ST8	70.162	state_03	MGI	0	state_03	IG-D
1	LV3003047133	leiden4	ST8	70.162	state_03	MGI	0	state_03	IG-D
1	LV3003047133	leiden6	ST8	70.162	state_03	MGI	0	state_03	IG-D
1	LV3003047133	leiden2	ST8	70.162	state_03	MGI	0	state_03	IG-D
1	LV3003047133	grey	ST8	70.162	state_03	MGI	0	state_03	IG-D
1	LV3003047133	leiden5	ST8	70.162	state_03	MGI	0	state_03	IG-D
1	LV3003047133	leiden1	ST8	70.162	state_03	MGI	0	state_03	IG-D
1	LV3003047134	leiden1	ST8	68.807	state_03	MGI	0	state_03	IG-D
1	LV3003047134	leiden3	ST8	68.807	state_03	MGI	0	state_03	IG-D
1	LV3003047134	leiden4	ST8	68.807	state_03	MGI	0	state_03	IG-D
1	LV3003047134	leiden5	ST8	68.807	state_03	MGI	0	state_03	IG-D
1	LV3003047134	leiden2	ST8	68.807	state_03	MGI	0	state_03	IG-D
1	LV3003047134	grey	ST8	68.807	state_03	MGI	0	state_03	IG-D
1	LV3003047134	leiden6	ST8	68.807	state_03	MGI	0	state_03	IG-D
1	LV3003047136	leiden3	ST8	67.8766	state_03	MGI	0	state_03	IG-D
1	LV3003047136	leiden4	ST8	67.8766	state_03	MGI	0	state_03	IG-D
1	LV3003047136	leiden5	ST8	67.8766	state_03	MGI	0	state_03	IG-D
1	LV3003047136	leiden2	ST8	67.8766	state_03	MGI	0	state_03	IG-D
1	LV3003047136	leiden1	ST8	67.8766	state_03	MGI	0	state_03	IG-D
1	LV3003047136	grey	ST8	67.8766	state_03	MGI	0	state_03	IG-D
1	LV3003047137	leiden4	ST8	66.9462	state_03	MGI	0	state_03	IG-D
1	LV3003047137	leiden3	ST8	66.9462	state_03	MGI	0	state_03	IG-D
1	LV3003047137	leiden5	ST8	66.9462	state_03	MGI	0	state_03	IG-D
1	LV3003047137	leiden2	ST8	66.9462	state_03	MGI	0	state_03	IG-D
1	LV3003047137	grey	ST8	66.9462	state_03	MGI	0	state_03	IG-D
1	LV3003047137	leiden1	ST8	66.9462	state_03	MGI	0	state_03	IG-D
1	LV3003047137	leiden6	ST8	66.9462	state_03	MGI	0	state_03	IG-D
1	LV3003047138	leiden4	ST8	66.0158	state_03	MGI	0	state_03	IG-D
1	LV3003047138	leiden5	ST8	66.0158	state_03	MGI	0	state_03	IG-D
1	LV3003047138	grey	ST8	66.0158	state_03	MGI	0	state_03	IG-D
1	LV3003047138	leiden3	ST8	66.0158	state_03	MGI	0	state_03	IG-D
1	LV3003047138	leiden2	ST8	66.0158	state_03	MGI	0	state_03	IG-D
1	LV3003047138	leiden1	ST8	66.0158	state_03	MGI	0	state_03	IG-D
1	LV3003047138	leiden6	ST8	66.0158	state_03	MGI	0	state_03	IG-D
1	LV3003061474	leiden1	ST13	77.7798	state_03	MGI	0	state_03	IG-D
1	LV3003061474	leiden2	ST13	77.7798	state_03	MGI	0	state_03	IG-D
1	LV3003061474	leiden3	ST13	77.7798	state_03	MGI	0	state_03	IG-D
1	LV3003061474	leiden4	ST13	77.7798	state_03	MGI	0	state_03	IG-D
1	LV3003061474	leiden6	ST13	77.7798	state_03	MGI	0	state_03	IG-D
1	LV3003061474	leiden5	ST13	77.7798	state_03	MGI	0	state_03	IG-D
1	LV3003061474	grey	ST13	77.7798	state_03	MGI	0	state_03	IG-D
1	LV3003061485	leiden1	ST13	75.7796	state_03	MGI	0	state_03	IG-D
1	LV3003061485	leiden3	ST13	75.7796	state_03	MGI	0	state_03	IG-D
1	LV3003061485	leiden4	ST13	75.7796	state_03	MGI	0	state_03	IG-D
1	LV3003061485	leiden2	ST13	75.7796	state_03	MGI	0	state_03	IG-D
1	LV3003061485	leiden6	ST13	75.7796	state_03	MGI	0	state_03	IG-D
1	LV3003061485	leiden5	ST13	75.7796	state_03	MGI	0	state_03	IG-D
1	LV3003061485	grey	ST13	75.7796	state_03	MGI	0	state_03	IG-D
1	LV3003061500	leiden2	ST13	148.086	state_03	MGI	-1.63409297714817	state_03	IG-D
1	LV3003061500	leiden4	ST13	148.086	state_03	MGI	-1.63409297714817	state_03	IG-D
1	LV3003061500	leiden1	ST13	148.086	state_03	MGI	-1.63409297714817	state_03	IG-D
1	LV3003061500	leiden5	ST13	148.086	state_03	MGI	9.80455786288902	state_03	IG-D
1	LV3003061500	leiden3	ST13	148.086	state_03	MGI	-1.63409297714817	state_03	IG-D
1	LV3003061500	grey	ST13	148.086	state_03	MGI	-1.63409297714817	state_03	IG-D
1	LV3003061500	leiden6	ST13	148.086	state_03	MGI	-1.63409297714817	state_03	IG-D
1	LV3003061501	leiden3	ST13	105.5872	state_03	MGI	0	state_03	IG-D
1	LV3003061501	leiden4	ST13	105.5872	state_03	MGI	0	state_03	IG-D
1	LV3003061501	leiden2	ST13	105.5872	state_03	MGI	0	state_03	IG-D
1	LV3003061501	leiden6	ST13	105.5872	state_03	MGI	0	state_03	IG-D
1	LV3003061501	leiden5	ST13	105.5872	state_03	MGI	0	state_03	IG-D
1	LV3003061501	leiden1	ST13	105.5872	state_03	MGI	0	state_03	IG-D
1	LV3003061501	grey	ST13	105.5872	state_03	MGI	0	state_03	IG-D
1	LV3003061503	leiden1	ST13	73.1472	state_03	MGI	0	state_03	IG-D
1	LV3003061503	leiden2	ST13	73.1472	state_03	MGI	0	state_03	IG-D
1	LV3003061503	leiden3	ST13	73.1472	state_03	MGI	0	state_03	IG-D
1	LV3003061503	leiden4	ST13	73.1472	state_03	MGI	0	state_03	IG-D
1	LV3003061503	leiden6	ST13	73.1472	state_03	MGI	0	state_03	IG-D
1	LV3003061503	leiden5	ST13	73.1472	state_03	MGI	0	state_03	IG-D
1	LV3003061503	grey	ST13	73.1472	state_03	MGI	0	state_03	IG-D
1	LV3003061514	leiden2	ST13	100.6726	state_03	MGI	0	state_03	IG-D
1	LV3003061514	leiden3	ST13	100.6726	state_03	MGI	0	state_03	IG-D
1	LV3003061514	leiden4	ST13	100.6726	state_03	MGI	0	state_03	IG-D
1	LV3003061514	leiden1	ST13	100.6726	state_03	MGI	0	state_03	IG-D
1	LV3003061514	leiden6	ST13	100.6726	state_03	MGI	0	state_03	IG-D
1	LV3003061514	grey	ST13	100.6726	state_03	MGI	0	state_03	IG-D
1	LV3003061514	leiden5	ST13	100.6726	state_03	MGI	0	state_03	IG-D
1	LV3003061515	leiden1	ST13	71.0012	state_03	MGI	0	state_03	IG-D
1	LV3003061515	leiden3	ST13	71.0012	state_03	MGI	0	state_03	IG-D
1	LV3003061515	leiden4	ST13	71.0012	state_03	MGI	0	state_03	IG-D
1	LV3003061515	leiden2	ST13	71.0012	state_03	MGI	0	state_03	IG-D
1	LV3003061515	leiden6	ST13	71.0012	state_03	MGI	0	state_03	IG-D
1	LV3003061515	grey	ST13	71.0012	state_03	MGI	0	state_03	IG-D
1	LV3003061515	leiden5	ST13	71.0012	state_03	MGI	0	state_03	IG-D
1	LV3003061528	leiden3	ST13	95.118	state_03	MGI	0	state_03	IG-D
1	LV3003061528	leiden4	ST13	95.118	state_03	MGI	0	state_03	IG-D
1	LV3003061528	leiden2	ST13	95.118	state_03	MGI	0	state_03	IG-D
1	LV3003061528	leiden1	ST13	95.118	state_03	MGI	0	state_03	IG-D
1	LV3003061528	leiden5	ST13	95.118	state_03	MGI	0	state_03	IG-D
1	LV3003061528	grey	ST13	95.118	state_03	MGI	0	state_03	IG-D
1	LV3003061528	leiden6	ST13	95.118	state_03	MGI	0	state_03	IG-D
1	LV3003061529	leiden1	ST13	66.015	state_03	MGI	0	state_03	IG-D
1	LV3003061529	leiden2	ST13	66.015	state_03	MGI	0	state_03	IG-D
1	LV3003061529	leiden3	ST13	66.015	state_03	MGI	0	state_03	IG-D
1	LV3003061529	leiden4	ST13	66.015	state_03	MGI	0	state_03	IG-D
1	LV3003061529	leiden5	ST13	66.015	state_03	MGI	0	state_03	IG-D
1	LV3003061529	grey	ST13	66.015	state_03	MGI	0	state_03	IG-D
1	LV3003061529	leiden6	ST13	66.015	state_03	MGI	0	state_03	IG-D
1	LV3003061541	leiden3	ST13	91.09	state_03	MGI	0	state_03	IG-D
1	LV3003061541	leiden4	ST13	91.09	state_03	MGI	0	state_03	IG-D
1	LV3003061541	leiden5	ST13	91.09	state_03	MGI	0	state_03	IG-D
1	LV3003061541	leiden6	ST13	91.09	state_03	MGI	0	state_03	IG-D
1	LV3003061541	leiden2	ST13	91.09	state_03	MGI	0	state_03	IG-D
1	LV3003061541	grey	ST13	91.09	state_03	MGI	0	state_03	IG-D
1	LV3003061541	leiden1	ST13	91.09	state_03	MGI	0	state_03	IG-D
1	LV3003061543	leiden1	ST13	62.293	state_03	MGI	0	state_03	IG-D
1	LV3003061543	leiden2	ST13	62.293	state_03	MGI	0	state_03	IG-D
1	LV3003061543	leiden3	ST13	62.293	state_03	MGI	0	state_03	IG-D
1	LV3003061543	leiden4	ST13	62.293	state_03	MGI	0	state_03	IG-D
1	LV3003061543	leiden5	ST13	62.293	state_03	MGI	0	state_03	IG-D
1	LV3003061543	leiden6	ST13	62.293	state_03	MGI	0	state_03	IG-D
1	LV3003061543	grey	ST13	62.293	state_03	MGI	0	state_03	IG-D
1	LV3003061556	leiden2	ST13	86.6174	state_03	MGI	0	state_03	IG-D
1	LV3003061556	leiden3	ST13	86.6174	state_03	MGI	0	state_03	IG-D
1	LV3003061556	leiden4	ST13	86.6174	state_03	MGI	0	state_03	IG-D
1	LV3003061556	leiden1	ST13	86.6174	state_03	MGI	0	state_03	IG-D
1	LV3003061556	leiden5	ST13	86.6174	state_03	MGI	0	state_03	IG-D
1	LV3003061556	grey	ST13	86.6174	state_03	MGI	0	state_03	IG-D
1	LV3003061556	leiden6	ST13	86.6174	state_03	MGI	0	state_03	IG-D
1	LV3003061557	leiden3	ST13	58.082	state_03	MGI	0	state_03	IG-D
1	LV3003061557	leiden4	ST13	58.082	state_03	MGI	0	state_03	IG-D
1	LV3003061557	leiden2	ST13	58.082	state_03	MGI	0	state_03	IG-D
1	LV3003061557	leiden6	ST13	58.082	state_03	MGI	0	state_03	IG-D
1	LV3003061557	grey	ST13	58.082	state_03	MGI	0	state_03	IG-D
1	LV3003061557	leiden1	ST13	58.082	state_03	MGI	0	state_03	IG-D
1	LV3003061557	leiden5	ST13	58.082	state_03	MGI	0	state_03	IG-D
1	LV3003061569	leiden2	ST13	81.6946	state_03	MGI	0	state_03	IG-D
1	LV3003061569	leiden3	ST13	81.6946	state_03	MGI	0	state_03	IG-D
1	LV3003061569	leiden4	ST13	81.6946	state_03	MGI	0	state_03	IG-D
1	LV3003061569	leiden1	ST13	81.6946	state_03	MGI	0	state_03	IG-D
1	LV3003061569	leiden5	ST13	81.6946	state_03	MGI	0	state_03	IG-D
1	LV3003061569	grey	ST13	81.6946	state_03	MGI	0	state_03	IG-D
1	LV7001898088	leiden1	ST13	6.031	state_03	MGI	0	state_03	IG-D
1	LV7001898088	leiden3	ST13	6.031	state_03	MGI	0	state_03	IG-D
1	LV7001898088	leiden4	ST13	6.031	state_03	MGI	0	state_03	IG-D
1	LV7001898088	leiden2	ST13	6.031	state_03	MGI	0	state_03	IG-D
1	LV7001898088	leiden6	ST13	6.031	state_03	MGI	0	state_03	IG-D
1	LV7001898088	leiden5	ST13	6.031	state_03	MGI	0	state_03	IG-D
1	LV7001898088	grey	ST13	6.031	state_03	MGI	0	state_03	IG-D
1	LV7001898100	leiden1	ST13	5.659	state_03	MGI	0	state_03	IG-D
1	LV7001898100	leiden3	ST13	5.659	state_03	MGI	0	state_03	IG-D
1	LV7001898100	leiden4	ST13	5.659	state_03	MGI	0	state_03	IG-D
1	LV7001898100	leiden2	ST13	5.659	state_03	MGI	0	state_03	IG-D
1	LV7001898100	grey	ST13	5.659	state_03	MGI	0	state_03	IG-D
1	LV7001898100	leiden5	ST13	5.659	state_03	MGI	0	state_03	IG-D
1	LV7001898100	leiden6	ST13	5.659	state_03	MGI	0	state_03	IG-D
1	LV7008886229	leiden2	GeoB25202_R2	68.149	state_03	MGI	0	state_03	IG-D
1	LV7008886229	leiden3	GeoB25202_R2	68.149	state_03	MGI	0	state_03	IG-D
1	LV7008886229	leiden4	GeoB25202_R2	68.149	state_03	MGI	0	state_03	IG-D
1	LV7008886229	leiden1	GeoB25202_R2	68.149	state_03	MGI	0	state_03	IG-D
1	LV7008886229	leiden5	GeoB25202_R2	68.149	state_03	MGI	0	state_03	IG-D
1	LV7008886229	leiden6	GeoB25202_R2	68.149	state_03	MGI	0	state_03	IG-D
1	LV7008886229	grey	GeoB25202_R2	68.149	state_03	MGI	0	state_03	IG-D
1	LV7008886695	leiden3	GeoB25202_R1	95.3875	state_03	MGI	0	state_03	IG-D
1	LV7008886695	leiden4	GeoB25202_R1	95.3875	state_03	MGI	0	state_03	IG-D
1	LV7008886695	leiden1	GeoB25202_R1	95.3875	state_03	MGI	0	state_03	IG-D
1	LV7008886695	grey	GeoB25202_R1	95.3875	state_03	MGI	0	state_03	IG-D
1	LV7008886695	leiden2	GeoB25202_R1	95.3875	state_03	MGI	0	state_03	IG-D
1	LV7008886695	leiden6	GeoB25202_R1	95.3875	state_03	MGI	0	state_03	IG-D
1	LV7008886695	leiden5	GeoB25202_R1	95.3875	state_03	MGI	0	state_03	IG-D
1	LV7008886706	leiden3	GeoB25202_R1	79.0255	state_03	MGI	0	state_03	IG-D
1	LV7008886706	leiden4	GeoB25202_R1	79.0255	state_03	MGI	0	state_03	IG-D
1	LV7008886706	leiden2	GeoB25202_R1	79.0255	state_03	MGI	0	state_03	IG-D
1	LV7008886706	leiden1	GeoB25202_R1	79.0255	state_03	MGI	0	state_03	IG-D
1	LV7008886706	grey	GeoB25202_R1	79.0255	state_03	MGI	0	state_03	IG-D
1	LV7008886706	leiden5	GeoB25202_R1	79.0255	state_03	MGI	0	state_03	IG-D
1	LV7008886706	leiden6	GeoB25202_R1	79.0255	state_03	MGI	0	state_03	IG-D
1	LV7008886707	leiden1	GeoB25202_R2	95.3875	state_03	MGI	0	state_03	IG-D
1	LV7008886707	leiden3	GeoB25202_R2	95.3875	state_03	MGI	0	state_03	IG-D
1	LV7008886707	leiden4	GeoB25202_R2	95.3875	state_03	MGI	0	state_03	IG-D
1	LV7008886707	grey	GeoB25202_R2	95.3875	state_03	MGI	0	state_03	IG-D
1	LV7008886707	leiden5	GeoB25202_R2	95.3875	state_03	MGI	0	state_03	IG-D
1	LV7008886707	leiden2	GeoB25202_R2	95.3875	state_03	MGI	0	state_03	IG-D
1	LV7008886707	leiden6	GeoB25202_R2	95.3875	state_03	MGI	0	state_03	IG-D
1	LV7008886708	leiden3	GeoB25202_R1	109.6305	state_03	MGI	0	state_03	IG-D
1	LV7008886708	leiden4	GeoB25202_R1	109.6305	state_03	MGI	0	state_03	IG-D
1	LV7008886708	grey	GeoB25202_R1	109.6305	state_03	MGI	0	state_03	IG-D
1	LV7008886708	leiden5	GeoB25202_R1	109.6305	state_03	MGI	0	state_03	IG-D
1	LV7008886708	leiden2	GeoB25202_R1	109.6305	state_03	MGI	0	state_03	IG-D
1	LV7008886708	leiden6	GeoB25202_R1	109.6305	state_03	MGI	0	state_03	IG-D
1	LV7008886708	leiden1	GeoB25202_R1	109.6305	state_03	MGI	0	state_03	IG-D
1	LV7008886714	leiden1	GeoB25202_R1	0.692	state_03	MGI	0	state_03	IG-D
1	LV7008886714	leiden3	GeoB25202_R1	0.692	state_03	MGI	0	state_03	IG-D
1	LV7008886714	leiden4	GeoB25202_R1	0.692	state_03	MGI	0	state_03	IG-D
1	LV7008886714	leiden2	GeoB25202_R1	0.692	state_03	MGI	0	state_03	IG-D
1	LV7008886714	leiden5	GeoB25202_R1	0.692	state_03	MGI	0	state_03	IG-D
1	LV7008886714	leiden6	GeoB25202_R1	0.692	state_03	MGI	0	state_03	IG-D
1	LV7008886718	leiden3	GeoB25202_R2	79.0255	state_03	MGI	0	state_03	IG-D
1	LV7008886718	leiden4	GeoB25202_R2	79.0255	state_03	MGI	0	state_03	IG-D
1	LV7008886718	leiden1	GeoB25202_R2	79.0255	state_03	MGI	0	state_03	IG-D
1	LV7008886718	grey	GeoB25202_R2	79.0255	state_03	MGI	0	state_03	IG-D
1	LV7008886718	leiden6	GeoB25202_R2	79.0255	state_03	MGI	0	state_03	IG-D
1	LV7008886718	leiden2	GeoB25202_R2	79.0255	state_03	MGI	0	state_03	IG-D
1	LV7008886718	leiden5	GeoB25202_R2	79.0255	state_03	MGI	0	state_03	IG-D
1	LV7008886719	leiden3	GeoB25202_R1	87.2825	state_03	MGI	0	state_03	IG-D
1	LV7008886719	leiden4	GeoB25202_R1	87.2825	state_03	MGI	0	state_03	IG-D
1	LV7008886719	grey	GeoB25202_R1	87.2825	state_03	MGI	0	state_03	IG-D
1	LV7008886719	leiden2	GeoB25202_R1	87.2825	state_03	MGI	0	state_03	IG-D
1	LV7008886719	leiden1	GeoB25202_R1	87.2825	state_03	MGI	0	state_03	IG-D
1	LV7008886719	leiden5	GeoB25202_R1	87.2825	state_03	MGI	0	state_03	IG-D
1	LV7008886719	leiden6	GeoB25202_R1	87.2825	state_03	MGI	0	state_03	IG-D
1	LV7008886720	leiden3	GeoB25202_R2	109.6305	state_03	MGI	0	state_03	IG-D
1	LV7008886720	leiden4	GeoB25202_R2	109.6305	state_03	MGI	0	state_03	IG-D
1	LV7008886720	leiden1	GeoB25202_R2	109.6305	state_03	MGI	0	state_03	IG-D
1	LV7008886720	grey	GeoB25202_R2	109.6305	state_03	MGI	0	state_03	IG-D
1	LV7008886720	leiden5	GeoB25202_R2	109.6305	state_03	MGI	0	state_03	IG-D
1	LV7008886720	leiden2	GeoB25202_R2	109.6305	state_03	MGI	0	state_03	IG-D
1	LV7008886720	leiden6	GeoB25202_R2	109.6305	state_03	MGI	0	state_03	IG-D
1	LV7008886726	leiden3	GeoB25202_R2	0.692	state_03	MGI	0	state_03	IG-D
1	LV7008886726	leiden4	GeoB25202_R2	0.692	state_03	MGI	0	state_03	IG-D
1	LV7008886726	grey	GeoB25202_R2	0.692	state_03	MGI	0	state_03	IG-D
1	LV7008886726	leiden2	GeoB25202_R2	0.692	state_03	MGI	0	state_03	IG-D
1	LV7008886726	leiden5	GeoB25202_R2	0.692	state_03	MGI	0	state_03	IG-D
1	LV7008886726	leiden1	GeoB25202_R2	0.692	state_03	MGI	0	state_03	IG-D
1	LV7008886726	leiden6	GeoB25202_R2	0.692	state_03	MGI	0	state_03	IG-D
1	LV7008886730	leiden3	GeoB25202_R1	75.351	state_03	MGI	0	state_03	IG-D
1	LV7008886730	leiden4	GeoB25202_R1	75.351	state_03	MGI	0	state_03	IG-D
1	LV7008886730	leiden1	GeoB25202_R1	75.351	state_03	MGI	0	state_03	IG-D
1	LV7008886730	leiden2	GeoB25202_R1	75.351	state_03	MGI	0	state_03	IG-D
1	LV7008886730	grey	GeoB25202_R1	75.351	state_03	MGI	0	state_03	IG-D
1	LV7008886730	leiden6	GeoB25202_R1	75.351	state_03	MGI	0	state_03	IG-D
1	LV7008886730	leiden5	GeoB25202_R1	75.351	state_03	MGI	0	state_03	IG-D
1	LV7008886731	leiden2	GeoB25202_R2	87.2825	state_03	MGI	0	state_03	IG-D
1	LV7008886731	leiden3	GeoB25202_R2	87.2825	state_03	MGI	0	state_03	IG-D
1	LV7008886731	leiden4	GeoB25202_R2	87.2825	state_03	MGI	0	state_03	IG-D
1	LV7008886731	leiden1	GeoB25202_R2	87.2825	state_03	MGI	0	state_03	IG-D
1	LV7008886731	grey	GeoB25202_R2	87.2825	state_03	MGI	0	state_03	IG-D
1	LV7008886731	leiden5	GeoB25202_R2	87.2825	state_03	MGI	0	state_03	IG-D
1	LV7008886731	leiden6	GeoB25202_R2	87.2825	state_03	MGI	0	state_03	IG-D
1	LV7008886742	leiden1	GeoB25202_R2	75.351	state_03	MGI	0	state_03	IG-D
1	LV7008886742	leiden2	GeoB25202_R2	75.351	state_03	MGI	0	state_03	IG-D
1	LV7008886742	leiden3	GeoB25202_R2	75.351	state_03	MGI	0	state_03	IG-D
1	LV7008886742	leiden4	GeoB25202_R2	75.351	state_03	MGI	0	state_03	IG-D
1	LV7008886742	grey	GeoB25202_R2	75.351	state_03	MGI	0	state_03	IG-D
1	LV7008886742	leiden5	GeoB25202_R2	75.351	state_03	MGI	0	state_03	IG-D
1	LV7008886742	leiden6	GeoB25202_R2	75.351	state_03	MGI	0	state_03	IG-D
1	LV7008886743	leiden3	GeoB25202_R1	81.6705	state_03	MGI	0	state_03	IG-D
1	LV7008886743	leiden4	GeoB25202_R1	81.6705	state_03	MGI	0	state_03	IG-D
1	LV7008886743	grey	GeoB25202_R1	81.6705	state_03	MGI	0	state_03	IG-D
1	LV7008886743	leiden1	GeoB25202_R1	81.6705	state_03	MGI	0	state_03	IG-D
1	LV7008886743	leiden5	GeoB25202_R1	81.6705	state_03	MGI	0	state_03	IG-D
1	LV7008886743	leiden2	GeoB25202_R1	81.6705	state_03	MGI	0	state_03	IG-D
1	LV7008886744	leiden3	GeoB25202_R1	105.5785	state_03	MGI	0	state_03	IG-D
1	LV7008886744	leiden4	GeoB25202_R1	105.5785	state_03	MGI	0	state_03	IG-D
1	LV7008886744	leiden5	GeoB25202_R1	105.5785	state_03	MGI	0	state_03	IG-D
1	LV7008886744	leiden1	GeoB25202_R1	105.5785	state_03	MGI	0	state_03	IG-D
1	LV7008886744	grey	GeoB25202_R1	105.5785	state_03	MGI	0	state_03	IG-D
1	LV7008886744	leiden2	GeoB25202_R1	105.5785	state_03	MGI	0	state_03	IG-D
1	LV7008886744	leiden6	GeoB25202_R1	105.5785	state_03	MGI	0	state_03	IG-D
1	LV7008886754	leiden3	GeoB25202_R1	71.8895	state_03	MGI	0	state_03	IG-D
1	LV7008886754	leiden4	GeoB25202_R1	71.8895	state_03	MGI	0	state_03	IG-D
1	LV7008886754	leiden1	GeoB25202_R1	71.8895	state_03	MGI	0	state_03	IG-D
1	LV7008886754	grey	GeoB25202_R1	71.8895	state_03	MGI	0	state_03	IG-D
1	LV7008886754	leiden5	GeoB25202_R1	71.8895	state_03	MGI	0	state_03	IG-D
1	LV7008886754	leiden6	GeoB25202_R1	71.8895	state_03	MGI	0	state_03	IG-D
1	LV7008886754	leiden2	GeoB25202_R1	71.8895	state_03	MGI	0	state_03	IG-D
1	LV7008886755	leiden3	GeoB25202_R2	81.6705	state_03	MGI	0	state_03	IG-D
1	LV7008886755	leiden4	GeoB25202_R2	81.6705	state_03	MGI	0	state_03	IG-D
1	LV7008886755	leiden1	GeoB25202_R2	81.6705	state_03	MGI	0	state_03	IG-D
1	LV7008886755	grey	GeoB25202_R2	81.6705	state_03	MGI	0	state_03	IG-D
1	LV7008886755	leiden5	GeoB25202_R2	81.6705	state_03	MGI	0	state_03	IG-D
1	LV7008886755	leiden2	GeoB25202_R2	81.6705	state_03	MGI	0	state_03	IG-D
1	LV7008886756	leiden3	GeoB25202_R2	105.5785	state_03	MGI	0	state_03	IG-D
1	LV7008886756	leiden4	GeoB25202_R2	105.5785	state_03	MGI	0	state_03	IG-D
1	LV7008886756	grey	GeoB25202_R2	105.5785	state_03	MGI	0	state_03	IG-D
1	LV7008886756	leiden1	GeoB25202_R2	105.5785	state_03	MGI	0	state_03	IG-D
1	LV7008886756	leiden5	GeoB25202_R2	105.5785	state_03	MGI	0	state_03	IG-D
1	LV7008886756	leiden2	GeoB25202_R2	105.5785	state_03	MGI	0	state_03	IG-D
1	LV7008886756	leiden6	GeoB25202_R2	105.5785	state_03	MGI	0	state_03	IG-D
1	LV7008886766	leiden2	GeoB25202_R2	71.8895	state_03	MGI	0	state_03	IG-D
1	LV7008886766	leiden3	GeoB25202_R2	71.8895	state_03	MGI	0	state_03	IG-D
1	LV7008886766	leiden4	GeoB25202_R2	71.8895	state_03	MGI	0	state_03	IG-D
1	LV7008886766	leiden1	GeoB25202_R2	71.8895	state_03	MGI	0	state_03	IG-D
1	LV7008886766	leiden5	GeoB25202_R2	71.8895	state_03	MGI	0	state_03	IG-D
1	LV7008886766	leiden6	GeoB25202_R2	71.8895	state_03	MGI	0	state_03	IG-D
1	LV7008886766	grey	GeoB25202_R2	71.8895	state_03	MGI	0	state_03	IG-D
1	LV7008886768	leiden3	GeoB25202_R1	102.2955	state_03	MGI	0	state_03	IG-D
1	LV7008886768	leiden4	GeoB25202_R1	102.2955	state_03	MGI	0	state_03	IG-D
1	LV7008886768	leiden1	GeoB25202_R1	102.2955	state_03	MGI	0	state_03	IG-D
1	LV7008886768	grey	GeoB25202_R1	102.2955	state_03	MGI	0	state_03	IG-D
1	LV7008886768	leiden2	GeoB25202_R1	102.2955	state_03	MGI	0	state_03	IG-D
1	LV7008886768	leiden5	GeoB25202_R1	102.2955	state_03	MGI	0	state_03	IG-D
1	LV7008886768	leiden6	GeoB25202_R1	102.2955	state_03	MGI	0	state_03	IG-D
1	LV7008886778	leiden2	GeoB25202_R1	68.149	state_03	MGI	0	state_03	IG-D
1	LV7008886778	leiden3	GeoB25202_R1	68.149	state_03	MGI	0	state_03	IG-D
1	LV7008886778	leiden4	GeoB25202_R1	68.149	state_03	MGI	0	state_03	IG-D
1	LV7008886778	leiden1	GeoB25202_R1	68.149	state_03	MGI	0	state_03	IG-D
1	LV7008886778	grey	GeoB25202_R1	68.149	state_03	MGI	0	state_03	IG-D
1	LV7008886778	leiden5	GeoB25202_R1	68.149	state_03	MGI	0	state_03	IG-D
1	LV7008886778	leiden6	GeoB25202_R1	68.149	state_03	MGI	0	state_03	IG-D
1	LV7008886780	leiden3	GeoB25202_R2	102.2955	state_03	MGI	0	state_03	IG-D
1	LV7008886780	leiden4	GeoB25202_R2	102.2955	state_03	MGI	0	state_03	IG-D
1	LV7008886780	leiden2	GeoB25202_R2	102.2955	state_03	MGI	0	state_03	IG-D
1	LV7008886780	leiden1	GeoB25202_R2	102.2955	state_03	MGI	0	state_03	IG-D
1	LV7008886780	grey	GeoB25202_R2	102.2955	state_03	MGI	0	state_03	IG-D
1	LV7008886780	leiden5	GeoB25202_R2	102.2955	state_03	MGI	0	state_03	IG-D
1	LV3003046938	leiden3	ST8	11.169	state_03	MFI	0	state_03	IG-D
1	LV3003046938	leiden4	ST8	11.169	state_03	MFI	0	state_03	IG-D
1	LV3003046938	leiden1	ST8	11.169	state_03	MFI	0	state_03	IG-D
1	LV3003046938	leiden2	ST8	11.169	state_03	MFI	0	state_03	IG-D
1	LV3003046938	leiden6	ST8	11.169	state_03	MFI	0	state_03	IG-D
1	LV3003046938	grey	ST8	11.169	state_03	MFI	0	state_03	IG-D
1	LV3003046939	leiden3	ST8	2.42	state_03	MFI	0	state_03	IG-D
1	LV3003046939	leiden4	ST8	2.42	state_03	MFI	0	state_03	IG-D
1	LV3003046939	leiden1	ST8	2.42	state_03	MFI	0	state_03	IG-D
1	LV3003046939	leiden2	ST8	2.42	state_03	MFI	0	state_03	IG-D
1	LV3003046939	leiden6	ST8	2.42	state_03	MFI	0	state_03	IG-D
1	LV3003046939	grey	ST8	2.42	state_03	MFI	0	state_03	IG-D
1	LV3003046939	leiden5	ST8	2.42	state_03	MFI	0	state_03	IG-D
1	LV3003046952	leiden3	ST8	10.26	state_03	MFI	0	state_03	IG-D
1	LV3003046952	leiden4	ST8	10.26	state_03	MFI	0	state_03	IG-D
1	LV3003046952	leiden2	ST8	10.26	state_03	MFI	0	state_03	IG-D
1	LV3003046952	leiden6	ST8	10.26	state_03	MFI	0	state_03	IG-D
1	LV3003046952	leiden1	ST8	10.26	state_03	MFI	0	state_03	IG-D
1	LV3003046952	grey	ST8	10.26	state_03	MFI	0	state_03	IG-D
1	LV3003046952	leiden5	ST8	10.26	state_03	MFI	0	state_03	IG-D
1	LV3003046953	leiden1	ST8	1.5215	state_03	MFI	0	state_03	IG-D
1	LV3003046953	leiden3	ST8	1.5215	state_03	MFI	0	state_03	IG-D
1	LV3003046953	leiden4	ST8	1.5215	state_03	MFI	0	state_03	IG-D
1	LV3003046953	leiden2	ST8	1.5215	state_03	MFI	0	state_03	IG-D
1	LV3003046953	leiden5	ST8	1.5215	state_03	MFI	0	state_03	IG-D
1	LV3003046953	grey	ST8	1.5215	state_03	MFI	0	state_03	IG-D
1	LV3003046953	leiden6	ST8	1.5215	state_03	MFI	0	state_03	IG-D
1	LV3003046980	leiden3	ST8	8.056	state_03	MFI	0	state_03	IG-D
1	LV3003046980	leiden4	ST8	8.056	state_03	MFI	0	state_03	IG-D
1	LV3003046980	grey	ST8	8.056	state_03	MFI	0	state_03	IG-D
1	LV3003046980	leiden2	ST8	8.056	state_03	MFI	0	state_03	IG-D
1	LV3003046980	leiden1	ST8	8.056	state_03	MFI	0	state_03	IG-D
1	LV3003046980	leiden5	ST8	8.056	state_03	MFI	0	state_03	IG-D
1	LV3003046980	leiden6	ST8	8.056	state_03	MFI	0	state_03	IG-D
1	LV3003046995	leiden1	ST8	6.9705	state_03	MFI	0	state_03	IG-D
1	LV3003046995	leiden3	ST8	6.9705	state_03	MFI	0	state_03	IG-D
1	LV3003046995	leiden4	ST8	6.9705	state_03	MFI	0	state_03	IG-D
1	LV3003046995	leiden2	ST8	6.9705	state_03	MFI	0	state_03	IG-D
1	LV3003046995	grey	ST8	6.9705	state_03	MFI	0	state_03	IG-D
1	LV3003046995	leiden5	ST8	6.9705	state_03	MFI	0	state_03	IG-D
1	LV3003046995	leiden6	ST8	6.9705	state_03	MFI	0	state_03	IG-D
1	LV3003047010	leiden3	ST8	13.676	state_03	MFI	0	state_03	IG-D
1	LV3003047010	leiden4	ST8	13.676	state_03	MFI	0	state_03	IG-D
1	LV3003047010	leiden1	ST8	13.676	state_03	MFI	0	state_03	IG-D
1	LV3003047010	leiden6	ST8	13.676	state_03	MFI	0	state_03	IG-D
1	LV3003047010	grey	ST8	13.676	state_03	MFI	0	state_03	IG-D
1	LV3003047010	leiden2	ST8	13.676	state_03	MFI	0	state_03	IG-D
1	LV3003047010	leiden5	ST8	13.676	state_03	MFI	0	state_03	IG-D
1	LV3003047013	leiden1	ST8	5.885	state_03	MFI	0	state_03	IG-D
1	LV3003047013	leiden3	ST8	5.885	state_03	MFI	0	state_03	IG-D
1	LV3003047013	leiden4	ST8	5.885	state_03	MFI	0	state_03	IG-D
1	LV3003047013	leiden2	ST8	5.885	state_03	MFI	0	state_03	IG-D
1	LV3003047013	grey	ST8	5.885	state_03	MFI	0	state_03	IG-D
1	LV3003047013	leiden5	ST8	5.885	state_03	MFI	0	state_03	IG-D
1	LV3003047013	leiden6	ST8	5.885	state_03	MFI	0	state_03	IG-D
1	LV3003047027	leiden3	ST8	12.877	state_03	MFI	-1.77768785660936	state_03	IG-D
1	LV3003047027	leiden4	ST8	12.877	state_03	MFI	-1.77768785660936	state_03	IG-D
1	LV3003047027	leiden1	ST8	12.877	state_03	MFI	-1.77768785660936	state_03	IG-D
1	LV3003047027	leiden2	ST8	12.877	state_03	MFI	-1.77768785660936	state_03	IG-D
1	LV3003047027	leiden6	ST8	12.877	state_03	MFI	-1.77768785660936	state_03	IG-D
1	LV3003047027	grey	ST8	12.877	state_03	MFI	-1.77768785660936	state_03	IG-D
1	LV3003047027	leiden5	ST8	12.877	state_03	MFI	10.6661271396562	state_03	IG-D
1	LV3003047045	leiden1	ST8	3.5865	state_03	MFI	0	state_03	IG-D
1	LV3003047045	leiden3	ST8	3.5865	state_03	MFI	0	state_03	IG-D
1	LV3003047045	leiden4	ST8	3.5865	state_03	MFI	0	state_03	IG-D
1	LV3003047045	leiden2	ST8	3.5865	state_03	MFI	0	state_03	IG-D
1	LV3003047045	leiden6	ST8	3.5865	state_03	MFI	0	state_03	IG-D
1	LV3003047045	grey	ST8	3.5865	state_03	MFI	0	state_03	IG-D
1	LV3003047045	leiden5	ST8	3.5865	state_03	MFI	0	state_03	IG-D
1	LV3003047079	leiden3	ST8	97.52	state_03	MFI	0	state_03	IG-D
1	LV3003047079	leiden4	ST8	97.52	state_03	MFI	0	state_03	IG-D
1	LV3003047079	grey	ST8	97.52	state_03	MFI	0	state_03	IG-D
1	LV3003047079	leiden5	ST8	97.52	state_03	MFI	0	state_03	IG-D
1	LV3003047079	leiden2	ST8	97.52	state_03	MFI	0	state_03	IG-D
1	LV3003047079	leiden1	ST8	97.52	state_03	MFI	0	state_03	IG-D
1	LV3003047079	leiden6	ST8	97.52	state_03	MFI	0	state_03	IG-D
1	LV3003047080	leiden4	ST8	87.9935	state_03	MFI	0	state_03	IG-D
1	LV3003047080	leiden1	ST8	87.9935	state_03	MFI	0	state_03	IG-D
1	LV3003047080	leiden3	ST8	87.9935	state_03	MFI	0	state_03	IG-D
1	LV3003047080	leiden5	ST8	87.9935	state_03	MFI	0	state_03	IG-D
1	LV3003047080	grey	ST8	87.9935	state_03	MFI	0	state_03	IG-D
1	LV3003047080	leiden2	ST8	87.9935	state_03	MFI	0	state_03	IG-D
1	LV3003047091	leiden4	ST8	89.37525	state_03	MFI	0	state_03	IG-D
1	LV3003047091	leiden5	ST8	89.37525	state_03	MFI	0	state_03	IG-D
1	LV3003047091	grey	ST8	89.37525	state_03	MFI	0	state_03	IG-D
1	LV3003047091	leiden3	ST8	89.37525	state_03	MFI	0	state_03	IG-D
1	LV3003047091	leiden2	ST8	89.37525	state_03	MFI	0	state_03	IG-D
1	LV3003047091	leiden1	ST8	89.37525	state_03	MFI	0	state_03	IG-D
1	LV3003047093	leiden3	ST8	79.675	state_03	MFI	0	state_03	IG-D
1	LV3003047093	leiden4	ST8	79.675	state_03	MFI	0	state_03	IG-D
1	LV3003047093	leiden1	ST8	79.675	state_03	MFI	0	state_03	IG-D
1	LV3003047093	grey	ST8	79.675	state_03	MFI	0	state_03	IG-D
1	LV3003047093	leiden5	ST8	79.675	state_03	MFI	0	state_03	IG-D
1	LV3003047093	leiden2	ST8	79.675	state_03	MFI	0	state_03	IG-D
1	LV3003047100	leiden3	ST8	86.61175	state_03	MFI	0	state_03	IG-D
1	LV3003047100	leiden4	ST8	86.61175	state_03	MFI	0	state_03	IG-D
1	LV3003047100	leiden5	ST8	86.61175	state_03	MFI	0	state_03	IG-D
1	LV3003047100	grey	ST8	86.61175	state_03	MFI	0	state_03	IG-D
1	LV3003047100	leiden2	ST8	86.61175	state_03	MFI	0	state_03	IG-D
1	LV3003047100	leiden1	ST8	86.61175	state_03	MFI	0	state_03	IG-D
1	LV3003047100	leiden6	ST8	86.61175	state_03	MFI	0	state_03	IG-D
1	LV3003047101	leiden4	ST8	85.23	state_03	MFI	0	state_03	IG-D
1	LV3003047101	leiden1	ST8	85.23	state_03	MFI	0	state_03	IG-D
1	LV3003047101	grey	ST8	85.23	state_03	MFI	0	state_03	IG-D
1	LV3003047101	leiden2	ST8	85.23	state_03	MFI	0	state_03	IG-D
1	LV3003047101	leiden3	ST8	85.23	state_03	MFI	0	state_03	IG-D
1	LV3003047101	leiden5	ST8	85.23	state_03	MFI	0	state_03	IG-D
1	LV3003047107	leiden4	ST8	71.517	state_03	MFI	0	state_03	IG-D
1	LV3003047107	leiden3	ST8	71.517	state_03	MFI	0	state_03	IG-D
1	LV3003047107	leiden5	ST8	71.517	state_03	MFI	0	state_03	IG-D
1	LV3003047107	leiden2	ST8	71.517	state_03	MFI	0	state_03	IG-D
1	LV3003047107	grey	ST8	71.517	state_03	MFI	0	state_03	IG-D
1	LV3003047107	leiden1	ST8	71.517	state_03	MFI	0	state_03	IG-D
1	LV3003047107	leiden6	ST8	71.517	state_03	MFI	0	state_03	IG-D
1	LV3003047133	leiden3	ST8	70.162	state_03	MFI	0	state_03	IG-D
1	LV3003047133	leiden4	ST8	70.162	state_03	MFI	0	state_03	IG-D
1	LV3003047133	leiden6	ST8	70.162	state_03	MFI	0	state_03	IG-D
1	LV3003047133	leiden2	ST8	70.162	state_03	MFI	0	state_03	IG-D
1	LV3003047133	grey	ST8	70.162	state_03	MFI	0	state_03	IG-D
1	LV3003047133	leiden5	ST8	70.162	state_03	MFI	0	state_03	IG-D
1	LV3003047133	leiden1	ST8	70.162	state_03	MFI	0	state_03	IG-D
1	LV3003047134	leiden1	ST8	68.807	state_03	MFI	0	state_03	IG-D
1	LV3003047134	leiden3	ST8	68.807	state_03	MFI	0	state_03	IG-D
1	LV3003047134	leiden4	ST8	68.807	state_03	MFI	0	state_03	IG-D
1	LV3003047134	leiden5	ST8	68.807	state_03	MFI	0	state_03	IG-D
1	LV3003047134	leiden2	ST8	68.807	state_03	MFI	0	state_03	IG-D
1	LV3003047134	grey	ST8	68.807	state_03	MFI	0	state_03	IG-D
1	LV3003047134	leiden6	ST8	68.807	state_03	MFI	0	state_03	IG-D
1	LV3003047136	leiden3	ST8	67.8766	state_03	MFI	0	state_03	IG-D
1	LV3003047136	leiden4	ST8	67.8766	state_03	MFI	0	state_03	IG-D
1	LV3003047136	leiden5	ST8	67.8766	state_03	MFI	0	state_03	IG-D
1	LV3003047136	leiden2	ST8	67.8766	state_03	MFI	0	state_03	IG-D
1	LV3003047136	leiden1	ST8	67.8766	state_03	MFI	0	state_03	IG-D
1	LV3003047136	grey	ST8	67.8766	state_03	MFI	0	state_03	IG-D
1	LV3003047137	leiden4	ST8	66.9462	state_03	MFI	0	state_03	IG-D
1	LV3003047137	leiden3	ST8	66.9462	state_03	MFI	0	state_03	IG-D
1	LV3003047137	leiden5	ST8	66.9462	state_03	MFI	0	state_03	IG-D
1	LV3003047137	leiden2	ST8	66.9462	state_03	MFI	0	state_03	IG-D
1	LV3003047137	grey	ST8	66.9462	state_03	MFI	0	state_03	IG-D
1	LV3003047137	leiden1	ST8	66.9462	state_03	MFI	0	state_03	IG-D
1	LV3003047137	leiden6	ST8	66.9462	state_03	MFI	0	state_03	IG-D
1	LV3003047138	leiden4	ST8	66.0158	state_03	MFI	0	state_03	IG-D
1	LV3003047138	leiden5	ST8	66.0158	state_03	MFI	0	state_03	IG-D
1	LV3003047138	grey	ST8	66.0158	state_03	MFI	0	state_03	IG-D
1	LV3003047138	leiden3	ST8	66.0158	state_03	MFI	0	state_03	IG-D
1	LV3003047138	leiden2	ST8	66.0158	state_03	MFI	0	state_03	IG-D
1	LV3003047138	leiden1	ST8	66.0158	state_03	MFI	0	state_03	IG-D
1	LV3003047138	leiden6	ST8	66.0158	state_03	MFI	0	state_03	IG-D
1	LV3003061474	leiden1	ST13	77.7798	state_03	MFI	0	state_03	IG-D
1	LV3003061474	leiden2	ST13	77.7798	state_03	MFI	0	state_03	IG-D
1	LV3003061474	leiden3	ST13	77.7798	state_03	MFI	0	state_03	IG-D
1	LV3003061474	leiden4	ST13	77.7798	state_03	MFI	0	state_03	IG-D
1	LV3003061474	leiden6	ST13	77.7798	state_03	MFI	0	state_03	IG-D
1	LV3003061474	leiden5	ST13	77.7798	state_03	MFI	0	state_03	IG-D
1	LV3003061474	grey	ST13	77.7798	state_03	MFI	0	state_03	IG-D
1	LV3003061485	leiden1	ST13	75.7796	state_03	MFI	0	state_03	IG-D
1	LV3003061485	leiden3	ST13	75.7796	state_03	MFI	0	state_03	IG-D
1	LV3003061485	leiden4	ST13	75.7796	state_03	MFI	0	state_03	IG-D
1	LV3003061485	leiden2	ST13	75.7796	state_03	MFI	0	state_03	IG-D
1	LV3003061485	leiden6	ST13	75.7796	state_03	MFI	0	state_03	IG-D
1	LV3003061485	leiden5	ST13	75.7796	state_03	MFI	0	state_03	IG-D
1	LV3003061485	grey	ST13	75.7796	state_03	MFI	0	state_03	IG-D
1	LV3003061500	leiden2	ST13	148.086	state_03	MFI	1.63409297714817	state_03	IG-D
1	LV3003061500	leiden4	ST13	148.086	state_03	MFI	1.63409297714817	state_03	IG-D
1	LV3003061500	leiden1	ST13	148.086	state_03	MFI	1.63409297714817	state_03	IG-D
1	LV3003061500	leiden5	ST13	148.086	state_03	MFI	-9.80455786288902	state_03	IG-D
1	LV3003061500	leiden3	ST13	148.086	state_03	MFI	1.63409297714817	state_03	IG-D
1	LV3003061500	grey	ST13	148.086	state_03	MFI	1.63409297714817	state_03	IG-D
1	LV3003061500	leiden6	ST13	148.086	state_03	MFI	1.63409297714817	state_03	IG-D
1	LV3003061501	leiden3	ST13	105.5872	state_03	MFI	0	state_03	IG-D
1	LV3003061501	leiden4	ST13	105.5872	state_03	MFI	0	state_03	IG-D
1	LV3003061501	leiden2	ST13	105.5872	state_03	MFI	0	state_03	IG-D
1	LV3003061501	leiden6	ST13	105.5872	state_03	MFI	0	state_03	IG-D
1	LV3003061501	leiden5	ST13	105.5872	state_03	MFI	0	state_03	IG-D
1	LV3003061501	leiden1	ST13	105.5872	state_03	MFI	0	state_03	IG-D
1	LV3003061501	grey	ST13	105.5872	state_03	MFI	0	state_03	IG-D
1	LV3003061503	leiden1	ST13	73.1472	state_03	MFI	0	state_03	IG-D
1	LV3003061503	leiden2	ST13	73.1472	state_03	MFI	0	state_03	IG-D
1	LV3003061503	leiden3	ST13	73.1472	state_03	MFI	0	state_03	IG-D
1	LV3003061503	leiden4	ST13	73.1472	state_03	MFI	0	state_03	IG-D
1	LV3003061503	leiden6	ST13	73.1472	state_03	MFI	0	state_03	IG-D
1	LV3003061503	leiden5	ST13	73.1472	state_03	MFI	0	state_03	IG-D
1	LV3003061503	grey	ST13	73.1472	state_03	MFI	0	state_03	IG-D
1	LV3003061514	leiden2	ST13	100.6726	state_03	MFI	-1.63692745399815	state_03	IG-D
1	LV3003061514	leiden3	ST13	100.6726	state_03	MFI	-1.63692745399815	state_03	IG-D
1	LV3003061514	leiden4	ST13	100.6726	state_03	MFI	-1.63692745399815	state_03	IG-D
1	LV3003061514	leiden1	ST13	100.6726	state_03	MFI	-1.63692745399815	state_03	IG-D
1	LV3003061514	leiden6	ST13	100.6726	state_03	MFI	-1.63692745399815	state_03	IG-D
1	LV3003061514	grey	ST13	100.6726	state_03	MFI	-1.63692745399815	state_03	IG-D
1	LV3003061514	leiden5	ST13	100.6726	state_03	MFI	9.82156472398892	state_03	IG-D
1	LV3003061515	leiden1	ST13	71.0012	state_03	MFI	-1.48581866064804	state_03	IG-D
1	LV3003061515	leiden3	ST13	71.0012	state_03	MFI	-1.48581866064804	state_03	IG-D
1	LV3003061515	leiden4	ST13	71.0012	state_03	MFI	-1.48581866064804	state_03	IG-D
1	LV3003061515	leiden2	ST13	71.0012	state_03	MFI	-1.48581866064804	state_03	IG-D
1	LV3003061515	leiden6	ST13	71.0012	state_03	MFI	-1.48581866064804	state_03	IG-D
1	LV3003061515	grey	ST13	71.0012	state_03	MFI	-1.48581866064804	state_03	IG-D
1	LV3003061515	leiden5	ST13	71.0012	state_03	MFI	8.91491196388821	state_03	IG-D
1	LV3003061528	leiden3	ST13	95.118	state_03	MFI	-1.79314453918919	state_03	IG-D
1	LV3003061528	leiden4	ST13	95.118	state_03	MFI	-1.79314453918919	state_03	IG-D
1	LV3003061528	leiden2	ST13	95.118	state_03	MFI	-1.79314453918919	state_03	IG-D
1	LV3003061528	leiden1	ST13	95.118	state_03	MFI	-1.79314453918919	state_03	IG-D
1	LV3003061528	leiden5	ST13	95.118	state_03	MFI	10.7588672351351	state_03	IG-D
1	LV3003061528	grey	ST13	95.118	state_03	MFI	-1.79314453918919	state_03	IG-D
1	LV3003061528	leiden6	ST13	95.118	state_03	MFI	-1.79314453918919	state_03	IG-D
1	LV3003061529	leiden1	ST13	66.015	state_03	MFI	-1.37335148654781	state_03	IG-D
1	LV3003061529	leiden2	ST13	66.015	state_03	MFI	-1.37335148654781	state_03	IG-D
1	LV3003061529	leiden3	ST13	66.015	state_03	MFI	-1.37335148654781	state_03	IG-D
1	LV3003061529	leiden4	ST13	66.015	state_03	MFI	-1.37335148654781	state_03	IG-D
1	LV3003061529	leiden5	ST13	66.015	state_03	MFI	8.24010891928687	state_03	IG-D
1	LV3003061529	grey	ST13	66.015	state_03	MFI	-1.37335148654781	state_03	IG-D
1	LV3003061529	leiden6	ST13	66.015	state_03	MFI	-1.37335148654781	state_03	IG-D
1	LV3003061541	leiden3	ST13	91.09	state_03	MFI	0	state_03	IG-D
1	LV3003061541	leiden4	ST13	91.09	state_03	MFI	0	state_03	IG-D
1	LV3003061541	leiden5	ST13	91.09	state_03	MFI	0	state_03	IG-D
1	LV3003061541	leiden6	ST13	91.09	state_03	MFI	0	state_03	IG-D
1	LV3003061541	leiden2	ST13	91.09	state_03	MFI	0	state_03	IG-D
1	LV3003061541	grey	ST13	91.09	state_03	MFI	0	state_03	IG-D
1	LV3003061541	leiden1	ST13	91.09	state_03	MFI	0	state_03	IG-D
1	LV3003061543	leiden1	ST13	62.293	state_03	MFI	0	state_03	IG-D
1	LV3003061543	leiden2	ST13	62.293	state_03	MFI	0	state_03	IG-D
1	LV3003061543	leiden3	ST13	62.293	state_03	MFI	0	state_03	IG-D
1	LV3003061543	leiden4	ST13	62.293	state_03	MFI	0	state_03	IG-D
1	LV3003061543	leiden5	ST13	62.293	state_03	MFI	0	state_03	IG-D
1	LV3003061543	leiden6	ST13	62.293	state_03	MFI	0	state_03	IG-D
1	LV3003061543	grey	ST13	62.293	state_03	MFI	0	state_03	IG-D
1	LV3003061556	leiden2	ST13	86.6174	state_03	MFI	0	state_03	IG-D
1	LV3003061556	leiden3	ST13	86.6174	state_03	MFI	0	state_03	IG-D
1	LV3003061556	leiden4	ST13	86.6174	state_03	MFI	0	state_03	IG-D
1	LV3003061556	leiden1	ST13	86.6174	state_03	MFI	0	state_03	IG-D
1	LV3003061556	leiden5	ST13	86.6174	state_03	MFI	0	state_03	IG-D
1	LV3003061556	grey	ST13	86.6174	state_03	MFI	0	state_03	IG-D
1	LV3003061556	leiden6	ST13	86.6174	state_03	MFI	0	state_03	IG-D
1	LV3003061557	leiden3	ST13	58.082	state_03	MFI	0	state_03	IG-D
1	LV3003061557	leiden4	ST13	58.082	state_03	MFI	0	state_03	IG-D
1	LV3003061557	leiden2	ST13	58.082	state_03	MFI	0	state_03	IG-D
1	LV3003061557	leiden6	ST13	58.082	state_03	MFI	0	state_03	IG-D
1	LV3003061557	grey	ST13	58.082	state_03	MFI	0	state_03	IG-D
1	LV3003061557	leiden1	ST13	58.082	state_03	MFI	0	state_03	IG-D
1	LV3003061557	leiden5	ST13	58.082	state_03	MFI	0	state_03	IG-D
1	LV3003061569	leiden2	ST13	81.6946	state_03	MFI	0	state_03	IG-D
1	LV3003061569	leiden3	ST13	81.6946	state_03	MFI	0	state_03	IG-D
1	LV3003061569	leiden4	ST13	81.6946	state_03	MFI	0	state_03	IG-D
1	LV3003061569	leiden1	ST13	81.6946	state_03	MFI	0	state_03	IG-D
1	LV3003061569	leiden5	ST13	81.6946	state_03	MFI	0	state_03	IG-D
1	LV3003061569	grey	ST13	81.6946	state_03	MFI	0	state_03	IG-D
1	LV7001898088	leiden1	ST13	6.031	state_03	MFI	0	state_03	IG-D
1	LV7001898088	leiden3	ST13	6.031	state_03	MFI	0	state_03	IG-D
1	LV7001898088	leiden4	ST13	6.031	state_03	MFI	0	state_03	IG-D
1	LV7001898088	leiden2	ST13	6.031	state_03	MFI	0	state_03	IG-D
1	LV7001898088	leiden6	ST13	6.031	state_03	MFI	0	state_03	IG-D
1	LV7001898088	leiden5	ST13	6.031	state_03	MFI	0	state_03	IG-D
1	LV7001898088	grey	ST13	6.031	state_03	MFI	0	state_03	IG-D
1	LV7001898100	leiden1	ST13	5.659	state_03	MFI	0	state_03	IG-D
1	LV7001898100	leiden3	ST13	5.659	state_03	MFI	0	state_03	IG-D
1	LV7001898100	leiden4	ST13	5.659	state_03	MFI	0	state_03	IG-D
1	LV7001898100	leiden2	ST13	5.659	state_03	MFI	0	state_03	IG-D
1	LV7001898100	grey	ST13	5.659	state_03	MFI	0	state_03	IG-D
1	LV7001898100	leiden5	ST13	5.659	state_03	MFI	0	state_03	IG-D
1	LV7001898100	leiden6	ST13	5.659	state_03	MFI	0	state_03	IG-D
1	LV7008886229	leiden2	GeoB25202_R2	68.149	state_03	MFI	0	state_03	IG-D
1	LV7008886229	leiden3	GeoB25202_R2	68.149	state_03	MFI	0	state_03	IG-D
1	LV7008886229	leiden4	GeoB25202_R2	68.149	state_03	MFI	0	state_03	IG-D
1	LV7008886229	leiden1	GeoB25202_R2	68.149	state_03	MFI	0	state_03	IG-D
1	LV7008886229	leiden5	GeoB25202_R2	68.149	state_03	MFI	0	state_03	IG-D
1	LV7008886229	leiden6	GeoB25202_R2	68.149	state_03	MFI	0	state_03	IG-D
1	LV7008886229	grey	GeoB25202_R2	68.149	state_03	MFI	0	state_03	IG-D
1	LV7008886695	leiden3	GeoB25202_R1	95.3875	state_03	MFI	0	state_03	IG-D
1	LV7008886695	leiden4	GeoB25202_R1	95.3875	state_03	MFI	0	state_03	IG-D
1	LV7008886695	leiden1	GeoB25202_R1	95.3875	state_03	MFI	0	state_03	IG-D
1	LV7008886695	grey	GeoB25202_R1	95.3875	state_03	MFI	0	state_03	IG-D
1	LV7008886695	leiden2	GeoB25202_R1	95.3875	state_03	MFI	0	state_03	IG-D
1	LV7008886695	leiden6	GeoB25202_R1	95.3875	state_03	MFI	0	state_03	IG-D
1	LV7008886695	leiden5	GeoB25202_R1	95.3875	state_03	MFI	0	state_03	IG-D
1	LV7008886706	leiden3	GeoB25202_R1	79.0255	state_03	MFI	0	state_03	IG-D
1	LV7008886706	leiden4	GeoB25202_R1	79.0255	state_03	MFI	0	state_03	IG-D
1	LV7008886706	leiden2	GeoB25202_R1	79.0255	state_03	MFI	0	state_03	IG-D
1	LV7008886706	leiden1	GeoB25202_R1	79.0255	state_03	MFI	0	state_03	IG-D
1	LV7008886706	grey	GeoB25202_R1	79.0255	state_03	MFI	0	state_03	IG-D
1	LV7008886706	leiden5	GeoB25202_R1	79.0255	state_03	MFI	0	state_03	IG-D
1	LV7008886706	leiden6	GeoB25202_R1	79.0255	state_03	MFI	0	state_03	IG-D
1	LV7008886707	leiden1	GeoB25202_R2	95.3875	state_03	MFI	0	state_03	IG-D
1	LV7008886707	leiden3	GeoB25202_R2	95.3875	state_03	MFI	0	state_03	IG-D
1	LV7008886707	leiden4	GeoB25202_R2	95.3875	state_03	MFI	0	state_03	IG-D
1	LV7008886707	grey	GeoB25202_R2	95.3875	state_03	MFI	0	state_03	IG-D
1	LV7008886707	leiden5	GeoB25202_R2	95.3875	state_03	MFI	0	state_03	IG-D
1	LV7008886707	leiden2	GeoB25202_R2	95.3875	state_03	MFI	0	state_03	IG-D
1	LV7008886707	leiden6	GeoB25202_R2	95.3875	state_03	MFI	0	state_03	IG-D
1	LV7008886708	leiden3	GeoB25202_R1	109.6305	state_03	MFI	0	state_03	IG-D
1	LV7008886708	leiden4	GeoB25202_R1	109.6305	state_03	MFI	0	state_03	IG-D
1	LV7008886708	grey	GeoB25202_R1	109.6305	state_03	MFI	0	state_03	IG-D
1	LV7008886708	leiden5	GeoB25202_R1	109.6305	state_03	MFI	0	state_03	IG-D
1	LV7008886708	leiden2	GeoB25202_R1	109.6305	state_03	MFI	0	state_03	IG-D
1	LV7008886708	leiden6	GeoB25202_R1	109.6305	state_03	MFI	0	state_03	IG-D
1	LV7008886708	leiden1	GeoB25202_R1	109.6305	state_03	MFI	0	state_03	IG-D
1	LV7008886714	leiden1	GeoB25202_R1	0.692	state_03	MFI	0	state_03	IG-D
1	LV7008886714	leiden3	GeoB25202_R1	0.692	state_03	MFI	0	state_03	IG-D
1	LV7008886714	leiden4	GeoB25202_R1	0.692	state_03	MFI	0	state_03	IG-D
1	LV7008886714	leiden2	GeoB25202_R1	0.692	state_03	MFI	0	state_03	IG-D
1	LV7008886714	leiden5	GeoB25202_R1	0.692	state_03	MFI	0	state_03	IG-D
1	LV7008886714	leiden6	GeoB25202_R1	0.692	state_03	MFI	0	state_03	IG-D
1	LV7008886718	leiden3	GeoB25202_R2	79.0255	state_03	MFI	0	state_03	IG-D
1	LV7008886718	leiden4	GeoB25202_R2	79.0255	state_03	MFI	0	state_03	IG-D
1	LV7008886718	leiden1	GeoB25202_R2	79.0255	state_03	MFI	0	state_03	IG-D
1	LV7008886718	grey	GeoB25202_R2	79.0255	state_03	MFI	0	state_03	IG-D
1	LV7008886718	leiden6	GeoB25202_R2	79.0255	state_03	MFI	0	state_03	IG-D
1	LV7008886718	leiden2	GeoB25202_R2	79.0255	state_03	MFI	0	state_03	IG-D
1	LV7008886718	leiden5	GeoB25202_R2	79.0255	state_03	MFI	0	state_03	IG-D
1	LV7008886719	leiden3	GeoB25202_R1	87.2825	state_03	MFI	0	state_03	IG-D
1	LV7008886719	leiden4	GeoB25202_R1	87.2825	state_03	MFI	0	state_03	IG-D
1	LV7008886719	grey	GeoB25202_R1	87.2825	state_03	MFI	0	state_03	IG-D
1	LV7008886719	leiden2	GeoB25202_R1	87.2825	state_03	MFI	0	state_03	IG-D
1	LV7008886719	leiden1	GeoB25202_R1	87.2825	state_03	MFI	0	state_03	IG-D
1	LV7008886719	leiden5	GeoB25202_R1	87.2825	state_03	MFI	0	state_03	IG-D
1	LV7008886719	leiden6	GeoB25202_R1	87.2825	state_03	MFI	0	state_03	IG-D
1	LV7008886720	leiden3	GeoB25202_R2	109.6305	state_03	MFI	0	state_03	IG-D
1	LV7008886720	leiden4	GeoB25202_R2	109.6305	state_03	MFI	0	state_03	IG-D
1	LV7008886720	leiden1	GeoB25202_R2	109.6305	state_03	MFI	0	state_03	IG-D
1	LV7008886720	grey	GeoB25202_R2	109.6305	state_03	MFI	0	state_03	IG-D
1	LV7008886720	leiden5	GeoB25202_R2	109.6305	state_03	MFI	0	state_03	IG-D
1	LV7008886720	leiden2	GeoB25202_R2	109.6305	state_03	MFI	0	state_03	IG-D
1	LV7008886720	leiden6	GeoB25202_R2	109.6305	state_03	MFI	0	state_03	IG-D
1	LV7008886726	leiden3	GeoB25202_R2	0.692	state_03	MFI	0	state_03	IG-D
1	LV7008886726	leiden4	GeoB25202_R2	0.692	state_03	MFI	0	state_03	IG-D
1	LV7008886726	grey	GeoB25202_R2	0.692	state_03	MFI	0	state_03	IG-D
1	LV7008886726	leiden2	GeoB25202_R2	0.692	state_03	MFI	0	state_03	IG-D
1	LV7008886726	leiden5	GeoB25202_R2	0.692	state_03	MFI	0	state_03	IG-D
1	LV7008886726	leiden1	GeoB25202_R2	0.692	state_03	MFI	0	state_03	IG-D
1	LV7008886726	leiden6	GeoB25202_R2	0.692	state_03	MFI	0	state_03	IG-D
1	LV7008886730	leiden3	GeoB25202_R1	75.351	state_03	MFI	0	state_03	IG-D
1	LV7008886730	leiden4	GeoB25202_R1	75.351	state_03	MFI	0	state_03	IG-D
1	LV7008886730	leiden1	GeoB25202_R1	75.351	state_03	MFI	0	state_03	IG-D
1	LV7008886730	leiden2	GeoB25202_R1	75.351	state_03	MFI	0	state_03	IG-D
1	LV7008886730	grey	GeoB25202_R1	75.351	state_03	MFI	0	state_03	IG-D
1	LV7008886730	leiden6	GeoB25202_R1	75.351	state_03	MFI	0	state_03	IG-D
1	LV7008886730	leiden5	GeoB25202_R1	75.351	state_03	MFI	0	state_03	IG-D
1	LV7008886731	leiden2	GeoB25202_R2	87.2825	state_03	MFI	0	state_03	IG-D
1	LV7008886731	leiden3	GeoB25202_R2	87.2825	state_03	MFI	0	state_03	IG-D
1	LV7008886731	leiden4	GeoB25202_R2	87.2825	state_03	MFI	0	state_03	IG-D
1	LV7008886731	leiden1	GeoB25202_R2	87.2825	state_03	MFI	0	state_03	IG-D
1	LV7008886731	grey	GeoB25202_R2	87.2825	state_03	MFI	0	state_03	IG-D
1	LV7008886731	leiden5	GeoB25202_R2	87.2825	state_03	MFI	0	state_03	IG-D
1	LV7008886731	leiden6	GeoB25202_R2	87.2825	state_03	MFI	0	state_03	IG-D
1	LV7008886742	leiden1	GeoB25202_R2	75.351	state_03	MFI	0	state_03	IG-D
1	LV7008886742	leiden2	GeoB25202_R2	75.351	state_03	MFI	0	state_03	IG-D
1	LV7008886742	leiden3	GeoB25202_R2	75.351	state_03	MFI	0	state_03	IG-D
1	LV7008886742	leiden4	GeoB25202_R2	75.351	state_03	MFI	0	state_03	IG-D
1	LV7008886742	grey	GeoB25202_R2	75.351	state_03	MFI	0	state_03	IG-D
1	LV7008886742	leiden5	GeoB25202_R2	75.351	state_03	MFI	0	state_03	IG-D
1	LV7008886742	leiden6	GeoB25202_R2	75.351	state_03	MFI	0	state_03	IG-D
1	LV7008886743	leiden3	GeoB25202_R1	81.6705	state_03	MFI	0	state_03	IG-D
1	LV7008886743	leiden4	GeoB25202_R1	81.6705	state_03	MFI	0	state_03	IG-D
1	LV7008886743	grey	GeoB25202_R1	81.6705	state_03	MFI	0	state_03	IG-D
1	LV7008886743	leiden1	GeoB25202_R1	81.6705	state_03	MFI	0	state_03	IG-D
1	LV7008886743	leiden5	GeoB25202_R1	81.6705	state_03	MFI	0	state_03	IG-D
1	LV7008886743	leiden2	GeoB25202_R1	81.6705	state_03	MFI	0	state_03	IG-D
1	LV7008886744	leiden3	GeoB25202_R1	105.5785	state_03	MFI	0	state_03	IG-D
1	LV7008886744	leiden4	GeoB25202_R1	105.5785	state_03	MFI	0	state_03	IG-D
1	LV7008886744	leiden5	GeoB25202_R1	105.5785	state_03	MFI	0	state_03	IG-D
1	LV7008886744	leiden1	GeoB25202_R1	105.5785	state_03	MFI	0	state_03	IG-D
1	LV7008886744	grey	GeoB25202_R1	105.5785	state_03	MFI	0	state_03	IG-D
1	LV7008886744	leiden2	GeoB25202_R1	105.5785	state_03	MFI	0	state_03	IG-D
1	LV7008886744	leiden6	GeoB25202_R1	105.5785	state_03	MFI	0	state_03	IG-D
1	LV7008886754	leiden3	GeoB25202_R1	71.8895	state_03	MFI	0	state_03	IG-D
1	LV7008886754	leiden4	GeoB25202_R1	71.8895	state_03	MFI	0	state_03	IG-D
1	LV7008886754	leiden1	GeoB25202_R1	71.8895	state_03	MFI	0	state_03	IG-D
1	LV7008886754	grey	GeoB25202_R1	71.8895	state_03	MFI	0	state_03	IG-D
1	LV7008886754	leiden5	GeoB25202_R1	71.8895	state_03	MFI	0	state_03	IG-D
1	LV7008886754	leiden6	GeoB25202_R1	71.8895	state_03	MFI	0	state_03	IG-D
1	LV7008886754	leiden2	GeoB25202_R1	71.8895	state_03	MFI	0	state_03	IG-D
1	LV7008886755	leiden3	GeoB25202_R2	81.6705	state_03	MFI	0	state_03	IG-D
1	LV7008886755	leiden4	GeoB25202_R2	81.6705	state_03	MFI	0	state_03	IG-D
1	LV7008886755	leiden1	GeoB25202_R2	81.6705	state_03	MFI	0	state_03	IG-D
1	LV7008886755	grey	GeoB25202_R2	81.6705	state_03	MFI	0	state_03	IG-D
1	LV7008886755	leiden5	GeoB25202_R2	81.6705	state_03	MFI	0	state_03	IG-D
1	LV7008886755	leiden2	GeoB25202_R2	81.6705	state_03	MFI	0	state_03	IG-D
1	LV7008886756	leiden3	GeoB25202_R2	105.5785	state_03	MFI	0	state_03	IG-D
1	LV7008886756	leiden4	GeoB25202_R2	105.5785	state_03	MFI	0	state_03	IG-D
1	LV7008886756	grey	GeoB25202_R2	105.5785	state_03	MFI	0	state_03	IG-D
1	LV7008886756	leiden1	GeoB25202_R2	105.5785	state_03	MFI	0	state_03	IG-D
1	LV7008886756	leiden5	GeoB25202_R2	105.5785	state_03	MFI	0	state_03	IG-D
1	LV7008886756	leiden2	GeoB25202_R2	105.5785	state_03	MFI	0	state_03	IG-D
1	LV7008886756	leiden6	GeoB25202_R2	105.5785	state_03	MFI	0	state_03	IG-D
1	LV7008886766	leiden2	GeoB25202_R2	71.8895	state_03	MFI	0	state_03	IG-D
1	LV7008886766	leiden3	GeoB25202_R2	71.8895	state_03	MFI	0	state_03	IG-D
1	LV7008886766	leiden4	GeoB25202_R2	71.8895	state_03	MFI	0	state_03	IG-D
1	LV7008886766	leiden1	GeoB25202_R2	71.8895	state_03	MFI	0	state_03	IG-D
1	LV7008886766	leiden5	GeoB25202_R2	71.8895	state_03	MFI	0	state_03	IG-D
1	LV7008886766	leiden6	GeoB25202_R2	71.8895	state_03	MFI	0	state_03	IG-D
1	LV7008886766	grey	GeoB25202_R2	71.8895	state_03	MFI	0	state_03	IG-D
1	LV7008886768	leiden3	GeoB25202_R1	102.2955	state_03	MFI	0	state_03	IG-D
1	LV7008886768	leiden4	GeoB25202_R1	102.2955	state_03	MFI	0	state_03	IG-D
1	LV7008886768	leiden1	GeoB25202_R1	102.2955	state_03	MFI	0	state_03	IG-D
1	LV7008886768	grey	GeoB25202_R1	102.2955	state_03	MFI	0	state_03	IG-D
1	LV7008886768	leiden2	GeoB25202_R1	102.2955	state_03	MFI	0	state_03	IG-D
1	LV7008886768	leiden5	GeoB25202_R1	102.2955	state_03	MFI	0	state_03	IG-D
1	LV7008886768	leiden6	GeoB25202_R1	102.2955	state_03	MFI	0	state_03	IG-D
1	LV7008886778	leiden2	GeoB25202_R1	68.149	state_03	MFI	0	state_03	IG-D
1	LV7008886778	leiden3	GeoB25202_R1	68.149	state_03	MFI	0	state_03	IG-D
1	LV7008886778	leiden4	GeoB25202_R1	68.149	state_03	MFI	0	state_03	IG-D
1	LV7008886778	leiden1	GeoB25202_R1	68.149	state_03	MFI	0	state_03	IG-D
1	LV7008886778	grey	GeoB25202_R1	68.149	state_03	MFI	0	state_03	IG-D
1	LV7008886778	leiden5	GeoB25202_R1	68.149	state_03	MFI	0	state_03	IG-D
1	LV7008886778	leiden6	GeoB25202_R1	68.149	state_03	MFI	0	state_03	IG-D
1	LV7008886780	leiden3	GeoB25202_R2	102.2955	state_03	MFI	0	state_03	IG-D
1	LV7008886780	leiden4	GeoB25202_R2	102.2955	state_03	MFI	0	state_03	IG-D
1	LV7008886780	leiden2	GeoB25202_R2	102.2955	state_03	MFI	0	state_03	IG-D
1	LV7008886780	leiden1	GeoB25202_R2	102.2955	state_03	MFI	0	state_03	IG-D
1	LV7008886780	grey	GeoB25202_R2	102.2955	state_03	MFI	0	state_03	IG-D
1	LV7008886780	leiden5	GeoB25202_R2	102.2955	state_03	MFI	0	state_03	IG-D
1	LV3003046938	leiden3	ST8	11.169	state_03	DCI	2.1896584699762	state_03	IG-D
1	LV3003046938	leiden4	ST8	11.169	state_03	DCI	2.71858944759995	state_03	IG-D
1	LV3003046938	leiden1	ST8	11.169	state_03	DCI	0.84776358653123	state_03	IG-D
1	LV3003046938	leiden2	ST8	11.169	state_03	DCI	3.41342959881119	state_03	IG-D
1	LV3003046938	leiden6	ST8	11.169	state_03	DCI	-1.24923760995032	state_03	IG-D
1	LV3003046938	grey	ST8	11.169	state_03	DCI	-7.92020349296825	state_03	IG-D
1	LV3003046939	leiden3	ST8	2.42	state_03	DCI	2.0478444384628	state_03	IG-D
1	LV3003046939	leiden4	ST8	2.42	state_03	DCI	2.03404679451813	state_03	IG-D
1	LV3003046939	leiden1	ST8	2.42	state_03	DCI	-7.93301282467187	state_03	IG-D
1	LV3003046939	leiden2	ST8	2.42	state_03	DCI	4.35090566492141	state_03	IG-D
1	LV3003046939	leiden6	ST8	2.42	state_03	DCI	-10.0466060952052	state_03	IG-D
1	LV3003046939	grey	ST8	2.42	state_03	DCI	4.77341101098734	state_03	IG-D
1	LV3003046939	leiden5	ST8	2.42	state_03	DCI	4.77341101098734	state_03	IG-D
1	LV3003046952	leiden3	ST8	10.26	state_03	DCI	0.908315219066553	state_03	IG-D
1	LV3003046952	leiden4	ST8	10.26	state_03	DCI	1.0900160497558	state_03	IG-D
1	LV3003046952	leiden2	ST8	10.26	state_03	DCI	3.28473940547201	state_03	IG-D
1	LV3003046952	leiden6	ST8	10.26	state_03	DCI	-11.7228970776803	state_03	IG-D
1	LV3003046952	leiden1	ST8	10.26	state_03	DCI	0.77181660544047	state_03	IG-D
1	LV3003046952	grey	ST8	10.26	state_03	DCI	2.83400489897275	state_03	IG-D
1	LV3003046952	leiden5	ST8	10.26	state_03	DCI	2.83400489897275	state_03	IG-D
1	LV3003046953	leiden1	ST8	1.5215	state_03	DCI	2.04583625666597	state_03	IG-D
1	LV3003046953	leiden3	ST8	1.5215	state_03	DCI	0.796321938273741	state_03	IG-D
1	LV3003046953	leiden4	ST8	1.5215	state_03	DCI	0.265545400452707	state_03	IG-D
1	LV3003046953	leiden2	ST8	1.5215	state_03	DCI	2.38111651549751	state_03	IG-D
1	LV3003046953	leiden5	ST8	1.5215	state_03	DCI	3.14176757858082	state_03	IG-D
1	LV3003046953	grey	ST8	1.5215	state_03	DCI	3.14176757858082	state_03	IG-D
1	LV3003046953	leiden6	ST8	1.5215	state_03	DCI	-11.7723552680516	state_03	IG-D
1	LV3003046980	leiden3	ST8	8.056	state_03	DCI	-3.16129847037308	state_03	IG-D
1	LV3003046980	leiden4	ST8	8.056	state_03	DCI	-2.58896180683857	state_03	IG-D
1	LV3003046980	grey	ST8	8.056	state_03	DCI	-1.07462100710707	state_03	IG-D
1	LV3003046980	leiden2	ST8	8.056	state_03	DCI	-0.339573876812629	state_03	IG-D
1	LV3003046980	leiden1	ST8	8.056	state_03	DCI	-4.07058313929901	state_03	IG-D
1	LV3003046980	leiden5	ST8	8.056	state_03	DCI	12.3096593075374	state_03	IG-D
1	LV3003046980	leiden6	ST8	8.056	state_03	DCI	-1.07462100710707	state_03	IG-D
1	LV3003046995	leiden1	ST8	6.9705	state_03	DCI	2.56504836427516	state_03	IG-D
1	LV3003046995	leiden3	ST8	6.9705	state_03	DCI	-0.0804626153025696	state_03	IG-D
1	LV3003046995	leiden4	ST8	6.9705	state_03	DCI	0.825517826002208	state_03	IG-D
1	LV3003046995	leiden2	ST8	6.9705	state_03	DCI	2.96144540016935	state_03	IG-D
1	LV3003046995	grey	ST8	6.9705	state_03	DCI	2.56504836427516	state_03	IG-D
1	LV3003046995	leiden5	ST8	6.9705	state_03	DCI	2.56504836427516	state_03	IG-D
1	LV3003046995	leiden6	ST8	6.9705	state_03	DCI	-11.4016457036945	state_03	IG-D
1	LV3003047010	leiden3	ST8	13.676	state_03	DCI	0.713573284236923	state_03	IG-D
1	LV3003047010	leiden4	ST8	13.676	state_03	DCI	1.52777170701598	state_03	IG-D
1	LV3003047010	leiden1	ST8	13.676	state_03	DCI	0.779723238974198	state_03	IG-D
1	LV3003047010	leiden6	ST8	13.676	state_03	DCI	-10.990220198938	state_03	IG-D
1	LV3003047010	grey	ST8	13.676	state_03	DCI	2.85916478065403	state_03	IG-D
1	LV3003047010	leiden2	ST8	13.676	state_03	DCI	2.25082240740287	state_03	IG-D
1	LV3003047010	leiden5	ST8	13.676	state_03	DCI	2.85916478065403	state_03	IG-D
1	LV3003047013	leiden1	ST8	5.885	state_03	DCI	12.9329005122774	state_03	IG-D
1	LV3003047013	leiden3	ST8	5.885	state_03	DCI	-8.29100128651884	state_03	IG-D
1	LV3003047013	leiden4	ST8	5.885	state_03	DCI	0.811086778611981	state_03	IG-D
1	LV3003047013	leiden2	ST8	5.885	state_03	DCI	1.3697174570341	state_03	IG-D
1	LV3003047013	grey	ST8	5.885	state_03	DCI	2.37995350483871	state_03	IG-D
1	LV3003047013	leiden5	ST8	5.885	state_03	DCI	2.37995350483871	state_03	IG-D
1	LV3003047013	leiden6	ST8	5.885	state_03	DCI	-11.5826104710821	state_03	IG-D
1	LV3003047027	leiden3	ST8	12.877	state_03	DCI	1.47104109340073	state_03	IG-D
1	LV3003047027	leiden4	ST8	12.877	state_03	DCI	1.57564590498521	state_03	IG-D
1	LV3003047027	leiden1	ST8	12.877	state_03	DCI	1.24697615825004	state_03	IG-D
1	LV3003047027	leiden2	ST8	12.877	state_03	DCI	2.94728752058348	state_03	IG-D
1	LV3003047027	leiden6	ST8	12.877	state_03	DCI	-0.108807238824192	state_03	IG-D
1	LV3003047027	grey	ST8	12.877	state_03	DCI	-10.3690177939112	state_03	IG-D
1	LV3003047027	leiden5	ST8	12.877	state_03	DCI	3.23687435551592	state_03	IG-D
1	LV3003047045	leiden1	ST8	3.5865	state_03	DCI	13.0118272164384	state_03	IG-D
1	LV3003047045	leiden3	ST8	3.5865	state_03	DCI	-8.03188800914514	state_03	IG-D
1	LV3003047045	leiden4	ST8	3.5865	state_03	DCI	0.527571720989766	state_03	IG-D
1	LV3003047045	leiden2	ST8	3.5865	state_03	DCI	1.63906310955592	state_03	IG-D
1	LV3003047045	leiden6	ST8	3.5865	state_03	DCI	-12.2838636257641	state_03	IG-D
1	LV3003047045	grey	ST8	3.5865	state_03	DCI	2.56864479396258	state_03	IG-D
1	LV3003047045	leiden5	ST8	3.5865	state_03	DCI	2.56864479396258	state_03	IG-D
1	LV3003047079	leiden3	ST8	97.52	state_03	DCI	3.23980809448636	state_03	IG-D
1	LV3003047079	leiden4	ST8	97.52	state_03	DCI	2.52694679778995	state_03	IG-D
1	LV3003047079	grey	ST8	97.52	state_03	DCI	-8.61209744355769	state_03	IG-D
1	LV3003047079	leiden5	ST8	97.52	state_03	DCI	-8.48785358037821	state_03	IG-D
1	LV3003047079	leiden2	ST8	97.52	state_03	DCI	4.09598622063487	state_03	IG-D
1	LV3003047079	leiden1	ST8	97.52	state_03	DCI	3.61860495551236	state_03	IG-D
1	LV3003047079	leiden6	ST8	97.52	state_03	DCI	3.61860495551236	state_03	IG-D
1	LV3003047080	leiden4	ST8	87.9935	state_03	DCI	4.29963503961606	state_03	IG-D
1	LV3003047080	leiden1	ST8	87.9935	state_03	DCI	-6.91965838610991	state_03	IG-D
1	LV3003047080	leiden3	ST8	87.9935	state_03	DCI	6.36957845941053	state_03	IG-D
1	LV3003047080	leiden5	ST8	87.9935	state_03	DCI	-4.13164731973309	state_03	IG-D
1	LV3003047080	grey	ST8	87.9935	state_03	DCI	-4.66510274694148	state_03	IG-D
1	LV3003047080	leiden2	ST8	87.9935	state_03	DCI	5.04719495375789	state_03	IG-D
1	LV3003047091	leiden4	ST8	89.37525	state_03	DCI	2.573941540839	state_03	IG-D
1	LV3003047091	leiden5	ST8	89.37525	state_03	DCI	-7.8413989394671	state_03	IG-D
1	LV3003047091	grey	ST8	89.37525	state_03	DCI	3.12867717258796	state_03	IG-D
1	LV3003047091	leiden3	ST8	89.37525	state_03	DCI	4.73792237394725	state_03	IG-D
1	LV3003047091	leiden2	ST8	89.37525	state_03	DCI	-6.5293757995622	state_03	IG-D
1	LV3003047091	leiden1	ST8	89.37525	state_03	DCI	3.93023365165509	state_03	IG-D
1	LV3003047093	leiden3	ST8	79.675	state_03	DCI	2.02861528702831	state_03	IG-D
1	LV3003047093	leiden4	ST8	79.675	state_03	DCI	0.682950256786449	state_03	IG-D
1	LV3003047093	leiden1	ST8	79.675	state_03	DCI	2.38104340177816	state_03	IG-D
1	LV3003047093	grey	ST8	79.675	state_03	DCI	2.38104340177816	state_03	IG-D
1	LV3003047093	leiden5	ST8	79.675	state_03	DCI	-9.25104664976551	state_03	IG-D
1	LV3003047093	leiden2	ST8	79.675	state_03	DCI	1.77739430239444	state_03	IG-D
1	LV3003047100	leiden3	ST8	86.61175	state_03	DCI	5.25647771372711	state_03	IG-D
1	LV3003047100	leiden4	ST8	86.61175	state_03	DCI	3.38393383458495	state_03	IG-D
1	LV3003047100	leiden5	ST8	86.61175	state_03	DCI	-5.91923305469877	state_03	IG-D
1	LV3003047100	grey	ST8	86.61175	state_03	DCI	-5.52022531513209	state_03	IG-D
1	LV3003047100	leiden2	ST8	86.61175	state_03	DCI	4.56134791272263	state_03	IG-D
1	LV3003047100	leiden1	ST8	86.61175	state_03	DCI	-7.33697171864625	state_03	IG-D
1	LV3003047100	leiden6	ST8	86.61175	state_03	DCI	5.57467062744243	state_03	IG-D
1	LV3003047101	leiden4	ST8	85.23	state_03	DCI	1.92873260661467	state_03	IG-D
1	LV3003047101	leiden1	ST8	85.23	state_03	DCI	-8.86685137686427	state_03	IG-D
1	LV3003047101	grey	ST8	85.23	state_03	DCI	4.19855181678926	state_03	IG-D
1	LV3003047101	leiden2	ST8	85.23	state_03	DCI	-4.96438949955823	state_03	IG-D
1	LV3003047101	leiden3	ST8	85.23	state_03	DCI	3.50540463622931	state_03	IG-D
1	LV3003047101	leiden5	ST8	85.23	state_03	DCI	4.19855181678926	state_03	IG-D
1	LV3003047107	leiden4	ST8	71.517	state_03	DCI	0.569638445304848	state_03	IG-D
1	LV3003047107	leiden3	ST8	71.517	state_03	DCI	13.4764839818972	state_03	IG-D
1	LV3003047107	leiden5	ST8	71.517	state_03	DCI	-8.97124831945825	state_03	IG-D
1	LV3003047107	leiden2	ST8	71.517	state_03	DCI	1.95832074060519	state_03	IG-D
1	LV3003047107	grey	ST8	71.517	state_03	DCI	2.51602850990424	state_03	IG-D
1	LV3003047107	leiden1	ST8	71.517	state_03	DCI	2.51602850990424	state_03	IG-D
1	LV3003047107	leiden6	ST8	71.517	state_03	DCI	-12.0652518681575	state_03	IG-D
1	LV3003047133	leiden3	ST8	70.162	state_03	DCI	6.8980616882779	state_03	IG-D
1	LV3003047133	leiden4	ST8	70.162	state_03	DCI	5.49682429015653	state_03	IG-D
1	LV3003047133	leiden6	ST8	70.162	state_03	DCI	-5.65844934668868	state_03	IG-D
1	LV3003047133	leiden2	ST8	70.162	state_03	DCI	6.86654153995565	state_03	IG-D
1	LV3003047133	grey	ST8	70.162	state_03	DCI	-3.6104842958198	state_03	IG-D
1	LV3003047133	leiden5	ST8	70.162	state_03	DCI	-5.18560612591674	state_03	IG-D
1	LV3003047133	leiden1	ST8	70.162	state_03	DCI	-4.80688774996485	state_03	IG-D
1	LV3003047134	leiden1	ST8	68.807	state_03	DCI	-6.51078456497914	state_03	IG-D
1	LV3003047134	leiden3	ST8	68.807	state_03	DCI	-2.01773492183384	state_03	IG-D
1	LV3003047134	leiden4	ST8	68.807	state_03	DCI	5.44466895738698	state_03	IG-D
1	LV3003047134	leiden5	ST8	68.807	state_03	DCI	-6.47615318104017	state_03	IG-D
1	LV3003047134	leiden2	ST8	68.807	state_03	DCI	-4.51361362905191	state_03	IG-D
1	LV3003047134	grey	ST8	68.807	state_03	DCI	7.03680866975904	state_03	IG-D
1	LV3003047134	leiden6	ST8	68.807	state_03	DCI	7.03680866975904	state_03	IG-D
1	LV3003047136	leiden3	ST8	67.8766	state_03	DCI	4.05268731241437	state_03	IG-D
1	LV3003047136	leiden4	ST8	67.8766	state_03	DCI	3.5970532216179	state_03	IG-D
1	LV3003047136	leiden5	ST8	67.8766	state_03	DCI	-7.19917286689829	state_03	IG-D
1	LV3003047136	leiden2	ST8	67.8766	state_03	DCI	3.18166934252244	state_03	IG-D
1	LV3003047136	leiden1	ST8	67.8766	state_03	DCI	-8.96907360438682	state_03	IG-D
1	LV3003047136	grey	ST8	67.8766	state_03	DCI	5.33683659473041	state_03	IG-D
1	LV3003047137	leiden4	ST8	66.9462	state_03	DCI	1.548331533816	state_03	IG-D
1	LV3003047137	leiden3	ST8	66.9462	state_03	DCI	15.5240011511887	state_03	IG-D
1	LV3003047137	leiden5	ST8	66.9462	state_03	DCI	-7.56468608326941	state_03	IG-D
1	LV3003047137	leiden2	ST8	66.9462	state_03	DCI	3.41040003471426	state_03	IG-D
1	LV3003047137	grey	ST8	66.9462	state_03	DCI	3.99579435397776	state_03	IG-D
1	LV3003047137	leiden1	ST8	66.9462	state_03	DCI	-5.96483524552564	state_03	IG-D
1	LV3003047137	leiden6	ST8	66.9462	state_03	DCI	-10.9490057449017	state_03	IG-D
1	LV3003047138	leiden4	ST8	66.0158	state_03	DCI	4.47292070546735	state_03	IG-D
1	LV3003047138	leiden5	ST8	66.0158	state_03	DCI	-6.79403224748938	state_03	IG-D
1	LV3003047138	grey	ST8	66.0158	state_03	DCI	6.13037611245907	state_03	IG-D
1	LV3003047138	leiden3	ST8	66.0158	state_03	DCI	15.3216309600741	state_03	IG-D
1	LV3003047138	leiden2	ST8	66.0158	state_03	DCI	-3.7338517371127	state_03	IG-D
1	LV3003047138	leiden1	ST8	66.0158	state_03	DCI	-7.52736309607715	state_03	IG-D
1	LV3003047138	leiden6	ST8	66.0158	state_03	DCI	-7.86968069732127	state_03	IG-D
1	LV3003061474	leiden1	ST13	77.7798	state_03	DCI	1.13455040539809	state_03	IG-D
1	LV3003061474	leiden2	ST13	77.7798	state_03	DCI	2.92623338374735	state_03	IG-D
1	LV3003061474	leiden3	ST13	77.7798	state_03	DCI	1.79397417563269	state_03	IG-D
1	LV3003061474	leiden4	ST13	77.7798	state_03	DCI	0.508183831374204	state_03	IG-D
1	LV3003061474	leiden6	ST13	77.7798	state_03	DCI	15.7025038918835	state_03	IG-D
1	LV3003061474	leiden5	ST13	77.7798	state_03	DCI	-10.6740487110781	state_03	IG-D
1	LV3003061474	grey	ST13	77.7798	state_03	DCI	-11.3913969769578	state_03	IG-D
1	LV3003061485	leiden1	ST13	75.7796	state_03	DCI	0.0105158137308801	state_03	IG-D
1	LV3003061485	leiden3	ST13	75.7796	state_03	DCI	-0.380412723821324	state_03	IG-D
1	LV3003061485	leiden4	ST13	75.7796	state_03	DCI	-0.783323688528397	state_03	IG-D
1	LV3003061485	leiden2	ST13	75.7796	state_03	DCI	-0.072806695969849	state_03	IG-D
1	LV3003061485	leiden6	ST13	75.7796	state_03	DCI	1.66867255751546	state_03	IG-D
1	LV3003061485	leiden5	ST13	75.7796	state_03	DCI	-1.10966723961691	state_03	IG-D
1	LV3003061485	grey	ST13	75.7796	state_03	DCI	0.667021976690145	state_03	IG-D
1	LV3003061500	leiden2	ST13	148.086	state_03	DCI	-0.239833425791645	state_03	IG-D
1	LV3003061500	leiden4	ST13	148.086	state_03	DCI	-2.65404140460266	state_03	IG-D
1	LV3003061500	leiden1	ST13	148.086	state_03	DCI	-2.20850265198879	state_03	IG-D
1	LV3003061500	leiden5	ST13	148.086	state_03	DCI	-3.53155011153441	state_03	IG-D
1	LV3003061500	leiden3	ST13	148.086	state_03	DCI	-0.59486010827266	state_03	IG-D
1	LV3003061500	grey	ST13	148.086	state_03	DCI	9.7366364334732	state_03	IG-D
1	LV3003061500	leiden6	ST13	148.086	state_03	DCI	-0.50784873128303	state_03	IG-D
1	LV3003061501	leiden3	ST13	105.5872	state_03	DCI	-1.13758107771222	state_03	IG-D
1	LV3003061501	leiden4	ST13	105.5872	state_03	DCI	-2.29650747122154	state_03	IG-D
1	LV3003061501	leiden2	ST13	105.5872	state_03	DCI	-1.65227263364456	state_03	IG-D
1	LV3003061501	leiden6	ST13	105.5872	state_03	DCI	-3.22753338667478	state_03	IG-D
1	LV3003061501	leiden5	ST13	105.5872	state_03	DCI	11.0392492268877	state_03	IG-D
1	LV3003061501	leiden1	ST13	105.5872	state_03	DCI	-2.166613199518	state_03	IG-D
1	LV3003061501	grey	ST13	105.5872	state_03	DCI	-0.558741458116641	state_03	IG-D
1	LV3003061503	leiden1	ST13	73.1472	state_03	DCI	-0.848840924951486	state_03	IG-D
1	LV3003061503	leiden2	ST13	73.1472	state_03	DCI	0.0934019381474771	state_03	IG-D
1	LV3003061503	leiden3	ST13	73.1472	state_03	DCI	-0.0822935060378409	state_03	IG-D
1	LV3003061503	leiden4	ST13	73.1472	state_03	DCI	-0.317633605020464	state_03	IG-D
1	LV3003061503	leiden6	ST13	73.1472	state_03	DCI	0.324471388716969	state_03	IG-D
1	LV3003061503	leiden5	ST13	73.1472	state_03	DCI	-0.323924981645054	state_03	IG-D
1	LV3003061503	grey	ST13	73.1472	state_03	DCI	1.1548196907904	state_03	IG-D
1	LV3003061514	leiden2	ST13	100.6726	state_03	DCI	1.7586068643931	state_03	IG-D
1	LV3003061514	leiden3	ST13	100.6726	state_03	DCI	2.25337674292432	state_03	IG-D
1	LV3003061514	leiden4	ST13	100.6726	state_03	DCI	1.3770246040989	state_03	IG-D
1	LV3003061514	leiden1	ST13	100.6726	state_03	DCI	1.57045243598618	state_03	IG-D
1	LV3003061514	leiden6	ST13	100.6726	state_03	DCI	-10.6221195802366	state_03	IG-D
1	LV3003061514	grey	ST13	100.6726	state_03	DCI	0.748904931873283	state_03	IG-D
1	LV3003061514	leiden5	ST13	100.6726	state_03	DCI	2.91375400096077	state_03	IG-D
1	LV3003061515	leiden1	ST13	71.0012	state_03	DCI	1.80499687963602	state_03	IG-D
1	LV3003061515	leiden3	ST13	71.0012	state_03	DCI	0.806756276485362	state_03	IG-D
1	LV3003061515	leiden4	ST13	71.0012	state_03	DCI	1.30127431862897	state_03	IG-D
1	LV3003061515	leiden2	ST13	71.0012	state_03	DCI	2.03612775248	state_03	IG-D
1	LV3003061515	leiden6	ST13	71.0012	state_03	DCI	1.07606426929567	state_03	IG-D
1	LV3003061515	grey	ST13	71.0012	state_03	DCI	2.92711290377515	state_03	IG-D
1	LV3003061515	leiden5	ST13	71.0012	state_03	DCI	-9.95233240030118	state_03	IG-D
1	LV3003061528	leiden3	ST13	95.118	state_03	DCI	-1.98152349320413	state_03	IG-D
1	LV3003061528	leiden4	ST13	95.118	state_03	DCI	-3.04629148624858	state_03	IG-D
1	LV3003061528	leiden2	ST13	95.118	state_03	DCI	-1.71691981405081	state_03	IG-D
1	LV3003061528	leiden1	ST13	95.118	state_03	DCI	-2.91456025172463	state_03	IG-D
1	LV3003061528	leiden5	ST13	95.118	state_03	DCI	11.7130140227386	state_03	IG-D
1	LV3003061528	grey	ST13	95.118	state_03	DCI	-1.02685948875524	state_03	IG-D
1	LV3003061528	leiden6	ST13	95.118	state_03	DCI	-1.02685948875524	state_03	IG-D
1	LV3003061529	leiden1	ST13	66.015	state_03	DCI	-0.951794075034317	state_03	IG-D
1	LV3003061529	leiden2	ST13	66.015	state_03	DCI	1.14030683696583	state_03	IG-D
1	LV3003061529	leiden3	ST13	66.015	state_03	DCI	-0.3348155177207	state_03	IG-D
1	LV3003061529	leiden4	ST13	66.015	state_03	DCI	-0.975505337384539	state_03	IG-D
1	LV3003061529	leiden5	ST13	66.015	state_03	DCI	-0.0942863993266835	state_03	IG-D
1	LV3003061529	grey	ST13	66.015	state_03	DCI	0.939841435409405	state_03	IG-D
1	LV3003061529	leiden6	ST13	66.015	state_03	DCI	0.276253057091003	state_03	IG-D
1	LV3003061541	leiden3	ST13	91.09	state_03	DCI	0.541086557312128	state_03	IG-D
1	LV3003061541	leiden4	ST13	91.09	state_03	DCI	-1.8383796893471	state_03	IG-D
1	LV3003061541	leiden5	ST13	91.09	state_03	DCI	1.02674517945573	state_03	IG-D
1	LV3003061541	leiden6	ST13	91.09	state_03	DCI	1.82892531534718	state_03	IG-D
1	LV3003061541	leiden2	ST13	91.09	state_03	DCI	-0.00506298965583096	state_03	IG-D
1	LV3003061541	grey	ST13	91.09	state_03	DCI	-0.224274109434812	state_03	IG-D
1	LV3003061541	leiden1	ST13	91.09	state_03	DCI	-1.3290402636773	state_03	IG-D
1	LV3003061543	leiden1	ST13	62.293	state_03	DCI	-0.244106436419968	state_03	IG-D
1	LV3003061543	leiden2	ST13	62.293	state_03	DCI	0.204008068479868	state_03	IG-D
1	LV3003061543	leiden3	ST13	62.293	state_03	DCI	-0.651463737445956	state_03	IG-D
1	LV3003061543	leiden4	ST13	62.293	state_03	DCI	-0.693863183478361	state_03	IG-D
1	LV3003061543	leiden5	ST13	62.293	state_03	DCI	-0.213587711568761	state_03	IG-D
1	LV3003061543	leiden6	ST13	62.293	state_03	DCI	0.899952971406284	state_03	IG-D
1	LV3003061543	grey	ST13	62.293	state_03	DCI	0.699060029026893	state_03	IG-D
1	LV3003061556	leiden2	ST13	86.6174	state_03	DCI	0.389954661986409	state_03	IG-D
1	LV3003061556	leiden3	ST13	86.6174	state_03	DCI	-0.54164212017212	state_03	IG-D
1	LV3003061556	leiden4	ST13	86.6174	state_03	DCI	-0.946862175637199	state_03	IG-D
1	LV3003061556	leiden1	ST13	86.6174	state_03	DCI	-0.79770176490738	state_03	IG-D
1	LV3003061556	leiden5	ST13	86.6174	state_03	DCI	-13.0878850982633	state_03	IG-D
1	LV3003061556	grey	ST13	86.6174	state_03	DCI	0.811736147526721	state_03	IG-D
1	LV3003061556	leiden6	ST13	86.6174	state_03	DCI	14.1724003494669	state_03	IG-D
1	LV3003061557	leiden3	ST13	58.082	state_03	DCI	1.99330504999611	state_03	IG-D
1	LV3003061557	leiden4	ST13	58.082	state_03	DCI	1.06098303188173	state_03	IG-D
1	LV3003061557	leiden2	ST13	58.082	state_03	DCI	1.88946105255192	state_03	IG-D
1	LV3003061557	leiden6	ST13	58.082	state_03	DCI	-11.7525829427466	state_03	IG-D
1	LV3003061557	grey	ST13	58.082	state_03	DCI	2.13445963322334	state_03	IG-D
1	LV3003061557	leiden1	ST13	58.082	state_03	DCI	2.53991454187013	state_03	IG-D
1	LV3003061557	leiden5	ST13	58.082	state_03	DCI	2.13445963322334	state_03	IG-D
1	LV3003061569	leiden2	ST13	81.6946	state_03	DCI	4.74182049698425	state_03	IG-D
1	LV3003061569	leiden3	ST13	81.6946	state_03	DCI	4.3738015508435	state_03	IG-D
1	LV3003061569	leiden4	ST13	81.6946	state_03	DCI	2.86126408169532	state_03	IG-D
1	LV3003061569	leiden1	ST13	81.6946	state_03	DCI	3.92992691527498	state_03	IG-D
1	LV3003061569	leiden5	ST13	81.6946	state_03	DCI	-7.79418375963627	state_03	IG-D
1	LV3003061569	grey	ST13	81.6946	state_03	DCI	-8.11262928516179	state_03	IG-D
1	LV7001898088	leiden1	ST13	6.031	state_03	DCI	4.02112508653097	state_03	IG-D
1	LV7001898088	leiden3	ST13	6.031	state_03	DCI	-4.72271306341763	state_03	IG-D
1	LV7001898088	leiden4	ST13	6.031	state_03	DCI	3.03319785165512	state_03	IG-D
1	LV7001898088	leiden2	ST13	6.031	state_03	DCI	5.50899898169401	state_03	IG-D
1	LV7001898088	leiden6	ST13	6.031	state_03	DCI	4.94552616837541	state_03	IG-D
1	LV7001898088	leiden5	ST13	6.031	state_03	DCI	-6.10060524145583	state_03	IG-D
1	LV7001898088	grey	ST13	6.031	state_03	DCI	-6.68552978338205	state_03	IG-D
1	LV7001898100	leiden1	ST13	5.659	state_03	DCI	13.3869972903592	state_03	IG-D
1	LV7001898100	leiden3	ST13	5.659	state_03	DCI	-8.03488524639939	state_03	IG-D
1	LV7001898100	leiden4	ST13	5.659	state_03	DCI	-0.316460633382227	state_03	IG-D
1	LV7001898100	leiden2	ST13	5.659	state_03	DCI	1.85139149768158	state_03	IG-D
1	LV7001898100	grey	ST13	5.659	state_03	DCI	2.67569331279108	state_03	IG-D
1	LV7001898100	leiden5	ST13	5.659	state_03	DCI	2.67569331279108	state_03	IG-D
1	LV7001898100	leiden6	ST13	5.659	state_03	DCI	-12.2384295338413	state_03	IG-D
1	LV7008886229	leiden2	GeoB25202_R2	68.149	state_03	DCI	0.122494712919216	state_03	IG-D
1	LV7008886229	leiden3	GeoB25202_R2	68.149	state_03	DCI	1.35719340432214	state_03	IG-D
1	LV7008886229	leiden4	GeoB25202_R2	68.149	state_03	DCI	-0.0846038459688263	state_03	IG-D
1	LV7008886229	leiden1	GeoB25202_R2	68.149	state_03	DCI	0.340308622286994	state_03	IG-D
1	LV7008886229	leiden5	GeoB25202_R2	68.149	state_03	DCI	-1.82216967507395	state_03	IG-D
1	LV7008886229	leiden6	GeoB25202_R2	68.149	state_03	DCI	0.354410308255302	state_03	IG-D
1	LV7008886229	grey	GeoB25202_R2	68.149	state_03	DCI	-0.267633526740872	state_03	IG-D
1	LV7008886695	leiden3	GeoB25202_R1	95.3875	state_03	DCI	-0.749683103159816	state_03	IG-D
1	LV7008886695	leiden4	GeoB25202_R1	95.3875	state_03	DCI	-2.60636449727229	state_03	IG-D
1	LV7008886695	leiden1	GeoB25202_R1	95.3875	state_03	DCI	-1.29717461975952	state_03	IG-D
1	LV7008886695	grey	GeoB25202_R1	95.3875	state_03	DCI	-1.28550381350546	state_03	IG-D
1	LV7008886695	leiden2	GeoB25202_R1	95.3875	state_03	DCI	-2.86750057315246	state_03	IG-D
1	LV7008886695	leiden6	GeoB25202_R1	95.3875	state_03	DCI	13.4078483952197	state_03	IG-D
1	LV7008886695	leiden5	GeoB25202_R1	95.3875	state_03	DCI	-4.60162178837011	state_03	IG-D
1	LV7008886706	leiden3	GeoB25202_R1	79.0255	state_03	DCI	1.01092045263458	state_03	IG-D
1	LV7008886706	leiden4	GeoB25202_R1	79.0255	state_03	DCI	-0.461430930710239	state_03	IG-D
1	LV7008886706	leiden2	GeoB25202_R1	79.0255	state_03	DCI	0.0371557683802666	state_03	IG-D
1	LV7008886706	leiden1	GeoB25202_R1	79.0255	state_03	DCI	0.974748849657485	state_03	IG-D
1	LV7008886706	grey	GeoB25202_R1	79.0255	state_03	DCI	0.219223136408478	state_03	IG-D
1	LV7008886706	leiden5	GeoB25202_R1	79.0255	state_03	DCI	-3.04304819847983	state_03	IG-D
1	LV7008886706	leiden6	GeoB25202_R1	79.0255	state_03	DCI	1.26243092210927	state_03	IG-D
1	LV7008886707	leiden1	GeoB25202_R2	95.3875	state_03	DCI	-0.411828351267239	state_03	IG-D
1	LV7008886707	leiden3	GeoB25202_R2	95.3875	state_03	DCI	1.29159559098457	state_03	IG-D
1	LV7008886707	leiden4	GeoB25202_R2	95.3875	state_03	DCI	-0.0721504923618328	state_03	IG-D
1	LV7008886707	grey	GeoB25202_R2	95.3875	state_03	DCI	0.612842661155345	state_03	IG-D
1	LV7008886707	leiden5	GeoB25202_R2	95.3875	state_03	DCI	-2.65955078026666	state_03	IG-D
1	LV7008886707	leiden2	GeoB25202_R2	95.3875	state_03	DCI	0.655904298919886	state_03	IG-D
1	LV7008886707	leiden6	GeoB25202_R2	95.3875	state_03	DCI	0.583187072835934	state_03	IG-D
1	LV7008886708	leiden3	GeoB25202_R1	109.6305	state_03	DCI	6.59342954667716	state_03	IG-D
1	LV7008886708	leiden4	GeoB25202_R1	109.6305	state_03	DCI	5.16017161375496	state_03	IG-D
1	LV7008886708	grey	GeoB25202_R1	109.6305	state_03	DCI	5.47715972059745	state_03	IG-D
1	LV7008886708	leiden5	GeoB25202_R1	109.6305	state_03	DCI	-6.81771267686207	state_03	IG-D
1	LV7008886708	leiden2	GeoB25202_R1	109.6305	state_03	DCI	3.131629862212	state_03	IG-D
1	LV7008886708	leiden6	GeoB25202_R1	109.6305	state_03	DCI	-7.84108353606284	state_03	IG-D
1	LV7008886708	leiden1	GeoB25202_R1	109.6305	state_03	DCI	-5.70359453031666	state_03	IG-D
1	LV7008886714	leiden1	GeoB25202_R1	0.692	state_03	DCI	-2.75484316200011	state_03	IG-D
1	LV7008886714	leiden3	GeoB25202_R1	0.692	state_03	DCI	-5.09305478331169	state_03	IG-D
1	LV7008886714	leiden4	GeoB25202_R1	0.692	state_03	DCI	3.06872739059197	state_03	IG-D
1	LV7008886714	leiden2	GeoB25202_R1	0.692	state_03	DCI	8.0606290154224	state_03	IG-D
1	LV7008886714	leiden5	GeoB25202_R1	0.692	state_03	DCI	5.81633219296491	state_03	IG-D
1	LV7008886714	leiden6	GeoB25202_R1	0.692	state_03	DCI	-9.09779065366747	state_03	IG-D
1	LV7008886718	leiden3	GeoB25202_R2	79.0255	state_03	DCI	2.05992761188554	state_03	IG-D
1	LV7008886718	leiden4	GeoB25202_R2	79.0255	state_03	DCI	0.530126064023941	state_03	IG-D
1	LV7008886718	leiden1	GeoB25202_R2	79.0255	state_03	DCI	1.76257470115177	state_03	IG-D
1	LV7008886718	grey	GeoB25202_R2	79.0255	state_03	DCI	0.247149177471862	state_03	IG-D
1	LV7008886718	leiden6	GeoB25202_R2	79.0255	state_03	DCI	2.62466937898041	state_03	IG-D
1	LV7008886718	leiden2	GeoB25202_R2	79.0255	state_03	DCI	1.7108045210697	state_03	IG-D
1	LV7008886718	leiden5	GeoB25202_R2	79.0255	state_03	DCI	-8.93525145458323	state_03	IG-D
1	LV7008886719	leiden3	GeoB25202_R1	87.2825	state_03	DCI	0.647877163893581	state_03	IG-D
1	LV7008886719	leiden4	GeoB25202_R1	87.2825	state_03	DCI	-1.44911841436253	state_03	IG-D
1	LV7008886719	grey	GeoB25202_R1	87.2825	state_03	DCI	0.21808580327487	state_03	IG-D
1	LV7008886719	leiden2	GeoB25202_R1	87.2825	state_03	DCI	-1.36336269874349	state_03	IG-D
1	LV7008886719	leiden1	GeoB25202_R1	87.2825	state_03	DCI	-13.295094305334	state_03	IG-D
1	LV7008886719	leiden5	GeoB25202_R1	87.2825	state_03	DCI	1.220434166359	state_03	IG-D
1	LV7008886719	leiden6	GeoB25202_R1	87.2825	state_03	DCI	14.0211782849126	state_03	IG-D
1	LV7008886720	leiden3	GeoB25202_R2	109.6305	state_03	DCI	6.29924336930855	state_03	IG-D
1	LV7008886720	leiden4	GeoB25202_R2	109.6305	state_03	DCI	4.97491384465203	state_03	IG-D
1	LV7008886720	leiden1	GeoB25202_R2	109.6305	state_03	DCI	-6.22452951006221	state_03	IG-D
1	LV7008886720	grey	GeoB25202_R2	109.6305	state_03	DCI	5.81315352695431	state_03	IG-D
1	LV7008886720	leiden5	GeoB25202_R2	109.6305	state_03	DCI	-5.63813858641532	state_03	IG-D
1	LV7008886720	leiden2	GeoB25202_R2	109.6305	state_03	DCI	2.87980558391764	state_03	IG-D
1	LV7008886720	leiden6	GeoB25202_R2	109.6305	state_03	DCI	-8.104448228355	state_03	IG-D
1	LV7008886726	leiden3	GeoB25202_R2	0.692	state_03	DCI	-6.54182806468166	state_03	IG-D
1	LV7008886726	leiden4	GeoB25202_R2	0.692	state_03	DCI	-0.211284252079836	state_03	IG-D
1	LV7008886726	grey	GeoB25202_R2	0.692	state_03	DCI	4.47155495610935	state_03	IG-D
1	LV7008886726	leiden2	GeoB25202_R2	0.692	state_03	DCI	3.78101533895649	state_03	IG-D
1	LV7008886726	leiden5	GeoB25202_R2	0.692	state_03	DCI	4.47155495610935	state_03	IG-D
1	LV7008886726	leiden1	GeoB25202_R2	0.692	state_03	DCI	4.47155495610935	state_03	IG-D
1	LV7008886726	leiden6	GeoB25202_R2	0.692	state_03	DCI	-10.442567890523	state_03	IG-D
1	LV7008886730	leiden3	GeoB25202_R1	75.351	state_03	DCI	0.965875840159157	state_03	IG-D
1	LV7008886730	leiden4	GeoB25202_R1	75.351	state_03	DCI	-0.271629053813654	state_03	IG-D
1	LV7008886730	leiden1	GeoB25202_R1	75.351	state_03	DCI	0.732419515041867	state_03	IG-D
1	LV7008886730	leiden2	GeoB25202_R1	75.351	state_03	DCI	-0.0428376983854417	state_03	IG-D
1	LV7008886730	grey	GeoB25202_R1	75.351	state_03	DCI	0.311825582345263	state_03	IG-D
1	LV7008886730	leiden6	GeoB25202_R1	75.351	state_03	DCI	0.384070475531531	state_03	IG-D
1	LV7008886730	leiden5	GeoB25202_R1	75.351	state_03	DCI	-2.07972466087872	state_03	IG-D
1	LV7008886731	leiden2	GeoB25202_R2	87.2825	state_03	DCI	-0.238859196044405	state_03	IG-D
1	LV7008886731	leiden3	GeoB25202_R2	87.2825	state_03	DCI	1.68728431388615	state_03	IG-D
1	LV7008886731	leiden4	GeoB25202_R2	87.2825	state_03	DCI	-0.77393395517308	state_03	IG-D
1	LV7008886731	leiden1	GeoB25202_R2	87.2825	state_03	DCI	-0.223354260825368	state_03	IG-D
1	LV7008886731	grey	GeoB25202_R2	87.2825	state_03	DCI	1.36536380401664	state_03	IG-D
1	LV7008886731	leiden5	GeoB25202_R2	87.2825	state_03	DCI	-2.55216996466876	state_03	IG-D
1	LV7008886731	leiden6	GeoB25202_R2	87.2825	state_03	DCI	0.73566925880881	state_03	IG-D
1	LV7008886742	leiden1	GeoB25202_R2	75.351	state_03	DCI	0.100174799505483	state_03	IG-D
1	LV7008886742	leiden2	GeoB25202_R2	75.351	state_03	DCI	0.296753071376366	state_03	IG-D
1	LV7008886742	leiden3	GeoB25202_R2	75.351	state_03	DCI	1.46568142048564	state_03	IG-D
1	LV7008886742	leiden4	GeoB25202_R2	75.351	state_03	DCI	-0.504349902798555	state_03	IG-D
1	LV7008886742	grey	GeoB25202_R2	75.351	state_03	DCI	0.270399767390515	state_03	IG-D
1	LV7008886742	leiden5	GeoB25202_R2	75.351	state_03	DCI	-1.64443379018813	state_03	IG-D
1	LV7008886742	leiden6	GeoB25202_R2	75.351	state_03	DCI	0.0157746342286917	state_03	IG-D
1	LV7008886743	leiden3	GeoB25202_R1	81.6705	state_03	DCI	5.51967346785095	state_03	IG-D
1	LV7008886743	leiden4	GeoB25202_R1	81.6705	state_03	DCI	3.61737027234023	state_03	IG-D
1	LV7008886743	grey	GeoB25202_R1	81.6705	state_03	DCI	4.9585554233379	state_03	IG-D
1	LV7008886743	leiden1	GeoB25202_R1	81.6705	state_03	DCI	-7.48334999083515	state_03	IG-D
1	LV7008886743	leiden5	GeoB25202_R1	81.6705	state_03	DCI	-8.60805103198424	state_03	IG-D
1	LV7008886743	leiden2	GeoB25202_R1	81.6705	state_03	DCI	1.99580185929031	state_03	IG-D
1	LV7008886744	leiden3	GeoB25202_R1	105.5785	state_03	DCI	5.46614299560532	state_03	IG-D
1	LV7008886744	leiden4	GeoB25202_R1	105.5785	state_03	DCI	3.77150140685899	state_03	IG-D
1	LV7008886744	leiden5	GeoB25202_R1	105.5785	state_03	DCI	0.708307383512165	state_03	IG-D
1	LV7008886744	leiden1	GeoB25202_R1	105.5785	state_03	DCI	3.02574293445247	state_03	IG-D
1	LV7008886744	grey	GeoB25202_R1	105.5785	state_03	DCI	3.80831991211911	state_03	IG-D
1	LV7008886744	leiden2	GeoB25202_R1	105.5785	state_03	DCI	-7.38247610567595	state_03	IG-D
1	LV7008886744	leiden6	GeoB25202_R1	105.5785	state_03	DCI	-9.3975385268721	state_03	IG-D
1	LV7008886754	leiden3	GeoB25202_R1	71.8895	state_03	DCI	1.88161140800276	state_03	IG-D
1	LV7008886754	leiden4	GeoB25202_R1	71.8895	state_03	DCI	0.199047982331761	state_03	IG-D
1	LV7008886754	leiden1	GeoB25202_R1	71.8895	state_03	DCI	0.621268257608296	state_03	IG-D
1	LV7008886754	grey	GeoB25202_R1	71.8895	state_03	DCI	0.65316291276541	state_03	IG-D
1	LV7008886754	leiden5	GeoB25202_R1	71.8895	state_03	DCI	-3.02533001961401	state_03	IG-D
1	LV7008886754	leiden6	GeoB25202_R1	71.8895	state_03	DCI	-0.535188502389943	state_03	IG-D
1	LV7008886754	leiden2	GeoB25202_R1	71.8895	state_03	DCI	0.205427961295719	state_03	IG-D
1	LV7008886755	leiden3	GeoB25202_R2	81.6705	state_03	DCI	1.84737016240393	state_03	IG-D
1	LV7008886755	leiden4	GeoB25202_R2	81.6705	state_03	DCI	0.134002992872475	state_03	IG-D
1	LV7008886755	leiden1	GeoB25202_R2	81.6705	state_03	DCI	-0.224012184862384	state_03	IG-D
1	LV7008886755	grey	GeoB25202_R2	81.6705	state_03	DCI	0.950610233973227	state_03	IG-D
1	LV7008886755	leiden5	GeoB25202_R2	81.6705	state_03	DCI	-2.56426880402288	state_03	IG-D
1	LV7008886755	leiden2	GeoB25202_R2	81.6705	state_03	DCI	-0.143702400364367	state_03	IG-D
1	LV7008886756	leiden3	GeoB25202_R2	105.5785	state_03	DCI	6.33234244905061	state_03	IG-D
1	LV7008886756	leiden4	GeoB25202_R2	105.5785	state_03	DCI	5.1831102283774	state_03	IG-D
1	LV7008886756	grey	GeoB25202_R2	105.5785	state_03	DCI	5.82932062727539	state_03	IG-D
1	LV7008886756	leiden1	GeoB25202_R2	105.5785	state_03	DCI	-6.44767121575327	state_03	IG-D
1	LV7008886756	leiden5	GeoB25202_R2	105.5785	state_03	DCI	-7.16552691797313	state_03	IG-D
1	LV7008886756	leiden2	GeoB25202_R2	105.5785	state_03	DCI	3.18892515245361	state_03	IG-D
1	LV7008886756	leiden6	GeoB25202_R2	105.5785	state_03	DCI	-6.92050032343061	state_03	IG-D
1	LV7008886766	leiden2	GeoB25202_R2	71.8895	state_03	DCI	0.721080935447344	state_03	IG-D
1	LV7008886766	leiden3	GeoB25202_R2	71.8895	state_03	DCI	1.12411221344743	state_03	IG-D
1	LV7008886766	leiden4	GeoB25202_R2	71.8895	state_03	DCI	0.526226991203612	state_03	IG-D
1	LV7008886766	leiden1	GeoB25202_R2	71.8895	state_03	DCI	0.989891444637908	state_03	IG-D
1	LV7008886766	leiden5	GeoB25202_R2	71.8895	state_03	DCI	-2.85105788873214	state_03	IG-D
1	LV7008886766	leiden6	GeoB25202_R2	71.8895	state_03	DCI	-0.706214560319094	state_03	IG-D
1	LV7008886766	grey	GeoB25202_R2	71.8895	state_03	DCI	0.195960864314949	state_03	IG-D
1	LV7008886768	leiden3	GeoB25202_R1	102.2955	state_03	DCI	2.46393533767432	state_03	IG-D
1	LV7008886768	leiden4	GeoB25202_R1	102.2955	state_03	DCI	0.789991319916087	state_03	IG-D
1	LV7008886768	leiden1	GeoB25202_R1	102.2955	state_03	DCI	2.52645956068237	state_03	IG-D
1	LV7008886768	grey	GeoB25202_R1	102.2955	state_03	DCI	1.77499157811078	state_03	IG-D
1	LV7008886768	leiden2	GeoB25202_R1	102.2955	state_03	DCI	0.601878556776157	state_03	IG-D
1	LV7008886768	leiden5	GeoB25202_R1	102.2955	state_03	DCI	-10.9847315171633	state_03	IG-D
1	LV7008886768	leiden6	GeoB25202_R1	102.2955	state_03	DCI	2.82747516400361	state_03	IG-D
1	LV7008886778	leiden2	GeoB25202_R1	68.149	state_03	DCI	3.57340978862009	state_03	IG-D
1	LV7008886778	leiden3	GeoB25202_R1	68.149	state_03	DCI	4.40171821131826	state_03	IG-D
1	LV7008886778	leiden4	GeoB25202_R1	68.149	state_03	DCI	3.27803255549717	state_03	IG-D
1	LV7008886778	leiden1	GeoB25202_R1	68.149	state_03	DCI	3.94194729031387	state_03	IG-D
1	LV7008886778	grey	GeoB25202_R1	68.149	state_03	DCI	3.74843696593512	state_03	IG-D
1	LV7008886778	leiden5	GeoB25202_R1	68.149	state_03	DCI	-9.30341366337407	state_03	IG-D
1	LV7008886778	leiden6	GeoB25202_R1	68.149	state_03	DCI	-9.64013114831043	state_03	IG-D
1	LV7008886780	leiden3	GeoB25202_R2	102.2955	state_03	DCI	0.556367791985544	state_03	IG-D
1	LV7008886780	leiden4	GeoB25202_R2	102.2955	state_03	DCI	-0.218936799889519	state_03	IG-D
1	LV7008886780	leiden2	GeoB25202_R2	102.2955	state_03	DCI	-0.0767126595736407	state_03	IG-D
1	LV7008886780	leiden1	GeoB25202_R2	102.2955	state_03	DCI	0.983216759428736	state_03	IG-D
1	LV7008886780	grey	GeoB25202_R2	102.2955	state_03	DCI	1.09799600721629	state_03	IG-D
1	LV7008886780	leiden5	GeoB25202_R2	102.2955	state_03	DCI	-2.34193109916741	state_03	IG-D
1	LV3003046938	leiden3	ST8	11.169	state_03	MII	-1.94935592353612	state_03	IG-D
1	LV3003046938	leiden4	ST8	11.169	state_03	MII	-1.0941592234201	state_03	IG-D
1	LV3003046938	leiden1	ST8	11.169	state_03	MII	0.762226275015221	state_03	IG-D
1	LV3003046938	leiden2	ST8	11.169	state_03	MII	0.19119877651837	state_03	IG-D
1	LV3003046938	leiden6	ST8	11.169	state_03	MII	2.18450802337752	state_03	IG-D
1	LV3003046938	grey	ST8	11.169	state_03	MII	-0.0944179279548871	state_03	IG-D
1	LV3003046939	leiden3	ST8	2.42	state_03	MII	-0.357605060344881	state_03	IG-D
1	LV3003046939	leiden4	ST8	2.42	state_03	MII	2.14872563801789	state_03	IG-D
1	LV3003046939	leiden1	ST8	2.42	state_03	MII	2.10545484389261	state_03	IG-D
1	LV3003046939	leiden2	ST8	2.42	state_03	MII	1.16281414837839	state_03	IG-D
1	LV3003046939	leiden6	ST8	2.42	state_03	MII	3.71421518455216	state_03	IG-D
1	LV3003046939	grey	ST8	2.42	state_03	MII	-9.95079399913248	state_03	IG-D
1	LV3003046939	leiden5	ST8	2.42	state_03	MII	1.17718924463632	state_03	IG-D
1	LV3003046952	leiden3	ST8	10.26	state_03	MII	-1.51884215949085	state_03	IG-D
1	LV3003046952	leiden4	ST8	10.26	state_03	MII	-1.29212699373231	state_03	IG-D
1	LV3003046952	leiden2	ST8	10.26	state_03	MII	-0.312807473384121	state_03	IG-D
1	LV3003046952	leiden6	ST8	10.26	state_03	MII	1.83746641580687	state_03	IG-D
1	LV3003046952	leiden1	ST8	10.26	state_03	MII	-0.255784353377582	state_03	IG-D
1	LV3003046952	grey	ST8	10.26	state_03	MII	-0.0330298388052368	state_03	IG-D
1	LV3003046952	leiden5	ST8	10.26	state_03	MII	1.57512440298323	state_03	IG-D
1	LV3003046953	leiden1	ST8	1.5215	state_03	MII	3.54203131598903	state_03	IG-D
1	LV3003046953	leiden3	ST8	1.5215	state_03	MII	2.13021404566493	state_03	IG-D
1	LV3003046953	leiden4	ST8	1.5215	state_03	MII	3.7319839022907	state_03	IG-D
1	LV3003046953	leiden2	ST8	1.5215	state_03	MII	3.40815283987397	state_03	IG-D
1	LV3003046953	leiden5	ST8	1.5215	state_03	MII	0.371802545441179	state_03	IG-D
1	LV3003046953	grey	ST8	1.5215	state_03	MII	-5.29892541455952	state_03	IG-D
1	LV3003046953	leiden6	ST8	1.5215	state_03	MII	-7.88525923470029	state_03	IG-D
1	LV3003046980	leiden3	ST8	8.056	state_03	MII	2.52140645715003	state_03	IG-D
1	LV3003046980	leiden4	ST8	8.056	state_03	MII	3.37725618015047	state_03	IG-D
1	LV3003046980	grey	ST8	8.056	state_03	MII	3.39914922226432	state_03	IG-D
1	LV3003046980	leiden2	ST8	8.056	state_03	MII	3.74550967607583	state_03	IG-D
1	LV3003046980	leiden1	ST8	8.056	state_03	MII	2.61822979630126	state_03	IG-D
1	LV3003046980	leiden5	ST8	8.056	state_03	MII	-7.41242799025698	state_03	IG-D
1	LV3003046980	leiden6	ST8	8.056	state_03	MII	-8.24912334168492	state_03	IG-D
1	LV3003046995	leiden1	ST8	6.9705	state_03	MII	0.678107744552113	state_03	IG-D
1	LV3003046995	leiden3	ST8	6.9705	state_03	MII	-0.82484981269186	state_03	IG-D
1	LV3003046995	leiden4	ST8	6.9705	state_03	MII	0.867588859649215	state_03	IG-D
1	LV3003046995	leiden2	ST8	6.9705	state_03	MII	0.819623490063781	state_03	IG-D
1	LV3003046995	grey	ST8	6.9705	state_03	MII	-10.1579919855084	state_03	IG-D
1	LV3003046995	leiden5	ST8	6.9705	state_03	MII	6.15086409088976	state_03	IG-D
1	LV3003046995	leiden6	ST8	6.9705	state_03	MII	2.46665761304536	state_03	IG-D
1	LV3003047010	leiden3	ST8	13.676	state_03	MII	2.44754940187374	state_03	IG-D
1	LV3003047010	leiden4	ST8	13.676	state_03	MII	3.04255692438991	state_03	IG-D
1	LV3003047010	leiden1	ST8	13.676	state_03	MII	3.30366890653565	state_03	IG-D
1	LV3003047010	leiden6	ST8	13.676	state_03	MII	4.84475481411158	state_03	IG-D
1	LV3003047010	grey	ST8	13.676	state_03	MII	-8.36430042437516	state_03	IG-D
1	LV3003047010	leiden2	ST8	13.676	state_03	MII	3.541207080567	state_03	IG-D
1	LV3003047010	leiden5	ST8	13.676	state_03	MII	-8.81543670310271	state_03	IG-D
1	LV3003047013	leiden1	ST8	5.885	state_03	MII	0.951435306210787	state_03	IG-D
1	LV3003047013	leiden3	ST8	5.885	state_03	MII	0.671625941910733	state_03	IG-D
1	LV3003047013	leiden4	ST8	5.885	state_03	MII	2.01501211213978	state_03	IG-D
1	LV3003047013	leiden2	ST8	5.885	state_03	MII	1.92616467939126	state_03	IG-D
1	LV3003047013	grey	ST8	5.885	state_03	MII	1.92605301036959	state_03	IG-D
1	LV3003047013	leiden5	ST8	5.885	state_03	MII	-10.461651774485	state_03	IG-D
1	LV3003047013	leiden6	ST8	5.885	state_03	MII	2.97136072446281	state_03	IG-D
1	LV3003047027	leiden3	ST8	12.877	state_03	MII	-2.32506450882613	state_03	IG-D
1	LV3003047027	leiden4	ST8	12.877	state_03	MII	-0.812869085962647	state_03	IG-D
1	LV3003047027	leiden1	ST8	12.877	state_03	MII	0.142751905348837	state_03	IG-D
1	LV3003047027	leiden2	ST8	12.877	state_03	MII	-0.663054780559734	state_03	IG-D
1	LV3003047027	leiden6	ST8	12.877	state_03	MII	1.12944867178709	state_03	IG-D
1	LV3003047027	grey	ST8	12.877	state_03	MII	0.355220038846055	state_03	IG-D
1	LV3003047027	leiden5	ST8	12.877	state_03	MII	2.17356775936653	state_03	IG-D
1	LV3003047045	leiden1	ST8	3.5865	state_03	MII	3.2429957710891	state_03	IG-D
1	LV3003047045	leiden3	ST8	3.5865	state_03	MII	1.3845836402945	state_03	IG-D
1	LV3003047045	leiden4	ST8	3.5865	state_03	MII	3.57549119701855	state_03	IG-D
1	LV3003047045	leiden2	ST8	3.5865	state_03	MII	2.97887486025296	state_03	IG-D
1	LV3003047045	leiden6	ST8	3.5865	state_03	MII	5.22433593955792	state_03	IG-D
1	LV3003047045	grey	ST8	3.5865	state_03	MII	-8.62183909880876	state_03	IG-D
1	LV3003047045	leiden5	ST8	3.5865	state_03	MII	-7.78444230940427	state_03	IG-D
1	LV3003047079	leiden3	ST8	97.52	state_03	MII	2.33409639976997	state_03	IG-D
1	LV3003047079	leiden4	ST8	97.52	state_03	MII	0.523455984847295	state_03	IG-D
1	LV3003047079	grey	ST8	97.52	state_03	MII	2.63685165990722	state_03	IG-D
1	LV3003047079	leiden5	ST8	97.52	state_03	MII	1.22544212818713	state_03	IG-D
1	LV3003047079	leiden2	ST8	97.52	state_03	MII	2.18091968539985	state_03	IG-D
1	LV3003047079	leiden1	ST8	97.52	state_03	MII	1.62777083097445	state_03	IG-D
1	LV3003047079	leiden6	ST8	97.52	state_03	MII	-10.5285366890859	state_03	IG-D
1	LV3003047080	leiden4	ST8	87.9935	state_03	MII	-0.177163741834672	state_03	IG-D
1	LV3003047080	leiden1	ST8	87.9935	state_03	MII	0.940980001197425	state_03	IG-D
1	LV3003047080	leiden3	ST8	87.9935	state_03	MII	0.464283265730253	state_03	IG-D
1	LV3003047080	leiden5	ST8	87.9935	state_03	MII	-2.08359621476941	state_03	IG-D
1	LV3003047080	grey	ST8	87.9935	state_03	MII	0.904812439693071	state_03	IG-D
1	LV3003047080	leiden2	ST8	87.9935	state_03	MII	-0.0493157500166661	state_03	IG-D
1	LV3003047091	leiden4	ST8	89.37525	state_03	MII	-0.581910696568121	state_03	IG-D
1	LV3003047091	leiden5	ST8	89.37525	state_03	MII	0.454476459744312	state_03	IG-D
1	LV3003047091	grey	ST8	89.37525	state_03	MII	0.973627640925604	state_03	IG-D
1	LV3003047091	leiden3	ST8	89.37525	state_03	MII	-0.33079103018005	state_03	IG-D
1	LV3003047091	leiden2	ST8	89.37525	state_03	MII	-1.3044263782967	state_03	IG-D
1	LV3003047091	leiden1	ST8	89.37525	state_03	MII	0.789024004374954	state_03	IG-D
1	LV3003047093	leiden3	ST8	79.675	state_03	MII	0.610148162376687	state_03	IG-D
1	LV3003047093	leiden4	ST8	79.675	state_03	MII	-0.50477668539949	state_03	IG-D
1	LV3003047093	leiden1	ST8	79.675	state_03	MII	0.243005902858566	state_03	IG-D
1	LV3003047093	grey	ST8	79.675	state_03	MII	0.861956732852029	state_03	IG-D
1	LV3003047093	leiden5	ST8	79.675	state_03	MII	-0.630426048631027	state_03	IG-D
1	LV3003047093	leiden2	ST8	79.675	state_03	MII	-0.579908064056766	state_03	IG-D
1	LV3003047100	leiden3	ST8	86.61175	state_03	MII	2.14396310892307	state_03	IG-D
1	LV3003047100	leiden4	ST8	86.61175	state_03	MII	1.18941646821848	state_03	IG-D
1	LV3003047100	leiden5	ST8	86.61175	state_03	MII	1.3240401580074	state_03	IG-D
1	LV3003047100	grey	ST8	86.61175	state_03	MII	2.60612247487592	state_03	IG-D
1	LV3003047100	leiden2	ST8	86.61175	state_03	MII	1.40892005664948	state_03	IG-D
1	LV3003047100	leiden1	ST8	86.61175	state_03	MII	1.9863927430529	state_03	IG-D
1	LV3003047100	leiden6	ST8	86.61175	state_03	MII	-10.6588550097272	state_03	IG-D
1	LV3003047101	leiden4	ST8	85.23	state_03	MII	-0.433718715153415	state_03	IG-D
1	LV3003047101	leiden1	ST8	85.23	state_03	MII	0.124723356160565	state_03	IG-D
1	LV3003047101	grey	ST8	85.23	state_03	MII	0.732459117524842	state_03	IG-D
1	LV3003047101	leiden2	ST8	85.23	state_03	MII	-0.884563548399447	state_03	IG-D
1	LV3003047101	leiden3	ST8	85.23	state_03	MII	-0.127742007814187	state_03	IG-D
1	LV3003047101	leiden5	ST8	85.23	state_03	MII	0.58884179768164	state_03	IG-D
1	LV3003047107	leiden4	ST8	71.517	state_03	MII	-0.64019483600922	state_03	IG-D
1	LV3003047107	leiden3	ST8	71.517	state_03	MII	0.513907474336049	state_03	IG-D
1	LV3003047107	leiden5	ST8	71.517	state_03	MII	-0.474581696445737	state_03	IG-D
1	LV3003047107	leiden2	ST8	71.517	state_03	MII	-0.755411687496129	state_03	IG-D
1	LV3003047107	grey	ST8	71.517	state_03	MII	0.594951460555902	state_03	IG-D
1	LV3003047107	leiden1	ST8	71.517	state_03	MII	-0.576471251016499	state_03	IG-D
1	LV3003047107	leiden6	ST8	71.517	state_03	MII	1.33780053607563	state_03	IG-D
1	LV3003047133	leiden3	ST8	70.162	state_03	MII	0.642293928975863	state_03	IG-D
1	LV3003047133	leiden4	ST8	70.162	state_03	MII	-0.652070693126274	state_03	IG-D
1	LV3003047133	leiden6	ST8	70.162	state_03	MII	-0.000115906582785374	state_03	IG-D
1	LV3003047133	leiden2	ST8	70.162	state_03	MII	-0.093561822970702	state_03	IG-D
1	LV3003047133	grey	ST8	70.162	state_03	MII	0.776839180431113	state_03	IG-D
1	LV3003047133	leiden5	ST8	70.162	state_03	MII	-0.409900473634802	state_03	IG-D
1	LV3003047133	leiden1	ST8	70.162	state_03	MII	-0.263484213092414	state_03	IG-D
1	LV3003047134	leiden1	ST8	68.807	state_03	MII	0.790784151211579	state_03	IG-D
1	LV3003047134	leiden3	ST8	68.807	state_03	MII	1.85138606824463	state_03	IG-D
1	LV3003047134	leiden4	ST8	68.807	state_03	MII	1.06544317840605	state_03	IG-D
1	LV3003047134	leiden5	ST8	68.807	state_03	MII	2.52597134692267	state_03	IG-D
1	LV3003047134	leiden2	ST8	68.807	state_03	MII	1.71074325193342	state_03	IG-D
1	LV3003047134	grey	ST8	68.807	state_03	MII	2.64421525997124	state_03	IG-D
1	LV3003047134	leiden6	ST8	68.807	state_03	MII	-10.5885432566896	state_03	IG-D
1	LV3003047136	leiden3	ST8	67.8766	state_03	MII	0.27656007339127	state_03	IG-D
1	LV3003047136	leiden4	ST8	67.8766	state_03	MII	-0.672283576661354	state_03	IG-D
1	LV3003047136	leiden5	ST8	67.8766	state_03	MII	-0.114437158706007	state_03	IG-D
1	LV3003047136	leiden2	ST8	67.8766	state_03	MII	-0.380399176435109	state_03	IG-D
1	LV3003047136	leiden1	ST8	67.8766	state_03	MII	-0.0944615235839565	state_03	IG-D
1	LV3003047136	grey	ST8	67.8766	state_03	MII	0.985021361995159	state_03	IG-D
1	LV3003047137	leiden4	ST8	66.9462	state_03	MII	-0.920035521145305	state_03	IG-D
1	LV3003047137	leiden3	ST8	66.9462	state_03	MII	0.718550345467206	state_03	IG-D
1	LV3003047137	leiden5	ST8	66.9462	state_03	MII	-0.339157970842261	state_03	IG-D
1	LV3003047137	leiden2	ST8	66.9462	state_03	MII	-0.967793458415354	state_03	IG-D
1	LV3003047137	grey	ST8	66.9462	state_03	MII	0.351198435574901	state_03	IG-D
1	LV3003047137	leiden1	ST8	66.9462	state_03	MII	-0.512291751568456	state_03	IG-D
1	LV3003047137	leiden6	ST8	66.9462	state_03	MII	1.66952992092927	state_03	IG-D
1	LV3003047138	leiden4	ST8	66.0158	state_03	MII	-0.894993966654385	state_03	IG-D
1	LV3003047138	leiden5	ST8	66.0158	state_03	MII	0.379575148077089	state_03	IG-D
1	LV3003047138	grey	ST8	66.0158	state_03	MII	0.548331188114177	state_03	IG-D
1	LV3003047138	leiden3	ST8	66.0158	state_03	MII	-0.364334706461518	state_03	IG-D
1	LV3003047138	leiden2	ST8	66.0158	state_03	MII	-0.80595930408671	state_03	IG-D
1	LV3003047138	leiden1	ST8	66.0158	state_03	MII	0.394677006434844	state_03	IG-D
1	LV3003047138	leiden6	ST8	66.0158	state_03	MII	0.742704634576502	state_03	IG-D
1	LV3003061474	leiden1	ST13	77.7798	state_03	MII	1.75854428421454	state_03	IG-D
1	LV3003061474	leiden2	ST13	77.7798	state_03	MII	1.06783476908489	state_03	IG-D
1	LV3003061474	leiden3	ST13	77.7798	state_03	MII	1.51597154423263	state_03	IG-D
1	LV3003061474	leiden4	ST13	77.7798	state_03	MII	0.816387098286723	state_03	IG-D
1	LV3003061474	leiden6	ST13	77.7798	state_03	MII	3.12714703099275	state_03	IG-D
1	LV3003061474	leiden5	ST13	77.7798	state_03	MII	-10.7693319189427	state_03	IG-D
1	LV3003061474	grey	ST13	77.7798	state_03	MII	2.48344719213112	state_03	IG-D
1	LV3003061485	leiden1	ST13	75.7796	state_03	MII	1.7172589248505	state_03	IG-D
1	LV3003061485	leiden3	ST13	75.7796	state_03	MII	0.668722472858707	state_03	IG-D
1	LV3003061485	leiden4	ST13	75.7796	state_03	MII	1.33967294749922	state_03	IG-D
1	LV3003061485	leiden2	ST13	75.7796	state_03	MII	1.25153835995562	state_03	IG-D
1	LV3003061485	leiden6	ST13	75.7796	state_03	MII	2.53061665409394	state_03	IG-D
1	LV3003061485	leiden5	ST13	75.7796	state_03	MII	2.32261249518978	state_03	IG-D
1	LV3003061485	grey	ST13	75.7796	state_03	MII	-9.83042185444777	state_03	IG-D
1	LV3003061500	leiden2	ST13	148.086	state_03	MII	2.58272126142629	state_03	IG-D
1	LV3003061500	leiden4	ST13	148.086	state_03	MII	2.45053512851946	state_03	IG-D
1	LV3003061500	leiden1	ST13	148.086	state_03	MII	3.54265602200751	state_03	IG-D
1	LV3003061500	leiden5	ST13	148.086	state_03	MII	3.1015731589612	state_03	IG-D
1	LV3003061500	leiden3	ST13	148.086	state_03	MII	5.19537354527134	state_03	IG-D
1	LV3003061500	grey	ST13	148.086	state_03	MII	-7.08341558023217	state_03	IG-D
1	LV3003061500	leiden6	ST13	148.086	state_03	MII	-9.78944353595361	state_03	IG-D
1	LV3003061501	leiden3	ST13	105.5872	state_03	MII	-0.153684450015538	state_03	IG-D
1	LV3003061501	leiden4	ST13	105.5872	state_03	MII	-0.939267400690787	state_03	IG-D
1	LV3003061501	leiden2	ST13	105.5872	state_03	MII	-0.668637208223907	state_03	IG-D
1	LV3003061501	leiden6	ST13	105.5872	state_03	MII	1.26053377732828	state_03	IG-D
1	LV3003061501	leiden5	ST13	105.5872	state_03	MII	0.948688113737615	state_03	IG-D
1	LV3003061501	leiden1	ST13	105.5872	state_03	MII	-1.16742758768931	state_03	IG-D
1	LV3003061501	grey	ST13	105.5872	state_03	MII	0.719794755553651	state_03	IG-D
1	LV3003061503	leiden1	ST13	73.1472	state_03	MII	-0.048941555007624	state_03	IG-D
1	LV3003061503	leiden2	ST13	73.1472	state_03	MII	-0.870290010669423	state_03	IG-D
1	LV3003061503	leiden3	ST13	73.1472	state_03	MII	-1.27029679044426	state_03	IG-D
1	LV3003061503	leiden4	ST13	73.1472	state_03	MII	-0.922381759384686	state_03	IG-D
1	LV3003061503	leiden6	ST13	73.1472	state_03	MII	0.657825162707273	state_03	IG-D
1	LV3003061503	leiden5	ST13	73.1472	state_03	MII	1.05447939651492	state_03	IG-D
1	LV3003061503	grey	ST13	73.1472	state_03	MII	1.39960555628381	state_03	IG-D
1	LV3003061514	leiden2	ST13	100.6726	state_03	MII	-0.237986148166668	state_03	IG-D
1	LV3003061514	leiden3	ST13	100.6726	state_03	MII	0.20999420015154	state_03	IG-D
1	LV3003061514	leiden4	ST13	100.6726	state_03	MII	-0.746178613512143	state_03	IG-D
1	LV3003061514	leiden1	ST13	100.6726	state_03	MII	-0.113947702125596	state_03	IG-D
1	LV3003061514	leiden6	ST13	100.6726	state_03	MII	0.279652195480611	state_03	IG-D
1	LV3003061514	grey	ST13	100.6726	state_03	MII	0.590380222234777	state_03	IG-D
1	LV3003061514	leiden5	ST13	100.6726	state_03	MII	0.0180858459374793	state_03	IG-D
1	LV3003061515	leiden1	ST13	71.0012	state_03	MII	0.56695592863283	state_03	IG-D
1	LV3003061515	leiden3	ST13	71.0012	state_03	MII	-0.953190666327005	state_03	IG-D
1	LV3003061515	leiden4	ST13	71.0012	state_03	MII	-0.167534437084676	state_03	IG-D
1	LV3003061515	leiden2	ST13	71.0012	state_03	MII	-0.0467427369608582	state_03	IG-D
1	LV3003061515	leiden6	ST13	71.0012	state_03	MII	1.91674378047158	state_03	IG-D
1	LV3003061515	grey	ST13	71.0012	state_03	MII	-1.01651836272648	state_03	IG-D
1	LV3003061515	leiden5	ST13	71.0012	state_03	MII	-0.299713506005382	state_03	IG-D
1	LV3003061528	leiden3	ST13	95.118	state_03	MII	2.92216786330019	state_03	IG-D
1	LV3003061528	leiden4	ST13	95.118	state_03	MII	3.16605964398884	state_03	IG-D
1	LV3003061528	leiden2	ST13	95.118	state_03	MII	3.4337691052578	state_03	IG-D
1	LV3003061528	leiden1	ST13	95.118	state_03	MII	3.742794191288	state_03	IG-D
1	LV3003061528	leiden5	ST13	95.118	state_03	MII	3.86487649086915	state_03	IG-D
1	LV3003061528	grey	ST13	95.118	state_03	MII	-8.37295569608129	state_03	IG-D
1	LV3003061528	leiden6	ST13	95.118	state_03	MII	-8.75671159862269	state_03	IG-D
1	LV3003061529	leiden1	ST13	66.015	state_03	MII	0.750368430934143	state_03	IG-D
1	LV3003061529	leiden2	ST13	66.015	state_03	MII	0.202903147264587	state_03	IG-D
1	LV3003061529	leiden3	ST13	66.015	state_03	MII	-0.770955549400652	state_03	IG-D
1	LV3003061529	leiden4	ST13	66.015	state_03	MII	-0.293242922614662	state_03	IG-D
1	LV3003061529	leiden5	ST13	66.015	state_03	MII	0.215569111998634	state_03	IG-D
1	LV3003061529	grey	ST13	66.015	state_03	MII	-0.440669631378068	state_03	IG-D
1	LV3003061529	leiden6	ST13	66.015	state_03	MII	0.336027413196018	state_03	IG-D
1	LV3003061541	leiden3	ST13	91.09	state_03	MII	2.79105760240259	state_03	IG-D
1	LV3003061541	leiden4	ST13	91.09	state_03	MII	0.986258955944095	state_03	IG-D
1	LV3003061541	leiden5	ST13	91.09	state_03	MII	-9.02203913645829	state_03	IG-D
1	LV3003061541	leiden6	ST13	91.09	state_03	MII	0.450906611578521	state_03	IG-D
1	LV3003061541	leiden2	ST13	91.09	state_03	MII	0.758825014075614	state_03	IG-D
1	LV3003061541	grey	ST13	91.09	state_03	MII	2.63280902407515	state_03	IG-D
1	LV3003061541	leiden1	ST13	91.09	state_03	MII	1.40218192838232	state_03	IG-D
1	LV3003061543	leiden1	ST13	62.293	state_03	MII	0.35973405063106	state_03	IG-D
1	LV3003061543	leiden2	ST13	62.293	state_03	MII	-0.144372094373904	state_03	IG-D
1	LV3003061543	leiden3	ST13	62.293	state_03	MII	-1.58155884126846	state_03	IG-D
1	LV3003061543	leiden4	ST13	62.293	state_03	MII	-0.774447242341295	state_03	IG-D
1	LV3003061543	leiden5	ST13	62.293	state_03	MII	0.621862190159462	state_03	IG-D
1	LV3003061543	leiden6	ST13	62.293	state_03	MII	0.71310371123021	state_03	IG-D
1	LV3003061543	grey	ST13	62.293	state_03	MII	0.805678225962926	state_03	IG-D
1	LV3003061556	leiden2	ST13	86.6174	state_03	MII	1.4265013992341	state_03	IG-D
1	LV3003061556	leiden3	ST13	86.6174	state_03	MII	1.68008649117115	state_03	IG-D
1	LV3003061556	leiden4	ST13	86.6174	state_03	MII	1.28999725593797	state_03	IG-D
1	LV3003061556	leiden1	ST13	86.6174	state_03	MII	1.12974190393457	state_03	IG-D
1	LV3003061556	leiden5	ST13	86.6174	state_03	MII	2.49253268204132	state_03	IG-D
1	LV3003061556	grey	ST13	86.6174	state_03	MII	-10.7169195795032	state_03	IG-D
1	LV3003061556	leiden6	ST13	86.6174	state_03	MII	2.69805984718409	state_03	IG-D
1	LV3003061557	leiden3	ST13	58.082	state_03	MII	-0.947893047618931	state_03	IG-D
1	LV3003061557	leiden4	ST13	58.082	state_03	MII	0.505112308124761	state_03	IG-D
1	LV3003061557	leiden2	ST13	58.082	state_03	MII	1.30751172398988	state_03	IG-D
1	LV3003061557	leiden6	ST13	58.082	state_03	MII	2.48595794904314	state_03	IG-D
1	LV3003061557	grey	ST13	58.082	state_03	MII	-10.3416473867172	state_03	IG-D
1	LV3003061557	leiden1	ST13	58.082	state_03	MII	1.81263015260187	state_03	IG-D
1	LV3003061557	leiden5	ST13	58.082	state_03	MII	5.17832830057645	state_03	IG-D
1	LV3003061569	leiden2	ST13	81.6946	state_03	MII	-0.303792492879246	state_03	IG-D
1	LV3003061569	leiden3	ST13	81.6946	state_03	MII	-0.0964232688478219	state_03	IG-D
1	LV3003061569	leiden4	ST13	81.6946	state_03	MII	-0.521911675217051	state_03	IG-D
1	LV3003061569	leiden1	ST13	81.6946	state_03	MII	-0.359261095136711	state_03	IG-D
1	LV3003061569	leiden5	ST13	81.6946	state_03	MII	-0.108887352646207	state_03	IG-D
1	LV3003061569	grey	ST13	81.6946	state_03	MII	1.39027588472704	state_03	IG-D
1	LV7001898088	leiden1	ST13	6.031	state_03	MII	1.1526096876228	state_03	IG-D
1	LV7001898088	leiden3	ST13	6.031	state_03	MII	-0.822681450963691	state_03	IG-D
1	LV7001898088	leiden4	ST13	6.031	state_03	MII	0.383313845397818	state_03	IG-D
1	LV7001898088	leiden2	ST13	6.031	state_03	MII	0.597886474479247	state_03	IG-D
1	LV7001898088	leiden6	ST13	6.031	state_03	MII	1.32938134704982	state_03	IG-D
1	LV7001898088	leiden5	ST13	6.031	state_03	MII	-1.98811782833685	state_03	IG-D
1	LV7001898088	grey	ST13	6.031	state_03	MII	-0.652392075249156	state_03	IG-D
1	LV7001898100	leiden1	ST13	5.659	state_03	MII	3.25171638541054	state_03	IG-D
1	LV7001898100	leiden3	ST13	5.659	state_03	MII	2.06675853512792	state_03	IG-D
1	LV7001898100	leiden4	ST13	5.659	state_03	MII	3.96407745438217	state_03	IG-D
1	LV7001898100	leiden2	ST13	5.659	state_03	MII	3.23963883413628	state_03	IG-D
1	LV7001898100	grey	ST13	5.659	state_03	MII	-8.20146284044308	state_03	IG-D
1	LV7001898100	leiden5	ST13	5.659	state_03	MII	3.43843800518993	state_03	IG-D
1	LV7001898100	leiden6	ST13	5.659	state_03	MII	-7.75916637380377	state_03	IG-D
1	LV7008886229	leiden2	GeoB25202_R2	68.149	state_03	MII	0.578320902085007	state_03	IG-D
1	LV7008886229	leiden3	GeoB25202_R2	68.149	state_03	MII	-0.552553193286188	state_03	IG-D
1	LV7008886229	leiden4	GeoB25202_R2	68.149	state_03	MII	-0.498585451421412	state_03	IG-D
1	LV7008886229	leiden1	GeoB25202_R2	68.149	state_03	MII	0.102571378952585	state_03	IG-D
1	LV7008886229	leiden5	GeoB25202_R2	68.149	state_03	MII	-0.53366045797589	state_03	IG-D
1	LV7008886229	leiden6	GeoB25202_R2	68.149	state_03	MII	0.508946817231179	state_03	IG-D
1	LV7008886229	grey	GeoB25202_R2	68.149	state_03	MII	0.394960004414719	state_03	IG-D
1	LV7008886695	leiden3	GeoB25202_R1	95.3875	state_03	MII	0.408610311772648	state_03	IG-D
1	LV7008886695	leiden4	GeoB25202_R1	95.3875	state_03	MII	-0.598756606246382	state_03	IG-D
1	LV7008886695	leiden1	GeoB25202_R1	95.3875	state_03	MII	0.579345400062884	state_03	IG-D
1	LV7008886695	grey	GeoB25202_R1	95.3875	state_03	MII	0.360467161557989	state_03	IG-D
1	LV7008886695	leiden2	GeoB25202_R1	95.3875	state_03	MII	-0.539800866617495	state_03	IG-D
1	LV7008886695	leiden6	GeoB25202_R1	95.3875	state_03	MII	0.500735538519272	state_03	IG-D
1	LV7008886695	leiden5	GeoB25202_R1	95.3875	state_03	MII	-0.710600939048916	state_03	IG-D
1	LV7008886706	leiden3	GeoB25202_R1	79.0255	state_03	MII	1.65037852686474	state_03	IG-D
1	LV7008886706	leiden4	GeoB25202_R1	79.0255	state_03	MII	1.34237322041786	state_03	IG-D
1	LV7008886706	leiden2	GeoB25202_R1	79.0255	state_03	MII	1.29845567906202	state_03	IG-D
1	LV7008886706	leiden1	GeoB25202_R1	79.0255	state_03	MII	1.95780265842172	state_03	IG-D
1	LV7008886706	grey	GeoB25202_R1	79.0255	state_03	MII	2.80446689002752	state_03	IG-D
1	LV7008886706	leiden5	GeoB25202_R1	79.0255	state_03	MII	1.42006312517391	state_03	IG-D
1	LV7008886706	leiden6	GeoB25202_R1	79.0255	state_03	MII	-10.4735400999678	state_03	IG-D
1	LV7008886707	leiden1	GeoB25202_R2	95.3875	state_03	MII	0.82901944648828	state_03	IG-D
1	LV7008886707	leiden3	GeoB25202_R2	95.3875	state_03	MII	0.188476829948161	state_03	IG-D
1	LV7008886707	leiden4	GeoB25202_R2	95.3875	state_03	MII	-1.12795290429333	state_03	IG-D
1	LV7008886707	grey	GeoB25202_R2	95.3875	state_03	MII	0.0759646840737591	state_03	IG-D
1	LV7008886707	leiden5	GeoB25202_R2	95.3875	state_03	MII	-0.256297985232238	state_03	IG-D
1	LV7008886707	leiden2	GeoB25202_R2	95.3875	state_03	MII	-0.697995594285436	state_03	IG-D
1	LV7008886707	leiden6	GeoB25202_R2	95.3875	state_03	MII	0.988785523300803	state_03	IG-D
1	LV7008886708	leiden3	GeoB25202_R1	109.6305	state_03	MII	-0.0531647466359386	state_03	IG-D
1	LV7008886708	leiden4	GeoB25202_R1	109.6305	state_03	MII	-1.22435119465625	state_03	IG-D
1	LV7008886708	grey	GeoB25202_R1	109.6305	state_03	MII	-0.151564892932769	state_03	IG-D
1	LV7008886708	leiden5	GeoB25202_R1	109.6305	state_03	MII	0.017655706475139	state_03	IG-D
1	LV7008886708	leiden2	GeoB25202_R1	109.6305	state_03	MII	-0.98706912354988	state_03	IG-D
1	LV7008886708	leiden6	GeoB25202_R1	109.6305	state_03	MII	1.83795495902088	state_03	IG-D
1	LV7008886708	leiden1	GeoB25202_R1	109.6305	state_03	MII	0.560539292278821	state_03	IG-D
1	LV7008886714	leiden1	GeoB25202_R1	0.692	state_03	MII	-0.156782283099358	state_03	IG-D
1	LV7008886714	leiden3	GeoB25202_R1	0.692	state_03	MII	-1.54660375510511	state_03	IG-D
1	LV7008886714	leiden4	GeoB25202_R1	0.692	state_03	MII	-0.542619396834105	state_03	IG-D
1	LV7008886714	leiden2	GeoB25202_R1	0.692	state_03	MII	0.860846342576086	state_03	IG-D
1	LV7008886714	leiden5	GeoB25202_R1	0.692	state_03	MII	0.954292709430922	state_03	IG-D
1	LV7008886714	leiden6	GeoB25202_R1	0.692	state_03	MII	0.430866383031568	state_03	IG-D
1	LV7008886718	leiden3	GeoB25202_R2	79.0255	state_03	MII	1.38813860160061	state_03	IG-D
1	LV7008886718	leiden4	GeoB25202_R2	79.0255	state_03	MII	1.71734242282725	state_03	IG-D
1	LV7008886718	leiden1	GeoB25202_R2	79.0255	state_03	MII	2.32593959847977	state_03	IG-D
1	LV7008886718	grey	GeoB25202_R2	79.0255	state_03	MII	2.90065494597872	state_03	IG-D
1	LV7008886718	leiden6	GeoB25202_R2	79.0255	state_03	MII	-10.6496966077754	state_03	IG-D
1	LV7008886718	leiden2	GeoB25202_R2	79.0255	state_03	MII	1.51097007803679	state_03	IG-D
1	LV7008886718	leiden5	GeoB25202_R2	79.0255	state_03	MII	0.806650960852214	state_03	IG-D
1	LV7008886719	leiden3	GeoB25202_R1	87.2825	state_03	MII	0.707908824040487	state_03	IG-D
1	LV7008886719	leiden4	GeoB25202_R1	87.2825	state_03	MII	1.73082403608361	state_03	IG-D
1	LV7008886719	grey	GeoB25202_R1	87.2825	state_03	MII	2.55552594622453	state_03	IG-D
1	LV7008886719	leiden2	GeoB25202_R1	87.2825	state_03	MII	1.6601962175233	state_03	IG-D
1	LV7008886719	leiden1	GeoB25202_R1	87.2825	state_03	MII	2.11978287852077	state_03	IG-D
1	LV7008886719	leiden5	GeoB25202_R1	87.2825	state_03	MII	2.02388643393941	state_03	IG-D
1	LV7008886719	leiden6	GeoB25202_R1	87.2825	state_03	MII	-10.7981243363321	state_03	IG-D
1	LV7008886720	leiden3	GeoB25202_R2	109.6305	state_03	MII	-0.238887613462298	state_03	IG-D
1	LV7008886720	leiden4	GeoB25202_R2	109.6305	state_03	MII	-1.01680882789065	state_03	IG-D
1	LV7008886720	leiden1	GeoB25202_R2	109.6305	state_03	MII	0.668934973996412	state_03	IG-D
1	LV7008886720	grey	GeoB25202_R2	109.6305	state_03	MII	0.0971733595907829	state_03	IG-D
1	LV7008886720	leiden5	GeoB25202_R2	109.6305	state_03	MII	-0.29546704042698	state_03	IG-D
1	LV7008886720	leiden2	GeoB25202_R2	109.6305	state_03	MII	-0.525072461601464	state_03	IG-D
1	LV7008886720	leiden6	GeoB25202_R2	109.6305	state_03	MII	1.31012760979419	state_03	IG-D
1	LV7008886726	leiden3	GeoB25202_R2	0.692	state_03	MII	1.45649745017369	state_03	IG-D
1	LV7008886726	leiden4	GeoB25202_R2	0.692	state_03	MII	3.80850931500024	state_03	IG-D
1	LV7008886726	grey	GeoB25202_R2	0.692	state_03	MII	-8.62126244542788	state_03	IG-D
1	LV7008886726	leiden2	GeoB25202_R2	0.692	state_03	MII	2.91913537830102	state_03	IG-D
1	LV7008886726	leiden5	GeoB25202_R2	0.692	state_03	MII	3.97735157754854	state_03	IG-D
1	LV7008886726	leiden1	GeoB25202_R2	0.692	state_03	MII	4.45743072396923	state_03	IG-D
1	LV7008886726	leiden6	GeoB25202_R2	0.692	state_03	MII	-7.99766199956483	state_03	IG-D
1	LV7008886730	leiden3	GeoB25202_R1	75.351	state_03	MII	-0.575228826437947	state_03	IG-D
1	LV7008886730	leiden4	GeoB25202_R1	75.351	state_03	MII	-0.235057622926693	state_03	IG-D
1	LV7008886730	leiden1	GeoB25202_R1	75.351	state_03	MII	0.0269726601639717	state_03	IG-D
1	LV7008886730	leiden2	GeoB25202_R1	75.351	state_03	MII	-0.617449966483104	state_03	IG-D
1	LV7008886730	grey	GeoB25202_R1	75.351	state_03	MII	0.671240081210691	state_03	IG-D
1	LV7008886730	leiden6	GeoB25202_R1	75.351	state_03	MII	0.878057117027569	state_03	IG-D
1	LV7008886730	leiden5	GeoB25202_R1	75.351	state_03	MII	-0.148533442554483	state_03	IG-D
1	LV7008886731	leiden2	GeoB25202_R2	87.2825	state_03	MII	0.0768525251863583	state_03	IG-D
1	LV7008886731	leiden3	GeoB25202_R2	87.2825	state_03	MII	-0.0153465519497349	state_03	IG-D
1	LV7008886731	leiden4	GeoB25202_R2	87.2825	state_03	MII	-0.693585075662075	state_03	IG-D
1	LV7008886731	leiden1	GeoB25202_R2	87.2825	state_03	MII	-0.168725122610352	state_03	IG-D
1	LV7008886731	grey	GeoB25202_R2	87.2825	state_03	MII	0.0749114391102232	state_03	IG-D
1	LV7008886731	leiden5	GeoB25202_R2	87.2825	state_03	MII	-0.77286592743836	state_03	IG-D
1	LV7008886731	leiden6	GeoB25202_R2	87.2825	state_03	MII	1.49875871336394	state_03	IG-D
1	LV7008886742	leiden1	GeoB25202_R2	75.351	state_03	MII	0.221032072948856	state_03	IG-D
1	LV7008886742	leiden2	GeoB25202_R2	75.351	state_03	MII	-0.543628370743599	state_03	IG-D
1	LV7008886742	leiden3	GeoB25202_R2	75.351	state_03	MII	-0.623261113967744	state_03	IG-D
1	LV7008886742	leiden4	GeoB25202_R2	75.351	state_03	MII	-0.242673883705576	state_03	IG-D
1	LV7008886742	grey	GeoB25202_R2	75.351	state_03	MII	0.605684991107239	state_03	IG-D
1	LV7008886742	leiden5	GeoB25202_R2	75.351	state_03	MII	-0.265223391771824	state_03	IG-D
1	LV7008886742	leiden6	GeoB25202_R2	75.351	state_03	MII	0.848069696132647	state_03	IG-D
1	LV7008886743	leiden3	GeoB25202_R1	81.6705	state_03	MII	1.09735104773876	state_03	IG-D
1	LV7008886743	leiden4	GeoB25202_R1	81.6705	state_03	MII	-0.931474906613141	state_03	IG-D
1	LV7008886743	grey	GeoB25202_R1	81.6705	state_03	MII	0.349644596686854	state_03	IG-D
1	LV7008886743	leiden1	GeoB25202_R1	81.6705	state_03	MII	0.595371803601447	state_03	IG-D
1	LV7008886743	leiden5	GeoB25202_R1	81.6705	state_03	MII	-0.282755853168458	state_03	IG-D
1	LV7008886743	leiden2	GeoB25202_R1	81.6705	state_03	MII	-0.828136688245465	state_03	IG-D
1	LV7008886744	leiden3	GeoB25202_R1	105.5785	state_03	MII	2.23573574117303	state_03	IG-D
1	LV7008886744	leiden4	GeoB25202_R1	105.5785	state_03	MII	1.21145268870148	state_03	IG-D
1	LV7008886744	leiden5	GeoB25202_R1	105.5785	state_03	MII	1.89377849752724	state_03	IG-D
1	LV7008886744	leiden1	GeoB25202_R1	105.5785	state_03	MII	2.51938586759822	state_03	IG-D
1	LV7008886744	grey	GeoB25202_R1	105.5785	state_03	MII	2.1684617732672	state_03	IG-D
1	LV7008886744	leiden2	GeoB25202_R1	105.5785	state_03	MII	0.379111992368483	state_03	IG-D
1	LV7008886744	leiden6	GeoB25202_R1	105.5785	state_03	MII	-10.4079265606357	state_03	IG-D
1	LV7008886754	leiden3	GeoB25202_R1	71.8895	state_03	MII	-1.56237885698186	state_03	IG-D
1	LV7008886754	leiden4	GeoB25202_R1	71.8895	state_03	MII	-0.596022707315976	state_03	IG-D
1	LV7008886754	leiden1	GeoB25202_R1	71.8895	state_03	MII	0.155338874973702	state_03	IG-D
1	LV7008886754	grey	GeoB25202_R1	71.8895	state_03	MII	0.727407321366312	state_03	IG-D
1	LV7008886754	leiden5	GeoB25202_R1	71.8895	state_03	MII	0.514375313000813	state_03	IG-D
1	LV7008886754	leiden6	GeoB25202_R1	71.8895	state_03	MII	0.941466708536905	state_03	IG-D
1	LV7008886754	leiden2	GeoB25202_R1	71.8895	state_03	MII	-0.180186653579893	state_03	IG-D
1	LV7008886755	leiden3	GeoB25202_R2	81.6705	state_03	MII	-0.0930844883632154	state_03	IG-D
1	LV7008886755	leiden4	GeoB25202_R2	81.6705	state_03	MII	-0.38484683206463	state_03	IG-D
1	LV7008886755	leiden1	GeoB25202_R2	81.6705	state_03	MII	-0.535729175570542	state_03	IG-D
1	LV7008886755	grey	GeoB25202_R2	81.6705	state_03	MII	0.996315952421621	state_03	IG-D
1	LV7008886755	leiden5	GeoB25202_R2	81.6705	state_03	MII	0.188793764540884	state_03	IG-D
1	LV7008886755	leiden2	GeoB25202_R2	81.6705	state_03	MII	-0.171449220964119	state_03	IG-D
1	LV7008886756	leiden3	GeoB25202_R2	105.5785	state_03	MII	2.2269119289317	state_03	IG-D
1	LV7008886756	leiden4	GeoB25202_R2	105.5785	state_03	MII	1.20347985885879	state_03	IG-D
1	LV7008886756	grey	GeoB25202_R2	105.5785	state_03	MII	2.10057897195951	state_03	IG-D
1	LV7008886756	leiden1	GeoB25202_R2	105.5785	state_03	MII	2.17253171983081	state_03	IG-D
1	LV7008886756	leiden5	GeoB25202_R2	105.5785	state_03	MII	1.95014978506381	state_03	IG-D
1	LV7008886756	leiden2	GeoB25202_R2	105.5785	state_03	MII	1.2449671955816	state_03	IG-D
1	LV7008886756	leiden6	GeoB25202_R2	105.5785	state_03	MII	-10.8986194602262	state_03	IG-D
1	LV7008886766	leiden2	GeoB25202_R2	71.8895	state_03	MII	0.00700677694118657	state_03	IG-D
1	LV7008886766	leiden3	GeoB25202_R2	71.8895	state_03	MII	-1.49477258975033	state_03	IG-D
1	LV7008886766	leiden4	GeoB25202_R2	71.8895	state_03	MII	-0.556268912654315	state_03	IG-D
1	LV7008886766	leiden1	GeoB25202_R2	71.8895	state_03	MII	-0.194061232184076	state_03	IG-D
1	LV7008886766	leiden5	GeoB25202_R2	71.8895	state_03	MII	0.415786325450095	state_03	IG-D
1	LV7008886766	leiden6	GeoB25202_R2	71.8895	state_03	MII	1.07598248438587	state_03	IG-D
1	LV7008886766	grey	GeoB25202_R2	71.8895	state_03	MII	0.746327147811575	state_03	IG-D
1	LV7008886768	leiden3	GeoB25202_R1	102.2955	state_03	MII	1.7484045671602	state_03	IG-D
1	LV7008886768	leiden4	GeoB25202_R1	102.2955	state_03	MII	1.19945590333936	state_03	IG-D
1	LV7008886768	leiden1	GeoB25202_R1	102.2955	state_03	MII	2.3839762985445	state_03	IG-D
1	LV7008886768	grey	GeoB25202_R1	102.2955	state_03	MII	2.40837500958977	state_03	IG-D
1	LV7008886768	leiden2	GeoB25202_R1	102.2955	state_03	MII	1.14036240574265	state_03	IG-D
1	LV7008886768	leiden5	GeoB25202_R1	102.2955	state_03	MII	1.98204189444558	state_03	IG-D
1	LV7008886768	leiden6	GeoB25202_R1	102.2955	state_03	MII	-10.862616078822	state_03	IG-D
1	LV7008886778	leiden2	GeoB25202_R1	68.149	state_03	MII	-0.553884293746653	state_03	IG-D
1	LV7008886778	leiden3	GeoB25202_R1	68.149	state_03	MII	-0.862448849696468	state_03	IG-D
1	LV7008886778	leiden4	GeoB25202_R1	68.149	state_03	MII	-0.709361667409092	state_03	IG-D
1	LV7008886778	leiden1	GeoB25202_R1	68.149	state_03	MII	0.838873628798618	state_03	IG-D
1	LV7008886778	grey	GeoB25202_R1	68.149	state_03	MII	0.508237223549501	state_03	IG-D
1	LV7008886778	leiden5	GeoB25202_R1	68.149	state_03	MII	-0.452618133793567	state_03	IG-D
1	LV7008886778	leiden6	GeoB25202_R1	68.149	state_03	MII	1.23120209229766	state_03	IG-D
1	LV7008886780	leiden3	GeoB25202_R2	102.2955	state_03	MII	0.364557905643019	state_03	IG-D
1	LV7008886780	leiden4	GeoB25202_R2	102.2955	state_03	MII	-0.638777133416443	state_03	IG-D
1	LV7008886780	leiden2	GeoB25202_R2	102.2955	state_03	MII	-0.554772438965504	state_03	IG-D
1	LV7008886780	leiden1	GeoB25202_R2	102.2955	state_03	MII	0.599517688688429	state_03	IG-D
1	LV7008886780	grey	GeoB25202_R2	102.2955	state_03	MII	0.572073284759616	state_03	IG-D
1	LV7008886780	leiden5	GeoB25202_R2	102.2955	state_03	MII	-0.342599306709115	state_03	IG-D
1	LV3003046938	leiden3	ST8	11.169	state_03	SRPI	-0.0251864116032108	state_03	IG-D
1	LV3003046938	leiden4	ST8	11.169	state_03	SRPI	0.235973851292218	state_03	IG-D
1	LV3003046938	leiden1	ST8	11.169	state_03	SRPI	-0.0811682171212393	state_03	IG-D
1	LV3003046938	leiden2	ST8	11.169	state_03	SRPI	0.425014720910052	state_03	IG-D
1	LV3003046938	leiden6	ST8	11.169	state_03	SRPI	-0.294556275974857	state_03	IG-D
1	LV3003046938	grey	ST8	11.169	state_03	SRPI	-0.260077667502963	state_03	IG-D
1	LV3003046939	leiden3	ST8	2.42	state_03	SRPI	0.936327877330196	state_03	IG-D
1	LV3003046939	leiden4	ST8	2.42	state_03	SRPI	1.36112355197377	state_03	IG-D
1	LV3003046939	leiden1	ST8	2.42	state_03	SRPI	1.05232002648051	state_03	IG-D
1	LV3003046939	leiden2	ST8	2.42	state_03	SRPI	0.97695014143584	state_03	IG-D
1	LV3003046939	leiden6	ST8	2.42	state_03	SRPI	-7.18609412116491	state_03	IG-D
1	LV3003046939	grey	ST8	2.42	state_03	SRPI	1.30805020960448	state_03	IG-D
1	LV3003046939	leiden5	ST8	2.42	state_03	SRPI	1.55132231434012	state_03	IG-D
1	LV3003046952	leiden3	ST8	10.26	state_03	SRPI	-0.260334196847761	state_03	IG-D
1	LV3003046952	leiden4	ST8	10.26	state_03	SRPI	0.115858465589156	state_03	IG-D
1	LV3003046952	leiden2	ST8	10.26	state_03	SRPI	0.0144596720637036	state_03	IG-D
1	LV3003046952	leiden6	ST8	10.26	state_03	SRPI	-0.722207227415771	state_03	IG-D
1	LV3003046952	leiden1	ST8	10.26	state_03	SRPI	-0.337569449558476	state_03	IG-D
1	LV3003046952	grey	ST8	10.26	state_03	SRPI	-0.444964003169753	state_03	IG-D
1	LV3003046952	leiden5	ST8	10.26	state_03	SRPI	1.6347567393389	state_03	IG-D
1	LV3003046953	leiden1	ST8	1.5215	state_03	SRPI	1.16968953668206	state_03	IG-D
1	LV3003046953	leiden3	ST8	1.5215	state_03	SRPI	0.526790674929778	state_03	IG-D
1	LV3003046953	leiden4	ST8	1.5215	state_03	SRPI	1.46033726291327	state_03	IG-D
1	LV3003046953	leiden2	ST8	1.5215	state_03	SRPI	1.24817695123352	state_03	IG-D
1	LV3003046953	leiden5	ST8	1.5215	state_03	SRPI	1.51037450846808	state_03	IG-D
1	LV3003046953	grey	ST8	1.5215	state_03	SRPI	1.44304026457516	state_03	IG-D
1	LV3003046953	leiden6	ST8	1.5215	state_03	SRPI	-7.35840919880187	state_03	IG-D
1	LV3003046980	leiden3	ST8	8.056	state_03	SRPI	0.912573708233868	state_03	IG-D
1	LV3003046980	leiden4	ST8	8.056	state_03	SRPI	1.42788646885039	state_03	IG-D
1	LV3003046980	grey	ST8	8.056	state_03	SRPI	1.04441429574439	state_03	IG-D
1	LV3003046980	leiden2	ST8	8.056	state_03	SRPI	1.37156113687073	state_03	IG-D
1	LV3003046980	leiden1	ST8	8.056	state_03	SRPI	0.44269289622608	state_03	IG-D
1	LV3003046980	leiden5	ST8	8.056	state_03	SRPI	1.87042250901858	state_03	IG-D
1	LV3003046980	leiden6	ST8	8.056	state_03	SRPI	-7.06955101494404	state_03	IG-D
1	LV3003046995	leiden1	ST8	6.9705	state_03	SRPI	-0.261616381040926	state_03	IG-D
1	LV3003046995	leiden3	ST8	6.9705	state_03	SRPI	0.146482021049434	state_03	IG-D
1	LV3003046995	leiden4	ST8	6.9705	state_03	SRPI	0.12754765926604	state_03	IG-D
1	LV3003046995	leiden2	ST8	6.9705	state_03	SRPI	0.190638086562282	state_03	IG-D
1	LV3003046995	grey	ST8	6.9705	state_03	SRPI	1.02044243076267	state_03	IG-D
1	LV3003046995	leiden5	ST8	6.9705	state_03	SRPI	-0.537980643431913	state_03	IG-D
1	LV3003046995	leiden6	ST8	6.9705	state_03	SRPI	-0.685513173167583	state_03	IG-D
1	LV3003047010	leiden3	ST8	13.676	state_03	SRPI	1.42003581252046	state_03	IG-D
1	LV3003047010	leiden4	ST8	13.676	state_03	SRPI	1.64824445561689	state_03	IG-D
1	LV3003047010	leiden1	ST8	13.676	state_03	SRPI	1.10790975749188	state_03	IG-D
1	LV3003047010	leiden6	ST8	13.676	state_03	SRPI	-0.860433302748712	state_03	IG-D
1	LV3003047010	grey	ST8	13.676	state_03	SRPI	1.62712752174735	state_03	IG-D
1	LV3003047010	leiden2	ST8	13.676	state_03	SRPI	1.68306350988072	state_03	IG-D
1	LV3003047010	leiden5	ST8	13.676	state_03	SRPI	-6.62594775450858	state_03	IG-D
1	LV3003047013	leiden1	ST8	5.885	state_03	SRPI	0.933420781977686	state_03	IG-D
1	LV3003047013	leiden3	ST8	5.885	state_03	SRPI	0.74415105091894	state_03	IG-D
1	LV3003047013	leiden4	ST8	5.885	state_03	SRPI	1.39720820368551	state_03	IG-D
1	LV3003047013	leiden2	ST8	5.885	state_03	SRPI	1.1596983211552	state_03	IG-D
1	LV3003047013	grey	ST8	5.885	state_03	SRPI	1.13375800437815	state_03	IG-D
1	LV3003047013	leiden5	ST8	5.885	state_03	SRPI	1.75515491035075	state_03	IG-D
1	LV3003047013	leiden6	ST8	5.885	state_03	SRPI	-7.12339127246623	state_03	IG-D
1	LV3003047027	leiden3	ST8	12.877	state_03	SRPI	-0.138312309487569	state_03	IG-D
1	LV3003047027	leiden4	ST8	12.877	state_03	SRPI	0.102329555136827	state_03	IG-D
1	LV3003047027	leiden1	ST8	12.877	state_03	SRPI	-0.453200231790162	state_03	IG-D
1	LV3003047027	leiden2	ST8	12.877	state_03	SRPI	0.210418955091533	state_03	IG-D
1	LV3003047027	leiden6	ST8	12.877	state_03	SRPI	-0.557653843368857	state_03	IG-D
1	LV3003047027	grey	ST8	12.877	state_03	SRPI	-0.365644269950158	state_03	IG-D
1	LV3003047027	leiden5	ST8	12.877	state_03	SRPI	1.20206214436839	state_03	IG-D
1	LV3003047045	leiden1	ST8	3.5865	state_03	SRPI	1.45201725467679	state_03	IG-D
1	LV3003047045	leiden3	ST8	3.5865	state_03	SRPI	0.605306319848556	state_03	IG-D
1	LV3003047045	leiden4	ST8	3.5865	state_03	SRPI	1.18816286053798	state_03	IG-D
1	LV3003047045	leiden2	ST8	3.5865	state_03	SRPI	0.96850752878898	state_03	IG-D
1	LV3003047045	leiden6	ST8	3.5865	state_03	SRPI	-7.28621378988134	state_03	IG-D
1	LV3003047045	grey	ST8	3.5865	state_03	SRPI	1.47988743309338	state_03	IG-D
1	LV3003047045	leiden5	ST8	3.5865	state_03	SRPI	1.59233239293564	state_03	IG-D
1	LV3003047079	leiden3	ST8	97.52	state_03	SRPI	1.34416268989366	state_03	IG-D
1	LV3003047079	leiden4	ST8	97.52	state_03	SRPI	0.917850245906703	state_03	IG-D
1	LV3003047079	grey	ST8	97.52	state_03	SRPI	2.48767618150614	state_03	IG-D
1	LV3003047079	leiden5	ST8	97.52	state_03	SRPI	0.974845651871172	state_03	IG-D
1	LV3003047079	leiden2	ST8	97.52	state_03	SRPI	0.790098104132333	state_03	IG-D
1	LV3003047079	leiden1	ST8	97.52	state_03	SRPI	0.864651349010889	state_03	IG-D
1	LV3003047079	leiden6	ST8	97.52	state_03	SRPI	-7.3792842223209	state_03	IG-D
1	LV3003047080	leiden4	ST8	87.9935	state_03	SRPI	0.00059860739676576	state_03	IG-D
1	LV3003047080	leiden1	ST8	87.9935	state_03	SRPI	0.0671705111439644	state_03	IG-D
1	LV3003047080	leiden3	ST8	87.9935	state_03	SRPI	0.417728016074623	state_03	IG-D
1	LV3003047080	leiden5	ST8	87.9935	state_03	SRPI	-1.28615852980403	state_03	IG-D
1	LV3003047080	grey	ST8	87.9935	state_03	SRPI	0.960301494180776	state_03	IG-D
1	LV3003047080	leiden2	ST8	87.9935	state_03	SRPI	-0.159640098992095	state_03	IG-D
1	LV3003047091	leiden4	ST8	89.37525	state_03	SRPI	-0.0757495262393339	state_03	IG-D
1	LV3003047091	leiden5	ST8	89.37525	state_03	SRPI	-1.0631804394805	state_03	IG-D
1	LV3003047091	grey	ST8	89.37525	state_03	SRPI	0.766267776341453	state_03	IG-D
1	LV3003047091	leiden3	ST8	89.37525	state_03	SRPI	0.170153947849562	state_03	IG-D
1	LV3003047091	leiden2	ST8	89.37525	state_03	SRPI	0.0838195494219667	state_03	IG-D
1	LV3003047091	leiden1	ST8	89.37525	state_03	SRPI	0.118688692106849	state_03	IG-D
1	LV3003047093	leiden3	ST8	79.675	state_03	SRPI	-0.088558206966895	state_03	IG-D
1	LV3003047093	leiden4	ST8	79.675	state_03	SRPI	-0.0209913632276847	state_03	IG-D
1	LV3003047093	leiden1	ST8	79.675	state_03	SRPI	0.221180027276849	state_03	IG-D
1	LV3003047093	grey	ST8	79.675	state_03	SRPI	1.18149683870279	state_03	IG-D
1	LV3003047093	leiden5	ST8	79.675	state_03	SRPI	-0.877967086850332	state_03	IG-D
1	LV3003047093	leiden2	ST8	79.675	state_03	SRPI	-0.415160208934723	state_03	IG-D
1	LV3003047100	leiden3	ST8	86.61175	state_03	SRPI	1.23974011072458	state_03	IG-D
1	LV3003047100	leiden4	ST8	86.61175	state_03	SRPI	1.15077586960192	state_03	IG-D
1	LV3003047100	leiden5	ST8	86.61175	state_03	SRPI	0.23900250314517	state_03	IG-D
1	LV3003047100	grey	ST8	86.61175	state_03	SRPI	2.43498469895371	state_03	IG-D
1	LV3003047100	leiden2	ST8	86.61175	state_03	SRPI	1.14082081477359	state_03	IG-D
1	LV3003047100	leiden1	ST8	86.61175	state_03	SRPI	1.17196648808993	state_03	IG-D
1	LV3003047100	leiden6	ST8	86.61175	state_03	SRPI	-7.37729048528889	state_03	IG-D
1	LV3003047101	leiden4	ST8	85.23	state_03	SRPI	0.164013543742629	state_03	IG-D
1	LV3003047101	leiden1	ST8	85.23	state_03	SRPI	-0.315779380477246	state_03	IG-D
1	LV3003047101	grey	ST8	85.23	state_03	SRPI	0.87714151105246	state_03	IG-D
1	LV3003047101	leiden2	ST8	85.23	state_03	SRPI	0.109870283470692	state_03	IG-D
1	LV3003047101	leiden3	ST8	85.23	state_03	SRPI	0.25171789423791	state_03	IG-D
1	LV3003047101	leiden5	ST8	85.23	state_03	SRPI	-1.08696385202644	state_03	IG-D
1	LV3003047107	leiden4	ST8	71.517	state_03	SRPI	-0.0242912603721515	state_03	IG-D
1	LV3003047107	leiden3	ST8	71.517	state_03	SRPI	0.17925776354962	state_03	IG-D
1	LV3003047107	leiden5	ST8	71.517	state_03	SRPI	-0.952356694114069	state_03	IG-D
1	LV3003047107	leiden2	ST8	71.517	state_03	SRPI	-0.0750855695530132	state_03	IG-D
1	LV3003047107	grey	ST8	71.517	state_03	SRPI	1.40397148054882	state_03	IG-D
1	LV3003047107	leiden1	ST8	71.517	state_03	SRPI	0.279411908948611	state_03	IG-D
1	LV3003047107	leiden6	ST8	71.517	state_03	SRPI	-0.810907629007822	state_03	IG-D
1	LV3003047133	leiden3	ST8	70.162	state_03	SRPI	0.209845425952322	state_03	IG-D
1	LV3003047133	leiden4	ST8	70.162	state_03	SRPI	-0.0164313467897397	state_03	IG-D
1	LV3003047133	leiden6	ST8	70.162	state_03	SRPI	-1.78925325915162	state_03	IG-D
1	LV3003047133	leiden2	ST8	70.162	state_03	SRPI	-0.26591439567099	state_03	IG-D
1	LV3003047133	grey	ST8	70.162	state_03	SRPI	1.26784367962339	state_03	IG-D
1	LV3003047133	leiden5	ST8	70.162	state_03	SRPI	-0.150960065200231	state_03	IG-D
1	LV3003047133	leiden1	ST8	70.162	state_03	SRPI	0.744869961236876	state_03	IG-D
1	LV3003047134	leiden1	ST8	68.807	state_03	SRPI	1.13745018205323	state_03	IG-D
1	LV3003047134	leiden3	ST8	68.807	state_03	SRPI	1.31869432400827	state_03	IG-D
1	LV3003047134	leiden4	ST8	68.807	state_03	SRPI	1.10788759637556	state_03	IG-D
1	LV3003047134	leiden5	ST8	68.807	state_03	SRPI	1.23243817596514	state_03	IG-D
1	LV3003047134	leiden2	ST8	68.807	state_03	SRPI	1.04423255686577	state_03	IG-D
1	LV3003047134	grey	ST8	68.807	state_03	SRPI	1.3835067351867	state_03	IG-D
1	LV3003047134	leiden6	ST8	68.807	state_03	SRPI	-7.22420957045468	state_03	IG-D
1	LV3003047136	leiden3	ST8	67.8766	state_03	SRPI	0.346011086141507	state_03	IG-D
1	LV3003047136	leiden4	ST8	67.8766	state_03	SRPI	-0.112309923530792	state_03	IG-D
1	LV3003047136	leiden5	ST8	67.8766	state_03	SRPI	-0.145220113647348	state_03	IG-D
1	LV3003047136	leiden2	ST8	67.8766	state_03	SRPI	-0.23706457401278	state_03	IG-D
1	LV3003047136	leiden1	ST8	67.8766	state_03	SRPI	-0.215577581494418	state_03	IG-D
1	LV3003047136	grey	ST8	67.8766	state_03	SRPI	0.36416110654383	state_03	IG-D
1	LV3003047137	leiden4	ST8	66.9462	state_03	SRPI	0.174396027183546	state_03	IG-D
1	LV3003047137	leiden3	ST8	66.9462	state_03	SRPI	0.682896380744498	state_03	IG-D
1	LV3003047137	leiden5	ST8	66.9462	state_03	SRPI	-0.123196168818667	state_03	IG-D
1	LV3003047137	leiden2	ST8	66.9462	state_03	SRPI	-0.197204200234679	state_03	IG-D
1	LV3003047137	grey	ST8	66.9462	state_03	SRPI	0.965974931572883	state_03	IG-D
1	LV3003047137	leiden1	ST8	66.9462	state_03	SRPI	-0.573069908156413	state_03	IG-D
1	LV3003047137	leiden6	ST8	66.9462	state_03	SRPI	-0.929797062291167	state_03	IG-D
1	LV3003047138	leiden4	ST8	66.0158	state_03	SRPI	0.956647097125377	state_03	IG-D
1	LV3003047138	leiden5	ST8	66.0158	state_03	SRPI	0.743062383277836	state_03	IG-D
1	LV3003047138	grey	ST8	66.0158	state_03	SRPI	2.57557089805153	state_03	IG-D
1	LV3003047138	leiden3	ST8	66.0158	state_03	SRPI	1.40783708289029	state_03	IG-D
1	LV3003047138	leiden2	ST8	66.0158	state_03	SRPI	0.798285449182403	state_03	IG-D
1	LV3003047138	leiden1	ST8	66.0158	state_03	SRPI	1.00406669695942	state_03	IG-D
1	LV3003047138	leiden6	ST8	66.0158	state_03	SRPI	-7.48546960748687	state_03	IG-D
1	LV3003061474	leiden1	ST13	77.7798	state_03	SRPI	0.824975752581038	state_03	IG-D
1	LV3003061474	leiden2	ST13	77.7798	state_03	SRPI	1.01610498491901	state_03	IG-D
1	LV3003061474	leiden3	ST13	77.7798	state_03	SRPI	0.989826507184529	state_03	IG-D
1	LV3003061474	leiden4	ST13	77.7798	state_03	SRPI	1.25845663483218	state_03	IG-D
1	LV3003061474	leiden6	ST13	77.7798	state_03	SRPI	-7.31757318765163	state_03	IG-D
1	LV3003061474	leiden5	ST13	77.7798	state_03	SRPI	1.71364131245244	state_03	IG-D
1	LV3003061474	grey	ST13	77.7798	state_03	SRPI	1.51456799568243	state_03	IG-D
1	LV3003061485	leiden1	ST13	75.7796	state_03	SRPI	1.17157342313488	state_03	IG-D
1	LV3003061485	leiden3	ST13	75.7796	state_03	SRPI	1.11524955897438	state_03	IG-D
1	LV3003061485	leiden4	ST13	75.7796	state_03	SRPI	1.69069317500036	state_03	IG-D
1	LV3003061485	leiden2	ST13	75.7796	state_03	SRPI	1.46173763908372	state_03	IG-D
1	LV3003061485	leiden6	ST13	75.7796	state_03	SRPI	-6.80913251919435	state_03	IG-D
1	LV3003061485	leiden5	ST13	75.7796	state_03	SRPI	1.43178138622393	state_03	IG-D
1	LV3003061485	grey	ST13	75.7796	state_03	SRPI	-0.0619026632229387	state_03	IG-D
1	LV3003061500	leiden2	ST13	148.086	state_03	SRPI	0.425566069188861	state_03	IG-D
1	LV3003061500	leiden4	ST13	148.086	state_03	SRPI	0.961487943302802	state_03	IG-D
1	LV3003061500	leiden1	ST13	148.086	state_03	SRPI	1.30559236914544	state_03	IG-D
1	LV3003061500	leiden5	ST13	148.086	state_03	SRPI	0.798998802364099	state_03	IG-D
1	LV3003061500	leiden3	ST13	148.086	state_03	SRPI	1.36629379176906	state_03	IG-D
1	LV3003061500	grey	ST13	148.086	state_03	SRPI	2.70967624346787	state_03	IG-D
1	LV3003061500	leiden6	ST13	148.086	state_03	SRPI	-7.56761521923814	state_03	IG-D
1	LV3003061501	leiden3	ST13	105.5872	state_03	SRPI	1.15386453511655	state_03	IG-D
1	LV3003061501	leiden4	ST13	105.5872	state_03	SRPI	0.289200416690528	state_03	IG-D
1	LV3003061501	leiden2	ST13	105.5872	state_03	SRPI	-0.00972847301259627	state_03	IG-D
1	LV3003061501	leiden6	ST13	105.5872	state_03	SRPI	-1.8733612594483	state_03	IG-D
1	LV3003061501	leiden5	ST13	105.5872	state_03	SRPI	1.36776466102973	state_03	IG-D
1	LV3003061501	leiden1	ST13	105.5872	state_03	SRPI	-1.07009402979813	state_03	IG-D
1	LV3003061501	grey	ST13	105.5872	state_03	SRPI	0.142354149422206	state_03	IG-D
1	LV3003061503	leiden1	ST13	73.1472	state_03	SRPI	1.7094679492363	state_03	IG-D
1	LV3003061503	leiden2	ST13	73.1472	state_03	SRPI	1.36919439454832	state_03	IG-D
1	LV3003061503	leiden3	ST13	73.1472	state_03	SRPI	1.19674140003988	state_03	IG-D
1	LV3003061503	leiden4	ST13	73.1472	state_03	SRPI	1.65914447310894	state_03	IG-D
1	LV3003061503	leiden6	ST13	73.1472	state_03	SRPI	-0.708336032773015	state_03	IG-D
1	LV3003061503	leiden5	ST13	73.1472	state_03	SRPI	1.67110470967395	state_03	IG-D
1	LV3003061503	grey	ST13	73.1472	state_03	SRPI	-6.89731689383437	state_03	IG-D
1	LV3003061514	leiden2	ST13	100.6726	state_03	SRPI	1.22269450330898	state_03	IG-D
1	LV3003061514	leiden3	ST13	100.6726	state_03	SRPI	1.08873474585526	state_03	IG-D
1	LV3003061514	leiden4	ST13	100.6726	state_03	SRPI	1.44924751813937	state_03	IG-D
1	LV3003061514	leiden1	ST13	100.6726	state_03	SRPI	1.05782453785622	state_03	IG-D
1	LV3003061514	leiden6	ST13	100.6726	state_03	SRPI	-7.04071509422623	state_03	IG-D
1	LV3003061514	grey	ST13	100.6726	state_03	SRPI	1.49865626572499	state_03	IG-D
1	LV3003061514	leiden5	ST13	100.6726	state_03	SRPI	0.723557523341406	state_03	IG-D
1	LV3003061515	leiden1	ST13	71.0012	state_03	SRPI	-0.421153991158895	state_03	IG-D
1	LV3003061515	leiden3	ST13	71.0012	state_03	SRPI	-0.0423029307070923	state_03	IG-D
1	LV3003061515	leiden4	ST13	71.0012	state_03	SRPI	0.246959710544863	state_03	IG-D
1	LV3003061515	leiden2	ST13	71.0012	state_03	SRPI	0.108111145678646	state_03	IG-D
1	LV3003061515	leiden6	ST13	71.0012	state_03	SRPI	-0.834160868479513	state_03	IG-D
1	LV3003061515	grey	ST13	71.0012	state_03	SRPI	0.402179297907566	state_03	IG-D
1	LV3003061515	leiden5	ST13	71.0012	state_03	SRPI	0.540367636214423	state_03	IG-D
1	LV3003061528	leiden3	ST13	95.118	state_03	SRPI	0.843411626278738	state_03	IG-D
1	LV3003061528	leiden4	ST13	95.118	state_03	SRPI	1.28807516970073	state_03	IG-D
1	LV3003061528	leiden2	ST13	95.118	state_03	SRPI	0.990991885734091	state_03	IG-D
1	LV3003061528	leiden1	ST13	95.118	state_03	SRPI	0.955303055251473	state_03	IG-D
1	LV3003061528	leiden5	ST13	95.118	state_03	SRPI	2.33776148958225	state_03	IG-D
1	LV3003061528	grey	ST13	95.118	state_03	SRPI	0.793166424485142	state_03	IG-D
1	LV3003061528	leiden6	ST13	95.118	state_03	SRPI	-7.20870965103242	state_03	IG-D
1	LV3003061529	leiden1	ST13	66.015	state_03	SRPI	1.41554847840245	state_03	IG-D
1	LV3003061529	leiden2	ST13	66.015	state_03	SRPI	1.10658742416558	state_03	IG-D
1	LV3003061529	leiden3	ST13	66.015	state_03	SRPI	1.05253953527046	state_03	IG-D
1	LV3003061529	leiden4	ST13	66.015	state_03	SRPI	1.3166193576325	state_03	IG-D
1	LV3003061529	leiden5	ST13	66.015	state_03	SRPI	1.23903180702439	state_03	IG-D
1	LV3003061529	grey	ST13	66.015	state_03	SRPI	0.974482899081993	state_03	IG-D
1	LV3003061529	leiden6	ST13	66.015	state_03	SRPI	-7.10480950157736	state_03	IG-D
1	LV3003061541	leiden3	ST13	91.09	state_03	SRPI	1.71486729554774	state_03	IG-D
1	LV3003061541	leiden4	ST13	91.09	state_03	SRPI	1.25780134103113	state_03	IG-D
1	LV3003061541	leiden5	ST13	91.09	state_03	SRPI	0.614640472656799	state_03	IG-D
1	LV3003061541	leiden6	ST13	91.09	state_03	SRPI	-7.19401477644792	state_03	IG-D
1	LV3003061541	leiden2	ST13	91.09	state_03	SRPI	1.04783956589943	state_03	IG-D
1	LV3003061541	grey	ST13	91.09	state_03	SRPI	2.38460006849576	state_03	IG-D
1	LV3003061541	leiden1	ST13	91.09	state_03	SRPI	0.174266032817057	state_03	IG-D
1	LV3003061543	leiden1	ST13	62.293	state_03	SRPI	-0.366020921718841	state_03	IG-D
1	LV3003061543	leiden2	ST13	62.293	state_03	SRPI	0.448627871723771	state_03	IG-D
1	LV3003061543	leiden3	ST13	62.293	state_03	SRPI	0.321222128866321	state_03	IG-D
1	LV3003061543	leiden4	ST13	62.293	state_03	SRPI	0.58031016136412	state_03	IG-D
1	LV3003061543	leiden5	ST13	62.293	state_03	SRPI	1.50561567246256	state_03	IG-D
1	LV3003061543	leiden6	ST13	62.293	state_03	SRPI	-0.767996575626179	state_03	IG-D
1	LV3003061543	grey	ST13	62.293	state_03	SRPI	-1.72175833707176	state_03	IG-D
1	LV3003061556	leiden2	ST13	86.6174	state_03	SRPI	0.427284475280773	state_03	IG-D
1	LV3003061556	leiden3	ST13	86.6174	state_03	SRPI	0.529602073445267	state_03	IG-D
1	LV3003061556	leiden4	ST13	86.6174	state_03	SRPI	0.837700849462303	state_03	IG-D
1	LV3003061556	leiden1	ST13	86.6174	state_03	SRPI	-1.02029953152569	state_03	IG-D
1	LV3003061556	leiden5	ST13	86.6174	state_03	SRPI	-0.562465652255723	state_03	IG-D
1	LV3003061556	grey	ST13	86.6174	state_03	SRPI	1.28516925557774	state_03	IG-D
1	LV3003061556	leiden6	ST13	86.6174	state_03	SRPI	-1.49699146998467	state_03	IG-D
1	LV3003061557	leiden3	ST13	58.082	state_03	SRPI	0.0987372232034411	state_03	IG-D
1	LV3003061557	leiden4	ST13	58.082	state_03	SRPI	0.38520679561557	state_03	IG-D
1	LV3003061557	leiden2	ST13	58.082	state_03	SRPI	0.319220914005833	state_03	IG-D
1	LV3003061557	leiden6	ST13	58.082	state_03	SRPI	-0.812093895727251	state_03	IG-D
1	LV3003061557	grey	ST13	58.082	state_03	SRPI	0.751425310017973	state_03	IG-D
1	LV3003061557	leiden1	ST13	58.082	state_03	SRPI	0.184759245157684	state_03	IG-D
1	LV3003061557	leiden5	ST13	58.082	state_03	SRPI	-0.927255592273253	state_03	IG-D
1	LV3003061569	leiden2	ST13	81.6946	state_03	SRPI	-0.113349523256666	state_03	IG-D
1	LV3003061569	leiden3	ST13	81.6946	state_03	SRPI	0.111866075603157	state_03	IG-D
1	LV3003061569	leiden4	ST13	81.6946	state_03	SRPI	0.234297172001449	state_03	IG-D
1	LV3003061569	leiden1	ST13	81.6946	state_03	SRPI	-0.101899400076845	state_03	IG-D
1	LV3003061569	leiden5	ST13	81.6946	state_03	SRPI	0.517363947195777	state_03	IG-D
1	LV3003061569	grey	ST13	81.6946	state_03	SRPI	-0.648278271466872	state_03	IG-D
1	LV7001898088	leiden1	ST13	6.031	state_03	SRPI	0.759219502928899	state_03	IG-D
1	LV7001898088	leiden3	ST13	6.031	state_03	SRPI	0.0100528821650665	state_03	IG-D
1	LV7001898088	leiden4	ST13	6.031	state_03	SRPI	0.683562815790246	state_03	IG-D
1	LV7001898088	leiden2	ST13	6.031	state_03	SRPI	0.237762852579273	state_03	IG-D
1	LV7001898088	leiden6	ST13	6.031	state_03	SRPI	-1.54732862004475	state_03	IG-D
1	LV7001898088	leiden5	ST13	6.031	state_03	SRPI	0.965470193654409	state_03	IG-D
1	LV7001898088	grey	ST13	6.031	state_03	SRPI	-1.10873962707315	state_03	IG-D
1	LV7001898100	leiden1	ST13	5.659	state_03	SRPI	0.572148139465632	state_03	IG-D
1	LV7001898100	leiden3	ST13	5.659	state_03	SRPI	0.759069826291582	state_03	IG-D
1	LV7001898100	leiden4	ST13	5.659	state_03	SRPI	1.63930231972211	state_03	IG-D
1	LV7001898100	leiden2	ST13	5.659	state_03	SRPI	1.07033750805249	state_03	IG-D
1	LV7001898100	grey	ST13	5.659	state_03	SRPI	1.24449428461171	state_03	IG-D
1	LV7001898100	leiden5	ST13	5.659	state_03	SRPI	1.94282841557659	state_03	IG-D
1	LV7001898100	leiden6	ST13	5.659	state_03	SRPI	-7.22818049372012	state_03	IG-D
1	LV7008886229	leiden2	GeoB25202_R2	68.149	state_03	SRPI	-0.234945393802727	state_03	IG-D
1	LV7008886229	leiden3	GeoB25202_R2	68.149	state_03	SRPI	0.57050479126299	state_03	IG-D
1	LV7008886229	leiden4	GeoB25202_R2	68.149	state_03	SRPI	0.0584469742895597	state_03	IG-D
1	LV7008886229	leiden1	GeoB25202_R2	68.149	state_03	SRPI	-0.164850853923954	state_03	IG-D
1	LV7008886229	leiden5	GeoB25202_R2	68.149	state_03	SRPI	1.05469126410553	state_03	IG-D
1	LV7008886229	leiden6	GeoB25202_R2	68.149	state_03	SRPI	-1.55487184652591	state_03	IG-D
1	LV7008886229	grey	GeoB25202_R2	68.149	state_03	SRPI	0.271025064594515	state_03	IG-D
1	LV7008886695	leiden3	GeoB25202_R1	95.3875	state_03	SRPI	1.72908521004942	state_03	IG-D
1	LV7008886695	leiden4	GeoB25202_R1	95.3875	state_03	SRPI	1.09097726758214	state_03	IG-D
1	LV7008886695	leiden1	GeoB25202_R1	95.3875	state_03	SRPI	0.60467227712691	state_03	IG-D
1	LV7008886695	grey	GeoB25202_R1	95.3875	state_03	SRPI	1.22878656337839	state_03	IG-D
1	LV7008886695	leiden2	GeoB25202_R1	95.3875	state_03	SRPI	0.902415163826205	state_03	IG-D
1	LV7008886695	leiden6	GeoB25202_R1	95.3875	state_03	SRPI	-7.53924835149175	state_03	IG-D
1	LV7008886695	leiden5	GeoB25202_R1	95.3875	state_03	SRPI	1.98331186952869	state_03	IG-D
1	LV7008886706	leiden3	GeoB25202_R1	79.0255	state_03	SRPI	1.61209909882294	state_03	IG-D
1	LV7008886706	leiden4	GeoB25202_R1	79.0255	state_03	SRPI	1.07581341809182	state_03	IG-D
1	LV7008886706	leiden2	GeoB25202_R1	79.0255	state_03	SRPI	0.749613807944304	state_03	IG-D
1	LV7008886706	leiden1	GeoB25202_R1	79.0255	state_03	SRPI	0.915017580075995	state_03	IG-D
1	LV7008886706	grey	GeoB25202_R1	79.0255	state_03	SRPI	1.22263372621691	state_03	IG-D
1	LV7008886706	leiden5	GeoB25202_R1	79.0255	state_03	SRPI	1.96334028344209	state_03	IG-D
1	LV7008886706	leiden6	GeoB25202_R1	79.0255	state_03	SRPI	-7.53851791459406	state_03	IG-D
1	LV7008886707	leiden1	GeoB25202_R2	95.3875	state_03	SRPI	-0.0717768281964477	state_03	IG-D
1	LV7008886707	leiden3	GeoB25202_R2	95.3875	state_03	SRPI	0.543197660500729	state_03	IG-D
1	LV7008886707	leiden4	GeoB25202_R2	95.3875	state_03	SRPI	-0.192134005702409	state_03	IG-D
1	LV7008886707	grey	GeoB25202_R2	95.3875	state_03	SRPI	-0.0255321286987055	state_03	IG-D
1	LV7008886707	leiden5	GeoB25202_R2	95.3875	state_03	SRPI	0.673106963476585	state_03	IG-D
1	LV7008886707	leiden2	GeoB25202_R2	95.3875	state_03	SRPI	-0.46456035203772	state_03	IG-D
1	LV7008886707	leiden6	GeoB25202_R2	95.3875	state_03	SRPI	-0.462301309342033	state_03	IG-D
1	LV7008886708	leiden3	GeoB25202_R1	109.6305	state_03	SRPI	0.613937442339236	state_03	IG-D
1	LV7008886708	leiden4	GeoB25202_R1	109.6305	state_03	SRPI	-0.033033243444457	state_03	IG-D
1	LV7008886708	grey	GeoB25202_R1	109.6305	state_03	SRPI	0.196278384829343	state_03	IG-D
1	LV7008886708	leiden5	GeoB25202_R1	109.6305	state_03	SRPI	-0.0272028145286034	state_03	IG-D
1	LV7008886708	leiden2	GeoB25202_R1	109.6305	state_03	SRPI	0.162891425996138	state_03	IG-D
1	LV7008886708	leiden6	GeoB25202_R1	109.6305	state_03	SRPI	-1.21153537432689	state_03	IG-D
1	LV7008886708	leiden1	GeoB25202_R1	109.6305	state_03	SRPI	0.29866417913523	state_03	IG-D
1	LV7008886714	leiden1	GeoB25202_R1	0.692	state_03	SRPI	2.55045083321234	state_03	IG-D
1	LV7008886714	leiden3	GeoB25202_R1	0.692	state_03	SRPI	0.719985697065982	state_03	IG-D
1	LV7008886714	leiden4	GeoB25202_R1	0.692	state_03	SRPI	1.65859868949186	state_03	IG-D
1	LV7008886714	leiden2	GeoB25202_R1	0.692	state_03	SRPI	0.700630576544485	state_03	IG-D
1	LV7008886714	leiden5	GeoB25202_R1	0.692	state_03	SRPI	1.51048249552094	state_03	IG-D
1	LV7008886714	leiden6	GeoB25202_R1	0.692	state_03	SRPI	-7.14014829183561	state_03	IG-D
1	LV7008886718	leiden3	GeoB25202_R2	79.0255	state_03	SRPI	1.66663613528832	state_03	IG-D
1	LV7008886718	leiden4	GeoB25202_R2	79.0255	state_03	SRPI	1.08472074545053	state_03	IG-D
1	LV7008886718	leiden1	GeoB25202_R2	79.0255	state_03	SRPI	0.745069762680148	state_03	IG-D
1	LV7008886718	grey	GeoB25202_R2	79.0255	state_03	SRPI	1.27308112922287	state_03	IG-D
1	LV7008886718	leiden6	GeoB25202_R2	79.0255	state_03	SRPI	-7.53131860487252	state_03	IG-D
1	LV7008886718	leiden2	GeoB25202_R2	79.0255	state_03	SRPI	0.870728143285526	state_03	IG-D
1	LV7008886718	leiden5	GeoB25202_R2	79.0255	state_03	SRPI	1.89108268894513	state_03	IG-D
1	LV7008886719	leiden3	GeoB25202_R1	87.2825	state_03	SRPI	1.88451685695221	state_03	IG-D
1	LV7008886719	leiden4	GeoB25202_R1	87.2825	state_03	SRPI	1.09988688133648	state_03	IG-D
1	LV7008886719	grey	GeoB25202_R1	87.2825	state_03	SRPI	1.23038520002609	state_03	IG-D
1	LV7008886719	leiden2	GeoB25202_R1	87.2825	state_03	SRPI	1.03057552937252	state_03	IG-D
1	LV7008886719	leiden1	GeoB25202_R1	87.2825	state_03	SRPI	0.452119528215313	state_03	IG-D
1	LV7008886719	leiden5	GeoB25202_R1	87.2825	state_03	SRPI	1.82612964064201	state_03	IG-D
1	LV7008886719	leiden6	GeoB25202_R1	87.2825	state_03	SRPI	-7.52361363654464	state_03	IG-D
1	LV7008886720	leiden3	GeoB25202_R2	109.6305	state_03	SRPI	1.02603086149967	state_03	IG-D
1	LV7008886720	leiden4	GeoB25202_R2	109.6305	state_03	SRPI	0.324540646542168	state_03	IG-D
1	LV7008886720	leiden1	GeoB25202_R2	109.6305	state_03	SRPI	0.68065330376979	state_03	IG-D
1	LV7008886720	grey	GeoB25202_R2	109.6305	state_03	SRPI	0.531377304497869	state_03	IG-D
1	LV7008886720	leiden5	GeoB25202_R2	109.6305	state_03	SRPI	-0.697466891659162	state_03	IG-D
1	LV7008886720	leiden2	GeoB25202_R2	109.6305	state_03	SRPI	0.314633621361861	state_03	IG-D
1	LV7008886720	leiden6	GeoB25202_R2	109.6305	state_03	SRPI	-2.1797688460122	state_03	IG-D
1	LV7008886726	leiden3	GeoB25202_R2	0.692	state_03	SRPI	0.522636996302047	state_03	IG-D
1	LV7008886726	leiden4	GeoB25202_R2	0.692	state_03	SRPI	1.37019000001521	state_03	IG-D
1	LV7008886726	grey	GeoB25202_R2	0.692	state_03	SRPI	1.5296676127126	state_03	IG-D
1	LV7008886726	leiden2	GeoB25202_R2	0.692	state_03	SRPI	0.606071983920854	state_03	IG-D
1	LV7008886726	leiden5	GeoB25202_R2	0.692	state_03	SRPI	1.24467718231646	state_03	IG-D
1	LV7008886726	leiden1	GeoB25202_R2	0.692	state_03	SRPI	2.19890073290435	state_03	IG-D
1	LV7008886726	leiden6	GeoB25202_R2	0.692	state_03	SRPI	-7.47214450817153	state_03	IG-D
1	LV7008886730	leiden3	GeoB25202_R1	75.351	state_03	SRPI	1.44698168412414	state_03	IG-D
1	LV7008886730	leiden4	GeoB25202_R1	75.351	state_03	SRPI	1.0011701579159	state_03	IG-D
1	LV7008886730	leiden1	GeoB25202_R1	75.351	state_03	SRPI	1.02311484453211	state_03	IG-D
1	LV7008886730	leiden2	GeoB25202_R1	75.351	state_03	SRPI	0.842257442294621	state_03	IG-D
1	LV7008886730	grey	GeoB25202_R1	75.351	state_03	SRPI	1.26469419928535	state_03	IG-D
1	LV7008886730	leiden6	GeoB25202_R1	75.351	state_03	SRPI	-7.53061532674211	state_03	IG-D
1	LV7008886730	leiden5	GeoB25202_R1	75.351	state_03	SRPI	1.95239699859	state_03	IG-D
1	LV7008886731	leiden2	GeoB25202_R2	87.2825	state_03	SRPI	-0.336577250006773	state_03	IG-D
1	LV7008886731	leiden3	GeoB25202_R2	87.2825	state_03	SRPI	0.68745995373194	state_03	IG-D
1	LV7008886731	leiden4	GeoB25202_R2	87.2825	state_03	SRPI	-0.163691138236068	state_03	IG-D
1	LV7008886731	leiden1	GeoB25202_R2	87.2825	state_03	SRPI	-0.233941635379066	state_03	IG-D
1	LV7008886731	grey	GeoB25202_R2	87.2825	state_03	SRPI	-0.224558973174933	state_03	IG-D
1	LV7008886731	leiden5	GeoB25202_R2	87.2825	state_03	SRPI	0.784510641107673	state_03	IG-D
1	LV7008886731	leiden6	GeoB25202_R2	87.2825	state_03	SRPI	-0.513201598042772	state_03	IG-D
1	LV7008886742	leiden1	GeoB25202_R2	75.351	state_03	SRPI	-0.136589388797941	state_03	IG-D
1	LV7008886742	leiden2	GeoB25202_R2	75.351	state_03	SRPI	0.0457626419968633	state_03	IG-D
1	LV7008886742	leiden3	GeoB25202_R2	75.351	state_03	SRPI	0.505495759140154	state_03	IG-D
1	LV7008886742	leiden4	GeoB25202_R2	75.351	state_03	SRPI	0.0611422579955618	state_03	IG-D
1	LV7008886742	grey	GeoB25202_R2	75.351	state_03	SRPI	0.328038287984241	state_03	IG-D
1	LV7008886742	leiden5	GeoB25202_R2	75.351	state_03	SRPI	0.915711384335303	state_03	IG-D
1	LV7008886742	leiden6	GeoB25202_R2	75.351	state_03	SRPI	-1.71956094265418	state_03	IG-D
1	LV7008886743	leiden3	GeoB25202_R1	81.6705	state_03	SRPI	0.469445200387708	state_03	IG-D
1	LV7008886743	leiden4	GeoB25202_R1	81.6705	state_03	SRPI	-0.375795365739088	state_03	IG-D
1	LV7008886743	grey	GeoB25202_R1	81.6705	state_03	SRPI	-0.196632732085112	state_03	IG-D
1	LV7008886743	leiden1	GeoB25202_R1	81.6705	state_03	SRPI	-0.175873157100563	state_03	IG-D
1	LV7008886743	leiden5	GeoB25202_R1	81.6705	state_03	SRPI	0.6372910614419	state_03	IG-D
1	LV7008886743	leiden2	GeoB25202_R1	81.6705	state_03	SRPI	-0.358435006904846	state_03	IG-D
1	LV7008886744	leiden3	GeoB25202_R1	105.5785	state_03	SRPI	1.88793007803266	state_03	IG-D
1	LV7008886744	leiden4	GeoB25202_R1	105.5785	state_03	SRPI	1.10391154165504	state_03	IG-D
1	LV7008886744	leiden5	GeoB25202_R1	105.5785	state_03	SRPI	1.36000715222946	state_03	IG-D
1	LV7008886744	leiden1	GeoB25202_R1	105.5785	state_03	SRPI	0.325126103456075	state_03	IG-D
1	LV7008886744	grey	GeoB25202_R1	105.5785	state_03	SRPI	1.54586398847624	state_03	IG-D
1	LV7008886744	leiden2	GeoB25202_R1	105.5785	state_03	SRPI	1.29606781241055	state_03	IG-D
1	LV7008886744	leiden6	GeoB25202_R1	105.5785	state_03	SRPI	-7.51890667626002	state_03	IG-D
1	LV7008886754	leiden3	GeoB25202_R1	71.8895	state_03	SRPI	0.478136927988674	state_03	IG-D
1	LV7008886754	leiden4	GeoB25202_R1	71.8895	state_03	SRPI	0.121516737665347	state_03	IG-D
1	LV7008886754	leiden1	GeoB25202_R1	71.8895	state_03	SRPI	-0.0674869994111093	state_03	IG-D
1	LV7008886754	grey	GeoB25202_R1	71.8895	state_03	SRPI	0.404464712333364	state_03	IG-D
1	LV7008886754	leiden5	GeoB25202_R1	71.8895	state_03	SRPI	0.743390555225338	state_03	IG-D
1	LV7008886754	leiden6	GeoB25202_R1	71.8895	state_03	SRPI	-1.67055626188443	state_03	IG-D
1	LV7008886754	leiden2	GeoB25202_R1	71.8895	state_03	SRPI	-0.00946567191717895	state_03	IG-D
1	LV7008886755	leiden3	GeoB25202_R2	81.6705	state_03	SRPI	0.156182444867928	state_03	IG-D
1	LV7008886755	leiden4	GeoB25202_R2	81.6705	state_03	SRPI	-0.334255352843302	state_03	IG-D
1	LV7008886755	leiden1	GeoB25202_R2	81.6705	state_03	SRPI	-0.0832903321563647	state_03	IG-D
1	LV7008886755	grey	GeoB25202_R2	81.6705	state_03	SRPI	-0.137889753507779	state_03	IG-D
1	LV7008886755	leiden5	GeoB25202_R2	81.6705	state_03	SRPI	0.737753644307392	state_03	IG-D
1	LV7008886755	leiden2	GeoB25202_R2	81.6705	state_03	SRPI	-0.338500650667875	state_03	IG-D
1	LV7008886756	leiden3	GeoB25202_R2	105.5785	state_03	SRPI	1.61926459374712	state_03	IG-D
1	LV7008886756	leiden4	GeoB25202_R2	105.5785	state_03	SRPI	0.954828410356946	state_03	IG-D
1	LV7008886756	grey	GeoB25202_R2	105.5785	state_03	SRPI	1.06441035577381	state_03	IG-D
1	LV7008886756	leiden1	GeoB25202_R2	105.5785	state_03	SRPI	1.28185035306184	state_03	IG-D
1	LV7008886756	leiden5	GeoB25202_R2	105.5785	state_03	SRPI	1.7372318665796	state_03	IG-D
1	LV7008886756	leiden2	GeoB25202_R2	105.5785	state_03	SRPI	0.981889707620605	state_03	IG-D
1	LV7008886756	leiden6	GeoB25202_R2	105.5785	state_03	SRPI	-7.63947528713993	state_03	IG-D
1	LV7008886766	leiden2	GeoB25202_R2	71.8895	state_03	SRPI	0.810840090077881	state_03	IG-D
1	LV7008886766	leiden3	GeoB25202_R2	71.8895	state_03	SRPI	1.41935634755117	state_03	IG-D
1	LV7008886766	leiden4	GeoB25202_R2	71.8895	state_03	SRPI	0.995465596115284	state_03	IG-D
1	LV7008886766	leiden1	GeoB25202_R2	71.8895	state_03	SRPI	0.779392878709048	state_03	IG-D
1	LV7008886766	leiden5	GeoB25202_R2	71.8895	state_03	SRPI	2.21006895847508	state_03	IG-D
1	LV7008886766	leiden6	GeoB25202_R2	71.8895	state_03	SRPI	-7.49236275986206	state_03	IG-D
1	LV7008886766	grey	GeoB25202_R2	71.8895	state_03	SRPI	1.27723888893359	state_03	IG-D
1	LV7008886768	leiden3	GeoB25202_R1	102.2955	state_03	SRPI	0.490458822750108	state_03	IG-D
1	LV7008886768	leiden4	GeoB25202_R1	102.2955	state_03	SRPI	-0.0358603479424479	state_03	IG-D
1	LV7008886768	leiden1	GeoB25202_R1	102.2955	state_03	SRPI	0.412478822739215	state_03	IG-D
1	LV7008886768	grey	GeoB25202_R1	102.2955	state_03	SRPI	0.138855195344614	state_03	IG-D
1	LV7008886768	leiden2	GeoB25202_R1	102.2955	state_03	SRPI	-0.110617037459944	state_03	IG-D
1	LV7008886768	leiden5	GeoB25202_R1	102.2955	state_03	SRPI	0.809401528329644	state_03	IG-D
1	LV7008886768	leiden6	GeoB25202_R1	102.2955	state_03	SRPI	-1.70471698376119	state_03	IG-D
1	LV7008886778	leiden2	GeoB25202_R1	68.149	state_03	SRPI	1.1094741349247	state_03	IG-D
1	LV7008886778	leiden3	GeoB25202_R1	68.149	state_03	SRPI	1.04931515589738	state_03	IG-D
1	LV7008886778	leiden4	GeoB25202_R1	68.149	state_03	SRPI	1.20974170215742	state_03	IG-D
1	LV7008886778	leiden1	GeoB25202_R1	68.149	state_03	SRPI	0.475241190453682	state_03	IG-D
1	LV7008886778	grey	GeoB25202_R1	68.149	state_03	SRPI	1.27339695246731	state_03	IG-D
1	LV7008886778	leiden5	GeoB25202_R1	68.149	state_03	SRPI	2.21874692107735	state_03	IG-D
1	LV7008886778	leiden6	GeoB25202_R1	68.149	state_03	SRPI	-7.33591605697784	state_03	IG-D
1	LV7008886780	leiden3	GeoB25202_R2	102.2955	state_03	SRPI	0.21788944903428	state_03	IG-D
1	LV7008886780	leiden4	GeoB25202_R2	102.2955	state_03	SRPI	-0.222873466508249	state_03	IG-D
1	LV7008886780	leiden2	GeoB25202_R2	102.2955	state_03	SRPI	-0.243402491835327	state_03	IG-D
1	LV7008886780	leiden1	GeoB25202_R2	102.2955	state_03	SRPI	-0.627938484157785	state_03	IG-D
1	LV7008886780	grey	GeoB25202_R2	102.2955	state_03	SRPI	0.0550026759614454	state_03	IG-D
1	LV7008886780	leiden5	GeoB25202_R2	102.2955	state_03	SRPI	0.821322317505636	state_03	IG-D
2	LV3003047028	leiden4	ST8	4.753	state_05	OAP	-223.451261034429	state_05	IG-E
2	LV3003047028	leiden3	ST8	4.753	state_05	OAP	-88.4729805938968	state_05	IG-E
2	LV3003047028	leiden2	ST8	4.753	state_05	OAP	311.924241628325	state_05	IG-E
2	LV3003047059	leiden4	ST8	107.683	state_05	OAP	231.636468777364	state_05	IG-E
2	LV3003047059	leiden1	ST8	107.683	state_05	OAP	-240.56898446728	state_05	IG-E
2	LV3003047059	leiden5	ST8	107.683	state_05	OAP	-404.480013005963	state_05	IG-E
2	LV3003047059	grey	ST8	107.683	state_05	OAP	52.022345632298	state_05	IG-E
2	LV3003047059	leiden2	ST8	107.683	state_05	OAP	371.928052711733	state_05	IG-E
2	LV3003047059	leiden3	ST8	107.683	state_05	OAP	-10.5378696481513	state_05	IG-E
2	LV3003047060	leiden4	ST8	106.686	state_05	OAP	78.6377599886524	state_05	IG-E
2	LV3003047060	leiden2	ST8	106.686	state_05	OAP	203.077982515545	state_05	IG-E
2	LV3003047060	leiden3	ST8	106.686	state_05	OAP	-167.66301786261	state_05	IG-E
2	LV3003047060	grey	ST8	106.686	state_05	OAP	427.325816761842	state_05	IG-E
2	LV3003047060	leiden5	ST8	106.686	state_05	OAP	-377.654358165271	state_05	IG-E
2	LV3003047060	leiden1	ST8	106.686	state_05	OAP	-163.724183238158	state_05	IG-E
2	LV3003047061	leiden4	ST8	105.689	state_05	OAP	240.998820023012	state_05	IG-E
2	LV3003047061	leiden3	ST8	105.689	state_05	OAP	75.1504209222737	state_05	IG-E
2	LV3003047061	leiden2	ST8	105.689	state_05	OAP	432.660332902522	state_05	IG-E
2	LV3003047061	leiden5	ST8	105.689	state_05	OAP	-373.507063002161	state_05	IG-E
2	LV3003047061	leiden1	ST8	105.689	state_05	OAP	-328.683383045573	state_05	IG-E
2	LV3003047061	grey	ST8	105.689	state_05	OAP	-46.6191278000747	state_05	IG-E
2	LV3003047062	leiden1	ST8	104.692	state_05	OAP	-153.843081944151	state_05	IG-E
2	LV3003047062	leiden5	ST8	104.692	state_05	OAP	-343.669176425025	state_05	IG-E
2	LV3003047062	leiden4	ST8	104.692	state_05	OAP	157.121244153409	state_05	IG-E
2	LV3003047062	grey	ST8	104.692	state_05	OAP	-96.692784721626	state_05	IG-E
2	LV3003047062	leiden2	ST8	104.692	state_05	OAP	486.200991311783	state_05	IG-E
2	LV3003047062	leiden3	ST8	104.692	state_05	OAP	-49.1171923743894	state_05	IG-E
2	LV3003047063	leiden1	ST8	103.695	state_05	OAP	-267.223279935285	state_05	IG-E
2	LV3003047063	leiden5	ST8	103.695	state_05	OAP	-306.820131174986	state_05	IG-E
2	LV3003047063	leiden3	ST8	103.695	state_05	OAP	90.6925343605399	state_05	IG-E
2	LV3003047063	leiden4	ST8	103.695	state_05	OAP	202.944489899278	state_05	IG-E
2	LV3003047063	grey	ST8	103.695	state_05	OAP	-180.816256805258	state_05	IG-E
2	LV3003047063	leiden2	ST8	103.695	state_05	OAP	461.222643655711	state_05	IG-E
2	LV3003047064	leiden4	ST8	96.283	state_05	OAP	18.1724155602574	state_05	IG-E
2	LV3003047064	grey	ST8	96.283	state_05	OAP	7.83111456945881	state_05	IG-E
2	LV3003047064	leiden5	ST8	96.283	state_05	OAP	-183.935182283753	state_05	IG-E
2	LV3003047064	leiden3	ST8	96.283	state_05	OAP	241.249166896781	state_05	IG-E
2	LV3003047064	leiden1	ST8	96.283	state_05	OAP	-386.50941613571	state_05	IG-E
2	LV3003047064	leiden2	ST8	96.283	state_05	OAP	303.191901392965	state_05	IG-E
2	LV3003047065	leiden4	ST8	53.61018	state_05	OAP	-81.668372279617	state_05	IG-E
2	LV3003047065	leiden5	ST8	53.61018	state_05	OAP	-190.583140550212	state_05	IG-E
2	LV3003047065	leiden3	ST8	53.61018	state_05	OAP	-106.560062697937	state_05	IG-E
2	LV3003047065	leiden2	ST8	53.61018	state_05	OAP	107.110353648304	state_05	IG-E
2	LV3003047065	grey	ST8	53.61018	state_05	OAP	99.0699552856296	state_05	IG-E
2	LV3003047065	leiden1	ST8	53.61018	state_05	OAP	172.631266593832	state_05	IG-E
2	LV3003047073	leiden5	ST8	101.685	state_05	OAP	-238.407826628742	state_05	IG-E
2	LV3003047073	leiden3	ST8	101.685	state_05	OAP	191.115710975715	state_05	IG-E
2	LV3003047073	leiden1	ST8	101.685	state_05	OAP	-95.223012412264	state_05	IG-E
2	LV3003047073	grey	ST8	101.685	state_05	OAP	70.4229546940338	state_05	IG-E
2	LV3003047073	leiden4	ST8	101.685	state_05	OAP	72.0921733712578	state_05	IG-E
2	LV3003047074	leiden5	ST8	100.672	state_05	OAP	-267.410828375963	state_05	IG-E
2	LV3003047074	leiden3	ST8	100.672	state_05	OAP	-35.0014677652246	state_05	IG-E
2	LV3003047074	leiden2	ST8	100.672	state_05	OAP	642.814035265078	state_05	IG-E
2	LV3003047074	leiden1	ST8	100.672	state_05	OAP	-257.052631401588	state_05	IG-E
2	LV3003047074	grey	ST8	100.672	state_05	OAP	-134.108101537602	state_05	IG-E
2	LV3003047074	leiden4	ST8	100.672	state_05	OAP	50.7589938153001	state_05	IG-E
2	LV3003047077	leiden4	ST8	99.7145	state_05	OAP	-5.6443904779955	state_05	IG-E
2	LV3003047077	grey	ST8	99.7145	state_05	OAP	-61.2258164875293	state_05	IG-E
2	LV3003047077	leiden2	ST8	99.7145	state_05	OAP	326.130254823549	state_05	IG-E
2	LV3003047077	leiden3	ST8	99.7145	state_05	OAP	-331.676205057119	state_05	IG-E
2	LV3003047077	leiden5	ST8	99.7145	state_05	OAP	-417.43363689143	state_05	IG-E
2	LV3003047077	leiden1	ST8	99.7145	state_05	OAP	489.849794090525	state_05	IG-E
2	LV3003047078	grey	ST8	98.757	state_05	OAP	-102.028904045195	state_05	IG-E
2	LV3003047078	leiden2	ST8	98.757	state_05	OAP	501.642536585047	state_05	IG-E
2	LV3003047078	leiden3	ST8	98.757	state_05	OAP	-192.155064798313	state_05	IG-E
2	LV3003047078	leiden4	ST8	98.757	state_05	OAP	158.472241152737	state_05	IG-E
2	LV3003047078	leiden5	ST8	98.757	state_05	OAP	-365.930808894276	state_05	IG-E
2	LV3003047087	leiden4	ST8	94.9015	state_05	OAP	-58.0086474417439	state_05	IG-E
2	LV3003047087	grey	ST8	94.9015	state_05	OAP	-47.2366690245979	state_05	IG-E
2	LV3003047087	leiden2	ST8	94.9015	state_05	OAP	284.239247986235	state_05	IG-E
2	LV3003047087	leiden3	ST8	94.9015	state_05	OAP	124.50798218155	state_05	IG-E
2	LV3003047087	leiden5	ST8	94.9015	state_05	OAP	-577.72554449936	state_05	IG-E
2	LV3003047087	leiden1	ST8	94.9015	state_05	OAP	274.223630797917	state_05	IG-E
2	LV3003047088	leiden3	ST8	93.52	state_05	OAP	234.612707887156	state_05	IG-E
2	LV3003047088	leiden4	ST8	93.52	state_05	OAP	74.2210784921475	state_05	IG-E
2	LV3003047088	leiden5	ST8	93.52	state_05	OAP	-427.891368659031	state_05	IG-E
2	LV3003047088	leiden2	ST8	93.52	state_05	OAP	334.473004023081	state_05	IG-E
2	LV3003047088	leiden1	ST8	93.52	state_05	OAP	-409.138096757612	state_05	IG-E
2	LV3003047088	grey	ST8	93.52	state_05	OAP	193.722675014258	state_05	IG-E
2	LV3003047089	leiden4	ST8	92.1385	state_05	OAP	-130.493219069204	state_05	IG-E
2	LV3003047089	leiden3	ST8	92.1385	state_05	OAP	63.1751766069143	state_05	IG-E
2	LV3003047089	grey	ST8	92.1385	state_05	OAP	1.51702405427119	state_05	IG-E
2	LV3003047089	leiden5	ST8	92.1385	state_05	OAP	-437.364221586615	state_05	IG-E
2	LV3003047089	leiden1	ST8	92.1385	state_05	OAP	325.680357328068	state_05	IG-E
2	LV3003047089	leiden2	ST8	92.1385	state_05	OAP	177.484882666566	state_05	IG-E
2	LV3003047090	leiden1	ST8	90.757	state_05	OAP	255.732330429279	state_05	IG-E
2	LV3003047090	leiden3	ST8	90.757	state_05	OAP	42.1210619951717	state_05	IG-E
2	LV3003047090	leiden4	ST8	90.757	state_05	OAP	-119.73651160737	state_05	IG-E
2	LV3003047090	grey	ST8	90.757	state_05	OAP	-104.539268611264	state_05	IG-E
2	LV3003047090	leiden2	ST8	90.757	state_05	OAP	235.665822860522	state_05	IG-E
2	LV3003047090	leiden5	ST8	90.757	state_05	OAP	-487.345551959154	state_05	IG-E
2	LV3003047090	leiden6	ST8	90.757	state_05	OAP	178.102116892816	state_05	IG-E
2	LV3003047104	leiden4	ST8	83.84125	state_05	OAP	-54.7366948802562	state_05	IG-E
2	LV3003047104	leiden5	ST8	83.84125	state_05	OAP	-403.429016242314	state_05	IG-E
2	LV3003047104	grey	ST8	83.84125	state_05	OAP	-67.9120595396101	state_05	IG-E
2	LV3003047104	leiden2	ST8	83.84125	state_05	OAP	374.227976753298	state_05	IG-E
2	LV3003047104	leiden3	ST8	83.84125	state_05	OAP	-50.0371997598157	state_05	IG-E
2	LV3003047104	leiden1	ST8	83.84125	state_05	OAP	201.886993668698	state_05	IG-E
2	LV3003047105	leiden4	ST8	82.4525	state_05	OAP	2.88683951401168	state_05	IG-E
2	LV3003047105	leiden5	ST8	82.4525	state_05	OAP	-450.96766461326	state_05	IG-E
2	LV3003047105	grey	ST8	82.4525	state_05	OAP	-54.7214938919543	state_05	IG-E
2	LV3003047105	leiden2	ST8	82.4525	state_05	OAP	396.385283597416	state_05	IG-E
2	LV3003047105	leiden3	ST8	82.4525	state_05	OAP	106.417035393787	state_05	IG-E
2	LV3003047106	leiden3	ST8	81.06375	state_05	OAP	44.6564004077836	state_05	IG-E
2	LV3003047106	leiden4	ST8	81.06375	state_05	OAP	-5.02134775052548	state_05	IG-E
2	LV3003047106	leiden1	ST8	81.06375	state_05	OAP	311.604136368936	state_05	IG-E
2	LV3003047106	leiden5	ST8	81.06375	state_05	OAP	-510.120603440567	state_05	IG-E
2	LV3003047106	grey	ST8	81.06375	state_05	OAP	-142.715897429532	state_05	IG-E
2	LV3003047106	leiden2	ST8	81.06375	state_05	OAP	301.597311843904	state_05	IG-E
2	LV3003047122	leiden4	ST8	76.951	state_05	OAP	41.9812690026234	state_05	IG-E
2	LV3003047122	leiden2	ST8	76.951	state_05	OAP	223.870864287358	state_05	IG-E
2	LV3003047122	leiden3	ST8	76.951	state_05	OAP	-13.4088290645494	state_05	IG-E
2	LV3003047122	leiden5	ST8	76.951	state_05	OAP	-343.279994936151	state_05	IG-E
2	LV3003047122	leiden1	ST8	76.951	state_05	OAP	13.148611903077	state_05	IG-E
2	LV3003047122	grey	ST8	76.951	state_05	OAP	77.6880788076422	state_05	IG-E
2	LV3003047123	leiden4	ST8	75.589	state_05	OAP	-197.672982031787	state_05	IG-E
2	LV3003047123	leiden3	ST8	75.589	state_05	OAP	-171.589145258242	state_05	IG-E
2	LV3003047123	leiden1	ST8	75.589	state_05	OAP	229.918689387428	state_05	IG-E
2	LV3003047123	leiden2	ST8	75.589	state_05	OAP	10.1639447901779	state_05	IG-E
2	LV3003047123	leiden5	ST8	75.589	state_05	OAP	64.4458037249955	state_05	IG-E
2	LV3003047123	grey	ST8	75.589	state_05	OAP	64.7336893874274	state_05	IG-E
2	LV3003047124	leiden3	ST8	74.227	state_05	OAP	-35.7374177745647	state_05	IG-E
2	LV3003047124	leiden1	ST8	74.227	state_05	OAP	35.4564309658761	state_05	IG-E
2	LV3003047124	leiden4	ST8	74.227	state_05	OAP	-123.733735139557	state_05	IG-E
2	LV3003047124	leiden2	ST8	74.227	state_05	OAP	74.8367225019833	state_05	IG-E
2	LV3003047124	leiden5	ST8	74.227	state_05	OAP	-21.77251776588	state_05	IG-E
2	LV3003047124	grey	ST8	74.227	state_05	OAP	70.9505172121419	state_05	IG-E
2	LV3003047125	leiden4	ST8	72.872	state_05	OAP	-31.7741315291926	state_05	IG-E
2	LV3003047125	leiden3	ST8	72.872	state_05	OAP	154.128757695889	state_05	IG-E
2	LV3003047125	leiden1	ST8	72.872	state_05	OAP	159.957548327229	state_05	IG-E
2	LV3003047125	leiden2	ST8	72.872	state_05	OAP	245.006471333299	state_05	IG-E
2	LV3003047125	leiden5	ST8	72.872	state_05	OAP	-545.961167953978	state_05	IG-E
2	LV3003047125	grey	ST8	72.872	state_05	OAP	18.6425221267544	state_05	IG-E
2	LV3003047127	leiden4	ST8	47.6248	state_05	OAP	-78.8230370155386	state_05	IG-E
2	LV3003047127	leiden1	ST8	47.6248	state_05	OAP	-5.646180197013	state_05	IG-E
2	LV3003047127	leiden5	ST8	47.6248	state_05	OAP	-128.5978749648	state_05	IG-E
2	LV3003047127	leiden2	ST8	47.6248	state_05	OAP	129.715058091567	state_05	IG-E
2	LV3003047127	leiden3	ST8	47.6248	state_05	OAP	-120.175966673565	state_05	IG-E
2	LV3003047127	leiden6	ST8	47.6248	state_05	OAP	203.528000759351	state_05	IG-E
2	LV3003047140	leiden4	ST8	46.0948	state_05	OAP	-119.942975587405	state_05	IG-E
2	LV3003047140	leiden2	ST8	46.0948	state_05	OAP	-13.6300545870014	state_05	IG-E
2	LV3003047140	leiden3	ST8	46.0948	state_05	OAP	-270.990107016005	state_05	IG-E
2	LV3003047140	leiden1	ST8	46.0948	state_05	OAP	278.948235261872	state_05	IG-E
2	LV3003047140	leiden6	ST8	46.0948	state_05	OAP	125.614901928539	state_05	IG-E
2	LV3003047141	leiden4	ST8	39.15347	state_05	OAP	-13.1240021550885	state_05	IG-E
2	LV3003047141	leiden3	ST8	39.15347	state_05	OAP	-77.2264989499603	state_05	IG-E
2	LV3003047141	leiden5	ST8	39.15347	state_05	OAP	-13.2816254411163	state_05	IG-E
2	LV3003047141	leiden2	ST8	39.15347	state_05	OAP	103.632126546165	state_05	IG-E
2	LV3003047160	leiden4	ST8	55.8911266666667	state_05	OAP	-123.483771010372	state_05	IG-E
2	LV3003047160	leiden3	ST8	55.8911266666667	state_05	OAP	-196.315864764445	state_05	IG-E
2	LV3003047160	leiden1	ST8	55.8911266666667	state_05	OAP	395.535755618248	state_05	IG-E
2	LV3003047160	leiden5	ST8	55.8911266666667	state_05	OAP	-335.058182487279	state_05	IG-E
2	LV3003047160	grey	ST8	55.8911266666667	state_05	OAP	-315.760021309655	state_05	IG-E
2	LV3003047160	leiden2	ST8	55.8911266666667	state_05	OAP	575.082083953503	state_05	IG-E
2	LV3003047161	leiden4	ST8	54.98346	state_05	OAP	-110.1786738348	state_05	IG-E
2	LV3003047161	leiden2	ST8	54.98346	state_05	OAP	349.425122678024	state_05	IG-E
2	LV3003047161	leiden3	ST8	54.98346	state_05	OAP	48.0785212362109	state_05	IG-E
2	LV3003047161	leiden1	ST8	54.98346	state_05	OAP	298.17263888327	state_05	IG-E
2	LV3003047161	leiden5	ST8	54.98346	state_05	OAP	-585.497608962704	state_05	IG-E
2	LV3003047162	leiden1	ST8	102.698	state_05	OAP	-45.6270407282993	state_05	IG-E
2	LV3003047162	leiden3	ST8	102.698	state_05	OAP	-139.265474557005	state_05	IG-E
2	LV3003047162	leiden4	ST8	102.698	state_05	OAP	136.455743797252	state_05	IG-E
2	LV3003047162	leiden2	ST8	102.698	state_05	OAP	446.298945656563	state_05	IG-E
2	LV3003047162	grey	ST8	102.698	state_05	OAP	-34.0742967306329	state_05	IG-E
2	LV3003047162	leiden5	ST8	102.698	state_05	OAP	-363.787877437878	state_05	IG-E
2	LV3003061473	leiden3	ST13	117.088	state_05	OAP	-271.77541149362	state_05	IG-E
2	LV3003061473	leiden4	ST13	117.088	state_05	OAP	-274.681961707812	state_05	IG-E
2	LV3003061473	leiden2	ST13	117.088	state_05	OAP	308.718381871767	state_05	IG-E
2	LV3003061473	leiden5	ST13	117.088	state_05	OAP	-61.1360651144722	state_05	IG-E
2	LV3003061473	leiden1	ST13	117.088	state_05	OAP	298.875056444138	state_05	IG-E
2	LV3003061489	leiden4	ST13	112.6068	state_05	OAP	-214.607711428109	state_05	IG-E
2	LV3003061489	leiden3	ST13	112.6068	state_05	OAP	24.4609242588352	state_05	IG-E
2	LV3003061489	grey	ST13	112.6068	state_05	OAP	-110.299875175497	state_05	IG-E
2	LV3003061489	leiden2	ST13	112.6068	state_05	OAP	266.993704413226	state_05	IG-E
2	LV3003061489	leiden1	ST13	112.6068	state_05	OAP	232.913363921833	state_05	IG-E
2	LV3003061489	leiden5	ST13	112.6068	state_05	OAP	-181.1426602197	state_05	IG-E
2	LV3003061489	leiden6	ST13	112.6068	state_05	OAP	-18.3177457705891	state_05	IG-E
2	LV3003061527	leiden4	ST13	133.7754	state_05	OAP	-307.132743541087	state_05	IG-E
2	LV3003061527	leiden2	ST13	133.7754	state_05	OAP	41.8628767219371	state_05	IG-E
2	LV3003061527	leiden3	ST13	133.7754	state_05	OAP	-93.424734004069	state_05	IG-E
2	LV3003061527	leiden5	ST13	133.7754	state_05	OAP	33.4314273957365	state_05	IG-E
2	LV3003061527	leiden1	ST13	133.7754	state_05	OAP	325.263173427482	state_05	IG-E
2	LV3003061555	leiden4	ST13	126.443	state_05	OAP	-141.009454240809	state_05	IG-E
2	LV3003061555	leiden5	ST13	126.443	state_05	OAP	17.1673601194589	state_05	IG-E
2	LV3003061555	leiden2	ST13	126.443	state_05	OAP	353.22581821765	state_05	IG-E
2	LV3003061555	leiden3	ST13	126.443	state_05	OAP	0.148915784241353	state_05	IG-E
2	LV3003061555	leiden1	ST13	126.443	state_05	OAP	-229.532639880541	state_05	IG-E
2	LV3003061568	leiden3	ST13	121.6354	state_05	OAP	-67.9194664135133	state_05	IG-E
2	LV3003061568	leiden4	ST13	121.6354	state_05	OAP	-134.880117586886	state_05	IG-E
2	LV3003061568	leiden2	ST13	121.6354	state_05	OAP	362.544059366686	state_05	IG-E
2	LV3003061568	leiden5	ST13	121.6354	state_05	OAP	352.067498663373	state_05	IG-E
2	LV3003061568	leiden1	ST13	121.6354	state_05	OAP	-511.81197402966	state_05	IG-E
2	LV7008886228	leiden3	GeoB25202_R2	120.0235	state_05	OAP	-57.6773239360627	state_05	IG-E
2	LV7008886228	leiden4	GeoB25202_R2	120.0235	state_05	OAP	-40.3968598683437	state_05	IG-E
2	LV7008886228	leiden5	GeoB25202_R2	120.0235	state_05	OAP	-447.725727501941	state_05	IG-E
2	LV7008886228	leiden2	GeoB25202_R2	120.0235	state_05	OAP	258.434996117646	state_05	IG-E
2	LV7008886228	leiden6	GeoB25202_R2	120.0235	state_05	OAP	287.364915188702	state_05	IG-E
2	LV7008886741	leiden4	GeoB25202_R1	58.997	state_05	OAP	-21.7129506427996	state_05	IG-E
2	LV7008886741	leiden2	GeoB25202_R1	58.997	state_05	OAP	324.20697258173	state_05	IG-E
2	LV7008886741	grey	GeoB25202_R1	58.997	state_05	OAP	-549.133363149685	state_05	IG-E
2	LV7008886741	leiden1	GeoB25202_R1	58.997	state_05	OAP	315.367291999919	state_05	IG-E
2	LV7008886741	leiden5	GeoB25202_R1	58.997	state_05	OAP	-238.633363149685	state_05	IG-E
2	LV7008886741	leiden3	GeoB25202_R1	58.997	state_05	OAP	169.90541236052	state_05	IG-E
2	LV7008886757	leiden3	GeoB25202_R1	123.1195	state_05	OAP	-157.615733778053	state_05	IG-E
2	LV7008886757	leiden1	GeoB25202_R1	123.1195	state_05	OAP	195.308470925912	state_05	IG-E
2	LV7008886757	leiden4	GeoB25202_R1	123.1195	state_05	OAP	-71.8078978248791	state_05	IG-E
2	LV7008886757	grey	GeoB25202_R1	123.1195	state_05	OAP	142.339316811074	state_05	IG-E
2	LV7008886757	leiden5	GeoB25202_R1	123.1195	state_05	OAP	-355.292448005003	state_05	IG-E
2	LV7008886757	leiden2	GeoB25202_R1	123.1195	state_05	OAP	247.06829187095	state_05	IG-E
2	LV7008886769	leiden1	GeoB25202_R2	123.1195	state_05	OAP	163.302899887106	state_05	IG-E
2	LV7008886769	leiden4	GeoB25202_R2	123.1195	state_05	OAP	-67.5616846044098	state_05	IG-E
2	LV7008886769	leiden3	GeoB25202_R2	123.1195	state_05	OAP	-311.444192086056	state_05	IG-E
2	LV7008886769	leiden2	GeoB25202_R2	123.1195	state_05	OAP	190.323880656967	state_05	IG-E
2	LV7008886769	grey	GeoB25202_R2	123.1195	state_05	OAP	53.1562358646736	state_05	IG-E
2	LV7008886769	leiden5	GeoB25202_R2	123.1195	state_05	OAP	-27.7771397182804	state_05	IG-E
2	LV7008886781	leiden3	GeoB25202_R1	120.0235	state_05	OAP	-34.8348578782373	state_05	IG-E
2	LV7008886781	leiden4	GeoB25202_R1	120.0235	state_05	OAP	-20.1854410238043	state_05	IG-E
2	LV7008886781	leiden2	GeoB25202_R1	120.0235	state_05	OAP	259.020013743997	state_05	IG-E
2	LV7008886781	leiden1	GeoB25202_R1	120.0235	state_05	OAP	357.750142579022	state_05	IG-E
2	LV7008886781	grey	GeoB25202_R1	120.0235	state_05	OAP	-561.749857420978	state_05	IG-E
2	LV3003047028	leiden4	ST8	4.753	state_05	MGI	0	state_05	IG-E
2	LV3003047028	leiden3	ST8	4.753	state_05	MGI	0	state_05	IG-E
2	LV3003047028	leiden2	ST8	4.753	state_05	MGI	0	state_05	IG-E
2	LV3003047059	leiden4	ST8	107.683	state_05	MGI	0	state_05	IG-E
2	LV3003047059	leiden1	ST8	107.683	state_05	MGI	0	state_05	IG-E
2	LV3003047059	leiden5	ST8	107.683	state_05	MGI	0	state_05	IG-E
2	LV3003047059	grey	ST8	107.683	state_05	MGI	0	state_05	IG-E
2	LV3003047059	leiden2	ST8	107.683	state_05	MGI	0	state_05	IG-E
2	LV3003047059	leiden3	ST8	107.683	state_05	MGI	0	state_05	IG-E
2	LV3003047060	leiden4	ST8	106.686	state_05	MGI	0	state_05	IG-E
2	LV3003047060	leiden2	ST8	106.686	state_05	MGI	0	state_05	IG-E
2	LV3003047060	leiden3	ST8	106.686	state_05	MGI	0	state_05	IG-E
2	LV3003047060	grey	ST8	106.686	state_05	MGI	0	state_05	IG-E
2	LV3003047060	leiden5	ST8	106.686	state_05	MGI	0	state_05	IG-E
2	LV3003047060	leiden1	ST8	106.686	state_05	MGI	0	state_05	IG-E
2	LV3003047061	leiden4	ST8	105.689	state_05	MGI	0	state_05	IG-E
2	LV3003047061	leiden3	ST8	105.689	state_05	MGI	0	state_05	IG-E
2	LV3003047061	leiden2	ST8	105.689	state_05	MGI	0	state_05	IG-E
2	LV3003047061	leiden5	ST8	105.689	state_05	MGI	0	state_05	IG-E
2	LV3003047061	leiden1	ST8	105.689	state_05	MGI	0	state_05	IG-E
2	LV3003047061	grey	ST8	105.689	state_05	MGI	0	state_05	IG-E
2	LV3003047062	leiden1	ST8	104.692	state_05	MGI	0	state_05	IG-E
2	LV3003047062	leiden5	ST8	104.692	state_05	MGI	0	state_05	IG-E
2	LV3003047062	leiden4	ST8	104.692	state_05	MGI	0	state_05	IG-E
2	LV3003047062	grey	ST8	104.692	state_05	MGI	0	state_05	IG-E
2	LV3003047062	leiden2	ST8	104.692	state_05	MGI	0	state_05	IG-E
2	LV3003047062	leiden3	ST8	104.692	state_05	MGI	0	state_05	IG-E
2	LV3003047062	leiden6	ST8	104.692	state_05	MGI	0	state_05	IG-E
2	LV3003047063	leiden1	ST8	103.695	state_05	MGI	0	state_05	IG-E
2	LV3003047063	leiden5	ST8	103.695	state_05	MGI	0	state_05	IG-E
2	LV3003047063	leiden3	ST8	103.695	state_05	MGI	0	state_05	IG-E
2	LV3003047063	leiden4	ST8	103.695	state_05	MGI	0	state_05	IG-E
2	LV3003047063	grey	ST8	103.695	state_05	MGI	0	state_05	IG-E
2	LV3003047063	leiden2	ST8	103.695	state_05	MGI	0	state_05	IG-E
2	LV3003047064	leiden4	ST8	96.283	state_05	MGI	0	state_05	IG-E
2	LV3003047064	grey	ST8	96.283	state_05	MGI	0	state_05	IG-E
2	LV3003047064	leiden5	ST8	96.283	state_05	MGI	0	state_05	IG-E
2	LV3003047064	leiden3	ST8	96.283	state_05	MGI	0	state_05	IG-E
2	LV3003047064	leiden1	ST8	96.283	state_05	MGI	0	state_05	IG-E
2	LV3003047064	leiden2	ST8	96.283	state_05	MGI	0	state_05	IG-E
2	LV3003047065	leiden4	ST8	53.61018	state_05	MGI	0	state_05	IG-E
2	LV3003047065	leiden5	ST8	53.61018	state_05	MGI	0	state_05	IG-E
2	LV3003047065	leiden3	ST8	53.61018	state_05	MGI	0	state_05	IG-E
2	LV3003047065	leiden2	ST8	53.61018	state_05	MGI	0	state_05	IG-E
2	LV3003047065	grey	ST8	53.61018	state_05	MGI	0	state_05	IG-E
2	LV3003047065	leiden1	ST8	53.61018	state_05	MGI	0	state_05	IG-E
2	LV3003047073	leiden5	ST8	101.685	state_05	MGI	11.6264258227417	state_05	IG-E
2	LV3003047073	leiden3	ST8	101.685	state_05	MGI	-2.90660645568543	state_05	IG-E
2	LV3003047073	leiden1	ST8	101.685	state_05	MGI	-2.90660645568543	state_05	IG-E
2	LV3003047073	grey	ST8	101.685	state_05	MGI	-2.90660645568543	state_05	IG-E
2	LV3003047073	leiden4	ST8	101.685	state_05	MGI	-2.90660645568543	state_05	IG-E
2	LV3003047074	leiden5	ST8	100.672	state_05	MGI	0	state_05	IG-E
2	LV3003047074	leiden3	ST8	100.672	state_05	MGI	0	state_05	IG-E
2	LV3003047074	leiden2	ST8	100.672	state_05	MGI	0	state_05	IG-E
2	LV3003047074	leiden1	ST8	100.672	state_05	MGI	0	state_05	IG-E
2	LV3003047074	grey	ST8	100.672	state_05	MGI	0	state_05	IG-E
2	LV3003047074	leiden4	ST8	100.672	state_05	MGI	0	state_05	IG-E
2	LV3003047077	leiden4	ST8	99.7145	state_05	MGI	0	state_05	IG-E
2	LV3003047077	grey	ST8	99.7145	state_05	MGI	0	state_05	IG-E
2	LV3003047077	leiden2	ST8	99.7145	state_05	MGI	0	state_05	IG-E
2	LV3003047077	leiden3	ST8	99.7145	state_05	MGI	0	state_05	IG-E
2	LV3003047077	leiden5	ST8	99.7145	state_05	MGI	0	state_05	IG-E
2	LV3003047077	leiden1	ST8	99.7145	state_05	MGI	0	state_05	IG-E
2	LV3003047078	grey	ST8	98.757	state_05	MGI	0	state_05	IG-E
2	LV3003047078	leiden2	ST8	98.757	state_05	MGI	0	state_05	IG-E
2	LV3003047078	leiden3	ST8	98.757	state_05	MGI	0	state_05	IG-E
2	LV3003047078	leiden4	ST8	98.757	state_05	MGI	0	state_05	IG-E
2	LV3003047078	leiden5	ST8	98.757	state_05	MGI	0	state_05	IG-E
2	LV3003047087	leiden4	ST8	94.9015	state_05	MGI	0	state_05	IG-E
2	LV3003047087	grey	ST8	94.9015	state_05	MGI	0	state_05	IG-E
2	LV3003047087	leiden2	ST8	94.9015	state_05	MGI	0	state_05	IG-E
2	LV3003047087	leiden3	ST8	94.9015	state_05	MGI	0	state_05	IG-E
2	LV3003047087	leiden5	ST8	94.9015	state_05	MGI	0	state_05	IG-E
2	LV3003047087	leiden1	ST8	94.9015	state_05	MGI	0	state_05	IG-E
2	LV3003047088	leiden3	ST8	93.52	state_05	MGI	0	state_05	IG-E
2	LV3003047088	leiden4	ST8	93.52	state_05	MGI	0	state_05	IG-E
2	LV3003047088	leiden5	ST8	93.52	state_05	MGI	0	state_05	IG-E
2	LV3003047088	leiden2	ST8	93.52	state_05	MGI	0	state_05	IG-E
2	LV3003047088	leiden1	ST8	93.52	state_05	MGI	0	state_05	IG-E
2	LV3003047088	grey	ST8	93.52	state_05	MGI	0	state_05	IG-E
2	LV3003047089	leiden4	ST8	92.1385	state_05	MGI	0	state_05	IG-E
2	LV3003047089	leiden3	ST8	92.1385	state_05	MGI	0	state_05	IG-E
2	LV3003047089	grey	ST8	92.1385	state_05	MGI	0	state_05	IG-E
2	LV3003047089	leiden5	ST8	92.1385	state_05	MGI	0	state_05	IG-E
2	LV3003047089	leiden1	ST8	92.1385	state_05	MGI	0	state_05	IG-E
2	LV3003047089	leiden2	ST8	92.1385	state_05	MGI	0	state_05	IG-E
2	LV3003047090	leiden1	ST8	90.757	state_05	MGI	0	state_05	IG-E
2	LV3003047090	leiden3	ST8	90.757	state_05	MGI	0	state_05	IG-E
2	LV3003047090	leiden4	ST8	90.757	state_05	MGI	0	state_05	IG-E
2	LV3003047090	grey	ST8	90.757	state_05	MGI	0	state_05	IG-E
2	LV3003047090	leiden2	ST8	90.757	state_05	MGI	0	state_05	IG-E
2	LV3003047090	leiden5	ST8	90.757	state_05	MGI	0	state_05	IG-E
2	LV3003047090	leiden6	ST8	90.757	state_05	MGI	0	state_05	IG-E
2	LV3003047104	leiden4	ST8	83.84125	state_05	MGI	0	state_05	IG-E
2	LV3003047104	leiden5	ST8	83.84125	state_05	MGI	0	state_05	IG-E
2	LV3003047104	grey	ST8	83.84125	state_05	MGI	0	state_05	IG-E
2	LV3003047104	leiden2	ST8	83.84125	state_05	MGI	0	state_05	IG-E
2	LV3003047104	leiden3	ST8	83.84125	state_05	MGI	0	state_05	IG-E
2	LV3003047104	leiden1	ST8	83.84125	state_05	MGI	0	state_05	IG-E
2	LV3003047105	leiden4	ST8	82.4525	state_05	MGI	0	state_05	IG-E
2	LV3003047105	leiden5	ST8	82.4525	state_05	MGI	0	state_05	IG-E
2	LV3003047105	grey	ST8	82.4525	state_05	MGI	0	state_05	IG-E
2	LV3003047105	leiden2	ST8	82.4525	state_05	MGI	0	state_05	IG-E
2	LV3003047105	leiden3	ST8	82.4525	state_05	MGI	0	state_05	IG-E
2	LV3003047106	leiden3	ST8	81.06375	state_05	MGI	0	state_05	IG-E
2	LV3003047106	leiden4	ST8	81.06375	state_05	MGI	0	state_05	IG-E
2	LV3003047106	leiden1	ST8	81.06375	state_05	MGI	0	state_05	IG-E
2	LV3003047106	leiden5	ST8	81.06375	state_05	MGI	0	state_05	IG-E
2	LV3003047106	grey	ST8	81.06375	state_05	MGI	0	state_05	IG-E
2	LV3003047106	leiden2	ST8	81.06375	state_05	MGI	0	state_05	IG-E
2	LV3003047106	leiden6	ST8	81.06375	state_05	MGI	0	state_05	IG-E
2	LV3003047122	leiden4	ST8	76.951	state_05	MGI	0	state_05	IG-E
2	LV3003047122	leiden2	ST8	76.951	state_05	MGI	0	state_05	IG-E
2	LV3003047122	leiden3	ST8	76.951	state_05	MGI	0	state_05	IG-E
2	LV3003047122	leiden5	ST8	76.951	state_05	MGI	0	state_05	IG-E
2	LV3003047122	leiden1	ST8	76.951	state_05	MGI	0	state_05	IG-E
2	LV3003047122	grey	ST8	76.951	state_05	MGI	0	state_05	IG-E
2	LV3003047123	leiden4	ST8	75.589	state_05	MGI	0	state_05	IG-E
2	LV3003047123	leiden3	ST8	75.589	state_05	MGI	0	state_05	IG-E
2	LV3003047123	leiden1	ST8	75.589	state_05	MGI	0	state_05	IG-E
2	LV3003047123	leiden2	ST8	75.589	state_05	MGI	0	state_05	IG-E
2	LV3003047123	leiden5	ST8	75.589	state_05	MGI	0	state_05	IG-E
2	LV3003047123	grey	ST8	75.589	state_05	MGI	0	state_05	IG-E
2	LV3003047124	leiden3	ST8	74.227	state_05	MGI	0	state_05	IG-E
2	LV3003047124	leiden1	ST8	74.227	state_05	MGI	0	state_05	IG-E
2	LV3003047124	leiden4	ST8	74.227	state_05	MGI	0	state_05	IG-E
2	LV3003047124	leiden2	ST8	74.227	state_05	MGI	0	state_05	IG-E
2	LV3003047124	leiden5	ST8	74.227	state_05	MGI	0	state_05	IG-E
2	LV3003047124	grey	ST8	74.227	state_05	MGI	0	state_05	IG-E
2	LV3003047125	leiden4	ST8	72.872	state_05	MGI	0	state_05	IG-E
2	LV3003047125	leiden3	ST8	72.872	state_05	MGI	0	state_05	IG-E
2	LV3003047125	leiden1	ST8	72.872	state_05	MGI	0	state_05	IG-E
2	LV3003047125	leiden2	ST8	72.872	state_05	MGI	0	state_05	IG-E
2	LV3003047125	leiden5	ST8	72.872	state_05	MGI	0	state_05	IG-E
2	LV3003047125	grey	ST8	72.872	state_05	MGI	0	state_05	IG-E
2	LV3003047127	leiden4	ST8	47.6248	state_05	MGI	0	state_05	IG-E
2	LV3003047127	leiden1	ST8	47.6248	state_05	MGI	0	state_05	IG-E
2	LV3003047127	leiden5	ST8	47.6248	state_05	MGI	0	state_05	IG-E
2	LV3003047127	leiden2	ST8	47.6248	state_05	MGI	0	state_05	IG-E
2	LV3003047127	leiden3	ST8	47.6248	state_05	MGI	0	state_05	IG-E
2	LV3003047127	leiden6	ST8	47.6248	state_05	MGI	0	state_05	IG-E
2	LV3003047140	leiden4	ST8	46.0948	state_05	MGI	0	state_05	IG-E
2	LV3003047140	leiden2	ST8	46.0948	state_05	MGI	0	state_05	IG-E
2	LV3003047140	leiden3	ST8	46.0948	state_05	MGI	0	state_05	IG-E
2	LV3003047140	leiden1	ST8	46.0948	state_05	MGI	0	state_05	IG-E
2	LV3003047140	leiden6	ST8	46.0948	state_05	MGI	0	state_05	IG-E
2	LV3003047141	leiden4	ST8	39.15347	state_05	MGI	0	state_05	IG-E
2	LV3003047141	leiden3	ST8	39.15347	state_05	MGI	0	state_05	IG-E
2	LV3003047141	leiden5	ST8	39.15347	state_05	MGI	0	state_05	IG-E
2	LV3003047141	leiden2	ST8	39.15347	state_05	MGI	0	state_05	IG-E
2	LV3003047160	leiden4	ST8	55.8911266666667	state_05	MGI	0	state_05	IG-E
2	LV3003047160	leiden3	ST8	55.8911266666667	state_05	MGI	0	state_05	IG-E
2	LV3003047160	leiden1	ST8	55.8911266666667	state_05	MGI	0	state_05	IG-E
2	LV3003047160	leiden5	ST8	55.8911266666667	state_05	MGI	0	state_05	IG-E
2	LV3003047160	grey	ST8	55.8911266666667	state_05	MGI	0	state_05	IG-E
2	LV3003047160	leiden2	ST8	55.8911266666667	state_05	MGI	0	state_05	IG-E
2	LV3003047161	leiden4	ST8	54.98346	state_05	MGI	0	state_05	IG-E
2	LV3003047161	leiden2	ST8	54.98346	state_05	MGI	0	state_05	IG-E
2	LV3003047161	leiden3	ST8	54.98346	state_05	MGI	0	state_05	IG-E
2	LV3003047161	leiden1	ST8	54.98346	state_05	MGI	0	state_05	IG-E
2	LV3003047161	leiden5	ST8	54.98346	state_05	MGI	0	state_05	IG-E
2	LV3003047162	leiden1	ST8	102.698	state_05	MGI	0	state_05	IG-E
2	LV3003047162	leiden3	ST8	102.698	state_05	MGI	0	state_05	IG-E
2	LV3003047162	leiden4	ST8	102.698	state_05	MGI	0	state_05	IG-E
2	LV3003047162	leiden2	ST8	102.698	state_05	MGI	0	state_05	IG-E
2	LV3003047162	grey	ST8	102.698	state_05	MGI	0	state_05	IG-E
2	LV3003047162	leiden5	ST8	102.698	state_05	MGI	0	state_05	IG-E
2	LV3003061473	leiden3	ST13	117.088	state_05	MGI	0	state_05	IG-E
2	LV3003061473	leiden4	ST13	117.088	state_05	MGI	0	state_05	IG-E
2	LV3003061473	leiden2	ST13	117.088	state_05	MGI	0	state_05	IG-E
2	LV3003061473	leiden5	ST13	117.088	state_05	MGI	0	state_05	IG-E
2	LV3003061473	leiden1	ST13	117.088	state_05	MGI	0	state_05	IG-E
2	LV3003061489	leiden4	ST13	112.6068	state_05	MGI	0	state_05	IG-E
2	LV3003061489	leiden3	ST13	112.6068	state_05	MGI	0	state_05	IG-E
2	LV3003061489	grey	ST13	112.6068	state_05	MGI	0	state_05	IG-E
2	LV3003061489	leiden2	ST13	112.6068	state_05	MGI	0	state_05	IG-E
2	LV3003061489	leiden1	ST13	112.6068	state_05	MGI	0	state_05	IG-E
2	LV3003061489	leiden5	ST13	112.6068	state_05	MGI	0	state_05	IG-E
2	LV3003061489	leiden6	ST13	112.6068	state_05	MGI	0	state_05	IG-E
2	LV3003061527	leiden4	ST13	133.7754	state_05	MGI	0	state_05	IG-E
2	LV3003061527	leiden2	ST13	133.7754	state_05	MGI	0	state_05	IG-E
2	LV3003061527	leiden3	ST13	133.7754	state_05	MGI	0	state_05	IG-E
2	LV3003061527	leiden5	ST13	133.7754	state_05	MGI	0	state_05	IG-E
2	LV3003061527	leiden1	ST13	133.7754	state_05	MGI	0	state_05	IG-E
2	LV3003061555	leiden4	ST13	126.443	state_05	MGI	0	state_05	IG-E
2	LV3003061555	leiden5	ST13	126.443	state_05	MGI	0	state_05	IG-E
2	LV3003061555	leiden2	ST13	126.443	state_05	MGI	0	state_05	IG-E
2	LV3003061555	leiden3	ST13	126.443	state_05	MGI	0	state_05	IG-E
2	LV3003061555	leiden1	ST13	126.443	state_05	MGI	0	state_05	IG-E
2	LV3003061568	leiden3	ST13	121.6354	state_05	MGI	0	state_05	IG-E
2	LV3003061568	leiden4	ST13	121.6354	state_05	MGI	0	state_05	IG-E
2	LV3003061568	leiden2	ST13	121.6354	state_05	MGI	0	state_05	IG-E
2	LV3003061568	leiden5	ST13	121.6354	state_05	MGI	0	state_05	IG-E
2	LV3003061568	leiden1	ST13	121.6354	state_05	MGI	0	state_05	IG-E
2	LV7008886228	leiden3	GeoB25202_R2	120.0235	state_05	MGI	0	state_05	IG-E
2	LV7008886228	leiden4	GeoB25202_R2	120.0235	state_05	MGI	0	state_05	IG-E
2	LV7008886228	leiden5	GeoB25202_R2	120.0235	state_05	MGI	0	state_05	IG-E
2	LV7008886228	leiden2	GeoB25202_R2	120.0235	state_05	MGI	0	state_05	IG-E
2	LV7008886228	leiden6	GeoB25202_R2	120.0235	state_05	MGI	0	state_05	IG-E
2	LV7008886741	leiden4	GeoB25202_R1	58.997	state_05	MGI	-2.43525252066065	state_05	IG-E
2	LV7008886741	leiden2	GeoB25202_R1	58.997	state_05	MGI	-2.43525252066065	state_05	IG-E
2	LV7008886741	grey	GeoB25202_R1	58.997	state_05	MGI	12.1762626033033	state_05	IG-E
2	LV7008886741	leiden1	GeoB25202_R1	58.997	state_05	MGI	-2.43525252066065	state_05	IG-E
2	LV7008886741	leiden5	GeoB25202_R1	58.997	state_05	MGI	-2.43525252066065	state_05	IG-E
2	LV7008886741	leiden3	GeoB25202_R1	58.997	state_05	MGI	-2.43525252066065	state_05	IG-E
2	LV7008886757	leiden3	GeoB25202_R1	123.1195	state_05	MGI	0	state_05	IG-E
2	LV7008886757	leiden1	GeoB25202_R1	123.1195	state_05	MGI	0	state_05	IG-E
2	LV7008886757	leiden4	GeoB25202_R1	123.1195	state_05	MGI	0	state_05	IG-E
2	LV7008886757	grey	GeoB25202_R1	123.1195	state_05	MGI	0	state_05	IG-E
2	LV7008886757	leiden5	GeoB25202_R1	123.1195	state_05	MGI	0	state_05	IG-E
2	LV7008886757	leiden2	GeoB25202_R1	123.1195	state_05	MGI	0	state_05	IG-E
2	LV7008886769	leiden1	GeoB25202_R2	123.1195	state_05	MGI	0	state_05	IG-E
2	LV7008886769	leiden4	GeoB25202_R2	123.1195	state_05	MGI	0	state_05	IG-E
2	LV7008886769	leiden3	GeoB25202_R2	123.1195	state_05	MGI	0	state_05	IG-E
2	LV7008886769	leiden2	GeoB25202_R2	123.1195	state_05	MGI	0	state_05	IG-E
2	LV7008886769	grey	GeoB25202_R2	123.1195	state_05	MGI	0	state_05	IG-E
2	LV7008886769	leiden5	GeoB25202_R2	123.1195	state_05	MGI	0	state_05	IG-E
2	LV7008886781	leiden3	GeoB25202_R1	120.0235	state_05	MGI	0	state_05	IG-E
2	LV7008886781	leiden4	GeoB25202_R1	120.0235	state_05	MGI	0	state_05	IG-E
2	LV7008886781	leiden2	GeoB25202_R1	120.0235	state_05	MGI	0	state_05	IG-E
2	LV7008886781	leiden1	GeoB25202_R1	120.0235	state_05	MGI	0	state_05	IG-E
2	LV7008886781	grey	GeoB25202_R1	120.0235	state_05	MGI	0	state_05	IG-E
2	LV3003047028	leiden4	ST8	4.753	state_05	MFI	0	state_05	IG-E
2	LV3003047028	leiden3	ST8	4.753	state_05	MFI	0	state_05	IG-E
2	LV3003047028	leiden2	ST8	4.753	state_05	MFI	0	state_05	IG-E
2	LV3003047059	leiden4	ST8	107.683	state_05	MFI	0	state_05	IG-E
2	LV3003047059	leiden1	ST8	107.683	state_05	MFI	0	state_05	IG-E
2	LV3003047059	leiden5	ST8	107.683	state_05	MFI	0	state_05	IG-E
2	LV3003047059	grey	ST8	107.683	state_05	MFI	0	state_05	IG-E
2	LV3003047059	leiden2	ST8	107.683	state_05	MFI	0	state_05	IG-E
2	LV3003047059	leiden3	ST8	107.683	state_05	MFI	0	state_05	IG-E
2	LV3003047060	leiden4	ST8	106.686	state_05	MFI	0	state_05	IG-E
2	LV3003047060	leiden2	ST8	106.686	state_05	MFI	0	state_05	IG-E
2	LV3003047060	leiden3	ST8	106.686	state_05	MFI	0	state_05	IG-E
2	LV3003047060	grey	ST8	106.686	state_05	MFI	0	state_05	IG-E
2	LV3003047060	leiden5	ST8	106.686	state_05	MFI	0	state_05	IG-E
2	LV3003047060	leiden1	ST8	106.686	state_05	MFI	0	state_05	IG-E
2	LV3003047061	leiden4	ST8	105.689	state_05	MFI	0	state_05	IG-E
2	LV3003047061	leiden3	ST8	105.689	state_05	MFI	0	state_05	IG-E
2	LV3003047061	leiden2	ST8	105.689	state_05	MFI	0	state_05	IG-E
2	LV3003047061	leiden5	ST8	105.689	state_05	MFI	0	state_05	IG-E
2	LV3003047061	leiden1	ST8	105.689	state_05	MFI	0	state_05	IG-E
2	LV3003047061	grey	ST8	105.689	state_05	MFI	0	state_05	IG-E
2	LV3003047062	leiden1	ST8	104.692	state_05	MFI	0	state_05	IG-E
2	LV3003047062	leiden5	ST8	104.692	state_05	MFI	0	state_05	IG-E
2	LV3003047062	leiden4	ST8	104.692	state_05	MFI	0	state_05	IG-E
2	LV3003047062	grey	ST8	104.692	state_05	MFI	0	state_05	IG-E
2	LV3003047062	leiden2	ST8	104.692	state_05	MFI	0	state_05	IG-E
2	LV3003047062	leiden3	ST8	104.692	state_05	MFI	0	state_05	IG-E
2	LV3003047062	leiden6	ST8	104.692	state_05	MFI	0	state_05	IG-E
2	LV3003047063	leiden1	ST8	103.695	state_05	MFI	0	state_05	IG-E
2	LV3003047063	leiden5	ST8	103.695	state_05	MFI	0	state_05	IG-E
2	LV3003047063	leiden3	ST8	103.695	state_05	MFI	0	state_05	IG-E
2	LV3003047063	leiden4	ST8	103.695	state_05	MFI	0	state_05	IG-E
2	LV3003047063	grey	ST8	103.695	state_05	MFI	0	state_05	IG-E
2	LV3003047063	leiden2	ST8	103.695	state_05	MFI	0	state_05	IG-E
2	LV3003047064	leiden4	ST8	96.283	state_05	MFI	0	state_05	IG-E
2	LV3003047064	grey	ST8	96.283	state_05	MFI	0	state_05	IG-E
2	LV3003047064	leiden5	ST8	96.283	state_05	MFI	0	state_05	IG-E
2	LV3003047064	leiden3	ST8	96.283	state_05	MFI	0	state_05	IG-E
2	LV3003047064	leiden1	ST8	96.283	state_05	MFI	0	state_05	IG-E
2	LV3003047064	leiden2	ST8	96.283	state_05	MFI	0	state_05	IG-E
2	LV3003047065	leiden4	ST8	53.61018	state_05	MFI	-2.04837556448039	state_05	IG-E
2	LV3003047065	leiden5	ST8	53.61018	state_05	MFI	10.2418778224019	state_05	IG-E
2	LV3003047065	leiden3	ST8	53.61018	state_05	MFI	-2.04837556448039	state_05	IG-E
2	LV3003047065	leiden2	ST8	53.61018	state_05	MFI	-2.04837556448039	state_05	IG-E
2	LV3003047065	grey	ST8	53.61018	state_05	MFI	-2.04837556448039	state_05	IG-E
2	LV3003047065	leiden1	ST8	53.61018	state_05	MFI	-2.04837556448039	state_05	IG-E
2	LV3003047073	leiden5	ST8	101.685	state_05	MFI	-11.0719088590295	state_05	IG-E
2	LV3003047073	leiden3	ST8	101.685	state_05	MFI	2.76797721475737	state_05	IG-E
2	LV3003047073	leiden1	ST8	101.685	state_05	MFI	2.76797721475737	state_05	IG-E
2	LV3003047073	grey	ST8	101.685	state_05	MFI	2.76797721475737	state_05	IG-E
2	LV3003047073	leiden4	ST8	101.685	state_05	MFI	2.76797721475737	state_05	IG-E
2	LV3003047074	leiden5	ST8	100.672	state_05	MFI	0	state_05	IG-E
2	LV3003047074	leiden3	ST8	100.672	state_05	MFI	0	state_05	IG-E
2	LV3003047074	leiden2	ST8	100.672	state_05	MFI	0	state_05	IG-E
2	LV3003047074	leiden1	ST8	100.672	state_05	MFI	0	state_05	IG-E
2	LV3003047074	grey	ST8	100.672	state_05	MFI	0	state_05	IG-E
2	LV3003047074	leiden4	ST8	100.672	state_05	MFI	0	state_05	IG-E
2	LV3003047077	leiden4	ST8	99.7145	state_05	MFI	0	state_05	IG-E
2	LV3003047077	grey	ST8	99.7145	state_05	MFI	0	state_05	IG-E
2	LV3003047077	leiden2	ST8	99.7145	state_05	MFI	0	state_05	IG-E
2	LV3003047077	leiden3	ST8	99.7145	state_05	MFI	0	state_05	IG-E
2	LV3003047077	leiden5	ST8	99.7145	state_05	MFI	0	state_05	IG-E
2	LV3003047077	leiden1	ST8	99.7145	state_05	MFI	0	state_05	IG-E
2	LV3003047078	grey	ST8	98.757	state_05	MFI	0	state_05	IG-E
2	LV3003047078	leiden2	ST8	98.757	state_05	MFI	0	state_05	IG-E
2	LV3003047078	leiden3	ST8	98.757	state_05	MFI	0	state_05	IG-E
2	LV3003047078	leiden4	ST8	98.757	state_05	MFI	0	state_05	IG-E
2	LV3003047078	leiden5	ST8	98.757	state_05	MFI	0	state_05	IG-E
2	LV3003047087	leiden4	ST8	94.9015	state_05	MFI	0	state_05	IG-E
2	LV3003047087	grey	ST8	94.9015	state_05	MFI	0	state_05	IG-E
2	LV3003047087	leiden2	ST8	94.9015	state_05	MFI	0	state_05	IG-E
2	LV3003047087	leiden3	ST8	94.9015	state_05	MFI	0	state_05	IG-E
2	LV3003047087	leiden5	ST8	94.9015	state_05	MFI	0	state_05	IG-E
2	LV3003047087	leiden1	ST8	94.9015	state_05	MFI	0	state_05	IG-E
2	LV3003047088	leiden3	ST8	93.52	state_05	MFI	0	state_05	IG-E
2	LV3003047088	leiden4	ST8	93.52	state_05	MFI	0	state_05	IG-E
2	LV3003047088	leiden5	ST8	93.52	state_05	MFI	0	state_05	IG-E
2	LV3003047088	leiden2	ST8	93.52	state_05	MFI	0	state_05	IG-E
2	LV3003047088	leiden1	ST8	93.52	state_05	MFI	0	state_05	IG-E
2	LV3003047088	grey	ST8	93.52	state_05	MFI	0	state_05	IG-E
2	LV3003047089	leiden4	ST8	92.1385	state_05	MFI	0	state_05	IG-E
2	LV3003047089	leiden3	ST8	92.1385	state_05	MFI	0	state_05	IG-E
2	LV3003047089	grey	ST8	92.1385	state_05	MFI	0	state_05	IG-E
2	LV3003047089	leiden5	ST8	92.1385	state_05	MFI	0	state_05	IG-E
2	LV3003047089	leiden1	ST8	92.1385	state_05	MFI	0	state_05	IG-E
2	LV3003047089	leiden2	ST8	92.1385	state_05	MFI	0	state_05	IG-E
2	LV3003047090	leiden1	ST8	90.757	state_05	MFI	0	state_05	IG-E
2	LV3003047090	leiden3	ST8	90.757	state_05	MFI	0	state_05	IG-E
2	LV3003047090	leiden4	ST8	90.757	state_05	MFI	0	state_05	IG-E
2	LV3003047090	grey	ST8	90.757	state_05	MFI	0	state_05	IG-E
2	LV3003047090	leiden2	ST8	90.757	state_05	MFI	0	state_05	IG-E
2	LV3003047090	leiden5	ST8	90.757	state_05	MFI	0	state_05	IG-E
2	LV3003047090	leiden6	ST8	90.757	state_05	MFI	0	state_05	IG-E
2	LV3003047104	leiden4	ST8	83.84125	state_05	MFI	0	state_05	IG-E
2	LV3003047104	leiden5	ST8	83.84125	state_05	MFI	0	state_05	IG-E
2	LV3003047104	grey	ST8	83.84125	state_05	MFI	0	state_05	IG-E
2	LV3003047104	leiden2	ST8	83.84125	state_05	MFI	0	state_05	IG-E
2	LV3003047104	leiden3	ST8	83.84125	state_05	MFI	0	state_05	IG-E
2	LV3003047104	leiden1	ST8	83.84125	state_05	MFI	0	state_05	IG-E
2	LV3003047105	leiden4	ST8	82.4525	state_05	MFI	0	state_05	IG-E
2	LV3003047105	leiden5	ST8	82.4525	state_05	MFI	0	state_05	IG-E
2	LV3003047105	grey	ST8	82.4525	state_05	MFI	0	state_05	IG-E
2	LV3003047105	leiden2	ST8	82.4525	state_05	MFI	0	state_05	IG-E
2	LV3003047105	leiden3	ST8	82.4525	state_05	MFI	0	state_05	IG-E
2	LV3003047106	leiden3	ST8	81.06375	state_05	MFI	0	state_05	IG-E
2	LV3003047106	leiden4	ST8	81.06375	state_05	MFI	0	state_05	IG-E
2	LV3003047106	leiden1	ST8	81.06375	state_05	MFI	0	state_05	IG-E
2	LV3003047106	leiden5	ST8	81.06375	state_05	MFI	0	state_05	IG-E
2	LV3003047106	grey	ST8	81.06375	state_05	MFI	0	state_05	IG-E
2	LV3003047106	leiden2	ST8	81.06375	state_05	MFI	0	state_05	IG-E
2	LV3003047106	leiden6	ST8	81.06375	state_05	MFI	0	state_05	IG-E
2	LV3003047122	leiden4	ST8	76.951	state_05	MFI	0	state_05	IG-E
2	LV3003047122	leiden2	ST8	76.951	state_05	MFI	0	state_05	IG-E
2	LV3003047122	leiden3	ST8	76.951	state_05	MFI	0	state_05	IG-E
2	LV3003047122	leiden5	ST8	76.951	state_05	MFI	0	state_05	IG-E
2	LV3003047122	leiden1	ST8	76.951	state_05	MFI	0	state_05	IG-E
2	LV3003047122	grey	ST8	76.951	state_05	MFI	0	state_05	IG-E
2	LV3003047123	leiden4	ST8	75.589	state_05	MFI	0	state_05	IG-E
2	LV3003047123	leiden3	ST8	75.589	state_05	MFI	0	state_05	IG-E
2	LV3003047123	leiden1	ST8	75.589	state_05	MFI	0	state_05	IG-E
2	LV3003047123	leiden2	ST8	75.589	state_05	MFI	0	state_05	IG-E
2	LV3003047123	leiden5	ST8	75.589	state_05	MFI	0	state_05	IG-E
2	LV3003047123	grey	ST8	75.589	state_05	MFI	0	state_05	IG-E
2	LV3003047124	leiden3	ST8	74.227	state_05	MFI	0	state_05	IG-E
2	LV3003047124	leiden1	ST8	74.227	state_05	MFI	0	state_05	IG-E
2	LV3003047124	leiden4	ST8	74.227	state_05	MFI	0	state_05	IG-E
2	LV3003047124	leiden2	ST8	74.227	state_05	MFI	0	state_05	IG-E
2	LV3003047124	leiden5	ST8	74.227	state_05	MFI	0	state_05	IG-E
2	LV3003047124	grey	ST8	74.227	state_05	MFI	0	state_05	IG-E
2	LV3003047125	leiden4	ST8	72.872	state_05	MFI	0	state_05	IG-E
2	LV3003047125	leiden3	ST8	72.872	state_05	MFI	0	state_05	IG-E
2	LV3003047125	leiden1	ST8	72.872	state_05	MFI	0	state_05	IG-E
2	LV3003047125	leiden2	ST8	72.872	state_05	MFI	0	state_05	IG-E
2	LV3003047125	leiden5	ST8	72.872	state_05	MFI	0	state_05	IG-E
2	LV3003047125	grey	ST8	72.872	state_05	MFI	0	state_05	IG-E
2	LV3003047127	leiden4	ST8	47.6248	state_05	MFI	0	state_05	IG-E
2	LV3003047127	leiden1	ST8	47.6248	state_05	MFI	0	state_05	IG-E
2	LV3003047127	leiden5	ST8	47.6248	state_05	MFI	0	state_05	IG-E
2	LV3003047127	leiden2	ST8	47.6248	state_05	MFI	0	state_05	IG-E
2	LV3003047127	leiden3	ST8	47.6248	state_05	MFI	0	state_05	IG-E
2	LV3003047127	leiden6	ST8	47.6248	state_05	MFI	0	state_05	IG-E
2	LV3003047140	leiden4	ST8	46.0948	state_05	MFI	0	state_05	IG-E
2	LV3003047140	leiden2	ST8	46.0948	state_05	MFI	0	state_05	IG-E
2	LV3003047140	leiden3	ST8	46.0948	state_05	MFI	0	state_05	IG-E
2	LV3003047140	leiden1	ST8	46.0948	state_05	MFI	0	state_05	IG-E
2	LV3003047140	leiden6	ST8	46.0948	state_05	MFI	0	state_05	IG-E
2	LV3003047141	leiden4	ST8	39.15347	state_05	MFI	0	state_05	IG-E
2	LV3003047141	leiden3	ST8	39.15347	state_05	MFI	0	state_05	IG-E
2	LV3003047141	leiden5	ST8	39.15347	state_05	MFI	0	state_05	IG-E
2	LV3003047141	leiden2	ST8	39.15347	state_05	MFI	0	state_05	IG-E
2	LV3003047160	leiden4	ST8	55.8911266666667	state_05	MFI	0	state_05	IG-E
2	LV3003047160	leiden3	ST8	55.8911266666667	state_05	MFI	0	state_05	IG-E
2	LV3003047160	leiden1	ST8	55.8911266666667	state_05	MFI	0	state_05	IG-E
2	LV3003047160	leiden5	ST8	55.8911266666667	state_05	MFI	0	state_05	IG-E
2	LV3003047160	grey	ST8	55.8911266666667	state_05	MFI	0	state_05	IG-E
2	LV3003047160	leiden2	ST8	55.8911266666667	state_05	MFI	0	state_05	IG-E
2	LV3003047161	leiden4	ST8	54.98346	state_05	MFI	0	state_05	IG-E
2	LV3003047161	leiden2	ST8	54.98346	state_05	MFI	0	state_05	IG-E
2	LV3003047161	leiden3	ST8	54.98346	state_05	MFI	0	state_05	IG-E
2	LV3003047161	leiden1	ST8	54.98346	state_05	MFI	0	state_05	IG-E
2	LV3003047161	leiden5	ST8	54.98346	state_05	MFI	0	state_05	IG-E
2	LV3003047162	leiden1	ST8	102.698	state_05	MFI	0	state_05	IG-E
2	LV3003047162	leiden3	ST8	102.698	state_05	MFI	0	state_05	IG-E
2	LV3003047162	leiden4	ST8	102.698	state_05	MFI	0	state_05	IG-E
2	LV3003047162	leiden2	ST8	102.698	state_05	MFI	0	state_05	IG-E
2	LV3003047162	grey	ST8	102.698	state_05	MFI	0	state_05	IG-E
2	LV3003047162	leiden5	ST8	102.698	state_05	MFI	0	state_05	IG-E
2	LV3003061473	leiden3	ST13	117.088	state_05	MFI	0	state_05	IG-E
2	LV3003061473	leiden4	ST13	117.088	state_05	MFI	0	state_05	IG-E
2	LV3003061473	leiden2	ST13	117.088	state_05	MFI	0	state_05	IG-E
2	LV3003061473	leiden5	ST13	117.088	state_05	MFI	0	state_05	IG-E
2	LV3003061473	leiden1	ST13	117.088	state_05	MFI	0	state_05	IG-E
2	LV3003061489	leiden4	ST13	112.6068	state_05	MFI	0	state_05	IG-E
2	LV3003061489	leiden3	ST13	112.6068	state_05	MFI	0	state_05	IG-E
2	LV3003061489	grey	ST13	112.6068	state_05	MFI	0	state_05	IG-E
2	LV3003061489	leiden2	ST13	112.6068	state_05	MFI	0	state_05	IG-E
2	LV3003061489	leiden1	ST13	112.6068	state_05	MFI	0	state_05	IG-E
2	LV3003061489	leiden5	ST13	112.6068	state_05	MFI	0	state_05	IG-E
2	LV3003061489	leiden6	ST13	112.6068	state_05	MFI	0	state_05	IG-E
2	LV3003061527	leiden4	ST13	133.7754	state_05	MFI	0	state_05	IG-E
2	LV3003061527	leiden2	ST13	133.7754	state_05	MFI	0	state_05	IG-E
2	LV3003061527	leiden3	ST13	133.7754	state_05	MFI	0	state_05	IG-E
2	LV3003061527	leiden5	ST13	133.7754	state_05	MFI	0	state_05	IG-E
2	LV3003061527	leiden1	ST13	133.7754	state_05	MFI	0	state_05	IG-E
2	LV3003061555	leiden4	ST13	126.443	state_05	MFI	0	state_05	IG-E
2	LV3003061555	leiden5	ST13	126.443	state_05	MFI	0	state_05	IG-E
2	LV3003061555	leiden2	ST13	126.443	state_05	MFI	0	state_05	IG-E
2	LV3003061555	leiden3	ST13	126.443	state_05	MFI	0	state_05	IG-E
2	LV3003061555	leiden1	ST13	126.443	state_05	MFI	0	state_05	IG-E
2	LV3003061568	leiden3	ST13	121.6354	state_05	MFI	0	state_05	IG-E
2	LV3003061568	leiden4	ST13	121.6354	state_05	MFI	0	state_05	IG-E
2	LV3003061568	leiden2	ST13	121.6354	state_05	MFI	0	state_05	IG-E
2	LV3003061568	leiden5	ST13	121.6354	state_05	MFI	0	state_05	IG-E
2	LV3003061568	leiden1	ST13	121.6354	state_05	MFI	0	state_05	IG-E
2	LV7008886228	leiden3	GeoB25202_R2	120.0235	state_05	MFI	0	state_05	IG-E
2	LV7008886228	leiden4	GeoB25202_R2	120.0235	state_05	MFI	0	state_05	IG-E
2	LV7008886228	leiden5	GeoB25202_R2	120.0235	state_05	MFI	0	state_05	IG-E
2	LV7008886228	leiden2	GeoB25202_R2	120.0235	state_05	MFI	0	state_05	IG-E
2	LV7008886228	leiden6	GeoB25202_R2	120.0235	state_05	MFI	0	state_05	IG-E
2	LV7008886741	leiden4	GeoB25202_R1	58.997	state_05	MFI	2.3197281409432	state_05	IG-E
2	LV7008886741	leiden2	GeoB25202_R1	58.997	state_05	MFI	2.3197281409432	state_05	IG-E
2	LV7008886741	grey	GeoB25202_R1	58.997	state_05	MFI	-11.598640704716	state_05	IG-E
2	LV7008886741	leiden1	GeoB25202_R1	58.997	state_05	MFI	2.3197281409432	state_05	IG-E
2	LV7008886741	leiden5	GeoB25202_R1	58.997	state_05	MFI	2.3197281409432	state_05	IG-E
2	LV7008886741	leiden3	GeoB25202_R1	58.997	state_05	MFI	2.3197281409432	state_05	IG-E
2	LV7008886757	leiden3	GeoB25202_R1	123.1195	state_05	MFI	0	state_05	IG-E
2	LV7008886757	leiden1	GeoB25202_R1	123.1195	state_05	MFI	0	state_05	IG-E
2	LV7008886757	leiden4	GeoB25202_R1	123.1195	state_05	MFI	0	state_05	IG-E
2	LV7008886757	grey	GeoB25202_R1	123.1195	state_05	MFI	0	state_05	IG-E
2	LV7008886757	leiden5	GeoB25202_R1	123.1195	state_05	MFI	0	state_05	IG-E
2	LV7008886757	leiden2	GeoB25202_R1	123.1195	state_05	MFI	0	state_05	IG-E
2	LV7008886769	leiden1	GeoB25202_R2	123.1195	state_05	MFI	0	state_05	IG-E
2	LV7008886769	leiden4	GeoB25202_R2	123.1195	state_05	MFI	0	state_05	IG-E
2	LV7008886769	leiden3	GeoB25202_R2	123.1195	state_05	MFI	0	state_05	IG-E
2	LV7008886769	leiden2	GeoB25202_R2	123.1195	state_05	MFI	0	state_05	IG-E
2	LV7008886769	grey	GeoB25202_R2	123.1195	state_05	MFI	0	state_05	IG-E
2	LV7008886769	leiden5	GeoB25202_R2	123.1195	state_05	MFI	0	state_05	IG-E
2	LV7008886781	leiden3	GeoB25202_R1	120.0235	state_05	MFI	0	state_05	IG-E
2	LV7008886781	leiden4	GeoB25202_R1	120.0235	state_05	MFI	0	state_05	IG-E
2	LV7008886781	leiden2	GeoB25202_R1	120.0235	state_05	MFI	0	state_05	IG-E
2	LV7008886781	leiden1	GeoB25202_R1	120.0235	state_05	MFI	0	state_05	IG-E
2	LV7008886781	grey	GeoB25202_R1	120.0235	state_05	MFI	0	state_05	IG-E
2	LV3003047028	leiden4	ST8	4.753	state_05	DCI	-7.20583942950416	state_05	IG-E
2	LV3003047028	leiden3	ST8	4.753	state_05	DCI	3.60291971475208	state_05	IG-E
2	LV3003047028	leiden2	ST8	4.753	state_05	DCI	3.60291971475208	state_05	IG-E
2	LV3003047059	leiden4	ST8	107.683	state_05	DCI	1.08335161816642	state_05	IG-E
2	LV3003047059	leiden1	ST8	107.683	state_05	DCI	-10.6361138253815	state_05	IG-E
2	LV3003047059	leiden5	ST8	107.683	state_05	DCI	-8.84334870507163	state_05	IG-E
2	LV3003047059	grey	ST8	107.683	state_05	DCI	13.1054390712352	state_05	IG-E
2	LV3003047059	leiden2	ST8	107.683	state_05	DCI	2.64533592052576	state_05	IG-E
2	LV3003047059	leiden3	ST8	107.683	state_05	DCI	2.64533592052576	state_05	IG-E
2	LV3003047060	leiden4	ST8	106.686	state_05	DCI	0.884538289913585	state_05	IG-E
2	LV3003047060	leiden2	ST8	106.686	state_05	DCI	2.55323766638441	state_05	IG-E
2	LV3003047060	leiden3	ST8	106.686	state_05	DCI	2.55323766638441	state_05	IG-E
2	LV3003047060	grey	ST8	106.686	state_05	DCI	2.55323766638441	state_05	IG-E
2	LV3003047060	leiden5	ST8	106.686	state_05	DCI	2.55323766638441	state_05	IG-E
2	LV3003047060	leiden1	ST8	106.686	state_05	DCI	-11.0974889554512	state_05	IG-E
2	LV3003047061	leiden4	ST8	105.689	state_05	DCI	-2.93993385789031	state_05	IG-E
2	LV3003047061	leiden3	ST8	105.689	state_05	DCI	-1.50323073054592	state_05	IG-E
2	LV3003047061	leiden2	ST8	105.689	state_05	DCI	8.95285678007399	state_05	IG-E
2	LV3003047061	leiden5	ST8	105.689	state_05	DCI	-1.50323073054592	state_05	IG-E
2	LV3003047061	leiden1	ST8	105.689	state_05	DCI	-1.50323073054592	state_05	IG-E
2	LV3003047061	grey	ST8	105.689	state_05	DCI	-1.50323073054592	state_05	IG-E
2	LV3003047062	leiden1	ST8	104.692	state_05	DCI	-6.08090028747861	state_05	IG-E
2	LV3003047062	leiden5	ST8	104.692	state_05	DCI	-5.40720958472503	state_05	IG-E
2	LV3003047062	leiden4	ST8	104.692	state_05	DCI	-3.80285822925444	state_05	IG-E
2	LV3003047062	grey	ST8	104.692	state_05	DCI	-5.44094314653654	state_05	IG-E
2	LV3003047062	leiden2	ST8	104.692	state_05	DCI	6.91063708266487	state_05	IG-E
2	LV3003047062	leiden3	ST8	104.692	state_05	DCI	6.91063708266487	state_05	IG-E
2	LV3003047062	leiden6	ST8	104.692	state_05	DCI	6.91063708266487	state_05	IG-E
2	LV3003047063	leiden1	ST8	103.695	state_05	DCI	1.61906451700532	state_05	IG-E
2	LV3003047063	leiden5	ST8	103.695	state_05	DCI	1.61906451700532	state_05	IG-E
2	LV3003047063	leiden3	ST8	103.695	state_05	DCI	1.61906451700532	state_05	IG-E
2	LV3003047063	leiden4	ST8	103.695	state_05	DCI	-8.0953225850266	state_05	IG-E
2	LV3003047063	grey	ST8	103.695	state_05	DCI	1.61906451700532	state_05	IG-E
2	LV3003047063	leiden2	ST8	103.695	state_05	DCI	1.61906451700532	state_05	IG-E
2	LV3003047064	leiden4	ST8	96.283	state_05	DCI	-0.216992154559479	state_05	IG-E
2	LV3003047064	grey	ST8	96.283	state_05	DCI	-2.34726197295743	state_05	IG-E
2	LV3003047064	leiden5	ST8	96.283	state_05	DCI	-3.81954155614076	state_05	IG-E
2	LV3003047064	leiden3	ST8	96.283	state_05	DCI	-0.899212838505905	state_05	IG-E
2	LV3003047064	leiden1	ST8	96.283	state_05	DCI	10.0449612066038	state_05	IG-E
2	LV3003047064	leiden2	ST8	96.283	state_05	DCI	-2.76195268444024	state_05	IG-E
2	LV3003047065	leiden4	ST8	53.61018	state_05	DCI	0.768810039278748	state_05	IG-E
2	LV3003047065	leiden5	ST8	53.61018	state_05	DCI	-8.93081884478187	state_05	IG-E
2	LV3003047065	leiden3	ST8	53.61018	state_05	DCI	-6.32994820720767	state_05	IG-E
2	LV3003047065	leiden2	ST8	53.61018	state_05	DCI	4.8112870837294	state_05	IG-E
2	LV3003047065	grey	ST8	53.61018	state_05	DCI	4.83625552929655	state_05	IG-E
2	LV3003047065	leiden1	ST8	53.61018	state_05	DCI	4.84441439968483	state_05	IG-E
2	LV3003047073	leiden5	ST8	101.685	state_05	DCI	0	state_05	IG-E
2	LV3003047073	leiden3	ST8	101.685	state_05	DCI	0	state_05	IG-E
2	LV3003047073	leiden1	ST8	101.685	state_05	DCI	0	state_05	IG-E
2	LV3003047073	grey	ST8	101.685	state_05	DCI	0	state_05	IG-E
2	LV3003047073	leiden4	ST8	101.685	state_05	DCI	0	state_05	IG-E
2	LV3003047074	leiden5	ST8	100.672	state_05	DCI	0	state_05	IG-E
2	LV3003047074	leiden3	ST8	100.672	state_05	DCI	0	state_05	IG-E
2	LV3003047074	leiden2	ST8	100.672	state_05	DCI	0	state_05	IG-E
2	LV3003047074	leiden1	ST8	100.672	state_05	DCI	0	state_05	IG-E
2	LV3003047074	grey	ST8	100.672	state_05	DCI	0	state_05	IG-E
2	LV3003047074	leiden4	ST8	100.672	state_05	DCI	0	state_05	IG-E
2	LV3003047077	leiden4	ST8	99.7145	state_05	DCI	-7.18573191124191	state_05	IG-E
2	LV3003047077	grey	ST8	99.7145	state_05	DCI	-9.78146720461024	state_05	IG-E
2	LV3003047077	leiden2	ST8	99.7145	state_05	DCI	4.75278639288007	state_05	IG-E
2	LV3003047077	leiden3	ST8	99.7145	state_05	DCI	4.07147090765736	state_05	IG-E
2	LV3003047077	leiden5	ST8	99.7145	state_05	DCI	4.07147090765736	state_05	IG-E
2	LV3003047077	leiden1	ST8	99.7145	state_05	DCI	4.07147090765736	state_05	IG-E
2	LV3003047078	grey	ST8	98.757	state_05	DCI	-10.0582497769262	state_05	IG-E
2	LV3003047078	leiden2	ST8	98.757	state_05	DCI	2.81865222630184	state_05	IG-E
2	LV3003047078	leiden3	ST8	98.757	state_05	DCI	2.41319918354145	state_05	IG-E
2	LV3003047078	leiden4	ST8	98.757	state_05	DCI	2.41319918354145	state_05	IG-E
2	LV3003047078	leiden5	ST8	98.757	state_05	DCI	2.41319918354145	state_05	IG-E
2	LV3003047087	leiden4	ST8	94.9015	state_05	DCI	0.284639114455569	state_05	IG-E
2	LV3003047087	grey	ST8	94.9015	state_05	DCI	-9.86144263807753	state_05	IG-E
2	LV3003047087	leiden2	ST8	94.9015	state_05	DCI	2.96338702387991	state_05	IG-E
2	LV3003047087	leiden3	ST8	94.9015	state_05	DCI	2.20447216658068	state_05	IG-E
2	LV3003047087	leiden5	ST8	94.9015	state_05	DCI	2.20447216658068	state_05	IG-E
2	LV3003047087	leiden1	ST8	94.9015	state_05	DCI	2.20447216658068	state_05	IG-E
2	LV3003047088	leiden3	ST8	93.52	state_05	DCI	4.34393031535268	state_05	IG-E
2	LV3003047088	leiden4	ST8	93.52	state_05	DCI	4.20818434996923	state_05	IG-E
2	LV3003047088	leiden5	ST8	93.52	state_05	DCI	-9.03043258063109	state_05	IG-E
2	LV3003047088	leiden2	ST8	93.52	state_05	DCI	-7.39867618171027	state_05	IG-E
2	LV3003047088	leiden1	ST8	93.52	state_05	DCI	3.93849704850973	state_05	IG-E
2	LV3003047088	grey	ST8	93.52	state_05	DCI	3.93849704850973	state_05	IG-E
2	LV3003047089	leiden4	ST8	92.1385	state_05	DCI	3.00917573072429	state_05	IG-E
2	LV3003047089	leiden3	ST8	92.1385	state_05	DCI	3.57410488749108	state_05	IG-E
2	LV3003047089	grey	ST8	92.1385	state_05	DCI	4.07717252044613	state_05	IG-E
2	LV3003047089	leiden5	ST8	92.1385	state_05	DCI	-8.06463758021427	state_05	IG-E
2	LV3003047089	leiden1	ST8	92.1385	state_05	DCI	4.07717252044613	state_05	IG-E
2	LV3003047089	leiden2	ST8	92.1385	state_05	DCI	-6.67298807889335	state_05	IG-E
2	LV3003047090	leiden1	ST8	90.757	state_05	DCI	5.68728982816415	state_05	IG-E
2	LV3003047090	leiden3	ST8	90.757	state_05	DCI	5.68728982816415	state_05	IG-E
2	LV3003047090	leiden4	ST8	90.757	state_05	DCI	4.08260628284732	state_05	IG-E
2	LV3003047090	grey	ST8	90.757	state_05	DCI	4.11037510743561	state_05	IG-E
2	LV3003047090	leiden2	ST8	90.757	state_05	DCI	-4.99810313207938	state_05	IG-E
2	LV3003047090	leiden5	ST8	90.757	state_05	DCI	-4.9401946916506	state_05	IG-E
2	LV3003047090	leiden6	ST8	90.757	state_05	DCI	-9.62926322288125	state_05	IG-E
2	LV3003047104	leiden4	ST8	83.84125	state_05	DCI	-0.795283447104543	state_05	IG-E
2	LV3003047104	leiden5	ST8	83.84125	state_05	DCI	2.2850658750091	state_05	IG-E
2	LV3003047104	grey	ST8	83.84125	state_05	DCI	2.2850658750091	state_05	IG-E
2	LV3003047104	leiden2	ST8	83.84125	state_05	DCI	-8.34498005293187	state_05	IG-E
2	LV3003047104	leiden3	ST8	83.84125	state_05	DCI	2.2850658750091	state_05	IG-E
2	LV3003047104	leiden1	ST8	83.84125	state_05	DCI	2.2850658750091	state_05	IG-E
2	LV3003047105	leiden4	ST8	82.4525	state_05	DCI	-6.9878604394997	state_05	IG-E
2	LV3003047105	leiden5	ST8	82.4525	state_05	DCI	-7.16626833469422	state_05	IG-E
2	LV3003047105	grey	ST8	82.4525	state_05	DCI	4.71804292473131	state_05	IG-E
2	LV3003047105	leiden2	ST8	82.4525	state_05	DCI	4.71804292473131	state_05	IG-E
2	LV3003047105	leiden3	ST8	82.4525	state_05	DCI	4.71804292473131	state_05	IG-E
2	LV3003047106	leiden3	ST8	81.06375	state_05	DCI	3.18028411335575	state_05	IG-E
2	LV3003047106	leiden4	ST8	81.06375	state_05	DCI	-0.642576075184777	state_05	IG-E
2	LV3003047106	leiden1	ST8	81.06375	state_05	DCI	1.88999777402803	state_05	IG-E
2	LV3003047106	leiden5	ST8	81.06375	state_05	DCI	-9.63469253252178	state_05	IG-E
2	LV3003047106	grey	ST8	81.06375	state_05	DCI	11.8258606193584	state_05	IG-E
2	LV3003047106	leiden2	ST8	81.06375	state_05	DCI	-8.50887167306361	state_05	IG-E
2	LV3003047106	leiden6	ST8	81.06375	state_05	DCI	1.88999777402803	state_05	IG-E
2	LV3003047122	leiden4	ST8	76.951	state_05	DCI	-10.463441338236	state_05	IG-E
2	LV3003047122	leiden2	ST8	76.951	state_05	DCI	-8.81162373968759	state_05	IG-E
2	LV3003047122	leiden3	ST8	76.951	state_05	DCI	13.554372130283	state_05	IG-E
2	LV3003047122	leiden5	ST8	76.951	state_05	DCI	1.90689764921355	state_05	IG-E
2	LV3003047122	leiden1	ST8	76.951	state_05	DCI	1.90689764921355	state_05	IG-E
2	LV3003047122	grey	ST8	76.951	state_05	DCI	1.90689764921355	state_05	IG-E
2	LV3003047123	leiden4	ST8	75.589	state_05	DCI	-9.75524784555525	state_05	IG-E
2	LV3003047123	leiden3	ST8	75.589	state_05	DCI	1.95104956911105	state_05	IG-E
2	LV3003047123	leiden1	ST8	75.589	state_05	DCI	1.95104956911105	state_05	IG-E
2	LV3003047123	leiden2	ST8	75.589	state_05	DCI	1.95104956911105	state_05	IG-E
2	LV3003047123	leiden5	ST8	75.589	state_05	DCI	1.95104956911105	state_05	IG-E
2	LV3003047123	grey	ST8	75.589	state_05	DCI	1.95104956911105	state_05	IG-E
2	LV3003047124	leiden3	ST8	74.227	state_05	DCI	3.39414809280163	state_05	IG-E
2	LV3003047124	leiden1	ST8	74.227	state_05	DCI	1.72975303114529	state_05	IG-E
2	LV3003047124	leiden4	ST8	74.227	state_05	DCI	-0.356533164224507	state_05	IG-E
2	LV3003047124	leiden2	ST8	74.227	state_05	DCI	-8.22687402201301	state_05	IG-E
2	LV3003047124	leiden5	ST8	74.227	state_05	DCI	1.72975303114529	state_05	IG-E
2	LV3003047124	grey	ST8	74.227	state_05	DCI	1.72975303114529	state_05	IG-E
2	LV3003047125	leiden4	ST8	72.872	state_05	DCI	0.105026809992552	state_05	IG-E
2	LV3003047125	leiden3	ST8	72.872	state_05	DCI	1.61680909004769	state_05	IG-E
2	LV3003047125	leiden1	ST8	72.872	state_05	DCI	2.30995627060764	state_05	IG-E
2	LV3003047125	leiden2	ST8	72.872	state_05	DCI	-8.65170471186315	state_05	IG-E
2	LV3003047125	leiden5	ST8	72.872	state_05	DCI	2.30995627060764	state_05	IG-E
2	LV3003047125	grey	ST8	72.872	state_05	DCI	2.30995627060764	state_05	IG-E
2	LV3003047127	leiden4	ST8	47.6248	state_05	DCI	1.23701104984864	state_05	IG-E
2	LV3003047127	leiden1	ST8	47.6248	state_05	DCI	3.75372037482026	state_05	IG-E
2	LV3003047127	leiden5	ST8	47.6248	state_05	DCI	1.67862849813593	state_05	IG-E
2	LV3003047127	leiden2	ST8	47.6248	state_05	DCI	1.67613480192458	state_05	IG-E
2	LV3003047127	leiden3	ST8	47.6248	state_05	DCI	3.28431406095148	state_05	IG-E
2	LV3003047127	leiden6	ST8	47.6248	state_05	DCI	-11.6298087856809	state_05	IG-E
2	LV3003047140	leiden4	ST8	46.0948	state_05	DCI	-9.19708810729907	state_05	IG-E
2	LV3003047140	leiden2	ST8	46.0948	state_05	DCI	2.29927202682477	state_05	IG-E
2	LV3003047140	leiden3	ST8	46.0948	state_05	DCI	2.29927202682477	state_05	IG-E
2	LV3003047140	leiden1	ST8	46.0948	state_05	DCI	2.29927202682477	state_05	IG-E
2	LV3003047140	leiden6	ST8	46.0948	state_05	DCI	2.29927202682477	state_05	IG-E
2	LV3003047141	leiden4	ST8	39.15347	state_05	DCI	-9.43957598146793	state_05	IG-E
2	LV3003047141	leiden3	ST8	39.15347	state_05	DCI	3.14652532715598	state_05	IG-E
2	LV3003047141	leiden5	ST8	39.15347	state_05	DCI	3.14652532715598	state_05	IG-E
2	LV3003047141	leiden2	ST8	39.15347	state_05	DCI	3.14652532715598	state_05	IG-E
2	LV3003047160	leiden4	ST8	55.8911266666667	state_05	DCI	-2.26343385122244	state_05	IG-E
2	LV3003047160	leiden3	ST8	55.8911266666667	state_05	DCI	-2.26343385122244	state_05	IG-E
2	LV3003047160	leiden1	ST8	55.8911266666667	state_05	DCI	-1.31241656739785	state_05	IG-E
2	LV3003047160	leiden5	ST8	55.8911266666667	state_05	DCI	10.3661519722876	state_05	IG-E
2	LV3003047160	grey	ST8	55.8911266666667	state_05	DCI	-2.26343385122244	state_05	IG-E
2	LV3003047160	leiden2	ST8	55.8911266666667	state_05	DCI	-2.26343385122244	state_05	IG-E
2	LV3003047161	leiden4	ST8	54.98346	state_05	DCI	-0.16218458991396	state_05	IG-E
2	LV3003047161	leiden2	ST8	54.98346	state_05	DCI	0.243274251547174	state_05	IG-E
2	LV3003047161	leiden3	ST8	54.98346	state_05	DCI	-0.16218458991396	state_05	IG-E
2	LV3003047161	leiden1	ST8	54.98346	state_05	DCI	0.243279518194705	state_05	IG-E
2	LV3003047161	leiden5	ST8	54.98346	state_05	DCI	-0.16218458991396	state_05	IG-E
2	LV3003047162	leiden1	ST8	102.698	state_05	DCI	-11.1031579996501	state_05	IG-E
2	LV3003047162	leiden3	ST8	102.698	state_05	DCI	2.22063159993001	state_05	IG-E
2	LV3003047162	leiden4	ST8	102.698	state_05	DCI	2.22063159993001	state_05	IG-E
2	LV3003047162	leiden2	ST8	102.698	state_05	DCI	2.22063159993001	state_05	IG-E
2	LV3003047162	grey	ST8	102.698	state_05	DCI	2.22063159993001	state_05	IG-E
2	LV3003047162	leiden5	ST8	102.698	state_05	DCI	2.22063159993001	state_05	IG-E
2	LV3003061473	leiden3	ST13	117.088	state_05	DCI	-8.60630945403985	state_05	IG-E
2	LV3003061473	leiden4	ST13	117.088	state_05	DCI	1.14162964206457	state_05	IG-E
2	LV3003061473	leiden2	ST13	117.088	state_05	DCI	2.43304517641238	state_05	IG-E
2	LV3003061473	leiden5	ST13	117.088	state_05	DCI	2.51581731778145	state_05	IG-E
2	LV3003061473	leiden1	ST13	117.088	state_05	DCI	2.51581731778145	state_05	IG-E
2	LV3003061489	leiden4	ST13	112.6068	state_05	DCI	8.43624520947733	state_05	IG-E
2	LV3003061489	leiden3	ST13	112.6068	state_05	DCI	7.99871649878478	state_05	IG-E
2	LV3003061489	grey	ST13	112.6068	state_05	DCI	-4.04105688748956	state_05	IG-E
2	LV3003061489	leiden2	ST13	112.6068	state_05	DCI	-1.94608763206654	state_05	IG-E
2	LV3003061489	leiden1	ST13	112.6068	state_05	DCI	-1.86890335482025	state_05	IG-E
2	LV3003061489	leiden5	ST13	112.6068	state_05	DCI	-3.79224378026323	state_05	IG-E
2	LV3003061489	leiden6	ST13	112.6068	state_05	DCI	-4.78667005362254	state_05	IG-E
2	LV3003061527	leiden4	ST13	133.7754	state_05	DCI	0	state_05	IG-E
2	LV3003061527	leiden2	ST13	133.7754	state_05	DCI	0	state_05	IG-E
2	LV3003061527	leiden3	ST13	133.7754	state_05	DCI	0	state_05	IG-E
2	LV3003061527	leiden5	ST13	133.7754	state_05	DCI	0	state_05	IG-E
2	LV3003061527	leiden1	ST13	133.7754	state_05	DCI	0	state_05	IG-E
2	LV3003061555	leiden4	ST13	126.443	state_05	DCI	-3.03252239865619	state_05	IG-E
2	LV3003061555	leiden5	ST13	126.443	state_05	DCI	-8.68863777888768	state_05	IG-E
2	LV3003061555	leiden2	ST13	126.443	state_05	DCI	-2.92703453528175	state_05	IG-E
2	LV3003061555	leiden3	ST13	126.443	state_05	DCI	7.32409735641281	state_05	IG-E
2	LV3003061555	leiden1	ST13	126.443	state_05	DCI	7.32409735641281	state_05	IG-E
2	LV3003061568	leiden3	ST13	121.6354	state_05	DCI	1.74846145792575	state_05	IG-E
2	LV3003061568	leiden4	ST13	121.6354	state_05	DCI	-6.993845831703	state_05	IG-E
2	LV3003061568	leiden2	ST13	121.6354	state_05	DCI	1.74846145792575	state_05	IG-E
2	LV3003061568	leiden5	ST13	121.6354	state_05	DCI	1.74846145792575	state_05	IG-E
2	LV3003061568	leiden1	ST13	121.6354	state_05	DCI	1.74846145792575	state_05	IG-E
2	LV7008886228	leiden3	GeoB25202_R2	120.0235	state_05	DCI	15.2970963592124	state_05	IG-E
2	LV7008886228	leiden4	GeoB25202_R2	120.0235	state_05	DCI	-5.22901285912688	state_05	IG-E
2	LV7008886228	leiden5	GeoB25202_R2	120.0235	state_05	DCI	-8.87972705220484	state_05	IG-E
2	LV7008886228	leiden2	GeoB25202_R2	120.0235	state_05	DCI	-5.82540804500179	state_05	IG-E
2	LV7008886228	leiden6	GeoB25202_R2	120.0235	state_05	DCI	4.63705159712107	state_05	IG-E
2	LV7008886741	leiden4	GeoB25202_R1	58.997	state_05	DCI	-10.5495746507352	state_05	IG-E
2	LV7008886741	leiden2	GeoB25202_R1	58.997	state_05	DCI	2.26455326080018	state_05	IG-E
2	LV7008886741	grey	GeoB25202_R1	58.997	state_05	DCI	1.85909352116245	state_05	IG-E
2	LV7008886741	leiden1	GeoB25202_R1	58.997	state_05	DCI	2.70774082644763	state_05	IG-E
2	LV7008886741	leiden5	GeoB25202_R1	58.997	state_05	DCI	1.85909352116245	state_05	IG-E
2	LV7008886741	leiden3	GeoB25202_R1	58.997	state_05	DCI	1.85909352116245	state_05	IG-E
2	LV7008886757	leiden3	GeoB25202_R1	123.1195	state_05	DCI	3.81717233698232	state_05	IG-E
2	LV7008886757	leiden1	GeoB25202_R1	123.1195	state_05	DCI	3.86689577233475	state_05	IG-E
2	LV7008886757	leiden4	GeoB25202_R1	123.1195	state_05	DCI	-5.66798380807575	state_05	IG-E
2	LV7008886757	grey	GeoB25202_R1	123.1195	state_05	DCI	3.86689577233475	state_05	IG-E
2	LV7008886757	leiden5	GeoB25202_R1	123.1195	state_05	DCI	-10.7721661201591	state_05	IG-E
2	LV7008886757	leiden2	GeoB25202_R1	123.1195	state_05	DCI	4.88918604658299	state_05	IG-E
2	LV7008886769	leiden1	GeoB25202_R2	123.1195	state_05	DCI	0.781773700407199	state_05	IG-E
2	LV7008886769	leiden4	GeoB25202_R2	123.1195	state_05	DCI	-1.70372071550134	state_05	IG-E
2	LV7008886769	leiden3	GeoB25202_R2	123.1195	state_05	DCI	9.77669552028668	state_05	IG-E
2	LV7008886769	leiden2	GeoB25202_R2	123.1195	state_05	DCI	1.41885837890446	state_05	IG-E
2	LV7008886769	grey	GeoB25202_R2	123.1195	state_05	DCI	0.0286438152455433	state_05	IG-E
2	LV7008886769	leiden5	GeoB25202_R2	123.1195	state_05	DCI	-10.3022506993425	state_05	IG-E
2	LV7008886781	leiden3	GeoB25202_R1	120.0235	state_05	DCI	2.30171306884487	state_05	IG-E
2	LV7008886781	leiden4	GeoB25202_R1	120.0235	state_05	DCI	-7.99058472298188	state_05	IG-E
2	LV7008886781	leiden2	GeoB25202_R1	120.0235	state_05	DCI	1.896290551379	state_05	IG-E
2	LV7008886781	leiden1	GeoB25202_R1	120.0235	state_05	DCI	1.896290551379	state_05	IG-E
2	LV7008886781	grey	GeoB25202_R1	120.0235	state_05	DCI	1.896290551379	state_05	IG-E
2	LV3003047028	leiden4	ST8	4.753	state_05	MII	7.18751150526443	state_05	IG-E
2	LV3003047028	leiden3	ST8	4.753	state_05	MII	-3.15186078421423	state_05	IG-E
2	LV3003047028	leiden2	ST8	4.753	state_05	MII	-4.0356507210502	state_05	IG-E
2	LV3003047059	leiden4	ST8	107.683	state_05	MII	-1.41016142423223	state_05	IG-E
2	LV3003047059	leiden1	ST8	107.683	state_05	MII	0.392429982440079	state_05	IG-E
2	LV3003047059	leiden5	ST8	107.683	state_05	MII	0.367818836648776	state_05	IG-E
2	LV3003047059	grey	ST8	107.683	state_05	MII	0.6109164440143	state_05	IG-E
2	LV3003047059	leiden2	ST8	107.683	state_05	MII	-0.455667421745319	state_05	IG-E
2	LV3003047059	leiden3	ST8	107.683	state_05	MII	0.494663582874399	state_05	IG-E
2	LV3003047060	leiden4	ST8	106.686	state_05	MII	4.39477957040026	state_05	IG-E
2	LV3003047060	leiden2	ST8	106.686	state_05	MII	5.87818141134944	state_05	IG-E
2	LV3003047060	leiden3	ST8	106.686	state_05	MII	7.39686830400132	state_05	IG-E
2	LV3003047060	grey	ST8	106.686	state_05	MII	-6.16391093682334	state_05	IG-E
2	LV3003047060	leiden5	ST8	106.686	state_05	MII	-5.60938421839538	state_05	IG-E
2	LV3003047060	leiden1	ST8	106.686	state_05	MII	-5.8965341305323	state_05	IG-E
2	LV3003047061	leiden4	ST8	105.689	state_05	MII	1.15931139427227	state_05	IG-E
2	LV3003047061	leiden3	ST8	105.689	state_05	MII	4.12989701716003	state_05	IG-E
2	LV3003047061	leiden2	ST8	105.689	state_05	MII	3.52360812064091	state_05	IG-E
2	LV3003047061	leiden5	ST8	105.689	state_05	MII	-6.45529077082917	state_05	IG-E
2	LV3003047061	leiden1	ST8	105.689	state_05	MII	-6.66651600643742	state_05	IG-E
2	LV3003047061	grey	ST8	105.689	state_05	MII	4.30899024519337	state_05	IG-E
2	LV3003047062	leiden1	ST8	104.692	state_05	MII	1.86680558145966	state_05	IG-E
2	LV3003047062	leiden5	ST8	104.692	state_05	MII	2.25609112069155	state_05	IG-E
2	LV3003047062	leiden4	ST8	104.692	state_05	MII	0.893883162367205	state_05	IG-E
2	LV3003047062	grey	ST8	104.692	state_05	MII	2.32508399217851	state_05	IG-E
2	LV3003047062	leiden2	ST8	104.692	state_05	MII	1.41550432570344	state_05	IG-E
2	LV3003047062	leiden3	ST8	104.692	state_05	MII	2.44537631093363	state_05	IG-E
2	LV3003047062	leiden6	ST8	104.692	state_05	MII	-11.202744493334	state_05	IG-E
2	LV3003047063	leiden1	ST8	103.695	state_05	MII	2.71999486994384	state_05	IG-E
2	LV3003047063	leiden5	ST8	103.695	state_05	MII	-8.57940269584178	state_05	IG-E
2	LV3003047063	leiden3	ST8	103.695	state_05	MII	1.71888511181105	state_05	IG-E
2	LV3003047063	leiden4	ST8	103.695	state_05	MII	-0.293766959263939	state_05	IG-E
2	LV3003047063	grey	ST8	103.695	state_05	MII	3.41314205050379	state_05	IG-E
2	LV3003047063	leiden2	ST8	103.695	state_05	MII	1.02114762284704	state_05	IG-E
2	LV3003047064	leiden4	ST8	96.283	state_05	MII	0.367862520257864	state_05	IG-E
2	LV3003047064	grey	ST8	96.283	state_05	MII	2.54961846993587	state_05	IG-E
2	LV3003047064	leiden5	ST8	96.283	state_05	MII	2.04514651506241	state_05	IG-E
2	LV3003047064	leiden3	ST8	96.283	state_05	MII	-11.2085499523248	state_05	IG-E
2	LV3003047064	leiden1	ST8	96.283	state_05	MII	4.09355594749452	state_05	IG-E
2	LV3003047064	leiden2	ST8	96.283	state_05	MII	2.15236649957414	state_05	IG-E
2	LV3003047065	leiden4	ST8	53.61018	state_05	MII	-1.2655369261567	state_05	IG-E
2	LV3003047065	leiden5	ST8	53.61018	state_05	MII	0.928541471700837	state_05	IG-E
2	LV3003047065	leiden3	ST8	53.61018	state_05	MII	1.11567927623791	state_05	IG-E
2	LV3003047065	leiden2	ST8	53.61018	state_05	MII	-0.628443383567736	state_05	IG-E
2	LV3003047065	grey	ST8	53.61018	state_05	MII	0.0490602332359786	state_05	IG-E
2	LV3003047065	leiden1	ST8	53.61018	state_05	MII	-0.199300671450284	state_05	IG-E
2	LV3003047073	leiden5	ST8	101.685	state_05	MII	3.53034864635692	state_05	IG-E
2	LV3003047073	leiden3	ST8	101.685	state_05	MII	2.00429234286187	state_05	IG-E
2	LV3003047073	leiden1	ST8	101.685	state_05	MII	2.83720146579697	state_05	IG-E
2	LV3003047073	grey	ST8	101.685	state_05	MII	1.92091073392282	state_05	IG-E
2	LV3003047073	leiden4	ST8	101.685	state_05	MII	-10.2927531889386	state_05	IG-E
2	LV3003047074	leiden5	ST8	100.672	state_05	MII	2.65391787220505	state_05	IG-E
2	LV3003047074	leiden3	ST8	100.672	state_05	MII	2.18824221316778	state_05	IG-E
2	LV3003047074	leiden2	ST8	100.672	state_05	MII	1.26762351108516	state_05	IG-E
2	LV3003047074	leiden1	ST8	100.672	state_05	MII	2.65391787220505	state_05	IG-E
2	LV3003047074	grey	ST8	100.672	state_05	MII	2.65391787220505	state_05	IG-E
2	LV3003047074	leiden4	ST8	100.672	state_05	MII	-11.4176193408681	state_05	IG-E
2	LV3003047077	leiden4	ST8	99.7145	state_05	MII	0.646392424006108	state_05	IG-E
2	LV3003047077	grey	ST8	99.7145	state_05	MII	2.25833053621306	state_05	IG-E
2	LV3003047077	leiden2	ST8	99.7145	state_05	MII	1.93320550473873	state_05	IG-E
2	LV3003047077	leiden3	ST8	99.7145	state_05	MII	3.08535440343383	state_05	IG-E
2	LV3003047077	leiden5	ST8	99.7145	state_05	MII	-9.89104391865219	state_05	IG-E
2	LV3003047077	leiden1	ST8	99.7145	state_05	MII	1.96776105026046	state_05	IG-E
2	LV3003047078	grey	ST8	98.757	state_05	MII	2.07947712096462	state_05	IG-E
2	LV3003047078	leiden2	ST8	98.757	state_05	MII	2.19811781152713	state_05	IG-E
2	LV3003047078	leiden3	ST8	98.757	state_05	MII	3.17656601301742	state_05	IG-E
2	LV3003047078	leiden4	ST8	98.757	state_05	MII	-0.235680073172943	state_05	IG-E
2	LV3003047078	leiden5	ST8	98.757	state_05	MII	-7.21848087233622	state_05	IG-E
2	LV3003047087	leiden4	ST8	94.9015	state_05	MII	0.33678430829301	state_05	IG-E
2	LV3003047087	grey	ST8	94.9015	state_05	MII	1.86354750255969	state_05	IG-E
2	LV3003047087	leiden2	ST8	94.9015	state_05	MII	1.48451234488377	state_05	IG-E
2	LV3003047087	leiden3	ST8	94.9015	state_05	MII	1.49752806801475	state_05	IG-E
2	LV3003047087	leiden5	ST8	94.9015	state_05	MII	-9.07168337902051	state_05	IG-E
2	LV3003047087	leiden1	ST8	94.9015	state_05	MII	3.88931115526929	state_05	IG-E
2	LV3003047088	leiden3	ST8	93.52	state_05	MII	2.75069434089689	state_05	IG-E
2	LV3003047088	leiden4	ST8	93.52	state_05	MII	-0.572789521533382	state_05	IG-E
2	LV3003047088	leiden5	ST8	93.52	state_05	MII	2.33251041613316	state_05	IG-E
2	LV3003047088	leiden2	ST8	93.52	state_05	MII	0.781611359760125	state_05	IG-E
2	LV3003047088	leiden1	ST8	93.52	state_05	MII	-7.77605394185926	state_05	IG-E
2	LV3003047088	grey	ST8	93.52	state_05	MII	2.48402734660247	state_05	IG-E
2	LV3003047089	leiden4	ST8	92.1385	state_05	MII	1.70086541202992	state_05	IG-E
2	LV3003047089	leiden3	ST8	92.1385	state_05	MII	2.86458031457812	state_05	IG-E
2	LV3003047089	grey	ST8	92.1385	state_05	MII	2.78236578201108	state_05	IG-E
2	LV3003047089	leiden5	ST8	92.1385	state_05	MII	1.06276808854924	state_05	IG-E
2	LV3003047089	leiden1	ST8	92.1385	state_05	MII	-10.5609562886194	state_05	IG-E
2	LV3003047089	leiden2	ST8	92.1385	state_05	MII	2.15037669145101	state_05	IG-E
2	LV3003047090	leiden1	ST8	90.757	state_05	MII	1.19242113336675	state_05	IG-E
2	LV3003047090	leiden3	ST8	90.757	state_05	MII	-0.17918444639251	state_05	IG-E
2	LV3003047090	leiden4	ST8	90.757	state_05	MII	-0.438179563286388	state_05	IG-E
2	LV3003047090	grey	ST8	90.757	state_05	MII	0.270780899603938	state_05	IG-E
2	LV3003047090	leiden2	ST8	90.757	state_05	MII	-1.30694842218171	state_05	IG-E
2	LV3003047090	leiden5	ST8	90.757	state_05	MII	-1.07809886711908	state_05	IG-E
2	LV3003047090	leiden6	ST8	90.757	state_05	MII	1.539209266009	state_05	IG-E
2	LV3003047104	leiden4	ST8	83.84125	state_05	MII	1.33194476382068	state_05	IG-E
2	LV3003047104	leiden5	ST8	83.84125	state_05	MII	-9.13214357638704	state_05	IG-E
2	LV3003047104	grey	ST8	83.84125	state_05	MII	1.94628981417661	state_05	IG-E
2	LV3003047104	leiden2	ST8	83.84125	state_05	MII	0.918601900035431	state_05	IG-E
2	LV3003047104	leiden3	ST8	83.84125	state_05	MII	1.62005685760377	state_05	IG-E
2	LV3003047104	leiden1	ST8	83.84125	state_05	MII	3.31525024075055	state_05	IG-E
2	LV3003047105	leiden4	ST8	82.4525	state_05	MII	-0.121346456481293	state_05	IG-E
2	LV3003047105	leiden5	ST8	82.4525	state_05	MII	-0.159932367632912	state_05	IG-E
2	LV3003047105	grey	ST8	82.4525	state_05	MII	0.790855534296871	state_05	IG-E
2	LV3003047105	leiden2	ST8	82.4525	state_05	MII	-0.219119054009378	state_05	IG-E
2	LV3003047105	leiden3	ST8	82.4525	state_05	MII	-0.290457656173287	state_05	IG-E
2	LV3003047106	leiden3	ST8	81.06375	state_05	MII	1.94386616322812	state_05	IG-E
2	LV3003047106	leiden4	ST8	81.06375	state_05	MII	0.958262267098599	state_05	IG-E
2	LV3003047106	leiden1	ST8	81.06375	state_05	MII	3.25602656433062	state_05	IG-E
2	LV3003047106	leiden5	ST8	81.06375	state_05	MII	1.28781065776101	state_05	IG-E
2	LV3003047106	grey	ST8	81.06375	state_05	MII	2.20617547992693	state_05	IG-E
2	LV3003047106	leiden2	ST8	81.06375	state_05	MII	1.31280796939652	state_05	IG-E
2	LV3003047106	leiden6	ST8	81.06375	state_05	MII	-10.9649491017418	state_05	IG-E
2	LV3003047122	leiden4	ST8	76.951	state_05	MII	1.15181866261118	state_05	IG-E
2	LV3003047122	leiden2	ST8	76.951	state_05	MII	1.49477100644627	state_05	IG-E
2	LV3003047122	leiden3	ST8	76.951	state_05	MII	2.28479503208335	state_05	IG-E
2	LV3003047122	leiden5	ST8	76.951	state_05	MII	-9.75029007739618	state_05	IG-E
2	LV3003047122	leiden1	ST8	76.951	state_05	MII	2.30107952762445	state_05	IG-E
2	LV3003047122	grey	ST8	76.951	state_05	MII	2.51782584863092	state_05	IG-E
2	LV3003047123	leiden4	ST8	75.589	state_05	MII	3.31080922649931	state_05	IG-E
2	LV3003047123	leiden3	ST8	75.589	state_05	MII	4.33989354251871	state_05	IG-E
2	LV3003047123	leiden1	ST8	75.589	state_05	MII	-8.12780039089497	state_05	IG-E
2	LV3003047123	leiden2	ST8	75.589	state_05	MII	3.41651686425507	state_05	IG-E
2	LV3003047123	leiden5	ST8	75.589	state_05	MII	-8.01522182479487	state_05	IG-E
2	LV3003047123	grey	ST8	75.589	state_05	MII	5.07580258241674	state_05	IG-E
2	LV3003047124	leiden3	ST8	74.227	state_05	MII	-0.0192136463502819	state_05	IG-E
2	LV3003047124	leiden1	ST8	74.227	state_05	MII	-0.470798519208258	state_05	IG-E
2	LV3003047124	leiden4	ST8	74.227	state_05	MII	-0.324217214574818	state_05	IG-E
2	LV3003047124	leiden2	ST8	74.227	state_05	MII	-0.477007781719529	state_05	IG-E
2	LV3003047124	leiden5	ST8	74.227	state_05	MII	0.511698111949502	state_05	IG-E
2	LV3003047124	grey	ST8	74.227	state_05	MII	0.779539049903386	state_05	IG-E
2	LV3003047125	leiden4	ST8	72.872	state_05	MII	-0.597473672380097	state_05	IG-E
2	LV3003047125	leiden3	ST8	72.872	state_05	MII	-0.12389572623594	state_05	IG-E
2	LV3003047125	leiden1	ST8	72.872	state_05	MII	0.604954916386523	state_05	IG-E
2	LV3003047125	leiden2	ST8	72.872	state_05	MII	-0.585658193161776	state_05	IG-E
2	LV3003047125	leiden5	ST8	72.872	state_05	MII	0.0107443816132311	state_05	IG-E
2	LV3003047125	grey	ST8	72.872	state_05	MII	0.691328293778058	state_05	IG-E
2	LV3003047127	leiden4	ST8	47.6248	state_05	MII	-0.94550752067192	state_05	IG-E
2	LV3003047127	leiden1	ST8	47.6248	state_05	MII	-0.8054471950424	state_05	IG-E
2	LV3003047127	leiden5	ST8	47.6248	state_05	MII	0.304314400969855	state_05	IG-E
2	LV3003047127	leiden2	ST8	47.6248	state_05	MII	-0.569924781520128	state_05	IG-E
2	LV3003047127	leiden3	ST8	47.6248	state_05	MII	1.03419138565787	state_05	IG-E
2	LV3003047127	leiden6	ST8	47.6248	state_05	MII	0.982373710606726	state_05	IG-E
2	LV3003047140	leiden4	ST8	46.0948	state_05	MII	1.0238443403638	state_05	IG-E
2	LV3003047140	leiden2	ST8	46.0948	state_05	MII	1.56704011639003	state_05	IG-E
2	LV3003047140	leiden3	ST8	46.0948	state_05	MII	4.0644877151556	state_05	IG-E
2	LV3003047140	leiden1	ST8	46.0948	state_05	MII	-10.7847475092709	state_05	IG-E
2	LV3003047140	leiden6	ST8	46.0948	state_05	MII	4.12937533736148	state_05	IG-E
2	LV3003047141	leiden4	ST8	39.15347	state_05	MII	5.49860667332416	state_05	IG-E
2	LV3003047141	leiden3	ST8	39.15347	state_05	MII	8.15852931197916	state_05	IG-E
2	LV3003047141	leiden5	ST8	39.15347	state_05	MII	-6.91502127158133	state_05	IG-E
2	LV3003047141	leiden2	ST8	39.15347	state_05	MII	-6.74211471372198	state_05	IG-E
2	LV3003047160	leiden4	ST8	55.8911266666667	state_05	MII	3.4644071984488	state_05	IG-E
2	LV3003047160	leiden3	ST8	55.8911266666667	state_05	MII	5.1947440020949	state_05	IG-E
2	LV3003047160	leiden1	ST8	55.8911266666667	state_05	MII	3.53395344263537	state_05	IG-E
2	LV3003047160	leiden5	ST8	55.8911266666667	state_05	MII	-7.97481593489555	state_05	IG-E
2	LV3003047160	grey	ST8	55.8911266666667	state_05	MII	5.34791706917444	state_05	IG-E
2	LV3003047160	leiden2	ST8	55.8911266666667	state_05	MII	-9.56620577745795	state_05	IG-E
2	LV3003047161	leiden4	ST8	54.98346	state_05	MII	3.7638292277017	state_05	IG-E
2	LV3003047161	leiden2	ST8	54.98346	state_05	MII	5.23403650995157	state_05	IG-E
2	LV3003047161	leiden3	ST8	54.98346	state_05	MII	-7.8459737650879	state_05	IG-E
2	LV3003047161	leiden1	ST8	54.98346	state_05	MII	-8.23573996365296	state_05	IG-E
2	LV3003047161	leiden5	ST8	54.98346	state_05	MII	7.08384799108759	state_05	IG-E
2	LV3003047162	leiden1	ST8	102.698	state_05	MII	4.10165628287494	state_05	IG-E
2	LV3003047162	leiden3	ST8	102.698	state_05	MII	4.89678843856987	state_05	IG-E
2	LV3003047162	leiden4	ST8	102.698	state_05	MII	-8.93651605696566	state_05	IG-E
2	LV3003047162	leiden2	ST8	102.698	state_05	MII	-9.62126312715038	state_05	IG-E
2	LV3003047162	grey	ST8	102.698	state_05	MII	3.51870151990982	state_05	IG-E
2	LV3003047162	leiden5	ST8	102.698	state_05	MII	6.04063294276141	state_05	IG-E
2	LV3003061473	leiden3	ST13	117.088	state_05	MII	7.74016020428706	state_05	IG-E
2	LV3003061473	leiden4	ST13	117.088	state_05	MII	3.01397350744799	state_05	IG-E
2	LV3003061473	leiden2	ST13	117.088	state_05	MII	4.83615398840971	state_05	IG-E
2	LV3003061473	leiden5	ST13	117.088	state_05	MII	-7.61902978550796	state_05	IG-E
2	LV3003061473	leiden1	ST13	117.088	state_05	MII	-7.9712579146368	state_05	IG-E
2	LV3003061489	leiden4	ST13	112.6068	state_05	MII	-1.50300966524281	state_05	IG-E
2	LV3003061489	leiden3	ST13	112.6068	state_05	MII	1.02961942491044	state_05	IG-E
2	LV3003061489	grey	ST13	112.6068	state_05	MII	1.4771245919244	state_05	IG-E
2	LV3003061489	leiden2	ST13	112.6068	state_05	MII	-0.706579102086739	state_05	IG-E
2	LV3003061489	leiden1	ST13	112.6068	state_05	MII	-1.3773597559859	state_05	IG-E
2	LV3003061489	leiden5	ST13	112.6068	state_05	MII	0.0140175451653484	state_05	IG-E
2	LV3003061489	leiden6	ST13	112.6068	state_05	MII	1.06618696131526	state_05	IG-E
2	LV3003061527	leiden4	ST13	133.7754	state_05	MII	-4.74850954628947	state_05	IG-E
2	LV3003061527	leiden2	ST13	133.7754	state_05	MII	7.78955360801048	state_05	IG-E
2	LV3003061527	leiden3	ST13	133.7754	state_05	MII	7.82099343155153	state_05	IG-E
2	LV3003061527	leiden5	ST13	133.7754	state_05	MII	-5.12066700667864	state_05	IG-E
2	LV3003061527	leiden1	ST13	133.7754	state_05	MII	-5.7413704865939	state_05	IG-E
2	LV3003061555	leiden4	ST13	126.443	state_05	MII	0.211248196443989	state_05	IG-E
2	LV3003061555	leiden5	ST13	126.443	state_05	MII	2.91243076277071	state_05	IG-E
2	LV3003061555	leiden2	ST13	126.443	state_05	MII	2.30123126279648	state_05	IG-E
2	LV3003061555	leiden3	ST13	126.443	state_05	MII	4.49734032017066	state_05	IG-E
2	LV3003061555	leiden1	ST13	126.443	state_05	MII	-9.92225054218184	state_05	IG-E
2	LV3003061568	leiden3	ST13	121.6354	state_05	MII	4.35277281116944	state_05	IG-E
2	LV3003061568	leiden4	ST13	121.6354	state_05	MII	-0.0821051603264547	state_05	IG-E
2	LV3003061568	leiden2	ST13	121.6354	state_05	MII	2.23462001306624	state_05	IG-E
2	LV3003061568	leiden5	ST13	121.6354	state_05	MII	-10.6486905920019	state_05	IG-E
2	LV3003061568	leiden1	ST13	121.6354	state_05	MII	4.14340292809266	state_05	IG-E
2	LV7008886228	leiden3	GeoB25202_R2	120.0235	state_05	MII	0.153107531965686	state_05	IG-E
2	LV7008886228	leiden4	GeoB25202_R2	120.0235	state_05	MII	-1.16953889573274	state_05	IG-E
2	LV7008886228	leiden5	GeoB25202_R2	120.0235	state_05	MII	-0.00505352482485844	state_05	IG-E
2	LV7008886228	leiden2	GeoB25202_R2	120.0235	state_05	MII	0.177164786845724	state_05	IG-E
2	LV7008886228	leiden6	GeoB25202_R2	120.0235	state_05	MII	0.84432010174619	state_05	IG-E
2	LV7008886741	leiden4	GeoB25202_R1	58.997	state_05	MII	3.81563864449294	state_05	IG-E
2	LV7008886741	leiden2	GeoB25202_R1	58.997	state_05	MII	4.12004195384533	state_05	IG-E
2	LV7008886741	grey	GeoB25202_R1	58.997	state_05	MII	5.64934071348529	state_05	IG-E
2	LV7008886741	leiden1	GeoB25202_R1	58.997	state_05	MII	3.63452576375201	state_05	IG-E
2	LV7008886741	leiden5	GeoB25202_R1	58.997	state_05	MII	-8.57163495258715	state_05	IG-E
2	LV7008886741	leiden3	GeoB25202_R1	58.997	state_05	MII	-8.64791212298842	state_05	IG-E
2	LV7008886757	leiden3	GeoB25202_R1	123.1195	state_05	MII	0.07534067358442	state_05	IG-E
2	LV7008886757	leiden1	GeoB25202_R1	123.1195	state_05	MII	0.762997537279248	state_05	IG-E
2	LV7008886757	leiden4	GeoB25202_R1	123.1195	state_05	MII	-0.925578860831562	state_05	IG-E
2	LV7008886757	grey	GeoB25202_R1	123.1195	state_05	MII	-0.365871083334674	state_05	IG-E
2	LV7008886757	leiden5	GeoB25202_R1	123.1195	state_05	MII	0.571417606838314	state_05	IG-E
2	LV7008886757	leiden2	GeoB25202_R1	123.1195	state_05	MII	-0.118305873535745	state_05	IG-E
2	LV7008886769	leiden1	GeoB25202_R2	123.1195	state_05	MII	2.7241715089575	state_05	IG-E
2	LV7008886769	leiden4	GeoB25202_R2	123.1195	state_05	MII	1.68027969858882	state_05	IG-E
2	LV7008886769	leiden3	GeoB25202_R2	123.1195	state_05	MII	2.64050713946052	state_05	IG-E
2	LV7008886769	leiden2	GeoB25202_R2	123.1195	state_05	MII	2.73321625710807	state_05	IG-E
2	LV7008886769	grey	GeoB25202_R2	123.1195	state_05	MII	-10.9127867228405	state_05	IG-E
2	LV7008886769	leiden5	GeoB25202_R2	123.1195	state_05	MII	1.13461211872558	state_05	IG-E
2	LV7008886781	leiden3	GeoB25202_R1	120.0235	state_05	MII	-0.389026555670339	state_05	IG-E
2	LV7008886781	leiden4	GeoB25202_R1	120.0235	state_05	MII	-1.73734488108611	state_05	IG-E
2	LV7008886781	leiden2	GeoB25202_R1	120.0235	state_05	MII	-0.260212282864892	state_05	IG-E
2	LV7008886781	leiden1	GeoB25202_R1	120.0235	state_05	MII	0.594955108888507	state_05	IG-E
2	LV7008886781	grey	GeoB25202_R1	120.0235	state_05	MII	1.79162861073283	state_05	IG-E
2	LV3003047028	leiden4	ST8	4.753	state_05	SRPI	3.05336787193432	state_05	IG-E
2	LV3003047028	leiden3	ST8	4.753	state_05	SRPI	2.64381083900809	state_05	IG-E
2	LV3003047028	leiden2	ST8	4.753	state_05	SRPI	-5.69717871094241	state_05	IG-E
2	LV3003047059	leiden4	ST8	107.683	state_05	SRPI	-0.462333434094273	state_05	IG-E
2	LV3003047059	leiden1	ST8	107.683	state_05	SRPI	0.744208022883185	state_05	IG-E
2	LV3003047059	leiden5	ST8	107.683	state_05	SRPI	-1.54939979352078	state_05	IG-E
2	LV3003047059	grey	ST8	107.683	state_05	SRPI	1.11440334655806	state_05	IG-E
2	LV3003047059	leiden2	ST8	107.683	state_05	SRPI	-0.262596912748977	state_05	IG-E
2	LV3003047059	leiden3	ST8	107.683	state_05	SRPI	0.415718770922793	state_05	IG-E
2	LV3003047060	leiden4	ST8	106.686	state_05	SRPI	0.888022502720246	state_05	IG-E
2	LV3003047060	leiden2	ST8	106.686	state_05	SRPI	0.772870083725657	state_05	IG-E
2	LV3003047060	leiden3	ST8	106.686	state_05	SRPI	1.76459024933656	state_05	IG-E
2	LV3003047060	grey	ST8	106.686	state_05	SRPI	-7.28724537660246	state_05	IG-E
2	LV3003047060	leiden5	ST8	106.686	state_05	SRPI	1.48673338033688	state_05	IG-E
2	LV3003047060	leiden1	ST8	106.686	state_05	SRPI	2.37502916048312	state_05	IG-E
2	LV3003047061	leiden4	ST8	105.689	state_05	SRPI	-0.366613292748653	state_05	IG-E
2	LV3003047061	leiden3	ST8	105.689	state_05	SRPI	0.768409899825098	state_05	IG-E
2	LV3003047061	leiden2	ST8	105.689	state_05	SRPI	-0.800925351622906	state_05	IG-E
2	LV3003047061	leiden5	ST8	105.689	state_05	SRPI	-1.22431314040949	state_05	IG-E
2	LV3003047061	leiden1	ST8	105.689	state_05	SRPI	0.194305554878565	state_05	IG-E
2	LV3003047061	grey	ST8	105.689	state_05	SRPI	1.42913633007739	state_05	IG-E
2	LV3003047062	leiden1	ST8	104.692	state_05	SRPI	1.7815070128779	state_05	IG-E
2	LV3003047062	leiden5	ST8	104.692	state_05	SRPI	-0.189865931129169	state_05	IG-E
2	LV3003047062	leiden4	ST8	104.692	state_05	SRPI	0.916557058703635	state_05	IG-E
2	LV3003047062	grey	ST8	104.692	state_05	SRPI	2.64472873731417	state_05	IG-E
2	LV3003047062	leiden2	ST8	104.692	state_05	SRPI	0.558786906333846	state_05	IG-E
2	LV3003047062	leiden3	ST8	104.692	state_05	SRPI	1.78870255823346	state_05	IG-E
2	LV3003047062	leiden6	ST8	104.692	state_05	SRPI	-7.50041634233384	state_05	IG-E
2	LV3003047063	leiden1	ST8	103.695	state_05	SRPI	0.274020695935186	state_05	IG-E
2	LV3003047063	leiden5	ST8	103.695	state_05	SRPI	-1.87237364793965	state_05	IG-E
2	LV3003047063	leiden3	ST8	103.695	state_05	SRPI	0.649582629124532	state_05	IG-E
2	LV3003047063	leiden4	ST8	103.695	state_05	SRPI	-0.162823419965088	state_05	IG-E
2	LV3003047063	grey	ST8	103.695	state_05	SRPI	1.3206160724707	state_05	IG-E
2	LV3003047063	leiden2	ST8	103.695	state_05	SRPI	-0.209022329625681	state_05	IG-E
2	LV3003047064	leiden4	ST8	96.283	state_05	SRPI	-0.266358904129447	state_05	IG-E
2	LV3003047064	grey	ST8	96.283	state_05	SRPI	0.537150152236191	state_05	IG-E
2	LV3003047064	leiden5	ST8	96.283	state_05	SRPI	-0.502411594783167	state_05	IG-E
2	LV3003047064	leiden3	ST8	96.283	state_05	SRPI	0.53845155387909	state_05	IG-E
2	LV3003047064	leiden1	ST8	96.283	state_05	SRPI	-0.10399624462146	state_05	IG-E
2	LV3003047064	leiden2	ST8	96.283	state_05	SRPI	-0.202834962581206	state_05	IG-E
2	LV3003047065	leiden4	ST8	53.61018	state_05	SRPI	0.0672673717294646	state_05	IG-E
2	LV3003047065	leiden5	ST8	53.61018	state_05	SRPI	0.981285360389032	state_05	IG-E
2	LV3003047065	leiden3	ST8	53.61018	state_05	SRPI	0.648020514244608	state_05	IG-E
2	LV3003047065	leiden2	ST8	53.61018	state_05	SRPI	0.0234479267247922	state_05	IG-E
2	LV3003047065	grey	ST8	53.61018	state_05	SRPI	0.240003644797905	state_05	IG-E
2	LV3003047065	leiden1	ST8	53.61018	state_05	SRPI	-1.9600248178858	state_05	IG-E
2	LV3003047073	leiden5	ST8	101.685	state_05	SRPI	-3.72178418203058	state_05	IG-E
2	LV3003047073	leiden3	ST8	101.685	state_05	SRPI	0.816431191346231	state_05	IG-E
2	LV3003047073	leiden1	ST8	101.685	state_05	SRPI	0.551591814798308	state_05	IG-E
2	LV3003047073	grey	ST8	101.685	state_05	SRPI	1.80216936108774	state_05	IG-E
2	LV3003047073	leiden4	ST8	101.685	state_05	SRPI	0.551591814798308	state_05	IG-E
2	LV3003047074	leiden5	ST8	100.672	state_05	SRPI	-1.38354627091122	state_05	IG-E
2	LV3003047074	leiden3	ST8	100.672	state_05	SRPI	2.12175599937823	state_05	IG-E
2	LV3003047074	leiden2	ST8	100.672	state_05	SRPI	-7.1530342139969	state_05	IG-E
2	LV3003047074	leiden1	ST8	100.672	state_05	SRPI	1.72551196882008	state_05	IG-E
2	LV3003047074	grey	ST8	100.672	state_05	SRPI	2.96380054788973	state_05	IG-E
2	LV3003047074	leiden4	ST8	100.672	state_05	SRPI	1.72551196882008	state_05	IG-E
2	LV3003047077	leiden4	ST8	99.7145	state_05	SRPI	1.03525115349966	state_05	IG-E
2	LV3003047077	grey	ST8	99.7145	state_05	SRPI	2.32238041147254	state_05	IG-E
2	LV3003047077	leiden2	ST8	99.7145	state_05	SRPI	0.443712021057526	state_05	IG-E
2	LV3003047077	leiden3	ST8	99.7145	state_05	SRPI	2.02978949982597	state_05	IG-E
2	LV3003047077	leiden5	ST8	99.7145	state_05	SRPI	1.44282698421255	state_05	IG-E
2	LV3003047077	leiden1	ST8	99.7145	state_05	SRPI	-7.27396007006825	state_05	IG-E
2	LV3003047078	grey	ST8	98.757	state_05	SRPI	1.44961352908617	state_05	IG-E
2	LV3003047078	leiden2	ST8	98.757	state_05	SRPI	-0.967620027539442	state_05	IG-E
2	LV3003047078	leiden3	ST8	98.757	state_05	SRPI	0.822965128635055	state_05	IG-E
2	LV3003047078	leiden4	ST8	98.757	state_05	SRPI	0.183295770892263	state_05	IG-E
2	LV3003047078	leiden5	ST8	98.757	state_05	SRPI	-1.48825440107404	state_05	IG-E
2	LV3003047087	leiden4	ST8	94.9015	state_05	SRPI	1.40299068357522	state_05	IG-E
2	LV3003047087	grey	ST8	94.9015	state_05	SRPI	2.47399878784408	state_05	IG-E
2	LV3003047087	leiden2	ST8	94.9015	state_05	SRPI	0.691564827040081	state_05	IG-E
2	LV3003047087	leiden3	ST8	94.9015	state_05	SRPI	2.02777544617757	state_05	IG-E
2	LV3003047087	leiden5	ST8	94.9015	state_05	SRPI	0.337807334542282	state_05	IG-E
2	LV3003047087	leiden1	ST8	94.9015	state_05	SRPI	-6.93413707917924	state_05	IG-E
2	LV3003047088	leiden3	ST8	93.52	state_05	SRPI	0.184778942266289	state_05	IG-E
2	LV3003047088	leiden4	ST8	93.52	state_05	SRPI	-0.153333043234428	state_05	IG-E
2	LV3003047088	leiden5	ST8	93.52	state_05	SRPI	-0.90774913338417	state_05	IG-E
2	LV3003047088	leiden2	ST8	93.52	state_05	SRPI	-0.0893271462341502	state_05	IG-E
2	LV3003047088	leiden1	ST8	93.52	state_05	SRPI	0.213319315152618	state_05	IG-E
2	LV3003047088	grey	ST8	93.52	state_05	SRPI	0.752311065433841	state_05	IG-E
2	LV3003047089	leiden4	ST8	92.1385	state_05	SRPI	0.0200010348688517	state_05	IG-E
2	LV3003047089	leiden3	ST8	92.1385	state_05	SRPI	0.225643901522672	state_05	IG-E
2	LV3003047089	grey	ST8	92.1385	state_05	SRPI	0.794551870144389	state_05	IG-E
2	LV3003047089	leiden5	ST8	92.1385	state_05	SRPI	-1.26714714633965	state_05	IG-E
2	LV3003047089	leiden1	ST8	92.1385	state_05	SRPI	0.245774208611571	state_05	IG-E
2	LV3003047089	leiden2	ST8	92.1385	state_05	SRPI	-0.0188238688078312	state_05	IG-E
2	LV3003047090	leiden1	ST8	90.757	state_05	SRPI	1.36506533262534	state_05	IG-E
2	LV3003047090	leiden3	ST8	90.757	state_05	SRPI	1.72345565054656	state_05	IG-E
2	LV3003047090	leiden4	ST8	90.757	state_05	SRPI	1.33653700170507	state_05	IG-E
2	LV3003047090	grey	ST8	90.757	state_05	SRPI	2.08703679465713	state_05	IG-E
2	LV3003047090	leiden2	ST8	90.757	state_05	SRPI	1.16637412013167	state_05	IG-E
2	LV3003047090	leiden5	ST8	90.757	state_05	SRPI	-0.298711885385538	state_05	IG-E
2	LV3003047090	leiden6	ST8	90.757	state_05	SRPI	-7.37975701428024	state_05	IG-E
2	LV3003047104	leiden4	ST8	83.84125	state_05	SRPI	0.195449883415193	state_05	IG-E
2	LV3003047104	leiden5	ST8	83.84125	state_05	SRPI	-1.61533772818932	state_05	IG-E
2	LV3003047104	grey	ST8	83.84125	state_05	SRPI	1.15333108846998	state_05	IG-E
2	LV3003047104	leiden2	ST8	83.84125	state_05	SRPI	-0.645853193156006	state_05	IG-E
2	LV3003047104	leiden3	ST8	83.84125	state_05	SRPI	0.584716545406341	state_05	IG-E
2	LV3003047104	leiden1	ST8	83.84125	state_05	SRPI	0.327693404053808	state_05	IG-E
2	LV3003047105	leiden4	ST8	82.4525	state_05	SRPI	0.00836086124832725	state_05	IG-E
2	LV3003047105	leiden5	ST8	82.4525	state_05	SRPI	-1.09838826732071	state_05	IG-E
2	LV3003047105	grey	ST8	82.4525	state_05	SRPI	0.986780486905748	state_05	IG-E
2	LV3003047105	leiden2	ST8	82.4525	state_05	SRPI	-0.75288401900576	state_05	IG-E
2	LV3003047105	leiden3	ST8	82.4525	state_05	SRPI	0.856130938172398	state_05	IG-E
2	LV3003047106	leiden3	ST8	81.06375	state_05	SRPI	1.67789673665626	state_05	IG-E
2	LV3003047106	leiden4	ST8	81.06375	state_05	SRPI	1.25197921920366	state_05	IG-E
2	LV3003047106	leiden1	ST8	81.06375	state_05	SRPI	1.10550915638578	state_05	IG-E
2	LV3003047106	leiden5	ST8	81.06375	state_05	SRPI	0.0673677630765026	state_05	IG-E
2	LV3003047106	grey	ST8	81.06375	state_05	SRPI	2.32332223552928	state_05	IG-E
2	LV3003047106	leiden2	ST8	81.06375	state_05	SRPI	0.930992171015192	state_05	IG-E
2	LV3003047106	leiden6	ST8	81.06375	state_05	SRPI	-7.35706728186668	state_05	IG-E
2	LV3003047122	leiden4	ST8	76.951	state_05	SRPI	-0.382184125961233	state_05	IG-E
2	LV3003047122	leiden2	ST8	76.951	state_05	SRPI	-0.402494683643203	state_05	IG-E
2	LV3003047122	leiden3	ST8	76.951	state_05	SRPI	0.233368592153799	state_05	IG-E
2	LV3003047122	leiden5	ST8	76.951	state_05	SRPI	-0.669179248510182	state_05	IG-E
2	LV3003047122	leiden1	ST8	76.951	state_05	SRPI	0.738398774252503	state_05	IG-E
2	LV3003047122	grey	ST8	76.951	state_05	SRPI	0.482090691708315	state_05	IG-E
2	LV3003047123	leiden4	ST8	75.589	state_05	SRPI	0.0904065987450282	state_05	IG-E
2	LV3003047123	leiden3	ST8	75.589	state_05	SRPI	-0.0344886251608029	state_05	IG-E
2	LV3003047123	leiden1	ST8	75.589	state_05	SRPI	-0.311828259341337	state_05	IG-E
2	LV3003047123	leiden2	ST8	75.589	state_05	SRPI	0.728630683223479	state_05	IG-E
2	LV3003047123	leiden5	ST8	75.589	state_05	SRPI	-0.702553862015825	state_05	IG-E
2	LV3003047123	grey	ST8	75.589	state_05	SRPI	0.229833464549459	state_05	IG-E
2	LV3003047124	leiden3	ST8	74.227	state_05	SRPI	-0.0238587431327364	state_05	IG-E
2	LV3003047124	leiden1	ST8	74.227	state_05	SRPI	0.302668693116533	state_05	IG-E
2	LV3003047124	leiden4	ST8	74.227	state_05	SRPI	-0.400344718496344	state_05	IG-E
2	LV3003047124	leiden2	ST8	74.227	state_05	SRPI	0.287928598265011	state_05	IG-E
2	LV3003047124	leiden5	ST8	74.227	state_05	SRPI	-0.254255040820897	state_05	IG-E
2	LV3003047124	grey	ST8	74.227	state_05	SRPI	0.0878612110684337	state_05	IG-E
2	LV3003047125	leiden4	ST8	72.872	state_05	SRPI	-0.0998763938295997	state_05	IG-E
2	LV3003047125	leiden3	ST8	72.872	state_05	SRPI	-0.016663552350537	state_05	IG-E
2	LV3003047125	leiden1	ST8	72.872	state_05	SRPI	0.725167395926547	state_05	IG-E
2	LV3003047125	leiden2	ST8	72.872	state_05	SRPI	-0.372326896667534	state_05	IG-E
2	LV3003047125	leiden5	ST8	72.872	state_05	SRPI	-1.02650157533509	state_05	IG-E
2	LV3003047125	grey	ST8	72.872	state_05	SRPI	0.790201022256214	state_05	IG-E
2	LV3003047127	leiden4	ST8	47.6248	state_05	SRPI	0.911876378801057	state_05	IG-E
2	LV3003047127	leiden1	ST8	47.6248	state_05	SRPI	1.95439085149284	state_05	IG-E
2	LV3003047127	leiden5	ST8	47.6248	state_05	SRPI	2.07969672687577	state_05	IG-E
2	LV3003047127	leiden2	ST8	47.6248	state_05	SRPI	0.611309576305584	state_05	IG-E
2	LV3003047127	leiden3	ST8	47.6248	state_05	SRPI	1.97181723060121	state_05	IG-E
2	LV3003047127	leiden6	ST8	47.6248	state_05	SRPI	-7.52909076407646	state_05	IG-E
2	LV3003047140	leiden4	ST8	46.0948	state_05	SRPI	1.58411069062793	state_05	IG-E
2	LV3003047140	leiden2	ST8	46.0948	state_05	SRPI	1.87348042154612	state_05	IG-E
2	LV3003047140	leiden3	ST8	46.0948	state_05	SRPI	2.89523875344201	state_05	IG-E
2	LV3003047140	leiden1	ST8	46.0948	state_05	SRPI	-6.73165884932614	state_05	IG-E
2	LV3003047140	leiden6	ST8	46.0948	state_05	SRPI	0.378828983710078	state_05	IG-E
2	LV3003047141	leiden4	ST8	39.15347	state_05	SRPI	-0.807314646633506	state_05	IG-E
2	LV3003047141	leiden3	ST8	39.15347	state_05	SRPI	0.357985059011478	state_05	IG-E
2	LV3003047141	leiden5	ST8	39.15347	state_05	SRPI	0.904822062525242	state_05	IG-E
2	LV3003047141	leiden2	ST8	39.15347	state_05	SRPI	-0.455492474903214	state_05	IG-E
2	LV3003047160	leiden4	ST8	55.8911266666667	state_05	SRPI	2.41371388121638	state_05	IG-E
2	LV3003047160	leiden3	ST8	55.8911266666667	state_05	SRPI	3.10291814907516	state_05	IG-E
2	LV3003047160	leiden1	ST8	55.8911266666667	state_05	SRPI	-6.34827729553059	state_05	IG-E
2	LV3003047160	leiden5	ST8	55.8911266666667	state_05	SRPI	3.21427203022935	state_05	IG-E
2	LV3003047160	grey	ST8	55.8911266666667	state_05	SRPI	3.96565053054029	state_05	IG-E
2	LV3003047160	leiden2	ST8	55.8911266666667	state_05	SRPI	-6.34827729553059	state_05	IG-E
2	LV3003047161	leiden4	ST8	54.98346	state_05	SRPI	1.8769892578479	state_05	IG-E
2	LV3003047161	leiden2	ST8	54.98346	state_05	SRPI	0.122291928322947	state_05	IG-E
2	LV3003047161	leiden3	ST8	54.98346	state_05	SRPI	2.69127052987431	state_05	IG-E
2	LV3003047161	leiden1	ST8	54.98346	state_05	SRPI	-6.68956368531348	state_05	IG-E
2	LV3003047161	leiden5	ST8	54.98346	state_05	SRPI	1.99901196926833	state_05	IG-E
2	LV3003047162	leiden1	ST8	102.698	state_05	SRPI	0.720263120741315	state_05	IG-E
2	LV3003047162	leiden3	ST8	102.698	state_05	SRPI	0.447801896364925	state_05	IG-E
2	LV3003047162	leiden4	ST8	102.698	state_05	SRPI	-0.142026766980327	state_05	IG-E
2	LV3003047162	leiden2	ST8	102.698	state_05	SRPI	0.0778908627091737	state_05	IG-E
2	LV3003047162	grey	ST8	102.698	state_05	SRPI	1.3744619768135	state_05	IG-E
2	LV3003047162	leiden5	ST8	102.698	state_05	SRPI	-2.47839108964859	state_05	IG-E
2	LV3003061473	leiden3	ST13	117.088	state_05	SRPI	0.326208564845788	state_05	IG-E
2	LV3003061473	leiden4	ST13	117.088	state_05	SRPI	0.0756556569505548	state_05	IG-E
2	LV3003061473	leiden2	ST13	117.088	state_05	SRPI	-0.71960285893204	state_05	IG-E
2	LV3003061473	leiden5	ST13	117.088	state_05	SRPI	-0.00489340141853267	state_05	IG-E
2	LV3003061473	leiden1	ST13	117.088	state_05	SRPI	0.322632038554229	state_05	IG-E
2	LV3003061489	leiden4	ST13	112.6068	state_05	SRPI	1.45547531576806	state_05	IG-E
2	LV3003061489	leiden3	ST13	112.6068	state_05	SRPI	1.15943811656912	state_05	IG-E
2	LV3003061489	grey	ST13	112.6068	state_05	SRPI	1.56596851133552	state_05	IG-E
2	LV3003061489	leiden2	ST13	112.6068	state_05	SRPI	0.876095494877314	state_05	IG-E
2	LV3003061489	leiden1	ST13	112.6068	state_05	SRPI	0.7525772642156	state_05	IG-E
2	LV3003061489	leiden5	ST13	112.6068	state_05	SRPI	1.43960899078181	state_05	IG-E
2	LV3003061489	leiden6	ST13	112.6068	state_05	SRPI	-7.24916369354742	state_05	IG-E
2	LV3003061527	leiden4	ST13	133.7754	state_05	SRPI	1.78030735524609	state_05	IG-E
2	LV3003061527	leiden2	ST13	133.7754	state_05	SRPI	1.28546769294307	state_05	IG-E
2	LV3003061527	leiden3	ST13	133.7754	state_05	SRPI	2.71802091034245	state_05	IG-E
2	LV3003061527	leiden5	ST13	133.7754	state_05	SRPI	1.08436099114677	state_05	IG-E
2	LV3003061527	leiden1	ST13	133.7754	state_05	SRPI	-6.86815694967838	state_05	IG-E
2	LV3003061555	leiden4	ST13	126.443	state_05	SRPI	-0.414914560637926	state_05	IG-E
2	LV3003061555	leiden5	ST13	126.443	state_05	SRPI	1.31494582787761	state_05	IG-E
2	LV3003061555	leiden2	ST13	126.443	state_05	SRPI	-1.16920479099014	state_05	IG-E
2	LV3003061555	leiden3	ST13	126.443	state_05	SRPI	0.0430357488467554	state_05	IG-E
2	LV3003061555	leiden1	ST13	126.443	state_05	SRPI	0.226137774903692	state_05	IG-E
2	LV3003061568	leiden3	ST13	121.6354	state_05	SRPI	0.876124029731121	state_05	IG-E
2	LV3003061568	leiden4	ST13	121.6354	state_05	SRPI	0.14600044855013	state_05	IG-E
2	LV3003061568	leiden2	ST13	121.6354	state_05	SRPI	-0.67459795387687	state_05	IG-E
2	LV3003061568	leiden5	ST13	121.6354	state_05	SRPI	-1.05912892981836	state_05	IG-E
2	LV3003061568	leiden1	ST13	121.6354	state_05	SRPI	0.711602405413981	state_05	IG-E
2	LV7008886228	leiden3	GeoB25202_R2	120.0235	state_05	SRPI	2.613062742976	state_05	IG-E
2	LV7008886228	leiden4	GeoB25202_R2	120.0235	state_05	SRPI	1.51060269514049	state_05	IG-E
2	LV7008886228	leiden5	GeoB25202_R2	120.0235	state_05	SRPI	1.52980678699351	state_05	IG-E
2	LV7008886228	leiden2	GeoB25202_R2	120.0235	state_05	SRPI	1.34466819010512	state_05	IG-E
2	LV7008886228	leiden6	GeoB25202_R2	120.0235	state_05	SRPI	-6.99814041521511	state_05	IG-E
2	LV7008886741	leiden4	GeoB25202_R1	58.997	state_05	SRPI	1.16534411145404	state_05	IG-E
2	LV7008886741	leiden2	GeoB25202_R1	58.997	state_05	SRPI	-0.125043772278108	state_05	IG-E
2	LV7008886741	grey	GeoB25202_R1	58.997	state_05	SRPI	-2.80496146252049	state_05	IG-E
2	LV7008886741	leiden1	GeoB25202_R1	58.997	state_05	SRPI	-0.785886002076449	state_05	IG-E
2	LV7008886741	leiden5	GeoB25202_R1	58.997	state_05	SRPI	1.4684145343084	state_05	IG-E
2	LV7008886741	leiden3	GeoB25202_R1	58.997	state_05	SRPI	1.0821325911126	state_05	IG-E
2	LV7008886757	leiden3	GeoB25202_R1	123.1195	state_05	SRPI	0.678739590639954	state_05	IG-E
2	LV7008886757	leiden1	GeoB25202_R1	123.1195	state_05	SRPI	-0.057440559978558	state_05	IG-E
2	LV7008886757	leiden4	GeoB25202_R1	123.1195	state_05	SRPI	-0.245924730694234	state_05	IG-E
2	LV7008886757	grey	GeoB25202_R1	123.1195	state_05	SRPI	-0.350415371006235	state_05	IG-E
2	LV7008886757	leiden5	GeoB25202_R1	123.1195	state_05	SRPI	0.566879417716396	state_05	IG-E
2	LV7008886757	leiden2	GeoB25202_R1	123.1195	state_05	SRPI	-0.591838346677324	state_05	IG-E
2	LV7008886769	leiden1	GeoB25202_R2	123.1195	state_05	SRPI	0.2455110933658	state_05	IG-E
2	LV7008886769	leiden4	GeoB25202_R2	123.1195	state_05	SRPI	-0.0027579566914171	state_05	IG-E
2	LV7008886769	leiden3	GeoB25202_R2	123.1195	state_05	SRPI	1.12700696812416	state_05	IG-E
2	LV7008886769	leiden2	GeoB25202_R2	123.1195	state_05	SRPI	-0.421365761674639	state_05	IG-E
2	LV7008886769	grey	GeoB25202_R2	123.1195	state_05	SRPI	0.149445740495549	state_05	IG-E
2	LV7008886769	leiden5	GeoB25202_R2	123.1195	state_05	SRPI	-1.09784008361945	state_05	IG-E
2	LV7008886781	leiden3	GeoB25202_R1	120.0235	state_05	SRPI	2.37489795472171	state_05	IG-E
2	LV7008886781	leiden4	GeoB25202_R1	120.0235	state_05	SRPI	1.51595523972428	state_05	IG-E
2	LV7008886781	leiden2	GeoB25202_R1	120.0235	state_05	SRPI	0.93158542680588	state_05	IG-E
2	LV7008886781	leiden1	GeoB25202_R1	120.0235	state_05	SRPI	-7.02377919717441	state_05	IG-E
2	LV7008886781	grey	GeoB25202_R1	120.0235	state_05	SRPI	2.20134057592254	state_05	IG-E
3	LV3003046936	leiden1	ST8	22.905	state_01	OAP	70.5755152310131	state_01	IG-A
3	LV3003046936	leiden2	ST8	22.905	state_01	OAP	53.9803298486262	state_01	IG-A
3	LV3003046936	leiden3	ST8	22.905	state_01	OAP	76.3411525950459	state_01	IG-A
3	LV3003046936	leiden4	ST8	22.905	state_01	OAP	-69.2526640491577	state_01	IG-A
3	LV3003046936	grey	ST8	22.905	state_01	OAP	97.4073691091952	state_01	IG-A
3	LV3003046936	leiden5	ST8	22.905	state_01	OAP	-275.263200024661	state_01	IG-A
3	LV3003046936	leiden6	ST8	22.905	state_01	OAP	46.2114972899381	state_01	IG-A
3	LV3003046937	leiden1	ST8	18.598	state_01	OAP	19.9983816490671	state_01	IG-A
3	LV3003046937	leiden4	ST8	18.598	state_01	OAP	-81.2313578514709	state_01	IG-A
3	LV3003046937	leiden2	ST8	18.598	state_01	OAP	94.991869167688	state_01	IG-A
3	LV3003046937	leiden3	ST8	18.598	state_01	OAP	117.872434630697	state_01	IG-A
3	LV3003046937	leiden5	ST8	18.598	state_01	OAP	-234.801009748797	state_01	IG-A
3	LV3003046937	leiden6	ST8	18.598	state_01	OAP	17.6274264399759	state_01	IG-A
3	LV3003046937	grey	ST8	18.598	state_01	OAP	65.5422557128401	state_01	IG-A
3	LV3003046949	leiden1	ST8	22.3686666666667	state_01	OAP	60.1021184654768	state_01	IG-A
3	LV3003046949	leiden2	ST8	22.3686666666667	state_01	OAP	113.611933023925	state_01	IG-A
3	LV3003046949	leiden3	ST8	22.3686666666667	state_01	OAP	84.9061919924602	state_01	IG-A
3	LV3003046949	leiden4	ST8	22.3686666666667	state_01	OAP	-134.469760552003	state_01	IG-A
3	LV3003046949	grey	ST8	22.3686666666667	state_01	OAP	139.131191363988	state_01	IG-A
3	LV3003046949	leiden5	ST8	22.3686666666667	state_01	OAP	-232.111246212274	state_01	IG-A
3	LV3003046949	leiden6	ST8	22.3686666666667	state_01	OAP	-31.1704280815728	state_01	IG-A
3	LV3003046950	leiden1	ST8	18.099	state_01	OAP	19.1641434075725	state_01	IG-A
3	LV3003046950	leiden2	ST8	18.099	state_01	OAP	36.3723458791866	state_01	IG-A
3	LV3003046950	leiden4	ST8	18.099	state_01	OAP	-60.6120118613355	state_01	IG-A
3	LV3003046950	leiden6	ST8	18.099	state_01	OAP	14.5020405448971	state_01	IG-A
3	LV3003046950	leiden3	ST8	18.099	state_01	OAP	40.294411844917	state_01	IG-A
3	LV3003046950	leiden5	ST8	18.099	state_01	OAP	-124.4566486194	state_01	IG-A
3	LV3003046950	grey	ST8	18.099	state_01	OAP	74.7357188041614	state_01	IG-A
3	LV3003046965	leiden1	ST8	21.8323333333333	state_01	OAP	100.727789864144	state_01	IG-A
3	LV3003046965	leiden2	ST8	21.8323333333333	state_01	OAP	90.5526780735374	state_01	IG-A
3	LV3003046965	leiden3	ST8	21.8323333333333	state_01	OAP	95.6922857383045	state_01	IG-A
3	LV3003046965	leiden4	ST8	21.8323333333333	state_01	OAP	-33.0886846839769	state_01	IG-A
3	LV3003046965	leiden5	ST8	21.8323333333333	state_01	OAP	-387.33913983634	state_01	IG-A
3	LV3003046965	leiden6	ST8	21.8323333333333	state_01	OAP	87.1487713090265	state_01	IG-A
3	LV3003046965	grey	ST8	21.8323333333333	state_01	OAP	46.3062995353047	state_01	IG-A
3	LV3003046966	leiden1	ST8	17.373	state_01	OAP	24.296749954333	state_01	IG-A
3	LV3003046966	leiden4	ST8	17.373	state_01	OAP	-108.344716665652	state_01	IG-A
3	LV3003046966	leiden2	ST8	17.373	state_01	OAP	13.1877859127655	state_01	IG-A
3	LV3003046966	grey	ST8	17.373	state_01	OAP	117.394221187619	state_01	IG-A
3	LV3003046966	leiden6	ST8	17.373	state_01	OAP	-13.8503010423252	state_01	IG-A
3	LV3003046966	leiden3	ST8	17.373	state_01	OAP	25.7668534350712	state_01	IG-A
3	LV3003046966	leiden5	ST8	17.373	state_01	OAP	-58.4505927818118	state_01	IG-A
3	LV3003046978	leiden1	ST8	21.296	state_01	OAP	38.2810980405611	state_01	IG-A
3	LV3003046978	leiden2	ST8	21.296	state_01	OAP	102.015138224189	state_01	IG-A
3	LV3003046978	leiden3	ST8	21.296	state_01	OAP	52.4797671923699	state_01	IG-A
3	LV3003046978	leiden4	ST8	21.296	state_01	OAP	-97.1569404539338	state_01	IG-A
3	LV3003046978	leiden5	ST8	21.296	state_01	OAP	-266.003206892733	state_01	IG-A
3	LV3003046978	leiden6	ST8	21.296	state_01	OAP	109.858975201921	state_01	IG-A
3	LV3003046978	grey	ST8	21.296	state_01	OAP	60.5251686876256	state_01	IG-A
3	LV3003046979	leiden2	ST8	16.461	state_01	OAP	167.22663163691	state_01	IG-A
3	LV3003046979	leiden3	ST8	16.461	state_01	OAP	-5.96824501838091	state_01	IG-A
3	LV3003046979	leiden4	ST8	16.461	state_01	OAP	-46.3260954116906	state_01	IG-A
3	LV3003046979	leiden5	ST8	16.461	state_01	OAP	-506.820998360791	state_01	IG-A
3	LV3003046979	leiden1	ST8	16.461	state_01	OAP	119.790308855236	state_01	IG-A
3	LV3003046979	grey	ST8	16.461	state_01	OAP	184.760373017302	state_01	IG-A
3	LV3003046979	leiden6	ST8	16.461	state_01	OAP	87.3380252814137	state_01	IG-A
3	LV3003046993	leiden1	ST8	20.719	state_01	OAP	-74.1946529224531	state_01	IG-A
3	LV3003046993	leiden3	ST8	20.719	state_01	OAP	79.1651886632637	state_01	IG-A
3	LV3003046993	leiden4	ST8	20.719	state_01	OAP	-6.3287151713688	state_01	IG-A
3	LV3003046993	leiden5	ST8	20.719	state_01	OAP	-461.659369484518	state_01	IG-A
3	LV3003046993	leiden2	ST8	20.719	state_01	OAP	101.729120739018	state_01	IG-A
3	LV3003046993	grey	ST8	20.719	state_01	OAP	128.413415905414	state_01	IG-A
3	LV3003046993	leiden6	ST8	20.719	state_01	OAP	232.875012270644	state_01	IG-A
3	LV3003046994	leiden4	ST8	15.549	state_01	OAP	-30.3412653911743	state_01	IG-A
3	LV3003046994	leiden1	ST8	15.549	state_01	OAP	129.421481229825	state_01	IG-A
3	LV3003046994	leiden3	ST8	15.549	state_01	OAP	-29.8229245744774	state_01	IG-A
3	LV3003046994	grey	ST8	15.549	state_01	OAP	-305.669921012839	state_01	IG-A
3	LV3003046994	leiden5	ST8	15.549	state_01	OAP	-28.210313256375	state_01	IG-A
3	LV3003046994	leiden2	ST8	15.549	state_01	OAP	264.62294300504	state_01	IG-A
3	LV3003047009	leiden2	ST8	20.142	state_01	OAP	308.899205203599	state_01	IG-A
3	LV3003047009	leiden4	ST8	20.142	state_01	OAP	154.649140502503	state_01	IG-A
3	LV3003047009	leiden5	ST8	20.142	state_01	OAP	-208.453518441491	state_01	IG-A
3	LV3003047009	leiden1	ST8	20.142	state_01	OAP	-94.2332542997095	state_01	IG-A
3	LV3003047009	grey	ST8	20.142	state_01	OAP	-249.302060218852	state_01	IG-A
3	LV3003047009	leiden3	ST8	20.142	state_01	OAP	88.4404872539522	state_01	IG-A
3	LV3003047026	leiden1	ST8	19.565	state_01	OAP	112.39364566428	state_01	IG-A
3	LV3003047026	leiden2	ST8	19.565	state_01	OAP	173.555798883665	state_01	IG-A
3	LV3003047026	leiden4	ST8	19.565	state_01	OAP	87.4715611963916	state_01	IG-A
3	LV3003047026	leiden5	ST8	19.565	state_01	OAP	-262.931377212184	state_01	IG-A
3	LV3003047026	grey	ST8	19.565	state_01	OAP	-313.852722926875	state_01	IG-A
3	LV3003047026	leiden3	ST8	19.565	state_01	OAP	18.663910580549	state_01	IG-A
3	LV3003047026	leiden6	ST8	19.565	state_01	OAP	184.699183814173	state_01	IG-A
3	LV3003047041	leiden1	ST8	19.097	state_01	OAP	111.984883016034	state_01	IG-A
3	LV3003047041	leiden2	ST8	19.097	state_01	OAP	112.720870363678	state_01	IG-A
3	LV3003047041	leiden4	ST8	19.097	state_01	OAP	-73.7608422138414	state_01	IG-A
3	LV3003047041	leiden3	ST8	19.097	state_01	OAP	107.140225101935	state_01	IG-A
3	LV3003047041	leiden5	ST8	19.097	state_01	OAP	-343.067978093186	state_01	IG-A
3	LV3003047041	leiden6	ST8	19.097	state_01	OAP	-4.83515283590049	state_01	IG-A
3	LV3003047041	grey	ST8	19.097	state_01	OAP	89.8179946612811	state_01	IG-A
3	LV3003047099	leiden4	ST8	25.058	state_01	OAP	-76.3975600668193	state_01	IG-A
3	LV3003047099	leiden1	ST8	25.058	state_01	OAP	-15.7688952999345	state_01	IG-A
3	LV3003047099	leiden2	ST8	25.058	state_01	OAP	38.7722635803118	state_01	IG-A
3	LV3003047099	leiden6	ST8	25.058	state_01	OAP	-109.74776988878	state_01	IG-A
3	LV3003047099	leiden3	ST8	25.058	state_01	OAP	-12.4158304414467	state_01	IG-A
3	LV3003047099	leiden5	ST8	25.058	state_01	OAP	-15.9590949261871	state_01	IG-A
3	LV3003047099	grey	ST8	25.058	state_01	OAP	191.516887042856	state_01	IG-A
3	LV3003047118	leiden1	ST8	24.528	state_01	OAP	-3.48635527489279	state_01	IG-A
3	LV3003047118	leiden2	ST8	24.528	state_01	OAP	35.6609260621661	state_01	IG-A
3	LV3003047118	leiden4	ST8	24.528	state_01	OAP	-65.1845628253896	state_01	IG-A
3	LV3003047118	leiden5	ST8	24.528	state_01	OAP	-148.743983579839	state_01	IG-A
3	LV3003047118	grey	ST8	24.528	state_01	OAP	69.6504278773999	state_01	IG-A
3	LV3003047118	leiden6	ST8	24.528	state_01	OAP	11.4326138969951	state_01	IG-A
3	LV3003047118	leiden3	ST8	24.528	state_01	OAP	100.67093384356	state_01	IG-A
3	LV3003047132	leiden1	ST8	23.987	state_01	OAP	61.8580403263991	state_01	IG-A
3	LV3003047132	leiden2	ST8	23.987	state_01	OAP	51.1283795118984	state_01	IG-A
3	LV3003047132	leiden3	ST8	23.987	state_01	OAP	57.5350929078361	state_01	IG-A
3	LV3003047132	leiden4	ST8	23.987	state_01	OAP	-107.651048898185	state_01	IG-A
3	LV3003047132	leiden6	ST8	23.987	state_01	OAP	52.9474103595934	state_01	IG-A
3	LV3003047132	grey	ST8	23.987	state_01	OAP	12.8120684568394	state_01	IG-A
3	LV3003047132	leiden5	ST8	23.987	state_01	OAP	-128.629942664381	state_01	IG-A
3	LV3003047145	leiden4	ST8	23.446	state_01	OAP	101.380676530944	state_01	IG-A
3	LV3003047145	leiden5	ST8	23.446	state_01	OAP	-217.729326966219	state_01	IG-A
3	LV3003047145	leiden1	ST8	23.446	state_01	OAP	-12.9358293568903	state_01	IG-A
3	LV3003047145	leiden3	ST8	23.446	state_01	OAP	192.244311980622	state_01	IG-A
3	LV3003047145	grey	ST8	23.446	state_01	OAP	-314.307599033339	state_01	IG-A
3	LV3003047145	leiden2	ST8	23.446	state_01	OAP	251.347766844882	state_01	IG-A
3	LV3003061477	leiden1	ST13	16.726	state_01	OAP	88.1881169218447	state_01	IG-A
3	LV3003061477	leiden2	ST13	16.726	state_01	OAP	59.8335462194942	state_01	IG-A
3	LV3003061477	leiden3	ST13	16.726	state_01	OAP	133.293071275542	state_01	IG-A
3	LV3003061477	leiden4	ST13	16.726	state_01	OAP	-77.5250032906692	state_01	IG-A
3	LV3003061477	leiden5	ST13	16.726	state_01	OAP	-170.339364281304	state_01	IG-A
3	LV3003061477	leiden6	ST13	16.726	state_01	OAP	-57.0290007513345	state_01	IG-A
3	LV3003061477	grey	ST13	16.726	state_01	OAP	23.5786339064275	state_01	IG-A
3	LV3003061492	leiden1	ST13	14.437	state_01	OAP	80.8448804004641	state_01	IG-A
3	LV3003061492	leiden3	ST13	14.437	state_01	OAP	143.346915981695	state_01	IG-A
3	LV3003061492	leiden4	ST13	14.437	state_01	OAP	-61.1729094726192	state_01	IG-A
3	LV3003061492	leiden2	ST13	14.437	state_01	OAP	43.4756945974517	state_01	IG-A
3	LV3003061492	leiden5	ST13	14.437	state_01	OAP	-198.642591003011	state_01	IG-A
3	LV3003061492	leiden6	ST13	14.437	state_01	OAP	-50.899034308641	state_01	IG-A
3	LV3003061492	grey	ST13	14.437	state_01	OAP	43.0470438046603	state_01	IG-A
3	LV3003061506	leiden1	ST13	11.95	state_01	OAP	-21.1619675327902	state_01	IG-A
3	LV3003061506	leiden4	ST13	11.95	state_01	OAP	-26.7133450661908	state_01	IG-A
3	LV3003061506	leiden5	ST13	11.95	state_01	OAP	-339.378583961425	state_01	IG-A
3	LV3003061506	leiden2	ST13	11.95	state_01	OAP	154.009053459668	state_01	IG-A
3	LV3003061506	leiden3	ST13	11.95	state_01	OAP	-103.518464615457	state_01	IG-A
3	LV3003061506	grey	ST13	11.95	state_01	OAP	134.875646501652	state_01	IG-A
3	LV3003061506	leiden6	ST13	11.95	state_01	OAP	201.887661214543	state_01	IG-A
3	LV3003061518	leiden1	ST13	9.804	state_01	OAP	91.2247057360621	state_01	IG-A
3	LV3003061518	leiden3	ST13	9.804	state_01	OAP	136.615027272294	state_01	IG-A
3	LV3003061518	leiden4	ST13	9.804	state_01	OAP	-29.5955101437394	state_01	IG-A
3	LV3003061518	leiden5	ST13	9.804	state_01	OAP	-129.625867153305	state_01	IG-A
3	LV3003061518	leiden2	ST13	9.804	state_01	OAP	76.9089346523478	state_01	IG-A
3	LV3003061518	leiden6	ST13	9.804	state_01	OAP	-163.712210566643	state_01	IG-A
3	LV3003061518	grey	ST13	9.804	state_01	OAP	18.1849202029834	state_01	IG-A
3	LV3003061533	leiden1	ST13	7.912	state_01	OAP	-10.1708791226366	state_01	IG-A
3	LV3003061533	leiden2	ST13	7.912	state_01	OAP	246.007897928737	state_01	IG-A
3	LV3003061533	leiden4	ST13	7.912	state_01	OAP	55.7966256742406	state_01	IG-A
3	LV3003061533	leiden5	ST13	7.912	state_01	OAP	-189.30515905743	state_01	IG-A
3	LV3003061533	leiden3	ST13	7.912	state_01	OAP	-20.9613538509673	state_01	IG-A
3	LV3003061533	grey	ST13	7.912	state_01	OAP	-81.3671315719445	state_01	IG-A
3	LV3003061546	leiden1	ST13	7.197	state_01	OAP	184.917753755944	state_01	IG-A
3	LV3003061546	leiden4	ST13	7.197	state_01	OAP	-54.0599006436013	state_01	IG-A
3	LV3003061546	leiden5	ST13	7.197	state_01	OAP	-303.218472750998	state_01	IG-A
3	LV3003061546	leiden2	ST13	7.197	state_01	OAP	201.269726874584	state_01	IG-A
3	LV3003061546	leiden3	ST13	7.197	state_01	OAP	136.964909382335	state_01	IG-A
3	LV3003061546	grey	ST13	7.197	state_01	OAP	-165.874016618263	state_01	IG-A
3	LV3003061572	leiden1	ST13	19.099	state_01	OAP	106.098470957412	state_01	IG-A
3	LV3003061572	leiden2	ST13	19.099	state_01	OAP	37.1050113490333	state_01	IG-A
3	LV3003061572	leiden3	ST13	19.099	state_01	OAP	130.837611992959	state_01	IG-A
3	LV3003061572	leiden4	ST13	19.099	state_01	OAP	-22.377651072794	state_01	IG-A
3	LV3003061572	leiden5	ST13	19.099	state_01	OAP	-260.46217851227	state_01	IG-A
3	LV3003061572	leiden6	ST13	19.099	state_01	OAP	-68.0999776901223	state_01	IG-A
3	LV3003061572	grey	ST13	19.099	state_01	OAP	76.8987129757825	state_01	IG-A
3	LV7001898064	leiden1	ST13	6.808	state_01	OAP	-176.316847754509	state_01	IG-A
3	LV7001898064	leiden2	ST13	6.808	state_01	OAP	75.64380026904	state_01	IG-A
3	LV7001898064	leiden4	ST13	6.808	state_01	OAP	-93.8277810196391	state_01	IG-A
3	LV7001898064	leiden5	ST13	6.808	state_01	OAP	-14.5141443215697	state_01	IG-A
3	LV7001898064	leiden3	ST13	6.808	state_01	OAP	166.383888033589	state_01	IG-A
3	LV7001898064	grey	ST13	6.808	state_01	OAP	181.612426582318	state_01	IG-A
3	LV7001898064	leiden6	ST13	6.808	state_01	OAP	-138.981341789228	state_01	IG-A
3	LV7001898076	leiden1	ST13	6.429	state_01	OAP	64.5018187030072	state_01	IG-A
3	LV7001898076	leiden3	ST13	6.429	state_01	OAP	119.395193569372	state_01	IG-A
3	LV7001898076	leiden4	ST13	6.429	state_01	OAP	-77.1081277671915	state_01	IG-A
3	LV7001898076	leiden2	ST13	6.429	state_01	OAP	80.7629552433444	state_01	IG-A
3	LV7001898076	leiden5	ST13	6.429	state_01	OAP	-324.062473303212	state_01	IG-A
3	LV7001898076	leiden6	ST13	6.429	state_01	OAP	223.70703255557	state_01	IG-A
3	LV7001898076	grey	ST13	6.429	state_01	OAP	-87.1963990008905	state_01	IG-A
3	LV7008886690	leiden4	GeoB25202_R1	2.324	state_01	OAP	113.619230921073	state_01	IG-A
3	LV7008886690	leiden5	GeoB25202_R1	2.324	state_01	OAP	-127.745608036665	state_01	IG-A
3	LV7008886690	leiden2	GeoB25202_R1	2.324	state_01	OAP	259.90234850355	state_01	IG-A
3	LV7008886690	grey	GeoB25202_R1	2.324	state_01	OAP	-335.451228511125	state_01	IG-A
3	LV7008886690	leiden3	GeoB25202_R1	2.324	state_01	OAP	-212.934689430188	state_01	IG-A
3	LV7008886690	leiden1	GeoB25202_R1	2.324	state_01	OAP	302.609946553355	state_01	IG-A
3	LV7008886702	leiden1	GeoB25202_R2	2.324	state_01	OAP	144.14571670678	state_01	IG-A
3	LV7008886702	leiden4	GeoB25202_R2	2.324	state_01	OAP	-45.7317755260996	state_01	IG-A
3	LV7008886702	leiden5	GeoB25202_R2	2.324	state_01	OAP	-301.109383634186	state_01	IG-A
3	LV7008886702	leiden3	GeoB25202_R2	2.324	state_01	OAP	258.764087084115	state_01	IG-A
3	LV7008886702	leiden2	GeoB25202_R2	2.324	state_01	OAP	167.892019391893	state_01	IG-A
3	LV7008886702	grey	GeoB25202_R2	2.324	state_01	OAP	-326.936091768735	state_01	IG-A
3	LV7008886702	leiden6	GeoB25202_R2	2.324	state_01	OAP	102.975427746233	state_01	IG-A
3	LV7008886727	leiden1	GeoB25202_R1	16.4375	state_01	OAP	96.3827504619387	state_01	IG-A
3	LV7008886727	leiden3	GeoB25202_R1	16.4375	state_01	OAP	135.283348091647	state_01	IG-A
3	LV7008886727	leiden4	GeoB25202_R1	16.4375	state_01	OAP	44.985028995858	state_01	IG-A
3	LV7008886727	leiden2	GeoB25202_R1	16.4375	state_01	OAP	65.4416555976225	state_01	IG-A
3	LV7008886727	leiden5	GeoB25202_R1	16.4375	state_01	OAP	-305.326784651102	state_01	IG-A
3	LV7008886727	leiden6	GeoB25202_R1	16.4375	state_01	OAP	-36.7659984959646	state_01	IG-A
3	LV7008886739	leiden1	GeoB25202_R2	16.4375	state_01	OAP	53.8677506630376	state_01	IG-A
3	LV7008886739	leiden2	GeoB25202_R2	16.4375	state_01	OAP	31.2942962448009	state_01	IG-A
3	LV7008886739	leiden3	GeoB25202_R2	16.4375	state_01	OAP	103.732775135338	state_01	IG-A
3	LV7008886739	leiden4	GeoB25202_R2	16.4375	state_01	OAP	-9.24473152468465	state_01	IG-A
3	LV7008886739	leiden5	GeoB25202_R2	16.4375	state_01	OAP	-245.177142310515	state_01	IG-A
3	LV7008886739	leiden6	GeoB25202_R2	16.4375	state_01	OAP	31.7637186007216	state_01	IG-A
3	LV7008886739	grey	GeoB25202_R2	16.4375	state_01	OAP	33.7633331913015	state_01	IG-A
3	LV7008886751	leiden2	GeoB25202_R1	7.1335	state_01	OAP	132.674014320844	state_01	IG-A
3	LV7008886751	leiden3	GeoB25202_R1	7.1335	state_01	OAP	76.5458300370919	state_01	IG-A
3	LV7008886751	leiden4	GeoB25202_R1	7.1335	state_01	OAP	-48.1914868794373	state_01	IG-A
3	LV7008886751	leiden5	GeoB25202_R1	7.1335	state_01	OAP	-236.785263158779	state_01	IG-A
3	LV7008886751	leiden1	GeoB25202_R1	7.1335	state_01	OAP	-114.56669321185	state_01	IG-A
3	LV7008886751	grey	GeoB25202_R1	7.1335	state_01	OAP	190.32359889213	state_01	IG-A
3	LV7008886763	leiden2	GeoB25202_R2	7.1335	state_01	OAP	269.162728700079	state_01	IG-A
3	LV7008886763	leiden1	GeoB25202_R2	7.1335	state_01	OAP	-218.110994316972	state_01	IG-A
3	LV7008886763	leiden4	GeoB25202_R2	7.1335	state_01	OAP	51.5592715591747	state_01	IG-A
3	LV7008886763	leiden5	GeoB25202_R2	7.1335	state_01	OAP	-148.783210697308	state_01	IG-A
3	LV7008886763	leiden3	GeoB25202_R2	7.1335	state_01	OAP	128.891483366898	state_01	IG-A
3	LV7008886763	grey	GeoB25202_R2	7.1335	state_01	OAP	-82.7192786118706	state_01	IG-A
3	LV3003046936	leiden1	ST8	22.905	state_01	MGI	7.55154897472958	state_01	IG-A
3	LV3003046936	leiden2	ST8	22.905	state_01	MGI	-3.23604490180164	state_01	IG-A
3	LV3003046936	leiden3	ST8	22.905	state_01	MGI	-3.23604490180164	state_01	IG-A
3	LV3003046936	leiden4	ST8	22.905	state_01	MGI	-3.23604490180164	state_01	IG-A
3	LV3003046936	grey	ST8	22.905	state_01	MGI	-3.23604490180164	state_01	IG-A
3	LV3003046936	leiden5	ST8	22.905	state_01	MGI	8.62867553427864	state_01	IG-A
3	LV3003046936	leiden6	ST8	22.905	state_01	MGI	-3.23604490180164	state_01	IG-A
3	LV3003046937	leiden1	ST8	18.598	state_01	MGI	0	state_01	IG-A
3	LV3003046937	leiden4	ST8	18.598	state_01	MGI	0	state_01	IG-A
3	LV3003046937	leiden2	ST8	18.598	state_01	MGI	0	state_01	IG-A
3	LV3003046937	leiden3	ST8	18.598	state_01	MGI	0	state_01	IG-A
3	LV3003046937	leiden5	ST8	18.598	state_01	MGI	0	state_01	IG-A
3	LV3003046937	leiden6	ST8	18.598	state_01	MGI	0	state_01	IG-A
3	LV3003046937	grey	ST8	18.598	state_01	MGI	0	state_01	IG-A
3	LV3003046949	leiden1	ST8	22.3686666666667	state_01	MGI	0	state_01	IG-A
3	LV3003046949	leiden2	ST8	22.3686666666667	state_01	MGI	0	state_01	IG-A
3	LV3003046949	leiden3	ST8	22.3686666666667	state_01	MGI	0	state_01	IG-A
3	LV3003046949	leiden4	ST8	22.3686666666667	state_01	MGI	0	state_01	IG-A
3	LV3003046949	grey	ST8	22.3686666666667	state_01	MGI	0	state_01	IG-A
3	LV3003046949	leiden5	ST8	22.3686666666667	state_01	MGI	0	state_01	IG-A
3	LV3003046949	leiden6	ST8	22.3686666666667	state_01	MGI	0	state_01	IG-A
3	LV3003046950	leiden1	ST8	18.099	state_01	MGI	-1.72301297941837	state_01	IG-A
3	LV3003046950	leiden2	ST8	18.099	state_01	MGI	-1.72301297941837	state_01	IG-A
3	LV3003046950	leiden4	ST8	18.099	state_01	MGI	-1.72301297941837	state_01	IG-A
3	LV3003046950	leiden6	ST8	18.099	state_01	MGI	-1.72301297941837	state_01	IG-A
3	LV3003046950	leiden3	ST8	18.099	state_01	MGI	-1.72301297941837	state_01	IG-A
3	LV3003046950	leiden5	ST8	18.099	state_01	MGI	10.3380778765102	state_01	IG-A
3	LV3003046950	grey	ST8	18.099	state_01	MGI	-1.72301297941837	state_01	IG-A
3	LV3003046965	leiden1	ST8	21.8323333333333	state_01	MGI	7.46933269240491	state_01	IG-A
3	LV3003046965	leiden2	ST8	21.8323333333333	state_01	MGI	-3.16400611647118	state_01	IG-A
3	LV3003046965	leiden3	ST8	21.8323333333333	state_01	MGI	-3.16400611647118	state_01	IG-A
3	LV3003046965	leiden4	ST8	21.8323333333333	state_01	MGI	-3.16400611647118	state_01	IG-A
3	LV3003046965	leiden5	ST8	21.8323333333333	state_01	MGI	8.35069788995098	state_01	IG-A
3	LV3003046965	leiden6	ST8	21.8323333333333	state_01	MGI	-3.16400611647118	state_01	IG-A
3	LV3003046965	grey	ST8	21.8323333333333	state_01	MGI	-3.16400611647118	state_01	IG-A
3	LV3003046966	leiden1	ST8	17.373	state_01	MGI	0	state_01	IG-A
3	LV3003046966	leiden4	ST8	17.373	state_01	MGI	0	state_01	IG-A
3	LV3003046966	leiden2	ST8	17.373	state_01	MGI	0	state_01	IG-A
3	LV3003046966	grey	ST8	17.373	state_01	MGI	0	state_01	IG-A
3	LV3003046966	leiden6	ST8	17.373	state_01	MGI	0	state_01	IG-A
3	LV3003046966	leiden3	ST8	17.373	state_01	MGI	0	state_01	IG-A
3	LV3003046966	leiden5	ST8	17.373	state_01	MGI	0	state_01	IG-A
3	LV3003046978	leiden1	ST8	21.296	state_01	MGI	0	state_01	IG-A
3	LV3003046978	leiden2	ST8	21.296	state_01	MGI	0	state_01	IG-A
3	LV3003046978	leiden3	ST8	21.296	state_01	MGI	0	state_01	IG-A
3	LV3003046978	leiden4	ST8	21.296	state_01	MGI	0	state_01	IG-A
3	LV3003046978	leiden5	ST8	21.296	state_01	MGI	0	state_01	IG-A
3	LV3003046978	leiden6	ST8	21.296	state_01	MGI	0	state_01	IG-A
3	LV3003046978	grey	ST8	21.296	state_01	MGI	0	state_01	IG-A
3	LV3003046979	leiden2	ST8	16.461	state_01	MGI	-1.6916852166152	state_01	IG-A
3	LV3003046979	leiden3	ST8	16.461	state_01	MGI	-1.6916852166152	state_01	IG-A
3	LV3003046979	leiden4	ST8	16.461	state_01	MGI	-1.6916852166152	state_01	IG-A
3	LV3003046979	leiden5	ST8	16.461	state_01	MGI	10.1501112996912	state_01	IG-A
3	LV3003046979	leiden1	ST8	16.461	state_01	MGI	-1.6916852166152	state_01	IG-A
3	LV3003046979	grey	ST8	16.461	state_01	MGI	-1.6916852166152	state_01	IG-A
3	LV3003046979	leiden6	ST8	16.461	state_01	MGI	-1.6916852166152	state_01	IG-A
3	LV3003046993	leiden1	ST8	20.719	state_01	MGI	-1.72545988838723	state_01	IG-A
3	LV3003046993	leiden3	ST8	20.719	state_01	MGI	-1.72545988838723	state_01	IG-A
3	LV3003046993	leiden4	ST8	20.719	state_01	MGI	-1.72545988838723	state_01	IG-A
3	LV3003046993	leiden5	ST8	20.719	state_01	MGI	10.3527593303234	state_01	IG-A
3	LV3003046993	leiden2	ST8	20.719	state_01	MGI	-1.72545988838723	state_01	IG-A
3	LV3003046993	grey	ST8	20.719	state_01	MGI	-1.72545988838723	state_01	IG-A
3	LV3003046993	leiden6	ST8	20.719	state_01	MGI	-1.72545988838723	state_01	IG-A
3	LV3003046994	leiden4	ST8	15.549	state_01	MGI	-1.90935194586364	state_01	IG-A
3	LV3003046994	leiden1	ST8	15.549	state_01	MGI	-1.90935194586364	state_01	IG-A
3	LV3003046994	leiden3	ST8	15.549	state_01	MGI	-1.90935194586364	state_01	IG-A
3	LV3003046994	grey	ST8	15.549	state_01	MGI	-1.90935194586364	state_01	IG-A
3	LV3003046994	leiden5	ST8	15.549	state_01	MGI	9.54675972931821	state_01	IG-A
3	LV3003046994	leiden2	ST8	15.549	state_01	MGI	-1.90935194586364	state_01	IG-A
3	LV3003047009	leiden2	ST8	20.142	state_01	MGI	-2.00270175871178	state_01	IG-A
3	LV3003047009	leiden4	ST8	20.142	state_01	MGI	-2.00270175871178	state_01	IG-A
3	LV3003047009	leiden5	ST8	20.142	state_01	MGI	10.0135087935589	state_01	IG-A
3	LV3003047009	leiden1	ST8	20.142	state_01	MGI	-2.00270175871178	state_01	IG-A
3	LV3003047009	grey	ST8	20.142	state_01	MGI	-2.00270175871178	state_01	IG-A
3	LV3003047009	leiden3	ST8	20.142	state_01	MGI	-2.00270175871178	state_01	IG-A
3	LV3003047026	leiden1	ST8	19.565	state_01	MGI	-1.59436126548444	state_01	IG-A
3	LV3003047026	leiden2	ST8	19.565	state_01	MGI	-1.59436126548444	state_01	IG-A
3	LV3003047026	leiden4	ST8	19.565	state_01	MGI	-1.59436126548444	state_01	IG-A
3	LV3003047026	leiden5	ST8	19.565	state_01	MGI	9.56616759290662	state_01	IG-A
3	LV3003047026	grey	ST8	19.565	state_01	MGI	-1.59436126548444	state_01	IG-A
3	LV3003047026	leiden3	ST8	19.565	state_01	MGI	-1.59436126548444	state_01	IG-A
3	LV3003047026	leiden6	ST8	19.565	state_01	MGI	-1.59436126548444	state_01	IG-A
3	LV3003047041	leiden1	ST8	19.097	state_01	MGI	7.82655519945394	state_01	IG-A
3	LV3003047041	leiden2	ST8	19.097	state_01	MGI	-3.20586416687247	state_01	IG-A
3	LV3003047041	leiden4	ST8	19.097	state_01	MGI	-3.20586416687247	state_01	IG-A
3	LV3003047041	leiden3	ST8	19.097	state_01	MGI	-3.20586416687247	state_01	IG-A
3	LV3003047041	leiden5	ST8	19.097	state_01	MGI	8.20276563490842	state_01	IG-A
3	LV3003047041	leiden6	ST8	19.097	state_01	MGI	-3.20586416687247	state_01	IG-A
3	LV3003047041	grey	ST8	19.097	state_01	MGI	-3.20586416687247	state_01	IG-A
3	LV3003047099	leiden4	ST8	25.058	state_01	MGI	-1.71940578343999	state_01	IG-A
3	LV3003047099	leiden1	ST8	25.058	state_01	MGI	10.3164347006399	state_01	IG-A
3	LV3003047099	leiden2	ST8	25.058	state_01	MGI	-1.71940578343999	state_01	IG-A
3	LV3003047099	leiden6	ST8	25.058	state_01	MGI	-1.71940578343999	state_01	IG-A
3	LV3003047099	leiden3	ST8	25.058	state_01	MGI	-1.71940578343999	state_01	IG-A
3	LV3003047099	leiden5	ST8	25.058	state_01	MGI	-1.71940578343999	state_01	IG-A
3	LV3003047099	grey	ST8	25.058	state_01	MGI	-1.71940578343999	state_01	IG-A
3	LV3003047118	leiden1	ST8	24.528	state_01	MGI	-1.69915828065626	state_01	IG-A
3	LV3003047118	leiden2	ST8	24.528	state_01	MGI	-1.69915828065626	state_01	IG-A
3	LV3003047118	leiden4	ST8	24.528	state_01	MGI	-1.69915828065626	state_01	IG-A
3	LV3003047118	leiden5	ST8	24.528	state_01	MGI	10.1949496839375	state_01	IG-A
3	LV3003047118	grey	ST8	24.528	state_01	MGI	-1.69915828065626	state_01	IG-A
3	LV3003047118	leiden6	ST8	24.528	state_01	MGI	-1.69915828065626	state_01	IG-A
3	LV3003047118	leiden3	ST8	24.528	state_01	MGI	-1.69915828065626	state_01	IG-A
3	LV3003047132	leiden1	ST8	23.987	state_01	MGI	8.83673147011636	state_01	IG-A
3	LV3003047132	leiden2	ST8	23.987	state_01	MGI	-1.47278857835273	state_01	IG-A
3	LV3003047132	leiden3	ST8	23.987	state_01	MGI	-1.47278857835273	state_01	IG-A
3	LV3003047132	leiden4	ST8	23.987	state_01	MGI	-1.47278857835273	state_01	IG-A
3	LV3003047132	leiden6	ST8	23.987	state_01	MGI	-1.47278857835273	state_01	IG-A
3	LV3003047132	grey	ST8	23.987	state_01	MGI	-1.47278857835273	state_01	IG-A
3	LV3003047132	leiden5	ST8	23.987	state_01	MGI	-1.47278857835273	state_01	IG-A
3	LV3003047145	leiden4	ST8	23.446	state_01	MGI	-2.00973875385105	state_01	IG-A
3	LV3003047145	leiden5	ST8	23.446	state_01	MGI	10.0486937692552	state_01	IG-A
3	LV3003047145	leiden1	ST8	23.446	state_01	MGI	-2.00973875385105	state_01	IG-A
3	LV3003047145	leiden3	ST8	23.446	state_01	MGI	-2.00973875385105	state_01	IG-A
3	LV3003047145	grey	ST8	23.446	state_01	MGI	-2.00973875385105	state_01	IG-A
3	LV3003047145	leiden2	ST8	23.446	state_01	MGI	-2.00973875385105	state_01	IG-A
3	LV3003061477	leiden1	ST13	16.726	state_01	MGI	7.44675322069184	state_01	IG-A
3	LV3003061477	leiden2	ST13	16.726	state_01	MGI	-3.3358111966847	state_01	IG-A
3	LV3003061477	leiden3	ST13	16.726	state_01	MGI	-3.3358111966847	state_01	IG-A
3	LV3003061477	leiden4	ST13	16.726	state_01	MGI	-3.3358111966847	state_01	IG-A
3	LV3003061477	leiden5	ST13	16.726	state_01	MGI	9.23230276273167	state_01	IG-A
3	LV3003061477	leiden6	ST13	16.726	state_01	MGI	-3.3358111966847	state_01	IG-A
3	LV3003061477	grey	ST13	16.726	state_01	MGI	-3.3358111966847	state_01	IG-A
3	LV3003061492	leiden1	ST13	14.437	state_01	MGI	7.68978138961487	state_01	IG-A
3	LV3003061492	leiden3	ST13	14.437	state_01	MGI	-3.22484832729624	state_01	IG-A
3	LV3003061492	leiden4	ST13	14.437	state_01	MGI	-3.22484832729624	state_01	IG-A
3	LV3003061492	leiden2	ST13	14.437	state_01	MGI	-3.22484832729624	state_01	IG-A
3	LV3003061492	leiden5	ST13	14.437	state_01	MGI	8.43446024686635	state_01	IG-A
3	LV3003061492	leiden6	ST13	14.437	state_01	MGI	-3.22484832729624	state_01	IG-A
3	LV3003061492	grey	ST13	14.437	state_01	MGI	-3.22484832729624	state_01	IG-A
3	LV3003061506	leiden1	ST13	11.95	state_01	MGI	-1.6413563771859	state_01	IG-A
3	LV3003061506	leiden4	ST13	11.95	state_01	MGI	-1.6413563771859	state_01	IG-A
3	LV3003061506	leiden5	ST13	11.95	state_01	MGI	9.84813826311539	state_01	IG-A
3	LV3003061506	leiden2	ST13	11.95	state_01	MGI	-1.6413563771859	state_01	IG-A
3	LV3003061506	leiden3	ST13	11.95	state_01	MGI	-1.6413563771859	state_01	IG-A
3	LV3003061506	grey	ST13	11.95	state_01	MGI	-1.6413563771859	state_01	IG-A
3	LV3003061506	leiden6	ST13	11.95	state_01	MGI	-1.6413563771859	state_01	IG-A
3	LV3003061518	leiden1	ST13	9.804	state_01	MGI	0	state_01	IG-A
3	LV3003061518	leiden3	ST13	9.804	state_01	MGI	0	state_01	IG-A
3	LV3003061518	leiden4	ST13	9.804	state_01	MGI	0	state_01	IG-A
3	LV3003061518	leiden5	ST13	9.804	state_01	MGI	0	state_01	IG-A
3	LV3003061518	leiden2	ST13	9.804	state_01	MGI	0	state_01	IG-A
3	LV3003061518	leiden6	ST13	9.804	state_01	MGI	0	state_01	IG-A
3	LV3003061518	grey	ST13	9.804	state_01	MGI	0	state_01	IG-A
3	LV3003061533	leiden1	ST13	7.912	state_01	MGI	-1.8793190566706	state_01	IG-A
3	LV3003061533	leiden2	ST13	7.912	state_01	MGI	-1.8793190566706	state_01	IG-A
3	LV3003061533	leiden4	ST13	7.912	state_01	MGI	-1.8793190566706	state_01	IG-A
3	LV3003061533	leiden5	ST13	7.912	state_01	MGI	9.39659528335298	state_01	IG-A
3	LV3003061533	leiden3	ST13	7.912	state_01	MGI	-1.8793190566706	state_01	IG-A
3	LV3003061533	grey	ST13	7.912	state_01	MGI	-1.8793190566706	state_01	IG-A
3	LV3003061546	leiden1	ST13	7.197	state_01	MGI	-1.95113115764092	state_01	IG-A
3	LV3003061546	leiden4	ST13	7.197	state_01	MGI	-1.95113115764092	state_01	IG-A
3	LV3003061546	leiden5	ST13	7.197	state_01	MGI	9.75565578820461	state_01	IG-A
3	LV3003061546	leiden2	ST13	7.197	state_01	MGI	-1.95113115764092	state_01	IG-A
3	LV3003061546	leiden3	ST13	7.197	state_01	MGI	-1.95113115764092	state_01	IG-A
3	LV3003061546	grey	ST13	7.197	state_01	MGI	-1.95113115764092	state_01	IG-A
3	LV3003061572	leiden1	ST13	19.099	state_01	MGI	9.2608107873108	state_01	IG-A
3	LV3003061572	leiden2	ST13	19.099	state_01	MGI	-1.5434684645518	state_01	IG-A
3	LV3003061572	leiden3	ST13	19.099	state_01	MGI	-1.5434684645518	state_01	IG-A
3	LV3003061572	leiden4	ST13	19.099	state_01	MGI	-1.5434684645518	state_01	IG-A
3	LV3003061572	leiden5	ST13	19.099	state_01	MGI	-1.5434684645518	state_01	IG-A
3	LV3003061572	leiden6	ST13	19.099	state_01	MGI	-1.5434684645518	state_01	IG-A
3	LV3003061572	grey	ST13	19.099	state_01	MGI	-1.5434684645518	state_01	IG-A
3	LV7001898064	leiden1	ST13	6.808	state_01	MGI	-1.51423511396463	state_01	IG-A
3	LV7001898064	leiden2	ST13	6.808	state_01	MGI	-1.51423511396463	state_01	IG-A
3	LV7001898064	leiden4	ST13	6.808	state_01	MGI	-1.51423511396463	state_01	IG-A
3	LV7001898064	leiden5	ST13	6.808	state_01	MGI	9.08541068378779	state_01	IG-A
3	LV7001898064	leiden3	ST13	6.808	state_01	MGI	-1.51423511396463	state_01	IG-A
3	LV7001898064	grey	ST13	6.808	state_01	MGI	-1.51423511396463	state_01	IG-A
3	LV7001898064	leiden6	ST13	6.808	state_01	MGI	-1.51423511396463	state_01	IG-A
3	LV7001898076	leiden1	ST13	6.429	state_01	MGI	-1.54907339459112	state_01	IG-A
3	LV7001898076	leiden3	ST13	6.429	state_01	MGI	-1.54907339459112	state_01	IG-A
3	LV7001898076	leiden4	ST13	6.429	state_01	MGI	-1.54907339459112	state_01	IG-A
3	LV7001898076	leiden2	ST13	6.429	state_01	MGI	-1.54907339459112	state_01	IG-A
3	LV7001898076	leiden5	ST13	6.429	state_01	MGI	9.29444036754668	state_01	IG-A
3	LV7001898076	leiden6	ST13	6.429	state_01	MGI	-1.54907339459112	state_01	IG-A
3	LV7001898076	grey	ST13	6.429	state_01	MGI	-1.54907339459112	state_01	IG-A
3	LV7008886690	leiden4	GeoB25202_R1	2.324	state_01	MGI	-1.71100383826603	state_01	IG-A
3	LV7008886690	leiden5	GeoB25202_R1	2.324	state_01	MGI	8.55501919133016	state_01	IG-A
3	LV7008886690	leiden2	GeoB25202_R1	2.324	state_01	MGI	-1.71100383826603	state_01	IG-A
3	LV7008886690	grey	GeoB25202_R1	2.324	state_01	MGI	-1.71100383826603	state_01	IG-A
3	LV7008886690	leiden3	GeoB25202_R1	2.324	state_01	MGI	-1.71100383826603	state_01	IG-A
3	LV7008886690	leiden1	GeoB25202_R1	2.324	state_01	MGI	-1.71100383826603	state_01	IG-A
3	LV7008886702	leiden1	GeoB25202_R2	2.324	state_01	MGI	-1.51382995364447	state_01	IG-A
3	LV7008886702	leiden4	GeoB25202_R2	2.324	state_01	MGI	-1.51382995364447	state_01	IG-A
3	LV7008886702	leiden5	GeoB25202_R2	2.324	state_01	MGI	9.08297972186683	state_01	IG-A
3	LV7008886702	leiden3	GeoB25202_R2	2.324	state_01	MGI	-1.51382995364447	state_01	IG-A
3	LV7008886702	leiden2	GeoB25202_R2	2.324	state_01	MGI	-1.51382995364447	state_01	IG-A
3	LV7008886702	grey	GeoB25202_R2	2.324	state_01	MGI	-1.51382995364447	state_01	IG-A
3	LV7008886702	leiden6	GeoB25202_R2	2.324	state_01	MGI	-1.51382995364447	state_01	IG-A
3	LV7008886727	leiden1	GeoB25202_R1	16.4375	state_01	MGI	-1.63573704956355	state_01	IG-A
3	LV7008886727	leiden3	GeoB25202_R1	16.4375	state_01	MGI	-1.63573704956355	state_01	IG-A
3	LV7008886727	leiden4	GeoB25202_R1	16.4375	state_01	MGI	-1.63573704956355	state_01	IG-A
3	LV7008886727	leiden2	GeoB25202_R1	16.4375	state_01	MGI	-1.63573704956355	state_01	IG-A
3	LV7008886727	leiden5	GeoB25202_R1	16.4375	state_01	MGI	9.81442229738128	state_01	IG-A
3	LV7008886727	grey	GeoB25202_R1	16.4375	state_01	MGI	-1.63573704956355	state_01	IG-A
3	LV7008886727	leiden6	GeoB25202_R1	16.4375	state_01	MGI	-1.63573704956355	state_01	IG-A
3	LV7008886739	leiden1	GeoB25202_R2	16.4375	state_01	MGI	0	state_01	IG-A
3	LV7008886739	leiden2	GeoB25202_R2	16.4375	state_01	MGI	0	state_01	IG-A
3	LV7008886739	leiden3	GeoB25202_R2	16.4375	state_01	MGI	0	state_01	IG-A
3	LV7008886739	leiden4	GeoB25202_R2	16.4375	state_01	MGI	0	state_01	IG-A
3	LV7008886739	leiden5	GeoB25202_R2	16.4375	state_01	MGI	0	state_01	IG-A
3	LV7008886739	leiden6	GeoB25202_R2	16.4375	state_01	MGI	0	state_01	IG-A
3	LV7008886739	grey	GeoB25202_R2	16.4375	state_01	MGI	0	state_01	IG-A
3	LV7008886751	leiden2	GeoB25202_R1	7.1335	state_01	MGI	-1.78194678895866	state_01	IG-A
3	LV7008886751	leiden3	GeoB25202_R1	7.1335	state_01	MGI	-1.78194678895866	state_01	IG-A
3	LV7008886751	leiden4	GeoB25202_R1	7.1335	state_01	MGI	-1.78194678895866	state_01	IG-A
3	LV7008886751	leiden5	GeoB25202_R1	7.1335	state_01	MGI	8.9097339447933	state_01	IG-A
3	LV7008886751	leiden1	GeoB25202_R1	7.1335	state_01	MGI	-1.78194678895866	state_01	IG-A
3	LV7008886751	grey	GeoB25202_R1	7.1335	state_01	MGI	-1.78194678895866	state_01	IG-A
3	LV7008886763	leiden2	GeoB25202_R2	7.1335	state_01	MGI	-1.86165077273275	state_01	IG-A
3	LV7008886763	leiden1	GeoB25202_R2	7.1335	state_01	MGI	-1.86165077273275	state_01	IG-A
3	LV7008886763	leiden4	GeoB25202_R2	7.1335	state_01	MGI	-1.86165077273275	state_01	IG-A
3	LV7008886763	leiden5	GeoB25202_R2	7.1335	state_01	MGI	9.30825386366377	state_01	IG-A
3	LV7008886763	leiden3	GeoB25202_R2	7.1335	state_01	MGI	-1.86165077273275	state_01	IG-A
3	LV7008886763	grey	GeoB25202_R2	7.1335	state_01	MGI	-1.86165077273275	state_01	IG-A
3	LV3003046936	leiden1	ST8	22.905	state_01	MFI	-8.98099482454764	state_01	IG-A
3	LV3003046936	leiden2	ST8	22.905	state_01	MFI	1.80659905198359	state_01	IG-A
3	LV3003046936	leiden3	ST8	22.905	state_01	MFI	1.80659905198359	state_01	IG-A
3	LV3003046936	leiden4	ST8	22.905	state_01	MFI	1.80659905198359	state_01	IG-A
3	LV3003046936	grey	ST8	22.905	state_01	MFI	1.80659905198359	state_01	IG-A
3	LV3003046936	leiden5	ST8	22.905	state_01	MFI	-0.052000435370315	state_01	IG-A
3	LV3003046936	leiden6	ST8	22.905	state_01	MFI	1.80659905198359	state_01	IG-A
3	LV3003046937	leiden1	ST8	18.598	state_01	MFI	0	state_01	IG-A
3	LV3003046937	leiden4	ST8	18.598	state_01	MFI	0	state_01	IG-A
3	LV3003046937	leiden2	ST8	18.598	state_01	MFI	0	state_01	IG-A
3	LV3003046937	leiden3	ST8	18.598	state_01	MFI	0	state_01	IG-A
3	LV3003046937	leiden5	ST8	18.598	state_01	MFI	0	state_01	IG-A
3	LV3003046937	leiden6	ST8	18.598	state_01	MFI	0	state_01	IG-A
3	LV3003046937	grey	ST8	18.598	state_01	MFI	0	state_01	IG-A
3	LV3003046949	leiden1	ST8	22.3686666666667	state_01	MFI	-1.36402097594436	state_01	IG-A
3	LV3003046949	leiden2	ST8	22.3686666666667	state_01	MFI	-1.36402097594436	state_01	IG-A
3	LV3003046949	leiden3	ST8	22.3686666666667	state_01	MFI	-1.36402097594436	state_01	IG-A
3	LV3003046949	leiden4	ST8	22.3686666666667	state_01	MFI	-1.36402097594436	state_01	IG-A
3	LV3003046949	grey	ST8	22.3686666666667	state_01	MFI	-1.36402097594436	state_01	IG-A
3	LV3003046949	leiden5	ST8	22.3686666666667	state_01	MFI	8.18412585566617	state_01	IG-A
3	LV3003046949	leiden6	ST8	22.3686666666667	state_01	MFI	-1.36402097594436	state_01	IG-A
3	LV3003046950	leiden1	ST8	18.099	state_01	MFI	0.355839545253501	state_01	IG-A
3	LV3003046950	leiden2	ST8	18.099	state_01	MFI	0.355839545253501	state_01	IG-A
3	LV3003046950	leiden4	ST8	18.099	state_01	MFI	0.355839545253501	state_01	IG-A
3	LV3003046950	leiden6	ST8	18.099	state_01	MFI	0.355839545253501	state_01	IG-A
3	LV3003046950	leiden3	ST8	18.099	state_01	MFI	0.355839545253501	state_01	IG-A
3	LV3003046950	leiden5	ST8	18.099	state_01	MFI	-2.135037271521	state_01	IG-A
3	LV3003046950	grey	ST8	18.099	state_01	MFI	0.355839545253501	state_01	IG-A
3	LV3003046965	leiden1	ST8	21.8323333333333	state_01	MFI	-8.83342964686667	state_01	IG-A
3	LV3003046965	leiden2	ST8	21.8323333333333	state_01	MFI	1.79990916200941	state_01	IG-A
3	LV3003046965	leiden3	ST8	21.8323333333333	state_01	MFI	1.79990916200941	state_01	IG-A
3	LV3003046965	leiden4	ST8	21.8323333333333	state_01	MFI	1.79990916200941	state_01	IG-A
3	LV3003046965	leiden5	ST8	21.8323333333333	state_01	MFI	-0.166116163180382	state_01	IG-A
3	LV3003046965	leiden6	ST8	21.8323333333333	state_01	MFI	1.79990916200941	state_01	IG-A
3	LV3003046965	grey	ST8	21.8323333333333	state_01	MFI	1.79990916200941	state_01	IG-A
3	LV3003046966	leiden1	ST8	17.373	state_01	MFI	-1.31002600174956	state_01	IG-A
3	LV3003046966	leiden4	ST8	17.373	state_01	MFI	-1.31002600174956	state_01	IG-A
3	LV3003046966	leiden2	ST8	17.373	state_01	MFI	-1.31002600174956	state_01	IG-A
3	LV3003046966	grey	ST8	17.373	state_01	MFI	-1.31002600174956	state_01	IG-A
3	LV3003046966	leiden6	ST8	17.373	state_01	MFI	-1.31002600174956	state_01	IG-A
3	LV3003046966	leiden3	ST8	17.373	state_01	MFI	-1.31002600174956	state_01	IG-A
3	LV3003046966	leiden5	ST8	17.373	state_01	MFI	7.86015601049738	state_01	IG-A
3	LV3003046978	leiden1	ST8	21.296	state_01	MFI	-1.23508549738989	state_01	IG-A
3	LV3003046978	leiden2	ST8	21.296	state_01	MFI	-1.23508549738989	state_01	IG-A
3	LV3003046978	leiden3	ST8	21.296	state_01	MFI	-1.23508549738989	state_01	IG-A
3	LV3003046978	leiden4	ST8	21.296	state_01	MFI	-1.23508549738989	state_01	IG-A
3	LV3003046978	leiden5	ST8	21.296	state_01	MFI	7.41051298433935	state_01	IG-A
3	LV3003046978	leiden6	ST8	21.296	state_01	MFI	-1.23508549738989	state_01	IG-A
3	LV3003046978	grey	ST8	21.296	state_01	MFI	-1.23508549738989	state_01	IG-A
3	LV3003046979	leiden2	ST8	16.461	state_01	MFI	1.6916852166152	state_01	IG-A
3	LV3003046979	leiden3	ST8	16.461	state_01	MFI	1.6916852166152	state_01	IG-A
3	LV3003046979	leiden4	ST8	16.461	state_01	MFI	1.6916852166152	state_01	IG-A
3	LV3003046979	leiden5	ST8	16.461	state_01	MFI	-10.1501112996912	state_01	IG-A
3	LV3003046979	leiden1	ST8	16.461	state_01	MFI	1.6916852166152	state_01	IG-A
3	LV3003046979	grey	ST8	16.461	state_01	MFI	1.6916852166152	state_01	IG-A
3	LV3003046979	leiden6	ST8	16.461	state_01	MFI	1.6916852166152	state_01	IG-A
3	LV3003046993	leiden1	ST8	20.719	state_01	MFI	0.423448410287708	state_01	IG-A
3	LV3003046993	leiden3	ST8	20.719	state_01	MFI	0.423448410287708	state_01	IG-A
3	LV3003046993	leiden4	ST8	20.719	state_01	MFI	0.423448410287708	state_01	IG-A
3	LV3003046993	leiden5	ST8	20.719	state_01	MFI	-2.54069046172625	state_01	IG-A
3	LV3003046993	leiden2	ST8	20.719	state_01	MFI	0.423448410287708	state_01	IG-A
3	LV3003046993	grey	ST8	20.719	state_01	MFI	0.423448410287708	state_01	IG-A
3	LV3003046993	leiden6	ST8	20.719	state_01	MFI	0.423448410287708	state_01	IG-A
3	LV3003046994	leiden4	ST8	15.549	state_01	MFI	0.615872287483091	state_01	IG-A
3	LV3003046994	leiden1	ST8	15.549	state_01	MFI	0.615872287483091	state_01	IG-A
3	LV3003046994	leiden3	ST8	15.549	state_01	MFI	0.615872287483091	state_01	IG-A
3	LV3003046994	grey	ST8	15.549	state_01	MFI	0.615872287483091	state_01	IG-A
3	LV3003046994	leiden5	ST8	15.549	state_01	MFI	-3.07936143741545	state_01	IG-A
3	LV3003046994	leiden2	ST8	15.549	state_01	MFI	0.615872287483091	state_01	IG-A
3	LV3003047009	leiden2	ST8	20.142	state_01	MFI	0.526599709624752	state_01	IG-A
3	LV3003047009	leiden4	ST8	20.142	state_01	MFI	0.526599709624752	state_01	IG-A
3	LV3003047009	leiden5	ST8	20.142	state_01	MFI	-2.63299854812376	state_01	IG-A
3	LV3003047009	leiden1	ST8	20.142	state_01	MFI	0.526599709624752	state_01	IG-A
3	LV3003047009	grey	ST8	20.142	state_01	MFI	0.526599709624752	state_01	IG-A
3	LV3003047009	leiden3	ST8	20.142	state_01	MFI	0.526599709624752	state_01	IG-A
3	LV3003047026	leiden1	ST8	19.565	state_01	MFI	0.368598787636726	state_01	IG-A
3	LV3003047026	leiden2	ST8	19.565	state_01	MFI	0.368598787636726	state_01	IG-A
3	LV3003047026	leiden4	ST8	19.565	state_01	MFI	0.368598787636726	state_01	IG-A
3	LV3003047026	leiden5	ST8	19.565	state_01	MFI	-2.21159272582036	state_01	IG-A
3	LV3003047026	grey	ST8	19.565	state_01	MFI	0.368598787636726	state_01	IG-A
3	LV3003047026	leiden3	ST8	19.565	state_01	MFI	0.368598787636726	state_01	IG-A
3	LV3003047026	leiden6	ST8	19.565	state_01	MFI	0.368598787636726	state_01	IG-A
3	LV3003047041	leiden1	ST8	19.097	state_01	MFI	-9.17548619165509	state_01	IG-A
3	LV3003047041	leiden2	ST8	19.097	state_01	MFI	1.85693317467132	state_01	IG-A
3	LV3003047041	leiden4	ST8	19.097	state_01	MFI	1.85693317467132	state_01	IG-A
3	LV3003047041	leiden3	ST8	19.097	state_01	MFI	1.85693317467132	state_01	IG-A
3	LV3003047041	leiden5	ST8	19.097	state_01	MFI	-0.109179681701512	state_01	IG-A
3	LV3003047041	leiden6	ST8	19.097	state_01	MFI	1.85693317467132	state_01	IG-A
3	LV3003047041	grey	ST8	19.097	state_01	MFI	1.85693317467132	state_01	IG-A
3	LV3003047099	leiden4	ST8	25.058	state_01	MFI	1.71940578343999	state_01	IG-A
3	LV3003047099	leiden1	ST8	25.058	state_01	MFI	-10.3164347006399	state_01	IG-A
3	LV3003047099	leiden2	ST8	25.058	state_01	MFI	1.71940578343999	state_01	IG-A
3	LV3003047099	leiden6	ST8	25.058	state_01	MFI	1.71940578343999	state_01	IG-A
3	LV3003047099	leiden3	ST8	25.058	state_01	MFI	1.71940578343999	state_01	IG-A
3	LV3003047099	leiden5	ST8	25.058	state_01	MFI	1.71940578343999	state_01	IG-A
3	LV3003047099	grey	ST8	25.058	state_01	MFI	1.71940578343999	state_01	IG-A
3	LV3003047118	leiden1	ST8	24.528	state_01	MFI	1.69915828065626	state_01	IG-A
3	LV3003047118	leiden2	ST8	24.528	state_01	MFI	1.69915828065626	state_01	IG-A
3	LV3003047118	leiden4	ST8	24.528	state_01	MFI	1.69915828065626	state_01	IG-A
3	LV3003047118	leiden5	ST8	24.528	state_01	MFI	-10.1949496839375	state_01	IG-A
3	LV3003047118	grey	ST8	24.528	state_01	MFI	1.69915828065626	state_01	IG-A
3	LV3003047118	leiden6	ST8	24.528	state_01	MFI	1.69915828065626	state_01	IG-A
3	LV3003047118	leiden3	ST8	24.528	state_01	MFI	1.69915828065626	state_01	IG-A
3	LV3003047132	leiden1	ST8	23.987	state_01	MFI	-8.83673147011636	state_01	IG-A
3	LV3003047132	leiden2	ST8	23.987	state_01	MFI	1.47278857835273	state_01	IG-A
3	LV3003047132	leiden3	ST8	23.987	state_01	MFI	1.47278857835273	state_01	IG-A
3	LV3003047132	leiden4	ST8	23.987	state_01	MFI	1.47278857835273	state_01	IG-A
3	LV3003047132	leiden6	ST8	23.987	state_01	MFI	1.47278857835273	state_01	IG-A
3	LV3003047132	grey	ST8	23.987	state_01	MFI	1.47278857835273	state_01	IG-A
3	LV3003047132	leiden5	ST8	23.987	state_01	MFI	1.47278857835273	state_01	IG-A
3	LV3003047145	leiden4	ST8	23.446	state_01	MFI	0.582422982283906	state_01	IG-A
3	LV3003047145	leiden5	ST8	23.446	state_01	MFI	-2.91211491141953	state_01	IG-A
3	LV3003047145	leiden1	ST8	23.446	state_01	MFI	0.582422982283906	state_01	IG-A
3	LV3003047145	leiden3	ST8	23.446	state_01	MFI	0.582422982283906	state_01	IG-A
3	LV3003047145	grey	ST8	23.446	state_01	MFI	0.582422982283906	state_01	IG-A
3	LV3003047145	leiden2	ST8	23.446	state_01	MFI	0.582422982283906	state_01	IG-A
3	LV3003061477	leiden1	ST13	16.726	state_01	MFI	-8.85984194438274	state_01	IG-A
3	LV3003061477	leiden2	ST13	16.726	state_01	MFI	1.9227224729938	state_01	IG-A
3	LV3003061477	leiden3	ST13	16.726	state_01	MFI	1.9227224729938	state_01	IG-A
3	LV3003061477	leiden4	ST13	16.726	state_01	MFI	1.9227224729938	state_01	IG-A
3	LV3003061477	leiden5	ST13	16.726	state_01	MFI	-0.753770420586265	state_01	IG-A
3	LV3003061477	leiden6	ST13	16.726	state_01	MFI	1.9227224729938	state_01	IG-A
3	LV3003061477	grey	ST13	16.726	state_01	MFI	1.9227224729938	state_01	IG-A
3	LV3003061492	leiden1	ST13	14.437	state_01	MFI	-9.08005042386935	state_01	IG-A
3	LV3003061492	leiden3	ST13	14.437	state_01	MFI	1.83457929304176	state_01	IG-A
3	LV3003061492	leiden4	ST13	14.437	state_01	MFI	1.83457929304176	state_01	IG-A
3	LV3003061492	leiden2	ST13	14.437	state_01	MFI	1.83457929304176	state_01	IG-A
3	LV3003061492	leiden5	ST13	14.437	state_01	MFI	-0.0928460413394501	state_01	IG-A
3	LV3003061492	leiden6	ST13	14.437	state_01	MFI	1.83457929304176	state_01	IG-A
3	LV3003061492	grey	ST13	14.437	state_01	MFI	1.83457929304176	state_01	IG-A
3	LV3003061506	leiden1	ST13	11.95	state_01	MFI	0.392059692181869	state_01	IG-A
3	LV3003061506	leiden4	ST13	11.95	state_01	MFI	0.392059692181869	state_01	IG-A
3	LV3003061506	leiden5	ST13	11.95	state_01	MFI	-2.35235815309122	state_01	IG-A
3	LV3003061506	leiden2	ST13	11.95	state_01	MFI	0.392059692181869	state_01	IG-A
3	LV3003061506	leiden3	ST13	11.95	state_01	MFI	0.392059692181869	state_01	IG-A
3	LV3003061506	grey	ST13	11.95	state_01	MFI	0.392059692181869	state_01	IG-A
3	LV3003061506	leiden6	ST13	11.95	state_01	MFI	0.392059692181869	state_01	IG-A
3	LV3003061518	leiden1	ST13	9.804	state_01	MFI	-1.26868958652561	state_01	IG-A
3	LV3003061518	leiden3	ST13	9.804	state_01	MFI	-1.26868958652561	state_01	IG-A
3	LV3003061518	leiden4	ST13	9.804	state_01	MFI	-1.26868958652561	state_01	IG-A
3	LV3003061518	leiden5	ST13	9.804	state_01	MFI	7.61213751915366	state_01	IG-A
3	LV3003061518	leiden2	ST13	9.804	state_01	MFI	-1.26868958652561	state_01	IG-A
3	LV3003061518	leiden6	ST13	9.804	state_01	MFI	-1.26868958652561	state_01	IG-A
3	LV3003061518	grey	ST13	9.804	state_01	MFI	-1.26868958652561	state_01	IG-A
3	LV3003061533	leiden1	ST13	7.912	state_01	MFI	0.438872200221545	state_01	IG-A
3	LV3003061533	leiden2	ST13	7.912	state_01	MFI	0.438872200221545	state_01	IG-A
3	LV3003061533	leiden4	ST13	7.912	state_01	MFI	0.438872200221545	state_01	IG-A
3	LV3003061533	leiden5	ST13	7.912	state_01	MFI	-2.19436100110773	state_01	IG-A
3	LV3003061533	leiden3	ST13	7.912	state_01	MFI	0.438872200221545	state_01	IG-A
3	LV3003061533	grey	ST13	7.912	state_01	MFI	0.438872200221545	state_01	IG-A
3	LV3003061546	leiden1	ST13	7.197	state_01	MFI	0.675643890210186	state_01	IG-A
3	LV3003061546	leiden4	ST13	7.197	state_01	MFI	0.675643890210186	state_01	IG-A
3	LV3003061546	leiden5	ST13	7.197	state_01	MFI	-3.37821945105093	state_01	IG-A
3	LV3003061546	leiden2	ST13	7.197	state_01	MFI	0.675643890210186	state_01	IG-A
3	LV3003061546	leiden3	ST13	7.197	state_01	MFI	0.675643890210186	state_01	IG-A
3	LV3003061546	grey	ST13	7.197	state_01	MFI	0.675643890210186	state_01	IG-A
3	LV3003061572	leiden1	ST13	19.099	state_01	MFI	-10.7075001694976	state_01	IG-A
3	LV3003061572	leiden2	ST13	19.099	state_01	MFI	0.0967790823650405	state_01	IG-A
3	LV3003061572	leiden3	ST13	19.099	state_01	MFI	0.0967790823650405	state_01	IG-A
3	LV3003061572	leiden4	ST13	19.099	state_01	MFI	0.0967790823650405	state_01	IG-A
3	LV3003061572	leiden5	ST13	19.099	state_01	MFI	10.2236047576724	state_01	IG-A
3	LV3003061572	leiden6	ST13	19.099	state_01	MFI	0.0967790823650405	state_01	IG-A
3	LV3003061572	grey	ST13	19.099	state_01	MFI	0.0967790823650405	state_01	IG-A
3	LV7001898064	leiden1	ST13	6.808	state_01	MFI	0.459722737851664	state_01	IG-A
3	LV7001898064	leiden2	ST13	6.808	state_01	MFI	0.459722737851664	state_01	IG-A
3	LV7001898064	leiden4	ST13	6.808	state_01	MFI	0.459722737851664	state_01	IG-A
3	LV7001898064	leiden5	ST13	6.808	state_01	MFI	-2.75833642710998	state_01	IG-A
3	LV7001898064	leiden3	ST13	6.808	state_01	MFI	0.459722737851664	state_01	IG-A
3	LV7001898064	grey	ST13	6.808	state_01	MFI	0.459722737851664	state_01	IG-A
3	LV7001898064	leiden6	ST13	6.808	state_01	MFI	0.459722737851664	state_01	IG-A
3	LV7001898076	leiden1	ST13	6.429	state_01	MFI	0.190968470941787	state_01	IG-A
3	LV7001898076	leiden3	ST13	6.429	state_01	MFI	0.190968470941787	state_01	IG-A
3	LV7001898076	leiden4	ST13	6.429	state_01	MFI	0.190968470941787	state_01	IG-A
3	LV7001898076	leiden2	ST13	6.429	state_01	MFI	0.190968470941787	state_01	IG-A
3	LV7001898076	leiden5	ST13	6.429	state_01	MFI	-1.14581082565072	state_01	IG-A
3	LV7001898076	leiden6	ST13	6.429	state_01	MFI	0.190968470941787	state_01	IG-A
3	LV7001898076	grey	ST13	6.429	state_01	MFI	0.190968470941787	state_01	IG-A
3	LV7008886690	leiden4	GeoB25202_R1	2.324	state_01	MFI	1.71100383826603	state_01	IG-A
3	LV7008886690	leiden5	GeoB25202_R1	2.324	state_01	MFI	-8.55501919133016	state_01	IG-A
3	LV7008886690	leiden2	GeoB25202_R1	2.324	state_01	MFI	1.71100383826603	state_01	IG-A
3	LV7008886690	grey	GeoB25202_R1	2.324	state_01	MFI	1.71100383826603	state_01	IG-A
3	LV7008886690	leiden3	GeoB25202_R1	2.324	state_01	MFI	1.71100383826603	state_01	IG-A
3	LV7008886690	leiden1	GeoB25202_R1	2.324	state_01	MFI	1.71100383826603	state_01	IG-A
3	LV7008886702	leiden1	GeoB25202_R2	2.324	state_01	MFI	1.51382995364447	state_01	IG-A
3	LV7008886702	leiden4	GeoB25202_R2	2.324	state_01	MFI	1.51382995364447	state_01	IG-A
3	LV7008886702	leiden5	GeoB25202_R2	2.324	state_01	MFI	-9.08297972186683	state_01	IG-A
3	LV7008886702	leiden3	GeoB25202_R2	2.324	state_01	MFI	1.51382995364447	state_01	IG-A
3	LV7008886702	leiden2	GeoB25202_R2	2.324	state_01	MFI	1.51382995364447	state_01	IG-A
3	LV7008886702	grey	GeoB25202_R2	2.324	state_01	MFI	1.51382995364447	state_01	IG-A
3	LV7008886702	leiden6	GeoB25202_R2	2.324	state_01	MFI	1.51382995364447	state_01	IG-A
3	LV7008886727	leiden1	GeoB25202_R1	16.4375	state_01	MFI	0.225619983039546	state_01	IG-A
3	LV7008886727	leiden3	GeoB25202_R1	16.4375	state_01	MFI	0.225619983039546	state_01	IG-A
3	LV7008886727	leiden4	GeoB25202_R1	16.4375	state_01	MFI	0.225619983039546	state_01	IG-A
3	LV7008886727	leiden2	GeoB25202_R1	16.4375	state_01	MFI	0.225619983039546	state_01	IG-A
3	LV7008886727	leiden5	GeoB25202_R1	16.4375	state_01	MFI	-1.35371989823728	state_01	IG-A
3	LV7008886727	grey	GeoB25202_R1	16.4375	state_01	MFI	0.225619983039546	state_01	IG-A
3	LV7008886727	leiden6	GeoB25202_R1	16.4375	state_01	MFI	0.225619983039546	state_01	IG-A
3	LV7008886739	leiden1	GeoB25202_R2	16.4375	state_01	MFI	-1.56655209167955	state_01	IG-A
3	LV7008886739	leiden2	GeoB25202_R2	16.4375	state_01	MFI	-1.56655209167955	state_01	IG-A
3	LV7008886739	leiden3	GeoB25202_R2	16.4375	state_01	MFI	-1.56655209167955	state_01	IG-A
3	LV7008886739	leiden4	GeoB25202_R2	16.4375	state_01	MFI	-1.56655209167955	state_01	IG-A
3	LV7008886739	leiden5	GeoB25202_R2	16.4375	state_01	MFI	9.39931255007733	state_01	IG-A
3	LV7008886739	leiden6	GeoB25202_R2	16.4375	state_01	MFI	-1.56655209167955	state_01	IG-A
3	LV7008886739	grey	GeoB25202_R2	16.4375	state_01	MFI	-1.56655209167955	state_01	IG-A
3	LV7008886751	leiden2	GeoB25202_R1	7.1335	state_01	MFI	0.321280439216008	state_01	IG-A
3	LV7008886751	leiden3	GeoB25202_R1	7.1335	state_01	MFI	0.321280439216008	state_01	IG-A
3	LV7008886751	leiden4	GeoB25202_R1	7.1335	state_01	MFI	0.321280439216008	state_01	IG-A
3	LV7008886751	leiden5	GeoB25202_R1	7.1335	state_01	MFI	-1.60640219608004	state_01	IG-A
3	LV7008886751	leiden1	GeoB25202_R1	7.1335	state_01	MFI	0.321280439216008	state_01	IG-A
3	LV7008886751	grey	GeoB25202_R1	7.1335	state_01	MFI	0.321280439216008	state_01	IG-A
3	LV7008886763	leiden2	GeoB25202_R2	7.1335	state_01	MFI	0.323827728835217	state_01	IG-A
3	LV7008886763	leiden1	GeoB25202_R2	7.1335	state_01	MFI	0.323827728835217	state_01	IG-A
3	LV7008886763	leiden4	GeoB25202_R2	7.1335	state_01	MFI	0.323827728835217	state_01	IG-A
3	LV7008886763	leiden5	GeoB25202_R2	7.1335	state_01	MFI	-1.61913864417608	state_01	IG-A
3	LV7008886763	leiden3	GeoB25202_R2	7.1335	state_01	MFI	0.323827728835217	state_01	IG-A
3	LV7008886763	grey	GeoB25202_R2	7.1335	state_01	MFI	0.323827728835217	state_01	IG-A
3	LV3003046936	leiden1	ST8	22.905	state_01	DCI	2.00742257250949	state_01	IG-A
3	LV3003046936	leiden2	ST8	22.905	state_01	DCI	3.55540091513653	state_01	IG-A
3	LV3003046936	leiden3	ST8	22.905	state_01	DCI	1.52231865030026	state_01	IG-A
3	LV3003046936	leiden4	ST8	22.905	state_01	DCI	1.68587295675833	state_01	IG-A
3	LV3003046936	grey	ST8	22.905	state_01	DCI	-10.255171576637	state_01	IG-A
3	LV3003046936	leiden5	ST8	22.905	state_01	DCI	-0.0334963171690825	state_01	IG-A
3	LV3003046936	leiden6	ST8	22.905	state_01	DCI	1.51765279910145	state_01	IG-A
3	LV3003046937	leiden1	ST8	18.598	state_01	DCI	3.30712794185016	state_01	IG-A
3	LV3003046937	leiden4	ST8	18.598	state_01	DCI	3.80572130387834	state_01	IG-A
3	LV3003046937	leiden2	ST8	18.598	state_01	DCI	5.37020108473401	state_01	IG-A
3	LV3003046937	leiden3	ST8	18.598	state_01	DCI	2.8066380126369	state_01	IG-A
3	LV3003046937	leiden5	ST8	18.598	state_01	DCI	3.26479651541307	state_01	IG-A
3	LV3003046937	leiden6	ST8	18.598	state_01	DCI	-9.10773219944738	state_01	IG-A
3	LV3003046937	grey	ST8	18.598	state_01	DCI	-9.44675265906511	state_01	IG-A
3	LV3003046949	leiden1	ST8	22.3686666666667	state_01	DCI	3.45931984527809	state_01	IG-A
3	LV3003046949	leiden2	ST8	22.3686666666667	state_01	DCI	5.00357809424763	state_01	IG-A
3	LV3003046949	leiden3	ST8	22.3686666666667	state_01	DCI	2.61282631240504	state_01	IG-A
3	LV3003046949	leiden4	ST8	22.3686666666667	state_01	DCI	4.25866247982844	state_01	IG-A
3	LV3003046949	grey	ST8	22.3686666666667	state_01	DCI	-8.07842763850969	state_01	IG-A
3	LV3003046949	leiden5	ST8	22.3686666666667	state_01	DCI	1.65938652877912	state_01	IG-A
3	LV3003046949	leiden6	ST8	22.3686666666667	state_01	DCI	-8.91534562202864	state_01	IG-A
3	LV3003046950	leiden1	ST8	18.099	state_01	DCI	1.72127341534732	state_01	IG-A
3	LV3003046950	leiden2	ST8	18.099	state_01	DCI	3.29608126333478	state_01	IG-A
3	LV3003046950	leiden4	ST8	18.099	state_01	DCI	1.64541598602239	state_01	IG-A
3	LV3003046950	leiden6	ST8	18.099	state_01	DCI	1.15010704623989	state_01	IG-A
3	LV3003046950	leiden3	ST8	18.099	state_01	DCI	1.69517086244583	state_01	IG-A
3	LV3003046950	leiden5	ST8	18.099	state_01	DCI	0.290353606045376	state_01	IG-A
3	LV3003046950	grey	ST8	18.099	state_01	DCI	-9.79840217943558	state_01	IG-A
3	LV3003046965	leiden1	ST8	21.8323333333333	state_01	DCI	1.50837955658922	state_01	IG-A
3	LV3003046965	leiden2	ST8	21.8323333333333	state_01	DCI	2.79963277703662	state_01	IG-A
3	LV3003046965	leiden3	ST8	21.8323333333333	state_01	DCI	1.19965936170077	state_01	IG-A
3	LV3003046965	leiden4	ST8	21.8323333333333	state_01	DCI	1.95760380754422	state_01	IG-A
3	LV3003046965	leiden5	ST8	21.8323333333333	state_01	DCI	1.06973284227811	state_01	IG-A
3	LV3003046965	leiden6	ST8	21.8323333333333	state_01	DCI	1.36635310140315	state_01	IG-A
3	LV3003046965	grey	ST8	21.8323333333333	state_01	DCI	-9.90136144655209	state_01	IG-A
3	LV3003046966	leiden1	ST8	17.373	state_01	DCI	2.95316406697685	state_01	IG-A
3	LV3003046966	leiden4	ST8	17.373	state_01	DCI	3.11128088913501	state_01	IG-A
3	LV3003046966	leiden2	ST8	17.373	state_01	DCI	4.93336164903412	state_01	IG-A
3	LV3003046966	grey	ST8	17.373	state_01	DCI	-8.17062802762595	state_01	IG-A
3	LV3003046966	leiden6	ST8	17.373	state_01	DCI	2.03913145898208	state_01	IG-A
3	LV3003046966	leiden3	ST8	17.373	state_01	DCI	2.8388672487032	state_01	IG-A
3	LV3003046966	leiden5	ST8	17.373	state_01	DCI	-7.70517728520531	state_01	IG-A
3	LV3003046978	leiden1	ST8	21.296	state_01	DCI	1.10591454922772	state_01	IG-A
3	LV3003046978	leiden2	ST8	21.296	state_01	DCI	2.82366245603411	state_01	IG-A
3	LV3003046978	leiden3	ST8	21.296	state_01	DCI	2.09032171437559	state_01	IG-A
3	LV3003046978	leiden4	ST8	21.296	state_01	DCI	1.66035852953628	state_01	IG-A
3	LV3003046978	leiden5	ST8	21.296	state_01	DCI	0.864764302857885	state_01	IG-A
3	LV3003046978	leiden6	ST8	21.296	state_01	DCI	1.41614575494958	state_01	IG-A
3	LV3003046978	grey	ST8	21.296	state_01	DCI	-9.96116730698116	state_01	IG-A
3	LV3003046979	leiden2	ST8	16.461	state_01	DCI	3.28317440526878	state_01	IG-A
3	LV3003046979	leiden3	ST8	16.461	state_01	DCI	1.20760628211943	state_01	IG-A
3	LV3003046979	leiden4	ST8	16.461	state_01	DCI	1.64588778285187	state_01	IG-A
3	LV3003046979	leiden5	ST8	16.461	state_01	DCI	0.22505014136995	state_01	IG-A
3	LV3003046979	leiden1	ST8	16.461	state_01	DCI	2.26731285019389	state_01	IG-A
3	LV3003046979	grey	ST8	16.461	state_01	DCI	-7.91468264823048	state_01	IG-A
3	LV3003046979	leiden6	ST8	16.461	state_01	DCI	-0.714348813573448	state_01	IG-A
3	LV3003046993	leiden1	ST8	20.719	state_01	DCI	-0.439024735743408	state_01	IG-A
3	LV3003046993	leiden3	ST8	20.719	state_01	DCI	0.165729446828701	state_01	IG-A
3	LV3003046993	leiden4	ST8	20.719	state_01	DCI	-0.541080324770796	state_01	IG-A
3	LV3003046993	leiden5	ST8	20.719	state_01	DCI	-0.610181057424097	state_01	IG-A
3	LV3003046993	leiden2	ST8	20.719	state_01	DCI	1.13405360756656	state_01	IG-A
3	LV3003046993	grey	ST8	20.719	state_01	DCI	12.5417232915801	state_01	IG-A
3	LV3003046993	leiden6	ST8	20.719	state_01	DCI	-12.2512202280371	state_01	IG-A
3	LV3003046994	leiden4	ST8	15.549	state_01	DCI	-3.37869352435822	state_01	IG-A
3	LV3003046994	leiden1	ST8	15.549	state_01	DCI	-1.66575637153932	state_01	IG-A
3	LV3003046994	leiden3	ST8	15.549	state_01	DCI	-0.322403046771672	state_01	IG-A
3	LV3003046994	grey	ST8	15.549	state_01	DCI	9.08686799246575	state_01	IG-A
3	LV3003046994	leiden5	ST8	15.549	state_01	DCI	-2.70078337458696	state_01	IG-A
3	LV3003046994	leiden2	ST8	15.549	state_01	DCI	-1.01923167520958	state_01	IG-A
3	LV3003047009	leiden2	ST8	20.142	state_01	DCI	-0.46425904084687	state_01	IG-A
3	LV3003047009	leiden4	ST8	20.142	state_01	DCI	-3.31266810359178	state_01	IG-A
3	LV3003047009	leiden5	ST8	20.142	state_01	DCI	-1.33008990492245	state_01	IG-A
3	LV3003047009	leiden1	ST8	20.142	state_01	DCI	-2.81482181934693	state_01	IG-A
3	LV3003047009	grey	ST8	20.142	state_01	DCI	9.28439211453967	state_01	IG-A
3	LV3003047009	leiden3	ST8	20.142	state_01	DCI	-1.36255324583164	state_01	IG-A
3	LV3003047026	leiden1	ST8	19.565	state_01	DCI	-2.91647320308879	state_01	IG-A
3	LV3003047026	leiden2	ST8	19.565	state_01	DCI	-1.5773196484619	state_01	IG-A
3	LV3003047026	leiden4	ST8	19.565	state_01	DCI	-2.88929501934316	state_01	IG-A
3	LV3003047026	leiden5	ST8	19.565	state_01	DCI	-2.41143804363202	state_01	IG-A
3	LV3003047026	grey	ST8	19.565	state_01	DCI	9.5544428882025	state_01	IG-A
3	LV3003047026	leiden3	ST8	19.565	state_01	DCI	0.0590053089337538	state_01	IG-A
3	LV3003047026	leiden6	ST8	19.565	state_01	DCI	0.181077717389607	state_01	IG-A
3	LV3003047041	leiden1	ST8	19.097	state_01	DCI	3.57196872589508	state_01	IG-A
3	LV3003047041	leiden2	ST8	19.097	state_01	DCI	4.62111685176875	state_01	IG-A
3	LV3003047041	leiden4	ST8	19.097	state_01	DCI	3.1792316241983	state_01	IG-A
3	LV3003047041	leiden3	ST8	19.097	state_01	DCI	3.58146534885511	state_01	IG-A
3	LV3003047041	leiden5	ST8	19.097	state_01	DCI	2.91433236729704	state_01	IG-A
3	LV3003047041	leiden6	ST8	19.097	state_01	DCI	-9.6372010119592	state_01	IG-A
3	LV3003047041	grey	ST8	19.097	state_01	DCI	-8.23091390605508	state_01	IG-A
3	LV3003047099	leiden4	ST8	25.058	state_01	DCI	3.42553639686711	state_01	IG-A
3	LV3003047099	leiden1	ST8	25.058	state_01	DCI	3.0519674084191	state_01	IG-A
3	LV3003047099	leiden2	ST8	25.058	state_01	DCI	5.34366553389018	state_01	IG-A
3	LV3003047099	leiden6	ST8	25.058	state_01	DCI	2.55533343521651	state_01	IG-A
3	LV3003047099	leiden3	ST8	25.058	state_01	DCI	-7.48831314295772	state_01	IG-A
3	LV3003047099	leiden5	ST8	25.058	state_01	DCI	1.64327503937634	state_01	IG-A
3	LV3003047099	grey	ST8	25.058	state_01	DCI	-8.53146467081153	state_01	IG-A
3	LV3003047118	leiden1	ST8	24.528	state_01	DCI	0.67213379996745	state_01	IG-A
3	LV3003047118	leiden2	ST8	24.528	state_01	DCI	2.44297746433934	state_01	IG-A
3	LV3003047118	leiden4	ST8	24.528	state_01	DCI	1.72496804472468	state_01	IG-A
3	LV3003047118	leiden5	ST8	24.528	state_01	DCI	-11.4007124379265	state_01	IG-A
3	LV3003047118	grey	ST8	24.528	state_01	DCI	3.45999607763663	state_01	IG-A
3	LV3003047118	leiden6	ST8	24.528	state_01	DCI	1.24889615380679	state_01	IG-A
3	LV3003047118	leiden3	ST8	24.528	state_01	DCI	1.85174089745158	state_01	IG-A
3	LV3003047132	leiden1	ST8	23.987	state_01	DCI	1.87073894377755	state_01	IG-A
3	LV3003047132	leiden2	ST8	23.987	state_01	DCI	2.51509752464196	state_01	IG-A
3	LV3003047132	leiden3	ST8	23.987	state_01	DCI	1.00824069178054	state_01	IG-A
3	LV3003047132	leiden4	ST8	23.987	state_01	DCI	1.48948777010311	state_01	IG-A
3	LV3003047132	leiden6	ST8	23.987	state_01	DCI	1.76886152267355	state_01	IG-A
3	LV3003047132	grey	ST8	23.987	state_01	DCI	-8.78625790709954	state_01	IG-A
3	LV3003047132	leiden5	ST8	23.987	state_01	DCI	0.133831454122834	state_01	IG-A
3	LV3003047145	leiden4	ST8	23.446	state_01	DCI	-2.30098223629964	state_01	IG-A
3	LV3003047145	leiden5	ST8	23.446	state_01	DCI	-2.70949407722359	state_01	IG-A
3	LV3003047145	leiden1	ST8	23.446	state_01	DCI	-1.52467544770204	state_01	IG-A
3	LV3003047145	leiden3	ST8	23.446	state_01	DCI	-1.53743759304314	state_01	IG-A
3	LV3003047145	grey	ST8	23.446	state_01	DCI	8.61367491244248	state_01	IG-A
3	LV3003047145	leiden2	ST8	23.446	state_01	DCI	-0.541085558174079	state_01	IG-A
3	LV3003061477	leiden1	ST13	16.726	state_01	DCI	1.43660438070933	state_01	IG-A
3	LV3003061477	leiden2	ST13	16.726	state_01	DCI	2.5708739436812	state_01	IG-A
3	LV3003061477	leiden3	ST13	16.726	state_01	DCI	1.82280729871733	state_01	IG-A
3	LV3003061477	leiden4	ST13	16.726	state_01	DCI	1.66856307045952	state_01	IG-A
3	LV3003061477	leiden5	ST13	16.726	state_01	DCI	1.81927997454902	state_01	IG-A
3	LV3003061477	leiden6	ST13	16.726	state_01	DCI	-0.410862287240837	state_01	IG-A
3	LV3003061477	grey	ST13	16.726	state_01	DCI	-8.90726638087556	state_01	IG-A
3	LV3003061492	leiden1	ST13	14.437	state_01	DCI	3.60568407440143	state_01	IG-A
3	LV3003061492	leiden3	ST13	14.437	state_01	DCI	3.91714158190806	state_01	IG-A
3	LV3003061492	leiden4	ST13	14.437	state_01	DCI	3.30182658367697	state_01	IG-A
3	LV3003061492	leiden2	ST13	14.437	state_01	DCI	4.24867538549705	state_01	IG-A
3	LV3003061492	leiden5	ST13	14.437	state_01	DCI	2.77164925942489	state_01	IG-A
3	LV3003061492	leiden6	ST13	14.437	state_01	DCI	-9.81954764394141	state_01	IG-A
3	LV3003061492	grey	ST13	14.437	state_01	DCI	-8.02542924096699	state_01	IG-A
3	LV3003061506	leiden1	ST13	11.95	state_01	DCI	0.650710010768846	state_01	IG-A
3	LV3003061506	leiden4	ST13	11.95	state_01	DCI	-1.94453429082083	state_01	IG-A
3	LV3003061506	leiden5	ST13	11.95	state_01	DCI	-2.3325660772789	state_01	IG-A
3	LV3003061506	leiden2	ST13	11.95	state_01	DCI	-0.356520151051654	state_01	IG-A
3	LV3003061506	leiden3	ST13	11.95	state_01	DCI	1.57184549997209	state_01	IG-A
3	LV3003061506	grey	ST13	11.95	state_01	DCI	1.57184549997209	state_01	IG-A
3	LV3003061506	leiden6	ST13	11.95	state_01	DCI	0.839219508438355	state_01	IG-A
3	LV3003061518	leiden1	ST13	9.804	state_01	DCI	3.60526011686575	state_01	IG-A
3	LV3003061518	leiden3	ST13	9.804	state_01	DCI	3.10765390288756	state_01	IG-A
3	LV3003061518	leiden4	ST13	9.804	state_01	DCI	2.5479140558211	state_01	IG-A
3	LV3003061518	leiden5	ST13	9.804	state_01	DCI	4.33428089069384	state_01	IG-A
3	LV3003061518	leiden2	ST13	9.804	state_01	DCI	3.8663111512893	state_01	IG-A
3	LV3003061518	leiden6	ST13	9.804	state_01	DCI	-9.87086149753462	state_01	IG-A
3	LV3003061518	grey	ST13	9.804	state_01	DCI	-7.59055862002294	state_01	IG-A
3	LV3003061533	leiden1	ST13	7.912	state_01	DCI	-9.94644278126253	state_01	IG-A
3	LV3003061533	leiden2	ST13	7.912	state_01	DCI	1.93965735157113	state_01	IG-A
3	LV3003061533	leiden4	ST13	7.912	state_01	DCI	0.252711534584929	state_01	IG-A
3	LV3003061533	leiden5	ST13	7.912	state_01	DCI	0.28258194065296	state_01	IG-A
3	LV3003061533	leiden3	ST13	7.912	state_01	DCI	-8.29640955759426	state_01	IG-A
3	LV3003061533	grey	ST13	7.912	state_01	DCI	15.7679015120478	state_01	IG-A
3	LV3003061546	leiden1	ST13	7.197	state_01	DCI	-0.136428845087682	state_01	IG-A
3	LV3003061546	leiden4	ST13	7.197	state_01	DCI	-2.13209274859281	state_01	IG-A
3	LV3003061546	leiden5	ST13	7.197	state_01	DCI	-0.916509442455856	state_01	IG-A
3	LV3003061546	leiden2	ST13	7.197	state_01	DCI	0.538328439916955	state_01	IG-A
3	LV3003061546	leiden3	ST13	7.197	state_01	DCI	-11.5017712197487	state_01	IG-A
3	LV3003061546	grey	ST13	7.197	state_01	DCI	14.1484738159681	state_01	IG-A
3	LV3003061572	leiden1	ST13	19.099	state_01	DCI	5.0689687770676	state_01	IG-A
3	LV3003061572	leiden2	ST13	19.099	state_01	DCI	4.70830122914075	state_01	IG-A
3	LV3003061572	leiden3	ST13	19.099	state_01	DCI	3.08545860245303	state_01	IG-A
3	LV3003061572	leiden4	ST13	19.099	state_01	DCI	2.53555079595427	state_01	IG-A
3	LV3003061572	leiden5	ST13	19.099	state_01	DCI	3.30272130801195	state_01	IG-A
3	LV3003061572	leiden6	ST13	19.099	state_01	DCI	-10.2844533673525	state_01	IG-A
3	LV3003061572	grey	ST13	19.099	state_01	DCI	-8.41654734527507	state_01	IG-A
3	LV7001898064	leiden1	ST13	6.808	state_01	DCI	4.00166570283307	state_01	IG-A
3	LV7001898064	leiden2	ST13	6.808	state_01	DCI	4.63414618704839	state_01	IG-A
3	LV7001898064	leiden4	ST13	6.808	state_01	DCI	2.84304861158248	state_01	IG-A
3	LV7001898064	leiden5	ST13	6.808	state_01	DCI	4.39029572867042	state_01	IG-A
3	LV7001898064	leiden3	ST13	6.808	state_01	DCI	3.44878043900754	state_01	IG-A
3	LV7001898064	grey	ST13	6.808	state_01	DCI	-9.40765390629004	state_01	IG-A
3	LV7001898064	leiden6	ST13	6.808	state_01	DCI	-9.91028276285185	state_01	IG-A
3	LV7001898076	leiden1	ST13	6.429	state_01	DCI	1.217683158354	state_01	IG-A
3	LV7001898076	leiden3	ST13	6.429	state_01	DCI	1.40422989254334	state_01	IG-A
3	LV7001898076	leiden4	ST13	6.429	state_01	DCI	0.70560065077776	state_01	IG-A
3	LV7001898076	leiden2	ST13	6.429	state_01	DCI	2.59844412935076	state_01	IG-A
3	LV7001898076	leiden5	ST13	6.429	state_01	DCI	1.87161919788557	state_01	IG-A
3	LV7001898076	leiden6	ST13	6.429	state_01	DCI	-10.5669634388768	state_01	IG-A
3	LV7001898076	grey	ST13	6.429	state_01	DCI	2.76938640996541	state_01	IG-A
3	LV7008886690	leiden4	GeoB25202_R1	2.324	state_01	DCI	-3.72401466282168	state_01	IG-A
3	LV7008886690	leiden5	GeoB25202_R1	2.324	state_01	DCI	-3.79920312559651	state_01	IG-A
3	LV7008886690	leiden2	GeoB25202_R1	2.324	state_01	DCI	10.5610549140312	state_01	IG-A
3	LV7008886690	grey	GeoB25202_R1	2.324	state_01	DCI	-0.455310790971625	state_01	IG-A
3	LV7008886690	leiden3	GeoB25202_R1	2.324	state_01	DCI	-0.455310790971625	state_01	IG-A
3	LV7008886690	leiden1	GeoB25202_R1	2.324	state_01	DCI	-2.12721554366976	state_01	IG-A
3	LV7008886702	leiden1	GeoB25202_R2	2.324	state_01	DCI	2.13012245925656	state_01	IG-A
3	LV7008886702	leiden4	GeoB25202_R2	2.324	state_01	DCI	2.10975997884606	state_01	IG-A
3	LV7008886702	leiden5	GeoB25202_R2	2.324	state_01	DCI	2.59615680163669	state_01	IG-A
3	LV7008886702	leiden3	GeoB25202_R2	2.324	state_01	DCI	-6.81469731713399	state_01	IG-A
3	LV7008886702	leiden2	GeoB25202_R2	2.324	state_01	DCI	4.92504347052516	state_01	IG-A
3	LV7008886702	grey	GeoB25202_R2	2.324	state_01	DCI	4.4577029586989	state_01	IG-A
3	LV7008886702	leiden6	GeoB25202_R2	2.324	state_01	DCI	-9.40408835182938	state_01	IG-A
3	LV7008886727	leiden1	GeoB25202_R1	16.4375	state_01	DCI	1.1314112198196	state_01	IG-A
3	LV7008886727	leiden3	GeoB25202_R1	16.4375	state_01	DCI	2.20677437798074	state_01	IG-A
3	LV7008886727	leiden4	GeoB25202_R1	16.4375	state_01	DCI	1.51208008356444	state_01	IG-A
3	LV7008886727	leiden2	GeoB25202_R1	16.4375	state_01	DCI	2.47761657235267	state_01	IG-A
3	LV7008886727	leiden5	GeoB25202_R1	16.4375	state_01	DCI	1.53611779139586	state_01	IG-A
3	LV7008886727	grey	GeoB25202_R1	16.4375	state_01	DCI	3.2579985187114	state_01	IG-A
3	LV7008886727	leiden6	GeoB25202_R1	16.4375	state_01	DCI	-12.1219985638247	state_01	IG-A
3	LV7008886739	leiden1	GeoB25202_R2	16.4375	state_01	DCI	1.63740390299204	state_01	IG-A
3	LV7008886739	leiden2	GeoB25202_R2	16.4375	state_01	DCI	2.24098496955846	state_01	IG-A
3	LV7008886739	leiden3	GeoB25202_R2	16.4375	state_01	DCI	2.00341678725938	state_01	IG-A
3	LV7008886739	leiden4	GeoB25202_R2	16.4375	state_01	DCI	1.25242553609557	state_01	IG-A
3	LV7008886739	leiden5	GeoB25202_R2	16.4375	state_01	DCI	1.54439553617748	state_01	IG-A
3	LV7008886739	leiden6	GeoB25202_R2	16.4375	state_01	DCI	1.55598905216664	state_01	IG-A
3	LV7008886739	grey	GeoB25202_R2	16.4375	state_01	DCI	-10.2346157842496	state_01	IG-A
3	LV7008886751	leiden2	GeoB25202_R1	7.1335	state_01	DCI	1.43580758527106	state_01	IG-A
3	LV7008886751	leiden3	GeoB25202_R1	7.1335	state_01	DCI	-5.87994870515098	state_01	IG-A
3	LV7008886751	leiden4	GeoB25202_R1	7.1335	state_01	DCI	1.52898528693187	state_01	IG-A
3	LV7008886751	leiden5	GeoB25202_R1	7.1335	state_01	DCI	0.257384165694029	state_01	IG-A
3	LV7008886751	leiden1	GeoB25202_R1	7.1335	state_01	DCI	-0.893322891166116	state_01	IG-A
3	LV7008886751	grey	GeoB25202_R1	7.1335	state_01	DCI	3.55109455842013	state_01	IG-A
3	LV7008886763	leiden2	GeoB25202_R2	7.1335	state_01	DCI	-6.63613196755037	state_01	IG-A
3	LV7008886763	leiden1	GeoB25202_R2	7.1335	state_01	DCI	-8.29277204657858	state_01	IG-A
3	LV7008886763	leiden4	GeoB25202_R2	7.1335	state_01	DCI	2.16769766042682	state_01	IG-A
3	LV7008886763	leiden5	GeoB25202_R2	7.1335	state_01	DCI	3.48428906151591	state_01	IG-A
3	LV7008886763	leiden3	GeoB25202_R2	7.1335	state_01	DCI	-7.95013364900055	state_01	IG-A
3	LV7008886763	grey	GeoB25202_R2	7.1335	state_01	DCI	17.2270509411868	state_01	IG-A
3	LV3003046936	leiden1	ST8	22.905	state_01	MII	-0.158432034657438	state_01	IG-A
3	LV3003046936	leiden2	ST8	22.905	state_01	MII	-0.151308963964885	state_01	IG-A
3	LV3003046936	leiden3	ST8	22.905	state_01	MII	-0.917879669809471	state_01	IG-A
3	LV3003046936	leiden4	ST8	22.905	state_01	MII	-0.545259628539774	state_01	IG-A
3	LV3003046936	grey	ST8	22.905	state_01	MII	0.533722631570439	state_01	IG-A
3	LV3003046936	leiden5	ST8	22.905	state_01	MII	0.599625014624645	state_01	IG-A
3	LV3003046936	leiden6	ST8	22.905	state_01	MII	0.639532650776483	state_01	IG-A
3	LV3003046937	leiden1	ST8	18.598	state_01	MII	-0.265291090702767	state_01	IG-A
3	LV3003046937	leiden4	ST8	18.598	state_01	MII	-0.785648942104861	state_01	IG-A
3	LV3003046937	leiden2	ST8	18.598	state_01	MII	-0.620533245851868	state_01	IG-A
3	LV3003046937	leiden3	ST8	18.598	state_01	MII	-0.913332708545587	state_01	IG-A
3	LV3003046937	leiden5	ST8	18.598	state_01	MII	-0.183214749644737	state_01	IG-A
3	LV3003046937	leiden6	ST8	18.598	state_01	MII	1.3717426952217	state_01	IG-A
3	LV3003046937	grey	ST8	18.598	state_01	MII	1.39627804162812	state_01	IG-A
3	LV3003046949	leiden1	ST8	22.3686666666667	state_01	MII	0.0300237852888072	state_01	IG-A
3	LV3003046949	leiden2	ST8	22.3686666666667	state_01	MII	-0.199249416370993	state_01	IG-A
3	LV3003046949	leiden3	ST8	22.3686666666667	state_01	MII	-0.802731902178648	state_01	IG-A
3	LV3003046949	leiden4	ST8	22.3686666666667	state_01	MII	-0.626062060500544	state_01	IG-A
3	LV3003046949	grey	ST8	22.3686666666667	state_01	MII	0.709643411130957	state_01	IG-A
3	LV3003046949	leiden5	ST8	22.3686666666667	state_01	MII	-0.17522348881287	state_01	IG-A
3	LV3003046949	leiden6	ST8	22.3686666666667	state_01	MII	1.06359967144329	state_01	IG-A
3	LV3003046950	leiden1	ST8	18.099	state_01	MII	0.0836023242386537	state_01	IG-A
3	LV3003046950	leiden2	ST8	18.099	state_01	MII	-0.127752800076791	state_01	IG-A
3	LV3003046950	leiden4	ST8	18.099	state_01	MII	-0.752152963331117	state_01	IG-A
3	LV3003046950	leiden6	ST8	18.099	state_01	MII	1.40572262071976	state_01	IG-A
3	LV3003046950	leiden3	ST8	18.099	state_01	MII	-0.685789537413216	state_01	IG-A
3	LV3003046950	leiden5	ST8	18.099	state_01	MII	-0.593426463290708	state_01	IG-A
3	LV3003046950	grey	ST8	18.099	state_01	MII	0.66979681915342	state_01	IG-A
3	LV3003046965	leiden1	ST8	21.8323333333333	state_01	MII	-0.281544801161003	state_01	IG-A
3	LV3003046965	leiden2	ST8	21.8323333333333	state_01	MII	-0.173027444384736	state_01	IG-A
3	LV3003046965	leiden3	ST8	21.8323333333333	state_01	MII	0.0194262344184635	state_01	IG-A
3	LV3003046965	leiden4	ST8	21.8323333333333	state_01	MII	-0.50984538847894	state_01	IG-A
3	LV3003046965	leiden5	ST8	21.8323333333333	state_01	MII	0.10634781461603	state_01	IG-A
3	LV3003046965	leiden6	ST8	21.8323333333333	state_01	MII	0.537018783319299	state_01	IG-A
3	LV3003046965	grey	ST8	21.8323333333333	state_01	MII	0.301624801670886	state_01	IG-A
3	LV3003046966	leiden1	ST8	17.373	state_01	MII	0.234479105997651	state_01	IG-A
3	LV3003046966	leiden4	ST8	17.373	state_01	MII	-0.602734772045788	state_01	IG-A
3	LV3003046966	leiden2	ST8	17.373	state_01	MII	0.00471867712784047	state_01	IG-A
3	LV3003046966	grey	ST8	17.373	state_01	MII	0.498674026584909	state_01	IG-A
3	LV3003046966	leiden6	ST8	17.373	state_01	MII	1.23427565450162	state_01	IG-A
3	LV3003046966	leiden3	ST8	17.373	state_01	MII	-0.734217327028445	state_01	IG-A
3	LV3003046966	leiden5	ST8	17.373	state_01	MII	-0.635195365137782	state_01	IG-A
3	LV3003046978	leiden1	ST8	21.296	state_01	MII	-0.500099246097985	state_01	IG-A
3	LV3003046978	leiden2	ST8	21.296	state_01	MII	-0.571906119020559	state_01	IG-A
3	LV3003046978	leiden3	ST8	21.296	state_01	MII	-0.367003126867975	state_01	IG-A
3	LV3003046978	leiden4	ST8	21.296	state_01	MII	-0.500437972949457	state_01	IG-A
3	LV3003046978	leiden5	ST8	21.296	state_01	MII	0.499703052138232	state_01	IG-A
3	LV3003046978	leiden6	ST8	21.296	state_01	MII	1.18077778071037	state_01	IG-A
3	LV3003046978	grey	ST8	21.296	state_01	MII	0.258965632087373	state_01	IG-A
3	LV3003046979	leiden2	ST8	16.461	state_01	MII	-0.680498847418998	state_01	IG-A
3	LV3003046979	leiden3	ST8	16.461	state_01	MII	0.93156935754779	state_01	IG-A
3	LV3003046979	leiden4	ST8	16.461	state_01	MII	-1.37989422113676	state_01	IG-A
3	LV3003046979	leiden5	ST8	16.461	state_01	MII	0.401884613620109	state_01	IG-A
3	LV3003046979	leiden1	ST8	16.461	state_01	MII	0.289224416718629	state_01	IG-A
3	LV3003046979	grey	ST8	16.461	state_01	MII	-0.333242593589109	state_01	IG-A
3	LV3003046979	leiden6	ST8	16.461	state_01	MII	0.770957274258336	state_01	IG-A
3	LV3003046993	leiden1	ST8	20.719	state_01	MII	0.513992267563871	state_01	IG-A
3	LV3003046993	leiden3	ST8	20.719	state_01	MII	-0.412514502307952	state_01	IG-A
3	LV3003046993	leiden4	ST8	20.719	state_01	MII	-0.445694546147834	state_01	IG-A
3	LV3003046993	leiden5	ST8	20.719	state_01	MII	1.07795576017032	state_01	IG-A
3	LV3003046993	leiden2	ST8	20.719	state_01	MII	-0.469523422642667	state_01	IG-A
3	LV3003046993	grey	ST8	20.719	state_01	MII	-0.282676748856612	state_01	IG-A
3	LV3003046993	leiden6	ST8	20.719	state_01	MII	0.0184611922208688	state_01	IG-A
3	LV3003046994	leiden4	ST8	15.549	state_01	MII	-0.299820981639126	state_01	IG-A
3	LV3003046994	leiden1	ST8	15.549	state_01	MII	0.691192036002668	state_01	IG-A
3	LV3003046994	leiden3	ST8	15.549	state_01	MII	1.72554629524289	state_01	IG-A
3	LV3003046994	grey	ST8	15.549	state_01	MII	-1.21222638689228	state_01	IG-A
3	LV3003046994	leiden5	ST8	15.549	state_01	MII	-0.0862939548789061	state_01	IG-A
3	LV3003046994	leiden2	ST8	15.549	state_01	MII	-0.818397007835246	state_01	IG-A
3	LV3003047009	leiden2	ST8	20.142	state_01	MII	-0.777732838904417	state_01	IG-A
3	LV3003047009	leiden4	ST8	20.142	state_01	MII	-0.392375634411595	state_01	IG-A
3	LV3003047009	leiden5	ST8	20.142	state_01	MII	0.525189780704485	state_01	IG-A
3	LV3003047009	leiden1	ST8	20.142	state_01	MII	0.717491357877536	state_01	IG-A
3	LV3003047009	grey	ST8	20.142	state_01	MII	-0.495661288261217	state_01	IG-A
3	LV3003047009	leiden3	ST8	20.142	state_01	MII	0.423088622995206	state_01	IG-A
3	LV3003047026	leiden1	ST8	19.565	state_01	MII	2.68736976810816	state_01	IG-A
3	LV3003047026	leiden2	ST8	19.565	state_01	MII	1.18117328954805	state_01	IG-A
3	LV3003047026	leiden4	ST8	19.565	state_01	MII	1.71450248032878	state_01	IG-A
3	LV3003047026	leiden5	ST8	19.565	state_01	MII	2.25528931398425	state_01	IG-A
3	LV3003047026	grey	ST8	19.565	state_01	MII	0.84069744919771	state_01	IG-A
3	LV3003047026	leiden3	ST8	19.565	state_01	MII	2.00318130249052	state_01	IG-A
3	LV3003047026	leiden6	ST8	19.565	state_01	MII	-10.6822136036575	state_01	IG-A
3	LV3003047041	leiden1	ST8	19.097	state_01	MII	0.00735404684934471	state_01	IG-A
3	LV3003047041	leiden2	ST8	19.097	state_01	MII	-0.433469595997824	state_01	IG-A
3	LV3003047041	leiden4	ST8	19.097	state_01	MII	-0.663627516125171	state_01	IG-A
3	LV3003047041	leiden3	ST8	19.097	state_01	MII	-1.08476357959951	state_01	IG-A
3	LV3003047041	leiden5	ST8	19.097	state_01	MII	-0.204857053651196	state_01	IG-A
3	LV3003047041	leiden6	ST8	19.097	state_01	MII	1.28360562645394	state_01	IG-A
3	LV3003047041	grey	ST8	19.097	state_01	MII	1.09575807207042	state_01	IG-A
3	LV3003047099	leiden4	ST8	25.058	state_01	MII	-0.396702298375931	state_01	IG-A
3	LV3003047099	leiden1	ST8	25.058	state_01	MII	0.383256801781616	state_01	IG-A
3	LV3003047099	leiden2	ST8	25.058	state_01	MII	-0.173356253525646	state_01	IG-A
3	LV3003047099	leiden6	ST8	25.058	state_01	MII	0.916907411193086	state_01	IG-A
3	LV3003047099	leiden3	ST8	25.058	state_01	MII	-0.806157658107087	state_01	IG-A
3	LV3003047099	leiden5	ST8	25.058	state_01	MII	-0.401537686506889	state_01	IG-A
3	LV3003047099	grey	ST8	25.058	state_01	MII	0.477589683540852	state_01	IG-A
3	LV3003047118	leiden1	ST8	24.528	state_01	MII	-0.304361552284735	state_01	IG-A
3	LV3003047118	leiden2	ST8	24.528	state_01	MII	-0.433745080871806	state_01	IG-A
3	LV3003047118	leiden4	ST8	24.528	state_01	MII	-0.292437187338681	state_01	IG-A
3	LV3003047118	leiden5	ST8	24.528	state_01	MII	0.609492431073569	state_01	IG-A
3	LV3003047118	grey	ST8	24.528	state_01	MII	0.89088127041611	state_01	IG-A
3	LV3003047118	leiden6	ST8	24.528	state_01	MII	-0.156332293009225	state_01	IG-A
3	LV3003047118	leiden3	ST8	24.528	state_01	MII	-0.313497587985235	state_01	IG-A
3	LV3003047132	leiden1	ST8	23.987	state_01	MII	-0.0487104445642266	state_01	IG-A
3	LV3003047132	leiden2	ST8	23.987	state_01	MII	-0.264342685390139	state_01	IG-A
3	LV3003047132	leiden3	ST8	23.987	state_01	MII	-0.888664386729143	state_01	IG-A
3	LV3003047132	leiden4	ST8	23.987	state_01	MII	-0.647668380671713	state_01	IG-A
3	LV3003047132	leiden6	ST8	23.987	state_01	MII	1.20743125487665	state_01	IG-A
3	LV3003047132	grey	ST8	23.987	state_01	MII	0.597550134477289	state_01	IG-A
3	LV3003047132	leiden5	ST8	23.987	state_01	MII	0.0444045080012874	state_01	IG-A
3	LV3003047145	leiden4	ST8	23.446	state_01	MII	-0.257776159498626	state_01	IG-A
3	LV3003047145	leiden5	ST8	23.446	state_01	MII	0.68763720241494	state_01	IG-A
3	LV3003047145	leiden1	ST8	23.446	state_01	MII	0.680662386595224	state_01	IG-A
3	LV3003047145	leiden3	ST8	23.446	state_01	MII	-1.41966605499557	state_01	IG-A
3	LV3003047145	grey	ST8	23.446	state_01	MII	0.616953113773444	state_01	IG-A
3	LV3003047145	leiden2	ST8	23.446	state_01	MII	-0.307810488289417	state_01	IG-A
3	LV3003061477	leiden1	ST13	16.726	state_01	MII	-0.0504014945888063	state_01	IG-A
3	LV3003061477	leiden2	ST13	16.726	state_01	MII	-0.473203637572945	state_01	IG-A
3	LV3003061477	leiden3	ST13	16.726	state_01	MII	-0.75866360267884	state_01	IG-A
3	LV3003061477	leiden4	ST13	16.726	state_01	MII	-0.545357284000274	state_01	IG-A
3	LV3003061477	leiden5	ST13	16.726	state_01	MII	-0.454612661514064	state_01	IG-A
3	LV3003061477	leiden6	ST13	16.726	state_01	MII	1.49676265556689	state_01	IG-A
3	LV3003061477	grey	ST13	16.726	state_01	MII	0.785476024788044	state_01	IG-A
3	LV3003061492	leiden1	ST13	14.437	state_01	MII	-0.349423991449822	state_01	IG-A
3	LV3003061492	leiden3	ST13	14.437	state_01	MII	-0.724579112135517	state_01	IG-A
3	LV3003061492	leiden4	ST13	14.437	state_01	MII	-0.964051706841036	state_01	IG-A
3	LV3003061492	leiden2	ST13	14.437	state_01	MII	-0.847493516932016	state_01	IG-A
3	LV3003061492	leiden5	ST13	14.437	state_01	MII	0.234447242567985	state_01	IG-A
3	LV3003061492	leiden6	ST13	14.437	state_01	MII	1.66581471467637	state_01	IG-A
3	LV3003061492	grey	ST13	14.437	state_01	MII	0.985286370114044	state_01	IG-A
3	LV3003061506	leiden1	ST13	11.95	state_01	MII	-0.43684293638251	state_01	IG-A
3	LV3003061506	leiden4	ST13	11.95	state_01	MII	-0.330452333384578	state_01	IG-A
3	LV3003061506	leiden5	ST13	11.95	state_01	MII	0.534016610905669	state_01	IG-A
3	LV3003061506	leiden2	ST13	11.95	state_01	MII	-0.579515831247728	state_01	IG-A
3	LV3003061506	leiden3	ST13	11.95	state_01	MII	-0.874281756179912	state_01	IG-A
3	LV3003061506	grey	ST13	11.95	state_01	MII	0.483340499243342	state_01	IG-A
3	LV3003061506	leiden6	ST13	11.95	state_01	MII	1.20373574704571	state_01	IG-A
3	LV3003061518	leiden1	ST13	9.804	state_01	MII	-0.156529253866647	state_01	IG-A
3	LV3003061518	leiden3	ST13	9.804	state_01	MII	-1.28450986073559	state_01	IG-A
3	LV3003061518	leiden4	ST13	9.804	state_01	MII	-0.795225751730997	state_01	IG-A
3	LV3003061518	leiden5	ST13	9.804	state_01	MII	0.398385838578652	state_01	IG-A
3	LV3003061518	leiden2	ST13	9.804	state_01	MII	-0.564914859758348	state_01	IG-A
3	LV3003061518	leiden6	ST13	9.804	state_01	MII	2.07555175530905	state_01	IG-A
3	LV3003061518	grey	ST13	9.804	state_01	MII	0.327242132203876	state_01	IG-A
3	LV3003061533	leiden1	ST13	7.912	state_01	MII	0.475106443815722	state_01	IG-A
3	LV3003061533	leiden2	ST13	7.912	state_01	MII	-0.958156102076392	state_01	IG-A
3	LV3003061533	leiden4	ST13	7.912	state_01	MII	-0.0616608173130575	state_01	IG-A
3	LV3003061533	leiden5	ST13	7.912	state_01	MII	0.222661835713325	state_01	IG-A
3	LV3003061533	leiden3	ST13	7.912	state_01	MII	0.328647038795449	state_01	IG-A
3	LV3003061533	grey	ST13	7.912	state_01	MII	-0.00659839893504799	state_01	IG-A
3	LV3003061546	leiden1	ST13	7.197	state_01	MII	-0.161223794139609	state_01	IG-A
3	LV3003061546	leiden4	ST13	7.197	state_01	MII	0.394530024624248	state_01	IG-A
3	LV3003061546	leiden5	ST13	7.197	state_01	MII	-0.167503847546491	state_01	IG-A
3	LV3003061546	leiden2	ST13	7.197	state_01	MII	-0.620545040413528	state_01	IG-A
3	LV3003061546	leiden3	ST13	7.197	state_01	MII	-0.100952151285625	state_01	IG-A
3	LV3003061546	grey	ST13	7.197	state_01	MII	0.655694808761004	state_01	IG-A
3	LV3003061572	leiden1	ST13	19.099	state_01	MII	0.310565229962994	state_01	IG-A
3	LV3003061572	leiden2	ST13	19.099	state_01	MII	-0.530162496147282	state_01	IG-A
3	LV3003061572	leiden3	ST13	19.099	state_01	MII	-0.971357833936916	state_01	IG-A
3	LV3003061572	leiden4	ST13	19.099	state_01	MII	-0.822268179199061	state_01	IG-A
3	LV3003061572	leiden5	ST13	19.099	state_01	MII	0.143100007849665	state_01	IG-A
3	LV3003061572	leiden6	ST13	19.099	state_01	MII	1.27922503720313	state_01	IG-A
3	LV3003061572	grey	ST13	19.099	state_01	MII	0.590898234267472	state_01	IG-A
3	LV7001898064	leiden1	ST13	6.808	state_01	MII	-0.175705151391407	state_01	IG-A
3	LV7001898064	leiden2	ST13	6.808	state_01	MII	-0.619287054968072	state_01	IG-A
3	LV7001898064	leiden4	ST13	6.808	state_01	MII	0.114148052001509	state_01	IG-A
3	LV7001898064	leiden5	ST13	6.808	state_01	MII	-0.955479693870545	state_01	IG-A
3	LV7001898064	leiden3	ST13	6.808	state_01	MII	-0.631903380273751	state_01	IG-A
3	LV7001898064	grey	ST13	6.808	state_01	MII	0.230848220976949	state_01	IG-A
3	LV7001898064	leiden6	ST13	6.808	state_01	MII	2.03737900752532	state_01	IG-A
3	LV7001898076	leiden1	ST13	6.429	state_01	MII	-0.0923294403415786	state_01	IG-A
3	LV7001898076	leiden3	ST13	6.429	state_01	MII	-0.802010615995832	state_01	IG-A
3	LV7001898076	leiden4	ST13	6.429	state_01	MII	0.0195004830080037	state_01	IG-A
3	LV7001898076	leiden2	ST13	6.429	state_01	MII	-0.847327820154798	state_01	IG-A
3	LV7001898076	leiden5	ST13	6.429	state_01	MII	0.61683886086002	state_01	IG-A
3	LV7001898076	leiden6	ST13	6.429	state_01	MII	0.535708091583074	state_01	IG-A
3	LV7001898076	grey	ST13	6.429	state_01	MII	0.569620441041109	state_01	IG-A
3	LV7008886690	leiden4	GeoB25202_R1	2.324	state_01	MII	3.74435902181709	state_01	IG-A
3	LV7008886690	leiden5	GeoB25202_R1	2.324	state_01	MII	3.24945378188289	state_01	IG-A
3	LV7008886690	leiden2	GeoB25202_R1	2.324	state_01	MII	2.23767813391831	state_01	IG-A
3	LV7008886690	grey	GeoB25202_R1	2.324	state_01	MII	-8.05363383105892	state_01	IG-A
3	LV7008886690	leiden3	GeoB25202_R1	2.324	state_01	MII	8.69348560543605	state_01	IG-A
3	LV7008886690	leiden1	GeoB25202_R1	2.324	state_01	MII	-9.87134271199541	state_01	IG-A
3	LV7008886702	leiden1	GeoB25202_R2	2.324	state_01	MII	2.09462214217969	state_01	IG-A
3	LV7008886702	leiden4	GeoB25202_R2	2.324	state_01	MII	1.92311638842499	state_01	IG-A
3	LV7008886702	leiden5	GeoB25202_R2	2.324	state_01	MII	1.14243572071881	state_01	IG-A
3	LV7008886702	leiden3	GeoB25202_R2	2.324	state_01	MII	1.69663021902578	state_01	IG-A
3	LV7008886702	leiden2	GeoB25202_R2	2.324	state_01	MII	0.627265579054362	state_01	IG-A
3	LV7008886702	grey	GeoB25202_R2	2.324	state_01	MII	-9.88582441917536	state_01	IG-A
3	LV7008886702	leiden6	GeoB25202_R2	2.324	state_01	MII	2.40175436977173	state_01	IG-A
3	LV7008886727	leiden1	GeoB25202_R1	16.4375	state_01	MII	1.15828564033137	state_01	IG-A
3	LV7008886727	leiden3	GeoB25202_R1	16.4375	state_01	MII	0.921615528719451	state_01	IG-A
3	LV7008886727	leiden4	GeoB25202_R1	16.4375	state_01	MII	1.26246633618336	state_01	IG-A
3	LV7008886727	leiden2	GeoB25202_R1	16.4375	state_01	MII	1.01238678724788	state_01	IG-A
3	LV7008886727	leiden5	GeoB25202_R1	16.4375	state_01	MII	2.4785478651819	state_01	IG-A
3	LV7008886727	grey	GeoB25202_R1	16.4375	state_01	MII	-10.3565535331668	state_01	IG-A
3	LV7008886727	leiden6	GeoB25202_R1	16.4375	state_01	MII	3.52325137550286	state_01	IG-A
3	LV7008886739	leiden1	GeoB25202_R2	16.4375	state_01	MII	-0.351174588244373	state_01	IG-A
3	LV7008886739	leiden2	GeoB25202_R2	16.4375	state_01	MII	-0.67309516545424	state_01	IG-A
3	LV7008886739	leiden3	GeoB25202_R2	16.4375	state_01	MII	-0.583982799991131	state_01	IG-A
3	LV7008886739	leiden4	GeoB25202_R2	16.4375	state_01	MII	-0.618888108017437	state_01	IG-A
3	LV7008886739	leiden5	GeoB25202_R2	16.4375	state_01	MII	0.492770385124384	state_01	IG-A
3	LV7008886739	leiden6	GeoB25202_R2	16.4375	state_01	MII	1.15319249418391	state_01	IG-A
3	LV7008886739	grey	GeoB25202_R2	16.4375	state_01	MII	0.581177782398889	state_01	IG-A
3	LV7008886751	leiden2	GeoB25202_R1	7.1335	state_01	MII	-0.236142285681484	state_01	IG-A
3	LV7008886751	leiden3	GeoB25202_R1	7.1335	state_01	MII	-1.83605423428249	state_01	IG-A
3	LV7008886751	leiden4	GeoB25202_R1	7.1335	state_01	MII	0.643717798402058	state_01	IG-A
3	LV7008886751	leiden5	GeoB25202_R1	7.1335	state_01	MII	0.398584502909598	state_01	IG-A
3	LV7008886751	leiden1	GeoB25202_R1	7.1335	state_01	MII	0.2291009155077	state_01	IG-A
3	LV7008886751	grey	GeoB25202_R1	7.1335	state_01	MII	0.800793303144617	state_01	IG-A
3	LV7008886763	leiden2	GeoB25202_R2	7.1335	state_01	MII	-0.798082057208913	state_01	IG-A
3	LV7008886763	leiden1	GeoB25202_R2	7.1335	state_01	MII	1.8512483433556	state_01	IG-A
3	LV7008886763	leiden4	GeoB25202_R2	7.1335	state_01	MII	0.097404929661613	state_01	IG-A
3	LV7008886763	leiden5	GeoB25202_R2	7.1335	state_01	MII	-0.512138829900913	state_01	IG-A
3	LV7008886763	leiden3	GeoB25202_R2	7.1335	state_01	MII	0.37013101707508	state_01	IG-A
3	LV7008886763	grey	GeoB25202_R2	7.1335	state_01	MII	-1.00856340298246	state_01	IG-A
3	LV3003046936	leiden1	ST8	22.905	state_01	SRPI	-0.0486546786543937	state_01	IG-A
3	LV3003046936	leiden2	ST8	22.905	state_01	SRPI	0.087877383944971	state_01	IG-A
3	LV3003046936	leiden3	ST8	22.905	state_01	SRPI	0.260852610280983	state_01	IG-A
3	LV3003046936	leiden4	ST8	22.905	state_01	SRPI	-0.01408087342737	state_01	IG-A
3	LV3003046936	grey	ST8	22.905	state_01	SRPI	-0.182040599841385	state_01	IG-A
3	LV3003046936	leiden5	ST8	22.905	state_01	SRPI	1.02137375464468	state_01	IG-A
3	LV3003046936	leiden6	ST8	22.905	state_01	SRPI	-1.12532759694749	state_01	IG-A
3	LV3003046937	leiden1	ST8	18.598	state_01	SRPI	0.348134367610279	state_01	IG-A
3	LV3003046937	leiden4	ST8	18.598	state_01	SRPI	0.0437560384577725	state_01	IG-A
3	LV3003046937	leiden2	ST8	18.598	state_01	SRPI	0.0391562697184559	state_01	IG-A
3	LV3003046937	leiden3	ST8	18.598	state_01	SRPI	0.354353532011751	state_01	IG-A
3	LV3003046937	leiden5	ST8	18.598	state_01	SRPI	0.840690298253416	state_01	IG-A
3	LV3003046937	leiden6	ST8	18.598	state_01	SRPI	-1.33762576700322	state_01	IG-A
3	LV3003046937	grey	ST8	18.598	state_01	SRPI	-0.288464739048457	state_01	IG-A
3	LV3003046949	leiden1	ST8	22.3686666666667	state_01	SRPI	0.363724099422702	state_01	IG-A
3	LV3003046949	leiden2	ST8	22.3686666666667	state_01	SRPI	-0.124206602274649	state_01	IG-A
3	LV3003046949	leiden3	ST8	22.3686666666667	state_01	SRPI	0.257971586553229	state_01	IG-A
3	LV3003046949	leiden4	ST8	22.3686666666667	state_01	SRPI	0.0068900247148872	state_01	IG-A
3	LV3003046949	grey	ST8	22.3686666666667	state_01	SRPI	-0.345620230894404	state_01	IG-A
3	LV3003046949	leiden5	ST8	22.3686666666667	state_01	SRPI	0.906229544390335	state_01	IG-A
3	LV3003046949	leiden6	ST8	22.3686666666667	state_01	SRPI	-1.0649884219121	state_01	IG-A
3	LV3003046950	leiden1	ST8	18.099	state_01	SRPI	0.0715148889112529	state_01	IG-A
3	LV3003046950	leiden2	ST8	18.099	state_01	SRPI	0.127154741502681	state_01	IG-A
3	LV3003046950	leiden4	ST8	18.099	state_01	SRPI	0.0229514002433928	state_01	IG-A
3	LV3003046950	leiden6	ST8	18.099	state_01	SRPI	-0.594885816319906	state_01	IG-A
3	LV3003046950	leiden3	ST8	18.099	state_01	SRPI	0.136553245145286	state_01	IG-A
3	LV3003046950	leiden5	ST8	18.099	state_01	SRPI	0.235169707504163	state_01	IG-A
3	LV3003046950	grey	ST8	18.099	state_01	SRPI	0.00154183301313027	state_01	IG-A
3	LV3003046965	leiden1	ST8	21.8323333333333	state_01	SRPI	-0.0909559567864338	state_01	IG-A
3	LV3003046965	leiden2	ST8	21.8323333333333	state_01	SRPI	-0.0434008687444385	state_01	IG-A
3	LV3003046965	leiden3	ST8	21.8323333333333	state_01	SRPI	0.298315345075097	state_01	IG-A
3	LV3003046965	leiden4	ST8	21.8323333333333	state_01	SRPI	-0.0962396777646879	state_01	IG-A
3	LV3003046965	leiden5	ST8	21.8323333333333	state_01	SRPI	0.527545434832508	state_01	IG-A
3	LV3003046965	leiden6	ST8	21.8323333333333	state_01	SRPI	-0.672443415634874	state_01	IG-A
3	LV3003046965	grey	ST8	21.8323333333333	state_01	SRPI	0.0771791390228285	state_01	IG-A
3	LV3003046966	leiden1	ST8	17.373	state_01	SRPI	0.066212859146386	state_01	IG-A
3	LV3003046966	leiden4	ST8	17.373	state_01	SRPI	0.26531431976834	state_01	IG-A
3	LV3003046966	leiden2	ST8	17.373	state_01	SRPI	0.107446790038777	state_01	IG-A
3	LV3003046966	grey	ST8	17.373	state_01	SRPI	-0.378817428879471	state_01	IG-A
3	LV3003046966	leiden6	ST8	17.373	state_01	SRPI	-0.746498153828073	state_01	IG-A
3	LV3003046966	leiden3	ST8	17.373	state_01	SRPI	0.523991904886788	state_01	IG-A
3	LV3003046966	leiden5	ST8	17.373	state_01	SRPI	0.162349708867252	state_01	IG-A
3	LV3003046978	leiden1	ST8	21.296	state_01	SRPI	0.748720478772765	state_01	IG-A
3	LV3003046978	leiden2	ST8	21.296	state_01	SRPI	-0.0213618202892218	state_01	IG-A
3	LV3003046978	leiden3	ST8	21.296	state_01	SRPI	0.722080301816277	state_01	IG-A
3	LV3003046978	leiden4	ST8	21.296	state_01	SRPI	0.106641557873752	state_01	IG-A
3	LV3003046978	leiden5	ST8	21.296	state_01	SRPI	1.04973673672002	state_01	IG-A
3	LV3003046978	leiden6	ST8	21.296	state_01	SRPI	-2.40983047182238	state_01	IG-A
3	LV3003046978	grey	ST8	21.296	state_01	SRPI	-0.195986783071215	state_01	IG-A
3	LV3003046979	leiden2	ST8	16.461	state_01	SRPI	-0.0856422528360556	state_01	IG-A
3	LV3003046979	leiden3	ST8	16.461	state_01	SRPI	0.717528633732074	state_01	IG-A
3	LV3003046979	leiden4	ST8	16.461	state_01	SRPI	0.321453218290385	state_01	IG-A
3	LV3003046979	leiden5	ST8	16.461	state_01	SRPI	0.412846813892488	state_01	IG-A
3	LV3003046979	leiden1	ST8	16.461	state_01	SRPI	0.118692460745652	state_01	IG-A
3	LV3003046979	grey	ST8	16.461	state_01	SRPI	-0.745129244254595	state_01	IG-A
3	LV3003046979	leiden6	ST8	16.461	state_01	SRPI	-0.739749629569946	state_01	IG-A
3	LV3003046993	leiden1	ST8	20.719	state_01	SRPI	1.49499165381406	state_01	IG-A
3	LV3003046993	leiden3	ST8	20.719	state_01	SRPI	1.55094849929234	state_01	IG-A
3	LV3003046993	leiden4	ST8	20.719	state_01	SRPI	1.03737236020184	state_01	IG-A
3	LV3003046993	leiden5	ST8	20.719	state_01	SRPI	1.46195159169178	state_01	IG-A
3	LV3003046993	leiden2	ST8	20.719	state_01	SRPI	0.883256909290431	state_01	IG-A
3	LV3003046993	grey	ST8	20.719	state_01	SRPI	0.944106928007055	state_01	IG-A
3	LV3003046993	leiden6	ST8	20.719	state_01	SRPI	-7.37262794229751	state_01	IG-A
3	LV3003046994	leiden4	ST8	15.549	state_01	SRPI	-0.387339422770997	state_01	IG-A
3	LV3003046994	leiden1	ST8	15.549	state_01	SRPI	0.231832460767152	state_01	IG-A
3	LV3003046994	leiden3	ST8	15.549	state_01	SRPI	0.561344971061274	state_01	IG-A
3	LV3003046994	grey	ST8	15.549	state_01	SRPI	1.11812662182355	state_01	IG-A
3	LV3003046994	leiden5	ST8	15.549	state_01	SRPI	-0.9003035470963	state_01	IG-A
3	LV3003046994	leiden2	ST8	15.549	state_01	SRPI	-0.623661083784679	state_01	IG-A
3	LV3003047009	leiden2	ST8	20.142	state_01	SRPI	-0.797088973771526	state_01	IG-A
3	LV3003047009	leiden4	ST8	20.142	state_01	SRPI	-0.671261133871592	state_01	IG-A
3	LV3003047009	leiden5	ST8	20.142	state_01	SRPI	-0.33638109792425	state_01	IG-A
3	LV3003047009	leiden1	ST8	20.142	state_01	SRPI	0.184223597382655	state_01	IG-A
3	LV3003047009	grey	ST8	20.142	state_01	SRPI	1.11856125301427	state_01	IG-A
3	LV3003047009	leiden3	ST8	20.142	state_01	SRPI	0.501946355170438	state_01	IG-A
3	LV3003047026	leiden1	ST8	19.565	state_01	SRPI	0.256259404490776	state_01	IG-A
3	LV3003047026	leiden2	ST8	19.565	state_01	SRPI	-0.411552378428089	state_01	IG-A
3	LV3003047026	leiden4	ST8	19.565	state_01	SRPI	-0.493768882039607	state_01	IG-A
3	LV3003047026	leiden5	ST8	19.565	state_01	SRPI	-0.229598890195412	state_01	IG-A
3	LV3003047026	grey	ST8	19.565	state_01	SRPI	1.27043412330925	state_01	IG-A
3	LV3003047026	leiden3	ST8	19.565	state_01	SRPI	0.684582617654739	state_01	IG-A
3	LV3003047026	leiden6	ST8	19.565	state_01	SRPI	-1.07635599479166	state_01	IG-A
3	LV3003047041	leiden1	ST8	19.097	state_01	SRPI	0.239219216104547	state_01	IG-A
3	LV3003047041	leiden2	ST8	19.097	state_01	SRPI	0.164728294132219	state_01	IG-A
3	LV3003047041	leiden4	ST8	19.097	state_01	SRPI	0.255150997399205	state_01	IG-A
3	LV3003047041	leiden3	ST8	19.097	state_01	SRPI	0.636137295018317	state_01	IG-A
3	LV3003047041	leiden5	ST8	19.097	state_01	SRPI	0.626875297844506	state_01	IG-A
3	LV3003047041	leiden6	ST8	19.097	state_01	SRPI	-0.833410262580849	state_01	IG-A
3	LV3003047041	grey	ST8	19.097	state_01	SRPI	-1.08870083791795	state_01	IG-A
3	LV3003047099	leiden4	ST8	25.058	state_01	SRPI	0.098374841159058	state_01	IG-A
3	LV3003047099	leiden1	ST8	25.058	state_01	SRPI	0.588116295817732	state_01	IG-A
3	LV3003047099	leiden2	ST8	25.058	state_01	SRPI	0.218660216849759	state_01	IG-A
3	LV3003047099	leiden6	ST8	25.058	state_01	SRPI	-0.215950350538286	state_01	IG-A
3	LV3003047099	leiden3	ST8	25.058	state_01	SRPI	0.565937458989191	state_01	IG-A
3	LV3003047099	leiden5	ST8	25.058	state_01	SRPI	0.888640368370109	state_01	IG-A
3	LV3003047099	grey	ST8	25.058	state_01	SRPI	-2.14377883064756	state_01	IG-A
3	LV3003047118	leiden1	ST8	24.528	state_01	SRPI	0.785232698671226	state_01	IG-A
3	LV3003047118	leiden2	ST8	24.528	state_01	SRPI	-0.127395591830451	state_01	IG-A
3	LV3003047118	leiden4	ST8	24.528	state_01	SRPI	-0.268419597746571	state_01	IG-A
3	LV3003047118	leiden5	ST8	24.528	state_01	SRPI	0.961118887467321	state_01	IG-A
3	LV3003047118	grey	ST8	24.528	state_01	SRPI	0.119500087518664	state_01	IG-A
3	LV3003047118	leiden6	ST8	24.528	state_01	SRPI	-1.5655700514979	state_01	IG-A
3	LV3003047118	leiden3	ST8	24.528	state_01	SRPI	0.0955335674177066	state_01	IG-A
3	LV3003047132	leiden1	ST8	23.987	state_01	SRPI	-0.0723160072076636	state_01	IG-A
3	LV3003047132	leiden2	ST8	23.987	state_01	SRPI	-0.0351222131605131	state_01	IG-A
3	LV3003047132	leiden3	ST8	23.987	state_01	SRPI	0.352937092910225	state_01	IG-A
3	LV3003047132	leiden4	ST8	23.987	state_01	SRPI	-0.0756933615581594	state_01	IG-A
3	LV3003047132	leiden6	ST8	23.987	state_01	SRPI	-0.870689963572567	state_01	IG-A
3	LV3003047132	grey	ST8	23.987	state_01	SRPI	-0.292803146920567	state_01	IG-A
3	LV3003047132	leiden5	ST8	23.987	state_01	SRPI	0.993687599509245	state_01	IG-A
3	LV3003047145	leiden4	ST8	23.446	state_01	SRPI	-0.588624265874303	state_01	IG-A
3	LV3003047145	leiden5	ST8	23.446	state_01	SRPI	-0.113703431652413	state_01	IG-A
3	LV3003047145	leiden1	ST8	23.446	state_01	SRPI	-0.0396841657589964	state_01	IG-A
3	LV3003047145	leiden3	ST8	23.446	state_01	SRPI	0.14251131968177	state_01	IG-A
3	LV3003047145	grey	ST8	23.446	state_01	SRPI	1.23644344573333	state_01	IG-A
3	LV3003047145	leiden2	ST8	23.446	state_01	SRPI	-0.636942902129388	state_01	IG-A
3	LV3003061477	leiden1	ST13	16.726	state_01	SRPI	-0.155884157217637	state_01	IG-A
3	LV3003061477	leiden2	ST13	16.726	state_01	SRPI	0.251722998796633	state_01	IG-A
3	LV3003061477	leiden3	ST13	16.726	state_01	SRPI	0.0574364487958958	state_01	IG-A
3	LV3003061477	leiden4	ST13	16.726	state_01	SRPI	0.193167843144319	state_01	IG-A
3	LV3003061477	leiden5	ST13	16.726	state_01	SRPI	0.592630326194198	state_01	IG-A
3	LV3003061477	leiden6	ST13	16.726	state_01	SRPI	-0.66872533429617	state_01	IG-A
3	LV3003061477	grey	ST13	16.726	state_01	SRPI	-0.270348125417239	state_01	IG-A
3	LV3003061492	leiden1	ST13	14.437	state_01	SRPI	-0.145612205790785	state_01	IG-A
3	LV3003061492	leiden3	ST13	14.437	state_01	SRPI	-0.359178811807131	state_01	IG-A
3	LV3003061492	leiden4	ST13	14.437	state_01	SRPI	0.164413601238409	state_01	IG-A
3	LV3003061492	leiden2	ST13	14.437	state_01	SRPI	0.387707494377677	state_01	IG-A
3	LV3003061492	leiden5	ST13	14.437	state_01	SRPI	0.631519235008223	state_01	IG-A
3	LV3003061492	leiden6	ST13	14.437	state_01	SRPI	-0.66039363815823	state_01	IG-A
3	LV3003061492	grey	ST13	14.437	state_01	SRPI	-0.0184556748681626	state_01	IG-A
3	LV3003061506	leiden1	ST13	11.95	state_01	SRPI	2.3352893074667	state_01	IG-A
3	LV3003061506	leiden4	ST13	11.95	state_01	SRPI	1.23671747852871	state_01	IG-A
3	LV3003061506	leiden5	ST13	11.95	state_01	SRPI	2.18468687094945	state_01	IG-A
3	LV3003061506	leiden2	ST13	11.95	state_01	SRPI	0.774367201492504	state_01	IG-A
3	LV3003061506	leiden3	ST13	11.95	state_01	SRPI	1.67427480687735	state_01	IG-A
3	LV3003061506	grey	ST13	11.95	state_01	SRPI	-1.13571860915894	state_01	IG-A
3	LV3003061506	leiden6	ST13	11.95	state_01	SRPI	-7.06961705615577	state_01	IG-A
3	LV3003061518	leiden1	ST13	9.804	state_01	SRPI	-0.565245778946269	state_01	IG-A
3	LV3003061518	leiden3	ST13	9.804	state_01	SRPI	-0.0587834227098836	state_01	IG-A
3	LV3003061518	leiden4	ST13	9.804	state_01	SRPI	-0.0147404830562434	state_01	IG-A
3	LV3003061518	leiden5	ST13	9.804	state_01	SRPI	0.762321259559508	state_01	IG-A
3	LV3003061518	leiden2	ST13	9.804	state_01	SRPI	-0.0151593831570149	state_01	IG-A
3	LV3003061518	leiden6	ST13	9.804	state_01	SRPI	-0.0944131697738788	state_01	IG-A
3	LV3003061518	grey	ST13	9.804	state_01	SRPI	-0.0139790219162186	state_01	IG-A
3	LV3003061533	leiden1	ST13	7.912	state_01	SRPI	0.464010054936213	state_01	IG-A
3	LV3003061533	leiden2	ST13	7.912	state_01	SRPI	-0.57262270998316	state_01	IG-A
3	LV3003061533	leiden4	ST13	7.912	state_01	SRPI	-0.180951863167439	state_01	IG-A
3	LV3003061533	leiden5	ST13	7.912	state_01	SRPI	0.0949937319741433	state_01	IG-A
3	LV3003061533	leiden3	ST13	7.912	state_01	SRPI	-0.394288292717528	state_01	IG-A
3	LV3003061533	grey	ST13	7.912	state_01	SRPI	0.588859078957771	state_01	IG-A
3	LV3003061546	leiden1	ST13	7.197	state_01	SRPI	0.0235484218492797	state_01	IG-A
3	LV3003061546	leiden4	ST13	7.197	state_01	SRPI	-0.142187683957542	state_01	IG-A
3	LV3003061546	leiden5	ST13	7.197	state_01	SRPI	0.104694127390776	state_01	IG-A
3	LV3003061546	leiden2	ST13	7.197	state_01	SRPI	-0.708165856419427	state_01	IG-A
3	LV3003061546	leiden3	ST13	7.197	state_01	SRPI	0.381406794512037	state_01	IG-A
3	LV3003061546	grey	ST13	7.197	state_01	SRPI	0.340704196624877	state_01	IG-A
3	LV3003061572	leiden1	ST13	19.099	state_01	SRPI	-0.280519924143684	state_01	IG-A
3	LV3003061572	leiden2	ST13	19.099	state_01	SRPI	0.348144614939506	state_01	IG-A
3	LV3003061572	leiden3	ST13	19.099	state_01	SRPI	0.26827505746799	state_01	IG-A
3	LV3003061572	leiden4	ST13	19.099	state_01	SRPI	0.153480213512249	state_01	IG-A
3	LV3003061572	leiden5	ST13	19.099	state_01	SRPI	0.885137981585835	state_01	IG-A
3	LV3003061572	leiden6	ST13	19.099	state_01	SRPI	-0.870036696473815	state_01	IG-A
3	LV3003061572	grey	ST13	19.099	state_01	SRPI	-0.504481246888079	state_01	IG-A
3	LV7001898064	leiden1	ST13	6.808	state_01	SRPI	2.78484027254416	state_01	IG-A
3	LV7001898064	leiden2	ST13	6.808	state_01	SRPI	2.29395861967805	state_01	IG-A
3	LV7001898064	leiden4	ST13	6.808	state_01	SRPI	2.6700312814823	state_01	IG-A
3	LV7001898064	leiden5	ST13	6.808	state_01	SRPI	2.21054419092292	state_01	IG-A
3	LV7001898064	leiden3	ST13	6.808	state_01	SRPI	1.80839951646546	state_01	IG-A
3	LV7001898064	grey	ST13	6.808	state_01	SRPI	-5.88388694054644	state_01	IG-A
3	LV7001898064	leiden6	ST13	6.808	state_01	SRPI	-5.88388694054644	state_01	IG-A
3	LV7001898076	leiden1	ST13	6.429	state_01	SRPI	-0.0752160561400808	state_01	IG-A
3	LV7001898076	leiden3	ST13	6.429	state_01	SRPI	-0.151487597638359	state_01	IG-A
3	LV7001898076	leiden4	ST13	6.429	state_01	SRPI	0.111205582373434	state_01	IG-A
3	LV7001898076	leiden2	ST13	6.429	state_01	SRPI	-0.0495323393237611	state_01	IG-A
3	LV7001898076	leiden5	ST13	6.429	state_01	SRPI	0.850539128388395	state_01	IG-A
3	LV7001898076	leiden6	ST13	6.429	state_01	SRPI	-0.89048210472712	state_01	IG-A
3	LV7001898076	grey	ST13	6.429	state_01	SRPI	0.204973387067492	state_01	IG-A
3	LV7008886690	leiden4	GeoB25202_R1	2.324	state_01	SRPI	0.0962282149644402	state_01	IG-A
3	LV7008886690	leiden5	GeoB25202_R1	2.324	state_01	SRPI	0.247254803784889	state_01	IG-A
3	LV7008886690	leiden2	GeoB25202_R1	2.324	state_01	SRPI	-0.377148870689753	state_01	IG-A
3	LV7008886690	grey	GeoB25202_R1	2.324	state_01	SRPI	-0.610062864874725	state_01	IG-A
3	LV7008886690	leiden3	GeoB25202_R1	2.324	state_01	SRPI	1.06069130990792	state_01	IG-A
3	LV7008886690	leiden1	GeoB25202_R1	2.324	state_01	SRPI	-0.416962593092772	state_01	IG-A
3	LV7008886702	leiden1	GeoB25202_R2	2.324	state_01	SRPI	1.18814071432551	state_01	IG-A
3	LV7008886702	leiden4	GeoB25202_R2	2.324	state_01	SRPI	1.22092996849995	state_01	IG-A
3	LV7008886702	leiden5	GeoB25202_R2	2.324	state_01	SRPI	1.32690821869134	state_01	IG-A
3	LV7008886702	leiden3	GeoB25202_R2	2.324	state_01	SRPI	0.579844161172764	state_01	IG-A
3	LV7008886702	leiden2	GeoB25202_R2	2.324	state_01	SRPI	1.04221175716347	state_01	IG-A
3	LV7008886702	grey	GeoB25202_R2	2.324	state_01	SRPI	2.05915001358172	state_01	IG-A
3	LV7008886702	leiden6	GeoB25202_R2	2.324	state_01	SRPI	-7.41718483343476	state_01	IG-A
3	LV7008886727	leiden1	GeoB25202_R1	16.4375	state_01	SRPI	2.22926266440216	state_01	IG-A
3	LV7008886727	leiden3	GeoB25202_R1	16.4375	state_01	SRPI	2.20127642203156	state_01	IG-A
3	LV7008886727	leiden4	GeoB25202_R1	16.4375	state_01	SRPI	2.2006270351296	state_01	IG-A
3	LV7008886727	leiden2	GeoB25202_R1	16.4375	state_01	SRPI	2.42895729839571	state_01	IG-A
3	LV7008886727	leiden5	GeoB25202_R1	16.4375	state_01	SRPI	2.84608031573639	state_01	IG-A
3	LV7008886727	grey	GeoB25202_R1	16.4375	state_01	SRPI	-5.95310186784771	state_01	IG-A
3	LV7008886727	leiden6	GeoB25202_R1	16.4375	state_01	SRPI	-5.95310186784771	state_01	IG-A
3	LV7008886739	leiden1	GeoB25202_R2	16.4375	state_01	SRPI	-0.0152243391968665	state_01	IG-A
3	LV7008886739	leiden2	GeoB25202_R2	16.4375	state_01	SRPI	0.326476519201093	state_01	IG-A
3	LV7008886739	leiden3	GeoB25202_R2	16.4375	state_01	SRPI	-0.185678762810446	state_01	IG-A
3	LV7008886739	leiden4	GeoB25202_R2	16.4375	state_01	SRPI	0.196227196550468	state_01	IG-A
3	LV7008886739	leiden5	GeoB25202_R2	16.4375	state_01	SRPI	0.73282825738602	state_01	IG-A
3	LV7008886739	leiden6	GeoB25202_R2	16.4375	state_01	SRPI	-1.06648513210153	state_01	IG-A
3	LV7008886739	grey	GeoB25202_R2	16.4375	state_01	SRPI	0.0118562609712574	state_01	IG-A
3	LV7008886751	leiden2	GeoB25202_R1	7.1335	state_01	SRPI	-0.661572949344491	state_01	IG-A
3	LV7008886751	leiden3	GeoB25202_R1	7.1335	state_01	SRPI	-0.0176170808051459	state_01	IG-A
3	LV7008886751	leiden4	GeoB25202_R1	7.1335	state_01	SRPI	-0.287492279697678	state_01	IG-A
3	LV7008886751	leiden5	GeoB25202_R1	7.1335	state_01	SRPI	0.291300368351564	state_01	IG-A
3	LV7008886751	leiden1	GeoB25202_R1	7.1335	state_01	SRPI	1.27165524584721	state_01	IG-A
3	LV7008886751	grey	GeoB25202_R1	7.1335	state_01	SRPI	-0.596273304351455	state_01	IG-A
3	LV7008886763	leiden2	GeoB25202_R2	7.1335	state_01	SRPI	-0.691144509581619	state_01	IG-A
3	LV7008886763	leiden1	GeoB25202_R2	7.1335	state_01	SRPI	0.401512770098855	state_01	IG-A
3	LV7008886763	leiden4	GeoB25202_R2	7.1335	state_01	SRPI	-0.115279786880686	state_01	IG-A
3	LV7008886763	leiden5	GeoB25202_R2	7.1335	state_01	SRPI	0.48933995575551	state_01	IG-A
3	LV7008886763	leiden3	GeoB25202_R2	7.1335	state_01	SRPI	-1.06129182077588	state_01	IG-A
3	LV7008886763	grey	GeoB25202_R2	7.1335	state_01	SRPI	0.976863391383822	state_01	IG-A
4	LV3003047067	leiden4	ST8	42.86602	state_02	OAP	-105.096599511018	state_02	IG-B
4	LV3003047067	leiden1	ST8	42.86602	state_02	OAP	10.9917209639806	state_02	IG-B
4	LV3003047067	leiden2	ST8	42.86602	state_02	OAP	79.7415296814547	state_02	IG-B
4	LV3003047067	leiden5	ST8	42.86602	state_02	OAP	15.6691402699028	state_02	IG-B
4	LV3003047067	leiden6	ST8	42.86602	state_02	OAP	-65.8854018970876	state_02	IG-B
4	LV3003047067	leiden3	ST8	42.86602	state_02	OAP	-46.6778616764913	state_02	IG-B
4	LV3003047067	grey	ST8	42.86602	state_02	OAP	111.257472169259	state_02	IG-B
4	LV3003047068	leiden4	ST8	37.78969	state_02	OAP	14.3058137135711	state_02	IG-B
4	LV3003047068	leiden2	ST8	37.78969	state_02	OAP	195.928943210484	state_02	IG-B
4	LV3003047068	leiden3	ST8	37.78969	state_02	OAP	-132.862784342489	state_02	IG-B
4	LV3003047068	leiden1	ST8	37.78969	state_02	OAP	103.736104575478	state_02	IG-B
4	LV3003047068	leiden6	ST8	37.78969	state_02	OAP	-46.9298404953723	state_02	IG-B
4	LV3003047068	leiden5	ST8	37.78969	state_02	OAP	-134.178236661672	state_02	IG-B
4	LV3003047069	leiden4	ST8	33.7436870748299	state_02	OAP	-29.1304134158404	state_02	IG-B
4	LV3003047069	leiden1	ST8	33.7436870748299	state_02	OAP	124.237906922351	state_02	IG-B
4	LV3003047069	leiden2	ST8	33.7436870748299	state_02	OAP	90.2585152038192	state_02	IG-B
4	LV3003047069	leiden6	ST8	33.7436870748299	state_02	OAP	-219.45763183102	state_02	IG-B
4	LV3003047069	leiden3	ST8	33.7436870748299	state_02	OAP	-98.2082314571934	state_02	IG-B
4	LV3003047069	grey	ST8	33.7436870748299	state_02	OAP	186.510136394987	state_02	IG-B
4	LV3003047069	leiden5	ST8	33.7436870748299	state_02	OAP	-54.2102818171035	state_02	IG-B
4	LV3003047081	leiden4	ST8	52.20718	state_02	OAP	-94.3874910901697	state_02	IG-B
4	LV3003047081	leiden2	ST8	52.20718	state_02	OAP	33.7434422132492	state_02	IG-B
4	LV3003047081	leiden6	ST8	52.20718	state_02	OAP	37.6576041634618	state_02	IG-B
4	LV3003047081	leiden3	ST8	52.20718	state_02	OAP	-3.6708689974821	state_02	IG-B
4	LV3003047081	leiden5	ST8	52.20718	state_02	OAP	-162.145456618223	state_02	IG-B
4	LV3003047081	leiden1	ST8	52.20718	state_02	OAP	68.4652944472119	state_02	IG-B
4	LV3003047081	grey	ST8	52.20718	state_02	OAP	120.337475881952	state_02	IG-B
4	LV3003047082	leiden4	ST8	41.9168333333333	state_02	OAP	-44.0072305454478	state_02	IG-B
4	LV3003047082	leiden6	ST8	41.9168333333333	state_02	OAP	-245.122277606969	state_02	IG-B
4	LV3003047082	leiden2	ST8	41.9168333333333	state_02	OAP	142.260197336966	state_02	IG-B
4	LV3003047082	leiden3	ST8	41.9168333333333	state_02	OAP	37.8157589899004	state_02	IG-B
4	LV3003047082	leiden1	ST8	41.9168333333333	state_02	OAP	231.555935895941	state_02	IG-B
4	LV3003047082	leiden5	ST8	41.9168333333333	state_02	OAP	-340.424725885993	state_02	IG-B
4	LV3003047082	grey	ST8	41.9168333333333	state_02	OAP	217.922341815603	state_02	IG-B
4	LV3003047083	leiden1	ST8	37.30319	state_02	OAP	73.7851611269975	state_02	IG-B
4	LV3003047083	leiden4	ST8	37.30319	state_02	OAP	-34.4597697805866	state_02	IG-B
4	LV3003047083	leiden6	ST8	37.30319	state_02	OAP	29.1923584136431	state_02	IG-B
4	LV3003047083	leiden2	ST8	37.30319	state_02	OAP	107.835013431913	state_02	IG-B
4	LV3003047083	leiden3	ST8	37.30319	state_02	OAP	-192.797606180856	state_02	IG-B
4	LV3003047083	leiden5	ST8	37.30319	state_02	OAP	-337.125298375262	state_02	IG-B
4	LV3003047083	grey	ST8	37.30319	state_02	OAP	353.570141364152	state_02	IG-B
4	LV3003047094	leiden4	ST8	50.6848	state_02	OAP	-237.723016589925	state_02	IG-B
4	LV3003047094	leiden5	ST8	50.6848	state_02	OAP	-184.201401073232	state_02	IG-B
4	LV3003047094	leiden2	ST8	50.6848	state_02	OAP	36.1400831882281	state_02	IG-B
4	LV3003047094	leiden6	ST8	50.6848	state_02	OAP	176.91636010204	state_02	IG-B
4	LV3003047094	leiden3	ST8	50.6848	state_02	OAP	-111.896410068249	state_02	IG-B
4	LV3003047094	grey	ST8	50.6848	state_02	OAP	273.550023468376	state_02	IG-B
4	LV3003047094	leiden1	ST8	50.6848	state_02	OAP	47.2143609727616	state_02	IG-B
4	LV3003047095	leiden4	ST8	40.9751666666667	state_02	OAP	-137.127989670082	state_02	IG-B
4	LV3003047095	leiden1	ST8	40.9751666666667	state_02	OAP	249.553225293251	state_02	IG-B
4	LV3003047095	leiden2	ST8	40.9751666666667	state_02	OAP	141.208294276279	state_02	IG-B
4	LV3003047095	leiden6	ST8	40.9751666666667	state_02	OAP	73.5016638661364	state_02	IG-B
4	LV3003047095	leiden3	ST8	40.9751666666667	state_02	OAP	-59.0004432595942	state_02	IG-B
4	LV3003047095	leiden5	ST8	40.9751666666667	state_02	OAP	-268.13475050599	state_02	IG-B
4	LV3003047110	leiden1	ST8	49.1548	state_02	OAP	-87.5741154426427	state_02	IG-B
4	LV3003047110	leiden4	ST8	49.1548	state_02	OAP	-49.3975784350301	state_02	IG-B
4	LV3003047110	leiden6	ST8	49.1548	state_02	OAP	297.330578341898	state_02	IG-B
4	LV3003047110	leiden2	ST8	49.1548	state_02	OAP	143.612153972458	state_02	IG-B
4	LV3003047110	leiden5	ST8	49.1548	state_02	OAP	-150.042227221829	state_02	IG-B
4	LV3003047110	leiden3	ST8	49.1548	state_02	OAP	-153.928811214855	state_02	IG-B
4	LV3003047112	leiden4	ST8	40.0335	state_02	OAP	41.318434941286	state_02	IG-B
4	LV3003047112	leiden2	ST8	40.0335	state_02	OAP	130.710478653285	state_02	IG-B
4	LV3003047112	leiden6	ST8	40.0335	state_02	OAP	48.6158569129402	state_02	IG-B
4	LV3003047112	leiden3	ST8	40.0335	state_02	OAP	-70.3064696785876	state_02	IG-B
4	LV3003047112	leiden5	ST8	40.0335	state_02	OAP	-299.290901262687	state_02	IG-B
4	LV3003047112	leiden1	ST8	40.0335	state_02	OAP	212.405193368495	state_02	IG-B
4	LV3003047112	grey	ST8	40.0335	state_02	OAP	-63.4525929347321	state_02	IG-B
4	LV3003047126	leiden4	ST8	64.210824	state_02	OAP	91.3986454297474	state_02	IG-B
4	LV3003047126	leiden5	ST8	64.210824	state_02	OAP	-276.189653652772	state_02	IG-B
4	LV3003047126	grey	ST8	64.210824	state_02	OAP	-395.145992850839	state_02	IG-B
4	LV3003047126	leiden3	ST8	64.210824	state_02	OAP	143.04503554467	state_02	IG-B
4	LV3003047126	leiden2	ST8	64.210824	state_02	OAP	203.467548521097	state_02	IG-B
4	LV3003047126	leiden1	ST8	64.210824	state_02	OAP	272.318578712979	state_02	IG-B
4	LV3003047126	leiden6	ST8	64.210824	state_02	OAP	-38.8941617048817	state_02	IG-B
4	LV3003047139	leiden4	ST8	58.6141266666667	state_02	OAP	-101.50659877859	state_02	IG-B
4	LV3003047139	leiden2	ST8	58.6141266666667	state_02	OAP	-21.0430643230856	state_02	IG-B
4	LV3003047139	leiden3	ST8	58.6141266666667	state_02	OAP	-98.8749510645566	state_02	IG-B
4	LV3003047139	leiden1	ST8	58.6141266666667	state_02	OAP	29.6886191584475	state_02	IG-B
4	LV3003047139	leiden5	ST8	58.6141266666667	state_02	OAP	-81.8991770634515	state_02	IG-B
4	LV3003047139	grey	ST8	58.6141266666667	state_02	OAP	273.635172071236	state_02	IG-B
4	LV3003047142	leiden4	ST8	35.5823	state_02	OAP	-53.5612612700559	state_02	IG-B
4	LV3003047142	leiden3	ST8	35.5823	state_02	OAP	-204.134794630749	state_02	IG-B
4	LV3003047142	leiden1	ST8	35.5823	state_02	OAP	163.934835426389	state_02	IG-B
4	LV3003047142	leiden6	ST8	35.5823	state_02	OAP	19.0513566544742	state_02	IG-B
4	LV3003047142	leiden5	ST8	35.5823	state_02	OAP	-154.861469368195	state_02	IG-B
4	LV3003047142	leiden2	ST8	35.5823	state_02	OAP	95.6763126829138	state_02	IG-B
4	LV3003047142	grey	ST8	35.5823	state_02	OAP	133.895020505222	state_02	IG-B
4	LV3003047146	leiden4	ST8	63.2667	state_02	OAP	-70.104306168002	state_02	IG-B
4	LV3003047146	leiden1	ST8	63.2667	state_02	OAP	88.8709375500848	state_02	IG-B
4	LV3003047146	leiden2	ST8	63.2667	state_02	OAP	8.04258648213636	state_02	IG-B
4	LV3003047146	leiden5	ST8	63.2667	state_02	OAP	-240.310974814267	state_02	IG-B
4	LV3003047146	leiden6	ST8	63.2667	state_02	OAP	165.281206877566	state_02	IG-B
4	LV3003047146	leiden3	ST8	63.2667	state_02	OAP	15.3722261127811	state_02	IG-B
4	LV3003047146	grey	ST8	63.2667	state_02	OAP	32.8483239597017	state_02	IG-B
4	LV3003047147	leiden4	ST8	62.3217	state_02	OAP	22.1391214477814	state_02	IG-B
4	LV3003047147	leiden1	ST8	62.3217	state_02	OAP	168.036138266547	state_02	IG-B
4	LV3003047147	leiden3	ST8	62.3217	state_02	OAP	89.7907069141519	state_02	IG-B
4	LV3003047147	leiden5	ST8	62.3217	state_02	OAP	-176.070089127193	state_02	IG-B
4	LV3003047147	leiden2	ST8	62.3217	state_02	OAP	116.246761426767	state_02	IG-B
4	LV3003047147	grey	ST8	62.3217	state_02	OAP	-240.970459253695	state_02	IG-B
4	LV3003047147	leiden6	ST8	62.3217	state_02	OAP	20.82782032564	state_02	IG-B
4	LV3003047148	leiden1	ST8	61.3767	state_02	OAP	119.21107103834	state_02	IG-B
4	LV3003047148	leiden4	ST8	61.3767	state_02	OAP	-33.243229837567	state_02	IG-B
4	LV3003047148	leiden5	ST8	61.3767	state_02	OAP	-141.128402084727	state_02	IG-B
4	LV3003047148	grey	ST8	61.3767	state_02	OAP	-339.793670179218	state_02	IG-B
4	LV3003047148	leiden2	ST8	61.3767	state_02	OAP	163.499526877407	state_02	IG-B
4	LV3003047148	leiden3	ST8	61.3767	state_02	OAP	55.1087337856201	state_02	IG-B
4	LV3003047148	leiden6	ST8	61.3767	state_02	OAP	176.345970400146	state_02	IG-B
4	LV3003047149	leiden1	ST8	60.4317	state_02	OAP	-33.0790767895947	state_02	IG-B
4	LV3003047149	leiden4	ST8	60.4317	state_02	OAP	49.4001347062058	state_02	IG-B
4	LV3003047149	leiden5	ST8	60.4317	state_02	OAP	-112.622520345653	state_02	IG-B
4	LV3003047149	leiden2	ST8	60.4317	state_02	OAP	222.951910257459	state_02	IG-B
4	LV3003047149	grey	ST8	60.4317	state_02	OAP	-205.893667256123	state_02	IG-B
4	LV3003047149	leiden3	ST8	60.4317	state_02	OAP	79.2432194277057	state_02	IG-B
4	LV3003047150	leiden1	ST8	59.5217933333333	state_02	OAP	63.3551704609738	state_02	IG-B
4	LV3003047150	leiden4	ST8	59.5217933333333	state_02	OAP	-155.040539307532	state_02	IG-B
4	LV3003047150	leiden5	ST8	59.5217933333333	state_02	OAP	-218.416104379411	state_02	IG-B
4	LV3003047150	leiden2	ST8	59.5217933333333	state_02	OAP	-51.7766446121971	state_02	IG-B
4	LV3003047150	leiden6	ST8	59.5217933333333	state_02	OAP	257.613406682826	state_02	IG-B
4	LV3003047150	leiden3	ST8	59.5217933333333	state_02	OAP	-25.5493997528379	state_02	IG-B
4	LV3003047150	grey	ST8	59.5217933333333	state_02	OAP	129.814110908178	state_02	IG-B
4	LV3003047152	leiden1	ST8	45.00002	state_02	OAP	117.025810705099	state_02	IG-B
4	LV3003047152	leiden4	ST8	45.00002	state_02	OAP	29.1853493418492	state_02	IG-B
4	LV3003047152	leiden2	ST8	45.00002	state_02	OAP	167.880667238984	state_02	IG-B
4	LV3003047152	leiden6	ST8	45.00002	state_02	OAP	74.496954631759	state_02	IG-B
4	LV3003047152	leiden3	ST8	45.00002	state_02	OAP	-69.9243361295369	state_02	IG-B
4	LV3003047152	leiden5	ST8	45.00002	state_02	OAP	-300.914762993013	state_02	IG-B
4	LV3003047152	grey	ST8	45.00002	state_02	OAP	-17.7496827951416	state_02	IG-B
4	LV3003047153	leiden1	ST8	38.71393	state_02	OAP	70.8886491078749	state_02	IG-B
4	LV3003047153	leiden4	ST8	38.71393	state_02	OAP	-100.570578284531	state_02	IG-B
4	LV3003047153	leiden2	ST8	38.71393	state_02	OAP	112.024847532267	state_02	IG-B
4	LV3003047153	leiden6	ST8	38.71393	state_02	OAP	45.2961945107306	state_02	IG-B
4	LV3003047153	leiden3	ST8	38.71393	state_02	OAP	-129.968499702507	state_02	IG-B
4	LV3003047153	leiden5	ST8	38.71393	state_02	OAP	-179.047714039086	state_02	IG-B
4	LV3003047153	grey	ST8	38.71393	state_02	OAP	181.377100875253	state_02	IG-B
4	LV3003047154	leiden4	ST8	35.13012	state_02	OAP	53.9559809250521	state_02	IG-B
4	LV3003047154	leiden2	ST8	35.13012	state_02	OAP	197.672702484542	state_02	IG-B
4	LV3003047154	grey	ST8	35.13012	state_02	OAP	-276.045010907165	state_02	IG-B
4	LV3003047154	leiden5	ST8	35.13012	state_02	OAP	93.119783850088	state_02	IG-B
4	LV3003047154	leiden3	ST8	35.13012	state_02	OAP	17.5304341692052	state_02	IG-B
4	LV3003047154	leiden1	ST8	35.13012	state_02	OAP	85.7721628177842	state_02	IG-B
4	LV3003047154	leiden6	ST8	35.13012	state_02	OAP	-172.006053339507	state_02	IG-B
4	LV3003047158	leiden1	ST8	57.70646	state_02	OAP	200.603513843987	state_02	IG-B
4	LV3003047158	leiden4	ST8	57.70646	state_02	OAP	27.8636249546532	state_02	IG-B
4	LV3003047158	leiden5	ST8	57.70646	state_02	OAP	-148.336229646027	state_02	IG-B
4	LV3003047158	leiden2	ST8	57.70646	state_02	OAP	118.58318608739	state_02	IG-B
4	LV3003047158	grey	ST8	57.70646	state_02	OAP	-463.810120407551	state_02	IG-B
4	LV3003047158	leiden3	ST8	57.70646	state_02	OAP	-18.6843035639891	state_02	IG-B
4	LV3003047158	leiden6	ST8	57.70646	state_02	OAP	283.780328731537	state_02	IG-B
4	LV3003047159	leiden4	ST8	56.7987933333333	state_02	OAP	-54.5764262787006	state_02	IG-B
4	LV3003047159	leiden2	ST8	56.7987933333333	state_02	OAP	31.116259724086	state_02	IG-B
4	LV3003047159	leiden6	ST8	56.7987933333333	state_02	OAP	253.521197030495	state_02	IG-B
4	LV3003047159	leiden3	ST8	56.7987933333333	state_02	OAP	-67.8581479830999	state_02	IG-B
4	LV3003047159	leiden1	ST8	56.7987933333333	state_02	OAP	169.686690913125	state_02	IG-B
4	LV3003047159	leiden5	ST8	56.7987933333333	state_02	OAP	-331.889573405906	state_02	IG-B
4	LV3003047164	leiden5	ST8	43.93302	state_02	OAP	-236.309605167589	state_02	IG-B
4	LV3003047164	leiden4	ST8	43.93302	state_02	OAP	29.1833426594072	state_02	IG-B
4	LV3003047164	leiden6	ST8	43.93302	state_02	OAP	157.601672433713	state_02	IG-B
4	LV3003047164	leiden2	ST8	43.93302	state_02	OAP	150.478568078664	state_02	IG-B
4	LV3003047164	leiden3	ST8	43.93302	state_02	OAP	-204.530495202481	state_02	IG-B
4	LV3003047164	leiden1	ST8	43.93302	state_02	OAP	103.576517198286	state_02	IG-B
4	LV3003047166	leiden1	ST8	38.27343	state_02	OAP	87.4652428082166	state_02	IG-B
4	LV3003047166	leiden4	ST8	38.27343	state_02	OAP	-98.7318848178637	state_02	IG-B
4	LV3003047166	leiden2	ST8	38.27343	state_02	OAP	111.247601194628	state_02	IG-B
4	LV3003047166	leiden6	ST8	38.27343	state_02	OAP	6.51091433755835	state_02	IG-B
4	LV3003047166	leiden3	ST8	38.27343	state_02	OAP	-78.7803850054755	state_02	IG-B
4	LV3003047166	leiden5	ST8	38.27343	state_02	OAP	-27.7114885170631	state_02	IG-B
4	LV3003047167	leiden4	ST8	34.67812	state_02	OAP	-38.8234376129072	state_02	IG-B
4	LV3003047167	leiden1	ST8	34.67812	state_02	OAP	220.428103916657	state_02	IG-B
4	LV3003047167	leiden6	ST8	34.67812	state_02	OAP	6.02203999663379	state_02	IG-B
4	LV3003047167	leiden2	ST8	34.67812	state_02	OAP	102.431332330308	state_02	IG-B
4	LV3003047167	leiden5	ST8	34.67812	state_02	OAP	-247.818622978496	state_02	IG-B
4	LV3003047167	leiden3	ST8	34.67812	state_02	OAP	-157.632371133215	state_02	IG-B
4	LV3003047167	grey	ST8	34.67812	state_02	OAP	115.392955481019	state_02	IG-B
4	LV3003061475	leiden4	ST13	53.844	state_02	OAP	-157.00838555362	state_02	IG-B
4	LV3003061475	leiden6	ST13	53.844	state_02	OAP	171.174432772349	state_02	IG-B
4	LV3003061475	leiden2	ST13	53.844	state_02	OAP	65.3057393109518	state_02	IG-B
4	LV3003061475	leiden5	ST13	53.844	state_02	OAP	-47.05067759509	state_02	IG-B
4	LV3003061475	leiden3	ST13	53.844	state_02	OAP	-13.6167476780458	state_02	IG-B
4	LV3003061475	leiden1	ST13	53.844	state_02	OAP	-34.1321553734317	state_02	IG-B
4	LV3003061475	grey	ST13	53.844	state_02	OAP	15.3277941168866	state_02	IG-B
4	LV3003061486	leiden4	ST13	52.105	state_02	OAP	-178.80847094023	state_02	IG-B
4	LV3003061486	leiden2	ST13	52.105	state_02	OAP	27.0080999280984	state_02	IG-B
4	LV3003061486	leiden3	ST13	52.105	state_02	OAP	-158.729905779885	state_02	IG-B
4	LV3003061486	leiden5	ST13	52.105	state_02	OAP	176.491094747992	state_02	IG-B
4	LV3003061486	leiden1	ST13	52.105	state_02	OAP	-114.91501062634	state_02	IG-B
4	LV3003061486	leiden6	ST13	52.105	state_02	OAP	248.954192670363	state_02	IG-B
4	LV3003061504	leiden4	ST13	50.268	state_02	OAP	-254.572307340855	state_02	IG-B
4	LV3003061504	leiden1	ST13	50.268	state_02	OAP	-99.3402606393319	state_02	IG-B
4	LV3003061504	leiden2	ST13	50.268	state_02	OAP	12.0817525492354	state_02	IG-B
4	LV3003061504	leiden6	ST13	50.268	state_02	OAP	6.45953368271933	state_02	IG-B
4	LV3003061504	leiden3	ST13	50.268	state_02	OAP	120.116450378748	state_02	IG-B
4	LV3003061504	grey	ST13	50.268	state_02	OAP	215.254831369485	state_02	IG-B
4	LV3003061513	leiden4	ST13	138.493	state_02	OAP	60.3596594937999	state_02	IG-B
4	LV3003061513	leiden3	ST13	138.493	state_02	OAP	141.126270509906	state_02	IG-B
4	LV3003061513	leiden2	ST13	138.493	state_02	OAP	285.094912278278	state_02	IG-B
4	LV3003061513	leiden1	ST13	138.493	state_02	OAP	79.8358583386248	state_02	IG-B
4	LV3003061513	leiden5	ST13	138.493	state_02	OAP	-280.53290460528	state_02	IG-B
4	LV3003061513	grey	ST13	138.493	state_02	OAP	-285.883796015329	state_02	IG-B
4	LV3003061516	leiden4	ST13	48.537	state_02	OAP	-240.722506458284	state_02	IG-B
4	LV3003061516	leiden5	ST13	48.537	state_02	OAP	-170.255074852608	state_02	IG-B
4	LV3003061516	leiden2	ST13	48.537	state_02	OAP	80.9083870762388	state_02	IG-B
4	LV3003061516	leiden6	ST13	48.537	state_02	OAP	152.942303424545	state_02	IG-B
4	LV3003061516	leiden3	ST13	48.537	state_02	OAP	126.042927593376	state_02	IG-B
4	LV3003061516	leiden1	ST13	48.537	state_02	OAP	51.0839632167322	state_02	IG-B
4	LV3003061530	leiden4	ST13	47.046	state_02	OAP	-276.870548602622	state_02	IG-B
4	LV3003061530	leiden1	ST13	47.046	state_02	OAP	-166.61127749238	state_02	IG-B
4	LV3003061530	leiden2	ST13	47.046	state_02	OAP	118.423891436073	state_02	IG-B
4	LV3003061530	leiden6	ST13	47.046	state_02	OAP	120.158713079989	state_02	IG-B
4	LV3003061530	leiden3	ST13	47.046	state_02	OAP	196.783326178509	state_02	IG-B
4	LV3003061530	grey	ST13	47.046	state_02	OAP	8.11589540043042	state_02	IG-B
4	LV3003061539	leiden4	ST13	130.0556	state_02	OAP	-218.817586837067	state_02	IG-B
4	LV3003061539	leiden2	ST13	130.0556	state_02	OAP	87.4467611577654	state_02	IG-B
4	LV3003061539	leiden1	ST13	130.0556	state_02	OAP	168.897406643163	state_02	IG-B
4	LV3003061539	leiden3	ST13	130.0556	state_02	OAP	-139.590270577697	state_02	IG-B
4	LV3003061539	leiden5	ST13	130.0556	state_02	OAP	-178.968155193082	state_02	IG-B
4	LV3003061539	leiden6	ST13	130.0556	state_02	OAP	281.031844806918	state_02	IG-B
4	LV3003061544	leiden1	ST13	45.122	state_02	OAP	172.817836278152	state_02	IG-B
4	LV3003061544	leiden4	ST13	45.122	state_02	OAP	22.1758508332987	state_02	IG-B
4	LV3003061544	leiden5	ST13	45.122	state_02	OAP	-497.047474544845	state_02	IG-B
4	LV3003061544	leiden2	ST13	45.122	state_02	OAP	169.1750667714	state_02	IG-B
4	LV3003061544	leiden6	ST13	45.122	state_02	OAP	-99.1764866826103	state_02	IG-B
4	LV3003061544	leiden3	ST13	45.122	state_02	OAP	232.055207344604	state_02	IG-B
4	LV3003061570	leiden3	ST13	55.466	state_02	OAP	5.31262372234448	state_02	IG-B
4	LV3003061570	leiden4	ST13	55.466	state_02	OAP	-205.127223506395	state_02	IG-B
4	LV3003061570	leiden1	ST13	55.466	state_02	OAP	-150.52019075178	state_02	IG-B
4	LV3003061570	leiden2	ST13	55.466	state_02	OAP	-18.5172066481936	state_02	IG-B
4	LV3003061570	leiden6	ST13	55.466	state_02	OAP	128.345578725561	state_02	IG-B
4	LV3003061570	grey	ST13	55.466	state_02	OAP	170.477477111763	state_02	IG-B
4	LV3003061570	leiden5	ST13	55.466	state_02	OAP	70.0289413467014	state_02	IG-B
4	LV7008886221	leiden2	GeoB25202_R1	50.3555	state_02	OAP	136.842468735514	state_02	IG-B
4	LV7008886221	leiden3	GeoB25202_R1	50.3555	state_02	OAP	-37.2430523371787	state_02	IG-B
4	LV7008886221	leiden4	GeoB25202_R1	50.3555	state_02	OAP	-193.009218661659	state_02	IG-B
4	LV7008886221	leiden5	GeoB25202_R1	50.3555	state_02	OAP	-305.743260235421	state_02	IG-B
4	LV7008886221	leiden6	GeoB25202_R1	50.3555	state_02	OAP	147.874851873517	state_02	IG-B
4	LV7008886221	leiden1	GeoB25202_R1	50.3555	state_02	OAP	34.3776984447337	state_02	IG-B
4	LV7008886221	grey	GeoB25202_R1	50.3555	state_02	OAP	216.900512180495	state_02	IG-B
4	LV7008886222	leiden4	GeoB25202_R1	136.2775	state_02	OAP	-68.0123123448944	state_02	IG-B
4	LV7008886222	grey	GeoB25202_R1	136.2775	state_02	OAP	166.918289469339	state_02	IG-B
4	LV7008886222	leiden3	GeoB25202_R1	136.2775	state_02	OAP	-65.4790064224395	state_02	IG-B
4	LV7008886222	leiden2	GeoB25202_R1	136.2775	state_02	OAP	194.380347527271	state_02	IG-B
4	LV7008886222	leiden5	GeoB25202_R1	136.2775	state_02	OAP	-603.493342058013	state_02	IG-B
4	LV7008886222	leiden1	GeoB25202_R1	136.2775	state_02	OAP	104.907721058544	state_02	IG-B
4	LV7008886222	leiden6	GeoB25202_R1	136.2775	state_02	OAP	270.778302770193	state_02	IG-B
4	LV7008886226	leiden3	GeoB25202_R2	36.607	state_02	OAP	44.25655242156	state_02	IG-B
4	LV7008886226	leiden4	GeoB25202_R2	36.607	state_02	OAP	-99.7480618302912	state_02	IG-B
4	LV7008886226	leiden2	GeoB25202_R2	36.607	state_02	OAP	270.587656429342	state_02	IG-B
4	LV7008886226	leiden6	GeoB25202_R2	36.607	state_02	OAP	26.6406614676056	state_02	IG-B
4	LV7008886226	grey	GeoB25202_R2	36.607	state_02	OAP	-290.448086014005	state_02	IG-B
4	LV7008886226	leiden5	GeoB25202_R2	36.607	state_02	OAP	-81.6046896739816	state_02	IG-B
4	LV7008886226	leiden1	GeoB25202_R2	36.607	state_02	OAP	130.31596719977	state_02	IG-B
4	LV7008886692	leiden4	GeoB25202_R1	53.875	state_02	OAP	-67.7509133892051	state_02	IG-B
4	LV7008886692	leiden6	GeoB25202_R1	53.875	state_02	OAP	314.215368799926	state_02	IG-B
4	LV7008886692	leiden2	GeoB25202_R1	53.875	state_02	OAP	184.316520812673	state_02	IG-B
4	LV7008886692	leiden3	GeoB25202_R1	53.875	state_02	OAP	160.051213345602	state_02	IG-B
4	LV7008886692	grey	GeoB25202_R1	53.875	state_02	OAP	-643.850065774175	state_02	IG-B
4	LV7008886692	leiden1	GeoB25202_R1	53.875	state_02	OAP	79.5322351721949	state_02	IG-B
4	LV7008886692	leiden5	GeoB25202_R1	53.875	state_02	OAP	-26.5143589670158	state_02	IG-B
4	LV7008886704	leiden3	GeoB25202_R2	53.875	state_02	OAP	227.362421776746	state_02	IG-B
4	LV7008886704	leiden4	GeoB25202_R2	53.875	state_02	OAP	-55.5004641441977	state_02	IG-B
4	LV7008886704	leiden2	GeoB25202_R2	53.875	state_02	OAP	177.028973311299	state_02	IG-B
4	LV7008886704	leiden6	GeoB25202_R2	53.875	state_02	OAP	325.358486691152	state_02	IG-B
4	LV7008886704	leiden5	GeoB25202_R2	53.875	state_02	OAP	-19.8686663912765	state_02	IG-B
4	LV7008886704	grey	GeoB25202_R2	53.875	state_02	OAP	-653.604564772561	state_02	IG-B
4	LV7008886704	leiden1	GeoB25202_R2	53.875	state_02	OAP	-0.776186471162248	state_02	IG-B
4	LV7008886705	leiden4	GeoB25202_R1	59.738	state_02	OAP	-189.455740185765	state_02	IG-B
4	LV7008886705	leiden6	GeoB25202_R1	59.738	state_02	OAP	202.519911842452	state_02	IG-B
4	LV7008886705	leiden2	GeoB25202_R1	59.738	state_02	OAP	46.4921654117488	state_02	IG-B
4	LV7008886705	leiden5	GeoB25202_R1	59.738	state_02	OAP	-166.8164861563	state_02	IG-B
4	LV7008886705	leiden3	GeoB25202_R1	59.738	state_02	OAP	92.3632686200103	state_02	IG-B
4	LV7008886705	leiden1	GeoB25202_R1	59.738	state_02	OAP	14.8968804678541	state_02	IG-B
4	LV7008886709	leiden4	GeoB25202_R1	147.206	state_02	OAP	-57.6734465960356	state_02	IG-B
4	LV7008886709	leiden1	GeoB25202_R1	147.206	state_02	OAP	92.7662213758644	state_02	IG-B
4	LV7008886709	leiden3	GeoB25202_R1	147.206	state_02	OAP	-65.8835437462453	state_02	IG-B
4	LV7008886709	grey	GeoB25202_R1	147.206	state_02	OAP	114.215289348404	state_02	IG-B
4	LV7008886709	leiden5	GeoB25202_R1	147.206	state_02	OAP	-202.598537414772	state_02	IG-B
4	LV7008886709	leiden2	GeoB25202_R1	147.206	state_02	OAP	119.174017032783	state_02	IG-B
4	LV7008886717	leiden4	GeoB25202_R2	59.738	state_02	OAP	-140.135990691002	state_02	IG-B
4	LV7008886717	leiden1	GeoB25202_R2	59.738	state_02	OAP	-26.8455918107468	state_02	IG-B
4	LV7008886717	leiden2	GeoB25202_R2	59.738	state_02	OAP	88.4607703905306	state_02	IG-B
4	LV7008886717	leiden6	GeoB25202_R2	59.738	state_02	OAP	228.541160722357	state_02	IG-B
4	LV7008886717	leiden3	GeoB25202_R2	59.738	state_02	OAP	105.547692502586	state_02	IG-B
4	LV7008886717	leiden5	GeoB25202_R2	59.738	state_02	OAP	-255.568041113724	state_02	IG-B
4	LV7008886721	leiden4	GeoB25202_R2	147.206	state_02	OAP	-53.6017130176949	state_02	IG-B
4	LV7008886721	leiden1	GeoB25202_R2	147.206	state_02	OAP	43.557887092528	state_02	IG-B
4	LV7008886721	leiden2	GeoB25202_R2	147.206	state_02	OAP	149.334121897619	state_02	IG-B
4	LV7008886721	leiden3	GeoB25202_R2	147.206	state_02	OAP	-19.7361700398765	state_02	IG-B
4	LV7008886721	leiden5	GeoB25202_R2	147.206	state_02	OAP	-218.485527539266	state_02	IG-B
4	LV7008886721	grey	GeoB25202_R2	147.206	state_02	OAP	98.9314016066906	state_02	IG-B
4	LV7008886740	leiden3	GeoB25202_R1	43.105	state_02	OAP	20.9641251350268	state_02	IG-B
4	LV7008886740	leiden4	GeoB25202_R1	43.105	state_02	OAP	-29.5605642641827	state_02	IG-B
4	LV7008886740	leiden2	GeoB25202_R1	43.105	state_02	OAP	10.5847227841629	state_02	IG-B
4	LV7008886740	leiden6	GeoB25202_R1	43.105	state_02	OAP	45.2570047309785	state_02	IG-B
4	LV7008886740	leiden1	GeoB25202_R1	43.105	state_02	OAP	98.8478787550403	state_02	IG-B
4	LV7008886740	grey	GeoB25202_R1	43.105	state_02	OAP	55.0977910623513	state_02	IG-B
4	LV7008886740	leiden5	GeoB25202_R1	43.105	state_02	OAP	-201.190958203377	state_02	IG-B
4	LV7008886745	leiden1	GeoB25202_R2	136.2775	state_02	OAP	168.228853365648	state_02	IG-B
4	LV7008886745	leiden4	GeoB25202_R2	136.2775	state_02	OAP	-167.814705197832	state_02	IG-B
4	LV7008886745	leiden5	GeoB25202_R2	136.2775	state_02	OAP	-351.313921025006	state_02	IG-B
4	LV7008886745	leiden2	GeoB25202_R2	136.2775	state_02	OAP	132.746445310089	state_02	IG-B
4	LV7008886745	leiden3	GeoB25202_R2	136.2775	state_02	OAP	-97.4461187601504	state_02	IG-B
4	LV7008886745	grey	GeoB25202_R2	136.2775	state_02	OAP	-17.6021073903075	state_02	IG-B
4	LV7008886745	leiden6	GeoB25202_R2	136.2775	state_02	OAP	333.201553697559	state_02	IG-B
4	LV7008886753	leiden4	GeoB25202_R2	58.997	state_02	OAP	-37.6731801203434	state_02	IG-B
4	LV7008886753	grey	GeoB25202_R2	58.997	state_02	OAP	-63.7877203675858	state_02	IG-B
4	LV7008886753	leiden3	GeoB25202_R2	58.997	state_02	OAP	139.392198281783	state_02	IG-B
4	LV7008886753	leiden2	GeoB25202_R2	58.997	state_02	OAP	77.9989809042398	state_02	IG-B
4	LV7008886753	leiden5	GeoB25202_R2	58.997	state_02	OAP	-181.346874994119	state_02	IG-B
4	LV7008886753	leiden1	GeoB25202_R2	58.997	state_02	OAP	-6.5485264136434	state_02	IG-B
4	LV7008886753	leiden6	GeoB25202_R2	58.997	state_02	OAP	71.9651227096696	state_02	IG-B
4	LV7008886765	leiden4	GeoB25202_R1	58.181	state_02	OAP	31.1183827287383	state_02	IG-B
4	LV7008886765	leiden1	GeoB25202_R1	58.181	state_02	OAP	137.967387678832	state_02	IG-B
4	LV7008886765	leiden2	GeoB25202_R1	58.181	state_02	OAP	213.192785645048	state_02	IG-B
4	LV7008886765	leiden6	GeoB25202_R1	58.181	state_02	OAP	207.366098215881	state_02	IG-B
4	LV7008886765	leiden3	GeoB25202_R1	58.181	state_02	OAP	44.5509024950723	state_02	IG-B
4	LV7008886765	leiden5	GeoB25202_R1	58.181	state_02	OAP	-33.3552761106058	state_02	IG-B
4	LV7008886765	grey	GeoB25202_R1	58.181	state_02	OAP	-600.840280652967	state_02	IG-B
4	LV3003047067	leiden4	ST8	42.86602	state_02	MGI	0	state_02	IG-B
4	LV3003047067	leiden1	ST8	42.86602	state_02	MGI	0	state_02	IG-B
4	LV3003047067	leiden2	ST8	42.86602	state_02	MGI	0	state_02	IG-B
4	LV3003047067	leiden5	ST8	42.86602	state_02	MGI	0	state_02	IG-B
4	LV3003047067	leiden6	ST8	42.86602	state_02	MGI	0	state_02	IG-B
4	LV3003047067	leiden3	ST8	42.86602	state_02	MGI	0	state_02	IG-B
4	LV3003047067	grey	ST8	42.86602	state_02	MGI	0	state_02	IG-B
4	LV3003047068	leiden4	ST8	37.78969	state_02	MGI	0	state_02	IG-B
4	LV3003047068	leiden2	ST8	37.78969	state_02	MGI	0	state_02	IG-B
4	LV3003047068	leiden3	ST8	37.78969	state_02	MGI	0	state_02	IG-B
4	LV3003047068	leiden1	ST8	37.78969	state_02	MGI	0	state_02	IG-B
4	LV3003047068	leiden6	ST8	37.78969	state_02	MGI	0	state_02	IG-B
4	LV3003047068	leiden5	ST8	37.78969	state_02	MGI	0	state_02	IG-B
4	LV3003047069	leiden4	ST8	33.7436870748299	state_02	MGI	0	state_02	IG-B
4	LV3003047069	leiden1	ST8	33.7436870748299	state_02	MGI	0	state_02	IG-B
4	LV3003047069	leiden2	ST8	33.7436870748299	state_02	MGI	0	state_02	IG-B
4	LV3003047069	leiden6	ST8	33.7436870748299	state_02	MGI	0	state_02	IG-B
4	LV3003047069	leiden3	ST8	33.7436870748299	state_02	MGI	0	state_02	IG-B
4	LV3003047069	grey	ST8	33.7436870748299	state_02	MGI	0	state_02	IG-B
4	LV3003047069	leiden5	ST8	33.7436870748299	state_02	MGI	0	state_02	IG-B
4	LV3003047081	leiden4	ST8	52.20718	state_02	MGI	0	state_02	IG-B
4	LV3003047081	leiden2	ST8	52.20718	state_02	MGI	0	state_02	IG-B
4	LV3003047081	leiden6	ST8	52.20718	state_02	MGI	0	state_02	IG-B
4	LV3003047081	leiden3	ST8	52.20718	state_02	MGI	0	state_02	IG-B
4	LV3003047081	leiden5	ST8	52.20718	state_02	MGI	0	state_02	IG-B
4	LV3003047081	leiden1	ST8	52.20718	state_02	MGI	0	state_02	IG-B
4	LV3003047081	grey	ST8	52.20718	state_02	MGI	0	state_02	IG-B
4	LV3003047082	leiden4	ST8	41.9168333333333	state_02	MGI	0	state_02	IG-B
4	LV3003047082	leiden6	ST8	41.9168333333333	state_02	MGI	0	state_02	IG-B
4	LV3003047082	leiden2	ST8	41.9168333333333	state_02	MGI	0	state_02	IG-B
4	LV3003047082	leiden3	ST8	41.9168333333333	state_02	MGI	0	state_02	IG-B
4	LV3003047082	leiden1	ST8	41.9168333333333	state_02	MGI	0	state_02	IG-B
4	LV3003047082	leiden5	ST8	41.9168333333333	state_02	MGI	0	state_02	IG-B
4	LV3003047082	grey	ST8	41.9168333333333	state_02	MGI	0	state_02	IG-B
4	LV3003047083	leiden1	ST8	37.30319	state_02	MGI	0	state_02	IG-B
4	LV3003047083	leiden4	ST8	37.30319	state_02	MGI	0	state_02	IG-B
4	LV3003047083	leiden6	ST8	37.30319	state_02	MGI	0	state_02	IG-B
4	LV3003047083	leiden2	ST8	37.30319	state_02	MGI	0	state_02	IG-B
4	LV3003047083	leiden3	ST8	37.30319	state_02	MGI	0	state_02	IG-B
4	LV3003047083	leiden5	ST8	37.30319	state_02	MGI	0	state_02	IG-B
4	LV3003047083	grey	ST8	37.30319	state_02	MGI	0	state_02	IG-B
4	LV3003047094	leiden4	ST8	50.6848	state_02	MGI	0	state_02	IG-B
4	LV3003047094	leiden5	ST8	50.6848	state_02	MGI	0	state_02	IG-B
4	LV3003047094	leiden2	ST8	50.6848	state_02	MGI	0	state_02	IG-B
4	LV3003047094	leiden6	ST8	50.6848	state_02	MGI	0	state_02	IG-B
4	LV3003047094	leiden3	ST8	50.6848	state_02	MGI	0	state_02	IG-B
4	LV3003047094	grey	ST8	50.6848	state_02	MGI	0	state_02	IG-B
4	LV3003047094	leiden1	ST8	50.6848	state_02	MGI	0	state_02	IG-B
4	LV3003047095	leiden4	ST8	40.9751666666667	state_02	MGI	0	state_02	IG-B
4	LV3003047095	leiden1	ST8	40.9751666666667	state_02	MGI	0	state_02	IG-B
4	LV3003047095	leiden2	ST8	40.9751666666667	state_02	MGI	0	state_02	IG-B
4	LV3003047095	leiden6	ST8	40.9751666666667	state_02	MGI	0	state_02	IG-B
4	LV3003047095	leiden3	ST8	40.9751666666667	state_02	MGI	0	state_02	IG-B
4	LV3003047095	leiden5	ST8	40.9751666666667	state_02	MGI	0	state_02	IG-B
4	LV3003047110	leiden1	ST8	49.1548	state_02	MGI	0	state_02	IG-B
4	LV3003047110	leiden4	ST8	49.1548	state_02	MGI	0	state_02	IG-B
4	LV3003047110	leiden6	ST8	49.1548	state_02	MGI	0	state_02	IG-B
4	LV3003047110	leiden2	ST8	49.1548	state_02	MGI	0	state_02	IG-B
4	LV3003047110	leiden5	ST8	49.1548	state_02	MGI	0	state_02	IG-B
4	LV3003047110	leiden3	ST8	49.1548	state_02	MGI	0	state_02	IG-B
4	LV3003047112	leiden4	ST8	40.0335	state_02	MGI	0	state_02	IG-B
4	LV3003047112	leiden2	ST8	40.0335	state_02	MGI	0	state_02	IG-B
4	LV3003047112	leiden6	ST8	40.0335	state_02	MGI	0	state_02	IG-B
4	LV3003047112	leiden3	ST8	40.0335	state_02	MGI	0	state_02	IG-B
4	LV3003047112	leiden5	ST8	40.0335	state_02	MGI	0	state_02	IG-B
4	LV3003047112	leiden1	ST8	40.0335	state_02	MGI	0	state_02	IG-B
4	LV3003047112	grey	ST8	40.0335	state_02	MGI	0	state_02	IG-B
4	LV3003047126	leiden4	ST8	64.210824	state_02	MGI	0	state_02	IG-B
4	LV3003047126	leiden5	ST8	64.210824	state_02	MGI	0	state_02	IG-B
4	LV3003047126	grey	ST8	64.210824	state_02	MGI	0	state_02	IG-B
4	LV3003047126	leiden3	ST8	64.210824	state_02	MGI	0	state_02	IG-B
4	LV3003047126	leiden2	ST8	64.210824	state_02	MGI	0	state_02	IG-B
4	LV3003047126	leiden1	ST8	64.210824	state_02	MGI	0	state_02	IG-B
4	LV3003047126	leiden6	ST8	64.210824	state_02	MGI	0	state_02	IG-B
4	LV3003047139	leiden4	ST8	58.6141266666667	state_02	MGI	0	state_02	IG-B
4	LV3003047139	leiden2	ST8	58.6141266666667	state_02	MGI	0	state_02	IG-B
4	LV3003047139	leiden3	ST8	58.6141266666667	state_02	MGI	0	state_02	IG-B
4	LV3003047139	leiden1	ST8	58.6141266666667	state_02	MGI	0	state_02	IG-B
4	LV3003047139	leiden5	ST8	58.6141266666667	state_02	MGI	0	state_02	IG-B
4	LV3003047139	grey	ST8	58.6141266666667	state_02	MGI	0	state_02	IG-B
4	LV3003047142	leiden4	ST8	35.5823	state_02	MGI	0	state_02	IG-B
4	LV3003047142	leiden3	ST8	35.5823	state_02	MGI	0	state_02	IG-B
4	LV3003047142	leiden1	ST8	35.5823	state_02	MGI	0	state_02	IG-B
4	LV3003047142	leiden6	ST8	35.5823	state_02	MGI	0	state_02	IG-B
4	LV3003047142	leiden5	ST8	35.5823	state_02	MGI	0	state_02	IG-B
4	LV3003047142	leiden2	ST8	35.5823	state_02	MGI	0	state_02	IG-B
4	LV3003047142	grey	ST8	35.5823	state_02	MGI	0	state_02	IG-B
4	LV3003047146	leiden4	ST8	63.2667	state_02	MGI	0	state_02	IG-B
4	LV3003047146	leiden1	ST8	63.2667	state_02	MGI	0	state_02	IG-B
4	LV3003047146	leiden2	ST8	63.2667	state_02	MGI	0	state_02	IG-B
4	LV3003047146	leiden5	ST8	63.2667	state_02	MGI	0	state_02	IG-B
4	LV3003047146	leiden6	ST8	63.2667	state_02	MGI	0	state_02	IG-B
4	LV3003047146	leiden3	ST8	63.2667	state_02	MGI	0	state_02	IG-B
4	LV3003047146	grey	ST8	63.2667	state_02	MGI	0	state_02	IG-B
4	LV3003047147	leiden4	ST8	62.3217	state_02	MGI	0	state_02	IG-B
4	LV3003047147	leiden1	ST8	62.3217	state_02	MGI	0	state_02	IG-B
4	LV3003047147	leiden3	ST8	62.3217	state_02	MGI	0	state_02	IG-B
4	LV3003047147	leiden5	ST8	62.3217	state_02	MGI	0	state_02	IG-B
4	LV3003047147	leiden2	ST8	62.3217	state_02	MGI	0	state_02	IG-B
4	LV3003047147	grey	ST8	62.3217	state_02	MGI	0	state_02	IG-B
4	LV3003047147	leiden6	ST8	62.3217	state_02	MGI	0	state_02	IG-B
4	LV3003047148	leiden1	ST8	61.3767	state_02	MGI	0	state_02	IG-B
4	LV3003047148	leiden4	ST8	61.3767	state_02	MGI	0	state_02	IG-B
4	LV3003047148	leiden5	ST8	61.3767	state_02	MGI	0	state_02	IG-B
4	LV3003047148	grey	ST8	61.3767	state_02	MGI	0	state_02	IG-B
4	LV3003047148	leiden2	ST8	61.3767	state_02	MGI	0	state_02	IG-B
4	LV3003047148	leiden3	ST8	61.3767	state_02	MGI	0	state_02	IG-B
4	LV3003047148	leiden6	ST8	61.3767	state_02	MGI	0	state_02	IG-B
4	LV3003047149	leiden1	ST8	60.4317	state_02	MGI	0	state_02	IG-B
4	LV3003047149	leiden4	ST8	60.4317	state_02	MGI	0	state_02	IG-B
4	LV3003047149	leiden5	ST8	60.4317	state_02	MGI	0	state_02	IG-B
4	LV3003047149	leiden2	ST8	60.4317	state_02	MGI	0	state_02	IG-B
4	LV3003047149	grey	ST8	60.4317	state_02	MGI	0	state_02	IG-B
4	LV3003047149	leiden3	ST8	60.4317	state_02	MGI	0	state_02	IG-B
4	LV3003047150	leiden1	ST8	59.5217933333333	state_02	MGI	0	state_02	IG-B
4	LV3003047150	leiden4	ST8	59.5217933333333	state_02	MGI	0	state_02	IG-B
4	LV3003047150	leiden5	ST8	59.5217933333333	state_02	MGI	0	state_02	IG-B
4	LV3003047150	leiden2	ST8	59.5217933333333	state_02	MGI	0	state_02	IG-B
4	LV3003047150	leiden6	ST8	59.5217933333333	state_02	MGI	0	state_02	IG-B
4	LV3003047150	leiden3	ST8	59.5217933333333	state_02	MGI	0	state_02	IG-B
4	LV3003047150	grey	ST8	59.5217933333333	state_02	MGI	0	state_02	IG-B
4	LV3003047152	leiden1	ST8	45.00002	state_02	MGI	0	state_02	IG-B
4	LV3003047152	leiden4	ST8	45.00002	state_02	MGI	0	state_02	IG-B
4	LV3003047152	leiden2	ST8	45.00002	state_02	MGI	0	state_02	IG-B
4	LV3003047152	leiden6	ST8	45.00002	state_02	MGI	0	state_02	IG-B
4	LV3003047152	leiden3	ST8	45.00002	state_02	MGI	0	state_02	IG-B
4	LV3003047152	leiden5	ST8	45.00002	state_02	MGI	0	state_02	IG-B
4	LV3003047152	grey	ST8	45.00002	state_02	MGI	0	state_02	IG-B
4	LV3003047153	leiden1	ST8	38.71393	state_02	MGI	0	state_02	IG-B
4	LV3003047153	leiden4	ST8	38.71393	state_02	MGI	0	state_02	IG-B
4	LV3003047153	leiden2	ST8	38.71393	state_02	MGI	0	state_02	IG-B
4	LV3003047153	leiden6	ST8	38.71393	state_02	MGI	0	state_02	IG-B
4	LV3003047153	leiden3	ST8	38.71393	state_02	MGI	0	state_02	IG-B
4	LV3003047153	leiden5	ST8	38.71393	state_02	MGI	0	state_02	IG-B
4	LV3003047153	grey	ST8	38.71393	state_02	MGI	0	state_02	IG-B
4	LV3003047154	leiden4	ST8	35.13012	state_02	MGI	0	state_02	IG-B
4	LV3003047154	leiden2	ST8	35.13012	state_02	MGI	0	state_02	IG-B
4	LV3003047154	grey	ST8	35.13012	state_02	MGI	0	state_02	IG-B
4	LV3003047154	leiden5	ST8	35.13012	state_02	MGI	0	state_02	IG-B
4	LV3003047154	leiden3	ST8	35.13012	state_02	MGI	0	state_02	IG-B
4	LV3003047154	leiden1	ST8	35.13012	state_02	MGI	0	state_02	IG-B
4	LV3003047154	leiden6	ST8	35.13012	state_02	MGI	0	state_02	IG-B
4	LV3003047158	leiden1	ST8	57.70646	state_02	MGI	0	state_02	IG-B
4	LV3003047158	leiden4	ST8	57.70646	state_02	MGI	0	state_02	IG-B
4	LV3003047158	leiden5	ST8	57.70646	state_02	MGI	0	state_02	IG-B
4	LV3003047158	leiden2	ST8	57.70646	state_02	MGI	0	state_02	IG-B
4	LV3003047158	grey	ST8	57.70646	state_02	MGI	0	state_02	IG-B
4	LV3003047158	leiden3	ST8	57.70646	state_02	MGI	0	state_02	IG-B
4	LV3003047158	leiden6	ST8	57.70646	state_02	MGI	0	state_02	IG-B
4	LV3003047159	leiden4	ST8	56.7987933333333	state_02	MGI	0	state_02	IG-B
4	LV3003047159	leiden2	ST8	56.7987933333333	state_02	MGI	0	state_02	IG-B
4	LV3003047159	leiden6	ST8	56.7987933333333	state_02	MGI	0	state_02	IG-B
4	LV3003047159	leiden3	ST8	56.7987933333333	state_02	MGI	0	state_02	IG-B
4	LV3003047159	leiden1	ST8	56.7987933333333	state_02	MGI	0	state_02	IG-B
4	LV3003047159	leiden5	ST8	56.7987933333333	state_02	MGI	0	state_02	IG-B
4	LV3003047164	leiden5	ST8	43.93302	state_02	MGI	0	state_02	IG-B
4	LV3003047164	leiden4	ST8	43.93302	state_02	MGI	0	state_02	IG-B
4	LV3003047164	leiden6	ST8	43.93302	state_02	MGI	0	state_02	IG-B
4	LV3003047164	leiden2	ST8	43.93302	state_02	MGI	0	state_02	IG-B
4	LV3003047164	leiden3	ST8	43.93302	state_02	MGI	0	state_02	IG-B
4	LV3003047164	leiden1	ST8	43.93302	state_02	MGI	0	state_02	IG-B
4	LV3003047166	leiden1	ST8	38.27343	state_02	MGI	0	state_02	IG-B
4	LV3003047166	leiden4	ST8	38.27343	state_02	MGI	0	state_02	IG-B
4	LV3003047166	leiden2	ST8	38.27343	state_02	MGI	0	state_02	IG-B
4	LV3003047166	leiden6	ST8	38.27343	state_02	MGI	0	state_02	IG-B
4	LV3003047166	leiden3	ST8	38.27343	state_02	MGI	0	state_02	IG-B
4	LV3003047166	leiden5	ST8	38.27343	state_02	MGI	0	state_02	IG-B
4	LV3003047167	leiden4	ST8	34.67812	state_02	MGI	0	state_02	IG-B
4	LV3003047167	leiden1	ST8	34.67812	state_02	MGI	0	state_02	IG-B
4	LV3003047167	leiden6	ST8	34.67812	state_02	MGI	0	state_02	IG-B
4	LV3003047167	leiden2	ST8	34.67812	state_02	MGI	0	state_02	IG-B
4	LV3003047167	leiden5	ST8	34.67812	state_02	MGI	0	state_02	IG-B
4	LV3003047167	leiden3	ST8	34.67812	state_02	MGI	0	state_02	IG-B
4	LV3003047167	grey	ST8	34.67812	state_02	MGI	0	state_02	IG-B
4	LV3003061475	leiden4	ST13	53.844	state_02	MGI	0	state_02	IG-B
4	LV3003061475	leiden6	ST13	53.844	state_02	MGI	0	state_02	IG-B
4	LV3003061475	leiden2	ST13	53.844	state_02	MGI	0	state_02	IG-B
4	LV3003061475	leiden5	ST13	53.844	state_02	MGI	0	state_02	IG-B
4	LV3003061475	leiden3	ST13	53.844	state_02	MGI	0	state_02	IG-B
4	LV3003061475	leiden1	ST13	53.844	state_02	MGI	0	state_02	IG-B
4	LV3003061475	grey	ST13	53.844	state_02	MGI	0	state_02	IG-B
4	LV3003061486	leiden4	ST13	52.105	state_02	MGI	0	state_02	IG-B
4	LV3003061486	leiden2	ST13	52.105	state_02	MGI	0	state_02	IG-B
4	LV3003061486	leiden3	ST13	52.105	state_02	MGI	0	state_02	IG-B
4	LV3003061486	leiden5	ST13	52.105	state_02	MGI	0	state_02	IG-B
4	LV3003061486	leiden1	ST13	52.105	state_02	MGI	0	state_02	IG-B
4	LV3003061486	leiden6	ST13	52.105	state_02	MGI	0	state_02	IG-B
4	LV3003061504	leiden4	ST13	50.268	state_02	MGI	0	state_02	IG-B
4	LV3003061504	leiden1	ST13	50.268	state_02	MGI	0	state_02	IG-B
4	LV3003061504	leiden2	ST13	50.268	state_02	MGI	0	state_02	IG-B
4	LV3003061504	leiden6	ST13	50.268	state_02	MGI	0	state_02	IG-B
4	LV3003061504	leiden3	ST13	50.268	state_02	MGI	0	state_02	IG-B
4	LV3003061504	grey	ST13	50.268	state_02	MGI	0	state_02	IG-B
4	LV3003061513	leiden4	ST13	138.493	state_02	MGI	0	state_02	IG-B
4	LV3003061513	leiden3	ST13	138.493	state_02	MGI	0	state_02	IG-B
4	LV3003061513	leiden2	ST13	138.493	state_02	MGI	0	state_02	IG-B
4	LV3003061513	leiden1	ST13	138.493	state_02	MGI	0	state_02	IG-B
4	LV3003061513	leiden5	ST13	138.493	state_02	MGI	0	state_02	IG-B
4	LV3003061513	grey	ST13	138.493	state_02	MGI	0	state_02	IG-B
4	LV3003061516	leiden4	ST13	48.537	state_02	MGI	0	state_02	IG-B
4	LV3003061516	leiden5	ST13	48.537	state_02	MGI	0	state_02	IG-B
4	LV3003061516	leiden2	ST13	48.537	state_02	MGI	0	state_02	IG-B
4	LV3003061516	leiden6	ST13	48.537	state_02	MGI	0	state_02	IG-B
4	LV3003061516	leiden3	ST13	48.537	state_02	MGI	0	state_02	IG-B
4	LV3003061516	leiden1	ST13	48.537	state_02	MGI	0	state_02	IG-B
4	LV3003061530	leiden4	ST13	47.046	state_02	MGI	0	state_02	IG-B
4	LV3003061530	leiden1	ST13	47.046	state_02	MGI	0	state_02	IG-B
4	LV3003061530	leiden2	ST13	47.046	state_02	MGI	0	state_02	IG-B
4	LV3003061530	leiden6	ST13	47.046	state_02	MGI	0	state_02	IG-B
4	LV3003061530	leiden3	ST13	47.046	state_02	MGI	0	state_02	IG-B
4	LV3003061530	grey	ST13	47.046	state_02	MGI	0	state_02	IG-B
4	LV3003061539	leiden4	ST13	130.0556	state_02	MGI	0	state_02	IG-B
4	LV3003061539	leiden2	ST13	130.0556	state_02	MGI	0	state_02	IG-B
4	LV3003061539	leiden1	ST13	130.0556	state_02	MGI	0	state_02	IG-B
4	LV3003061539	leiden3	ST13	130.0556	state_02	MGI	0	state_02	IG-B
4	LV3003061539	leiden5	ST13	130.0556	state_02	MGI	0	state_02	IG-B
4	LV3003061539	leiden6	ST13	130.0556	state_02	MGI	0	state_02	IG-B
4	LV3003061544	leiden1	ST13	45.122	state_02	MGI	0	state_02	IG-B
4	LV3003061544	leiden4	ST13	45.122	state_02	MGI	0	state_02	IG-B
4	LV3003061544	leiden5	ST13	45.122	state_02	MGI	0	state_02	IG-B
4	LV3003061544	leiden2	ST13	45.122	state_02	MGI	0	state_02	IG-B
4	LV3003061544	leiden6	ST13	45.122	state_02	MGI	0	state_02	IG-B
4	LV3003061544	leiden3	ST13	45.122	state_02	MGI	0	state_02	IG-B
4	LV3003061544	grey	ST13	45.122	state_02	MGI	0	state_02	IG-B
4	LV3003061570	leiden3	ST13	55.466	state_02	MGI	0	state_02	IG-B
4	LV3003061570	leiden4	ST13	55.466	state_02	MGI	0	state_02	IG-B
4	LV3003061570	leiden1	ST13	55.466	state_02	MGI	0	state_02	IG-B
4	LV3003061570	leiden2	ST13	55.466	state_02	MGI	0	state_02	IG-B
4	LV3003061570	leiden6	ST13	55.466	state_02	MGI	0	state_02	IG-B
4	LV3003061570	grey	ST13	55.466	state_02	MGI	0	state_02	IG-B
4	LV3003061570	leiden5	ST13	55.466	state_02	MGI	0	state_02	IG-B
4	LV7008886221	leiden2	GeoB25202_R1	50.3555	state_02	MGI	0	state_02	IG-B
4	LV7008886221	leiden3	GeoB25202_R1	50.3555	state_02	MGI	0	state_02	IG-B
4	LV7008886221	leiden4	GeoB25202_R1	50.3555	state_02	MGI	0	state_02	IG-B
4	LV7008886221	leiden5	GeoB25202_R1	50.3555	state_02	MGI	0	state_02	IG-B
4	LV7008886221	leiden6	GeoB25202_R1	50.3555	state_02	MGI	0	state_02	IG-B
4	LV7008886221	leiden1	GeoB25202_R1	50.3555	state_02	MGI	0	state_02	IG-B
4	LV7008886221	grey	GeoB25202_R1	50.3555	state_02	MGI	0	state_02	IG-B
4	LV7008886222	leiden4	GeoB25202_R1	136.2775	state_02	MGI	0	state_02	IG-B
4	LV7008886222	grey	GeoB25202_R1	136.2775	state_02	MGI	0	state_02	IG-B
4	LV7008886222	leiden3	GeoB25202_R1	136.2775	state_02	MGI	0	state_02	IG-B
4	LV7008886222	leiden2	GeoB25202_R1	136.2775	state_02	MGI	0	state_02	IG-B
4	LV7008886222	leiden5	GeoB25202_R1	136.2775	state_02	MGI	0	state_02	IG-B
4	LV7008886222	leiden1	GeoB25202_R1	136.2775	state_02	MGI	0	state_02	IG-B
4	LV7008886222	leiden6	GeoB25202_R1	136.2775	state_02	MGI	0	state_02	IG-B
4	LV7008886226	leiden3	GeoB25202_R2	36.607	state_02	MGI	0	state_02	IG-B
4	LV7008886226	leiden4	GeoB25202_R2	36.607	state_02	MGI	0	state_02	IG-B
4	LV7008886226	leiden2	GeoB25202_R2	36.607	state_02	MGI	0	state_02	IG-B
4	LV7008886226	leiden6	GeoB25202_R2	36.607	state_02	MGI	0	state_02	IG-B
4	LV7008886226	grey	GeoB25202_R2	36.607	state_02	MGI	0	state_02	IG-B
4	LV7008886226	leiden5	GeoB25202_R2	36.607	state_02	MGI	0	state_02	IG-B
4	LV7008886226	leiden1	GeoB25202_R2	36.607	state_02	MGI	0	state_02	IG-B
4	LV7008886692	leiden4	GeoB25202_R1	53.875	state_02	MGI	0	state_02	IG-B
4	LV7008886692	leiden6	GeoB25202_R1	53.875	state_02	MGI	0	state_02	IG-B
4	LV7008886692	leiden2	GeoB25202_R1	53.875	state_02	MGI	0	state_02	IG-B
4	LV7008886692	leiden3	GeoB25202_R1	53.875	state_02	MGI	0	state_02	IG-B
4	LV7008886692	grey	GeoB25202_R1	53.875	state_02	MGI	0	state_02	IG-B
4	LV7008886692	leiden1	GeoB25202_R1	53.875	state_02	MGI	0	state_02	IG-B
4	LV7008886692	leiden5	GeoB25202_R1	53.875	state_02	MGI	0	state_02	IG-B
4	LV7008886704	leiden3	GeoB25202_R2	53.875	state_02	MGI	0	state_02	IG-B
4	LV7008886704	leiden4	GeoB25202_R2	53.875	state_02	MGI	0	state_02	IG-B
4	LV7008886704	leiden2	GeoB25202_R2	53.875	state_02	MGI	0	state_02	IG-B
4	LV7008886704	leiden6	GeoB25202_R2	53.875	state_02	MGI	0	state_02	IG-B
4	LV7008886704	leiden5	GeoB25202_R2	53.875	state_02	MGI	0	state_02	IG-B
4	LV7008886704	grey	GeoB25202_R2	53.875	state_02	MGI	0	state_02	IG-B
4	LV7008886704	leiden1	GeoB25202_R2	53.875	state_02	MGI	0	state_02	IG-B
4	LV7008886705	leiden4	GeoB25202_R1	59.738	state_02	MGI	0	state_02	IG-B
4	LV7008886705	leiden6	GeoB25202_R1	59.738	state_02	MGI	0	state_02	IG-B
4	LV7008886705	leiden2	GeoB25202_R1	59.738	state_02	MGI	0	state_02	IG-B
4	LV7008886705	leiden5	GeoB25202_R1	59.738	state_02	MGI	0	state_02	IG-B
4	LV7008886705	leiden3	GeoB25202_R1	59.738	state_02	MGI	0	state_02	IG-B
4	LV7008886705	leiden1	GeoB25202_R1	59.738	state_02	MGI	0	state_02	IG-B
4	LV7008886709	leiden4	GeoB25202_R1	147.206	state_02	MGI	0	state_02	IG-B
4	LV7008886709	leiden1	GeoB25202_R1	147.206	state_02	MGI	0	state_02	IG-B
4	LV7008886709	leiden3	GeoB25202_R1	147.206	state_02	MGI	0	state_02	IG-B
4	LV7008886709	grey	GeoB25202_R1	147.206	state_02	MGI	0	state_02	IG-B
4	LV7008886709	leiden5	GeoB25202_R1	147.206	state_02	MGI	0	state_02	IG-B
4	LV7008886709	leiden2	GeoB25202_R1	147.206	state_02	MGI	0	state_02	IG-B
4	LV7008886717	leiden4	GeoB25202_R2	59.738	state_02	MGI	0	state_02	IG-B
4	LV7008886717	leiden1	GeoB25202_R2	59.738	state_02	MGI	0	state_02	IG-B
4	LV7008886717	leiden2	GeoB25202_R2	59.738	state_02	MGI	0	state_02	IG-B
4	LV7008886717	leiden6	GeoB25202_R2	59.738	state_02	MGI	0	state_02	IG-B
4	LV7008886717	leiden3	GeoB25202_R2	59.738	state_02	MGI	0	state_02	IG-B
4	LV7008886717	leiden5	GeoB25202_R2	59.738	state_02	MGI	0	state_02	IG-B
4	LV7008886721	leiden4	GeoB25202_R2	147.206	state_02	MGI	0	state_02	IG-B
4	LV7008886721	leiden1	GeoB25202_R2	147.206	state_02	MGI	0	state_02	IG-B
4	LV7008886721	leiden2	GeoB25202_R2	147.206	state_02	MGI	0	state_02	IG-B
4	LV7008886721	leiden3	GeoB25202_R2	147.206	state_02	MGI	0	state_02	IG-B
4	LV7008886721	leiden5	GeoB25202_R2	147.206	state_02	MGI	0	state_02	IG-B
4	LV7008886721	grey	GeoB25202_R2	147.206	state_02	MGI	0	state_02	IG-B
4	LV7008886740	leiden3	GeoB25202_R1	43.105	state_02	MGI	0	state_02	IG-B
4	LV7008886740	leiden4	GeoB25202_R1	43.105	state_02	MGI	0	state_02	IG-B
4	LV7008886740	leiden2	GeoB25202_R1	43.105	state_02	MGI	0	state_02	IG-B
4	LV7008886740	leiden6	GeoB25202_R1	43.105	state_02	MGI	0	state_02	IG-B
4	LV7008886740	leiden1	GeoB25202_R1	43.105	state_02	MGI	0	state_02	IG-B
4	LV7008886740	grey	GeoB25202_R1	43.105	state_02	MGI	0	state_02	IG-B
4	LV7008886740	leiden5	GeoB25202_R1	43.105	state_02	MGI	0	state_02	IG-B
4	LV7008886745	leiden1	GeoB25202_R2	136.2775	state_02	MGI	0	state_02	IG-B
4	LV7008886745	leiden4	GeoB25202_R2	136.2775	state_02	MGI	0	state_02	IG-B
4	LV7008886745	leiden5	GeoB25202_R2	136.2775	state_02	MGI	0	state_02	IG-B
4	LV7008886745	leiden2	GeoB25202_R2	136.2775	state_02	MGI	0	state_02	IG-B
4	LV7008886745	leiden3	GeoB25202_R2	136.2775	state_02	MGI	0	state_02	IG-B
4	LV7008886745	grey	GeoB25202_R2	136.2775	state_02	MGI	0	state_02	IG-B
4	LV7008886745	leiden6	GeoB25202_R2	136.2775	state_02	MGI	0	state_02	IG-B
4	LV7008886753	leiden4	GeoB25202_R2	58.997	state_02	MGI	0	state_02	IG-B
4	LV7008886753	grey	GeoB25202_R2	58.997	state_02	MGI	0	state_02	IG-B
4	LV7008886753	leiden3	GeoB25202_R2	58.997	state_02	MGI	0	state_02	IG-B
4	LV7008886753	leiden2	GeoB25202_R2	58.997	state_02	MGI	0	state_02	IG-B
4	LV7008886753	leiden5	GeoB25202_R2	58.997	state_02	MGI	0	state_02	IG-B
4	LV7008886753	leiden1	GeoB25202_R2	58.997	state_02	MGI	0	state_02	IG-B
4	LV7008886753	leiden6	GeoB25202_R2	58.997	state_02	MGI	0	state_02	IG-B
4	LV7008886765	leiden4	GeoB25202_R1	58.181	state_02	MGI	0	state_02	IG-B
4	LV7008886765	leiden1	GeoB25202_R1	58.181	state_02	MGI	0	state_02	IG-B
4	LV7008886765	leiden2	GeoB25202_R1	58.181	state_02	MGI	0	state_02	IG-B
4	LV7008886765	leiden6	GeoB25202_R1	58.181	state_02	MGI	0	state_02	IG-B
4	LV7008886765	leiden3	GeoB25202_R1	58.181	state_02	MGI	0	state_02	IG-B
4	LV7008886765	leiden5	GeoB25202_R1	58.181	state_02	MGI	0	state_02	IG-B
4	LV7008886765	grey	GeoB25202_R1	58.181	state_02	MGI	0	state_02	IG-B
4	LV3003047067	leiden4	ST8	42.86602	state_02	MFI	-1.62563523570906	state_02	IG-B
4	LV3003047067	leiden1	ST8	42.86602	state_02	MFI	-1.62563523570906	state_02	IG-B
4	LV3003047067	leiden2	ST8	42.86602	state_02	MFI	-1.62563523570906	state_02	IG-B
4	LV3003047067	leiden5	ST8	42.86602	state_02	MFI	9.75381141425437	state_02	IG-B
4	LV3003047067	leiden6	ST8	42.86602	state_02	MFI	-1.62563523570906	state_02	IG-B
4	LV3003047067	leiden3	ST8	42.86602	state_02	MFI	-1.62563523570906	state_02	IG-B
4	LV3003047067	grey	ST8	42.86602	state_02	MFI	-1.62563523570906	state_02	IG-B
4	LV3003047068	leiden4	ST8	37.78969	state_02	MFI	0	state_02	IG-B
4	LV3003047068	leiden2	ST8	37.78969	state_02	MFI	0	state_02	IG-B
4	LV3003047068	leiden3	ST8	37.78969	state_02	MFI	0	state_02	IG-B
4	LV3003047068	leiden1	ST8	37.78969	state_02	MFI	0	state_02	IG-B
4	LV3003047068	leiden6	ST8	37.78969	state_02	MFI	0	state_02	IG-B
4	LV3003047068	leiden5	ST8	37.78969	state_02	MFI	0	state_02	IG-B
4	LV3003047069	leiden4	ST8	33.7436870748299	state_02	MFI	0	state_02	IG-B
4	LV3003047069	leiden1	ST8	33.7436870748299	state_02	MFI	0	state_02	IG-B
4	LV3003047069	leiden2	ST8	33.7436870748299	state_02	MFI	0	state_02	IG-B
4	LV3003047069	leiden6	ST8	33.7436870748299	state_02	MFI	0	state_02	IG-B
4	LV3003047069	leiden3	ST8	33.7436870748299	state_02	MFI	0	state_02	IG-B
4	LV3003047069	grey	ST8	33.7436870748299	state_02	MFI	0	state_02	IG-B
4	LV3003047069	leiden5	ST8	33.7436870748299	state_02	MFI	0	state_02	IG-B
4	LV3003047081	leiden4	ST8	52.20718	state_02	MFI	0	state_02	IG-B
4	LV3003047081	leiden2	ST8	52.20718	state_02	MFI	0	state_02	IG-B
4	LV3003047081	leiden6	ST8	52.20718	state_02	MFI	0	state_02	IG-B
4	LV3003047081	leiden3	ST8	52.20718	state_02	MFI	0	state_02	IG-B
4	LV3003047081	leiden5	ST8	52.20718	state_02	MFI	0	state_02	IG-B
4	LV3003047081	leiden1	ST8	52.20718	state_02	MFI	0	state_02	IG-B
4	LV3003047081	grey	ST8	52.20718	state_02	MFI	0	state_02	IG-B
4	LV3003047082	leiden4	ST8	41.9168333333333	state_02	MFI	0	state_02	IG-B
4	LV3003047082	leiden6	ST8	41.9168333333333	state_02	MFI	0	state_02	IG-B
4	LV3003047082	leiden2	ST8	41.9168333333333	state_02	MFI	0	state_02	IG-B
4	LV3003047082	leiden3	ST8	41.9168333333333	state_02	MFI	0	state_02	IG-B
4	LV3003047082	leiden1	ST8	41.9168333333333	state_02	MFI	0	state_02	IG-B
4	LV3003047082	leiden5	ST8	41.9168333333333	state_02	MFI	0	state_02	IG-B
4	LV3003047082	grey	ST8	41.9168333333333	state_02	MFI	0	state_02	IG-B
4	LV3003047083	leiden1	ST8	37.30319	state_02	MFI	0	state_02	IG-B
4	LV3003047083	leiden4	ST8	37.30319	state_02	MFI	0	state_02	IG-B
4	LV3003047083	leiden6	ST8	37.30319	state_02	MFI	0	state_02	IG-B
4	LV3003047083	leiden2	ST8	37.30319	state_02	MFI	0	state_02	IG-B
4	LV3003047083	leiden3	ST8	37.30319	state_02	MFI	0	state_02	IG-B
4	LV3003047083	leiden5	ST8	37.30319	state_02	MFI	0	state_02	IG-B
4	LV3003047083	grey	ST8	37.30319	state_02	MFI	0	state_02	IG-B
4	LV3003047094	leiden4	ST8	50.6848	state_02	MFI	0	state_02	IG-B
4	LV3003047094	leiden5	ST8	50.6848	state_02	MFI	0	state_02	IG-B
4	LV3003047094	leiden2	ST8	50.6848	state_02	MFI	0	state_02	IG-B
4	LV3003047094	leiden6	ST8	50.6848	state_02	MFI	0	state_02	IG-B
4	LV3003047094	leiden3	ST8	50.6848	state_02	MFI	0	state_02	IG-B
4	LV3003047094	grey	ST8	50.6848	state_02	MFI	0	state_02	IG-B
4	LV3003047094	leiden1	ST8	50.6848	state_02	MFI	0	state_02	IG-B
4	LV3003047095	leiden4	ST8	40.9751666666667	state_02	MFI	0	state_02	IG-B
4	LV3003047095	leiden1	ST8	40.9751666666667	state_02	MFI	0	state_02	IG-B
4	LV3003047095	leiden2	ST8	40.9751666666667	state_02	MFI	0	state_02	IG-B
4	LV3003047095	leiden6	ST8	40.9751666666667	state_02	MFI	0	state_02	IG-B
4	LV3003047095	leiden3	ST8	40.9751666666667	state_02	MFI	0	state_02	IG-B
4	LV3003047095	leiden5	ST8	40.9751666666667	state_02	MFI	0	state_02	IG-B
4	LV3003047110	leiden1	ST8	49.1548	state_02	MFI	0	state_02	IG-B
4	LV3003047110	leiden4	ST8	49.1548	state_02	MFI	0	state_02	IG-B
4	LV3003047110	leiden6	ST8	49.1548	state_02	MFI	0	state_02	IG-B
4	LV3003047110	leiden2	ST8	49.1548	state_02	MFI	0	state_02	IG-B
4	LV3003047110	leiden5	ST8	49.1548	state_02	MFI	0	state_02	IG-B
4	LV3003047110	leiden3	ST8	49.1548	state_02	MFI	0	state_02	IG-B
4	LV3003047112	leiden4	ST8	40.0335	state_02	MFI	0	state_02	IG-B
4	LV3003047112	leiden2	ST8	40.0335	state_02	MFI	0	state_02	IG-B
4	LV3003047112	leiden6	ST8	40.0335	state_02	MFI	0	state_02	IG-B
4	LV3003047112	leiden3	ST8	40.0335	state_02	MFI	0	state_02	IG-B
4	LV3003047112	leiden5	ST8	40.0335	state_02	MFI	0	state_02	IG-B
4	LV3003047112	leiden1	ST8	40.0335	state_02	MFI	0	state_02	IG-B
4	LV3003047112	grey	ST8	40.0335	state_02	MFI	0	state_02	IG-B
4	LV3003047126	leiden4	ST8	64.210824	state_02	MFI	0	state_02	IG-B
4	LV3003047126	leiden5	ST8	64.210824	state_02	MFI	0	state_02	IG-B
4	LV3003047126	grey	ST8	64.210824	state_02	MFI	0	state_02	IG-B
4	LV3003047126	leiden3	ST8	64.210824	state_02	MFI	0	state_02	IG-B
4	LV3003047126	leiden2	ST8	64.210824	state_02	MFI	0	state_02	IG-B
4	LV3003047126	leiden1	ST8	64.210824	state_02	MFI	0	state_02	IG-B
4	LV3003047126	leiden6	ST8	64.210824	state_02	MFI	0	state_02	IG-B
4	LV3003047139	leiden4	ST8	58.6141266666667	state_02	MFI	0	state_02	IG-B
4	LV3003047139	leiden2	ST8	58.6141266666667	state_02	MFI	0	state_02	IG-B
4	LV3003047139	leiden3	ST8	58.6141266666667	state_02	MFI	0	state_02	IG-B
4	LV3003047139	leiden1	ST8	58.6141266666667	state_02	MFI	0	state_02	IG-B
4	LV3003047139	leiden5	ST8	58.6141266666667	state_02	MFI	0	state_02	IG-B
4	LV3003047139	grey	ST8	58.6141266666667	state_02	MFI	0	state_02	IG-B
4	LV3003047142	leiden4	ST8	35.5823	state_02	MFI	-1.53871258860584	state_02	IG-B
4	LV3003047142	leiden3	ST8	35.5823	state_02	MFI	-1.53871258860584	state_02	IG-B
4	LV3003047142	leiden1	ST8	35.5823	state_02	MFI	-1.53871258860584	state_02	IG-B
4	LV3003047142	leiden6	ST8	35.5823	state_02	MFI	-1.53871258860584	state_02	IG-B
4	LV3003047142	leiden5	ST8	35.5823	state_02	MFI	9.23227553163501	state_02	IG-B
4	LV3003047142	leiden2	ST8	35.5823	state_02	MFI	-1.53871258860584	state_02	IG-B
4	LV3003047142	grey	ST8	35.5823	state_02	MFI	-1.53871258860584	state_02	IG-B
4	LV3003047146	leiden4	ST8	63.2667	state_02	MFI	0	state_02	IG-B
4	LV3003047146	leiden1	ST8	63.2667	state_02	MFI	0	state_02	IG-B
4	LV3003047146	leiden2	ST8	63.2667	state_02	MFI	0	state_02	IG-B
4	LV3003047146	leiden5	ST8	63.2667	state_02	MFI	0	state_02	IG-B
4	LV3003047146	leiden6	ST8	63.2667	state_02	MFI	0	state_02	IG-B
4	LV3003047146	leiden3	ST8	63.2667	state_02	MFI	0	state_02	IG-B
4	LV3003047146	grey	ST8	63.2667	state_02	MFI	0	state_02	IG-B
4	LV3003047147	leiden4	ST8	62.3217	state_02	MFI	0	state_02	IG-B
4	LV3003047147	leiden1	ST8	62.3217	state_02	MFI	0	state_02	IG-B
4	LV3003047147	leiden3	ST8	62.3217	state_02	MFI	0	state_02	IG-B
4	LV3003047147	leiden5	ST8	62.3217	state_02	MFI	0	state_02	IG-B
4	LV3003047147	leiden2	ST8	62.3217	state_02	MFI	0	state_02	IG-B
4	LV3003047147	grey	ST8	62.3217	state_02	MFI	0	state_02	IG-B
4	LV3003047147	leiden6	ST8	62.3217	state_02	MFI	0	state_02	IG-B
4	LV3003047148	leiden1	ST8	61.3767	state_02	MFI	0	state_02	IG-B
4	LV3003047148	leiden4	ST8	61.3767	state_02	MFI	0	state_02	IG-B
4	LV3003047148	leiden5	ST8	61.3767	state_02	MFI	0	state_02	IG-B
4	LV3003047148	grey	ST8	61.3767	state_02	MFI	0	state_02	IG-B
4	LV3003047148	leiden2	ST8	61.3767	state_02	MFI	0	state_02	IG-B
4	LV3003047148	leiden3	ST8	61.3767	state_02	MFI	0	state_02	IG-B
4	LV3003047148	leiden6	ST8	61.3767	state_02	MFI	0	state_02	IG-B
4	LV3003047149	leiden1	ST8	60.4317	state_02	MFI	0	state_02	IG-B
4	LV3003047149	leiden4	ST8	60.4317	state_02	MFI	0	state_02	IG-B
4	LV3003047149	leiden5	ST8	60.4317	state_02	MFI	0	state_02	IG-B
4	LV3003047149	leiden2	ST8	60.4317	state_02	MFI	0	state_02	IG-B
4	LV3003047149	grey	ST8	60.4317	state_02	MFI	0	state_02	IG-B
4	LV3003047149	leiden3	ST8	60.4317	state_02	MFI	0	state_02	IG-B
4	LV3003047150	leiden1	ST8	59.5217933333333	state_02	MFI	0	state_02	IG-B
4	LV3003047150	leiden4	ST8	59.5217933333333	state_02	MFI	0	state_02	IG-B
4	LV3003047150	leiden5	ST8	59.5217933333333	state_02	MFI	0	state_02	IG-B
4	LV3003047150	leiden2	ST8	59.5217933333333	state_02	MFI	0	state_02	IG-B
4	LV3003047150	leiden6	ST8	59.5217933333333	state_02	MFI	0	state_02	IG-B
4	LV3003047150	leiden3	ST8	59.5217933333333	state_02	MFI	0	state_02	IG-B
4	LV3003047150	grey	ST8	59.5217933333333	state_02	MFI	0	state_02	IG-B
4	LV3003047152	leiden1	ST8	45.00002	state_02	MFI	0	state_02	IG-B
4	LV3003047152	leiden4	ST8	45.00002	state_02	MFI	0	state_02	IG-B
4	LV3003047152	leiden2	ST8	45.00002	state_02	MFI	0	state_02	IG-B
4	LV3003047152	leiden6	ST8	45.00002	state_02	MFI	0	state_02	IG-B
4	LV3003047152	leiden3	ST8	45.00002	state_02	MFI	0	state_02	IG-B
4	LV3003047152	leiden5	ST8	45.00002	state_02	MFI	0	state_02	IG-B
4	LV3003047152	grey	ST8	45.00002	state_02	MFI	0	state_02	IG-B
4	LV3003047153	leiden1	ST8	38.71393	state_02	MFI	0	state_02	IG-B
4	LV3003047153	leiden4	ST8	38.71393	state_02	MFI	0	state_02	IG-B
4	LV3003047153	leiden2	ST8	38.71393	state_02	MFI	0	state_02	IG-B
4	LV3003047153	leiden6	ST8	38.71393	state_02	MFI	0	state_02	IG-B
4	LV3003047153	leiden3	ST8	38.71393	state_02	MFI	0	state_02	IG-B
4	LV3003047153	leiden5	ST8	38.71393	state_02	MFI	0	state_02	IG-B
4	LV3003047153	grey	ST8	38.71393	state_02	MFI	0	state_02	IG-B
4	LV3003047154	leiden4	ST8	35.13012	state_02	MFI	-1.59504885756056	state_02	IG-B
4	LV3003047154	leiden2	ST8	35.13012	state_02	MFI	-1.59504885756056	state_02	IG-B
4	LV3003047154	grey	ST8	35.13012	state_02	MFI	-1.59504885756056	state_02	IG-B
4	LV3003047154	leiden5	ST8	35.13012	state_02	MFI	9.57029314536338	state_02	IG-B
4	LV3003047154	leiden3	ST8	35.13012	state_02	MFI	-1.59504885756056	state_02	IG-B
4	LV3003047154	leiden1	ST8	35.13012	state_02	MFI	-1.59504885756056	state_02	IG-B
4	LV3003047154	leiden6	ST8	35.13012	state_02	MFI	-1.59504885756056	state_02	IG-B
4	LV3003047158	leiden1	ST8	57.70646	state_02	MFI	0	state_02	IG-B
4	LV3003047158	leiden4	ST8	57.70646	state_02	MFI	0	state_02	IG-B
4	LV3003047158	leiden5	ST8	57.70646	state_02	MFI	0	state_02	IG-B
4	LV3003047158	leiden2	ST8	57.70646	state_02	MFI	0	state_02	IG-B
4	LV3003047158	grey	ST8	57.70646	state_02	MFI	0	state_02	IG-B
4	LV3003047158	leiden3	ST8	57.70646	state_02	MFI	0	state_02	IG-B
4	LV3003047158	leiden6	ST8	57.70646	state_02	MFI	0	state_02	IG-B
4	LV3003047159	leiden4	ST8	56.7987933333333	state_02	MFI	0	state_02	IG-B
4	LV3003047159	leiden2	ST8	56.7987933333333	state_02	MFI	0	state_02	IG-B
4	LV3003047159	leiden6	ST8	56.7987933333333	state_02	MFI	0	state_02	IG-B
4	LV3003047159	leiden3	ST8	56.7987933333333	state_02	MFI	0	state_02	IG-B
4	LV3003047159	leiden1	ST8	56.7987933333333	state_02	MFI	0	state_02	IG-B
4	LV3003047159	leiden5	ST8	56.7987933333333	state_02	MFI	0	state_02	IG-B
4	LV3003047164	leiden5	ST8	43.93302	state_02	MFI	0	state_02	IG-B
4	LV3003047164	leiden4	ST8	43.93302	state_02	MFI	0	state_02	IG-B
4	LV3003047164	leiden6	ST8	43.93302	state_02	MFI	0	state_02	IG-B
4	LV3003047164	leiden2	ST8	43.93302	state_02	MFI	0	state_02	IG-B
4	LV3003047164	leiden3	ST8	43.93302	state_02	MFI	0	state_02	IG-B
4	LV3003047164	leiden1	ST8	43.93302	state_02	MFI	0	state_02	IG-B
4	LV3003047166	leiden1	ST8	38.27343	state_02	MFI	0	state_02	IG-B
4	LV3003047166	leiden4	ST8	38.27343	state_02	MFI	0	state_02	IG-B
4	LV3003047166	leiden2	ST8	38.27343	state_02	MFI	0	state_02	IG-B
4	LV3003047166	leiden6	ST8	38.27343	state_02	MFI	0	state_02	IG-B
4	LV3003047166	leiden3	ST8	38.27343	state_02	MFI	0	state_02	IG-B
4	LV3003047166	leiden5	ST8	38.27343	state_02	MFI	0	state_02	IG-B
4	LV3003047167	leiden4	ST8	34.67812	state_02	MFI	0	state_02	IG-B
4	LV3003047167	leiden1	ST8	34.67812	state_02	MFI	0	state_02	IG-B
4	LV3003047167	leiden6	ST8	34.67812	state_02	MFI	0	state_02	IG-B
4	LV3003047167	leiden2	ST8	34.67812	state_02	MFI	0	state_02	IG-B
4	LV3003047167	leiden5	ST8	34.67812	state_02	MFI	0	state_02	IG-B
4	LV3003047167	leiden3	ST8	34.67812	state_02	MFI	0	state_02	IG-B
4	LV3003047167	grey	ST8	34.67812	state_02	MFI	0	state_02	IG-B
4	LV3003061475	leiden4	ST13	53.844	state_02	MFI	0	state_02	IG-B
4	LV3003061475	leiden6	ST13	53.844	state_02	MFI	0	state_02	IG-B
4	LV3003061475	leiden2	ST13	53.844	state_02	MFI	0	state_02	IG-B
4	LV3003061475	leiden5	ST13	53.844	state_02	MFI	0	state_02	IG-B
4	LV3003061475	leiden3	ST13	53.844	state_02	MFI	0	state_02	IG-B
4	LV3003061475	leiden1	ST13	53.844	state_02	MFI	0	state_02	IG-B
4	LV3003061475	grey	ST13	53.844	state_02	MFI	0	state_02	IG-B
4	LV3003061486	leiden4	ST13	52.105	state_02	MFI	0	state_02	IG-B
4	LV3003061486	leiden2	ST13	52.105	state_02	MFI	0	state_02	IG-B
4	LV3003061486	leiden3	ST13	52.105	state_02	MFI	0	state_02	IG-B
4	LV3003061486	leiden5	ST13	52.105	state_02	MFI	0	state_02	IG-B
4	LV3003061486	leiden1	ST13	52.105	state_02	MFI	0	state_02	IG-B
4	LV3003061486	leiden6	ST13	52.105	state_02	MFI	0	state_02	IG-B
4	LV3003061504	leiden4	ST13	50.268	state_02	MFI	0	state_02	IG-B
4	LV3003061504	leiden1	ST13	50.268	state_02	MFI	0	state_02	IG-B
4	LV3003061504	leiden2	ST13	50.268	state_02	MFI	0	state_02	IG-B
4	LV3003061504	leiden6	ST13	50.268	state_02	MFI	0	state_02	IG-B
4	LV3003061504	leiden3	ST13	50.268	state_02	MFI	0	state_02	IG-B
4	LV3003061504	grey	ST13	50.268	state_02	MFI	0	state_02	IG-B
4	LV3003061513	leiden4	ST13	138.493	state_02	MFI	0	state_02	IG-B
4	LV3003061513	leiden3	ST13	138.493	state_02	MFI	0	state_02	IG-B
4	LV3003061513	leiden2	ST13	138.493	state_02	MFI	0	state_02	IG-B
4	LV3003061513	leiden1	ST13	138.493	state_02	MFI	0	state_02	IG-B
4	LV3003061513	leiden5	ST13	138.493	state_02	MFI	0	state_02	IG-B
4	LV3003061513	grey	ST13	138.493	state_02	MFI	0	state_02	IG-B
4	LV3003061516	leiden4	ST13	48.537	state_02	MFI	0	state_02	IG-B
4	LV3003061516	leiden5	ST13	48.537	state_02	MFI	0	state_02	IG-B
4	LV3003061516	leiden2	ST13	48.537	state_02	MFI	0	state_02	IG-B
4	LV3003061516	leiden6	ST13	48.537	state_02	MFI	0	state_02	IG-B
4	LV3003061516	leiden3	ST13	48.537	state_02	MFI	0	state_02	IG-B
4	LV3003061516	leiden1	ST13	48.537	state_02	MFI	0	state_02	IG-B
4	LV3003061530	leiden4	ST13	47.046	state_02	MFI	0	state_02	IG-B
4	LV3003061530	leiden1	ST13	47.046	state_02	MFI	0	state_02	IG-B
4	LV3003061530	leiden2	ST13	47.046	state_02	MFI	0	state_02	IG-B
4	LV3003061530	leiden6	ST13	47.046	state_02	MFI	0	state_02	IG-B
4	LV3003061530	leiden3	ST13	47.046	state_02	MFI	0	state_02	IG-B
4	LV3003061530	grey	ST13	47.046	state_02	MFI	0	state_02	IG-B
4	LV3003061539	leiden4	ST13	130.0556	state_02	MFI	0	state_02	IG-B
4	LV3003061539	leiden2	ST13	130.0556	state_02	MFI	0	state_02	IG-B
4	LV3003061539	leiden1	ST13	130.0556	state_02	MFI	0	state_02	IG-B
4	LV3003061539	leiden3	ST13	130.0556	state_02	MFI	0	state_02	IG-B
4	LV3003061539	leiden5	ST13	130.0556	state_02	MFI	0	state_02	IG-B
4	LV3003061539	leiden6	ST13	130.0556	state_02	MFI	0	state_02	IG-B
4	LV3003061544	leiden1	ST13	45.122	state_02	MFI	0	state_02	IG-B
4	LV3003061544	leiden4	ST13	45.122	state_02	MFI	0	state_02	IG-B
4	LV3003061544	leiden5	ST13	45.122	state_02	MFI	0	state_02	IG-B
4	LV3003061544	leiden2	ST13	45.122	state_02	MFI	0	state_02	IG-B
4	LV3003061544	leiden6	ST13	45.122	state_02	MFI	0	state_02	IG-B
4	LV3003061544	leiden3	ST13	45.122	state_02	MFI	0	state_02	IG-B
4	LV3003061544	grey	ST13	45.122	state_02	MFI	0	state_02	IG-B
4	LV3003061570	leiden3	ST13	55.466	state_02	MFI	-1.75843884071462	state_02	IG-B
4	LV3003061570	leiden4	ST13	55.466	state_02	MFI	-1.75843884071462	state_02	IG-B
4	LV3003061570	leiden1	ST13	55.466	state_02	MFI	-1.75843884071462	state_02	IG-B
4	LV3003061570	leiden2	ST13	55.466	state_02	MFI	-1.75843884071462	state_02	IG-B
4	LV3003061570	leiden6	ST13	55.466	state_02	MFI	-1.75843884071462	state_02	IG-B
4	LV3003061570	grey	ST13	55.466	state_02	MFI	-1.75843884071462	state_02	IG-B
4	LV3003061570	leiden5	ST13	55.466	state_02	MFI	10.5506330442877	state_02	IG-B
4	LV7008886221	leiden2	GeoB25202_R1	50.3555	state_02	MFI	0	state_02	IG-B
4	LV7008886221	leiden3	GeoB25202_R1	50.3555	state_02	MFI	0	state_02	IG-B
4	LV7008886221	leiden4	GeoB25202_R1	50.3555	state_02	MFI	0	state_02	IG-B
4	LV7008886221	leiden5	GeoB25202_R1	50.3555	state_02	MFI	0	state_02	IG-B
4	LV7008886221	leiden6	GeoB25202_R1	50.3555	state_02	MFI	0	state_02	IG-B
4	LV7008886221	leiden1	GeoB25202_R1	50.3555	state_02	MFI	0	state_02	IG-B
4	LV7008886221	grey	GeoB25202_R1	50.3555	state_02	MFI	0	state_02	IG-B
4	LV7008886222	leiden4	GeoB25202_R1	136.2775	state_02	MFI	0	state_02	IG-B
4	LV7008886222	grey	GeoB25202_R1	136.2775	state_02	MFI	0	state_02	IG-B
4	LV7008886222	leiden3	GeoB25202_R1	136.2775	state_02	MFI	0	state_02	IG-B
4	LV7008886222	leiden2	GeoB25202_R1	136.2775	state_02	MFI	0	state_02	IG-B
4	LV7008886222	leiden5	GeoB25202_R1	136.2775	state_02	MFI	0	state_02	IG-B
4	LV7008886222	leiden1	GeoB25202_R1	136.2775	state_02	MFI	0	state_02	IG-B
4	LV7008886222	leiden6	GeoB25202_R1	136.2775	state_02	MFI	0	state_02	IG-B
4	LV7008886226	leiden3	GeoB25202_R2	36.607	state_02	MFI	0	state_02	IG-B
4	LV7008886226	leiden4	GeoB25202_R2	36.607	state_02	MFI	0	state_02	IG-B
4	LV7008886226	leiden2	GeoB25202_R2	36.607	state_02	MFI	0	state_02	IG-B
4	LV7008886226	leiden6	GeoB25202_R2	36.607	state_02	MFI	0	state_02	IG-B
4	LV7008886226	grey	GeoB25202_R2	36.607	state_02	MFI	0	state_02	IG-B
4	LV7008886226	leiden5	GeoB25202_R2	36.607	state_02	MFI	0	state_02	IG-B
4	LV7008886226	leiden1	GeoB25202_R2	36.607	state_02	MFI	0	state_02	IG-B
4	LV7008886692	leiden4	GeoB25202_R1	53.875	state_02	MFI	0	state_02	IG-B
4	LV7008886692	leiden6	GeoB25202_R1	53.875	state_02	MFI	0	state_02	IG-B
4	LV7008886692	leiden2	GeoB25202_R1	53.875	state_02	MFI	0	state_02	IG-B
4	LV7008886692	leiden3	GeoB25202_R1	53.875	state_02	MFI	0	state_02	IG-B
4	LV7008886692	grey	GeoB25202_R1	53.875	state_02	MFI	0	state_02	IG-B
4	LV7008886692	leiden1	GeoB25202_R1	53.875	state_02	MFI	0	state_02	IG-B
4	LV7008886692	leiden5	GeoB25202_R1	53.875	state_02	MFI	0	state_02	IG-B
4	LV7008886704	leiden3	GeoB25202_R2	53.875	state_02	MFI	0	state_02	IG-B
4	LV7008886704	leiden4	GeoB25202_R2	53.875	state_02	MFI	0	state_02	IG-B
4	LV7008886704	leiden2	GeoB25202_R2	53.875	state_02	MFI	0	state_02	IG-B
4	LV7008886704	leiden6	GeoB25202_R2	53.875	state_02	MFI	0	state_02	IG-B
4	LV7008886704	leiden5	GeoB25202_R2	53.875	state_02	MFI	0	state_02	IG-B
4	LV7008886704	grey	GeoB25202_R2	53.875	state_02	MFI	0	state_02	IG-B
4	LV7008886704	leiden1	GeoB25202_R2	53.875	state_02	MFI	0	state_02	IG-B
4	LV7008886705	leiden4	GeoB25202_R1	59.738	state_02	MFI	0	state_02	IG-B
4	LV7008886705	leiden6	GeoB25202_R1	59.738	state_02	MFI	0	state_02	IG-B
4	LV7008886705	leiden2	GeoB25202_R1	59.738	state_02	MFI	0	state_02	IG-B
4	LV7008886705	leiden5	GeoB25202_R1	59.738	state_02	MFI	0	state_02	IG-B
4	LV7008886705	leiden3	GeoB25202_R1	59.738	state_02	MFI	0	state_02	IG-B
4	LV7008886705	leiden1	GeoB25202_R1	59.738	state_02	MFI	0	state_02	IG-B
4	LV7008886709	leiden4	GeoB25202_R1	147.206	state_02	MFI	0	state_02	IG-B
4	LV7008886709	leiden1	GeoB25202_R1	147.206	state_02	MFI	0	state_02	IG-B
4	LV7008886709	leiden3	GeoB25202_R1	147.206	state_02	MFI	0	state_02	IG-B
4	LV7008886709	grey	GeoB25202_R1	147.206	state_02	MFI	0	state_02	IG-B
4	LV7008886709	leiden5	GeoB25202_R1	147.206	state_02	MFI	0	state_02	IG-B
4	LV7008886709	leiden2	GeoB25202_R1	147.206	state_02	MFI	0	state_02	IG-B
4	LV7008886717	leiden4	GeoB25202_R2	59.738	state_02	MFI	0	state_02	IG-B
4	LV7008886717	leiden1	GeoB25202_R2	59.738	state_02	MFI	0	state_02	IG-B
4	LV7008886717	leiden2	GeoB25202_R2	59.738	state_02	MFI	0	state_02	IG-B
4	LV7008886717	leiden6	GeoB25202_R2	59.738	state_02	MFI	0	state_02	IG-B
4	LV7008886717	leiden3	GeoB25202_R2	59.738	state_02	MFI	0	state_02	IG-B
4	LV7008886717	leiden5	GeoB25202_R2	59.738	state_02	MFI	0	state_02	IG-B
4	LV7008886721	leiden4	GeoB25202_R2	147.206	state_02	MFI	0	state_02	IG-B
4	LV7008886721	leiden1	GeoB25202_R2	147.206	state_02	MFI	0	state_02	IG-B
4	LV7008886721	leiden2	GeoB25202_R2	147.206	state_02	MFI	0	state_02	IG-B
4	LV7008886721	leiden3	GeoB25202_R2	147.206	state_02	MFI	0	state_02	IG-B
4	LV7008886721	leiden5	GeoB25202_R2	147.206	state_02	MFI	0	state_02	IG-B
4	LV7008886721	grey	GeoB25202_R2	147.206	state_02	MFI	0	state_02	IG-B
4	LV7008886740	leiden3	GeoB25202_R1	43.105	state_02	MFI	0	state_02	IG-B
4	LV7008886740	leiden4	GeoB25202_R1	43.105	state_02	MFI	0	state_02	IG-B
4	LV7008886740	leiden2	GeoB25202_R1	43.105	state_02	MFI	0	state_02	IG-B
4	LV7008886740	leiden6	GeoB25202_R1	43.105	state_02	MFI	0	state_02	IG-B
4	LV7008886740	leiden1	GeoB25202_R1	43.105	state_02	MFI	0	state_02	IG-B
4	LV7008886740	grey	GeoB25202_R1	43.105	state_02	MFI	0	state_02	IG-B
4	LV7008886740	leiden5	GeoB25202_R1	43.105	state_02	MFI	0	state_02	IG-B
4	LV7008886745	leiden1	GeoB25202_R2	136.2775	state_02	MFI	0	state_02	IG-B
4	LV7008886745	leiden4	GeoB25202_R2	136.2775	state_02	MFI	0	state_02	IG-B
4	LV7008886745	leiden5	GeoB25202_R2	136.2775	state_02	MFI	0	state_02	IG-B
4	LV7008886745	leiden2	GeoB25202_R2	136.2775	state_02	MFI	0	state_02	IG-B
4	LV7008886745	leiden3	GeoB25202_R2	136.2775	state_02	MFI	0	state_02	IG-B
4	LV7008886745	grey	GeoB25202_R2	136.2775	state_02	MFI	0	state_02	IG-B
4	LV7008886745	leiden6	GeoB25202_R2	136.2775	state_02	MFI	0	state_02	IG-B
4	LV7008886753	leiden4	GeoB25202_R2	58.997	state_02	MFI	0	state_02	IG-B
4	LV7008886753	grey	GeoB25202_R2	58.997	state_02	MFI	0	state_02	IG-B
4	LV7008886753	leiden3	GeoB25202_R2	58.997	state_02	MFI	0	state_02	IG-B
4	LV7008886753	leiden2	GeoB25202_R2	58.997	state_02	MFI	0	state_02	IG-B
4	LV7008886753	leiden5	GeoB25202_R2	58.997	state_02	MFI	0	state_02	IG-B
4	LV7008886753	leiden1	GeoB25202_R2	58.997	state_02	MFI	0	state_02	IG-B
4	LV7008886753	leiden6	GeoB25202_R2	58.997	state_02	MFI	0	state_02	IG-B
4	LV7008886765	leiden4	GeoB25202_R1	58.181	state_02	MFI	0	state_02	IG-B
4	LV7008886765	leiden1	GeoB25202_R1	58.181	state_02	MFI	0	state_02	IG-B
4	LV7008886765	leiden2	GeoB25202_R1	58.181	state_02	MFI	0	state_02	IG-B
4	LV7008886765	leiden6	GeoB25202_R1	58.181	state_02	MFI	0	state_02	IG-B
4	LV7008886765	leiden3	GeoB25202_R1	58.181	state_02	MFI	0	state_02	IG-B
4	LV7008886765	leiden5	GeoB25202_R1	58.181	state_02	MFI	0	state_02	IG-B
4	LV7008886765	grey	GeoB25202_R1	58.181	state_02	MFI	0	state_02	IG-B
4	LV3003047067	leiden4	ST8	42.86602	state_02	DCI	2.08279736667289	state_02	IG-B
4	LV3003047067	leiden1	ST8	42.86602	state_02	DCI	0.844833642909272	state_02	IG-B
4	LV3003047067	leiden2	ST8	42.86602	state_02	DCI	3.51629082164591	state_02	IG-B
4	LV3003047067	leiden5	ST8	42.86602	state_02	DCI	-7.26858605261405	state_02	IG-B
4	LV3003047067	leiden6	ST8	42.86602	state_02	DCI	1.8678795908068	state_02	IG-B
4	LV3003047067	leiden3	ST8	42.86602	state_02	DCI	-5.21228535285612	state_02	IG-B
4	LV3003047067	grey	ST8	42.86602	state_02	DCI	4.1690699834353	state_02	IG-B
4	LV3003047068	leiden4	ST8	37.78969	state_02	DCI	0.962158838248305	state_02	IG-B
4	LV3003047068	leiden2	ST8	37.78969	state_02	DCI	2.84493620117567	state_02	IG-B
4	LV3003047068	leiden3	ST8	37.78969	state_02	DCI	3.8616499178771	state_02	IG-B
4	LV3003047068	leiden1	ST8	37.78969	state_02	DCI	0.39928566339757	state_02	IG-B
4	LV3003047068	leiden6	ST8	37.78969	state_02	DCI	-10.5680049837227	state_02	IG-B
4	LV3003047068	leiden5	ST8	37.78969	state_02	DCI	2.49997436302407	state_02	IG-B
4	LV3003047069	leiden4	ST8	33.7436870748299	state_02	DCI	3.49249640547588	state_02	IG-B
4	LV3003047069	leiden1	ST8	33.7436870748299	state_02	DCI	-4.92185617012063	state_02	IG-B
4	LV3003047069	leiden2	ST8	33.7436870748299	state_02	DCI	4.93276138801616	state_02	IG-B
4	LV3003047069	leiden6	ST8	33.7436870748299	state_02	DCI	-7.40482846208592	state_02	IG-B
4	LV3003047069	leiden3	ST8	33.7436870748299	state_02	DCI	-5.83578725281516	state_02	IG-B
4	LV3003047069	grey	ST8	33.7436870748299	state_02	DCI	5.62142760514106	state_02	IG-B
4	LV3003047069	leiden5	ST8	33.7436870748299	state_02	DCI	4.11578648638861	state_02	IG-B
4	LV3003047081	leiden4	ST8	52.20718	state_02	DCI	4.65476180563859	state_02	IG-B
4	LV3003047081	leiden2	ST8	52.20718	state_02	DCI	5.95593272645975	state_02	IG-B
4	LV3003047081	leiden6	ST8	52.20718	state_02	DCI	3.17613102594385	state_02	IG-B
4	LV3003047081	leiden3	ST8	52.20718	state_02	DCI	-4.95788711588478	state_02	IG-B
4	LV3003047081	leiden5	ST8	52.20718	state_02	DCI	-7.47070281926265	state_02	IG-B
4	LV3003047081	leiden1	ST8	52.20718	state_02	DCI	5.12317061125649	state_02	IG-B
4	LV3003047081	grey	ST8	52.20718	state_02	DCI	-6.48140623415124	state_02	IG-B
4	LV3003047082	leiden4	ST8	41.9168333333333	state_02	DCI	5.25192568385201	state_02	IG-B
4	LV3003047082	leiden6	ST8	41.9168333333333	state_02	DCI	-5.74605269654026	state_02	IG-B
4	LV3003047082	leiden2	ST8	41.9168333333333	state_02	DCI	7.51844939923156	state_02	IG-B
4	LV3003047082	leiden3	ST8	41.9168333333333	state_02	DCI	-3.50370415614496	state_02	IG-B
4	LV3003047082	leiden1	ST8	41.9168333333333	state_02	DCI	-6.10468484706003	state_02	IG-B
4	LV3003047082	leiden5	ST8	41.9168333333333	state_02	DCI	-4.93848956452255	state_02	IG-B
4	LV3003047082	grey	ST8	41.9168333333333	state_02	DCI	7.52255618118422	state_02	IG-B
4	LV3003047083	leiden1	ST8	37.30319	state_02	DCI	0.841036927108783	state_02	IG-B
4	LV3003047083	leiden4	ST8	37.30319	state_02	DCI	0.931858003371033	state_02	IG-B
4	LV3003047083	leiden6	ST8	37.30319	state_02	DCI	1.05916362263569	state_02	IG-B
4	LV3003047083	leiden2	ST8	37.30319	state_02	DCI	2.30451666675882	state_02	IG-B
4	LV3003047083	leiden3	ST8	37.30319	state_02	DCI	3.1447590298899	state_02	IG-B
4	LV3003047083	leiden5	ST8	37.30319	state_02	DCI	-11.4260932796541	state_02	IG-B
4	LV3003047083	grey	ST8	37.30319	state_02	DCI	3.1447590298899	state_02	IG-B
4	LV3003047094	leiden4	ST8	50.6848	state_02	DCI	0.807751244627759	state_02	IG-B
4	LV3003047094	leiden5	ST8	50.6848	state_02	DCI	-11.9974157454658	state_02	IG-B
4	LV3003047094	leiden2	ST8	50.6848	state_02	DCI	2.46655923535827	state_02	IG-B
4	LV3003047094	leiden6	ST8	50.6848	state_02	DCI	1.58911912392948	state_02	IG-B
4	LV3003047094	leiden3	ST8	50.6848	state_02	DCI	2.12387601983705	state_02	IG-B
4	LV3003047094	grey	ST8	50.6848	state_02	DCI	2.55011003472154	state_02	IG-B
4	LV3003047094	leiden1	ST8	50.6848	state_02	DCI	2.46000008699169	state_02	IG-B
4	LV3003047095	leiden4	ST8	40.9751666666667	state_02	DCI	-1.11927527656513	state_02	IG-B
4	LV3003047095	leiden1	ST8	40.9751666666667	state_02	DCI	-12.5227964301875	state_02	IG-B
4	LV3003047095	leiden2	ST8	40.9751666666667	state_02	DCI	1.70470310656808	state_02	IG-B
4	LV3003047095	leiden6	ST8	40.9751666666667	state_02	DCI	13.8968140399238	state_02	IG-B
4	LV3003047095	leiden3	ST8	40.9751666666667	state_02	DCI	11.0981007222072	state_02	IG-B
4	LV3003047095	leiden5	ST8	40.9751666666667	state_02	DCI	-13.0575461619465	state_02	IG-B
4	LV3003047110	leiden1	ST8	49.1548	state_02	DCI	-9.6058020417322	state_02	IG-B
4	LV3003047110	leiden4	ST8	49.1548	state_02	DCI	2.86687277031764	state_02	IG-B
4	LV3003047110	leiden6	ST8	49.1548	state_02	DCI	6.17662231132671	state_02	IG-B
4	LV3003047110	leiden2	ST8	49.1548	state_02	DCI	5.00018091051769	state_02	IG-B
4	LV3003047110	leiden5	ST8	49.1548	state_02	DCI	-9.5019712980837	state_02	IG-B
4	LV3003047110	leiden3	ST8	49.1548	state_02	DCI	5.06409734765386	state_02	IG-B
4	LV3003047112	leiden4	ST8	40.0335	state_02	DCI	1.869459163007	state_02	IG-B
4	LV3003047112	leiden2	ST8	40.0335	state_02	DCI	3.82372288809902	state_02	IG-B
4	LV3003047112	leiden6	ST8	40.0335	state_02	DCI	3.99479688255646	state_02	IG-B
4	LV3003047112	leiden3	ST8	40.0335	state_02	DCI	-5.9194676319382	state_02	IG-B
4	LV3003047112	leiden5	ST8	40.0335	state_02	DCI	-9.75291250863543	state_02	IG-B
4	LV3003047112	leiden1	ST8	40.0335	state_02	DCI	2.05859719584165	state_02	IG-B
4	LV3003047112	grey	ST8	40.0335	state_02	DCI	3.92580401106951	state_02	IG-B
4	LV3003047126	leiden4	ST8	64.210824	state_02	DCI	1.8462297323173	state_02	IG-B
4	LV3003047126	leiden5	ST8	64.210824	state_02	DCI	-10.0335803063582	state_02	IG-B
4	LV3003047126	grey	ST8	64.210824	state_02	DCI	3.81023402776888	state_02	IG-B
4	LV3003047126	leiden3	ST8	64.210824	state_02	DCI	-7.76139903802813	state_02	IG-B
4	LV3003047126	leiden2	ST8	64.210824	state_02	DCI	4.53914488359152	state_02	IG-B
4	LV3003047126	leiden1	ST8	64.210824	state_02	DCI	-9.7562361222236	state_02	IG-B
4	LV3003047126	leiden6	ST8	64.210824	state_02	DCI	17.3556068229323	state_02	IG-B
4	LV3003047139	leiden4	ST8	58.6141266666667	state_02	DCI	-1.62809335402427	state_02	IG-B
4	LV3003047139	leiden2	ST8	58.6141266666667	state_02	DCI	0.651592388765459	state_02	IG-B
4	LV3003047139	leiden3	ST8	58.6141266666667	state_02	DCI	0.645834523998214	state_02	IG-B
4	LV3003047139	leiden1	ST8	58.6141266666667	state_02	DCI	-0.961002606735829	state_02	IG-B
4	LV3003047139	leiden5	ST8	58.6141266666667	state_02	DCI	0.645834523998214	state_02	IG-B
4	LV3003047139	grey	ST8	58.6141266666667	state_02	DCI	0.645834523998214	state_02	IG-B
4	LV3003047142	leiden4	ST8	35.5823	state_02	DCI	0.993124504203616	state_02	IG-B
4	LV3003047142	leiden3	ST8	35.5823	state_02	DCI	2.57350631852211	state_02	IG-B
4	LV3003047142	leiden1	ST8	35.5823	state_02	DCI	1.21202712652194	state_02	IG-B
4	LV3003047142	leiden6	ST8	35.5823	state_02	DCI	1.02933561704191	state_02	IG-B
4	LV3003047142	leiden5	ST8	35.5823	state_02	DCI	-11.2256812654102	state_02	IG-B
4	LV3003047142	leiden2	ST8	35.5823	state_02	DCI	2.84418138059855	state_02	IG-B
4	LV3003047142	grey	ST8	35.5823	state_02	DCI	2.57350631852211	state_02	IG-B
4	LV3003047146	leiden4	ST8	63.2667	state_02	DCI	3.10888880877551	state_02	IG-B
4	LV3003047146	leiden1	ST8	63.2667	state_02	DCI	1.63355776224114	state_02	IG-B
4	LV3003047146	leiden2	ST8	63.2667	state_02	DCI	4.84733186011432	state_02	IG-B
4	LV3003047146	leiden5	ST8	63.2667	state_02	DCI	2.10948977753494	state_02	IG-B
4	LV3003047146	leiden6	ST8	63.2667	state_02	DCI	3.39525465524914	state_02	IG-B
4	LV3003047146	leiden3	ST8	63.2667	state_02	DCI	-6.32207820470108	state_02	IG-B
4	LV3003047146	grey	ST8	63.2667	state_02	DCI	-8.77244465921396	state_02	IG-B
4	LV3003047147	leiden4	ST8	62.3217	state_02	DCI	6.8305101708436	state_02	IG-B
4	LV3003047147	leiden1	ST8	62.3217	state_02	DCI	-4.20821093361036	state_02	IG-B
4	LV3003047147	leiden3	ST8	62.3217	state_02	DCI	6.97773053803353	state_02	IG-B
4	LV3003047147	leiden5	ST8	62.3217	state_02	DCI	-5.42181165900384	state_02	IG-B
4	LV3003047147	leiden2	ST8	62.3217	state_02	DCI	7.5907914876694	state_02	IG-B
4	LV3003047147	grey	ST8	62.3217	state_02	DCI	-4.871532375054	state_02	IG-B
4	LV3003047147	leiden6	ST8	62.3217	state_02	DCI	-6.89747722887833	state_02	IG-B
4	LV3003047148	leiden1	ST8	61.3767	state_02	DCI	1.41595478301869	state_02	IG-B
4	LV3003047148	leiden4	ST8	61.3767	state_02	DCI	0.0806874895706704	state_02	IG-B
4	LV3003047148	leiden5	ST8	61.3767	state_02	DCI	0.977921279198602	state_02	IG-B
4	LV3003047148	grey	ST8	61.3767	state_02	DCI	2.35917276528463	state_02	IG-B
4	LV3003047148	leiden2	ST8	61.3767	state_02	DCI	1.93123923519667	state_02	IG-B
4	LV3003047148	leiden3	ST8	61.3767	state_02	DCI	-9.12414831755389	state_02	IG-B
4	LV3003047148	leiden6	ST8	61.3767	state_02	DCI	2.35917276528463	state_02	IG-B
4	LV3003047149	leiden1	ST8	60.4317	state_02	DCI	0.783394374672482	state_02	IG-B
4	LV3003047149	leiden4	ST8	60.4317	state_02	DCI	-1.51861887499105	state_02	IG-B
4	LV3003047149	leiden5	ST8	60.4317	state_02	DCI	-1.07931683052786	state_02	IG-B
4	LV3003047149	leiden2	ST8	60.4317	state_02	DCI	0.247752581501459	state_02	IG-B
4	LV3003047149	grey	ST8	60.4317	state_02	DCI	0.783394374672482	state_02	IG-B
4	LV3003047149	leiden3	ST8	60.4317	state_02	DCI	0.783394374672482	state_02	IG-B
4	LV3003047150	leiden1	ST8	59.5217933333333	state_02	DCI	1.88918726418403	state_02	IG-B
4	LV3003047150	leiden4	ST8	59.5217933333333	state_02	DCI	2.17554192382002	state_02	IG-B
4	LV3003047150	leiden5	ST8	59.5217933333333	state_02	DCI	-8.76383148184104	state_02	IG-B
4	LV3003047150	leiden2	ST8	59.5217933333333	state_02	DCI	3.81360308518123	state_02	IG-B
4	LV3003047150	leiden6	ST8	59.5217933333333	state_02	DCI	4.1388750046138	state_02	IG-B
4	LV3003047150	leiden3	ST8	59.5217933333333	state_02	DCI	-7.39225080057185	state_02	IG-B
4	LV3003047150	grey	ST8	59.5217933333333	state_02	DCI	4.1388750046138	state_02	IG-B
4	LV3003047152	leiden1	ST8	45.00002	state_02	DCI	-7.53655799921661	state_02	IG-B
4	LV3003047152	leiden4	ST8	45.00002	state_02	DCI	3.46252523528926	state_02	IG-B
4	LV3003047152	leiden2	ST8	45.00002	state_02	DCI	6.11248303570666	state_02	IG-B
4	LV3003047152	leiden6	ST8	45.00002	state_02	DCI	3.47023715107045	state_02	IG-B
4	LV3003047152	leiden3	ST8	45.00002	state_02	DCI	-5.59746815465675	state_02	IG-B
4	LV3003047152	leiden5	ST8	45.00002	state_02	DCI	-5.50114836356459	state_02	IG-B
4	LV3003047152	grey	ST8	45.00002	state_02	DCI	5.58992909537159	state_02	IG-B
4	LV3003047153	leiden1	ST8	38.71393	state_02	DCI	-2.00110730816954	state_02	IG-B
4	LV3003047153	leiden4	ST8	38.71393	state_02	DCI	-0.460222991550205	state_02	IG-B
4	LV3003047153	leiden2	ST8	38.71393	state_02	DCI	2.02056235972453	state_02	IG-B
4	LV3003047153	leiden6	ST8	38.71393	state_02	DCI	0.0881787192148129	state_02	IG-B
4	LV3003047153	leiden3	ST8	38.71393	state_02	DCI	10.9804077349905	state_02	IG-B
4	LV3003047153	leiden5	ST8	38.71393	state_02	DCI	-12.4399585744383	state_02	IG-B
4	LV3003047153	grey	ST8	38.71393	state_02	DCI	1.81214006022826	state_02	IG-B
4	LV3003047154	leiden4	ST8	35.13012	state_02	DCI	1.10603469257289	state_02	IG-B
4	LV3003047154	leiden2	ST8	35.13012	state_02	DCI	2.79278198382104	state_02	IG-B
4	LV3003047154	grey	ST8	35.13012	state_02	DCI	3.01417754638361	state_02	IG-B
4	LV3003047154	leiden5	ST8	35.13012	state_02	DCI	0.939748546527319	state_02	IG-B
4	LV3003047154	leiden3	ST8	35.13012	state_02	DCI	3.01417754638361	state_02	IG-B
4	LV3003047154	leiden1	ST8	35.13012	state_02	DCI	0.566849634532053	state_02	IG-B
4	LV3003047154	leiden6	ST8	35.13012	state_02	DCI	-11.4337699502205	state_02	IG-B
4	LV3003047158	leiden1	ST8	57.70646	state_02	DCI	9.14112292665025	state_02	IG-B
4	LV3003047158	leiden4	ST8	57.70646	state_02	DCI	-3.21577644694643	state_02	IG-B
4	LV3003047158	leiden5	ST8	57.70646	state_02	DCI	-13.8144453858582	state_02	IG-B
4	LV3003047158	leiden2	ST8	57.70646	state_02	DCI	-1.26923114171891	state_02	IG-B
4	LV3003047158	grey	ST8	57.70646	state_02	DCI	-1.34159101975377	state_02	IG-B
4	LV3003047158	leiden3	ST8	57.70646	state_02	DCI	-1.34159101975377	state_02	IG-B
4	LV3003047158	leiden6	ST8	57.70646	state_02	DCI	11.8415120873808	state_02	IG-B
4	LV3003047159	leiden4	ST8	56.7987933333333	state_02	DCI	1.02235722828103	state_02	IG-B
4	LV3003047159	leiden2	ST8	56.7987933333333	state_02	DCI	2.13596432607659	state_02	IG-B
4	LV3003047159	leiden6	ST8	56.7987933333333	state_02	DCI	2.58736048224843	state_02	IG-B
4	LV3003047159	leiden3	ST8	56.7987933333333	state_02	DCI	2.58736048224843	state_02	IG-B
4	LV3003047159	leiden1	ST8	56.7987933333333	state_02	DCI	2.54825692109274	state_02	IG-B
4	LV3003047159	leiden5	ST8	56.7987933333333	state_02	DCI	-10.8812994399472	state_02	IG-B
4	LV3003047164	leiden5	ST8	43.93302	state_02	DCI	-9.7051782702405	state_02	IG-B
4	LV3003047164	leiden4	ST8	43.93302	state_02	DCI	2.64391905254734	state_02	IG-B
4	LV3003047164	leiden6	ST8	43.93302	state_02	DCI	5.43894216413389	state_02	IG-B
4	LV3003047164	leiden2	ST8	43.93302	state_02	DCI	4.72308473899673	state_02	IG-B
4	LV3003047164	leiden3	ST8	43.93302	state_02	DCI	-6.40092886810519	state_02	IG-B
4	LV3003047164	leiden1	ST8	43.93302	state_02	DCI	3.30016118266774	state_02	IG-B
4	LV3003047166	leiden1	ST8	38.27343	state_02	DCI	2.83640371819865	state_02	IG-B
4	LV3003047166	leiden4	ST8	38.27343	state_02	DCI	2.94101222920408	state_02	IG-B
4	LV3003047166	leiden2	ST8	38.27343	state_02	DCI	5.56729373250238	state_02	IG-B
4	LV3003047166	leiden6	ST8	38.27343	state_02	DCI	2.73139434284795	state_02	IG-B
4	LV3003047166	leiden3	ST8	38.27343	state_02	DCI	-5.66712433704052	state_02	IG-B
4	LV3003047166	leiden5	ST8	38.27343	state_02	DCI	-8.40897968571253	state_02	IG-B
4	LV3003047167	leiden4	ST8	34.67812	state_02	DCI	2.87569157127358	state_02	IG-B
4	LV3003047167	leiden1	ST8	34.67812	state_02	DCI	2.15208930235161	state_02	IG-B
4	LV3003047167	leiden6	ST8	34.67812	state_02	DCI	3.30981471917957	state_02	IG-B
4	LV3003047167	leiden2	ST8	34.67812	state_02	DCI	4.84829128264014	state_02	IG-B
4	LV3003047167	leiden5	ST8	34.67812	state_02	DCI	-9.07209107277608	state_02	IG-B
4	LV3003047167	leiden3	ST8	34.67812	state_02	DCI	5.25368196660508	state_02	IG-B
4	LV3003047167	grey	ST8	34.67812	state_02	DCI	-9.36747776927391	state_02	IG-B
4	LV3003061475	leiden4	ST13	53.844	state_02	DCI	2.02032380266955	state_02	IG-B
4	LV3003061475	leiden6	ST13	53.844	state_02	DCI	-9.88154125726838	state_02	IG-B
4	LV3003061475	leiden2	ST13	53.844	state_02	DCI	3.58687428611783	state_02	IG-B
4	LV3003061475	leiden5	ST13	53.844	state_02	DCI	4.23313975015444	state_02	IG-B
4	LV3003061475	leiden3	ST13	53.844	state_02	DCI	-7.20764192814779	state_02	IG-B
4	LV3003061475	leiden1	ST13	53.844	state_02	DCI	3.01570559631991	state_02	IG-B
4	LV3003061475	grey	ST13	53.844	state_02	DCI	4.23313975015444	state_02	IG-B
4	LV3003061486	leiden4	ST13	52.105	state_02	DCI	4.68897712942955	state_02	IG-B
4	LV3003061486	leiden2	ST13	52.105	state_02	DCI	6.54261632029377	state_02	IG-B
4	LV3003061486	leiden3	ST13	52.105	state_02	DCI	-2.57412396713811	state_02	IG-B
4	LV3003061486	leiden5	ST13	52.105	state_02	DCI	-6.48248947920057	state_02	IG-B
4	LV3003061486	leiden1	ST13	52.105	state_02	DCI	-8.74057246889653	state_02	IG-B
4	LV3003061486	leiden6	ST13	52.105	state_02	DCI	6.56559246551188	state_02	IG-B
4	LV3003061504	leiden4	ST13	50.268	state_02	DCI	0.766913695106658	state_02	IG-B
4	LV3003061504	leiden1	ST13	50.268	state_02	DCI	1.48094066555477	state_02	IG-B
4	LV3003061504	leiden2	ST13	50.268	state_02	DCI	2.48313822083256	state_02	IG-B
4	LV3003061504	leiden6	ST13	50.268	state_02	DCI	2.01263717321368	state_02	IG-B
4	LV3003061504	leiden3	ST13	50.268	state_02	DCI	-9.15552359036703	state_02	IG-B
4	LV3003061504	grey	ST13	50.268	state_02	DCI	2.41189383565936	state_02	IG-B
4	LV3003061513	leiden4	ST13	138.493	state_02	DCI	3.15720491944038	state_02	IG-B
4	LV3003061513	leiden3	ST13	138.493	state_02	DCI	-6.8474894826541	state_02	IG-B
4	LV3003061513	leiden2	ST13	138.493	state_02	DCI	5.32818832158486	state_02	IG-B
4	LV3003061513	leiden1	ST13	138.493	state_02	DCI	3.0727958617241	state_02	IG-B
4	LV3003061513	leiden5	ST13	138.493	state_02	DCI	-9.48100241280121	state_02	IG-B
4	LV3003061513	grey	ST13	138.493	state_02	DCI	4.77030279270597	state_02	IG-B
4	LV3003061516	leiden4	ST13	48.537	state_02	DCI	0.840249580119054	state_02	IG-B
4	LV3003061516	leiden5	ST13	48.537	state_02	DCI	-8.93964411320286	state_02	IG-B
4	LV3003061516	leiden2	ST13	48.537	state_02	DCI	2.8065949235952	state_02	IG-B
4	LV3003061516	leiden6	ST13	48.537	state_02	DCI	2.24098218248797	state_02	IG-B
4	LV3003061516	leiden3	ST13	48.537	state_02	DCI	2.79206748053966	state_02	IG-B
4	LV3003061516	leiden1	ST13	48.537	state_02	DCI	0.259749946460967	state_02	IG-B
4	LV3003061530	leiden4	ST13	47.046	state_02	DCI	-1.81424891907135	state_02	IG-B
4	LV3003061530	leiden1	ST13	47.046	state_02	DCI	-12.4971348778792	state_02	IG-B
4	LV3003061530	leiden2	ST13	47.046	state_02	DCI	0.12603597396814	state_02	IG-B
4	LV3003061530	leiden6	ST13	47.046	state_02	DCI	13.0547890698968	state_02	IG-B
4	LV3003061530	leiden3	ST13	47.046	state_02	DCI	0.309091971166404	state_02	IG-B
4	LV3003061530	grey	ST13	47.046	state_02	DCI	0.821466781919224	state_02	IG-B
4	LV3003061539	leiden4	ST13	130.0556	state_02	DCI	1.05730037482908	state_02	IG-B
4	LV3003061539	leiden2	ST13	130.0556	state_02	DCI	3.43561590016157	state_02	IG-B
4	LV3003061539	leiden1	ST13	130.0556	state_02	DCI	-10.7882129144331	state_02	IG-B
4	LV3003061539	leiden3	ST13	130.0556	state_02	DCI	3.09847392199906	state_02	IG-B
4	LV3003061539	leiden5	ST13	130.0556	state_02	DCI	-11.8156489246333	state_02	IG-B
4	LV3003061539	leiden6	ST13	130.0556	state_02	DCI	15.0124716420767	state_02	IG-B
4	LV3003061544	leiden1	ST13	45.122	state_02	DCI	1.7230017565973	state_02	IG-B
4	LV3003061544	leiden4	ST13	45.122	state_02	DCI	1.13898782061611	state_02	IG-B
4	LV3003061544	leiden5	ST13	45.122	state_02	DCI	-10.2573134746105	state_02	IG-B
4	LV3003061544	leiden2	ST13	45.122	state_02	DCI	2.10730290219136	state_02	IG-B
4	LV3003061544	leiden6	ST13	45.122	state_02	DCI	2.18606917231	state_02	IG-B
4	LV3003061544	leiden3	ST13	45.122	state_02	DCI	0.288261088472628	state_02	IG-B
4	LV3003061544	grey	ST13	45.122	state_02	DCI	2.81369073442315	state_02	IG-B
4	LV3003061570	leiden3	ST13	55.466	state_02	DCI	0.883264764083093	state_02	IG-B
4	LV3003061570	leiden4	ST13	55.466	state_02	DCI	0.595480675461741	state_02	IG-B
4	LV3003061570	leiden1	ST13	55.466	state_02	DCI	1.85222051303855	state_02	IG-B
4	LV3003061570	leiden2	ST13	55.466	state_02	DCI	2.42272146821577	state_02	IG-B
4	LV3003061570	leiden6	ST13	55.466	state_02	DCI	-10.82204451133	state_02	IG-B
4	LV3003061570	grey	ST13	55.466	state_02	DCI	2.53417854526541	state_02	IG-B
4	LV3003061570	leiden5	ST13	55.466	state_02	DCI	2.53417854526541	state_02	IG-B
4	LV7008886221	leiden2	GeoB25202_R1	50.3555	state_02	DCI	-1.83684323669409	state_02	IG-B
4	LV7008886221	leiden3	GeoB25202_R1	50.3555	state_02	DCI	-1.88238258871068	state_02	IG-B
4	LV7008886221	leiden4	GeoB25202_R1	50.3555	state_02	DCI	-3.04092413523276	state_02	IG-B
4	LV7008886221	leiden5	GeoB25202_R1	50.3555	state_02	DCI	-2.22518459831542	state_02	IG-B
4	LV7008886221	leiden6	GeoB25202_R1	50.3555	state_02	DCI	-1.61665112028125	state_02	IG-B
4	LV7008886221	leiden1	GeoB25202_R1	50.3555	state_02	DCI	-2.4934229645778	state_02	IG-B
4	LV7008886221	grey	GeoB25202_R1	50.3555	state_02	DCI	13.095408643812	state_02	IG-B
4	LV7008886222	leiden4	GeoB25202_R1	136.2775	state_02	DCI	-2.59821043538655	state_02	IG-B
4	LV7008886222	grey	GeoB25202_R1	136.2775	state_02	DCI	0.158936809211828	state_02	IG-B
4	LV7008886222	leiden3	GeoB25202_R1	136.2775	state_02	DCI	0.262980668984908	state_02	IG-B
4	LV7008886222	leiden2	GeoB25202_R1	136.2775	state_02	DCI	1.29697120831234	state_02	IG-B
4	LV7008886222	leiden5	GeoB25202_R1	136.2775	state_02	DCI	0.262980668984908	state_02	IG-B
4	LV7008886222	leiden1	GeoB25202_R1	136.2775	state_02	DCI	0.353360410907657	state_02	IG-B
4	LV7008886222	leiden6	GeoB25202_R1	136.2775	state_02	DCI	0.262980668984908	state_02	IG-B
4	LV7008886226	leiden3	GeoB25202_R2	36.607	state_02	DCI	3.10296954789209	state_02	IG-B
4	LV7008886226	leiden4	GeoB25202_R2	36.607	state_02	DCI	0.406834093389055	state_02	IG-B
4	LV7008886226	leiden2	GeoB25202_R2	36.607	state_02	DCI	2.28942673194781	state_02	IG-B
4	LV7008886226	leiden6	GeoB25202_R2	36.607	state_02	DCI	-11.14712681317	state_02	IG-B
4	LV7008886226	grey	GeoB25202_R2	36.607	state_02	DCI	2.26826142210038	state_02	IG-B
4	LV7008886226	leiden5	GeoB25202_R2	36.607	state_02	DCI	2.26763338340122	state_02	IG-B
4	LV7008886226	leiden1	GeoB25202_R2	36.607	state_02	DCI	0.812001634439456	state_02	IG-B
4	LV7008886692	leiden4	GeoB25202_R1	53.875	state_02	DCI	-1.22393860673748	state_02	IG-B
4	LV7008886692	leiden6	GeoB25202_R1	53.875	state_02	DCI	-11.441701330621	state_02	IG-B
4	LV7008886692	leiden2	GeoB25202_R1	53.875	state_02	DCI	2.27773225001698	state_02	IG-B
4	LV7008886692	leiden3	GeoB25202_R1	53.875	state_02	DCI	0.225208022244941	state_02	IG-B
4	LV7008886692	grey	GeoB25202_R1	53.875	state_02	DCI	10.4165868063567	state_02	IG-B
4	LV7008886692	leiden1	GeoB25202_R1	53.875	state_02	DCI	-12.2180210604134	state_02	IG-B
4	LV7008886692	leiden5	GeoB25202_R1	53.875	state_02	DCI	11.9641339191533	state_02	IG-B
4	LV7008886704	leiden3	GeoB25202_R2	53.875	state_02	DCI	-7.20286250354428	state_02	IG-B
4	LV7008886704	leiden4	GeoB25202_R2	53.875	state_02	DCI	2.95136503846637	state_02	IG-B
4	LV7008886704	leiden2	GeoB25202_R2	53.875	state_02	DCI	5.29648344315193	state_02	IG-B
4	LV7008886704	leiden6	GeoB25202_R2	53.875	state_02	DCI	4.04959551437385	state_02	IG-B
4	LV7008886704	leiden5	GeoB25202_R2	53.875	state_02	DCI	-9.9056722332329	state_02	IG-B
4	LV7008886704	grey	GeoB25202_R2	53.875	state_02	DCI	14.1009856644432	state_02	IG-B
4	LV7008886704	leiden1	GeoB25202_R2	53.875	state_02	DCI	-9.2898949236582	state_02	IG-B
4	LV7008886705	leiden4	GeoB25202_R1	59.738	state_02	DCI	-4.52402346937601	state_02	IG-B
4	LV7008886705	leiden6	GeoB25202_R1	59.738	state_02	DCI	-3.30601653489566	state_02	IG-B
4	LV7008886705	leiden2	GeoB25202_R1	59.738	state_02	DCI	-0.883721167776172	state_02	IG-B
4	LV7008886705	leiden5	GeoB25202_R1	59.738	state_02	DCI	11.2855110698417	state_02	IG-B
4	LV7008886705	leiden3	GeoB25202_R1	59.738	state_02	DCI	-2.72999641573642	state_02	IG-B
4	LV7008886705	leiden1	GeoB25202_R1	59.738	state_02	DCI	0.158246517942575	state_02	IG-B
4	LV7008886709	leiden4	GeoB25202_R1	147.206	state_02	DCI	3.28106110040952	state_02	IG-B
4	LV7008886709	leiden1	GeoB25202_R1	147.206	state_02	DCI	2.74707494249487	state_02	IG-B
4	LV7008886709	leiden3	GeoB25202_R1	147.206	state_02	DCI	3.91007383724134	state_02	IG-B
4	LV7008886709	grey	GeoB25202_R1	147.206	state_02	DCI	-7.29744160705748	state_02	IG-B
4	LV7008886709	leiden5	GeoB25202_R1	147.206	state_02	DCI	-8.32284065392852	state_02	IG-B
4	LV7008886709	leiden2	GeoB25202_R1	147.206	state_02	DCI	5.68207238084028	state_02	IG-B
4	LV7008886717	leiden4	GeoB25202_R2	59.738	state_02	DCI	-1.88178818197759	state_02	IG-B
4	LV7008886717	leiden1	GeoB25202_R2	59.738	state_02	DCI	0.206480514601609	state_02	IG-B
4	LV7008886717	leiden2	GeoB25202_R2	59.738	state_02	DCI	0.98349742838275	state_02	IG-B
4	LV7008886717	leiden6	GeoB25202_R2	59.738	state_02	DCI	-0.0256905305301038	state_02	IG-B
4	LV7008886717	leiden3	GeoB25202_R2	59.738	state_02	DCI	0.578111549693992	state_02	IG-B
4	LV7008886717	leiden5	GeoB25202_R2	59.738	state_02	DCI	0.139389219829345	state_02	IG-B
4	LV7008886721	leiden4	GeoB25202_R2	147.206	state_02	DCI	-0.199003620939203	state_02	IG-B
4	LV7008886721	leiden1	GeoB25202_R2	147.206	state_02	DCI	-1.24364109145284	state_02	IG-B
4	LV7008886721	leiden2	GeoB25202_R2	147.206	state_02	DCI	-0.529424421560469	state_02	IG-B
4	LV7008886721	leiden3	GeoB25202_R2	147.206	state_02	DCI	1.57672497516066	state_02	IG-B
4	LV7008886721	leiden5	GeoB25202_R2	147.206	state_02	DCI	0.629220356576734	state_02	IG-B
4	LV7008886721	grey	GeoB25202_R2	147.206	state_02	DCI	-0.233876197784876	state_02	IG-B
4	LV7008886740	leiden3	GeoB25202_R1	43.105	state_02	DCI	-5.06738326287309	state_02	IG-B
4	LV7008886740	leiden4	GeoB25202_R1	43.105	state_02	DCI	2.64727041424086	state_02	IG-B
4	LV7008886740	leiden2	GeoB25202_R1	43.105	state_02	DCI	4.11832925298197	state_02	IG-B
4	LV7008886740	leiden6	GeoB25202_R1	43.105	state_02	DCI	2.4448369728357	state_02	IG-B
4	LV7008886740	leiden1	GeoB25202_R1	43.105	state_02	DCI	1.6112888360044	state_02	IG-B
4	LV7008886740	grey	GeoB25202_R1	43.105	state_02	DCI	1.91752000500626	state_02	IG-B
4	LV7008886740	leiden5	GeoB25202_R1	43.105	state_02	DCI	-7.6718622181961	state_02	IG-B
4	LV7008886745	leiden1	GeoB25202_R2	136.2775	state_02	DCI	4.41817844329145	state_02	IG-B
4	LV7008886745	leiden4	GeoB25202_R2	136.2775	state_02	DCI	1.14002907453873	state_02	IG-B
4	LV7008886745	leiden5	GeoB25202_R2	136.2775	state_02	DCI	-10.8124907005011	state_02	IG-B
4	LV7008886745	leiden2	GeoB25202_R2	136.2775	state_02	DCI	3.30666274978743	state_02	IG-B
4	LV7008886745	leiden3	GeoB25202_R2	136.2775	state_02	DCI	-6.88873645369945	state_02	IG-B
4	LV7008886745	grey	GeoB25202_R2	136.2775	state_02	DCI	4.41817844329145	state_02	IG-B
4	LV7008886745	leiden6	GeoB25202_R2	136.2775	state_02	DCI	4.41817844329145	state_02	IG-B
4	LV7008886753	leiden4	GeoB25202_R2	58.997	state_02	DCI	-1.69712206513671	state_02	IG-B
4	LV7008886753	grey	GeoB25202_R2	58.997	state_02	DCI	12.753300795559	state_02	IG-B
4	LV7008886753	leiden3	GeoB25202_R2	58.997	state_02	DCI	-11.1568264861862	state_02	IG-B
4	LV7008886753	leiden2	GeoB25202_R2	58.997	state_02	DCI	-0.354221561831862	state_02	IG-B
4	LV7008886753	leiden5	GeoB25202_R2	58.997	state_02	DCI	-0.0141552035457233	state_02	IG-B
4	LV7008886753	leiden1	GeoB25202_R2	58.997	state_02	DCI	0.483179724687229	state_02	IG-B
4	LV7008886753	leiden6	GeoB25202_R2	58.997	state_02	DCI	-0.0141552035457233	state_02	IG-B
4	LV7008886765	leiden4	GeoB25202_R1	58.181	state_02	DCI	4.28399821635811	state_02	IG-B
4	LV7008886765	leiden1	GeoB25202_R1	58.181	state_02	DCI	4.91659990503978	state_02	IG-B
4	LV7008886765	leiden2	GeoB25202_R1	58.181	state_02	DCI	5.98390260909092	state_02	IG-B
4	LV7008886765	leiden6	GeoB25202_R1	58.181	state_02	DCI	-7.21836878954805	state_02	IG-B
4	LV7008886765	leiden3	GeoB25202_R1	58.181	state_02	DCI	4.13514832542077	state_02	IG-B
4	LV7008886765	leiden5	GeoB25202_R1	58.181	state_02	DCI	-8.73327340034479	state_02	IG-B
4	LV7008886765	grey	GeoB25202_R1	58.181	state_02	DCI	-3.36800686601675	state_02	IG-B
4	LV3003047067	leiden4	ST8	42.86602	state_02	MII	-0.738599947497149	state_02	IG-B
4	LV3003047067	leiden1	ST8	42.86602	state_02	MII	-0.646142079531856	state_02	IG-B
4	LV3003047067	leiden2	ST8	42.86602	state_02	MII	-0.842999756891237	state_02	IG-B
4	LV3003047067	leiden5	ST8	42.86602	state_02	MII	0.0216624827823138	state_02	IG-B
4	LV3003047067	leiden6	ST8	42.86602	state_02	MII	1.24669715572878	state_02	IG-B
4	LV3003047067	leiden3	ST8	42.86602	state_02	MII	0.853106850073421	state_02	IG-B
4	LV3003047067	grey	ST8	42.86602	state_02	MII	0.106275295335725	state_02	IG-B
4	LV3003047068	leiden4	ST8	37.78969	state_02	MII	-1.34959437383633	state_02	IG-B
4	LV3003047068	leiden2	ST8	37.78969	state_02	MII	-0.777339903019265	state_02	IG-B
4	LV3003047068	leiden3	ST8	37.78969	state_02	MII	1.63004993218383	state_02	IG-B
4	LV3003047068	leiden1	ST8	37.78969	state_02	MII	-0.848113072902118	state_02	IG-B
4	LV3003047068	leiden6	ST8	37.78969	state_02	MII	1.73103860649563	state_02	IG-B
4	LV3003047068	leiden5	ST8	37.78969	state_02	MII	-0.386041188921748	state_02	IG-B
4	LV3003047069	leiden4	ST8	33.7436870748299	state_02	MII	0.876063714630369	state_02	IG-B
4	LV3003047069	leiden1	ST8	33.7436870748299	state_02	MII	1.12515548819063	state_02	IG-B
4	LV3003047069	leiden2	ST8	33.7436870748299	state_02	MII	1.04241294271123	state_02	IG-B
4	LV3003047069	leiden6	ST8	33.7436870748299	state_02	MII	2.88303416022783	state_02	IG-B
4	LV3003047069	leiden3	ST8	33.7436870748299	state_02	MII	2.88273706773357	state_02	IG-B
4	LV3003047069	grey	ST8	33.7436870748299	state_02	MII	-11.4490713281686	state_02	IG-B
4	LV3003047069	leiden5	ST8	33.7436870748299	state_02	MII	2.63966795467495	state_02	IG-B
4	LV3003047081	leiden4	ST8	52.20718	state_02	MII	-0.606791362886713	state_02	IG-B
4	LV3003047081	leiden2	ST8	52.20718	state_02	MII	-0.278715750116161	state_02	IG-B
4	LV3003047081	leiden6	ST8	52.20718	state_02	MII	1.32713367419827	state_02	IG-B
4	LV3003047081	leiden3	ST8	52.20718	state_02	MII	-0.086103124869386	state_02	IG-B
4	LV3003047081	leiden5	ST8	52.20718	state_02	MII	0.183374985465288	state_02	IG-B
4	LV3003047081	leiden1	ST8	52.20718	state_02	MII	-0.0163864286525452	state_02	IG-B
4	LV3003047081	grey	ST8	52.20718	state_02	MII	-0.522511993138756	state_02	IG-B
4	LV3003047082	leiden4	ST8	41.9168333333333	state_02	MII	-0.563495074588168	state_02	IG-B
4	LV3003047082	leiden6	ST8	41.9168333333333	state_02	MII	2.23642775833944	state_02	IG-B
4	LV3003047082	leiden2	ST8	41.9168333333333	state_02	MII	-0.541966097526995	state_02	IG-B
4	LV3003047082	leiden3	ST8	41.9168333333333	state_02	MII	-2.60581661344545	state_02	IG-B
4	LV3003047082	leiden1	ST8	41.9168333333333	state_02	MII	-0.381336528551739	state_02	IG-B
4	LV3003047082	leiden5	ST8	41.9168333333333	state_02	MII	1.08923066503227	state_02	IG-B
4	LV3003047082	grey	ST8	41.9168333333333	state_02	MII	0.766955890740641	state_02	IG-B
4	LV3003047083	leiden1	ST8	37.30319	state_02	MII	1.33704322603125	state_02	IG-B
4	LV3003047083	leiden4	ST8	37.30319	state_02	MII	0.73463200286465	state_02	IG-B
4	LV3003047083	leiden6	ST8	37.30319	state_02	MII	3.37417884494069	state_02	IG-B
4	LV3003047083	leiden2	ST8	37.30319	state_02	MII	0.946759733341524	state_02	IG-B
4	LV3003047083	leiden3	ST8	37.30319	state_02	MII	3.30521962461705	state_02	IG-B
4	LV3003047083	leiden5	ST8	37.30319	state_02	MII	2.05865154232307	state_02	IG-B
4	LV3003047083	grey	ST8	37.30319	state_02	MII	-11.7564849741182	state_02	IG-B
4	LV3003047094	leiden4	ST8	50.6848	state_02	MII	1.29504884171862	state_02	IG-B
4	LV3003047094	leiden5	ST8	50.6848	state_02	MII	2.03366900630831	state_02	IG-B
4	LV3003047094	leiden2	ST8	50.6848	state_02	MII	1.51462197876198	state_02	IG-B
4	LV3003047094	leiden6	ST8	50.6848	state_02	MII	1.84503996270125	state_02	IG-B
4	LV3003047094	leiden3	ST8	50.6848	state_02	MII	2.38018661916387	state_02	IG-B
4	LV3003047094	grey	ST8	50.6848	state_02	MII	-11.5372619654281	state_02	IG-B
4	LV3003047094	leiden1	ST8	50.6848	state_02	MII	2.46869555677406	state_02	IG-B
4	LV3003047095	leiden4	ST8	40.9751666666667	state_02	MII	-1.04522006981073	state_02	IG-B
4	LV3003047095	leiden1	ST8	40.9751666666667	state_02	MII	-1.91422899129159	state_02	IG-B
4	LV3003047095	leiden2	ST8	40.9751666666667	state_02	MII	-0.47001738264851	state_02	IG-B
4	LV3003047095	leiden6	ST8	40.9751666666667	state_02	MII	1.54004769354894	state_02	IG-B
4	LV3003047095	leiden3	ST8	40.9751666666667	state_02	MII	1.53234058188184	state_02	IG-B
4	LV3003047095	leiden5	ST8	40.9751666666667	state_02	MII	0.357078168320062	state_02	IG-B
4	LV3003047110	leiden1	ST8	49.1548	state_02	MII	-10.5022477992098	state_02	IG-B
4	LV3003047110	leiden4	ST8	49.1548	state_02	MII	1.4152535013995	state_02	IG-B
4	LV3003047110	leiden6	ST8	49.1548	state_02	MII	2.0568636374201	state_02	IG-B
4	LV3003047110	leiden2	ST8	49.1548	state_02	MII	1.79735117215461	state_02	IG-B
4	LV3003047110	leiden5	ST8	49.1548	state_02	MII	1.98886301822781	state_02	IG-B
4	LV3003047110	leiden3	ST8	49.1548	state_02	MII	3.24391647000778	state_02	IG-B
4	LV3003047112	leiden4	ST8	40.0335	state_02	MII	-1.48529121520045	state_02	IG-B
4	LV3003047112	leiden2	ST8	40.0335	state_02	MII	-0.950351282022156	state_02	IG-B
4	LV3003047112	leiden6	ST8	40.0335	state_02	MII	1.29672080861211	state_02	IG-B
4	LV3003047112	leiden3	ST8	40.0335	state_02	MII	1.41851264314695	state_02	IG-B
4	LV3003047112	leiden5	ST8	40.0335	state_02	MII	-0.27859449877561	state_02	IG-B
4	LV3003047112	leiden1	ST8	40.0335	state_02	MII	-0.491799077264691	state_02	IG-B
4	LV3003047112	grey	ST8	40.0335	state_02	MII	0.490802621503851	state_02	IG-B
4	LV3003047126	leiden4	ST8	64.210824	state_02	MII	-1.04282409100546	state_02	IG-B
4	LV3003047126	leiden5	ST8	64.210824	state_02	MII	-0.359538156017501	state_02	IG-B
4	LV3003047126	grey	ST8	64.210824	state_02	MII	1.89740565602034	state_02	IG-B
4	LV3003047126	leiden3	ST8	64.210824	state_02	MII	-0.568980998535011	state_02	IG-B
4	LV3003047126	leiden2	ST8	64.210824	state_02	MII	-1.30409932182991	state_02	IG-B
4	LV3003047126	leiden1	ST8	64.210824	state_02	MII	-0.483966817601879	state_02	IG-B
4	LV3003047126	leiden6	ST8	64.210824	state_02	MII	1.86200372896943	state_02	IG-B
4	LV3003047139	leiden4	ST8	58.6141266666667	state_02	MII	1.44134169050421	state_02	IG-B
4	LV3003047139	leiden2	ST8	58.6141266666667	state_02	MII	1.91625828317405	state_02	IG-B
4	LV3003047139	leiden3	ST8	58.6141266666667	state_02	MII	2.44972607050394	state_02	IG-B
4	LV3003047139	leiden1	ST8	58.6141266666667	state_02	MII	2.50051197415615	state_02	IG-B
4	LV3003047139	leiden5	ST8	58.6141266666667	state_02	MII	1.66356513137252	state_02	IG-B
4	LV3003047139	grey	ST8	58.6141266666667	state_02	MII	-9.97140314971086	state_02	IG-B
4	LV3003047142	leiden4	ST8	35.5823	state_02	MII	-0.992751272528832	state_02	IG-B
4	LV3003047142	leiden3	ST8	35.5823	state_02	MII	0.626693862921205	state_02	IG-B
4	LV3003047142	leiden1	ST8	35.5823	state_02	MII	-1.05225222230487	state_02	IG-B
4	LV3003047142	leiden6	ST8	35.5823	state_02	MII	0.905318327127742	state_02	IG-B
4	LV3003047142	leiden5	ST8	35.5823	state_02	MII	0.751424453615282	state_02	IG-B
4	LV3003047142	leiden2	ST8	35.5823	state_02	MII	-0.635585474366296	state_02	IG-B
4	LV3003047142	grey	ST8	35.5823	state_02	MII	0.397152325535764	state_02	IG-B
4	LV3003047146	leiden4	ST8	63.2667	state_02	MII	1.14966416505944	state_02	IG-B
4	LV3003047146	leiden1	ST8	63.2667	state_02	MII	1.42103681957002	state_02	IG-B
4	LV3003047146	leiden2	ST8	63.2667	state_02	MII	1.40820658490315	state_02	IG-B
4	LV3003047146	leiden5	ST8	63.2667	state_02	MII	1.78964867029718	state_02	IG-B
4	LV3003047146	leiden6	ST8	63.2667	state_02	MII	2.73232369004445	state_02	IG-B
4	LV3003047146	leiden3	ST8	63.2667	state_02	MII	2.13746912109906	state_02	IG-B
4	LV3003047146	grey	ST8	63.2667	state_02	MII	-10.6383490509733	state_02	IG-B
4	LV3003047147	leiden4	ST8	62.3217	state_02	MII	0.761911667532004	state_02	IG-B
4	LV3003047147	leiden1	ST8	62.3217	state_02	MII	1.98391028076361	state_02	IG-B
4	LV3003047147	leiden3	ST8	62.3217	state_02	MII	1.85181826058241	state_02	IG-B
4	LV3003047147	leiden5	ST8	62.3217	state_02	MII	1.57479462863812	state_02	IG-B
4	LV3003047147	leiden2	ST8	62.3217	state_02	MII	0.774190655827823	state_02	IG-B
4	LV3003047147	grey	ST8	62.3217	state_02	MII	-10.0441510771587	state_02	IG-B
4	LV3003047147	leiden6	ST8	62.3217	state_02	MII	3.09752558381476	state_02	IG-B
4	LV3003047148	leiden1	ST8	61.3767	state_02	MII	3.23524792412216	state_02	IG-B
4	LV3003047148	leiden4	ST8	61.3767	state_02	MII	3.07504880564066	state_02	IG-B
4	LV3003047148	leiden5	ST8	61.3767	state_02	MII	4.26693209040405	state_02	IG-B
4	LV3003047148	grey	ST8	61.3767	state_02	MII	-7.89784237311217	state_02	IG-B
4	LV3003047148	leiden2	ST8	61.3767	state_02	MII	2.42442256046702	state_02	IG-B
4	LV3003047148	leiden3	ST8	61.3767	state_02	MII	3.46603629388918	state_02	IG-B
4	LV3003047148	leiden6	ST8	61.3767	state_02	MII	-8.5698453014109	state_02	IG-B
4	LV3003047149	leiden1	ST8	60.4317	state_02	MII	0.161273706465772	state_02	IG-B
4	LV3003047149	leiden4	ST8	60.4317	state_02	MII	-0.793904017327165	state_02	IG-B
4	LV3003047149	leiden5	ST8	60.4317	state_02	MII	-0.613663254590617	state_02	IG-B
4	LV3003047149	leiden2	ST8	60.4317	state_02	MII	-0.767195057672424	state_02	IG-B
4	LV3003047149	grey	ST8	60.4317	state_02	MII	2.06185091173551	state_02	IG-B
4	LV3003047149	leiden3	ST8	60.4317	state_02	MII	-0.0483622886110782	state_02	IG-B
4	LV3003047150	leiden1	ST8	59.5217933333333	state_02	MII	2.04709392399648	state_02	IG-B
4	LV3003047150	leiden4	ST8	59.5217933333333	state_02	MII	1.32800911264835	state_02	IG-B
4	LV3003047150	leiden5	ST8	59.5217933333333	state_02	MII	1.34538645834712	state_02	IG-B
4	LV3003047150	leiden2	ST8	59.5217933333333	state_02	MII	1.64021327517313	state_02	IG-B
4	LV3003047150	leiden6	ST8	59.5217933333333	state_02	MII	2.09863121251943	state_02	IG-B
4	LV3003047150	leiden3	ST8	59.5217933333333	state_02	MII	1.92174716565499	state_02	IG-B
4	LV3003047150	grey	ST8	59.5217933333333	state_02	MII	-10.3810811483395	state_02	IG-B
4	LV3003047152	leiden1	ST8	45.00002	state_02	MII	1.17393938580806	state_02	IG-B
4	LV3003047152	leiden4	ST8	45.00002	state_02	MII	0.6939330203808	state_02	IG-B
4	LV3003047152	leiden2	ST8	45.00002	state_02	MII	1.02419922242811	state_02	IG-B
4	LV3003047152	leiden6	ST8	45.00002	state_02	MII	2.93033728177644	state_02	IG-B
4	LV3003047152	leiden3	ST8	45.00002	state_02	MII	2.95513087676303	state_02	IG-B
4	LV3003047152	leiden5	ST8	45.00002	state_02	MII	2.16593637494989	state_02	IG-B
4	LV3003047152	grey	ST8	45.00002	state_02	MII	-10.9434761621063	state_02	IG-B
4	LV3003047153	leiden1	ST8	38.71393	state_02	MII	-0.353277557584495	state_02	IG-B
4	LV3003047153	leiden4	ST8	38.71393	state_02	MII	-0.81895227157255	state_02	IG-B
4	LV3003047153	leiden2	ST8	38.71393	state_02	MII	-1.13768958928535	state_02	IG-B
4	LV3003047153	leiden6	ST8	38.71393	state_02	MII	0.855792371358657	state_02	IG-B
4	LV3003047153	leiden3	ST8	38.71393	state_02	MII	0.865836987545607	state_02	IG-B
4	LV3003047153	leiden5	ST8	38.71393	state_02	MII	0.452885633938169	state_02	IG-B
4	LV3003047153	grey	ST8	38.71393	state_02	MII	0.135404425599963	state_02	IG-B
4	LV3003047154	leiden4	ST8	35.13012	state_02	MII	-1.23426455811224	state_02	IG-B
4	LV3003047154	leiden2	ST8	35.13012	state_02	MII	-1.28700435202722	state_02	IG-B
4	LV3003047154	grey	ST8	35.13012	state_02	MII	1.48310523887073	state_02	IG-B
4	LV3003047154	leiden5	ST8	35.13012	state_02	MII	-0.675398618247251	state_02	IG-B
4	LV3003047154	leiden3	ST8	35.13012	state_02	MII	0.103392941946482	state_02	IG-B
4	LV3003047154	leiden1	ST8	35.13012	state_02	MII	-0.895983543319158	state_02	IG-B
4	LV3003047154	leiden6	ST8	35.13012	state_02	MII	2.50615289088866	state_02	IG-B
4	LV3003047158	leiden1	ST8	57.70646	state_02	MII	-0.655468733027531	state_02	IG-B
4	LV3003047158	leiden4	ST8	57.70646	state_02	MII	-0.710905520279328	state_02	IG-B
4	LV3003047158	leiden5	ST8	57.70646	state_02	MII	-0.827562727382772	state_02	IG-B
4	LV3003047158	leiden2	ST8	57.70646	state_02	MII	-0.657462050731165	state_02	IG-B
4	LV3003047158	grey	ST8	57.70646	state_02	MII	2.09944926566319	state_02	IG-B
4	LV3003047158	leiden3	ST8	57.70646	state_02	MII	0.627961788585374	state_02	IG-B
4	LV3003047158	leiden6	ST8	57.70646	state_02	MII	0.123987977172226	state_02	IG-B
4	LV3003047159	leiden4	ST8	56.7987933333333	state_02	MII	3.3649162427785	state_02	IG-B
4	LV3003047159	leiden2	ST8	56.7987933333333	state_02	MII	3.87184178544879	state_02	IG-B
4	LV3003047159	leiden6	ST8	56.7987933333333	state_02	MII	-7.91147896047614	state_02	IG-B
4	LV3003047159	leiden3	ST8	56.7987933333333	state_02	MII	5.05748639949035	state_02	IG-B
4	LV3003047159	leiden1	ST8	56.7987933333333	state_02	MII	-8.5391597744885	state_02	IG-B
4	LV3003047159	leiden5	ST8	56.7987933333333	state_02	MII	4.15639430724699	state_02	IG-B
4	LV3003047164	leiden5	ST8	43.93302	state_02	MII	-0.633707534094657	state_02	IG-B
4	LV3003047164	leiden4	ST8	43.93302	state_02	MII	-1.30914154729724	state_02	IG-B
4	LV3003047164	leiden6	ST8	43.93302	state_02	MII	0.864182010716449	state_02	IG-B
4	LV3003047164	leiden2	ST8	43.93302	state_02	MII	-0.915537729266893	state_02	IG-B
4	LV3003047164	leiden3	ST8	43.93302	state_02	MII	1.71908211787058	state_02	IG-B
4	LV3003047164	leiden1	ST8	43.93302	state_02	MII	0.275122682071763	state_02	IG-B
4	LV3003047166	leiden1	ST8	38.27343	state_02	MII	-0.398631501288461	state_02	IG-B
4	LV3003047166	leiden4	ST8	38.27343	state_02	MII	-0.914815310938192	state_02	IG-B
4	LV3003047166	leiden2	ST8	38.27343	state_02	MII	-0.833167531221275	state_02	IG-B
4	LV3003047166	leiden6	ST8	38.27343	state_02	MII	1.17429670675824	state_02	IG-B
4	LV3003047166	leiden3	ST8	38.27343	state_02	MII	0.686665298514552	state_02	IG-B
4	LV3003047166	leiden5	ST8	38.27343	state_02	MII	0.285652338175134	state_02	IG-B
4	LV3003047167	leiden4	ST8	34.67812	state_02	MII	-0.796771564692649	state_02	IG-B
4	LV3003047167	leiden1	ST8	34.67812	state_02	MII	-0.702261947618516	state_02	IG-B
4	LV3003047167	leiden6	ST8	34.67812	state_02	MII	1.34721426508363	state_02	IG-B
4	LV3003047167	leiden2	ST8	34.67812	state_02	MII	-0.733925060473661	state_02	IG-B
4	LV3003047167	leiden5	ST8	34.67812	state_02	MII	-0.237745068348614	state_02	IG-B
4	LV3003047167	leiden3	ST8	34.67812	state_02	MII	0.641417975626308	state_02	IG-B
4	LV3003047167	grey	ST8	34.67812	state_02	MII	0.482071400423507	state_02	IG-B
4	LV3003061475	leiden4	ST13	53.844	state_02	MII	2.77737468972944	state_02	IG-B
4	LV3003061475	leiden6	ST13	53.844	state_02	MII	-9.03821309397465	state_02	IG-B
4	LV3003061475	leiden2	ST13	53.844	state_02	MII	3.43030374584206	state_02	IG-B
4	LV3003061475	leiden5	ST13	53.844	state_02	MII	4.45343171266881	state_02	IG-B
4	LV3003061475	leiden3	ST13	53.844	state_02	MII	1.98417484799749	state_02	IG-B
4	LV3003061475	leiden1	ST13	53.844	state_02	MII	4.70001476308634	state_02	IG-B
4	LV3003061475	grey	ST13	53.844	state_02	MII	-8.30708666534948	state_02	IG-B
4	LV3003061486	leiden4	ST13	52.105	state_02	MII	1.59575221849783	state_02	IG-B
4	LV3003061486	leiden2	ST13	52.105	state_02	MII	2.47145385202142	state_02	IG-B
4	LV3003061486	leiden3	ST13	52.105	state_02	MII	-0.817068574034041	state_02	IG-B
4	LV3003061486	leiden5	ST13	52.105	state_02	MII	3.92932981007383	state_02	IG-B
4	LV3003061486	leiden1	ST13	52.105	state_02	MII	3.38576293208051	state_02	IG-B
4	LV3003061486	leiden6	ST13	52.105	state_02	MII	-10.5652302386395	state_02	IG-B
4	LV3003061504	leiden4	ST13	50.268	state_02	MII	1.33252990063146	state_02	IG-B
4	LV3003061504	leiden1	ST13	50.268	state_02	MII	3.12517614369993	state_02	IG-B
4	LV3003061504	leiden2	ST13	50.268	state_02	MII	2.21538505591321	state_02	IG-B
4	LV3003061504	leiden6	ST13	50.268	state_02	MII	3.08384795063542	state_02	IG-B
4	LV3003061504	leiden3	ST13	50.268	state_02	MII	0.413133543493279	state_02	IG-B
4	LV3003061504	grey	ST13	50.268	state_02	MII	-10.1700725943733	state_02	IG-B
4	LV3003061513	leiden4	ST13	138.493	state_02	MII	0.518838364939878	state_02	IG-B
4	LV3003061513	leiden3	ST13	138.493	state_02	MII	3.10835538862276	state_02	IG-B
4	LV3003061513	leiden2	ST13	138.493	state_02	MII	1.64535677010842	state_02	IG-B
4	LV3003061513	leiden1	ST13	138.493	state_02	MII	1.0654710813503	state_02	IG-B
4	LV3003061513	leiden5	ST13	138.493	state_02	MII	-9.94808981498429	state_02	IG-B
4	LV3003061513	grey	ST13	138.493	state_02	MII	3.61006820996294	state_02	IG-B
4	LV3003061516	leiden4	ST13	48.537	state_02	MII	-0.709900900140018	state_02	IG-B
4	LV3003061516	leiden5	ST13	48.537	state_02	MII	1.46632001313308	state_02	IG-B
4	LV3003061516	leiden2	ST13	48.537	state_02	MII	-0.193654961052483	state_02	IG-B
4	LV3003061516	leiden6	ST13	48.537	state_02	MII	-0.147783724213533	state_02	IG-B
4	LV3003061516	leiden3	ST13	48.537	state_02	MII	-0.476296280825775	state_02	IG-B
4	LV3003061516	leiden1	ST13	48.537	state_02	MII	0.0613158530987281	state_02	IG-B
4	LV3003061530	leiden4	ST13	47.046	state_02	MII	0.278051696047453	state_02	IG-B
4	LV3003061530	leiden1	ST13	47.046	state_02	MII	0.406231304199396	state_02	IG-B
4	LV3003061530	leiden2	ST13	47.046	state_02	MII	-0.0162387867476008	state_02	IG-B
4	LV3003061530	leiden6	ST13	47.046	state_02	MII	-0.815358696662999	state_02	IG-B
4	LV3003061530	leiden3	ST13	47.046	state_02	MII	-0.244706207484783	state_02	IG-B
4	LV3003061530	grey	ST13	47.046	state_02	MII	0.392020690648533	state_02	IG-B
4	LV3003061539	leiden4	ST13	130.0556	state_02	MII	1.13370803789776	state_02	IG-B
4	LV3003061539	leiden2	ST13	130.0556	state_02	MII	2.27508684461396	state_02	IG-B
4	LV3003061539	leiden1	ST13	130.0556	state_02	MII	0.70502449192487	state_02	IG-B
4	LV3003061539	leiden3	ST13	130.0556	state_02	MII	4.07547479416513	state_02	IG-B
4	LV3003061539	leiden5	ST13	130.0556	state_02	MII	-9.73324655359377	state_02	IG-B
4	LV3003061539	leiden6	ST13	130.0556	state_02	MII	1.54395238499206	state_02	IG-B
4	LV3003061544	leiden1	ST13	45.122	state_02	MII	1.61045456328266	state_02	IG-B
4	LV3003061544	leiden4	ST13	45.122	state_02	MII	0.245718293489704	state_02	IG-B
4	LV3003061544	leiden5	ST13	45.122	state_02	MII	3.63161940181642	state_02	IG-B
4	LV3003061544	leiden2	ST13	45.122	state_02	MII	1.22429045714601	state_02	IG-B
4	LV3003061544	leiden6	ST13	45.122	state_02	MII	3.19546353382751	state_02	IG-B
4	LV3003061544	leiden3	ST13	45.122	state_02	MII	0.303637048873569	state_02	IG-B
4	LV3003061544	grey	ST13	45.122	state_02	MII	-10.2111832984359	state_02	IG-B
4	LV3003061570	leiden3	ST13	55.466	state_02	MII	-1.48322976896444	state_02	IG-B
4	LV3003061570	leiden4	ST13	55.466	state_02	MII	-0.921952614814032	state_02	IG-B
4	LV3003061570	leiden1	ST13	55.466	state_02	MII	0.534212541960347	state_02	IG-B
4	LV3003061570	leiden2	ST13	55.466	state_02	MII	-0.162424037680555	state_02	IG-B
4	LV3003061570	leiden6	ST13	55.466	state_02	MII	-0.0579083917349887	state_02	IG-B
4	LV3003061570	grey	ST13	55.466	state_02	MII	0.251873017733982	state_02	IG-B
4	LV3003061570	leiden5	ST13	55.466	state_02	MII	1.83942925349968	state_02	IG-B
4	LV7008886221	leiden2	GeoB25202_R1	50.3555	state_02	MII	2.247949108513	state_02	IG-B
4	LV7008886221	leiden3	GeoB25202_R1	50.3555	state_02	MII	-0.864123824283081	state_02	IG-B
4	LV7008886221	leiden4	GeoB25202_R1	50.3555	state_02	MII	1.30995891951308	state_02	IG-B
4	LV7008886221	leiden5	GeoB25202_R1	50.3555	state_02	MII	-10.1269160910605	state_02	IG-B
4	LV7008886221	leiden6	GeoB25202_R1	50.3555	state_02	MII	2.29537689338272	state_02	IG-B
4	LV7008886221	leiden1	GeoB25202_R1	50.3555	state_02	MII	2.57771139921912	state_02	IG-B
4	LV7008886221	grey	GeoB25202_R1	50.3555	state_02	MII	2.56004359471564	state_02	IG-B
4	LV7008886222	leiden4	GeoB25202_R1	136.2775	state_02	MII	-1.08461949688876	state_02	IG-B
4	LV7008886222	grey	GeoB25202_R1	136.2775	state_02	MII	0.0344024045616593	state_02	IG-B
4	LV7008886222	leiden3	GeoB25202_R1	136.2775	state_02	MII	-0.0943204716597879	state_02	IG-B
4	LV7008886222	leiden2	GeoB25202_R1	136.2775	state_02	MII	-0.020569679106897	state_02	IG-B
4	LV7008886222	leiden5	GeoB25202_R1	136.2775	state_02	MII	-0.15986001904252	state_02	IG-B
4	LV7008886222	leiden1	GeoB25202_R1	136.2775	state_02	MII	0.658986117925385	state_02	IG-B
4	LV7008886222	leiden6	GeoB25202_R1	136.2775	state_02	MII	0.665981144210921	state_02	IG-B
4	LV7008886226	leiden3	GeoB25202_R2	36.607	state_02	MII	-3.03797416570633	state_02	IG-B
4	LV7008886226	leiden4	GeoB25202_R2	36.607	state_02	MII	0.891369380292159	state_02	IG-B
4	LV7008886226	leiden2	GeoB25202_R2	36.607	state_02	MII	-0.627161729422825	state_02	IG-B
4	LV7008886226	leiden6	GeoB25202_R2	36.607	state_02	MII	1.48585884892508	state_02	IG-B
4	LV7008886226	grey	GeoB25202_R2	36.607	state_02	MII	0.858572622972666	state_02	IG-B
4	LV7008886226	leiden5	GeoB25202_R2	36.607	state_02	MII	1.46996436737284	state_02	IG-B
4	LV7008886226	leiden1	GeoB25202_R2	36.607	state_02	MII	-1.0406293244336	state_02	IG-B
4	LV7008886692	leiden4	GeoB25202_R1	53.875	state_02	MII	1.19109847242182	state_02	IG-B
4	LV7008886692	leiden6	GeoB25202_R1	53.875	state_02	MII	2.37190352148651	state_02	IG-B
4	LV7008886692	leiden2	GeoB25202_R1	53.875	state_02	MII	1.5625024282211	state_02	IG-B
4	LV7008886692	leiden3	GeoB25202_R1	53.875	state_02	MII	-11.2515304020899	state_02	IG-B
4	LV7008886692	grey	GeoB25202_R1	53.875	state_02	MII	3.12472703578494	state_02	IG-B
4	LV7008886692	leiden1	GeoB25202_R1	53.875	state_02	MII	2.46408913379029	state_02	IG-B
4	LV7008886692	leiden5	GeoB25202_R1	53.875	state_02	MII	0.537209810385268	state_02	IG-B
4	LV7008886704	leiden3	GeoB25202_R2	53.875	state_02	MII	-0.752219707239063	state_02	IG-B
4	LV7008886704	leiden4	GeoB25202_R2	53.875	state_02	MII	-0.338508265698721	state_02	IG-B
4	LV7008886704	leiden2	GeoB25202_R2	53.875	state_02	MII	0.0300158840651106	state_02	IG-B
4	LV7008886704	leiden6	GeoB25202_R2	53.875	state_02	MII	0.173084243698655	state_02	IG-B
4	LV7008886704	leiden5	GeoB25202_R2	53.875	state_02	MII	-0.0969931331976235	state_02	IG-B
4	LV7008886704	grey	GeoB25202_R2	53.875	state_02	MII	1.37790414676224	state_02	IG-B
4	LV7008886704	leiden1	GeoB25202_R2	53.875	state_02	MII	-0.393283168390604	state_02	IG-B
4	LV7008886705	leiden4	GeoB25202_R1	59.738	state_02	MII	2.08491491431489	state_02	IG-B
4	LV7008886705	leiden6	GeoB25202_R1	59.738	state_02	MII	2.23057338475858	state_02	IG-B
4	LV7008886705	leiden2	GeoB25202_R1	59.738	state_02	MII	1.92606723424511	state_02	IG-B
4	LV7008886705	leiden5	GeoB25202_R1	59.738	state_02	MII	-10.8667749496698	state_02	IG-B
4	LV7008886705	leiden3	GeoB25202_R1	59.738	state_02	MII	2.36136066110848	state_02	IG-B
4	LV7008886705	leiden1	GeoB25202_R1	59.738	state_02	MII	2.26385875524275	state_02	IG-B
4	LV7008886709	leiden4	GeoB25202_R1	147.206	state_02	MII	-1.1601049011297	state_02	IG-B
4	LV7008886709	leiden1	GeoB25202_R1	147.206	state_02	MII	0.916893832981731	state_02	IG-B
4	LV7008886709	leiden3	GeoB25202_R1	147.206	state_02	MII	-0.128835057337545	state_02	IG-B
4	LV7008886709	grey	GeoB25202_R1	147.206	state_02	MII	0.154387341399315	state_02	IG-B
4	LV7008886709	leiden5	GeoB25202_R1	147.206	state_02	MII	0.303709447507931	state_02	IG-B
4	LV7008886709	leiden2	GeoB25202_R1	147.206	state_02	MII	-0.0860506634217351	state_02	IG-B
4	LV7008886717	leiden4	GeoB25202_R2	59.738	state_02	MII	-0.0560729876543316	state_02	IG-B
4	LV7008886717	leiden1	GeoB25202_R2	59.738	state_02	MII	0.700091533210125	state_02	IG-B
4	LV7008886717	leiden2	GeoB25202_R2	59.738	state_02	MII	-0.202213762989548	state_02	IG-B
4	LV7008886717	leiden6	GeoB25202_R2	59.738	state_02	MII	0.531176830580541	state_02	IG-B
4	LV7008886717	leiden3	GeoB25202_R2	59.738	state_02	MII	-0.863203186378092	state_02	IG-B
4	LV7008886717	leiden5	GeoB25202_R2	59.738	state_02	MII	-0.109778426768698	state_02	IG-B
4	LV7008886721	leiden4	GeoB25202_R2	147.206	state_02	MII	-0.783629262686819	state_02	IG-B
4	LV7008886721	leiden1	GeoB25202_R2	147.206	state_02	MII	1.38545144630566	state_02	IG-B
4	LV7008886721	leiden2	GeoB25202_R2	147.206	state_02	MII	-0.158561605138686	state_02	IG-B
4	LV7008886721	leiden3	GeoB25202_R2	147.206	state_02	MII	-0.188312568011199	state_02	IG-B
4	LV7008886721	leiden5	GeoB25202_R2	147.206	state_02	MII	0.0117332106922934	state_02	IG-B
4	LV7008886721	grey	GeoB25202_R2	147.206	state_02	MII	-0.26668122116125	state_02	IG-B
4	LV7008886740	leiden3	GeoB25202_R1	43.105	state_02	MII	-2.07322023987193	state_02	IG-B
4	LV7008886740	leiden4	GeoB25202_R1	43.105	state_02	MII	-0.625616813781775	state_02	IG-B
4	LV7008886740	leiden2	GeoB25202_R1	43.105	state_02	MII	-0.464671112170815	state_02	IG-B
4	LV7008886740	leiden6	GeoB25202_R1	43.105	state_02	MII	1.0991100747371	state_02	IG-B
4	LV7008886740	leiden1	GeoB25202_R1	43.105	state_02	MII	0.430060735388337	state_02	IG-B
4	LV7008886740	grey	GeoB25202_R1	43.105	state_02	MII	0.525427971307881	state_02	IG-B
4	LV7008886740	leiden5	GeoB25202_R1	43.105	state_02	MII	1.1089093843912	state_02	IG-B
4	LV7008886745	leiden1	GeoB25202_R2	136.2775	state_02	MII	2.59011868812998	state_02	IG-B
4	LV7008886745	leiden4	GeoB25202_R2	136.2775	state_02	MII	0.509644753960315	state_02	IG-B
4	LV7008886745	leiden5	GeoB25202_R2	136.2775	state_02	MII	2.63508024824627	state_02	IG-B
4	LV7008886745	leiden2	GeoB25202_R2	136.2775	state_02	MII	2.12520296971902	state_02	IG-B
4	LV7008886745	leiden3	GeoB25202_R2	136.2775	state_02	MII	1.74643431588839	state_02	IG-B
4	LV7008886745	grey	GeoB25202_R2	136.2775	state_02	MII	1.0940554219139	state_02	IG-B
4	LV7008886745	leiden6	GeoB25202_R2	136.2775	state_02	MII	-10.7005363978579	state_02	IG-B
4	LV7008886753	leiden4	GeoB25202_R2	58.997	state_02	MII	3.00279295835554	state_02	IG-B
4	LV7008886753	grey	GeoB25202_R2	58.997	state_02	MII	3.58914042489315	state_02	IG-B
4	LV7008886753	leiden3	GeoB25202_R2	58.997	state_02	MII	2.04663749389841	state_02	IG-B
4	LV7008886753	leiden2	GeoB25202_R2	58.997	state_02	MII	3.66665392170876	state_02	IG-B
4	LV7008886753	leiden5	GeoB25202_R2	58.997	state_02	MII	-8.28504189352092	state_02	IG-B
4	LV7008886753	leiden1	GeoB25202_R2	58.997	state_02	MII	4.50143913549777	state_02	IG-B
4	LV7008886753	leiden6	GeoB25202_R2	58.997	state_02	MII	-8.5216220408327	state_02	IG-B
4	LV7008886765	leiden4	GeoB25202_R1	58.181	state_02	MII	-0.0709611219026791	state_02	IG-B
4	LV7008886765	leiden1	GeoB25202_R1	58.181	state_02	MII	1.29410711305426	state_02	IG-B
4	LV7008886765	leiden2	GeoB25202_R1	58.181	state_02	MII	0.166787145234134	state_02	IG-B
4	LV7008886765	leiden6	GeoB25202_R1	58.181	state_02	MII	1.37783929063111	state_02	IG-B
4	LV7008886765	leiden3	GeoB25202_R1	58.181	state_02	MII	-3.79604891855147	state_02	IG-B
4	LV7008886765	leiden5	GeoB25202_R1	58.181	state_02	MII	1.00462130063229	state_02	IG-B
4	LV7008886765	grey	GeoB25202_R1	58.181	state_02	MII	0.0236551909023652	state_02	IG-B
4	LV3003047067	leiden4	ST8	42.86602	state_02	SRPI	1.10736968219424	state_02	IG-B
4	LV3003047067	leiden1	ST8	42.86602	state_02	SRPI	1.43696692421791	state_02	IG-B
4	LV3003047067	leiden2	ST8	42.86602	state_02	SRPI	0.91872764165145	state_02	IG-B
4	LV3003047067	leiden5	ST8	42.86602	state_02	SRPI	1.58612818870547	state_02	IG-B
4	LV3003047067	leiden6	ST8	42.86602	state_02	SRPI	0.599078569496885	state_02	IG-B
4	LV3003047067	leiden3	ST8	42.86602	state_02	SRPI	1.58332178935111	state_02	IG-B
4	LV3003047067	grey	ST8	42.86602	state_02	SRPI	-7.23159279561708	state_02	IG-B
4	LV3003047068	leiden4	ST8	37.78969	state_02	SRPI	-0.452132652053147	state_02	IG-B
4	LV3003047068	leiden2	ST8	37.78969	state_02	SRPI	-0.481841939474887	state_02	IG-B
4	LV3003047068	leiden3	ST8	37.78969	state_02	SRPI	0.709978628765138	state_02	IG-B
4	LV3003047068	leiden1	ST8	37.78969	state_02	SRPI	0.312992820471093	state_02	IG-B
4	LV3003047068	leiden6	ST8	37.78969	state_02	SRPI	-0.583308410900887	state_02	IG-B
4	LV3003047068	leiden5	ST8	37.78969	state_02	SRPI	0.494311553192689	state_02	IG-B
4	LV3003047069	leiden4	ST8	33.7436870748299	state_02	SRPI	-0.195822734352641	state_02	IG-B
4	LV3003047069	leiden1	ST8	33.7436870748299	state_02	SRPI	-0.459986267631552	state_02	IG-B
4	LV3003047069	leiden2	ST8	33.7436870748299	state_02	SRPI	-0.123943075458805	state_02	IG-B
4	LV3003047069	leiden6	ST8	33.7436870748299	state_02	SRPI	0.0154017081632726	state_02	IG-B
4	LV3003047069	leiden3	ST8	33.7436870748299	state_02	SRPI	0.89884349606345	state_02	IG-B
4	LV3003047069	grey	ST8	33.7436870748299	state_02	SRPI	-1.2208103815602	state_02	IG-B
4	LV3003047069	leiden5	ST8	33.7436870748299	state_02	SRPI	1.08631725477648	state_02	IG-B
4	LV3003047081	leiden4	ST8	52.20718	state_02	SRPI	0.0441059650259157	state_02	IG-B
4	LV3003047081	leiden2	ST8	52.20718	state_02	SRPI	0.170404678918078	state_02	IG-B
4	LV3003047081	leiden6	ST8	52.20718	state_02	SRPI	-1.1215373956933	state_02	IG-B
4	LV3003047081	leiden3	ST8	52.20718	state_02	SRPI	0.422247559381583	state_02	IG-B
4	LV3003047081	leiden5	ST8	52.20718	state_02	SRPI	0.98996924142467	state_02	IG-B
4	LV3003047081	leiden1	ST8	52.20718	state_02	SRPI	-0.255921897984492	state_02	IG-B
4	LV3003047081	grey	ST8	52.20718	state_02	SRPI	-0.249268151072452	state_02	IG-B
4	LV3003047082	leiden4	ST8	41.9168333333333	state_02	SRPI	0.808939544698964	state_02	IG-B
4	LV3003047082	leiden6	ST8	41.9168333333333	state_02	SRPI	1.07767628697142	state_02	IG-B
4	LV3003047082	leiden2	ST8	41.9168333333333	state_02	SRPI	0.820722598670275	state_02	IG-B
4	LV3003047082	leiden3	ST8	41.9168333333333	state_02	SRPI	1.79948010975766	state_02	IG-B
4	LV3003047082	leiden1	ST8	41.9168333333333	state_02	SRPI	1.133317498312	state_02	IG-B
4	LV3003047082	leiden5	ST8	41.9168333333333	state_02	SRPI	1.94774854224304	state_02	IG-B
4	LV3003047082	grey	ST8	41.9168333333333	state_02	SRPI	-7.58788458065336	state_02	IG-B
4	LV3003047083	leiden1	ST8	37.30319	state_02	SRPI	1.11932863677709	state_02	IG-B
4	LV3003047083	leiden4	ST8	37.30319	state_02	SRPI	0.826351021092627	state_02	IG-B
4	LV3003047083	leiden6	ST8	37.30319	state_02	SRPI	0.452434976521417	state_02	IG-B
4	LV3003047083	leiden2	ST8	37.30319	state_02	SRPI	0.799944274478354	state_02	IG-B
4	LV3003047083	leiden3	ST8	37.30319	state_02	SRPI	1.98876728790284	state_02	IG-B
4	LV3003047083	leiden5	ST8	37.30319	state_02	SRPI	2.29071900695873	state_02	IG-B
4	LV3003047083	grey	ST8	37.30319	state_02	SRPI	-7.47754520373105	state_02	IG-B
4	LV3003047094	leiden4	ST8	50.6848	state_02	SRPI	2.41870613405415	state_02	IG-B
4	LV3003047094	leiden5	ST8	50.6848	state_02	SRPI	3.53860676154016	state_02	IG-B
4	LV3003047094	leiden2	ST8	50.6848	state_02	SRPI	2.0937776385768	state_02	IG-B
4	LV3003047094	leiden6	ST8	50.6848	state_02	SRPI	-6.06751949366091	state_02	IG-B
4	LV3003047094	leiden3	ST8	50.6848	state_02	SRPI	3.15696513739831	state_02	IG-B
4	LV3003047094	grey	ST8	50.6848	state_02	SRPI	-6.06751949366091	state_02	IG-B
4	LV3003047094	leiden1	ST8	50.6848	state_02	SRPI	0.926983315752387	state_02	IG-B
4	LV3003047095	leiden4	ST8	40.9751666666667	state_02	SRPI	-0.191292705228309	state_02	IG-B
4	LV3003047095	leiden1	ST8	40.9751666666667	state_02	SRPI	-0.280360647416698	state_02	IG-B
4	LV3003047095	leiden2	ST8	40.9751666666667	state_02	SRPI	-0.43168261781131	state_02	IG-B
4	LV3003047095	leiden6	ST8	40.9751666666667	state_02	SRPI	-0.772958085600748	state_02	IG-B
4	LV3003047095	leiden3	ST8	40.9751666666667	state_02	SRPI	0.552686566310531	state_02	IG-B
4	LV3003047095	leiden5	ST8	40.9751666666667	state_02	SRPI	1.12360748974653	state_02	IG-B
4	LV3003047110	leiden1	ST8	49.1548	state_02	SRPI	1.80853914968163	state_02	IG-B
4	LV3003047110	leiden4	ST8	49.1548	state_02	SRPI	0.724682628884278	state_02	IG-B
4	LV3003047110	leiden6	ST8	49.1548	state_02	SRPI	-7.56556142901633	state_02	IG-B
4	LV3003047110	leiden2	ST8	49.1548	state_02	SRPI	0.630204707308188	state_02	IG-B
4	LV3003047110	leiden5	ST8	49.1548	state_02	SRPI	2.29758657272517	state_02	IG-B
4	LV3003047110	leiden3	ST8	49.1548	state_02	SRPI	2.10454837041707	state_02	IG-B
4	LV3003047112	leiden4	ST8	40.0335	state_02	SRPI	-0.347444532962939	state_02	IG-B
4	LV3003047112	leiden2	ST8	40.0335	state_02	SRPI	-0.220785659619366	state_02	IG-B
4	LV3003047112	leiden6	ST8	40.0335	state_02	SRPI	-0.875204445237958	state_02	IG-B
4	LV3003047112	leiden3	ST8	40.0335	state_02	SRPI	0.585227758763644	state_02	IG-B
4	LV3003047112	leiden5	ST8	40.0335	state_02	SRPI	0.946583121799894	state_02	IG-B
4	LV3003047112	leiden1	ST8	40.0335	state_02	SRPI	-0.670428900210582	state_02	IG-B
4	LV3003047112	grey	ST8	40.0335	state_02	SRPI	0.582052657467305	state_02	IG-B
4	LV3003047126	leiden4	ST8	64.210824	state_02	SRPI	-0.509723446871825	state_02	IG-B
4	LV3003047126	leiden5	ST8	64.210824	state_02	SRPI	0.292187986184178	state_02	IG-B
4	LV3003047126	grey	ST8	64.210824	state_02	SRPI	1.42719821134487	state_02	IG-B
4	LV3003047126	leiden3	ST8	64.210824	state_02	SRPI	0.236708175732663	state_02	IG-B
4	LV3003047126	leiden2	ST8	64.210824	state_02	SRPI	-0.688950489273121	state_02	IG-B
4	LV3003047126	leiden1	ST8	64.210824	state_02	SRPI	-0.410329998416111	state_02	IG-B
4	LV3003047126	leiden6	ST8	64.210824	state_02	SRPI	-0.347090438700656	state_02	IG-B
4	LV3003047139	leiden4	ST8	58.6141266666667	state_02	SRPI	1.09591317826585	state_02	IG-B
4	LV3003047139	leiden2	ST8	58.6141266666667	state_02	SRPI	1.26283793853676	state_02	IG-B
4	LV3003047139	leiden3	ST8	58.6141266666667	state_02	SRPI	1.70060002639316	state_02	IG-B
4	LV3003047139	leiden1	ST8	58.6141266666667	state_02	SRPI	1.18437864494157	state_02	IG-B
4	LV3003047139	leiden5	ST8	58.6141266666667	state_02	SRPI	1.97735186464231	state_02	IG-B
4	LV3003047139	grey	ST8	58.6141266666667	state_02	SRPI	-7.22108165277965	state_02	IG-B
4	LV3003047142	leiden4	ST8	35.5823	state_02	SRPI	0.159597441623162	state_02	IG-B
4	LV3003047142	leiden3	ST8	35.5823	state_02	SRPI	1.1373620333825	state_02	IG-B
4	LV3003047142	leiden1	ST8	35.5823	state_02	SRPI	-0.049847140726855	state_02	IG-B
4	LV3003047142	leiden6	ST8	35.5823	state_02	SRPI	-0.184912348437998	state_02	IG-B
4	LV3003047142	leiden5	ST8	35.5823	state_02	SRPI	0.508072562035953	state_02	IG-B
4	LV3003047142	leiden2	ST8	35.5823	state_02	SRPI	-0.0240115027730432	state_02	IG-B
4	LV3003047142	grey	ST8	35.5823	state_02	SRPI	-1.54626104510372	state_02	IG-B
4	LV3003047146	leiden4	ST8	63.2667	state_02	SRPI	1.10975882855176	state_02	IG-B
4	LV3003047146	leiden1	ST8	63.2667	state_02	SRPI	1.02362559479383	state_02	IG-B
4	LV3003047146	leiden2	ST8	63.2667	state_02	SRPI	1.03088252177728	state_02	IG-B
4	LV3003047146	leiden5	ST8	63.2667	state_02	SRPI	2.04127932311087	state_02	IG-B
4	LV3003047146	leiden6	ST8	63.2667	state_02	SRPI	-7.22160518159562	state_02	IG-B
4	LV3003047146	leiden3	ST8	63.2667	state_02	SRPI	1.43236594004509	state_02	IG-B
4	LV3003047146	grey	ST8	63.2667	state_02	SRPI	0.58369297331679	state_02	IG-B
4	LV3003047147	leiden4	ST8	62.3217	state_02	SRPI	-0.359009384572456	state_02	IG-B
4	LV3003047147	leiden1	ST8	62.3217	state_02	SRPI	-0.277558857551286	state_02	IG-B
4	LV3003047147	leiden3	ST8	62.3217	state_02	SRPI	0.341497229239357	state_02	IG-B
4	LV3003047147	leiden5	ST8	62.3217	state_02	SRPI	0.501535542250405	state_02	IG-B
4	LV3003047147	leiden2	ST8	62.3217	state_02	SRPI	-0.423513672462564	state_02	IG-B
4	LV3003047147	grey	ST8	62.3217	state_02	SRPI	1.19307846186875	state_02	IG-B
4	LV3003047147	leiden6	ST8	62.3217	state_02	SRPI	-0.976029318772205	state_02	IG-B
4	LV3003047148	leiden1	ST8	61.3767	state_02	SRPI	-0.339226350601141	state_02	IG-B
4	LV3003047148	leiden4	ST8	61.3767	state_02	SRPI	-0.419205926286397	state_02	IG-B
4	LV3003047148	leiden5	ST8	61.3767	state_02	SRPI	0.675213119367618	state_02	IG-B
4	LV3003047148	grey	ST8	61.3767	state_02	SRPI	0.977918005654717	state_02	IG-B
4	LV3003047148	leiden2	ST8	61.3767	state_02	SRPI	-0.528226376299594	state_02	IG-B
4	LV3003047148	leiden3	ST8	61.3767	state_02	SRPI	0.461469246607716	state_02	IG-B
4	LV3003047148	leiden6	ST8	61.3767	state_02	SRPI	-0.827941718442919	state_02	IG-B
4	LV3003047149	leiden1	ST8	60.4317	state_02	SRPI	-0.3459019579055	state_02	IG-B
4	LV3003047149	leiden4	ST8	60.4317	state_02	SRPI	-0.622149279768917	state_02	IG-B
4	LV3003047149	leiden5	ST8	60.4317	state_02	SRPI	0.356343374887766	state_02	IG-B
4	LV3003047149	leiden2	ST8	60.4317	state_02	SRPI	-0.757576446112229	state_02	IG-B
4	LV3003047149	grey	ST8	60.4317	state_02	SRPI	1.16216712010634	state_02	IG-B
4	LV3003047149	leiden3	ST8	60.4317	state_02	SRPI	0.207117188792535	state_02	IG-B
4	LV3003047150	leiden1	ST8	59.5217933333333	state_02	SRPI	1.2951952473628	state_02	IG-B
4	LV3003047150	leiden4	ST8	59.5217933333333	state_02	SRPI	0.966735939246618	state_02	IG-B
4	LV3003047150	leiden5	ST8	59.5217933333333	state_02	SRPI	1.78274799541934	state_02	IG-B
4	LV3003047150	leiden2	ST8	59.5217933333333	state_02	SRPI	1.07942481822485	state_02	IG-B
4	LV3003047150	leiden6	ST8	59.5217933333333	state_02	SRPI	-7.40746282890678	state_02	IG-B
4	LV3003047150	leiden3	ST8	59.5217933333333	state_02	SRPI	1.50484808806586	state_02	IG-B
4	LV3003047150	grey	ST8	59.5217933333333	state_02	SRPI	0.778510740587316	state_02	IG-B
4	LV3003047152	leiden1	ST8	45.00002	state_02	SRPI	-0.060527156596901	state_02	IG-B
4	LV3003047152	leiden4	ST8	45.00002	state_02	SRPI	-0.36172844220841	state_02	IG-B
4	LV3003047152	leiden2	ST8	45.00002	state_02	SRPI	-0.365553900412323	state_02	IG-B
4	LV3003047152	leiden6	ST8	45.00002	state_02	SRPI	-0.896563867979314	state_02	IG-B
4	LV3003047152	leiden3	ST8	45.00002	state_02	SRPI	0.557695939478679	state_02	IG-B
4	LV3003047152	leiden5	ST8	45.00002	state_02	SRPI	0.826467911898731	state_02	IG-B
4	LV3003047152	grey	ST8	45.00002	state_02	SRPI	0.300209515819537	state_02	IG-B
4	LV3003047153	leiden1	ST8	38.71393	state_02	SRPI	0.635391162886459	state_02	IG-B
4	LV3003047153	leiden4	ST8	38.71393	state_02	SRPI	-0.00657613784647426	state_02	IG-B
4	LV3003047153	leiden2	ST8	38.71393	state_02	SRPI	-0.0597080718233231	state_02	IG-B
4	LV3003047153	leiden6	ST8	38.71393	state_02	SRPI	-0.870147753636201	state_02	IG-B
4	LV3003047153	leiden3	ST8	38.71393	state_02	SRPI	1.03004042714799	state_02	IG-B
4	LV3003047153	leiden5	ST8	38.71393	state_02	SRPI	1.16315867973208	state_02	IG-B
4	LV3003047153	grey	ST8	38.71393	state_02	SRPI	-1.89215830646053	state_02	IG-B
4	LV3003047154	leiden4	ST8	35.13012	state_02	SRPI	-0.543214027599265	state_02	IG-B
4	LV3003047154	leiden2	ST8	35.13012	state_02	SRPI	-0.527396243376235	state_02	IG-B
4	LV3003047154	grey	ST8	35.13012	state_02	SRPI	1.38395721069184	state_02	IG-B
4	LV3003047154	leiden5	ST8	35.13012	state_02	SRPI	0.433583610113623	state_02	IG-B
4	LV3003047154	leiden3	ST8	35.13012	state_02	SRPI	0.351400112592431	state_02	IG-B
4	LV3003047154	leiden1	ST8	35.13012	state_02	SRPI	-0.521337483134515	state_02	IG-B
4	LV3003047154	leiden6	ST8	35.13012	state_02	SRPI	-0.576993179287879	state_02	IG-B
4	LV3003047158	leiden1	ST8	57.70646	state_02	SRPI	-0.511176956583286	state_02	IG-B
4	LV3003047158	leiden4	ST8	57.70646	state_02	SRPI	-0.475810130934911	state_02	IG-B
4	LV3003047158	leiden5	ST8	57.70646	state_02	SRPI	0.162277368669011	state_02	IG-B
4	LV3003047158	leiden2	ST8	57.70646	state_02	SRPI	-0.329525899746644	state_02	IG-B
4	LV3003047158	grey	ST8	57.70646	state_02	SRPI	1.53059286003061	state_02	IG-B
4	LV3003047158	leiden3	ST8	57.70646	state_02	SRPI	0.3060525184406	state_02	IG-B
4	LV3003047158	leiden6	ST8	57.70646	state_02	SRPI	-0.68240975987538	state_02	IG-B
4	LV3003047159	leiden4	ST8	56.7987933333333	state_02	SRPI	1.06420214922423	state_02	IG-B
4	LV3003047159	leiden2	ST8	56.7987933333333	state_02	SRPI	1.03637983294657	state_02	IG-B
4	LV3003047159	leiden6	ST8	56.7987933333333	state_02	SRPI	-7.18022356315424	state_02	IG-B
4	LV3003047159	leiden3	ST8	56.7987933333333	state_02	SRPI	1.79577488156065	state_02	IG-B
4	LV3003047159	leiden1	ST8	56.7987933333333	state_02	SRPI	0.834927144618773	state_02	IG-B
4	LV3003047159	leiden5	ST8	56.7987933333333	state_02	SRPI	2.44893955480402	state_02	IG-B
4	LV3003047164	leiden5	ST8	43.93302	state_02	SRPI	1.17493428126022	state_02	IG-B
4	LV3003047164	leiden4	ST8	43.93302	state_02	SRPI	-0.278231742828902	state_02	IG-B
4	LV3003047164	leiden6	ST8	43.93302	state_02	SRPI	-1.25604706830307	state_02	IG-B
4	LV3003047164	leiden2	ST8	43.93302	state_02	SRPI	-0.226757470736201	state_02	IG-B
4	LV3003047164	leiden3	ST8	43.93302	state_02	SRPI	1.0258996657604	state_02	IG-B
4	LV3003047164	leiden1	ST8	43.93302	state_02	SRPI	-0.439797665152448	state_02	IG-B
4	LV3003047166	leiden1	ST8	38.27343	state_02	SRPI	0.0307776130878491	state_02	IG-B
4	LV3003047166	leiden4	ST8	38.27343	state_02	SRPI	-0.147063563048343	state_02	IG-B
4	LV3003047166	leiden2	ST8	38.27343	state_02	SRPI	-0.23832970666599	state_02	IG-B
4	LV3003047166	leiden6	ST8	38.27343	state_02	SRPI	-1.05223480452412	state_02	IG-B
4	LV3003047166	leiden3	ST8	38.27343	state_02	SRPI	0.626781211897649	state_02	IG-B
4	LV3003047166	leiden5	ST8	38.27343	state_02	SRPI	0.780069249252956	state_02	IG-B
4	LV3003047167	leiden4	ST8	34.67812	state_02	SRPI	-0.230260727026178	state_02	IG-B
4	LV3003047167	leiden1	ST8	34.67812	state_02	SRPI	-0.254932006056207	state_02	IG-B
4	LV3003047167	leiden6	ST8	34.67812	state_02	SRPI	-0.837855670101961	state_02	IG-B
4	LV3003047167	leiden2	ST8	34.67812	state_02	SRPI	-0.215585956032792	state_02	IG-B
4	LV3003047167	leiden5	ST8	34.67812	state_02	SRPI	0.990230713231511	state_02	IG-B
4	LV3003047167	leiden3	ST8	34.67812	state_02	SRPI	1.10918826480249	state_02	IG-B
4	LV3003047167	grey	ST8	34.67812	state_02	SRPI	-0.56078461881686	state_02	IG-B
4	LV3003061475	leiden4	ST13	53.844	state_02	SRPI	1.06536673180871	state_02	IG-B
4	LV3003061475	leiden6	ST13	53.844	state_02	SRPI	-7.30139688761182	state_02	IG-B
4	LV3003061475	leiden2	ST13	53.844	state_02	SRPI	0.742054702905102	state_02	IG-B
4	LV3003061475	leiden5	ST13	53.844	state_02	SRPI	2.23718454931531	state_02	IG-B
4	LV3003061475	leiden3	ST13	53.844	state_02	SRPI	1.2918703606938	state_02	IG-B
4	LV3003061475	leiden1	ST13	53.844	state_02	SRPI	1.10344826495415	state_02	IG-B
4	LV3003061475	grey	ST13	53.844	state_02	SRPI	0.861472277934745	state_02	IG-B
4	LV3003061486	leiden4	ST13	52.105	state_02	SRPI	1.42274902908841	state_02	IG-B
4	LV3003061486	leiden2	ST13	52.105	state_02	SRPI	1.17306159197828	state_02	IG-B
4	LV3003061486	leiden3	ST13	52.105	state_02	SRPI	2.81219771932312	state_02	IG-B
4	LV3003061486	leiden5	ST13	52.105	state_02	SRPI	-0.578726970838761	state_02	IG-B
4	LV3003061486	leiden1	ST13	52.105	state_02	SRPI	2.0890371720044	state_02	IG-B
4	LV3003061486	leiden6	ST13	52.105	state_02	SRPI	-6.91831854155545	state_02	IG-B
4	LV3003061504	leiden4	ST13	50.268	state_02	SRPI	1.9390817021876	state_02	IG-B
4	LV3003061504	leiden1	ST13	50.268	state_02	SRPI	1.2462017907366	state_02	IG-B
4	LV3003061504	leiden2	ST13	50.268	state_02	SRPI	1.5265628668259	state_02	IG-B
4	LV3003061504	leiden6	ST13	50.268	state_02	SRPI	0.71477710490465	state_02	IG-B
4	LV3003061504	leiden3	ST13	50.268	state_02	SRPI	1.02784935854228	state_02	IG-B
4	LV3003061504	grey	ST13	50.268	state_02	SRPI	-6.45447282319703	state_02	IG-B
4	LV3003061513	leiden4	ST13	138.493	state_02	SRPI	-0.0976386851506114	state_02	IG-B
4	LV3003061513	leiden3	ST13	138.493	state_02	SRPI	0.151407331538496	state_02	IG-B
4	LV3003061513	leiden2	ST13	138.493	state_02	SRPI	-0.736275284388877	state_02	IG-B
4	LV3003061513	leiden1	ST13	138.493	state_02	SRPI	0.122124329300138	state_02	IG-B
4	LV3003061513	leiden5	ST13	138.493	state_02	SRPI	0.0988919587999424	state_02	IG-B
4	LV3003061513	grey	ST13	138.493	state_02	SRPI	0.461490349900912	state_02	IG-B
4	LV3003061516	leiden4	ST13	48.537	state_02	SRPI	1.54318580221056	state_02	IG-B
4	LV3003061516	leiden5	ST13	48.537	state_02	SRPI	3.16732801360949	state_02	IG-B
4	LV3003061516	leiden2	ST13	48.537	state_02	SRPI	0.945064021997919	state_02	IG-B
4	LV3003061516	leiden6	ST13	48.537	state_02	SRPI	-6.9232329258216	state_02	IG-B
4	LV3003061516	leiden3	ST13	48.537	state_02	SRPI	0.635750780795534	state_02	IG-B
4	LV3003061516	leiden1	ST13	48.537	state_02	SRPI	0.631904307208087	state_02	IG-B
4	LV3003061530	leiden4	ST13	47.046	state_02	SRPI	0.521940797990447	state_02	IG-B
4	LV3003061530	leiden1	ST13	47.046	state_02	SRPI	0.341672261246617	state_02	IG-B
4	LV3003061530	leiden2	ST13	47.046	state_02	SRPI	-0.158929030997543	state_02	IG-B
4	LV3003061530	leiden6	ST13	47.046	state_02	SRPI	-0.177980192507319	state_02	IG-B
4	LV3003061530	leiden3	ST13	47.046	state_02	SRPI	-0.309109195365032	state_02	IG-B
4	LV3003061530	grey	ST13	47.046	state_02	SRPI	-0.21759464036717	state_02	IG-B
4	LV3003061539	leiden4	ST13	130.0556	state_02	SRPI	3.02126360049391	state_02	IG-B
4	LV3003061539	leiden2	ST13	130.0556	state_02	SRPI	2.54211554323389	state_02	IG-B
4	LV3003061539	leiden1	ST13	130.0556	state_02	SRPI	1.58971374556498	state_02	IG-B
4	LV3003061539	leiden3	ST13	130.0556	state_02	SRPI	3.45278385565414	state_02	IG-B
4	LV3003061539	leiden5	ST13	130.0556	state_02	SRPI	-5.30293837247346	state_02	IG-B
4	LV3003061539	leiden6	ST13	130.0556	state_02	SRPI	-5.30293837247346	state_02	IG-B
4	LV3003061544	leiden1	ST13	45.122	state_02	SRPI	0.693827720232353	state_02	IG-B
4	LV3003061544	leiden4	ST13	45.122	state_02	SRPI	1.28855118547682	state_02	IG-B
4	LV3003061544	leiden5	ST13	45.122	state_02	SRPI	1.71895596400296	state_02	IG-B
4	LV3003061544	leiden2	ST13	45.122	state_02	SRPI	0.877236934581078	state_02	IG-B
4	LV3003061544	leiden6	ST13	45.122	state_02	SRPI	1.44320296128986	state_02	IG-B
4	LV3003061544	leiden3	ST13	45.122	state_02	SRPI	0.923055946524194	state_02	IG-B
4	LV3003061544	grey	ST13	45.122	state_02	SRPI	-6.94483071210726	state_02	IG-B
4	LV3003061570	leiden3	ST13	55.466	state_02	SRPI	1.3974276115712	state_02	IG-B
4	LV3003061570	leiden4	ST13	55.466	state_02	SRPI	1.56068811844234	state_02	IG-B
4	LV3003061570	leiden1	ST13	55.466	state_02	SRPI	0.884922704072607	state_02	IG-B
4	LV3003061570	leiden2	ST13	55.466	state_02	SRPI	1.37099452331489	state_02	IG-B
4	LV3003061570	leiden6	ST13	55.466	state_02	SRPI	-6.84208485247637	state_02	IG-B
4	LV3003061570	grey	ST13	55.466	state_02	SRPI	0.0403533983634268	state_02	IG-B
4	LV3003061570	leiden5	ST13	55.466	state_02	SRPI	1.58769849671191	state_02	IG-B
4	LV7008886221	leiden2	GeoB25202_R1	50.3555	state_02	SRPI	0.684590627846626	state_02	IG-B
4	LV7008886221	leiden3	GeoB25202_R1	50.3555	state_02	SRPI	2.40588339086097	state_02	IG-B
4	LV7008886221	leiden4	GeoB25202_R1	50.3555	state_02	SRPI	1.35224704247833	state_02	IG-B
4	LV7008886221	leiden5	GeoB25202_R1	50.3555	state_02	SRPI	1.59156972376849	state_02	IG-B
4	LV7008886221	leiden6	GeoB25202_R1	50.3555	state_02	SRPI	-7.25784862444545	state_02	IG-B
4	LV7008886221	leiden1	GeoB25202_R1	50.3555	state_02	SRPI	0.829841875359976	state_02	IG-B
4	LV7008886221	grey	GeoB25202_R1	50.3555	state_02	SRPI	0.393715964131059	state_02	IG-B
4	LV7008886222	leiden4	GeoB25202_R1	136.2775	state_02	SRPI	0.181556225795842	state_02	IG-B
4	LV7008886222	grey	GeoB25202_R1	136.2775	state_02	SRPI	0.363728024657716	state_02	IG-B
4	LV7008886222	leiden3	GeoB25202_R1	136.2775	state_02	SRPI	1.36299811959057	state_02	IG-B
4	LV7008886222	leiden2	GeoB25202_R1	136.2775	state_02	SRPI	-0.242987472061054	state_02	IG-B
4	LV7008886222	leiden5	GeoB25202_R1	136.2775	state_02	SRPI	-1.0018757210755	state_02	IG-B
4	LV7008886222	leiden1	GeoB25202_R1	136.2775	state_02	SRPI	-0.169599132246155	state_02	IG-B
4	LV7008886222	leiden6	GeoB25202_R1	136.2775	state_02	SRPI	-0.493820044661417	state_02	IG-B
4	LV7008886226	leiden3	GeoB25202_R2	36.607	state_02	SRPI	1.16853836644053	state_02	IG-B
4	LV7008886226	leiden4	GeoB25202_R2	36.607	state_02	SRPI	0.164501020318962	state_02	IG-B
4	LV7008886226	leiden2	GeoB25202_R2	36.607	state_02	SRPI	-0.226221216989214	state_02	IG-B
4	LV7008886226	leiden6	GeoB25202_R2	36.607	state_02	SRPI	-1.15631648074601	state_02	IG-B
4	LV7008886226	grey	GeoB25202_R2	36.607	state_02	SRPI	-0.872586937027122	state_02	IG-B
4	LV7008886226	leiden5	GeoB25202_R2	36.607	state_02	SRPI	1.18583483456464	state_02	IG-B
4	LV7008886226	leiden1	GeoB25202_R2	36.607	state_02	SRPI	-0.263749586561788	state_02	IG-B
4	LV7008886692	leiden4	GeoB25202_R1	53.875	state_02	SRPI	0.598128018133815	state_02	IG-B
4	LV7008886692	leiden6	GeoB25202_R1	53.875	state_02	SRPI	-1.86256349887749	state_02	IG-B
4	LV7008886692	leiden2	GeoB25202_R1	53.875	state_02	SRPI	0.371644815223781	state_02	IG-B
4	LV7008886692	leiden3	GeoB25202_R1	53.875	state_02	SRPI	0.534781039568991	state_02	IG-B
4	LV7008886692	grey	GeoB25202_R1	53.875	state_02	SRPI	-2.09892302801225	state_02	IG-B
4	LV7008886692	leiden1	GeoB25202_R1	53.875	state_02	SRPI	0.925251711531333	state_02	IG-B
4	LV7008886692	leiden5	GeoB25202_R1	53.875	state_02	SRPI	1.53168094243182	state_02	IG-B
4	LV7008886704	leiden3	GeoB25202_R2	53.875	state_02	SRPI	2.06008057307565	state_02	IG-B
4	LV7008886704	leiden4	GeoB25202_R2	53.875	state_02	SRPI	2.21039956194104	state_02	IG-B
4	LV7008886704	leiden2	GeoB25202_R2	53.875	state_02	SRPI	1.85517306703761	state_02	IG-B
4	LV7008886704	leiden6	GeoB25202_R2	53.875	state_02	SRPI	-6.18518745706396	state_02	IG-B
4	LV7008886704	leiden5	GeoB25202_R2	53.875	state_02	SRPI	3.71060660640524	state_02	IG-B
4	LV7008886704	grey	GeoB25202_R2	53.875	state_02	SRPI	-6.18518745706396	state_02	IG-B
4	LV7008886704	leiden1	GeoB25202_R2	53.875	state_02	SRPI	2.53411510566837	state_02	IG-B
4	LV7008886705	leiden4	GeoB25202_R1	59.738	state_02	SRPI	1.56616136548492	state_02	IG-B
4	LV7008886705	leiden6	GeoB25202_R1	59.738	state_02	SRPI	-6.86130642333985	state_02	IG-B
4	LV7008886705	leiden2	GeoB25202_R1	59.738	state_02	SRPI	1.08723800940573	state_02	IG-B
4	LV7008886705	leiden5	GeoB25202_R1	59.738	state_02	SRPI	2.64552719735584	state_02	IG-B
4	LV7008886705	leiden3	GeoB25202_R1	59.738	state_02	SRPI	1.21403276958854	state_02	IG-B
4	LV7008886705	leiden1	GeoB25202_R1	59.738	state_02	SRPI	0.348347081504818	state_02	IG-B
4	LV7008886709	leiden4	GeoB25202_R1	147.206	state_02	SRPI	-0.452975258978551	state_02	IG-B
4	LV7008886709	leiden1	GeoB25202_R1	147.206	state_02	SRPI	-0.305421667502201	state_02	IG-B
4	LV7008886709	leiden3	GeoB25202_R1	147.206	state_02	SRPI	0.759923447070771	state_02	IG-B
4	LV7008886709	grey	GeoB25202_R1	147.206	state_02	SRPI	0.0448917885532421	state_02	IG-B
4	LV7008886709	leiden5	GeoB25202_R1	147.206	state_02	SRPI	0.537625767299825	state_02	IG-B
4	LV7008886709	leiden2	GeoB25202_R1	147.206	state_02	SRPI	-0.584044076443086	state_02	IG-B
4	LV7008886717	leiden4	GeoB25202_R2	59.738	state_02	SRPI	1.44249294834881	state_02	IG-B
4	LV7008886717	leiden1	GeoB25202_R2	59.738	state_02	SRPI	1.24478455978531	state_02	IG-B
4	LV7008886717	leiden2	GeoB25202_R2	59.738	state_02	SRPI	1.17134465462158	state_02	IG-B
4	LV7008886717	leiden6	GeoB25202_R2	59.738	state_02	SRPI	-6.97943931671209	state_02	IG-B
4	LV7008886717	leiden3	GeoB25202_R2	59.738	state_02	SRPI	0.894615179327598	state_02	IG-B
4	LV7008886717	leiden5	GeoB25202_R2	59.738	state_02	SRPI	2.22620197462881	state_02	IG-B
4	LV7008886721	leiden4	GeoB25202_R2	147.206	state_02	SRPI	-0.307613048381314	state_02	IG-B
4	LV7008886721	leiden1	GeoB25202_R2	147.206	state_02	SRPI	0.162427068400656	state_02	IG-B
4	LV7008886721	leiden2	GeoB25202_R2	147.206	state_02	SRPI	-0.537354363083426	state_02	IG-B
4	LV7008886721	leiden3	GeoB25202_R2	147.206	state_02	SRPI	0.750046914993198	state_02	IG-B
4	LV7008886721	leiden5	GeoB25202_R2	147.206	state_02	SRPI	0.755651789282126	state_02	IG-B
4	LV7008886721	grey	GeoB25202_R2	147.206	state_02	SRPI	-0.823158361211239	state_02	IG-B
4	LV7008886740	leiden3	GeoB25202_R1	43.105	state_02	SRPI	1.03998607876641	state_02	IG-B
4	LV7008886740	leiden4	GeoB25202_R1	43.105	state_02	SRPI	-0.105363852821621	state_02	IG-B
4	LV7008886740	leiden2	GeoB25202_R1	43.105	state_02	SRPI	0.165272515899846	state_02	IG-B
4	LV7008886740	leiden6	GeoB25202_R1	43.105	state_02	SRPI	-0.831844867517667	state_02	IG-B
4	LV7008886740	leiden1	GeoB25202_R1	43.105	state_02	SRPI	-0.492291231451971	state_02	IG-B
4	LV7008886740	grey	GeoB25202_R1	43.105	state_02	SRPI	0.232004130832723	state_02	IG-B
4	LV7008886740	leiden5	GeoB25202_R1	43.105	state_02	SRPI	-0.00776277370772194	state_02	IG-B
4	LV7008886745	leiden1	GeoB25202_R2	136.2775	state_02	SRPI	0.939429719321888	state_02	IG-B
4	LV7008886745	leiden4	GeoB25202_R2	136.2775	state_02	SRPI	1.00795599383835	state_02	IG-B
4	LV7008886745	leiden5	GeoB25202_R2	136.2775	state_02	SRPI	2.32659936589858	state_02	IG-B
4	LV7008886745	leiden2	GeoB25202_R2	136.2775	state_02	SRPI	0.382956557995519	state_02	IG-B
4	LV7008886745	leiden3	GeoB25202_R2	136.2775	state_02	SRPI	2.15380492815379	state_02	IG-B
4	LV7008886745	grey	GeoB25202_R2	136.2775	state_02	SRPI	0.677064390427584	state_02	IG-B
4	LV7008886745	leiden6	GeoB25202_R2	136.2775	state_02	SRPI	-7.48781095563571	state_02	IG-B
4	LV7008886753	leiden4	GeoB25202_R2	58.997	state_02	SRPI	-0.345339574431755	state_02	IG-B
4	LV7008886753	grey	GeoB25202_R2	58.997	state_02	SRPI	0.838056695420929	state_02	IG-B
4	LV7008886753	leiden3	GeoB25202_R2	58.997	state_02	SRPI	-0.229642277799409	state_02	IG-B
4	LV7008886753	leiden2	GeoB25202_R2	58.997	state_02	SRPI	-0.347385870038049	state_02	IG-B
4	LV7008886753	leiden5	GeoB25202_R2	58.997	state_02	SRPI	-0.0464851248742923	state_02	IG-B
4	LV7008886753	leiden1	GeoB25202_R2	58.997	state_02	SRPI	-0.0321396230576516	state_02	IG-B
4	LV7008886753	leiden6	GeoB25202_R2	58.997	state_02	SRPI	0.162935774780228	state_02	IG-B
4	LV7008886765	leiden4	GeoB25202_R1	58.181	state_02	SRPI	0.212768211837052	state_02	IG-B
4	LV7008886765	leiden1	GeoB25202_R1	58.181	state_02	SRPI	-0.391704927897353	state_02	IG-B
4	LV7008886765	leiden2	GeoB25202_R1	58.181	state_02	SRPI	0.0318386655024714	state_02	IG-B
4	LV7008886765	leiden6	GeoB25202_R1	58.181	state_02	SRPI	-0.847631972502506	state_02	IG-B
4	LV7008886765	leiden3	GeoB25202_R1	58.181	state_02	SRPI	1.45616297527875	state_02	IG-B
4	LV7008886765	leiden5	GeoB25202_R1	58.181	state_02	SRPI	1.82911806231622	state_02	IG-B
4	LV7008886765	grey	GeoB25202_R1	58.181	state_02	SRPI	-2.29055101453464	state_02	IG-B
5	LV3003047044	leiden1	ST8	12.078	state_04	OAP	43.3721912769884	state_04	G-A
5	LV3003047044	leiden4	ST8	12.078	state_04	OAP	-125.35989683262	state_04	G-A
5	LV3003047044	leiden2	ST8	12.078	state_04	OAP	42.1885485347093	state_04	G-A
5	LV3003047044	leiden6	ST8	12.078	state_04	OAP	-31.7500669967127	state_04	G-A
5	LV3003047044	leiden3	ST8	12.078	state_04	OAP	106.883199600893	state_04	G-A
5	LV3003047044	grey	ST8	12.078	state_04	OAP	33.6359287111035	state_04	G-A
5	LV3003047044	leiden5	ST8	12.078	state_04	OAP	-68.969904294361	state_04	G-A
5	LV3003047070	leiden4	ST8	30.128	state_04	OAP	-69.4116060746806	state_04	G-A
5	LV3003047070	leiden1	ST8	30.128	state_04	OAP	119.744781678908	state_04	G-A
5	LV3003047070	leiden2	ST8	30.128	state_04	OAP	112.134668910519	state_04	G-A
5	LV3003047070	leiden6	ST8	30.128	state_04	OAP	-78.7190111597444	state_04	G-A
5	LV3003047070	leiden5	ST8	30.128	state_04	OAP	-152.154772966209	state_04	G-A
5	LV3003047070	leiden3	ST8	30.128	state_04	OAP	-106.100861837141	state_04	G-A
5	LV3003047070	grey	ST8	30.128	state_04	OAP	174.506801448349	state_04	G-A
5	LV3003047071	leiden1	ST8	26.141	state_04	OAP	69.4529668496896	state_04	G-A
5	LV3003047071	leiden3	ST8	26.141	state_04	OAP	25.6062570645308	state_04	G-A
5	LV3003047071	leiden4	ST8	26.141	state_04	OAP	-57.2344403003522	state_04	G-A
5	LV3003047071	leiden2	ST8	26.141	state_04	OAP	115.092331228903	state_04	G-A
5	LV3003047071	leiden6	ST8	26.141	state_04	OAP	-120.504896948189	state_04	G-A
5	LV3003047071	grey	ST8	26.141	state_04	OAP	65.247898820497	state_04	G-A
5	LV3003047071	leiden5	ST8	26.141	state_04	OAP	-97.6601167150797	state_04	G-A
5	LV3003047084	leiden1	ST8	33.276	state_04	OAP	54.2695157425207	state_04	G-A
5	LV3003047084	leiden3	ST8	33.276	state_04	OAP	122.525052921737	state_04	G-A
5	LV3003047084	leiden4	ST8	33.276	state_04	OAP	9.85467426343587	state_04	G-A
5	LV3003047084	leiden6	ST8	33.276	state_04	OAP	-92.8185978298641	state_04	G-A
5	LV3003047084	leiden2	ST8	33.276	state_04	OAP	85.9252562683861	state_04	G-A
5	LV3003047084	grey	ST8	33.276	state_04	OAP	-6.97158362541336	state_04	G-A
5	LV3003047084	leiden5	ST8	33.276	state_04	OAP	-172.784317740802	state_04	G-A
5	LV3003047085	leiden1	ST8	29.703	state_04	OAP	130.811061554644	state_04	G-A
5	LV3003047085	leiden2	ST8	29.703	state_04	OAP	78.0074319826287	state_04	G-A
5	LV3003047085	leiden4	ST8	29.703	state_04	OAP	-67.9779796052065	state_04	G-A
5	LV3003047085	leiden6	ST8	29.703	state_04	OAP	-127.610049434477	state_04	G-A
5	LV3003047085	grey	ST8	29.703	state_04	OAP	70.2855845890999	state_04	G-A
5	LV3003047085	leiden3	ST8	29.703	state_04	OAP	-136.325994252241	state_04	G-A
5	LV3003047085	leiden5	ST8	29.703	state_04	OAP	52.8099451655528	state_04	G-A
5	LV3003047096	leiden1	ST8	36.89377	state_04	OAP	103.734539400048	state_04	G-A
5	LV3003047096	leiden4	ST8	36.89377	state_04	OAP	-182.687958989296	state_04	G-A
5	LV3003047096	leiden2	ST8	36.89377	state_04	OAP	127.370310965575	state_04	G-A
5	LV3003047096	leiden6	ST8	36.89377	state_04	OAP	143.666484240703	state_04	G-A
5	LV3003047096	leiden3	ST8	36.89377	state_04	OAP	-121.494644014918	state_04	G-A
5	LV3003047096	leiden5	ST8	36.89377	state_04	OAP	-70.588731602112	state_04	G-A
5	LV3003047097	leiden1	ST8	32.835	state_04	OAP	32.5285257308296	state_04	G-A
5	LV3003047097	leiden4	ST8	32.835	state_04	OAP	-54.3003598274855	state_04	G-A
5	LV3003047097	leiden2	ST8	32.835	state_04	OAP	118.468937062252	state_04	G-A
5	LV3003047097	leiden6	ST8	32.835	state_04	OAP	-95.2432838181599	state_04	G-A
5	LV3003047097	leiden3	ST8	32.835	state_04	OAP	92.1104665259547	state_04	G-A
5	LV3003047097	leiden5	ST8	32.835	state_04	OAP	-124.730813313106	state_04	G-A
5	LV3003047097	grey	ST8	32.835	state_04	OAP	31.166527639715	state_04	G-A
5	LV3003047098	leiden4	ST8	29.278	state_04	OAP	-53.0629385333402	state_04	G-A
5	LV3003047098	leiden3	ST8	29.278	state_04	OAP	-263.420146788172	state_04	G-A
5	LV3003047098	leiden2	ST8	29.278	state_04	OAP	132.378709108384	state_04	G-A
5	LV3003047098	leiden6	ST8	29.278	state_04	OAP	-55.5134353446372	state_04	G-A
5	LV3003047098	grey	ST8	29.278	state_04	OAP	112.546531877742	state_04	G-A
5	LV3003047098	leiden5	ST8	29.278	state_04	OAP	-113.997292289236	state_04	G-A
5	LV3003047098	leiden1	ST8	29.278	state_04	OAP	241.068571969259	state_04	G-A
5	LV3003047113	leiden1	ST8	36.48927	state_04	OAP	132.819611932853	state_04	G-A
5	LV3003047113	leiden4	ST8	36.48927	state_04	OAP	-103.606198693593	state_04	G-A
5	LV3003047113	leiden2	ST8	36.48927	state_04	OAP	128.792344050692	state_04	G-A
5	LV3003047113	leiden6	ST8	36.48927	state_04	OAP	63.3138789258925	state_04	G-A
5	LV3003047113	leiden3	ST8	36.48927	state_04	OAP	-37.9832933673939	state_04	G-A
5	LV3003047113	leiden5	ST8	36.48927	state_04	OAP	-13.2323062276187	state_04	G-A
5	LV3003047113	grey	ST8	36.48927	state_04	OAP	-170.104036620832	state_04	G-A
5	LV3003047114	leiden3	ST8	32.3855	state_04	OAP	178.870446120166	state_04	G-A
5	LV3003047114	leiden4	ST8	32.3855	state_04	OAP	113.528170736427	state_04	G-A
5	LV3003047114	leiden6	ST8	32.3855	state_04	OAP	-195.836345363231	state_04	G-A
5	LV3003047114	grey	ST8	32.3855	state_04	OAP	-343.74563161835	state_04	G-A
5	LV3003047114	leiden2	ST8	32.3855	state_04	OAP	176.772492650443	state_04	G-A
5	LV3003047114	leiden5	ST8	32.3855	state_04	OAP	-62.2860896336175	state_04	G-A
5	LV3003047114	leiden1	ST8	32.3855	state_04	OAP	132.696957108163	state_04	G-A
5	LV3003047117	leiden1	ST8	28.7616666666667	state_04	OAP	202.881391357192	state_04	G-A
5	LV3003047117	leiden4	ST8	28.7616666666667	state_04	OAP	-7.1680034879613	state_04	G-A
5	LV3003047117	leiden6	ST8	28.7616666666667	state_04	OAP	-115.590515421889	state_04	G-A
5	LV3003047117	leiden2	ST8	28.7616666666667	state_04	OAP	94.4821671440531	state_04	G-A
5	LV3003047117	leiden5	ST8	28.7616666666667	state_04	OAP	-199.958482494029	state_04	G-A
5	LV3003047117	leiden3	ST8	28.7616666666667	state_04	OAP	-63.330494920345	state_04	G-A
5	LV3003047117	grey	ST8	28.7616666666667	state_04	OAP	88.6839378229795	state_04	G-A
5	LV3003047128	leiden1	ST8	39.57797	state_04	OAP	190.542825120812	state_04	G-A
5	LV3003047128	leiden4	ST8	39.57797	state_04	OAP	-91.9083152780651	state_04	G-A
5	LV3003047128	leiden2	ST8	39.57797	state_04	OAP	107.255132271311	state_04	G-A
5	LV3003047128	leiden6	ST8	39.57797	state_04	OAP	57.5966169445817	state_04	G-A
5	LV3003047128	leiden3	ST8	39.57797	state_04	OAP	-179.248317084589	state_04	G-A
5	LV3003047128	leiden5	ST8	39.57797	state_04	OAP	-172.799528791285	state_04	G-A
5	LV3003047128	grey	ST8	39.57797	state_04	OAP	88.5615868172352	state_04	G-A
5	LV3003047129	leiden4	ST8	36.0373	state_04	OAP	40.1420441704477	state_04	G-A
5	LV3003047129	leiden2	ST8	36.0373	state_04	OAP	174.741934060056	state_04	G-A
5	LV3003047129	leiden1	ST8	36.0373	state_04	OAP	135.561556134273	state_04	G-A
5	LV3003047129	leiden6	ST8	36.0373	state_04	OAP	81.9230753357982	state_04	G-A
5	LV3003047129	leiden3	ST8	36.0373	state_04	OAP	-152.131311800921	state_04	G-A
5	LV3003047129	leiden5	ST8	36.0373	state_04	OAP	-224.75188209074	state_04	G-A
5	LV3003047129	grey	ST8	36.0373	state_04	OAP	-55.4854158089145	state_04	G-A
5	LV3003047130	leiden1	ST8	31.936	state_04	OAP	118.872760672557	state_04	G-A
5	LV3003047130	leiden4	ST8	31.936	state_04	OAP	92.9988514461922	state_04	G-A
5	LV3003047130	leiden2	ST8	31.936	state_04	OAP	228.031730500957	state_04	G-A
5	LV3003047130	leiden6	ST8	31.936	state_04	OAP	-154.714746402019	state_04	G-A
5	LV3003047130	grey	ST8	31.936	state_04	OAP	-316.061713345187	state_04	G-A
5	LV3003047130	leiden3	ST8	31.936	state_04	OAP	151.609815069112	state_04	G-A
5	LV3003047130	leiden5	ST8	31.936	state_04	OAP	-120.736697941613	state_04	G-A
5	LV3003047131	leiden4	ST8	28.2453333333333	state_04	OAP	-56.9361766484889	state_04	G-A
5	LV3003047131	leiden2	ST8	28.2453333333333	state_04	OAP	102.317960849349	state_04	G-A
5	LV3003047131	leiden6	ST8	28.2453333333333	state_04	OAP	-20.9309899784078	state_04	G-A
5	LV3003047131	leiden3	ST8	28.2453333333333	state_04	OAP	-40.5765738253767	state_04	G-A
5	LV3003047131	leiden5	ST8	28.2453333333333	state_04	OAP	-161.326311985273	state_04	G-A
5	LV3003047131	leiden1	ST8	28.2453333333333	state_04	OAP	68.1384550343939	state_04	G-A
5	LV3003047131	grey	ST8	28.2453333333333	state_04	OAP	109.313636553803	state_04	G-A
5	LV3003047143	leiden4	ST8	31.398	state_04	OAP	-76.5532217743917	state_04	G-A
5	LV3003047143	leiden2	ST8	31.398	state_04	OAP	132.839635696404	state_04	G-A
5	LV3003047143	leiden6	ST8	31.398	state_04	OAP	-135.387676622608	state_04	G-A
5	LV3003047143	leiden3	ST8	31.398	state_04	OAP	103.205083945372	state_04	G-A
5	LV3003047143	leiden5	ST8	31.398	state_04	OAP	-173.438179997498	state_04	G-A
5	LV3003047143	leiden1	ST8	31.398	state_04	OAP	172.34965481061	state_04	G-A
5	LV3003047143	grey	ST8	31.398	state_04	OAP	-23.0152960578874	state_04	G-A
5	LV3003047144	leiden1	ST8	27.729	state_04	OAP	56.3896420003786	state_04	G-A
5	LV3003047144	leiden4	ST8	27.729	state_04	OAP	-49.556940920115	state_04	G-A
5	LV3003047144	leiden2	ST8	27.729	state_04	OAP	73.8272173832677	state_04	G-A
5	LV3003047144	grey	ST8	27.729	state_04	OAP	106.923501788107	state_04	G-A
5	LV3003047144	leiden6	ST8	27.729	state_04	OAP	-32.545284344076	state_04	G-A
5	LV3003047144	leiden3	ST8	27.729	state_04	OAP	-13.1850638360324	state_04	G-A
5	LV3003047144	leiden5	ST8	27.729	state_04	OAP	-141.853072071531	state_04	G-A
5	LV3003047155	leiden4	ST8	30.9475	state_04	OAP	-98.0191125543368	state_04	G-A
5	LV3003047155	leiden1	ST8	30.9475	state_04	OAP	103.309081970956	state_04	G-A
5	LV3003047155	leiden2	ST8	30.9475	state_04	OAP	170.575956632832	state_04	G-A
5	LV3003047155	leiden6	ST8	30.9475	state_04	OAP	-49.0363551320206	state_04	G-A
5	LV3003047155	grey	ST8	30.9475	state_04	OAP	-11.7068649668088	state_04	G-A
5	LV3003047155	leiden5	ST8	30.9475	state_04	OAP	-109.904992957639	state_04	G-A
5	LV3003047155	leiden3	ST8	30.9475	state_04	OAP	-5.21771299298251	state_04	G-A
5	LV3003047156	leiden1	ST8	27.1996666666667	state_04	OAP	66.1390721333913	state_04	G-A
5	LV3003047156	leiden4	ST8	27.1996666666667	state_04	OAP	-17.8990348910368	state_04	G-A
5	LV3003047156	leiden2	ST8	27.1996666666667	state_04	OAP	76.9315590125726	state_04	G-A
5	LV3003047156	leiden6	ST8	27.1996666666667	state_04	OAP	-97.3909834038188	state_04	G-A
5	LV3003047156	grey	ST8	27.1996666666667	state_04	OAP	20.3437435850688	state_04	G-A
5	LV3003047156	leiden3	ST8	27.1996666666667	state_04	OAP	-10.4098548599795	state_04	G-A
5	LV3003047156	leiden5	ST8	27.1996666666667	state_04	OAP	-37.7145015761974	state_04	G-A
5	LV3003047168	leiden1	ST8	30.497	state_04	OAP	97.2625591093391	state_04	G-A
5	LV3003047168	leiden4	ST8	30.497	state_04	OAP	-67.6727270207862	state_04	G-A
5	LV3003047168	leiden2	ST8	30.497	state_04	OAP	83.3073643452409	state_04	G-A
5	LV3003047168	grey	ST8	30.497	state_04	OAP	87.2643656385355	state_04	G-A
5	LV3003047168	leiden6	ST8	30.497	state_04	OAP	-126.584301844418	state_04	G-A
5	LV3003047168	leiden5	ST8	30.497	state_04	OAP	-22.984289595291	state_04	G-A
5	LV3003047168	leiden3	ST8	30.497	state_04	OAP	-50.5929706326213	state_04	G-A
5	LV3003047169	leiden1	ST8	26.6703333333333	state_04	OAP	68.4938472206854	state_04	G-A
5	LV3003047169	leiden4	ST8	26.6703333333333	state_04	OAP	-49.1229925616766	state_04	G-A
5	LV3003047169	leiden2	ST8	26.6703333333333	state_04	OAP	109.975552544126	state_04	G-A
5	LV3003047169	leiden6	ST8	26.6703333333333	state_04	OAP	-64.5112014158431	state_04	G-A
5	LV3003047169	leiden5	ST8	26.6703333333333	state_04	OAP	-105.996069021555	state_04	G-A
5	LV3003047169	leiden3	ST8	26.6703333333333	state_04	OAP	-72.542621312851	state_04	G-A
5	LV3003047169	grey	ST8	26.6703333333333	state_04	OAP	113.703484547114	state_04	G-A
5	LV3003061476	leiden1	ST13	37.16	state_04	OAP	30.3616480414129	state_04	G-A
5	LV3003061476	leiden3	ST13	37.16	state_04	OAP	125.185867424264	state_04	G-A
5	LV3003061476	leiden4	ST13	37.16	state_04	OAP	-148.566621997206	state_04	G-A
5	LV3003061476	leiden2	ST13	37.16	state_04	OAP	63.1486455193206	state_04	G-A
5	LV3003061476	leiden6	ST13	37.16	state_04	OAP	-29.0224379739709	state_04	G-A
5	LV3003061476	grey	ST13	37.16	state_04	OAP	-28.721181310549	state_04	G-A
5	LV3003061476	leiden5	ST13	37.16	state_04	OAP	-12.3859197032717	state_04	G-A
5	LV3003061488	leiden1	ST13	35.041	state_04	OAP	45.2944118684171	state_04	G-A
5	LV3003061488	leiden3	ST13	35.041	state_04	OAP	119.742451723459	state_04	G-A
5	LV3003061488	leiden4	ST13	35.041	state_04	OAP	-147.713752727369	state_04	G-A
5	LV3003061488	leiden2	ST13	35.041	state_04	OAP	69.9366288170063	state_04	G-A
5	LV3003061488	leiden5	ST13	35.041	state_04	OAP	-21.0622801615161	state_04	G-A
5	LV3003061488	leiden6	ST13	35.041	state_04	OAP	-28.3243304141395	state_04	G-A
5	LV3003061488	grey	ST13	35.041	state_04	OAP	-37.8731291058575	state_04	G-A
5	LV3003061505	leiden1	ST13	32.81	state_04	OAP	51.8761491202958	state_04	G-A
5	LV3003061505	leiden4	ST13	32.81	state_04	OAP	-104.664897001133	state_04	G-A
5	LV3003061505	leiden2	ST13	32.81	state_04	OAP	137.796004266249	state_04	G-A
5	LV3003061505	leiden5	ST13	32.81	state_04	OAP	-14.0508489866095	state_04	G-A
5	LV3003061505	leiden6	ST13	32.81	state_04	OAP	-128.997435770188	state_04	G-A
5	LV3003061505	leiden3	ST13	32.81	state_04	OAP	-90.9097038581074	state_04	G-A
5	LV3003061505	grey	ST13	32.81	state_04	OAP	148.950732229494	state_04	G-A
5	LV3003061517	leiden1	ST13	30.678	state_04	OAP	32.4811709596266	state_04	G-A
5	LV3003061517	leiden3	ST13	30.678	state_04	OAP	25.8807565208449	state_04	G-A
5	LV3003061517	leiden4	ST13	30.678	state_04	OAP	-132.719531702763	state_04	G-A
5	LV3003061517	leiden2	ST13	30.678	state_04	OAP	74.5412605103875	state_04	G-A
5	LV3003061517	leiden5	ST13	30.678	state_04	OAP	-20.4333613132598	state_04	G-A
5	LV3003061517	leiden6	ST13	30.678	state_04	OAP	-73.5623651268804	state_04	G-A
5	LV3003061517	grey	ST13	30.678	state_04	OAP	93.8120701520434	state_04	G-A
5	LV3003061531	leiden1	ST13	28.445	state_04	OAP	96.2802913383193	state_04	G-A
5	LV3003061531	leiden2	ST13	28.445	state_04	OAP	112.23572619344	state_04	G-A
5	LV3003061531	leiden3	ST13	28.445	state_04	OAP	126.308936319763	state_04	G-A
5	LV3003061531	leiden4	ST13	28.445	state_04	OAP	-122.911383723849	state_04	G-A
5	LV3003061531	leiden5	ST13	28.445	state_04	OAP	-103.673886562279	state_04	G-A
5	LV3003061531	leiden6	ST13	28.445	state_04	OAP	-24.3516974163156	state_04	G-A
5	LV3003061531	grey	ST13	28.445	state_04	OAP	-83.887986149079	state_04	G-A
5	LV3003061545	leiden1	ST13	23.172	state_04	OAP	72.3329570788818	state_04	G-A
5	LV3003061545	leiden4	ST13	23.172	state_04	OAP	-124.766346253407	state_04	G-A
5	LV3003061545	leiden3	ST13	23.172	state_04	OAP	138.643092230799	state_04	G-A
5	LV3003061545	leiden2	ST13	23.172	state_04	OAP	28.792883170918	state_04	G-A
5	LV3003061545	leiden6	ST13	23.172	state_04	OAP	-121.053931115561	state_04	G-A
5	LV3003061545	grey	ST13	23.172	state_04	OAP	107.617746549918	state_04	G-A
5	LV3003061545	leiden5	ST13	23.172	state_04	OAP	-101.566401661551	state_04	G-A
5	LV3003061558	leiden1	ST13	42.626	state_04	OAP	134.754227819837	state_04	G-A
5	LV3003061558	leiden2	ST13	42.626	state_04	OAP	102.153933006805	state_04	G-A
5	LV3003061558	leiden3	ST13	42.626	state_04	OAP	146.565200213349	state_04	G-A
5	LV3003061558	leiden4	ST13	42.626	state_04	OAP	-137.631180144994	state_04	G-A
5	LV3003061558	leiden5	ST13	42.626	state_04	OAP	-239.431033412829	state_04	G-A
5	LV3003061558	leiden6	ST13	42.626	state_04	OAP	-6.41114748216745	state_04	G-A
5	LV3003061559	leiden3	ST13	21.069	state_04	OAP	-9.55748116813396	state_04	G-A
5	LV3003061559	leiden4	ST13	21.069	state_04	OAP	-58.4210100632321	state_04	G-A
5	LV3003061559	leiden1	ST13	21.069	state_04	OAP	100.318178316797	state_04	G-A
5	LV3003061559	leiden2	ST13	21.069	state_04	OAP	77.4938853073304	state_04	G-A
5	LV3003061559	leiden5	ST13	21.069	state_04	OAP	-53.4646195637789	state_04	G-A
5	LV3003061559	leiden6	ST13	21.069	state_04	OAP	-26.8128935308504	state_04	G-A
5	LV3003061559	grey	ST13	21.069	state_04	OAP	-29.5560592981323	state_04	G-A
5	LV3003061571	leiden4	ST13	40.457	state_04	OAP	-236.865832075398	state_04	G-A
5	LV3003061571	leiden1	ST13	40.457	state_04	OAP	-4.54754564255694	state_04	G-A
5	LV3003061571	leiden2	ST13	40.457	state_04	OAP	92.9610467774642	state_04	G-A
5	LV3003061571	leiden5	ST13	40.457	state_04	OAP	-157.735383810242	state_04	G-A
5	LV3003061571	leiden6	ST13	40.457	state_04	OAP	-57.8769085802815	state_04	G-A
5	LV3003061571	leiden3	ST13	40.457	state_04	OAP	57.5126309608556	state_04	G-A
5	LV3003061571	grey	ST13	40.457	state_04	OAP	306.551992370159	state_04	G-A
5	LV7008886703	leiden1	GeoB25202_R1	27.6855	state_04	OAP	19.8409100016258	state_04	G-A
5	LV7008886703	leiden3	GeoB25202_R1	27.6855	state_04	OAP	-60.1690324562042	state_04	G-A
5	LV7008886703	leiden4	GeoB25202_R1	27.6855	state_04	OAP	-94.3896725189963	state_04	G-A
5	LV7008886703	leiden5	GeoB25202_R1	27.6855	state_04	OAP	-29.7322596979344	state_04	G-A
5	LV7008886703	leiden2	GeoB25202_R1	27.6855	state_04	OAP	77.1049877419064	state_04	G-A
5	LV7008886703	leiden6	GeoB25202_R1	27.6855	state_04	OAP	2.98342211653812	state_04	G-A
5	LV7008886703	grey	GeoB25202_R1	27.6855	state_04	OAP	84.3616448130646	state_04	G-A
5	LV7008886715	leiden1	GeoB25202_R2	27.6855	state_04	OAP	41.0622845782715	state_04	G-A
5	LV7008886715	leiden2	GeoB25202_R2	27.6855	state_04	OAP	82.5282741020987	state_04	G-A
5	LV7008886715	leiden3	GeoB25202_R2	27.6855	state_04	OAP	45.3706263107362	state_04	G-A
5	LV7008886715	leiden4	GeoB25202_R2	27.6855	state_04	OAP	-183.467922821491	state_04	G-A
5	LV7008886715	leiden5	GeoB25202_R2	27.6855	state_04	OAP	-80.6010122335604	state_04	G-A
5	LV7008886715	leiden6	GeoB25202_R2	27.6855	state_04	OAP	-7.47845241667483	state_04	G-A
5	LV7008886715	grey	GeoB25202_R2	27.6855	state_04	OAP	102.58620248062	state_04	G-A
5	LV7008886728	leiden3	GeoB25202_R2	50.3555	state_04	OAP	155.482227549055	state_04	G-A
5	LV7008886728	leiden4	GeoB25202_R2	50.3555	state_04	OAP	-96.4113688152762	state_04	G-A
5	LV7008886728	leiden2	GeoB25202_R2	50.3555	state_04	OAP	153.676390995362	state_04	G-A
5	LV7008886728	leiden6	GeoB25202_R2	50.3555	state_04	OAP	127.06401556294	state_04	G-A
5	LV7008886728	leiden1	GeoB25202_R2	50.3555	state_04	OAP	-24.9721022520896	state_04	G-A
5	LV7008886728	grey	GeoB25202_R2	50.3555	state_04	OAP	-681.942690485515	state_04	G-A
5	LV7008886728	leiden5	GeoB25202_R2	50.3555	state_04	OAP	367.103527445524	state_04	G-A
5	LV7008886752	leiden3	GeoB25202_R2	43.105	state_04	OAP	43.4396688955475	state_04	G-A
5	LV7008886752	leiden4	GeoB25202_R2	43.105	state_04	OAP	-26.6895188838935	state_04	G-A
5	LV7008886752	leiden5	GeoB25202_R2	43.105	state_04	OAP	48.4932487641951	state_04	G-A
5	LV7008886752	leiden2	GeoB25202_R2	43.105	state_04	OAP	170.762104214532	state_04	G-A
5	LV7008886752	leiden6	GeoB25202_R2	43.105	state_04	OAP	90.411269726009	state_04	G-A
5	LV7008886752	leiden1	GeoB25202_R2	43.105	state_04	OAP	289.99635878163	state_04	G-A
5	LV7008886752	grey	GeoB25202_R2	43.105	state_04	OAP	-616.41313149802	state_04	G-A
5	LV7008886776	leiden1	GeoB25202_R1	36.607	state_04	OAP	179.103567924551	state_04	G-A
5	LV7008886776	leiden2	GeoB25202_R1	36.607	state_04	OAP	179.034985539185	state_04	G-A
5	LV7008886776	leiden3	GeoB25202_R1	36.607	state_04	OAP	209.715891210437	state_04	G-A
5	LV7008886776	leiden4	GeoB25202_R1	36.607	state_04	OAP	-4.01016570517055	state_04	G-A
5	LV7008886776	leiden5	GeoB25202_R1	36.607	state_04	OAP	-126.272095946803	state_04	G-A
5	LV7008886776	leiden6	GeoB25202_R1	36.607	state_04	OAP	103.441404832715	state_04	G-A
5	LV7008886776	grey	GeoB25202_R1	36.607	state_04	OAP	-541.013587854915	state_04	G-A
5	LV3003047044	leiden1	ST8	12.078	state_04	MGI	0	state_04	G-A
5	LV3003047044	leiden4	ST8	12.078	state_04	MGI	0	state_04	G-A
5	LV3003047044	leiden2	ST8	12.078	state_04	MGI	0	state_04	G-A
5	LV3003047044	leiden6	ST8	12.078	state_04	MGI	0	state_04	G-A
5	LV3003047044	leiden3	ST8	12.078	state_04	MGI	0	state_04	G-A
5	LV3003047044	grey	ST8	12.078	state_04	MGI	0	state_04	G-A
5	LV3003047044	leiden5	ST8	12.078	state_04	MGI	0	state_04	G-A
5	LV3003047070	leiden4	ST8	30.128	state_04	MGI	0	state_04	G-A
5	LV3003047070	leiden1	ST8	30.128	state_04	MGI	0	state_04	G-A
5	LV3003047070	leiden2	ST8	30.128	state_04	MGI	0	state_04	G-A
5	LV3003047070	leiden6	ST8	30.128	state_04	MGI	0	state_04	G-A
5	LV3003047070	leiden5	ST8	30.128	state_04	MGI	0	state_04	G-A
5	LV3003047070	leiden3	ST8	30.128	state_04	MGI	0	state_04	G-A
5	LV3003047070	grey	ST8	30.128	state_04	MGI	0	state_04	G-A
5	LV3003047071	leiden1	ST8	26.141	state_04	MGI	0	state_04	G-A
5	LV3003047071	leiden3	ST8	26.141	state_04	MGI	0	state_04	G-A
5	LV3003047071	leiden4	ST8	26.141	state_04	MGI	0	state_04	G-A
5	LV3003047071	leiden2	ST8	26.141	state_04	MGI	0	state_04	G-A
5	LV3003047071	leiden6	ST8	26.141	state_04	MGI	0	state_04	G-A
5	LV3003047071	grey	ST8	26.141	state_04	MGI	0	state_04	G-A
5	LV3003047071	leiden5	ST8	26.141	state_04	MGI	0	state_04	G-A
5	LV3003047084	leiden1	ST8	33.276	state_04	MGI	0	state_04	G-A
5	LV3003047084	leiden3	ST8	33.276	state_04	MGI	0	state_04	G-A
5	LV3003047084	leiden4	ST8	33.276	state_04	MGI	0	state_04	G-A
5	LV3003047084	leiden6	ST8	33.276	state_04	MGI	0	state_04	G-A
5	LV3003047084	leiden2	ST8	33.276	state_04	MGI	0	state_04	G-A
5	LV3003047084	grey	ST8	33.276	state_04	MGI	0	state_04	G-A
5	LV3003047084	leiden5	ST8	33.276	state_04	MGI	0	state_04	G-A
5	LV3003047085	leiden1	ST8	29.703	state_04	MGI	0	state_04	G-A
5	LV3003047085	leiden2	ST8	29.703	state_04	MGI	0	state_04	G-A
5	LV3003047085	leiden4	ST8	29.703	state_04	MGI	0	state_04	G-A
5	LV3003047085	leiden6	ST8	29.703	state_04	MGI	0	state_04	G-A
5	LV3003047085	grey	ST8	29.703	state_04	MGI	0	state_04	G-A
5	LV3003047085	leiden3	ST8	29.703	state_04	MGI	0	state_04	G-A
5	LV3003047085	leiden5	ST8	29.703	state_04	MGI	0	state_04	G-A
5	LV3003047096	leiden1	ST8	36.89377	state_04	MGI	0	state_04	G-A
5	LV3003047096	leiden4	ST8	36.89377	state_04	MGI	0	state_04	G-A
5	LV3003047096	leiden2	ST8	36.89377	state_04	MGI	0	state_04	G-A
5	LV3003047096	leiden6	ST8	36.89377	state_04	MGI	0	state_04	G-A
5	LV3003047096	leiden3	ST8	36.89377	state_04	MGI	0	state_04	G-A
5	LV3003047096	leiden5	ST8	36.89377	state_04	MGI	0	state_04	G-A
5	LV3003047097	leiden1	ST8	32.835	state_04	MGI	0	state_04	G-A
5	LV3003047097	leiden4	ST8	32.835	state_04	MGI	0	state_04	G-A
5	LV3003047097	leiden2	ST8	32.835	state_04	MGI	0	state_04	G-A
5	LV3003047097	leiden6	ST8	32.835	state_04	MGI	0	state_04	G-A
5	LV3003047097	leiden3	ST8	32.835	state_04	MGI	0	state_04	G-A
5	LV3003047097	leiden5	ST8	32.835	state_04	MGI	0	state_04	G-A
5	LV3003047097	grey	ST8	32.835	state_04	MGI	0	state_04	G-A
5	LV3003047098	leiden4	ST8	29.278	state_04	MGI	0	state_04	G-A
5	LV3003047098	leiden3	ST8	29.278	state_04	MGI	0	state_04	G-A
5	LV3003047098	leiden2	ST8	29.278	state_04	MGI	0	state_04	G-A
5	LV3003047098	leiden6	ST8	29.278	state_04	MGI	0	state_04	G-A
5	LV3003047098	grey	ST8	29.278	state_04	MGI	0	state_04	G-A
5	LV3003047098	leiden5	ST8	29.278	state_04	MGI	0	state_04	G-A
5	LV3003047098	leiden1	ST8	29.278	state_04	MGI	0	state_04	G-A
5	LV3003047113	leiden1	ST8	36.48927	state_04	MGI	0	state_04	G-A
5	LV3003047113	leiden4	ST8	36.48927	state_04	MGI	0	state_04	G-A
5	LV3003047113	leiden2	ST8	36.48927	state_04	MGI	0	state_04	G-A
5	LV3003047113	leiden6	ST8	36.48927	state_04	MGI	0	state_04	G-A
5	LV3003047113	leiden3	ST8	36.48927	state_04	MGI	0	state_04	G-A
5	LV3003047113	leiden5	ST8	36.48927	state_04	MGI	0	state_04	G-A
5	LV3003047113	grey	ST8	36.48927	state_04	MGI	0	state_04	G-A
5	LV3003047114	leiden3	ST8	32.3855	state_04	MGI	0	state_04	G-A
5	LV3003047114	leiden4	ST8	32.3855	state_04	MGI	0	state_04	G-A
5	LV3003047114	leiden6	ST8	32.3855	state_04	MGI	0	state_04	G-A
5	LV3003047114	grey	ST8	32.3855	state_04	MGI	0	state_04	G-A
5	LV3003047114	leiden2	ST8	32.3855	state_04	MGI	0	state_04	G-A
5	LV3003047114	leiden5	ST8	32.3855	state_04	MGI	0	state_04	G-A
5	LV3003047114	leiden1	ST8	32.3855	state_04	MGI	0	state_04	G-A
5	LV3003047117	leiden1	ST8	28.7616666666667	state_04	MGI	0	state_04	G-A
5	LV3003047117	leiden4	ST8	28.7616666666667	state_04	MGI	0	state_04	G-A
5	LV3003047117	leiden6	ST8	28.7616666666667	state_04	MGI	0	state_04	G-A
5	LV3003047117	leiden2	ST8	28.7616666666667	state_04	MGI	0	state_04	G-A
5	LV3003047117	leiden5	ST8	28.7616666666667	state_04	MGI	0	state_04	G-A
5	LV3003047117	leiden3	ST8	28.7616666666667	state_04	MGI	0	state_04	G-A
5	LV3003047117	grey	ST8	28.7616666666667	state_04	MGI	0	state_04	G-A
5	LV3003047128	leiden1	ST8	39.57797	state_04	MGI	10.6637669467272	state_04	G-A
5	LV3003047128	leiden4	ST8	39.57797	state_04	MGI	-1.77729449112119	state_04	G-A
5	LV3003047128	leiden2	ST8	39.57797	state_04	MGI	-1.77729449112119	state_04	G-A
5	LV3003047128	leiden6	ST8	39.57797	state_04	MGI	-1.77729449112119	state_04	G-A
5	LV3003047128	leiden3	ST8	39.57797	state_04	MGI	-1.77729449112119	state_04	G-A
5	LV3003047128	leiden5	ST8	39.57797	state_04	MGI	-1.77729449112119	state_04	G-A
5	LV3003047128	grey	ST8	39.57797	state_04	MGI	-1.77729449112119	state_04	G-A
5	LV3003047129	leiden4	ST8	36.0373	state_04	MGI	-1.92169179693351	state_04	G-A
5	LV3003047129	leiden2	ST8	36.0373	state_04	MGI	-1.92169179693351	state_04	G-A
5	LV3003047129	leiden1	ST8	36.0373	state_04	MGI	-1.92169179693351	state_04	G-A
5	LV3003047129	leiden6	ST8	36.0373	state_04	MGI	-1.92169179693351	state_04	G-A
5	LV3003047129	leiden3	ST8	36.0373	state_04	MGI	-1.92169179693351	state_04	G-A
5	LV3003047129	leiden5	ST8	36.0373	state_04	MGI	11.5301507816011	state_04	G-A
5	LV3003047129	grey	ST8	36.0373	state_04	MGI	-1.92169179693351	state_04	G-A
5	LV3003047130	leiden1	ST8	31.936	state_04	MGI	0	state_04	G-A
5	LV3003047130	leiden4	ST8	31.936	state_04	MGI	0	state_04	G-A
5	LV3003047130	leiden2	ST8	31.936	state_04	MGI	0	state_04	G-A
5	LV3003047130	leiden6	ST8	31.936	state_04	MGI	0	state_04	G-A
5	LV3003047130	grey	ST8	31.936	state_04	MGI	0	state_04	G-A
5	LV3003047130	leiden3	ST8	31.936	state_04	MGI	0	state_04	G-A
5	LV3003047130	leiden5	ST8	31.936	state_04	MGI	0	state_04	G-A
5	LV3003047131	leiden4	ST8	28.2453333333333	state_04	MGI	0	state_04	G-A
5	LV3003047131	leiden2	ST8	28.2453333333333	state_04	MGI	0	state_04	G-A
5	LV3003047131	leiden6	ST8	28.2453333333333	state_04	MGI	0	state_04	G-A
5	LV3003047131	leiden3	ST8	28.2453333333333	state_04	MGI	0	state_04	G-A
5	LV3003047131	leiden5	ST8	28.2453333333333	state_04	MGI	0	state_04	G-A
5	LV3003047131	leiden1	ST8	28.2453333333333	state_04	MGI	0	state_04	G-A
5	LV3003047131	grey	ST8	28.2453333333333	state_04	MGI	0	state_04	G-A
5	LV3003047143	leiden4	ST8	31.398	state_04	MGI	0	state_04	G-A
5	LV3003047143	leiden2	ST8	31.398	state_04	MGI	0	state_04	G-A
5	LV3003047143	leiden6	ST8	31.398	state_04	MGI	0	state_04	G-A
5	LV3003047143	leiden3	ST8	31.398	state_04	MGI	0	state_04	G-A
5	LV3003047143	leiden5	ST8	31.398	state_04	MGI	0	state_04	G-A
5	LV3003047143	leiden1	ST8	31.398	state_04	MGI	0	state_04	G-A
5	LV3003047143	grey	ST8	31.398	state_04	MGI	0	state_04	G-A
5	LV3003047144	leiden1	ST8	27.729	state_04	MGI	0	state_04	G-A
5	LV3003047144	leiden4	ST8	27.729	state_04	MGI	0	state_04	G-A
5	LV3003047144	leiden2	ST8	27.729	state_04	MGI	0	state_04	G-A
5	LV3003047144	grey	ST8	27.729	state_04	MGI	0	state_04	G-A
5	LV3003047144	leiden6	ST8	27.729	state_04	MGI	0	state_04	G-A
5	LV3003047144	leiden3	ST8	27.729	state_04	MGI	0	state_04	G-A
5	LV3003047144	leiden5	ST8	27.729	state_04	MGI	0	state_04	G-A
5	LV3003047155	leiden4	ST8	30.9475	state_04	MGI	0	state_04	G-A
5	LV3003047155	leiden1	ST8	30.9475	state_04	MGI	0	state_04	G-A
5	LV3003047155	leiden2	ST8	30.9475	state_04	MGI	0	state_04	G-A
5	LV3003047155	leiden6	ST8	30.9475	state_04	MGI	0	state_04	G-A
5	LV3003047155	grey	ST8	30.9475	state_04	MGI	0	state_04	G-A
5	LV3003047155	leiden5	ST8	30.9475	state_04	MGI	0	state_04	G-A
5	LV3003047155	leiden3	ST8	30.9475	state_04	MGI	0	state_04	G-A
5	LV3003047156	leiden1	ST8	27.1996666666667	state_04	MGI	0	state_04	G-A
5	LV3003047156	leiden4	ST8	27.1996666666667	state_04	MGI	0	state_04	G-A
5	LV3003047156	leiden2	ST8	27.1996666666667	state_04	MGI	0	state_04	G-A
5	LV3003047156	leiden6	ST8	27.1996666666667	state_04	MGI	0	state_04	G-A
5	LV3003047156	grey	ST8	27.1996666666667	state_04	MGI	0	state_04	G-A
5	LV3003047156	leiden3	ST8	27.1996666666667	state_04	MGI	0	state_04	G-A
5	LV3003047156	leiden5	ST8	27.1996666666667	state_04	MGI	0	state_04	G-A
5	LV3003047168	leiden1	ST8	30.497	state_04	MGI	0	state_04	G-A
5	LV3003047168	leiden4	ST8	30.497	state_04	MGI	0	state_04	G-A
5	LV3003047168	leiden2	ST8	30.497	state_04	MGI	0	state_04	G-A
5	LV3003047168	grey	ST8	30.497	state_04	MGI	0	state_04	G-A
5	LV3003047168	leiden6	ST8	30.497	state_04	MGI	0	state_04	G-A
5	LV3003047168	leiden5	ST8	30.497	state_04	MGI	0	state_04	G-A
5	LV3003047168	leiden3	ST8	30.497	state_04	MGI	0	state_04	G-A
5	LV3003047169	leiden1	ST8	26.6703333333333	state_04	MGI	0	state_04	G-A
5	LV3003047169	leiden4	ST8	26.6703333333333	state_04	MGI	0	state_04	G-A
5	LV3003047169	leiden2	ST8	26.6703333333333	state_04	MGI	0	state_04	G-A
5	LV3003047169	leiden6	ST8	26.6703333333333	state_04	MGI	0	state_04	G-A
5	LV3003047169	leiden5	ST8	26.6703333333333	state_04	MGI	0	state_04	G-A
5	LV3003047169	leiden3	ST8	26.6703333333333	state_04	MGI	0	state_04	G-A
5	LV3003047169	grey	ST8	26.6703333333333	state_04	MGI	0	state_04	G-A
5	LV3003061476	leiden1	ST13	37.16	state_04	MGI	0	state_04	G-A
5	LV3003061476	leiden3	ST13	37.16	state_04	MGI	0	state_04	G-A
5	LV3003061476	leiden4	ST13	37.16	state_04	MGI	0	state_04	G-A
5	LV3003061476	leiden2	ST13	37.16	state_04	MGI	0	state_04	G-A
5	LV3003061476	leiden6	ST13	37.16	state_04	MGI	0	state_04	G-A
5	LV3003061476	grey	ST13	37.16	state_04	MGI	0	state_04	G-A
5	LV3003061476	leiden5	ST13	37.16	state_04	MGI	0	state_04	G-A
5	LV3003061488	leiden1	ST13	35.041	state_04	MGI	9.90405047454354	state_04	G-A
5	LV3003061488	leiden3	ST13	35.041	state_04	MGI	-1.65067507909059	state_04	G-A
5	LV3003061488	leiden4	ST13	35.041	state_04	MGI	-1.65067507909059	state_04	G-A
5	LV3003061488	leiden2	ST13	35.041	state_04	MGI	-1.65067507909059	state_04	G-A
5	LV3003061488	leiden5	ST13	35.041	state_04	MGI	-1.65067507909059	state_04	G-A
5	LV3003061488	leiden6	ST13	35.041	state_04	MGI	-1.65067507909059	state_04	G-A
5	LV3003061488	grey	ST13	35.041	state_04	MGI	-1.65067507909059	state_04	G-A
5	LV3003061505	leiden1	ST13	32.81	state_04	MGI	0	state_04	G-A
5	LV3003061505	leiden4	ST13	32.81	state_04	MGI	0	state_04	G-A
5	LV3003061505	leiden2	ST13	32.81	state_04	MGI	0	state_04	G-A
5	LV3003061505	leiden5	ST13	32.81	state_04	MGI	0	state_04	G-A
5	LV3003061505	leiden6	ST13	32.81	state_04	MGI	0	state_04	G-A
5	LV3003061505	leiden3	ST13	32.81	state_04	MGI	0	state_04	G-A
5	LV3003061505	grey	ST13	32.81	state_04	MGI	0	state_04	G-A
5	LV3003061517	leiden1	ST13	30.678	state_04	MGI	10.2046469350149	state_04	G-A
5	LV3003061517	leiden3	ST13	30.678	state_04	MGI	-1.70077448916915	state_04	G-A
5	LV3003061517	leiden4	ST13	30.678	state_04	MGI	-1.70077448916915	state_04	G-A
5	LV3003061517	leiden2	ST13	30.678	state_04	MGI	-1.70077448916915	state_04	G-A
5	LV3003061517	leiden5	ST13	30.678	state_04	MGI	-1.70077448916915	state_04	G-A
5	LV3003061517	leiden6	ST13	30.678	state_04	MGI	-1.70077448916915	state_04	G-A
5	LV3003061517	grey	ST13	30.678	state_04	MGI	-1.70077448916915	state_04	G-A
5	LV3003061531	leiden1	ST13	28.445	state_04	MGI	-1.72628666460503	state_04	G-A
5	LV3003061531	leiden2	ST13	28.445	state_04	MGI	-1.72628666460503	state_04	G-A
5	LV3003061531	leiden3	ST13	28.445	state_04	MGI	-1.72628666460503	state_04	G-A
5	LV3003061531	leiden4	ST13	28.445	state_04	MGI	-1.72628666460503	state_04	G-A
5	LV3003061531	leiden5	ST13	28.445	state_04	MGI	10.3577199876302	state_04	G-A
5	LV3003061531	leiden6	ST13	28.445	state_04	MGI	-1.72628666460503	state_04	G-A
5	LV3003061531	grey	ST13	28.445	state_04	MGI	-1.72628666460503	state_04	G-A
5	LV3003061545	leiden1	ST13	23.172	state_04	MGI	0	state_04	G-A
5	LV3003061545	leiden4	ST13	23.172	state_04	MGI	0	state_04	G-A
5	LV3003061545	leiden3	ST13	23.172	state_04	MGI	0	state_04	G-A
5	LV3003061545	leiden2	ST13	23.172	state_04	MGI	0	state_04	G-A
5	LV3003061545	leiden6	ST13	23.172	state_04	MGI	0	state_04	G-A
5	LV3003061545	grey	ST13	23.172	state_04	MGI	0	state_04	G-A
5	LV3003061545	leiden5	ST13	23.172	state_04	MGI	0	state_04	G-A
5	LV3003061558	leiden1	ST13	42.626	state_04	MGI	0	state_04	G-A
5	LV3003061558	leiden2	ST13	42.626	state_04	MGI	0	state_04	G-A
5	LV3003061558	leiden3	ST13	42.626	state_04	MGI	0	state_04	G-A
5	LV3003061558	leiden4	ST13	42.626	state_04	MGI	0	state_04	G-A
5	LV3003061558	leiden5	ST13	42.626	state_04	MGI	0	state_04	G-A
5	LV3003061558	leiden6	ST13	42.626	state_04	MGI	0	state_04	G-A
5	LV3003061558	grey	ST13	42.626	state_04	MGI	0	state_04	G-A
5	LV3003061559	leiden3	ST13	21.069	state_04	MGI	-1.84909594123728	state_04	G-A
5	LV3003061559	leiden4	ST13	21.069	state_04	MGI	-1.84909594123728	state_04	G-A
5	LV3003061559	leiden1	ST13	21.069	state_04	MGI	-1.84909594123728	state_04	G-A
5	LV3003061559	leiden2	ST13	21.069	state_04	MGI	-1.84909594123728	state_04	G-A
5	LV3003061559	leiden5	ST13	21.069	state_04	MGI	11.0945756474237	state_04	G-A
5	LV3003061559	leiden6	ST13	21.069	state_04	MGI	-1.84909594123728	state_04	G-A
5	LV3003061559	grey	ST13	21.069	state_04	MGI	-1.84909594123728	state_04	G-A
5	LV3003061571	leiden4	ST13	40.457	state_04	MGI	0	state_04	G-A
5	LV3003061571	leiden1	ST13	40.457	state_04	MGI	0	state_04	G-A
5	LV3003061571	leiden2	ST13	40.457	state_04	MGI	0	state_04	G-A
5	LV3003061571	leiden5	ST13	40.457	state_04	MGI	0	state_04	G-A
5	LV3003061571	leiden6	ST13	40.457	state_04	MGI	0	state_04	G-A
5	LV3003061571	leiden3	ST13	40.457	state_04	MGI	0	state_04	G-A
5	LV3003061571	grey	ST13	40.457	state_04	MGI	0	state_04	G-A
5	LV7008886703	leiden1	GeoB25202_R1	27.6855	state_04	MGI	0	state_04	G-A
5	LV7008886703	leiden3	GeoB25202_R1	27.6855	state_04	MGI	0	state_04	G-A
5	LV7008886703	leiden4	GeoB25202_R1	27.6855	state_04	MGI	0	state_04	G-A
5	LV7008886703	leiden5	GeoB25202_R1	27.6855	state_04	MGI	0	state_04	G-A
5	LV7008886703	leiden2	GeoB25202_R1	27.6855	state_04	MGI	0	state_04	G-A
5	LV7008886703	leiden6	GeoB25202_R1	27.6855	state_04	MGI	0	state_04	G-A
5	LV7008886703	grey	GeoB25202_R1	27.6855	state_04	MGI	0	state_04	G-A
5	LV7008886715	leiden1	GeoB25202_R2	27.6855	state_04	MGI	0	state_04	G-A
5	LV7008886715	leiden2	GeoB25202_R2	27.6855	state_04	MGI	0	state_04	G-A
5	LV7008886715	leiden3	GeoB25202_R2	27.6855	state_04	MGI	0	state_04	G-A
5	LV7008886715	leiden4	GeoB25202_R2	27.6855	state_04	MGI	0	state_04	G-A
5	LV7008886715	leiden5	GeoB25202_R2	27.6855	state_04	MGI	0	state_04	G-A
5	LV7008886715	leiden6	GeoB25202_R2	27.6855	state_04	MGI	0	state_04	G-A
5	LV7008886715	grey	GeoB25202_R2	27.6855	state_04	MGI	0	state_04	G-A
5	LV7008886728	leiden3	GeoB25202_R2	50.3555	state_04	MGI	0	state_04	G-A
5	LV7008886728	leiden4	GeoB25202_R2	50.3555	state_04	MGI	0	state_04	G-A
5	LV7008886728	leiden2	GeoB25202_R2	50.3555	state_04	MGI	0	state_04	G-A
5	LV7008886728	leiden6	GeoB25202_R2	50.3555	state_04	MGI	0	state_04	G-A
5	LV7008886728	leiden1	GeoB25202_R2	50.3555	state_04	MGI	0	state_04	G-A
5	LV7008886728	grey	GeoB25202_R2	50.3555	state_04	MGI	0	state_04	G-A
5	LV7008886728	leiden5	GeoB25202_R2	50.3555	state_04	MGI	0	state_04	G-A
5	LV7008886752	leiden3	GeoB25202_R2	43.105	state_04	MGI	0	state_04	G-A
5	LV7008886752	leiden4	GeoB25202_R2	43.105	state_04	MGI	0	state_04	G-A
5	LV7008886752	leiden5	GeoB25202_R2	43.105	state_04	MGI	0	state_04	G-A
5	LV7008886752	leiden2	GeoB25202_R2	43.105	state_04	MGI	0	state_04	G-A
5	LV7008886752	leiden6	GeoB25202_R2	43.105	state_04	MGI	0	state_04	G-A
5	LV7008886752	leiden1	GeoB25202_R2	43.105	state_04	MGI	0	state_04	G-A
5	LV7008886752	grey	GeoB25202_R2	43.105	state_04	MGI	0	state_04	G-A
5	LV7008886776	leiden1	GeoB25202_R1	36.607	state_04	MGI	0	state_04	G-A
5	LV7008886776	leiden2	GeoB25202_R1	36.607	state_04	MGI	0	state_04	G-A
5	LV7008886776	leiden3	GeoB25202_R1	36.607	state_04	MGI	0	state_04	G-A
5	LV7008886776	leiden4	GeoB25202_R1	36.607	state_04	MGI	0	state_04	G-A
5	LV7008886776	leiden5	GeoB25202_R1	36.607	state_04	MGI	0	state_04	G-A
5	LV7008886776	leiden6	GeoB25202_R1	36.607	state_04	MGI	0	state_04	G-A
5	LV7008886776	grey	GeoB25202_R1	36.607	state_04	MGI	0	state_04	G-A
5	LV3003047044	leiden1	ST8	12.078	state_04	MFI	0	state_04	G-A
5	LV3003047044	leiden4	ST8	12.078	state_04	MFI	0	state_04	G-A
5	LV3003047044	leiden2	ST8	12.078	state_04	MFI	0	state_04	G-A
5	LV3003047044	leiden6	ST8	12.078	state_04	MFI	0	state_04	G-A
5	LV3003047044	leiden3	ST8	12.078	state_04	MFI	0	state_04	G-A
5	LV3003047044	grey	ST8	12.078	state_04	MFI	0	state_04	G-A
5	LV3003047044	leiden5	ST8	12.078	state_04	MFI	0	state_04	G-A
5	LV3003047070	leiden4	ST8	30.128	state_04	MFI	0	state_04	G-A
5	LV3003047070	leiden1	ST8	30.128	state_04	MFI	0	state_04	G-A
5	LV3003047070	leiden2	ST8	30.128	state_04	MFI	0	state_04	G-A
5	LV3003047070	leiden6	ST8	30.128	state_04	MFI	0	state_04	G-A
5	LV3003047070	leiden5	ST8	30.128	state_04	MFI	0	state_04	G-A
5	LV3003047070	leiden3	ST8	30.128	state_04	MFI	0	state_04	G-A
5	LV3003047070	grey	ST8	30.128	state_04	MFI	0	state_04	G-A
5	LV3003047071	leiden1	ST8	26.141	state_04	MFI	0	state_04	G-A
5	LV3003047071	leiden3	ST8	26.141	state_04	MFI	0	state_04	G-A
5	LV3003047071	leiden4	ST8	26.141	state_04	MFI	0	state_04	G-A
5	LV3003047071	leiden2	ST8	26.141	state_04	MFI	0	state_04	G-A
5	LV3003047071	leiden6	ST8	26.141	state_04	MFI	0	state_04	G-A
5	LV3003047071	grey	ST8	26.141	state_04	MFI	0	state_04	G-A
5	LV3003047071	leiden5	ST8	26.141	state_04	MFI	0	state_04	G-A
5	LV3003047084	leiden1	ST8	33.276	state_04	MFI	0	state_04	G-A
5	LV3003047084	leiden3	ST8	33.276	state_04	MFI	0	state_04	G-A
5	LV3003047084	leiden4	ST8	33.276	state_04	MFI	0	state_04	G-A
5	LV3003047084	leiden6	ST8	33.276	state_04	MFI	0	state_04	G-A
5	LV3003047084	leiden2	ST8	33.276	state_04	MFI	0	state_04	G-A
5	LV3003047084	grey	ST8	33.276	state_04	MFI	0	state_04	G-A
5	LV3003047084	leiden5	ST8	33.276	state_04	MFI	0	state_04	G-A
5	LV3003047085	leiden1	ST8	29.703	state_04	MFI	0	state_04	G-A
5	LV3003047085	leiden2	ST8	29.703	state_04	MFI	0	state_04	G-A
5	LV3003047085	leiden4	ST8	29.703	state_04	MFI	0	state_04	G-A
5	LV3003047085	leiden6	ST8	29.703	state_04	MFI	0	state_04	G-A
5	LV3003047085	grey	ST8	29.703	state_04	MFI	0	state_04	G-A
5	LV3003047085	leiden3	ST8	29.703	state_04	MFI	0	state_04	G-A
5	LV3003047085	leiden5	ST8	29.703	state_04	MFI	0	state_04	G-A
5	LV3003047096	leiden1	ST8	36.89377	state_04	MFI	0	state_04	G-A
5	LV3003047096	leiden4	ST8	36.89377	state_04	MFI	0	state_04	G-A
5	LV3003047096	leiden2	ST8	36.89377	state_04	MFI	0	state_04	G-A
5	LV3003047096	leiden6	ST8	36.89377	state_04	MFI	0	state_04	G-A
5	LV3003047096	leiden3	ST8	36.89377	state_04	MFI	0	state_04	G-A
5	LV3003047096	leiden5	ST8	36.89377	state_04	MFI	0	state_04	G-A
5	LV3003047097	leiden1	ST8	32.835	state_04	MFI	0	state_04	G-A
5	LV3003047097	leiden4	ST8	32.835	state_04	MFI	0	state_04	G-A
5	LV3003047097	leiden2	ST8	32.835	state_04	MFI	0	state_04	G-A
5	LV3003047097	leiden6	ST8	32.835	state_04	MFI	0	state_04	G-A
5	LV3003047097	leiden3	ST8	32.835	state_04	MFI	0	state_04	G-A
5	LV3003047097	leiden5	ST8	32.835	state_04	MFI	0	state_04	G-A
5	LV3003047097	grey	ST8	32.835	state_04	MFI	0	state_04	G-A
5	LV3003047098	leiden4	ST8	29.278	state_04	MFI	0	state_04	G-A
5	LV3003047098	leiden3	ST8	29.278	state_04	MFI	0	state_04	G-A
5	LV3003047098	leiden2	ST8	29.278	state_04	MFI	0	state_04	G-A
5	LV3003047098	leiden6	ST8	29.278	state_04	MFI	0	state_04	G-A
5	LV3003047098	grey	ST8	29.278	state_04	MFI	0	state_04	G-A
5	LV3003047098	leiden5	ST8	29.278	state_04	MFI	0	state_04	G-A
5	LV3003047098	leiden1	ST8	29.278	state_04	MFI	0	state_04	G-A
5	LV3003047113	leiden1	ST8	36.48927	state_04	MFI	0	state_04	G-A
5	LV3003047113	leiden4	ST8	36.48927	state_04	MFI	0	state_04	G-A
5	LV3003047113	leiden2	ST8	36.48927	state_04	MFI	0	state_04	G-A
5	LV3003047113	leiden6	ST8	36.48927	state_04	MFI	0	state_04	G-A
5	LV3003047113	leiden3	ST8	36.48927	state_04	MFI	0	state_04	G-A
5	LV3003047113	leiden5	ST8	36.48927	state_04	MFI	0	state_04	G-A
5	LV3003047113	grey	ST8	36.48927	state_04	MFI	0	state_04	G-A
5	LV3003047114	leiden3	ST8	32.3855	state_04	MFI	0	state_04	G-A
5	LV3003047114	leiden4	ST8	32.3855	state_04	MFI	0	state_04	G-A
5	LV3003047114	leiden6	ST8	32.3855	state_04	MFI	0	state_04	G-A
5	LV3003047114	grey	ST8	32.3855	state_04	MFI	0	state_04	G-A
5	LV3003047114	leiden2	ST8	32.3855	state_04	MFI	0	state_04	G-A
5	LV3003047114	leiden5	ST8	32.3855	state_04	MFI	0	state_04	G-A
5	LV3003047114	leiden1	ST8	32.3855	state_04	MFI	0	state_04	G-A
5	LV3003047117	leiden1	ST8	28.7616666666667	state_04	MFI	0	state_04	G-A
5	LV3003047117	leiden4	ST8	28.7616666666667	state_04	MFI	0	state_04	G-A
5	LV3003047117	leiden6	ST8	28.7616666666667	state_04	MFI	0	state_04	G-A
5	LV3003047117	leiden2	ST8	28.7616666666667	state_04	MFI	0	state_04	G-A
5	LV3003047117	leiden5	ST8	28.7616666666667	state_04	MFI	0	state_04	G-A
5	LV3003047117	leiden3	ST8	28.7616666666667	state_04	MFI	0	state_04	G-A
5	LV3003047117	grey	ST8	28.7616666666667	state_04	MFI	0	state_04	G-A
5	LV3003047128	leiden1	ST8	39.57797	state_04	MFI	-10.6637669467272	state_04	G-A
5	LV3003047128	leiden4	ST8	39.57797	state_04	MFI	1.77729449112119	state_04	G-A
5	LV3003047128	leiden2	ST8	39.57797	state_04	MFI	1.77729449112119	state_04	G-A
5	LV3003047128	leiden6	ST8	39.57797	state_04	MFI	1.77729449112119	state_04	G-A
5	LV3003047128	leiden3	ST8	39.57797	state_04	MFI	1.77729449112119	state_04	G-A
5	LV3003047128	leiden5	ST8	39.57797	state_04	MFI	1.77729449112119	state_04	G-A
5	LV3003047128	grey	ST8	39.57797	state_04	MFI	1.77729449112119	state_04	G-A
5	LV3003047129	leiden4	ST8	36.0373	state_04	MFI	1.92169179693351	state_04	G-A
5	LV3003047129	leiden2	ST8	36.0373	state_04	MFI	1.92169179693351	state_04	G-A
5	LV3003047129	leiden1	ST8	36.0373	state_04	MFI	1.92169179693351	state_04	G-A
5	LV3003047129	leiden6	ST8	36.0373	state_04	MFI	1.92169179693351	state_04	G-A
5	LV3003047129	leiden3	ST8	36.0373	state_04	MFI	1.92169179693351	state_04	G-A
5	LV3003047129	leiden5	ST8	36.0373	state_04	MFI	-11.5301507816011	state_04	G-A
5	LV3003047129	grey	ST8	36.0373	state_04	MFI	1.92169179693351	state_04	G-A
5	LV3003047130	leiden1	ST8	31.936	state_04	MFI	0	state_04	G-A
5	LV3003047130	leiden4	ST8	31.936	state_04	MFI	0	state_04	G-A
5	LV3003047130	leiden2	ST8	31.936	state_04	MFI	0	state_04	G-A
5	LV3003047130	leiden6	ST8	31.936	state_04	MFI	0	state_04	G-A
5	LV3003047130	grey	ST8	31.936	state_04	MFI	0	state_04	G-A
5	LV3003047130	leiden3	ST8	31.936	state_04	MFI	0	state_04	G-A
5	LV3003047130	leiden5	ST8	31.936	state_04	MFI	0	state_04	G-A
5	LV3003047131	leiden4	ST8	28.2453333333333	state_04	MFI	0	state_04	G-A
5	LV3003047131	leiden2	ST8	28.2453333333333	state_04	MFI	0	state_04	G-A
5	LV3003047131	leiden6	ST8	28.2453333333333	state_04	MFI	0	state_04	G-A
5	LV3003047131	leiden3	ST8	28.2453333333333	state_04	MFI	0	state_04	G-A
5	LV3003047131	leiden5	ST8	28.2453333333333	state_04	MFI	0	state_04	G-A
5	LV3003047131	leiden1	ST8	28.2453333333333	state_04	MFI	0	state_04	G-A
5	LV3003047131	grey	ST8	28.2453333333333	state_04	MFI	0	state_04	G-A
5	LV3003047143	leiden4	ST8	31.398	state_04	MFI	0	state_04	G-A
5	LV3003047143	leiden2	ST8	31.398	state_04	MFI	0	state_04	G-A
5	LV3003047143	leiden6	ST8	31.398	state_04	MFI	0	state_04	G-A
5	LV3003047143	leiden3	ST8	31.398	state_04	MFI	0	state_04	G-A
5	LV3003047143	leiden5	ST8	31.398	state_04	MFI	0	state_04	G-A
5	LV3003047143	leiden1	ST8	31.398	state_04	MFI	0	state_04	G-A
5	LV3003047143	grey	ST8	31.398	state_04	MFI	0	state_04	G-A
5	LV3003047144	leiden1	ST8	27.729	state_04	MFI	0	state_04	G-A
5	LV3003047144	leiden4	ST8	27.729	state_04	MFI	0	state_04	G-A
5	LV3003047144	leiden2	ST8	27.729	state_04	MFI	0	state_04	G-A
5	LV3003047144	grey	ST8	27.729	state_04	MFI	0	state_04	G-A
5	LV3003047144	leiden6	ST8	27.729	state_04	MFI	0	state_04	G-A
5	LV3003047144	leiden3	ST8	27.729	state_04	MFI	0	state_04	G-A
5	LV3003047144	leiden5	ST8	27.729	state_04	MFI	0	state_04	G-A
5	LV3003047155	leiden4	ST8	30.9475	state_04	MFI	0	state_04	G-A
5	LV3003047155	leiden1	ST8	30.9475	state_04	MFI	0	state_04	G-A
5	LV3003047155	leiden2	ST8	30.9475	state_04	MFI	0	state_04	G-A
5	LV3003047155	leiden6	ST8	30.9475	state_04	MFI	0	state_04	G-A
5	LV3003047155	grey	ST8	30.9475	state_04	MFI	0	state_04	G-A
5	LV3003047155	leiden5	ST8	30.9475	state_04	MFI	0	state_04	G-A
5	LV3003047155	leiden3	ST8	30.9475	state_04	MFI	0	state_04	G-A
5	LV3003047156	leiden1	ST8	27.1996666666667	state_04	MFI	0	state_04	G-A
5	LV3003047156	leiden4	ST8	27.1996666666667	state_04	MFI	0	state_04	G-A
5	LV3003047156	leiden2	ST8	27.1996666666667	state_04	MFI	0	state_04	G-A
5	LV3003047156	leiden6	ST8	27.1996666666667	state_04	MFI	0	state_04	G-A
5	LV3003047156	grey	ST8	27.1996666666667	state_04	MFI	0	state_04	G-A
5	LV3003047156	leiden3	ST8	27.1996666666667	state_04	MFI	0	state_04	G-A
5	LV3003047156	leiden5	ST8	27.1996666666667	state_04	MFI	0	state_04	G-A
5	LV3003047168	leiden1	ST8	30.497	state_04	MFI	-1.33118415867697	state_04	G-A
5	LV3003047168	leiden4	ST8	30.497	state_04	MFI	-1.33118415867697	state_04	G-A
5	LV3003047168	leiden2	ST8	30.497	state_04	MFI	-1.33118415867697	state_04	G-A
5	LV3003047168	grey	ST8	30.497	state_04	MFI	-1.33118415867697	state_04	G-A
5	LV3003047168	leiden6	ST8	30.497	state_04	MFI	-1.33118415867697	state_04	G-A
5	LV3003047168	leiden5	ST8	30.497	state_04	MFI	7.98710495206183	state_04	G-A
5	LV3003047168	leiden3	ST8	30.497	state_04	MFI	-1.33118415867697	state_04	G-A
5	LV3003047169	leiden1	ST8	26.6703333333333	state_04	MFI	0	state_04	G-A
5	LV3003047169	leiden4	ST8	26.6703333333333	state_04	MFI	0	state_04	G-A
5	LV3003047169	leiden2	ST8	26.6703333333333	state_04	MFI	0	state_04	G-A
5	LV3003047169	leiden6	ST8	26.6703333333333	state_04	MFI	0	state_04	G-A
5	LV3003047169	leiden5	ST8	26.6703333333333	state_04	MFI	0	state_04	G-A
5	LV3003047169	leiden3	ST8	26.6703333333333	state_04	MFI	0	state_04	G-A
5	LV3003047169	grey	ST8	26.6703333333333	state_04	MFI	0	state_04	G-A
5	LV3003061476	leiden1	ST13	37.16	state_04	MFI	0	state_04	G-A
5	LV3003061476	leiden3	ST13	37.16	state_04	MFI	0	state_04	G-A
5	LV3003061476	leiden4	ST13	37.16	state_04	MFI	0	state_04	G-A
5	LV3003061476	leiden2	ST13	37.16	state_04	MFI	0	state_04	G-A
5	LV3003061476	leiden6	ST13	37.16	state_04	MFI	0	state_04	G-A
5	LV3003061476	grey	ST13	37.16	state_04	MFI	0	state_04	G-A
5	LV3003061476	leiden5	ST13	37.16	state_04	MFI	0	state_04	G-A
5	LV3003061488	leiden1	ST13	35.041	state_04	MFI	-9.90405047454354	state_04	G-A
5	LV3003061488	leiden3	ST13	35.041	state_04	MFI	1.65067507909059	state_04	G-A
5	LV3003061488	leiden4	ST13	35.041	state_04	MFI	1.65067507909059	state_04	G-A
5	LV3003061488	leiden2	ST13	35.041	state_04	MFI	1.65067507909059	state_04	G-A
5	LV3003061488	leiden5	ST13	35.041	state_04	MFI	1.65067507909059	state_04	G-A
5	LV3003061488	leiden6	ST13	35.041	state_04	MFI	1.65067507909059	state_04	G-A
5	LV3003061488	grey	ST13	35.041	state_04	MFI	1.65067507909059	state_04	G-A
5	LV3003061505	leiden1	ST13	32.81	state_04	MFI	0	state_04	G-A
5	LV3003061505	leiden4	ST13	32.81	state_04	MFI	0	state_04	G-A
5	LV3003061505	leiden2	ST13	32.81	state_04	MFI	0	state_04	G-A
5	LV3003061505	leiden5	ST13	32.81	state_04	MFI	0	state_04	G-A
5	LV3003061505	leiden6	ST13	32.81	state_04	MFI	0	state_04	G-A
5	LV3003061505	leiden3	ST13	32.81	state_04	MFI	0	state_04	G-A
5	LV3003061505	grey	ST13	32.81	state_04	MFI	0	state_04	G-A
5	LV3003061517	leiden1	ST13	30.678	state_04	MFI	-10.2046469350149	state_04	G-A
5	LV3003061517	leiden3	ST13	30.678	state_04	MFI	1.70077448916915	state_04	G-A
5	LV3003061517	leiden4	ST13	30.678	state_04	MFI	1.70077448916915	state_04	G-A
5	LV3003061517	leiden2	ST13	30.678	state_04	MFI	1.70077448916915	state_04	G-A
5	LV3003061517	leiden5	ST13	30.678	state_04	MFI	1.70077448916915	state_04	G-A
5	LV3003061517	leiden6	ST13	30.678	state_04	MFI	1.70077448916915	state_04	G-A
5	LV3003061517	grey	ST13	30.678	state_04	MFI	1.70077448916915	state_04	G-A
5	LV3003061531	leiden1	ST13	28.445	state_04	MFI	0.278908016194448	state_04	G-A
5	LV3003061531	leiden2	ST13	28.445	state_04	MFI	0.278908016194448	state_04	G-A
5	LV3003061531	leiden3	ST13	28.445	state_04	MFI	0.278908016194448	state_04	G-A
5	LV3003061531	leiden4	ST13	28.445	state_04	MFI	0.278908016194448	state_04	G-A
5	LV3003061531	leiden5	ST13	28.445	state_04	MFI	-1.67344809716669	state_04	G-A
5	LV3003061531	leiden6	ST13	28.445	state_04	MFI	0.278908016194448	state_04	G-A
5	LV3003061531	grey	ST13	28.445	state_04	MFI	0.278908016194448	state_04	G-A
5	LV3003061545	leiden1	ST13	23.172	state_04	MFI	-1.43322145435725	state_04	G-A
5	LV3003061545	leiden4	ST13	23.172	state_04	MFI	-1.43322145435725	state_04	G-A
5	LV3003061545	leiden3	ST13	23.172	state_04	MFI	-1.43322145435725	state_04	G-A
5	LV3003061545	leiden2	ST13	23.172	state_04	MFI	-1.43322145435725	state_04	G-A
5	LV3003061545	leiden6	ST13	23.172	state_04	MFI	-1.43322145435725	state_04	G-A
5	LV3003061545	grey	ST13	23.172	state_04	MFI	-1.43322145435725	state_04	G-A
5	LV3003061545	leiden5	ST13	23.172	state_04	MFI	8.59932872614349	state_04	G-A
5	LV3003061558	leiden1	ST13	42.626	state_04	MFI	0	state_04	G-A
5	LV3003061558	leiden2	ST13	42.626	state_04	MFI	0	state_04	G-A
5	LV3003061558	leiden3	ST13	42.626	state_04	MFI	0	state_04	G-A
5	LV3003061558	leiden4	ST13	42.626	state_04	MFI	0	state_04	G-A
5	LV3003061558	leiden5	ST13	42.626	state_04	MFI	0	state_04	G-A
5	LV3003061558	leiden6	ST13	42.626	state_04	MFI	0	state_04	G-A
5	LV3003061558	grey	ST13	42.626	state_04	MFI	0	state_04	G-A
5	LV3003061559	leiden3	ST13	21.069	state_04	MFI	1.84909594123728	state_04	G-A
5	LV3003061559	leiden4	ST13	21.069	state_04	MFI	1.84909594123728	state_04	G-A
5	LV3003061559	leiden1	ST13	21.069	state_04	MFI	1.84909594123728	state_04	G-A
5	LV3003061559	leiden2	ST13	21.069	state_04	MFI	1.84909594123728	state_04	G-A
5	LV3003061559	leiden5	ST13	21.069	state_04	MFI	-11.0945756474237	state_04	G-A
5	LV3003061559	leiden6	ST13	21.069	state_04	MFI	1.84909594123728	state_04	G-A
5	LV3003061559	grey	ST13	21.069	state_04	MFI	1.84909594123728	state_04	G-A
5	LV3003061571	leiden4	ST13	40.457	state_04	MFI	0	state_04	G-A
5	LV3003061571	leiden1	ST13	40.457	state_04	MFI	0	state_04	G-A
5	LV3003061571	leiden2	ST13	40.457	state_04	MFI	0	state_04	G-A
5	LV3003061571	leiden5	ST13	40.457	state_04	MFI	0	state_04	G-A
5	LV3003061571	leiden6	ST13	40.457	state_04	MFI	0	state_04	G-A
5	LV3003061571	leiden3	ST13	40.457	state_04	MFI	0	state_04	G-A
5	LV3003061571	grey	ST13	40.457	state_04	MFI	0	state_04	G-A
5	LV7008886703	leiden1	GeoB25202_R1	27.6855	state_04	MFI	0	state_04	G-A
5	LV7008886703	leiden3	GeoB25202_R1	27.6855	state_04	MFI	0	state_04	G-A
5	LV7008886703	leiden4	GeoB25202_R1	27.6855	state_04	MFI	0	state_04	G-A
5	LV7008886703	leiden5	GeoB25202_R1	27.6855	state_04	MFI	0	state_04	G-A
5	LV7008886703	leiden2	GeoB25202_R1	27.6855	state_04	MFI	0	state_04	G-A
5	LV7008886703	leiden6	GeoB25202_R1	27.6855	state_04	MFI	0	state_04	G-A
5	LV7008886703	grey	GeoB25202_R1	27.6855	state_04	MFI	0	state_04	G-A
5	LV7008886715	leiden1	GeoB25202_R2	27.6855	state_04	MFI	0	state_04	G-A
5	LV7008886715	leiden2	GeoB25202_R2	27.6855	state_04	MFI	0	state_04	G-A
5	LV7008886715	leiden3	GeoB25202_R2	27.6855	state_04	MFI	0	state_04	G-A
5	LV7008886715	leiden4	GeoB25202_R2	27.6855	state_04	MFI	0	state_04	G-A
5	LV7008886715	leiden5	GeoB25202_R2	27.6855	state_04	MFI	0	state_04	G-A
5	LV7008886715	leiden6	GeoB25202_R2	27.6855	state_04	MFI	0	state_04	G-A
5	LV7008886715	grey	GeoB25202_R2	27.6855	state_04	MFI	0	state_04	G-A
5	LV7008886728	leiden3	GeoB25202_R2	50.3555	state_04	MFI	0	state_04	G-A
5	LV7008886728	leiden4	GeoB25202_R2	50.3555	state_04	MFI	0	state_04	G-A
5	LV7008886728	leiden2	GeoB25202_R2	50.3555	state_04	MFI	0	state_04	G-A
5	LV7008886728	leiden6	GeoB25202_R2	50.3555	state_04	MFI	0	state_04	G-A
5	LV7008886728	leiden1	GeoB25202_R2	50.3555	state_04	MFI	0	state_04	G-A
5	LV7008886728	grey	GeoB25202_R2	50.3555	state_04	MFI	0	state_04	G-A
5	LV7008886728	leiden5	GeoB25202_R2	50.3555	state_04	MFI	0	state_04	G-A
5	LV7008886752	leiden3	GeoB25202_R2	43.105	state_04	MFI	0	state_04	G-A
5	LV7008886752	leiden4	GeoB25202_R2	43.105	state_04	MFI	0	state_04	G-A
5	LV7008886752	leiden5	GeoB25202_R2	43.105	state_04	MFI	0	state_04	G-A
5	LV7008886752	leiden2	GeoB25202_R2	43.105	state_04	MFI	0	state_04	G-A
5	LV7008886752	leiden6	GeoB25202_R2	43.105	state_04	MFI	0	state_04	G-A
5	LV7008886752	leiden1	GeoB25202_R2	43.105	state_04	MFI	0	state_04	G-A
5	LV7008886752	grey	GeoB25202_R2	43.105	state_04	MFI	0	state_04	G-A
5	LV7008886776	leiden1	GeoB25202_R1	36.607	state_04	MFI	0	state_04	G-A
5	LV7008886776	leiden2	GeoB25202_R1	36.607	state_04	MFI	0	state_04	G-A
5	LV7008886776	leiden3	GeoB25202_R1	36.607	state_04	MFI	0	state_04	G-A
5	LV7008886776	leiden4	GeoB25202_R1	36.607	state_04	MFI	0	state_04	G-A
5	LV7008886776	leiden5	GeoB25202_R1	36.607	state_04	MFI	0	state_04	G-A
5	LV7008886776	leiden6	GeoB25202_R1	36.607	state_04	MFI	0	state_04	G-A
5	LV7008886776	grey	GeoB25202_R1	36.607	state_04	MFI	0	state_04	G-A
5	LV3003047044	leiden1	ST8	12.078	state_04	DCI	3.15212228371609	state_04	G-A
5	LV3003047044	leiden4	ST8	12.078	state_04	DCI	2.98410656616194	state_04	G-A
5	LV3003047044	leiden2	ST8	12.078	state_04	DCI	4.5519430335157	state_04	G-A
5	LV3003047044	leiden6	ST8	12.078	state_04	DCI	1.12639463502739	state_04	G-A
5	LV3003047044	leiden3	ST8	12.078	state_04	DCI	-6.37892239104047	state_04	G-A
5	LV3003047044	grey	ST8	12.078	state_04	DCI	-9.89911404975163	state_04	G-A
5	LV3003047044	leiden5	ST8	12.078	state_04	DCI	4.46346992237098	state_04	G-A
5	LV3003047070	leiden4	ST8	30.128	state_04	DCI	5.73675131271483	state_04	G-A
5	LV3003047070	leiden1	ST8	30.128	state_04	DCI	3.9710812746636	state_04	G-A
5	LV3003047070	leiden2	ST8	30.128	state_04	DCI	6.84609325831516	state_04	G-A
5	LV3003047070	leiden6	ST8	30.128	state_04	DCI	3.12888698297945	state_04	G-A
5	LV3003047070	leiden5	ST8	30.128	state_04	DCI	-7.81726837540997	state_04	G-A
5	LV3003047070	leiden3	ST8	30.128	state_04	DCI	-4.22469753771555	state_04	G-A
5	LV3003047070	grey	ST8	30.128	state_04	DCI	-7.64084691554753	state_04	G-A
5	LV3003047071	leiden1	ST8	26.141	state_04	DCI	2.94130429375559	state_04	G-A
5	LV3003047071	leiden3	ST8	26.141	state_04	DCI	4.42451881674442	state_04	G-A
5	LV3003047071	leiden4	ST8	26.141	state_04	DCI	3.26323296744463	state_04	G-A
5	LV3003047071	leiden2	ST8	26.141	state_04	DCI	4.89787632585232	state_04	G-A
5	LV3003047071	leiden6	ST8	26.141	state_04	DCI	2.07467062921477	state_04	G-A
5	LV3003047071	grey	ST8	26.141	state_04	DCI	-8.51326311589852	state_04	G-A
5	LV3003047071	leiden5	ST8	26.141	state_04	DCI	-9.08833991711321	state_04	G-A
5	LV3003047084	leiden1	ST8	33.276	state_04	DCI	3.80722785557353	state_04	G-A
5	LV3003047084	leiden3	ST8	33.276	state_04	DCI	3.52439650210574	state_04	G-A
5	LV3003047084	leiden4	ST8	33.276	state_04	DCI	3.24516473780728	state_04	G-A
5	LV3003047084	leiden6	ST8	33.276	state_04	DCI	2.58244954401499	state_04	G-A
5	LV3003047084	leiden2	ST8	33.276	state_04	DCI	4.40454451510304	state_04	G-A
5	LV3003047084	grey	ST8	33.276	state_04	DCI	-7.82035671191668	state_04	G-A
5	LV3003047084	leiden5	ST8	33.276	state_04	DCI	-9.74342644268789	state_04	G-A
5	LV3003047085	leiden1	ST8	29.703	state_04	DCI	1.82718160596762	state_04	G-A
5	LV3003047085	leiden2	ST8	29.703	state_04	DCI	4.89310156971648	state_04	G-A
5	LV3003047085	leiden4	ST8	29.703	state_04	DCI	3.81477324967551	state_04	G-A
5	LV3003047085	leiden6	ST8	29.703	state_04	DCI	2.86252864794795	state_04	G-A
5	LV3003047085	grey	ST8	29.703	state_04	DCI	-8.70022207194963	state_04	G-A
5	LV3003047085	leiden3	ST8	29.703	state_04	DCI	-5.29432610868932	state_04	G-A
5	LV3003047085	leiden5	ST8	29.703	state_04	DCI	0.596963107331388	state_04	G-A
5	LV3003047096	leiden1	ST8	36.89377	state_04	DCI	0.650447983622323	state_04	G-A
5	LV3003047096	leiden4	ST8	36.89377	state_04	DCI	1.45041186328519	state_04	G-A
5	LV3003047096	leiden2	ST8	36.89377	state_04	DCI	3.9686368418758	state_04	G-A
5	LV3003047096	leiden6	ST8	36.89377	state_04	DCI	1.08862105115641	state_04	G-A
5	LV3003047096	leiden3	ST8	36.89377	state_04	DCI	3.68009208307955	state_04	G-A
5	LV3003047096	leiden5	ST8	36.89377	state_04	DCI	-10.8382098230193	state_04	G-A
5	LV3003047097	leiden1	ST8	32.835	state_04	DCI	4.60859744029646	state_04	G-A
5	LV3003047097	leiden4	ST8	32.835	state_04	DCI	2.6483541688218	state_04	G-A
5	LV3003047097	leiden2	ST8	32.835	state_04	DCI	4.55426905422971	state_04	G-A
5	LV3003047097	leiden6	ST8	32.835	state_04	DCI	1.49844136937302	state_04	G-A
5	LV3003047097	leiden3	ST8	32.835	state_04	DCI	4.60859744029646	state_04	G-A
5	LV3003047097	leiden5	ST8	32.835	state_04	DCI	-10.7027139336047	state_04	G-A
5	LV3003047097	grey	ST8	32.835	state_04	DCI	-7.21554553941273	state_04	G-A
5	LV3003047098	leiden4	ST8	29.278	state_04	DCI	3.34794651914281	state_04	G-A
5	LV3003047098	leiden3	ST8	29.278	state_04	DCI	5.22668429603065	state_04	G-A
5	LV3003047098	leiden2	ST8	29.278	state_04	DCI	4.18121833345768	state_04	G-A
5	LV3003047098	leiden6	ST8	29.278	state_04	DCI	2.0400783161293	state_04	G-A
5	LV3003047098	grey	ST8	29.278	state_04	DCI	-8.28106210347387	state_04	G-A
5	LV3003047098	leiden5	ST8	29.278	state_04	DCI	1.08057779924996	state_04	G-A
5	LV3003047098	leiden1	ST8	29.278	state_04	DCI	-7.59544316053653	state_04	G-A
5	LV3003047113	leiden1	ST8	36.48927	state_04	DCI	4.61179658428512	state_04	G-A
5	LV3003047113	leiden4	ST8	36.48927	state_04	DCI	4.35471235999681	state_04	G-A
5	LV3003047113	leiden2	ST8	36.48927	state_04	DCI	6.18177514308626	state_04	G-A
5	LV3003047113	leiden6	ST8	36.48927	state_04	DCI	3.89889104018652	state_04	G-A
5	LV3003047113	leiden3	ST8	36.48927	state_04	DCI	-4.06347223176565	state_04	G-A
5	LV3003047113	leiden5	ST8	36.48927	state_04	DCI	-7.46392657285888	state_04	G-A
5	LV3003047113	grey	ST8	36.48927	state_04	DCI	-7.51977632293019	state_04	G-A
5	LV3003047114	leiden3	ST8	32.3855	state_04	DCI	-3.66876995046384	state_04	G-A
5	LV3003047114	leiden4	ST8	32.3855	state_04	DCI	4.38649016583741	state_04	G-A
5	LV3003047114	leiden6	ST8	32.3855	state_04	DCI	3.57921679693271	state_04	G-A
5	LV3003047114	grey	ST8	32.3855	state_04	DCI	5.97157188935547	state_04	G-A
5	LV3003047114	leiden2	ST8	32.3855	state_04	DCI	6.4127710127588	state_04	G-A
5	LV3003047114	leiden5	ST8	32.3855	state_04	DCI	-9.41088334344535	state_04	G-A
5	LV3003047114	leiden1	ST8	32.3855	state_04	DCI	-7.27039657097519	state_04	G-A
5	LV3003047117	leiden1	ST8	28.7616666666667	state_04	DCI	-0.896878590186415	state_04	G-A
5	LV3003047117	leiden4	ST8	28.7616666666667	state_04	DCI	7.16601983206186	state_04	G-A
5	LV3003047117	leiden6	ST8	28.7616666666667	state_04	DCI	-4.95888782847452	state_04	G-A
5	LV3003047117	leiden2	ST8	28.7616666666667	state_04	DCI	8.86808666618386	state_04	G-A
5	LV3003047117	leiden5	ST8	28.7616666666667	state_04	DCI	-5.44428781708151	state_04	G-A
5	LV3003047117	leiden3	ST8	28.7616666666667	state_04	DCI	-0.445888126753456	state_04	G-A
5	LV3003047117	grey	ST8	28.7616666666667	state_04	DCI	-4.28816413574983	state_04	G-A
5	LV3003047128	leiden1	ST8	39.57797	state_04	DCI	8.49362041334303	state_04	G-A
5	LV3003047128	leiden4	ST8	39.57797	state_04	DCI	3.44125651168916	state_04	G-A
5	LV3003047128	leiden2	ST8	39.57797	state_04	DCI	5.54024761121721	state_04	G-A
5	LV3003047128	leiden6	ST8	39.57797	state_04	DCI	3.88486851149129	state_04	G-A
5	LV3003047128	leiden3	ST8	39.57797	state_04	DCI	-4.58589457919063	state_04	G-A
5	LV3003047128	leiden5	ST8	39.57797	state_04	DCI	-8.09740147300634	state_04	G-A
5	LV3003047128	grey	ST8	39.57797	state_04	DCI	-8.67669699554373	state_04	G-A
5	LV3003047129	leiden4	ST8	36.0373	state_04	DCI	2.11549686479884	state_04	G-A
5	LV3003047129	leiden2	ST8	36.0373	state_04	DCI	4.51666786859707	state_04	G-A
5	LV3003047129	leiden1	ST8	36.0373	state_04	DCI	3.43821164987298	state_04	G-A
5	LV3003047129	leiden6	ST8	36.0373	state_04	DCI	1.45395798627898	state_04	G-A
5	LV3003047129	leiden3	ST8	36.0373	state_04	DCI	-7.69628206588478	state_04	G-A
5	LV3003047129	leiden5	ST8	36.0373	state_04	DCI	-7.84500078291826	state_04	G-A
5	LV3003047129	grey	ST8	36.0373	state_04	DCI	4.01694847925518	state_04	G-A
5	LV3003047130	leiden1	ST8	31.936	state_04	DCI	0.433204250247447	state_04	G-A
5	LV3003047130	leiden4	ST8	31.936	state_04	DCI	1.12156245054433	state_04	G-A
5	LV3003047130	leiden2	ST8	31.936	state_04	DCI	2.60729425218201	state_04	G-A
5	LV3003047130	leiden6	ST8	31.936	state_04	DCI	0.797761840484975	state_04	G-A
5	LV3003047130	grey	ST8	31.936	state_04	DCI	3.15734058910128	state_04	G-A
5	LV3003047130	leiden3	ST8	31.936	state_04	DCI	3.15734058910128	state_04	G-A
5	LV3003047130	leiden5	ST8	31.936	state_04	DCI	-11.2745039716613	state_04	G-A
5	LV3003047131	leiden4	ST8	28.2453333333333	state_04	DCI	2.6128836475639	state_04	G-A
5	LV3003047131	leiden2	ST8	28.2453333333333	state_04	DCI	4.72824537278575	state_04	G-A
5	LV3003047131	leiden6	ST8	28.2453333333333	state_04	DCI	2.23852507043569	state_04	G-A
5	LV3003047131	leiden3	ST8	28.2453333333333	state_04	DCI	4.49418224405447	state_04	G-A
5	LV3003047131	leiden5	ST8	28.2453333333333	state_04	DCI	-9.66324521007925	state_04	G-A
5	LV3003047131	leiden1	ST8	28.2453333333333	state_04	DCI	3.91725681858396	state_04	G-A
5	LV3003047131	grey	ST8	28.2453333333333	state_04	DCI	-8.32784794334452	state_04	G-A
5	LV3003047143	leiden4	ST8	31.398	state_04	DCI	5.72905845498934	state_04	G-A
5	LV3003047143	leiden2	ST8	31.398	state_04	DCI	8.55077217627975	state_04	G-A
5	LV3003047143	leiden6	ST8	31.398	state_04	DCI	4.47597233116225	state_04	G-A
5	LV3003047143	leiden3	ST8	31.398	state_04	DCI	-1.44898830920297	state_04	G-A
5	LV3003047143	leiden5	ST8	31.398	state_04	DCI	-7.52403634095855	state_04	G-A
5	LV3003047143	leiden1	ST8	31.398	state_04	DCI	-3.70705221675622	state_04	G-A
5	LV3003047143	grey	ST8	31.398	state_04	DCI	-6.07572609551358	state_04	G-A
5	LV3003047144	leiden1	ST8	27.729	state_04	DCI	1.92094521086466	state_04	G-A
5	LV3003047144	leiden4	ST8	27.729	state_04	DCI	1.73490202368374	state_04	G-A
5	LV3003047144	leiden2	ST8	27.729	state_04	DCI	3.12226390329763	state_04	G-A
5	LV3003047144	grey	ST8	27.729	state_04	DCI	-8.48804467173411	state_04	G-A
5	LV3003047144	leiden6	ST8	27.729	state_04	DCI	0.92118314187123	state_04	G-A
5	LV3003047144	leiden3	ST8	27.729	state_04	DCI	1.42571105405384	state_04	G-A
5	LV3003047144	leiden5	ST8	27.729	state_04	DCI	-0.636960662036994	state_04	G-A
5	LV3003047155	leiden4	ST8	30.9475	state_04	DCI	1.09579841698066	state_04	G-A
5	LV3003047155	leiden1	ST8	30.9475	state_04	DCI	2.91142600622061	state_04	G-A
5	LV3003047155	leiden2	ST8	30.9475	state_04	DCI	3.51905803416954	state_04	G-A
5	LV3003047155	leiden6	ST8	30.9475	state_04	DCI	0.340208493244264	state_04	G-A
5	LV3003047155	grey	ST8	30.9475	state_04	DCI	-10.1588368700536	state_04	G-A
5	LV3003047155	leiden5	ST8	30.9475	state_04	DCI	-1.11098139063233	state_04	G-A
5	LV3003047155	leiden3	ST8	30.9475	state_04	DCI	3.40332731007087	state_04	G-A
5	LV3003047156	leiden1	ST8	27.1996666666667	state_04	DCI	3.57989972768056	state_04	G-A
5	LV3003047156	leiden4	ST8	27.1996666666667	state_04	DCI	3.34732183405628	state_04	G-A
5	LV3003047156	leiden2	ST8	27.1996666666667	state_04	DCI	4.7616170352778	state_04	G-A
5	LV3003047156	leiden6	ST8	27.1996666666667	state_04	DCI	1.19189868866442	state_04	G-A
5	LV3003047156	grey	ST8	27.1996666666667	state_04	DCI	-8.36094945166382	state_04	G-A
5	LV3003047156	leiden3	ST8	27.1996666666667	state_04	DCI	-5.65490511167171	state_04	G-A
5	LV3003047156	leiden5	ST8	27.1996666666667	state_04	DCI	1.13511727765646	state_04	G-A
5	LV3003047168	leiden1	ST8	30.497	state_04	DCI	2.48319250732012	state_04	G-A
5	LV3003047168	leiden4	ST8	30.497	state_04	DCI	2.23895387286585	state_04	G-A
5	LV3003047168	leiden2	ST8	30.497	state_04	DCI	3.74427110194156	state_04	G-A
5	LV3003047168	grey	ST8	30.497	state_04	DCI	-10.3741540429091	state_04	G-A
5	LV3003047168	leiden6	ST8	30.497	state_04	DCI	-0.435776204199691	state_04	G-A
5	LV3003047168	leiden5	ST8	30.497	state_04	DCI	-0.829999090418297	state_04	G-A
5	LV3003047168	leiden3	ST8	30.497	state_04	DCI	3.17351185539958	state_04	G-A
5	LV3003047169	leiden1	ST8	26.6703333333333	state_04	DCI	3.1766539403747	state_04	G-A
5	LV3003047169	leiden4	ST8	26.6703333333333	state_04	DCI	2.76487448990149	state_04	G-A
5	LV3003047169	leiden2	ST8	26.6703333333333	state_04	DCI	4.72363580686434	state_04	G-A
5	LV3003047169	leiden6	ST8	26.6703333333333	state_04	DCI	2.5333517212222	state_04	G-A
5	LV3003047169	leiden5	ST8	26.6703333333333	state_04	DCI	-9.11701363422993	state_04	G-A
5	LV3003047169	leiden3	ST8	26.6703333333333	state_04	DCI	4.84416590597791	state_04	G-A
5	LV3003047169	grey	ST8	26.6703333333333	state_04	DCI	-8.92566823011071	state_04	G-A
5	LV3003061476	leiden1	ST13	37.16	state_04	DCI	1.3376890076628	state_04	G-A
5	LV3003061476	leiden3	ST13	37.16	state_04	DCI	1.4522172682858	state_04	G-A
5	LV3003061476	leiden4	ST13	37.16	state_04	DCI	0.505138185224211	state_04	G-A
5	LV3003061476	leiden2	ST13	37.16	state_04	DCI	1.91116194891054	state_04	G-A
5	LV3003061476	leiden6	ST13	37.16	state_04	DCI	0.772115565206332	state_04	G-A
5	LV3003061476	grey	ST13	37.16	state_04	DCI	2.60005013022689	state_04	G-A
5	LV3003061476	leiden5	ST13	37.16	state_04	DCI	-8.57837210551657	state_04	G-A
5	LV3003061488	leiden1	ST13	35.041	state_04	DCI	1.91797590197369	state_04	G-A
5	LV3003061488	leiden3	ST13	35.041	state_04	DCI	2.02322937933715	state_04	G-A
5	LV3003061488	leiden4	ST13	35.041	state_04	DCI	0.555122423890357	state_04	G-A
5	LV3003061488	leiden2	ST13	35.041	state_04	DCI	2.22082071178173	state_04	G-A
5	LV3003061488	leiden5	ST13	35.041	state_04	DCI	-10.3779187673818	state_04	G-A
5	LV3003061488	leiden6	ST13	35.041	state_04	DCI	1.03948275583774	state_04	G-A
5	LV3003061488	grey	ST13	35.041	state_04	DCI	2.6212875945611	state_04	G-A
5	LV3003061505	leiden1	ST13	32.81	state_04	DCI	-1.2966175889771	state_04	G-A
5	LV3003061505	leiden4	ST13	32.81	state_04	DCI	-1.61376138705648	state_04	G-A
5	LV3003061505	leiden2	ST13	32.81	state_04	DCI	0.174708919246231	state_04	G-A
5	LV3003061505	leiden5	ST13	32.81	state_04	DCI	0.661746021149499	state_04	G-A
5	LV3003061505	leiden6	ST13	32.81	state_04	DCI	-0.788224070179723	state_04	G-A
5	LV3003061505	leiden3	ST13	32.81	state_04	DCI	2.20040208466808	state_04	G-A
5	LV3003061505	grey	ST13	32.81	state_04	DCI	0.661746021149499	state_04	G-A
5	LV3003061517	leiden1	ST13	30.678	state_04	DCI	-1.47699468749494	state_04	G-A
5	LV3003061517	leiden3	ST13	30.678	state_04	DCI	-0.943920535327164	state_04	G-A
5	LV3003061517	leiden4	ST13	30.678	state_04	DCI	-0.905695630645559	state_04	G-A
5	LV3003061517	leiden2	ST13	30.678	state_04	DCI	0.944866037334167	state_04	G-A
5	LV3003061517	leiden5	ST13	30.678	state_04	DCI	2.02131311282725	state_04	G-A
5	LV3003061517	leiden6	ST13	30.678	state_04	DCI	-1.01327624940797	state_04	G-A
5	LV3003061517	grey	ST13	30.678	state_04	DCI	1.37370795271422	state_04	G-A
5	LV3003061531	leiden1	ST13	28.445	state_04	DCI	0.38134779131725	state_04	G-A
5	LV3003061531	leiden2	ST13	28.445	state_04	DCI	1.35884053375229	state_04	G-A
5	LV3003061531	leiden3	ST13	28.445	state_04	DCI	0.863017774913957	state_04	G-A
5	LV3003061531	leiden4	ST13	28.445	state_04	DCI	-0.994640040046971	state_04	G-A
5	LV3003061531	leiden5	ST13	28.445	state_04	DCI	-1.94146693432491	state_04	G-A
5	LV3003061531	leiden6	ST13	28.445	state_04	DCI	-1.09149480345439	state_04	G-A
5	LV3003061531	grey	ST13	28.445	state_04	DCI	1.42439567784278	state_04	G-A
5	LV3003061545	leiden1	ST13	23.172	state_04	DCI	3.68406198149145	state_04	G-A
5	LV3003061545	leiden4	ST13	23.172	state_04	DCI	2.54809323153753	state_04	G-A
5	LV3003061545	leiden3	ST13	23.172	state_04	DCI	2.53898783989166	state_04	G-A
5	LV3003061545	leiden2	ST13	23.172	state_04	DCI	4.53810413744136	state_04	G-A
5	LV3003061545	leiden6	ST13	23.172	state_04	DCI	2.49770144752653	state_04	G-A
5	LV3003061545	grey	ST13	23.172	state_04	DCI	-8.99515168368031	state_04	G-A
5	LV3003061545	leiden5	ST13	23.172	state_04	DCI	-6.81179695420824	state_04	G-A
5	LV3003061558	leiden1	ST13	42.626	state_04	DCI	0.45221643872277	state_04	G-A
5	LV3003061558	leiden2	ST13	42.626	state_04	DCI	2.1685630235399	state_04	G-A
5	LV3003061558	leiden3	ST13	42.626	state_04	DCI	2.06488211764305	state_04	G-A
5	LV3003061558	leiden4	ST13	42.626	state_04	DCI	0.760184156555149	state_04	G-A
5	LV3003061558	leiden5	ST13	42.626	state_04	DCI	-9.31575597460917	state_04	G-A
5	LV3003061558	leiden6	ST13	42.626	state_04	DCI	1.28356394599807	state_04	G-A
5	LV3003061558	grey	ST13	42.626	state_04	DCI	2.58634629215024	state_04	G-A
5	LV3003061559	leiden3	ST13	21.069	state_04	DCI	2.79485606454541	state_04	G-A
5	LV3003061559	leiden4	ST13	21.069	state_04	DCI	3.4683780244494	state_04	G-A
5	LV3003061559	leiden1	ST13	21.069	state_04	DCI	3.23864972191997	state_04	G-A
5	LV3003061559	leiden2	ST13	21.069	state_04	DCI	4.89123680458233	state_04	G-A
5	LV3003061559	leiden5	ST13	21.069	state_04	DCI	-7.053610693363	state_04	G-A
5	LV3003061559	leiden6	ST13	21.069	state_04	DCI	2.17733875317165	state_04	G-A
5	LV3003061559	grey	ST13	21.069	state_04	DCI	-9.51684867530575	state_04	G-A
5	LV3003061571	leiden4	ST13	40.457	state_04	DCI	-0.229670386558698	state_04	G-A
5	LV3003061571	leiden1	ST13	40.457	state_04	DCI	1.87564691314664	state_04	G-A
5	LV3003061571	leiden2	ST13	40.457	state_04	DCI	3.32207088250056	state_04	G-A
5	LV3003061571	leiden5	ST13	40.457	state_04	DCI	1.39264851597734	state_04	G-A
5	LV3003061571	leiden6	ST13	40.457	state_04	DCI	0.436263738088984	state_04	G-A
5	LV3003061571	leiden3	ST13	40.457	state_04	DCI	-9.44378457542468	state_04	G-A
5	LV3003061571	grey	ST13	40.457	state_04	DCI	2.64682491226986	state_04	G-A
5	LV7008886703	leiden1	GeoB25202_R1	27.6855	state_04	DCI	-0.599103272639034	state_04	G-A
5	LV7008886703	leiden3	GeoB25202_R1	27.6855	state_04	DCI	1.47466874693807	state_04	G-A
5	LV7008886703	leiden4	GeoB25202_R1	27.6855	state_04	DCI	-1.01655258237178	state_04	G-A
5	LV7008886703	leiden5	GeoB25202_R1	27.6855	state_04	DCI	-0.240897942568955	state_04	G-A
5	LV7008886703	leiden2	GeoB25202_R1	27.6855	state_04	DCI	0.489623628920995	state_04	G-A
5	LV7008886703	leiden6	GeoB25202_R1	27.6855	state_04	DCI	-1.25207958776129	state_04	G-A
5	LV7008886703	grey	GeoB25202_R1	27.6855	state_04	DCI	1.14434100948199	state_04	G-A
5	LV7008886715	leiden1	GeoB25202_R2	27.6855	state_04	DCI	1.74277214938764	state_04	G-A
5	LV7008886715	leiden2	GeoB25202_R2	27.6855	state_04	DCI	2.49803865540652	state_04	G-A
5	LV7008886715	leiden3	GeoB25202_R2	27.6855	state_04	DCI	0.399973486843194	state_04	G-A
5	LV7008886715	leiden4	GeoB25202_R2	27.6855	state_04	DCI	0.927016037619581	state_04	G-A
5	LV7008886715	leiden5	GeoB25202_R2	27.6855	state_04	DCI	-9.09646721679182	state_04	G-A
5	LV7008886715	leiden6	GeoB25202_R2	27.6855	state_04	DCI	0.541207878207736	state_04	G-A
5	LV7008886715	grey	GeoB25202_R2	27.6855	state_04	DCI	2.98745900932714	state_04	G-A
5	LV7008886728	leiden3	GeoB25202_R2	50.3555	state_04	DCI	12.4378462664141	state_04	G-A
5	LV7008886728	leiden4	GeoB25202_R2	50.3555	state_04	DCI	-1.35028484938048	state_04	G-A
5	LV7008886728	leiden2	GeoB25202_R2	50.3555	state_04	DCI	0.99686819182378	state_04	G-A
5	LV7008886728	leiden6	GeoB25202_R2	50.3555	state_04	DCI	0.187648068145749	state_04	G-A
5	LV7008886728	leiden1	GeoB25202_R2	50.3555	state_04	DCI	-2.06710840421053	state_04	G-A
5	LV7008886728	grey	GeoB25202_R2	50.3555	state_04	DCI	0.961100458021373	state_04	G-A
5	LV7008886728	leiden5	GeoB25202_R2	50.3555	state_04	DCI	-11.166069730814	state_04	G-A
5	LV7008886752	leiden3	GeoB25202_R2	43.105	state_04	DCI	-6.74949898627119	state_04	G-A
5	LV7008886752	leiden4	GeoB25202_R2	43.105	state_04	DCI	2.09577676521472	state_04	G-A
5	LV7008886752	leiden5	GeoB25202_R2	43.105	state_04	DCI	-10.9336641318661	state_04	G-A
5	LV7008886752	leiden2	GeoB25202_R2	43.105	state_04	DCI	4.35145336704958	state_04	G-A
5	LV7008886752	leiden6	GeoB25202_R2	43.105	state_04	DCI	2.16154011580625	state_04	G-A
5	LV7008886752	leiden1	GeoB25202_R2	43.105	state_04	DCI	4.76335773020722	state_04	G-A
5	LV7008886752	grey	GeoB25202_R2	43.105	state_04	DCI	4.3110351398595	state_04	G-A
5	LV7008886776	leiden1	GeoB25202_R1	36.607	state_04	DCI	3.04447623374066	state_04	G-A
5	LV7008886776	leiden2	GeoB25202_R1	36.607	state_04	DCI	3.49267647729342	state_04	G-A
5	LV7008886776	leiden3	GeoB25202_R1	36.607	state_04	DCI	3.60127440979274	state_04	G-A
5	LV7008886776	leiden4	GeoB25202_R1	36.607	state_04	DCI	2.48863568235358	state_04	G-A
5	LV7008886776	leiden5	GeoB25202_R1	36.607	state_04	DCI	-7.15018220356787	state_04	G-A
5	LV7008886776	leiden6	GeoB25202_R1	36.607	state_04	DCI	2.06598729711925	state_04	G-A
5	LV7008886776	grey	GeoB25202_R1	36.607	state_04	DCI	-7.54286789673178	state_04	G-A
5	LV3003047044	leiden1	ST8	12.078	state_04	MII	0.911208633209835	state_04	G-A
5	LV3003047044	leiden4	ST8	12.078	state_04	MII	-0.896926064396915	state_04	G-A
5	LV3003047044	leiden2	ST8	12.078	state_04	MII	-0.253053639725463	state_04	G-A
5	LV3003047044	leiden6	ST8	12.078	state_04	MII	1.3601362430944	state_04	G-A
5	LV3003047044	leiden3	ST8	12.078	state_04	MII	-1.327631053171	state_04	G-A
5	LV3003047044	grey	ST8	12.078	state_04	MII	0.0461226848643053	state_04	G-A
5	LV3003047044	leiden5	ST8	12.078	state_04	MII	0.160143196124837	state_04	G-A
5	LV3003047070	leiden4	ST8	30.128	state_04	MII	-1.1934842928497	state_04	G-A
5	LV3003047070	leiden1	ST8	30.128	state_04	MII	-0.164607828330728	state_04	G-A
5	LV3003047070	leiden2	ST8	30.128	state_04	MII	-0.816873811072242	state_04	G-A
5	LV3003047070	leiden6	ST8	30.128	state_04	MII	1.11413457409627	state_04	G-A
5	LV3003047070	leiden5	ST8	30.128	state_04	MII	-0.0977860729613798	state_04	G-A
5	LV3003047070	leiden3	ST8	30.128	state_04	MII	0.0961075003335445	state_04	G-A
5	LV3003047070	grey	ST8	30.128	state_04	MII	1.06250993078423	state_04	G-A
5	LV3003047071	leiden1	ST8	26.141	state_04	MII	0.641326583398864	state_04	G-A
5	LV3003047071	leiden3	ST8	26.141	state_04	MII	-1.03290684573189	state_04	G-A
5	LV3003047071	leiden4	ST8	26.141	state_04	MII	-0.432527187242716	state_04	G-A
5	LV3003047071	leiden2	ST8	26.141	state_04	MII	-0.141572132890277	state_04	G-A
5	LV3003047071	leiden6	ST8	26.141	state_04	MII	0.834169470116997	state_04	G-A
5	LV3003047071	grey	ST8	26.141	state_04	MII	0.832090282827258	state_04	G-A
5	LV3003047071	leiden5	ST8	26.141	state_04	MII	-0.70058017047823	state_04	G-A
5	LV3003047084	leiden1	ST8	33.276	state_04	MII	1.40054849618353	state_04	G-A
5	LV3003047084	leiden3	ST8	33.276	state_04	MII	1.29852845564499	state_04	G-A
5	LV3003047084	leiden4	ST8	33.276	state_04	MII	1.05318796217178	state_04	G-A
5	LV3003047084	leiden6	ST8	33.276	state_04	MII	3.5655147617887	state_04	G-A
5	LV3003047084	leiden2	ST8	33.276	state_04	MII	1.06273683536114	state_04	G-A
5	LV3003047084	grey	ST8	33.276	state_04	MII	-10.966974163629	state_04	G-A
5	LV3003047084	leiden5	ST8	33.276	state_04	MII	2.58645765247883	state_04	G-A
5	LV3003047085	leiden1	ST8	29.703	state_04	MII	-0.488435472915202	state_04	G-A
5	LV3003047085	leiden2	ST8	29.703	state_04	MII	-0.712141243129837	state_04	G-A
5	LV3003047085	leiden4	ST8	29.703	state_04	MII	-1.01319707720763	state_04	G-A
5	LV3003047085	leiden6	ST8	29.703	state_04	MII	1.07313620485793	state_04	G-A
5	LV3003047085	grey	ST8	29.703	state_04	MII	0.310957532393195	state_04	G-A
5	LV3003047085	leiden3	ST8	29.703	state_04	MII	1.20736217379441	state_04	G-A
5	LV3003047085	leiden5	ST8	29.703	state_04	MII	-0.377682117792867	state_04	G-A
5	LV3003047096	leiden1	ST8	36.89377	state_04	MII	-0.144216995064082	state_04	G-A
5	LV3003047096	leiden4	ST8	36.89377	state_04	MII	-0.619334956048786	state_04	G-A
5	LV3003047096	leiden2	ST8	36.89377	state_04	MII	-0.774871328625454	state_04	G-A
5	LV3003047096	leiden6	ST8	36.89377	state_04	MII	0.777741087540425	state_04	G-A
5	LV3003047096	leiden3	ST8	36.89377	state_04	MII	1.03066491431005	state_04	G-A
5	LV3003047096	leiden5	ST8	36.89377	state_04	MII	-0.269982722112155	state_04	G-A
5	LV3003047097	leiden1	ST8	32.835	state_04	MII	-0.058796004490143	state_04	G-A
5	LV3003047097	leiden4	ST8	32.835	state_04	MII	-0.665458330069663	state_04	G-A
5	LV3003047097	leiden2	ST8	32.835	state_04	MII	-0.457535653167757	state_04	G-A
5	LV3003047097	leiden6	ST8	32.835	state_04	MII	1.83573424178062	state_04	G-A
5	LV3003047097	leiden3	ST8	32.835	state_04	MII	-2.27827907413898	state_04	G-A
5	LV3003047097	leiden5	ST8	32.835	state_04	MII	0.807407822612264	state_04	G-A
5	LV3003047097	grey	ST8	32.835	state_04	MII	0.816926997473661	state_04	G-A
5	LV3003047098	leiden4	ST8	29.278	state_04	MII	-1.17612861605834	state_04	G-A
5	LV3003047098	leiden3	ST8	29.278	state_04	MII	1.64344324384827	state_04	G-A
5	LV3003047098	leiden2	ST8	29.278	state_04	MII	-0.889440962781138	state_04	G-A
5	LV3003047098	leiden6	ST8	29.278	state_04	MII	0.70617416252518	state_04	G-A
5	LV3003047098	grey	ST8	29.278	state_04	MII	0.163686069671869	state_04	G-A
5	LV3003047098	leiden5	ST8	29.278	state_04	MII	-0.311200611017336	state_04	G-A
5	LV3003047098	leiden1	ST8	29.278	state_04	MII	-0.136533286188506	state_04	G-A
5	LV3003047113	leiden1	ST8	36.48927	state_04	MII	-0.411357162117071	state_04	G-A
5	LV3003047113	leiden4	ST8	36.48927	state_04	MII	-0.681768058622601	state_04	G-A
5	LV3003047113	leiden2	ST8	36.48927	state_04	MII	-0.754789990947587	state_04	G-A
5	LV3003047113	leiden6	ST8	36.48927	state_04	MII	1.06148197758435	state_04	G-A
5	LV3003047113	leiden3	ST8	36.48927	state_04	MII	0.748192421879783	state_04	G-A
5	LV3003047113	leiden5	ST8	36.48927	state_04	MII	-0.0566281390062962	state_04	G-A
5	LV3003047113	grey	ST8	36.48927	state_04	MII	0.0948689512294227	state_04	G-A
5	LV3003047114	leiden3	ST8	32.3855	state_04	MII	-2.61298570013676	state_04	G-A
5	LV3003047114	leiden4	ST8	32.3855	state_04	MII	-1.13781219821615	state_04	G-A
5	LV3003047114	leiden6	ST8	32.3855	state_04	MII	1.76667319909857	state_04	G-A
5	LV3003047114	grey	ST8	32.3855	state_04	MII	2.24783108051998	state_04	G-A
5	LV3003047114	leiden2	ST8	32.3855	state_04	MII	-0.558834850967581	state_04	G-A
5	LV3003047114	leiden5	ST8	32.3855	state_04	MII	0.656214852762206	state_04	G-A
5	LV3003047114	leiden1	ST8	32.3855	state_04	MII	-0.361086383060257	state_04	G-A
5	LV3003047117	leiden1	ST8	28.7616666666667	state_04	MII	-0.933847772083173	state_04	G-A
5	LV3003047117	leiden4	ST8	28.7616666666667	state_04	MII	-1.39057586049475	state_04	G-A
5	LV3003047117	leiden6	ST8	28.7616666666667	state_04	MII	1.26928913056231	state_04	G-A
5	LV3003047117	leiden2	ST8	28.7616666666667	state_04	MII	-0.619264735302965	state_04	G-A
5	LV3003047117	leiden5	ST8	28.7616666666667	state_04	MII	0.37569990290467	state_04	G-A
5	LV3003047117	leiden3	ST8	28.7616666666667	state_04	MII	0.836553896268807	state_04	G-A
5	LV3003047117	grey	ST8	28.7616666666667	state_04	MII	0.462145438145105	state_04	G-A
5	LV3003047128	leiden1	ST8	39.57797	state_04	MII	-0.220712748730794	state_04	G-A
5	LV3003047128	leiden4	ST8	39.57797	state_04	MII	-1.00503339282881	state_04	G-A
5	LV3003047128	leiden2	ST8	39.57797	state_04	MII	-0.991135470454819	state_04	G-A
5	LV3003047128	leiden6	ST8	39.57797	state_04	MII	1.16012687775468	state_04	G-A
5	LV3003047128	leiden3	ST8	39.57797	state_04	MII	1.35252243725615	state_04	G-A
5	LV3003047128	leiden5	ST8	39.57797	state_04	MII	-0.679160897538876	state_04	G-A
5	LV3003047128	grey	ST8	39.57797	state_04	MII	0.383393194542453	state_04	G-A
5	LV3003047129	leiden4	ST8	36.0373	state_04	MII	-3.03963038747134	state_04	G-A
5	LV3003047129	leiden2	ST8	36.0373	state_04	MII	-3.0718631569974	state_04	G-A
5	LV3003047129	leiden1	ST8	36.0373	state_04	MII	-2.54139172070624	state_04	G-A
5	LV3003047129	leiden6	ST8	36.0373	state_04	MII	-1.1787169868732	state_04	G-A
5	LV3003047129	leiden3	ST8	36.0373	state_04	MII	-1.39903546221659	state_04	G-A
5	LV3003047129	leiden5	ST8	36.0373	state_04	MII	-2.48911789823933	state_04	G-A
5	LV3003047129	grey	ST8	36.0373	state_04	MII	13.7197556125041	state_04	G-A
5	LV3003047130	leiden1	ST8	31.936	state_04	MII	1.4179148516251	state_04	G-A
5	LV3003047130	leiden4	ST8	31.936	state_04	MII	0.570530171343536	state_04	G-A
5	LV3003047130	leiden2	ST8	31.936	state_04	MII	1.11066425791622	state_04	G-A
5	LV3003047130	leiden6	ST8	31.936	state_04	MII	2.95186078574628	state_04	G-A
5	LV3003047130	grey	ST8	31.936	state_04	MII	3.753446347729	state_04	G-A
5	LV3003047130	leiden3	ST8	31.936	state_04	MII	-11.3347228057014	state_04	G-A
5	LV3003047130	leiden5	ST8	31.936	state_04	MII	1.53030639134127	state_04	G-A
5	LV3003047131	leiden4	ST8	28.2453333333333	state_04	MII	-0.824372092913262	state_04	G-A
5	LV3003047131	leiden2	ST8	28.2453333333333	state_04	MII	-0.53127139523239	state_04	G-A
5	LV3003047131	leiden6	ST8	28.2453333333333	state_04	MII	0.838601994184916	state_04	G-A
5	LV3003047131	leiden3	ST8	28.2453333333333	state_04	MII	0.31896030460516	state_04	G-A
5	LV3003047131	leiden5	ST8	28.2453333333333	state_04	MII	-0.269125030188276	state_04	G-A
5	LV3003047131	leiden1	ST8	28.2453333333333	state_04	MII	0.287953054372787	state_04	G-A
5	LV3003047131	grey	ST8	28.2453333333333	state_04	MII	0.179253165171063	state_04	G-A
5	LV3003047143	leiden4	ST8	31.398	state_04	MII	-0.615642125226298	state_04	G-A
5	LV3003047143	leiden2	ST8	31.398	state_04	MII	-0.438649751929151	state_04	G-A
5	LV3003047143	leiden6	ST8	31.398	state_04	MII	1.83647125988669	state_04	G-A
5	LV3003047143	leiden3	ST8	31.398	state_04	MII	-1.43488679398513	state_04	G-A
5	LV3003047143	leiden5	ST8	31.398	state_04	MII	0.771707596322349	state_04	G-A
5	LV3003047143	leiden1	ST8	31.398	state_04	MII	-0.0636524973265251	state_04	G-A
5	LV3003047143	grey	ST8	31.398	state_04	MII	-0.0553476877419308	state_04	G-A
5	LV3003047144	leiden1	ST8	27.729	state_04	MII	0.0888317942968744	state_04	G-A
5	LV3003047144	leiden4	ST8	27.729	state_04	MII	-0.860145758946396	state_04	G-A
5	LV3003047144	leiden2	ST8	27.729	state_04	MII	-0.185144624120012	state_04	G-A
5	LV3003047144	grey	ST8	27.729	state_04	MII	0.0177369998580035	state_04	G-A
5	LV3003047144	leiden6	ST8	27.729	state_04	MII	1.03829362174282	state_04	G-A
5	LV3003047144	leiden3	ST8	27.729	state_04	MII	-0.0949400845885695	state_04	G-A
5	LV3003047144	leiden5	ST8	27.729	state_04	MII	-0.00463194824271551	state_04	G-A
5	LV3003047155	leiden4	ST8	30.9475	state_04	MII	-0.565360251128434	state_04	G-A
5	LV3003047155	leiden1	ST8	30.9475	state_04	MII	0.450046097194978	state_04	G-A
5	LV3003047155	leiden2	ST8	30.9475	state_04	MII	-0.793795029275115	state_04	G-A
5	LV3003047155	leiden6	ST8	30.9475	state_04	MII	1.1401646283988	state_04	G-A
5	LV3003047155	grey	ST8	30.9475	state_04	MII	-0.161329947147482	state_04	G-A
5	LV3003047155	leiden5	ST8	30.9475	state_04	MII	0.224812334373578	state_04	G-A
5	LV3003047155	leiden3	ST8	30.9475	state_04	MII	-0.294537832416322	state_04	G-A
5	LV3003047156	leiden1	ST8	27.1996666666667	state_04	MII	-0.145652921057021	state_04	G-A
5	LV3003047156	leiden4	ST8	27.1996666666667	state_04	MII	-0.990623209670351	state_04	G-A
5	LV3003047156	leiden2	ST8	27.1996666666667	state_04	MII	-0.413770161937683	state_04	G-A
5	LV3003047156	leiden6	ST8	27.1996666666667	state_04	MII	1.12105123068461	state_04	G-A
5	LV3003047156	grey	ST8	27.1996666666667	state_04	MII	0.703321048680979	state_04	G-A
5	LV3003047156	leiden3	ST8	27.1996666666667	state_04	MII	0.337306780206031	state_04	G-A
5	LV3003047156	leiden5	ST8	27.1996666666667	state_04	MII	-0.611632766906571	state_04	G-A
5	LV3003047168	leiden1	ST8	30.497	state_04	MII	-0.399097630526589	state_04	G-A
5	LV3003047168	leiden4	ST8	30.497	state_04	MII	-0.555701543371213	state_04	G-A
5	LV3003047168	leiden2	ST8	30.497	state_04	MII	-0.668389018395767	state_04	G-A
5	LV3003047168	grey	ST8	30.497	state_04	MII	0.366425140682627	state_04	G-A
5	LV3003047168	leiden6	ST8	30.497	state_04	MII	1.09403389458312	state_04	G-A
5	LV3003047168	leiden5	ST8	30.497	state_04	MII	0.0153374823209467	state_04	G-A
5	LV3003047168	leiden3	ST8	30.497	state_04	MII	0.147391674706878	state_04	G-A
5	LV3003047169	leiden1	ST8	26.6703333333333	state_04	MII	-0.0953471163091588	state_04	G-A
5	LV3003047169	leiden4	ST8	26.6703333333333	state_04	MII	-0.739418736614121	state_04	G-A
5	LV3003047169	leiden2	ST8	26.6703333333333	state_04	MII	-0.360123382471726	state_04	G-A
5	LV3003047169	leiden6	ST8	26.6703333333333	state_04	MII	0.723016115039984	state_04	G-A
5	LV3003047169	leiden5	ST8	26.6703333333333	state_04	MII	-0.5888002215541	state_04	G-A
5	LV3003047169	leiden3	ST8	26.6703333333333	state_04	MII	0.44943111051508	state_04	G-A
5	LV3003047169	grey	ST8	26.6703333333333	state_04	MII	0.611242231394042	state_04	G-A
5	LV3003061476	leiden1	ST13	37.16	state_04	MII	0.142471603469571	state_04	G-A
5	LV3003061476	leiden3	ST13	37.16	state_04	MII	-0.873261447227219	state_04	G-A
5	LV3003061476	leiden4	ST13	37.16	state_04	MII	-0.808640882383753	state_04	G-A
5	LV3003061476	leiden2	ST13	37.16	state_04	MII	-0.245638820060885	state_04	G-A
5	LV3003061476	leiden6	ST13	37.16	state_04	MII	1.17493469608692	state_04	G-A
5	LV3003061476	grey	ST13	37.16	state_04	MII	-0.243378480484712	state_04	G-A
5	LV3003061476	leiden5	ST13	37.16	state_04	MII	0.853513330600082	state_04	G-A
5	LV3003061488	leiden1	ST13	35.041	state_04	MII	-0.196985607186107	state_04	G-A
5	LV3003061488	leiden3	ST13	35.041	state_04	MII	-0.50300342035709	state_04	G-A
5	LV3003061488	leiden4	ST13	35.041	state_04	MII	-0.991527624764971	state_04	G-A
5	LV3003061488	leiden2	ST13	35.041	state_04	MII	-0.737346414799411	state_04	G-A
5	LV3003061488	leiden5	ST13	35.041	state_04	MII	1.0668566343565	state_04	G-A
5	LV3003061488	leiden6	ST13	35.041	state_04	MII	1.00286806521917	state_04	G-A
5	LV3003061488	grey	ST13	35.041	state_04	MII	0.359138367531916	state_04	G-A
5	LV3003061505	leiden1	ST13	32.81	state_04	MII	0.645378267112058	state_04	G-A
5	LV3003061505	leiden4	ST13	32.81	state_04	MII	-0.365945320614605	state_04	G-A
5	LV3003061505	leiden2	ST13	32.81	state_04	MII	-0.713132765253865	state_04	G-A
5	LV3003061505	leiden5	ST13	32.81	state_04	MII	-1.43156111286643	state_04	G-A
5	LV3003061505	leiden6	ST13	32.81	state_04	MII	1.70330647527869	state_04	G-A
5	LV3003061505	leiden3	ST13	32.81	state_04	MII	-0.722844300345049	state_04	G-A
5	LV3003061505	grey	ST13	32.81	state_04	MII	0.884798756689204	state_04	G-A
5	LV3003061517	leiden1	ST13	30.678	state_04	MII	0.00126646101670502	state_04	G-A
5	LV3003061517	leiden3	ST13	30.678	state_04	MII	-1.42833885885089	state_04	G-A
5	LV3003061517	leiden4	ST13	30.678	state_04	MII	-0.277319817772926	state_04	G-A
5	LV3003061517	leiden2	ST13	30.678	state_04	MII	-0.24566480862388	state_04	G-A
5	LV3003061517	leiden5	ST13	30.678	state_04	MII	0.47268119881363	state_04	G-A
5	LV3003061517	leiden6	ST13	30.678	state_04	MII	1.43104182505226	state_04	G-A
5	LV3003061517	grey	ST13	30.678	state_04	MII	0.0463340003651003	state_04	G-A
5	LV3003061531	leiden1	ST13	28.445	state_04	MII	0.152720051979063	state_04	G-A
5	LV3003061531	leiden2	ST13	28.445	state_04	MII	-0.691900282513225	state_04	G-A
5	LV3003061531	leiden3	ST13	28.445	state_04	MII	-0.917490307908462	state_04	G-A
5	LV3003061531	leiden4	ST13	28.445	state_04	MII	-0.577204069277395	state_04	G-A
5	LV3003061531	leiden5	ST13	28.445	state_04	MII	-0.277142933874909	state_04	G-A
5	LV3003061531	leiden6	ST13	28.445	state_04	MII	1.09141188133681	state_04	G-A
5	LV3003061531	grey	ST13	28.445	state_04	MII	1.21960566025812	state_04	G-A
5	LV3003061545	leiden1	ST13	23.172	state_04	MII	0.23738997418113	state_04	G-A
5	LV3003061545	leiden4	ST13	23.172	state_04	MII	-0.642838098284455	state_04	G-A
5	LV3003061545	leiden3	ST13	23.172	state_04	MII	-0.893856026385195	state_04	G-A
5	LV3003061545	leiden2	ST13	23.172	state_04	MII	0.00210630913490562	state_04	G-A
5	LV3003061545	leiden6	ST13	23.172	state_04	MII	1.30564040712832	state_04	G-A
5	LV3003061545	grey	ST13	23.172	state_04	MII	0.370500816518554	state_04	G-A
5	LV3003061545	leiden5	ST13	23.172	state_04	MII	-0.378943382293264	state_04	G-A
5	LV3003061558	leiden1	ST13	42.626	state_04	MII	1.28540655500701	state_04	G-A
5	LV3003061558	leiden2	ST13	42.626	state_04	MII	1.41662632060365	state_04	G-A
5	LV3003061558	leiden3	ST13	42.626	state_04	MII	0.344104457792434	state_04	G-A
5	LV3003061558	leiden4	ST13	42.626	state_04	MII	0.855480637542001	state_04	G-A
5	LV3003061558	leiden5	ST13	42.626	state_04	MII	2.65908937691792	state_04	G-A
5	LV3003061558	leiden6	ST13	42.626	state_04	MII	2.88886252461965	state_04	G-A
5	LV3003061558	grey	ST13	42.626	state_04	MII	-9.44956987248266	state_04	G-A
5	LV3003061559	leiden3	ST13	21.069	state_04	MII	-1.48688282543281	state_04	G-A
5	LV3003061559	leiden4	ST13	21.069	state_04	MII	-0.533294739180091	state_04	G-A
5	LV3003061559	leiden1	ST13	21.069	state_04	MII	-0.222930685775418	state_04	G-A
5	LV3003061559	leiden2	ST13	21.069	state_04	MII	-0.0906949856927457	state_04	G-A
5	LV3003061559	leiden5	ST13	21.069	state_04	MII	-0.135352698051402	state_04	G-A
5	LV3003061559	leiden6	ST13	21.069	state_04	MII	1.46784169204227	state_04	G-A
5	LV3003061559	grey	ST13	21.069	state_04	MII	1.00131424209019	state_04	G-A
5	LV3003061571	leiden4	ST13	40.457	state_04	MII	1.33222951612588	state_04	G-A
5	LV3003061571	leiden1	ST13	40.457	state_04	MII	2.11764822335561	state_04	G-A
5	LV3003061571	leiden2	ST13	40.457	state_04	MII	1.2580461668709	state_04	G-A
5	LV3003061571	leiden5	ST13	40.457	state_04	MII	1.86270600563781	state_04	G-A
5	LV3003061571	leiden6	ST13	40.457	state_04	MII	2.99740712954057	state_04	G-A
5	LV3003061571	leiden3	ST13	40.457	state_04	MII	1.82345293614018	state_04	G-A
5	LV3003061571	grey	ST13	40.457	state_04	MII	-11.3914899776709	state_04	G-A
5	LV7008886703	leiden1	GeoB25202_R1	27.6855	state_04	MII	0.346108331546695	state_04	G-A
5	LV7008886703	leiden3	GeoB25202_R1	27.6855	state_04	MII	-2.42573911581715	state_04	G-A
5	LV7008886703	leiden4	GeoB25202_R1	27.6855	state_04	MII	-0.0590484568947272	state_04	G-A
5	LV7008886703	leiden5	GeoB25202_R1	27.6855	state_04	MII	0.484312266540831	state_04	G-A
5	LV7008886703	leiden2	GeoB25202_R1	27.6855	state_04	MII	-0.369035303206877	state_04	G-A
5	LV7008886703	leiden6	GeoB25202_R1	27.6855	state_04	MII	1.44806708349769	state_04	G-A
5	LV7008886703	grey	GeoB25202_R1	27.6855	state_04	MII	0.575335194333535	state_04	G-A
5	LV7008886715	leiden1	GeoB25202_R2	27.6855	state_04	MII	0.0475172859479591	state_04	G-A
5	LV7008886715	leiden2	GeoB25202_R2	27.6855	state_04	MII	-0.50937041084207	state_04	G-A
5	LV7008886715	leiden3	GeoB25202_R2	27.6855	state_04	MII	-0.600672090928677	state_04	G-A
5	LV7008886715	leiden4	GeoB25202_R2	27.6855	state_04	MII	-0.313331410075192	state_04	G-A
5	LV7008886715	leiden5	GeoB25202_R2	27.6855	state_04	MII	0.0763150910634547	state_04	G-A
5	LV7008886715	leiden6	GeoB25202_R2	27.6855	state_04	MII	1.05986126287247	state_04	G-A
5	LV7008886715	grey	GeoB25202_R2	27.6855	state_04	MII	0.239680271962055	state_04	G-A
5	LV7008886728	leiden3	GeoB25202_R2	50.3555	state_04	MII	1.82743825129794	state_04	G-A
5	LV7008886728	leiden4	GeoB25202_R2	50.3555	state_04	MII	2.79210981510791	state_04	G-A
5	LV7008886728	leiden2	GeoB25202_R2	50.3555	state_04	MII	2.9742890206201	state_04	G-A
5	LV7008886728	leiden6	GeoB25202_R2	50.3555	state_04	MII	4.26484871553095	state_04	G-A
5	LV7008886728	leiden1	GeoB25202_R2	50.3555	state_04	MII	3.13090672648556	state_04	G-A
5	LV7008886728	grey	GeoB25202_R2	50.3555	state_04	MII	-5.46069662346234	state_04	G-A
5	LV7008886728	leiden5	GeoB25202_R2	50.3555	state_04	MII	-9.52889590558012	state_04	G-A
5	LV7008886752	leiden3	GeoB25202_R2	43.105	state_04	MII	-2.61821443976953	state_04	G-A
5	LV7008886752	leiden4	GeoB25202_R2	43.105	state_04	MII	0.899881772268012	state_04	G-A
5	LV7008886752	leiden5	GeoB25202_R2	43.105	state_04	MII	2.6068050046322	state_04	G-A
5	LV7008886752	leiden2	GeoB25202_R2	43.105	state_04	MII	1.36673952600536	state_04	G-A
5	LV7008886752	leiden6	GeoB25202_R2	43.105	state_04	MII	3.00441383783291	state_04	G-A
5	LV7008886752	leiden1	GeoB25202_R2	43.105	state_04	MII	1.79408370465845	state_04	G-A
5	LV7008886752	grey	GeoB25202_R2	43.105	state_04	MII	-7.05370940562741	state_04	G-A
5	LV7008886776	leiden1	GeoB25202_R1	36.607	state_04	MII	-0.178113237571346	state_04	G-A
5	LV7008886776	leiden2	GeoB25202_R1	36.607	state_04	MII	-0.607493434547091	state_04	G-A
5	LV7008886776	leiden3	GeoB25202_R1	36.607	state_04	MII	-0.765867701835041	state_04	G-A
5	LV7008886776	leiden4	GeoB25202_R1	36.607	state_04	MII	-0.933290069826717	state_04	G-A
5	LV7008886776	leiden5	GeoB25202_R1	36.607	state_04	MII	1.43736348844177	state_04	G-A
5	LV7008886776	leiden6	GeoB25202_R1	36.607	state_04	MII	0.961791444034798	state_04	G-A
5	LV7008886776	grey	GeoB25202_R1	36.607	state_04	MII	0.0856095113036242	state_04	G-A
5	LV3003047044	leiden1	ST8	12.078	state_04	SRPI	-0.136011793620541	state_04	G-A
5	LV3003047044	leiden4	ST8	12.078	state_04	SRPI	0.487212022639905	state_04	G-A
5	LV3003047044	leiden2	ST8	12.078	state_04	SRPI	0.232480114732456	state_04	G-A
5	LV3003047044	leiden6	ST8	12.078	state_04	SRPI	-0.501512854534069	state_04	G-A
5	LV3003047044	leiden3	ST8	12.078	state_04	SRPI	-0.278251209746644	state_04	G-A
5	LV3003047044	grey	ST8	12.078	state_04	SRPI	-0.935686658410274	state_04	G-A
5	LV3003047044	leiden5	ST8	12.078	state_04	SRPI	1.13177037893916	state_04	G-A
5	LV3003047070	leiden4	ST8	30.128	state_04	SRPI	1.03270709536811	state_04	G-A
5	LV3003047070	leiden1	ST8	30.128	state_04	SRPI	0.444637174817411	state_04	G-A
5	LV3003047070	leiden2	ST8	30.128	state_04	SRPI	0.919598076589477	state_04	G-A
5	LV3003047070	leiden6	ST8	30.128	state_04	SRPI	0.721392125798631	state_04	G-A
5	LV3003047070	leiden5	ST8	30.128	state_04	SRPI	2.15868276771692	state_04	G-A
5	LV3003047070	leiden3	ST8	30.128	state_04	SRPI	2.16746634648253	state_04	G-A
5	LV3003047070	grey	ST8	30.128	state_04	SRPI	-7.44448358677308	state_04	G-A
5	LV3003047071	leiden1	ST8	26.141	state_04	SRPI	-0.122990511433198	state_04	G-A
5	LV3003047071	leiden3	ST8	26.141	state_04	SRPI	0.566430503896629	state_04	G-A
5	LV3003047071	leiden4	ST8	26.141	state_04	SRPI	-0.271699432686554	state_04	G-A
5	LV3003047071	leiden2	ST8	26.141	state_04	SRPI	-0.374947242083317	state_04	G-A
5	LV3003047071	leiden6	ST8	26.141	state_04	SRPI	-0.4097904693081	state_04	G-A
5	LV3003047071	grey	ST8	26.141	state_04	SRPI	-0.179014332349369	state_04	G-A
5	LV3003047071	leiden5	ST8	26.141	state_04	SRPI	0.792011483963908	state_04	G-A
5	LV3003047084	leiden1	ST8	33.276	state_04	SRPI	-0.295529792271014	state_04	G-A
5	LV3003047084	leiden3	ST8	33.276	state_04	SRPI	0.160070278478506	state_04	G-A
5	LV3003047084	leiden4	ST8	33.276	state_04	SRPI	-0.34438055299894	state_04	G-A
5	LV3003047084	leiden6	ST8	33.276	state_04	SRPI	-0.530902539402791	state_04	G-A
5	LV3003047084	leiden2	ST8	33.276	state_04	SRPI	-0.302332105010356	state_04	G-A
5	LV3003047084	grey	ST8	33.276	state_04	SRPI	0.197817358941424	state_04	G-A
5	LV3003047084	leiden5	ST8	33.276	state_04	SRPI	1.11525735226317	state_04	G-A
5	LV3003047085	leiden1	ST8	29.703	state_04	SRPI	-0.447408585129164	state_04	G-A
5	LV3003047085	leiden2	ST8	29.703	state_04	SRPI	-0.29016734456026	state_04	G-A
5	LV3003047085	leiden4	ST8	29.703	state_04	SRPI	-0.0854593576191603	state_04	G-A
5	LV3003047085	leiden6	ST8	29.703	state_04	SRPI	-0.260324532800987	state_04	G-A
5	LV3003047085	grey	ST8	29.703	state_04	SRPI	-0.169884267214176	state_04	G-A
5	LV3003047085	leiden3	ST8	29.703	state_04	SRPI	0.70488532542507	state_04	G-A
5	LV3003047085	leiden5	ST8	29.703	state_04	SRPI	0.548358761898679	state_04	G-A
5	LV3003047096	leiden1	ST8	36.89377	state_04	SRPI	-0.0340720214929386	state_04	G-A
5	LV3003047096	leiden4	ST8	36.89377	state_04	SRPI	-0.0101893103916615	state_04	G-A
5	LV3003047096	leiden2	ST8	36.89377	state_04	SRPI	-0.265878683371727	state_04	G-A
5	LV3003047096	leiden6	ST8	36.89377	state_04	SRPI	-1.29022560273564	state_04	G-A
5	LV3003047096	leiden3	ST8	36.89377	state_04	SRPI	0.901717867846503	state_04	G-A
5	LV3003047096	leiden5	ST8	36.89377	state_04	SRPI	0.698647750145467	state_04	G-A
5	LV3003047097	leiden1	ST8	32.835	state_04	SRPI	-0.514977814733475	state_04	G-A
5	LV3003047097	leiden4	ST8	32.835	state_04	SRPI	-0.261595333596937	state_04	G-A
5	LV3003047097	leiden2	ST8	32.835	state_04	SRPI	-0.518922913603779	state_04	G-A
5	LV3003047097	leiden6	ST8	32.835	state_04	SRPI	-0.55642951052683	state_04	G-A
5	LV3003047097	leiden3	ST8	32.835	state_04	SRPI	0.357747580256949	state_04	G-A
5	LV3003047097	leiden5	ST8	32.835	state_04	SRPI	1.22424636149516	state_04	G-A
5	LV3003047097	grey	ST8	32.835	state_04	SRPI	0.269931630708908	state_04	G-A
5	LV3003047098	leiden4	ST8	29.278	state_04	SRPI	-0.183449380220747	state_04	G-A
5	LV3003047098	leiden3	ST8	29.278	state_04	SRPI	1.04629559233823	state_04	G-A
5	LV3003047098	leiden2	ST8	29.278	state_04	SRPI	-0.255808438209123	state_04	G-A
5	LV3003047098	leiden6	ST8	29.278	state_04	SRPI	-0.561272894347315	state_04	G-A
5	LV3003047098	grey	ST8	29.278	state_04	SRPI	-0.372374485444571	state_04	G-A
5	LV3003047098	leiden5	ST8	29.278	state_04	SRPI	0.985531598820299	state_04	G-A
5	LV3003047098	leiden1	ST8	29.278	state_04	SRPI	-0.658921992936773	state_04	G-A
5	LV3003047113	leiden1	ST8	36.48927	state_04	SRPI	-0.0799543212268608	state_04	G-A
5	LV3003047113	leiden4	ST8	36.48927	state_04	SRPI	0.111604516190637	state_04	G-A
5	LV3003047113	leiden2	ST8	36.48927	state_04	SRPI	-0.0406099135127733	state_04	G-A
5	LV3003047113	leiden6	ST8	36.48927	state_04	SRPI	-0.740154755691445	state_04	G-A
5	LV3003047113	leiden3	ST8	36.48927	state_04	SRPI	1.00237117794424	state_04	G-A
5	LV3003047113	leiden5	ST8	36.48927	state_04	SRPI	0.918675741556465	state_04	G-A
5	LV3003047113	grey	ST8	36.48927	state_04	SRPI	-1.17193244526026	state_04	G-A
5	LV3003047114	leiden3	ST8	32.3855	state_04	SRPI	-0.0650532926695218	state_04	G-A
5	LV3003047114	leiden4	ST8	32.3855	state_04	SRPI	-0.548122175997407	state_04	G-A
5	LV3003047114	leiden6	ST8	32.3855	state_04	SRPI	-0.0590848599175735	state_04	G-A
5	LV3003047114	grey	ST8	32.3855	state_04	SRPI	0.514246319076611	state_04	G-A
5	LV3003047114	leiden2	ST8	32.3855	state_04	SRPI	-0.421325953444282	state_04	G-A
5	LV3003047114	leiden5	ST8	32.3855	state_04	SRPI	1.3645861364561	state_04	G-A
5	LV3003047114	leiden1	ST8	32.3855	state_04	SRPI	-0.785246173503923	state_04	G-A
5	LV3003047117	leiden1	ST8	28.7616666666667	state_04	SRPI	-0.437408645836704	state_04	G-A
5	LV3003047117	leiden4	ST8	28.7616666666667	state_04	SRPI	-0.290957426521598	state_04	G-A
5	LV3003047117	leiden6	ST8	28.7616666666667	state_04	SRPI	-0.481123099258784	state_04	G-A
5	LV3003047117	leiden2	ST8	28.7616666666667	state_04	SRPI	-0.351337761435423	state_04	G-A
5	LV3003047117	leiden5	ST8	28.7616666666667	state_04	SRPI	0.873847155816397	state_04	G-A
5	LV3003047117	leiden3	ST8	28.7616666666667	state_04	SRPI	0.659729283608547	state_04	G-A
5	LV3003047117	grey	ST8	28.7616666666667	state_04	SRPI	0.027250493627564	state_04	G-A
5	LV3003047128	leiden1	ST8	39.57797	state_04	SRPI	-0.506962139079265	state_04	G-A
5	LV3003047128	leiden4	ST8	39.57797	state_04	SRPI	0.134962228305698	state_04	G-A
5	LV3003047128	leiden2	ST8	39.57797	state_04	SRPI	0.154849055627012	state_04	G-A
5	LV3003047128	leiden6	ST8	39.57797	state_04	SRPI	-0.619561223304166	state_04	G-A
5	LV3003047128	leiden3	ST8	39.57797	state_04	SRPI	1.09393631488589	state_04	G-A
5	LV3003047128	leiden5	ST8	39.57797	state_04	SRPI	1.09204462115337	state_04	G-A
5	LV3003047128	grey	ST8	39.57797	state_04	SRPI	-1.34926885758854	state_04	G-A
5	LV3003047129	leiden4	ST8	36.0373	state_04	SRPI	0.993578449322773	state_04	G-A
5	LV3003047129	leiden2	ST8	36.0373	state_04	SRPI	1.03392318892735	state_04	G-A
5	LV3003047129	leiden1	ST8	36.0373	state_04	SRPI	0.962868417692615	state_04	G-A
5	LV3003047129	leiden6	ST8	36.0373	state_04	SRPI	0.327223347111554	state_04	G-A
5	LV3003047129	leiden3	ST8	36.0373	state_04	SRPI	2.03472766932997	state_04	G-A
5	LV3003047129	leiden5	ST8	36.0373	state_04	SRPI	1.98197590430161	state_04	G-A
5	LV3003047129	grey	ST8	36.0373	state_04	SRPI	-7.33429697668588	state_04	G-A
5	LV3003047130	leiden1	ST8	31.936	state_04	SRPI	-0.137894746528424	state_04	G-A
5	LV3003047130	leiden4	ST8	31.936	state_04	SRPI	-0.541031702380694	state_04	G-A
5	LV3003047130	leiden2	ST8	31.936	state_04	SRPI	-0.755766426368718	state_04	G-A
5	LV3003047130	leiden6	ST8	31.936	state_04	SRPI	-0.218420482232988	state_04	G-A
5	LV3003047130	grey	ST8	31.936	state_04	SRPI	0.423230624981422	state_04	G-A
5	LV3003047130	leiden3	ST8	31.936	state_04	SRPI	0.334635206619033	state_04	G-A
5	LV3003047130	leiden5	ST8	31.936	state_04	SRPI	0.89524752591037	state_04	G-A
5	LV3003047131	leiden4	ST8	28.2453333333333	state_04	SRPI	-0.249937273696064	state_04	G-A
5	LV3003047131	leiden2	ST8	28.2453333333333	state_04	SRPI	-0.426758302878765	state_04	G-A
5	LV3003047131	leiden6	ST8	28.2453333333333	state_04	SRPI	-0.726103509216665	state_04	G-A
5	LV3003047131	leiden3	ST8	28.2453333333333	state_04	SRPI	0.534031074491203	state_04	G-A
5	LV3003047131	leiden5	ST8	28.2453333333333	state_04	SRPI	1.08038590289705	state_04	G-A
5	LV3003047131	leiden1	ST8	28.2453333333333	state_04	SRPI	-0.0935073363234976	state_04	G-A
5	LV3003047131	grey	ST8	28.2453333333333	state_04	SRPI	-0.118110555273266	state_04	G-A
5	LV3003047143	leiden4	ST8	31.398	state_04	SRPI	-0.266887548232497	state_04	G-A
5	LV3003047143	leiden2	ST8	31.398	state_04	SRPI	-0.61538045882065	state_04	G-A
5	LV3003047143	leiden6	ST8	31.398	state_04	SRPI	-0.443877042057462	state_04	G-A
5	LV3003047143	leiden3	ST8	31.398	state_04	SRPI	0.222931286417389	state_04	G-A
5	LV3003047143	leiden5	ST8	31.398	state_04	SRPI	1.13889354864161	state_04	G-A
5	LV3003047143	leiden1	ST8	31.398	state_04	SRPI	-0.338958279595584	state_04	G-A
5	LV3003047143	grey	ST8	31.398	state_04	SRPI	0.303278493647197	state_04	G-A
5	LV3003047144	leiden1	ST8	27.729	state_04	SRPI	-0.203843831117515	state_04	G-A
5	LV3003047144	leiden4	ST8	27.729	state_04	SRPI	-0.168269224437608	state_04	G-A
5	LV3003047144	leiden2	ST8	27.729	state_04	SRPI	-0.30608517281706	state_04	G-A
5	LV3003047144	grey	ST8	27.729	state_04	SRPI	-0.322610699766662	state_04	G-A
5	LV3003047144	leiden6	ST8	27.729	state_04	SRPI	-0.785213655821148	state_04	G-A
5	LV3003047144	leiden3	ST8	27.729	state_04	SRPI	0.422316877593931	state_04	G-A
5	LV3003047144	leiden5	ST8	27.729	state_04	SRPI	1.36370570636606	state_04	G-A
5	LV3003047155	leiden4	ST8	30.9475	state_04	SRPI	-0.205181671914838	state_04	G-A
5	LV3003047155	leiden1	ST8	30.9475	state_04	SRPI	-0.32365558013215	state_04	G-A
5	LV3003047155	leiden2	ST8	30.9475	state_04	SRPI	-0.499936150185799	state_04	G-A
5	LV3003047155	leiden6	ST8	30.9475	state_04	SRPI	-0.609920440001285	state_04	G-A
5	LV3003047155	grey	ST8	30.9475	state_04	SRPI	-0.176848912805814	state_04	G-A
5	LV3003047155	leiden5	ST8	30.9475	state_04	SRPI	1.30792666414118	state_04	G-A
5	LV3003047155	leiden3	ST8	30.9475	state_04	SRPI	0.507616090898703	state_04	G-A
5	LV3003047156	leiden1	ST8	27.1996666666667	state_04	SRPI	-0.286950152875549	state_04	G-A
5	LV3003047156	leiden4	ST8	27.1996666666667	state_04	SRPI	-0.338348289736274	state_04	G-A
5	LV3003047156	leiden2	ST8	27.1996666666667	state_04	SRPI	-0.276783701501578	state_04	G-A
5	LV3003047156	leiden6	ST8	27.1996666666667	state_04	SRPI	-0.437877478649842	state_04	G-A
5	LV3003047156	grey	ST8	27.1996666666667	state_04	SRPI	-0.0853972789978886	state_04	G-A
5	LV3003047156	leiden3	ST8	27.1996666666667	state_04	SRPI	0.434425066510823	state_04	G-A
5	LV3003047156	leiden5	ST8	27.1996666666667	state_04	SRPI	0.990931835250308	state_04	G-A
5	LV3003047168	leiden1	ST8	30.497	state_04	SRPI	-0.0841391555323239	state_04	G-A
5	LV3003047168	leiden4	ST8	30.497	state_04	SRPI	-0.179632331864358	state_04	G-A
5	LV3003047168	leiden2	ST8	30.497	state_04	SRPI	-0.277960025651124	state_04	G-A
5	LV3003047168	grey	ST8	30.497	state_04	SRPI	-0.836929871225515	state_04	G-A
5	LV3003047168	leiden6	ST8	30.497	state_04	SRPI	-0.303808789517246	state_04	G-A
5	LV3003047168	leiden5	ST8	30.497	state_04	SRPI	1.02782465880429	state_04	G-A
5	LV3003047168	leiden3	ST8	30.497	state_04	SRPI	0.654645514986273	state_04	G-A
5	LV3003047169	leiden1	ST8	26.6703333333333	state_04	SRPI	0.0879232620173228	state_04	G-A
5	LV3003047169	leiden4	ST8	26.6703333333333	state_04	SRPI	-0.278024206481309	state_04	G-A
5	LV3003047169	leiden2	ST8	26.6703333333333	state_04	SRPI	-0.435394953723962	state_04	G-A
5	LV3003047169	leiden6	ST8	26.6703333333333	state_04	SRPI	-0.606170217372407	state_04	G-A
5	LV3003047169	leiden5	ST8	26.6703333333333	state_04	SRPI	0.901187826782701	state_04	G-A
5	LV3003047169	leiden3	ST8	26.6703333333333	state_04	SRPI	0.798020381013963	state_04	G-A
5	LV3003047169	grey	ST8	26.6703333333333	state_04	SRPI	-0.467542092236309	state_04	G-A
5	LV3003061476	leiden1	ST13	37.16	state_04	SRPI	0.365448441504411	state_04	G-A
5	LV3003061476	leiden3	ST13	37.16	state_04	SRPI	0.256579666844383	state_04	G-A
5	LV3003061476	leiden4	ST13	37.16	state_04	SRPI	0.587924628457225	state_04	G-A
5	LV3003061476	leiden2	ST13	37.16	state_04	SRPI	0.380867862842497	state_04	G-A
5	LV3003061476	leiden6	ST13	37.16	state_04	SRPI	-0.200499314514564	state_04	G-A
5	LV3003061476	grey	ST13	37.16	state_04	SRPI	-1.03686919918645	state_04	G-A
5	LV3003061476	leiden5	ST13	37.16	state_04	SRPI	-0.353452085947503	state_04	G-A
5	LV3003061488	leiden1	ST13	35.041	state_04	SRPI	-0.110040286021998	state_04	G-A
5	LV3003061488	leiden3	ST13	35.041	state_04	SRPI	-0.563011711133182	state_04	G-A
5	LV3003061488	leiden4	ST13	35.041	state_04	SRPI	0.287319829424833	state_04	G-A
5	LV3003061488	leiden2	ST13	35.041	state_04	SRPI	0.0674668585092648	state_04	G-A
5	LV3003061488	leiden5	ST13	35.041	state_04	SRPI	0.37233356591628	state_04	G-A
5	LV3003061488	leiden6	ST13	35.041	state_04	SRPI	-0.348951382797618	state_04	G-A
5	LV3003061488	grey	ST13	35.041	state_04	SRPI	0.29488312610242	state_04	G-A
5	LV3003061505	leiden1	ST13	32.81	state_04	SRPI	1.02803675130472	state_04	G-A
5	LV3003061505	leiden4	ST13	32.81	state_04	SRPI	1.02380363954651	state_04	G-A
5	LV3003061505	leiden2	ST13	32.81	state_04	SRPI	0.835305762843603	state_04	G-A
5	LV3003061505	leiden5	ST13	32.81	state_04	SRPI	1.92108600986216	state_04	G-A
5	LV3003061505	leiden6	ST13	32.81	state_04	SRPI	0.914260976354711	state_04	G-A
5	LV3003061505	leiden3	ST13	32.81	state_04	SRPI	1.61087044028392	state_04	G-A
5	LV3003061505	grey	ST13	32.81	state_04	SRPI	-7.33336358019563	state_04	G-A
5	LV3003061517	leiden1	ST13	30.678	state_04	SRPI	0.174626123954201	state_04	G-A
5	LV3003061517	leiden3	ST13	30.678	state_04	SRPI	0.855472529431293	state_04	G-A
5	LV3003061517	leiden4	ST13	30.678	state_04	SRPI	0.232847052375403	state_04	G-A
5	LV3003061517	leiden2	ST13	30.678	state_04	SRPI	0.0167677751003108	state_04	G-A
5	LV3003061517	leiden5	ST13	30.678	state_04	SRPI	0.685027354840479	state_04	G-A
5	LV3003061517	leiden6	ST13	30.678	state_04	SRPI	-0.251169869994958	state_04	G-A
5	LV3003061517	grey	ST13	30.678	state_04	SRPI	-1.71357096570673	state_04	G-A
5	LV3003061531	leiden1	ST13	28.445	state_04	SRPI	-0.37102419499207	state_04	G-A
5	LV3003061531	leiden2	ST13	28.445	state_04	SRPI	-0.100524639882524	state_04	G-A
5	LV3003061531	leiden3	ST13	28.445	state_04	SRPI	-0.268862582490796	state_04	G-A
5	LV3003061531	leiden4	ST13	28.445	state_04	SRPI	0.0146831743632154	state_04	G-A
5	LV3003061531	leiden5	ST13	28.445	state_04	SRPI	1.0400576918772	state_04	G-A
5	LV3003061531	leiden6	ST13	28.445	state_04	SRPI	-0.64228419254313	state_04	G-A
5	LV3003061531	grey	ST13	28.445	state_04	SRPI	0.327954743668101	state_04	G-A
5	LV3003061545	leiden1	ST13	23.172	state_04	SRPI	-0.104071617459894	state_04	G-A
5	LV3003061545	leiden4	ST13	23.172	state_04	SRPI	0.201678621303193	state_04	G-A
5	LV3003061545	leiden3	ST13	23.172	state_04	SRPI	-0.483180036980657	state_04	G-A
5	LV3003061545	leiden2	ST13	23.172	state_04	SRPI	0.0488915133017524	state_04	G-A
5	LV3003061545	leiden6	ST13	23.172	state_04	SRPI	-0.155264493285444	state_04	G-A
5	LV3003061545	grey	ST13	23.172	state_04	SRPI	-0.677948962532773	state_04	G-A
5	LV3003061545	leiden5	ST13	23.172	state_04	SRPI	1.16989497565382	state_04	G-A
5	LV3003061558	leiden1	ST13	42.626	state_04	SRPI	0.728221486082518	state_04	G-A
5	LV3003061558	leiden2	ST13	42.626	state_04	SRPI	1.19076852363948	state_04	G-A
5	LV3003061558	leiden3	ST13	42.626	state_04	SRPI	0.827811780867524	state_04	G-A
5	LV3003061558	leiden4	ST13	42.626	state_04	SRPI	1.53764078534169	state_04	G-A
5	LV3003061558	leiden5	ST13	42.626	state_04	SRPI	1.75944549070926	state_04	G-A
5	LV3003061558	leiden6	ST13	42.626	state_04	SRPI	0.790192143167306	state_04	G-A
5	LV3003061558	grey	ST13	42.626	state_04	SRPI	-6.83408020980777	state_04	G-A
5	LV3003061559	leiden3	ST13	21.069	state_04	SRPI	1.98426374875211	state_04	G-A
5	LV3003061559	leiden4	ST13	21.069	state_04	SRPI	1.2153478544854	state_04	G-A
5	LV3003061559	leiden1	ST13	21.069	state_04	SRPI	0.653862635637183	state_04	G-A
5	LV3003061559	leiden2	ST13	21.069	state_04	SRPI	0.96246030944009	state_04	G-A
5	LV3003061559	leiden5	ST13	21.069	state_04	SRPI	1.72139326214962	state_04	G-A
5	LV3003061559	leiden6	ST13	21.069	state_04	SRPI	0.677334336834091	state_04	G-A
5	LV3003061559	grey	ST13	21.069	state_04	SRPI	-7.21466214729849	state_04	G-A
5	LV3003061571	leiden4	ST13	40.457	state_04	SRPI	1.34534077281275	state_04	G-A
5	LV3003061571	leiden1	ST13	40.457	state_04	SRPI	1.33444036112804	state_04	G-A
5	LV3003061571	leiden2	ST13	40.457	state_04	SRPI	1.03933466438609	state_04	G-A
5	LV3003061571	leiden5	ST13	40.457	state_04	SRPI	2.2315290879521	state_04	G-A
5	LV3003061571	leiden6	ST13	40.457	state_04	SRPI	0.447061149180803	state_04	G-A
5	LV3003061571	leiden3	ST13	40.457	state_04	SRPI	0.816034040654787	state_04	G-A
5	LV3003061571	grey	ST13	40.457	state_04	SRPI	-7.21374007611457	state_04	G-A
5	LV7008886703	leiden1	GeoB25202_R1	27.6855	state_04	SRPI	-0.240945786810622	state_04	G-A
5	LV7008886703	leiden3	GeoB25202_R1	27.6855	state_04	SRPI	1.12788668942221	state_04	G-A
5	LV7008886703	leiden4	GeoB25202_R1	27.6855	state_04	SRPI	-0.0610292124947577	state_04	G-A
5	LV7008886703	leiden5	GeoB25202_R1	27.6855	state_04	SRPI	0.834678111651552	state_04	G-A
5	LV7008886703	leiden2	GeoB25202_R1	27.6855	state_04	SRPI	-0.185963629268788	state_04	G-A
5	LV7008886703	leiden6	GeoB25202_R1	27.6855	state_04	SRPI	-0.870645936279429	state_04	G-A
5	LV7008886703	grey	GeoB25202_R1	27.6855	state_04	SRPI	-0.603980236220163	state_04	G-A
5	LV7008886715	leiden1	GeoB25202_R2	27.6855	state_04	SRPI	-0.32622469433706	state_04	G-A
5	LV7008886715	leiden2	GeoB25202_R2	27.6855	state_04	SRPI	-0.161281099403271	state_04	G-A
5	LV7008886715	leiden3	GeoB25202_R2	27.6855	state_04	SRPI	-0.230911171916926	state_04	G-A
5	LV7008886715	leiden4	GeoB25202_R2	27.6855	state_04	SRPI	0.206109733309426	state_04	G-A
5	LV7008886715	leiden5	GeoB25202_R2	27.6855	state_04	SRPI	1.33245803818726	state_04	G-A
5	LV7008886715	leiden6	GeoB25202_R2	27.6855	state_04	SRPI	-0.722750647394597	state_04	G-A
5	LV7008886715	grey	GeoB25202_R2	27.6855	state_04	SRPI	-0.0974001584448334	state_04	G-A
5	LV7008886728	leiden3	GeoB25202_R2	50.3555	state_04	SRPI	1.41552670270721	state_04	G-A
5	LV7008886728	leiden4	GeoB25202_R2	50.3555	state_04	SRPI	1.95431555566536	state_04	G-A
5	LV7008886728	leiden2	GeoB25202_R2	50.3555	state_04	SRPI	1.78188995928178	state_04	G-A
5	LV7008886728	leiden6	GeoB25202_R2	50.3555	state_04	SRPI	1.00998753360857	state_04	G-A
5	LV7008886728	leiden1	GeoB25202_R2	50.3555	state_04	SRPI	2.06754128416178	state_04	G-A
5	LV7008886728	grey	GeoB25202_R2	50.3555	state_04	SRPI	-1.75414022731455	state_04	G-A
5	LV7008886728	leiden5	GeoB25202_R2	50.3555	state_04	SRPI	-6.47512080811015	state_04	G-A
5	LV7008886752	leiden3	GeoB25202_R2	43.105	state_04	SRPI	1.72562470870299	state_04	G-A
5	LV7008886752	leiden4	GeoB25202_R2	43.105	state_04	SRPI	0.524457235481347	state_04	G-A
5	LV7008886752	leiden5	GeoB25202_R2	43.105	state_04	SRPI	1.75210215422912	state_04	G-A
5	LV7008886752	leiden2	GeoB25202_R2	43.105	state_04	SRPI	0.40280839563807	state_04	G-A
5	LV7008886752	leiden6	GeoB25202_R2	43.105	state_04	SRPI	-0.509187427310219	state_04	G-A
5	LV7008886752	leiden1	GeoB25202_R2	43.105	state_04	SRPI	-0.75677522842641	state_04	G-A
5	LV7008886752	grey	GeoB25202_R2	43.105	state_04	SRPI	-3.1390298383149	state_04	G-A
5	LV7008886776	leiden1	GeoB25202_R1	36.607	state_04	SRPI	0.138681917392452	state_04	G-A
5	LV7008886776	leiden2	GeoB25202_R1	36.607	state_04	SRPI	0.357838334985014	state_04	G-A
5	LV7008886776	leiden3	GeoB25202_R1	36.607	state_04	SRPI	0.574380634442002	state_04	G-A
5	LV7008886776	leiden4	GeoB25202_R1	36.607	state_04	SRPI	0.45953968161789	state_04	G-A
5	LV7008886776	leiden5	GeoB25202_R1	36.607	state_04	SRPI	0.649858697988032	state_04	G-A
5	LV7008886776	leiden6	GeoB25202_R1	36.607	state_04	SRPI	-0.453581670549345	state_04	G-A
5	LV7008886776	grey	GeoB25202_R1	36.607	state_04	SRPI	-1.72671759587604	state_04	G-A
