sample	module	module_abundance	n_taxa_in_module_sample	n_taxa_with_comp	n_taxa_with_ko	n_taxa_with_oap	frac_taxa_with_comp	frac_taxa_with_ko	frac_taxa_with_oap	weight_supported_comp	weight_supported_ko	weight_supported_oap	tea_mode	state	state_label	core	age_kyr
LV3003046936	grey	0.227473761205709	547	499	477	434	0.912248628884826	0.872029250457038	0.793418647166362	0.94676575060759	0.91480884277435	0.84562535053281	ko	3	IG-A	ST8	22.905
LV3003046936	green	0.00578678109105755	26	26	26	19	1	1	0.730769230769231	1	1	0.7940474003307	ko	3	IG-A	ST8	22.905
LV3003046936	turquoise	0.641368414785582	234	233	223	187	0.995726495726496	0.952991452991453	0.799145299145299	0.999443031763766	0.953416071848902	0.807552555589077	ko	3	IG-A	ST8	22.905
LV3003046936	yellow	0.0947865812169357	75	73	69	54	0.973333333333333	0.92	0.72	0.984942039470364	0.954618615789267	0.759027766094072	ko	3	IG-A	ST8	22.905
LV3003046936	blue	0.0232688562097062	124	105	94	79	0.846774193548387	0.758064516129032	0.637096774193548	0.900006853539854	0.838028008132867	0.667352020652	ko	3	IG-A	ST8	22.905
LV3003046936	brown	0.00731560549100992	38	35	24	30	0.921052631578947	0.631578947368421	0.789473684210526	0.914837959598896	0.579058276413312	0.808312745240517	ko	3	IG-A	ST8	22.905
LV3003046937	grey	0.171712915879704	242	228	220	204	0.942148760330578	0.909090909090909	0.84297520661157	0.950101531432439	0.932587359336661	0.883778238429647	ko	3	IG-A	ST8	18.598
LV3003046937	turquoise	0.714223449077437	224	223	214	178	0.995535714285714	0.955357142857143	0.794642857142857	0.999476200162734	0.952194365337673	0.835961655817738	ko	3	IG-A	ST8	18.598
LV3003046937	yellow	0.0933077873020485	74	72	69	53	0.972972972972973	0.932432432432432	0.716216216216216	0.983534128729637	0.958504447342299	0.773097958309815	ko	3	IG-A	ST8	18.598
LV3003046937	blue	0.0080833212262095	23	22	22	16	0.956521739130435	0.956521739130435	0.695652173913044	0.960682992585936	0.960682992585936	0.712424174342844	ko	3	IG-A	ST8	18.598
LV3003046937	brown	0.00801067848321953	15	14	9	14	0.933333333333333	0.6	0.933333333333333	0.932668329177057	0.538199954658808	0.932668329177057	ko	3	IG-A	ST8	18.598
LV3003046937	green	0.00466184803138167	14	14	14	11	1	1	0.785714285714286	1	1	0.787689910401247	ko	3	IG-A	ST8	18.598
LV3003046938	green	0.144800523217789	64	60	55	44	0.9375	0.859375	0.6875	0.970881035340966	0.861401471157569	0.667321128993603	ko	5	IG-C	ST8	11.169
LV3003046938	turquoise	0.511574858851323	198	197	189	153	0.994949494949495	0.954545454545455	0.772727272727273	0.998865050603089	0.967449129480767	0.732099760747449	ko	5	IG-C	ST8	11.169
LV3003046938	grey	0.305049318615608	311	276	265	226	0.887459807073955	0.852090032154341	0.726688102893891	0.918055883717064	0.902190368678515	0.769337463792847	ko	5	IG-C	ST8	11.169
LV3003046938	yellow	0.0332403464983116	66	65	61	49	0.984848484848485	0.924242424242424	0.742424242424242	0.994378413106328	0.941655958882107	0.750361387728879	ko	5	IG-C	ST8	11.169
LV3003046938	blue	0.00533495281696721	19	17	16	13	0.894736842105263	0.842105263157895	0.68421052631579	0.876157117838379	0.839379534650988	0.677758318739054	ko	5	IG-C	ST8	11.169
LV3003046939	green	0.0813613407686019	59	56	52	41	0.949152542372881	0.88135593220339	0.694915254237288	0.985393258426966	0.914145986581521	0.640667690566648	ko	5	IG-C	ST8	2.42
LV3003046939	turquoise	0.66897950083558	205	205	196	161	1	0.95609756097561	0.785365853658537	1	0.91275324818322	0.865197447069557	ko	5	IG-C	ST8	2.42
LV3003046939	grey	0.231337565710249	203	185	175	147	0.911330049261084	0.862068965517241	0.724137931034483	0.962808707345295	0.938962157674933	0.891908719001333	ko	5	IG-C	ST8	2.42
LV3003046939	yellow	0.0165096898982638	58	58	54	41	1	0.931034482758621	0.706896551724138	1	0.917181213400789	0.732143568497789	ko	5	IG-C	ST8	2.42
LV3003046939	blue	0.00181190278730497	16	15	14	10	0.9375	0.875	0.625	0.908166969147005	0.839201451905626	0.559709618874773	ko	5	IG-C	ST8	2.42
LV3003046949	grey	0.205364837223529	455	425	409	376	0.934065934065934	0.898901098901099	0.826373626373626	0.949640877086506	0.916625398870318	0.860234351437795	ko	3	IG-A	ST8	22.3686666666667
LV3003046949	green	0.00507044407485997	22	22	21	16	1	0.954545454545455	0.727272727272727	1	0.983260443372041	0.819785854320615	ko	3	IG-A	ST8	22.3686666666667
LV3003046949	turquoise	0.676260824683145	231	231	221	186	1	0.956709956709957	0.805194805194805	1	0.97212790183594	0.835984292122203	ko	3	IG-A	ST8	22.3686666666667
LV3003046949	yellow	0.0870814933761542	76	74	70	55	0.973684210526316	0.921052631578947	0.723684210526316	0.986670530281078	0.958896411229068	0.769939323691859	ko	3	IG-A	ST8	22.3686666666667
LV3003046949	blue	0.0202557779434536	111	95	88	74	0.855855855855856	0.792792792792793	0.666666666666667	0.868440921102303	0.814080785201963	0.658965647414119	ko	3	IG-A	ST8	22.3686666666667
LV3003046949	brown	0.00596662269885875	21	19	14	17	0.904761904761905	0.666666666666667	0.80952380952381	0.945277457388184	0.743816480840702	0.898500576701269	ko	3	IG-A	ST8	22.3686666666667
LV3003046950	grey	0.235457542404424	424	387	370	331	0.912735849056604	0.872641509433962	0.780660377358491	0.931370385387209	0.903994498134395	0.834179313601207	ko	3	IG-A	ST8	18.099
LV3003046950	turquoise	0.620739618227256	227	227	218	182	1	0.960352422907489	0.801762114537445	1	0.940066229677982	0.790872296643545	ko	3	IG-A	ST8	18.099
LV3003046950	yellow	0.113617028475858	76	74	70	55	0.973684210526316	0.921052631578947	0.723684210526316	0.979302055967411	0.951467256618343	0.78959572001404	ko	3	IG-A	ST8	18.099
LV3003046950	blue	0.0156131421085959	65	56	55	45	0.861538461538462	0.846153846153846	0.692307692307692	0.870743034055728	0.858978328173375	0.706578947368421	ko	3	IG-A	ST8	18.099
LV3003046950	brown	0.00863919140358764	23	21	12	18	0.91304347826087	0.521739130434783	0.782608695652174	0.933697020562317	0.443978178766261	0.873548748076654	ko	3	IG-A	ST8	18.099
LV3003046950	green	0.0059334773802791	20	20	20	17	1	1	0.85	1	1	0.85071283095723	ko	3	IG-A	ST8	18.099
LV3003046952	green	0.17778202178914	64	60	55	43	0.9375	0.859375	0.671875	0.971161546123948	0.881247680618762	0.565196585870818	ko	5	IG-C	ST8	10.26
LV3003046952	turquoise	0.535038847172186	190	190	182	151	1	0.957894736842105	0.794736842105263	1	0.96507111357729	0.763230565047101	ko	5	IG-C	ST8	10.26
LV3003046952	yellow	0.030918008594123	55	55	51	41	1	0.927272727272727	0.745454545454546	1	0.950696316262354	0.760388589398023	ko	5	IG-C	ST8	10.26
LV3003046952	grey	0.251497026780676	266	237	228	195	0.890977443609023	0.857142857142857	0.733082706766917	0.883601645772353	0.859653725078699	0.692404871044348	ko	5	IG-C	ST8	10.26
LV3003046952	blue	0.0047640956638743	16	14	14	12	0.875	0.875	0.75	0.838192419825073	0.838192419825073	0.730320699708455	ko	5	IG-C	ST8	10.26
LV3003046953	grey	0.283958253048404	177	165	155	131	0.932203389830508	0.875706214689266	0.740112994350282	0.991124255620158	0.972835036944926	0.952489321420055	ko	5	IG-C	ST8	1.5215
LV3003046953	green	0.0417201394594673	56	52	48	37	0.928571428571429	0.857142857142857	0.660714285714286	0.982255868416753	0.921954141931267	0.595664724143565	ko	5	IG-C	ST8	1.5215
LV3003046953	turquoise	0.654451541834205	204	204	195	161	1	0.955882352941176	0.78921568627451	1	0.77532813283356	0.875306745697228	ko	5	IG-C	ST8	1.5215
LV3003046953	yellow	0.0175433175065985	59	59	55	43	1	0.932203389830508	0.728813559322034	1	0.927934929022899	0.75199461195731	ko	5	IG-C	ST8	1.5215
LV3003046953	blue	0.00227539609251732	22	20	19	10	0.909090909090909	0.863636363636364	0.454545454545455	0.936888356301178	0.91571799480727	0.395646095466347	ko	5	IG-C	ST8	1.5215
LV3003046953	brown	5.13520588085595e-05	1	1	1	1	1	1	1	1	1	1	ko	5	IG-C	ST8	1.5215
LV3003046965	grey	0.2215519533301	565	505	483	446	0.893805309734513	0.854867256637168	0.789380530973451	0.930599850752367	0.88673308974858	0.815014655945497	ko	3	IG-A	ST8	21.8323333333333
LV3003046965	green	0.00615963400491513	29	29	29	21	1	1	0.724137931034483	1	1	0.778697400990099	ko	3	IG-A	ST8	21.8323333333333
LV3003046965	turquoise	0.639078703999283	231	230	220	185	0.995670995670996	0.952380952380952	0.800865800865801	0.999434137395019	0.960940569515737	0.783718962361563	ko	3	IG-A	ST8	21.8323333333333
LV3003046965	yellow	0.0932635673466976	76	74	70	55	0.973684210526316	0.921052631578947	0.723684210526316	0.986426148438777	0.952473639038745	0.745075200261566	ko	3	IG-A	ST8	21.8323333333333
LV3003046965	blue	0.0243288390747971	135	112	101	87	0.82962962962963	0.748148148148148	0.644444444444445	0.855979005914379	0.789804551329756	0.617327954251694	ko	3	IG-A	ST8	21.8323333333333
LV3003046965	brown	0.015617302244207	46	43	27	37	0.934782608695652	0.586956521739131	0.804347826086957	0.93925803892855	0.452041003111843	0.894380377082189	ko	3	IG-A	ST8	21.8323333333333
LV3003046966	grey	0.308766514849249	412	385	370	337	0.934466019417476	0.898058252427185	0.817961165048544	0.962566540696493	0.946714616603682	0.889776098175464	ko	3	IG-A	ST8	17.373
LV3003046966	turquoise	0.569730618185468	226	225	216	179	0.995575221238938	0.955752212389381	0.792035398230089	0.999204987656387	0.95206802310601	0.818662309147487	ko	3	IG-A	ST8	17.373
LV3003046966	yellow	0.0980238641924192	74	72	68	53	0.972972972972973	0.918918918918919	0.716216216216216	0.97027878043161	0.941991142513376	0.786908327573407	ko	3	IG-A	ST8	17.373
LV3003046966	blue	0.00982421801483043	37	35	34	29	0.945945945945946	0.918918918918919	0.783783783783784	0.957854406130268	0.939846743295019	0.822733077905492	ko	3	IG-A	ST8	17.373
LV3003046966	brown	0.0112784030313296	27	26	14	23	0.962962962962963	0.518518518518519	0.851851851851852	0.987762821225943	0.507286683724552	0.930248080987874	ko	3	IG-A	ST8	17.373
LV3003046966	green	0.00237638172670355	11	11	11	8	1	1	0.727272727272727	1	1	0.786166842661035	ko	3	IG-A	ST8	17.373
LV3003046978	grey	0.239493854641152	478	448	424	391	0.937238493723849	0.887029288702929	0.817991631799163	0.963057190423711	0.915008675874036	0.844021853823247	ko	3	IG-A	ST8	21.296
LV3003046978	green	0.00421811197897472	21	21	21	16	1	1	0.761904761904762	1	1	0.784489931769013	ko	3	IG-A	ST8	21.296
LV3003046978	turquoise	0.649486055802063	231	230	222	186	0.995670995670996	0.961038961038961	0.805194805194805	0.99962171936116	0.971958596643678	0.833569488532152	ko	3	IG-A	ST8	21.296
LV3003046978	yellow	0.0727980563973294	75	73	69	54	0.973333333333333	0.92	0.72	0.986943860528803	0.95242319634351	0.752039419127148	ko	3	IG-A	ST8	21.296
LV3003046978	blue	0.0166049989786399	106	92	85	70	0.867924528301887	0.80188679245283	0.660377358490566	0.869245402663285	0.81572606214331	0.618431621221729	ko	3	IG-A	ST8	21.296
LV3003046978	brown	0.0173989222018418	41	38	24	35	0.926829268292683	0.585365853658537	0.853658536585366	0.975550714112806	0.572298878399096	0.944968934075688	ko	3	IG-A	ST8	21.296
LV3003046979	grey	0.284580822468627	325	293	282	255	0.901538461538462	0.867692307692308	0.784615384615385	0.940473336949803	0.920282084600149	0.864388711569758	ko	3	IG-A	ST8	16.461
LV3003046979	green	0.0263373776430273	49	45	41	31	0.918367346938776	0.836734693877551	0.63265306122449	0.927958015267176	0.843375136314068	0.615458015267176	ko	3	IG-A	ST8	16.461
LV3003046979	turquoise	0.578187294800199	215	214	206	172	0.995348837209302	0.958139534883721	0.8	0.998984774725548	0.955333192588545	0.869923873627738	ko	3	IG-A	ST8	16.461
LV3003046979	yellow	0.055281207871774	74	72	68	55	0.972972972972973	0.918918918918919	0.743243243243243	0.976003377061956	0.938173788803741	0.779257046369659	ko	3	IG-A	ST8	16.461
LV3003046979	blue	0.00238565804849941	9	8	8	6	0.888888888888889	0.888888888888889	0.666666666666667	0.897667419112115	0.897667419112115	0.693754702784048	ko	3	IG-A	ST8	16.461
LV3003046979	brown	0.0532276391678739	36	36	22	35	1	0.611111111111111	0.972222222222222	1	0.349318764332929	0.968400107918522	ko	3	IG-A	ST8	16.461
LV3003046980	green	0.13853008381725	60	57	53	41	0.95	0.883333333333333	0.683333333333333	0.976855156866429	0.897526457511428	0.542375853215605	ko	5	IG-C	ST8	8.056
LV3003046980	turquoise	0.609220071030392	202	202	193	160	1	0.955445544554455	0.792079207920792	1	0.948917519607676	0.795573250402975	ko	5	IG-C	ST8	8.056
LV3003046980	yellow	0.0266563492738209	47	47	45	31	1	0.957446808510638	0.659574468085106	1	0.960426972142671	0.739130434782609	ko	5	IG-C	ST8	8.056
LV3003046980	grey	0.221884092419319	221	202	190	157	0.914027149321267	0.859728506787331	0.710407239819005	0.934036031527587	0.891592643563118	0.756028712623546	ko	5	IG-C	ST8	8.056
LV3003046980	blue	0.00370940345921825	10	9	9	7	0.9	0.9	0.7	0.888681010289991	0.888681010289991	0.698783910196445	ko	5	IG-C	ST8	8.056
LV3003046993	grey	0.284711030558345	466	408	384	339	0.875536480686695	0.824034334763949	0.727467811158798	0.928911433929585	0.883877109774212	0.83570572413358	ko	3	IG-A	ST8	20.719
LV3003046993	green	0.0337366414394997	60	56	52	40	0.933333333333333	0.866666666666667	0.666666666666667	0.969944098927958	0.864337052004937	0.642741330493914	ko	3	IG-A	ST8	20.719
LV3003046993	turquoise	0.463899842432258	228	227	217	181	0.995614035087719	0.951754385964912	0.793859649122807	0.999241486967127	0.945943187197849	0.835539943366707	ko	3	IG-A	ST8	20.719
LV3003046993	yellow	0.0351441377452301	74	72	68	54	0.972972972972973	0.918918918918919	0.72972972972973	0.942713777963621	0.888308128324854	0.740051571538086	ko	3	IG-A	ST8	20.719
LV3003046993	blue	0.0121065909035245	55	39	37	30	0.709090909090909	0.672727272727273	0.545454545454545	0.534290916447502	0.50664238991166	0.431451884820285	ko	3	IG-A	ST8	20.719
LV3003046993	brown	0.170401756921143	83	79	46	67	0.951807228915663	0.55421686746988	0.807228915662651	0.96220774243005	0.525134151015715	0.874861057876581	ko	3	IG-A	ST8	20.719
LV3003046994	turquoise	0.417734879657566	179	178	171	143	0.994413407821229	0.955307262569832	0.798882681564246	0.999381929003467	0.922091956525119	0.928156049321288	ko	3	IG-A	ST8	15.549
LV3003046994	grey	0.444926001825191	193	178	164	159	0.922279792746114	0.849740932642487	0.823834196891192	0.990897710558875	0.937944576035504	0.956258645167648	ko	3	IG-A	ST8	15.549
LV3003046994	yellow	0.0216749536395021	48	46	42	38	0.958333333333333	0.875	0.791666666666667	0.95265208270902	0.912870842073719	0.805439017081211	ko	3	IG-A	ST8	15.549
LV3003046994	brown	0.114292024045753	71	71	43	59	1	0.605633802816901	0.830985915492958	1	0.413133666742441	0.908572971129802	ko	3	IG-A	ST8	15.549
LV3003046994	green	0.00120975730157545	5	5	4	3	1	0.8	0.6	1	0.844295302013423	0.610738255033557	ko	3	IG-A	ST8	15.549
LV3003046994	blue	0.000162383530412811	1	1	1	1	1	1	1	1	1	1	ko	3	IG-A	ST8	15.549
LV3003046995	grey	0.202181385829952	168	148	141	112	0.880952380952381	0.839285714285714	0.666666666666667	0.739525886325267	0.712345244794598	0.618514350028137	ko	5	IG-C	ST8	6.9705
LV3003046995	green	0.197519381167947	57	53	51	39	0.929824561403509	0.894736842105263	0.68421052631579	0.987392174651863	0.951858412177244	0.737928601258622	ko	5	IG-C	ST8	6.9705
LV3003046995	turquoise	0.572071207214587	194	193	185	152	0.994845360824742	0.95360824742268	0.783505154639175	0.998953363779426	0.964220454901415	0.790200402246415	ko	5	IG-C	ST8	6.9705
LV3003046995	yellow	0.0233982003353571	50	49	46	35	0.98	0.92	0.7	0.958363724775103	0.900376853877948	0.723559445660102	ko	5	IG-C	ST8	6.9705
LV3003046995	blue	0.00482982545215614	13	12	12	9	0.923076923076923	0.923076923076923	0.692307692307692	0.934628975265018	0.934628975265018	0.42020023557126	ko	5	IG-C	ST8	6.9705
LV3003047009	grey	0.386984755450892	234	207	192	175	0.884615384615385	0.82051282051282	0.747863247863248	0.975405631407711	0.958164979024517	0.919312903611156	ko	3	IG-A	ST8	20.142
LV3003047009	turquoise	0.433729992549043	200	199	190	160	0.995	0.95	0.8	0.99957053022276	0.912215750568969	0.882475752199073	ko	3	IG-A	ST8	20.142
LV3003047009	yellow	0.0284808749707672	60	58	54	41	0.966666666666667	0.9	0.683333333333333	0.942330644006302	0.878502888241753	0.733804363393326	ko	3	IG-A	ST8	20.142
LV3003047009	brown	0.144040050253169	78	75	45	64	0.961538461538461	0.576923076923077	0.82051282051282	0.945666333138251	0.491768770412883	0.841114614208311	ko	3	IG-A	ST8	20.142
LV3003047009	blue	0.00609945123974134	21	10	9	9	0.476190476190476	0.428571428571429	0.428571428571429	0.397235844850646	0.366919304502898	0.366919304502898	ko	3	IG-A	ST8	20.142
LV3003047009	green	0.000664875536387319	3	3	3	2	1	1	0.666666666666667	1	1	0.574642126789366	ko	3	IG-A	ST8	20.142
LV3003047010	green	0.154002613653786	62	58	54	42	0.935483870967742	0.870967741935484	0.67741935483871	0.981160698201401	0.905945710195219	0.601644053815741	ko	5	IG-C	ST8	13.676
LV3003047010	turquoise	0.614169215830857	203	202	193	160	0.995073891625616	0.950738916256158	0.788177339901478	0.999317678776482	0.963399528794193	0.773913932428802	ko	5	IG-C	ST8	13.676
LV3003047010	grey	0.193690727369628	246	225	216	172	0.914634146341463	0.878048780487805	0.699186991869919	0.902165063474354	0.863628139794349	0.697976660736363	ko	5	IG-C	ST8	13.676
LV3003047010	yellow	0.031258715221248	52	52	48	36	1	0.923076923076923	0.692307692307692	1	0.932361733931241	0.74626307922272	ko	5	IG-C	ST8	13.676
LV3003047010	blue	0.00658523942674834	22	21	20	16	0.954545454545455	0.909090909090909	0.727272727272727	0.974279379157428	0.913968957871397	0.749889135254989	ko	5	IG-C	ST8	13.676
LV3003047010	brown	0.00029348849773313	1	1	1	1	1	1	1	1	1	1	ko	5	IG-C	ST8	13.676
LV3003047013	grey	0.199405300624319	171	158	150	121	0.923976608187134	0.87719298245614	0.707602339181287	0.922791902887464	0.898002129081772	0.797671213659132	ko	5	IG-C	ST8	5.885
LV3003047013	green	0.0990995586652669	61	57	52	40	0.934426229508197	0.852459016393443	0.655737704918033	0.98070504624479	0.886721020208226	0.60865450077213	ko	5	IG-C	ST8	5.885
LV3003047013	turquoise	0.678834362894972	192	191	182	151	0.994791666666667	0.947916666666667	0.786458333333333	0.999524881887092	0.927573576645521	0.810902991062446	ko	5	IG-C	ST8	5.885
LV3003047013	yellow	0.0202648666616203	44	43	40	30	0.977272727272727	0.909090909090909	0.681818181818182	0.991636215996752	0.924888347543646	0.721559074299635	ko	5	IG-C	ST8	5.885
LV3003047013	blue	0.0023959111538221	9	8	8	6	0.888888888888889	0.888888888888889	0.666666666666667	0.853021978021978	0.853021978021978	0.56456043956044	ko	5	IG-C	ST8	5.885
LV3003047026	grey	0.4107582756752	404	352	328	297	0.871287128712871	0.811881188118812	0.735148514851485	0.970963614338402	0.933089635603727	0.923238055473897	ko	3	IG-A	ST8	19.565
LV3003047026	turquoise	0.433194051582276	226	225	216	180	0.995575221238938	0.955752212389381	0.79646017699115	0.999534077014646	0.916525722719267	0.880602521909153	ko	3	IG-A	ST8	19.565
LV3003047026	yellow	0.0258558885963771	74	72	68	54	0.972972972972973	0.918918918918919	0.72972972972973	0.94720693078242	0.898339500045122	0.740704810035195	ko	3	IG-A	ST8	19.565
LV3003047026	green	0.00188826620761828	19	19	19	13	1	1	0.68421052631579	1	1	0.701266604881063	ko	3	IG-A	ST8	19.565
LV3003047026	blue	0.00778056678319822	44	27	27	24	0.613636363636364	0.613636363636364	0.545454545454545	0.449317738791423	0.449317738791423	0.402834008097166	ko	3	IG-A	ST8	19.565
LV3003047026	brown	0.120522951155331	82	78	47	67	0.951219512195122	0.573170731707317	0.817073170731707	0.934475264872295	0.46138357961173	0.857484427106273	ko	3	IG-A	ST8	19.565
LV3003047027	green	0.0887700842881602	59	55	52	41	0.932203389830508	0.88135593220339	0.694915254237288	0.955677129213223	0.906826154820962	0.612483966186039	ko	5	IG-C	ST8	12.877
LV3003047027	turquoise	0.610781860485535	207	206	197	162	0.995169082125604	0.951690821256039	0.782608695652174	0.999211618630058	0.970097660461439	0.771528875871487	ko	5	IG-C	ST8	12.877
LV3003047027	grey	0.241959425347908	358	316	302	259	0.88268156424581	0.843575418994413	0.723463687150838	0.89126330292395	0.869343599571358	0.735404346519553	ko	5	IG-C	ST8	12.877
LV3003047027	yellow	0.0515386979235261	69	67	64	50	0.971014492753623	0.927536231884058	0.72463768115942	0.986451235093697	0.951235093696763	0.781223381601363	ko	5	IG-C	ST8	12.877
LV3003047027	blue	0.00636962772729268	22	20	20	16	0.909090909090909	0.909090909090909	0.727272727272727	0.905449063105751	0.905449063105751	0.762868834805083	ko	5	IG-C	ST8	12.877
LV3003047027	brown	0.000580304227578032	2	2	1	2	1	0.5	1	1	0.6548463356974	1	ko	5	IG-C	ST8	12.877
LV3003047028	turquoise	0.802540804307589	29	29	25	22	1	0.862068965517241	0.758620689655172	1	0.894118880385785	0.826187231365971	ko	2	IG-D	ST8	4.753
LV3003047028	grey	0.151018004374895	5	5	5	5	1	1	1	1	1	1	ko	2	IG-D	ST8	4.753
LV3003047028	green	0.0464411913175164	4	4	4	1	1	1	0.25	1	1	0.197463768115942	ko	2	IG-D	ST8	4.753
LV3003047041	grey	0.21422974392921	453	413	391	361	0.911699779249448	0.863134657836645	0.796909492273731	0.948354972311415	0.912519583662959	0.857669815564552	ko	3	IG-A	ST8	19.097
LV3003047041	turquoise	0.676038449498645	233	233	223	187	1	0.957081545064378	0.802575107296137	1	0.951803166195267	0.841370726801372	ko	3	IG-A	ST8	19.097
LV3003047041	yellow	0.0692744960033178	76	74	70	55	0.973684210526316	0.921052631578947	0.723684210526316	0.980505027246911	0.948125335789393	0.748762376237624	ko	3	IG-A	ST8	19.097
LV3003047041	blue	0.0160133136340465	100	86	79	66	0.86	0.79	0.66	0.860961235162281	0.808126504523948	0.635261890927202	ko	3	IG-A	ST8	19.097
LV3003047041	brown	0.0189961206229069	57	54	35	47	0.947368421052632	0.614035087719298	0.824561403508772	0.95633615562242	0.539325449583654	0.878140088167378	ko	3	IG-A	ST8	19.097
LV3003047041	green	0.00544787631187347	26	26	26	20	1	1	0.769230769230769	1	1	0.79565694766378	ko	3	IG-A	ST8	19.097
LV3003047044	grey	0.309383583789876	262	242	230	209	0.923664122137404	0.877862595419847	0.797709923664122	0.948155961869042	0.917760587591811	0.869901547116737	ko	1	G-A	ST8	12.078
LV3003047044	turquoise	0.573911624547864	195	194	186	152	0.994871794871795	0.953846153846154	0.77948717948718	0.998999599839936	0.958099029085318	0.809328994755797	ko	1	G-A	ST8	12.078
LV3003047044	yellow	0.110618894083021	68	66	63	50	0.970588235294118	0.926470588235294	0.735294117647059	0.978228207719835	0.954872019012757	0.806430464118884	ko	1	G-A	ST8	12.078
LV3003047044	green	0.00309129752907723	7	7	6	5	1	0.857142857142857	0.714285714285714	1	0.896383186705767	0.78494623655914	ko	1	G-A	ST8	12.078
LV3003047044	blue	0.00180703413723185	5	5	5	4	1	1	0.8	1	1	0.769230769230769	ko	1	G-A	ST8	12.078
LV3003047044	brown	0.00118756591292996	2	2	1	2	1	0.5	1	1	0.450381679389313	1	ko	1	G-A	ST8	12.078
LV3003047045	grey	0.177549232955595	181	164	155	128	0.906077348066298	0.856353591160221	0.707182320441989	0.945708789416251	0.90274605978108	0.799029148057734	ko	5	IG-C	ST8	3.5865
LV3003047045	green	0.12462361843623	61	58	54	42	0.950819672131147	0.885245901639344	0.688524590163934	0.987033905775441	0.916145111269603	0.566092621827594	ko	5	IG-C	ST8	3.5865
LV3003047045	turquoise	0.673032654190356	201	201	192	158	1	0.955223880597015	0.786069651741294	1	0.945663770653569	0.821125809634746	ko	5	IG-C	ST8	3.5865
LV3003047045	yellow	0.0226283342537933	52	52	49	37	1	0.942307692307692	0.711538461538462	1	0.929428899285021	0.741768911642687	ko	5	IG-C	ST8	3.5865
LV3003047045	blue	0.00216616016402496	12	12	12	8	1	1	0.666666666666667	1	1	0.650069156293223	ko	5	IG-C	ST8	3.5865
LV3003047059	turquoise	0.321071033303149	94	94	89	75	1	0.946808510638298	0.797872340425532	1	0.954992361627953	0.786752320889968	ko	2	IG-D	ST8	107.683
LV3003047059	grey	0.648480732468055	62	60	53	54	0.967741935483871	0.854838709677419	0.870967741935484	0.992901749350297	0.720453046817424	0.964198440712152	ko	2	IG-D	ST8	107.683
LV3003047059	yellow	0.0270399436563035	12	12	12	11	1	1	0.916666666666667	1	1	0.930232558139535	ko	2	IG-D	ST8	107.683
LV3003047059	green	0.0034082905724922	1	1	1	1	1	1	1	1	1	1	ko	2	IG-D	ST8	107.683
LV3003047060	turquoise	0.64129092689573	106	106	101	85	1	0.952830188679245	0.80188679245283	1	0.969725136104103	0.800026556898154	ko	2	IG-D	ST8	106.686
LV3003047060	grey	0.295589049261293	40	37	35	33	0.925	0.875	0.825	0.967230824630897	0.942743968311127	0.907382066978754	ko	2	IG-D	ST8	106.686
LV3003047060	yellow	0.0482394516115298	11	11	11	10	1	1	0.909090909090909	1	1	0.931597528684907	ko	2	IG-D	ST8	106.686
LV3003047060	blue	0.00227785583514285	1	1	1	1	1	1	1	1	1	1	ko	2	IG-D	ST8	106.686
LV3003047060	green	0.0126027163963043	4	4	3	1	1	0.75	0.25	1	0.782094594594595	0.201013513513514	ko	2	IG-D	ST8	106.686
LV3003047061	turquoise	0.433517055700897	67	67	64	53	1	0.955223880597015	0.791044776119403	1	0.966897117412702	0.756034684790251	ko	2	IG-D	ST8	105.689
LV3003047061	grey	0.536968834929263	35	33	30	31	0.942857142857143	0.857142857142857	0.885714285714286	0.982261955442032	0.715245258029422	0.966605174778866	ko	2	IG-D	ST8	105.689
LV3003047061	yellow	0.0295141093698407	7	7	7	6	1	1	0.857142857142857	1	1	0.895869191049914	ko	2	IG-D	ST8	105.689
LV3003047062	grey	0.584121415497254	40	40	33	35	1	0.825	0.875	1	0.628323976150063	0.955694825260043	ko	2	IG-D	ST8	104.692
LV3003047062	turquoise	0.369000406752085	57	57	54	45	1	0.947368421052632	0.789473684210526	1	0.944264553909749	0.817499138821908	ko	2	IG-D	ST8	104.692
LV3003047062	yellow	0.0382601179581045	9	8	8	7	0.888888888888889	0.888888888888889	0.777777777777778	0.932890365448505	0.932890365448505	0.788039867109635	ko	2	IG-D	ST8	104.692
LV3003047062	brown	0.00861805979255644	2	2	2	2	1	1	1	1	1	1	ko	2	IG-D	ST8	104.692
LV3003047063	grey	0.777529459569281	29	29	25	28	1	0.862068965517241	0.96551724137931	1	0.699764828847661	0.991951920564411	ko	2	IG-D	ST8	103.695
LV3003047063	turquoise	0.189028850060951	22	22	20	17	1	0.909090909090909	0.772727272727273	1	0.917239896818573	0.787403267411866	ko	2	IG-D	ST8	103.695
LV3003047063	yellow	0.0334416903697684	6	6	6	6	1	1	1	1	1	1	ko	2	IG-D	ST8	103.695
LV3003047064	turquoise	0.0883517495395948	6	6	5	6	1	0.833333333333333	1	1	0.735799895779052	1	ko	2	IG-D	ST8	96.283
LV3003047064	grey	0.911648250460405	29	29	24	26	1	0.827586206896552	0.896551724137931	1	0.826978435432554	0.973839705065401	ko	2	IG-D	ST8	96.283
LV3003047065	turquoise	0.637418689285612	132	132	126	108	1	0.954545454545455	0.818181818181818	1	0.939466822513936	0.880754360726488	ko	2	IG-D	ST8	53.61018
LV3003047065	grey	0.289788520503195	103	95	92	83	0.922330097087379	0.893203883495146	0.805825242718447	0.934266149168129	0.90860547328867	0.833477540728289	ko	2	IG-D	ST8	53.61018
LV3003047065	yellow	0.0612158638278362	26	25	25	21	0.961538461538461	0.961538461538461	0.807692307692308	0.981860737273259	0.981860737273259	0.814979520187244	ko	2	IG-D	ST8	53.61018
LV3003047065	brown	0.00697051322463249	6	6	6	6	1	1	1	1	1	1	ko	2	IG-D	ST8	53.61018
LV3003047065	blue	0.00460641315872425	3	2	2	1	0.666666666666667	0.666666666666667	0.333333333333333	0.488335925349922	0.488335925349922	0.244167962674961	ko	2	IG-D	ST8	53.61018
LV3003047067	turquoise	0.688699129285169	226	226	217	182	1	0.960176991150442	0.805309734513274	1	0.96540316426318	0.81343671080271	ko	1	G-A	ST8	42.86602
LV3003047067	grey	0.210128358645651	237	224	212	197	0.945147679324895	0.894514767932489	0.831223628691983	0.965447442723979	0.930482317599887	0.867514149787914	ko	1	G-A	ST8	42.86602
LV3003047067	yellow	0.0850450528551536	73	71	67	53	0.972602739726027	0.917808219178082	0.726027397260274	0.98493246687054	0.954001019367992	0.775356778797146	ko	1	G-A	ST8	42.86602
LV3003047067	green	0.0113973157926106	26	26	23	19	1	0.884615384615385	0.730769230769231	1	0.905633468029475	0.661041121939625	ko	1	G-A	ST8	42.86602
LV3003047067	blue	0.00156045968541566	4	4	4	2	1	1	0.5	1	1	0.536458333333333	ko	1	G-A	ST8	42.86602
LV3003047067	brown	0.00316968373600056	7	7	5	6	1	0.714285714285714	0.857142857142857	1	0.61025641025641	0.87008547008547	ko	1	G-A	ST8	42.86602
LV3003047068	turquoise	0.745866883456402	213	213	203	171	1	0.953051643192488	0.802816901408451	1	0.939957487223554	0.819628239337886	ko	1	G-A	ST8	37.78969
LV3003047068	yellow	0.0724480261227133	70	68	64	50	0.971428571428571	0.914285714285714	0.714285714285714	0.971178469991153	0.940960096847791	0.76072077105741	ko	1	G-A	ST8	37.78969
LV3003047068	grey	0.175788589528651	143	133	125	120	0.93006993006993	0.874125874125874	0.839160839160839	0.949147988946884	0.899927080135094	0.886225821307952	ko	1	G-A	ST8	37.78969
LV3003047068	blue	0.00315402078617763	6	6	6	5	1	1	0.833333333333333	1	1	0.853475935828877	ko	1	G-A	ST8	37.78969
LV3003047068	brown	0.00107945096425331	2	2	1	2	1	0.5	1	1	0.684375	1	ko	1	G-A	ST8	37.78969
LV3003047068	green	0.00166302914180275	3	3	3	2	1	1	0.666666666666667	1	1	0.695740365111562	ko	1	G-A	ST8	37.78969
LV3003047069	turquoise	0.704385347284714	217	217	209	172	1	0.963133640552995	0.792626728110599	1	0.968595818833956	0.799456908118048	ko	1	G-A	ST8	33.7436870748299
LV3003047069	grey	0.197801866794182	150	139	134	126	0.926666666666667	0.893333333333333	0.84	0.952811512544257	0.93164426847375	0.903300719534016	ko	1	G-A	ST8	33.7436870748299
LV3003047069	yellow	0.089205501733882	69	67	63	50	0.971014492753623	0.91304347826087	0.72463768115942	0.976869829478305	0.946057741009623	0.76042546007091	ko	1	G-A	ST8	33.7436870748299
LV3003047069	brown	0.00220641668141376	4	4	3	4	1	0.75	1	1	0.820819112627986	1	ko	1	G-A	ST8	33.7436870748299
LV3003047069	blue	0.0015889212279123	3	3	3	2	1	1	0.666666666666667	1	1	0.665876777251185	ko	1	G-A	ST8	33.7436870748299
LV3003047069	green	0.00481194627789555	8	8	7	6	1	0.875	0.75	1	0.92018779342723	0.804381846635368	ko	1	G-A	ST8	33.7436870748299
LV3003047070	turquoise	0.610565232330708	208	207	198	167	0.995192307692308	0.951923076923077	0.802884615384615	0.999145026271503	0.959491561192851	0.845623129744969	ko	1	G-A	ST8	30.128
LV3003047070	yellow	0.08218137125337	67	65	62	47	0.970149253731343	0.925373134328358	0.701492537313433	0.983114899091421	0.955013266865	0.791509206400257	ko	1	G-A	ST8	30.128
LV3003047070	grey	0.3005662895808	208	201	193	176	0.966346153846154	0.927884615384615	0.846153846153846	0.984665779956691	0.960625680146857	0.908434370637442	ko	1	G-A	ST8	30.128
LV3003047070	brown	0.00389200190305017	4	4	3	4	1	0.75	1	1	0.775891341256367	1	ko	1	G-A	ST8	30.128
LV3003047070	blue	0.00279510493207168	4	4	4	2	1	1	0.5	1	1	0.702127659574468	ko	1	G-A	ST8	30.128
LV3003047071	grey	0.331271922142431	309	297	287	264	0.961165048543689	0.928802588996764	0.854368932038835	0.982016485453214	0.959626908164095	0.907798053198124	ko	1	G-A	ST8	26.141
LV3003047071	turquoise	0.556053318243265	218	217	207	171	0.995412844036697	0.94954128440367	0.784403669724771	0.999349823321555	0.950416961130742	0.819703180212014	ko	1	G-A	ST8	26.141
LV3003047071	yellow	0.106717326183515	72	70	67	51	0.972222222222222	0.930555555555556	0.708333333333333	0.985438936116489	0.95865247033078	0.860470499116236	ko	1	G-A	ST8	26.141
LV3003047071	brown	0.00118789381262266	2	2	1	2	1	0.5	1	1	0.455576559546314	1	ko	1	G-A	ST8	26.141
LV3003047071	blue	0.00421713531210843	9	9	9	6	1	1	0.666666666666667	1	1	0.657082002129926	ko	1	G-A	ST8	26.141
LV3003047071	green	0.000552404306058932	2	2	2	2	1	1	1	1	1	1	ko	1	G-A	ST8	26.141
LV3003047073	grey	0.938944614042739	11	11	8	11	1	0.727272727272727	1	1	0.63190896423595	1	ko	2	IG-D	ST8	101.685
LV3003047073	turquoise	0.0610553859572612	1	1	1	1	1	1	1	1	1	1	ko	2	IG-D	ST8	101.685
LV3003047074	grey	0.865113427345187	14	14	10	14	1	0.714285714285714	1	1	0.583132530120482	1	ko	2	IG-D	ST8	100.672
LV3003047074	brown	0.0235438381361128	1	1	0	1	1	0	1	1	0	1	module_completeness	2	IG-D	ST8	100.672
LV3003047074	turquoise	0.1113427345187	5	5	5	5	1	1	1	1	1	1	ko	2	IG-D	ST8	100.672
LV3003047077	turquoise	0.397366080145799	59	59	55	46	1	0.932203389830508	0.779661016949153	1	0.94037674037674	0.851214851214851	ko	2	IG-D	ST8	99.7145
LV3003047077	grey	0.545507799787377	44	44	43	42	1	0.977272727272727	0.954545454545455	1	0.978960346816211	0.978522849301993	ko	2	IG-D	ST8	99.7145
LV3003047077	yellow	0.0504653836974681	12	12	12	10	1	1	0.833333333333333	1	1	0.824161650902838	ko	2	IG-D	ST8	99.7145
LV3003047077	brown	0.00397040637000716	1	1	0	1	1	0	1	1	0	1	module_completeness	2	IG-D	ST8	99.7145
LV3003047077	blue	0.00269032999934911	1	1	1	1	1	1	1	1	1	1	ko	2	IG-D	ST8	99.7145
LV3003047078	grey	0.750447894893998	24	24	21	23	1	0.875	0.958333333333333	1	0.706356311548792	0.975629165423257	ko	2	IG-D	ST8	98.757
LV3003047078	turquoise	0.230889817856076	18	18	17	15	1	0.944444444444444	0.833333333333333	1	0.961526026511478	0.867442612350469	ko	2	IG-D	ST8	98.757
LV3003047078	yellow	0.0186622872499254	2	2	2	2	1	1	1	1	1	1	ko	2	IG-D	ST8	98.757
LV3003047079	green	0.0723281441315375	42	42	40	28	1	0.952380952380952	0.666666666666667	1	0.902619911326078	0.535026199113261	ko	4	IG-B	ST8	97.52
LV3003047079	turquoise	0.404740248382019	146	146	141	119	1	0.965753424657534	0.815068493150685	1	0.955299134217843	0.752913551435527	ko	4	IG-B	ST8	97.52
LV3003047079	grey	0.470928808815813	133	130	120	100	0.977443609022556	0.902255639097744	0.75187969924812	0.994738080204039	0.833661429508846	0.897126372742017	ko	4	IG-B	ST8	97.52
LV3003047079	yellow	0.0265932015625911	22	22	21	18	1	0.954545454545455	0.818181818181818	1	0.96491997368998	0.837316377987284	ko	4	IG-B	ST8	97.52
LV3003047079	blue	0.000857092880881581	1	1	1	1	1	1	1	1	1	1	ko	4	IG-B	ST8	97.52
LV3003047079	brown	0.0245525042271588	2	2	2	2	1	1	1	1	1	1	ko	4	IG-B	ST8	97.52
LV3003047080	turquoise	0.626681091877497	218	217	208	174	0.995412844036697	0.954128440366972	0.798165137614679	0.999406832930511	0.951532938478836	0.86841872283162	ko	4	IG-B	ST8	87.9935
LV3003047080	yellow	0.0326786506879716	49	48	45	36	0.979591836734694	0.918367346938776	0.73469387755102	0.98641765704584	0.949575551782683	0.800169779286927	ko	4	IG-B	ST8	87.9935
LV3003047080	grey	0.316419773635153	165	158	148	137	0.957575757575757	0.896969696969697	0.83030303030303	0.982965554123598	0.7694344353559	0.935719733831304	ko	4	IG-B	ST8	87.9935
LV3003047080	green	0.0242204837993786	30	30	27	20	1	0.9	0.666666666666667	1	0.910090482189898	0.425953499026457	ko	4	IG-B	ST8	87.9935
LV3003047081	turquoise	0.660182101757788	217	217	208	173	1	0.95852534562212	0.797235023041475	1	0.96006129681065	0.850753972054614	ko	1	G-A	ST8	52.20718
LV3003047081	grey	0.250885216878135	238	219	210	195	0.920168067226891	0.882352941176471	0.819327731092437	0.944540121252853	0.91685918707383	0.854888618193528	ko	1	G-A	ST8	52.20718
LV3003047081	yellow	0.0757527856229538	63	61	58	46	0.968253968253968	0.920634920634921	0.73015873015873	0.971574310224901	0.94249942035706	0.763366566195224	ko	1	G-A	ST8	52.20718
LV3003047081	brown	0.00176692099088086	2	2	2	2	1	1	1	1	1	1	ko	1	G-A	ST8	52.20718
LV3003047081	blue	0.0040888589132909	6	6	6	3	1	1	0.5	1	1	0.56958762886598	ko	1	G-A	ST8	52.20718
LV3003047081	green	0.00732411583695148	15	15	14	11	1	0.933333333333333	0.733333333333333	1	0.923741007194245	0.677697841726619	ko	1	G-A	ST8	52.20718
LV3003047082	turquoise	0.730862192030323	200	200	191	162	1	0.955	0.81	1	0.955849963966027	0.841234988650983	ko	1	G-A	ST8	41.9168333333333
LV3003047082	yellow	0.0696202220089099	58	56	53	39	0.96551724137931	0.913793103448276	0.672413793103448	0.979212331188574	0.951566145796507	0.761790284946617	ko	1	G-A	ST8	41.9168333333333
LV3003047082	grey	0.19097196583721	104	99	96	93	0.951923076923077	0.923076923076923	0.894230769230769	0.972290243588091	0.956669673927052	0.941177986853976	ko	1	G-A	ST8	41.9168333333333
LV3003047082	green	0.00663565433557311	10	10	9	4	1	0.9	0.4	1	0.9013353115727	0.417655786350148	ko	1	G-A	ST8	41.9168333333333
LV3003047082	brown	0.00140293878756553	2	2	1	2	1	0.5	1	1	0.466666666666667	1	ko	1	G-A	ST8	41.9168333333333
LV3003047082	blue	0.00050702700041842	1	1	1	1	1	1	1	1	1	1	ko	1	G-A	ST8	41.9168333333333
LV3003047083	grey	0.186732032421809	145	135	129	124	0.931034482758621	0.889655172413793	0.855172413793104	0.944959936690078	0.901830052428529	0.872667919675537	ko	1	G-A	ST8	37.30319
LV3003047083	turquoise	0.722534191412802	213	213	204	172	1	0.957746478873239	0.807511737089202	1	0.961902473194701	0.83240871881663	ko	1	G-A	ST8	37.30319
LV3003047083	yellow	0.0827280720550314	71	69	65	52	0.971830985915493	0.915492957746479	0.732394366197183	0.975974634930559	0.943643102755325	0.777787701513866	ko	1	G-A	ST8	37.30319
LV3003047083	blue	0.00179915916093423	4	4	4	3	1	1	0.75	1	1	0.770020533880904	ko	1	G-A	ST8	37.30319
LV3003047083	green	0.00566716663834315	9	9	8	5	1	0.888888888888889	0.555555555555556	1	0.928292046936115	0.60625814863103	ko	1	G-A	ST8	37.30319
LV3003047083	brown	0.000539378311080899	1	1	0	1	1	0	1	1	0	1	module_completeness	1	G-A	ST8	37.30319
LV3003047084	grey	0.281261293312487	300	267	253	230	0.89	0.843333333333333	0.766666666666667	0.931868263552783	0.909392912541858	0.855028660066973	ko	4	IG-B	ST8	33.276
LV3003047084	green	0.0277724204435873	43	41	37	27	0.953488372093023	0.86046511627907	0.627906976744186	0.977413700107875	0.842570118662352	0.701928263214671	ko	4	IG-B	ST8	33.276
LV3003047084	turquoise	0.610287329956652	226	225	215	180	0.995575221238938	0.951327433628319	0.79646017699115	0.997563871664514	0.959297634132797	0.812286186784157	ko	4	IG-B	ST8	33.276
LV3003047084	yellow	0.0764284577431164	73	71	68	53	0.972602739726027	0.931506849315068	0.726027397260274	0.981649802778254	0.960751647597815	0.816571526569812	ko	4	IG-B	ST8	33.276
LV3003047084	blue	0.00287798073232158	9	8	8	6	0.888888888888889	0.888888888888889	0.666666666666667	0.933636955107352	0.933636955107352	0.738451528952505	ko	4	IG-B	ST8	33.276
LV3003047084	brown	0.00137251781183586	4	4	3	4	1	0.75	1	1	0.837653478854025	1	ko	4	IG-B	ST8	33.276
LV3003047085	grey	0.324393462776151	310	304	296	263	0.980645161290323	0.954838709677419	0.848387096774194	0.99302672276869	0.971270933764316	0.916153481762198	ko	1	G-A	ST8	29.703
LV3003047085	turquoise	0.557198448855624	202	202	194	159	1	0.96039603960396	0.787128712871287	1	0.950378598920375	0.820422035389975	ko	1	G-A	ST8	29.703
LV3003047085	yellow	0.108051307083198	71	69	65	50	0.971830985915493	0.915492957746479	0.704225352112676	0.990567616179362	0.960513657087882	0.799221985192621	ko	1	G-A	ST8	29.703
LV3003047085	brown	0.00509364717792964	9	9	3	8	1	0.333333333333333	0.888888888888889	1	0.365128660159716	0.943655723158829	ko	1	G-A	ST8	29.703
LV3003047085	blue	0.0047659724482048	12	12	12	7	1	1	0.583333333333333	1	1	0.451872925557136	ko	1	G-A	ST8	29.703
LV3003047085	green	0.000497161658892866	2	2	2	2	1	1	1	1	1	1	ko	1	G-A	ST8	29.703
LV3003047087	turquoise	0.517440845193399	81	81	77	63	1	0.950617283950617	0.777777777777778	1	0.956633621598819	0.791773887365535	ko	2	IG-D	ST8	94.9015
LV3003047087	grey	0.410678424866847	47	47	45	43	1	0.957446808510638	0.914893617021277	1	0.887636866163495	0.950196662060168	ko	2	IG-D	ST8	94.9015
LV3003047087	yellow	0.0539814895660526	10	10	10	9	1	1	0.9	1	1	0.870602507076425	ko	2	IG-D	ST8	94.9015
LV3003047087	green	0.0178992403737012	4	4	3	1	1	0.75	0.25	1	0.803658536585366	0.381707317073171	ko	2	IG-D	ST8	94.9015
LV3003047088	grey	0.451371679492196	34	34	32	31	1	0.941176470588235	0.911764705882353	1	0.840396840685802	0.9713927952225	ko	2	IG-D	ST8	93.52
LV3003047088	turquoise	0.488174427198818	66	66	61	52	1	0.924242424242424	0.787878787878788	1	0.941399118315002	0.767644832346262	ko	2	IG-D	ST8	93.52
LV3003047088	yellow	0.00934741967740533	2	2	2	2	1	1	1	1	1	1	ko	2	IG-D	ST8	93.52
LV3003047088	green	0.0511064736315812	10	10	9	5	1	0.9	0.5	1	0.835814547001276	0.306252658443216	ko	2	IG-D	ST8	93.52
LV3003047089	turquoise	0.434981085022296	90	90	84	71	1	0.933333333333333	0.788888888888889	1	0.954701519126745	0.798901953162958	ko	2	IG-D	ST8	92.1385
LV3003047089	grey	0.51028171693049	85	85	81	64	1	0.952941176470588	0.752941176470588	1	0.828453095879064	0.931110650928419	ko	2	IG-D	ST8	92.1385
LV3003047089	green	0.0503976724362632	26	26	24	16	1	0.923076923076923	0.615384615384615	1	0.851272015655577	0.477914453452614	ko	2	IG-D	ST8	92.1385
LV3003047089	blue	0.00154278589090602	2	2	2	2	1	1	1	1	1	1	ko	2	IG-D	ST8	92.1385
LV3003047089	yellow	0.00279673972004424	3	3	3	3	1	1	1	1	1	1	ko	2	IG-D	ST8	92.1385
LV3003047090	grey	0.45689436262062	58	58	55	54	1	0.948275862068965	0.931034482758621	1	0.77321899998015	0.980527600786042	ko	2	IG-D	ST8	90.757
LV3003047090	turquoise	0.526890009431909	92	92	87	73	1	0.945652173913043	0.793478260869565	1	0.951701464791642	0.912594454102622	ko	2	IG-D	ST8	90.757
LV3003047090	yellow	0.00840709569759849	5	5	5	5	1	1	1	1	1	1	ko	2	IG-D	ST8	90.757
LV3003047090	green	0.00780853224987303	6	6	4	0	1	0.666666666666667	0	1	0.601626016260163	0	ko	2	IG-D	ST8	90.757
LV3003047091	turquoise	0.588063828512238	178	178	169	142	1	0.949438202247191	0.797752808988764	1	0.944077678382962	0.86506729166515	ko	4	IG-B	ST8	89.37525
LV3003047091	grey	0.347350038095075	125	114	106	100	0.912	0.848	0.8	0.962439926062846	0.784214417744917	0.915637707948244	ko	4	IG-B	ST8	89.37525
LV3003047091	green	0.0473534623714826	36	35	31	24	0.972222222222222	0.861111111111111	0.666666666666667	0.990237729368164	0.887010756575974	0.484226701618006	ko	4	IG-B	ST8	89.37525
LV3003047091	yellow	0.0167917954337274	17	17	16	15	1	0.941176470588235	0.882352941176471	1	0.964058118786643	0.924547540147846	ko	4	IG-B	ST8	89.37525
LV3003047091	blue	0.000440875587477421	1	1	1	1	1	1	1	1	1	1	ko	4	IG-B	ST8	89.37525
LV3003047093	green	0.048982332968559	48	44	41	32	0.916666666666667	0.854166666666667	0.666666666666667	0.966624788332332	0.890479051728847	0.514338777516797	ko	4	IG-B	ST8	79.675
LV3003047093	turquoise	0.641136918824767	206	205	196	162	0.995145631067961	0.951456310679612	0.786407766990291	0.998138742942038	0.962236513189469	0.866477758812802	ko	4	IG-B	ST8	79.675
LV3003047093	yellow	0.0289794968253926	38	37	36	27	0.973684210526316	0.947368421052632	0.710526315789474	0.984581294432647	0.965007847844151	0.820515187886622	ko	4	IG-B	ST8	79.675
LV3003047093	grey	0.280901251381282	149	129	117	110	0.865771812080537	0.785234899328859	0.738255033557047	0.957184767492809	0.704789209989904	0.905501685939078	ko	4	IG-B	ST8	79.675
LV3003047094	turquoise	0.733290350311627	215	214	204	172	0.995348837209302	0.948837209302326	0.8	0.999413833528722	0.940827356734018	0.882482242603958	ko	1	G-A	ST8	50.6848
LV3003047094	grey	0.209987863617401	156	138	130	118	0.884615384615385	0.833333333333333	0.756410256410256	0.939841363013802	0.909769569994431	0.868695534383889	ko	1	G-A	ST8	50.6848
LV3003047094	green	0.013492244092995	24	24	21	16	1	0.875	0.666666666666667	1	0.858514874677911	0.615132349496369	ko	1	G-A	ST8	50.6848
LV3003047094	yellow	0.0427365014348744	57	55	52	42	0.964912280701754	0.912280701754386	0.736842105263158	0.977148350835675	0.941872504067446	0.820514716757876	ko	1	G-A	ST8	50.6848
LV3003047094	blue	0.000493040543103121	1	1	1	1	1	1	1	1	1	1	ko	1	G-A	ST8	50.6848
LV3003047095	turquoise	0.787720841649876	214	213	204	172	0.995327102803738	0.953271028037383	0.803738317757009	0.999343519456242	0.969885956520173	0.880280365227347	ko	1	G-A	ST8	40.9751666666667
LV3003047095	grey	0.148959919782808	126	114	107	102	0.904761904761905	0.849206349206349	0.80952380952381	0.948455790520946	0.909062043563853	0.887407125166698	ko	1	G-A	ST8	40.9751666666667
LV3003047095	green	0.00709783407275674	16	16	14	12	1	0.875	0.75	1	0.867614393602843	0.726343847179032	ko	1	G-A	ST8	40.9751666666667
LV3003047095	yellow	0.0539826385275857	63	61	58	44	0.968253968253968	0.920634920634921	0.698412698412698	0.97517523364486	0.951518691588785	0.785806074766355	ko	1	G-A	ST8	40.9751666666667
LV3003047095	blue	0.000971182982856098	2	2	2	2	1	1	1	1	1	1	ko	1	G-A	ST8	40.9751666666667
LV3003047095	brown	0.00126758298411737	2	2	2	2	1	1	1	1	1	1	ko	1	G-A	ST8	40.9751666666667
LV3003047096	grey	0.206086277564696	267	255	247	231	0.955056179775281	0.925093632958801	0.865168539325843	0.979568979848977	0.964606648175208	0.926535826471952	ko	1	G-A	ST8	36.89377
LV3003047096	turquoise	0.725614407123498	215	215	206	171	1	0.958139534883721	0.795348837209302	1	0.948180399407549	0.903652123778566	ko	1	G-A	ST8	36.89377
LV3003047096	yellow	0.063336813576193	73	71	67	53	0.972602739726027	0.917808219178082	0.726027397260274	0.981864252363057	0.952283339027446	0.807482063546293	ko	1	G-A	ST8	36.89377
LV3003047096	blue	0.00186815108942421	7	7	7	4	1	1	0.571428571428571	1	1	0.613899613899614	ko	1	G-A	ST8	36.89377
LV3003047096	brown	0.00268321314774442	5	5	3	5	1	0.6	1	1	0.790322580645161	1	ko	1	G-A	ST8	36.89377
LV3003047096	green	0.00041113749844471	2	2	2	2	1	1	1	1	1	1	ko	1	G-A	ST8	36.89377
LV3003047097	grey	0.301257517769273	211	199	191	179	0.943127962085308	0.90521327014218	0.848341232227488	0.970309345622871	0.9568914537409	0.907706111462305	ko	1	G-A	ST8	32.835
LV3003047097	turquoise	0.596316523427181	220	219	209	175	0.995454545454546	0.95	0.795454545454545	0.998315631148976	0.959837847304495	0.844481760397243	ko	1	G-A	ST8	32.835
LV3003047097	yellow	0.0888310060756476	71	69	65	52	0.971830985915493	0.915492957746479	0.732394366197183	0.982503457814661	0.956915629322268	0.841701244813278	ko	1	G-A	ST8	32.835
LV3003047097	green	0.0118134180279025	16	16	14	11	1	0.875	0.6875	1	0.88247529901196	0.649765990639626	ko	1	G-A	ST8	32.835
LV3003047097	blue	0.000666539706722529	1	1	1	1	1	1	1	1	1	1	ko	1	G-A	ST8	32.835
LV3003047097	brown	0.00111499499327317	3	3	2	2	1	0.666666666666667	0.666666666666667	1	0.710743801652893	0.661157024793388	ko	1	G-A	ST8	32.835
LV3003047098	turquoise	0.584160348810725	187	187	178	152	1	0.951871657754011	0.812834224598931	1	0.947933493009525	0.854300116972094	ko	1	G-A	ST8	29.278
LV3003047098	grey	0.324862525623922	181	178	175	163	0.983425414364641	0.966850828729282	0.900552486187845	0.994829226762821	0.988994891826923	0.958270733173077	ko	1	G-A	ST8	29.278
LV3003047098	yellow	0.089215989327433	53	52	49	43	0.981132075471698	0.924528301886792	0.811320754716981	0.993298381581947	0.966993389560064	0.863551401869159	ko	1	G-A	ST8	29.278
LV3003047098	blue	0.00115104285295936	2	2	2	1	1	1	0.5	1	1	0.526501766784452	ko	1	G-A	ST8	29.278
LV3003047098	brown	0.000610093384960791	1	1	0	1	1	0	1	1	0	1	module_completeness	1	G-A	ST8	29.278
LV3003047099	turquoise	0.633982592134386	218	218	208	173	1	0.954128440366972	0.793577981651376	1	0.949351416576586	0.830494733402046	ko	1	G-A	ST8	25.058
LV3003047099	grey	0.245170403042492	293	284	272	250	0.969283276450512	0.928327645051194	0.853242320819113	0.979815544630886	0.959549831389916	0.890513143460773	ko	1	G-A	ST8	25.058
LV3003047099	yellow	0.104532858392253	74	72	70	53	0.972972972972973	0.945945945945946	0.716216216216216	0.987307274494483	0.970288349755103	0.759600541251358	ko	1	G-A	ST8	25.058
LV3003047099	brown	0.00273728626157221	6	6	4	5	1	0.666666666666667	0.833333333333333	1	0.646288209606987	0.917758369723435	ko	1	G-A	ST8	25.058
LV3003047099	blue	0.0114571566887204	29	28	27	19	0.96551724137931	0.931034482758621	0.655172413793103	0.960006955312119	0.932707355242566	0.646148495913754	ko	1	G-A	ST8	25.058
LV3003047099	green	0.00211970348057702	6	6	6	5	1	1	0.833333333333333	1	1	0.75187969924812	ko	1	G-A	ST8	25.058
LV3003047100	green	0.050909239971873	45	44	41	31	0.977777777777778	0.911111111111111	0.688888888888889	0.992753174357386	0.897119851347166	0.488448436048312	ko	4	IG-B	ST8	86.61175
LV3003047100	turquoise	0.601110575058414	212	211	201	170	0.995283018867925	0.94811320754717	0.80188679245283	0.999155440849385	0.956896009064585	0.856524612866675	ko	4	IG-B	ST8	86.61175
LV3003047100	grey	0.316810297256987	151	142	130	117	0.940397350993378	0.860927152317881	0.774834437086093	0.973972589105314	0.760637397856098	0.906729304973575	ko	4	IG-B	ST8	86.61175
LV3003047100	yellow	0.0301040888207787	38	37	35	29	0.973684210526316	0.921052631578947	0.763157894736842	0.981983869278307	0.948570231486331	0.858803812716037	ko	4	IG-B	ST8	86.61175
LV3003047100	blue	0.00106579889194754	2	2	2	1	1	1	0.5	1	1	0.461538461538462	ko	4	IG-B	ST8	86.61175
LV3003047101	turquoise	0.701466889388092	193	192	182	155	0.994818652849741	0.94300518134715	0.803108808290156	0.999254129658268	0.957211676634414	0.872688828367707	ko	2	IG-D	ST8	85.23
LV3003047101	grey	0.241758347253422	102	97	92	83	0.950980392156863	0.901960784313725	0.813725490196078	0.977643648493031	0.85057379978557	0.902950403049676	ko	2	IG-D	ST8	85.23
LV3003047101	yellow	0.0352274254555229	29	28	27	24	0.96551724137931	0.931034482758621	0.827586206896552	0.981196348276332	0.963619021665077	0.877367488758687	ko	2	IG-D	ST8	85.23
LV3003047101	green	0.0204529308987577	14	14	12	8	1	0.857142857142857	0.571428571428571	1	0.88922788077916	0.307908941563013	ko	2	IG-D	ST8	85.23
LV3003047101	blue	0.00109440700420483	2	2	2	2	1	1	1	1	1	1	ko	2	IG-D	ST8	85.23
LV3003047104	turquoise	0.712750067891735	85	85	80	70	1	0.941176470588235	0.823529411764706	1	0.943451341482775	0.915335767582156	ko	2	IG-D	ST8	83.84125
LV3003047104	grey	0.275663075948221	47	46	43	42	0.978723404255319	0.914893617021277	0.893617021276596	0.981282324932272	0.747393481651753	0.947377062638535	ko	2	IG-D	ST8	83.84125
LV3003047104	yellow	0.00761518964424731	4	4	4	4	1	1	1	1	1	1	ko	2	IG-D	ST8	83.84125
LV3003047104	green	0.00397166651579614	2	2	2	0	1	1	0	1	1	0	ko	2	IG-D	ST8	83.84125
LV3003047105	turquoise	0.574151414980247	76	76	70	62	1	0.921052631578947	0.81578947368421	1	0.934702016514071	0.896758973206763	ko	2	IG-D	ST8	82.4525
LV3003047105	grey	0.415399500120938	34	34	32	33	1	0.941176470588235	0.970588235294118	1	0.789759714296805	0.987966305655836	ko	2	IG-D	ST8	82.4525
LV3003047105	yellow	0.00765943723292752	3	3	3	3	1	1	1	1	1	1	ko	2	IG-D	ST8	82.4525
LV3003047105	green	0.00278964766588729	1	1	1	0	1	1	0	1	1	0	ko	2	IG-D	ST8	82.4525
LV3003047106	grey	0.359714420123419	87	83	77	76	0.954022988505747	0.885057471264368	0.873563218390805	0.982229402261712	0.747580583121779	0.951488576044311	ko	2	IG-D	ST8	81.06375
LV3003047106	turquoise	0.613935855217644	164	164	155	130	1	0.945121951219512	0.792682926829268	1	0.956061985594389	0.884637921553426	ko	2	IG-D	ST8	81.06375
LV3003047106	green	0.0116999197498409	12	12	10	8	1	0.833333333333333	0.666666666666667	1	0.71996215704825	0.515610217596973	ko	2	IG-D	ST8	81.06375
LV3003047106	yellow	0.0146498049090959	12	12	11	9	1	0.916666666666667	0.75	1	0.959576879486211	0.851907820173782	ko	2	IG-D	ST8	81.06375
LV3003047107	turquoise	0.677403235092827	219	218	209	174	0.995433789954338	0.954337899543379	0.794520547945206	0.99886674043545	0.963725002806421	0.829380288767366	ko	4	IG-B	ST8	71.517
LV3003047107	grey	0.236483330255396	138	127	119	114	0.920289855072464	0.86231884057971	0.826086956521739	0.967721683739875	0.789700950893472	0.914358338309829	ko	4	IG-B	ST8	71.517
LV3003047107	yellow	0.0572858389550947	60	58	55	41	0.966666666666667	0.916666666666667	0.683333333333333	0.975790139064475	0.948166877370417	0.80031605562579	ko	4	IG-B	ST8	71.517
LV3003047107	green	0.0284546221560768	25	25	22	18	1	0.88	0.72	1	0.895520488673963	0.389921099516416	ko	4	IG-B	ST8	71.517
LV3003047107	brown	0.000372973540605231	1	1	1	1	1	1	1	1	1	1	ko	4	IG-B	ST8	71.517
LV3003047110	grey	0.269089796681415	108	102	96	95	0.944444444444444	0.888888888888889	0.87962962962963	0.975663157894737	0.938673684210526	0.934442105263158	ko	1	G-A	ST8	49.1548
LV3003047110	turquoise	0.67116660340696	189	189	180	152	1	0.952380952380952	0.804232804232804	1	0.93119223464866	0.813876345220511	ko	1	G-A	ST8	49.1548
LV3003047110	yellow	0.05828768248537	46	44	42	31	0.956521739130435	0.91304347826087	0.673913043478261	0.965399941685295	0.942657206725629	0.772767032753426	ko	1	G-A	ST8	49.1548
LV3003047110	green	0.00145591742625523	2	2	2	1	1	1	0.5	1	1	0.568093385214008	ko	1	G-A	ST8	49.1548
LV3003047112	turquoise	0.712377874135996	222	221	211	178	0.995495495495495	0.95045045045045	0.801801801801802	0.999306945610297	0.962183336561847	0.778825251286025	ko	1	G-A	ST8	40.0335
LV3003047112	yellow	0.100157008015995	73	71	67	53	0.972602739726027	0.917808219178082	0.726027397260274	0.973270873518876	0.939928354918711	0.765836930896176	ko	1	G-A	ST8	40.0335
LV3003047112	grey	0.179952038957614	185	170	159	149	0.918918918918919	0.85945945945946	0.805405405405405	0.952029583177124	0.910551787600968	0.858951637640162	ko	1	G-A	ST8	40.0335
LV3003047112	blue	0.0012572907530865	3	3	3	2	1	1	0.666666666666667	1	1	0.690243902439025	ko	1	G-A	ST8	40.0335
LV3003047112	green	0.00550141368545652	13	13	12	9	1	0.923076923076923	0.692307692307692	1	0.938127090301003	0.685061315496098	ko	1	G-A	ST8	40.0335
LV3003047112	brown	0.000754374451851897	1	1	1	1	1	1	1	1	1	1	ko	1	G-A	ST8	40.0335
LV3003047113	grey	0.2085542446405	307	292	280	258	0.95114006514658	0.912052117263844	0.840390879478827	0.970586085939784	0.949302104647764	0.901225884244373	ko	1	G-A	ST8	36.48927
LV3003047113	turquoise	0.709046710953708	227	227	217	183	1	0.955947136563877	0.806167400881057	1	0.959143974098902	0.847849859612827	ko	1	G-A	ST8	36.48927
LV3003047113	yellow	0.0716790910424474	74	72	68	53	0.972972972972973	0.918918918918919	0.716216216216216	0.976584717607973	0.941714285714286	0.755694352159469	ko	1	G-A	ST8	36.48927
LV3003047113	brown	0.00254139288905315	8	8	6	8	1	0.75	1	1	0.774362818590705	1	ko	1	G-A	ST8	36.48927
LV3003047113	blue	0.00642778081534133	22	21	20	15	0.954545454545455	0.909090909090909	0.681818181818182	0.955542382928275	0.909899229401304	0.651155898043865	ko	1	G-A	ST8	36.48927
LV3003047113	green	0.00175077965895041	6	6	6	5	1	1	0.833333333333333	1	1	0.856365614798694	ko	1	G-A	ST8	36.48927
LV3003047114	green	0.0147713715883323	14	14	12	9	1	0.857142857142857	0.642857142857143	1	0.758631319358816	0.570283600493218	ko	1	G-A	ST8	32.3855
LV3003047114	turquoise	0.662694545885053	203	202	194	160	0.995073891625616	0.955665024630542	0.788177339901478	0.998550196857157	0.951984718662608	0.811491235905646	ko	1	G-A	ST8	32.3855
LV3003047114	yellow	0.089721056034679	61	59	57	44	0.967213114754098	0.934426229508197	0.721311475409836	0.972036134794965	0.94884287454324	0.811459602111247	ko	1	G-A	ST8	32.3855
LV3003047114	grey	0.232813026491936	141	127	121	113	0.900709219858156	0.858156028368794	0.801418439716312	0.944512898746308	0.929355160476442	0.894247882806235	ko	1	G-A	ST8	32.3855
LV3003047117	grey	0.251399159303423	195	183	174	157	0.938461538461539	0.892307692307692	0.805128205128205	0.965494649486788	0.920342869622188	0.890710307927495	ko	1	G-A	ST8	28.7616666666667
LV3003047117	turquoise	0.647600583340482	219	218	210	176	0.995433789954338	0.958904109589041	0.80365296803653	0.998987956148299	0.955920456532452	0.789685630566904	ko	1	G-A	ST8	28.7616666666667
LV3003047117	yellow	0.0928540790941065	70	68	65	50	0.971428571428571	0.928571428571429	0.714285714285714	0.982852919438285	0.963340724316334	0.790317812269032	ko	1	G-A	ST8	28.7616666666667
LV3003047117	blue	0.00161276486231449	2	2	2	2	1	1	1	1	1	1	ko	1	G-A	ST8	28.7616666666667
LV3003047117	green	0.00560350004289268	12	12	11	8	1	0.916666666666667	0.666666666666667	1	0.932026944274342	0.698101653398653	ko	1	G-A	ST8	28.7616666666667
LV3003047117	brown	0.000929913356781333	2	2	1	2	1	0.5	1	1	0.420664206642066	1	ko	1	G-A	ST8	28.7616666666667
LV3003047118	grey	0.199075399909995	414	384	365	335	0.927536231884058	0.881642512077295	0.809178743961353	0.951865552358771	0.924110608759191	0.830726431322404	ko	3	IG-A	ST8	24.528
LV3003047118	turquoise	0.651315759567611	231	231	221	186	1	0.956709956709957	0.805194805194805	1	0.967374134276934	0.788534418380665	ko	3	IG-A	ST8	24.528
LV3003047118	yellow	0.119223711704176	76	74	70	55	0.973684210526316	0.921052631578947	0.723684210526316	0.990544336133599	0.963569004740541	0.792737948476799	ko	3	IG-A	ST8	24.528
LV3003047118	blue	0.0183480539001547	100	88	80	65	0.88	0.8	0.65	0.878396234205963	0.811545131720208	0.597943678255843	ko	3	IG-A	ST8	24.528
LV3003047118	brown	0.00561396809811489	19	17	12	13	0.894736842105263	0.631578947368421	0.68421052631579	0.930634278002699	0.747773279352227	0.83697705802969	ko	3	IG-A	ST8	24.528
LV3003047118	green	0.00642310681994845	24	24	24	19	1	1	0.791666666666667	1	1	0.822245812691673	ko	3	IG-A	ST8	24.528
LV3003047122	turquoise	0.660348818554764	75	75	71	63	1	0.946666666666667	0.84	1	0.941623572692882	0.898934508728699	ko	2	IG-D	ST8	76.951
LV3003047122	grey	0.290124447092797	39	39	38	37	1	0.974358974358974	0.948717948717949	1	0.914685204202544	0.958606525001975	ko	2	IG-D	ST8	76.951
LV3003047122	yellow	0.0495267343524397	12	11	11	9	0.916666666666667	0.916666666666667	0.75	0.953262378528459	0.953262378528459	0.832947709393799	ko	2	IG-D	ST8	76.951
LV3003047123	turquoise	0.666859011348336	50	50	47	43	1	0.94	0.86	1	0.961061436400346	0.932967983847707	ko	2	IG-D	ST8	75.589
LV3003047123	grey	0.272475476053087	27	27	26	21	1	0.962962962962963	0.777777777777778	1	0.981646195115064	0.810814626570662	ko	2	IG-D	ST8	75.589
LV3003047123	yellow	0.0606655125985767	5	5	5	4	1	1	0.8	1	1	0.878883956880152	ko	2	IG-D	ST8	75.589
LV3003047124	grey	0.298730643025733	58	58	56	50	1	0.96551724137931	0.862068965517241	1	0.985498867851809	0.913282266223443	ko	2	IG-D	ST8	74.227
LV3003047124	turquoise	0.643658971849635	76	76	73	65	1	0.960526315789474	0.855263157894737	1	0.969434755388606	0.955303640103747	ko	2	IG-D	ST8	74.227
LV3003047124	yellow	0.0552501295262219	10	10	10	7	1	1	0.7	1	1	0.853347225840063	ko	2	IG-D	ST8	74.227
LV3003047124	brown	0.00236025559841115	1	1	0	1	1	0	1	1	0	1	module_completeness	2	IG-D	ST8	74.227
LV3003047125	turquoise	0.721802835733586	155	155	148	123	1	0.954838709677419	0.793548387096774	1	0.972689616136668	0.885947308840177	ko	2	IG-D	ST8	72.872
LV3003047125	grey	0.212364318411841	55	52	50	47	0.945454545454546	0.909090909090909	0.854545454545455	0.978356871146867	0.828778802850772	0.935813912815356	ko	2	IG-D	ST8	72.872
LV3003047125	yellow	0.0302979655886422	11	11	11	9	1	1	0.818181818181818	1	1	0.915721728470733	ko	2	IG-D	ST8	72.872
LV3003047125	green	0.0355348802659313	11	11	7	5	1	0.636363636363636	0.454545454545455	1	0.856022994512673	0.415469035798275	ko	2	IG-D	ST8	72.872
LV3003047126	turquoise	0.712238944840506	197	197	188	158	1	0.954314720812183	0.802030456852792	1	0.958788274650685	0.826291121251975	ko	1	G-A	ST8	64.210824
LV3003047126	grey	0.182301686092565	100	94	89	82	0.94	0.89	0.82	0.939099248224016	0.909648941306297	0.845747982619491	ko	1	G-A	ST8	64.210824
LV3003047126	yellow	0.0999270742962041	53	51	48	36	0.962264150943396	0.905660377358491	0.679245283018868	0.978295061340044	0.955143126769424	0.709468386284995	ko	1	G-A	ST8	64.210824
LV3003047126	blue	0.00102473187230458	1	1	1	1	1	1	1	1	1	1	ko	1	G-A	ST8	64.210824
LV3003047126	green	0.00450756289841953	5	5	5	2	1	1	0.4	1	1	0.313807531380753	ko	1	G-A	ST8	64.210824
LV3003047127	turquoise	0.744295114820822	155	155	148	124	1	0.954838709677419	0.8	1	0.968868841082582	0.8435253296322	ko	2	IG-D	ST8	47.6248
LV3003047127	grey	0.221542720783447	70	68	65	65	0.971428571428571	0.928571428571429	0.928571428571429	0.977385060151077	0.93499953371258	0.936445024713233	ko	2	IG-D	ST8	47.6248
LV3003047127	yellow	0.0324783322830904	14	14	14	12	1	1	0.857142857142857	1	1	0.905534351145038	ko	2	IG-D	ST8	47.6248
LV3003047127	brown	0.00168383211264114	1	1	1	1	1	1	1	1	1	1	ko	2	IG-D	ST8	47.6248
LV3003047128	grey	0.254045340513696	274	266	249	226	0.970802919708029	0.908759124087591	0.824817518248175	0.982251138843358	0.932413543436944	0.874621642548998	ko	1	G-A	ST8	39.57797
LV3003047128	turquoise	0.642040374209964	209	208	198	166	0.995215311004785	0.947368421052632	0.794258373205742	0.999562309256363	0.945861634018916	0.809636358572173	ko	1	G-A	ST8	39.57797
LV3003047128	yellow	0.0985979899754239	69	67	64	49	0.971014492753623	0.927536231884058	0.710144927536232	0.983210260396424	0.955667832620806	0.803238761497603	ko	1	G-A	ST8	39.57797
LV3003047128	blue	0.00403384444024341	9	8	8	5	0.888888888888889	0.888888888888889	0.555555555555556	0.903736542115263	0.903736542115263	0.613679544015199	ko	1	G-A	ST8	39.57797
LV3003047128	brown	0.0012824508606727	3	3	2	2	1	0.666666666666667	0.666666666666667	1	0.5	0.5	ko	1	G-A	ST8	39.57797
LV3003047129	turquoise	0.66155737112284	209	209	199	166	1	0.952153110047847	0.794258373205742	1	0.948866120218579	0.847550091074681	ko	1	G-A	ST8	36.0373
LV3003047129	grey	0.233467090834599	257	247	240	218	0.961089494163424	0.933852140077821	0.848249027237354	0.978605899507084	0.958579576247129	0.903300730341428	ko	1	G-A	ST8	36.0373
LV3003047129	yellow	0.0978327669727424	69	67	64	49	0.971014492753623	0.927536231884058	0.710144927536232	0.978568129330254	0.951963048498845	0.76991531947652	ko	1	G-A	ST8	36.0373
LV3003047129	brown	0.00342527655267154	7	7	6	7	1	0.857142857142857	1	1	0.90061565523307	1	ko	1	G-A	ST8	36.0373
LV3003047129	blue	0.00371749451714747	7	7	7	5	1	1	0.714285714285714	1	1	0.695299837925446	ko	1	G-A	ST8	36.0373
LV3003047130	grey	0.285892560253691	177	166	161	145	0.937853107344633	0.909604519774011	0.819209039548023	0.973713291156726	0.963242810177639	0.92100174047573	ko	1	G-A	ST8	31.936
LV3003047130	turquoise	0.597379364270736	202	201	193	160	0.995049504950495	0.955445544554455	0.792079207920792	0.998638187599574	0.950472337359274	0.792330219674884	ko	1	G-A	ST8	31.936
LV3003047130	yellow	0.107431848069473	69	67	64	49	0.971014492753623	0.927536231884058	0.710144927536232	0.982465813850904	0.958609028084105	0.749632406998971	ko	1	G-A	ST8	31.936
LV3003047130	green	0.00659108051859838	11	11	9	6	1	0.818181818181818	0.545454545454545	1	0.829838226482924	0.545236668663871	ko	1	G-A	ST8	31.936
LV3003047130	brown	0.000552876736131679	1	1	1	1	1	1	1	1	1	1	ko	1	G-A	ST8	31.936
LV3003047130	blue	0.00215227015136975	2	2	2	2	1	1	1	1	1	1	ko	1	G-A	ST8	31.936
LV3003047131	turquoise	0.66855013530937	230	229	219	185	0.995652173913044	0.952173913043478	0.804347826086957	0.999131090841274	0.947979892170493	0.825069512732698	ko	1	G-A	ST8	28.2453333333333
LV3003047131	yellow	0.0780515450771476	69	67	65	50	0.971014492753623	0.942028985507246	0.72463768115942	0.9797051989544	0.960790008713331	0.807762126052861	ko	1	G-A	ST8	28.2453333333333
LV3003047131	grey	0.240969693534904	221	205	202	184	0.927601809954751	0.914027149321267	0.832579185520362	0.962463398285452	0.946517398308971	0.892211625527711	ko	1	G-A	ST8	28.2453333333333
LV3003047131	green	0.0105130421230111	22	22	19	14	1	0.863636363636364	0.636363636363636	1	0.878706199460916	0.668463611859838	ko	1	G-A	ST8	28.2453333333333
LV3003047131	brown	0.00133750832400572	3	3	3	3	1	1	1	1	1	1	ko	1	G-A	ST8	28.2453333333333
LV3003047131	blue	0.000578075631561796	2	2	2	2	1	1	1	1	1	1	ko	1	G-A	ST8	28.2453333333333
LV3003047132	grey	0.21254567678001	585	521	502	461	0.890598290598291	0.858119658119658	0.788034188034188	0.940285160515069	0.913441827135161	0.850375563145109	ko	3	IG-A	ST8	23.987
LV3003047132	green	0.00543306020955847	28	28	28	21	1	1	0.75	1	1	0.795330313915352	ko	3	IG-A	ST8	23.987
LV3003047132	turquoise	0.663482461771086	232	231	222	186	0.995689655172414	0.956896551724138	0.801724137931035	0.999483969813193	0.933464078032461	0.800014323514479	ko	3	IG-A	ST8	23.987
LV3003047132	yellow	0.0943543436268456	76	74	70	55	0.973684210526316	0.921052631578947	0.723684210526316	0.984617667425067	0.953295443304346	0.74711103517118	ko	3	IG-A	ST8	23.987
LV3003047132	blue	0.0212116750973993	131	110	100	85	0.83969465648855	0.763358778625954	0.648854961832061	0.844850691041463	0.776226573594416	0.607616456987419	ko	3	IG-A	ST8	23.987
LV3003047132	brown	0.00297278251510044	25	23	17	19	0.92	0.68	0.76	0.875981161695447	0.630084201512773	0.778507207078636	ko	3	IG-A	ST8	23.987
LV3003047133	green	0.024866785079929	20	20	16	12	1	0.8	0.6	1	0.858807506053269	0.350181598062954	ko	4	IG-B	ST8	70.162
LV3003047133	grey	0.268540957943222	136	128	121	117	0.941176470588235	0.889705882352941	0.860294117647059	0.970880452908452	0.843275738848951	0.937038438362691	ko	4	IG-B	ST8	70.162
LV3003047133	turquoise	0.653592287081916	209	209	200	167	1	0.956937799043062	0.799043062200957	1	0.957877282174997	0.852236545891078	ko	4	IG-B	ST8	70.162
LV3003047133	yellow	0.0529999698949333	54	52	50	37	0.962962962962963	0.925925925925926	0.685185185185185	0.973587049133769	0.952925305310991	0.725575120704345	ko	4	IG-B	ST8	70.162
LV3003047134	grey	0.302637981960775	142	122	114	102	0.859154929577465	0.802816901408451	0.71830985915493	0.903023957320569	0.775870665370329	0.845872909031985	ko	4	IG-B	ST8	68.807
LV3003047134	green	0.103150262741947	60	56	51	39	0.933333333333333	0.85	0.65	0.943168519602107	0.837697483908719	0.566193680514921	ko	4	IG-B	ST8	68.807
LV3003047134	turquoise	0.550660344261739	191	190	181	149	0.994764397905759	0.947643979057592	0.780104712041885	0.997944839491964	0.96349349884226	0.797573540493513	ko	4	IG-B	ST8	68.807
LV3003047134	yellow	0.0430987328783918	35	34	33	28	0.971428571428571	0.942857142857143	0.8	0.97925601750547	0.96218818380744	0.892428884026258	ko	4	IG-B	ST8	68.807
LV3003047134	blue	0.000452678157147222	1	1	1	0	1	1	0	1	1	0	ko	4	IG-B	ST8	68.807
LV3003047136	green	0.0600517517378497	50	46	41	32	0.92	0.82	0.64	0.953989410261092	0.828190615300347	0.571845901040716	ko	4	IG-B	ST8	67.8766
LV3003047136	turquoise	0.624361326540309	212	212	203	172	1	0.957547169811321	0.811320754716981	1	0.957338703068476	0.799144198461665	ko	4	IG-B	ST8	67.8766
LV3003047136	grey	0.234377626875818	148	124	116	111	0.837837837837838	0.783783783783784	0.75	0.904894821375665	0.789985809852017	0.859002947184581	ko	4	IG-B	ST8	67.8766
LV3003047136	yellow	0.0807597564452111	57	55	52	40	0.964912280701754	0.912280701754386	0.701754385964912	0.974838213332127	0.952618002443771	0.761144046703172	ko	4	IG-B	ST8	67.8766
LV3003047136	blue	0.000449538400812824	1	1	1	1	1	1	1	1	1	1	ko	4	IG-B	ST8	67.8766
LV3003047137	turquoise	0.62820686710371	159	159	151	127	1	0.949685534591195	0.79874213836478	1	0.951309034497097	0.8727269819438	ko	1	G-A	ST8	66.9462
LV3003047137	grey	0.280014065757416	132	130	125	119	0.984848484848485	0.946969696969697	0.901515151515152	0.989505032202508	0.844692416713012	0.908021025815827	ko	1	G-A	ST8	66.9462
LV3003047137	yellow	0.0881219702107352	43	42	40	31	0.976744186046512	0.930232558139535	0.72093023255814	0.98797172500285	0.964257211264394	0.813134192224376	ko	1	G-A	ST8	66.9462
LV3003047137	brown	0.00123075377389295	2	2	1	2	1	0.5	1	1	0.489795918367347	1	ko	1	G-A	ST8	66.9462
LV3003047137	blue	0.000557606811845377	1	1	1	1	1	1	1	1	1	1	ko	1	G-A	ST8	66.9462
LV3003047137	green	0.00186873634240072	2	2	2	0	1	1	0	1	1	0	ko	1	G-A	ST8	66.9462
LV3003047138	turquoise	0.647848198999631	204	203	194	163	0.995098039215686	0.950980392156863	0.799019607843137	0.999177407863204	0.961001360191722	0.814910292117365	ko	4	IG-B	ST8	66.0158
LV3003047138	yellow	0.0527627647789453	42	41	40	32	0.976190476190476	0.952380952380952	0.761904761904762	0.982980753936695	0.96691585811993	0.674248449180849	ko	4	IG-B	ST8	66.0158
LV3003047138	grey	0.24791030246064	126	114	105	98	0.904761904761905	0.833333333333333	0.777777777777778	0.942958700067705	0.817620176032498	0.872664184157075	ko	4	IG-B	ST8	66.0158
LV3003047138	green	0.0514787337607842	41	37	34	28	0.902439024390244	0.829268292682927	0.682926829268293	0.95679817411151	0.858249103358331	0.655282034561461	ko	4	IG-B	ST8	66.0158
LV3003047139	turquoise	0.697864562297408	173	173	163	137	1	0.942196531791908	0.791907514450867	1	0.954137698203646	0.803254361036706	ko	1	G-A	ST8	58.6141266666667
LV3003047139	yellow	0.138901834073798	57	56	54	42	0.982456140350877	0.947368421052632	0.736842105263158	0.976849953401677	0.955862068965517	0.790605778191985	ko	1	G-A	ST8	58.6141266666667
LV3003047139	grey	0.161198620561096	117	113	106	94	0.965811965811966	0.905982905982906	0.803418803418803	0.979313224759886	0.945070829719572	0.867913012752562	ko	1	G-A	ST8	58.6141266666667
LV3003047139	blue	0.00111846397613944	2	2	2	1	1	1	0.5	1	1	0.513888888888889	ko	1	G-A	ST8	58.6141266666667
LV3003047139	brown	0.000916519091558704	1	1	1	1	1	1	1	1	1	1	ko	1	G-A	ST8	58.6141266666667
LV3003047140	turquoise	0.758552339291207	75	75	71	61	1	0.946666666666667	0.813333333333333	1	0.94368354658497	0.795053162732024	ko	2	IG-D	ST8	46.0948
LV3003047140	grey	0.156146406479615	19	19	18	18	1	0.947368421052632	0.947368421052632	1	0.975268111184067	0.975268111184067	ko	2	IG-D	ST8	46.0948
LV3003047140	yellow	0.0853012542291788	14	13	13	11	0.928571428571429	0.928571428571429	0.785714285714286	0.951121794871795	0.951121794871795	0.868589743589744	ko	2	IG-D	ST8	46.0948
LV3003047141	turquoise	0.811638368886954	21	21	20	15	1	0.952380952380952	0.714285714285714	1	0.980153763633113	0.847666726264974	ko	2	IG-D	ST8	39.15347
LV3003047141	grey	0.161079669133653	5	5	5	5	1	1	1	1	1	1	ko	2	IG-D	ST8	39.15347
LV3003047141	yellow	0.0272819619793934	1	1	1	1	1	1	1	1	1	1	ko	2	IG-D	ST8	39.15347
LV3003047142	turquoise	0.600125704613953	178	178	170	140	1	0.955056179775281	0.786516853932584	1	0.949423562204153	0.791921624251621	ko	1	G-A	ST8	35.5823
LV3003047142	grey	0.273654985375703	186	181	175	162	0.973118279569892	0.940860215053764	0.870967741935484	0.980016276336016	0.95051993851162	0.917153449678995	ko	1	G-A	ST8	35.5823
LV3003047142	yellow	0.119993467319275	63	61	58	45	0.968253968253968	0.920634920634921	0.714285714285714	0.982223871978883	0.952528252082818	0.782974511259589	ko	1	G-A	ST8	35.5823
LV3003047142	blue	0.00248439827576821	4	3	3	2	0.75	0.75	0.5	0.752988047808765	0.752988047808765	0.478087649402391	ko	1	G-A	ST8	35.5823
LV3003047142	brown	0.00374144441530033	3	3	2	3	1	0.666666666666667	1	1	0.802910052910053	1	ko	1	G-A	ST8	35.5823
LV3003047143	turquoise	0.608615097179334	217	216	208	177	0.995391705069124	0.95852534562212	0.815668202764977	0.998631375190797	0.945745324931142	0.854124208030971	ko	1	G-A	ST8	31.398
LV3003047143	yellow	0.0842826374652931	71	69	66	51	0.971830985915493	0.929577464788732	0.71830985915493	0.983251231527094	0.964870689655173	0.82807881773399	ko	1	G-A	ST8	31.398
LV3003047143	grey	0.296528012040377	229	212	202	190	0.925764192139738	0.882096069868996	0.829694323144105	0.970981771722104	0.952841003561646	0.934726488321826	ko	1	G-A	ST8	31.398
LV3003047143	green	0.00963489633339388	21	21	20	15	1	0.952380952380952	0.714285714285714	1	0.921088068946943	0.680581739833019	ko	1	G-A	ST8	31.398
LV3003047143	brown	0.000656511923605885	2	2	1	2	1	0.5	1	1	0.58102766798419	1	ko	1	G-A	ST8	31.398
LV3003047143	blue	0.000282845057996211	1	1	1	1	1	1	1	1	1	1	ko	1	G-A	ST8	31.398
LV3003047144	grey	0.314192958544027	391	372	359	327	0.951406649616368	0.918158567774936	0.836317135549872	0.968419058352603	0.953204243825661	0.90753065309057	ko	1	G-A	ST8	27.729
LV3003047144	turquoise	0.563475213568242	229	229	219	183	1	0.956331877729258	0.799126637554585	1	0.954338851929703	0.820719656749085	ko	1	G-A	ST8	27.729
LV3003047144	yellow	0.109181183100139	76	74	70	55	0.973684210526316	0.921052631578947	0.723684210526316	0.980065144758363	0.95548907497239	0.829603120238212	ko	1	G-A	ST8	27.729
LV3003047144	brown	0.000726521230140863	2	2	2	2	1	1	1	1	1	1	ko	1	G-A	ST8	27.729
LV3003047144	blue	0.00913646236055295	33	30	29	23	0.909090909090909	0.878787878787879	0.696969696969697	0.921316404944871	0.89074507183428	0.730872034747745	ko	1	G-A	ST8	27.729
LV3003047144	green	0.00328766119689794	13	13	13	9	1	1	0.692307692307692	1	1	0.664345403899722	ko	1	G-A	ST8	27.729
LV3003047145	turquoise	0.589010125603445	221	221	212	178	1	0.959276018099547	0.805429864253394	1	0.945010795378155	0.838143142232732	ko	3	IG-A	ST8	23.446
LV3003047145	grey	0.289877036261803	310	283	270	247	0.912903225806452	0.870967741935484	0.796774193548387	0.961582138801397	0.940037710783999	0.890060208694907	ko	3	IG-A	ST8	23.446
LV3003047145	yellow	0.0692193145769249	73	71	67	52	0.972602739726027	0.917808219178082	0.712328767123288	0.97088249809323	0.933464937861725	0.7582215442595	ko	3	IG-A	ST8	23.446
LV3003047145	brown	0.0429511297167284	63	61	38	53	0.968253968253968	0.603174603174603	0.841269841269841	0.986189942518347	0.531181085282528	0.843931889664148	ko	3	IG-A	ST8	23.446
LV3003047145	blue	0.00613654114603633	28	21	20	12	0.75	0.714285714285714	0.428571428571429	0.752277327935223	0.72165991902834	0.415485829959514	ko	3	IG-A	ST8	23.446
LV3003047145	green	0.00280585269506266	11	11	11	9	1	1	0.818181818181818	1	1	0.841726618705036	ko	3	IG-A	ST8	23.446
LV3003047146	turquoise	0.620470714164502	223	222	214	177	0.995515695067265	0.959641255605381	0.79372197309417	0.999377266874805	0.957746715924296	0.810668091659584	ko	1	G-A	ST8	63.2667
LV3003047146	grey	0.260177268395839	267	248	238	214	0.928838951310862	0.891385767790262	0.801498127340824	0.940676520465196	0.915309511624873	0.852473985771195	ko	1	G-A	ST8	63.2667
LV3003047146	yellow	0.108525330583367	73	71	68	52	0.972602739726027	0.931506849315068	0.712328767123288	0.964877673266136	0.940123649835214	0.697418749548943	ko	1	G-A	ST8	63.2667
LV3003047146	brown	0.00217212526270445	4	4	3	4	1	0.75	1	1	0.795673076923077	1	ko	1	G-A	ST8	63.2667
LV3003047146	blue	0.00441735089482684	12	12	12	11	1	1	0.916666666666667	1	1	0.940307328605201	ko	1	G-A	ST8	63.2667
LV3003047146	green	0.00423721069876121	9	9	9	6	1	1	0.666666666666667	1	1	0.612446087492298	ko	1	G-A	ST8	63.2667
LV3003047147	turquoise	0.666762014969684	197	197	188	160	1	0.954314720812183	0.812182741116751	1	0.956566391929487	0.796391149476093	ko	1	G-A	ST8	62.3217
LV3003047147	grey	0.216969397528745	157	146	141	127	0.929936305732484	0.898089171974522	0.808917197452229	0.957093204426511	0.934401342335504	0.843334265510767	ko	1	G-A	ST8	62.3217
LV3003047147	yellow	0.111098109069791	65	63	60	49	0.969230769230769	0.923076923076923	0.753846153846154	0.971951314660217	0.946321292034017	0.732854802215807	ko	1	G-A	ST8	62.3217
LV3003047147	brown	0.00213233477655992	3	3	2	3	1	0.666666666666667	1	1	0.707317073170732	1	ko	1	G-A	ST8	62.3217
LV3003047147	blue	0.00129153610450174	2	2	2	1	1	1	0.5	1	1	0.395973154362416	ko	1	G-A	ST8	62.3217
LV3003047147	green	0.0017466075507188	3	3	3	2	1	1	0.666666666666667	1	1	0.627791563275434	ko	1	G-A	ST8	62.3217
LV3003047148	grey	0.19479362608376	131	123	118	112	0.938931297709924	0.900763358778626	0.854961832061069	0.94698870069039	0.909494527937487	0.828579039669678	ko	1	G-A	ST8	61.3767
LV3003047148	turquoise	0.711361916499103	203	203	193	164	1	0.950738916256158	0.807881773399015	1	0.9604452117248	0.816195153976147	ko	1	G-A	ST8	61.3767
LV3003047148	yellow	0.0882705238805647	57	56	53	42	0.982456140350877	0.929824561403509	0.736842105263158	0.980208690540342	0.955273600156763	0.751922794297752	ko	1	G-A	ST8	61.3767
LV3003047148	brown	0.00163455925277291	2	2	2	2	1	1	1	1	1	1	ko	1	G-A	ST8	61.3767
LV3003047148	blue	0.00156969579036129	2	2	2	1	1	1	0.5	1	1	0.578512396694215	ko	1	G-A	ST8	61.3767
LV3003047148	green	0.00236967849343798	4	4	4	2	1	1	0.5	1	1	0.405109489051095	ko	1	G-A	ST8	61.3767
LV3003047149	grey	0.202174597270308	112	104	96	88	0.928571428571429	0.857142857142857	0.785714285714286	0.945568796173116	0.86622887712644	0.820572334342891	ko	1	G-A	ST8	60.4317
LV3003047149	yellow	0.0878880654668231	47	46	43	35	0.978723404255319	0.914893617021277	0.74468085106383	0.982028910014325	0.950123714025264	0.842101836176586	ko	1	G-A	ST8	60.4317
LV3003047149	turquoise	0.702143122836133	193	193	184	156	1	0.953367875647668	0.808290155440415	1	0.954994457847036	0.833833213796701	ko	1	G-A	ST8	60.4317
LV3003047149	green	0.00536209905862829	6	6	6	3	1	1	0.5	1	1	0.527214514407684	ko	1	G-A	ST8	60.4317
LV3003047149	brown	0.000984291396034221	1	1	0	1	1	0	1	1	0	1	module_completeness	1	G-A	ST8	60.4317
LV3003047149	blue	0.00144782397207359	1	1	1	1	1	1	1	1	1	1	ko	1	G-A	ST8	60.4317
LV3003047150	grey	0.19314243040016	211	198	189	168	0.938388625592417	0.895734597156398	0.796208530805687	0.961586416553425	0.927543744133593	0.872655188355445	ko	1	G-A	ST8	59.5217933333333
LV3003047150	turquoise	0.663499081382229	208	207	197	164	0.995192307692308	0.947115384615385	0.788461538461538	0.999217010448017	0.955292112195878	0.800570114267538	ko	1	G-A	ST8	59.5217933333333
LV3003047150	yellow	0.135603676635721	72	70	67	52	0.972222222222222	0.930555555555556	0.722222222222222	0.975436986192035	0.951173277995052	0.756764306808205	ko	1	G-A	ST8	59.5217933333333
LV3003047150	blue	0.00471079098536976	10	10	10	9	1	1	0.9	1	1	0.871338311315336	ko	1	G-A	ST8	59.5217933333333
LV3003047150	brown	0.00177229643619598	4	4	2	3	1	0.5	0.75	1	0.56030534351145	0.789312977099237	ko	1	G-A	ST8	59.5217933333333
LV3003047150	green	0.00127172416032383	4	4	4	3	1	1	0.75	1	1	0.782978723404255	ko	1	G-A	ST8	59.5217933333333
LV3003047152	grey	0.206317638615647	169	155	149	139	0.917159763313609	0.881656804733728	0.822485207100592	0.943738751211408	0.904246850339194	0.876609442060086	ko	1	G-A	ST8	45.00002
LV3003047152	turquoise	0.693690573529044	215	214	205	173	0.995348837209302	0.953488372093023	0.804651162790698	0.999052932819995	0.964845278046571	0.807971835045603	ko	1	G-A	ST8	45.00002
LV3003047152	yellow	0.0858026300285997	71	69	66	52	0.971830985915493	0.929577464788732	0.732394366197183	0.973534185011027	0.950106112937456	0.78764928633848	ko	1	G-A	ST8	45.00002
LV3003047152	green	0.0132751104176411	22	22	21	16	1	0.954545454545455	0.727272727272727	1	0.93249058633674	0.697686928456159	ko	1	G-A	ST8	45.00002
LV3003047152	blue	0.000549856644517679	1	1	1	1	1	1	1	1	1	1	ko	1	G-A	ST8	45.00002
LV3003047152	brown	0.000364190764550671	1	1	0	1	1	0	1	1	0	1	module_completeness	1	G-A	ST8	45.00002
LV3003047153	grey	0.236339570363529	222	205	193	182	0.923423423423423	0.869369369369369	0.81981981981982	0.957860090904342	0.903275690925239	0.873716106786479	ko	1	G-A	ST8	38.71393
LV3003047153	turquoise	0.674715456590616	224	223	214	179	0.995535714285714	0.955357142857143	0.799107142857143	0.999180159868826	0.964183234269318	0.845504055280649	ko	1	G-A	ST8	38.71393
LV3003047153	yellow	0.0799783675394558	73	71	67	53	0.972602739726027	0.917808219178082	0.726027397260274	0.973044740173526	0.946521752555038	0.801957575570445	ko	1	G-A	ST8	38.71393
LV3003047153	green	0.00793684111747957	20	20	19	15	1	0.95	0.75	1	0.933105164903547	0.672059738643435	ko	1	G-A	ST8	38.71393
LV3003047153	brown	0.000474136121517137	1	1	1	1	1	1	1	1	1	1	ko	1	G-A	ST8	38.71393
LV3003047153	blue	0.000555628267402895	2	2	2	2	1	1	1	1	1	1	ko	1	G-A	ST8	38.71393
LV3003047154	turquoise	0.725925190812147	216	216	208	174	1	0.962962962962963	0.805555555555556	1	0.964623491542697	0.807141170475871	ko	1	G-A	ST8	35.13012
LV3003047154	yellow	0.0800644160155898	63	61	58	43	0.968253968253968	0.920634920634921	0.682539682539683	0.983717392529157	0.955434108963885	0.739478280466505	ko	1	G-A	ST8	35.13012
LV3003047154	grey	0.183675862940041	125	122	118	115	0.976	0.944	0.92	0.981482391080112	0.950636082322315	0.945061152315929	ko	1	G-A	ST8	35.13012
LV3003047154	green	0.00915266776131791	14	14	12	10	1	0.857142857142857	0.714285714285714	1	0.892065056678167	0.627402661409561	ko	1	G-A	ST8	35.13012
LV3003047154	brown	0.00118186247090453	2	2	1	2	1	0.5	1	1	0.572519083969466	1	ko	1	G-A	ST8	35.13012
LV3003047155	turquoise	0.54714731308666	169	169	160	140	1	0.946745562130177	0.828402366863905	1	0.951942115264508	0.88882170810466	ko	1	G-A	ST8	30.9475
LV3003047155	yellow	0.0520332710470637	45	44	42	35	0.977777777777778	0.933333333333333	0.777777777777778	0.984978690700762	0.959407531614616	0.846014113044086	ko	1	G-A	ST8	30.9475
LV3003047155	grey	0.399183492442034	200	196	192	179	0.98	0.96	0.895	0.995646828468649	0.989736350803697	0.966841218523747	ko	1	G-A	ST8	30.9475
LV3003047155	brown	0.00107243868922544	1	1	1	1	1	1	1	1	1	1	ko	1	G-A	ST8	30.9475
LV3003047155	blue	0.000563484735016759	1	1	1	1	1	1	1	1	1	1	ko	1	G-A	ST8	30.9475
LV3003047156	grey	0.295925477899006	339	317	303	283	0.935103244837758	0.893805309734513	0.834808259587021	0.963984045825258	0.939080452167241	0.899062725306417	ko	1	G-A	ST8	27.1996666666667
LV3003047156	turquoise	0.596949980621748	215	215	205	171	1	0.953488372093023	0.795348837209302	1	0.955543313954442	0.826081824173446	ko	1	G-A	ST8	27.1996666666667
LV3003047156	yellow	0.0945051890651853	71	69	66	51	0.971830985915493	0.929577464788732	0.71830985915493	0.977133862181811	0.949048279861643	0.794908970402436	ko	1	G-A	ST8	27.1996666666667
LV3003047156	blue	0.00896880297211489	27	26	24	19	0.962962962962963	0.888888888888889	0.703703703703704	0.968572675687473	0.917939764295068	0.735704932343955	ko	1	G-A	ST8	27.1996666666667
LV3003047156	brown	0.000773172670009905	3	3	2	3	1	0.666666666666667	1	1	0.665822784810127	1	ko	1	G-A	ST8	27.1996666666667
LV3003047156	green	0.00287737677193559	11	11	11	8	1	1	0.727272727272727	1	1	0.740816326530612	ko	1	G-A	ST8	27.1996666666667
LV3003047158	grey	0.214159758396335	137	133	126	116	0.970802919708029	0.91970802919708	0.846715328467153	0.97555839485141	0.930058678780996	0.869487033882264	ko	1	G-A	ST8	57.70646
LV3003047158	turquoise	0.64123781340576	169	169	161	134	1	0.952662721893491	0.792899408284024	1	0.958197349601334	0.777560906224565	ko	1	G-A	ST8	57.70646
LV3003047158	yellow	0.13953523724588	58	56	53	42	0.96551724137931	0.913793103448276	0.724137931034483	0.979082688746051	0.950648218760213	0.758143588626212	ko	1	G-A	ST8	57.70646
LV3003047158	blue	0.00242718446601942	4	4	4	2	1	1	0.5	1	1	0.530271398747391	ko	1	G-A	ST8	57.70646
LV3003047158	brown	0.00113505077325334	2	2	1	2	1	0.5	1	1	0.540178571428572	1	ko	1	G-A	ST8	57.70646
LV3003047158	green	0.00150495571275108	2	2	2	2	1	1	1	1	1	1	ko	1	G-A	ST8	57.70646
LV3003047159	turquoise	0.694742203323581	195	194	186	154	0.994871794871795	0.953846153846154	0.78974358974359	0.99886625181144	0.970070752706504	0.834012445656807	ko	1	G-A	ST8	56.7987933333333
LV3003047159	yellow	0.0791334525684911	45	43	41	34	0.955555555555556	0.911111111111111	0.755555555555556	0.970887591677893	0.950381679389313	0.850696003592277	ko	1	G-A	ST8	56.7987933333333
LV3003047159	grey	0.206977625641086	105	95	91	83	0.904761904761905	0.866666666666667	0.79047619047619	0.940684998140147	0.922258147586483	0.877163867349567	ko	1	G-A	ST8	56.7987933333333
LV3003047159	green	0.017470714344937	16	16	14	11	1	0.875	0.6875	1	0.832542372881356	0.597966101694915	ko	1	G-A	ST8	56.7987933333333
LV3003047159	brown	0.00167600412190413	1	1	1	1	1	1	1	1	1	1	ko	1	G-A	ST8	56.7987933333333
LV3003047160	turquoise	0.31703888802124	10	10	10	8	1	1	0.8	1	1	0.873891625615764	ko	2	IG-D	ST8	55.8911266666667
LV3003047160	grey	0.627518350773075	12	12	12	12	1	1	1	1	1	1	ko	2	IG-D	ST8	55.8911266666667
LV3003047160	yellow	0.0554427612056848	2	2	2	1	1	1	0.5	1	1	0.636619718309859	ko	2	IG-D	ST8	55.8911266666667
LV3003047161	turquoise	0.529627687467226	16	16	15	13	1	0.9375	0.8125	1	0.951980198019802	0.85	ko	2	IG-D	ST8	54.98346
LV3003047161	grey	0.365495542737284	10	10	8	9	1	0.8	0.9	1	0.879842180774749	0.963414634146341	ko	2	IG-D	ST8	54.98346
LV3003047161	yellow	0.10487676979549	4	4	4	3	1	1	0.75	1	1	0.80375	ko	2	IG-D	ST8	54.98346
LV3003047162	grey	0.821206581352834	30	30	24	26	1	0.8	0.866666666666667	1	0.651825467497774	0.95750469971307	ko	2	IG-D	ST8	102.698
LV3003047162	turquoise	0.165143205362584	21	21	18	17	1	0.857142857142857	0.80952380952381	1	0.886592865928659	0.852644526445264	ko	2	IG-D	ST8	102.698
LV3003047162	yellow	0.0058094657729027	1	1	1	1	1	1	1	1	1	1	ko	2	IG-D	ST8	102.698
LV3003047162	brown	0.00784074751167987	1	1	1	1	1	1	1	1	1	1	ko	2	IG-D	ST8	102.698
LV3003047164	grey	0.235798438166145	122	118	116	109	0.967213114754098	0.950819672131147	0.89344262295082	0.981258130663903	0.964103807906864	0.921725133949243	ko	1	G-A	ST8	43.93302
LV3003047164	turquoise	0.684331749316308	200	200	191	161	1	0.955	0.805	1	0.963456234852572	0.802997956284236	ko	1	G-A	ST8	43.93302
LV3003047164	yellow	0.0761420000207967	54	52	48	37	0.962962962962963	0.888888888888889	0.685185185185185	0.96790713554114	0.919426425401161	0.758279276203482	ko	1	G-A	ST8	43.93302
LV3003047164	blue	0.00085786480050744	1	1	1	1	1	1	1	1	1	1	ko	1	G-A	ST8	43.93302
LV3003047164	green	0.00286994769624307	4	4	4	2	1	1	0.5	1	1	0.516304347826087	ko	1	G-A	ST8	43.93302
LV3003047166	grey	0.211789960369881	223	206	195	179	0.923766816143498	0.874439461883408	0.802690582959641	0.945722230885181	0.91504236186912	0.868093456000832	ko	1	G-A	ST8	38.27343
LV3003047166	turquoise	0.695461800968736	222	221	212	179	0.995495495495495	0.954954954954955	0.806306306306306	0.99942620388361	0.961389457188874	0.836658053129563	ko	1	G-A	ST8	38.27343
LV3003047166	yellow	0.0836470717745486	73	71	68	53	0.972602739726027	0.931506849315068	0.726027397260274	0.973547410673159	0.948147660722511	0.794597617950911	ko	1	G-A	ST8	38.27343
LV3003047166	green	0.00792051959489212	17	17	15	12	1	0.882352941176471	0.705882352941177	1	0.891243919388464	0.700833912439194	ko	1	G-A	ST8	38.27343
LV3003047166	blue	0.000666006164685161	2	1	1	1	0.5	0.5	0.5	0.553719008264463	0.553719008264463	0.553719008264463	ko	1	G-A	ST8	38.27343
LV3003047166	brown	0.000514641127256715	1	1	1	1	1	1	1	1	1	1	ko	1	G-A	ST8	38.27343
LV3003047167	turquoise	0.615308582575453	177	177	169	145	1	0.954802259887006	0.819209039548023	1	0.936747269559305	0.800050996557732	ko	1	G-A	ST8	34.67812
LV3003047167	yellow	0.112936881906565	55	53	51	42	0.963636363636364	0.927272727272727	0.763636363636364	0.987960175966659	0.963880527899977	0.836675156286177	ko	1	G-A	ST8	34.67812
LV3003047167	grey	0.269809061099402	151	146	141	126	0.966887417218543	0.933774834437086	0.834437086092715	0.985559496811459	0.97051811362447	0.905351708631351	ko	1	G-A	ST8	34.67812
LV3003047167	brown	0.00194547441858033	2	2	1	2	1	0.5	1	1	0.298387096774194	1	ko	1	G-A	ST8	34.67812
LV3003047168	grey	0.341821407285067	321	309	299	276	0.962616822429906	0.931464174454829	0.85981308411215	0.989444144376864	0.9718549655966	0.924981800248926	ko	1	G-A	ST8	30.497
LV3003047168	turquoise	0.559954004258419	203	203	195	160	1	0.960591133004926	0.788177339901478	1	0.947191868945522	0.809915815202004	ko	1	G-A	ST8	30.497
LV3003047168	yellow	0.0854011683560536	70	68	65	50	0.971428571428571	0.928571428571429	0.714285714285714	0.98754582197575	0.959911645831375	0.798101325312529	ko	1	G-A	ST8	30.497
LV3003047168	blue	0.00562504640713456	15	15	15	11	1	1	0.733333333333333	1	1	0.750624331073849	ko	1	G-A	ST8	30.497
LV3003047168	brown	0.0051093000901051	11	11	8	10	1	0.727272727272727	0.909090909090909	1	0.65553809897879	0.942655145326002	ko	1	G-A	ST8	30.497
LV3003047168	green	0.0020890736032205	5	5	5	5	1	1	1	1	1	1	ko	1	G-A	ST8	30.497
LV3003047169	grey	0.367340579903676	352	331	319	292	0.940340909090909	0.90625	0.829545454545455	0.974921842813174	0.950677362285825	0.905159586069845	ko	1	G-A	ST8	26.6703333333333
LV3003047169	turquoise	0.530397315029957	216	216	207	172	1	0.958333333333333	0.796296296296296	1	0.949435203679149	0.845344836267813	ko	1	G-A	ST8	26.6703333333333
LV3003047169	yellow	0.092068833515833	73	71	68	52	0.972602739726027	0.931506849315068	0.712328767123288	0.980216592535293	0.959601624444015	0.827518855153742	ko	1	G-A	ST8	26.6703333333333
LV3003047169	brown	0.00266716520221848	6	6	4	6	1	0.666666666666667	1	1	0.739652870493992	1	ko	1	G-A	ST8	26.6703333333333
LV3003047169	blue	0.00725013131070338	25	25	25	25	1	1	1	1	1	1	ko	1	G-A	ST8	26.6703333333333
LV3003047169	green	0.000275975037612727	1	1	1	1	1	1	1	1	1	1	ko	1	G-A	ST8	26.6703333333333
LV3003061473	grey	0.557245642395866	42	42	39	37	1	0.928571428571429	0.880952380952381	1	0.991432307715433	0.985510078311714	ko	2	IG-D	ST13	117.088
LV3003061473	turquoise	0.389357478494669	98	98	94	80	1	0.959183673469388	0.816326530612245	1	0.937592771861891	0.849671937184038	ko	2	IG-D	ST13	117.088
LV3003061473	yellow	0.038722160333029	17	17	17	14	1	1	0.823529411764706	1	1	0.836902444300238	ko	2	IG-D	ST13	117.088
LV3003061473	green	0.0146747187764367	7	7	6	2	1	0.857142857142857	0.285714285714286	1	0.884132420091324	0.118721461187215	ko	2	IG-D	ST13	117.088
LV3003061474	grey	0.240366627779032	302	273	256	230	0.903973509933775	0.847682119205298	0.76158940397351	0.95759884408249	0.920983843425719	0.866222251412058	ko	4	IG-B	ST13	77.7798
LV3003061474	green	0.0245813001520249	51	48	44	36	0.941176470588235	0.862745098039216	0.705882352941177	0.976237878106737	0.880547171023056	0.586474857106159	ko	4	IG-B	ST13	77.7798
LV3003061474	turquoise	0.690417065935853	230	229	219	185	0.995652173913044	0.952173913043478	0.804347826086957	0.999256877881027	0.945050120728763	0.883906032779688	ko	4	IG-B	ST13	77.7798
LV3003061474	yellow	0.0437541143801632	71	69	66	52	0.971830985915493	0.929577464788732	0.732394366197183	0.979758983980372	0.952337999711358	0.787848174339732	ko	4	IG-B	ST13	77.7798
LV3003061474	blue	0.000880891752927229	4	3	3	2	0.75	0.75	0.5	0.720430107526882	0.720430107526882	0.49820788530466	ko	4	IG-B	ST13	77.7798
LV3003061475	turquoise	0.649157642988889	212	211	202	170	0.995283018867925	0.952830188679245	0.80188679245283	0.998454734132703	0.955989377996502	0.821660005256623	ko	1	G-A	ST13	53.844
LV3003061475	yellow	0.0611256725471335	63	61	58	45	0.968253968253968	0.920634920634921	0.714285714285714	0.964050243033832	0.93709995668704	0.773136339573608	ko	1	G-A	ST13	53.844
LV3003061475	grey	0.27779984055963	177	163	155	143	0.92090395480226	0.875706214689266	0.807909604519774	0.961677344205009	0.940954095409541	0.871647164716472	ko	1	G-A	ST13	53.844
LV3003061475	green	0.0110549245599946	18	18	17	14	1	0.944444444444444	0.777777777777778	1	0.972059606173497	0.788451303885045	ko	1	G-A	ST13	53.844
LV3003061475	blue	0.000861919344352958	1	1	1	1	1	1	1	1	1	1	ko	1	G-A	ST13	53.844
LV3003061476	grey	0.271401702185401	326	291	280	250	0.892638036809816	0.858895705521472	0.766871165644172	0.93678172891972	0.913269309557042	0.864189043740322	ko	1	G-A	ST13	37.16
LV3003061476	green	0.0171198540553173	40	38	34	27	0.95	0.85	0.675	0.963672391017173	0.883971818582123	0.719176574196389	ko	1	G-A	ST13	37.16
LV3003061476	turquoise	0.631747868499016	224	223	213	179	0.995535714285714	0.950892857142857	0.799107142857143	0.999090130752686	0.930196621252756	0.845545966296057	ko	1	G-A	ST13	37.16
LV3003061476	yellow	0.0759387273563357	75	73	69	54	0.973333333333333	0.92	0.72	0.978532784037326	0.952201320295826	0.808383382141262	ko	1	G-A	ST13	37.16
LV3003061476	blue	0.00212961636751525	9	9	8	4	1	0.888888888888889	0.444444444444444	1	0.909734513274336	0.380530973451327	ko	1	G-A	ST13	37.16
LV3003061476	brown	0.00166223153641456	3	3	2	3	1	0.666666666666667	1	1	0.246031746031746	1	ko	1	G-A	ST13	37.16
LV3003061477	grey	0.159897890189585	477	416	393	363	0.872117400419287	0.823899371069182	0.761006289308176	0.913297414268995	0.87685483692892	0.805653388389604	ko	3	IG-A	ST13	16.726
LV3003061477	green	0.00827920960227664	37	36	35	26	0.972972972972973	0.945945945945946	0.702702702702703	0.993816301508609	0.983154752385522	0.792099792099792	ko	3	IG-A	ST13	16.726
LV3003061477	turquoise	0.709902391918778	232	231	221	185	0.995689655172414	0.952586206896552	0.797413793103448	0.999324834285984	0.947503689786844	0.794341788032781	ko	3	IG-A	ST13	16.726
LV3003061477	yellow	0.0945976601600497	75	73	69	54	0.973333333333333	0.92	0.72	0.986568006755654	0.948950027759764	0.739986656651379	ko	3	IG-A	ST13	16.726
LV3003061477	blue	0.0236265753845448	132	110	99	83	0.833333333333333	0.75	0.628787878787879	0.835727495189883	0.768423215586648	0.580875347916239	ko	3	IG-A	ST13	16.726
LV3003061477	brown	0.00369627274476608	25	23	16	19	0.92	0.64	0.76	0.906268656716418	0.582208955223881	0.773970149253731	ko	3	IG-A	ST13	16.726
LV3003061485	grey	0.194713905780985	502	432	409	365	0.860557768924303	0.814741035856574	0.727091633466135	0.883723976638082	0.85192723043695	0.802094648996128	ko	4	IG-B	ST13	75.7796
LV3003061485	green	0.0432474298956405	65	61	56	44	0.938461538461539	0.861538461538462	0.676923076923077	0.988578333357308	0.90774918365292	0.503344505660486	ko	4	IG-B	ST13	75.7796
LV3003061485	turquoise	0.706172294197241	234	233	223	188	0.995726495726496	0.952991452991453	0.803418803418803	0.998852983695983	0.958031712974587	0.875922260133079	ko	4	IG-B	ST13	75.7796
LV3003061485	yellow	0.049080361447657	75	73	69	54	0.973333333333333	0.92	0.72	0.981671377688768	0.953253140329307	0.83098627254636	ko	4	IG-B	ST13	75.7796
LV3003061485	blue	0.00669580229248643	53	45	42	34	0.849056603773585	0.792452830188679	0.641509433962264	0.850506364396544	0.785747468178017	0.640527733903187	ko	4	IG-B	ST13	75.7796
LV3003061485	brown	9.02063859900151e-05	1	1	1	1	1	1	1	1	1	1	ko	4	IG-B	ST13	75.7796
LV3003061486	turquoise	0.542592914206322	182	182	173	147	1	0.950549450549451	0.807692307692308	1	0.931565798013746	0.813199612351409	ko	2	IG-D	ST13	52.105
LV3003061486	grey	0.412894137624947	92	86	83	83	0.934782608695652	0.902173913043478	0.902173913043478	0.988654951628733	0.978139458802636	0.979202691966164	ko	2	IG-D	ST13	52.105
LV3003061486	yellow	0.0430994558295705	36	34	32	24	0.944444444444444	0.888888888888889	0.666666666666667	0.949742556525633	0.923214685471233	0.740429818670249	ko	2	IG-D	ST13	52.105
LV3003061486	green	0.00141349233916097	2	2	2	0	1	1	0	1	1	0	ko	2	IG-D	ST13	52.105
LV3003061488	grey	0.223018684769222	419	379	360	325	0.904534606205251	0.859188544152745	0.775656324582339	0.942670318553063	0.911530584548573	0.858948355417376	ko	1	G-A	ST13	35.041
LV3003061488	green	0.00693813896308721	30	29	28	21	0.966666666666667	0.933333333333333	0.7	0.984137055837563	0.961770304568528	0.748413705583756	ko	1	G-A	ST13	35.041
LV3003061488	turquoise	0.686043708954756	232	232	222	186	1	0.956896551724138	0.801724137931035	1	0.924971925433953	0.823221676773511	ko	1	G-A	ST13	35.041
LV3003061488	yellow	0.0748007101026743	74	72	69	54	0.972972972972973	0.932432432432432	0.72972972972973	0.976899535047967	0.954372903301748	0.783105761873933	ko	1	G-A	ST13	35.041
LV3003061488	blue	0.00792096860998392	43	39	37	27	0.906976744186047	0.86046511627907	0.627906976744186	0.932471863276365	0.891204668611922	0.59899958315965	ko	1	G-A	ST13	35.041
LV3003061488	brown	0.00127778860027669	8	6	5	6	0.75	0.625	0.75	0.794142980189492	0.661498708010336	0.794142980189492	ko	1	G-A	ST13	35.041
LV3003061489	turquoise	0.538262560327766	137	137	131	112	1	0.956204379562044	0.817518248175183	1	0.951994839542009	0.882612481857765	ko	2	IG-D	ST13	112.6068
LV3003061489	grey	0.405027603208222	104	99	94	76	0.951923076923077	0.903846153846154	0.730769230769231	0.992790522237081	0.967895964064054	0.932662963343963	ko	2	IG-D	ST13	112.6068
LV3003061489	green	0.0432172494010625	35	35	33	24	1	0.942857142857143	0.685714285714286	1	0.894994777858118	0.523660319755765	ko	2	IG-D	ST13	112.6068
LV3003061489	yellow	0.0125342870039235	18	18	17	14	1	0.944444444444444	0.777777777777778	1	0.965373961218837	0.845429362880886	ko	2	IG-D	ST13	112.6068
LV3003061489	blue	0.000958300059025728	1	1	1	1	1	1	1	1	1	1	ko	2	IG-D	ST13	112.6068
LV3003061492	grey	0.198970726460785	533	467	446	412	0.876172607879925	0.836772983114446	0.772983114446529	0.920358318522181	0.871708694703176	0.796370042718481	ko	3	IG-A	ST13	14.437
LV3003061492	green	0.00698812298281043	34	33	32	23	0.970588235294118	0.941176470588235	0.676470588235294	0.992770625911599	0.980404591286702	0.75033293170144	ko	3	IG-A	ST13	14.437
LV3003061492	turquoise	0.64092241982537	233	232	223	186	0.995708154506438	0.957081545064378	0.798283261802575	0.999406057932515	0.945909094366263	0.78085612012703	ko	3	IG-A	ST13	14.437
LV3003061492	yellow	0.11803497651053	75	73	69	54	0.973333333333333	0.92	0.72	0.989551381447789	0.961633333458481	0.790975066735248	ko	3	IG-A	ST13	14.437
LV3003061492	blue	0.0235541711370003	131	111	100	85	0.847328244274809	0.763358778625954	0.648854961832061	0.856390284284397	0.784105661229328	0.601286899587966	ko	3	IG-A	ST13	14.437
LV3003061492	brown	0.0115295830835043	55	52	36	43	0.945454545454546	0.654545454545455	0.781818181818182	0.918322635200061	0.616404658492524	0.79478802321559	ko	3	IG-A	ST13	14.437
LV3003061500	grey	0.347861356643849	189	175	160	152	0.925925925925926	0.846560846560847	0.804232804232804	0.9825692146032	0.87255634661527	0.934536218609695	ko	2	IG-D	ST13	148.086
LV3003061500	turquoise	0.570727111375214	210	209	200	166	0.995238095238095	0.952380952380952	0.79047619047619	0.999623256706031	0.946704523659479	0.873177932432803	ko	2	IG-D	ST13	148.086
LV3003061500	yellow	0.0572630994593284	61	60	57	43	0.983606557377049	0.934426229508197	0.704918032786885	0.987984297661717	0.967332309267793	0.80815838880355	ko	2	IG-D	ST13	148.086
LV3003061500	brown	0.0212965171056284	31	30	24	28	0.967741935483871	0.774193548387097	0.903225806451613	0.990454336851767	0.539054612207435	0.877650298301973	ko	2	IG-D	ST13	148.086
LV3003061500	blue	0.000840523391961469	2	2	2	2	1	1	1	1	1	1	ko	2	IG-D	ST13	148.086
LV3003061500	green	0.00201139202401942	8	8	8	5	1	1	0.625	1	1	0.643343051506317	ko	2	IG-D	ST13	148.086
LV3003061501	green	0.0366646444756061	51	50	45	34	0.980392156862745	0.882352941176471	0.666666666666667	0.992314647377938	0.91125678119349	0.5874773960217	ko	4	IG-B	ST13	105.5872
LV3003061501	grey	0.388305437041899	243	228	214	191	0.938271604938272	0.880658436213992	0.786008230452675	0.983224269743498	0.961812803339779	0.937776127239432	ko	4	IG-B	ST13	105.5872
LV3003061501	turquoise	0.54997463973506	222	221	211	177	0.995495495495495	0.95045045045045	0.797297297297297	0.998667884256622	0.947920904874278	0.866664858364753	ko	4	IG-B	ST13	105.5872
LV3003061501	yellow	0.0238933476544241	51	49	45	37	0.96078431372549	0.882352941176471	0.725490196078431	0.981477627471384	0.93451266042317	0.809850849809227	ko	4	IG-B	ST13	105.5872
LV3003061501	blue	0.00116193109301084	5	4	3	2	0.8	0.6	0.4	0.737517831669044	0.534950071326676	0.343794579172611	ko	4	IG-B	ST13	105.5872
LV3003061503	grey	0.197217192283379	385	338	318	290	0.877922077922078	0.825974025974026	0.753246753246753	0.931489476290164	0.895140764934287	0.86085075702956	ko	4	IG-B	ST13	73.1472
LV3003061503	green	0.0300936910576348	57	54	50	38	0.947368421052632	0.87719298245614	0.666666666666667	0.985142174024421	0.898414595963909	0.498391825349387	ko	4	IG-B	ST13	73.1472
LV3003061503	turquoise	0.727274907619487	233	232	222	187	0.995708154506438	0.952789699570815	0.802575107296137	0.999029514993051	0.952434456928839	0.882007160860245	ko	4	IG-B	ST13	73.1472
LV3003061503	yellow	0.0428436580798901	72	70	66	53	0.972222222222222	0.916666666666667	0.736111111111111	0.980666959894438	0.948898396577232	0.778439761685793	ko	4	IG-B	ST13	73.1472
LV3003061503	blue	0.0023024461777509	20	19	18	15	0.95	0.9	0.75	0.915550595238095	0.866071428571429	0.730654761904762	ko	4	IG-B	ST13	73.1472
LV3003061503	brown	0.000268104781858643	2	2	2	2	1	1	1	1	1	1	ko	4	IG-B	ST13	73.1472
LV3003061504	turquoise	0.675570643339407	211	210	200	171	0.995260663507109	0.947867298578199	0.81042654028436	0.999220320899503	0.932977441533394	0.855054297747884	ko	1	G-A	ST13	50.268
LV3003061504	grey	0.261952826313229	159	136	127	118	0.855345911949686	0.79874213836478	0.742138364779874	0.94671926111218	0.917038676159323	0.903723301904945	ko	1	G-A	ST13	50.268
LV3003061504	yellow	0.0571664033025109	68	66	63	50	0.970588235294118	0.926470588235294	0.735294117647059	0.96565710003086	0.935855045628885	0.766256667989243	ko	1	G-A	ST13	50.268
LV3003061504	green	0.00531012704485255	12	12	12	9	1	1	0.75	1	1	0.664451827242525	ko	1	G-A	ST13	50.268
LV3003061505	grey	0.192994034105908	208	191	182	168	0.918269230769231	0.875	0.807692307692308	0.957313181051384	0.929637988419277	0.908152099575981	ko	1	G-A	ST13	32.81
LV3003061505	turquoise	0.731215792900762	224	223	213	180	0.995535714285714	0.950892857142857	0.803571428571429	0.999581827863502	0.953402386890454	0.838985676852217	ko	1	G-A	ST13	32.81
LV3003061505	yellow	0.0665443570385231	73	71	67	53	0.972602739726027	0.917808219178082	0.726027397260274	0.974479338842975	0.934743801652893	0.745256198347108	ko	1	G-A	ST13	32.81
LV3003061505	blue	0.00355489854460342	11	11	10	7	1	0.909090909090909	0.636363636363636	1	0.830445544554456	0.587871287128713	ko	1	G-A	ST13	32.81
LV3003061505	green	0.00431163437340514	10	10	10	8	1	1	0.8	1	1	0.838265306122449	ko	1	G-A	ST13	32.81
LV3003061505	brown	0.00137928303679848	3	3	2	3	1	0.666666666666667	1	1	0.639553429027113	1	ko	1	G-A	ST13	32.81
LV3003061506	grey	0.257392685165135	138	130	124	114	0.942028985507246	0.898550724637681	0.826086956521739	0.984728910112089	0.950861702894777	0.935069825576271	ko	3	IG-A	ST13	11.95
LV3003061506	turquoise	0.653321784679473	206	205	196	165	0.995145631067961	0.951456310679612	0.800970873786408	0.999577018866852	0.948898197279663	0.877553275105035	ko	3	IG-A	ST13	11.95
LV3003061506	yellow	0.0490714676070571	60	58	54	44	0.966666666666667	0.9	0.733333333333333	0.981718848497584	0.901155704980038	0.666862786299643	ko	3	IG-A	ST13	11.95
LV3003061506	brown	0.0337653767232757	50	48	28	41	0.96	0.56	0.82	0.977951505527393	0.523728088926892	0.854333353692054	ko	3	IG-A	ST13	11.95
LV3003061506	blue	0.00213031418525278	7	7	7	4	1	1	0.571428571428571	1	1	0.62729912875121	ko	3	IG-A	ST13	11.95
LV3003061506	green	0.00431837163980573	6	6	6	5	1	1	0.833333333333333	1	1	0.933142311365807	ko	3	IG-A	ST13	11.95
LV3003061513	yellow	0.0975704449350746	58	57	55	41	0.982758620689655	0.948275862068965	0.706896551724138	0.988446234239417	0.974639244450837	0.816769739680714	ko	2	IG-D	ST13	138.493
LV3003061513	turquoise	0.637129064850503	181	181	173	144	1	0.955801104972376	0.795580110497238	1	0.963291436626336	0.824768001879479	ko	2	IG-D	ST13	138.493
LV3003061513	green	0.0102299517269768	13	13	13	9	1	1	0.692307692307692	1	1	0.732967535436671	ko	2	IG-D	ST13	138.493
LV3003061513	grey	0.250233880926543	90	80	76	71	0.888888888888889	0.844444444444445	0.788888888888889	0.954519964109466	0.939528189023478	0.921844623897114	ko	2	IG-D	ST13	138.493
LV3003061513	blue	0.00195056692736594	3	3	3	3	1	1	1	1	1	1	ko	2	IG-D	ST13	138.493
LV3003061513	brown	0.00288609063353665	2	2	2	2	1	1	1	1	1	1	ko	2	IG-D	ST13	138.493
LV3003061514	grey	0.236425605012018	507	449	427	377	0.88560157790927	0.842209072978304	0.743589743589744	0.922696304306226	0.885976289483356	0.804070821727654	ko	4	IG-B	ST13	100.6726
LV3003061514	green	0.0667414486105137	65	61	56	44	0.938461538461539	0.861538461538462	0.676923076923077	0.982923916201298	0.875689983537235	0.528659199242498	ko	4	IG-B	ST13	100.6726
LV3003061514	turquoise	0.648944734372094	237	236	226	190	0.9957805907173	0.953586497890295	0.80168776371308	0.998521553121725	0.952094337304999	0.85434310369822	ko	4	IG-B	ST13	100.6726
LV3003061514	yellow	0.0389854742537305	74	72	68	53	0.972972972972973	0.918918918918919	0.716216216216216	0.985539816162249	0.946359165177667	0.798533718938236	ko	4	IG-B	ST13	100.6726
LV3003061514	blue	0.00874474772943203	60	51	49	39	0.85	0.816666666666667	0.65	0.854726123018806	0.807177465714051	0.621910158495524	ko	4	IG-B	ST13	100.6726
LV3003061514	brown	0.000157990022211961	2	2	2	2	1	1	1	1	1	1	ko	4	IG-B	ST13	100.6726
LV3003061515	grey	0.233530384936794	547	476	450	401	0.870201096892139	0.822669104204753	0.73308957952468	0.874283570892723	0.824866216554139	0.763708427106777	ko	4	IG-B	ST13	71.0012
LV3003061515	green	0.0811615902957876	65	61	56	44	0.938461538461539	0.861538461538462	0.676923076923077	0.956015886949389	0.849404958915543	0.607021053086011	ko	4	IG-B	ST13	71.0012
LV3003061515	turquoise	0.634107115639879	230	229	220	185	0.995652173913044	0.956521739130435	0.804347826086957	0.998955658782228	0.950761245547275	0.815793496719627	ko	4	IG-B	ST13	71.0012
LV3003061515	yellow	0.043006614650338	76	74	70	55	0.973684210526316	0.921052631578947	0.723684210526316	0.980745468124109	0.945984112974404	0.820042093828502	ko	4	IG-B	ST13	71.0012
LV3003061515	blue	0.00805939695552061	64	57	53	44	0.890625	0.828125	0.6875	0.8742844721397	0.804289544235925	0.653648286356061	ko	4	IG-B	ST13	71.0012
LV3003061515	brown	0.000134897521681419	2	2	2	2	1	1	1	1	1	1	ko	4	IG-B	ST13	71.0012
LV3003061516	turquoise	0.660937071756603	218	217	207	175	0.995412844036697	0.94954128440367	0.802752293577982	0.999433611133587	0.926629042263398	0.851949995954365	ko	1	G-A	ST13	48.537
LV3003061516	grey	0.278924464270992	163	144	135	122	0.883435582822086	0.828220858895705	0.748466257668712	0.967357959992331	0.951907713938774	0.935227200102256	ko	1	G-A	ST13	48.537
LV3003061516	yellow	0.0544942856315218	66	64	60	48	0.96969696969697	0.909090909090909	0.727272727272727	0.967206411514557	0.933799476611057	0.78275269872424	ko	1	G-A	ST13	48.537
LV3003061516	blue	0.000505814640102856	2	2	2	2	1	1	1	1	1	1	ko	1	G-A	ST13	48.537
LV3003061516	green	0.00513836370078056	15	15	15	11	1	1	0.733333333333333	1	1	0.683000867302689	ko	1	G-A	ST13	48.537
LV3003061517	grey	0.222850362383575	442	392	373	340	0.886877828054299	0.843891402714932	0.769230769230769	0.935900340737771	0.899774293905935	0.858036095546008	ko	4	IG-B	ST13	30.678
LV3003061517	green	0.0164286380125999	50	48	44	33	0.96	0.88	0.66	0.975885099592175	0.86884567645842	0.692535019800225	ko	4	IG-B	ST13	30.678
LV3003061517	turquoise	0.676204643792094	234	233	223	188	0.995726495726496	0.952991452991453	0.803418803418803	0.998900038484293	0.951838630188918	0.835091931509446	ko	4	IG-B	ST13	30.678
LV3003061517	yellow	0.0739079941894338	75	73	69	54	0.973333333333333	0.92	0.72	0.986520219670494	0.949693880232283	0.795609217752319	ko	4	IG-B	ST13	30.678
LV3003061517	blue	0.00841192098251393	56	46	43	32	0.821428571428571	0.767857142857143	0.571428571428571	0.812305206048713	0.763245988687522	0.531571049290084	ko	4	IG-B	ST13	30.678
LV3003061517	brown	0.00219644063978374	5	4	4	4	0.8	0.8	0.8	0.953580901856764	0.953580901856764	0.953580901856764	ko	4	IG-B	ST13	30.678
LV3003061518	grey	0.24499850013563	411	358	339	312	0.871046228710462	0.824817518248175	0.759124087591241	0.931085848928585	0.821871800249195	0.783854134540655	ko	3	IG-A	ST13	9.804
LV3003061518	green	0.00969887105926693	38	36	34	26	0.947368421052632	0.894736842105263	0.68421052631579	0.983250233717669	0.954425054534123	0.739093175444064	ko	3	IG-A	ST13	9.804
LV3003061518	turquoise	0.632258191261798	232	231	222	186	0.995689655172414	0.956896551724138	0.801724137931035	0.999071422766754	0.925601483811445	0.77352395657557	ko	3	IG-A	ST13	9.804
LV3003061518	yellow	0.0863513853533144	74	72	68	53	0.972972972972973	0.918918918918919	0.716216216216216	0.979366829421956	0.948942090617945	0.762666036646191	ko	3	IG-A	ST13	9.804
LV3003061518	blue	0.0184071515951076	100	82	74	64	0.82	0.74	0.64	0.844341365296991	0.788514428800131	0.656376996018226	ko	3	IG-A	ST13	9.804
LV3003061518	brown	0.00828590059488323	23	21	14	17	0.91304347826087	0.608695652173913	0.739130434782609	0.918657669159219	0.704632500455955	0.843607514134598	ko	3	IG-A	ST13	9.804
LV3003061527	turquoise	0.376868983409572	27	27	25	22	1	0.925925925925926	0.814814814814815	1	0.923913043478261	0.857427536231884	ko	2	IG-D	ST13	133.7754
LV3003061527	grey	0.559773332423022	17	17	17	17	1	1	1	1	1	1	ko	2	IG-D	ST13	133.7754
LV3003061527	yellow	0.0633576841674063	5	5	5	4	1	1	0.8	1	1	0.848060344827586	ko	2	IG-D	ST13	133.7754
LV3003061528	green	0.0548605250048881	63	60	55	43	0.952380952380952	0.873015873015873	0.682539682539683	0.989397521312415	0.90438068629558	0.565334192993768	ko	4	IG-B	ST13	95.118
LV3003061528	turquoise	0.653222058576452	232	231	221	185	0.995689655172414	0.952586206896552	0.797413793103448	0.999114068561166	0.952436461869601	0.840712836379444	ko	4	IG-B	ST13	95.118
LV3003061528	grey	0.243154470362485	422	373	350	311	0.883886255924171	0.829383886255924	0.73696682464455	0.937412618495381	0.911010271620104	0.829778808621373	ko	4	IG-B	ST13	95.118
LV3003061528	yellow	0.0435555389617216	75	73	69	54	0.973333333333333	0.92	0.72	0.980600045116174	0.94762012181367	0.802413715316941	ko	4	IG-B	ST13	95.118
LV3003061528	blue	0.00520740709445352	33	30	29	23	0.909090909090909	0.878787878787879	0.696969696969697	0.90622641509434	0.84811320754717	0.654528301886793	ko	4	IG-B	ST13	95.118
LV3003061529	grey	0.205678296393689	424	379	358	321	0.893867924528302	0.84433962264151	0.757075471698113	0.920802298260133	0.880440055934477	0.825052557480285	ko	4	IG-B	ST13	66.015
LV3003061529	green	0.0238473970072627	58	54	51	40	0.931034482758621	0.879310344827586	0.689655172413793	0.96902818230299	0.920170652664397	0.661525208188046	ko	4	IG-B	ST13	66.015
LV3003061529	turquoise	0.68425506354871	237	236	226	190	0.9957805907173	0.953586497890295	0.80168776371308	0.999422404142678	0.939599771821042	0.820001687037405	ko	4	IG-B	ST13	66.015
LV3003061529	yellow	0.0742852726646632	76	74	70	55	0.973684210526316	0.921052631578947	0.723684210526316	0.983117139658919	0.956436425890564	0.810574833739383	ko	4	IG-B	ST13	66.015
LV3003061529	blue	0.00976904896068119	62	53	49	37	0.854838709677419	0.790322580645161	0.596774193548387	0.836471059483277	0.764570398557981	0.572701782495494	ko	4	IG-B	ST13	66.015
LV3003061529	brown	0.00216492142499374	12	11	7	10	0.916666666666667	0.583333333333333	0.833333333333333	0.915499322187076	0.501581563488477	0.800271125169453	ko	4	IG-B	ST13	66.015
LV3003061530	turquoise	0.849626307922272	204	204	194	166	1	0.950980392156863	0.813725490196078	1	0.967858640154521	0.930089313788612	ko	1	G-A	ST13	47.046
LV3003061530	grey	0.11601469325446	132	119	113	106	0.901515151515152	0.856060606060606	0.803030303030303	0.966267801581754	0.944803103197774	0.925682251189057	ko	1	G-A	ST13	47.046
LV3003061530	yellow	0.0286407149445028	61	59	55	44	0.967213114754098	0.901639344262295	0.721311475409836	0.969574149131087	0.934095830325912	0.790572427960691	ko	1	G-A	ST13	47.046
LV3003061530	green	0.00513627834494164	18	18	17	14	1	0.944444444444444	0.777777777777778	1	0.947058823529412	0.748916408668731	ko	1	G-A	ST13	47.046
LV3003061530	blue	0.000582005533823109	2	2	2	2	1	1	1	1	1	1	ko	1	G-A	ST13	47.046
LV3003061531	grey	0.243030522487042	516	475	453	411	0.920542635658915	0.877906976744186	0.796511627906977	0.958461332418157	0.929771401307474	0.88039793415755	ko	1	G-A	ST13	28.445
LV3003061531	green	0.0104196333395718	38	38	35	26	1	0.921052631578947	0.68421052631579	1	0.930300663803202	0.672686450605232	ko	1	G-A	ST13	28.445
LV3003061531	turquoise	0.669224447283409	235	234	224	189	0.995744680851064	0.953191489361702	0.804255319148936	0.99922485804263	0.948747917755919	0.871663849810926	ko	1	G-A	ST13	28.445
LV3003061531	yellow	0.0668925406654569	76	74	70	55	0.973684210526316	0.921052631578947	0.723684210526316	0.986314909146202	0.956724701588991	0.809686003193188	ko	1	G-A	ST13	28.445
LV3003061531	blue	0.00801001684392113	48	44	40	33	0.916666666666667	0.833333333333333	0.6875	0.894730158730159	0.835428571428571	0.667555555555556	ko	1	G-A	ST13	28.445
LV3003061531	brown	0.00242283938059938	11	10	7	10	0.909090909090909	0.636363636363636	0.909090909090909	0.951301427371956	0.621746431570109	0.951301427371956	ko	1	G-A	ST13	28.445
LV3003061533	grey	0.38914095332891	199	175	162	150	0.879396984924623	0.814070351758794	0.753768844221106	0.983295972489156	0.9636717598201	0.960975384473283	ko	3	IG-A	ST13	7.912
LV3003061533	turquoise	0.472804689228047	214	213	204	172	0.995327102803738	0.953271028037383	0.803738317757009	0.999611120207714	0.918756286402657	0.888476292952212	ko	3	IG-A	ST13	7.912
LV3003061533	yellow	0.0290712784782128	62	60	56	44	0.967741935483871	0.903225806451613	0.709677419354839	0.955632697703172	0.906985591326264	0.725046364544201	ko	3	IG-A	ST13	7.912
LV3003061533	brown	0.103370382658704	83	79	46	67	0.951807228915663	0.55421686746988	0.807228915662651	0.972410196057453	0.431794474015032	0.890082114103833	ko	3	IG-A	ST13	7.912
LV3003061533	blue	0.00246488608714886	10	5	5	4	0.5	0.5	0.4	0.407739764441952	0.407739764441952	0.345485137408861	ko	3	IG-A	ST13	7.912
LV3003061533	green	0.0031478102189781	8	8	8	6	1	1	0.75	1	1	0.871761089152393	ko	3	IG-A	ST13	7.912
LV3003061539	yellow	0.0923792700221432	61	60	57	44	0.983606557377049	0.934426229508197	0.721311475409836	0.988457542995652	0.968296718094725	0.776576507252511	ko	2	IG-D	ST13	130.0556
LV3003061539	turquoise	0.576578721952294	185	185	177	149	1	0.956756756756757	0.805405405405405	1	0.947146177128732	0.782512744959037	ko	2	IG-D	ST13	130.0556
LV3003061539	grey	0.324690511140888	115	100	97	89	0.869565217391304	0.843478260869565	0.773913043478261	0.965474209650582	0.95884052894299	0.92999605919958	ko	2	IG-D	ST13	130.0556
LV3003061539	brown	0.000575793226254749	1	1	1	1	1	1	1	1	1	1	ko	2	IG-D	ST13	130.0556
LV3003061539	green	0.00494755661078155	10	10	10	6	1	1	0.6	1	1	0.593390804597701	ko	2	IG-D	ST13	130.0556
LV3003061539	blue	0.000828147047638004	2	2	2	2	1	1	1	1	1	1	ko	2	IG-D	ST13	130.0556
LV3003061541	green	0.01478878237071	40	40	35	26	1	0.875	0.65	1	0.900897141664928	0.537659086167327	ko	4	IG-B	ST13	91.09
LV3003061541	turquoise	0.581418525935137	225	224	214	180	0.995555555555556	0.951111111111111	0.8	0.999267655861937	0.935964996072937	0.857405166740963	ko	4	IG-B	ST13	91.09
LV3003061541	yellow	0.0375072894843211	69	67	63	51	0.971014492753623	0.91304347826087	0.739130434782609	0.981079302402106	0.946158275748602	0.8035538005923	ko	4	IG-B	ST13	91.09
LV3003061541	grey	0.365348954171128	259	236	223	212	0.911196911196911	0.861003861003861	0.818532818532819	0.973963017857671	0.923671020239256	0.914440264001317	ko	4	IG-B	ST13	91.09
LV3003061541	blue	0.000936448038704462	3	3	3	2	1	1	0.666666666666667	1	1	0.800658978583196	ko	4	IG-B	ST13	91.09
LV3003061543	grey	0.25632530934638	401	334	316	286	0.832917705735661	0.788029925187033	0.713216957605985	0.898449857639987	0.866708847411157	0.797261919498966	ko	4	IG-B	ST13	62.293
LV3003061543	green	0.0248946124547101	56	53	49	38	0.946428571428571	0.875	0.678571428571429	0.959873483453713	0.878959543029788	0.675447292640325	ko	4	IG-B	ST13	62.293
LV3003061543	turquoise	0.642126577875138	231	230	221	186	0.995670995670996	0.956709956709957	0.805194805194805	0.998272296345102	0.95816358278885	0.842846684602573	ko	4	IG-B	ST13	62.293
LV3003061543	yellow	0.0701087192842461	76	74	70	55	0.973684210526316	0.921052631578947	0.723684210526316	0.976364489741183	0.949326136516025	0.83230521657503	ko	4	IG-B	ST13	62.293
LV3003061543	blue	0.00624510081595286	35	29	26	23	0.828571428571429	0.742857142857143	0.657142857142857	0.825931501693639	0.760067745577719	0.684794881445239	ko	4	IG-B	ST13	62.293
LV3003061543	brown	0.000299680223573199	2	2	2	2	1	1	1	1	1	1	ko	4	IG-B	ST13	62.293
LV3003061544	grey	0.27461197893719	227	204	194	175	0.898678414096916	0.854625550660793	0.770925110132159	0.953185437011084	0.926421868766586	0.903534941807018	ko	1	G-A	ST13	45.122
LV3003061544	turquoise	0.635197088740542	226	226	216	182	1	0.955752212389381	0.805309734513274	1	0.937006722632363	0.822909441305383	ko	1	G-A	ST13	45.122
LV3003061544	yellow	0.0731720677229826	74	72	68	53	0.972972972972973	0.918918918918919	0.716216216216216	0.965694571019398	0.936824632209348	0.776233563338107	ko	1	G-A	ST13	45.122
LV3003061544	green	0.014234782215215	31	31	28	22	1	0.903225806451613	0.709677419354839	1	0.917851765099548	0.684457085494395	ko	1	G-A	ST13	45.122
LV3003061544	blue	0.00187669539661861	7	6	6	3	0.857142857142857	0.857142857142857	0.428571428571429	0.861675126903553	0.861675126903553	0.439086294416244	ko	1	G-A	ST13	45.122
LV3003061544	brown	0.000907386987451386	2	2	2	2	1	1	1	1	1	1	ko	1	G-A	ST13	45.122
LV3003061545	grey	0.271703867496492	413	385	369	336	0.932203389830508	0.893462469733656	0.813559322033898	0.968502952713479	0.953506616664511	0.912741928531402	ko	1	G-A	ST13	23.172
LV3003061545	turquoise	0.627651276477629	229	229	219	185	1	0.956331877729258	0.807860262008734	1	0.948235711220168	0.852495754884216	ko	1	G-A	ST13	23.172
LV3003061545	yellow	0.0865917731081217	74	72	68	54	0.972972972972973	0.918918918918919	0.72972972972973	0.983228511530398	0.957138026645026	0.80135253939271	ko	1	G-A	ST13	23.172
LV3003061545	blue	0.00826273022625007	46	43	41	34	0.934782608695652	0.891304347826087	0.739130434782609	0.947554925584692	0.904890148830617	0.722608079376329	ko	1	G-A	ST13	23.172
LV3003061545	brown	0.00206480416568092	10	10	6	9	1	0.6	0.9	1	0.577992058990358	0.897901304594441	ko	1	G-A	ST13	23.172
LV3003061545	green	0.00372554852582586	18	18	18	14	1	1	0.777777777777778	1	1	0.812951901917636	ko	1	G-A	ST13	23.172
LV3003061546	grey	0.387735437285443	147	135	125	122	0.918367346938776	0.850340136054422	0.829931972789116	0.992260260899711	0.970525110331208	0.969002091716103	ko	3	IG-A	ST13	7.197
LV3003061546	turquoise	0.483672874513494	180	180	172	146	1	0.955555555555556	0.811111111111111	1	0.919484526103126	0.926756992215432	ko	3	IG-A	ST13	7.197
LV3003061546	yellow	0.01660728660558	45	43	40	32	0.955555555555556	0.888888888888889	0.711111111111111	0.935340123681339	0.88514005092761	0.735540196435067	ko	3	IG-A	ST13	7.197
LV3003061546	brown	0.10959661329761	79	76	45	64	0.962025316455696	0.569620253164557	0.810126582278481	0.966857757076317	0.491511176032853	0.883857453904032	ko	3	IG-A	ST13	7.197
LV3003061546	blue	0.00218993866661431	9	3	3	3	0.333333333333333	0.333333333333333	0.333333333333333	0.306206896551724	0.306206896551724	0.306206896551724	ko	3	IG-A	ST13	7.197
LV3003061546	green	0.000197849631259638	1	1	1	0	1	1	0	1	1	0	ko	3	IG-A	ST13	7.197
LV3003061555	turquoise	0.463190756997625	61	61	58	49	1	0.950819672131147	0.80327868852459	1	0.939397430727577	0.832939685465753	ko	2	IG-D	ST13	126.443
LV3003061555	grey	0.467006430610775	27	25	24	22	0.925925925925926	0.888888888888889	0.814814814814815	0.987030053708148	0.979716603816707	0.964175522797395	ko	2	IG-D	ST13	126.443
LV3003061555	yellow	0.0698028123916002	11	10	10	9	0.909090909090909	0.909090909090909	0.818181818181818	0.960626911314985	0.960626911314985	0.868501529051988	ko	2	IG-D	ST13	126.443
LV3003061556	grey	0.253032303055964	208	184	172	155	0.884615384615385	0.826923076923077	0.745192307692308	0.958930065455977	0.933535114917073	0.903292484866381	ko	4	IG-B	ST13	86.6174
LV3003061556	green	0.0280773413696629	54	52	49	37	0.962962962962963	0.907407407407407	0.685185185185185	0.981963335304554	0.912699586043761	0.638157894736842	ko	4	IG-B	ST13	86.6174
LV3003061556	turquoise	0.679563813271567	215	215	205	174	1	0.953488372093023	0.809302325581395	1	0.922360134627484	0.84981766649767	ko	4	IG-B	ST13	86.6174
LV3003061556	yellow	0.0388616306775257	60	58	55	44	0.966666666666667	0.916666666666667	0.733333333333333	0.977088229010895	0.945417645802179	0.806665242469558	ko	4	IG-B	ST13	86.6174
LV3003061556	blue	0.00046491162528123	2	2	2	1	1	1	0.5	1	1	0.464285714285714	ko	4	IG-B	ST13	86.6174
LV3003061557	green	0.0417289607215844	54	51	48	37	0.944444444444444	0.888888888888889	0.685185185185185	0.969559829750552	0.886590162167987	0.669845374710414	ko	4	IG-B	ST13	58.082
LV3003061557	yellow	0.0520369874932273	69	67	64	50	0.971014492753623	0.927536231884058	0.72463768115942	0.979262075520608	0.953296465912037	0.820098505141277	ko	4	IG-B	ST13	58.082
LV3003061557	turquoise	0.714945402305311	206	205	196	163	0.995145631067961	0.951456310679612	0.79126213592233	0.998732732298346	0.960664387890833	0.866999783023644	ko	4	IG-B	ST13	58.082
LV3003061557	grey	0.190803036877331	200	159	154	144	0.795	0.77	0.72	0.851830468133241	0.839482025238898	0.814608396469854	ko	4	IG-B	ST13	58.082
LV3003061557	blue	0.000485612602546319	2	1	1	0	0.5	0.5	0	0.513888888888889	0.513888888888889	0	ko	4	IG-B	ST13	58.082
LV3003061558	grey	0.227902657273767	287	258	247	228	0.898954703832753	0.860627177700349	0.794425087108014	0.947071007249313	0.924354991219776	0.89071997838714	ko	1	G-A	ST13	42.626
LV3003061558	green	0.00942710497916014	31	31	28	21	1	0.903225806451613	0.67741935483871	1	0.927612481857765	0.679970972423803	ko	1	G-A	ST13	42.626
LV3003061558	turquoise	0.678727614473822	231	231	221	186	1	0.956709956709957	0.805194805194805	1	0.940907143757087	0.857225652009575	ko	1	G-A	ST13	42.626
LV3003061558	yellow	0.0800209339196199	73	71	67	52	0.972602739726027	0.917808219178082	0.712328767123288	0.972193724886723	0.942698982645123	0.808134564418227	ko	1	G-A	ST13	42.626
LV3003061558	blue	0.00350951005392537	13	12	12	11	0.923076923076923	0.923076923076923	0.846153846153846	0.897173489278753	0.897173489278753	0.83869395711501	ko	1	G-A	ST13	42.626
LV3003061558	brown	0.00041217929970566	2	2	2	2	1	1	1	1	1	1	ko	1	G-A	ST13	42.626
LV3003061559	green	0.0108150649096571	29	29	28	20	1	0.96551724137931	0.689655172413793	1	0.978758393860491	0.744415513224613	ko	1	G-A	ST13	21.069
LV3003061559	grey	0.284624288765346	349	320	306	277	0.916905444126075	0.876790830945559	0.793696275071633	0.958497797310949	0.931211531051146	0.905503077515908	ko	1	G-A	ST13	21.069
LV3003061559	turquoise	0.616595055335131	230	230	220	184	1	0.956521739130435	0.8	1	0.935241249840753	0.830277798476519	ko	1	G-A	ST13	21.069
LV3003061559	yellow	0.0794893190673878	75	73	69	55	0.973333333333333	0.92	0.733333333333333	0.98575477326969	0.95797285202864	0.799410799522673	ko	1	G-A	ST13	21.069
LV3003061559	blue	0.00620862092730622	28	26	26	19	0.928571428571429	0.928571428571429	0.678571428571429	0.926951539746956	0.926951539746956	0.700644545237527	ko	1	G-A	ST13	21.069
LV3003061559	brown	0.00226765099517272	10	9	6	7	0.9	0.6	0.7	0.934640522875817	0.622875816993464	0.764052287581699	ko	1	G-A	ST13	21.069
LV3003061568	grey	0.603656908977667	17	17	17	16	1	1	0.941176470588235	1	1	0.99115631218218	ko	2	IG-D	ST13	121.6354
LV3003061568	turquoise	0.350653972773378	30	30	27	24	1	0.9	0.8	1	0.910809439228622	0.865516366404466	ko	2	IG-D	ST13	121.6354
LV3003061568	yellow	0.03963875789661	5	5	5	4	1	1	0.8	1	1	0.824915824915825	ko	2	IG-D	ST13	121.6354
LV3003061568	blue	0.00605036035234452	1	1	1	1	1	1	1	1	1	1	ko	2	IG-D	ST13	121.6354
LV3003061569	grey	0.255505298724168	333	291	268	241	0.873873873873874	0.804804804804805	0.723723723723724	0.935092181928863	0.895431124445604	0.819881076615358	ko	4	IG-B	ST13	81.6946
LV3003061569	green	0.0411788151022318	63	59	54	43	0.936507936507937	0.857142857142857	0.682539682539683	0.970727101038716	0.875556454876568	0.626298394711992	ko	4	IG-B	ST13	81.6946
LV3003061569	turquoise	0.661578798992888	232	231	221	185	0.995689655172414	0.952586206896552	0.797413793103448	0.999172944799313	0.937536341099396	0.857043298648793	ko	4	IG-B	ST13	81.6946
LV3003061569	yellow	0.0402928012065343	74	72	68	53	0.972972972972973	0.918918918918919	0.716216216216216	0.9714965189219	0.937237195836493	0.780795478045082	ko	4	IG-B	ST13	81.6946
LV3003061569	blue	0.00127763759254193	7	6	6	4	0.857142857142857	0.857142857142857	0.571428571428571	0.820652173913043	0.820652173913043	0.464130434782609	ko	4	IG-B	ST13	81.6946
LV3003061569	brown	0.000166648381635904	1	1	1	1	1	1	1	1	1	1	ko	4	IG-B	ST13	81.6946
LV3003061570	green	0.0271809869017217	49	46	42	31	0.938775510204082	0.857142857142857	0.63265306122449	0.968783148961964	0.875662979239279	0.662070010607668	ko	4	IG-B	ST13	55.466
LV3003061570	turquoise	0.688100337754346	229	228	218	183	0.995633187772926	0.951965065502183	0.799126637554585	0.998937488402162	0.962680402497351	0.853816362080009	ko	4	IG-B	ST13	55.466
LV3003061570	grey	0.222085839031222	242	212	205	191	0.87603305785124	0.847107438016529	0.789256198347108	0.920212174042064	0.894914499795987	0.841935902667013	ko	4	IG-B	ST13	55.466
LV3003061570	yellow	0.0615433726007085	72	70	67	52	0.972222222222222	0.930555555555556	0.722222222222222	0.972124619348794	0.946056286182779	0.790683666298564	ko	4	IG-B	ST13	55.466
LV3003061570	blue	0.00108946371200264	2	1	1	1	0.5	0.5	0.5	0.801512287334594	0.801512287334594	0.801512287334594	ko	4	IG-B	ST13	55.466
LV3003061571	turquoise	0.762600634455215	219	219	209	177	1	0.954337899543379	0.808219178082192	1	0.960705510923652	0.907297074458168	ko	1	G-A	ST13	40.457
LV3003061571	grey	0.187266976732429	252	241	229	218	0.956349206349206	0.908730158730159	0.865079365079365	0.983785653424669	0.963108565258105	0.946953271974152	ko	1	G-A	ST13	40.457
LV3003061571	yellow	0.0455635529492057	68	66	62	48	0.970588235294118	0.911764705882353	0.705882352941177	0.980444506085087	0.941229499670608	0.786623210013523	ko	1	G-A	ST13	40.457
LV3003061571	blue	0.00157033985061234	8	7	6	5	0.875	0.75	0.625	0.883299798792757	0.763581488933602	0.596579476861167	ko	1	G-A	ST13	40.457
LV3003061571	brown	0.00240448415757744	8	8	5	8	1	0.625	1	1	0.473061760840999	1	ko	1	G-A	ST13	40.457
LV3003061571	green	0.000594011854959999	3	3	3	3	1	1	1	1	1	1	ko	1	G-A	ST13	40.457
LV3003061572	grey	0.20323545340841	454	400	382	351	0.881057268722467	0.841409691629956	0.773127753303965	0.933162053394884	0.906092413625543	0.850430741474989	ko	3	IG-A	ST13	19.099
LV3003061572	green	0.00605675701372988	27	27	27	20	1	1	0.740740740740741	1	1	0.780485689505638	ko	3	IG-A	ST13	19.099
LV3003061572	turquoise	0.657335163493042	231	231	222	185	1	0.961038961038961	0.800865800865801	1	0.955085020721753	0.767117222949442	ko	3	IG-A	ST13	19.099
LV3003061572	yellow	0.103679808200944	74	72	68	53	0.972972972972973	0.918918918918919	0.716216216216216	0.97988052956108	0.945751908841724	0.735503189424992	ko	3	IG-A	ST13	19.099
LV3003061572	blue	0.0245915891449046	124	102	92	77	0.82258064516129	0.741935483870968	0.620967741935484	0.836886401503824	0.767569530482334	0.57373862519759	ko	3	IG-A	ST13	19.099
LV3003061572	brown	0.00510122873897058	33	30	22	25	0.909090909090909	0.666666666666667	0.757575757575758	0.897229945422717	0.566573988260735	0.73617547111523	ko	3	IG-A	ST13	19.099
LV7001898064	grey	0.275741891502137	255	240	222	207	0.941176470588235	0.870588235294118	0.811764705882353	0.986390935404487	0.959427643364915	0.939504703076683	ko	3	IG-A	ST13	6.808
LV7001898064	turquoise	0.622768294921209	226	226	216	181	1	0.955752212389381	0.800884955752212	1	0.934236452372372	0.870714422846981	ko	3	IG-A	ST13	6.808
LV7001898064	yellow	0.0476383754162406	73	71	67	54	0.972602739726027	0.917808219178082	0.73972602739726	0.986636431685086	0.957157324644445	0.765664215578354	ko	3	IG-A	ST13	6.808
LV7001898064	blue	0.00611552479089646	33	32	31	23	0.96969696969697	0.939393939393939	0.696969696969697	0.976333390499057	0.952666780998113	0.733836391699537	ko	3	IG-A	ST13	6.808
LV7001898064	brown	0.044604210912714	66	62	37	55	0.939393939393939	0.560606060606061	0.833333333333333	0.976322039079217	0.537350984034424	0.884690446518846	ko	3	IG-A	ST13	6.808
LV7001898064	green	0.00313170245680275	16	16	16	12	1	1	0.75	1	1	0.725720026791695	ko	3	IG-A	ST13	6.808
LV7001898076	grey	0.23054960712167	535	472	445	416	0.882242990654206	0.831775700934579	0.777570093457944	0.950235233960196	0.917672695816006	0.877297127891398	ko	3	IG-A	ST13	6.429
LV7001898076	green	0.0085234907269221	47	44	40	30	0.936170212765957	0.851063829787234	0.638297872340426	0.975014872099941	0.934067023597065	0.728633749752132	ko	3	IG-A	ST13	6.429
LV7001898076	turquoise	0.644771312529683	230	230	220	184	1	0.956521739130435	0.8	1	0.942007511440497	0.813187814191786	ko	3	IG-A	ST13	6.429
LV7001898076	yellow	0.0753901318157925	76	74	70	55	0.973684210526316	0.921052631578947	0.723684210526316	0.983533328475908	0.951732139154023	0.742569540580985	ko	3	IG-A	ST13	6.429
LV7001898076	blue	0.0196713816573398	125	104	94	81	0.832	0.752	0.648	0.853313285361401	0.789109655246483	0.647127054022124	ko	3	IG-A	ST13	6.429
LV7001898076	brown	0.0210940761485923	70	66	39	54	0.942857142857143	0.557142857142857	0.771428571428571	0.958775690076519	0.542626497335844	0.781198669925083	ko	3	IG-A	ST13	6.429
LV7001898088	grey	0.314780869596273	339	299	288	255	0.882005899705015	0.849557522123894	0.752212389380531	0.976355609268828	0.96498168678859	0.951704916819791	ko	3	IG-A	ST13	6.031
LV7001898088	green	0.0176895133083804	54	50	47	36	0.925925925925926	0.87037037037037	0.666666666666667	0.936799139766069	0.88415370098093	0.614847813206346	ko	3	IG-A	ST13	6.031
LV7001898088	turquoise	0.630804341226826	220	219	209	174	0.995454545454546	0.95	0.790909090909091	0.999641226574342	0.892549512886612	0.884354955534865	ko	3	IG-A	ST13	6.031
LV7001898088	yellow	0.0330665679106662	75	73	69	55	0.973333333333333	0.92	0.733333333333333	0.980265552177129	0.948321808854087	0.798030077129877	ko	3	IG-A	ST13	6.031
LV7001898088	blue	0.00336057663566567	43	36	33	25	0.837209302325582	0.767441860465116	0.581395348837209	0.787917292364561	0.736513803858149	0.533441145893497	ko	3	IG-A	ST13	6.031
LV7001898088	brown	0.000298131322189122	3	3	2	3	1	0.666666666666667	1	1	0.588541666666667	1	ko	3	IG-A	ST13	6.031
LV7001898100	grey	0.309228560993737	205	192	180	149	0.936585365853659	0.878048780487805	0.726829268292683	0.993707533960549	0.979382446142131	0.955035987128154	ko	5	IG-C	ST13	5.659
LV7001898100	green	0.027060556506584	63	59	54	42	0.936507936507937	0.857142857142857	0.666666666666667	0.983831306632533	0.909432860623618	0.639932181313931	ko	5	IG-C	ST13	5.659
LV7001898100	turquoise	0.654652108943496	212	212	202	169	1	0.952830188679245	0.797169811320755	1	0.826823771195605	0.928073484596027	ko	5	IG-C	ST13	5.659
LV7001898100	yellow	0.00780420603711624	60	60	57	45	1	0.95	0.75	1	0.941288689896827	0.806696515475959	ko	5	IG-C	ST13	5.659
LV7001898100	blue	0.00125456751906766	22	21	21	13	0.954545454545455	0.954545454545455	0.590909090909091	0.948898038265924	0.948898038265924	0.505933640106563	ko	5	IG-C	ST13	5.659
LV7008886221	grey	0.288161059747603	189	181	169	162	0.957671957671958	0.894179894179894	0.857142857142857	0.991510135616287	0.965360087351447	0.899134397797224	ko	1	G-A	GeoB25202_R1	50.3555
LV7008886221	turquoise	0.670427159452342	218	218	208	176	1	0.954128440366972	0.807339449541285	1	0.955748420315189	0.904610163035716	ko	1	G-A	GeoB25202_R1	50.3555
LV7008886221	yellow	0.039963975877518	60	58	55	43	0.966666666666667	0.916666666666667	0.716666666666667	0.979176175262437	0.955442720219078	0.770880876312186	ko	1	G-A	GeoB25202_R1	50.3555
LV7008886221	green	0.0011764840000456	4	4	4	2	1	1	0.5	1	1	0.468992248062016	ko	1	G-A	GeoB25202_R1	50.3555
LV7008886221	brown	0.000271320922491136	1	1	1	1	1	1	1	1	1	1	ko	1	G-A	GeoB25202_R1	50.3555
LV7008886222	turquoise	0.423128871665771	183	182	174	147	0.994535519125683	0.950819672131147	0.80327868852459	0.998846838415322	0.935473088718236	0.800845651828764	ko	1	G-A	GeoB25202_R1	136.2775
LV7008886222	yellow	0.0672644471473425	53	52	50	37	0.981132075471698	0.943396226415094	0.69811320754717	0.988225399495374	0.97534693019344	0.82532590412111	ko	1	G-A	GeoB25202_R1	136.2775
LV7008886222	grey	0.499013520776172	111	104	99	95	0.936936936936937	0.891891891891892	0.855855855855856	0.990831343484515	0.882238739345157	0.962163349464689	ko	1	G-A	GeoB25202_R1	136.2775
LV7008886222	green	0.0101405821288151	18	18	18	11	1	1	0.611111111111111	1	1	0.543933054393305	ko	1	G-A	GeoB25202_R1	136.2775
LV7008886222	blue	0.000452578281899697	1	1	1	1	1	1	1	1	1	1	ko	1	G-A	GeoB25202_R1	136.2775
LV7008886226	grey	0.297773472289495	163	160	150	151	0.98159509202454	0.920245398773006	0.92638036809816	0.994584894373957	0.948724406804563	0.985428538446201	ko	1	G-A	GeoB25202_R2	36.607
LV7008886226	turquoise	0.662134966641146	201	201	192	162	1	0.955223880597015	0.805970149253731	1	0.980496633811026	0.851113685864838	ko	1	G-A	GeoB25202_R2	36.607
LV7008886226	yellow	0.0342885267417697	49	48	46	33	0.979591836734694	0.938775510204082	0.673469387755102	0.994759626338574	0.972658920027341	0.845431761221235	ko	1	G-A	GeoB25202_R2	36.607
LV7008886226	brown	0.00335776003499945	5	5	4	5	1	0.8	1	1	0.938576081898558	1	ko	1	G-A	GeoB25202_R2	36.607
LV7008886226	blue	0.00144060249058608	5	5	5	5	1	1	1	1	1	1	ko	1	G-A	GeoB25202_R2	36.607
LV7008886226	green	0.00100467180200309	5	5	4	3	1	0.8	0.6	1	0.794712286158632	0.606531881804044	ko	1	G-A	GeoB25202_R2	36.607
LV7008886228	grey	0.683185628742515	31	31	29	29	1	0.935483870967742	0.935483870967742	1	0.908109245170564	0.964449742313221	ko	2	IG-D	GeoB25202_R2	120.0235
LV7008886228	turquoise	0.273508982035928	44	44	41	36	1	0.931818181818182	0.818181818181818	1	0.921884578334355	0.828794115071372	ko	2	IG-D	GeoB25202_R2	120.0235
LV7008886228	yellow	0.0350179640718563	9	9	9	8	1	1	0.888888888888889	1	1	0.905608755129959	ko	2	IG-D	GeoB25202_R2	120.0235
LV7008886228	brown	0.0082874251497006	1	1	0	1	1	0	1	1	0	1	module_completeness	2	IG-D	GeoB25202_R2	120.0235
LV7008886229	grey	0.391540273616074	511	461	437	412	0.902152641878669	0.855185909980431	0.806262230919765	0.965111737734626	0.931855994625966	0.898766237316732	ko	4	IG-B	GeoB25202_R2	68.149
LV7008886229	green	0.0264104577522133	64	60	55	43	0.9375	0.859375	0.671875	0.960453940130855	0.855885588558856	0.640843031671588	ko	4	IG-B	GeoB25202_R2	68.149
LV7008886229	turquoise	0.55035931893407	236	235	225	189	0.995762711864407	0.953389830508475	0.800847457627119	0.999206735110654	0.940131423570109	0.875842236145649	ko	4	IG-B	GeoB25202_R2	68.149
LV7008886229	yellow	0.0290291775079116	75	73	69	54	0.973333333333333	0.92	0.72	0.977875523480918	0.951352490320542	0.813917349277004	ko	4	IG-B	GeoB25202_R2	68.149
LV7008886229	brown	0.00126921891809027	4	4	4	4	1	1	1	1	1	1	ko	4	IG-B	GeoB25202_R2	68.149
LV7008886229	blue	0.00139155327164114	13	11	11	7	0.846153846153846	0.846153846153846	0.538461538461538	0.82967032967033	0.82967032967033	0.487362637362637	ko	4	IG-B	GeoB25202_R2	68.149
LV7008886690	yellow	0.00426774585976884	14	14	13	13	1	0.928571428571429	0.928571428571429	1	0.953621120228327	0.938993935069568	ko	3	IG-A	GeoB25202_R1	2.324
LV7008886690	turquoise	0.432577075977448	132	132	125	106	1	0.946969696969697	0.803030303030303	1	0.941800915839232	0.951262006750883	ko	3	IG-A	GeoB25202_R1	2.324
LV7008886690	grey	0.461872722815768	96	94	83	86	0.979166666666667	0.864583333333333	0.895833333333333	0.997712228698014	0.968406339829637	0.987746907882592	ko	3	IG-A	GeoB25202_R1	2.324
LV7008886690	brown	0.10111192822026	59	57	34	50	0.966101694915254	0.576271186440678	0.847457627118644	0.981388064870725	0.565164360252375	0.947943802797814	ko	3	IG-A	GeoB25202_R1	2.324
LV7008886690	blue	0.000170527126754945	1	1	1	1	1	1	1	1	1	1	ko	3	IG-A	GeoB25202_R1	2.324
LV7008886692	turquoise	0.546948086972669	191	191	182	153	1	0.952879581151833	0.801047120418848	1	0.950150349198138	0.858542421107087	ko	1	G-A	GeoB25202_R1	53.875
LV7008886692	grey	0.41704614786061	99	97	92	90	0.97979797979798	0.929292929292929	0.909090909090909	0.995950386939468	0.648446941588042	0.986112583483515	ko	1	G-A	GeoB25202_R1	53.875
LV7008886692	yellow	0.0345644734864227	32	30	30	22	0.9375	0.9375	0.6875	0.965336403172167	0.965336403172167	0.801483755436173	ko	1	G-A	GeoB25202_R1	53.875
LV7008886692	green	0.00144129168029852	3	3	3	0	1	1	0	1	1	0	ko	1	G-A	GeoB25202_R1	53.875
LV7008886695	green	0.0187447608956605	48	48	44	34	1	0.916666666666667	0.708333333333333	1	0.923726388093875	0.596951917572982	ko	4	IG-B	GeoB25202_R1	95.3875
LV7008886695	grey	0.473287776876186	321	305	285	274	0.950155763239875	0.88785046728972	0.853582554517134	0.992082316701664	0.969349440746314	0.936247630220953	ko	4	IG-B	GeoB25202_R1	95.3875
LV7008886695	turquoise	0.489386329039224	225	225	215	179	1	0.955555555555556	0.795555555555556	1	0.944755045439098	0.892335646397211	ko	4	IG-B	GeoB25202_R1	95.3875
LV7008886695	yellow	0.0182216887184061	51	49	46	40	0.96078431372549	0.901960784313725	0.784313725490196	0.975563079640807	0.937214779920506	0.840939202119829	ko	4	IG-B	GeoB25202_R1	95.3875
LV7008886695	blue	0.0001381447032236	1	1	1	1	1	1	1	1	1	1	ko	4	IG-B	GeoB25202_R1	95.3875
LV7008886695	brown	0.000221299767299942	1	1	1	1	1	1	1	1	1	1	ko	4	IG-B	GeoB25202_R1	95.3875
LV7008886702	grey	0.3029915388091	210	198	183	168	0.942857142857143	0.871428571428572	0.8	0.990109452419265	0.967568945464974	0.96610002071152	ko	3	IG-A	GeoB25202_R2	2.324
LV7008886702	turquoise	0.592549826798534	225	224	214	178	0.995555555555556	0.951111111111111	0.791111111111111	0.999775154947569	0.931559121214294	0.901053513122479	ko	3	IG-A	GeoB25202_R2	2.324
LV7008886702	yellow	0.040969773737483	67	65	62	47	0.970149253731343	0.925373134328358	0.701492537313433	0.990385521726836	0.966160806862098	0.819610707889528	ko	3	IG-A	GeoB25202_R2	2.324
LV7008886702	blue	0.00191834622528934	12	11	11	8	0.916666666666667	0.916666666666667	0.666666666666667	0.939104177151485	0.939104177151485	0.610468042274786	ko	3	IG-A	GeoB25202_R2	2.324
LV7008886702	brown	0.0595034891309805	73	69	38	60	0.945205479452055	0.520547945205479	0.821917808219178	0.981114013596612	0.491587299011893	0.927603718787013	ko	3	IG-A	GeoB25202_R2	2.324
LV7008886702	green	0.00206702529861323	13	13	13	10	1	1	0.769230769230769	1	1	0.782811770200841	ko	3	IG-A	GeoB25202_R2	2.324
LV7008886703	grey	0.367758345041422	408	387	372	337	0.948529411764706	0.911764705882353	0.825980392156863	0.981508560688895	0.965375208034181	0.9204705634378	ko	1	G-A	GeoB25202_R1	27.6855
LV7008886703	turquoise	0.543255333236439	226	225	216	180	0.995575221238938	0.955752212389381	0.79646017699115	0.999354934601665	0.943225326991677	0.815145659928656	ko	1	G-A	GeoB25202_R1	27.6855
LV7008886703	yellow	0.0794002228574197	76	74	70	55	0.973684210526316	0.921052631578947	0.723684210526316	0.988040759045701	0.945349523054081	0.813818211401957	ko	1	G-A	GeoB25202_R1	27.6855
LV7008886703	blue	0.0055924293073656	24	22	21	15	0.916666666666667	0.875	0.625	0.889691019347387	0.84897487727404	0.587352006930407	ko	1	G-A	GeoB25202_R1	27.6855
LV7008886703	brown	0.000943106761623306	3	3	2	3	1	0.666666666666667	1	1	0.736301369863014	1	ko	1	G-A	GeoB25202_R1	27.6855
LV7008886703	green	0.00305056279573018	13	13	13	9	1	1	0.692307692307692	1	1	0.702488088935945	ko	1	G-A	GeoB25202_R1	27.6855
LV7008886704	grey	0.369361874353555	122	115	108	101	0.942622950819672	0.885245901639344	0.827868852459016	0.985420344554696	0.606765284795357	0.937176599500822	ko	1	G-A	GeoB25202_R2	53.875
LV7008886704	turquoise	0.578502795640899	201	200	191	162	0.995024875621891	0.950248756218905	0.805970149253731	0.998542462913779	0.954421195828205	0.839619096974801	ko	1	G-A	GeoB25202_R2	53.875
LV7008886704	yellow	0.0431300685044445	46	44	42	30	0.956521739130435	0.91304347826087	0.652173913043478	0.969415240246763	0.948909549048571	0.689547310800243	ko	1	G-A	GeoB25202_R2	53.875
LV7008886704	blue	0.00120669754613182	1	1	1	1	1	1	1	1	1	1	ko	1	G-A	GeoB25202_R2	53.875
LV7008886704	green	0.00779856395496995	13	13	12	8	1	0.923076923076923	0.615384615384615	1	0.941854877462758	0.561268620855358	ko	1	G-A	GeoB25202_R2	53.875
LV7008886705	turquoise	0.575860444326323	128	128	122	102	1	0.953125	0.796875	1	0.958378786607368	0.844298061592683	ko	2	IG-D	GeoB25202_R1	59.738
LV7008886705	grey	0.394396994334175	68	66	65	63	0.970588235294118	0.955882352941176	0.926470588235294	0.99304683431862	0.989585566820841	0.966612552455049	ko	2	IG-D	GeoB25202_R1	59.738
LV7008886705	yellow	0.0253693658866593	8	8	7	7	1	0.875	0.875	1	0.94952380952381	0.93	ko	2	IG-D	GeoB25202_R1	59.738
LV7008886705	brown	0.00159464585573287	1	1	1	1	1	1	1	1	1	1	ko	2	IG-D	GeoB25202_R1	59.738
LV7008886705	green	0.00277854959711031	2	2	2	1	1	1	0.5	1	1	0.556521739130435	ko	2	IG-D	GeoB25202_R1	59.738
LV7008886706	green	0.0270390276031611	63	60	55	43	0.952380952380952	0.873015873015873	0.682539682539683	0.978371686571512	0.888399359161084	0.59885668511506	ko	4	IG-B	GeoB25202_R1	79.0255
LV7008886706	grey	0.410592714309202	389	359	337	312	0.922879177377892	0.866323907455013	0.802056555269923	0.983179313552941	0.951101317360675	0.917229754031929	ko	4	IG-B	GeoB25202_R1	79.0255
LV7008886706	turquoise	0.532926002026155	233	232	222	187	0.995708154506438	0.952789699570815	0.802575107296137	0.999179755478458	0.933715375151025	0.871044259951007	ko	4	IG-B	GeoB25202_R1	79.0255
LV7008886706	yellow	0.0283563236610198	74	72	68	53	0.972972972972973	0.918918918918919	0.716216216216216	0.987153669884036	0.842753975418374	0.7044996875217	ko	4	IG-B	GeoB25202_R1	79.0255
LV7008886706	blue	0.0008004198019724	6	6	5	4	1	0.833333333333333	0.666666666666667	1	0.842558425584256	0.671586715867159	ko	4	IG-B	GeoB25202_R1	79.0255
LV7008886706	brown	0.00028551259848954	2	2	2	2	1	1	1	1	1	1	ko	4	IG-B	GeoB25202_R1	79.0255
LV7008886707	grey	0.503331827521897	280	275	262	249	0.982142857142857	0.935714285714286	0.889285714285714	0.996217901930861	0.980450429371152	0.949655839552434	ko	4	IG-B	GeoB25202_R2	95.3875
LV7008886707	green	0.0124132766866992	30	30	27	20	1	0.9	0.666666666666667	1	0.913338997451147	0.564004531294251	ko	4	IG-B	GeoB25202_R2	95.3875
LV7008886707	turquoise	0.46833137929398	212	211	201	172	0.995283018867925	0.94811320754717	0.811320754716981	0.999448274826694	0.924417404489617	0.899008020657792	ko	4	IG-B	GeoB25202_R2	95.3875
LV7008886707	yellow	0.015923516497424	38	37	35	30	0.973684210526316	0.921052631578947	0.789473684210526	0.981344519262612	0.954189204106414	0.836295396842919	ko	4	IG-B	GeoB25202_R2	95.3875
LV7008886708	green	0.0186353516490295	40	40	38	28	1	0.95	0.7	1	0.954258200421306	0.595044638378975	ko	4	IG-B	GeoB25202_R1	109.6305
LV7008886708	grey	0.626029299879802	269	264	246	239	0.981412639405205	0.91449814126394	0.888475836431227	0.996939339195867	0.946398124785381	0.940423117693605	ko	4	IG-B	GeoB25202_R1	109.6305
LV7008886708	turquoise	0.346274705533778	207	206	196	166	0.995169082125604	0.946859903381642	0.801932367149759	0.99869898510041	0.944477434679335	0.88273591017059	ko	4	IG-B	GeoB25202_R1	109.6305
LV7008886708	yellow	0.00833908152335448	20	20	19	16	1	0.95	0.8	1	0.97220354180677	0.848688634835239	ko	4	IG-B	GeoB25202_R1	109.6305
LV7008886708	blue	0.000444900560985959	2	1	1	1	0.5	0.5	0.5	0.483193277310924	0.483193277310924	0.483193277310924	ko	4	IG-B	GeoB25202_R1	109.6305
LV7008886708	brown	0.000276660853050092	1	1	0	1	1	0	1	1	0	1	module_completeness	4	IG-B	GeoB25202_R1	109.6305
LV7008886709	turquoise	0.556743531950144	192	192	183	153	1	0.953125	0.796875	1	0.950190311418685	0.773884083044983	ko	1	G-A	GeoB25202_R1	147.206
LV7008886709	yellow	0.0797356913059392	52	51	50	40	0.980769230769231	0.961538461538461	0.769230769230769	0.98924861077555	0.979826044938391	0.837641942498188	ko	1	G-A	GeoB25202_R1	147.206
LV7008886709	grey	0.358064112196344	135	132	127	122	0.977777777777778	0.940740740740741	0.903703703703704	0.989293448289776	0.975372240978116	0.946494142332576	ko	1	G-A	GeoB25202_R1	147.206
LV7008886709	blue	0.00242250862085573	4	4	4	4	1	1	1	1	1	1	ko	1	G-A	GeoB25202_R1	147.206
LV7008886709	green	0.00225876052322333	4	4	4	2	1	1	0.5	1	1	0.494669509594883	ko	1	G-A	GeoB25202_R1	147.206
LV7008886709	brown	0.000775395403494577	1	1	1	1	1	1	1	1	1	1	ko	1	G-A	GeoB25202_R1	147.206
LV7008886714	grey	0.281123266837477	156	150	142	123	0.961538461538461	0.91025641025641	0.788461538461538	0.99872668135083	0.981730563511834	0.984671166165727	ko	5	IG-C	GeoB25202_R1	0.692
LV7008886714	green	0.0115286274863083	55	53	48	37	0.963636363636364	0.872727272727273	0.672727272727273	0.990577095447128	0.924685711659121	0.598676196823792	ko	5	IG-C	GeoB25202_R1	0.692
LV7008886714	turquoise	0.699148951954999	222	221	211	177	0.995495495495495	0.95045045045045	0.797297297297297	0.999910183282949	0.832537299518287	0.908090212365375	ko	5	IG-C	GeoB25202_R1	0.692
LV7008886714	yellow	0.00709957421101858	54	54	51	37	1	0.944444444444444	0.685185185185185	1	0.952005971263295	0.588915842507931	ko	5	IG-C	GeoB25202_R1	0.692
LV7008886714	blue	0.00084336423637515	17	15	15	9	0.882352941176471	0.882352941176471	0.529411764705882	0.925227772541627	0.925227772541627	0.368206094879045	ko	5	IG-C	GeoB25202_R1	0.692
LV7008886714	brown	0.000256215273821794	1	1	1	1	1	1	1	1	1	1	ko	5	IG-C	GeoB25202_R1	0.692
LV7008886715	grey	0.276163883237691	420	397	379	354	0.945238095238095	0.902380952380952	0.842857142857143	0.97795328291279	0.951203623139906	0.92048278785445	ko	1	G-A	GeoB25202_R2	27.6855
LV7008886715	turquoise	0.646006488985606	232	231	221	186	0.995689655172414	0.952586206896552	0.801724137931035	0.99949833381974	0.960816628612521	0.884380251519782	ko	1	G-A	GeoB25202_R2	27.6855
LV7008886715	yellow	0.0682329282132863	76	74	70	55	0.973684210526316	0.921052631578947	0.723684210526316	0.988405901793293	0.960124970653568	0.834179112563885	ko	1	G-A	GeoB25202_R2	27.6855
LV7008886715	blue	0.00581125258616759	33	28	26	22	0.848484848484848	0.787878787878788	0.666666666666667	0.842027141645462	0.78392705682782	0.656912637828668	ko	1	G-A	GeoB25202_R2	27.6855
LV7008886715	brown	0.00110901766911595	4	4	3	4	1	0.75	1	1	0.755555555555556	1	ko	1	G-A	GeoB25202_R2	27.6855
LV7008886715	green	0.00267642930813317	15	15	14	10	1	0.933333333333333	0.666666666666667	1	0.947974217311234	0.680478821362799	ko	1	G-A	GeoB25202_R2	27.6855
LV7008886717	turquoise	0.631443093878688	197	196	187	158	0.99492385786802	0.949238578680203	0.802030456852792	0.99848774839914	0.946299315548625	0.873600970361444	ko	2	IG-D	GeoB25202_R2	59.738
LV7008886717	grey	0.313376569120894	125	120	115	107	0.96	0.92	0.856	0.986224408823996	0.96832248849389	0.941660053959689	ko	2	IG-D	GeoB25202_R2	59.738
LV7008886717	green	0.0169345693994072	21	21	19	14	1	0.904761904761905	0.666666666666667	1	0.895154185022027	0.662555066079295	ko	2	IG-D	GeoB25202_R2	59.738
LV7008886717	yellow	0.0366293990092904	28	27	27	23	0.964285714285714	0.964285714285714	0.821428571428571	0.980991174473863	0.980991174473863	0.868431771894094	ko	2	IG-D	GeoB25202_R2	59.738
LV7008886717	blue	0.000561998925736567	1	1	1	1	1	1	1	1	1	1	ko	2	IG-D	GeoB25202_R2	59.738
LV7008886717	brown	0.00105436966598365	1	1	1	1	1	1	1	1	1	1	ko	2	IG-D	GeoB25202_R2	59.738
LV7008886718	green	0.0207418439549313	51	50	46	36	0.980392156862745	0.901960784313725	0.705882352941177	0.990776216829857	0.891088406414077	0.583439761600681	ko	4	IG-B	GeoB25202_R2	79.0255
LV7008886718	grey	0.399791904588106	340	326	306	286	0.958823529411765	0.9	0.841176470588235	0.989431525784353	0.961904165915106	0.910854496663072	ko	4	IG-B	GeoB25202_R2	79.0255
LV7008886718	turquoise	0.541320331539847	224	223	214	179	0.995535714285714	0.955357142857143	0.799107142857143	0.999195269489567	0.94933188336845	0.887606878270917	ko	4	IG-B	GeoB25202_R2	79.0255
LV7008886718	yellow	0.0365094128589425	68	66	62	50	0.970588235294118	0.911764705882353	0.735294117647059	0.982465333763302	0.934537246049661	0.787487907126733	ko	4	IG-B	GeoB25202_R2	79.0255
LV7008886718	blue	0.000925686096754065	5	4	4	3	0.8	0.8	0.6	0.834658187599364	0.834658187599364	0.572337042925278	ko	4	IG-B	GeoB25202_R2	79.0255
LV7008886718	brown	0.000710820961418463	3	3	3	3	1	1	1	1	1	1	ko	4	IG-B	GeoB25202_R2	79.0255
LV7008886719	grey	0.552131968922435	204	202	190	187	0.990196078431373	0.931372549019608	0.916666666666667	0.998332964273628	0.974033516191972	0.938382348640259	ko	2	IG-D	GeoB25202_R1	87.2825
LV7008886719	turquoise	0.434389244652777	203	203	193	165	1	0.950738916256158	0.812807881773399	1	0.92323664673457	0.885670132656421	ko	2	IG-D	GeoB25202_R1	87.2825
LV7008886719	green	0.00391468433388082	8	8	6	4	1	0.75	0.5	1	0.610489098408957	0.374779021803182	ko	2	IG-D	GeoB25202_R1	87.2825
LV7008886719	blue	0.00027220551054681	1	1	1	1	1	1	1	1	1	1	ko	2	IG-D	GeoB25202_R1	87.2825
LV7008886719	yellow	0.00901507741709266	15	15	15	13	1	1	0.866666666666667	1	1	0.896366427840328	ko	2	IG-D	GeoB25202_R1	87.2825
LV7008886719	brown	0.000276819163267943	1	1	1	1	1	1	1	1	1	1	ko	2	IG-D	GeoB25202_R1	87.2825
LV7008886720	green	0.0182159725086512	49	48	44	33	0.979591836734694	0.897959183673469	0.673469387755102	0.992012012012012	0.924504504504505	0.566966966966967	ko	4	IG-B	GeoB25202_R2	109.6305
LV7008886720	grey	0.728237383114176	342	332	312	293	0.970760233918129	0.912280701754386	0.85672514619883	0.994868042900517	0.78600520106425	0.95343980842296	ko	4	IG-B	GeoB25202_R2	109.6305
LV7008886720	turquoise	0.244172803388937	213	212	202	171	0.995305164319249	0.948356807511737	0.802816901408451	0.999318941491697	0.93587744531369	0.846609493597154	ko	4	IG-B	GeoB25202_R2	109.6305
LV7008886720	yellow	0.00789577619188804	29	29	28	22	1	0.96551724137931	0.758620689655172	1	0.976167382568935	0.803935153110711	ko	4	IG-B	GeoB25202_R2	109.6305
LV7008886720	blue	0.000579847773548657	4	4	4	3	1	1	0.75	1	1	0.764150943396226	ko	4	IG-B	GeoB25202_R2	109.6305
LV7008886720	brown	0.000898217022798958	2	2	2	2	1	1	1	1	1	1	ko	4	IG-B	GeoB25202_R2	109.6305
LV7008886721	turquoise	0.566310592268841	210	209	200	167	0.995238095238095	0.952380952380952	0.795238095238095	0.999111894978454	0.953124315940234	0.799701046337818	ko	1	G-A	GeoB25202_R2	147.206
LV7008886721	yellow	0.0773045073635147	66	65	63	48	0.984848484848485	0.954545454545455	0.727272727272727	0.98959956015761	0.976037753138459	0.799642628058279	ko	1	G-A	GeoB25202_R2	147.206
LV7008886721	grey	0.340528019607704	168	162	151	146	0.964285714285714	0.898809523809524	0.869047619047619	0.981943751040107	0.958416541853886	0.926818106174072	ko	1	G-A	GeoB25202_R2	147.206
LV7008886721	green	0.0115535280408588	21	21	19	14	1	0.904761904761905	0.666666666666667	1	0.904046597179644	0.582158185162477	ko	1	G-A	GeoB25202_R2	147.206
LV7008886721	blue	0.00142382534409112	3	3	3	3	1	1	1	1	1	1	ko	1	G-A	GeoB25202_R2	147.206
LV7008886721	brown	0.00287952737499026	5	5	4	5	1	0.8	1	1	0.811808118081181	1	ko	1	G-A	GeoB25202_R2	147.206
LV7008886726	green	0.0151322342626497	54	53	49	37	0.981481481481481	0.907407407407407	0.685185185185185	0.995827993346604	0.929321299048346	0.649742317236114	ko	5	IG-C	GeoB25202_R2	0.692
LV7008886726	turquoise	0.692020060226895	206	206	196	165	1	0.951456310679612	0.800970873786408	1	0.808668711451591	0.919689323074428	ko	5	IG-C	GeoB25202_R2	0.692
LV7008886726	yellow	0.0055473442976321	46	46	44	33	1	0.956521739130435	0.717391304347826	1	0.949419815531092	0.753272835465635	ko	5	IG-C	GeoB25202_R2	0.692
LV7008886726	grey	0.286650062595368	136	131	121	107	0.963235294117647	0.889705882352941	0.786764705882353	0.998131559514436	0.971849597738295	0.979107438206873	ko	5	IG-C	GeoB25202_R2	0.692
LV7008886726	blue	0.000650298617455236	8	8	8	4	1	1	0.5	1	1	0.317258883248731	ko	5	IG-C	GeoB25202_R2	0.692
LV7008886727	grey	0.201587810599601	422	397	377	346	0.940758293838863	0.893364928909953	0.819905213270142	0.953884413022032	0.919491943439658	0.835901019401513	ko	3	IG-A	GeoB25202_R1	16.4375
LV7008886727	green	0.0071120855737273	22	22	22	15	1	1	0.681818181818182	1	1	0.75882558545963	ko	3	IG-A	GeoB25202_R1	16.4375
LV7008886727	turquoise	0.638578776104785	233	232	222	186	0.995708154506438	0.952789699570815	0.798283261802575	0.999394017250395	0.949642444225581	0.745523578178912	ko	3	IG-A	GeoB25202_R1	16.4375
LV7008886727	yellow	0.106514730046511	76	74	70	55	0.973684210526316	0.921052631578947	0.723684210526316	0.990750248941997	0.960713841175006	0.750847958675629	ko	3	IG-A	GeoB25202_R1	16.4375
LV7008886727	blue	0.0290457806845931	138	115	104	88	0.833333333333333	0.753623188405797	0.63768115942029	0.864890308960717	0.803041109177531	0.637035346475337	ko	3	IG-A	GeoB25202_R1	16.4375
LV7008886727	brown	0.0171608169907832	54	51	35	40	0.944444444444444	0.648148148148148	0.740740740740741	0.930854659584742	0.570835345243844	0.771801062288749	ko	3	IG-A	GeoB25202_R1	16.4375
LV7008886728	grey	0.33206542296461	180	171	160	149	0.95	0.888888888888889	0.827777777777778	0.984098199314719	0.675402784865495	0.941614420062696	ko	1	G-A	GeoB25202_R2	50.3555
LV7008886728	turquoise	0.611647224365667	206	205	195	164	0.995145631067961	0.946601941747573	0.796116504854369	0.999252948626613	0.936441264941027	0.858119607377503	ko	1	G-A	GeoB25202_R2	50.3555
LV7008886728	yellow	0.0542478023391282	59	57	54	42	0.966101694915254	0.915254237288136	0.711864406779661	0.973001617671668	0.943827745858203	0.804819545936297	ko	1	G-A	GeoB25202_R2	50.3555
LV7008886728	green	0.00111963445448081	3	3	3	2	1	1	0.666666666666667	1	1	0.651351351351351	ko	1	G-A	GeoB25202_R2	50.3555
LV7008886728	blue	0.000919915876113961	1	1	1	1	1	1	1	1	1	1	ko	1	G-A	GeoB25202_R2	50.3555
LV7008886730	green	0.0290848829403176	57	56	51	40	0.982456140350877	0.894736842105263	0.701754385964912	0.995835619976111	0.898569906704975	0.471575685185783	ko	4	IG-B	GeoB25202_R1	75.351
LV7008886730	grey	0.369101126232918	459	422	400	371	0.919389978213508	0.871459694989107	0.808278867102396	0.972969604159618	0.950568920386759	0.915495035778517	ko	4	IG-B	GeoB25202_R1	75.351
LV7008886730	turquoise	0.565734163963363	234	233	223	188	0.995726495726496	0.952991452991453	0.803418803418803	0.998906293047078	0.956135546637722	0.876182083121728	ko	4	IG-B	GeoB25202_R1	75.351
LV7008886730	yellow	0.0336480275666515	75	73	69	54	0.973333333333333	0.92	0.72	0.982643636465106	0.955632446912409	0.813851605882189	ko	4	IG-B	GeoB25202_R1	75.351
LV7008886730	brown	0.00111449643445644	3	3	3	3	1	1	1	1	1	1	ko	4	IG-B	GeoB25202_R1	75.351
LV7008886730	blue	0.0013173028622935	9	9	9	6	1	1	0.666666666666667	1	1	0.608695652173913	ko	4	IG-B	GeoB25202_R1	75.351
LV7008886731	grey	0.521976233279629	210	209	198	193	0.995238095238095	0.942857142857143	0.919047619047619	0.999145923872024	0.976212986724082	0.943158254347843	ko	2	IG-D	GeoB25202_R2	87.2825
LV7008886731	turquoise	0.460046322503323	200	199	189	161	0.995	0.945	0.805	0.999445613813681	0.929692112842378	0.899133264523341	ko	2	IG-D	GeoB25202_R2	87.2825
LV7008886731	yellow	0.01134631773422	23	23	22	18	1	0.956521739130435	0.782608695652174	1	0.979349415204678	0.815423976608187	ko	2	IG-D	GeoB25202_R2	87.2825
LV7008886731	brown	0.00121301094198075	1	1	1	1	1	1	1	1	1	1	ko	2	IG-D	GeoB25202_R2	87.2825
LV7008886731	green	0.00541811554084737	10	10	9	7	1	0.9	0.7	1	0.958668197474168	0.694986605434367	ko	2	IG-D	GeoB25202_R2	87.2825
LV7008886739	grey	0.20434609159764	533	484	461	428	0.908067542213884	0.864915572232645	0.803001876172608	0.941418905577788	0.907596770739765	0.838431311476778	ko	3	IG-A	GeoB25202_R2	16.4375
LV7008886739	green	0.00881856866185978	36	36	33	23	1	0.916666666666667	0.638888888888889	1	0.964557288310349	0.73095759762856	ko	3	IG-A	GeoB25202_R2	16.4375
LV7008886739	turquoise	0.650740241496258	233	232	222	186	0.995708154506438	0.952789699570815	0.798283261802575	0.999379969522445	0.947646722352972	0.742709183873968	ko	3	IG-A	GeoB25202_R2	16.4375
LV7008886739	yellow	0.103250788772606	76	74	70	55	0.973684210526316	0.921052631578947	0.723684210526316	0.988474874786725	0.95619461720513	0.739534371732071	ko	3	IG-A	GeoB25202_R2	16.4375
LV7008886739	blue	0.0270387612405779	133	110	99	85	0.827067669172932	0.744360902255639	0.639097744360902	0.831799075241698	0.768053804119378	0.608196721311475	ko	3	IG-A	GeoB25202_R2	16.4375
LV7008886739	brown	0.00580554823105809	36	33	22	25	0.916666666666667	0.611111111111111	0.694444444444445	0.910826155050901	0.531421299921692	0.69234534064213	ko	3	IG-A	GeoB25202_R2	16.4375
LV7008886740	grey	0.256270455488345	218	208	195	179	0.954128440366972	0.894495412844037	0.821100917431193	0.977065824581039	0.953092366267276	0.925781210964435	ko	1	G-A	GeoB25202_R1	43.105
LV7008886740	turquoise	0.580439047126372	220	219	209	174	0.995454545454546	0.95	0.790909090909091	0.999254360227839	0.942303365085528	0.843684784095371	ko	1	G-A	GeoB25202_R1	43.105
LV7008886740	yellow	0.064722573639758	71	69	65	51	0.971830985915493	0.915492957746479	0.71830985915493	0.986072092747201	0.952478930083488	0.786293673089859	ko	1	G-A	GeoB25202_R1	43.105
LV7008886740	blue	0.00231508750723465	6	6	5	3	1	0.833333333333333	0.5	1	0.714601769911505	0.548672566371681	ko	1	G-A	GeoB25202_R1	43.105
LV7008886740	green	0.0962528362382901	13	13	12	9	1	0.923076923076923	0.692307692307692	1	0.997232938672343	0.986829852334708	ko	1	G-A	GeoB25202_R1	43.105
LV7008886741	turquoise	0.483773377337734	49	49	48	43	1	0.979591836734694	0.877551020408163	1	0.986185332575327	0.942183058555998	ko	2	IG-D	GeoB25202_R1	58.997
LV7008886741	grey	0.457563256325633	33	32	29	28	0.96969696969697	0.878787878787879	0.848484848484848	0.983831219570836	0.872032217346878	0.898719721103564	ko	2	IG-D	GeoB25202_R1	58.997
LV7008886741	yellow	0.0534653465346535	7	7	6	5	1	0.857142857142857	0.714285714285714	1	0.766975308641975	0.587448559670782	ko	2	IG-D	GeoB25202_R1	58.997
LV7008886741	green	0.0051980198019802	1	1	1	1	1	1	1	1	1	1	ko	2	IG-D	GeoB25202_R1	58.997
LV7008886742	grey	0.356002603971805	559	508	484	449	0.908765652951699	0.865831842576029	0.803220035778175	0.968518335578821	0.945898114421074	0.902873032921439	ko	4	IG-B	GeoB25202_R2	75.351
LV7008886742	green	0.0321313658879694	56	55	50	40	0.982142857142857	0.892857142857143	0.714285714285714	0.996134230688619	0.906848932255886	0.515404857828183	ko	4	IG-B	GeoB25202_R2	75.351
LV7008886742	turquoise	0.570397030873528	235	234	224	188	0.995744680851064	0.953191489361702	0.8	0.998919046557085	0.956414225557203	0.870718492961996	ko	4	IG-B	GeoB25202_R2	75.351
LV7008886742	yellow	0.0372555035093758	76	74	70	55	0.973684210526316	0.921052631578947	0.723684210526316	0.983269396854727	0.95151539496676	0.821707606097732	ko	4	IG-B	GeoB25202_R2	75.351
LV7008886742	blue	0.0031300040406459	27	24	23	19	0.888888888888889	0.851851851851852	0.703703703703704	0.887640449438202	0.837915371742768	0.675830743485537	ko	4	IG-B	GeoB25202_R2	75.351
LV7008886742	brown	0.0010834917166759	5	5	5	5	1	1	1	1	1	1	ko	4	IG-B	GeoB25202_R2	75.351
LV7008886743	green	0.017225820645628	37	37	35	27	1	0.945945945945946	0.72972972972973	1	0.93083667063535	0.660244615218097	ko	4	IG-B	GeoB25202_R1	81.6705
LV7008886743	grey	0.511623094047499	227	216	206	202	0.951541850220264	0.907488986784141	0.889867841409692	0.992219586235045	0.976155856082389	0.951808809542031	ko	4	IG-B	GeoB25202_R1	81.6705
LV7008886743	turquoise	0.456785358705015	218	217	208	178	0.995412844036697	0.954128440366972	0.81651376146789	0.999306108287924	0.921088185473173	0.889879385293578	ko	4	IG-B	GeoB25202_R1	81.6705
LV7008886743	yellow	0.0139741883038188	29	28	27	23	0.96551724137931	0.931034482758621	0.793103448275862	0.984389593062041	0.966110740493662	0.838692461641094	ko	4	IG-B	GeoB25202_R1	81.6705
LV7008886743	brown	0.000391538298038953	1	1	0	1	1	0	1	1	0	1	module_completeness	4	IG-B	GeoB25202_R1	81.6705
LV7008886744	grey	0.625552561680746	216	211	195	192	0.976851851851852	0.902777777777778	0.888888888888889	0.995317074666217	0.928736759814216	0.951178012477582	ko	2	IG-D	GeoB25202_R1	105.5785
LV7008886744	turquoise	0.35549493225426	183	182	173	146	0.994535519125683	0.945355191256831	0.797814207650273	0.999069416159791	0.941804793181113	0.895680202840304	ko	2	IG-D	GeoB25202_R1	105.5785
LV7008886744	yellow	0.00493829528129105	7	7	7	6	1	1	0.857142857142857	1	1	0.888834951456311	ko	2	IG-D	GeoB25202_R1	105.5785
LV7008886744	green	0.0134652449490349	23	23	20	14	1	0.869565217391304	0.608695652173913	1	0.91899590528752	0.492255652483532	ko	2	IG-D	GeoB25202_R1	105.5785
LV7008886744	brown	0.000548965834667792	1	1	0	1	1	0	1	1	0	1	module_completeness	2	IG-D	GeoB25202_R1	105.5785
LV7008886745	grey	0.523979823320612	75	75	74	70	1	0.986666666666667	0.933333333333333	1	0.998471960474711	0.982211073193093	ko	2	IG-D	GeoB25202_R2	136.2775
LV7008886745	turquoise	0.423556806960421	153	153	147	122	1	0.96078431372549	0.797385620915033	1	0.970715647201525	0.790330965170681	ko	2	IG-D	GeoB25202_R2	136.2775
LV7008886745	yellow	0.0453574955296378	30	29	29	22	0.966666666666667	0.966666666666667	0.733333333333333	0.983524566048838	0.983524566048838	0.826860841423948	ko	2	IG-D	GeoB25202_R2	136.2775
LV7008886745	green	0.00710587418932985	7	7	7	3	1	1	0.428571428571429	1	1	0.52112676056338	ko	2	IG-D	GeoB25202_R2	136.2775
LV7008886751	grey	0.505619797816883	197	185	171	164	0.939086294416244	0.868020304568528	0.83248730964467	0.991053437288618	0.97736124461533	0.974285307415714	ko	3	IG-A	GeoB25202_R1	7.1335
LV7008886751	turquoise	0.387870453039947	209	208	198	165	0.995215311004785	0.947368421052632	0.789473684210526	0.999466297870761	0.913939371438118	0.866658003675583	ko	3	IG-A	GeoB25202_R1	7.1335
LV7008886751	yellow	0.0318521211946661	61	59	55	43	0.967213114754098	0.901639344262295	0.704918032786885	0.975134218705849	0.936366205142696	0.752415936705284	ko	3	IG-A	GeoB25202_R1	7.1335
LV7008886751	brown	0.073104173266899	78	74	45	63	0.948717948717949	0.576923076923077	0.807692307692308	0.981581798483207	0.552373682655373	0.85381168127647	ko	3	IG-A	GeoB25202_R1	7.1335
LV7008886751	blue	0.000903631807839636	4	4	4	3	1	1	0.75	1	1	0.758964143426295	ko	3	IG-A	GeoB25202_R1	7.1335
LV7008886751	green	0.000649822873765157	3	3	3	3	1	1	1	1	1	1	ko	3	IG-A	GeoB25202_R1	7.1335
LV7008886752	grey	0.41978536554602	196	189	179	172	0.964285714285714	0.913265306122449	0.877551020408163	0.993151842554976	0.840220092518983	0.96903305769604	ko	1	G-A	GeoB25202_R2	43.105
LV7008886752	turquoise	0.519865774633823	221	221	211	177	1	0.954751131221719	0.800904977375566	1	0.930033310250358	0.843906852610988	ko	1	G-A	GeoB25202_R2	43.105
LV7008886752	yellow	0.0530226984869427	66	64	61	46	0.96969696969697	0.924242424242424	0.696969696969697	0.978788779859253	0.952572108236693	0.792843691148776	ko	1	G-A	GeoB25202_R2	43.105
LV7008886752	blue	0.0006543092438918	2	2	2	2	1	1	1	1	1	1	ko	1	G-A	GeoB25202_R2	43.105
LV7008886752	green	0.00667185208932241	6	6	6	5	1	1	0.833333333333333	1	1	0.936195352500985	ko	1	G-A	GeoB25202_R2	43.105
LV7008886753	turquoise	0.721817171254823	171	171	163	138	1	0.953216374269006	0.807017543859649	1	0.964081078020609	0.776423961046314	ko	2	IG-D	GeoB25202_R2	58.997
LV7008886753	yellow	0.0412607075132414	25	25	24	22	1	0.96	0.88	1	0.972794506075013	0.917194928684628	ko	2	IG-D	GeoB25202_R2	58.997
LV7008886753	grey	0.220471239564943	102	97	92	84	0.950980392156863	0.901960784313725	0.823529411764706	0.975580820563519	0.950790904597133	0.870662382600099	ko	2	IG-D	GeoB25202_R2	58.997
LV7008886753	blue	0.00152575252294078	2	2	2	2	1	1	1	1	1	1	ko	2	IG-D	GeoB25202_R2	58.997
LV7008886753	green	0.0140151267464417	12	12	11	8	1	0.916666666666667	0.666666666666667	1	0.894634525660964	0.507387247278383	ko	2	IG-D	GeoB25202_R2	58.997
LV7008886753	brown	0.000910002397611107	1	1	1	1	1	1	1	1	1	1	ko	2	IG-D	GeoB25202_R2	58.997
LV7008886754	green	0.0483652707527194	63	59	55	43	0.936507936507937	0.873015873015873	0.682539682539683	0.956347617140569	0.866931226562785	0.596825281246587	ko	4	IG-B	GeoB25202_R1	71.8895
LV7008886754	grey	0.415870542297821	535	489	464	427	0.914018691588785	0.867289719626168	0.798130841121495	0.959708014362171	0.866927630241854	0.886842862949665	ko	4	IG-B	GeoB25202_R1	71.8895
LV7008886754	turquoise	0.496822986137707	234	233	223	187	0.995726495726496	0.952991452991453	0.799145299145299	0.999112172802008	0.945640520362432	0.853680407018265	ko	4	IG-B	GeoB25202_R1	71.8895
LV7008886754	yellow	0.0353481861042511	74	72	68	54	0.972972972972973	0.918918918918919	0.72972972972973	0.982913646666169	0.949687414381429	0.831577374280804	ko	4	IG-B	GeoB25202_R1	71.8895
LV7008886754	blue	0.00272227431403882	22	19	18	15	0.863636363636364	0.818181818181818	0.681818181818182	0.847024579560155	0.811448900388098	0.70019404915912	ko	4	IG-B	GeoB25202_R1	71.8895
LV7008886754	brown	0.000870740393461963	5	5	4	5	1	0.8	1	1	0.879676440849343	1	ko	4	IG-B	GeoB25202_R1	71.8895
LV7008886755	green	0.0277773848646729	55	53	49	38	0.963636363636364	0.890909090909091	0.690909090909091	0.98545886613104	0.888253932329976	0.611123684508317	ko	4	IG-B	GeoB25202_R2	81.6705
LV7008886755	grey	0.427744065833377	307	285	265	251	0.928338762214984	0.863192182410424	0.817589576547231	0.982440605227769	0.950647041100521	0.918170060478685	ko	4	IG-B	GeoB25202_R2	81.6705
LV7008886755	turquoise	0.523067928389229	220	220	210	178	1	0.954545454545455	0.809090909090909	1	0.915703666312114	0.871964520723287	ko	4	IG-B	GeoB25202_R2	81.6705
LV7008886755	yellow	0.0214106209127214	48	46	43	35	0.958333333333333	0.895833333333333	0.729166666666667	0.978712471555458	0.943918373339206	0.816193202671952	ko	4	IG-B	GeoB25202_R2	81.6705
LV7008886756	grey	0.568752381457669	227	223	209	200	0.982378854625551	0.920704845814978	0.881057268722467	0.99636618046133	0.968813602442334	0.931529850746269	ko	4	IG-B	GeoB25202_R2	105.5785
LV7008886756	turquoise	0.39837506209877	213	212	202	174	0.995305164319249	0.948356807511737	0.816901408450704	0.999176710595614	0.944173714064326	0.874399937042575	ko	4	IG-B	GeoB25202_R2	105.5785
LV7008886756	yellow	0.0202285234721291	31	30	29	24	0.967741935483871	0.935483870967742	0.774193548387097	0.987720553171197	0.972222222222222	0.873867429661421	ko	4	IG-B	GeoB25202_R2	105.5785
LV7008886756	green	0.0126440329714322	22	22	18	14	1	0.818181818181818	0.636363636363636	1	0.87831394239939	0.443257676902537	ko	4	IG-B	GeoB25202_R2	105.5785
LV7008886757	grey	0.693283220174588	47	47	45	42	1	0.957446808510638	0.893617021276596	1	0.950264069112658	0.935644083802595	ko	2	IG-D	GeoB25202_R1	123.1195
LV7008886757	turquoise	0.270441319107662	42	42	39	34	1	0.928571428571429	0.80952380952381	1	0.913476194745808	0.86084461579844	ko	2	IG-D	GeoB25202_R1	123.1195
LV7008886757	yellow	0.0362754607177498	8	8	8	7	1	1	0.875	1	1	0.886363636363636	ko	2	IG-D	GeoB25202_R1	123.1195
LV7008886763	grey	0.527880374862183	93	89	81	77	0.956989247311828	0.870967741935484	0.827956989247312	0.996364514528888	0.983049630577239	0.927035741325745	ko	3	IG-A	GeoB25202_R2	7.1335
LV7008886763	yellow	0.0208241455347299	25	24	23	18	0.96	0.92	0.72	0.982296492389146	0.834381204500331	0.568332230311052	ko	3	IG-A	GeoB25202_R2	7.1335
LV7008886763	turquoise	0.375458241455347	144	144	138	115	1	0.958333333333333	0.798611111111111	1	0.887889660741652	0.899167683738174	ko	3	IG-A	GeoB25202_R2	7.1335
LV7008886763	brown	0.0758372381477398	61	59	36	51	0.967213114754098	0.59016393442623	0.836065573770492	0.98982327018309	0.577574848939167	0.860933169778747	ko	3	IG-A	GeoB25202_R2	7.1335
LV7008886765	turquoise	0.508312186027241	224	223	214	181	0.995535714285714	0.955357142857143	0.808035714285714	0.999412949081823	0.941265798219441	0.847575382674721	ko	1	G-A	GeoB25202_R1	58.181
LV7008886765	grey	0.43200925302536	233	221	212	197	0.948497854077253	0.909871244635193	0.84549356223176	0.988925360353932	0.814750963322392	0.91727700870558	ko	1	G-A	GeoB25202_R1	58.181
LV7008886765	yellow	0.0513182848363334	69	67	63	50	0.971014492753623	0.91304347826087	0.72463768115942	0.972800230669422	0.935556730260945	0.781296554375511	ko	1	G-A	GeoB25202_R1	58.181
LV7008886765	brown	0.00209376826498376	4	4	4	4	1	1	1	1	1	1	ko	1	G-A	GeoB25202_R1	58.181
LV7008886765	green	0.00626650784608214	19	19	18	14	1	0.947368421052632	0.736842105263158	1	0.948445493900039	0.701692247146793	ko	1	G-A	GeoB25202_R1	58.181
LV7008886766	grey	0.397021868284667	504	451	424	385	0.89484126984127	0.841269841269841	0.763888888888889	0.954895293403463	0.926794530550214	0.885847947258271	ko	4	IG-B	GeoB25202_R2	71.8895
LV7008886766	green	0.0530122614081659	63	59	54	42	0.936507936507937	0.857142857142857	0.666666666666667	0.953645858171587	0.869934983388176	0.599996820703578	ko	4	IG-B	GeoB25202_R2	71.8895
LV7008886766	turquoise	0.517042935996292	233	232	222	186	0.995708154506438	0.952789699570815	0.798283261802575	0.998617877300754	0.949937168832481	0.848191423993846	ko	4	IG-B	GeoB25202_R2	71.8895
LV7008886766	blue	0.00390342560991025	25	20	19	16	0.8	0.76	0.64	0.827504317789292	0.804620034542314	0.559369602763385	ko	4	IG-B	GeoB25202_R2	71.8895
LV7008886766	yellow	0.0283950617283951	71	69	65	52	0.971830985915493	0.915492957746479	0.732394366197183	0.979551862294109	0.944917643567295	0.814779640896276	ko	4	IG-B	GeoB25202_R2	71.8895
LV7008886766	brown	0.000624446972569839	4	4	4	4	1	1	1	1	1	1	ko	4	IG-B	GeoB25202_R2	71.8895
LV7008886768	green	0.0334473979052822	52	51	47	36	0.980769230769231	0.903846153846154	0.692307692307692	0.993357863047737	0.906054379509724	0.489654513308167	ko	4	IG-B	GeoB25202_R1	102.2955
LV7008886768	grey	0.397435385163721	316	304	284	262	0.962025316455696	0.89873417721519	0.829113924050633	0.989906017380953	0.969625557481411	0.921001516108146	ko	4	IG-B	GeoB25202_R1	102.2955
LV7008886768	turquoise	0.536710305289218	231	230	220	185	0.995670995670996	0.952380952380952	0.800865800865801	0.999088751440577	0.948466809409088	0.867148298258205	ko	4	IG-B	GeoB25202_R1	102.2955
LV7008886768	yellow	0.0324069116417786	70	69	66	51	0.985714285714286	0.942857142857143	0.728571428571429	0.990136121522983	0.963700927204577	0.800749654764253	ko	4	IG-B	GeoB25202_R1	102.2955
LV7008886769	grey	0.617619942555229	93	92	89	87	0.989247311827957	0.956989247311828	0.935483870967742	0.997143677336013	0.977063298406775	0.966987225491603	ko	2	IG-D	GeoB25202_R2	123.1195
LV7008886769	turquoise	0.329961703485692	75	75	71	61	1	0.946666666666667	0.813333333333333	1	0.959538969936326	0.860616318744795	ko	2	IG-D	GeoB25202_R2	123.1195
LV7008886769	yellow	0.0432165526045176	16	16	16	15	1	1	0.9375	1	1	0.904615384615385	ko	2	IG-D	GeoB25202_R2	123.1195
LV7008886769	brown	0.00804935995177476	2	2	0	2	1	0	1	1	0	1	module_completeness	2	IG-D	GeoB25202_R2	123.1195
LV7008886769	blue	0.00115244140278714	1	1	1	1	1	1	1	1	1	1	ko	2	IG-D	GeoB25202_R2	123.1195
LV7008886776	grey	0.294479623315473	453	417	398	360	0.920529801324503	0.878587196467991	0.794701986754967	0.953469533168491	0.867796811447911	0.870905628528168	ko	1	G-A	GeoB25202_R1	36.607
LV7008886776	green	0.0109733098529981	35	35	32	24	1	0.914285714285714	0.685714285714286	1	0.907694058729797	0.699066697017983	ko	1	G-A	GeoB25202_R1	36.607
LV7008886776	turquoise	0.593008355502267	232	231	222	185	0.995689655172414	0.956896551724138	0.797413793103448	0.999227049477258	0.944541326526314	0.826635832891046	ko	1	G-A	GeoB25202_R1	36.607
LV7008886776	yellow	0.0934017760125895	76	74	70	55	0.973684210526316	0.921052631578947	0.723684210526316	0.984702610183997	0.953064826700899	0.831875802310655	ko	1	G-A	GeoB25202_R1	36.607
LV7008886776	blue	0.00753618844217968	32	29	28	21	0.90625	0.875	0.65625	0.925919787868744	0.890619821014253	0.693404043752072	ko	1	G-A	GeoB25202_R1	36.607
LV7008886776	brown	0.000600746874492613	1	1	1	1	1	1	1	1	1	1	ko	1	G-A	GeoB25202_R1	36.607
LV7008886778	grey	0.324013586933656	455	407	381	353	0.894505494505495	0.837362637362637	0.775824175824176	0.946567749047038	0.902715617614723	0.855761489650874	ko	4	IG-B	GeoB25202_R1	68.149
LV7008886778	green	0.0323984602971137	60	56	51	39	0.933333333333333	0.85	0.65	0.954778944938243	0.831207433914348	0.624379545192197	ko	4	IG-B	GeoB25202_R1	68.149
LV7008886778	turquoise	0.605532009981703	232	231	221	185	0.995689655172414	0.952586206896552	0.797413793103448	0.99897938859046	0.950419284460304	0.885830485863528	ko	4	IG-B	GeoB25202_R1	68.149
LV7008886778	yellow	0.0358522266695464	75	73	69	54	0.973333333333333	0.92	0.72	0.982527512647995	0.9565795650133	0.82227611745684	ko	4	IG-B	GeoB25202_R1	68.149
LV7008886778	blue	0.00206721100418211	17	14	14	10	0.823529411764706	0.823529411764706	0.588235294117647	0.821347806422433	0.821347806422433	0.530076888285844	ko	4	IG-B	GeoB25202_R1	68.149
LV7008886778	brown	0.000136505113799452	1	1	1	1	1	1	1	1	1	1	ko	4	IG-B	GeoB25202_R1	68.149
LV7008886780	green	0.03569975031141	56	55	50	38	0.982142857142857	0.892857142857143	0.678571428571429	0.993813008385415	0.895198015137716	0.509814390251563	ko	4	IG-B	GeoB25202_R2	102.2955
LV7008886780	grey	0.378224957422882	416	391	371	338	0.939903846153846	0.891826923076923	0.8125	0.98094224572616	0.958336174161017	0.912649736321785	ko	4	IG-B	GeoB25202_R2	102.2955
LV7008886780	turquoise	0.549423653256883	234	233	223	188	0.995726495726496	0.952991452991453	0.803418803418803	0.999136799874295	0.93862708326106	0.867816103681967	ko	4	IG-B	GeoB25202_R2	102.2955
LV7008886780	yellow	0.0347097412185745	74	72	68	54	0.972972972972973	0.918918918918919	0.72972972972973	0.984850442535048	0.952839330706118	0.81894825247109	ko	4	IG-B	GeoB25202_R2	102.2955
LV7008886780	brown	0.00107073463607916	3	3	3	3	1	1	1	1	1	1	ko	4	IG-B	GeoB25202_R2	102.2955
LV7008886780	blue	0.000871163154171212	6	6	6	3	1	1	0.5	1	1	0.463320463320463	ko	4	IG-B	GeoB25202_R2	102.2955
LV7008886781	grey	0.601938623657644	27	27	26	24	1	0.962962962962963	0.888888888888889	1	0.983028197247094	0.967192302552452	ko	2	IG-D	GeoB25202_R1	120.0235
LV7008886781	turquoise	0.366045931705748	34	34	32	29	1	0.941176470588235	0.852941176470588	1	0.891440501043842	0.880452697505769	ko	2	IG-D	GeoB25202_R1	120.0235
LV7008886781	yellow	0.0320154446366086	5	5	5	4	1	1	0.8	1	1	0.830402010050251	ko	2	IG-D	GeoB25202_R1	120.0235
